Regulator,Target,Weight,Sign
G063,G084,0.06887427,1
G001,G095,0.063012555,1
G001,G094,0.061928257,1
G036,G071,0.060788054,1
G058,G060,0.059699573,1
G096,G100,0.05920896,1
G040,G053,0.059071317,1
G004,G063,0.058885466,1
G007,G061,0.058004256,1
G006,G075,0.057810415,1
G002,G017,0.057226386,1
G034,G096,0.055167124,1
G046,G098,0.05509359,1
G040,G074,0.055002443,1
G021,G079,0.05458285,1
G005,G085,0.054232765,1
G028,G087,0.05195789,1
G033,G009,0.05174725,1
G005,G037,0.051283088,1
G012,G028,0.05036333,1
G021,G073,0.050134894,1
G028,G018,0.048309673,1
G029,G004,0.04781225,1
G068,G099,0.047581255,1
G034,G091,0.046471562,1
G084,G061,0.046423428,1
G046,G074,0.045951556,1
G079,G086,0.04544485,1
G084,G021,0.044638555,1
G077,G099,0.044388764,1
G038,G034,0.044228356,1
G006,G048,0.04393708,1
G008,G006,0.043416973,1
G081,G054,0.042618115,1
G026,G080,0.042421695,1
G033,G081,0.042014137,1
G043,G007,0.040910315,1
G007,G094,0.04030825,1
G011,G001,0.04007155,1
G049,G036,0.039444923,1
G050,G046,0.039444778,1
G078,G007,0.03935132,1
G017,G018,0.03924142,1
G010,G057,0.03913438,1
G067,G026,0.038803697,1
G077,G072,0.03879734,1
G006,G025,0.03809607,1
G032,G040,0.037307627,1
G037,G038,0.036962543,1
G023,G011,0.036951188,1
G079,G092,0.036816955,1
G004,G016,0.03633022,1
G035,G010,0.03615768,1
G019,G093,0.03612731,1
G089,G018,0.035266332,1
G100,G034,0.03475384,1
G093,G036,0.03425225,1
G096,G034,0.03348498,1
G012,G015,0.033302795,1
G035,G006,0.03309378,1
G076,G009,0.033025555,1
G056,G034,0.032811705,1
G037,G065,0.032188978,1
G072,G098,0.031195687,1
G019,G039,0.030624103,1
G044,G005,0.030497244,1
G016,G043,0.03009064,1
G010,G056,0.029647918,1
G005,G012,0.02917974,1
G071,G093,0.028179679,1
G020,G010,0.027826136,1
G007,G005,0.027792176,1
G047,G010,0.027294025,1
G054,G023,0.02719175,1
G026,G027,0.02699402,1
G004,G024,0.0268128,1
G100,G096,0.026622579,1
G026,G060,0.026411548,1
G016,G001,0.026408555,1
G047,G005,0.02606038,1
G015,G029,0.02473082,1
G049,G015,0.023419699,1
G071,G036,0.022368092,1
G010,G100,0.022071691,1
G019,G012,0.021651484,1
G039,G005,0.021277081,1
G078,G012,0.02100688,1
G084,G004,0.020314978,1
G095,G054,0.020272963,1
G007,G001,0.020158151,1
G031,G064,0.019444792,1
G013,G021,0.019155668,1
G048,G004,0.018754171,1
G005,G009,0.018593801,1
G010,G072,0.018238682,1
G017,G002,0.018227376,1
G004,G013,0.017853023,1
G026,G012,0.017851911,1
G054,G048,0.017477969,1
G057,G088,0.01737658,1
G083,G060,0.017169567,1
G063,G088,0.017145393,1
G019,G036,0.016684486,1
G068,G079,0.015350168,1
G057,G059,0.015256415,1
G087,G075,0.015141211,1
G061,G063,0.015100512,1
G026,G086,0.014877952,1
G094,G011,0.0147566125,1
G005,G019,0.014753918,1
G031,G053,0.014532316,1
G048,G036,0.0142323645,1
G018,G002,0.014206731,1
G014,G009,0.01360348,1
G028,G036,0.013244752,1
G005,G095,0.013161142,1
G081,G023,0.01281109,1
G059,G017,0.012591555,1
G089,G036,0.012522706,1
G096,G038,0.012511188,1
G015,G071,0.0122185275,1
G066,G054,0.012077823,1
G015,G012,0.011722711,1
G001,G096,0.011675997,1
G027,G053,0.011544746,1
G010,G015,0.011502912,1
G015,G026,0.011456611,1
G054,G028,0.011379334,1
G005,G034,0.011162665,1
G088,G096,0.010512311,1
G021,G063,0.010480961,1
G005,G001,0.010259392,1
G054,G089,0.010187864,1
G072,G007,0.010108962,1
G007,G018,0.009836328,1
G034,G038,0.009632544,1
G083,G059,0.009567555,1
G003,G070,0.009442146,1
G060,G030,0.009383507,1
G011,G026,0.00936421,1
G010,G018,0.00914547,1
G007,G063,0.009119678,1
G019,G097,0.00901762,1
G012,G003,0.00885073,1
G032,G042,0.008850629,1
G052,G004,0.008833911,1
G028,G075,0.00860128,1
G010,G017,0.008589802,1
G020,G100,0.008494736,1
G094,G016,0.008370195,1
G054,G001,0.008353928,1
G093,G066,0.008197953,1
G094,G001,0.007971339,1
G075,G005,0.007913697,1
G095,G011,0.007817419,1
G031,G021,0.0077839666,1
G063,G004,0.0077326195,1
G006,G005,0.0076493244,1
G033,G018,0.007599662,1
G015,G019,0.00759543,1
G027,G062,0.0075906836,1
G077,G005,0.00759052,1
G046,G032,0.007583577,1
G100,G043,0.007582642,1
G061,G016,0.0075456263,1
G033,G042,0.0075176707,1
G005,G041,0.0075046313,1
G006,G004,0.0075034425,1
G061,G043,0.0074019697,1
G014,G010,0.0073867654,1
G010,G024,0.0073670563,1
G005,G003,0.0072887423,1
G010,G088,0.0072296285,1
G086,G021,0.00718524,1
G010,G012,0.007153131,1
G005,G010,0.0071060597,1
G041,G017,0.007031679,1
G081,G048,0.007002004,1
G095,G023,0.0069531123,1
G051,G030,0.006693816,1
G059,G022,0.006655109,1
G003,G017,0.006622322,1
G061,G011,0.0064714504,1
G083,G021,0.0064665372,1
G061,G010,0.0064417142,1
G069,G034,0.0064354246,1
G041,G096,0.0063976683,1
G030,G021,0.006237812,1
G017,G096,0.0062377667,1
G065,G012,0.0061802687,1
G010,G059,0.005987258,1
G059,G058,0.0059601837,1
G027,G010,0.0059419693,1
G035,G018,0.005913572,1
G001,G011,0.00587155,1
G036,G033,0.005870696,1
G004,G011,0.005780843,1
G085,G083,0.0057642125,1
G100,G005,0.005752907,1
G048,G095,0.0057412623,1
G003,G006,0.0057062106,1
G059,G032,0.0056326953,1
G007,G034,0.0055940608,1
G012,G051,0.005435572,1
G100,G078,0.0054227,1
G047,G044,0.0053775925,1
G023,G006,0.005343099,1
G089,G095,0.005337156,1
G031,G013,0.005333395,1
G028,G095,0.0053189686,1
G058,G030,0.005255784,1
G054,G033,0.0052113365,1
G005,G023,0.005166616,1
G080,G010,0.005164009,1
G080,G067,0.0051530907,1
G057,G096,0.0050543677,1
G085,G047,0.004970219,1
G042,G047,0.004965823,1
G036,G082,0.0049347826,1
G060,G040,0.004860436,1
G071,G049,0.0048507834,1
G005,G059,0.004811808,1
G053,G032,0.0047968556,1
G030,G010,0.0047627143,1
G020,G018,0.0047404263,1
G005,G020,0.0047373823,1
G026,G090,0.004704378,1
G036,G010,0.0046884026,1
G005,G080,0.004661067,1
G012,G067,0.004639008,1
G063,G023,0.0046373717,1
G021,G005,0.004628878,1
G024,G090,0.004578689,1
G041,G012,0.004571596,1
G081,G012,0.004561123,1
G020,G007,0.0045212507,1
G004,G009,0.0044420245,1
G005,G045,0.0044415034,1
G033,G085,0.0044038305,1
G094,G043,0.004380257,1
G080,G007,0.0043785367,1
G074,G032,0.004342448,1
G040,G018,0.004311068,1
G005,G050,0.004290136,1
G033,G036,0.004280406,1
G063,G029,0.0042545903,1
G047,G018,0.0042493455,1
G010,G026,0.004238586,1
G036,G020,0.0041487687,1
G001,G032,0.0041430555,1
G087,G012,0.0040922547,1
G011,G003,0.0040706466,1
G081,G089,0.0039830096,1
G081,G028,0.00394912,1
G042,G040,0.003948058,1
G100,G072,0.0039328192,1
G003,G016,0.0038854321,1
G006,G068,0.0038810137,1
G042,G018,0.0038454172,1
G048,G081,0.003843521,1
G001,G050,0.0037311234,1
G020,G019,0.0036729411,1
G050,G091,0.0036560972,1
G089,G081,0.003637388,1
G082,G005,0.0036121442,1
G002,G078,0.0035876518,1
G038,G017,0.0035743562,1
G066,G023,0.0035718335,1
G003,G026,0.003561341,1
G024,G047,0.0035353554,1
G020,G015,0.0035182207,1
G013,G034,0.003515758,1
G096,G056,0.0035106633,1
G071,G080,0.0034987454,1
G047,G080,0.0034905088,1
G080,G018,0.003488287,1
G017,G056,0.0034078725,1
G077,G080,0.0033965474,1
G066,G012,0.0033956862,1
G082,G015,0.0033774967,1
G081,G001,0.0033630352,1
G019,G066,0.0033557338,1
G012,G017,0.0033461363,1
G032,G018,0.0033236379,1
G035,G042,0.0033158206,1
G017,G038,0.003302297,1
G001,G022,0.003280391,1
G006,G023,0.0032557328,1
G026,G067,0.0032355783,1
G094,G004,0.003234527,1
G026,G010,0.003226438,1
G044,G010,0.003201711,1
G032,G059,0.0031881542,1
G033,G012,0.003188128,1
G030,G005,0.0031847316,1
G080,G042,0.0031414672,1
G029,G001,0.003137783,1
G018,G047,0.0031319251,1
G061,G096,0.003102542,1
G012,G066,0.0030931223,1
G016,G003,0.0030922077,1
G100,G011,0.0030902175,1
G020,G085,0.003040785,1
G095,G048,0.0030350562,1
G036,G002,0.0030176705,1
G010,G085,0.002977537,1
G030,G058,0.0029749419,1
G074,G050,0.0029710834,1
G089,G034,0.0029538842,1
G036,G028,0.002925806,1
G001,G017,0.0029210995,1
G001,G043,0.0029078485,1
G001,G003,0.0029002747,1
G016,G023,0.0028797963,1
G011,G061,0.0028759392,1
G010,G007,0.0028611731,1
G040,G022,0.0028594732,1
G095,G016,0.0028508222,1
G071,G066,0.0028387727,1
G080,G085,0.002819632,1
G062,G100,0.0027731874,1
G029,G023,0.0027166926,1
G019,G004,0.0027117683,1
G089,G012,0.002703006,1
G003,G011,0.0026964573,1
G096,G063,0.002673348,1
G044,G034,0.002667297,1
G035,G017,0.0026669123,1
G001,G010,0.0026562081,1
G062,G047,0.0025895326,1
G029,G011,0.0025625832,1
G089,G002,0.0025521377,1
G042,G026,0.0025408512,1
G047,G042,0.0025405611,1
G044,G041,0.002534879,1
G028,G081,0.002518315,1
G001,G067,0.0025110715,1
G035,G024,0.0024952267,1
G041,G034,0.0024910546,1
G010,G009,0.0024733385,1
G066,G082,0.0024494263,1
G005,G062,0.0024220787,1
G020,G037,0.0024011624,1
G082,G019,0.0023963468,1
G091,G038,0.0023712246,1
G095,G028,0.0023558522,1
G049,G066,0.0023521618,1
G044,G080,0.0023520193,1
G058,G079,0.0023175492,1
G062,G007,0.0023124835,1
G019,G003,0.0023123268,1
G091,G050,0.002295332,1
G087,G018,0.0022539655,1
G013,G050,0.0022506905,1
G023,G063,0.0022448222,1
G001,G078,0.0022307106,1
G066,G049,0.0022273127,1
G097,G032,0.002220369,1
G092,G021,0.0022203291,1
G035,G085,0.002189665,1
G012,G002,0.0021693734,1
G089,G050,0.0021554618,1
G026,G042,0.002154016,1
G032,G019,0.0021504918,1
G067,G090,0.0021305494,1
G077,G020,0.0021274872,1
G066,G028,0.0020853786,1
G023,G005,0.0020823444,1
G078,G001,0.0020815819,1
G090,G011,0.0020681378,1
G019,G082,0.002062809,1
G089,G006,0.0020489704,1
G011,G012,0.002033996,1
G050,G011,0.0020248955,1
G068,G034,0.0020176845,1
G021,G004,0.0019998525,1
G075,G008,0.001998832,1
G077,G041,0.001972556,1
G005,G042,0.0019631481,1
G011,G050,0.0019548947,1
G004,G005,0.0019527016,1
G061,G078,0.0019518994,1
G007,G041,0.0019404134,1
G029,G009,0.0019334097,1
G005,G018,0.0019225096,1
G015,G072,0.0018831174,1
G077,G062,0.0018744136,1
G028,G005,0.0018737271,1
G068,G096,0.0018687922,1
G084,G043,0.001868688,1
G047,G041,0.0018576733,1
G019,G002,0.0018570361,1
G004,G029,0.0018263938,1
G050,G089,0.0018095925,1
G052,G063,0.0018031622,1
G021,G060,0.001795575,1
G066,G002,0.0017694671,1
G005,G083,0.0017678147,1
G088,G042,0.0017477502,1
G018,G012,0.0017446843,1
G007,G020,0.0017404465,1
G084,G063,0.0017298316,1
G095,G004,0.0017187311,1
G045,G047,0.0017178319,1
G088,G032,0.001716104,1
G023,G016,0.0017136149,1
G040,G010,0.0017130489,1
G003,G007,0.0016837651,1
G066,G020,0.0016812178,1
G044,G038,0.0016745349,1
G059,G026,0.0016727459,1
G042,G020,0.0016701152,1
G054,G018,0.0016633094,1
G042,G035,0.0016515873,1
G016,G050,0.0016486746,1
G098,G050,0.0016408769,1
G050,G016,0.0016188353,1
G041,G047,0.0016179867,1
G059,G053,0.0016161775,1
G083,G022,0.0015968984,1
G020,G024,0.001588253,1
G068,G017,0.0015855015,1
G084,G001,0.0015819087,1
G039,G041,0.0015796805,1
G061,G034,0.0015795851,1
G066,G048,0.0015775565,1
G026,G030,0.0015767603,1
G056,G017,0.0015692653,1
G012,G011,0.00155533,1
G095,G089,0.001541414,1
G078,G003,0.0015296608,1
G066,G010,0.0015274729,1
G050,G032,0.0015268911,1
G045,G100,0.001524748,1
G090,G067,0.0015154106,1
G018,G026,0.0015051111,1
G005,G082,0.0014809534,1
G009,G018,0.0014797348,1
G020,G042,0.0014710635,1
G100,G061,0.0014612516,1
G018,G034,0.0014505327,1
G082,G078,0.0014458303,1
G085,G035,0.0014401994,1
G004,G003,0.0014322081,1
G050,G013,0.0014254798,1
G016,G061,0.0014195095,1
G062,G026,0.0014164264,1
G045,G007,0.0014149657,1
G026,G018,0.0014149385,1
G044,G020,0.0013980479,1
G001,G018,0.0013922723,1
G047,G024,0.0013836541,1
G004,G002,0.001377788,1
G028,G042,0.001371294,1
G047,G017,0.0013548629,1
G002,G019,0.0013351837,1
G039,G080,0.001308147,1
G034,G039,0.0012865062,1
G088,G017,0.0012767991,1
G046,G089,0.0012763181,1
G075,G028,0.0012759332,1
G062,G039,0.0012732552,1
G020,G039,0.0012679909,1
G019,G051,0.0012629939,1
G018,G035,0.0012552909,1
G096,G041,0.0012300471,1
G027,G040,0.001218744,1
G019,G017,0.001211177,1
G019,G063,0.0012011641,1
G011,G022,0.001195413,1
G011,G005,0.0011911504,1
G013,G026,0.0011880139,1
G100,G004,0.0011792192,1
G044,G062,0.0011707129,1
G090,G080,0.0011654297,1
G080,G044,0.0011511408,1
G047,G003,0.001143328,1
G048,G012,0.0011421,1
G035,G080,0.0011358438,1
G075,G018,0.0011246117,1
G040,G032,0.0010915213,1
G047,G045,0.0010885725,1
G017,G047,0.0010782359,1
G071,G001,0.0010770917,1
G093,G082,0.0010626962,1
G070,G041,0.0010624767,1
G001,G072,0.0010564895,1
G090,G004,0.0010542916,1
G004,G037,0.0010513178,1
G044,G050,0.0010499079,1
G052,G016,0.0010360162,1
G088,G004,0.0010350636,1
G040,G050,0.0010321143,1
G061,G042,0.0010295971,1
G027,G042,0.0010270462,1
G080,G039,0.0010218078,1
G044,G045,0.0010202358,1
G011,G090,0.001019886,1
G051,G019,0.0010189327,1
G014,G018,0.0010070624,1
G024,G035,0.0010013588,1
G024,G023,0.00097424246,1
G020,G004,0.00096465106,1
G048,G011,0.00096289365,1
G034,G037,0.0009600017,1
G033,G024,0.0009536124,1
G018,G078,0.00095012994,1
G047,G062,0.0009497716,1
G043,G032,0.00094046764,1
G009,G063,0.00093485747,1
G028,G010,0.0009314942,1
G088,G018,0.00092797895,1
G011,G041,0.00092233164,1
G018,G043,0.0009108194,1
G009,G016,0.00091013237,1
G030,G085,0.0009091726,1
G080,G047,0.00090453663,1
G024,G020,0.0008608801,1
G035,G012,0.0008521831,1
G099,G037,0.0008468475,1
G059,G002,0.0008294471,1
G100,G016,0.00080526463,1
G017,G077,0.00079660054,1
G045,G039,0.00079426746,1
G085,G044,0.000788433,1
G066,G089,0.0007819316,1
G015,G066,0.0007773281,1
G003,G084,0.0007709354,1
G016,G022,0.00076458754,1
G081,G018,0.0007643689,1
G030,G026,0.00075861375,1
G006,G085,0.0007537138,1
G003,G063,0.00074977236,1
G029,G003,0.0007415714,1
G051,G005,0.0007410762,1
G088,G010,0.00073935464,1
G039,G010,0.0007333561,1
G044,G003,0.0007256119,1
G061,G095,0.0007172975,1
G028,G085,0.0007157006,1
G067,G001,0.0007155673,1
G041,G039,0.0007091395,1
G040,G085,0.0007061836,1
G078,G082,0.000705782,1
G047,G050,0.000702705,1
G040,G042,0.0006999034,1
G018,G022,0.00069462624,1
G041,G002,0.00069322315,1
G071,G082,0.0006883237,1
G009,G029,0.00068552163,1
G039,G062,0.0006827771,1
G059,G042,0.0006804148,1
G014,G042,0.00067530136,1
G089,G004,0.00066608045,1
G020,G033,0.00065964065,1
G028,G002,0.00065772707,1
G085,G058,0.00064876815,1
G008,G005,0.0006479838,1
G095,G007,0.00064571254,1
G013,G063,0.00064556993,1
G061,G024,0.0006391097,1
G018,G039,0.0006357621,1
G050,G039,0.00063498376,1
G039,G020,0.0006337119,1
G019,G020,0.0006302659,1
G080,G100,0.00062966335,1
G046,G010,0.0006292245,1
G041,G044,0.000629037,1
G077,G085,0.00062606455,1
G001,G024,0.0006244036,1
G032,G022,0.0006178376,1
G035,G005,0.0006172341,1
G089,G066,0.000607498,1
G050,G044,0.00060415216,1
G016,G029,0.0006005214,1
G007,G045,0.00058834726,1
G050,G047,0.0005845793,1
G088,G085,0.0005763824,1
G046,G042,0.0005762746,1
G036,G080,0.00056994625,1
G085,G076,0.0005667843,1
G062,G044,0.0005518557,1
G042,G015,0.00053593336,1
G010,G096,0.00053493306,1
G058,G004,0.00053227344,1
G011,G020,0.00053133356,1
G047,G085,0.0005305693,1
G027,G018,0.0005279746,1
G061,G094,0.00052593765,1
G091,G041,0.00051527144,1
G037,G044,0.00051278254,1
G022,G018,0.0005115468,1
G004,G090,0.0005022673,1
G096,G068,0.00049293786,1
G085,G020,0.0004851409,1
G067,G039,0.00048427886,1
G062,G037,0.0004803582,1
G078,G042,0.0004772043,1
G082,G041,0.0004757023,1
G051,G078,0.0004720351,1
G030,G042,0.0004712905,1
G020,G044,0.00047112902,1
G037,G028,0.00046971545,1
G061,G032,0.00046960378,1
G020,G078,0.00046903986,1
G085,G057,0.00046458302,1
G039,G045,0.00046240145,1
G084,G042,0.00046116931,1
G089,G074,0.00045999954,1
G051,G023,0.00045799487,1
G037,G099,0.00044953538,1
G089,G098,0.00044813642,1
G085,G014,0.00044599606,1
G062,G012,0.00044257965,1
G060,G088,0.00043956877,1
G026,G002,0.00043911015,1
G060,G017,0.00043820756,1
G062,G019,0.0004379765,1
G051,G041,0.00043705344,1
G038,G003,0.0004368349,1
G073,G063,0.00043525666,1
G011,G085,0.00043440514,1
G029,G017,0.00043426873,1
G060,G078,0.00043400333,1
G012,G037,0.00043279113,1
G090,G005,0.0004318762,1
G077,G065,0.00042525126,1
G056,G030,0.0004246599,1
G015,G003,0.00042366082,1
G093,G029,0.00042198336,1
G096,G007,0.00042026068,1
G049,G004,0.0004200475,1
G097,G040,0.00041999784,1
G061,G085,0.00041774678,1
G085,G002,0.00041506786,1
G085,G043,0.00041422682,1
G051,G089,0.00041278987,1
G051,G050,0.0004108673,1
G056,G041,0.00040946808,1
G052,G013,0.0004078306,1
G094,G063,0.00040731532,1
G023,G075,0.00040648,1
G029,G043,0.00040538187,1
G085,G081,0.0004049134,1
G038,G041,0.00040092846,1
G078,G051,0.00039999682,1
G089,G042,0.00039995293,1
G029,G008,0.00039797966,1
G002,G063,0.00039739092,1
G021,G085,0.00039531005,1
G057,G053,0.00039499524,1
G029,G055,0.0003917433,1
G004,G042,0.00039171876,1
G079,G084,0.00039127126,1
G074,G057,0.0003887076,1
G009,G054,0.00038856216,1
G023,G013,0.0003858084,1
G009,G030,0.00038451588,1
G032,G050,0.00038417292,1
G093,G072,0.0003840828,1
G051,G043,0.00038397178,1
G061,G066,0.00038394396,1
G060,G014,0.00038342367,1
G077,G008,0.0003822044,1
G060,G070,0.00037994536,1
G061,G023,0.00037824066,1
G001,G042,0.00037789505,1
G003,G037,0.00037469616,1
G009,G031,0.00037441772,1
G091,G074,0.00037317403,1
G079,G063,0.0003721873,1
G042,G044,0.00037199623,1
G013,G100,0.00037179003,1
G029,G025,0.00037144066,1
G085,G087,0.0003703073,1
G085,G090,0.00036975587,1
G029,G045,0.00036918404,1
G009,G077,0.000368502,1
G051,G066,0.00036795213,1
G037,G072,0.00036793613,1
G060,G044,0.00036751697,1
G032,G016,0.00036679584,1
G061,G069,0.0003661286,1
G060,G064,0.0003648984,1
G003,G075,0.00036479568,1
G060,G045,0.00036355123,1
G060,G099,0.0003579275,1
G024,G043,0.00035503443,1
G044,G017,0.0003545711,1
G060,G068,0.000353891,1
G061,G025,0.00035264017,1
G051,G070,0.00035201595,1
G013,G005,0.00035128946,1
G029,G048,0.0003501376,1
G027,G085,0.00034949832,1
G043,G042,0.00034930673,1
G029,G014,0.000347328,1
G060,G055,0.00034676568,1
G069,G030,0.00034636122,1
G060,G065,0.0003459533,1
G082,G001,0.0003444021,1
G009,G045,0.0003441818,1
G085,G064,0.00034397433,1
G029,G059,0.00034299173,1
G074,G009,0.00034275773,1
G014,G076,0.00034174437,1
G085,G052,0.00034166928,1
G029,G032,0.00034159073,1
G077,G059,0.00034156858,1
G077,G022,0.00034148627,1
G039,G038,0.00034136884,1
G096,G089,0.0003404978,1
G010,G023,0.00033951848,1
G093,G020,0.00033885264,1
G029,G035,0.00033826125,1
G074,G033,0.00033798427,1
G069,G004,0.00033713982,1
G042,G019,0.00033583774,1
G060,G092,0.00033537933,1
G085,G056,0.0003347253,1
G060,G069,0.00033443255,1
G061,G068,0.0003343813,1
G028,G004,0.0003341539,1
G061,G060,0.00033331427,1
G061,G029,0.00033263667,1
G061,G065,0.00033254744,1
G084,G024,0.00033220527,1
G010,G011,0.00033201417,1
G042,G001,0.00033094117,1
G060,G085,0.000330076,1
G047,G030,0.00032997082,1
G088,G100,0.00032976852,1
G060,G041,0.00032904878,1
G056,G003,0.00032768387,1
G099,G032,0.00032743736,1
G020,G023,0.0003264601,1
G082,G028,0.00032595632,1
G001,G039,0.00032385613,1
G018,G037,0.00032366946,1
G026,G061,0.00032307187,1
G024,G002,0.00032239023,1
G061,G027,0.00032201482,1
G085,G032,0.00032026655,1
G075,G085,0.00031950336,1
G092,G004,0.0003187419,1
G060,G049,0.00031834817,1
G060,G095,0.00031789375,1
G044,G018,0.0003177538,1
G029,G089,0.00031616562,1
G076,G030,0.00031510618,1
G051,G008,0.0003144604,1
G061,G055,0.0003144145,1
G085,G069,0.00031372733,1
G060,G067,0.00031360154,1
G060,G086,0.00031304255,1
G044,G024,0.00031173835,1
G077,G013,0.00031161416,1
G009,G079,0.00031073292,1
G009,G060,0.00031052477,1
G007,G038,0.0003102686,1
G085,G004,0.00030977363,1
G085,G093,0.00030759146,1
G003,G039,0.00030670717,1
G018,G084,0.00030509953,1
G032,G076,0.00030506743,1
G003,G047,0.00030342114,1
G015,G030,0.00030319928,1
G060,G043,0.00030301634,1
G085,G097,0.00030292931,1
G096,G075,0.00030287428,1
G048,G066,0.00030262768,1
G042,G039,0.00030207724,1
G005,G008,0.0003020419,1
G009,G098,0.0003017734,1
G061,G075,0.00030109278,1
G085,G025,0.00030048325,1
G069,G035,0.00029989917,1
G030,G041,0.00029969643,1
G080,G011,0.00029926017,1
G051,G056,0.0002992317,1
G048,G008,0.00029791286,1
G060,G087,0.00029775704,1
G085,G009,0.0002974173,1
G032,G088,0.00029677243,1
G029,G044,0.00029675756,1
G018,G019,0.00029528583,1
G056,G004,0.0002946057,1
G096,G032,0.00029330584,1
G047,G020,0.00029311387,1
G060,G089,0.00029220493,1
G009,G013,0.00029182318,1
G069,G090,0.00029169384,1
G033,G056,0.0002912445,1
G056,G089,0.00028907773,1
G096,G066,0.00028903713,1
G096,G030,0.00028816462,1
G056,G039,0.00028813354,1
G023,G009,0.00028775545,1
G096,G008,0.00028663696,1
G061,G049,0.00028646993,1
G009,G032,0.000285995,1
G002,G029,0.00028500138,1
G061,G059,0.0002837634,1
G009,G053,0.0002830999,1
G004,G036,0.0002830869,1
G060,G031,0.00028277704,1
G018,G048,0.0002822277,1
G060,G025,0.0002821044,1
G001,G075,0.0002820851,1
G061,G014,0.00028167584,1
G060,G090,0.0002814629,1
G051,G052,0.0002806703,1
G096,G018,0.00028056116,1
G096,G042,0.0002803873,1
G060,G032,0.0002792692,1
G082,G004,0.0002792362,1
G062,G085,0.0002789473,1
G042,G034,0.00027868134,1
G059,G003,0.00027833693,1
G060,G076,0.0002780222,1
G012,G089,0.00027729254,1
G061,G005,0.00027716788,1
G070,G023,0.0002769033,1
G099,G029,0.00027549226,1
G060,G024,0.00027479194,1
G009,G027,0.00027427982,1
G056,G090,0.00027398873,1
G060,G047,0.00027372054,1
G031,G066,0.00027359728,1
G001,G013,0.0002735912,1
G096,G024,0.00027344542,1
G027,G023,0.00027316812,1
G093,G032,0.00027315592,1
G096,G050,0.00027289655,1
G069,G042,0.0002728634,1
G060,G053,0.00027273607,1
G029,G062,0.00027261558,1
G014,G024,0.00027249023,1
G061,G099,0.00027205242,1
G061,G064,0.00026984172,1
G085,G078,0.00026971678,1
G061,G057,0.0002695928,1
G032,G090,0.00026950758,1
G018,G054,0.00026936852,1
G029,G050,0.00026916296,1
G003,G029,0.00026910746,1
G085,G036,0.0002690959,1
G091,G068,0.00026900027,1
G019,G013,0.00026831374,1
G074,G048,0.00026797483,1
G036,G001,0.00026782442,1
G039,G050,0.00026724595,1
G096,G014,0.00026721993,1
G060,G042,0.00026687636,1
G070,G030,0.00026661775,1
G013,G023,0.00026627866,1
G024,G072,0.000265586,1
G023,G042,0.00026550225,1
G067,G013,0.00026548852,1
G094,G078,0.00026542725,1
G051,G085,0.00026529763,1
G039,G056,0.00026507178,1
G003,G096,0.00026456,1
G029,G051,0.00026449107,1
G084,G010,0.00026400105,1
G077,G090,0.00026332348,1
G060,G062,0.0002631697,1
G051,G055,0.0002627667,1
G009,G093,0.00026249365,1
G021,G041,0.00026243692,1
G061,G067,0.00026103194,1
G013,G029,0.00026001254,1
G023,G036,0.0002593286,1
G076,G023,0.00025913556,1
G042,G043,0.00025906818,1
G061,G048,0.00025901667,1
G099,G039,0.00025852822,1
G011,G082,0.00025843104,1
G085,G055,0.00025839117,1
G085,G066,0.00025756957,1
G033,G004,0.000257358,1
G084,G085,0.00025720833,1
G074,G022,0.0002570043,1
G009,G046,0.00025658408,1
G093,G030,0.00025653388,1
G096,G025,0.00025591324,1
G009,G091,0.0002556664,1
G029,G065,0.00025549516,1
G001,G033,0.00025547904,1
G062,G023,0.00025462333,1
G099,G031,0.0002546201,1
G060,G066,0.00025455462,1
G015,G090,0.0002544355,1
G060,G098,0.00025406718,1
G032,G028,0.00025402807,1
G012,G044,0.00025349887,1
G037,G010,0.00025318458,1
G003,G043,0.0002529361,1
G012,G077,0.00025280943,1
G060,G052,0.00025255862,1
G032,G044,0.00025251228,1
G013,G074,0.00025206522,1
G061,G088,0.0002517649,1
G051,G064,0.00025157325,1
G029,G086,0.00025118495,1
G018,G072,0.0002509823,1
G060,G008,0.00025083576,1
G061,G051,0.00025039812,1
G099,G075,0.00024995703,1
G003,G100,0.0002498295,1
G060,G072,0.00024868324,1
G011,G062,0.0002486175,1
G019,G016,0.0002485484,1
G009,G021,0.00024826586,1
G099,G062,0.00024732013,1
G075,G080,0.00024672138,1
G009,G048,0.00024603147,1
G060,G035,0.00024568508,1
G061,G047,0.00024469136,1
G009,G024,0.00024445538,1
G061,G044,0.00024404631,1
G009,G039,0.0002435604,1
G060,G009,0.00024352186,1
G013,G064,0.00024332857,1
G095,G063,0.00024288349,1
G056,G063,0.00024284158,1
G099,G018,0.00024273642,1
G061,G045,0.00024263206,1
G096,G070,0.00024242459,1
G015,G004,0.00024115268,1
G027,G076,0.00024065975,1
G044,G042,0.0002403273,1
G009,G086,0.00024016574,1
G051,G027,0.0002390269,1
G061,G090,0.00023744215,1
G070,G004,0.00023699697,1
G053,G021,0.0002368784,1
G028,G019,0.00023682666,1
G027,G024,0.00023603486,1
G041,G091,0.00023593416,1
G010,G076,0.00023578256,1
G053,G022,0.0002357547,1
G077,G051,0.00023568304,1
G076,G042,0.00023564429,1
G061,G073,0.00023539779,1
G099,G086,0.00023536624,1
G085,G065,0.00023534447,1
G004,G012,0.00023517963,1
G029,G052,0.00023482426,1
G073,G076,0.00023474377,1
G061,G091,0.0002345228,1
G051,G024,0.00023420538,1
G004,G020,0.00023371543,1
G015,G083,0.00023351601,1
G051,G080,0.000233433,1
G032,G098,0.00023285624,1
G051,G039,0.00023285513,1
G010,G081,0.00023222541,1
G002,G075,0.0002322105,1
G029,G076,0.00023210449,1
G005,G043,0.00023200252,1
G093,G023,0.0002319139,1
G039,G001,0.00023187156,1
G029,G030,0.00023052745,1
G006,G043,0.00022911564,1
G074,G080,0.00022910722,1
G060,G001,0.00022909713,1
G085,G063,0.00022895478,1
G013,G015,0.00022865496,1
G029,G075,0.00022834737,1
G085,G088,0.00022791598,1
G051,G013,0.00022745256,1
G096,G045,0.0002271485,1
G080,G057,0.00022709592,1
G009,G073,0.00022667613,1
G051,G011,0.00022659411,1
G032,G070,0.00022616786,1
G062,G082,0.00022606677,1
G061,G098,0.00022590271,1
G062,G090,0.00022586128,1
G051,G062,0.00022560332,1
G061,G092,0.00022520359,1
G077,G095,0.00022514815,1
G059,G010,0.00022514618,1
G042,G078,0.00022507558,1
G074,G052,0.00022428502,1
G096,G021,0.00022419373,1
G051,G092,0.00022412218,1
G062,G013,0.00022402342,1
G085,G086,0.00022390713,1
G052,G042,0.00022382103,1
G031,G045,0.00022378191,1
G069,G088,0.00022344221,1
G080,G024,0.00022342321,1
G010,G008,0.0002229225,1
G085,G092,0.00022267576,1
G029,G094,0.00022236761,1
G074,G067,0.00022216517,1
G061,G052,0.00022180402,1
G077,G023,0.00022178667,1
G039,G028,0.00022167077,1
G060,G023,0.00022155931,1
G045,G012,0.00022152744,1
G060,G094,0.0002214028,1
G096,G065,0.0002210338,1
G001,G091,0.00022069708,1
G009,G050,0.00022029932,1
G012,G023,0.00022019356,1
G073,G082,0.00022013464,1
G005,G013,0.00022010448,1
G096,G067,0.00021991035,1
G055,G029,0.00021984716,1
G051,G022,0.0002196254,1
G069,G082,0.00021897626,1
G029,G064,0.00021889141,1
G051,G097,0.00021877974,1
G037,G088,0.0002185045,1
G029,G073,0.00021818868,1
G007,G062,0.00021805096,1
G032,G082,0.0002177346,1
G070,G044,0.00021752418,1
G004,G095,0.000217171,1
G001,G036,0.00021711721,1
G096,G060,0.00021697306,1
G044,G004,0.00021693518,1
G029,G078,0.00021687368,1
G077,G004,0.00021675862,1
G031,G030,0.00021569245,1
G074,G016,0.00021488113,1
G061,G030,0.00021453807,1
G018,G020,0.00021446042,1
G074,G093,0.00021435259,1
G069,G045,0.00021420034,1
G009,G017,0.00021382596,1
G003,G019,0.00021363898,1
G060,G082,0.00021342198,1
G060,G097,0.00021238442,1
G031,G029,0.0002120918,1
G062,G035,0.00021146057,1
G069,G089,0.00021104328,1
G012,G047,0.00021092792,1
G051,G014,0.00021064305,1
G014,G005,0.00021050611,1
G074,G062,0.00021037676,1
G078,G020,0.00021031217,1
G015,G067,0.00021018267,1
G061,G079,0.0002101679,1
G020,G083,0.0002100829,1
G077,G089,0.0002098202,1
G038,G039,0.00020911249,1
G093,G090,0.00020907364,1
G050,G043,0.000208913,1
G009,G072,0.00020890772,1
G001,G085,0.00020889523,1
G060,G039,0.00020826097,1
G061,G019,0.00020810982,1
G080,G008,0.0002080895,1
G096,G083,0.00020789409,1
G013,G098,0.0002077575,1
G010,G094,0.00020772679,1
G070,G042,0.00020762037,1
G006,G055,0.0002074375,1
G056,G067,0.00020712333,1
G067,G078,0.00020699382,1
G047,G023,0.00020591107,1
G009,G099,0.00020559864,1
G039,G003,0.0002052012,1
G061,G070,0.00020517739,1
G075,G041,0.00020511598,1
G061,G039,0.00020475905,1
G003,G085,0.00020454409,1
G029,G088,0.00020409038,1
G029,G066,0.00020406047,1
G009,G082,0.0002039602,1
G099,G098,0.00020350778,1
G096,G035,0.00020293177,1
G029,G070,0.0002026634,1
G033,G023,0.0002025045,1
G056,G080,0.00020175362,1
G061,G081,0.00020166066,1
G085,G084,0.00020164593,1
G061,G072,0.00020136799,1
G009,G038,0.00020125203,1
G072,G030,0.00020124926,1
G010,G055,0.00020106998,1
G056,G020,0.00020098372,1
G022,G003,0.00020079422,1
G044,G077,0.00020007597,1
G053,G034,0.00019991439,1
G010,G066,0.00019974353,1
G076,G018,0.00019967076,1
G023,G037,0.00019952437,1
G060,G048,0.00019910879,1
G060,G091,0.00019891902,1
G093,G028,0.00019830551,1
G061,G008,0.00019793565,1
G029,G069,0.00019790638,1
G056,G045,0.00019779202,1
G060,G074,0.00019742028,1
G066,G004,0.0001972723,1
G009,G083,0.000197164,1
G073,G042,0.0001970481,1
G050,G040,0.00019627808,1
G050,G007,0.00019600533,1
G032,G067,0.00019542317,1
G027,G052,0.00019508955,1
G069,G008,0.00019501943,1
G046,G023,0.00019495614,1
G096,G031,0.00019467845,1
G099,G003,0.00019463719,1
G056,G044,0.00019460157,1
G056,G061,0.000193946,1
G051,G069,0.00019392149,1
G042,G006,0.00019391497,1
G050,G019,0.00019370583,1
G085,G074,0.00019346645,1
G032,G066,0.00019340166,1
G077,G092,0.00019303593,1
G061,G037,0.00019273112,1
G036,G047,0.00019230304,1
G099,G024,0.00019224905,1
G073,G044,0.00019154014,1
G072,G017,0.00019128947,1
G075,G010,0.00019113682,1
G053,G016,0.00019106515,1
G009,G067,0.00019069944,1
G001,G030,0.00019041271,1
G019,G018,0.0001902941,1
G085,G054,0.0001898394,1
G072,G037,0.00018971846,1
G013,G053,0.00018970396,1
G099,G009,0.00018902222,1
G026,G051,0.00018883446,1
G032,G048,0.00018877817,1
G063,G089,0.00018860093,1
G096,G013,0.0001885311,1
G029,G056,0.00018827112,1
G085,G021,0.00018818412,1
G032,G055,0.00018806898,1
G061,G089,0.00018799183,1
G085,G029,0.0001879816,1
G061,G058,0.00018796761,1
G060,G056,0.00018774207,1
G009,G042,0.00018704022,1
G073,G056,0.00018700698,1
G001,G037,0.0001868555,1
G050,G029,0.00018666766,1
G051,G065,0.00018666407,1
G056,G092,0.00018662548,1
G096,G064,0.00018661727,1
G100,G038,0.00018660657,1
G064,G021,0.00018658728,1
G069,G017,0.00018648128,1
G031,G023,0.00018636699,1
G031,G022,0.000186265,1
G084,G091,0.00018625375,1
G051,G073,0.00018624948,1
G069,G023,0.00018624787,1
G061,G083,0.00018595296,1
G098,G043,0.00018590194,1
G069,G092,0.00018587708,1
G084,G097,0.00018549699,1
G020,G059,0.00018547883,1
G096,G055,0.00018527247,1
G085,G011,0.00018516326,1
G100,G088,0.00018513626,1
G051,G004,0.00018483233,1
G024,G008,0.00018462584,1
G026,G038,0.00018436046,1
G056,G097,0.00018428291,1
G037,G042,0.00018418687,1
G037,G047,0.00018391304,1
G024,G014,0.00018361627,1
G085,G098,0.00018352421,1
G069,G097,0.00018317866,1
G051,G042,0.0001830886,1
G015,G065,0.0001829453,1
G093,G052,0.00018278082,1
G023,G024,0.00018275244,1
G056,G076,0.00018259713,1
G084,G082,0.0001825712,1
G061,G082,0.00018249152,1
G007,G050,0.000182066,1
G054,G042,0.0001816865,1
G085,G060,0.00018162599,1
G051,G090,0.0001814721,1
G085,G053,0.00018134378,1
G078,G024,0.00018131088,1
G061,G053,0.00018124902,1
G004,G039,0.0001809613,1
G061,G062,0.00018040466,1
G012,G059,0.00018032432,1
G065,G082,0.00018003142,1
G010,G051,0.00017962429,1
G077,G088,0.00017959876,1
G031,G003,0.00017939028,1
G020,G091,0.0001792449,1
G099,G064,0.0001789288,1
G004,G018,0.00017890634,1
G045,G037,0.00017886893,1
G051,G060,0.00017864571,1
G084,G078,0.00017799628,1
G084,G086,0.0001776709,1
G051,G045,0.00017729899,1
G060,G063,0.00017725152,1
G032,G014,0.00017722699,1
G023,G012,0.00017661187,1
G069,G070,0.00017660887,1
G070,G088,0.00017656547,1
G051,G021,0.00017648962,1
G096,G049,0.00017640804,1
G074,G068,0.00017560052,1
G029,G002,0.0001750643,1
G099,G004,0.00017485418,1
G054,G085,0.00017474845,1
G004,G010,0.000174221,1
G080,G088,0.00017417774,1
G074,G060,0.00017402982,1
G070,G020,0.00017389792,1
G061,G040,0.00017369507,1
G091,G098,0.00017367836,1
G061,G036,0.0001734716,1
G064,G004,0.00017327398,1
G031,G062,0.00017323984,1
G027,G066,0.00017287853,1
G093,G088,0.00017217611,1
G004,G082,0.00017178577,1
G052,G065,0.0001717634,1
G001,G060,0.00017159425,1
G056,G065,0.00017150966,1
G096,G087,0.00017150759,1
G010,G069,0.00017149093,1
G012,G008,0.00017148285,1
G067,G069,0.00017138016,1
G056,G029,0.00017124331,1
G080,G052,0.00017098695,1
G088,G089,0.00017089804,1
G074,G019,0.00017079162,1
G052,G036,0.00017061779,1
G024,G097,0.00017044613,1
G099,G050,0.00017042598,1
G073,G024,0.0001703871,1
G018,G001,0.00017037714,1
G073,G088,0.00017007078,1
G096,G059,0.00016994683,1
G020,G092,0.00016965641,1
G044,G030,0.00016956485,1
G085,G079,0.0001694323,1
G018,G015,0.00016941364,1
G096,G069,0.00016925747,1
G023,G095,0.00016914748,1
G073,G083,0.00016913532,1
G009,G096,0.00016913185,1
G070,G076,0.00016906108,1
G009,G040,0.00016902559,1
G096,G090,0.00016868456,1
G096,G097,0.00016843477,1
G050,G060,0.00016831592,1
G050,G070,0.00016808981,1
G018,G044,0.00016802286,1
G012,G048,0.00016797449,1
G032,G083,0.00016792976,1
G051,G098,0.00016786256,1
G012,G086,0.00016777468,1
G051,G059,0.00016753393,1
G022,G011,0.0001674137,1
G027,G055,0.00016736513,1
G004,G061,0.00016696785,1
G085,G008,0.00016688972,1
G001,G065,0.00016675057,1
G029,G083,0.00016656893,1
G074,G063,0.00016648191,1
G036,G023,0.00016627765,1
G029,G097,0.0001662073,1
G052,G082,0.00016607407,1
G073,G058,0.00016596621,1
G060,G020,0.00016580736,1
G076,G004,0.00016571839,1
G052,G018,0.00016559644,1
G085,G073,0.00016557473,1
G052,G024,0.0001651411,1
G091,G045,0.00016501207,1
G056,G062,0.00016500517,1
G069,G075,0.00016475478,1
G096,G048,0.00016468742,1
G044,G055,0.00016463098,1
G073,G045,0.00016452724,1
G096,G052,0.00016450703,1
G080,G081,0.00016443653,1
G038,G018,0.00016429857,1
G017,G012,0.00016423788,1
G099,G040,0.00016410109,1
G085,G089,0.00016395394,1
G035,G003,0.00016387296,1
G009,G088,0.00016370213,1
G099,G060,0.00016319376,1
G024,G068,0.00016299887,1
G093,G068,0.00016295598,1
G043,G044,0.0001629254,1
G072,G050,0.00016257219,1
G035,G030,0.0001620469,1
G060,G036,0.00016198686,1
G074,G092,0.00016194707,1
G027,G068,0.00016184871,1
G096,G076,0.0001609515,1
G027,G043,0.00016055367,1
G099,G090,0.00016030433,1
G001,G058,0.00016014672,1
G030,G020,0.00016006806,1
G072,G044,0.00016005461,1
G024,G089,0.00016002904,1
G044,G043,0.00015949372,1
G081,G019,0.00015946226,1
G096,G004,0.00015942361,1
G031,G044,0.00015930925,1
G056,G086,0.00015922678,1
G050,G085,0.00015911927,1
G099,G047,0.00015907544,1
G070,G065,0.00015906291,1
G001,G025,0.00015896201,1
G077,G066,0.00015867791,1
G092,G045,0.00015853439,1
G067,G089,0.00015849834,1
G077,G035,0.00015829064,1
G011,G029,0.00015799543,1
G077,G025,0.00015783324,1
G051,G035,0.00015754178,1
G077,G043,0.00015722858,1
G006,G029,0.0001572191,1
G020,G054,0.0001571371,1
G085,G072,0.0001569408,1
G010,G052,0.00015659747,1
G093,G050,0.00015654013,1
G010,G039,0.00015638929,1
G026,G001,0.00015622727,1
G080,G023,0.00015622195,1
G088,G043,0.00015598317,1
G073,G014,0.00015592693,1
G053,G077,0.00015588783,1
G044,G088,0.00015578484,1
G071,G061,0.00015573429,1
G100,G056,0.00015562774,1
G100,G002,0.0001555641,1
G050,G063,0.00015537457,1
G004,G076,0.00015501288,1
G074,G027,0.000154939,1
G032,G078,0.00015482392,1
G006,G080,0.00015469862,1
G077,G082,0.00015463834,1
G027,G022,0.0001541628,1
G070,G089,0.00015403061,1
G053,G033,0.00015389349,1
G069,G065,0.00015369346,1
G074,G070,0.00015367982,1
G057,G040,0.00015358874,1
G069,G049,0.00015346298,1
G096,G058,0.00015322592,1
G060,G075,0.00015267257,1
G056,G082,0.00015267194,1
G051,G076,0.0001525933,1
G013,G044,0.00015238865,1
G001,G083,0.00015202395,1
G056,G022,0.00015200206,1
G009,G052,0.00015190516,1
G028,G024,0.00015183669,1
G050,G083,0.00015172071,1
G031,G088,0.00015163324,1
G009,G092,0.00015153822,1
G056,G021,0.00015153311,1
G089,G022,0.00015151051,1
G074,G012,0.00015123031,1
G015,G053,0.00015099133,1
G088,G045,0.0001507975,1
G074,G077,0.00015060614,1
G005,G024,0.00015052366,1
G044,G001,0.00015050625,1
G096,G023,0.00015033927,1
G028,G066,0.00015024592,1
G082,G066,0.00015003393,1
G080,G022,0.00015001974,1
G077,G055,0.00014988412,1
G032,G086,0.0001497455,1
G074,G086,0.00014942419,1
G069,G032,0.00014890627,1
G099,G056,0.00014888364,1
G088,G068,0.0001488172,1
G037,G045,0.000148776,1
G074,G004,0.00014867616,1
G015,G032,0.00014859399,1
G054,G030,0.00014856369,1
G001,G027,0.00014840826,1
G009,G065,0.00014791878,1
G037,G075,0.00014787285,1
G020,G095,0.00014785898,1
G073,G089,0.0001476663,1
G006,G078,0.0001473603,1
G060,G077,0.00014733478,1
G050,G008,0.00014683318,1
G074,G099,0.00014663917,1
G085,G023,0.00014657502,1
G034,G003,0.00014643997,1
G073,G078,0.00014622672,1
G091,G063,0.00014616817,1
G074,G031,0.00014610433,1
G020,G017,0.000146031,1
G042,G022,0.0001456223,1
G060,G046,0.00014515407,1
G043,G039,0.00014508337,1
G006,G059,0.00014504747,1
G032,G069,0.00014474535,1
G069,G063,0.00014470368,1
G023,G085,0.00014469052,1
G060,G057,0.00014461204,1
G029,G039,0.00014452441,1
G093,G069,0.0001444651,1
G014,G013,0.0001443091,1
G060,G037,0.00014417392,1
G036,G048,0.00014415183,1
G053,G095,0.00014396262,1
G009,G007,0.00014387908,1
G053,G057,0.0001437278,1
G050,G066,0.0001432313,1
G013,G043,0.00014291584,1
G096,G001,0.00014282097,1
G051,G025,0.00014272619,1
G050,G051,0.00014251976,1
G096,G044,0.00014238058,1
G089,G011,0.00014218956,1
G073,G018,0.00014209283,1
G001,G074,0.00014185916,1
G015,G052,0.0001417738,1
G099,G043,0.0001416875,1
G029,G042,0.0001416076,1
G037,G021,0.00014148238,1
G010,G084,0.0001414816,1
G045,G044,0.00014134964,1
G048,G042,0.00014112428,1
G070,G008,0.00014104671,1
G088,G028,0.00014102417,1
G060,G016,0.00014101142,1
G093,G083,0.00014100096,1
G074,G088,0.00014099375,1
G069,G086,0.00014068882,1
G074,G061,0.00014066987,1
G013,G045,0.00014045178,1
G032,G023,0.00014035702,1
G036,G051,0.00014032703,1
G099,G023,0.00014017698,1
G069,G076,0.00014016013,1
G080,G092,0.0001398904,1
G043,G024,0.00013984508,1
G032,G030,0.00013960016,1
G001,G098,0.00013930455,1
G093,G002,0.00013924831,1
G074,G075,0.0001392364,1
G085,G075,0.00013915573,1
G015,G097,0.00013911416,1
G088,G024,0.00013909882,1
G027,G056,0.00013881203,1
G009,G058,0.0001385698,1
G085,G030,0.0001382952,1
G024,G078,0.00013824491,1
G084,G022,0.00013801655,1
G037,G092,0.00013787865,1
G088,G076,0.0001378754,1
G031,G032,0.00013781397,1
G001,G068,0.00013764932,1
G012,G035,0.00013744489,1
G080,G002,0.00013717008,1
G009,G003,0.00013706049,1
G060,G054,0.00013701143,1
G012,G056,0.00013679081,1
G039,G023,0.0001367055,1
G051,G028,0.00013643876,1
G009,G022,0.0001363934,1
G070,G045,0.0001363022,1
G073,G030,0.00013612446,1
G024,G053,0.0001360286,1
G085,G045,0.00013579988,1
G069,G041,0.00013575249,1
G072,G039,0.00013566116,1
G053,G058,0.00013539904,1
G074,G044,0.00013507392,1
G009,G062,0.0001350078,1
G024,G038,0.00013500023,1
G039,G011,0.00013499966,1
G054,G050,0.00013474032,1
G073,G022,0.00013472566,1
G080,G055,0.0001345844,1
G096,G028,0.00013455474,1
G051,G001,0.00013430403,1
G099,G070,0.0001340668,1
G085,G067,0.00013398578,1
G074,G072,0.00013394225,1
G027,G008,0.00013367971,1
G014,G030,0.00013348224,1
G069,G050,0.00013337129,1
G009,G097,0.00013335007,1
G043,G067,0.00013332789,1
G056,G049,0.00013325259,1
G074,G024,0.00013325117,1
G002,G005,0.00013324615,1
G006,G013,0.0001331113,1
G066,G018,0.00013294228,1
G077,G083,0.00013294068,1
G061,G097,0.00013277962,1
G074,G058,0.00013270338,1
G092,G066,0.00013259736,1
G073,G050,0.00013237496,1
G091,G066,0.0001323473,1
G014,G063,0.00013233408,1
G029,G038,0.00013215723,1
G006,G088,0.00013185674,1
G028,G030,0.00013182602,1
G093,G059,0.00013177871,1
G019,G024,0.00013166842,1
G088,G050,0.00013146296,1
G070,G029,0.00013137831,1
G010,G038,0.00013113685,1
G093,G089,0.000130925,1
G035,G082,0.00013079902,1
G056,G036,0.0001306408,1
G001,G044,0.00013050598,1
G088,G041,0.00012996086,1
G061,G013,0.00012984201,1
G006,G020,0.00012978027,1
G072,G003,0.00012973751,1
G026,G056,0.00012959602,1
G078,G010,0.00012946852,1
G014,G017,0.00012935941,1
G043,G066,0.00012919838,1
G030,G008,0.00012912661,1
G084,G069,0.00012903794,1
G074,G096,0.00012877678,1
G070,G090,0.00012872215,1
G012,G014,0.00012855773,1
G031,G069,0.00012850467,1
G096,G029,0.00012839343,1
G039,G077,0.0001283783,1
G009,G087,0.0001280935,1
G005,G002,0.00012807481,1
G069,G022,0.00012802832,1
G074,G054,0.00012797573,1
G056,G052,0.00012741842,1
G053,G019,0.00012721996,1
G046,G041,0.00012655203,1
G084,G039,0.00012648675,1
G027,G045,0.0001263023,1
G027,G088,0.00012614447,1
G029,G060,0.00012614237,1
G089,G061,0.00012601334,1
G085,G094,0.00012580953,1
G077,G001,0.0001253278,1
G084,G009,0.00012519695,1
G096,G073,0.00012508844,1
G029,G092,0.00012503142,1
G080,G069,0.00012499793,1
G069,G024,0.00012493474,1
G053,G098,0.00012487224,1
G033,G011,0.00012452522,1
G074,G082,0.00012449811,1
G009,G075,0.00012402228,1
G069,G039,0.00012396065,1
G098,G004,0.00012352955,1
G037,G011,0.00012350375,1
G074,G017,0.00012341488,1
G080,G097,0.00012340768,1
G056,G048,0.00012336006,1
G015,G098,0.00012327937,1
G024,G044,0.00012323764,1
G093,G099,0.00012320091,1
G014,G003,0.00012317319,1
G050,G036,0.00012309464,1
G073,G084,0.00012309266,1
G062,G088,0.00012286883,1
G031,G014,0.00012284721,1
G091,G056,0.0001227461,1
G074,G090,0.00012268069,1
G085,G050,0.00012266559,1
G030,G002,0.00012229789,1
G077,G002,0.00012218274,1
G074,G076,0.00012208043,1
G053,G071,0.0001219572,1
G010,G040,0.00012184382,1
G023,G018,0.00012183378,1
G080,G066,0.000121670186,1
G069,G044,0.000121509365,1
G051,G032,0.00012140598,1
G029,G019,0.00012122798,1
G076,G011,0.000121148536,1
G003,G042,0.0001210963,1
G030,G023,0.00012096757,1
G067,G097,0.000120864075,1
G043,G040,0.00012084237,1
G029,G098,0.00012068047,1
G096,G082,0.000120614364,1
G032,G004,0.00012058321,1
G096,G084,0.0001203342,1
G046,G004,0.00012007294,1
G001,G066,0.000119820426,1
G027,G064,0.00011975197,1
G001,G049,0.00011970274,1
G061,G031,0.00011960073,1
G015,G024,0.00011956425,1
G024,G066,0.00011945325,1
G070,G018,0.00011926446,1
G073,G038,0.00011911798,1
G001,G052,0.00011896868,1
G032,G025,0.00011886179,1
G093,G043,0.00011874934,1
G051,G044,0.00011859629,1
G077,G069,0.00011839297,1
G052,G076,0.000118113676,1
G009,G041,0.00011801347,1
G085,G013,0.000117752366,1
G044,G023,0.000117728145,1
G018,G023,0.00011759241,1
G067,G004,0.00011756634,1
G080,G070,0.000117514035,1
G027,G069,0.00011750308,1
G096,G053,0.00011747839,1
G028,G062,0.00011741104,1
G020,G008,0.00011731051,1
G011,G008,0.000116927855,1
G021,G080,0.00011688899,1
G080,G073,0.00011669658,1
G059,G074,0.000116619,1
G085,G099,0.000116605224,1
G027,G097,0.000116567055,1
G032,G068,0.00011648556,1
G069,G055,0.00011640045,1
G002,G022,0.000116372255,1
G070,G066,0.00011623327,1
G032,G045,0.00011606339,1
G029,G085,0.000115960596,1
G044,G056,0.00011556342,1
G037,G055,0.00011554932,1
G081,G042,0.000115367795,1
G014,G045,0.00011530186,1
G064,G055,0.00011521224,1
G099,G069,0.00011516386,1
G018,G075,0.0001150938,1
G063,G094,0.00011504695,1
G033,G014,0.000115012415,1
G096,G092,0.00011493961,1
G073,G097,0.00011486591,1
G085,G051,0.000114733055,1
G027,G044,0.00011468921,1
G077,G073,0.00011449638,1
G086,G004,0.00011409009,1
G050,G072,0.00011407271,1
G007,G002,0.00011393316,1
G053,G050,0.00011392216,1
G080,G064,0.00011390231,1
G048,G013,0.00011385248,1
G058,G073,0.00011367844,1
G010,G086,0.00011364876,1
G077,G097,0.00011361819,1
G062,G009,0.00011343321,1
G091,G030,0.00011343255,1
G076,G014,0.00011336917,1
G060,G018,0.00011323842,1
G060,G081,0.000113199516,1
G061,G018,0.00011309934,1
G085,G070,0.00011303557,1
G089,G030,0.00011290618,1
G086,G067,0.00011260289,1
G009,G095,0.00011245791,1
G072,G001,0.000112380716,1
G074,G035,0.00011224859,1
G061,G074,0.00011220678,1
G042,G066,0.00011210466,1
G074,G036,0.00011189026,1
G073,G051,0.00011138818,1
G031,G097,0.00011121641,1
G048,G009,0.000111153895,1
G099,G017,0.000111028385,1
G020,G097,0.00011100622,1
G069,G062,0.0001109983,1
G061,G077,0.00011077218,1
G027,G057,0.00011070405,1
G074,G095,0.0001104625,1
G073,G069,0.00011046032,1
G052,G097,0.00011043821,1
G053,G083,0.00011027013,1
G014,G041,0.000110160894,1
G027,G014,0.00010970914,1
G088,G069,0.000109604785,1
G048,G018,0.000109253444,1
G088,G070,0.0001092086,1
G027,G025,0.00010902622,1
G038,G060,0.000109009365,1
G074,G008,0.000108902284,1
G084,G030,0.00010867979,1
G047,G055,0.00010866524,1
G053,G004,0.00010831429,1
G044,G052,0.000108155684,1
G047,G004,0.000107920474,1
G054,G087,0.000107908054,1
G007,G011,0.00010790323,1
G046,G066,0.00010776764,1
G056,G078,0.00010774598,1
G080,G068,0.00010762347,1
G021,G062,0.00010759581,1
G088,G039,0.000107567335,1
G084,G076,0.00010750609,1
G076,G090,0.000107364336,1
G084,G038,0.00010711506,1
G030,G088,0.00010704804,1
G051,G058,0.00010687203,1
G042,G090,0.00010678938,1
G057,G080,0.000106621934,1
G009,G025,0.0001063132,1
G061,G028,0.0001063092,1
G073,G065,0.00010626283,1
G099,G048,0.00010622291,1
G018,G008,0.00010616004,1
G003,G025,0.00010608857,1
G071,G060,0.00010563233,1
G093,G065,0.00010557843,1
G084,G020,0.00010523727,1
G013,G099,0.000105127336,1
G099,G078,0.0001050902,1
G063,G050,0.00010506682,1
G048,G024,0.000104968734,1
G070,G091,0.00010496026,1
G030,G066,0.00010494515,1
G053,G067,0.00010480254,1
G005,G025,0.00010477185,1
G093,G001,0.00010474163,1
G093,G014,0.00010448652,1
G089,G090,0.000103861435,1
G069,G029,0.000103766266,1
G093,G064,0.00010362502,1
G015,G063,0.0001036098,1
G093,G003,0.00010353713,1
G027,G011,0.000103494036,1
G031,G052,0.0001034512,1
G092,G024,0.00010327303,1
G038,G050,0.000103251485,1
G071,G030,0.000103243794,1
G001,G069,0.000103197,1
G074,G025,0.000103064755,1
G096,G022,0.00010300393,1
G069,G083,0.00010296007,1
G074,G087,0.00010292027,1
G018,G073,0.000102897815,1
G029,G090,0.00010279681,1
G080,G063,0.00010266681,1
G001,G014,0.00010263543,1
G082,G023,0.00010260012,1
G014,G066,0.000102569735,1
G037,G076,0.000102556514,1
G085,G082,0.000102544225,1
G049,G018,0.000102389626,1
G099,G076,0.00010231235,1
G074,G028,0.00010229039,1
G044,G075,0.00010223354,1
G050,G018,0.00010214692,1
G030,G018,0.00010213694,1
G020,G011,0.000101905796,1
G080,G059,0.00010164307,1
G021,G020,0.00010154106,1
G084,G059,0.00010131309,1
G026,G082,0.0001012022,1
G044,G078,0.00010109371,1
G028,G045,0.00010104084,1
G054,G024,0.000100993115,1
G082,G038,0.00010099078,1
G085,G046,0.00010088521,1
G010,G075,0.000100825266,1
G024,G019,0.000100619036,1
G014,G050,0.000100597106,1
G073,G009,0.00010053865,1
G082,G037,0.00010051311,1
G080,G095,0.00010047769,1
G049,G013,0.000100473975,1
G015,G070,0.00010035765,1
G009,G064,0.000100267534,1
G044,G008,0.0001001953,1
G033,G088,0.00010015937,1
G015,G099,0.00010013796,1
G063,G045,0.00010012983,1
G071,G018,0.00010002748,1
G050,G035,9.999101e-05,1
G010,G068,9.983414e-05,1
G027,G039,9.982403e-05,1
G030,G043,9.956531e-05,1
G050,G095,9.946407e-05,1
G080,G019,9.9446e-05,1
G070,G067,9.9444725e-05,1
G098,G042,9.9439836e-05,1
G062,G070,9.9315075e-05,1
G060,G003,9.910611e-05,1
G018,G068,9.901358e-05,1
G060,G019,9.870351e-05,1
G089,G014,9.828983e-05,1
G072,G064,9.813111e-05,1
G030,G057,9.8000746e-05,1
G050,G024,9.788784e-05,1
G082,G030,9.7796314e-05,1
G037,G066,9.7788594e-05,1
G099,G025,9.7779026e-05,1
G027,G092,9.772181e-05,1
G014,G082,9.768963e-05,1
G051,G088,9.7367774e-05,1
G093,G041,9.6955846e-05,1
G069,G003,9.653266e-05,1
G001,G008,9.649198e-05,1
G080,G053,9.64562e-05,1
G099,G067,9.64106e-05,1
G085,G028,9.638764e-05,1
G091,G024,9.6152624e-05,1
G053,G035,9.5857424e-05,1
G006,G051,9.577053e-05,1
G074,G049,9.5647236e-05,1
G053,G076,9.5597854e-05,1
G065,G051,9.5264135e-05,1
G085,G059,9.52525e-05,1
G067,G045,9.515537e-05,1
G019,G076,9.512692e-05,1
G031,G043,9.499896e-05,1
G080,G065,9.497716e-05,1
G015,G013,9.4968374e-05,1
G096,G086,9.487979e-05,1
G024,G056,9.48456e-05,1
G074,G069,9.463381e-05,1
G027,G051,9.4360235e-05,1
G071,G027,9.432391e-05,1
G009,G069,9.41305e-05,1
G015,G025,9.405697e-05,1
G033,G055,9.38655e-05,1
G054,G065,9.382937e-05,1
G033,G052,9.379614e-05,1
G032,G038,9.375689e-05,1
G043,G090,9.362719e-05,1
G073,G008,9.3524504e-05,1
G092,G091,9.351366e-05,1
G018,G006,9.34527e-05,1
G027,G065,9.312727e-05,1
G003,G048,9.307947e-05,1
G096,G098,9.285453e-05,1
G032,G062,9.2843016e-05,1
G042,G059,9.2835835e-05,1
G079,G018,9.269976e-05,1
G099,G049,9.2571965e-05,1
G001,G088,9.25217e-05,1
G051,G048,9.244223e-05,1
G093,G085,9.2404334e-05,1
G052,G090,9.2311755e-05,1
G093,G070,9.216468e-05,1
G032,G057,9.2109694e-05,1
G099,G073,9.200896e-05,1
G077,G019,9.192453e-05,1
G024,G070,9.191176e-05,1
G004,G097,9.1769754e-05,1
G003,G035,9.1739996e-05,1
G009,G078,9.17367e-05,1
G096,G043,9.169464e-05,1
G031,G004,9.166077e-05,1
G082,G035,9.159981e-05,1
G063,G043,9.148872e-05,1
G033,G051,9.147953e-05,1
G048,G063,9.137686e-05,1
G038,G051,9.121975e-05,1
G002,G041,9.11714e-05,1
G030,G078,9.116154e-05,1
G009,G071,9.1122994e-05,1
G014,G080,9.0876296e-05,1
G042,G084,9.077343e-05,1
G035,G049,9.063548e-05,1
G013,G022,9.063307e-05,1
G031,G090,9.047724e-05,1
G001,G055,8.9839654e-05,1
G053,G075,8.9753106e-05,1
G074,G029,8.973843e-05,1
G001,G056,8.96644e-05,1
G073,G086,8.9610054e-05,1
G053,G017,8.955378e-05,1
G029,G067,8.929192e-05,1
G006,G062,8.927538e-05,1
G061,G056,8.926355e-05,1
G019,G042,8.9260306e-05,1
G055,G089,8.912868e-05,1
G003,G094,8.910449e-05,1
G084,G067,8.909269e-05,1
G029,G068,8.903095e-05,1
G085,G003,8.896066e-05,1
G056,G025,8.869351e-05,1
G015,G060,8.8692264e-05,1
G067,G055,8.858004e-05,1
G074,G071,8.857314e-05,1
G056,G055,8.8440596e-05,1
G032,G092,8.817237e-05,1
G032,G049,8.8113164e-05,1
G001,G047,8.805863e-05,1
G004,G085,8.7883265e-05,1
G018,G067,8.778279e-05,1
G026,G028,8.774608e-05,1
G071,G042,8.7719956e-05,1
G085,G068,8.7694396e-05,1
G029,G022,8.76347e-05,1
G060,G050,8.755894e-05,1
G031,G050,8.7441e-05,1
G053,G030,8.7413755e-05,1
G023,G081,8.737637e-05,1
G028,G050,8.731915e-05,1
G018,G059,8.721185e-05,1
G072,G090,8.7187334e-05,1
G077,G070,8.702692e-05,1
G053,G005,8.7010565e-05,1
G082,G086,8.6849286e-05,1
G023,G020,8.676173e-05,1
G034,G018,8.671479e-05,1
G073,G049,8.6615946e-05,1
G079,G024,8.6570304e-05,1
G042,G068,8.6547625e-05,1
G096,G027,8.614988e-05,1
G006,G070,8.595279e-05,1
G088,G014,8.590092e-05,1
G006,G052,8.566553e-05,1
G001,G031,8.555329e-05,1
G067,G028,8.5417436e-05,1
G027,G003,8.540482e-05,1
G032,G008,8.5402666e-05,1
G098,G035,8.535576e-05,1
G002,G059,8.5261636e-05,1
G038,G082,8.512679e-05,1
G031,G078,8.505568e-05,1
G062,G083,8.4835825e-05,1
G066,G072,8.472886e-05,1
G073,G092,8.46994e-05,1
G046,G018,8.466983e-05,1
G031,G051,8.4489555e-05,1
G079,G076,8.4428946e-05,1
G084,G044,8.433913e-05,1
G069,G025,8.412498e-05,1
G099,G063,8.409176e-05,1
G051,G075,8.3952335e-05,1
G093,G035,8.390254e-05,1
G093,G022,8.389198e-05,1
G062,G008,8.386489e-05,1
G042,G037,8.3459956e-05,1
G010,G073,8.335974e-05,1
G009,G074,8.318035e-05,1
G051,G038,8.314679e-05,1
G096,G051,8.311979e-05,1
G020,G061,8.299336e-05,1
G073,G066,8.275839e-05,1
G091,G069,8.248071e-05,1
G096,G062,8.2462044e-05,1
G055,G097,8.2326325e-05,1
G018,G051,8.230328e-05,1
G026,G094,8.2192004e-05,1
G027,G078,8.190153e-05,1
G047,G064,8.187862e-05,1
G070,G022,8.168045e-05,1
G074,G066,8.153547e-05,1
G088,G021,8.138345e-05,1
G023,G080,8.1154896e-05,1
G015,G009,8.1130725e-05,1
G091,G001,8.0955055e-05,1
G084,G090,8.089903e-05,1
G024,G045,8.0887636e-05,1
G055,G063,8.083848e-05,1
G044,G089,8.0827005e-05,1
G080,G043,8.0366415e-05,1
G052,G051,8.036595e-05,1
G050,G052,8.032686e-05,1
G030,G055,8.017383e-05,1
G013,G019,8.000749e-05,1
G035,G050,7.997139e-05,1
G038,G042,7.98725e-05,1
G031,G070,7.9650905e-05,1
G018,G079,7.962826e-05,1
G001,G092,7.962103e-05,1
G074,G064,7.922722e-05,1
G018,G011,7.9143334e-05,1
G053,G036,7.907168e-05,1
G048,G016,7.8789104e-05,1
G088,G030,7.850041e-05,1
G027,G090,7.839825e-05,1
G055,G035,7.839712e-05,1
G043,G082,7.836739e-05,1
G091,G004,7.831567e-05,1
G043,G058,7.830541e-05,1
G099,G020,7.8284975e-05,1
G057,G004,7.8006175e-05,1
G078,G067,7.769336e-05,1
G080,G090,7.763661e-05,1
G043,G019,7.7588586e-05,1
G099,G042,7.749255e-05,1
G028,G065,7.742034e-05,1
G076,G055,7.73003e-05,1
G001,G086,7.7168224e-05,1
G096,G085,7.6987664e-05,1
G015,G069,7.691729e-05,1
G062,G097,7.689056e-05,1
G012,G083,7.6826705e-05,1
G031,G056,7.682404e-05,1
G099,G021,7.669056e-05,1
G050,G025,7.667314e-05,1
G098,G061,7.665482e-05,1
G050,G064,7.641174e-05,1
G096,G095,7.635959e-05,1
G036,G043,7.633477e-05,1
G048,G030,7.626151e-05,1
G050,G042,7.614779e-05,1
G061,G020,7.61392e-05,1
G099,G027,7.60061e-05,1
G082,G088,7.595693e-05,1
G072,G033,7.570404e-05,1
G052,G085,7.565183e-05,1
G077,G048,7.558738e-05,1
G063,G019,7.5444135e-05,1
G050,G092,7.513922e-05,1
G074,G038,7.5056625e-05,1
G013,G036,7.4888376e-05,1
G051,G083,7.47528e-05,1
G031,G008,7.450985e-05,1
G074,G045,7.45073e-05,1
G049,G090,7.441064e-05,1
G004,G075,7.414627e-05,1
G009,G044,7.412481e-05,1
G053,G054,7.41018e-05,1
G039,G043,7.402548e-05,1
G013,G003,7.4014286e-05,1
G074,G078,7.393569e-05,1
G023,G039,7.3763666e-05,1
G024,G099,7.3723146e-05,1
G070,G069,7.3626565e-05,1
G056,G050,7.352878e-05,1
G026,G066,7.338115e-05,1
G053,G024,7.304458e-05,1
G075,G002,7.288795e-05,1
G073,G090,7.28176e-05,1
G023,G076,7.281339e-05,1
G002,G008,7.278888e-05,1
G030,G062,7.278286e-05,1
G063,G064,7.2602335e-05,1
G089,G031,7.248262e-05,1
G018,G040,7.239146e-05,1
G027,G073,7.234717e-05,1
G031,G073,7.225508e-05,1
G009,G089,7.224413e-05,1
G009,G061,7.209266e-05,1
G037,G030,7.20388e-05,1
G001,G064,7.183457e-05,1
G036,G089,7.1491326e-05,1
G088,G075,7.131122e-05,1
G024,G029,7.12618e-05,1
G019,G030,7.096987e-05,1
G037,G052,7.092603e-05,1
G053,G038,7.085029e-05,1
G043,G038,7.077352e-05,1
G028,G013,7.068503e-05,1
G077,G078,7.0627735e-05,1
G099,G089,7.0012145e-05,1
G015,G050,6.9968984e-05,1
G019,G061,6.98811e-05,1
G053,G082,6.977592e-05,1
G099,G046,6.9772475e-05,1
G099,G008,6.975063e-05,1
G015,G091,6.97419e-05,1
G050,G094,6.97418e-05,1
G036,G017,6.9726375e-05,1
G067,G044,6.969271e-05,1
G009,G066,6.968222e-05,1
G030,G090,6.958845e-05,1
G069,G021,6.9572816e-05,1
G054,G009,6.943921e-05,1
G024,G003,6.941806e-05,1
G035,G041,6.91056e-05,1
G042,G008,6.9051595e-05,1
G079,G030,6.895448e-05,1
G023,G078,6.87296e-05,1
G066,G029,6.855827e-05,1
G013,G048,6.8481466e-05,1
G053,G041,6.837773e-05,1
G010,G021,6.833852e-05,1
G077,G091,6.833318e-05,1
G001,G059,6.7926456e-05,1
G032,G047,6.792311e-05,1
G074,G081,6.7912384e-05,1
G013,G014,6.7841145e-05,1
G073,G027,6.7724446e-05,1
G001,G093,6.765216e-05,1
G053,G099,6.749185e-05,1
G091,G075,6.725206e-05,1
G093,G048,6.723437e-05,1
G073,G093,6.715483e-05,1
G029,G061,6.712995e-05,1
G053,G070,6.705104e-05,1
G072,G038,6.6972636e-05,1
G074,G083,6.6959416e-05,1
G020,G025,6.6829954e-05,1
G074,G030,6.6658824e-05,1
G018,G063,6.661896e-05,1
G003,G013,6.655975e-05,1
G013,G087,6.649355e-05,1
G074,G055,6.639657e-05,1
G092,G090,6.629424e-05,1
G044,G070,6.602881e-05,1
G080,G051,6.6013636e-05,1
G072,G027,6.5975815e-05,1
G079,G042,6.5929555e-05,1
G001,G051,6.588469e-05,1
G024,G036,6.586358e-05,1
G071,G038,6.5661676e-05,1
G060,G051,6.551217e-05,1
G042,G088,6.5334345e-05,1
G011,G025,6.528784e-05,1
G060,G029,6.527626e-05,1
G088,G067,6.482117e-05,1
G079,G082,6.458269e-05,1
G017,G031,6.45824e-05,1
G073,G068,6.4515654e-05,1
G092,G069,6.4427106e-05,1
G092,G025,6.4375825e-05,1
G056,G013,6.436747e-05,1
G077,G038,6.423044e-05,1
G043,G056,6.4149055e-05,1
G096,G039,6.411878e-05,1
G063,G066,6.378662e-05,1
G010,G060,6.377044e-05,1
G044,G060,6.3649386e-05,1
G052,G062,6.352487e-05,1
G015,G021,6.3490654e-05,1
G050,G088,6.339913e-05,1
G015,G088,6.337646e-05,1
G080,G094,6.3208776e-05,1
G013,G035,6.300522e-05,1
G042,G023,6.293192e-05,1
G012,G043,6.287972e-05,1
G096,G036,6.2859464e-05,1
G094,G082,6.2851606e-05,1
G033,G043,6.284022e-05,1
G007,G056,6.262201e-05,1
G061,G086,6.2388586e-05,1
G011,G059,6.232903e-05,1
G074,G014,6.20595e-05,1
G053,G049,6.19723e-05,1
G064,G024,6.19606e-05,1
G015,G033,6.1844206e-05,1
G052,G020,6.179508e-05,1
G084,G065,6.1702856e-05,1
G074,G097,6.1386985e-05,1
G018,G057,6.137243e-05,1
G076,G003,6.132734e-05,1
G028,G090,6.132518e-05,1
G023,G030,6.130809e-05,1
G004,G041,6.128597e-05,1
G018,G013,6.124302e-05,1
G015,G074,6.121528e-05,1
G031,G048,6.115431e-05,1
G063,G052,6.111611e-05,1
G069,G013,6.1013336e-05,1
G015,G022,6.0887836e-05,1
G056,G064,6.0858554e-05,1
G009,G084,6.052378e-05,1
G013,G069,6.0437967e-05,1
G051,G086,6.026584e-05,1
G060,G033,6.023934e-05,1
G009,G055,6.012849e-05,1
G085,G031,6.0026174e-05,1
G006,G092,5.9858143e-05,1
G015,G089,5.9779424e-05,1
G035,G045,5.974735e-05,1
G020,G068,5.971515e-05,1
G035,G097,5.9536276e-05,1
G080,G056,5.9441434e-05,1
G080,G076,5.9421192e-05,1
G026,G004,5.937956e-05,1
G088,G066,5.920696e-05,1
G015,G064,5.9161335e-05,1
G066,G042,5.9111615e-05,1
G035,G062,5.9046823e-05,1
G079,G009,5.8934384e-05,1
G007,G080,5.8534613e-05,1
G052,G091,5.8497524e-05,1
G006,G022,5.8481943e-05,1
G085,G049,5.842111e-05,1
G099,G041,5.8382982e-05,1
G070,G097,5.8378566e-05,1
G015,G016,5.8279493e-05,1
G010,G025,5.820508e-05,1
G006,G067,5.817487e-05,1
G056,G060,5.8160007e-05,1
G073,G077,5.7795074e-05,1
G089,G038,5.7702022e-05,1
G001,G076,5.751405e-05,1
G006,G091,5.736358e-05,1
G001,G070,5.721747e-05,1
G094,G028,5.7145076e-05,1
G069,G059,5.689572e-05,1
G077,G049,5.687648e-05,1
G074,G085,5.6847828e-05,1
G093,G078,5.6618195e-05,1
G003,G015,5.6614103e-05,1
G092,G088,5.6585795e-05,1
G009,G043,5.640626e-05,1
G004,G030,5.635893e-05,1
G009,G028,5.6314962e-05,1
G051,G067,5.6131536e-05,1
G079,G075,5.5791745e-05,1
G093,G055,5.5675006e-05,1
G015,G076,5.55947e-05,1
G092,G023,5.55618e-05,1
G031,G075,5.555585e-05,1
G005,G051,5.5303088e-05,1
G052,G039,5.528682e-05,1
G093,G025,5.527364e-05,1
G051,G095,5.5117813e-05,1
G053,G088,5.5106408e-05,1
G020,G027,5.4959117e-05,1
G043,G013,5.4951313e-05,1
G099,G080,5.485237e-05,1
G023,G033,5.4717224e-05,1
G085,G040,5.471349e-05,1
G092,G067,5.467575e-05,1
G017,G040,5.463478e-05,1
G017,G084,5.4592663e-05,1
G055,G024,5.4465705e-05,1
G010,G064,5.4396038e-05,1
G018,G092,5.4259097e-05,1
G079,G044,5.41741e-05,1
G033,G075,5.4099564e-05,1
G021,G010,5.4082706e-05,1
G099,G045,5.4042463e-05,1
G009,G008,5.397207e-05,1
G086,G011,5.387741e-05,1
G098,G090,5.3841155e-05,1
G010,G022,5.3694985e-05,1
G063,G059,5.3465188e-05,1
G076,G066,5.333783e-05,1
G038,G062,5.3203687e-05,1
G043,G070,5.3132295e-05,1
G067,G050,5.307628e-05,1
G096,G020,5.299808e-05,1
G056,G014,5.297898e-05,1
G050,G082,5.2911535e-05,1
G038,G020,5.2880594e-05,1
G050,G067,5.269742e-05,1
G093,G062,5.264716e-05,1
G072,G045,5.2384104e-05,1
G018,G025,5.2355816e-05,1
G027,G067,5.224237e-05,1
G060,G002,5.2203042e-05,1
G056,G032,5.2127518e-05,1
G035,G061,5.2088257e-05,1
G037,G023,5.2043757e-05,1
G055,G022,5.1817628e-05,1
G073,G054,5.1814648e-05,1
G011,G048,5.1657233e-05,1
G074,G039,5.1366387e-05,1
G019,G044,5.1265848e-05,1
G020,G090,5.1197912e-05,1
G004,G017,5.1097493e-05,1
G070,G055,5.109334e-05,1
G032,G031,5.0942494e-05,1
G062,G002,5.0857427e-05,1
G079,G064,5.0771225e-05,1
G049,G039,5.0758244e-05,1
G030,G050,5.0534323e-05,1
G098,G059,5.0463503e-05,1
G088,G097,5.0410057e-05,1
G010,G006,5.0351842e-05,1
G036,G086,5.0332557e-05,1
G035,G059,5.031903e-05,1
G074,G079,5.0265135e-05,1
G052,G070,5.026306e-05,1
G052,G038,5.0125684e-05,1
G043,G028,4.9979135e-05,1
G024,G081,4.9970207e-05,1
G018,G021,4.9854203e-05,1
G053,G068,4.9741237e-05,1
G053,G063,4.9705373e-05,1
G032,G064,4.9542676e-05,1
G067,G064,4.946658e-05,1
G016,G017,4.9289643e-05,1
G080,G079,4.927645e-05,1
G003,G064,4.9260907e-05,1
G015,G062,4.920855e-05,1
G067,G021,4.9159702e-05,1
G092,G029,4.9128586e-05,1
G009,G057,4.91111e-05,1
G047,G028,4.909517e-05,1
G053,G090,4.893498e-05,1
G033,G039,4.8922153e-05,1
G044,G048,4.891566e-05,1
G071,G076,4.8866536e-05,1
G064,G018,4.8829148e-05,1
G096,G078,4.8825008e-05,1
G092,G048,4.8769085e-05,1
G001,G053,4.875778e-05,1
G077,G042,4.873841e-05,1
G080,G098,4.8732363e-05,1
G054,G097,4.865851e-05,1
G013,G025,4.863672e-05,1
G082,G083,4.8565475e-05,1
G073,G035,4.852245e-05,1
G047,G088,4.84842e-05,1
G036,G014,4.843967e-05,1
G017,G015,4.833174e-05,1
G036,G078,4.8317343e-05,1
G015,G059,4.826702e-05,1
G088,G008,4.8009668e-05,1
G012,G080,4.7991034e-05,1
G053,G009,4.7978225e-05,1
G079,G059,4.777865e-05,1
G006,G090,4.7587335e-05,1
G043,G083,4.7325066e-05,1
G061,G002,4.7202633e-05,1
G053,G060,4.718924e-05,1
G051,G081,4.7128353e-05,1
G047,G090,4.706141e-05,1
G057,G034,4.6801306e-05,1
G084,G058,4.6742676e-05,1
G015,G080,4.6711084e-05,1
G072,G032,4.6630226e-05,1
G038,G024,4.6557292e-05,1
G055,G088,4.651335e-05,1
G013,G071,4.6369834e-05,1
G024,G011,4.6353933e-05,1
G072,G083,4.629153e-05,1
G070,G014,4.6160225e-05,1
G096,G019,4.6147386e-05,1
G043,G095,4.60716e-05,1
G033,G064,4.599052e-05,1
G009,G049,4.5976412e-05,1
G073,G013,4.5956276e-05,1
G018,G099,4.5938836e-05,1
G064,G042,4.5871733e-05,1
G032,G003,4.582684e-05,1
G073,G074,4.5780125e-05,1
G062,G030,4.5620647e-05,1
G027,G021,4.5557506e-05,1
G084,G062,4.549606e-05,1
G032,G075,4.5396442e-05,1
G051,G040,4.5364388e-05,1
G055,G059,4.535502e-05,1
G050,G048,4.51921e-05,1
G042,G057,4.5082732e-05,1
G024,G055,4.506155e-05,1
G072,G055,4.4846554e-05,1
G046,G030,4.477673e-05,1
G024,G064,4.4694596e-05,1
G035,G023,4.4525255e-05,1
G079,G090,4.4416334e-05,1
G038,G043,4.4335204e-05,1
G020,G093,4.424276e-05,1
G054,G090,4.4061657e-05,1
G014,G073,4.397628e-05,1
G006,G039,4.3876666e-05,1
G004,G062,4.3859916e-05,1
G030,G068,4.385507e-05,1
G033,G057,4.3834327e-05,1
G088,G035,4.3621178e-05,1
G096,G094,4.36001e-05,1
G036,G045,4.334497e-05,1
G056,G023,4.332742e-05,1
G043,G059,4.30814e-05,1
G069,G018,4.3055294e-05,1
G009,G037,4.302258e-05,1
G093,G075,4.2932512e-05,1
G023,G090,4.2781838e-05,1
G010,G048,4.2750737e-05,1
G094,G023,4.2738277e-05,1
G072,G062,4.2683536e-05,1
G100,G062,4.2621472e-05,1
G030,G092,4.2508065e-05,1
G066,G090,4.250465e-05,1
G092,G095,4.2485975e-05,1
G071,G086,4.233262e-05,1
G043,G030,4.231924e-05,1
G087,G001,4.230686e-05,1
G033,G021,4.2235766e-05,1
G037,G014,4.2181917e-05,1
G013,G002,4.2180698e-05,1
G043,G087,4.209843e-05,1
G037,G064,4.202217e-05,1
G069,G052,4.1876378e-05,1
G018,G032,4.1810912e-05,1
G086,G091,4.178645e-05,1
G006,G089,4.1709045e-05,1
G038,G004,4.1677496e-05,1
G018,G083,4.163508e-05,1
G079,G097,4.1607862e-05,1
G084,G051,4.141322e-05,1
G028,G069,4.1410076e-05,1
G077,G014,4.1341806e-05,1
G074,G020,4.132927e-05,1
G053,G061,4.1313106e-05,1
G078,G017,4.1236242e-05,1
G069,G066,4.1100513e-05,1
G046,G055,4.1087078e-05,1
G079,G013,4.1081614e-05,1
G042,G025,4.1049778e-05,1
G053,G055,4.1042433e-05,1
G015,G045,4.1041287e-05,1
G018,G064,4.071173e-05,1
G032,G034,4.064821e-05,1
G051,G077,4.036828e-05,1
G042,G051,4.0319635e-05,1
G065,G020,4.025104e-05,1
G088,G013,4.0221912e-05,1
G056,G027,4.020931e-05,1
G005,G072,4.014304e-05,1
G091,G097,4.0143004e-05,1
G073,G070,4.011186e-05,1
G018,G014,4.0068684e-05,1
G003,G044,4.006232e-05,1
G018,G056,3.987757e-05,1
G077,G067,3.9866656e-05,1
G050,G069,3.981646e-05,1
G037,G086,3.970676e-05,1
G031,G082,3.9696522e-05,1
G067,G023,3.9665236e-05,1
G074,G043,3.9653147e-05,1
G049,G093,3.9543058e-05,1
G060,G093,3.9507227e-05,1
G042,G072,3.9455208e-05,1
G067,G008,3.942081e-05,1
G027,G079,3.938936e-05,1
G079,G008,3.9313247e-05,1
G033,G078,3.908116e-05,1
G019,G075,3.905347e-05,1
G043,G075,3.898628e-05,1
G018,G029,3.8831113e-05,1
G053,G086,3.882637e-05,1
G035,G065,3.8764814e-05,1
G053,G046,3.870417e-05,1
G044,G067,3.8658985e-05,1
G033,G066,3.8563347e-05,1
G014,G083,3.8559105e-05,1
G012,G027,3.855532e-05,1
G027,G029,3.850038e-05,1
G098,G085,3.843216e-05,1
G074,G051,3.838799e-05,1
G014,G090,3.816661e-05,1
G004,G051,3.815985e-05,1
G099,G030,3.8115024e-05,1
G048,G029,3.797212e-05,1
G056,G059,3.789744e-05,1
G017,G095,3.785107e-05,1
G073,G087,3.776451e-05,1
G025,G003,3.77602e-05,1
G028,G076,3.7650363e-05,1
G080,G099,3.764754e-05,1
G047,G077,3.760975e-05,1
G091,G064,3.7537935e-05,1
G098,G030,3.74761e-05,1
G096,G003,3.7411693e-05,1
G014,G062,3.733343e-05,1
G014,G069,3.711681e-05,1
G039,G078,3.7078225e-05,1
G092,G014,3.684157e-05,1
G001,G046,3.672066e-05,1
G056,G035,3.6664565e-05,1
G003,G078,3.6531004e-05,1
G099,G066,3.647702e-05,1
G056,G008,3.6475318e-05,1
G084,G070,3.642984e-05,1
G032,G051,3.6064368e-05,1
G062,G059,3.602629e-05,1
G009,G047,3.5982917e-05,1
G043,G003,3.592317e-05,1
G079,G069,3.5906625e-05,1
G013,G017,3.578975e-05,1
G072,G082,3.5511828e-05,1
G053,G065,3.5511708e-05,1
G084,G075,3.547357e-05,1
G082,G013,3.5469227e-05,1
G013,G037,3.5412155e-05,1
G049,G030,3.5384866e-05,1
G061,G054,3.5311812e-05,1
G056,G068,3.525389e-05,1
G003,G088,3.525273e-05,1
G030,G003,3.5221616e-05,1
G095,G052,3.5182577e-05,1
G091,G042,3.517881e-05,1
G084,G068,3.5033496e-05,1
G093,G092,3.502679e-05,1
G098,G073,3.502463e-05,1
G076,G059,3.4996538e-05,1
G013,G007,3.4986133e-05,1
G080,G048,3.4954523e-05,1
G098,G063,3.4713026e-05,1
G070,G085,3.465422e-05,1
G073,G061,3.46451e-05,1
G016,G059,3.4569883e-05,1
G052,G030,3.4540917e-05,1
G015,G039,3.4426597e-05,1
G053,G044,3.4250552e-05,1
G051,G018,3.418016e-05,1
G079,G098,3.415571e-05,1
G052,G022,3.4128527e-05,1
G074,G021,3.4074987e-05,1
G015,G041,3.3983873e-05,1
G046,G088,3.3930748e-05,1
G085,G071,3.3888344e-05,1
G053,G025,3.388009e-05,1
G009,G070,3.3879427e-05,1
G092,G070,3.3867465e-05,1
G066,G045,3.3843535e-05,1
G082,G089,3.382439e-05,1
G010,G074,3.3804045e-05,1
G051,G053,3.369433e-05,1
G032,G063,3.3651137e-05,1
G046,G097,3.3552165e-05,1
G064,G006,3.3534536e-05,1
G015,G087,3.3528413e-05,1
G041,G085,3.3416458e-05,1
G018,G093,3.3413704e-05,1
G092,G089,3.338371e-05,1
G027,G075,3.33763e-05,1
G028,G009,3.323342e-05,1
G001,G081,3.3180808e-05,1
G057,G033,3.3110016e-05,1
G005,G066,3.3047134e-05,1
G065,G011,3.2890188e-05,1
G017,G069,3.277501e-05,1
G030,G059,3.264763e-05,1
G036,G035,3.2614866e-05,1
G043,G022,3.2560536e-05,1
G035,G021,3.2383974e-05,1
G027,G032,3.231223e-05,1
G015,G031,3.2311393e-05,1
G067,G041,3.2269123e-05,1
G043,G052,3.2079435e-05,1
G099,G083,3.18676e-05,1
G039,G002,3.181446e-05,1
G070,G013,3.1753407e-05,1
G023,G059,3.1736025e-05,1
G091,G059,3.1699754e-05,1
G081,G083,3.1685984e-05,1
G020,G086,3.1511106e-05,1
G004,G055,3.1491258e-05,1
G044,G036,3.1479012e-05,1
G076,G089,3.135363e-05,1
G089,G016,3.13099e-05,1
G018,G098,3.1162566e-05,1
G064,G060,3.1145653e-05,1
G001,G077,3.0998974e-05,1
G043,G055,3.0973297e-05,1
G093,G080,3.095853e-05,1
G055,G052,3.0797888e-05,1
G077,G029,3.0770683e-05,1
G099,G082,3.0757437e-05,1
G061,G041,3.0672232e-05,1
G085,G039,3.061582e-05,1
G033,G044,3.0544572e-05,1
G074,G023,3.0477395e-05,1
G099,G097,3.035899e-05,1
G029,G018,3.0298457e-05,1
G091,G065,3.029384e-05,1
G024,G032,3.0212332e-05,1
G011,G073,3.0129786e-05,1
G013,G088,3.008183e-05,1
G056,G070,3.0017189e-05,1
G063,G003,3.001378e-05,1
G030,G073,2.9939101e-05,1
G064,G089,2.993109e-05,1
G019,G090,2.9723977e-05,1
G089,G070,2.9567207e-05,1
G093,G031,2.948313e-05,1
G056,G066,2.9412115e-05,1
G079,G058,2.9220038e-05,1
G003,G059,2.9094232e-05,1
G018,G060,2.9092382e-05,1
G032,G035,2.8936847e-05,1
G078,G044,2.884336e-05,1
G028,G091,2.8815619e-05,1
G073,G059,2.8787439e-05,1
G020,G048,2.8709394e-05,1
G002,G089,2.8688974e-05,1
G023,G055,2.8647964e-05,1
G007,G035,2.8644314e-05,1
G088,G083,2.8623315e-05,1
G036,G054,2.8581437e-05,1
G038,G055,2.8549122e-05,1
G012,G094,2.8411027e-05,1
G001,G097,2.8269156e-05,1
G012,G022,2.8233511e-05,1
G043,G076,2.819226e-05,1
G074,G065,2.8014672e-05,1
G010,G065,2.7942675e-05,1
G078,G089,2.786555e-05,1
G017,G046,2.7848486e-05,1
G057,G063,2.7590204e-05,1
G052,G069,2.7541273e-05,1
G077,G030,2.7496979e-05,1
G035,G089,2.748107e-05,1
G064,G082,2.7464546e-05,1
G097,G003,2.7368576e-05,1
G053,G023,2.7337916e-05,1
G037,G097,2.7247179e-05,1
G093,G045,2.713099e-05,1
G081,G051,2.7052192e-05,1
G036,G066,2.7031581e-05,1
G007,G047,2.7007403e-05,1
G096,G010,2.6939724e-05,1
G069,G020,2.6879297e-05,1
G081,G011,2.680396e-05,1
G074,G003,2.6765709e-05,1
G039,G096,2.6713786e-05,1
G012,G055,2.6635713e-05,1
G099,G014,2.662008e-05,1
G079,G083,2.6387497e-05,1
G023,G091,2.6333715e-05,1
G053,G062,2.61921e-05,1
G062,G076,2.6011141e-05,1
G094,G089,2.5986968e-05,1
G079,G088,2.593099e-05,1
G065,G023,2.5925194e-05,1
G053,G069,2.5918489e-05,1
G082,G014,2.5835736e-05,1
G028,G041,2.5804045e-05,1
G080,G031,2.576553e-05,1
G014,G064,2.567553e-05,1
G006,G041,2.564375e-05,1
G092,G050,2.5584854e-05,1
G001,G079,2.5435245e-05,1
G032,G011,2.529039e-05,1
G044,G076,2.5187308e-05,1
G048,G076,2.5142872e-05,1
G055,G042,2.5135016e-05,1
G064,G076,2.4968394e-05,1
G077,G087,2.4927444e-05,1
G024,G088,2.4907768e-05,1
G026,G059,2.4695571e-05,1
G030,G075,2.4691642e-05,1
G091,G076,2.4526982e-05,1
G017,G051,2.4444798e-05,1
G072,G014,2.4400875e-05,1
G038,G068,2.4293386e-05,1
G017,G099,2.4232799e-05,1
G089,G027,2.419785e-05,1
G079,G055,2.4182773e-05,1
G079,G014,2.4120936e-05,1
G073,G040,2.4066536e-05,1
G018,G016,2.4012847e-05,1
G053,G091,2.3977113e-05,1
G014,G092,2.3957618e-05,1
G018,G074,2.3920833e-05,1
G091,G016,2.3744577e-05,1
G089,G088,2.3670229e-05,1
G076,G028,2.3656656e-05,1
G039,G048,2.3601291e-05,1
G052,G021,2.3589075e-05,1
G092,G042,2.3545166e-05,1
G002,G039,2.3539653e-05,1
G055,G041,2.3357949e-05,1
G073,G064,2.326245e-05,1
G060,G034,2.3252627e-05,1
G063,G032,2.3155606e-05,1
G041,G007,2.311449e-05,1
G091,G062,2.2950302e-05,1
G006,G063,2.2932858e-05,1
G086,G094,2.2931034e-05,1
G014,G055,2.272973e-05,1
G055,G018,2.2495566e-05,1
G027,G035,2.2459433e-05,1
G053,G072,2.2350185e-05,1
G001,G099,2.2320892e-05,1
G070,G034,2.223177e-05,1
G001,G089,2.2165053e-05,1
G092,G065,2.215541e-05,1
G016,G045,2.2065835e-05,1
G060,G038,2.2053277e-05,1
G011,G035,2.2048542e-05,1
G010,G092,2.1876094e-05,1
G002,G042,2.1827515e-05,1
G046,G003,2.1827269e-05,1
G054,G013,2.1784856e-05,1
G024,G034,2.1682357e-05,1
G064,G069,2.1626698e-05,1
G092,G003,2.1561535e-05,1
G043,G097,2.155275e-05,1
G088,G092,2.1514206e-05,1
G043,G086,2.1439e-05,1
G097,G022,2.136717e-05,1
G082,G077,2.1320635e-05,1
G018,G055,2.1275506e-05,1
G049,G062,2.1173426e-05,1
G015,G085,2.1058331e-05,1
G003,G066,2.095644e-05,1
G065,G050,2.0938236e-05,1
G067,G066,2.0936428e-05,1
G011,G051,2.0883157e-05,1
G062,G022,2.0845293e-05,1
G012,G045,2.0756013e-05,1
G070,G092,2.068724e-05,1
G088,G012,2.0654139e-05,1
G079,G074,2.0603182e-05,1
G062,G004,2.0366211e-05,1
G063,G096,2.021702e-05,1
G088,G044,2.0147907e-05,1
G064,G058,2.0092963e-05,1
G043,G060,2.0021938e-05,1
G006,G082,1.9881758e-05,1
G089,G067,1.9848947e-05,1
G033,G028,1.9837647e-05,1
G035,G091,1.9734347e-05,1
G012,G021,1.9677222e-05,1
G073,G036,1.9647583e-05,1
G028,G080,1.96356e-05,1
G037,G004,1.95463e-05,1
G080,G074,1.9536927e-05,1
G053,G093,1.9478319e-05,1
G080,G071,1.9281348e-05,1
G043,G085,1.921509e-05,1
G070,G050,1.9178911e-05,1
G063,G049,1.9149173e-05,1
G088,G055,1.9127001e-05,1
G051,G049,1.9102637e-05,1
G027,G070,1.909503e-05,1
G093,G038,1.8987186e-05,1
G013,G006,1.8967286e-05,1
G007,G057,1.8961136e-05,1
G091,G055,1.8852934e-05,1
G050,G068,1.8801158e-05,1
G077,G052,1.8618379e-05,1
G053,G078,1.8615967e-05,1
G054,G062,1.8613284e-05,1
G086,G055,1.844026e-05,1
G016,G064,1.8364268e-05,1
G087,G083,1.833353e-05,1
G061,G087,1.8285346e-05,1
G013,G094,1.8227152e-05,1
G001,G071,1.819633e-05,1
G053,G087,1.8194763e-05,1
G015,G027,1.8193614e-05,1
G080,G058,1.8151655e-05,1
G093,G053,1.8147311e-05,1
G017,G094,1.8104072e-05,1
G094,G090,1.8098643e-05,1
G076,G044,1.8081157e-05,1
G073,G075,1.8072564e-05,1
G050,G090,1.7945244e-05,1
G003,G023,1.7897839e-05,1
G093,G040,1.7836775e-05,1
G069,G060,1.7611148e-05,1
G032,G021,1.7503298e-05,1
G085,G022,1.7397231e-05,1
G050,G059,1.7309438e-05,1
G056,G009,1.7227674e-05,1
G032,G020,1.7227136e-05,1
G011,G013,1.715834e-05,1
G018,G046,1.7155178e-05,1
G031,G025,1.7149323e-05,1
G006,G066,1.7046314e-05,1
G070,G052,1.704036e-05,1
G077,G081,1.6990487e-05,1
G006,G050,1.698559e-05,1
G014,G044,1.6948607e-05,1
G071,G005,1.6901542e-05,1
G071,G020,1.689807e-05,1
G080,G096,1.6880436e-05,1
G080,G082,1.6820919e-05,1
G017,G071,1.6790875e-05,1
G030,G022,1.6734653e-05,1
G093,G021,1.6661315e-05,1
G036,G069,1.6659675e-05,1
G010,G099,1.6578233e-05,1
G004,G093,1.6560714e-05,1
G007,G004,1.6533599e-05,1
G026,G075,1.6414579e-05,1
G031,G041,1.6394923e-05,1
G012,G075,1.636927e-05,1
G002,G016,1.6322168e-05,1
G023,G041,1.6206019e-05,1
G037,G079,1.6051574e-05,1
G077,G064,1.5986696e-05,1
G088,G022,1.5907599e-05,1
G012,G052,1.5750767e-05,1
G024,G025,1.5738493e-05,1
G003,G089,1.5697873e-05,1
G062,G016,1.5431831e-05,1
G024,G059,1.5361135e-05,1
G070,G027,1.5306267e-05,1
G004,G040,1.5262285e-05,1
G048,G061,1.5242368e-05,1
G013,G054,1.514892e-05,1
G056,G051,1.4999135e-05,1
G064,G095,1.4905952e-05,1
G016,G019,1.4854149e-05,1
G014,G008,1.4811651e-05,1
G036,G083,1.453506e-05,1
G044,G065,1.4442514e-05,1
G033,G059,1.437948e-05,1
G058,G041,1.4337769e-05,1
G013,G066,1.4272436e-05,1
G084,G031,1.4227501e-05,1
G088,G090,1.42109475e-05,1
G072,G067,1.3997635e-05,1
G094,G021,1.3892939e-05,1
G038,G070,1.3851698e-05,1
G014,G052,1.3820353e-05,1
G053,G092,1.3774397e-05,1
G054,G094,1.362781e-05,1
G096,G081,1.3605679e-05,1
G046,G022,1.3538526e-05,1
G089,G049,1.3522906e-05,1
G051,G072,1.3416671e-05,1
G031,G067,1.3366387e-05,1
G079,G039,1.3351172e-05,1
G091,G035,1.32973055e-05,1
G027,G048,1.3282554e-05,1
G082,G059,1.3017609e-05,1
G049,G063,1.3008788e-05,1
G023,G062,1.2982975e-05,1
G062,G055,1.29311475e-05,1
G079,G022,1.2909535e-05,1
G042,G073,1.290424e-05,1
G086,G023,1.2892473e-05,1
G099,G081,1.2791766e-05,1
G024,G052,1.26920495e-05,1
G016,G089,1.2628156e-05,1
G094,G087,1.25137385e-05,1
G091,G083,1.2513304e-05,1
G046,G062,1.2465274e-05,1
G055,G090,1.2432998e-05,1
G082,G061,1.2412711e-05,1
G091,G037,1.2220843e-05,1
G036,G056,1.2057579e-05,1
G014,G098,1.1953205e-05,1
G063,G027,1.1905169e-05,1
G088,G025,1.1807032e-05,1
G091,G008,1.1801705e-05,1
G042,G079,1.16944375e-05,1
G036,G070,1.168925e-05,1
G054,G041,1.1674704e-05,1
G053,G052,1.1646526e-05,1
G096,G040,1.1588927e-05,1
G053,G056,1.1523526e-05,1
G074,G084,1.1370926e-05,1
G064,G016,1.1261802e-05,1
G076,G049,1.1251093e-05,1
G038,G090,1.1208667e-05,1
G013,G058,1.1143724e-05,1
G018,G031,1.1097831e-05,1
G063,G048,1.0961247e-05,1
G023,G025,1.09484e-05,1
G086,G088,1.0859904e-05,1
G053,G097,1.0842096e-05,1
G004,G072,1.07922015e-05,1
G029,G047,1.0703302e-05,1
G028,G059,1.0693733e-05,1
G014,G039,1.0609276e-05,1
G030,G025,1.0492096e-05,1
G060,G028,1.0458399e-05,1
G016,G014,1.0327825e-05,1
G017,G072,1.0323974e-05,1
G004,G001,1.03029115e-05,1
G044,G090,1.0272308e-05,1
G053,G020,1.0234427e-05,1
G088,G003,1.016765e-05,1
G085,G077,1.0089922e-05,1
G043,G069,9.987542e-06,1
G028,G025,9.947199e-06,1
G052,G059,9.936489e-06,1
G080,G025,9.849528e-06,1
G052,G092,9.837864e-06,1
G014,G016,9.834407e-06,1
G077,G094,9.694422e-06,1
G050,G037,9.674453e-06,1
G053,G066,9.644368e-06,1
G079,G051,9.610653e-06,1
G002,G037,9.594296e-06,1
G028,G070,9.582427e-06,1
G001,G048,9.508665e-06,1
G072,G049,9.498808e-06,1
G044,G028,9.392633e-06,1
G020,G029,9.384039e-06,1
G034,G047,9.3589715e-06,1
G043,G014,9.3493945e-06,1
G020,G089,9.285368e-06,1
G084,G008,9.221953e-06,1
G049,G024,9.150538e-06,1
G018,G053,9.1038655e-06,1
G014,G029,9.094501e-06,1
G075,G036,9.094093e-06,1
G082,G056,9.055695e-06,1
G080,G013,9.031136e-06,1
G086,G035,8.8798015e-06,1
G023,G010,8.879129e-06,1
G067,G030,8.864489e-06,1
G070,G073,8.8474235e-06,1
G055,G043,8.839136e-06,1
G042,G048,8.6321315e-06,1
G085,G034,8.621193e-06,1
G066,G097,8.617102e-06,1
G037,G059,8.560196e-06,1
G002,G066,8.498046e-06,1
G091,G060,8.489052e-06,1
G079,G045,8.484028e-06,1
G027,G081,8.453064e-06,1
G093,G008,8.3634795e-06,1
G042,G011,8.303996e-06,1
G086,G008,8.275269e-06,1
G071,G094,8.2695215e-06,1
G077,G045,8.201288e-06,1
G031,G035,8.049239e-06,1
G096,G033,7.937356e-06,1
G032,G065,7.891369e-06,1
G046,G076,7.585383e-06,1
G028,G014,7.490723e-06,1
G055,G030,7.474131e-06,1
G013,G062,7.456103e-06,1
G009,G090,7.3495444e-06,1
G030,G082,7.2119274e-06,1
G018,G066,7.1954755e-06,1
G012,G070,7.174526e-06,1
G011,G068,7.123374e-06,1
G088,G036,7.0881033e-06,1
G046,G056,6.8959607e-06,1
G082,G080,6.8127906e-06,1
G009,G012,6.762704e-06,1
G060,G011,6.7455935e-06,1
G079,G089,6.708706e-06,1
G036,G044,6.6188854e-06,1
G028,G055,6.5942418e-06,1
G072,G080,6.5672702e-06,1
G003,G060,6.44235e-06,1
G030,G064,6.411113e-06,1
G089,G097,6.335082e-06,1
G046,G064,6.3209604e-06,1
G006,G032,6.3115e-06,1
G053,G080,6.242215e-06,1
G015,G068,6.141708e-06,1
G071,G056,6.0429506e-06,1
G080,G054,6.007667e-06,1
G047,G052,5.8846945e-06,1
G094,G077,5.879057e-06,1
G074,G073,5.8416954e-06,1
G067,G061,5.8306823e-06,1
G070,G039,5.7888415e-06,1
G003,G055,5.751528e-06,1
G073,G031,5.579158e-06,1
G069,G064,5.474681e-06,1
G010,G053,5.446028e-06,1
G034,G085,5.4387474e-06,1
G018,G071,5.429046e-06,1
G091,G014,5.3536455e-06,1
G008,G003,5.28511e-06,1
G030,G065,5.2789637e-06,1
G091,G090,5.2760824e-06,1
G074,G047,5.0037916e-06,1
G021,G032,4.915964e-06,1
G099,G051,4.873634e-06,1
G038,G059,4.8540483e-06,1
G086,G090,4.8486163e-06,1
G052,G044,4.841679e-06,1
G088,G062,4.7978783e-06,1
G062,G025,4.751582e-06,1
G012,G073,4.679879e-06,1
G053,G003,4.662023e-06,1
G082,G008,4.6112145e-06,1
G015,G086,4.602779e-06,1
G051,G068,4.564595e-06,1
G073,G028,4.4712265e-06,1
G037,G057,4.4243743e-06,1
G091,G011,4.379912e-06,1
G003,G067,4.3287364e-06,1
G044,G013,3.967863e-06,1
G072,G086,3.9302076e-06,1
G069,G078,3.9298598e-06,1
G052,G061,3.8804083e-06,1
G043,G048,3.8337207e-06,1
G026,G048,3.825447e-06,1
G071,G045,3.7815876e-06,1
G011,G066,3.763543e-06,1
G019,G045,3.745557e-06,1
G012,G064,3.704594e-06,1
G037,G069,3.654981e-06,1
G037,G070,3.5207152e-06,1
G046,G069,3.4439552e-06,1
G086,G078,3.1417069e-06,1
G096,G079,3.1030233e-06,1
G050,G075,3.0682913e-06,1
G037,G090,3.043183e-06,1
G051,G074,3.0166684e-06,1
G039,G091,2.9790056e-06,1
G043,G088,2.9669588e-06,1
G088,G064,2.9645846e-06,1
G052,G075,2.895509e-06,1
G005,G070,2.8742636e-06,1
G017,G061,2.864921e-06,1
G073,G055,2.8078573e-06,1
G069,G058,2.7391638e-06,1
G072,G075,2.6732557e-06,1
G017,G093,2.5462928e-06,1
G028,G064,2.522552e-06,1
G003,G024,2.4844135e-06,1
G002,G085,2.4142146e-06,1
G003,G056,2.3638297e-06,1
G093,G027,2.3225423e-06,1
G027,G041,2.2884608e-06,1
G079,G057,1.9767274e-06,1
G064,G075,1.9217428e-06,1
G017,G054,1.8357808e-06,1
G010,G058,1.7498087e-06,1
G027,G013,1.6987776e-06,1
G093,G056,1.6224079e-06,1
G017,G098,1.5429753e-06,1
G089,G059,1.53106e-06,1
G023,G065,1.4637264e-06,1
G053,G008,1.4231204e-06,1
G055,G020,1.3810081e-06,1
G062,G024,1.3582621e-06,1
G010,G079,1.2227794e-06,1
G098,G047,1.2164342e-06,1
G071,G085,1.1095119e-06,1
G098,G002,1.1073628e-06,1
G037,G051,1.0039028e-06,1
G073,G052,8.952709e-07,1
G010,G019,8.71898e-07,1
G027,G060,8.630231e-07,1
G070,G025,8.472197e-07,1
G093,G091,7.9333824e-07,1
G042,G053,7.6588003e-07,1
G062,G075,7.4312345e-07,1
G047,G038,6.4669234e-07,1
G085,G006,6.396444e-07,1
G017,G036,5.9381125e-07,1
G041,G082,4.96151e-07,1
G023,G038,4.856817e-07,1
G088,G052,4.0234457e-07,1
G018,G091,2.8994035e-07,1
G067,G052,2.6339637e-07,1
G096,G011,2.0626014e-07,1
G031,G055,2.0424282e-07,1
G071,G083,1.4520704e-07,1
G070,G078,1.2624119e-07,1
G005,G090,1.3600082e-08,1
G020,G049,-4.5068724e-08,-1
G084,G092,-8.480898e-08,-1
G003,G008,-9.005981e-08,-1
G031,G092,-1.4742221e-07,-1
G093,G094,-1.6070953e-07,-1
G064,G078,-2.2208455e-07,-1
G092,G051,-3.8200793e-07,-1
G031,G049,-3.9150459e-07,-1
G067,G091,-4.1453887e-07,-1
G082,G039,-4.2029998e-07,-1
G035,G033,-4.6258387e-07,-1
G091,G070,-4.7266147e-07,-1
G002,G048,-5.0597725e-07,-1
G055,G092,-5.698836e-07,-1
G095,G043,-6.361096e-07,-1
G028,G043,-7.814367e-07,-1
G054,G070,-8.877808e-07,-1
G099,G035,-9.1612895e-07,-1
G043,G073,-9.2587436e-07,-1
G017,G091,-9.3581417e-07,-1
G093,G073,-9.986259e-07,-1
G017,G009,-1.1016268e-06,-1
G002,G035,-1.2390796e-06,-1
G042,G098,-1.3145816e-06,-1
G033,G038,-1.3309972e-06,-1
G088,G019,-1.4484016e-06,-1
G001,G035,-1.4922873e-06,-1
G018,G097,-1.5506333e-06,-1
G012,G020,-1.6049202e-06,-1
G079,G056,-1.6238693e-06,-1
G039,G069,-1.6470333e-06,-1
G077,G027,-1.6685149e-06,-1
G070,G021,-1.6982202e-06,-1
G004,G053,-1.7119626e-06,-1
G071,G065,-1.7690923e-06,-1
G024,G083,-1.8350163e-06,-1
G079,G043,-1.8410038e-06,-1
G084,G018,-1.8642729e-06,-1
G067,G020,-1.8911127e-06,-1
G046,G021,-1.9607664e-06,-1
G074,G005,-1.99251e-06,-1
G028,G049,-2.03533e-06,-1
G017,G081,-2.0745726e-06,-1
G037,G056,-2.0747905e-06,-1
G044,G091,-2.107867e-06,-1
G001,G029,-2.1233436e-06,-1
G002,G028,-2.1404562e-06,-1
G080,G021,-2.1497472e-06,-1
G099,G087,-2.1917244e-06,-1
G092,G053,-2.1955207e-06,-1
G006,G027,-2.4095693e-06,-1
G076,G078,-2.475857e-06,-1
G084,G083,-2.4988367e-06,-1
G001,G019,-2.5316124e-06,-1
G074,G094,-2.548916e-06,-1
G048,G049,-2.5937618e-06,-1
G089,G078,-2.6637342e-06,-1
G079,G036,-2.8079542e-06,-1
G080,G072,-2.863529e-06,-1
G027,G058,-2.8670581e-06,-1
G012,G068,-2.911797e-06,-1
G093,G086,-2.9621592e-06,-1
G024,G051,-2.9995585e-06,-1
G081,G029,-3.1373966e-06,-1
G091,G051,-3.1656414e-06,-1
G067,G068,-3.1688646e-06,-1
G076,G083,-3.2419002e-06,-1
G012,G050,-3.3735037e-06,-1
G050,G023,-3.460249e-06,-1
G073,G060,-3.5576363e-06,-1
G066,G001,-3.5735525e-06,-1
G055,G021,-3.5891926e-06,-1
G091,G043,-3.6377846e-06,-1
G053,G047,-3.6439037e-06,-1
G065,G018,-3.7589627e-06,-1
G050,G056,-3.847281e-06,-1
G077,G076,-3.8706894e-06,-1
G096,G077,-3.991486e-06,-1
G098,G016,-4.0324276e-06,-1
G075,G095,-4.134921e-06,-1
G064,G022,-4.2975307e-06,-1
G046,G090,-4.455766e-06,-1
G093,G097,-4.467726e-06,-1
G011,G064,-4.596461e-06,-1
G062,G018,-4.733699e-06,-1
G037,G022,-4.7383355e-06,-1
G031,G086,-4.8886463e-06,-1
G052,G050,-5.0365024e-06,-1
G017,G073,-5.141863e-06,-1
G043,G065,-5.1752777e-06,-1
G089,G086,-5.448063e-06,-1
G077,G075,-5.454549e-06,-1
G079,G050,-5.478681e-06,-1
G060,G071,-5.5072373e-06,-1
G005,G088,-5.6319827e-06,-1
G052,G060,-5.6753024e-06,-1
G072,G025,-5.6787862e-06,-1
G025,G018,-5.723591e-06,-1
G042,G014,-5.8008773e-06,-1
G072,G097,-5.816897e-06,-1
G024,G069,-5.834218e-06,-1
G001,G040,-5.8943083e-06,-1
G027,G082,-5.9004146e-06,-1
G031,G020,-5.9264075e-06,-1
G027,G086,-5.9755553e-06,-1
G067,G088,-6.0585744e-06,-1
G066,G062,-6.1198652e-06,-1
G054,G074,-6.1746564e-06,-1
G099,G088,-6.250179e-06,-1
G037,G089,-6.2651106e-06,-1
G053,G048,-6.296751e-06,-1
G054,G003,-6.330608e-06,-1
G007,G081,-6.3388584e-06,-1
G043,G091,-6.484392e-06,-1
G038,G066,-6.521768e-06,-1
G055,G013,-6.552983e-06,-1
G020,G006,-6.6257144e-06,-1
G086,G059,-6.735032e-06,-1
G064,G070,-6.789951e-06,-1
G024,G050,-6.8009626e-06,-1
G028,G003,-6.837816e-06,-1
G091,G080,-6.8617746e-06,-1
G092,G085,-6.8879795e-06,-1
G010,G070,-6.984857e-06,-1
G082,G064,-7.0235446e-06,-1
G092,G094,-7.0399274e-06,-1
G043,G081,-7.079187e-06,-1
G004,G080,-7.08885e-06,-1
G027,G098,-7.091044e-06,-1
G077,G086,-7.109718e-06,-1
G099,G028,-7.1375766e-06,-1
G002,G068,-7.1816194e-06,-1
G071,G097,-7.2324015e-06,-1
G089,G058,-7.240449e-06,-1
G082,G052,-7.247833e-06,-1
G081,G067,-7.2862117e-06,-1
G075,G062,-7.316607e-06,-1
G012,G054,-7.346954e-06,-1
G036,G008,-7.471375e-06,-1
G069,G073,-7.4939535e-06,-1
G086,G062,-7.5460093e-06,-1
G066,G063,-7.6608885e-06,-1
G039,G066,-7.829388e-06,-1
G006,G073,-7.852185e-06,-1
G016,G030,-7.854917e-06,-1
G077,G074,-7.895401e-06,-1
G015,G035,-7.912086e-06,-1
G084,G014,-7.924155e-06,-1
G014,G086,-8.105849e-06,-1
G041,G051,-8.112705e-06,-1
G082,G011,-8.176199e-06,-1
G092,G008,-8.181393e-06,-1
G017,G011,-8.19342e-06,-1
G092,G020,-8.217606e-06,-1
G072,G051,-8.224508e-06,-1
G049,G076,-8.243603e-06,-1
G096,G037,-8.39828e-06,-1
G020,G022,-8.5108995e-06,-1
G065,G068,-8.641028e-06,-1
G023,G066,-8.839934e-06,-1
G018,G077,-8.8483175e-06,-1
G020,G016,-8.878616e-06,-1
G044,G066,-8.882449e-06,-1
G012,G069,-8.962819e-06,-1
G003,G021,-9.010863e-06,-1
G038,G075,-9.045144e-06,-1
G093,G047,-9.105103e-06,-1
G089,G063,-9.1865e-06,-1
G006,G056,-9.220123e-06,-1
G070,G038,-9.239613e-06,-1
G013,G083,-9.312158e-06,-1
G043,G062,-9.3422805e-06,-1
G004,G071,-9.4661145e-06,-1
G046,G045,-9.505736e-06,-1
G092,G022,-9.615002e-06,-1
G050,G096,-9.64238e-06,-1
G082,G043,-9.705048e-06,-1
G039,G064,-9.714821e-06,-1
G054,G039,-9.720315e-06,-1
G099,G058,-9.750051e-06,-1
G030,G080,-9.806534e-06,-1
G090,G036,-9.882651e-06,-1
G089,G052,-9.8967075e-06,-1
G023,G092,-9.921314e-06,-1
G050,G058,-9.943058e-06,-1
G037,G053,-9.967455e-06,-1
G002,G025,-1.0047432e-05,-1
G070,G001,-1.0071785e-05,-1
G080,G029,-1.0186524e-05,-1
G074,G011,-1.020366e-05,-1
G064,G067,-1.0214472e-05,-1
G031,G068,-1.0281769e-05,-1
G003,G068,-1.0358004e-05,-1
G075,G001,-1.0431545e-05,-1
G024,G057,-1.0544132e-05,-1
G065,G041,-1.0651008e-05,-1
G092,G098,-1.0656568e-05,-1
G062,G066,-1.073526e-05,-1
G014,G085,-1.0747189e-05,-1
G098,G080,-1.0814945e-05,-1
G049,G044,-1.0827538e-05,-1
G046,G017,-1.0881223e-05,-1
G080,G084,-1.0892572e-05,-1
G026,G093,-1.1033455e-05,-1
G006,G042,-1.10749015e-05,-1
G055,G086,-1.1138147e-05,-1
G033,G069,-1.1231641e-05,-1
G049,G097,-1.1251778e-05,-1
G030,G045,-1.1335716e-05,-1
G042,G052,-1.1355005e-05,-1
G050,G049,-1.1421265e-05,-1
G042,G082,-1.14869335e-05,-1
G017,G057,-1.1507482e-05,-1
G002,G030,-1.1514623e-05,-1
G003,G065,-1.1594146e-05,-1
G014,G067,-1.1600108e-05,-1
G078,G045,-1.1660582e-05,-1
G086,G045,-1.1856855e-05,-1
G038,G005,-1.1897907e-05,-1
G026,G083,-1.1970675e-05,-1
G096,G074,-1.2037674e-05,-1
G093,G044,-1.2142963e-05,-1
G082,G018,-1.2187749e-05,-1
G077,G063,-1.2232056e-05,-1
G070,G062,-1.2287817e-05,-1
G003,G090,-1.2361924e-05,-1
G018,G094,-1.2448737e-05,-1
G073,G043,-1.2457693e-05,-1
G015,G038,-1.2526777e-05,-1
G073,G062,-1.2554942e-05,-1
G014,G060,-1.2612724e-05,-1
G072,G048,-1.2695014e-05,-1
G070,G024,-1.27234725e-05,-1
G004,G058,-1.27518215e-05,-1
G066,G041,-1.28029005e-05,-1
G020,G070,-1.2824504e-05,-1
G087,G082,-1.2828349e-05,-1
G020,G030,-1.2906207e-05,-1
G098,G009,-1.2922115e-05,-1
G029,G021,-1.2930823e-05,-1
G076,G064,-1.298416e-05,-1
G014,G048,-1.3003595e-05,-1
G073,G004,-1.3021671e-05,-1
G060,G073,-1.3033626e-05,-1
G042,G086,-1.3327453e-05,-1
G044,G085,-1.3332642e-05,-1
G035,G083,-1.3355823e-05,-1
G067,G083,-1.344727e-05,-1
G082,G075,-1.3460037e-05,-1
G079,G091,-1.3463805e-05,-1
G011,G089,-1.3550196e-05,-1
G092,G044,-1.3631559e-05,-1
G052,G078,-1.36853705e-05,-1
G043,G092,-1.371237e-05,-1
G015,G092,-1.3852435e-05,-1
G001,G057,-1.38555715e-05,-1
G098,G078,-1.3863282e-05,-1
G089,G062,-1.41569235e-05,-1
G088,G079,-1.4180084e-05,-1
G042,G092,-1.4189524e-05,-1
G082,G032,-1.4190475e-05,-1
G018,G086,-1.421374e-05,-1
G036,G075,-1.4277266e-05,-1
G031,G083,-1.4284014e-05,-1
G014,G075,-1.4315506e-05,-1
G087,G023,-1.43234065e-05,-1
G018,G038,-1.4460169e-05,-1
G009,G051,-1.4471158e-05,-1
G026,G025,-1.4527184e-05,-1
G065,G024,-1.4566567e-05,-1
G052,G067,-1.4784124e-05,-1
G086,G003,-1.4859236e-05,-1
G084,G081,-1.5143648e-05,-1
G008,G036,-1.5222265e-05,-1
G055,G073,-1.5225741e-05,-1
G077,G061,-1.5275149e-05,-1
G077,G050,-1.532627e-05,-1
G026,G044,-1.5348909e-05,-1
G087,G088,-1.5520209e-05,-1
G073,G020,-1.5533724e-05,-1
G079,G065,-1.5535998e-05,-1
G092,G032,-1.5576976e-05,-1
G044,G021,-1.5607498e-05,-1
G045,G004,-1.5672274e-05,-1
G014,G004,-1.5711157e-05,-1
G076,G050,-1.5712281e-05,-1
G085,G038,-1.5716922e-05,-1
G065,G066,-1.5833542e-05,-1
G089,G083,-1.5840022e-05,-1
G098,G093,-1.5859156e-05,-1
G087,G041,-1.5876743e-05,-1
G052,G083,-1.5928374e-05,-1
G088,G058,-1.5941561e-05,-1
G050,G014,-1.6027732e-05,-1
G093,G098,-1.6055817e-05,-1
G079,G078,-1.6059537e-05,-1
G063,G008,-1.616084e-05,-1
G096,G009,-1.6171185e-05,-1
G059,G007,-1.61725e-05,-1
G002,G050,-1.6190083e-05,-1
G042,G065,-1.625473e-05,-1
G064,G068,-1.6266065e-05,-1
G025,G045,-1.6327198e-05,-1
G018,G062,-1.64546e-05,-1
G053,G073,-1.6534435e-05,-1
G006,G011,-1.6547749e-05,-1
G073,G025,-1.6547916e-05,-1
G079,G003,-1.655378e-05,-1
G082,G060,-1.655797e-05,-1
G025,G044,-1.6625007e-05,-1
G036,G027,-1.6643362e-05,-1
G038,G008,-1.6660626e-05,-1
G042,G064,-1.6696888e-05,-1
G012,G097,-1.672567e-05,-1
G018,G027,-1.6733575e-05,-1
G069,G009,-1.6836957e-05,-1
G066,G067,-1.687238e-05,-1
G067,G032,-1.688735e-05,-1
G093,G042,-1.6926844e-05,-1
G065,G089,-1.6935212e-05,-1
G003,G033,-1.7006767e-05,-1
G066,G092,-1.702731e-05,-1
G008,G018,-1.7090479e-05,-1
G015,G040,-1.71143e-05,-1
G055,G050,-1.7128707e-05,-1
G053,G045,-1.7140941e-05,-1
G009,G059,-1.715112e-05,-1
G069,G014,-1.7178285e-05,-1
G003,G086,-1.720101e-05,-1
G086,G020,-1.72398e-05,-1
G027,G049,-1.743557e-05,-1
G013,G086,-1.7463817e-05,-1
G044,G081,-1.7474536e-05,-1
G001,G073,-1.7521777e-05,-1
G017,G052,-1.765316e-05,-1
G077,G039,-1.7659779e-05,-1
G050,G073,-1.768015e-05,-1
G017,G058,-1.7742688e-05,-1
G079,G020,-1.7745024e-05,-1
G091,G082,-1.7810282e-05,-1
G073,G032,-1.7855395e-05,-1
G003,G053,-1.819421e-05,-1
G091,G003,-1.820814e-05,-1
G079,G028,-1.823925e-05,-1
G006,G087,-1.8302475e-05,-1
G035,G064,-1.837103e-05,-1
G018,G069,-1.8392775e-05,-1
G012,G092,-1.8418556e-05,-1
G051,G029,-1.8453435e-05,-1
G099,G092,-1.8515935e-05,-1
G037,G049,-1.8618297e-05,-1
G018,G058,-1.8626835e-05,-1
G092,G074,-1.8648834e-05,-1
G052,G073,-1.8670491e-05,-1
G018,G052,-1.8680055e-05,-1
G087,G078,-1.8700057e-05,-1
G050,G081,-1.8780924e-05,-1
G028,G063,-1.8856847e-05,-1
G070,G032,-1.8866069e-05,-1
G053,G014,-1.891487e-05,-1
G084,G064,-1.9071049e-05,-1
G043,G089,-1.915473e-05,-1
G042,G071,-1.9196925e-05,-1
G066,G060,-1.9269639e-05,-1
G021,G029,-1.9292278e-05,-1
G012,G060,-1.9351923e-05,-1
G017,G020,-1.9352652e-05,-1
G091,G086,-1.9354045e-05,-1
G049,G081,-1.9480925e-05,-1
G086,G070,-1.9588506e-05,-1
G015,G055,-1.9595887e-05,-1
G050,G021,-1.9708274e-05,-1
G084,G066,-1.9710893e-05,-1
G028,G092,-1.9841293e-05,-1
G020,G073,-1.9967689e-05,-1
G083,G042,-1.9971745e-05,-1
G002,G013,-1.9994e-05,-1
G088,G023,-2.0019503e-05,-1
G002,G083,-2.0085916e-05,-1
G086,G050,-2.0131503e-05,-1
G076,G097,-2.0138079e-05,-1
G026,G077,-2.0179697e-05,-1
G072,G068,-2.053065e-05,-1
G066,G069,-2.0532316e-05,-1
G067,G056,-2.06874e-05,-1
G036,G092,-2.0690672e-05,-1
G013,G030,-2.0735002e-05,-1
G063,G070,-2.0766842e-05,-1
G063,G083,-2.0771275e-05,-1
G065,G004,-2.0897834e-05,-1
G087,G051,-2.0929556e-05,-1
G044,G063,-2.093502e-05,-1
G018,G070,-2.0973832e-05,-1
G017,G032,-2.098239e-05,-1
G038,G085,-2.1004058e-05,-1
G089,G080,-2.1068401e-05,-1
G088,G007,-2.1075422e-05,-1
G039,G059,-2.1208347e-05,-1
G030,G019,-2.1226493e-05,-1
G028,G097,-2.1232643e-05,-1
G033,G092,-2.1357331e-05,-1
G048,G020,-2.1378724e-05,-1
G099,G052,-2.1379768e-05,-1
G092,G041,-2.1423488e-05,-1
G073,G003,-2.1643235e-05,-1
G021,G002,-2.1741216e-05,-1
G055,G091,-2.17563e-05,-1
G013,G001,-2.1763297e-05,-1
G033,G065,-2.1773752e-05,-1
G038,G076,-2.1814441e-05,-1
G016,G052,-2.1827092e-05,-1
G066,G024,-2.1940048e-05,-1
G067,G070,-2.2004706e-05,-1
G016,G049,-2.2084134e-05,-1
G035,G052,-2.2183394e-05,-1
G010,G004,-2.2193683e-05,-1
G010,G029,-2.2248323e-05,-1
G062,G091,-2.2282215e-05,-1
G026,G069,-2.2294424e-05,-1
G059,G100,-2.2397102e-05,-1
G073,G072,-2.2413487e-05,-1
G051,G034,-2.2477572e-05,-1
G042,G067,-2.25768e-05,-1
G087,G044,-2.2748685e-05,-1
G092,G073,-2.280345e-05,-1
G023,G082,-2.2854332e-05,-1
G007,G088,-2.2871553e-05,-1
G043,G068,-2.295485e-05,-1
G079,G061,-2.3008897e-05,-1
G024,G039,-2.3018923e-05,-1
G066,G039,-2.3036484e-05,-1
G044,G011,-2.3038485e-05,-1
G056,G098,-2.3082303e-05,-1
G003,G095,-2.3108822e-05,-1
G050,G055,-2.313495e-05,-1
G091,G092,-2.3174729e-05,-1
G082,G050,-2.320418e-05,-1
G027,G030,-2.3297991e-05,-1
G082,G021,-2.3337941e-05,-1
G053,G028,-2.3415827e-05,-1
G037,G036,-2.3452763e-05,-1
G028,G060,-2.3574092e-05,-1
G042,G094,-2.3602379e-05,-1
G013,G080,-2.3640265e-05,-1
G031,G079,-2.3653136e-05,-1
G092,G030,-2.365864e-05,-1
G026,G024,-2.3712886e-05,-1
G012,G057,-2.3716944e-05,-1
G011,G097,-2.3795139e-05,-1
G020,G066,-2.3848079e-05,-1
G035,G088,-2.3968976e-05,-1
G089,G079,-2.3977209e-05,-1
G026,G032,-2.3993674e-05,-1
G002,G070,-2.4137013e-05,-1
G056,G088,-2.4158237e-05,-1
G005,G068,-2.4169069e-05,-1
G092,G043,-2.4176205e-05,-1
G036,G097,-2.4217894e-05,-1
G017,G074,-2.436999e-05,-1
G036,G055,-2.4393126e-05,-1
G037,G060,-2.4442039e-05,-1
G036,G009,-2.4505694e-05,-1
G078,G088,-2.4510338e-05,-1
G035,G078,-2.465193e-05,-1
G078,G029,-2.4652054e-05,-1
G042,G055,-2.4745985e-05,-1
G089,G035,-2.4812496e-05,-1
G086,G057,-2.4836836e-05,-1
G011,G070,-2.4869581e-05,-1
G030,G046,-2.49368e-05,-1
G053,G051,-2.511054e-05,-1
G013,G068,-2.5114414e-05,-1
G057,G041,-2.5173778e-05,-1
G079,G062,-2.5212612e-05,-1
G082,G090,-2.5213094e-05,-1
G023,G049,-2.525096e-05,-1
G044,G069,-2.5292029e-05,-1
G053,G029,-2.5293757e-05,-1
G021,G023,-2.5298676e-05,-1
G099,G033,-2.5421705e-05,-1
G015,G014,-2.5529771e-05,-1
G066,G013,-2.5609248e-05,-1
G089,G056,-2.5643349e-05,-1
G054,G040,-2.5714478e-05,-1
G100,G020,-2.5755247e-05,-1
G086,G085,-2.5771024e-05,-1
G065,G027,-2.5785344e-05,-1
G028,G022,-2.5879033e-05,-1
G050,G084,-2.5942758e-05,-1
G080,G035,-2.5956824e-05,-1
G038,G097,-2.6029396e-05,-1
G072,G070,-2.6041585e-05,-1
G047,G089,-2.6176956e-05,-1
G091,G077,-2.6204572e-05,-1
G049,G009,-2.6228134e-05,-1
G093,G076,-2.6254456e-05,-1
G043,G064,-2.625962e-05,-1
G084,G049,-2.6330037e-05,-1
G035,G067,-2.6385022e-05,-1
G006,G016,-2.6425134e-05,-1
G014,G038,-2.6446085e-05,-1
G015,G081,-2.6509879e-05,-1
G055,G082,-2.6515821e-05,-1
G012,G029,-2.6769756e-05,-1
G026,G023,-2.680214e-05,-1
G001,G038,-2.6835682e-05,-1
G079,G041,-2.687507e-05,-1
G002,G044,-2.7093383e-05,-1
G014,G097,-2.7104094e-05,-1
G084,G056,-2.7114374e-05,-1
G042,G070,-2.7134376e-05,-1
G048,G097,-2.7187289e-05,-1
G084,G041,-2.7284525e-05,-1
G088,G091,-2.746731e-05,-1
G093,G024,-2.7475206e-05,-1
G014,G021,-2.7498605e-05,-1
G017,G023,-2.7586362e-05,-1
G017,G053,-2.7781964e-05,-1
G086,G073,-2.779386e-05,-1
G063,G025,-2.7869843e-05,-1
G065,G008,-2.7879505e-05,-1
G028,G052,-2.7883625e-05,-1
G033,G072,-2.8097107e-05,-1
G038,G063,-2.816184e-05,-1
G038,G023,-2.8343025e-05,-1
G091,G039,-2.8428352e-05,-1
G063,G086,-2.8513008e-05,-1
G065,G070,-2.8771783e-05,-1
G067,G063,-2.8777178e-05,-1
G037,G043,-2.877941e-05,-1
G071,G025,-2.8969373e-05,-1
G035,G038,-2.8974133e-05,-1
G014,G035,-2.900353e-05,-1
G036,G018,-2.9035547e-05,-1
G082,G069,-2.9064626e-05,-1
G017,G060,-2.906852e-05,-1
G014,G088,-2.9095509e-05,-1
G076,G045,-2.9095989e-05,-1
G024,G065,-2.9179046e-05,-1
G067,G058,-2.9182074e-05,-1
G053,G094,-2.9259301e-05,-1
G067,G065,-2.9389626e-05,-1
G064,G023,-2.9456127e-05,-1
G087,G066,-2.9476216e-05,-1
G062,G042,-2.9550316e-05,-1
G023,G097,-2.955042e-05,-1
G069,G048,-2.9628278e-05,-1
G026,G003,-2.9688716e-05,-1
G048,G082,-2.9722169e-05,-1
G079,G070,-2.973896e-05,-1
G085,G048,-2.9830142e-05,-1
G025,G008,-2.987812e-05,-1
G096,G093,-2.9891113e-05,-1
G031,G065,-2.9907944e-05,-1
G094,G019,-2.992137e-05,-1
G076,G013,-2.9984538e-05,-1
G079,G052,-3.015555e-05,-1
G075,G003,-3.0283754e-05,-1
G050,G053,-3.0378038e-05,-1
G051,G094,-3.0459943e-05,-1
G042,G062,-3.0461779e-05,-1
G033,G060,-3.0479569e-05,-1
G055,G025,-3.0487143e-05,-1
G023,G067,-3.0542917e-05,-1
G065,G090,-3.0561452e-05,-1
G031,G024,-3.0620056e-05,-1
G067,G022,-3.0625935e-05,-1
G006,G069,-3.0628547e-05,-1
G018,G090,-3.063433e-05,-1
G036,G022,-3.0669515e-05,-1
G098,G011,-3.067652e-05,-1
G003,G051,-3.071567e-05,-1
G097,G059,-3.0721567e-05,-1
G015,G008,-3.078332e-05,-1
G012,G025,-3.0943327e-05,-1
G077,G016,-3.1093332e-05,-1
G047,G091,-3.1148873e-05,-1
G014,G089,-3.118221e-05,-1
G024,G022,-3.1190924e-05,-1
G089,G075,-3.120877e-05,-1
G082,G044,-3.1217747e-05,-1
G016,G086,-3.1338106e-05,-1
G073,G017,-3.1441254e-05,-1
G053,G096,-3.146305e-05,-1
G039,G070,-3.1478052e-05,-1
G076,G025,-3.149057e-05,-1
G077,G036,-3.156473e-05,-1
G013,G041,-3.160031e-05,-1
G016,G055,-3.1627944e-05,-1
G083,G066,-3.1723717e-05,-1
G079,G066,-3.1734206e-05,-1
G006,G019,-3.1737552e-05,-1
G030,G032,-3.174404e-05,-1
G046,G044,-3.175641e-05,-1
G035,G004,-3.177095e-05,-1
G063,G014,-3.1853113e-05,-1
G094,G040,-3.1870626e-05,-1
G019,G065,-3.1889813e-05,-1
G064,G050,-3.192403e-05,-1
G038,G011,-3.2126038e-05,-1
G001,G080,-3.2155393e-05,-1
G016,G092,-3.219757e-05,-1
G063,G055,-3.220178e-05,-1
G094,G034,-3.229014e-05,-1
G006,G072,-3.232949e-05,-1
G099,G016,-3.235447e-05,-1
G084,G035,-3.2524833e-05,-1
G094,G017,-3.2568656e-05,-1
G043,G049,-3.261433e-05,-1
G098,G008,-3.268273e-05,-1
G100,G050,-3.26831e-05,-1
G025,G042,-3.2706383e-05,-1
G072,G036,-3.2752298e-05,-1
G078,G090,-3.277708e-05,-1
G077,G003,-3.2887136e-05,-1
G067,G071,-3.2919477e-05,-1
G093,G009,-3.2941924e-05,-1
G018,G065,-3.3013144e-05,-1
G089,G071,-3.3087726e-05,-1
G069,G027,-3.3104177e-05,-1
G064,G094,-3.3177803e-05,-1
G071,G062,-3.3190492e-05,-1
G001,G087,-3.321887e-05,-1
G024,G086,-3.3231976e-05,-1
G067,G076,-3.329946e-05,-1
G046,G068,-3.3488635e-05,-1
G060,G027,-3.3502693e-05,-1
G087,G067,-3.352962e-05,-1
G068,G003,-3.3533866e-05,-1
G067,G095,-3.3548764e-05,-1
G086,G052,-3.357303e-05,-1
G047,G075,-3.3584314e-05,-1
G062,G063,-3.3797227e-05,-1
G042,G069,-3.3883098e-05,-1
G050,G012,-3.3953515e-05,-1
G002,G097,-3.4025416e-05,-1
G069,G074,-3.4081026e-05,-1
G092,G039,-3.4095887e-05,-1
G069,G067,-3.411302e-05,-1
G079,G049,-3.413026e-05,-1
G059,G054,-3.4241337e-05,-1
G098,G056,-3.42521e-05,-1
G086,G030,-3.4267152e-05,-1
G052,G009,-3.4270528e-05,-1
G056,G033,-3.427682e-05,-1
G002,G043,-3.4321547e-05,-1
G080,G004,-3.440281e-05,-1
G043,G008,-3.4418368e-05,-1
G069,G053,-3.4623277e-05,-1
G071,G088,-3.4688524e-05,-1
G088,G073,-3.472239e-05,-1
G070,G056,-3.473068e-05,-1
G073,G053,-3.476289e-05,-1
G039,G014,-3.5063542e-05,-1
G091,G018,-3.523087e-05,-1
G063,G044,-3.523232e-05,-1
G013,G055,-3.52444e-05,-1
G014,G078,-3.525373e-05,-1
G088,G020,-3.525862e-05,-1
G065,G064,-3.5285117e-05,-1
G092,G027,-3.5288358e-05,-1
G020,G013,-3.530374e-05,-1
G065,G067,-3.5413253e-05,-1
G042,G045,-3.551252e-05,-1
G028,G086,-3.5603487e-05,-1
G094,G097,-3.564665e-05,-1
G028,G021,-3.5840505e-05,-1
G055,G014,-3.5890225e-05,-1
G037,G048,-3.5935893e-05,-1
G060,G061,-3.6008292e-05,-1
G067,G092,-3.6029844e-05,-1
G071,G032,-3.605257e-05,-1
G003,G038,-3.606165e-05,-1
G036,G088,-3.6093592e-05,-1
G091,G025,-3.6147616e-05,-1
G088,G082,-3.6264002e-05,-1
G055,G075,-3.6334688e-05,-1
G071,G081,-3.6380858e-05,-1
G027,G072,-3.640675e-05,-1
G053,G085,-3.6500456e-05,-1
G037,G029,-3.65303e-05,-1
G089,G043,-3.6540714e-05,-1
G016,G032,-3.660784e-05,-1
G014,G022,-3.6738737e-05,-1
G004,G078,-3.6849135e-05,-1
G017,G055,-3.6863006e-05,-1
G053,G043,-3.6874353e-05,-1
G028,G088,-3.6903573e-05,-1
G012,G062,-3.6910315e-05,-1
G097,G062,-3.692631e-05,-1
G037,G032,-3.6932794e-05,-1
G079,G025,-3.703874e-05,-1
G035,G076,-3.7104935e-05,-1
G042,G038,-3.713765e-05,-1
G065,G003,-3.722388e-05,-1
G038,G035,-3.7237765e-05,-1
G095,G045,-3.732209e-05,-1
G073,G081,-3.7345e-05,-1
G047,G066,-3.738446e-05,-1
G070,G051,-3.745361e-05,-1
G084,G055,-3.749242e-05,-1
G046,G078,-3.7497502e-05,-1
G019,G053,-3.7512138e-05,-1
G042,G056,-3.7518133e-05,-1
G098,G038,-3.760284e-05,-1
G038,G032,-3.7637532e-05,-1
G026,G050,-3.7721653e-05,-1
G006,G065,-3.7762242e-05,-1
G050,G065,-3.780671e-05,-1
G089,G019,-3.7847723e-05,-1
G062,G089,-3.786542e-05,-1
G026,G008,-3.7939382e-05,-1
G081,G090,-3.8007278e-05,-1
G092,G060,-3.806321e-05,-1
G089,G069,-3.807284e-05,-1
G036,G059,-3.8091923e-05,-1
G034,G012,-3.80935e-05,-1
G053,G089,-3.8241516e-05,-1
G018,G088,-3.8259815e-05,-1
G067,G062,-3.831361e-05,-1
G012,G038,-3.838084e-05,-1
G003,G069,-3.8405044e-05,-1
G002,G062,-3.841379e-05,-1
G002,G080,-3.8517945e-05,-1
G003,G027,-3.857162e-05,-1
G030,G069,-3.8655897e-05,-1
G043,G057,-3.875379e-05,-1
G092,G097,-3.877608e-05,-1
G082,G073,-3.8782055e-05,-1
G053,G039,-3.884077e-05,-1
G044,G073,-3.8907016e-05,-1
G086,G049,-3.8926482e-05,-1
G011,G021,-3.893264e-05,-1
G092,G059,-3.9019516e-05,-1
G017,G086,-3.9020488e-05,-1
G045,G019,-3.9089413e-05,-1
G033,G045,-3.9198774e-05,-1
G086,G048,-3.9267223e-05,-1
G014,G091,-3.9267285e-05,-1
G082,G057,-3.9274644e-05,-1
G015,G042,-3.9283845e-05,-1
G020,G071,-3.930254e-05,-1
G014,G059,-3.934822e-05,-1
G088,G078,-3.9353137e-05,-1
G005,G035,-3.9443847e-05,-1
G007,G023,-3.9514045e-05,-1
G054,G082,-3.952687e-05,-1
G035,G066,-3.952936e-05,-1
G092,G064,-3.9616003e-05,-1
G004,G070,-3.962082e-05,-1
G045,G085,-3.96566e-05,-1
G055,G039,-3.984584e-05,-1
G036,G032,-4.021039e-05,-1
G079,G087,-4.0240797e-05,-1
G060,G005,-4.040423e-05,-1
G037,G078,-4.0519266e-05,-1
G003,G049,-4.0551295e-05,-1
G012,G088,-4.0628784e-05,-1
G073,G091,-4.06359e-05,-1
G007,G075,-4.07238e-05,-1
G024,G074,-4.087417e-05,-1
G070,G059,-4.0944407e-05,-1
G042,G054,-4.0977113e-05,-1
G028,G008,-4.117481e-05,-1
G003,G087,-4.126163e-05,-1
G032,G060,-4.1275216e-05,-1
G006,G064,-4.129325e-05,-1
G079,G017,-4.130642e-05,-1
G049,G059,-4.1350515e-05,-1
G003,G091,-4.1354004e-05,-1
G020,G060,-4.1376166e-05,-1
G076,G024,-4.1397743e-05,-1
G022,G016,-4.1432646e-05,-1
G030,G063,-4.1452004e-05,-1
G074,G041,-4.1543597e-05,-1
G065,G062,-4.159289e-05,-1
G008,G059,-4.179608e-05,-1
G064,G036,-4.1911233e-05,-1
G086,G044,-4.1921445e-05,-1
G073,G095,-4.2053478e-05,-1
G035,G027,-4.2205083e-05,-1
G037,G094,-4.2273692e-05,-1
G032,G072,-4.234983e-05,-1
G089,G044,-4.241612e-05,-1
G026,G076,-4.2416767e-05,-1
G039,G030,-4.2420354e-05,-1
G037,G027,-4.2450392e-05,-1
G065,G069,-4.2462943e-05,-1
G037,G018,-4.2568692e-05,-1
G073,G098,-4.2628788e-05,-1
G052,G066,-4.264822e-05,-1
G091,G028,-4.265366e-05,-1
G043,G100,-4.2669144e-05,-1
G089,G024,-4.273435e-05,-1
G095,G021,-4.2831198e-05,-1
G081,G071,-4.284402e-05,-1
G080,G078,-4.2889817e-05,-1
G079,G067,-4.2912765e-05,-1
G013,G090,-4.295318e-05,-1
G098,G020,-4.2958167e-05,-1
G076,G022,-4.2967804e-05,-1
G062,G029,-4.3003518e-05,-1
G055,G051,-4.3200853e-05,-1
G071,G050,-4.3206153e-05,-1
G077,G060,-4.321874e-05,-1
G053,G064,-4.3268352e-05,-1
G089,G094,-4.3493128e-05,-1
G037,G058,-4.3607255e-05,-1
G010,G093,-4.3627355e-05,-1
G058,G062,-4.3646494e-05,-1
G051,G063,-4.3648593e-05,-1
G095,G022,-4.366228e-05,-1
G048,G090,-4.3685064e-05,-1
G063,G077,-4.370752e-05,-1
G077,G057,-4.3717526e-05,-1
G064,G051,-4.3847165e-05,-1
G051,G091,-4.3986027e-05,-1
G089,G008,-4.4000364e-05,-1
G092,G047,-4.400937e-05,-1
G097,G050,-4.407095e-05,-1
G079,G011,-4.410517e-05,-1
G089,G082,-4.412214e-05,-1
G042,G021,-4.4146378e-05,-1
G091,G058,-4.4154778e-05,-1
G024,G094,-4.4185097e-05,-1
G012,G098,-4.4202363e-05,-1
G036,G031,-4.423212e-05,-1
G069,G098,-4.4239423e-05,-1
G067,G035,-4.4262615e-05,-1
G082,G093,-4.4322216e-05,-1
G003,G097,-4.43387e-05,-1
G025,G090,-4.4406806e-05,-1
G080,G087,-4.441205e-05,-1
G052,G072,-4.4416167e-05,-1
G072,G020,-4.4457553e-05,-1
G092,G055,-4.4501514e-05,-1
G003,G052,-4.4561166e-05,-1
G071,G055,-4.460692e-05,-1
G015,G073,-4.4663244e-05,-1
G064,G098,-4.4763867e-05,-1
G044,G027,-4.4766988e-05,-1
G056,G043,-4.487029e-05,-1
G091,G088,-4.4939123e-05,-1
G082,G072,-4.494349e-05,-1
G020,G052,-4.4984754e-05,-1
G017,G065,-4.500846e-05,-1
G062,G067,-4.5020606e-05,-1
G069,G047,-4.5038243e-05,-1
G013,G008,-4.5045526e-05,-1
G017,G079,-4.5090877e-05,-1
G004,G087,-4.509961e-05,-1
G055,G045,-4.51308e-05,-1
G082,G062,-4.536988e-05,-1
G070,G098,-4.5477726e-05,-1
G034,G088,-4.5514676e-05,-1
G047,G070,-4.555926e-05,-1
G055,G076,-4.563267e-05,-1
G030,G039,-4.5636592e-05,-1
G064,G030,-4.5667697e-05,-1
G013,G038,-4.5702545e-05,-1
G042,G075,-4.570756e-05,-1
G097,G030,-4.5741046e-05,-1
G098,G096,-4.5778477e-05,-1
G062,G061,-4.5789544e-05,-1
G046,G008,-4.5799392e-05,-1
G091,G033,-4.5856777e-05,-1
G038,G027,-4.590191e-05,-1
G064,G027,-4.5918947e-05,-1
G055,G038,-4.5988774e-05,-1
G044,G083,-4.612655e-05,-1
G092,G056,-4.6129644e-05,-1
G028,G029,-4.6154015e-05,-1
G054,G078,-4.621056e-05,-1
G039,G089,-4.6282625e-05,-1
G019,G087,-4.630541e-05,-1
G014,G025,-4.6392146e-05,-1
G092,G082,-4.6414407e-05,-1
G017,G006,-4.6529793e-05,-1
G004,G065,-4.657329e-05,-1
G089,G041,-4.6592755e-05,-1
G065,G035,-4.6725152e-05,-1
G015,G057,-4.673514e-05,-1
G015,G054,-4.677614e-05,-1
G003,G030,-4.6816836e-05,-1
G003,G083,-4.6870242e-05,-1
G019,G021,-4.709077e-05,-1
G091,G052,-4.710659e-05,-1
G062,G057,-4.7113328e-05,-1
G086,G029,-4.718122e-05,-1
G091,G021,-4.735816e-05,-1
G051,G016,-4.750352e-05,-1
G084,G048,-4.7664376e-05,-1
G094,G041,-4.769515e-05,-1
G069,G011,-4.775269e-05,-1
G084,G003,-4.7760735e-05,-1
G046,G049,-4.777005e-05,-1
G039,G097,-4.7771227e-05,-1
G066,G064,-4.791522e-05,-1
G091,G048,-4.7969945e-05,-1
G020,G046,-4.798212e-05,-1
G082,G094,-4.8097623e-05,-1
G064,G020,-4.8133876e-05,-1
G087,G024,-4.8143866e-05,-1
G082,G027,-4.820324e-05,-1
G039,G025,-4.824696e-05,-1
G078,G030,-4.8247548e-05,-1
G091,G067,-4.8328042e-05,-1
G013,G070,-4.834484e-05,-1
G073,G067,-4.842461e-05,-1
G037,G025,-4.8462894e-05,-1
G069,G081,-4.863128e-05,-1
G021,G095,-4.863597e-05,-1
G005,G092,-4.882811e-05,-1
G093,G060,-4.891333e-05,-1
G076,G067,-4.900994e-05,-1
G036,G025,-4.9060785e-05,-1
G038,G022,-4.909059e-05,-1
G070,G075,-4.9139344e-05,-1
G081,G080,-4.9154398e-05,-1
G034,G044,-4.915834e-05,-1
G002,G069,-4.9204235e-05,-1
G045,G023,-4.938308e-05,-1
G005,G022,-4.948758e-05,-1
G015,G034,-4.953424e-05,-1
G020,G088,-4.9557908e-05,-1
G032,G009,-4.9596118e-05,-1
G050,G030,-4.962896e-05,-1
G049,G089,-4.973852e-05,-1
G064,G083,-4.9753115e-05,-1
G076,G065,-4.976131e-05,-1
G039,G008,-4.980763e-05,-1
G055,G068,-4.9863876e-05,-1
G020,G009,-4.987467e-05,-1
G049,G051,-4.987787e-05,-1
G006,G076,-4.996393e-05,-1
G056,G073,-4.998089e-05,-1
G095,G070,-5.000228e-05,-1
G005,G067,-5.01389e-05,-1
G054,G092,-5.0177092e-05,-1
G004,G067,-5.0198614e-05,-1
G042,G076,-5.0199003e-05,-1
G089,G065,-5.0257393e-05,-1
G020,G040,-5.034792e-05,-1
G049,G019,-5.036442e-05,-1
G078,G059,-5.036624e-05,-1
G036,G073,-5.041597e-05,-1
G089,G060,-5.0421757e-05,-1
G055,G070,-5.044762e-05,-1
G064,G029,-5.045213e-05,-1
G092,G075,-5.0466577e-05,-1
G016,G090,-5.0472223e-05,-1
G070,G057,-5.05079e-05,-1
G069,G095,-5.0517803e-05,-1
G087,G011,-5.0518254e-05,-1
G044,G053,-5.0546885e-05,-1
G055,G065,-5.0564333e-05,-1
G078,G036,-5.069085e-05,-1
G091,G073,-5.069793e-05,-1
G089,G076,-5.0723458e-05,-1
G063,G069,-5.0906834e-05,-1
G099,G053,-5.0959392e-05,-1
G026,G029,-5.101827e-05,-1
G032,G056,-5.106828e-05,-1
G036,G068,-5.1088722e-05,-1
G094,G012,-5.120951e-05,-1
G087,G058,-5.1250543e-05,-1
G013,G082,-5.1522293e-05,-1
G078,G065,-5.1534545e-05,-1
G078,G070,-5.158385e-05,-1
G044,G032,-5.1620762e-05,-1
G088,G048,-5.163922e-05,-1
G082,G025,-5.1647516e-05,-1
G033,G019,-5.16891e-05,-1
G043,G045,-5.169615e-05,-1
G087,G003,-5.175417e-05,-1
G035,G063,-5.189256e-05,-1
G092,G083,-5.1937488e-05,-1
G028,G078,-5.1982694e-05,-1
G055,G032,-5.198791e-05,-1
G017,G067,-5.199437e-05,-1
G040,G003,-5.2078853e-05,-1
G030,G079,-5.2142663e-05,-1
G056,G083,-5.2154955e-05,-1
G098,G095,-5.217331e-05,-1
G064,G032,-5.226799e-05,-1
G086,G064,-5.2303985e-05,-1
G042,G030,-5.245807e-05,-1
G020,G053,-5.2466134e-05,-1
G046,G036,-5.2507985e-05,-1
G098,G062,-5.2563064e-05,-1
G071,G064,-5.2594267e-05,-1
G098,G023,-5.266658e-05,-1
G075,G042,-5.276719e-05,-1
G072,G088,-5.27787e-05,-1
G036,G090,-5.2816726e-05,-1
G032,G073,-5.2843418e-05,-1
G067,G014,-5.2871652e-05,-1
G064,G062,-5.289792e-05,-1
G008,G090,-5.2924566e-05,-1
G066,G030,-5.2942498e-05,-1
G091,G023,-5.2953354e-05,-1
G077,G032,-5.296358e-05,-1
G030,G038,-5.2968488e-05,-1
G037,G082,-5.299537e-05,-1
G086,G025,-5.31579e-05,-1
G047,G056,-5.3162057e-05,-1
G066,G022,-5.3194377e-05,-1
G074,G056,-5.3208565e-05,-1
G091,G044,-5.335488e-05,-1
G052,G049,-5.335795e-05,-1
G078,G023,-5.3360032e-05,-1
G037,G050,-5.3427873e-05,-1
G092,G052,-5.344305e-05,-1
G071,G044,-5.3468415e-05,-1
G055,G044,-5.3497355e-05,-1
G026,G055,-5.351232e-05,-1
G042,G087,-5.3559157e-05,-1
G076,G070,-5.358573e-05,-1
G038,G067,-5.3624903e-05,-1
G100,G003,-5.3650056e-05,-1
G033,G032,-5.3663083e-05,-1
G037,G008,-5.383869e-05,-1
G063,G099,-5.393558e-05,-1
G090,G044,-5.398445e-05,-1
G086,G075,-5.4025477e-05,-1
G013,G092,-5.4072898e-05,-1
G013,G078,-5.4074302e-05,-1
G088,G065,-5.41428e-05,-1
G064,G090,-5.4151948e-05,-1
G082,G047,-5.4158696e-05,-1
G017,G043,-5.4204054e-05,-1
G013,G052,-5.4266242e-05,-1
G090,G016,-5.4331944e-05,-1
G067,G018,-5.434305e-05,-1
G015,G018,-5.434495e-05,-1
G010,G098,-5.4351745e-05,-1
G054,G056,-5.4418997e-05,-1
G019,G067,-5.451116e-05,-1
G044,G059,-5.456292e-05,-1
G011,G045,-5.469268e-05,-1
G051,G079,-5.4776836e-05,-1
G092,G018,-5.481611e-05,-1
G035,G022,-5.482288e-05,-1
G063,G051,-5.492791e-05,-1
G094,G008,-5.49516e-05,-1
G084,G036,-5.520557e-05,-1
G063,G073,-5.522126e-05,-1
G011,G024,-5.5308312e-05,-1
G048,G073,-5.5334593e-05,-1
G073,G016,-5.5488013e-05,-1
G004,G066,-5.556829e-05,-1
G086,G089,-5.5576947e-05,-1
G078,G085,-5.559109e-05,-1
G080,G014,-5.5604894e-05,-1
G055,G098,-5.5629567e-05,-1
G018,G041,-5.5660446e-05,-1
G069,G080,-5.5668017e-05,-1
G098,G094,-5.57613e-05,-1
G006,G094,-5.576278e-05,-1
G089,G045,-5.5783104e-05,-1
G050,G027,-5.582764e-05,-1
G087,G020,-5.5858953e-05,-1
G056,G075,-5.586048e-05,-1
G025,G097,-5.5894474e-05,-1
G055,G066,-5.604153e-05,-1
G053,G081,-5.6067536e-05,-1
G023,G032,-5.609273e-05,-1
G017,G044,-5.613079e-05,-1
G082,G048,-5.613617e-05,-1
G080,G089,-5.6142675e-05,-1
G070,G009,-5.614591e-05,-1
G049,G042,-5.6175024e-05,-1
G081,G008,-5.621334e-05,-1
G078,G038,-5.6221663e-05,-1
G017,G090,-5.625757e-05,-1
G096,G072,-5.6309047e-05,-1
G089,G025,-5.634741e-05,-1
G019,G022,-5.637246e-05,-1
G062,G038,-5.639997e-05,-1
G021,G022,-5.640527e-05,-1
G091,G053,-5.6418598e-05,-1
G051,G047,-5.647334e-05,-1
G013,G049,-5.649677e-05,-1
G020,G069,-5.6501787e-05,-1
G005,G073,-5.6543064e-05,-1
G004,G074,-5.6677072e-05,-1
G093,G077,-5.67273e-05,-1
G030,G044,-5.6816792e-05,-1
G012,G071,-5.6850055e-05,-1
G094,G042,-5.6898367e-05,-1
G032,G024,-5.691279e-05,-1
G060,G079,-5.6920922e-05,-1
G008,G066,-5.6942277e-05,-1
G035,G069,-5.695597e-05,-1
G094,G022,-5.7013553e-05,-1
G017,G082,-5.704026e-05,-1
G053,G037,-5.7099845e-05,-1
G083,G078,-5.716381e-05,-1
G026,G045,-5.718116e-05,-1
G048,G062,-5.7357334e-05,-1
G016,G066,-5.742511e-05,-1
G004,G069,-5.7456313e-05,-1
G056,G058,-5.747898e-05,-1
G006,G060,-5.7682766e-05,-1
G039,G029,-5.774371e-05,-1
G038,G025,-5.774379e-05,-1
G015,G078,-5.7743953e-05,-1
G017,G049,-5.7795973e-05,-1
G055,G016,-5.783513e-05,-1
G039,G085,-5.7835394e-05,-1
G039,G075,-5.8007896e-05,-1
G043,G051,-5.8110647e-05,-1
G084,G005,-5.8135785e-05,-1
G079,G048,-5.816743e-05,-1
G003,G081,-5.8299334e-05,-1
G073,G011,-5.8328467e-05,-1
G052,G045,-5.835344e-05,-1
G037,G031,-5.8427493e-05,-1
G098,G075,-5.8480517e-05,-1
G095,G030,-5.8496284e-05,-1
G066,G071,-5.8498958e-05,-1
G015,G023,-5.8571623e-05,-1
G073,G029,-5.857964e-05,-1
G078,G092,-5.8598744e-05,-1
G054,G016,-5.863219e-05,-1
G097,G088,-5.864856e-05,-1
G098,G033,-5.870998e-05,-1
G042,G074,-5.88456e-05,-1
G092,G001,-5.887951e-05,-1
G082,G054,-5.893533e-05,-1
G065,G002,-5.9079117e-05,-1
G063,G047,-5.91425e-05,-1
G066,G052,-5.9174676e-05,-1
G042,G036,-5.9210266e-05,-1
G089,G039,-5.9219932e-05,-1
G035,G070,-5.924489e-05,-1
G017,G083,-5.9251266e-05,-1
G044,G068,-5.9275848e-05,-1
G033,G008,-5.9304864e-05,-1
G030,G084,-5.9370515e-05,-1
G006,G045,-5.9388807e-05,-1
G041,G036,-5.9451002e-05,-1
G027,G028,-5.958599e-05,-1
G013,G056,-5.9606286e-05,-1
G079,G032,-5.9610295e-05,-1
G065,G025,-5.970236e-05,-1
G030,G081,-5.9786766e-05,-1
G007,G003,-5.9825197e-05,-1
G014,G049,-5.9874248e-05,-1
G030,G053,-5.998647e-05,-1
G099,G036,-6.0017806e-05,-1
G100,G012,-6.0018145e-05,-1
G092,G028,-6.0037208e-05,-1
G012,G032,-6.007871e-05,-1
G017,G078,-6.0110688e-05,-1
G064,G087,-6.015469e-05,-1
G055,G067,-6.0229577e-05,-1
G020,G064,-6.0408558e-05,-1
G065,G055,-6.045359e-05,-1
G082,G055,-6.0708928e-05,-1
G079,G053,-6.0784016e-05,-1
G098,G031,-6.079201e-05,-1
G004,G091,-6.0813883e-05,-1
G095,G099,-6.0864073e-05,-1
G047,G060,-6.0977527e-05,-1
G071,G024,-6.0997612e-05,-1
G079,G081,-6.109176e-05,-1
G099,G010,-6.109278e-05,-1
G084,G029,-6.109508e-05,-1
G100,G045,-6.113839e-05,-1
G091,G078,-6.116482e-05,-1
G002,G045,-6.1197155e-05,-1
G065,G063,-6.121758e-05,-1
G078,G064,-6.130257e-05,-1
G018,G036,-6.1336345e-05,-1
G026,G017,-6.135432e-05,-1
G091,G020,-6.137616e-05,-1
G012,G049,-6.1378756e-05,-1
G079,G035,-6.1421924e-05,-1
G063,G098,-6.1638275e-05,-1
G033,G013,-6.168998e-05,-1
G067,G047,-6.1750565e-05,-1
G033,G025,-6.177643e-05,-1
G088,G060,-6.180124e-05,-1
G063,G067,-6.182662e-05,-1
G040,G002,-6.189451e-05,-1
G020,G014,-6.2010746e-05,-1
G065,G059,-6.223021e-05,-1
G042,G029,-6.228306e-05,-1
G087,G059,-6.254099e-05,-1
G042,G031,-6.258888e-05,-1
G062,G098,-6.261543e-05,-1
G007,G092,-6.267846e-05,-1
G030,G040,-6.270205e-05,-1
G092,G062,-6.274452e-05,-1
G096,G080,-6.281817e-05,-1
G097,G008,-6.2869134e-05,-1
G006,G097,-6.300013e-05,-1
G046,G038,-6.3017964e-05,-1
G096,G071,-6.307999e-05,-1
G092,G013,-6.308628e-05,-1
G066,G070,-6.310401e-05,-1
G004,G083,-6.330842e-05,-1
G071,G013,-6.346959e-05,-1
G069,G036,-6.351251e-05,-1
G083,G090,-6.3629195e-05,-1
G041,G023,-6.368039e-05,-1
G010,G031,-6.376852e-05,-1
G055,G078,-6.380541e-05,-1
G006,G030,-6.386086e-05,-1
G038,G019,-6.3905325e-05,-1
G037,G073,-6.393158e-05,-1
G094,G029,-6.401205e-05,-1
G091,G087,-6.40153e-05,-1
G071,G040,-6.404464e-05,-1
G010,G097,-6.4051535e-05,-1
G065,G088,-6.409387e-05,-1
G020,G028,-6.411583e-05,-1
G055,G057,-6.4226e-05,-1
G066,G059,-6.423859e-05,-1
G015,G095,-6.4301035e-05,-1
G088,G051,-6.441331e-05,-1
G079,G027,-6.4418884e-05,-1
G011,G069,-6.4454696e-05,-1
G092,G081,-6.4675325e-05,-1
G004,G008,-6.473678e-05,-1
G080,G016,-6.474801e-05,-1
G046,G014,-6.477353e-05,-1
G021,G003,-6.4783846e-05,-1
G054,G043,-6.480153e-05,-1
G048,G038,-6.481454e-05,-1
G092,G080,-6.486918e-05,-1
G066,G083,-6.49178e-05,-1
G029,G028,-6.494945e-05,-1
G031,G018,-6.495583e-05,-1
G050,G086,-6.508346e-05,-1
G069,G072,-6.5317254e-05,-1
G052,G035,-6.542459e-05,-1
G091,G022,-6.554141e-05,-1
G011,G019,-6.572862e-05,-1
G019,G070,-6.5733526e-05,-1
G013,G047,-6.574838e-05,-1
G091,G027,-6.5783606e-05,-1
G064,G038,-6.582338e-05,-1
G013,G097,-6.58762e-05,-1
G084,G057,-6.598671e-05,-1
G079,G072,-6.6050015e-05,-1
G092,G078,-6.605521e-05,-1
G082,G092,-6.619782e-05,-1
G067,G099,-6.626869e-05,-1
G089,G029,-6.653779e-05,-1
G086,G042,-6.657326e-05,-1
G094,G070,-6.661295e-05,-1
G046,G025,-6.672171e-05,-1
G043,G009,-6.6812965e-05,-1
G013,G057,-6.682725e-05,-1
G042,G009,-6.687088e-05,-1
G027,G095,-6.689593e-05,-1
G092,G011,-6.693985e-05,-1
G073,G039,-6.699899e-05,-1
G037,G067,-6.709841e-05,-1
G097,G025,-6.713336e-05,-1
G091,G054,-6.713372e-05,-1
G056,G016,-6.714106e-05,-1
G065,G045,-6.71638e-05,-1
G016,G069,-6.72343e-05,-1
G032,G052,-6.7246256e-05,-1
G029,G091,-6.729695e-05,-1
G067,G084,-6.7321416e-05,-1
G058,G023,-6.7369394e-05,-1
G091,G081,-6.739905e-05,-1
G013,G018,-6.7416375e-05,-1
G086,G069,-6.743367e-05,-1
G004,G068,-6.7580164e-05,-1
G043,G036,-6.762138e-05,-1
G002,G076,-6.780475e-05,-1
G072,G023,-6.781309e-05,-1
G005,G016,-6.785401e-05,-1
G089,G073,-6.786744e-05,-1
G062,G095,-6.789513e-05,-1
G049,G092,-6.79945e-05,-1
G026,G078,-6.799929e-05,-1
G059,G081,-6.803299e-05,-1
G062,G065,-6.80714e-05,-1
G066,G035,-6.814965e-05,-1
G062,G064,-6.81975e-05,-1
G020,G063,-6.841142e-05,-1
G006,G024,-6.842192e-05,-1
G079,G085,-6.855874e-05,-1
G057,G020,-6.859163e-05,-1
G055,G036,-6.863293e-05,-1
G078,G039,-6.8703484e-05,-1
G038,G069,-6.880505e-05,-1
G021,G019,-6.8814035e-05,-1
G016,G088,-6.881571e-05,-1
G072,G066,-6.884726e-05,-1
G080,G037,-6.886476e-05,-1
G045,G002,-6.891746e-05,-1
G082,G070,-6.89671e-05,-1
G036,G029,-6.898522e-05,-1
G095,G086,-6.9166075e-05,-1
G043,G027,-6.917302e-05,-1
G071,G059,-6.9184825e-05,-1
G099,G057,-6.9187474e-05,-1
G047,G059,-6.93286e-05,-1
G069,G043,-6.934056e-05,-1
G014,G043,-6.934783e-05,-1
G072,G008,-6.9452515e-05,-1
G046,G086,-6.946548e-05,-1
G062,G068,-6.9475114e-05,-1
G094,G062,-6.9476446e-05,-1
G067,G098,-6.948245e-05,-1
G077,G053,-6.9525464e-05,-1
G022,G096,-6.958e-05,-1
G065,G091,-6.9606685e-05,-1
G030,G097,-6.973014e-05,-1
G055,G077,-6.9820766e-05,-1
G086,G063,-6.995098e-05,-1
G055,G003,-7.001299e-05,-1
G047,G078,-7.003804e-05,-1
G042,G096,-7.010186e-05,-1
G015,G061,-7.010754e-05,-1
G052,G032,-7.015474e-05,-1
G053,G011,-7.0158254e-05,-1
G066,G086,-7.016557e-05,-1
G017,G092,-7.026575e-05,-1
G045,G090,-7.0293354e-05,-1
G091,G079,-7.03255e-05,-1
G002,G088,-7.033658e-05,-1
G026,G072,-7.036112e-05,-1
G023,G086,-7.036466e-05,-1
G002,G090,-7.04505e-05,-1
G002,G024,-7.045835e-05,-1
G062,G087,-7.047466e-05,-1
G052,G064,-7.066253e-05,-1
G042,G016,-7.078172e-05,-1
G021,G094,-7.080592e-05,-1
G083,G053,-7.0825525e-05,-1
G052,G086,-7.083354e-05,-1
G013,G065,-7.0866714e-05,-1
G089,G077,-7.098977e-05,-1
G091,G099,-7.100721e-05,-1
G062,G096,-7.102139e-05,-1
G085,G061,-7.132074e-05,-1
G076,G041,-7.1323535e-05,-1
G016,G027,-7.134825e-05,-1
G076,G062,-7.1421e-05,-1
G027,G063,-7.1431416e-05,-1
G099,G093,-7.160784e-05,-1
G031,G085,-7.164129e-05,-1
G055,G008,-7.1779745e-05,-1
G019,G089,-7.185657e-05,-1
G086,G043,-7.1869166e-05,-1
G070,G095,-7.190944e-05,-1
G084,G025,-7.196876e-05,-1
G028,G032,-7.197289e-05,-1
G095,G062,-7.197729e-05,-1
G004,G035,-7.19796e-05,-1
G082,G068,-7.198247e-05,-1
G025,G064,-7.201314e-05,-1
G064,G065,-7.209275e-05,-1
G082,G098,-7.216486e-05,-1
G030,G013,-7.2242845e-05,-1
G017,G014,-7.225929e-05,-1
G078,G052,-7.229905e-05,-1
G020,G074,-7.2507115e-05,-1
G011,G088,-7.2576346e-05,-1
G091,G019,-7.263141e-05,-1
G016,G083,-7.268357e-05,-1
G084,G089,-7.269639e-05,-1
G094,G064,-7.2710274e-05,-1
G099,G019,-7.2755814e-05,-1
G005,G084,-7.279519e-05,-1
G018,G076,-7.281013e-05,-1
G080,G086,-7.2845076e-05,-1
G016,G047,-7.292657e-05,-1
G037,G083,-7.296792e-05,-1
G094,G035,-7.315303e-05,-1
G098,G057,-7.316843e-05,-1
G041,G100,-7.32443e-05,-1
G099,G074,-7.331269e-05,-1
G037,G091,-7.34015e-05,-1
G091,G094,-7.34284e-05,-1
G082,G097,-7.34737e-05,-1
G092,G076,-7.355132e-05,-1
G028,G068,-7.361629e-05,-1
G025,G030,-7.362638e-05,-1
G072,G028,-7.365899e-05,-1
G030,G076,-7.3698364e-05,-1
G061,G093,-7.3728384e-05,-1
G095,G097,-7.379956e-05,-1
G098,G019,-7.3879324e-05,-1
G081,G045,-7.401832e-05,-1
G070,G035,-7.405357e-05,-1
G032,G079,-7.408795e-05,-1
G076,G088,-7.4090094e-05,-1
G094,G025,-7.410302e-05,-1
G047,G043,-7.412036e-05,-1
G013,G075,-7.412174e-05,-1
G084,G027,-7.41844e-05,-1
G086,G002,-7.428822e-05,-1
G039,G021,-7.445542e-05,-1
G064,G063,-7.445781e-05,-1
G080,G040,-7.4507516e-05,-1
G076,G073,-7.457647e-05,-1
G033,G068,-7.471091e-05,-1
G094,G031,-7.473108e-05,-1
G086,G022,-7.4805735e-05,-1
G075,G020,-7.48804e-05,-1
G070,G019,-7.494789e-05,-1
G014,G070,-7.505526e-05,-1
G050,G002,-7.508029e-05,-1
G055,G049,-7.511468e-05,-1
G037,G063,-7.512533e-05,-1
G024,G095,-7.515588e-05,-1
G038,G030,-7.5179065e-05,-1
G049,G038,-7.532966e-05,-1
G082,G091,-7.536735e-05,-1
G066,G044,-7.558768e-05,-1
G073,G094,-7.558905e-05,-1
G062,G094,-7.5687036e-05,-1
G089,G085,-7.576367e-05,-1
G078,G069,-7.578271e-05,-1
G071,G070,-7.585416e-05,-1
G039,G086,-7.589454e-05,-1
G064,G045,-7.60015e-05,-1
G002,G014,-7.600425e-05,-1
G081,G076,-7.605064e-05,-1
G035,G092,-7.609849e-05,-1
G097,G023,-7.616757e-05,-1
G047,G013,-7.62162e-05,-1
G094,G045,-7.625023e-05,-1
G030,G011,-7.627122e-05,-1
G019,G092,-7.634537e-05,-1
G012,G079,-7.641994e-05,-1
G078,G066,-7.643757e-05,-1
G017,G064,-7.650067e-05,-1
G061,G076,-7.653606e-05,-1
G054,G069,-7.656008e-05,-1
G035,G051,-7.657856e-05,-1
G035,G086,-7.662932e-05,-1
G065,G022,-7.667739e-05,-1
G093,G054,-7.6685516e-05,-1
G076,G052,-7.6702614e-05,-1
G067,G081,-7.679718e-05,-1
G005,G048,-7.6908706e-05,-1
G094,G098,-7.691198e-05,-1
G074,G001,-7.692465e-05,-1
G003,G062,-7.6940734e-05,-1
G031,G042,-7.7009856e-05,-1
G042,G060,-7.70367e-05,-1
G065,G049,-7.705242e-05,-1
G077,G021,-7.710852e-05,-1
G003,G057,-7.712527e-05,-1
G092,G077,-7.71355e-05,-1
G087,G032,-7.7237935e-05,-1
G100,G047,-7.736408e-05,-1
G073,G023,-7.766203e-05,-1
G069,G051,-7.779564e-05,-1
G016,G070,-7.785582e-05,-1
G046,G082,-7.810296e-05,-1
G054,G038,-7.8142824e-05,-1
G045,G035,-7.819073e-05,-1
G043,G077,-7.8283396e-05,-1
G086,G039,-7.832135e-05,-1
G018,G030,-7.833793e-05,-1
G011,G039,-7.8425066e-05,-1
G027,G094,-7.842755e-05,-1
G047,G082,-7.851653e-05,-1
G066,G088,-7.8551086e-05,-1
G065,G017,-7.868954e-05,-1
G050,G097,-7.885877e-05,-1
G042,G002,-7.889478e-05,-1
G063,G041,-7.906051e-05,-1
G098,G039,-7.9080506e-05,-1
G048,G044,-7.911834e-05,-1
G076,G008,-7.93005e-05,-1
G055,G069,-7.9317826e-05,-1
G032,G017,-7.933733e-05,-1
G007,G059,-7.9337384e-05,-1
G059,G090,-7.942023e-05,-1
G054,G022,-7.949827e-05,-1
G063,G056,-7.9528945e-05,-1
G098,G041,-7.9715224e-05,-1
G039,G022,-7.9731326e-05,-1
G054,G045,-7.97361e-05,-1
G039,G090,-7.974137e-05,-1
G082,G095,-7.99908e-05,-1
G017,G027,-8.000221e-05,-1
G021,G043,-8.0020414e-05,-1
G018,G049,-8.004721e-05,-1
G047,G011,-8.008762e-05,-1
G097,G068,-8.010755e-05,-1
G075,G058,-8.011143e-05,-1
G046,G020,-8.015747e-05,-1
G001,G028,-8.0238075e-05,-1
G038,G078,-8.0296e-05,-1
G095,G090,-8.032868e-05,-1
G095,G077,-8.042163e-05,-1
G030,G048,-8.043848e-05,-1
G088,G086,-8.045872e-05,-1
G027,G089,-8.051425e-05,-1
G056,G069,-8.068607e-05,-1
G025,G083,-8.0805345e-05,-1
G006,G014,-8.090257e-05,-1
G098,G087,-8.09052e-05,-1
G014,G056,-8.091472e-05,-1
G083,G064,-8.100538e-05,-1
G100,G023,-8.106646e-05,-1
G065,G078,-8.106904e-05,-1
G098,G045,-8.108435e-05,-1
G035,G011,-8.1184706e-05,-1
G052,G025,-8.135637e-05,-1
G053,G001,-8.1438506e-05,-1
G044,G094,-8.1530285e-05,-1
G098,G097,-8.15726e-05,-1
G046,G075,-8.160205e-05,-1
G059,G028,-8.1606224e-05,-1
G020,G079,-8.1634826e-05,-1
G089,G053,-8.167859e-05,-1
G042,G013,-8.167945e-05,-1
G071,G003,-8.172109e-05,-1
G038,G092,-8.174345e-05,-1
G062,G079,-8.181016e-05,-1
G062,G014,-8.1818966e-05,-1
G098,G053,-8.196483e-05,-1
G005,G078,-8.20037e-05,-1
G098,G052,-8.200971e-05,-1
G004,G044,-8.202492e-05,-1
G015,G075,-8.208366e-05,-1
G073,G057,-8.251318e-05,-1
G002,G064,-8.253805e-05,-1
G015,G058,-8.253869e-05,-1
G077,G024,-8.259466e-05,-1
G083,G013,-8.2676626e-05,-1
G005,G089,-8.274205e-05,-1
G044,G064,-8.287671e-05,-1
G044,G098,-8.2883984e-05,-1
G014,G051,-8.288908e-05,-1
G071,G068,-8.2895065e-05,-1
G076,G060,-8.299389e-05,-1
G029,G057,-8.2995866e-05,-1
G086,G083,-8.299673e-05,-1
G081,G025,-8.305107e-05,-1
G036,G062,-8.310259e-05,-1
G045,G059,-8.316055e-05,-1
G078,G050,-8.323583e-05,-1
G092,G087,-8.336537e-05,-1
G078,G095,-8.34711e-05,-1
G065,G056,-8.3493585e-05,-1
G094,G076,-8.356889e-05,-1
G088,G027,-8.357845e-05,-1
G035,G079,-8.364568e-05,-1
G071,G072,-8.365738e-05,-1
G086,G097,-8.36725e-05,-1
G024,G030,-8.369949e-05,-1
G029,G027,-8.386502e-05,-1
G026,G020,-8.403006e-05,-1
G003,G071,-8.403752e-05,-1
G007,G093,-8.4102e-05,-1
G057,G089,-8.413149e-05,-1
G100,G090,-8.4135994e-05,-1
G033,G097,-8.420926e-05,-1
G023,G064,-8.424813e-05,-1
G098,G054,-8.429179e-05,-1
G035,G032,-8.434479e-05,-1
G078,G022,-8.442955e-05,-1
G062,G051,-8.446527e-05,-1
G044,G086,-8.447626e-05,-1
G099,G085,-8.463034e-05,-1
G037,G017,-8.474095e-05,-1
G002,G095,-8.480479e-05,-1
G078,G091,-8.485341e-05,-1
G031,G089,-8.4905776e-05,-1
G099,G059,-8.5018924e-05,-1
G089,G099,-8.50416e-05,-1
G076,G069,-8.5098894e-05,-1
G082,G085,-8.5303705e-05,-1
G065,G075,-8.538782e-05,-1
G094,G030,-8.5569685e-05,-1
G021,G008,-8.566121e-05,-1
G059,G066,-8.585094e-05,-1
G098,G021,-8.590242e-05,-1
G080,G091,-8.595788e-05,-1
G013,G020,-8.597924e-05,-1
G038,G089,-8.602714e-05,-1
G064,G086,-8.610564e-05,-1
G086,G066,-8.621536e-05,-1
G035,G039,-8.6314845e-05,-1
G025,G050,-8.646344e-05,-1
G100,G080,-8.649727e-05,-1
G059,G096,-8.656985e-05,-1
G036,G064,-8.661193e-05,-1
G031,G028,-8.6815475e-05,-1
G088,G049,-8.6831555e-05,-1
G035,G090,-8.685785e-05,-1
G025,G038,-8.690251e-05,-1
G100,G091,-8.702983e-05,-1
G094,G052,-8.708138e-05,-1
G046,G065,-8.710607e-05,-1
G082,G081,-8.711881e-05,-1
G034,G099,-8.714781e-05,-1
G081,G003,-8.7176486e-05,-1
G064,G097,-8.720966e-05,-1
G086,G065,-8.721123e-05,-1
G080,G009,-8.725347e-05,-1
G093,G013,-8.748689e-05,-1
G082,G006,-8.7497e-05,-1
G091,G047,-8.752553e-05,-1
G064,G066,-8.755005e-05,-1
G047,G032,-8.765179e-05,-1
G087,G061,-8.773229e-05,-1
G017,G035,-8.776486e-05,-1
G023,G083,-8.801639e-05,-1
G094,G044,-8.8021305e-05,-1
G013,G028,-8.809521e-05,-1
G078,G032,-8.822424e-05,-1
G089,G003,-8.824218e-05,-1
G049,G045,-8.8312314e-05,-1
G083,G055,-8.834111e-05,-1
G064,G044,-8.838651e-05,-1
G054,G044,-8.8460416e-05,-1
G033,G082,-8.846148e-05,-1
G010,G014,-8.860635e-05,-1
G063,G035,-8.866129e-05,-1
G076,G068,-8.873407e-05,-1
G003,G020,-8.8738205e-05,-1
G087,G039,-8.897322e-05,-1
G070,G086,-8.902515e-05,-1
G099,G055,-8.904682e-05,-1
G020,G055,-8.909866e-05,-1
G066,G076,-8.9240595e-05,-1
G077,G031,-8.945014e-05,-1
G061,G033,-8.972238e-05,-1
G076,G075,-8.972963e-05,-1
G008,G041,-8.972966e-05,-1
G019,G085,-8.975432e-05,-1
G078,G021,-8.980658e-05,-1
G047,G022,-8.980894e-05,-1
G098,G029,-8.984417e-05,-1
G063,G081,-9.000107e-05,-1
G085,G027,-9.008542e-05,-1
G062,G054,-9.0288006e-05,-1
G094,G071,-9.030024e-05,-1
G087,G022,-9.039584e-05,-1
G054,G032,-9.0417016e-05,-1
G055,G064,-9.043541e-05,-1
G066,G056,-9.047563e-05,-1
G023,G070,-9.051746e-05,-1
G016,G078,-9.071503e-05,-1
G017,G062,-9.080035e-05,-1
G077,G071,-9.0810485e-05,-1
G042,G083,-9.0862384e-05,-1
G078,G018,-9.08883e-05,-1
G064,G059,-9.094758e-05,-1
G015,G056,-9.1000584e-05,-1
G064,G011,-9.115927e-05,-1
G028,G039,-9.116625e-05,-1
G019,G091,-9.131466e-05,-1
G013,G027,-9.1336144e-05,-1
G002,G055,-9.133754e-05,-1
G017,G088,-9.137352e-05,-1
G073,G048,-9.1407754e-05,-1
G005,G097,-9.143315e-05,-1
G054,G075,-9.151683e-05,-1
G063,G068,-9.164688e-05,-1
G091,G049,-9.169981e-05,-1
G099,G013,-9.1742106e-05,-1
G086,G082,-9.177036e-05,-1
G077,G056,-9.1770715e-05,-1
G052,G088,-9.178012e-05,-1
G054,G025,-9.185554e-05,-1
G039,G032,-9.191985e-05,-1
G047,G065,-9.1970265e-05,-1
G099,G001,-9.198466e-05,-1
G082,G034,-9.199269e-05,-1
G014,G032,-9.2120565e-05,-1
G084,G016,-9.2219096e-05,-1
G025,G022,-9.222531e-05,-1
G035,G013,-9.236118e-05,-1
G079,G077,-9.2501934e-05,-1
G064,G091,-9.256754e-05,-1
G078,G083,-9.2569506e-05,-1
G052,G041,-9.2582115e-05,-1
G020,G056,-9.261666e-05,-1
G065,G014,-9.268952e-05,-1
G095,G078,-9.276572e-05,-1
G084,G040,-9.277234e-05,-1
G024,G028,-9.2784074e-05,-1
G054,G063,-9.2793096e-05,-1
G070,G011,-9.295701e-05,-1
G034,G079,-9.3030794e-05,-1
G083,G070,-9.313123e-05,-1
G098,G003,-9.321227e-05,-1
G048,G083,-9.328789e-05,-1
G096,G057,-9.3303395e-05,-1
G081,G075,-9.331151e-05,-1
G025,G024,-9.332549e-05,-1
G006,G086,-9.3342846e-05,-1
G081,G050,-9.337195e-05,-1
G063,G092,-9.3383234e-05,-1
G030,G070,-9.3402065e-05,-1
G024,G049,-9.3407354e-05,-1
G077,G018,-9.345645e-05,-1
G009,G094,-9.345893e-05,-1
G083,G045,-9.348953e-05,-1
G076,G086,-9.3491755e-05,-1
G024,G060,-9.3493145e-05,-1
G016,G008,-9.352944e-05,-1
G053,G079,-9.354104e-05,-1
G048,G085,-9.363226e-05,-1
G091,G029,-9.382438e-05,-1
G044,G022,-9.389691e-05,-1
G043,G020,-9.402171e-05,-1
G024,G062,-9.421323e-05,-1
G017,G026,-9.4229326e-05,-1
G043,G031,-9.428979e-05,-1
G072,G092,-9.429699e-05,-1
G015,G044,-9.444682e-05,-1
G047,G097,-9.445167e-05,-1
G085,G095,-9.448534e-05,-1
G055,G085,-9.450594e-05,-1
G030,G014,-9.4553005e-05,-1
G049,G065,-9.46014e-05,-1
G015,G005,-9.468026e-05,-1
G098,G060,-9.4705756e-05,-1
G086,G032,-9.472654e-05,-1
G028,G027,-9.477838e-05,-1
G013,G096,-9.5001415e-05,-1
G090,G076,-9.510065e-05,-1
G003,G022,-9.517644e-05,-1
G048,G065,-9.53765e-05,-1
G094,G073,-9.538711e-05,-1
G025,G086,-9.5408606e-05,-1
G087,G050,-9.556238e-05,-1
G089,G009,-9.557044e-05,-1
G089,G092,-9.5650335e-05,-1
G078,G027,-9.5696e-05,-1
G009,G080,-9.581608e-05,-1
G089,G064,-9.584579e-05,-1
G073,G047,-9.59072e-05,-1
G086,G081,-9.6164746e-05,-1
G017,G001,-9.628105e-05,-1
G005,G029,-9.629465e-05,-1
G042,G050,-9.64503e-05,-1
G044,G082,-9.645752e-05,-1
G065,G043,-9.6484626e-05,-1
G093,G087,-9.6517004e-05,-1
G031,G019,-9.653823e-05,-1
G007,G009,-9.679072e-05,-1
G041,G049,-9.69284e-05,-1
G049,G055,-9.6949945e-05,-1
G079,G005,-9.698745e-05,-1
G036,G077,-9.7024975e-05,-1
G086,G095,-9.704685e-05,-1
G089,G020,-9.706064e-05,-1
G013,G076,-9.707678e-05,-1
G097,G045,-9.712696e-05,-1
G005,G055,-9.7208154e-05,-1
G003,G036,-9.7247714e-05,-1
G088,G077,-9.7287724e-05,-1
G020,G058,-9.7307224e-05,-1
G071,G092,-9.7363794e-05,-1
G082,G076,-9.7437456e-05,-1
G006,G053,-9.751784e-05,-1
G065,G083,-9.752663e-05,-1
G011,G063,-9.755908e-05,-1
G008,G030,-9.77485e-05,-1
G065,G029,-9.776573e-05,-1
G022,G091,-9.783464e-05,-1
G042,G063,-9.7859775e-05,-1
G026,G057,-9.797485e-05,-1
G003,G028,-9.810991e-05,-1
G066,G017,-9.831929e-05,-1
G013,G059,-9.8371806e-05,-1
G089,G037,-9.84766e-05,-1
G028,G072,-9.848229e-05,-1
G084,G077,-9.849711e-05,-1
G075,G019,-9.852206e-05,-1
G073,G033,-9.852441e-05,-1
G098,G076,-9.852798e-05,-1
G076,G043,-9.8573655e-05,-1
G047,G027,-9.859697e-05,-1
G059,G030,-9.860779e-05,-1
G083,G097,-9.865986e-05,-1
G073,G041,-9.867273e-05,-1
G055,G023,-9.8785255e-05,-1
G021,G097,-9.892422e-05,-1
G097,G066,-9.893316e-05,-1
G014,G020,-9.9131496e-05,-1
G070,G036,-9.9281824e-05,-1
G058,G029,-9.932724e-05,-1
G063,G097,-9.935542e-05,-1
G083,G023,-9.942574e-05,-1
G044,G049,-9.947491e-05,-1
G003,G018,-9.950933e-05,-1
G055,G094,-9.9521836e-05,-1
G087,G043,-9.9543315e-05,-1
G014,G058,-9.959562e-05,-1
G003,G092,-9.96538e-05,-1
G054,G055,-9.9709585e-05,-1
G097,G090,-9.9811274e-05,-1
G071,G090,-9.983894e-05,-1
G098,G018,-9.989559e-05,-1
G032,G041,-9.994564e-05,-1
G016,G065,-9.9980054e-05,-1
G092,G036,-0.00010000598,-1
G100,G041,-0.000100060126,-1
G011,G083,-0.00010006085,-1
G003,G046,-0.0001002432,-1
G066,G075,-0.00010028438,-1
G030,G024,-0.000100374935,-1
G048,G067,-0.0001003813,-1
G050,G076,-0.000100408964,-1
G097,G043,-0.000100484205,-1
G005,G036,-0.0001004928,-1
G003,G032,-0.00010057126,-1
G070,G060,-0.00010068376,-1
G064,G035,-0.00010075266,-1
G051,G009,-0.000100792604,-1
G065,G042,-0.00010085843,-1
G025,G074,-0.0001008629,-1
G045,G068,-0.00010095762,-1
G075,G050,-0.000101019345,-1
G049,G050,-0.00010125259,-1
G014,G065,-0.00010128679,-1
G033,G090,-0.000101287915,-1
G078,G055,-0.00010129787,-1
G046,G070,-0.00010137989,-1
G017,G016,-0.000101602796,-1
G039,G065,-0.00010172975,-1
G012,G039,-0.00010178937,-1
G015,G043,-0.00010184546,-1
G044,G057,-0.0001019502,-1
G038,G052,-0.00010200869,-1
G023,G068,-0.000102086975,-1
G084,G050,-0.00010224267,-1
G065,G097,-0.000102395614,-1
G097,G082,-0.000102532125,-1
G066,G014,-0.00010253844,-1
G043,G098,-0.00010260733,-1
G051,G057,-0.00010266019,-1
G097,G092,-0.00010266389,-1
G036,G052,-0.000102705606,-1
G010,G036,-0.000102708276,-1
G064,G088,-0.00010274863,-1
G015,G048,-0.000102841535,-1
G027,G020,-0.000102894024,-1
G099,G044,-0.000102921775,-1
G037,G085,-0.00010295663,-1
G094,G085,-0.000103052385,-1
G056,G091,-0.000103065104,-1
G064,G003,-0.00010312715,-1
G023,G060,-0.00010313207,-1
G013,G039,-0.00010313733,-1
G020,G077,-0.00010327326,-1
G034,G078,-0.0001033754,-1
G082,G100,-0.000103439124,-1
G087,G037,-0.00010349439,-1
G018,G050,-0.00010352484,-1
G019,G025,-0.00010354649,-1
G012,G093,-0.00010358492,-1
G044,G097,-0.00010358776,-1
G036,G085,-0.000103658545,-1
G067,G025,-0.000103771876,-1
G079,G060,-0.00010391059,-1
G067,G075,-0.000103918435,-1
G053,G018,-0.0001039314,-1
G049,G008,-0.00010402389,-1
G066,G008,-0.00010412898,-1
G013,G051,-0.0001041663,-1
G004,G022,-0.000104186045,-1
G066,G051,-0.00010420578,-1
G094,G069,-0.00010425161,-1
G045,G025,-0.000104263585,-1
G060,G004,-0.00010432165,-1
G011,G092,-0.00010442695,-1
G016,G062,-0.00010443282,-1
G065,G086,-0.000104451225,-1
G047,G034,-0.00010449772,-1
G090,G042,-0.000104505605,-1
G067,G043,-0.00010452839,-1
G086,G053,-0.00010457273,-1
G090,G007,-0.00010457672,-1
G039,G042,-0.00010461741,-1
G031,G038,-0.00010470448,-1
G081,G085,-0.00010471343,-1
G081,G014,-0.000104780425,-1
G049,G073,-0.00010485785,-1
G012,G053,-0.00010493939,-1
G062,G052,-0.00010494119,-1
G081,G027,-0.00010496702,-1
G091,G095,-0.000104994164,-1
G087,G038,-0.0001051577,-1
G081,G069,-0.00010524138,-1
G098,G099,-0.000105288025,-1
G078,G025,-0.000105322295,-1
G098,G048,-0.00010549547,-1
G047,G069,-0.00010570638,-1
G052,G011,-0.000105769126,-1
G081,G022,-0.00010578226,-1
G083,G036,-0.00010587554,-1
G026,G070,-0.00010595107,-1
G023,G069,-0.000106016974,-1
G079,G023,-0.00010606492,-1
G038,G028,-0.000106077205,-1
G045,G029,-0.00010610285,-1
G002,G087,-0.00010612861,-1
G023,G061,-0.000106163876,-1
G047,G076,-0.00010616946,-1
G090,G018,-0.00010636687,-1
G094,G059,-0.000106648105,-1
G089,G010,-0.00010672055,-1
G084,G028,-0.00010675223,-1
G024,G098,-0.00010678247,-1
G059,G050,-0.00010687095,-1
G088,G029,-0.00010699959,-1
G087,G092,-0.00010701979,-1
G099,G065,-0.0001071616,-1
G064,G077,-0.000107212545,-1
G049,G021,-0.00010725176,-1
G073,G037,-0.000107280255,-1
G064,G056,-0.00010733045,-1
G016,G073,-0.00010736435,-1
G076,G082,-0.00010738718,-1
G048,G088,-0.00010742436,-1
G033,G048,-0.00010742985,-1
G005,G091,-0.000107447,-1
G017,G045,-0.00010746872,-1
G054,G067,-0.000107509295,-1
G098,G036,-0.00010752749,-1
G004,G027,-0.00010756645,-1
G098,G028,-0.00010758753,-1
G041,G059,-0.00010762956,-1
G025,G058,-0.000107696396,-1
G090,G086,-0.000107804364,-1
G090,G050,-0.000107880085,-1
G069,G079,-0.000107908796,-1
G081,G032,-0.000108126536,-1
G079,G029,-0.00010814994,-1
G034,G057,-0.00010823093,-1
G051,G099,-0.0001082708,-1
G004,G046,-0.00010836428,-1
G037,G003,-0.00010841631,-1
G026,G088,-0.000108817636,-1
G031,G098,-0.000108854416,-1
G030,G052,-0.00010896213,-1
G052,G055,-0.00010900932,-1
G017,G021,-0.000109018576,-1
G095,G051,-0.00010907547,-1
G011,G042,-0.00010915563,-1
G076,G058,-0.00010918062,-1
G031,G091,-0.00010927362,-1
G027,G054,-0.00010933184,-1
G004,G028,-0.00010933557,-1
G048,G060,-0.00010937778,-1
G002,G094,-0.00010944753,-1
G048,G045,-0.00010945488,-1
G058,G085,-0.000109490335,-1
G025,G065,-0.00010953053,-1
G063,G022,-0.00010970267,-1
G054,G076,-0.000109767316,-1
G049,G003,-0.0001098496,-1
G025,G098,-0.000109877044,-1
G066,G038,-0.00010995595,-1
G095,G073,-0.000110071756,-1
G002,G065,-0.00011019238,-1
G072,G035,-0.00011020216,-1
G097,G069,-0.00011028297,-1
G066,G003,-0.00011030792,-1
G050,G077,-0.00011035318,-1
G013,G072,-0.00011049083,-1
G089,G055,-0.00011055423,-1
G018,G082,-0.00011062568,-1
G026,G009,-0.00011076241,-1
G017,G013,-0.0001107808,-1
G081,G078,-0.000110808534,-1
G098,G066,-0.000110819914,-1
G092,G040,-0.0001109284,-1
G059,G015,-0.000110968846,-1
G090,G066,-0.00011097704,-1
G083,G065,-0.000111107955,-1
G006,G031,-0.00011111057,-1
G085,G091,-0.00011120316,-1
G082,G029,-0.000111283676,-1
G098,G081,-0.00011129951,-1
G016,G067,-0.00011140055,-1
G055,G062,-0.0001114367,-1
G071,G075,-0.000111509435,-1
G073,G085,-0.000111576,-1
G090,G022,-0.00011165758,-1
G041,G004,-0.00011168598,-1
G064,G085,-0.00011171231,-1
G004,G060,-0.00011181699,-1
G038,G036,-0.00011204355,-1
G062,G053,-0.00011211352,-1
G071,G023,-0.00011227465,-1
G072,G065,-0.00011233567,-1
G043,G050,-0.00011235617,-1
G064,G092,-0.00011241155,-1
G072,G004,-0.00011250422,-1
G081,G030,-0.00011273485,-1
G100,G094,-0.00011279868,-1
G065,G044,-0.000112919675,-1
G098,G051,-0.000113001115,-1
G010,G050,-0.00011304134,-1
G075,G097,-0.000113160684,-1
G002,G092,-0.000113297065,-1
G049,G064,-0.00011332436,-1
G097,G055,-0.00011333367,-1
G094,G014,-0.000113337905,-1
G094,G079,-0.00011340392,-1
G090,G013,-0.00011340947,-1
G099,G084,-0.0001134108,-1
G055,G083,-0.000113565715,-1
G023,G008,-0.00011356623,-1
G004,G031,-0.000113668495,-1
G070,G064,-0.00011367405,-1
G067,G049,-0.00011370248,-1
G093,G058,-0.000113770635,-1
G039,G088,-0.00011385686,-1
G016,G025,-0.00011394333,-1
G030,G086,-0.00011431248,-1
G072,G060,-0.00011435164,-1
G097,G014,-0.000114384755,-1
G049,G020,-0.00011449916,-1
G021,G035,-0.00011450469,-1
G079,G047,-0.00011463935,-1
G091,G084,-0.00011466425,-1
G064,G009,-0.00011467728,-1
G067,G034,-0.00011477688,-1
G091,G072,-0.000114785325,-1
G095,G088,-0.000114811686,-1
G019,G073,-0.00011490543,-1
G071,G041,-0.00011500488,-1
G094,G020,-0.00011501119,-1
G042,G097,-0.000115018825,-1
G036,G060,-0.000115039664,-1
G014,G079,-0.00011508569,-1
G022,G047,-0.000115103976,-1
G072,G052,-0.00011520343,-1
G049,G041,-0.000115209674,-1
G052,G056,-0.00011530711,-1
G081,G024,-0.000115397626,-1
G066,G058,-0.00011542709,-1
G029,G095,-0.00011556904,-1
G019,G008,-0.00011557342,-1
G086,G096,-0.00011557719,-1
G069,G068,-0.00011570252,-1
G081,G041,-0.00011580157,-1
G032,G077,-0.00011581597,-1
G091,G071,-0.00011594125,-1
G090,G056,-0.00011594129,-1
G012,G013,-0.000115949384,-1
G076,G001,-0.00011596003,-1
G034,G019,-0.00011600012,-1
G063,G060,-0.00011610682,-1
G045,G066,-0.00011619131,-1
G072,G021,-0.00011621038,-1
G098,G069,-0.00011630978,-1
G012,G033,-0.00011631089,-1
G077,G058,-0.00011633135,-1
G086,G076,-0.00011636589,-1
G017,G097,-0.00011644406,-1
G086,G036,-0.00011647085,-1
G098,G070,-0.000116476,-1
G057,G091,-0.000116479845,-1
G077,G012,-0.00011650698,-1
G004,G092,-0.00011658449,-1
G044,G058,-0.000116635456,-1
G021,G001,-0.00011664678,-1
G024,G048,-0.000116679366,-1
G086,G024,-0.00011671533,-1
G031,G039,-0.00011676933,-1
G095,G020,-0.00011685292,-1
G100,G065,-0.000116868156,-1
G069,G085,-0.0001168848,-1
G013,G024,-0.0001168958,-1
G062,G092,-0.00011697203,-1
G004,G059,-0.0001170374,-1
G095,G044,-0.00011704477,-1
G007,G014,-0.000117074334,-1
G092,G017,-0.000117078984,-1
G030,G089,-0.00011711598,-1
G033,G070,-0.00011714066,-1
G048,G064,-0.000117301424,-1
G095,G038,-0.000117301555,-1
G080,G038,-0.00011730811,-1
G030,G056,-0.000117447635,-1
G065,G028,-0.00011753234,-1
G098,G044,-0.0001175835,-1
G078,G075,-0.00011768872,-1
G078,G008,-0.00011768986,-1
G014,G072,-0.00011769266,-1
G010,G082,-0.00011781348,-1
G090,G003,-0.00011789898,-1
G039,G098,-0.00011799471,-1
G008,G021,-0.000118076845,-1
G057,G030,-0.00011809519,-1
G018,G009,-0.000118169,-1
G028,G098,-0.000118295306,-1
G046,G051,-0.00011855502,-1
G044,G016,-0.0001185847,-1
G003,G014,-0.00011858639,-1
G024,G079,-0.00011868381,-1
G076,G020,-0.000118703276,-1
G025,G036,-0.00011877526,-1
G055,G074,-0.0001188332,-1
G024,G075,-0.00011888587,-1
G066,G043,-0.0001189958,-1
G064,G014,-0.00011916587,-1
G098,G049,-0.00011919218,-1
G038,G098,-0.00011920406,-1
G049,G085,-0.00011927853,-1
G026,G085,-0.00011931533,-1
G017,G050,-0.000119380646,-1
G028,G040,-0.00011939875,-1
G019,G064,-0.00011942461,-1
G098,G068,-0.00011943378,-1
G018,G045,-0.000119444325,-1
G072,G087,-0.000119509015,-1
G030,G004,-0.000119610544,-1
G026,G097,-0.000119655946,-1
G028,G073,-0.000119658835,-1
G025,G051,-0.00011968215,-1
G057,G074,-0.000119721204,-1
G054,G014,-0.00011974755,-1
G020,G031,-0.0001198442,-1
G076,G091,-0.000119951634,-1
G098,G058,-0.00012005309,-1
G059,G079,-0.00012028028,-1
G096,G016,-0.000120362216,-1
G040,G028,-0.00012042313,-1
G062,G036,-0.00012042587,-1
G096,G054,-0.00012044938,-1
G048,G070,-0.000120469886,-1
G059,G011,-0.000120560835,-1
G002,G034,-0.00012057771,-1
G076,G098,-0.00012067587,-1
G006,G021,-0.00012073486,-1
G003,G034,-0.000120834484,-1
G084,G095,-0.000120835924,-1
G019,G055,-0.00012086725,-1
G018,G095,-0.00012088103,-1
G100,G059,-0.00012088288,-1
G022,G020,-0.00012103362,-1
G001,G021,-0.000121064644,-1
G042,G058,-0.000121189536,-1
G094,G083,-0.00012122606,-1
G049,G088,-0.00012127485,-1
G090,G019,-0.00012129652,-1
G017,G076,-0.00012131868,-1
G067,G087,-0.00012133941,-1
G046,G011,-0.000121346086,-1
G013,G011,-0.00012135948,-1
G095,G059,-0.000121454585,-1
G095,G014,-0.00012153602,-1
G086,G041,-0.000121536534,-1
G008,G050,-0.000121609664,-1
G076,G085,-0.00012161591,-1
G087,G047,-0.00012165468,-1
G059,G027,-0.000121688136,-1
G091,G009,-0.00012182096,-1
G071,G014,-0.00012182275,-1
G026,G014,-0.00012210383,-1
G084,G080,-0.00012213671,-1
G064,G073,-0.00012216932,-1
G019,G083,-0.00012224152,-1
G038,G088,-0.00012235821,-1
G009,G068,-0.00012237525,-1
G019,G059,-0.00012240233,-1
G044,G033,-0.00012256962,-1
G043,G021,-0.00012276546,-1
G009,G085,-0.00012289481,-1
G007,G097,-0.00012289532,-1
G087,G070,-0.00012297468,-1
G004,G049,-0.00012308646,-1
G054,G088,-0.00012310392,-1
G079,G040,-0.00012312178,-1
G038,G013,-0.0001231648,-1
G036,G094,-0.00012341297,-1
G077,G033,-0.00012355091,-1
G013,G085,-0.00012377149,-1
G049,G075,-0.00012391385,-1
G003,G082,-0.00012399007,-1
G043,G010,-0.00012413533,-1
G034,G020,-0.00012435696,-1
G012,G076,-0.00012435703,-1
G038,G086,-0.00012438871,-1
G100,G060,-0.00012440419,-1
G048,G080,-0.0001244175,-1
G094,G048,-0.00012447746,-1
G094,G053,-0.00012451483,-1
G097,G051,-0.00012458963,-1
G078,G068,-0.00012461688,-1
G087,G049,-0.00012463538,-1
G083,G020,-0.00012470267,-1
G004,G081,-0.0001247041,-1
G094,G055,-0.00012484954,-1
G083,G089,-0.0001248758,-1
G025,G088,-0.0001250225,-1
G045,G073,-0.00012503153,-1
G083,G018,-0.00012503954,-1
G090,G078,-0.0001250599,-1
G021,G025,-0.00012516015,-1
G028,G083,-0.00012516399,-1
G032,G039,-0.00012519208,-1
G076,G051,-0.00012519302,-1
G069,G028,-0.00012521443,-1
G021,G050,-0.00012525395,-1
G088,G074,-0.00012528551,-1
G054,G011,-0.00012536556,-1
G062,G011,-0.00012538812,-1
G046,G024,-0.00012540708,-1
G034,G082,-0.00012546123,-1
G027,G004,-0.00012549122,-1
G045,G026,-0.000125598,-1
G093,G051,-0.00012570429,-1
G003,G076,-0.0001257767,-1
G080,G028,-0.00012582784,-1
G094,G027,-0.00012584742,-1
G025,G062,-0.00012589156,-1
G023,G035,-0.00012590787,-1
G058,G020,-0.00012591312,-1
G080,G032,-0.00012606509,-1
G070,G082,-0.00012606876,-1
G063,G028,-0.00012613933,-1
G004,G057,-0.00012616169,-1
G005,G069,-0.00012626359,-1
G067,G072,-0.00012637407,-1
G070,G081,-0.00012640083,-1
G008,G089,-0.00012651627,-1
G059,G004,-0.00012653037,-1
G081,G064,-0.00012653154,-1
G023,G088,-0.00012661918,-1
G050,G057,-0.00012675609,-1
G054,G086,-0.00012683714,-1
G023,G057,-0.00012691706,-1
G029,G072,-0.00012693292,-1
G016,G068,-0.00012703225,-1
G089,G051,-0.00012709966,-1
G100,G022,-0.00012723746,-1
G094,G051,-0.00012724407,-1
G039,G060,-0.00012735523,-1
G083,G014,-0.00012738165,-1
G067,G073,-0.0001273909,-1
G036,G076,-0.00012749806,-1
G066,G055,-0.00012751299,-1
G016,G056,-0.0001275626,-1
G044,G009,-0.00012761794,-1
G094,G067,-0.00012766653,-1
G082,G074,-0.00012769806,-1
G086,G027,-0.00012769939,-1
G042,G095,-0.00012773617,-1
G042,G099,-0.00012774157,-1
G025,G057,-0.00012775602,-1
G100,G054,-0.00012783469,-1
G081,G059,-0.00012787452,-1
G081,G062,-0.00012789137,-1
G062,G048,-0.00012792024,-1
G012,G091,-0.00012795963,-1
G064,G025,-0.0001279982,-1
G079,G019,-0.00012800058,-1
G082,G022,-0.00012812737,-1
G078,G002,-0.0001282082,-1
G090,G063,-0.00012825303,-1
G099,G022,-0.00012829063,-1
G097,G063,-0.00012832737,-1
G097,G044,-0.00012846355,-1
G055,G079,-0.00012847554,-1
G067,G077,-0.00012854903,-1
G026,G053,-0.00012861413,-1
G090,G094,-0.00012864993,-1
G070,G083,-0.00012865593,-1
G072,G073,-0.00012871235,-1
G020,G094,-0.00012871785,-1
G066,G025,-0.00012873918,-1
G090,G097,-0.00012877649,-1
G097,G028,-0.00012878381,-1
G092,G063,-0.0001288714,-1
G072,G069,-0.00012895282,-1
G034,G009,-0.00012901379,-1
G076,G053,-0.00012903687,-1
G063,G090,-0.00012905951,-1
G024,G058,-0.00012921011,-1
G087,G054,-0.00012922291,-1
G008,G065,-0.0001292284,-1
G076,G072,-0.0001292516,-1
G069,G087,-0.0001292752,-1
G079,G095,-0.00012938297,-1
G055,G048,-0.00012942996,-1
G012,G058,-0.00012943136,-1
G046,G052,-0.00012946891,-1
G092,G035,-0.00012956384,-1
G026,G065,-0.00012967193,-1
G086,G018,-0.00012972961,-1
G026,G095,-0.00012974173,-1
G014,G053,-0.0001297663,-1
G017,G005,-0.00012996452,-1
G034,G005,-0.00012996909,-1
G041,G067,-0.0001300313,-1
G076,G039,-0.00013021601,-1
G010,G087,-0.00013026364,-1
G043,G046,-0.000130272,-1
G034,G052,-0.00013038167,-1
G066,G065,-0.00013038413,-1
G067,G059,-0.00013039283,-1
G098,G092,-0.00013040306,-1
G076,G027,-0.00013061128,-1
G017,G025,-0.00013061284,-1
G043,G063,-0.00013070156,-1
G063,G078,-0.00013071897,-1
G023,G003,-0.00013079974,-1
G003,G098,-0.00013083676,-1
G028,G067,-0.00013083858,-1
G065,G048,-0.00013095928,-1
G029,G036,-0.00013124359,-1
G030,G067,-0.00013128991,-1
G097,G086,-0.00013132753,-1
G099,G011,-0.00013142951,-1
G100,G040,-0.00013144567,-1
G071,G021,-0.00013151226,-1
G075,G040,-0.00013162353,-1
G004,G025,-0.00013165717,-1
G052,G008,-0.00013169451,-1
G090,G068,-0.00013170301,-1
G007,G065,-0.00013170346,-1
G086,G028,-0.00013191348,-1
G097,G036,-0.00013201464,-1
G011,G032,-0.00013209216,-1
G088,G009,-0.00013214588,-1
G071,G078,-0.00013218661,-1
G094,G054,-0.00013219738,-1
G064,G049,-0.00013223931,-1
G098,G067,-0.00013226051,-1
G092,G072,-0.0001323064,-1
G086,G017,-0.00013233937,-1
G033,G073,-0.00013241034,-1
G087,G097,-0.00013251345,-1
G092,G038,-0.00013256446,-1
G030,G074,-0.00013264373,-1
G023,G087,-0.00013267643,-1
G097,G085,-0.00013267847,-1
G100,G076,-0.000132733,-1
G054,G029,-0.00013275264,-1
G016,G079,-0.00013279135,-1
G027,G050,-0.00013285474,-1
G070,G063,-0.00013291306,-1
G004,G038,-0.00013296133,-1
G079,G016,-0.0001330227,-1
G064,G041,-0.00013304569,-1
G100,G081,-0.00013307338,-1
G048,G091,-0.0001330921,-1
G035,G056,-0.00013311884,-1
G071,G052,-0.00013318751,-1
G012,G042,-0.00013340526,-1
G083,G049,-0.0001334299,-1
G094,G050,-0.00013346825,-1
G028,G046,-0.00013392072,-1
G049,G014,-0.0001342091,-1
G081,G077,-0.00013437604,-1
G049,G069,-0.00013441681,-1
G003,G040,-0.00013446408,-1
G038,G014,-0.00013450976,-1
G028,G099,-0.00013457879,-1
G065,G098,-0.00013458263,-1
G044,G035,-0.00013463834,-1
G098,G065,-0.00013469413,-1
G070,G072,-0.00013476137,-1
G023,G051,-0.00013476881,-1
G097,G065,-0.00013486925,-1
G026,G052,-0.00013490797,-1
G038,G080,-0.00013511308,-1
G094,G066,-0.00013520202,-1
G094,G039,-0.00013549971,-1
G084,G072,-0.00013554646,-1
G043,G025,-0.00013560418,-1
G075,G086,-0.0001357609,-1
G016,G048,-0.00013577138,-1
G071,G035,-0.00013591046,-1
G026,G092,-0.00013598242,-1
G071,G069,-0.00013608072,-1
G065,G085,-0.00013620216,-1
G062,G032,-0.00013623171,-1
G004,G021,-0.00013625238,-1
G075,G081,-0.00013626678,-1
G048,G055,-0.0001364228,-1
G036,G091,-0.00013653278,-1
G051,G037,-0.00013658105,-1
G049,G095,-0.00013660523,-1
G087,G042,-0.00013665619,-1
G087,G021,-0.00013670408,-1
G088,G094,-0.00013687923,-1
G020,G032,-0.00013702209,-1
G084,G037,-0.00013708544,-1
G041,G090,-0.00013709077,-1
G076,G061,-0.00013717075,-1
G086,G014,-0.00013718207,-1
G074,G037,-0.00013720333,-1
G078,G073,-0.00013727666,-1
G081,G082,-0.00013729025,-1
G063,G091,-0.0001373205,-1
G037,G024,-0.00013733916,-1
G071,G053,-0.00013734795,-1
G008,G069,-0.00013740904,-1
G039,G076,-0.00013756761,-1
G088,G098,-0.00013764777,-1
G087,G056,-0.00013767065,-1
G038,G058,-0.00013778788,-1
G095,G098,-0.00013789826,-1
G049,G091,-0.00013813813,-1
G044,G087,-0.00013816544,-1
G016,G044,-0.00013826498,-1
G022,G077,-0.00013827907,-1
G013,G077,-0.00013881826,-1
G048,G022,-0.00013884829,-1
G058,G003,-0.00013890058,-1
G065,G013,-0.00013901408,-1
G097,G070,-0.00013912101,-1
G050,G038,-0.00013931376,-1
G015,G046,-0.00013949421,-1
G044,G014,-0.0001395214,-1
G094,G058,-0.00013959488,-1
G097,G011,-0.00013959667,-1
G090,G027,-0.00013965069,-1
G046,G029,-0.00013969543,-1
G072,G024,-0.00013971188,-1
G097,G048,-0.000139719,-1
G034,G014,-0.0001397236,-1
G061,G038,-0.0001399512,-1
G073,G099,-0.00013996186,-1
G004,G050,-0.00013999331,-1
G003,G072,-0.00013999834,-1
G035,G014,-0.00014004459,-1
G041,G035,-0.00014009413,-1
G036,G038,-0.00014010139,-1
G039,G083,-0.0001402289,-1
G007,G066,-0.00014043319,-1
G008,G020,-0.00014048413,-1
G025,G052,-0.00014049167,-1
G098,G082,-0.00014049266,-1
G044,G099,-0.00014049615,-1
G100,G066,-0.00014052806,-1
G041,G095,-0.00014055673,-1
G014,G087,-0.00014056622,-1
G067,G029,-0.00014061178,-1
G062,G033,-0.00014075701,-1
G044,G092,-0.00014080129,-1
G030,G029,-0.00014080337,-1
G063,G030,-0.00014080477,-1
G024,G073,-0.00014100518,-1
G017,G029,-0.00014105525,-1
G095,G056,-0.00014108651,-1
G098,G025,-0.00014113037,-1
G086,G060,-0.00014128647,-1
G019,G068,-0.00014138357,-1
G065,G094,-0.00014148375,-1
G001,G009,-0.00014170892,-1
G057,G090,-0.00014178298,-1
G078,G053,-0.00014181294,-1
G038,G073,-0.00014181432,-1
G055,G053,-0.00014181534,-1
G045,G063,-0.00014184632,-1
G005,G046,-0.00014192253,-1
G095,G087,-0.00014206649,-1
G046,G085,-0.00014218388,-1
G016,G035,-0.00014224427,-1
G040,G012,-0.0001423029,-1
G088,G080,-0.00014243461,-1
G100,G064,-0.00014243874,-1
G035,G044,-0.00014247083,-1
G027,G099,-0.00014267408,-1
G052,G014,-0.00014275013,-1
G006,G038,-0.00014281244,-1
G062,G099,-0.00014298837,-1
G033,G017,-0.00014303786,-1
G033,G086,-0.00014304006,-1
G095,G025,-0.00014305681,-1
G054,G020,-0.00014307497,-1
G004,G086,-0.00014318476,-1
G091,G085,-0.00014319485,-1
G084,G099,-0.00014346375,-1
G003,G012,-0.00014346707,-1
G079,G031,-0.0001435297,-1
G087,G027,-0.00014372407,-1
G006,G037,-0.00014372573,-1
G031,G076,-0.00014376933,-1
G071,G051,-0.00014378244,-1
G024,G021,-0.00014380075,-1
G023,G044,-0.00014387247,-1
G035,G055,-0.00014391517,-1
G008,G086,-0.00014402231,-1
G003,G073,-0.00014403665,-1
G098,G064,-0.0001440605,-1
G042,G081,-0.00014406623,-1
G045,G016,-0.0001440739,-1
G097,G024,-0.0001441561,-1
G098,G086,-0.00014415687,-1
G097,G029,-0.00014427443,-1
G004,G098,-0.00014440053,-1
G059,G045,-0.00014441072,-1
G086,G054,-0.00014453568,-1
G039,G055,-0.00014456436,-1
G067,G053,-0.00014456974,-1
G007,G060,-0.00014478443,-1
G014,G077,-0.00014500594,-1
G034,G011,-0.0001450805,-1
G038,G048,-0.00014508887,-1
G083,G003,-0.00014509336,-1
G095,G050,-0.0001451111,-1
G076,G077,-0.0001451624,-1
G039,G052,-0.00014540894,-1
G020,G021,-0.00014544981,-1
G042,G027,-0.00014550127,-1
G043,G018,-0.00014581706,-1
G046,G067,-0.00014588355,-1
G067,G048,-0.00014590863,-1
G056,G087,-0.00014598847,-1
G068,G066,-0.00014617648,-1
G008,G070,-0.00014619516,-1
G086,G051,-0.00014621898,-1
G016,G091,-0.00014624785,-1
G089,G068,-0.00014629542,-1
G039,G073,-0.00014650312,-1
G068,G069,-0.00014672906,-1
G070,G068,-0.00014675136,-1
G054,G064,-0.00014683533,-1
G024,G091,-0.00014700969,-1
G025,G066,-0.00014701183,-1
G076,G038,-0.00014709849,-1
G041,G029,-0.0001472032,-1
G048,G071,-0.00014728232,-1
G085,G019,-0.00014741496,-1
G025,G056,-0.00014742107,-1
G055,G060,-0.00014743961,-1
G008,G073,-0.00014749184,-1
G033,G050,-0.00014776898,-1
G097,G035,-0.00014784139,-1
G016,G021,-0.00014788784,-1
G067,G009,-0.00014789974,-1
G094,G081,-0.0001479832,-1
G052,G027,-0.00014803318,-1
G034,G095,-0.00014811961,-1
G092,G057,-0.00014832355,-1
G054,G083,-0.0001483476,-1
G079,G094,-0.00014847267,-1
G023,G045,-0.00014856177,-1
G078,G076,-0.000148615,-1
G059,G051,-0.0001486827,-1
G068,G004,-0.00014879124,-1
G044,G095,-0.00014882705,-1
G021,G096,-0.0001490416,-1
G087,G014,-0.00014907421,-1
G026,G091,-0.00014913022,-1
G016,G097,-0.00014919451,-1
G058,G039,-0.00014922945,-1
G057,G035,-0.00014937467,-1
G013,G067,-0.00014946598,-1
G054,G091,-0.00014958941,-1
G008,G051,-0.00014960984,-1
G086,G056,-0.00014963903,-1
G081,G097,-0.00014993237,-1
G007,G091,-0.00014998457,-1
G055,G019,-0.00015001319,-1
G007,G055,-0.00015005989,-1
G100,G030,-0.00015016012,-1
G051,G093,-0.00015017169,-1
G038,G045,-0.00015055569,-1
G082,G045,-0.0001506447,-1
G087,G098,-0.00015065132,-1
G072,G041,-0.00015067915,-1
G063,G075,-0.00015087349,-1
G095,G083,-0.00015092155,-1
G045,G024,-0.00015092909,-1
G084,G098,-0.00015095723,-1
G090,G049,-0.00015096572,-1
G012,G031,-0.00015102839,-1
G098,G055,-0.00015106953,-1
G083,G056,-0.00015120256,-1
G020,G096,-0.0001513183,-1
G059,G044,-0.00015137644,-1
G063,G031,-0.00015145383,-1
G013,G095,-0.00015168451,-1
G037,G081,-0.00015169565,-1
G094,G068,-0.00015171945,-1
G032,G036,-0.00015175548,-1
G092,G031,-0.00015188119,-1
G057,G003,-0.00015199764,-1
G007,G036,-0.00015204307,-1
G062,G073,-0.00015208109,-1
G057,G039,-0.00015218645,-1
G008,G076,-0.0001521914,-1
G047,G029,-0.0001522271,-1
G038,G064,-0.00015239393,-1
G045,G022,-0.00015243774,-1
G082,G099,-0.00015259626,-1
G095,G029,-0.00015270655,-1
G064,G028,-0.00015279805,-1
G092,G049,-0.00015284187,-1
G062,G072,-0.00015284512,-1
G051,G087,-0.00015300092,-1
G063,G053,-0.00015316483,-1
G048,G010,-0.00015325777,-1
G067,G082,-0.00015327314,-1
G029,G049,-0.0001533704,-1
G036,G050,-0.00015350827,-1
G004,G094,-0.00015355842,-1
G030,G035,-0.00015356608,-1
G024,G067,-0.00015357448,-1
G080,G017,-0.00015368438,-1
G011,G055,-0.00015377204,-1
G014,G068,-0.00015379782,-1
G059,G019,-0.00015386865,-1
G094,G046,-0.00015392729,-1
G026,G013,-0.0001541617,-1
G002,G031,-0.00015430039,-1
G036,G072,-0.00015440948,-1
G017,G033,-0.00015461745,-1
G013,G042,-0.00015469374,-1
G046,G081,-0.0001547119,-1
G002,G056,-0.00015478556,-1
G046,G092,-0.00015481931,-1
G036,G004,-0.00015486669,-1
G046,G060,-0.00015492257,-1
G026,G064,-0.00015501986,-1
G098,G024,-0.00015506819,-1
G019,G098,-0.000155109,-1
G010,G016,-0.00015511562,-1
G089,G072,-0.00015529887,-1
G070,G043,-0.00015539388,-1
G066,G073,-0.00015539795,-1
G054,G057,-0.00015556587,-1
G021,G039,-0.00015557725,-1
G040,G043,-0.00015557867,-1
G097,G013,-0.00015558547,-1
G020,G067,-0.00015563522,-1
G059,G078,-0.00015568116,-1
G042,G041,-0.00015574081,-1
G008,G013,-0.00015580206,-1
G083,G025,-0.00015581779,-1
G076,G021,-0.00015584861,-1
G098,G012,-0.00015598386,-1
G044,G051,-0.00015608422,-1
G037,G035,-0.00015608828,-1
G090,G014,-0.00015617313,-1
G096,G099,-0.00015619199,-1
G019,G072,-0.00015636817,-1
G083,G002,-0.00015646419,-1
G024,G087,-0.00015667304,-1
G043,G079,-0.00015675896,-1
G044,G029,-0.00015683417,-1
G012,G061,-0.00015696451,-1
G098,G088,-0.00015697446,-1
G059,G073,-0.00015703145,-1
G026,G043,-0.0001570536,-1
G048,G092,-0.0001571352,-1
G071,G089,-0.00015713534,-1
G094,G049,-0.00015720795,-1
G081,G060,-0.00015749711,-1
G007,G086,-0.00015753608,-1
G047,G063,-0.00015759285,-1
G071,G022,-0.0001576232,-1
G007,G076,-0.00015774413,-1
G025,G004,-0.00015777197,-1
G038,G083,-0.00015780011,-1
G062,G069,-0.00015790881,-1
G088,G031,-0.0001580537,-1
G008,G022,-0.00015814148,-1
G016,G098,-0.0001581523,-1
G015,G051,-0.00015836222,-1
G081,G044,-0.00015837615,-1
G010,G054,-0.00015849883,-1
G084,G017,-0.00015867627,-1
G066,G011,-0.00015871541,-1
G071,G079,-0.00015884844,-1
G064,G052,-0.00015891017,-1
G077,G040,-0.00015895013,-1
G008,G083,-0.00015903298,-1
G023,G022,-0.00015907956,-1
G017,G070,-0.00015914073,-1
G075,G092,-0.0001591893,-1
G020,G047,-0.000159328,-1
G004,G079,-0.0001594241,-1
G090,G025,-0.000159428,-1
G063,G087,-0.00015947786,-1
G087,G063,-0.00015949621,-1
G084,G045,-0.00015963928,-1
G042,G091,-0.00015966775,-1
G002,G038,-0.00015977086,-1
G064,G017,-0.0001598813,-1
G029,G041,-0.00015991437,-1
G026,G089,-0.00015998364,-1
G095,G069,-0.0001600286,-1
G034,G097,-0.00016004388,-1
G100,G073,-0.00016008878,-1
G087,G045,-0.00016027283,-1
G064,G057,-0.00016028441,-1
G093,G063,-0.00016036574,-1
G092,G058,-0.00016037589,-1
G087,G064,-0.00016038833,-1
G025,G092,-0.00016041604,-1
G024,G076,-0.00016045092,-1
G041,G014,-0.00016047666,-1
G029,G020,-0.00016056321,-1
G026,G022,-0.00016058078,-1
G099,G094,-0.00016095911,-1
G039,G081,-0.0001609819,-1
G011,G078,-0.00016108314,-1
G012,G016,-0.00016120574,-1
G077,G009,-0.00016133075,-1
G007,G069,-0.00016140295,-1
G052,G089,-0.00016151316,-1
G100,G035,-0.00016155887,-1
G078,G013,-0.00016164008,-1
G033,G094,-0.00016164668,-1
G025,G067,-0.00016171258,-1
G070,G048,-0.00016194284,-1
G041,G086,-0.0001619748,-1
G045,G082,-0.00016210097,-1
G098,G022,-0.00016227653,-1
G025,G073,-0.0001623652,-1
G036,G030,-0.00016238757,-1
G024,G096,-0.00016243197,-1
G059,G023,-0.00016249744,-1
G007,G029,-0.00016254949,-1
G070,G049,-0.00016267263,-1
G021,G046,-0.00016270959,-1
G043,G037,-0.00016273974,-1
G008,G062,-0.00016293112,-1
G034,G023,-0.0001629554,-1
G011,G056,-0.00016312965,-1
G091,G036,-0.00016319055,-1
G095,G067,-0.00016332981,-1
G039,G092,-0.00016334445,-1
G090,G051,-0.00016346516,-1
G057,G013,-0.00016347186,-1
G066,G047,-0.00016355068,-1
G008,G097,-0.00016356171,-1
G094,G088,-0.00016383035,-1
G016,G053,-0.0001639398,-1
G045,G088,-0.00016395019,-1
G003,G074,-0.00016406261,-1
G087,G004,-0.00016422459,-1
G050,G031,-0.00016439387,-1
G087,G089,-0.00016452509,-1
G030,G036,-0.00016457793,-1
G067,G040,-0.00016458472,-1
G057,G050,-0.0001646496,-1
G049,G078,-0.00016466867,-1
G047,G049,-0.00016467061,-1
G025,G082,-0.00016487087,-1
G081,G070,-0.00016487562,-1
G045,G095,-0.00016505142,-1
G034,G055,-0.00016507738,-1
G066,G053,-0.00016508867,-1
G034,G062,-0.00016517793,-1
G086,G047,-0.00016518275,-1
G002,G052,-0.00016529269,-1
G034,G086,-0.00016537505,-1
G075,G083,-0.0001654145,-1
G087,G069,-0.00016545459,-1
G054,G027,-0.00016548984,-1
G016,G077,-0.00016563678,-1
G094,G038,-0.00016568124,-1
G021,G066,-0.00016570558,-1
G041,G025,-0.00016573873,-1
G025,G079,-0.00016600429,-1
G026,G039,-0.0001660635,-1
G028,G051,-0.00016608089,-1
G064,G039,-0.00016632279,-1
G003,G058,-0.0001663342,-1
G019,G050,-0.0001663586,-1
G023,G074,-0.00016643423,-1
G084,G032,-0.00016651476,-1
G045,G009,-0.00016651885,-1
G097,G075,-0.00016662685,-1
G100,G093,-0.00016682825,-1
G020,G099,-0.00016685358,-1
G047,G021,-0.00016686624,-1
G063,G076,-0.0001668671,-1
G002,G081,-0.00016687094,-1
G008,G045,-0.00016688766,-1
G095,G068,-0.00016711807,-1
G008,G082,-0.00016727633,-1
G071,G039,-0.00016738295,-1
G056,G037,-0.0001674514,-1
G086,G013,-0.00016746552,-1
G063,G065,-0.00016778884,-1
G005,G064,-0.00016779674,-1
G078,G049,-0.00016781912,-1
G095,G076,-0.0001678194,-1
G059,G036,-0.00016787784,-1
G043,G023,-0.00016792711,-1
G075,G024,-0.0001679606,-1
G030,G095,-0.00016803663,-1
G007,G099,-0.00016821072,-1
G028,G094,-0.00016826415,-1
G076,G092,-0.00016828335,-1
G059,G018,-0.00016840856,-1
G048,G078,-0.00016856885,-1
G017,G004,-0.00016858407,-1
G025,G063,-0.00016859584,-1
G011,G091,-0.00016862781,-1
G015,G094,-0.00016870884,-1
G044,G046,-0.00016878331,-1
G048,G014,-0.00016895379,-1
G054,G060,-0.00016922667,-1
G025,G094,-0.0001694819,-1
G069,G077,-0.0001695728,-1
G002,G032,-0.00016958885,-1
G094,G056,-0.00016960759,-1
G043,G017,-0.00016964863,-1
G011,G014,-0.00016965232,-1
G021,G090,-0.0001698087,-1
G064,G019,-0.0001698959,-1
G048,G003,-0.00016997528,-1
G039,G035,-0.00016998388,-1
G075,G022,-0.00017000159,-1
G016,G051,-0.0001700227,-1
G094,G091,-0.00017032625,-1
G091,G005,-0.0001704505,-1
G026,G062,-0.00017050051,-1
G016,G075,-0.00017058999,-1
G072,G029,-0.00017070757,-1
G009,G056,-0.00017072956,-1
G087,G030,-0.00017083604,-1
G097,G041,-0.00017089043,-1
G036,G087,-0.00017106258,-1
G052,G031,-0.000171151,-1
G045,G061,-0.00017115187,-1
G090,G030,-0.0001711898,-1
G088,G047,-0.00017138998,-1
G062,G056,-0.00017142174,-1
G100,G057,-0.0001714463,-1
G016,G041,-0.00017155407,-1
G012,G030,-0.00017177482,-1
G097,G038,-0.00017189191,-1
G090,G045,-0.00017189737,-1
G071,G073,-0.0001719997,-1
G069,G016,-0.00017201947,-1
G014,G028,-0.00017206985,-1
G047,G014,-0.00017229127,-1
G026,G068,-0.00017240072,-1
G016,G018,-0.00017259592,-1
G048,G053,-0.00017262416,-1
G059,G077,-0.00017269157,-1
G036,G098,-0.00017270564,-1
G044,G040,-0.00017277361,-1
G023,G050,-0.00017278531,-1
G052,G053,-0.0001729641,-1
G025,G081,-0.0001730863,-1
G100,G055,-0.00017328639,-1
G094,G086,-0.00017350331,-1
G097,G049,-0.00017351228,-1
G092,G019,-0.00017361886,-1
G064,G072,-0.00017366302,-1
G062,G084,-0.00017369215,-1
G079,G080,-0.00017369771,-1
G080,G060,-0.00017382533,-1
G076,G087,-0.00017393792,-1
G094,G092,-0.00017398773,-1
G070,G040,-0.00017399719,-1
G033,G022,-0.00017403194,-1
G059,G039,-0.00017406963,-1
G034,G092,-0.00017419996,-1
G028,G038,-0.00017422372,-1
G029,G079,-0.00017436182,-1
G080,G049,-0.00017441969,-1
G086,G087,-0.00017445658,-1
G075,G059,-0.00017466133,-1
G057,G036,-0.00017468975,-1
G006,G049,-0.0001748487,-1
G021,G036,-0.0001749154,-1
G034,G093,-0.00017505801,-1
G022,G098,-0.00017526805,-1
G010,G013,-0.00017529073,-1
G024,G092,-0.00017531858,-1
G052,G028,-0.0001753776,-1
G093,G095,-0.00017544981,-1
G062,G086,-0.00017545428,-1
G061,G071,-0.00017547053,-1
G041,G008,-0.00017548341,-1
G064,G043,-0.00017557338,-1
G021,G067,-0.0001755798,-1
G040,G097,-0.00017568796,-1
G066,G050,-0.00017569838,-1
G023,G098,-0.00017570461,-1
G055,G056,-0.00017572097,-1
G100,G079,-0.00017582576,-1
G047,G051,-0.00017584088,-1
G034,G046,-0.00017590274,-1
G034,G051,-0.00017591123,-1
G054,G051,-0.00017594201,-1
G025,G031,-0.00017595982,-1
G010,G062,-0.00017600071,-1
G009,G019,-0.0001760337,-1
G047,G092,-0.00017624866,-1
G078,G063,-0.00017627445,-1
G008,G032,-0.00017634121,-1
G066,G068,-0.00017652287,-1
G011,G080,-0.00017659529,-1
G075,G013,-0.00017666008,-1
G081,G086,-0.00017682496,-1
G028,G053,-0.00017683356,-1
G035,G060,-0.0001768484,-1
G040,G051,-0.00017700103,-1
G054,G098,-0.00017706501,-1
G063,G018,-0.00017718958,-1
G002,G049,-0.00017726375,-1
G039,G024,-0.0001773749,-1
G092,G016,-0.00017738363,-1
G059,G099,-0.00017745052,-1
G022,G058,-0.00017747938,-1
G050,G099,-0.0001774974,-1
G006,G095,-0.00017755301,-1
G034,G059,-0.0001776113,-1
G071,G095,-0.00017767894,-1
G027,G038,-0.00017773669,-1
G081,G047,-0.00017774715,-1
G003,G045,-0.00017778699,-1
G026,G031,-0.00017785295,-1
G059,G014,-0.00017792822,-1
G049,G070,-0.00017802237,-1
G099,G095,-0.00017809977,-1
G015,G096,-0.00017812526,-1
G095,G064,-0.00017821506,-1
G098,G014,-0.00017848104,-1
G081,G073,-0.00017857664,-1
G062,G058,-0.00017863694,-1
G087,G086,-0.00017867197,-1
G069,G031,-0.00017887919,-1
G002,G057,-0.00017900922,-1
G021,G016,-0.00017908882,-1
G056,G072,-0.00017923141,-1
G071,G031,-0.00017925182,-1
G076,G032,-0.00017937925,-1
G095,G035,-0.00017940918,-1
G047,G025,-0.0001794405,-1
G025,G069,-0.00017961572,-1
G072,G059,-0.00017967609,-1
G061,G046,-0.00017968674,-1
G045,G018,-0.00017977605,-1
G011,G065,-0.00017977747,-1
G023,G043,-0.00017978864,-1
G095,G031,-0.0001799521,-1
G075,G016,-0.00018002294,-1
G087,G090,-0.00018005172,-1
G087,G057,-0.00018005892,-1
G083,G062,-0.0001800711,-1
G094,G074,-0.00018021767,-1
G064,G080,-0.00018021773,-1
G088,G011,-0.00018026527,-1
G068,G085,-0.00018030495,-1
G087,G031,-0.00018044426,-1
G031,G060,-0.00018050418,-1
G064,G040,-0.0001805734,-1
G082,G031,-0.00018068023,-1
G090,G070,-0.00018072524,-1
G008,G024,-0.00018102386,-1
G076,G047,-0.00018109116,-1
G005,G087,-0.0001811105,-1
G022,G065,-0.00018114492,-1
G064,G074,-0.00018122014,-1
G070,G077,-0.00018124591,-1
G038,G047,-0.00018124751,-1
G024,G071,-0.00018136886,-1
G059,G072,-0.00018140681,-1
G062,G021,-0.00018141452,-1
G017,G008,-0.00018163485,-1
G021,G070,-0.00018176573,-1
G005,G086,-0.00018176583,-1
G025,G016,-0.00018184374,-1
G040,G011,-0.00018198795,-1
G071,G029,-0.00018218502,-1
G008,G049,-0.00018224608,-1
G091,G031,-0.00018236472,-1
G100,G082,-0.00018245768,-1
G042,G004,-0.00018247291,-1
G008,G085,-0.00018248378,-1
G086,G038,-0.00018251751,-1
G031,G063,-0.00018262355,-1
G059,G070,-0.00018262873,-1
G002,G033,-0.00018269072,-1
G087,G055,-0.00018269126,-1
G090,G038,-0.00018271268,-1
G005,G052,-0.00018272118,-1
G021,G037,-0.00018272607,-1
G025,G078,-0.00018281408,-1
G094,G009,-0.00018284055,-1
G001,G023,-0.0001830307,-1
G059,G047,-0.00018331097,-1
G064,G008,-0.00018331617,-1
G066,G027,-0.00018336141,-1
G013,G033,-0.00018338127,-1
G028,G056,-0.00018338415,-1
G012,G074,-0.00018345637,-1
G048,G069,-0.0001835032,-1
G007,G013,-0.00018352293,-1
G008,G053,-0.00018361158,-1
G034,G040,-0.00018366441,-1
G014,G023,-0.00018376383,-1
G052,G003,-0.00018379258,-1
G018,G096,-0.00018390604,-1
G054,G031,-0.00018411792,-1
G081,G043,-0.00018416852,-1
G100,G092,-0.00018417962,-1
G075,G039,-0.0001843557,-1
G032,G080,-0.00018441574,-1
G043,G053,-0.00018452082,-1
G006,G036,-0.00018454371,-1
G072,G009,-0.00018454887,-1
G030,G027,-0.00018456661,-1
G019,G069,-0.00018483368,-1
G089,G021,-0.00018484578,-1
G007,G022,-0.00018495703,-1
G016,G028,-0.00018505254,-1
G016,G060,-0.00018511835,-1
G085,G001,-0.00018522021,-1
G065,G032,-0.00018530553,-1
G052,G099,-0.00018540147,-1
G045,G086,-0.00018571346,-1
G024,G001,-0.00018573557,-1
G085,G016,-0.00018588516,-1
G030,G037,-0.00018592594,-1
G022,G051,-0.00018606377,-1
G088,G072,-0.00018609998,-1
G081,G058,-0.00018614107,-1
G024,G082,-0.0001861798,-1
G039,G018,-0.00018621095,-1
G025,G009,-0.00018642104,-1
G066,G016,-0.00018646172,-1
G062,G081,-0.00018652616,-1
G068,G091,-0.00018654924,-1
G030,G028,-0.00018670248,-1
G077,G084,-0.00018693191,-1
G023,G014,-0.00018729728,-1
G065,G039,-0.00018731899,-1
G059,G082,-0.00018745816,-1
G041,G099,-0.00018745821,-1
G018,G081,-0.00018750895,-1
G071,G091,-0.00018782607,-1
G019,G062,-0.00018789711,-1
G070,G079,-0.00018794525,-1
G037,G039,-0.00018798097,-1
G034,G076,-0.0001882726,-1
G024,G031,-0.00018837774,-1
G090,G060,-0.00018851987,-1
G048,G059,-0.00018871209,-1
G031,G047,-0.0001887132,-1
G045,G069,-0.00018879258,-1
G066,G077,-0.00018880547,-1
G039,G036,-0.00018884643,-1
G076,G056,-0.00018937874,-1
G069,G056,-0.00018952,-1
G005,G056,-0.00018952263,-1
G030,G049,-0.00018958977,-1
G084,G087,-0.00018960155,-1
G025,G070,-0.00018960258,-1
G078,G062,-0.00018973305,-1
G029,G024,-0.00018980537,-1
G032,G029,-0.00018999026,-1
G095,G065,-0.00019001521,-1
G016,G046,-0.00019014548,-1
G088,G016,-0.00019045218,-1
G097,G042,-0.0001905273,-1
G090,G054,-0.00019057406,-1
G021,G038,-0.00019067929,-1
G072,G076,-0.00019086202,-1
G097,G064,-0.00019089032,-1
G070,G028,-0.00019091232,-1
G068,G044,-0.0001909455,-1
G045,G014,-0.00019097915,-1
G087,G062,-0.00019099179,-1
G063,G039,-0.00019100092,-1
G088,G081,-0.00019100666,-1
G040,G094,-0.0001910456,-1
G007,G090,-0.00019110847,-1
G028,G044,-0.00019125968,-1
G089,G047,-0.00019126132,-1
G011,G037,-0.00019134415,-1
G022,G043,-0.00019158162,-1
G016,G082,-0.0001916789,-1
G019,G081,-0.00019178822,-1
G041,G092,-0.00019190802,-1
G002,G023,-0.00019196598,-1
G100,G086,-0.0001919803,-1
G075,G037,-0.00019205942,-1
G081,G052,-0.00019208757,-1
G030,G072,-0.00019212508,-1
G090,G035,-0.00019225942,-1
G025,G089,-0.0001922729,-1
G095,G055,-0.00019233878,-1
G034,G098,-0.00019265112,-1
G083,G088,-0.00019269079,-1
G004,G088,-0.00019287139,-1
G022,G060,-0.00019288667,-1
G086,G099,-0.000192958,-1
G090,G091,-0.0001929979,-1
G036,G037,-0.00019300217,-1
G034,G090,-0.00019320843,-1
G004,G032,-0.00019320971,-1
G062,G074,-0.00019322567,-1
G062,G006,-0.00019359382,-1
G048,G041,-0.00019364359,-1
G069,G057,-0.00019374641,-1
G090,G065,-0.00019384285,-1
G056,G011,-0.00019385897,-1
G045,G087,-0.00019395708,-1
G054,G080,-0.00019403083,-1
G064,G061,-0.0001941628,-1
G036,G003,-0.00019426385,-1
G057,G097,-0.00019433201,-1
G034,G043,-0.00019434365,-1
G022,G023,-0.00019436154,-1
G055,G047,-0.0001944535,-1
G063,G062,-0.00019446552,-1
G035,G029,-0.00019449511,-1
G045,G099,-0.00019451222,-1
G010,G090,-0.00019452523,-1
G024,G027,-0.00019467055,-1
G084,G088,-0.00019481519,-1
G097,G076,-0.00019500608,-1
G065,G053,-0.00019504396,-1
G035,G036,-0.00019512739,-1
G062,G017,-0.000195276,-1
G083,G075,-0.00019545588,-1
G081,G091,-0.00019551057,-1
G075,G074,-0.0001955521,-1
G039,G027,-0.00019564776,-1
G041,G032,-0.00019592328,-1
G098,G027,-0.00019600656,-1
G069,G040,-0.00019605055,-1
G098,G017,-0.00019609698,-1
G034,G029,-0.00019620247,-1
G098,G032,-0.00019621185,-1
G011,G030,-0.0001962966,-1
G081,G087,-0.0001964445,-1
G078,G086,-0.00019650983,-1
G039,G051,-0.00019652936,-1
G034,G072,-0.00019654597,-1
G044,G072,-0.0001966003,-1
G005,G032,-0.00019660087,-1
G095,G033,-0.00019666403,-1
G033,G003,-0.00019671016,-1
G100,G075,-0.0001967668,-1
G083,G069,-0.00019680672,-1
G048,G058,-0.00019681835,-1
G048,G039,-0.00019686604,-1
G034,G073,-0.00019690451,-1
G048,G052,-0.00019700413,-1
G030,G017,-0.00019705665,-1
G027,G017,-0.00019715323,-1
G036,G039,-0.00019718982,-1
G007,G064,-0.00019719612,-1
G025,G046,-0.00019733641,-1
G011,G099,-0.00019736559,-1
G100,G018,-0.00019757559,-1
G025,G028,-0.0001975928,-1
G002,G098,-0.00019760618,-1
G090,G085,-0.00019761788,-1
G063,G054,-0.00019763176,-1
G025,G059,-0.00019764288,-1
G097,G089,-0.00019769974,-1
G002,G086,-0.00019774323,-1
G016,G038,-0.0001978364,-1
G095,G092,-0.00019819522,-1
G002,G027,-0.0001983797,-1
G037,G087,-0.00019847565,-1
G025,G047,-0.0001985459,-1
G017,G030,-0.00019856873,-1
G073,G071,-0.00019858146,-1
G068,G045,-0.00019859485,-1
G055,G028,-0.0001986757,-1
G049,G086,-0.00019891978,-1
G007,G095,-0.0001991559,-1
G097,G004,-0.00019916196,-1
G007,G051,-0.00019921393,-1
G011,G052,-0.0001992858,-1
G081,G063,-0.00019941267,-1
G094,G057,-0.00019943125,-1
G034,G094,-0.00019945604,-1
G082,G009,-0.00019958224,-1
G095,G041,-0.0001996697,-1
G100,G097,-0.00019968534,-1
G090,G081,-0.00019978534,-1
G090,G087,-0.00019978559,-1
G097,G078,-0.00019986958,-1
G054,G002,-0.00019992235,-1
G039,G072,-0.00019994061,-1
G066,G033,-0.00020008362,-1
G095,G042,-0.00020009167,-1
G047,G001,-0.00020009396,-1
G058,G050,-0.0002001329,-1
G008,G078,-0.00020019629,-1
G068,G050,-0.00020024396,-1
G034,G050,-0.00020037798,-1
G094,G065,-0.00020053817,-1
G076,G048,-0.00020059156,-1
G003,G031,-0.0002007127,-1
G009,G034,-0.00020075243,-1
G062,G040,-0.00020090258,-1
G025,G001,-0.00020095598,-1
G034,G004,-0.00020101598,-1
G092,G009,-0.0002010764,-1
G048,G050,-0.00020113832,-1
G100,G044,-0.00020114689,-1
G066,G019,-0.00020122269,-1
G022,G078,-0.00020140657,-1
G014,G011,-0.0002016234,-1
G017,G048,-0.00020178664,-1
G071,G016,-0.00020180852,-1
G097,G060,-0.00020194644,-1
G041,G003,-0.00020201632,-1
G056,G079,-0.00020224512,-1
G034,G045,-0.00020228793,-1
G091,G061,-0.0002024164,-1
G041,G019,-0.00020258212,-1
G057,G082,-0.0002026312,-1
G045,G013,-0.00020267243,-1
G047,G086,-0.000202853,-1
G100,G069,-0.00020293047,-1
G009,G100,-0.00020295325,-1
G003,G079,-0.00020299955,-1
G020,G057,-0.00020317985,-1
G087,G073,-0.00020332746,-1
G020,G076,-0.00020352507,-1
G090,G064,-0.00020396452,-1
G041,G097,-0.00020403313,-1
G063,G072,-0.00020412152,-1
G045,G053,-0.00020420627,-1
G034,G027,-0.00020422396,-1
G062,G078,-0.00020446612,-1
G002,G054,-0.00020458401,-1
G086,G046,-0.00020478641,-1
G011,G040,-0.00020486067,-1
G055,G027,-0.00020499899,-1
G033,G067,-0.0002051,-1
G075,G038,-0.00020525475,-1
G022,G032,-0.00020534283,-1
G028,G058,-0.0002053602,-1
G025,G049,-0.00020539598,-1
G022,G090,-0.00020549668,-1
G026,G073,-0.00020550014,-1
G076,G019,-0.00020553273,-1
G044,G054,-0.00020575682,-1
G002,G091,-0.00020578416,-1
G004,G056,-0.00020583652,-1
G008,G043,-0.00020591666,-1
G084,G053,-0.00020615822,-1
G052,G080,-0.0002062128,-1
G047,G008,-0.00020622948,-1
G065,G016,-0.00020629376,-1
G049,G094,-0.0002062952,-1
G083,G092,-0.00020643516,-1
G046,G058,-0.00020649799,-1
G003,G054,-0.00020654983,-1
G059,G097,-0.00020666036,-1
G100,G099,-0.0002067664,-1
G054,G034,-0.00020687819,-1
G090,G083,-0.00020702607,-1
G025,G072,-0.00020709621,-1
G034,G067,-0.00020713158,-1
G099,G054,-0.00020714344,-1
G014,G095,-0.00020714672,-1
G037,G013,-0.00020717902,-1
G081,G013,-0.0002072567,-1
G072,G081,-0.00020727464,-1
G040,G004,-0.00020728509,-1
G008,G044,-0.00020752546,-1
G004,G047,-0.00020774823,-1
G025,G014,-0.00020787609,-1
G025,G039,-0.000208138,-1
G046,G039,-0.0002081698,-1
G083,G004,-0.00020826224,-1
G020,G065,-0.00020842068,-1
G055,G011,-0.00020845095,-1
G055,G031,-0.00020855572,-1
G011,G087,-0.00020856247,-1
G008,G042,-0.0002086359,-1
G075,G043,-0.00020879136,-1
G046,G083,-0.00020890113,-1
G078,G097,-0.0002089477,-1
G079,G004,-0.00020899749,-1
G067,G042,-0.00020903099,-1
G059,G056,-0.00020927875,-1
G069,G054,-0.00020945711,-1
G048,G032,-0.00020957939,-1
G072,G031,-0.00020969173,-1
G086,G019,-0.00020972805,-1
G065,G073,-0.00020975436,-1
G020,G038,-0.00021006471,-1
G034,G008,-0.00021031497,-1
G083,G041,-0.00021031595,-1
G098,G079,-0.00021041796,-1
G038,G053,-0.00021046515,-1
G033,G053,-0.00021048728,-1
G078,G031,-0.00021082954,-1
G041,G037,-0.00021083573,-1
G027,G047,-0.00021083861,-1
G070,G033,-0.00021090198,-1
G063,G082,-0.00021092159,-1
G034,G025,-0.00021095823,-1
G025,G053,-0.00021100428,-1
G093,G039,-0.00021136786,-1
G087,G040,-0.00021137594,-1
G015,G011,-0.00021139371,-1
G065,G001,-0.00021158828,-1
G070,G061,-0.00021160307,-1
G090,G055,-0.00021165713,-1
G063,G038,-0.0002117322,-1
G065,G076,-0.00021182702,-1
G052,G037,-0.00021187542,-1
G066,G078,-0.0002119799,-1
G068,G051,-0.00021203923,-1
G021,G024,-0.00021215082,-1
G081,G038,-0.00021270376,-1
G002,G060,-0.00021270444,-1
G025,G076,-0.00021274983,-1
G087,G035,-0.00021279903,-1
G039,G049,-0.00021282832,-1
G097,G052,-0.00021288972,-1
G066,G087,-0.0002131275,-1
G008,G039,-0.00021344372,-1
G096,G046,-0.00021348783,-1
G090,G059,-0.00021352376,-1
G036,G061,-0.0002135754,-1
G014,G031,-0.00021360756,-1
G094,G024,-0.00021369841,-1
G072,G040,-0.00021389751,-1
G038,G029,-0.00021391033,-1
G005,G058,-0.00021400626,-1
G007,G048,-0.00021404363,-1
G013,G061,-0.000214111,-1
G024,G054,-0.00021428033,-1
G097,G056,-0.00021429404,-1
G025,G087,-0.0002144197,-1
G021,G042,-0.0002144611,-1
G059,G085,-0.00021462231,-1
G017,G068,-0.0002147258,-1
G039,G094,-0.00021472907,-1
G055,G081,-0.00021479439,-1
G034,G065,-0.00021484547,-1
G049,G025,-0.00021489584,-1
G048,G051,-0.00021490939,-1
G059,G029,-0.00021493051,-1
G045,G032,-0.00021500824,-1
G038,G021,-0.0002151288,-1
G100,G051,-0.00021513796,-1
G079,G038,-0.00021536127,-1
G049,G067,-0.00021536433,-1
G023,G073,-0.0002153936,-1
G036,G079,-0.00021553916,-1
G076,G035,-0.00021554568,-1
G095,G060,-0.00021556899,-1
G045,G070,-0.00021567347,-1
G095,G008,-0.0002156764,-1
G045,G051,-0.00021568904,-1
G098,G083,-0.00021570272,-1
G019,G035,-0.00021581771,-1
G007,G052,-0.00021586858,-1
G045,G008,-0.00021606316,-1
G059,G087,-0.0002161151,-1
G011,G058,-0.0002161488,-1
G023,G072,-0.0002161739,-1
G041,G088,-0.00021621874,-1
G065,G052,-0.00021622458,-1
G081,G053,-0.00021640147,-1
G087,G052,-0.0002164402,-1
G040,G036,-0.00021648212,-1
G058,G011,-0.0002166429,-1
G038,G049,-0.00021667389,-1
G046,G027,-0.00021676988,-1
G089,G057,-0.00021677309,-1
G042,G093,-0.00021682866,-1
G057,G066,-0.00021690024,-1
G003,G093,-0.00021700413,-1
G081,G092,-0.00021716603,-1
G076,G017,-0.00021741043,-1
G045,G067,-0.00021749054,-1
G073,G001,-0.00021761113,-1
G022,G084,-0.00021764939,-1
G022,G086,-0.0002176866,-1
G043,G041,-0.00021769623,-1
G012,G009,-0.00021791259,-1
G056,G019,-0.00021791423,-1
G075,G066,-0.00021799411,-1
G076,G031,-0.00021822508,-1
G100,G013,-0.0002183803,-1
G075,G067,-0.00021841447,-1
G007,G079,-0.00021850743,-1
G012,G063,-0.00021864228,-1
G082,G065,-0.00021865644,-1
G087,G013,-0.0002187474,-1
G068,G082,-0.00021876022,-1
G034,G048,-0.00021891664,-1
G030,G094,-0.0002189675,-1
G021,G057,-0.00021916721,-1
G054,G021,-0.00021935547,-1
G053,G084,-0.00021938184,-1
G023,G089,-0.00021951237,-1
G049,G027,-0.00021955784,-1
G056,G095,-0.00021960362,-1
G056,G094,-0.00021983616,-1
G039,G079,-0.00022004866,-1
G058,G075,-0.00022017243,-1
G046,G028,-0.00022033034,-1
G002,G047,-0.00022043662,-1
G095,G018,-0.00022055797,-1
G100,G039,-0.00022056304,-1
G029,G077,-0.00022073623,-1
G086,G098,-0.00022089265,-1
G066,G032,-0.00022104174,-1
G021,G044,-0.00022104959,-1
G063,G080,-0.00022107022,-1
G022,G035,-0.00022117174,-1
G048,G086,-0.00022125324,-1
G045,G076,-0.0002214541,-1
G072,G063,-0.00022148603,-1
G058,G059,-0.00022152807,-1
G008,G060,-0.00022155768,-1
G086,G072,-0.00022162317,-1
G054,G008,-0.00022168916,-1
G020,G075,-0.0002216907,-1
G088,G087,-0.0002219876,-1
G081,G016,-0.00022217027,-1
G034,G035,-0.00022217655,-1
G100,G098,-0.00022259208,-1
G006,G083,-0.00022262857,-1
G046,G073,-0.0002226903,-1
G090,G092,-0.00022275274,-1
G031,G011,-0.00022276903,-1
G066,G040,-0.00022277144,-1
G087,G094,-0.00022281552,-1
G021,G011,-0.00022334013,-1
G075,G061,-0.00022337139,-1
G004,G073,-0.00022357456,-1
G058,G043,-0.00022360975,-1
G033,G062,-0.00022375531,-1
G036,G021,-0.00022404498,-1
G071,G043,-0.00022415645,-1
G021,G055,-0.00022421473,-1
G011,G053,-0.00022439893,-1
G086,G016,-0.00022451386,-1
G097,G067,-0.0002245187,-1
G094,G037,-0.0002246244,-1
G045,G089,-0.00022462444,-1
G073,G019,-0.00022472617,-1
G021,G091,-0.00022518286,-1
G049,G023,-0.00022518852,-1
G041,G089,-0.00022523862,-1
G072,G095,-0.00022532843,-1
G070,G099,-0.0002255209,-1
G039,G004,-0.00022576016,-1
G066,G091,-0.0002258534,-1
G058,G067,-0.00022585799,-1
G011,G017,-0.00022607701,-1
G072,G042,-0.00022614124,-1
G090,G048,-0.00022633479,-1
G025,G041,-0.00022654858,-1
G050,G009,-0.00022661354,-1
G022,G045,-0.00022672846,-1
G007,G070,-0.00022676622,-1
G056,G074,-0.0002268268,-1
G095,G075,-0.0002268862,-1
G074,G002,-0.00022701533,-1
G056,G024,-0.00022706969,-1
G016,G081,-0.00022802311,-1
G097,G073,-0.0002283861,-1
G090,G089,-0.0002284488,-1
G087,G074,-0.00022860373,-1
G058,G066,-0.00022873396,-1
G095,G082,-0.00022874637,-1
G019,G088,-0.00022887344,-1
G010,G095,-0.0002289095,-1
G088,G095,-0.00022895054,-1
G025,G091,-0.00022897705,-1
G090,G095,-0.0002290198,-1
G081,G055,-0.00022902328,-1
G006,G009,-0.00022906285,-1
G090,G053,-0.00022910582,-1
G082,G053,-0.00022916989,-1
G090,G041,-0.00022917236,-1
G081,G065,-0.00022918331,-1
G091,G057,-0.00022919266,-1
G099,G091,-0.0002294042,-1
G093,G081,-0.00022940664,-1
G048,G021,-0.00022960581,-1
G040,G014,-0.00022964164,-1
G021,G012,-0.00022969274,-1
G083,G043,-0.00022977739,-1
G100,G009,-0.00022982396,-1
G008,G087,-0.00022992158,-1
G045,G092,-0.00022992255,-1
G021,G053,-0.00022999289,-1
G024,G046,-0.00023001473,-1
G025,G027,-0.00023006916,-1
G075,G073,-0.00023009193,-1
G057,G014,-0.00023038221,-1
G025,G043,-0.00023048831,-1
G004,G064,-0.0002304948,-1
G034,G030,-0.00023060784,-1
G034,G064,-0.00023078099,-1
G055,G095,-0.00023080168,-1
G093,G057,-0.00023082717,-1
G021,G051,-0.00023101298,-1
G040,G023,-0.0002310214,-1
G078,G014,-0.00023107848,-1
G040,G090,-0.0002310923,-1
G083,G044,-0.00023130277,-1
G063,G057,-0.00023157438,-1
G089,G084,-0.00023189839,-1
G021,G018,-0.00023192045,-1
G004,G054,-0.00023193898,-1
G025,G095,-0.0002320148,-1
G040,G073,-0.00023221708,-1
G093,G074,-0.00023230336,-1
G028,G061,-0.00023236114,-1
G059,G086,-0.00023247843,-1
G054,G035,-0.00023263732,-1
G045,G064,-0.0002326855,-1
G019,G038,-0.00023313554,-1
G022,G009,-0.00023329395,-1
G079,G054,-0.00023331176,-1
G076,G036,-0.00023346648,-1
G057,G045,-0.0002335452,-1
G036,G041,-0.0002335618,-1
G003,G077,-0.00023377768,-1
G011,G038,-0.00023379295,-1
G082,G058,-0.00023383653,-1
G069,G091,-0.00023384056,-1
G095,G074,-0.00023399934,-1
G063,G020,-0.0002339996,-1
G008,G014,-0.00023407085,-1
G041,G066,-0.00023416913,-1
G098,G040,-0.00023421294,-1
G021,G072,-0.0002343231,-1
G066,G021,-0.0002343239,-1
G023,G094,-0.00023437235,-1
G100,G027,-0.00023446736,-1
G058,G042,-0.0002345341,-1
G025,G011,-0.00023462085,-1
G087,G091,-0.00023464586,-1
G027,G009,-0.00023471461,-1
G097,G079,-0.00023471858,-1
G064,G002,-0.00023473713,-1
G005,G049,-0.00023476275,-1
G011,G049,-0.00023477901,-1
G025,G055,-0.00023490634,-1
G059,G006,-0.00023527669,-1
G056,G001,-0.00023554392,-1
G070,G087,-0.00023561396,-1
G063,G046,-0.00023570874,-1
G095,G093,-0.00023573507,-1
G023,G027,-0.00023586508,-1
G097,G017,-0.00023587799,-1
G082,G079,-0.00023603177,-1
G040,G008,-0.00023618825,-1
G072,G053,-0.00023625266,-1
G027,G083,-0.0002363027,-1
G050,G078,-0.00023636255,-1
G021,G014,-0.00023640374,-1
G075,G069,-0.00023666875,-1
G075,G051,-0.00023666999,-1
G045,G083,-0.00023671694,-1
G071,G008,-0.0002367641,-1
G016,G039,-0.00023676961,-1
G059,G069,-0.0002368522,-1
G059,G020,-0.00023689866,-1
G042,G049,-0.00023690956,-1
G087,G029,-0.00023693898,-1
G064,G054,-0.00023704913,-1
G010,G083,-0.00023713618,-1
G034,G081,-0.00023740483,-1
G062,G071,-0.00023759989,-1
G086,G033,-0.0002377195,-1
G075,G063,-0.00023772803,-1
G095,G058,-0.00023773691,-1
G005,G040,-0.00023777103,-1
G090,G088,-0.00023789036,-1
G039,G053,-0.00023789596,-1
G090,G008,-0.00023790202,-1
G074,G018,-0.00023793011,-1
G068,G036,-0.00023806935,-1
G004,G045,-0.00023823415,-1
G034,G022,-0.00023831966,-1
G023,G021,-0.000238331,-1
G025,G021,-0.00023838396,-1
G016,G031,-0.00023847407,-1
G100,G025,-0.00023863508,-1
G003,G099,-0.0002386781,-1
G032,G002,-0.0002390854,-1
G061,G035,-0.00023922988,-1
G021,G081,-0.00023949957,-1
G100,G033,-0.00023957803,-1
G075,G090,-0.00023977342,-1
G059,G005,-0.00024006642,-1
G019,G031,-0.00024020356,-1
G075,G049,-0.00024025494,-1
G026,G035,-0.00024031725,-1
G081,G098,-0.00024057583,-1
G084,G052,-0.00024061199,-1
G022,G056,-0.00024069224,-1
G034,G080,-0.0002407093,-1
G022,G069,-0.00024075039,-1
G090,G023,-0.00024081078,-1
G086,G074,-0.00024092117,-1
G054,G059,-0.00024099795,-1
G011,G046,-0.00024160606,-1
G086,G068,-0.00024172352,-1
G072,G058,-0.00024194579,-1
G040,G081,-0.00024210932,-1
G095,G009,-0.00024214086,-1
G008,G091,-0.0002423374,-1
G100,G052,-0.00024234848,-1
G005,G004,-0.0002424624,-1
G082,G046,-0.00024269093,-1
G090,G069,-0.00024271916,-1
G054,G079,-0.00024286927,-1
G095,G040,-0.00024288698,-1
G078,G048,-0.00024290806,-1
G022,G038,-0.00024323731,-1
G059,G071,-0.00024335276,-1
G088,G054,-0.00024338457,-1
G100,G031,-0.00024342701,-1
G038,G009,-0.00024360261,-1
G058,G055,-0.00024364643,-1
G057,G062,-0.00024372694,-1
G039,G068,-0.0002438188,-1
G087,G025,-0.0002439038,-1
G091,G093,-0.00024395637,-1
G067,G094,-0.00024396482,-1
G058,G045,-0.0002442007,-1
G097,G091,-0.00024427954,-1
G022,G052,-0.0002443722,-1
G097,G058,-0.00024443225,-1
G075,G057,-0.00024476106,-1
G083,G067,-0.0002448432,-1
G088,G056,-0.00024485824,-1
G040,G064,-0.00024494357,-1
G022,G092,-0.00024504223,-1
G062,G031,-0.00024536188,-1
G066,G094,-0.00024545874,-1
G075,G045,-0.00024552766,-1
G022,G072,-0.00024554608,-1
G040,G041,-0.00024575333,-1
G041,G009,-0.0002457811,-1
G036,G065,-0.0002457831,-1
G030,G099,-0.0002458937,-1
G008,G088,-0.00024592906,-1
G045,G054,-0.00024629658,-1
G075,G082,-0.00024644242,-1
G095,G091,-0.00024662496,-1
G065,G060,-0.0002466355,-1
G040,G084,-0.0002468102,-1
G058,G082,-0.0002471428,-1
G076,G029,-0.0002471733,-1
G048,G079,-0.00024718986,-1
G035,G077,-0.00024722266,-1
G068,G078,-0.00024748757,-1
G064,G081,-0.0002476368,-1
G058,G036,-0.0002476869,-1
G034,G074,-0.00024785558,-1
G016,G057,-0.00024819747,-1
G048,G098,-0.00024828277,-1
G041,G052,-0.0002483208,-1
G059,G064,-0.00024865355,-1
G075,G009,-0.00024877515,-1
G092,G099,-0.00024885358,-1
G005,G065,-0.0002490436,-1
G082,G049,-0.00024911304,-1
G094,G099,-0.0002492106,-1
G083,G035,-0.0002493213,-1
G070,G053,-0.00024942632,-1
G049,G056,-0.0002496403,-1
G045,G081,-0.0002496577,-1
G002,G058,-0.00024976357,-1
G058,G035,-0.00025006162,-1
G016,G042,-0.00025022132,-1
G042,G077,-0.0002502534,-1
G007,G030,-0.00025049737,-1
G057,G048,-0.0002506187,-1
G019,G060,-0.0002511505,-1
G041,G055,-0.0002511832,-1
G083,G032,-0.00025121315,-1
G083,G082,-0.00025121332,-1
G021,G052,-0.00025121617,-1
G017,G066,-0.00025131248,-1
G081,G056,-0.00025136097,-1
G024,G009,-0.00025146833,-1
G014,G040,-0.00025157133,-1
G049,G016,-0.00025172898,-1
G054,G058,-0.00025222547,-1
G022,G005,-0.00025227488,-1
G025,G035,-0.0002522883,-1
G071,G058,-0.0002522986,-1
G044,G074,-0.00025235134,-1
G031,G094,-0.00025256805,-1
G083,G011,-0.00025267547,-1
G072,G056,-0.00025279046,-1
G087,G085,-0.0002529161,-1
G034,G013,-0.00025312847,-1
G083,G091,-0.00025359078,-1
G086,G040,-0.00025362885,-1
G095,G057,-0.00025371282,-1
G036,G095,-0.00025384163,-1
G057,G064,-0.00025385086,-1
G046,G043,-0.00025386518,-1
G025,G029,-0.0002539501,-1
G046,G063,-0.00025395319,-1
G066,G099,-0.0002539608,-1
G013,G060,-0.0002539893,-1
G008,G029,-0.0002541365,-1
G058,G094,-0.00025447065,-1
G059,G024,-0.0002546956,-1
G082,G084,-0.00025483797,-1
G095,G079,-0.00025505197,-1
G036,G053,-0.00025511318,-1
G031,G080,-0.0002551608,-1
G020,G098,-0.000255202,-1
G095,G047,-0.00025549476,-1
G057,G065,-0.00025552223,-1
G027,G087,-0.00025576827,-1
G038,G087,-0.00025579712,-1
G068,G088,-0.00025581633,-1
G026,G074,-0.00025591787,-1
G059,G012,-0.000256107,-1
G041,G069,-0.0002561668,-1
G094,G093,-0.00025626467,-1
G026,G087,-0.0002563733,-1
G021,G027,-0.0002566832,-1
G022,G053,-0.00025668833,-1
G019,G079,-0.00025670655,-1
G040,G086,-0.00025685425,-1
G075,G053,-0.00025713345,-1
G025,G033,-0.00025726997,-1
G090,G039,-0.00025736424,-1
G066,G098,-0.00025738458,-1
G075,G056,-0.00025778054,-1
G076,G094,-0.00025789818,-1
G075,G072,-0.00025803412,-1
G048,G027,-0.00025805214,-1
G059,G075,-0.0002581391,-1
G023,G056,-0.00025839097,-1
G034,G066,-0.00025851972,-1
G029,G058,-0.00025869932,-1
G045,G021,-0.00025893774,-1
G049,G032,-0.00025896606,-1
G068,G002,-0.00025900613,-1
G060,G096,-0.00025912875,-1
G022,G094,-0.00025914327,-1
G065,G009,-0.0002594326,-1
G035,G098,-0.0002594658,-1
G025,G032,-0.00025967177,-1
G058,G025,-0.00025969645,-1
G090,G047,-0.00025979782,-1
G052,G043,-0.0002603242,-1
G046,G057,-0.00026033696,-1
G007,G008,-0.00026039517,-1
G019,G086,-0.00026043213,-1
G068,G008,-0.00026043536,-1
G069,G094,-0.0002606173,-1
G023,G052,-0.00026084157,-1
G020,G087,-0.0002609643,-1
G039,G031,-0.00026104026,-1
G021,G075,-0.00026131523,-1
G043,G099,-0.00026138616,-1
G045,G038,-0.00026143444,-1
G093,G079,-0.0002617939,-1
G038,G065,-0.00026194338,-1
G057,G025,-0.00026207793,-1
G049,G082,-0.00026220476,-1
G022,G081,-0.00026251894,-1
G068,G011,-0.00026262374,-1
G008,G098,-0.00026263754,-1
G065,G030,-0.0002627422,-1
G021,G040,-0.00026295404,-1
G097,G087,-0.00026301734,-1
G039,G087,-0.00026308437,-1
G067,G057,-0.0002632102,-1
G023,G093,-0.0002632762,-1
G090,G072,-0.00026343064,-1
G054,G073,-0.00026369246,-1
G023,G031,-0.00026386106,-1
G034,G032,-0.00026390998,-1
G049,G022,-0.00026405693,-1
G022,G055,-0.00026411057,-1
G008,G023,-0.00026421822,-1
G091,G007,-0.0002642978,-1
G059,G013,-0.00026440382,-1
G005,G099,-0.00026472725,-1
G052,G098,-0.00026478016,-1
G007,G053,-0.00026479864,-1
G079,G001,-0.0002648764,-1
G022,G074,-0.00026500318,-1
G075,G088,-0.00026503115,-1
G064,G048,-0.0002654952,-1
G081,G068,-0.00026561358,-1
G100,G029,-0.00026562015,-1
G038,G031,-0.00026593596,-1
G045,G097,-0.00026622132,-1
G055,G017,-0.00026650113,-1
G077,G011,-0.00026656705,-1
G080,G036,-0.00026656842,-1
G021,G089,-0.0002665934,-1
G058,G065,-0.00026664676,-1
G019,G027,-0.0002666901,-1
G081,G021,-0.00026693023,-1
G075,G032,-0.00026705783,-1
G068,G039,-0.00026708393,-1
G059,G065,-0.0002671537,-1
G045,G075,-0.00026719458,-1
G062,G060,-0.00026734945,-1
G075,G004,-0.00026749805,-1
G059,G062,-0.0002676408,-1
G100,G028,-0.00026785937,-1
G032,G094,-0.0002679129,-1
G016,G020,-0.00026803988,-1
G081,G039,-0.0002680506,-1
G008,G001,-0.00026806464,-1
G056,G053,-0.00026842568,-1
G022,G044,-0.00026855775,-1
G093,G018,-0.00026859037,-1
G057,G095,-0.0002687557,-1
G008,G056,-0.0002687569,-1
G021,G054,-0.0002690013,-1
G040,G079,-0.00026916811,-1
G083,G052,-0.0002691892,-1
G041,G060,-0.00026924323,-1
G058,G032,-0.00026927152,-1
G090,G073,-0.0002692807,-1
G034,G001,-0.0002693633,-1
G040,G072,-0.00026959606,-1
G071,G002,-0.00026981084,-1
G064,G001,-0.0002698109,-1
G082,G042,-0.00026985485,-1
G017,G059,-0.0002699173,-1
G059,G052,-0.00026995406,-1
G045,G074,-0.00026996376,-1
G090,G062,-0.0002700028,-1
G021,G048,-0.0002701599,-1
G058,G090,-0.00027030898,-1
G065,G092,-0.00027070887,-1
G040,G030,-0.00027076257,-1
G068,G055,-0.00027087028,-1
G090,G043,-0.00027091775,-1
G077,G079,-0.00027096306,-1
G057,G087,-0.00027101013,-1
G036,G099,-0.00027108108,-1
G051,G020,-0.0002711736,-1
G052,G001,-0.0002712342,-1
G071,G098,-0.00027131618,-1
G066,G085,-0.00027134057,-1
G039,G099,-0.00027137774,-1
G034,G060,-0.00027146412,-1
G046,G048,-0.0002715734,-1
G023,G058,-0.00027179945,-1
G034,G049,-0.00027183242,-1
G014,G074,-0.0002718837,-1
G065,G021,-0.00027219317,-1
G030,G091,-0.00027223295,-1
G040,G066,-0.0002722904,-1
G043,G035,-0.0002723763,-1
G100,G077,-0.00027249494,-1
G083,G024,-0.00027266392,-1
G006,G018,-0.00027278022,-1
G040,G025,-0.00027295592,-1
G008,G074,-0.00027316398,-1
G059,G016,-0.00027321966,-1
G039,G013,-0.00027351288,-1
G090,G075,-0.0002736032,-1
G058,G008,-0.00027369574,-1
G083,G051,-0.00027370392,-1
G072,G079,-0.00027395439,-1
G087,G048,-0.0002741624,-1
G066,G080,-0.00027425366,-1
G025,G099,-0.00027466464,-1
G095,G032,-0.0002748651,-1
G019,G014,-0.00027486694,-1
G022,G082,-0.0002749046,-1
G086,G031,-0.00027516688,-1
G054,G047,-0.00027524572,-1
G071,G063,-0.00027552585,-1
G044,G031,-0.00027555577,-1
G021,G009,-0.00027570454,-1
G051,G084,-0.00027583085,-1
G036,G063,-0.00027586892,-1
G075,G064,-0.00027587122,-1
G022,G049,-0.00027588045,-1
G021,G065,-0.00027611357,-1
G008,G017,-0.0002763441,-1
G048,G017,-0.00027636695,-1
G059,G076,-0.00027644535,-1
G075,G046,-0.00027673066,-1
G036,G040,-0.00027702807,-1
G067,G079,-0.00027709073,-1
G041,G022,-0.00027709728,-1
G087,G080,-0.00027717187,-1
G084,G023,-0.0002771923,-1
G048,G025,-0.00027719972,-1
G034,G036,-0.00027725138,-1
G087,G077,-0.00027739894,-1
G100,G053,-0.00027746984,-1
G056,G028,-0.00027777802,-1
G044,G039,-0.00027779044,-1
G087,G060,-0.00027786856,-1
G008,G052,-0.00027791358,-1
G022,G046,-0.00027798643,-1
G030,G001,-0.00027798882,-1
G071,G077,-0.00027818634,-1
G014,G046,-0.0002783169,-1
G059,G094,-0.00027838413,-1
G062,G049,-0.00027850858,-1
G080,G083,-0.00027864703,-1
G069,G033,-0.00027875564,-1
G008,G064,-0.0002788527,-1
G019,G048,-0.00027894156,-1
G007,G049,-0.000279146,-1
G060,G010,-0.00027918167,-1
G024,G077,-0.0002792263,-1
G008,G027,-0.00027924852,-1
G058,G097,-0.0002792729,-1
G041,G042,-0.00027941944,-1
G047,G068,-0.00027979858,-1
G005,G081,-0.00028026017,-1
G082,G016,-0.00028027064,-1
G071,G087,-0.00028027632,-1
G059,G095,-0.00028043648,-1
G090,G057,-0.0002805071,-1
G005,G027,-0.00028055153,-1
G034,G028,-0.000280578,-1
G057,G049,-0.0002806102,-1
G004,G043,-0.00028062693,-1
G098,G071,-0.0002806663,-1
G078,G099,-0.00028070164,-1
G046,G095,-0.00028074722,-1
G080,G093,-0.00028087353,-1
G047,G073,-0.00028089114,-1
G021,G030,-0.00028095252,-1
G005,G053,-0.00028101727,-1
G040,G054,-0.0002812693,-1
G011,G076,-0.0002813916,-1
G012,G099,-0.0002813981,-1
G094,G013,-0.0002814208,-1
G003,G009,-0.00028143838,-1
G014,G036,-0.00028159845,-1
G057,G086,-0.00028169877,-1
G065,G057,-0.00028172453,-1
G075,G014,-0.00028172517,-1
G041,G013,-0.0002820513,-1
G016,G074,-0.00028215823,-1
G065,G031,-0.00028216044,-1
G006,G054,-0.00028237404,-1
G040,G009,-0.00028273606,-1
G008,G063,-0.00028328842,-1
G014,G061,-0.00028351502,-1
G057,G038,-0.00028392422,-1
G045,G079,-0.00028396738,-1
G090,G021,-0.00028426806,-1
G036,G042,-0.00028444247,-1
G055,G072,-0.0002845101,-1
G075,G065,-0.0002845646,-1
G063,G040,-0.00028457076,-1
G040,G021,-0.0002846593,-1
G022,G088,-0.0002847038,-1
G018,G033,-0.00028480295,-1
G021,G059,-0.0002848791,-1
G075,G044,-0.00028495662,-1
G100,G014,-0.00028503232,-1
G078,G060,-0.00028505662,-1
G023,G019,-0.00028512464,-1
G027,G074,-0.0002852133,-1
G025,G013,-0.0002854907,-1
G063,G079,-0.0002855575,-1
G099,G071,-0.00028567604,-1
G008,G011,-0.00028576865,-1
G034,G089,-0.00028591935,-1
G058,G022,-0.00028595788,-1
G038,G016,-0.00028615043,-1
G002,G046,-0.00028621504,-1
G080,G075,-0.00028639488,-1
G083,G008,-0.00028651723,-1
G050,G093,-0.00028656475,-1
G016,G099,-0.00028673495,-1
G085,G062,-0.00028679476,-1
G075,G098,-0.00028684214,-1
G031,G087,-0.00028693347,-1
G008,G095,-0.000287161,-1
G032,G095,-0.00028727326,-1
G036,G024,-0.00028753252,-1
G039,G044,-0.00028778636,-1
G088,G099,-0.0002878463,-1
G019,G056,-0.00028786203,-1
G034,G054,-0.00028840263,-1
G087,G076,-0.00028846067,-1
G083,G063,-0.00028849588,-1
G083,G073,-0.00028872522,-1
G066,G057,-0.00028883395,-1
G034,G070,-0.00028883983,-1
G013,G009,-0.00028892205,-1
G040,G069,-0.00028893093,-1
G040,G070,-0.0002891241,-1
G041,G027,-0.00028923346,-1
G056,G042,-0.00028968818,-1
G087,G053,-0.0002898037,-1
G078,G074,-0.00029002575,-1
G040,G024,-0.0002901945,-1
G100,G019,-0.00029031537,-1
G049,G043,-0.00029033405,-1
G042,G003,-0.00029042503,-1
G064,G099,-0.0002904576,-1
G092,G002,-0.00029074328,-1
G025,G068,-0.00029089808,-1
G022,G067,-0.00029092847,-1
G022,G036,-0.00029095315,-1
G014,G027,-0.00029102858,-1
G081,G088,-0.00029107442,-1
G057,G092,-0.0002912415,-1
G039,G082,-0.0002918278,-1
G007,G073,-0.00029187425,-1
G048,G056,-0.00029205228,-1
G058,G095,-0.00029216427,-1
G040,G039,-0.0002921751,-1
G090,G058,-0.00029221695,-1
G030,G054,-0.0002925804,-1
G068,G097,-0.00029281565,-1
G068,G062,-0.00029311454,-1
G041,G057,-0.00029353355,-1
G075,G030,-0.00029363786,-1
G058,G051,-0.00029373012,-1
G021,G087,-0.00029395433,-1
G099,G061,-0.0002940262,-1
G022,G095,-0.00029424398,-1
G044,G093,-0.000294261,-1
G065,G087,-0.00029445047,-1
G095,G039,-0.00029455737,-1
G075,G094,-0.00029473985,-1
G025,G060,-0.00029475839,-1
G040,G052,-0.00029488694,-1
G057,G069,-0.00029491284,-1
G008,G038,-0.00029542512,-1
G075,G070,-0.00029566628,-1
G039,G063,-0.00029577425,-1
G013,G012,-0.00029612202,-1
G040,G044,-0.00029612525,-1
G100,G067,-0.00029613578,-1
G052,G068,-0.00029621614,-1
G094,G075,-0.000296641,-1
G075,G089,-0.00029679207,-1
G093,G061,-0.00029688544,-1
G057,G027,-0.00029700666,-1
G023,G017,-0.00029722875,-1
G100,G021,-0.00029746932,-1
G034,G031,-0.0002974793,-1
G022,G014,-0.0002976319,-1
G030,G098,-0.00029764895,-1
G067,G051,-0.00029771499,-1
G072,G022,-0.0002977769,-1
G027,G091,-0.00029779293,-1
G090,G052,-0.0002980791,-1
G063,G058,-0.00029820303,-1
G063,G036,-0.00029825728,-1
G007,G027,-0.0002983257,-1
G070,G058,-0.00029844424,-1
G017,G039,-0.00029847038,-1
G023,G002,-0.00029847745,-1
G052,G077,-0.00029869028,-1
G024,G084,-0.00029882079,-1
G057,G070,-0.0002991075,-1
G022,G097,-0.00029924887,-1
G055,G054,-0.00029957516,-1
G082,G040,-0.00029963476,-1
G063,G042,-0.00029984812,-1
G076,G099,-0.00029994108,-1
G008,G055,-0.0003003875,-1
G007,G074,-0.00030050086,-1
G057,G044,-0.00030053538,-1
G075,G055,-0.00030067677,-1
G055,G080,-0.00030074103,-1
G094,G033,-0.00030081975,-1
G025,G023,-0.00030082322,-1
G059,G037,-0.00030087013,-1
G040,G078,-0.00030123978,-1
G006,G001,-0.00030136306,-1
G043,G029,-0.00030141303,-1
G090,G074,-0.00030154467,-1
G076,G074,-0.0003016554,-1
G007,G082,-0.00030168646,-1
G013,G093,-0.00030184523,-1
G082,G071,-0.00030218987,-1
G040,G056,-0.00030235178,-1
G088,G093,-0.0003025529,-1
G022,G008,-0.0003031644,-1
G097,G039,-0.00030330732,-1
G069,G019,-0.00030333342,-1
G045,G065,-0.00030350286,-1
G021,G069,-0.0003035156,-1
G066,G009,-0.00030359608,-1
G034,G042,-0.00030399198,-1
G071,G074,-0.0003040586,-1
G022,G013,-0.00030414766,-1
G098,G001,-0.00030425913,-1
G016,G058,-0.00030458748,-1
G097,G095,-0.00030471545,-1
G059,G025,-0.00030488404,-1
G024,G040,-0.00030531496,-1
G063,G074,-0.0003054629,-1
G075,G071,-0.00030551193,-1
G011,G060,-0.00030563574,-1
G087,G008,-0.00030573917,-1
G065,G081,-0.00030613437,-1
G049,G048,-0.00030634983,-1
G015,G001,-0.00030639372,-1
G068,G023,-0.00030689721,-1
G060,G012,-0.00030692463,-1
G022,G057,-0.00030713037,-1
G100,G032,-0.00030724882,-1
G057,G078,-0.0003073623,-1
G092,G054,-0.0003073843,-1
G052,G057,-0.00030740607,-1
G032,G001,-0.0003074656,-1
G048,G031,-0.00030758258,-1
G054,G052,-0.00030775982,-1
G021,G064,-0.00030777013,-1
G048,G072,-0.00030778625,-1
G087,G065,-0.00030793823,-1
G045,G060,-0.00030815002,-1
G040,G082,-0.0003083318,-1
G044,G025,-0.00030872872,-1
G068,G030,-0.0003087841,-1
G057,G043,-0.0003088006,-1
G075,G078,-0.0003089371,-1
G045,G048,-0.00030919176,-1
G100,G049,-0.00030925949,-1
G056,G047,-0.00030929214,-1
G059,G089,-0.00030962302,-1
G022,G099,-0.0003096562,-1
G086,G001,-0.0003096625,-1
G040,G095,-0.0003097023,-1
G048,G046,-0.00030992637,-1
G090,G032,-0.00030996875,-1
G016,G040,-0.00030998397,-1
G019,G058,-0.00031001176,-1
G029,G082,-0.0003100241,-1
G009,G020,-0.0003101702,-1
G052,G017,-0.0003102339,-1
G017,G019,-0.00031051994,-1
G095,G013,-0.00031055012,-1
G015,G079,-0.00031103764,-1
G034,G016,-0.0003112817,-1
G036,G049,-0.000311356,-1
G068,G060,-0.00031149326,-1
G034,G021,-0.00031185633,-1
G059,G008,-0.00031192388,-1
G008,G094,-0.00031199705,-1
G047,G067,-0.000312184,-1
G068,G052,-0.00031220313,-1
G067,G074,-0.00031227,-1
G031,G081,-0.0003124872,-1
G008,G028,-0.0003125321,-1
G016,G036,-0.00031259662,-1
G065,G079,-0.00031271184,-1
G006,G098,-0.00031290064,-1
G070,G080,-0.00031296766,-1
G016,G085,-0.00031343443,-1
G060,G022,-0.00031347113,-1
G022,G029,-0.00031357695,-1
G041,G064,-0.0003136119,-1
G045,G056,-0.00031375833,-1
G051,G054,-0.00031382186,-1
G022,G076,-0.00031385347,-1
G047,G098,-0.00031394925,-1
G035,G099,-0.00031395076,-1
G049,G012,-0.00031410428,-1
G025,G085,-0.00031476497,-1
G069,G099,-0.00031509975,-1
G083,G050,-0.0003151065,-1
G048,G094,-0.00031553,-1
G062,G043,-0.00031567967,-1
G075,G076,-0.00031571562,-1
G069,G001,-0.00031584105,-1
G090,G093,-0.0003158595,-1
G059,G009,-0.00031587214,-1
G011,G074,-0.00031587333,-1
G090,G009,-0.00031602924,-1
G085,G015,-0.0003162732,-1
G035,G031,-0.0003162892,-1
G092,G093,-0.00031637726,-1
G008,G047,-0.0003164467,-1
G040,G029,-0.00031649694,-1
G028,G031,-0.00031663553,-1
G071,G010,-0.00031663853,-1
G019,G011,-0.00031709883,-1
G086,G009,-0.00031713294,-1
G040,G087,-0.00031747672,-1
G084,G047,-0.00031750975,-1
G059,G084,-0.00031752515,-1
G100,G046,-0.00031766546,-1
G085,G096,-0.0003177175,-1
G057,G075,-0.00031773507,-1
G025,G077,-0.00031776086,-1
G097,G020,-0.00031795216,-1
G086,G077,-0.00031795734,-1
G057,G067,-0.00031797733,-1
G021,G088,-0.0003181836,-1
G059,G068,-0.00031830693,-1
G029,G031,-0.0003184636,-1
G071,G028,-0.00031855598,-1
G021,G047,-0.000318747,-1
G054,G099,-0.00031911122,-1
G045,G011,-0.00031925048,-1
G097,G081,-0.0003192736,-1
G088,G001,-0.0003193158,-1
G041,G073,-0.00031993547,-1
G041,G011,-0.00031994362,-1
G100,G048,-0.00032052543,-1
G034,G010,-0.0003206545,-1
G022,G085,-0.00032089857,-1
G026,G098,-0.00032112814,-1
G019,G043,-0.0003211822,-1
G052,G047,-0.0003213604,-1
G059,G034,-0.0003215123,-1
G070,G074,-0.00032153184,-1
G068,G035,-0.00032157823,-1
G092,G068,-0.0003220117,-1
G040,G065,-0.00032239183,-1
G094,G036,-0.00032263953,-1
G045,G030,-0.00032279085,-1
G030,G016,-0.00032296448,-1
G097,G018,-0.00032299242,-1
G054,G072,-0.00032305293,-1
G021,G049,-0.00032312106,-1
G068,G090,-0.00032315153,-1
G075,G091,-0.00032323043,-1
G008,G025,-0.00032326955,-1
G025,G054,-0.00032356984,-1
G041,G076,-0.0003236434,-1
G086,G071,-0.00032372956,-1
G029,G012,-0.0003245592,-1
G078,G087,-0.00032464744,-1
G040,G055,-0.00032483356,-1
G090,G020,-0.00032515326,-1
G083,G076,-0.00032525763,-1
G084,G012,-0.00032533627,-1
G006,G058,-0.0003255242,-1
G002,G021,-0.0003255707,-1
G071,G009,-0.00032572617,-1
G100,G074,-0.0003257289,-1
G048,G087,-0.00032593907,-1
G047,G083,-0.0003260691,-1
G037,G054,-0.0003261995,-1
G002,G011,-0.00032633834,-1
G049,G087,-0.00032675755,-1
G090,G010,-0.00032724187,-1
G059,G043,-0.0003274425,-1
G056,G031,-0.00032744615,-1
G045,G094,-0.00032746207,-1
G019,G052,-0.00032768797,-1
G040,G061,-0.00032775023,-1
G040,G045,-0.00032782715,-1
G057,G001,-0.000327986,-1
G093,G033,-0.0003281758,-1
G006,G099,-0.00032833102,-1
G033,G089,-0.0003283353,-1
G040,G099,-0.00032845789,-1
G016,G076,-0.00032868987,-1
G081,G031,-0.00032919733,-1
G054,G077,-0.0003299476,-1
G089,G093,-0.00033001817,-1
G031,G099,-0.00033043552,-1
G041,G048,-0.00033043808,-1
G036,G016,-0.00033053674,-1
G004,G077,-0.00033068378,-1
G034,G058,-0.00033088942,-1
G048,G035,-0.0003309078,-1
G057,G051,-0.0003312235,-1
G068,G022,-0.00033123302,-1
G005,G098,-0.0003313057,-1
G067,G024,-0.0003314106,-1
G081,G057,-0.00033190148,-1
G070,G031,-0.00033220593,-1
G081,G094,-0.0003323126,-1
G057,G052,-0.00033243504,-1
G041,G061,-0.0003324853,-1
G100,G087,-0.00033267416,-1
G021,G045,-0.00033269593,-1
G022,G070,-0.00033275242,-1
G059,G091,-0.00033282686,-1
G064,G053,-0.00033306962,-1
G097,G027,-0.00033322797,-1
G100,G063,-0.0003332483,-1
G045,G043,-0.00033351697,-1
G022,G050,-0.0003337496,-1
G043,G004,-0.00033404515,-1
G006,G017,-0.00033424728,-1
G058,G044,-0.00033425575,-1
G063,G085,-0.00033440054,-1
G041,G065,-0.00033452164,-1
G075,G060,-0.00033473704,-1
G068,G014,-0.00033491102,-1
G030,G012,-0.00033495555,-1
G068,G020,-0.00033540418,-1
G021,G076,-0.00033571012,-1
G008,G080,-0.0003358499,-1
G052,G081,-0.0003360257,-1
G075,G023,-0.00033608516,-1
G043,G047,-0.0003362783,-1
G058,G048,-0.00033643548,-1
G057,G073,-0.0003364914,-1
G025,G020,-0.00033650684,-1
G013,G081,-0.00033656883,-1
G040,G020,-0.00033709945,-1
G071,G099,-0.00033727076,-1
G017,G075,-0.00033767166,-1
G062,G093,-0.00033776287,-1
G095,G049,-0.00033785834,-1
G034,G061,-0.0003379057,-1
G043,G094,-0.00033814504,-1
G086,G058,-0.00033823162,-1
G087,G009,-0.00033839443,-1
G075,G027,-0.00033841975,-1
G095,G053,-0.0003384383,-1
G092,G086,-0.00033893154,-1
G006,G040,-0.00033896966,-1
G014,G054,-0.00033902278,-1
G049,G029,-0.0003391204,-1
G040,G063,-0.00033927205,-1
G058,G089,-0.0003395591,-1
G024,G006,-0.00033961277,-1
G045,G084,-0.00033962238,-1
G045,G033,-0.0003398104,-1
G015,G077,-0.000340082,-1
G045,G098,-0.00034010812,-1
G083,G072,-0.00034051616,-1
G023,G040,-0.00034076875,-1
G045,G055,-0.00034098478,-1
G076,G063,-0.00034104803,-1
G024,G093,-0.0003413659,-1
G033,G029,-0.00034159172,-1
G049,G035,-0.00034177498,-1
G057,G021,-0.0003418054,-1
G058,G070,-0.00034186165,-1
G079,G046,-0.0003419901,-1
G026,G099,-0.00034245933,-1
G057,G076,-0.00034258128,-1
G090,G029,-0.0003426692,-1
G058,G018,-0.00034271623,-1
G019,G009,-0.00034300843,-1
G049,G060,-0.0003432903,-1
G058,G088,-0.0003434292,-1
G072,G019,-0.00034357206,-1
G004,G089,-0.00034392028,-1
G055,G099,-0.00034393792,-1
G057,G029,-0.0003439776,-1
G034,G071,-0.0003440776,-1
G067,G037,-0.00034422267,-1
G048,G019,-0.0003443535,-1
G022,G063,-0.00034454148,-1
G061,G080,-0.0003448189,-1
G021,G056,-0.00034495545,-1
G100,G070,-0.00034516372,-1
G025,G040,-0.0003451801,-1
G028,G035,-0.00034520778,-1
G032,G085,-0.0003452531,-1
G083,G005,-0.00034547472,-1
G033,G058,-0.00034603375,-1
G010,G045,-0.00034647415,-1
G006,G057,-0.00034664248,-1
G037,G009,-0.0003467733,-1
G019,G032,-0.00034691705,-1
G036,G057,-0.0003470288,-1
G034,G083,-0.0003471055,-1
G059,G092,-0.00034722453,-1
G076,G080,-0.00034727092,-1
G030,G009,-0.00034738117,-1
G044,G079,-0.0003474846,-1
G007,G058,-0.000347962,-1
G082,G024,-0.00034809657,-1
G059,G067,-0.0003481438,-1
G057,G077,-0.00034836814,-1
G010,G071,-0.00034854806,-1
G022,G027,-0.0003485731,-1
G018,G004,-0.00034860862,-1
G037,G098,-0.0003486735,-1
G058,G053,-0.00034888007,-1
G058,G049,-0.00034899695,-1
G090,G096,-0.00034923217,-1
G040,G035,-0.0003495216,-1
G021,G083,-0.00034960103,-1
G081,G040,-0.0003497809,-1
G032,G027,-0.00034978127,-1
G022,G064,-0.00035006122,-1
G039,G040,-0.00035072953,-1
G048,G043,-0.00035168187,-1
G056,G040,-0.00035194156,-1
G009,G006,-0.00035251092,-1
G072,G093,-0.00035251735,-1
G034,G053,-0.0003528316,-1
G001,G006,-0.00035293231,-1
G094,G032,-0.00035303555,-1
G043,G093,-0.00035330898,-1
G084,G073,-0.00035342525,-1
G040,G062,-0.0003534823,-1
G005,G060,-0.00035371588,-1
G075,G035,-0.0003538214,-1
G035,G040,-0.0003539242,-1
G065,G080,-0.00035402758,-1
G045,G072,-0.0003545228,-1
G090,G028,-0.00035465215,-1
G039,G057,-0.00035469158,-1
G059,G061,-0.00035484481,-1
G082,G063,-0.00035501717,-1
G076,G040,-0.00035504904,-1
G059,G035,-0.00035517375,-1
G023,G053,-0.00035527963,-1
G021,G071,-0.00035543207,-1
G083,G030,-0.00035549223,-1
G031,G074,-0.00035564686,-1
G057,G047,-0.00035565463,-1
G002,G093,-0.00035584043,-1
G075,G052,-0.00035592448,-1
G038,G001,-0.0003559987,-1
G059,G049,-0.00035647198,-1
G045,G091,-0.00035665534,-1
G026,G096,-0.0003566601,-1
G022,G062,-0.00035675892,-1
G008,G092,-0.00035683365,-1
G036,G074,-0.00035691325,-1
G057,G068,-0.00035699568,-1
G059,G001,-0.00035705938,-1
G078,G079,-0.0003572918,-1
G041,G083,-0.00035734588,-1
G022,G030,-0.000357691,-1
G016,G087,-0.00035774652,-1
G059,G055,-0.00035781815,-1
G021,G093,-0.00035800703,-1
G075,G099,-0.00035816713,-1
G057,G055,-0.0003582032,-1
G061,G012,-0.00035831827,-1
G034,G024,-0.00035832557,-1
G087,G016,-0.0003583819,-1
G040,G007,-0.0003584011,-1
G041,G030,-0.00035840177,-1
G097,G047,-0.00035847464,-1
G058,G091,-0.00035939802,-1
G032,G087,-0.0003597409,-1
G065,G061,-0.00035987803,-1
G075,G034,-0.00035991755,-1
G007,G025,-0.00035996636,-1
G058,G098,-0.00036082472,-1
G075,G084,-0.0003609198,-1
G059,G038,-0.00036103703,-1
G058,G056,-0.00036107475,-1
G087,G046,-0.00036122554,-1
G007,G044,-0.00036175566,-1
G020,G081,-0.00036189347,-1
G058,G052,-0.00036230913,-1
G049,G053,-0.00036246408,-1
G048,G040,-0.0003626824,-1
G088,G061,-0.000362713,-1
G094,G080,-0.00036311644,-1
G033,G030,-0.00036318466,-1
G046,G009,-0.0003632518,-1
G068,G059,-0.0003633021,-1
G051,G082,-0.00036341124,-1
G094,G060,-0.00036349462,-1
G076,G057,-0.00036406933,-1
G022,G066,-0.00036424174,-1
G022,G024,-0.0003647086,-1
G095,G027,-0.00036494443,-1
G005,G094,-0.00036558643,-1
G080,G046,-0.00036562793,-1
G025,G080,-0.00036637022,-1
G045,G040,-0.00036668233,-1
G049,G098,-0.00036677424,-1
G045,G093,-0.00036678038,-1
G036,G013,-0.00036686094,-1
G083,G039,-0.00036698478,-1
G097,G080,-0.0003671782,-1
G070,G094,-0.00036725617,-1
G033,G091,-0.00036742663,-1
G046,G035,-0.00036766747,-1
G090,G037,-0.00036819384,-1
G060,G007,-0.000368206,-1
G082,G087,-0.00036821922,-1
G035,G025,-0.0003682331,-1
G049,G017,-0.00036847556,-1
G097,G098,-0.00036870342,-1
G084,G093,-0.00036872548,-1
G069,G037,-0.00036876134,-1
G039,G009,-0.000369411,-1
G100,G058,-0.00036953806,-1
G047,G048,-0.00036963332,-1
G083,G099,-0.00036970666,-1
G058,G069,-0.00036984502,-1
G068,G065,-0.00036992034,-1
G068,G047,-0.00037003687,-1
G045,G049,-0.00037017523,-1
G029,G053,-0.00037020407,-1
G078,G035,-0.00037034714,-1
G045,G096,-0.00037039246,-1
G054,G093,-0.00037048996,-1
G030,G047,-0.00037074994,-1
G045,G031,-0.00037079668,-1
G100,G071,-0.00037109433,-1
G084,G060,-0.00037123868,-1
G052,G094,-0.00037167245,-1
G062,G077,-0.00037174407,-1
G054,G053,-0.00037184227,-1
G067,G060,-0.00037200266,-1
G034,G087,-0.00037229492,-1
G052,G095,-0.00037266704,-1
G002,G073,-0.00037280208,-1
G071,G048,-0.00037296026,-1
G086,G061,-0.00037299984,-1
G012,G090,-0.00037304722,-1
G052,G048,-0.0003730752,-1
G067,G038,-0.00037308497,-1
G065,G095,-0.00037334982,-1
G017,G063,-0.00037347554,-1
G068,G070,-0.0003735169,-1
G084,G054,-0.00037385678,-1
G048,G047,-0.00037396076,-1
G057,G083,-0.00037419627,-1
G049,G028,-0.000374321,-1
G055,G009,-0.0003743764,-1
G041,G072,-0.00037452127,-1
G064,G037,-0.0003745242,-1
G049,G011,-0.00037510975,-1
G049,G068,-0.0003752332,-1
G065,G040,-0.00037524424,-1
G015,G047,-0.0003753425,-1
G042,G089,-0.0003754736,-1
G035,G095,-0.0003755639,-1
G058,G064,-0.00037574035,-1
G068,G087,-0.00037616116,-1
G050,G087,-0.0003762069,-1
G066,G079,-0.00037647766,-1
G058,G092,-0.0003765326,-1
G046,G001,-0.0003767636,-1
G069,G046,-0.00037680496,-1
G022,G054,-0.00037706184,-1
G076,G079,-0.00037716737,-1
G068,G098,-0.00037721847,-1
G006,G093,-0.0003772353,-1
G008,G057,-0.00037735276,-1
G052,G093,-0.0003773629,-1
G052,G058,-0.0003775544,-1
G022,G041,-0.0003778144,-1
G083,G009,-0.00037798102,-1
G033,G098,-0.00037801813,-1
G033,G083,-0.0003782,-1
G051,G015,-0.0003782629,-1
G034,G069,-0.00037861537,-1
G057,G009,-0.00037869057,-1
G021,G092,-0.00037950603,-1
G059,G063,-0.00037960446,-1
G086,G093,-0.00038066163,-1
G040,G038,-0.0003807801,-1
G058,G038,-0.00038153384,-1
G072,G047,-0.00038155136,-1
G078,G056,-0.00038165128,-1
G031,G036,-0.00038217098,-1
G043,G033,-0.00038225125,-1
G055,G061,-0.0003823853,-1
G040,G093,-0.000383258,-1
G039,G074,-0.00038348095,-1
G083,G048,-0.000383711,-1
G007,G067,-0.00038393124,-1
G100,G008,-0.00038422583,-1
G057,G060,-0.00038460718,-1
G068,G089,-0.00038478998,-1
G008,G058,-0.00038537433,-1
G078,G009,-0.00038579525,-1
G012,G072,-0.0003866855,-1
G053,G002,-0.00038702047,-1
G083,G074,-0.00038712454,-1
G054,G005,-0.00038728156,-1
G041,G031,-0.00038735266,-1
G010,G044,-0.0003874511,-1
G087,G093,-0.00038779623,-1
G078,G081,-0.00038804152,-1
G032,G058,-0.00038948283,-1
G042,G046,-0.000390115,-1
G097,G083,-0.00039029535,-1
G025,G017,-0.00039076048,-1
G008,G099,-0.00039086034,-1
G002,G015,-0.0003909263,-1
G079,G099,-0.00039105827,-1
G037,G040,-0.00039122632,-1
G008,G067,-0.0003916563,-1
G014,G099,-0.00039188412,-1
G007,G068,-0.00039190563,-1
G034,G033,-0.0003919389,-1
G045,G027,-0.0003919928,-1
G043,G001,-0.00039217604,-1
G025,G012,-0.00039221375,-1
G043,G074,-0.00039244597,-1
G086,G092,-0.00039280707,-1
G008,G068,-0.0003928618,-1
G041,G043,-0.00039289673,-1
G100,G036,-0.00039294633,-1
G034,G075,-0.00039395515,-1
G007,G098,-0.00039408478,-1
G021,G077,-0.00039507585,-1
G040,G075,-0.00039528825,-1
G097,G009,-0.0003953006,-1
G083,G080,-0.00039556104,-1
G008,G009,-0.00039561617,-1
G075,G068,-0.000396231,-1
G031,G057,-0.0003966723,-1
G049,G077,-0.00039708146,-1
G045,G036,-0.000397137,-1
G096,G047,-0.00039721382,-1
G063,G009,-0.00039722444,-1
G038,G079,-0.00039733868,-1
G059,G093,-0.00039798417,-1
G097,G053,-0.00039812748,-1
G058,G078,-0.00039814186,-1
G081,G017,-0.0003982219,-1
G054,G068,-0.00039828607,-1
G021,G098,-0.0003983054,-1
G012,G040,-0.00039832375,-1
G058,G068,-0.00039868488,-1
G068,G063,-0.00039871183,-1
G068,G009,-0.0003988033,-1
G040,G083,-0.00039941663,-1
G023,G077,-0.00039962845,-1
G011,G031,-0.0003999356,-1
G007,G032,-0.00040017476,-1
G076,G095,-0.00040018753,-1
G035,G073,-0.00040025084,-1
G041,G018,-0.00040077293,-1
G035,G068,-0.00040112282,-1
G093,G096,-0.00040137675,-1
G032,G033,-0.00040139037,-1
G057,G023,-0.00040255595,-1
G068,G067,-0.0004029072,-1
G068,G029,-0.00040301032,-1
G057,G008,-0.000403214,-1
G055,G058,-0.00040339387,-1
G090,G002,-0.00040361122,-1
G003,G041,-0.00040394996,-1
G009,G011,-0.00040398203,-1
G040,G048,-0.00040409146,-1
G004,G014,-0.00040429432,-1
G022,G089,-0.00040464228,-1
G008,G019,-0.00040494694,-1
G011,G072,-0.00040509325,-1
G056,G057,-0.00040516577,-1
G097,G072,-0.0004056171,-1
G078,G057,-0.00040608426,-1
G100,G089,-0.0004070435,-1
G004,G099,-0.00040775078,-1
G048,G093,-0.00040786577,-1
G020,G026,-0.00040799036,-1
G066,G037,-0.00040854063,-1
G012,G046,-0.00040868635,-1
G040,G076,-0.00040878603,-1
G031,G009,-0.00040916124,-1
G093,G084,-0.000410008,-1
G077,G093,-0.00041092373,-1
G063,G017,-0.00041109585,-1
G068,G076,-0.00041119024,-1
G039,G058,-0.00041143195,-1
G040,G047,-0.00041162918,-1
G097,G016,-0.00041177025,-1
G066,G061,-0.0004122326,-1
G073,G002,-0.00041236036,-1
G016,G009,-0.00041256062,-1
G088,G046,-0.000412657,-1
G008,G081,-0.00041270975,-1
G068,G032,-0.00041295786,-1
G068,G094,-0.00041298303,-1
G087,G099,-0.00041321575,-1
G072,G018,-0.00041376945,-1
G027,G019,-0.00041440097,-1
G025,G061,-0.0004144291,-1
G041,G094,-0.0004146578,-1
G097,G057,-0.0004147435,-1
G052,G087,-0.00041475348,-1
G013,G016,-0.00041512444,-1
G035,G009,-0.0004152275,-1
G063,G095,-0.0004154942,-1
G032,G081,-0.00041558113,-1
G083,G094,-0.00041558256,-1
G040,G049,-0.00041618085,-1
G031,G005,-0.0004162063,-1
G090,G079,-0.00041627462,-1
G095,G072,-0.00041655736,-1
G002,G099,-0.00041663655,-1
G068,G018,-0.00041666435,-1
G100,G037,-0.00041686467,-1
G041,G079,-0.00041731083,-1
G092,G096,-0.00041735588,-1
G071,G047,-0.0004175021,-1
G040,G092,-0.00041785085,-1
G073,G034,-0.00041805877,-1
G021,G082,-0.0004186037,-1
G058,G024,-0.00041873613,-1
G095,G085,-0.00041883942,-1
G029,G087,-0.00041891518,-1
G081,G074,-0.00041914097,-1
G100,G026,-0.00041928698,-1
G068,G053,-0.00041944635,-1
G078,G094,-0.0004196346,-1
G090,G098,-0.00042021062,-1
G006,G074,-0.00042027887,-1
G027,G036,-0.00042034133,-1
G017,G080,-0.0004204791,-1
G045,G078,-0.00042053786,-1
G034,G084,-0.00042088388,-1
G069,G061,-0.00042119442,-1
G022,G031,-0.00042124942,-1
G045,G057,-0.00042137285,-1
G068,G027,-0.0004213987,-1
G086,G037,-0.0004214099,-1
G035,G043,-0.00042143842,-1
G070,G047,-0.0004215277,-1
G049,G047,-0.0004216691,-1
G019,G074,-0.00042247912,-1
G021,G078,-0.0004236232,-1
G021,G017,-0.0004237153,-1
G012,G096,-0.0004237586,-1
G011,G057,-0.00042379458,-1
G048,G074,-0.0004239677,-1
G068,G092,-0.00042421801,-1
G032,G037,-0.0004244896,-1
G058,G014,-0.0004245935,-1
G045,G052,-0.00042484753,-1
G019,G099,-0.00042512405,-1
G058,G086,-0.00042624655,-1
G068,G043,-0.00042627184,-1
G088,G040,-0.00042631442,-1
G048,G077,-0.0004263946,-1
G030,G093,-0.0004271714,-1
G029,G081,-0.00042721507,-1
G007,G016,-0.0004275369,-1
G021,G099,-0.00042772357,-1
G057,G011,-0.0004279231,-1
G066,G031,-0.00042866712,-1
G038,G094,-0.00042920365,-1
G090,G099,-0.000429897,-1
G070,G054,-0.0004301859,-1
G036,G096,-0.0004305148,-1
G059,G033,-0.0004306445,-1
G016,G080,-0.0004308702,-1
G003,G080,-0.00043128678,-1
G058,G072,-0.0004314956,-1
G061,G006,-0.00043152794,-1
G061,G009,-0.00043175195,-1
G081,G099,-0.00043216965,-1
G048,G068,-0.00043222806,-1
G038,G095,-0.00043227925,-1
G077,G098,-0.0004323353,-1
G068,G057,-0.00043282824,-1
G022,G025,-0.00043325126,-1
G050,G022,-0.0004335486,-1
G041,G081,-0.00043378936,-1
G083,G047,-0.00043400508,-1
G009,G002,-0.00043423127,-1
G015,G084,-0.00043424295,-1
G008,G037,-0.00043439897,-1
G059,G098,-0.000434907,-1
G056,G018,-0.00043499982,-1
G084,G074,-0.00043547677,-1
G040,G067,-0.00043588635,-1
G094,G006,-0.000436292,-1
G021,G033,-0.00043838847,-1
G045,G077,-0.0004386877,-1
G040,G060,-0.00043880186,-1
G090,G082,-0.00043887988,-1
G083,G086,-0.00043913475,-1
G007,G031,-0.0004395758,-1
G090,G033,-0.00043990093,-1
G049,G057,-0.00044001034,-1
G008,G072,-0.0004402006,-1
G052,G040,-0.00044101232,-1
G016,G024,-0.0004420826,-1
G011,G018,-0.00044247755,-1
G040,G001,-0.000442617,-1
G024,G041,-0.00044330372,-1
G046,G094,-0.00044375774,-1
G068,G073,-0.00044376444,-1
G071,G046,-0.00044377553,-1
G023,G099,-0.00044409186,-1
G044,G084,-0.00044455784,-1
G038,G074,-0.00044457952,-1
G056,G085,-0.0004448516,-1
G041,G075,-0.00044530077,-1
G052,G054,-0.000445458,-1
G088,G053,-0.00044642517,-1
G007,G046,-0.0004470033,-1
G001,G045,-0.00044755443,-1
G070,G016,-0.0004478542,-1
G040,G080,-0.00044803938,-1
G068,G049,-0.0004485797,-1
G075,G031,-0.0004487841,-1
G027,G016,-0.00044925357,-1
G050,G054,-0.00044939414,-1
G097,G021,-0.00044994248,-1
G040,G058,-0.00045034132,-1
G026,G063,-0.00045078804,-1
G083,G029,-0.0004507988,-1
G049,G052,-0.00045084007,-1
G084,G046,-0.00045130812,-1
G098,G037,-0.00045158894,-1
G026,G084,-0.00045269172,-1
G007,G028,-0.00045306492,-1
G055,G093,-0.0004535673,-1
G016,G072,-0.00045402,-1
G011,G098,-0.000454261,-1
G022,G093,-0.00045440494,-1
G068,G064,-0.00045442863,-1
G045,G058,-0.00045461184,-1
G067,G017,-0.00045471592,-1
G028,G079,-0.00045476103,-1
G083,G038,-0.00045482934,-1
G040,G077,-0.00045513606,-1
G078,G077,-0.0004558327,-1
G079,G033,-0.00045612818,-1
G004,G048,-0.00045635793,-1
G083,G028,-0.0004568414,-1
G024,G037,-0.0004572079,-1
G037,G061,-0.0004572503,-1
G049,G083,-0.00045725823,-1
G059,G031,-0.00045741646,-1
G075,G029,-0.0004579513,-1
G048,G099,-0.00045808378,-1
G034,G063,-0.00045984474,-1
G007,G077,-0.00045993782,-1
G027,G096,-0.0004606508,-1
G021,G074,-0.000460714,-1
G068,G013,-0.00046186935,-1
G020,G072,-0.00046349238,-1
G087,G072,-0.00046359788,-1
G075,G096,-0.0004637505,-1
G100,G083,-0.00046375112,-1
G016,G093,-0.0004642531,-1
G055,G040,-0.000464339,-1
G055,G087,-0.00046499184,-1
G022,G012,-0.00046526367,-1
G097,G077,-0.00046528227,-1
G075,G021,-0.0004656975,-1
G059,G048,-0.00046587148,-1
G090,G031,-0.0004660261,-1
G032,G013,-0.00046637634,-1
G028,G037,-0.0004666646,-1
G032,G099,-0.00046751686,-1
G090,G006,-0.000468105,-1
G077,G046,-0.00046814844,-1
G063,G024,-0.00046874062,-1
G022,G073,-0.00047044767,-1
G068,G083,-0.0004708659,-1
G030,G087,-0.00047123138,-1
G065,G038,-0.0004713028,-1
G007,G083,-0.00047140542,-1
G072,G094,-0.0004719018,-1
G022,G042,-0.0004719582,-1
G078,G098,-0.00047252647,-1
G021,G034,-0.00047259682,-1
G037,G012,-0.0004727196,-1
G022,G068,-0.00047289947,-1
G041,G053,-0.00047309758,-1
G007,G019,-0.00047333716,-1
G027,G077,-0.00047343495,-1
G006,G012,-0.00047401024,-1
G058,G076,-0.00047410818,-1
G057,G037,-0.00047467923,-1
G017,G042,-0.00047619798,-1
G097,G061,-0.000476799,-1
G038,G091,-0.00047721292,-1
G067,G085,-0.00047746894,-1
G020,G035,-0.00047799817,-1
G008,G077,-0.00047885973,-1
G083,G019,-0.00047888694,-1
G030,G096,-0.00047903298,-1
G039,G016,-0.0004792449,-1
G009,G036,-0.00047980488,-1
G057,G022,-0.00048006966,-1
G100,G024,-0.00048033317,-1
G023,G079,-0.00048058998,-1
G030,G077,-0.0004809989,-1
G033,G040,-0.00048160166,-1
G090,G040,-0.0004819002,-1
G027,G093,-0.00048203682,-1
G078,G040,-0.00048218042,-1
G044,G061,-0.0004822807,-1
G014,G057,-0.00048322915,-1
G031,G072,-0.0004835203,-1
G007,G021,-0.00048353773,-1
G005,G031,-0.0004854981,-1
G007,G040,-0.00048569377,-1
G041,G024,-0.00048603196,-1
G055,G001,-0.000486295,-1
G073,G046,-0.00048633464,-1
G041,G016,-0.00048668403,-1
G083,G031,-0.00048833207,-1
G066,G034,-0.0004885872,-1
G051,G071,-0.00048890314,-1
G049,G031,-0.00048913254,-1
G052,G019,-0.00048932305,-1
G005,G057,-0.0004893987,-1
G033,G041,-0.0004901692,-1
G038,G046,-0.0004902813,-1
G068,G024,-0.00049064955,-1
G097,G074,-0.00049092213,-1
G079,G093,-0.0004918741,-1
G032,G093,-0.0004921186,-1
G007,G089,-0.00049235736,-1
G083,G027,-0.00049273693,-1
G075,G054,-0.0004929918,-1
G014,G081,-0.00049309526,-1
G050,G033,-0.0004938803,-1
G087,G017,-0.00049431046,-1
G059,G088,-0.00049523235,-1
G038,G057,-0.0004955412,-1
G023,G028,-0.00049595354,-1
G037,G074,-0.0004960086,-1
G048,G037,-0.0004966411,-1
G083,G068,-0.0004967525,-1
G043,G080,-0.0004968167,-1
G068,G037,-0.0004970047,-1
G024,G013,-0.00049738935,-1
G070,G093,-0.0004978145,-1
G020,G084,-0.00049781875,-1
G041,G058,-0.0004980568,-1
G063,G093,-0.000498421,-1
G029,G099,-0.00049864774,-1
G072,G085,-0.00049903407,-1
G100,G006,-0.0004996862,-1
G100,G042,-0.0004998054,-1
G093,G046,-0.00050018827,-1
G059,G041,-0.0005009869,-1
G030,G083,-0.0005021477,-1
G028,G011,-0.0005026093,-1
G068,G048,-0.0005027541,-1
G088,G037,-0.00050321774,-1
G056,G081,-0.0005038713,-1
G040,G016,-0.0005039642,-1
G045,G071,-0.0005042177,-1
G045,G017,-0.0005048585,-1
G061,G017,-0.0005054723,-1
G083,G095,-0.00050611416,-1
G022,G079,-0.00050616666,-1
G050,G079,-0.0005063814,-1
G014,G012,-0.00050645357,-1
G094,G047,-0.00050705916,-1
G013,G084,-0.00050713494,-1
G011,G086,-0.00050727953,-1
G058,G047,-0.0005073364,-1
G025,G093,-0.0005081138,-1
G008,G031,-0.00050880096,-1
G068,G042,-0.00050958956,-1
G036,G084,-0.00051014725,-1
G064,G047,-0.0005103347,-1
G016,G054,-0.0005114822,-1
G033,G031,-0.0005115564,-1
G068,G025,-0.0005115735,-1
G076,G054,-0.00051194424,-1
G051,G036,-0.0005119566,-1
G058,G005,-0.00051285076,-1
G050,G098,-0.00051419355,-1
G006,G047,-0.0005144722,-1
G072,G054,-0.00051525095,-1
G072,G011,-0.00051543885,-1
G096,G061,-0.00051593786,-1
G090,G017,-0.00051702897,-1
G058,G016,-0.00051706133,-1
G072,G057,-0.0005171836,-1
G093,G037,-0.00051718997,-1
G088,G033,-0.0005175663,-1
G095,G066,-0.000518431,-1
G012,G024,-0.0005185879,-1
G022,G083,-0.0005191032,-1
G038,G072,-0.0005191693,-1
G024,G061,-0.00051922875,-1
G028,G016,-0.0005193457,-1
G035,G053,-0.0005210301,-1
G044,G002,-0.0005218336,-1
G038,G061,-0.0005234597,-1
G006,G044,-0.00052409247,-1
G065,G036,-0.0005242945,-1
G041,G063,-0.00052502734,-1
G087,G036,-0.00052574655,-1
G013,G073,-0.00052609446,-1
G070,G096,-0.00052610226,-1
G056,G046,-0.00052705745,-1
G075,G047,-0.0005276433,-1
G031,G017,-0.000527741,-1
G022,G039,-0.0005280167,-1
G055,G046,-0.00052821747,-1
G058,G040,-0.00052886514,-1
G058,G028,-0.00052891154,-1
G068,G080,-0.0005292719,-1
G032,G054,-0.00053047715,-1
G049,G099,-0.00053067977,-1
G068,G031,-0.00053090585,-1
G090,G077,-0.00053113326,-1
G049,G074,-0.00053198467,-1
G070,G046,-0.0005337415,-1
G093,G011,-0.0005337511,-1
G068,G081,-0.0005341367,-1
G033,G047,-0.00053482363,-1
G036,G046,-0.0005353818,-1
G081,G079,-0.00053599384,-1
G082,G096,-0.0005362842,-1
G068,G058,-0.0005363632,-1
G067,G019,-0.00053702417,-1
G086,G034,-0.00053746585,-1
G057,G094,-0.0005375508,-1
G099,G012,-0.0005379764,-1
G078,G004,-0.00053844525,-1
G068,G040,-0.000540377,-1
G081,G004,-0.0005405866,-1
G099,G002,-0.0005406286,-1
G022,G048,-0.00054101215,-1
G072,G071,-0.0005411187,-1
G046,G019,-0.0005435082,-1
G083,G098,-0.00054362515,-1
G090,G061,-0.00054428686,-1
G051,G031,-0.0005451015,-1
G095,G019,-0.0005458194,-1
G022,G075,-0.0005458314,-1
G037,G093,-0.0005463326,-1
G051,G046,-0.00054770627,-1
G087,G068,-0.00054818304,-1
G056,G099,-0.000548547,-1
G080,G050,-0.0005487241,-1
G049,G079,-0.0005492376,-1
G002,G067,-0.00054994493,-1
G059,G080,-0.00055050064,-1
G099,G079,-0.0005506217,-1
G100,G068,-0.0005511535,-1
G038,G093,-0.00055373955,-1
G071,G057,-0.0005548434,-1
G070,G012,-0.0005549187,-1
G087,G079,-0.00055497093,-1
G057,G024,-0.0005549973,-1
G006,G079,-0.0005550188,-1
G035,G037,-0.00055527134,-1
G065,G074,-0.0005571764,-1
G058,G027,-0.00055752415,-1
G025,G037,-0.00055831525,-1
G080,G061,-0.0005584887,-1
G045,G046,-0.0005586436,-1
G030,G061,-0.0005590518,-1
G089,G005,-0.0005594665,-1
G058,G009,-0.00055981864,-1
G035,G094,-0.0005607753,-1
G008,G061,-0.0005609378,-1
G060,G006,-0.00056204194,-1
G040,G068,-0.00056222145,-1
G077,G054,-0.0005630532,-1
G041,G084,-0.0005644494,-1
G028,G074,-0.0005650371,-1
G068,G019,-0.00056505535,-1
G062,G046,-0.0005668303,-1
G095,G002,-0.0005673935,-1
G052,G074,-0.0005678209,-1
G078,G084,-0.00056795945,-1
G048,G096,-0.0005680597,-1
G011,G009,-0.0005681875,-1
G082,G067,-0.00056915975,-1
G067,G031,-0.0005700237,-1
G043,G084,-0.0005713498,-1
G033,G079,-0.000571689,-1
G087,G019,-0.0005720194,-1
G031,G095,-0.00057226326,-1
G008,G016,-0.0005738826,-1
G032,G074,-0.0005744943,-1
G068,G028,-0.00057450123,-1
G023,G084,-0.0005756812,-1
G075,G079,-0.00057807897,-1
G057,G098,-0.0005781078,-1
G076,G002,-0.0005782447,-1
G022,G033,-0.0005788535,-1
G041,G098,-0.0005793149,-1
G033,G074,-0.0005797703,-1
G012,G001,-0.00058008014,-1
G065,G054,-0.000580298,-1
G025,G048,-0.0005807583,-1
G030,G071,-0.0005826824,-1
G027,G034,-0.00058391714,-1
G078,G058,-0.0005841203,-1
G083,G077,-0.00058554095,-1
G040,G019,-0.0005862011,-1
G064,G071,-0.0005862875,-1
G027,G001,-0.00058688974,-1
G035,G028,-0.00058756856,-1
G039,G061,-0.000587858,-1
G012,G085,-0.0005882188,-1
G092,G046,-0.0005882552,-1
G025,G019,-0.00058830634,-1
G011,G033,-0.00058835524,-1
G014,G019,-0.0005893794,-1
G008,G093,-0.0005901453,-1
G065,G047,-0.00059036963,-1
G075,G017,-0.0005907538,-1
G054,G037,-0.00059100834,-1
G064,G046,-0.0005911807,-1
G038,G054,-0.0005913747,-1
G006,G084,-0.0005916316,-1
G026,G081,-0.00059298123,-1
G082,G033,-0.00059338927,-1
G033,G087,-0.000593845,-1
G059,G057,-0.00059416215,-1
G047,G061,-0.0005943256,-1
G075,G077,-0.0005956631,-1
G008,G040,-0.0005964492,-1
G033,G096,-0.0005966143,-1
G022,G080,-0.0005968464,-1
G041,G040,-0.0005969218,-1
G052,G079,-0.00059755944,-1
G006,G061,-0.0005976656,-1
G033,G027,-0.0005986553,-1
G087,G084,-0.0005992638,-1
G041,G074,-0.0006008802,-1
G015,G017,-0.0006011078,-1
G058,G077,-0.00060135394,-1
G100,G085,-0.0006022813,-1
G008,G079,-0.00060352363,-1
G050,G062,-0.0006043417,-1
G098,G084,-0.00060489384,-1
G002,G053,-0.0006052274,-1
G035,G046,-0.0006060916,-1
G040,G037,-0.0006074431,-1
G069,G093,-0.0006076821,-1
G064,G093,-0.0006086198,-1
G050,G071,-0.0006088901,-1
G069,G071,-0.0006091837,-1
G055,G071,-0.0006094657,-1
G002,G009,-0.00060997775,-1
G068,G075,-0.00061049685,-1
G092,G034,-0.0006107387,-1
G055,G033,-0.0006114669,-1
G039,G046,-0.0006115811,-1
G093,G016,-0.00061180297,-1
G043,G034,-0.0006143828,-1
G071,G096,-0.00061440363,-1
G031,G034,-0.0006144479,-1
G058,G019,-0.0006145284,-1
G030,G007,-0.0006154276,-1
G041,G087,-0.00061571517,-1
G072,G074,-0.0006169021,-1
G046,G031,-0.0006173699,-1
G047,G079,-0.0006178512,-1
G029,G040,-0.0006180373,-1
G020,G043,-0.00061966345,-1
G057,G031,-0.00061982905,-1
G065,G093,-0.00062034954,-1
G097,G099,-0.00062223774,-1
G037,G016,-0.0006228954,-1
G038,G040,-0.0006230197,-1
G044,G071,-0.00062397035,-1
G019,G057,-0.00062469614,-1
G036,G058,-0.0006249696,-1
G070,G005,-0.00062761,-1
G051,G061,-0.0006285812,-1
G070,G017,-0.0006300201,-1
G076,G016,-0.0006300838,-1
G055,G012,-0.0006310597,-1
G031,G077,-0.00063257955,-1
G023,G071,-0.0006334794,-1
G097,G033,-0.000634231,-1
G031,G058,-0.0006345725,-1
G057,G005,-0.0006350651,-1
G071,G054,-0.0006351123,-1
G092,G033,-0.0006357108,-1
G039,G095,-0.0006365122,-1
G065,G072,-0.0006372618,-1
G072,G016,-0.00063741364,-1
G097,G094,-0.00063755,-1
G009,G023,-0.0006377729,-1
G077,G044,-0.0006389875,-1
G099,G096,-0.000639589,-1
G068,G086,-0.0006396762,-1
G058,G057,-0.0006398286,-1
G070,G002,-0.0006400646,-1
G069,G084,-0.000640198,-1
G019,G094,-0.00064117694,-1
G100,G095,-0.00064226263,-1
G067,G003,-0.0006429586,-1
G068,G054,-0.00064302515,-1
G034,G006,-0.0006431385,-1
G033,G095,-0.0006432717,-1
G091,G006,-0.00064441067,-1
G038,G081,-0.0006447794,-1
G041,G021,-0.00064525916,-1
G001,G090,-0.00064593495,-1
G011,G071,-0.0006467167,-1
G002,G074,-0.0006471944,-1
G068,G056,-0.0006480383,-1
G053,G042,-0.0006482412,-1
G095,G024,-0.00064858294,-1
G070,G084,-0.0006499661,-1
G049,G058,-0.00065101887,-1
G093,G005,-0.0006510981,-1
G068,G072,-0.00065207045,-1
G018,G061,-0.0006527766,-1
G092,G061,-0.0006542771,-1
G011,G054,-0.00065566966,-1
G076,G012,-0.0006560051,-1
G064,G079,-0.0006560714,-1
G080,G077,-0.0006562339,-1
G065,G058,-0.0006568375,-1
G007,G054,-0.00065749243,-1
G002,G072,-0.00065946975,-1
G040,G033,-0.00066136336,-1
G084,G071,-0.00066169264,-1
G053,G012,-0.0006618614,-1
G066,G074,-0.00066332315,-1
G058,G099,-0.0006638057,-1
G068,G061,-0.0006638303,-1
G003,G010,-0.0006650334,-1
G057,G093,-0.0006657219,-1
G035,G087,-0.00066624855,-1
G100,G015,-0.00066787336,-1
G068,G046,-0.00066801434,-1
G022,G028,-0.0006690509,-1
G055,G037,-0.0006696319,-1
G068,G074,-0.00067057094,-1
G010,G049,-0.00067089894,-1
G017,G037,-0.00067176746,-1
G057,G061,-0.00067178975,-1
G076,G081,-0.0006719275,-1
G048,G084,-0.00067218393,-1
G086,G084,-0.0006733268,-1
G077,G028,-0.0006735766,-1
G041,G093,-0.0006738127,-1
G047,G036,-0.0006756929,-1
G083,G081,-0.000676282,-1
G081,G072,-0.00067756674,-1
G094,G072,-0.00067800836,-1
G097,G031,-0.0006795979,-1
G097,G037,-0.00068023056,-1
G074,G098,-0.00068271795,-1
G081,G035,-0.0006847058,-1
G047,G094,-0.0006855098,-1
G029,G074,-0.0006865847,-1
G027,G046,-0.0006870648,-1
G091,G012,-0.0006879122,-1
G057,G099,-0.0006884409,-1
G075,G093,-0.0006900685,-1
G090,G034,-0.0006908613,-1
G083,G087,-0.0006916614,-1
G029,G080,-0.0006918206,-1
G057,G056,-0.00069222826,-1
G065,G005,-0.0006930394,-1
G066,G046,-0.00069333904,-1
G015,G006,-0.00069510925,-1
G072,G002,-0.00069684855,-1
G055,G084,-0.00069719163,-1
G011,G081,-0.00069798913,-1
G021,G086,-0.00069868256,-1
G057,G058,-0.000698854,-1
G048,G057,-0.0006997111,-1
G076,G093,-0.00070047367,-1
G083,G016,-0.0007005539,-1
G040,G098,-0.00070080446,-1
G007,G087,-0.0007011873,-1
G031,G054,-0.00070120115,-1
G010,G003,-0.0007033301,-1
G062,G028,-0.0007045782,-1
G052,G084,-0.0007048729,-1
G097,G001,-0.00070526736,-1
G055,G005,-0.0007053196,-1
G079,G037,-0.0007057883,-1
G038,G099,-0.00070650934,-1
G066,G084,-0.0007067938,-1
G069,G038,-0.00070747116,-1
G052,G012,-0.0007075412,-1
G039,G054,-0.00070918835,-1
G004,G006,-0.00070932123,-1
G067,G054,-0.0007093546,-1
G025,G071,-0.00070975046,-1
G038,G033,-0.00071101554,-1
G002,G079,-0.0007110824,-1
G058,G080,-0.0007116787,-1
G029,G054,-0.0007119044,-1
G083,G079,-0.0007128022,-1
G019,G077,-0.00071395346,-1
G085,G026,-0.0007142188,-1
G002,G077,-0.00071562454,-1
G035,G048,-0.0007160007,-1
G058,G074,-0.0007165145,-1
G068,G016,-0.0007182461,-1
G017,G085,-0.00071891485,-1
G053,G006,-0.00072050584,-1
G046,G087,-0.0007205868,-1
G081,G093,-0.0007206131,-1
G064,G084,-0.0007209799,-1
G063,G071,-0.0007238941,-1
G065,G099,-0.00072555564,-1
G047,G058,-0.0007256652,-1
G078,G041,-0.000726229,-1
G075,G025,-0.0007266352,-1
G028,G071,-0.0007272323,-1
G035,G001,-0.0007281969,-1
G002,G040,-0.0007284687,-1
G040,G071,-0.0007285195,-1
G010,G091,-0.00072906516,-1
G014,G094,-0.0007298604,-1
G083,G001,-0.0007316386,-1
G035,G016,-0.00073186134,-1
G074,G006,-0.00073227275,-1
G035,G058,-0.0007322838,-1
G031,G001,-0.0007325365,-1
G095,G080,-0.00073439785,-1
G035,G074,-0.000735235,-1
G078,G037,-0.0007352892,-1
G094,G002,-0.0007353092,-1
G051,G096,-0.0007358556,-1
G022,G004,-0.0007366098,-1
G079,G073,-0.0007367142,-1
G028,G057,-0.0007371968,-1
G052,G046,-0.0007380461,-1
G016,G071,-0.0007383722,-1
G019,G040,-0.00073885417,-1
G041,G071,-0.0007392797,-1
G008,G071,-0.0007396335,-1
G083,G093,-0.0007416206,-1
G061,G015,-0.0007416848,-1
G059,G046,-0.00074416323,-1
G030,G034,-0.00074439915,-1
G011,G075,-0.0007451573,-1
G033,G099,-0.0007453577,-1
G046,G077,-0.000745654,-1
G005,G038,-0.00074758264,-1
G090,G100,-0.00074762123,-1
G021,G028,-0.00074787275,-1
G045,G042,-0.0007497779,-1
G087,G095,-0.0007508503,-1
G058,G087,-0.0007518194,-1
G043,G071,-0.0007518836,-1
G064,G034,-0.0007524801,-1
G050,G028,-0.00075316505,-1
G041,G033,-0.0007538626,-1
G075,G033,-0.000753909,-1
G022,G071,-0.00075578724,-1
G010,G001,-0.00075785344,-1
G011,G079,-0.00075787696,-1
G005,G074,-0.00075825985,-1
G064,G033,-0.0007585101,-1
G001,G054,-0.00076027826,-1
G084,G019,-0.00076176133,-1
G067,G086,-0.00076194893,-1
G047,G053,-0.0007633124,-1
G051,G033,-0.0007644881,-1
G094,G018,-0.000764918,-1
G052,G002,-0.00076496985,-1
G063,G033,-0.00076620106,-1
G073,G012,-0.00076723273,-1
G029,G005,-0.00076995016,-1
G042,G061,-0.0007720363,-1
G089,G026,-0.0007729609,-1
G093,G017,-0.0007735319,-1
G083,G084,-0.0007746726,-1
G045,G028,-0.0007749924,-1
G008,G002,-0.00077574694,-1
G026,G041,-0.000776215,-1
G078,G093,-0.00077783415,-1
G064,G013,-0.00078140217,-1
G047,G012,-0.00078213017,-1
G081,G037,-0.0007831126,-1
G067,G027,-0.0007831592,-1
G028,G020,-0.0007833024,-1
G043,G054,-0.00078663486,-1
G022,G021,-0.0007905974,-1
G007,G039,-0.00079141214,-1
G097,G005,-0.0007935416,-1
G002,G084,-0.0007939342,-1
G096,G006,-0.0007940248,-1
G082,G010,-0.0007943528,-1
G026,G054,-0.00079507806,-1
G019,G095,-0.00079815224,-1
G054,G017,-0.00079875684,-1
G083,G057,-0.0008004999,-1
G032,G089,-0.00080242386,-1
G029,G013,-0.0008033108,-1
G009,G081,-0.00080331165,-1
G011,G027,-0.0008041426,-1
G046,G061,-0.00080480665,-1
G072,G078,-0.00080495334,-1
G087,G071,-0.0008063879,-1
G048,G002,-0.00080688845,-1
G035,G019,-0.0008079054,-1
G014,G037,-0.00080902636,-1
G055,G002,-0.0008114422,-1
G064,G096,-0.0008125691,-1
G047,G072,-0.0008127013,-1
G071,G037,-0.0008145224,-1
G047,G074,-0.00081522367,-1
G087,G005,-0.00081570854,-1
G078,G033,-0.00081619434,-1
G081,G002,-0.0008162706,-1
G008,G054,-0.00081631175,-1
G057,G071,-0.00081687694,-1
G056,G084,-0.0008178207,-1
G025,G084,-0.00081865716,-1
G023,G046,-0.0008195448,-1
G026,G040,-0.0008218299,-1
G070,G037,-0.00082261243,-1
G009,G001,-0.00082270487,-1
G056,G005,-0.0008253892,-1
G049,G040,-0.00082665373,-1
G076,G046,-0.0008277774,-1
G019,G001,-0.0008290752,-1
G084,G033,-0.0008305433,-1
G090,G046,-0.00083190185,-1
G056,G054,-0.00083290896,-1
G099,G006,-0.0008331727,-1
G007,G071,-0.00083321903,-1
G092,G037,-0.0008336838,-1
G031,G037,-0.0008343524,-1
G069,G012,-0.000835288,-1
G050,G017,-0.00083568867,-1
G062,G050,-0.0008376353,-1
G002,G036,-0.0008383651,-1
G046,G040,-0.0008402116,-1
G055,G010,-0.0008402801,-1
G011,G093,-0.00084036443,-1
G035,G057,-0.00084096927,-1
G092,G084,-0.0008409873,-1
G052,G034,-0.0008413182,-1
G009,G035,-0.0008453231,-1
G058,G001,-0.0008471942,-1
G027,G037,-0.0008472585,-1
G011,G095,-0.00084735645,-1
G028,G093,-0.0008475872,-1
G078,G047,-0.00084801036,-1
G097,G034,-0.0008483013,-1
G014,G093,-0.00084839977,-1
G060,G013,-0.00084894645,-1
G035,G081,-0.00085037976,-1
G033,G063,-0.0008520888,-1
G065,G046,-0.0008522709,-1
G068,G095,-0.0008532885,-1
G057,G079,-0.00085462065,-1
G071,G017,-0.00085539976,-1
G056,G093,-0.0008571667,-1
G027,G071,-0.0008574437,-1
G067,G033,-0.0008576147,-1
G097,G096,-0.000862188,-1
G047,G009,-0.0008627569,-1
G092,G071,-0.0008633598,-1
G090,G071,-0.00086566794,-1
G083,G054,-0.0008657253,-1
G040,G017,-0.00086864457,-1
G035,G054,-0.0008692416,-1
G072,G099,-0.00087007985,-1
G095,G017,-0.0008701658,-1
G047,G031,-0.0008702352,-1
G097,G093,-0.00087082287,-1
G086,G080,-0.0008710016,-1
G076,G037,-0.00087112375,-1
G047,G033,-0.0008716203,-1
G022,G037,-0.00087243976,-1
G065,G071,-0.00087539654,-1
G006,G077,-0.0008757401,-1
G041,G026,-0.0008787168,-1
G022,G087,-0.00088015327,-1
G013,G040,-0.0008806001,-1
G074,G042,-0.00088227825,-1
G076,G071,-0.0008828154,-1
G035,G072,-0.00088287535,-1
G073,G080,-0.0008842478,-1
G015,G037,-0.0008842981,-1
G064,G005,-0.0008846002,-1
G049,G001,-0.0008860688,-1
G091,G002,-0.0008883428,-1
G051,G010,-0.0008884752,-1
G011,G036,-0.0008896848,-1
G054,G084,-0.00088983745,-1
G046,G099,-0.00089189457,-1
G050,G045,-0.0008927232,-1
G010,G089,-0.00089410774,-1
G011,G077,-0.00089586043,-1
G032,G084,-0.0008963581,-1
G083,G061,-0.00089811947,-1
G064,G012,-0.0008997203,-1
G031,G016,-0.000900464,-1
G004,G096,-0.0009005036,-1
G087,G033,-0.0009029496,-1
G073,G096,-0.0009039059,-1
G025,G002,-0.0009040415,-1
G078,G046,-0.0009091954,-1
G041,G054,-0.000910576,-1
G039,G033,-0.0009114945,-1
G061,G021,-0.0009115544,-1
G005,G096,-0.0009117191,-1
G078,G028,-0.0009142281,-1
G078,G054,-0.0009151089,-1
G076,G084,-0.0009155652,-1
G052,G005,-0.0009163652,-1
G008,G084,-0.00091760635,-1
G089,G096,-0.00091864826,-1
G095,G096,-0.0009221926,-1
G030,G006,-0.0009230407,-1
G065,G019,-0.00092304416,-1
G028,G077,-0.0009231938,-1
G041,G078,-0.0009234402,-1
G026,G033,-0.00092451303,-1
G060,G080,-0.00092489127,-1
G055,G096,-0.0009260508,-1
G039,G071,-0.0009288273,-1
G024,G015,-0.000930615,-1
G031,G093,-0.0009311757,-1
G052,G071,-0.0009330862,-1
G062,G003,-0.0009331697,-1
G097,G071,-0.0009347552,-1
G057,G019,-0.0009352282,-1
G033,G007,-0.000935841,-1
G032,G012,-0.0009385555,-1
G001,G062,-0.0009390775,-1
G097,G054,-0.0009391015,-1
G066,G096,-0.0009406992,-1
G002,G006,-0.0009408098,-1
G032,G071,-0.000941495,-1
G020,G036,-0.00094221643,-1
G033,G093,-0.00094274426,-1
G062,G001,-0.00094288174,-1
G031,G061,-0.00094292226,-1
G033,G016,-0.00094511366,-1
G072,G061,-0.0009462148,-1
G008,G048,-0.0009472858,-1
G045,G050,-0.00094738236,-1
G044,G019,-0.0009518325,-1
G066,G005,-0.0009523523,-1
G080,G062,-0.0009532954,-1
G097,G046,-0.00095801795,-1
G019,G047,-0.00095833506,-1
G077,G096,-0.0009594796,-1
G045,G006,-0.00096059666,-1
G094,G010,-0.000963536,-1
G084,G034,-0.0009636062,-1
G027,G002,-0.00096536265,-1
G037,G068,-0.0009667183,-1
G069,G005,-0.00097045046,-1
G012,G095,-0.000971296,-1
G008,G033,-0.0009723275,-1
G049,G072,-0.00097240607,-1
G056,G077,-0.0009727735,-1
G029,G093,-0.00097277923,-1
G091,G100,-0.0009740794,-1
G079,G071,-0.00097611436,-1
G023,G034,-0.0009767428,-1
G097,G002,-0.0009769241,-1
G075,G012,-0.0009776744,-1
G087,G010,-0.0009784079,-1
G023,G047,-0.0009794754,-1
G065,G096,-0.0009804135,-1
G090,G084,-0.0009818267,-1
G080,G030,-0.0009843389,-1
G047,G040,-0.0009852523,-1
G025,G096,-0.0009889377,-1
G069,G006,-0.000991998,-1
G083,G034,-0.0009920037,-1
G040,G005,-0.0009944484,-1
G019,G028,-0.0009960448,-1
G027,G059,-0.000996554,-1
G084,G094,-0.0009975611,-1
G033,G001,-0.0009983437,-1
G047,G087,-0.000999975,-1
G079,G002,-0.0010000463,-1
G004,G034,-0.0010005758,-1
G025,G075,-0.0010013195,-1
G051,G006,-0.0010024152,-1
G017,G087,-0.0010051252,-1
G075,G011,-0.0010069524,-1
G089,G015,-0.0010076464,-1
G071,G084,-0.0010084361,-1
G098,G077,-0.0010094802,-1
G095,G046,-0.0010104406,-1
G031,G027,-0.0010118393,-1
G006,G046,-0.0010120391,-1
G089,G040,-0.0010121615,-1
G050,G020,-0.0010127331,-1
G098,G005,-0.0010135059,-1
G072,G084,-0.001013571,-1
G047,G016,-0.0010139976,-1
G077,G047,-0.001014659,-1
G014,G001,-0.001016664,-1
G017,G024,-0.001017472,-1
G016,G034,-0.0010177107,-1
G058,G081,-0.0010193218,-1
G002,G096,-0.0010199348,-1
G055,G034,-0.0010221805,-1
G020,G080,-0.0010226867,-1
G026,G046,-0.0010234031,-1
G087,G002,-0.0010260639,-1
G049,G037,-0.0010273994,-1
G087,G096,-0.00102861,-1
G057,G016,-0.0010304655,-1
G007,G042,-0.0010339173,-1
G037,G071,-0.0010389455,-1
G070,G071,-0.0010397213,-1
G040,G006,-0.0010426919,-1
G068,G041,-0.0010448502,-1
G049,G061,-0.0010452407,-1
G032,G061,-0.0010466202,-1
G065,G034,-0.0010475044,-1
G070,G003,-0.0010491215,-1
G025,G034,-0.001049561,-1
G065,G033,-0.001052867,-1
G027,G084,-0.0010537145,-1
G020,G045,-0.0010543765,-1
G088,G002,-0.0010571481,-1
G066,G007,-0.001057336,-1
G076,G096,-0.0010600205,-1
G029,G046,-0.0010629253,-1
G076,G034,-0.0010651161,-1
G020,G062,-0.0010674496,-1
G079,G096,-0.0010683946,-1
G082,G036,-0.0010686421,-1
G099,G038,-0.0010698776,-1
G014,G071,-0.0010707387,-1
G062,G045,-0.0010722332,-1
G052,G033,-0.0010742398,-1
G080,G006,-0.001074284,-1
G097,G010,-0.0010779927,-1
G029,G037,-0.0010818711,-1
G013,G010,-0.0010825904,-1
G056,G071,-0.0010831527,-1
G044,G006,-0.0010835591,-1
G065,G084,-0.00108647,-1
G011,G010,-0.001088174,-1
G092,G005,-0.0010883142,-1
G026,G037,-0.0010889542,-1
G032,G005,-0.0010895419,-1
G081,G046,-0.00108958,-1
G037,G095,-0.0010906894,-1
G067,G093,-0.0010943,-1
G026,G047,-0.0011006494,-1
G052,G096,-0.0011014851,-1
G030,G100,-0.0011017057,-1
G072,G089,-0.0011045029,-1
G027,G061,-0.0011057421,-1
G084,G002,-0.0011065917,-1
G018,G080,-0.0011071867,-1
G033,G077,-0.0011121257,-1
G014,G084,-0.0011133666,-1
G035,G093,-0.0011140773,-1
G016,G095,-0.0011152559,-1
G083,G096,-0.0011166455,-1
G098,G074,-0.0011175664,-1
G002,G051,-0.0011182679,-1
G077,G006,-0.001118858,-1
G068,G001,-0.0011204999,-1
G002,G071,-0.0011250312,-1
G091,G026,-0.001125462,-1
G018,G085,-0.0011262309,-1
G006,G081,-0.0011285708,-1
G046,G093,-0.0011289244,-1
G046,G053,-0.0011313494,-1
G041,G046,-0.0011325403,-1
G096,G091,-0.0011325607,-1
G012,G087,-0.0011349239,-1
G081,G066,-0.0011351639,-1
G022,G019,-0.001135175,-1
G008,G012,-0.0011366386,-1
G069,G010,-0.0011368289,-1
G092,G012,-0.0011373177,-1
G039,G084,-0.0011389287,-1
G050,G074,-0.0011439578,-1
G086,G010,-0.0011442846,-1
G024,G063,-0.0011463499,-1
G067,G046,-0.0011475411,-1
G099,G072,-0.0011504181,-1
G096,G012,-0.001153351,-1
G080,G045,-0.0011551556,-1
G031,G002,-0.0011589333,-1
G095,G071,-0.0011622601,-1
G018,G003,-0.001163908,-1
G089,G033,-0.0011653254,-1
G041,G028,-0.0011653426,-1
G037,G046,-0.0011660298,-1
G047,G057,-0.001167003,-1
G047,G095,-0.0011672785,-1
G097,G084,-0.0011711142,-1
G011,G028,-0.0011734362,-1
G073,G010,-0.001173827,-1
G093,G034,-0.0011768269,-1
G078,G080,-0.0011791151,-1
G098,G006,-0.0011804068,-1
G025,G010,-0.0011840878,-1
G024,G016,-0.001184114,-1
G019,G046,-0.0011846243,-1
G005,G054,-0.0011872221,-1
G042,G005,-0.0011884356,-1
G001,G063,-0.0011918148,-1
G039,G017,-0.0011921653,-1
G006,G002,-0.0011959565,-1
G049,G080,-0.0012006096,-1
G011,G044,-0.0012009781,-1
G046,G054,-0.0012043956,-1
G008,G046,-0.0012053383,-1
G019,G033,-0.0012056453,-1
G072,G012,-0.0012066738,-1
G041,G068,-0.0012068808,-1
G033,G002,-0.0012080222,-1
G058,G017,-0.0012098884,-1
G011,G047,-0.0012129586,-1
G090,G001,-0.0012154725,-1
G005,G044,-0.0012182721,-1
G047,G081,-0.0012188518,-1
G087,G034,-0.0012193217,-1
G086,G012,-0.0012195655,-1
G036,G034,-0.0012209305,-1
G050,G100,-0.0012222006,-1
G067,G016,-0.0012237886,-1
G083,G033,-0.001224458,-1
G057,G002,-0.0012246,-1
G079,G012,-0.0012264174,-1
G068,G033,-0.0012266919,-1
G022,G006,-0.0012280087,-1
G032,G096,-0.0012281549,-1
G019,G054,-0.0012352486,-1
G058,G002,-0.0012360761,-1
G088,G038,-0.0012380629,-1
G071,G004,-0.0012385081,-1
G047,G099,-0.00124142,-1
G054,G046,-0.0012415732,-1
G016,G013,-0.0012422058,-1
G068,G093,-0.0012434679,-1
G091,G015,-0.001247902,-1
G067,G002,-0.0012511546,-1
G046,G079,-0.0012538785,-1
G045,G003,-0.0012552934,-1
G038,G012,-0.0012557505,-1
G030,G033,-0.0012559504,-1
G028,G096,-0.0012589416,-1
G012,G006,-0.0012591929,-1
G054,G049,-0.0012607991,-1
G085,G037,-0.0012629635,-1
G016,G033,-0.0012638099,-1
G009,G015,-0.0012641891,-1
G048,G023,-0.0012647131,-1
G029,G010,-0.0012668353,-1
G051,G003,-0.0012754624,-1
G061,G026,-0.0012811978,-1
G058,G046,-0.0012812436,-1
G041,G045,-0.0012845855,-1
G035,G020,-0.0012853462,-1
G043,G012,-0.0012879833,-1
G075,G048,-0.0012921838,-1
G037,G007,-0.0012945234,-1
G017,G041,-0.0012956257,-1
G037,G096,-0.0012981222,-1
G048,G034,-0.0012989243,-1
G038,G084,-0.0012998427,-1
G070,G010,-0.0013047288,-1
G088,G084,-0.0013075682,-1
G088,G071,-0.0013093397,-1
G044,G096,-0.0013116203,-1
G068,G012,-0.0013120028,-1
G084,G096,-0.0013127393,-1
G001,G012,-0.0013132811,-1
G058,G031,-0.0013133264,-1
G030,G015,-0.0013144185,-1
G050,G006,-0.0013145282,-1
G031,G033,-0.0013165182,-1
G057,G072,-0.0013169496,-1
G088,G006,-0.0013192669,-1
G018,G024,-0.0013211964,-1
G043,G002,-0.0013220897,-1
G049,G096,-0.0013237667,-1
G029,G096,-0.0013254754,-1
G052,G010,-0.0013281233,-1
G039,G093,-0.001328173,-1
G049,G034,-0.0013350863,-1
G020,G001,-0.0013383543,-1
G003,G050,-0.0013384377,-1
G046,G080,-0.001338984,-1
G033,G071,-0.0013409036,-1
G058,G063,-0.0013422598,-1
G018,G005,-0.0013532559,-1
G091,G040,-0.0013542117,-1
G077,G017,-0.0013607246,-1
G024,G005,-0.0013625807,-1
G086,G005,-0.0013632844,-1
G037,G077,-0.0013652765,-1
G016,G094,-0.0013659517,-1
G020,G050,-0.0013802693,-1
G041,G020,-0.0013818638,-1
G023,G096,-0.0013824024,-1
G063,G037,-0.0013824711,-1
G081,G020,-0.0013861612,-1
G037,G002,-0.0013868801,-1
G078,G071,-0.0013874564,-1
G012,G081,-0.001390115,-1
G041,G062,-0.0013903707,-1
G027,G031,-0.0013910619,-1
G008,G004,-0.0013914953,-1
G078,G034,-0.0013963202,-1
G037,G001,-0.0014007306,-1
G047,G046,-0.0014051428,-1
G083,G012,-0.0014053707,-1
G023,G054,-0.001408246,-1
G045,G062,-0.0014089274,-1
G058,G054,-0.0014102894,-1
G028,G084,-0.0014106542,-1
G084,G013,-0.0014121325,-1
G036,G011,-0.0014161444,-1
G096,G005,-0.0014176827,-1
G067,G036,-0.0014181717,-1
G014,G096,-0.0014185007,-1
G049,G046,-0.0014193468,-1
G021,G061,-0.0014223724,-1
G054,G019,-0.0014240993,-1
G037,G019,-0.0014241107,-1
G029,G071,-0.0014260259,-1
G016,G012,-0.0014283664,-1
G013,G079,-0.00143172,-1
G014,G047,-0.0014317294,-1
G046,G071,-0.0014357922,-1
G063,G012,-0.0014384718,-1
G028,G082,-0.0014391287,-1
G085,G041,-0.0014393922,-1
G098,G010,-0.0014397863,-1
G002,G061,-0.001443538,-1
G083,G037,-0.0014438579,-1
G078,G019,-0.0014438629,-1
G046,G037,-0.0014449194,-1
G097,G012,-0.0014467639,-1
G095,G037,-0.0014468252,-1
G057,G028,-0.0014471842,-1
G038,G071,-0.0014472172,-1
G064,G010,-0.0014479042,-1
G094,G095,-0.0014507439,-1
G046,G047,-0.0014515499,-1
G041,G050,-0.0014524045,-1
G089,G087,-0.0014545615,-1
G067,G096,-0.0014578647,-1
G006,G034,-0.0014580522,-1
G091,G013,-0.0014623969,-1
G047,G039,-0.0014651882,-1
G019,G078,-0.0014709851,-1
G010,G042,-0.0014774749,-1
G062,G027,-0.0014795997,-1
G049,G033,-0.0014818809,-1
G047,G054,-0.0014838624,-1
G033,G084,-0.0014860813,-1
G052,G029,-0.0014877534,-1
G044,G037,-0.0014935071,-1
G053,G074,-0.0014943819,-1
G061,G022,-0.0014946203,-1
G080,G015,-0.0014967422,-1
G081,G096,-0.0014977747,-1
G092,G010,-0.0015005701,-1
G042,G033,-0.0015050283,-1
G031,G012,-0.0015072246,-1
G020,G082,-0.0015122812,-1
G089,G013,-0.0015128114,-1
G011,G034,-0.0015203913,-1
G012,G007,-0.0015208048,-1
G027,G012,-0.0015217877,-1
G008,G034,-0.0015327198,-1
G047,G019,-0.001536404,-1
G083,G046,-0.001543529,-1
G028,G047,-0.0015446885,-1
G066,G093,-0.0015449258,-1
G081,G034,-0.001549523,-1
G027,G007,-0.0015529044,-1
G086,G006,-0.0015543166,-1
G093,G010,-0.0015551535,-1
G022,G061,-0.0015554912,-1
G068,G071,-0.0015574131,-1
G097,G019,-0.001558313,-1
G029,G034,-0.0015586923,-1
G006,G071,-0.0015611224,-1
G006,G096,-0.0015622198,-1
G100,G084,-0.0015623579,-1
G047,G093,-0.0015625998,-1
G010,G035,-0.0015627358,-1
G051,G017,-0.0015684179,-1
G024,G026,-0.0015696348,-1
G005,G061,-0.0015732241,-1
G008,G010,-0.0015744355,-1
G020,G051,-0.0015748405,-1
G022,G010,-0.0015760902,-1
G012,G019,-0.0015825282,-1
G012,G084,-0.0015833841,-1
G085,G033,-0.0015889793,-1
G039,G047,-0.0015893203,-1
G063,G011,-0.0015953925,-1
G087,G081,-0.0015962208,-1
G057,G046,-0.0015965422,-1
G002,G010,-0.0015982554,-1
G082,G007,-0.0016007028,-1
G035,G071,-0.0016008267,-1
G053,G010,-0.0016021081,-1
G058,G061,-0.0016026527,-1
G014,G002,-0.0016059474,-1
G080,G027,-0.0016074943,-1
G058,G093,-0.0016100556,-1
G035,G084,-0.0016144484,-1
G008,G096,-0.0016160596,-1
G057,G081,-0.001621731,-1
G089,G007,-0.0016235126,-1
G080,G003,-0.0016276502,-1
G093,G067,-0.0016332647,-1
G049,G084,-0.0016347303,-1
G055,G006,-0.001638103,-1
G083,G010,-0.0016395401,-1
G019,G084,-0.0016433309,-1
G082,G020,-0.0016455409,-1
G045,G001,-0.0016457611,-1
G092,G006,-0.0016472801,-1
G014,G034,-0.0016475657,-1
G068,G084,-0.0016512553,-1
G019,G096,-0.0016524602,-1
G037,G033,-0.0016541049,-1
G029,G084,-0.0016547014,-1
G031,G071,-0.0016613567,-1
G097,G006,-0.0016636701,-1
G016,G037,-0.00166563,-1
G088,G005,-0.0016691035,-1
G068,G021,-0.0016693905,-1
G068,G010,-0.001674299,-1
G083,G071,-0.0016767608,-1
G056,G012,-0.0016779904,-1
G027,G005,-0.0016808595,-1
G041,G006,-0.0016923645,-1
G046,G012,-0.0016926315,-1
G069,G002,-0.0016973151,-1
G026,G015,-0.0016973561,-1
G073,G006,-0.0016993855,-1
G011,G043,-0.0017077201,-1
G046,G016,-0.0017152192,-1
G095,G003,-0.0017159225,-1
G019,G029,-0.0017177744,-1
G002,G018,-0.0017197934,-1
G006,G010,-0.0017205469,-1
G062,G015,-0.0017228602,-1
G013,G032,-0.0017269708,-1
G047,G035,-0.0017272229,-1
G058,G037,-0.0017286137,-1
G089,G032,-0.0017310085,-1
G010,G067,-0.0017362311,-1
G032,G006,-0.0017483213,-1
G031,G096,-0.0017522766,-1
G072,G043,-0.0017581668,-1
G054,G096,-0.0017613574,-1
G079,G010,-0.0017618221,-1
G044,G012,-0.00176257,-1
G046,G096,-0.0017737991,-1
G024,G033,-0.0017758881,-1
G041,G077,-0.0017763417,-1
G058,G010,-0.0017780496,-1
G065,G010,-0.0017898612,-1
G049,G005,-0.0017912518,-1
G005,G071,-0.0017930726,-1
G048,G007,-0.0017979904,-1
G025,G005,-0.0017982877,-1
G063,G005,-0.0018032119,-1
G080,G012,-0.001805672,-1
G010,G041,-0.0018102169,-1
G052,G023,-0.0018119328,-1
G057,G054,-0.001815476,-1
G046,G002,-0.0018172178,-1
G084,G011,-0.0018176787,-1
G081,G009,-0.0018207799,-1
G060,G084,-0.0018254174,-1
G060,G015,-0.001832679,-1
G019,G041,-0.0018527907,-1
G081,G005,-0.001852928,-1
G002,G082,-0.0018532742,-1
G050,G061,-0.0018534578,-1
G063,G002,-0.0018581892,-1
G058,G071,-0.001861488,-1
G027,G033,-0.00186574,-1
G031,G046,-0.0018690614,-1
G078,G016,-0.0018702729,-1
G016,G004,-0.0018705808,-1
G062,G020,-0.0018722145,-1
G016,G002,-0.0018736979,-1
G078,G100,-0.0018751622,-1
G021,G006,-0.0018814381,-1
G035,G008,-0.0018893358,-1
G011,G067,-0.0018996682,-1
G038,G010,-0.0019007397,-1
G022,G007,-0.0019119807,-1
G065,G006,-0.0019141346,-1
G082,G051,-0.0019198089,-1
G072,G013,-0.0019224721,-1
G089,G100,-0.001930324,-1
G088,G015,-0.0019314935,-1
G024,G085,-0.0019376543,-1
G010,G063,-0.0019385946,-1
G039,G037,-0.0019527879,-1
G045,G020,-0.0019598666,-1
G055,G007,-0.001962138,-1
G019,G023,-0.001962319,-1
G025,G007,-0.0019637144,-1
G034,G007,-0.0019730816,-1
G039,G006,-0.0019776481,-1
G031,G010,-0.0019912405,-1
G081,G061,-0.0019931884,-1
G091,G032,-0.0020029084,-1
G006,G033,-0.0020049997,-1
G037,G062,-0.0020054914,-1
G031,G040,-0.0020131809,-1
G053,G013,-0.0020133937,-1
G032,G091,-0.0020145332,-1
G037,G084,-0.0020232396,-1
G031,G059,-0.002026688,-1
G090,G015,-0.0020308106,-1
G049,G054,-0.0020315049,-1
G081,G084,-0.0020398484,-1
G051,G007,-0.0020405108,-1
G058,G012,-0.002043216,-1
G074,G007,-0.0020444081,-1
G058,G033,-0.0020453061,-1
G035,G075,-0.002046892,-1
G033,G061,-0.0020482847,-1
G053,G007,-0.0020483143,-1
G010,G077,-0.002050554,-1
G003,G061,-0.0020590373,-1
G001,G016,-0.0020706393,-1
G013,G004,-0.0020732363,-1
G075,G015,-0.0020743874,-1
G080,G033,-0.0020761597,-1
G070,G006,-0.0020799162,-1
G034,G026,-0.0020802366,-1
G015,G100,-0.0020940388,-1
G074,G053,-0.002097818,-1
G006,G028,-0.0020984493,-1
G058,G034,-0.002115795,-1
G005,G093,-0.00211875,-1
G048,G005,-0.0021210331,-1
G073,G007,-0.0021281103,-1
G012,G082,-0.0021358333,-1
G075,G100,-0.002139543,-1
G095,G034,-0.0021444578,-1
G048,G075,-0.002149033,-1
G041,G001,-0.0021492504,-1
G057,G012,-0.0021565766,-1
G024,G080,-0.0021574914,-1
G066,G081,-0.0021642135,-1
G072,G034,-0.0021652975,-1
G037,G020,-0.0021678663,-1
G019,G037,-0.002169193,-1
G046,G091,-0.0021750466,-1
G007,G024,-0.0021752487,-1
G005,G017,-0.0021959068,-1
G058,G013,-0.0022001988,-1
G058,G096,-0.0022009222,-1
G032,G053,-0.0022079835,-1
G033,G046,-0.0022144087,-1
G004,G033,-0.0022323732,-1
G002,G020,-0.0022344817,-1
G043,G011,-0.0022470893,-1
G032,G007,-0.0022506062,-1
G079,G034,-0.0022553967,-1
G035,G096,-0.002256966,-1
G067,G005,-0.0022592517,-1
G073,G005,-0.0022652245,-1
G056,G006,-0.0022662194,-1
G050,G010,-0.002267036,-1
G084,G079,-0.002276736,-1
G028,G034,-0.002285821,-1
G017,G089,-0.0022875539,-1
G096,G002,-0.002301298,-1
G070,G007,-0.002305968,-1
G091,G089,-0.0023127522,-1
G005,G076,-0.002314782,-1
G007,G037,-0.0023154088,-1
G067,G015,-0.0023193953,-1
G050,G041,-0.0023221765,-1
G085,G007,-0.0023226314,-1
G095,G094,-0.002322828,-1
G013,G089,-0.0023253642,-1
G010,G078,-0.0023297158,-1
G066,G100,-0.0023315223,-1
G050,G026,-0.0023362495,-1
G054,G061,-0.002348774,-1
G063,G001,-0.0023488982,-1
G072,G006,-0.0023644082,-1
G069,G007,-0.002371478,-1
G075,G026,-0.0023793562,-1
G014,G006,-0.0023858608,-1
G046,G005,-0.0023885812,-1
G051,G100,-0.0023912117,-1
G064,G007,-0.0023964513,-1
G011,G002,-0.0024025512,-1
G033,G037,-0.002406819,-1
G047,G037,-0.00240684,-1
G020,G041,-0.002410105,-1
G046,G033,-0.0024118293,-1
G045,G015,-0.0024146778,-1
G069,G096,-0.0024152515,-1
G076,G006,-0.0024179304,-1
G048,G015,-0.0024209088,-1
G076,G007,-0.002425523,-1
G098,G007,-0.0024281174,-1
G007,G033,-0.002434526,-1
G033,G034,-0.0024364106,-1
G047,G096,-0.002441061,-1
G027,G006,-0.002443533,-1
G001,G020,-0.0024481295,-1
G065,G015,-0.0024492668,-1
G011,G094,-0.0024492852,-1
G022,G015,-0.002450322,-1
G063,G013,-0.0024569298,-1
G099,G007,-0.0024597668,-1
G094,G096,-0.0024600907,-1
G082,G017,-0.0024626632,-1
G004,G007,-0.0024650325,-1
G063,G021,-0.0024711222,-1
G097,G007,-0.0024848168,-1
G091,G010,-0.0024897878,-1
G100,G017,-0.0024938527,-1
G001,G002,-0.002515718,-1
G086,G007,-0.0025245845,-1
G017,G007,-0.0025327778,-1
G083,G006,-0.0025414743,-1
G049,G002,-0.0025499826,-1
G047,G071,-0.0025532183,-1
G029,G033,-0.0025593673,-1
G001,G041,-0.0025638228,-1
G039,G012,-0.00257819,-1
G038,G006,-0.0025811268,-1
G092,G007,-0.0025890598,-1
G014,G007,-0.0025957394,-1
G052,G006,-0.002600277,-1
G035,G034,-0.0026161696,-1
G035,G007,-0.0026165687,-1
G008,G035,-0.0026191338,-1
G019,G080,-0.0026209329,-1
G041,G056,-0.0026249117,-1
G057,G084,-0.0026256088,-1
G051,G002,-0.0026290754,-1
G078,G061,-0.0026314307,-1
G002,G001,-0.0026346433,-1
G037,G041,-0.0026360382,-1
G023,G100,-0.0026419293,-1
G050,G004,-0.0026545278,-1
G050,G003,-0.002658109,-1
G042,G080,-0.0026652205,-1
G031,G084,-0.0026677626,-1
G026,G016,-0.0026735472,-1
G035,G100,-0.0026805825,-1
G095,G012,-0.0026838332,-1
G071,G034,-0.0026961837,-1
G082,G003,-0.0026977155,-1
G060,G100,-0.0026985607,-1
G007,G085,-0.0027019875,-1
G078,G011,-0.0027033929,-1
G008,G075,-0.0027078658,-1
G065,G007,-0.002711551,-1
G029,G006,-0.0027186573,-1
G061,G050,-0.0027291253,-1
G044,G015,-0.0027413606,-1
G026,G079,-0.0027575663,-1
G052,G007,-0.002765252,-1
G048,G100,-0.002766602,-1
G074,G100,-0.0027763005,-1
G015,G028,-0.0027836356,-1
G015,G007,-0.0027933833,-1
G071,G033,-0.0028037438,-1
G043,G061,-0.0028086747,-1
G004,G015,-0.0028130698,-1
G075,G007,-0.0028147486,-1
G016,G096,-0.00282072,-1
G067,G010,-0.0028296686,-1
G083,G017,-0.0028744456,-1
G017,G100,-0.0028780445,-1
G036,G093,-0.0028914625,-1
G046,G084,-0.0029230453,-1
G011,G100,-0.0029240365,-1
G022,G034,-0.0029368913,-1
G054,G004,-0.0029406273,-1
G027,G080,-0.0029413272,-1
G026,G019,-0.0029630635,-1
G036,G006,-0.0029757735,-1
G059,G021,-0.0029770453,-1
G033,G054,-0.0029796127,-1
G031,G006,-0.002982053,-1
G024,G042,-0.002987586,-1
G094,G084,-0.0029891657,-1
G081,G036,-0.0029971579,-1
G035,G002,-0.0030011542,-1
G066,G095,-0.0030095458,-1
G021,G007,-0.0030124693,-1
G021,G013,-0.0030132672,-1
G079,G006,-0.0030165412,-1
G070,G100,-0.0030168027,-1
G042,G007,-0.0030225615,-1
G019,G010,-0.0030337858,-1
G066,G006,-0.0030340815,-1
G047,G084,-0.0030416932,-1
G093,G006,-0.0030486663,-1
G073,G079,-0.0030555069,-1
G023,G007,-0.0030647593,-1
G094,G005,-0.003071164,-1
G038,G007,-0.0030736178,-1
G043,G072,-0.0030766816,-1
G089,G001,-0.0030902228,-1
G012,G018,-0.0030908464,-1
G002,G007,-0.0030957682,-1
G085,G024,-0.0030960855,-1
G074,G010,-0.0031035938,-1
G079,G021,-0.0031058893,-1
G005,G063,-0.003113146,-1
G028,G033,-0.0031177683,-1
G019,G034,-0.0031188484,-1
G024,G017,-0.0031273267,-1
G016,G006,-0.0031410912,-1
G095,G081,-0.0031472093,-1
G043,G078,-0.00315817,-1
G054,G071,-0.0031616292,-1
G087,G007,-0.0031682972,-1
G042,G085,-0.003175858,-1
G040,G089,-0.0031788605,-1
G045,G041,-0.0031937943,-1
G056,G038,-0.0031959207,-1
G033,G049,-0.0031973766,-1
G055,G015,-0.0032089262,-1
G015,G049,-0.003220504,-1
G072,G100,-0.0032431995,-1
G024,G007,-0.0032652435,-1
G021,G068,-0.003266571,-1
G012,G004,-0.0032730973,-1
G030,G031,-0.0032979406,-1
G021,G015,-0.0033140504,-1
G078,G072,-0.0033153936,-1
G034,G077,-0.0033284696,-1
G014,G100,-0.0033342813,-1
G043,G006,-0.0033407724,-1
G028,G012,-0.003341758,-1
G055,G100,-0.0033419544,-1
G054,G066,-0.0033441836,-1
G067,G006,-0.0033549925,-1
G074,G034,-0.0033732033,-1
G050,G080,-0.0033880242,-1
G095,G084,-0.0033990021,-1
G072,G091,-0.0034027155,-1
G090,G012,-0.003409706,-1
G010,G020,-0.0034443429,-1
G031,G007,-0.003447181,-1
G060,G059,-0.003451875,-1
G042,G024,-0.003467737,-1
G053,G100,-0.0034936217,-1
G016,G010,-0.0034948764,-1
G085,G017,-0.0034964592,-1
G050,G015,-0.003504179,-1
G036,G007,-0.0035067203,-1
G010,G028,-0.0035072176,-1
G012,G041,-0.0035150656,-1
G062,G041,-0.0035174382,-1
G046,G050,-0.0035300325,-1
G063,G006,-0.0035338649,-1
G023,G015,-0.0035434444,-1
G094,G015,-0.0035487402,-1
G092,G100,-0.0035613864,-1
G046,G013,-0.0035675499,-1
G064,G100,-0.0035707129,-1
G083,G007,-0.0035777534,-1
G034,G056,-0.003579106,-1
G048,G089,-0.0035829768,-1
G011,G084,-0.003585026,-1
G098,G089,-0.0035867456,-1
G028,G001,-0.003592831,-1
G057,G085,-0.0035948635,-1
G071,G011,-0.0036037792,-1
G005,G033,-0.0036059485,-1
G063,G010,-0.0036260984,-1
G093,G007,-0.0036261089,-1
G029,G063,-0.003636975,-1
G097,G100,-0.0036426038,-1
G091,G017,-0.0036440222,-1
G063,G007,-0.0036588938,-1
G002,G100,-0.003660755,-1
G017,G028,-0.0036878732,-1
G099,G100,-0.0036926456,-1
G063,G061,-0.0036970472,-1
G085,G042,-0.0036983064,-1
G098,G100,-0.003700615,-1
G022,G100,-0.0037068569,-1
G045,G080,-0.0037083381,-1
G098,G015,-0.0037095605,-1
G048,G033,-0.0037264922,-1
G029,G007,-0.0037276484,-1
G057,G017,-0.0037408562,-1
G032,G015,-0.0037555043,-1
G025,G100,-0.00377121,-1
G100,G010,-0.0037722117,-1
G033,G020,-0.0037851222,-1
G072,G005,-0.0037873609,-1
G046,G006,-0.003788999,-1
G088,G059,-0.0038025724,-1
G069,G100,-0.0038144155,-1
G098,G034,-0.0038219825,-1
G058,G006,-0.0038288026,-1
G057,G006,-0.0038315905,-1
G018,G028,-0.0038333398,-1
G073,G100,-0.0038338583,-1
G026,G058,-0.0038359591,-1
G071,G006,-0.0038429613,-1
G008,G007,-0.0038471322,-1
G076,G005,-0.0038472747,-1
G010,G043,-0.0038520696,-1
G069,G015,-0.0038560852,-1
G086,G100,-0.0038586918,-1
G078,G006,-0.0038618979,-1
G037,G006,-0.003868105,-1
G070,G015,-0.0038689766,-1
G064,G015,-0.003871451,-1
G068,G005,-0.0038761743,-1
G023,G001,-0.003883084,-1
G024,G012,-0.0038887442,-1
G077,G100,-0.003891688,-1
G001,G004,-0.0039082495,-1
G056,G007,-0.003921848,-1
G073,G015,-0.003942836,-1
G047,G002,-0.003955909,-1
G009,G026,-0.003958726,-1
G077,G010,-0.003959177,-1
G053,G015,-0.0039613894,-1
G086,G015,-0.00396144,-1
G062,G080,-0.003966946,-1
G040,G034,-0.0039756936,-1
G038,G056,-0.003976483,-1
G040,G015,-0.0039933706,-1
G093,G004,-0.004059821,-1
G036,G005,-0.004070524,-1
G054,G007,-0.004084689,-1
G052,G100,-0.004091473,-1
G066,G036,-0.004103422,-1
G018,G087,-0.0041052364,-1
G032,G010,-0.0041120397,-1
G074,G015,-0.0041147186,-1
G089,G017,-0.0041177794,-1
G092,G015,-0.004130874,-1
G088,G026,-0.0041322466,-1
G011,G006,-0.0041324105,-1
G021,G084,-0.0041350913,-1
G094,G003,-0.0041514277,-1
G083,G100,-0.0041521066,-1
G084,G006,-0.004200683,-1
G095,G010,-0.004204105,-1
G076,G100,-0.004220876,-1
G065,G100,-0.0042289854,-1
G004,G100,-0.0042332704,-1
G025,G015,-0.004234505,-1
G016,G084,-0.004238641,-1
G097,G015,-0.0042396616,-1
G012,G034,-0.0042414893,-1
G054,G010,-0.004256102,-1
G071,G007,-0.0042571975,-1
G099,G015,-0.0042613735,-1
G041,G080,-0.0042621377,-1
G021,G100,-0.0042669126,-1
G048,G026,-0.004268243,-1
G044,G007,-0.0042744176,-1
G012,G078,-0.0042766198,-1
G049,G006,-0.0042796987,-1
G099,G005,-0.004280232,-1
G013,G091,-0.00428266,-1
G042,G012,-0.004298258,-1
G041,G015,-0.0043016183,-1
G068,G006,-0.0043057296,-1
G026,G006,-0.0043113264,-1
G032,G100,-0.0043207956,-1
G011,G096,-0.0043696202,-1
G033,G035,-0.0043708608,-1
G089,G091,-0.0043959096,-1
G067,G080,-0.0044016065,-1
G034,G015,-0.0044024563,-1
G067,G011,-0.004403388,-1
G010,G032,-0.004411148,-1
G082,G026,-0.004421713,-1
G068,G038,-0.004454578,-1
G048,G028,-0.004488582,-1
G080,G034,-0.0045076385,-1
G036,G012,-0.004511981,-1
G080,G020,-0.0045137596,-1
G016,G063,-0.0045148055,-1
G080,G001,-0.0045171585,-1
G029,G016,-0.0045263516,-1
G033,G076,-0.0045345672,-1
G024,G004,-0.004545611,-1
G023,G029,-0.0046058125,-1
G085,G080,-0.0046087625,-1
G058,G007,-0.004627211,-1
G039,G015,-0.0046329163,-1
G080,G041,-0.0046343533,-1
G022,G040,-0.004636666,-1
G045,G034,-0.0046373536,-1
G082,G002,-0.0046483106,-1
G033,G080,-0.0046509774,-1
G062,G034,-0.004660839,-1
G078,G043,-0.0046800547,-1
G007,G017,-0.004685177,-1
G040,G096,-0.0046882327,-1
G083,G015,-0.004704075,-1
G027,G015,-0.004713119,-1
G023,G004,-0.004743252,-1
G019,G007,-0.004759976,-1
G066,G026,-0.0047645997,-1
G091,G096,-0.0047749546,-1
G039,G007,-0.0047756126,-1
G063,G034,-0.0047771013,-1
G026,G049,-0.0047798217,-1
G085,G012,-0.004780725,-1
G006,G008,-0.0047869794,-1
G040,G027,-0.0047910064,-1
G020,G003,-0.004838931,-1
G052,G015,-0.004846999,-1
G047,G006,-0.0048750043,-1
G007,G006,-0.004875986,-1
G042,G100,-0.004880753,-1
G094,G026,-0.0048812637,-1
G015,G020,-0.0048844474,-1
G038,G100,-0.00488915,-1
G068,G007,-0.0049288874,-1
G019,G006,-0.004935064,-1
G022,G026,-0.0049413643,-1
G067,G100,-0.004961151,-1
G010,G034,-0.004983472,-1
G003,G004,-0.0049921726,-1
G079,G007,-0.0049968455,-1
G020,G002,-0.0050010327,-1
G087,G100,-0.005005574,-1
G056,G100,-0.0050235414,-1
G007,G043,-0.005039547,-1
G040,G100,-0.0050439057,-1
G016,G100,-0.0050726174,-1
G001,G015,-0.005095362,-1
G033,G006,-0.0051025315,-1
G056,G002,-0.005110879,-1
G095,G006,-0.0051113795,-1
G074,G089,-0.0051269555,-1
G081,G049,-0.0051425393,-1
G037,G080,-0.0051507917,-1
G095,G100,-0.005153466,-1
G095,G005,-0.005155075,-1
G045,G010,-0.005169455,-1
G048,G001,-0.005180536,-1
G061,G003,-0.0052117654,-1
G005,G007,-0.0052138343,-1
G010,G002,-0.0052246996,-1
G020,G034,-0.0052434755,-1
G076,G015,-0.005259704,-1
G014,G015,-0.005265977,-1
G027,G100,-0.0052770465,-1
G024,G018,-0.0052882736,-1
G071,G019,-0.005295446,-1
G035,G047,-0.0053100227,-1
G008,G100,-0.005320726,-1
G063,G016,-0.005324006,-1
G016,G005,-0.0053569465,-1
G036,G100,-0.0053909346,-1
G081,G007,-0.005416999,-1
G100,G001,-0.005447569,-1
G087,G015,-0.0054605897,-1
G067,G007,-0.0054655867,-1
G011,G015,-0.005472735,-1
G053,G027,-0.005507348,-1
G044,G100,-0.0055122557,-1
G022,G017,-0.005513456,-1
G049,G071,-0.0056114485,-1
G005,G039,-0.005622595,-1
G077,G015,-0.0056261765,-1
G076,G033,-0.0056288172,-1
G051,G026,-0.0056815427,-1
G055,G026,-0.0056922515,-1
G004,G084,-0.0057012755,-1
G040,G031,-0.0057093212,-1
G098,G013,-0.0057139723,-1
G036,G015,-0.005717648,-1
G016,G011,-0.005722447,-1
G068,G077,-0.0057261926,-1
G095,G015,-0.005747725,-1
G079,G068,-0.0057511805,-1
G062,G010,-0.005756259,-1
G047,G007,-0.0057680425,-1
G077,G034,-0.005777904,-1
G093,G100,-0.0058281235,-1
G018,G007,-0.0058409977,-1
G028,G017,-0.005845252,-1
G089,G048,-0.00584651,-1
G054,G100,-0.005859528,-1
G096,G015,-0.0058626677,-1
G007,G012,-0.005895128,-1
G037,G034,-0.0058987737,-1
G026,G021,-0.005949943,-1
G008,G015,-0.005953261,-1
G072,G010,-0.0059554433,-1
G024,G100,-0.005958285,-1
G064,G031,-0.0059583103,-1
G074,G040,-0.0059845247,-1
G029,G100,-0.0060010385,-1
G070,G026,-0.00601735,-1
G005,G015,-0.006020084,-1
G056,G015,-0.0060253153,-1
G063,G015,-0.0060839257,-1
G038,G015,-0.0061272765,-1
G057,G018,-0.0061406195,-1
G031,G015,-0.0061716265,-1
G031,G100,-0.006202511,-1
G085,G100,-0.0062453616,-1
G006,G035,-0.0062695392,-1
G075,G006,-0.0063054813,-1
G091,G034,-0.00634766,-1
G041,G010,-0.0063629937,-1
G023,G026,-0.0063680033,-1
G064,G026,-0.006368247,-1
G018,G089,-0.0063914694,-1
G057,G100,-0.006399562,-1
G088,G063,-0.006408345,-1
G043,G005,-0.006450881,-1
G072,G046,-0.0064669033,-1
G092,G026,-0.0064910245,-1
G049,G010,-0.006543558,-1
G012,G100,-0.006552651,-1
G007,G078,-0.006573232,-1
G002,G003,-0.006590213,-1
G077,G068,-0.006590223,-1
G049,G007,-0.006606628,-1
G042,G028,-0.0066279066,-1
G089,G028,-0.006655815,-1
G016,G015,-0.0066668675,-1
G014,G033,-0.006671011,-1
G028,G048,-0.006679364,-1
G026,G007,-0.0067206495,-1
G039,G100,-0.0067340485,-1
G028,G089,-0.006745141,-1
G011,G016,-0.006760954,-1
G028,G007,-0.0067667607,-1
G097,G026,-0.006784797,-1
G057,G042,-0.0068017207,-1
G039,G019,-0.0068054036,-1
G012,G005,-0.006806678,-1
G025,G026,-0.006812165,-1
G043,G015,-0.0068337456,-1
G055,G004,-0.006850917,-1
G021,G026,-0.0068534533,-1
G069,G026,-0.0068625,-1
G079,G100,-0.006899766,-1
G085,G018,-0.0069105523,-1
G056,G096,-0.0069139423,-1
G018,G100,-0.0069157085,-1
G001,G034,-0.006938582,-1
G071,G100,-0.0069682235,-1
G093,G049,-0.006993206,-1
G079,G015,-0.007011674,-1
G016,G007,-0.0070172357,-1
G037,G015,-0.007019002,-1
G084,G015,-0.007019922,-1
G044,G026,-0.007080142,-1
G083,G026,-0.007116774,-1
G040,G013,-0.0071197823,-1
G046,G007,-0.0071243644,-1
G068,G100,-0.0071555153,-1
G095,G001,-0.0071586105,-1
G038,G002,-0.0071700527,-1
G081,G100,-0.007178469,-1
G039,G067,-0.0072944635,-1
G050,G034,-0.007322168,-1
G047,G100,-0.007397373,-1
G006,G007,-0.00744445,-1
G077,G026,-0.0074656415,-1
G054,G015,-0.0074771265,-1
G032,G026,-0.007515753,-1
G038,G026,-0.0075236578,-1
G077,G007,-0.0075276904,-1
G004,G026,-0.0075650592,-1
G072,G015,-0.007579443,-1
G007,G072,-0.007643942,-1
G098,G026,-0.007647641,-1
G072,G096,-0.007651219,-1
G065,G077,-0.007653899,-1
G026,G011,-0.0076775397,-1
G052,G026,-0.007724131,-1
G001,G082,-0.0078380415,-1
G074,G013,-0.00784239,-1
G065,G026,-0.0078502195,-1
G068,G015,-0.007853986,-1
G073,G026,-0.007863282,-1
G040,G091,-0.007875696,-1
G005,G047,-0.007941689,-1
G063,G100,-0.007945288,-1
G046,G059,-0.007982487,-1
G015,G082,-0.007986689,-1
G049,G100,-0.008061814,-1
G056,G010,-0.008062524,-1
G053,G040,-0.008108214,-1
G015,G010,-0.008124275,-1
G074,G026,-0.008184597,-1
G099,G026,-0.008211764,-1
G056,G026,-0.0082675135,-1
G053,G026,-0.008289328,-1
G058,G100,-0.008372366,-1
G028,G100,-0.008411022,-1
G026,G100,-0.008424311,-1
G015,G002,-0.008460167,-1
G026,G005,-0.008468924,-1
G060,G058,-0.008492343,-1
G061,G004,-0.008495737,-1
G053,G031,-0.008512761,-1
G054,G012,-0.008533525,-1
G033,G015,-0.008539599,-1
G037,G100,-0.008554259,-1
G078,G005,-0.0085544,-1
G058,G015,-0.0086507825,-1
G047,G015,-0.008726393,-1
G058,G083,-0.008739506,-1
G057,G032,-0.0087960875,-1
G034,G017,-0.008825598,-1
G009,G005,-0.0088926405,-1
G038,G096,-0.008928722,-1
G014,G026,-0.008937759,-1
G046,G072,-0.008984234,-1
G081,G015,-0.008990183,-1
G081,G095,-0.0089981835,-1
G058,G084,-0.0090427855,-1
G028,G006,-0.009048658,-1
G019,G100,-0.00908885,-1
G057,G007,-0.009117781,-1
G089,G023,-0.009178345,-1
G035,G015,-0.009187849,-1
G084,G007,-0.009194887,-1
G005,G014,-0.009199779,-1
G076,G010,-0.009246495,-1
G006,G100,-0.009278561,-1
G081,G006,-0.009288179,-1
G033,G100,-0.009311305,-1
G041,G070,-0.009364122,-1
G095,G036,-0.009392909,-1
G018,G017,-0.009438256,-1
G087,G026,-0.0094565535,-1
G076,G026,-0.00950293,-1
G036,G019,-0.009511163,-1
G009,G076,-0.009511823,-1
G011,G007,-0.009536174,-1
G039,G034,-0.0095609315,-1
G008,G026,-0.009561445,-1
G095,G026,-0.0096177235,-1
G026,G036,-0.009667702,-1
G026,G034,-0.009668681,-1
G061,G007,-0.009704347,-1
G036,G067,-0.00973311,-1
G041,G038,-0.009748168,-1
G048,G006,-0.009925266,-1
G096,G026,-0.009957368,-1
G087,G028,-0.009967307,-1
G072,G077,-0.009972652,-1
G007,G015,-0.009976668,-1
G006,G015,-0.0099804485,-1
G099,G077,-0.0099985795,-1
G059,G060,-0.010011054,-1
G032,G043,-0.010017068,-1
G061,G084,-0.01002938,-1
G080,G026,-0.010090803,-1
G010,G047,-0.010105192,-1
G033,G005,-0.0101259155,-1
G099,G034,-0.010133649,-1
G028,G023,-0.010139489,-1
G057,G015,-0.010168532,-1
G092,G079,-0.010175704,-1
G038,G077,-0.010233874,-1
G046,G100,-0.010268531,-1
G009,G033,-0.01031892,-1
G007,G084,-0.010350148,-1
G040,G046,-0.010376043,-1
G040,G088,-0.010402062,-1
G078,G015,-0.010402482,-1
G028,G015,-0.010404443,-1
G039,G026,-0.0104872165,-1
G011,G023,-0.010548749,-1
G098,G091,-0.010596675,-1
G001,G084,-0.010819829,-1
G046,G015,-0.010822602,-1
G031,G026,-0.010898513,-1
G029,G026,-0.010904023,-1
G065,G037,-0.010940455,-1
G038,G037,-0.011069062,-1
G093,G019,-0.011076882,-1
G028,G026,-0.011099179,-1
G019,G005,-0.011108784,-1
G043,G016,-0.011118215,-1
G019,G071,-0.011258049,-1
G002,G026,-0.011331708,-1
G067,G012,-0.011341809,-1
G085,G005,-0.011454038,-1
G040,G026,-0.011482261,-1
G058,G021,-0.011485445,-1
G086,G026,-0.011691749,-1
G072,G026,-0.01170551,-1
G025,G006,-0.011762465,-1
G022,G001,-0.011906834,-1
G083,G040,-0.011959391,-1
G043,G026,-0.012049414,-1
G033,G010,-0.012051373,-1
G037,G005,-0.0120933335,-1
G095,G061,-0.012226861,-1
G073,G021,-0.012269864,-1
G042,G017,-0.012382606,-1
G083,G058,-0.012458697,-1
G078,G026,-0.012508675,-1
G054,G026,-0.012786292,-1
G074,G091,-0.012975476,-1
G053,G059,-0.013039853,-1
G034,G100,-0.013040135,-1
G016,G026,-0.01326212,-1
G081,G026,-0.013285042,-1
G003,G005,-0.013508511,-1
G081,G033,-0.013535756,-1
G086,G079,-0.013618179,-1
G054,G006,-0.013636419,-1
G096,G017,-0.0138133,-1
G099,G068,-0.013933573,-1
G057,G010,-0.014067992,-1
G068,G026,-0.014129068,-1
G071,G015,-0.014175209,-1
G034,G002,-0.014369122,-1
G060,G026,-0.0144011555,-1
G098,G072,-0.0145362895,-1
G057,G026,-0.014590915,-1
G029,G015,-0.014595963,-1
G071,G067,-0.01471913,-1
G038,G044,-0.014798709,-1
G001,G100,-0.014845991,-1
G010,G061,-0.014920767,-1
G084,G026,-0.0149888145,-1
G054,G081,-0.015098528,-1
G094,G007,-0.015225186,-1
G081,G010,-0.015238646,-1
G035,G026,-0.0152427135,-1
G005,G079,-0.015269611,-1
G063,G026,-0.015371119,-1
G074,G059,-0.0155248195,-1
G046,G034,-0.015607047,-1
G079,G026,-0.015853224,-1
G033,G026,-0.015901344,-1
G006,G026,-0.0159203,-1
G087,G006,-0.016031519,-1
G037,G026,-0.016169053,-1
G005,G100,-0.016642878,-1
G017,G003,-0.016690912,-1
G001,G061,-0.016742282,-1
G093,G015,-0.016854003,-1
G005,G026,-0.016857916,-1
G098,G046,-0.0170879,-1
G027,G026,-0.017092822,-1
G032,G097,-0.017188987,-1
G049,G026,-0.017192688,-1
G074,G046,-0.017488025,-1
G036,G026,-0.017493268,-1
G010,G046,-0.01776042,-1
G009,G004,-0.018347256,-1
G047,G026,-0.018361581,-1
G084,G100,-0.018395303,-1
G054,G095,-0.018710367,-1
G032,G046,-0.019226305,-1
G002,G004,-0.019441588,-1
G010,G037,-0.019571943,-1
G046,G026,-0.020473458,-1
G088,G034,-0.020559285,-1
G078,G096,-0.020612832,-1
G019,G015,-0.020668048,-1
G083,G085,-0.020704119,-1
G009,G010,-0.020996995,-1
G021,G031,-0.02113472,-1
G058,G026,-0.021324059,-1
G040,G059,-0.021343328,-1
G043,G096,-0.021564275,-1
G071,G026,-0.021587739,-1
G005,G028,-0.022105562,-1
G012,G010,-0.022240141,-1
G093,G071,-0.02255672,-1
G050,G001,-0.022760727,-1
G017,G010,-0.023579566,-1
G061,G100,-0.023710415,-1
G051,G012,-0.02397145,-1
G010,G030,-0.024307102,-1
G007,G026,-0.024498431,-1
G019,G026,-0.02515264,-1
G007,G010,-0.02527968,-1
G022,G002,-0.025877243,-1
G094,G100,-0.026167238,-1
G088,G057,-0.02627294,-1
G015,G036,-0.02660448,-1
G005,G030,-0.027357388,-1
G094,G061,-0.027545076,-1
G010,G005,-0.028533924,-1
G030,G060,-0.029114502,-1
G071,G012,-0.029291013,-1
G050,G005,-0.029691324,-1
G060,G021,-0.02972191,-1
G018,G010,-0.02976821,-1
G012,G065,-0.029841917,-1
G007,G100,-0.030336846,-1
G090,G026,-0.030828416,-1
G003,G001,-0.031353544,-1
G011,G004,-0.031787883,-1
G090,G024,-0.03204298,-1
G093,G026,-0.032931656,-1
G089,G054,-0.033290993,-1
G030,G051,-0.03404598,-1
G001,G005,-0.035481226,-1
G024,G010,-0.035747502,-1
G010,G027,-0.035747927,-1
G012,G026,-0.036512826,-1
G028,G054,-0.036719937,-1
G005,G006,-0.037058234,-1
G006,G003,-0.037351098,-1
G048,G054,-0.037610177,-1
G045,G005,-0.0378705,-1
G054,G036,-0.03793334,-1
G066,G015,-0.038378086,-1
G019,G049,-0.03888883,-1
G075,G087,-0.03891526,-1
G093,G012,-0.0402933,-1
G005,G077,-0.04053279,-1
G010,G080,-0.040711742,-1
G041,G005,-0.041126333,-1
G001,G026,-0.04133816,-1
G009,G014,-0.04189364,-1
G085,G010,-0.042107135,-1
G020,G005,-0.042221986,-1
G005,G021,-0.042577982,-1
G017,G034,-0.042905904,-1
G004,G019,-0.043183688,-1
G022,G059,-0.04395897,-1
G005,G075,-0.044563234,-1
G059,G040,-0.04495265,-1
G062,G005,-0.04552559,-1
G004,G052,-0.045559186,-1
G080,G005,-0.045662627,-1
G002,G012,-0.045866653,-1
G089,G046,-0.046282638,-1
G001,G007,-0.046730828,-1
G060,G083,-0.046916552,-1
G042,G032,-0.047079895,-1
G013,G046,-0.04727511,-1
G020,G012,-0.047712397,-1
G034,G068,-0.048154593,-1
G042,G010,-0.04856025,-1
G082,G012,-0.04885542,-1
G061,G001,-0.04924197,-1
G007,G096,-0.04950892,-1
G096,G088,-0.053241923,-1
G012,G036,-0.054442875,-1
G091,G046,-0.05473873,-1
G059,G083,-0.05565682,-1
G040,G057,-0.05676234,-1
G004,G023,-0.059643567,-1
G044,G047,-0.06193161,-1
G026,G071,-0.062191833,-1
G015,G093,-0.062761985,-1
G077,G037,-0.06443576,-1
G013,G031,-0.06578012,-1
G005,G011,-0.06607348,-1
G034,G041,-0.066574596,-1
G018,G042,-0.06738449,-1
G036,G081,-0.06749567,-1
G003,G002,-0.069397226,-1
G023,G048,-0.06941026,-1
G100,G007,-0.07070671,-1
G010,G033,-0.07157382,-1
G017,G022,-0.073396854,-1
G021,G058,-0.07538599,-1
