Regulator,Target,Weight,Sign
G035,G081,0.06987811,1
G028,G056,0.065370806,1
G031,G084,0.064841144,1
G069,G079,0.06466787,1
G020,G100,0.064186946,1
G007,G042,0.06250902,1
G010,G052,0.061070062,1
G001,G033,0.06019776,1
G009,G098,0.05895377,1
G097,G019,0.057394166,1
G003,G058,0.056082185,1
G042,G047,0.05585838,1
G010,G062,0.054156214,1
G079,G086,0.05399469,1
G031,G048,0.05332083,1
G017,G023,0.05325218,1
G012,G032,0.05313857,1
G099,G092,0.052333597,1
G100,G043,0.05215542,1
G056,G069,0.05210236,1
G014,G001,0.05160565,1
G026,G007,0.051474698,1
G020,G064,0.05118748,1
G025,G024,0.050671834,1
G028,G083,0.050391305,1
G010,G029,0.048133258,1
G041,G043,0.048053153,1
G031,G051,0.047457248,1
G007,G061,0.04731946,1
G066,G008,0.04675332,1
G040,G066,0.04647863,1
G009,G013,0.045966912,1
G040,G096,0.0456869,1
G021,G035,0.045315035,1
G047,G008,0.045046274,1
G019,G007,0.04480775,1
G006,G093,0.04477051,1
G053,G028,0.044367373,1
G008,G096,0.044031333,1
G086,G069,0.04375015,1
G050,G013,0.043246612,1
G031,G057,0.043046955,1
G002,G061,0.042483374,1
G006,G089,0.04173658,1
G002,G066,0.041138966,1
G010,G041,0.04110917,1
G004,G086,0.03990619,1
G010,G095,0.03979291,1
G056,G028,0.039248236,1
G018,G010,0.039015263,1
G049,G076,0.039004378,1
G069,G028,0.038754918,1
G053,G004,0.03860585,1
G041,G080,0.037600633,1
G004,G029,0.037473217,1
G013,G034,0.0373014,1
G007,G067,0.035921562,1
G006,G094,0.035840023,1
G046,G010,0.03525757,1
G079,G056,0.034568444,1
G027,G028,0.034435418,1
G001,G012,0.03412781,1
G035,G061,0.03357064,1
G001,G008,0.03212828,1
G033,G006,0.031952802,1
G040,G072,0.031714108,1
G025,G006,0.030279797,1
G096,G009,0.0296362,1
G040,G076,0.029430447,1
G016,G010,0.028635394,1
G010,G015,0.02844193,1
G021,G020,0.028297067,1
G079,G069,0.02759578,1
G020,G069,0.027156096,1
G065,G039,0.027104076,1
G042,G078,0.024733773,1
G006,G059,0.023568012,1
G043,G020,0.023085913,1
G010,G024,0.022996662,1
G081,G021,0.022286028,1
G055,G044,0.021344764,1
G031,G029,0.021286445,1
G082,G069,0.020876776,1
G046,G031,0.020621786,1
G004,G069,0.019569706,1
G069,G056,0.01923981,1
G097,G006,0.018403286,1
G060,G003,0.017867967,1
G056,G053,0.017827643,1
G003,G045,0.01732828,1
G006,G031,0.016921448,1
G020,G095,0.01640162,1
G006,G015,0.016398693,1
G087,G039,0.016340876,1
G006,G001,0.015577067,1
G001,G020,0.015436183,1
G076,G039,0.015336712,1
G019,G006,0.015304502,1
G088,G061,0.015244779,1
G094,G051,0.014727799,1
G007,G026,0.014490819,1
G009,G084,0.014341506,1
G006,G013,0.013663315,1
G024,G003,0.013645758,1
G037,G019,0.013533416,1
G042,G026,0.013266762,1
G085,G049,0.013233262,1
G007,G097,0.01298604,1
G007,G078,0.012823959,1
G063,G043,0.012409926,1
G075,G044,0.012225554,1
G024,G013,0.012135769,1
G062,G003,0.011915534,1
G035,G021,0.011885433,1
G077,G020,0.011850295,1
G032,G008,0.011369141,1
G006,G020,0.011223986,1
G051,G055,0.011180716,1
G079,G008,0.011042291,1
G055,G015,0.011035543,1
G020,G028,0.010948956,1
G091,G003,0.010932081,1
G082,G028,0.010833954,1
G043,G008,0.010774867,1
G084,G029,0.010312741,1
G041,G020,0.010107702,1
G064,G067,0.010059823,1
G004,G002,0.010050032,1
G063,G030,0.010027407,1
G075,G059,0.00994398,1
G081,G035,0.009931303,1
G048,G029,0.009829026,1
G015,G035,0.009787556,1
G008,G042,0.009644032,1
G028,G053,0.009577575,1
G042,G006,0.009493312,1
G011,G003,0.009320539,1
G048,G071,0.009110227,1
G056,G027,0.009046488,1
G032,G006,0.008937711,1
G008,G002,0.0088894265,1
G002,G083,0.008870991,1
G090,G007,0.008863939,1
G036,G009,0.0088581145,1
G069,G008,0.008654735,1
G044,G007,0.008419135,1
G090,G031,0.008178664,1
G038,G046,0.008162496,1
G039,G006,0.008109143,1
G001,G003,0.008069713,1
G008,G074,0.007857994,1
G099,G084,0.007773493,1
G006,G012,0.007748264,1
G079,G020,0.0077146753,1
G036,G028,0.0076928986,1
G096,G047,0.0076323655,1
G085,G013,0.00747053,1
G032,G074,0.0074594626,1
G036,G001,0.0073154615,1
G041,G068,0.007246911,1
G008,G003,0.0072126137,1
G006,G002,0.0070098653,1
G065,G059,0.0068845903,1
G016,G008,0.00673047,1
G007,G030,0.0067073028,1
G028,G020,0.006480329,1
G040,G078,0.0064244578,1
G092,G017,0.0063830386,1
G030,G029,0.0063763927,1
G009,G064,0.0063295825,1
G047,G007,0.0062825307,1
G010,G068,0.0062341588,1
G080,G048,0.0062231137,1
G096,G066,0.0061187115,1
G042,G075,0.0061016255,1
G026,G097,0.006095416,1
G029,G034,0.0060472046,1
G039,G067,0.0059481924,1
G078,G040,0.0059462334,1
G038,G006,0.0059448797,1
G013,G094,0.005868945,1
G017,G006,0.005824363,1
G090,G019,0.005794957,1
G018,G008,0.005762751,1
G044,G006,0.005645501,1
G051,G015,0.0054542623,1
G003,G035,0.0054509854,1
G100,G008,0.005412142,1
G065,G007,0.0053431345,1
G068,G026,0.0053017708,1
G004,G017,0.0051939026,1
G031,G055,0.005105873,1
G003,G022,0.005085926,1
G043,G010,0.0050665373,1
G009,G019,0.004982151,1
G010,G003,0.004958175,1
G004,G007,0.0048789657,1
G006,G045,0.0048222775,1
G012,G008,0.004797568,1
G041,G060,0.0046597663,1
G073,G048,0.0046589463,1
G040,G036,0.004623247,1
G051,G006,0.004583645,1
G039,G010,0.0045401943,1
G010,G065,0.004488715,1
G061,G026,0.0043920777,1
G083,G053,0.004333573,1
G077,G048,0.0043004737,1
G003,G066,0.00427673,1
G066,G003,0.004192603,1
G030,G046,0.004192223,1
G072,G010,0.0041535296,1
G003,G047,0.004129588,1
G052,G018,0.0041083596,1
G028,G015,0.0041021635,1
G100,G020,0.0040962375,1
G044,G010,0.00404481,1
G030,G057,0.0040267953,1
G003,G027,0.004014689,1
G041,G008,0.0039691944,1
G077,G090,0.0038832002,1
G020,G006,0.0038659389,1
G008,G007,0.00382076,1
G037,G010,0.003800884,1
G053,G002,0.003726523,1
G074,G047,0.0036416845,1
G062,G018,0.003636015,1
G047,G003,0.0036237838,1
G099,G017,0.0036173698,1
G075,G006,0.0035834056,1
G030,G006,0.0035817935,1
G048,G021,0.0034655358,1
G028,G044,0.003430625,1
G039,G007,0.0034265048,1
G017,G033,0.0034039658,1
G004,G035,0.003401689,1
G066,G074,0.003378755,1
G008,G028,0.0033285413,1
G074,G066,0.0032884246,1
G034,G046,0.0032452138,1
G034,G006,0.0032323666,1
G047,G074,0.0031763858,1
G047,G002,0.0031566792,1
G090,G021,0.0031500917,1
G074,G001,0.0031292413,1
G060,G006,0.0031112055,1
G006,G065,0.0030784798,1
G056,G043,0.0030763282,1
G030,G051,0.0030477212,1
G010,G018,0.0030256603,1
G009,G003,0.0029717556,1
G001,G042,0.0029642992,1
G061,G021,0.0029552828,1
G064,G097,0.0029537415,1
G099,G096,0.0029500136,1
G006,G051,0.0029377225,1
G053,G017,0.0029306142,1
G064,G096,0.0029209703,1
G040,G004,0.002916254,1
G066,G042,0.0028890988,1
G016,G033,0.002872238,1
G021,G003,0.0028617545,1
G048,G097,0.0028363469,1
G004,G045,0.002820669,1
G053,G015,0.002798032,1
G061,G006,0.0027952243,1
G078,G006,0.0027927656,1
G033,G014,0.002763565,1
G047,G078,0.0027495753,1
G081,G017,0.002747611,1
G040,G001,0.0027226547,1
G048,G100,0.0027022674,1
G008,G040,0.0026859064,1
G078,G007,0.0026643071,1
G049,G013,0.0026418013,1
G034,G051,0.0026381284,1
G032,G007,0.002619383,1
G099,G097,0.002573968,1
G006,G040,0.0025481707,1
G017,G053,0.0025399541,1
G040,G006,0.0025363201,1
G037,G028,0.0024750999,1
G052,G046,0.0024642209,1
G053,G044,0.002439989,1
G004,G001,0.002434676,1
G003,G005,0.0024291738,1
G010,G087,0.002416441,1
G034,G048,0.002390458,1
G014,G027,0.0023832608,1
G044,G031,0.0023582291,1
G017,G035,0.0023191439,1
G084,G031,0.0022744644,1
G034,G084,0.0022416902,1
G029,G057,0.0022411817,1
G003,G028,0.002232401,1
G096,G064,0.0022282756,1
G034,G057,0.0021603466,1
G030,G013,0.0021545673,1
G041,G018,0.0021384223,1
G068,G019,0.0021369301,1
G007,G033,0.002130868,1
G055,G030,0.0021264197,1
G008,G012,0.0021258746,1
G069,G027,0.0021075215,1
G092,G009,0.002105573,1
G067,G065,0.002099733,1
G088,G030,0.002088193,1
G003,G096,0.0020788824,1
G058,G055,0.0020624318,1
G050,G094,0.002049942,1
G003,G037,0.0020219013,1
G091,G002,0.002008614,1
G001,G074,0.0019854442,1
G002,G037,0.0019708949,1
G027,G014,0.001965605,1
G009,G094,0.00196358,1
G017,G007,0.001937662,1
G007,G089,0.0019271163,1
G072,G007,0.0018774717,1
G027,G015,0.0018757893,1
G030,G084,0.0018612782,1
G098,G031,0.001848736,1
G061,G019,0.0018380267,1
G006,G037,0.0017975519,1
G040,G047,0.0017954591,1
G002,G026,0.0017790205,1
G086,G053,0.0017687796,1
G017,G099,0.0017540178,1
G062,G046,0.0017401578,1
G004,G030,0.0017396793,1
G001,G053,0.0017349811,1
G025,G021,0.0017239163,1
G096,G002,0.0016974917,1
G053,G001,0.0016766546,1
G079,G082,0.0016608682,1
G065,G067,0.001649417,1
G056,G017,0.0016115322,1
G090,G016,0.0016083197,1
G057,G031,0.0015714937,1
G048,G035,0.0015650957,1
G038,G007,0.0015630187,1
G008,G100,0.0015392775,1
G063,G029,0.0015362885,1
G010,G060,0.0015359255,1
G090,G100,0.0015318481,1
G034,G098,0.0015105737,1
G027,G044,0.0014964294,1
G078,G010,0.0014939575,1
G073,G007,0.0014920386,1
G060,G026,0.0014904032,1
G087,G006,0.0014709879,1
G055,G034,0.0014447096,1
G010,G076,0.0014328625,1
G002,G053,0.0014025868,1
G021,G002,0.0013948518,1
G006,G016,0.0013887279,1
G030,G007,0.0013872904,1
G001,G002,0.0013707526,1
G025,G002,0.0013615761,1
G008,G041,0.0013397184,1
G090,G001,0.0013387061,1
G030,G048,0.001316729,1
G001,G019,0.0013149404,1
G037,G006,0.0012813458,1
G056,G020,0.0012748981,1
G021,G048,0.0012626915,1
G006,G076,0.0012447295,1
G091,G005,0.0012343646,1
G006,G087,0.0012337709,1
G015,G056,0.0012262588,1
G019,G016,0.0012246328,1
G069,G017,0.0012043332,1
G064,G006,0.0012033979,1
G030,G098,0.0011976399,1
G054,G010,0.0011922637,1
G033,G002,0.0011347103,1
G067,G026,0.0011325689,1
G046,G030,0.0011223252,1
G006,G030,0.0011098258,1
G046,G034,0.0011062437,1
G029,G051,0.0011054522,1
G085,G009,0.0010954468,1
G006,G029,0.0010895528,1
G041,G046,0.001086564,1
G035,G026,0.0010832379,1
G009,G029,0.0010612971,1
G076,G006,0.0010544325,1
G048,G041,0.0010533491,1
G042,G019,0.0010472093,1
G062,G002,0.0010375711,1
G047,G026,0.0010373848,1
G030,G100,0.0010319094,1
G096,G099,0.0010274919,1
G044,G016,0.0010246278,1
G065,G006,0.0010088695,1
G076,G067,0.0009939711,1
G048,G050,0.000986796,1
G016,G025,0.0009801529,1
G025,G045,0.0009732444,1
G007,G021,0.0009707804,1
G010,G044,0.00096697116,1
G034,G007,0.0009451093,1
G015,G027,0.0009407851,1
G029,G018,0.000930008,1
G020,G025,0.0009089053,1
G002,G060,0.0009061676,1
G059,G015,0.0009000434,1
G042,G016,0.00089820847,1
G034,G010,0.00089662394,1
G021,G006,0.0008941731,1
G033,G045,0.00088950084,1
G066,G006,0.00088473246,1
G045,G033,0.0008823677,1
G036,G027,0.00087692303,1
G090,G006,0.0008757096,1
G026,G001,0.00086609175,1
G085,G050,0.00085965986,1
G052,G006,0.00085008226,1
G087,G067,0.00084753416,1
G042,G059,0.00084636454,1
G027,G024,0.00083739863,1
G025,G016,0.00083598774,1
G031,G015,0.0008329659,1
G084,G004,0.00083292235,1
G004,G037,0.0008293063,1
G003,G010,0.00082290074,1
G001,G027,0.0008222864,1
G016,G040,0.0008178261,1
G040,G027,0.000817533,1
G007,G027,0.00080639834,1
G033,G016,0.00080058165,1
G090,G035,0.00079339894,1
G067,G087,0.0007920908,1
G095,G006,0.0007899049,1
G004,G018,0.00078930403,1
G081,G006,0.0007861036,1
G006,G061,0.000783365,1
G059,G042,0.0007756525,1
G063,G006,0.00076758914,1
G059,G072,0.0007656567,1
G007,G072,0.0007583753,1
G019,G096,0.0007568616,1
G060,G002,0.00075095607,1
G028,G043,0.0007491137,1
G025,G097,0.00074432447,1
G018,G006,0.00074069796,1
G095,G018,0.00073585095,1
G051,G007,0.00073225814,1
G068,G006,0.0007208598,1
G091,G058,0.0007205776,1
G019,G012,0.00070934615,1
G045,G053,0.0007092205,1
G004,G027,0.00070901343,1
G031,G053,0.0007023163,1
G027,G012,0.0007015655,1
G016,G004,0.00069839676,1
G029,G078,0.0006876604,1
G027,G033,0.0006678037,1
G019,G020,0.00063428655,1
G018,G078,0.0006155001,1
G067,G019,0.0006079522,1
G077,G007,0.00060682377,1
G001,G026,0.00060383696,1
G029,G009,0.00060315017,1
G045,G025,0.0005985702,1
G050,G030,0.0005955346,1
G007,G029,0.00059239997,1
G062,G005,0.00059054926,1
G057,G006,0.00058703864,1
G068,G016,0.0005838098,1
G100,G006,0.00058047456,1
G025,G064,0.00057428115,1
G046,G068,0.0005740124,1
G060,G005,0.0005729086,1
G045,G018,0.0005500937,1
G046,G078,0.0005496962,1
G099,G030,0.0005444331,1
G064,G098,0.0005405574,1
G090,G064,0.00053710217,1
G025,G012,0.000536267,1
G062,G006,0.0005344882,1
G043,G069,0.0005298579,1
G030,G010,0.0005290928,1
G076,G085,0.00052840466,1
G001,G029,0.000526473,1
G090,G015,0.00051903044,1
G072,G047,0.0005187767,1
G002,G033,0.0005099858,1
G094,G009,0.0005075412,1
G096,G042,0.0005052203,1
G003,G055,0.00050460425,1
G007,G015,0.0005034208,1
G015,G053,0.0004993807,1
G037,G061,0.0004973392,1
G021,G025,0.000496925,1
G017,G082,0.00049683906,1
G057,G069,0.00049630477,1
G033,G021,0.0004950227,1
G016,G068,0.0004888619,1
G086,G020,0.00048826484,1
G019,G045,0.00048680222,1
G005,G060,0.00048305854,1
G052,G078,0.0004812868,1
G029,G013,0.00047679595,1
G069,G077,0.0004752726,1
G089,G078,0.00047156552,1
G018,G002,0.00047032608,1
G089,G044,0.00046309788,1
G046,G004,0.00046267384,1
G079,G062,0.00046042257,1
G002,G058,0.00045754973,1
G073,G029,0.0004570769,1
G068,G029,0.00045636576,1
G006,G018,0.00045113408,1
G068,G008,0.00044997598,1
G044,G020,0.000447824,1
G017,G029,0.00044773222,1
G019,G018,0.00044602712,1
G073,G006,0.00044486157,1
G017,G016,0.00044036596,1
G058,G006,0.000434856,1
G025,G001,0.00043183725,1
G048,G064,0.00042735797,1
G094,G050,0.0004227681,1
G019,G075,0.00042009953,1
G083,G027,0.0004195695,1
G025,G078,0.00041869137,1
G019,G001,0.00041867647,1
G068,G062,0.00041792303,1
G096,G043,0.00041715775,1
G048,G004,0.00041671985,1
G016,G059,0.00041646886,1
G003,G020,0.00041569452,1
G088,G037,0.0004141588,1
G061,G045,0.00041403252,1
G053,G045,0.00041095127,1
G046,G029,0.00041054498,1
G092,G006,0.00040651695,1
G003,G083,0.00040619355,1
G062,G078,0.0004060718,1
G099,G020,0.0004060397,1
G021,G005,0.00040506068,1
G036,G020,0.00040496717,1
G019,G053,0.00040485387,1
G016,G051,0.00040321986,1
G037,G033,0.00040306756,1
G082,G030,0.00039306347,1
G016,G020,0.00038993743,1
G068,G043,0.00038483585,1
G016,G013,0.00038186353,1
G082,G034,0.0003814528,1
G089,G019,0.0003796557,1
G051,G029,0.00037900568,1
G027,G008,0.00037859174,1
G045,G034,0.0003761471,1
G019,G015,0.00037595571,1
G019,G059,0.0003668558,1
G017,G059,0.0003665781,1
G018,G068,0.00036631874,1
G019,G076,0.0003660841,1
G044,G065,0.00036484448,1
G011,G058,0.00036367454,1
G019,G074,0.00036251597,1
G029,G039,0.0003615116,1
G027,G006,0.00036026866,1
G016,G097,0.00035876234,1
G054,G080,0.0003587617,1
G100,G053,0.00035834883,1
G044,G093,0.00035831658,1
G062,G058,0.00035790732,1
G082,G027,0.00035633869,1
G042,G044,0.0003560167,1
G045,G059,0.0003558006,1
G054,G061,0.00035426815,1
G048,G007,0.00035388142,1
G019,G081,0.00035359326,1
G027,G026,0.00035187113,1
G047,G038,0.00035089182,1
G036,G003,0.00034924774,1
G018,G004,0.00034902157,1
G054,G059,0.00034896503,1
G089,G090,0.00034870254,1
G093,G090,0.00034760742,1
G014,G044,0.0003473731,1
G003,G001,0.0003453948,1
G019,G055,0.00034482506,1
G019,G098,0.00034297255,1
G007,G062,0.00034290936,1
G093,G019,0.00033923192,1
G001,G025,0.0003391143,1
G066,G043,0.00033902095,1
G019,G032,0.0003382814,1
G019,G070,0.00033778377,1
G043,G017,0.00033741404,1
G082,G006,0.0003360721,1
G045,G094,0.00033390772,1
G076,G089,0.00033363103,1
G054,G099,0.00033101623,1
G029,G100,0.00032972536,1
G039,G059,0.000329287,1
G048,G001,0.000328374,1
G019,G054,0.0003282851,1
G044,G029,0.0003278251,1
G090,G003,0.0003278139,1
G076,G091,0.0003274032,1
G037,G020,0.00032684373,1
G019,G065,0.00032644937,1
G009,G045,0.00032630234,1
G044,G056,0.0003262172,1
G054,G014,0.0003259307,1
G032,G003,0.000325905,1
G019,G027,0.00032522305,1
G076,G060,0.00032506062,1
G006,G034,0.00032190318,1
G090,G061,0.00032151194,1
G017,G020,0.00032139872,1
G066,G038,0.0003212714,1
G076,G044,0.0003208712,1
G052,G054,0.00032055384,1
G076,G026,0.00032025718,1
G016,G027,0.00031991175,1
G016,G065,0.0003188991,1
G049,G099,0.00031744465,1
G025,G007,0.0003171078,1
G003,G072,0.0003156361,1
G045,G091,0.0003155462,1
G019,G050,0.00031268105,1
G076,G061,0.0003125406,1
G095,G037,0.0003124389,1
G045,G021,0.00031229758,1
G068,G044,0.00031214976,1
G076,G077,0.00031196856,1
G044,G035,0.00031131835,1
G054,G022,0.00031117073,1
G045,G070,0.00031092914,1
G004,G046,0.00030982523,1
G045,G022,0.00030962558,1
G009,G044,0.0003069816,1
G054,G005,0.00030674136,1
G038,G016,0.00030629034,1
G016,G089,0.00030550009,1
G019,G005,0.00030476783,1
G045,G085,0.00030426294,1
G044,G072,0.00030408628,1
G076,G093,0.00030394012,1
G060,G022,0.00030346547,1
G047,G061,0.0003034341,1
G039,G016,0.00030318703,1
G019,G060,0.00030177901,1
G054,G085,0.0003012121,1
G039,G052,0.0003007468,1
G054,G089,0.00029988014,1
G054,G020,0.00029974862,1
G084,G017,0.00029882055,1
G057,G029,0.0002982221,1
G014,G078,0.00029781205,1
G011,G002,0.00029754563,1
G019,G068,0.00029754287,1
G084,G069,0.0002975202,1
G052,G037,0.00029749938,1
G045,G044,0.00029690002,1
G045,G029,0.000296152,1
G069,G006,0.00029574166,1
G096,G079,0.00029567978,1
G025,G100,0.00029550266,1
G019,G002,0.00029543604,1
G059,G067,0.00029541875,1
G059,G039,0.00029527262,1
G068,G065,0.00029449057,1
G079,G044,0.0002944092,1
G009,G049,0.0002935758,1
G045,G054,0.0002931589,1
G090,G089,0.00029193706,1
G054,G002,0.00029175612,1
G017,G056,0.0002905658,1
G084,G092,0.00028910092,1
G019,G071,0.00028873593,1
G007,G025,0.00028701578,1
G090,G093,0.00028700332,1
G047,G054,0.00028687704,1
G014,G045,0.00028622054,1
G054,G016,0.00028577851,1
G029,G046,0.00028463503,1
G054,G012,0.0002840212,1
G046,G070,0.00028250166,1
G090,G059,0.0002816295,1
G066,G095,0.0002813692,1
G049,G019,0.00028028685,1
G076,G059,0.00027952107,1
G009,G059,0.0002793682,1
G027,G060,0.00027855826,1
G045,G028,0.00027852884,1
G095,G067,0.0002781324,1
G007,G093,0.00027775296,1
G076,G025,0.0002776442,1
G012,G070,0.0002776267,1
G068,G018,0.00027757723,1
G054,G070,0.00027685845,1
G011,G006,0.00027431393,1
G075,G053,0.0002735909,1
G085,G029,0.00027344967,1
G043,G044,0.00027337758,1
G055,G003,0.00027292402,1
G054,G038,0.00027288977,1
G019,G051,0.00027264495,1
G012,G020,0.00027216773,1
G068,G052,0.00027186994,1
G076,G037,0.00027143286,1
G019,G046,0.00027107482,1
G012,G093,0.00027078832,1
G038,G059,0.00027059272,1
G066,G056,0.00027040765,1
G054,G053,0.0002696921,1
G027,G058,0.00026957446,1
G054,G092,0.00026849576,1
G065,G015,0.00026745713,1
G007,G001,0.00026736676,1
G054,G073,0.00026715672,1
G024,G094,0.00026592752,1
G012,G089,0.00026559265,1
G034,G009,0.0002652241,1
G067,G076,0.00026506535,1
G046,G044,0.00026494035,1
G019,G092,0.00026382817,1
G044,G040,0.00026318408,1
G019,G078,0.00026307636,1
G099,G044,0.0002628926,1
G009,G040,0.00026279406,1
G054,G027,0.00026214315,1
G019,G093,0.00026094093,1
G012,G065,0.0002607152,1
G061,G097,0.00026066985,1
G045,G040,0.0002603338,1
G077,G025,0.00026024698,1
G081,G020,0.00026013525,1
G005,G001,0.00026006368,1
G095,G059,0.0002598227,1
G045,G087,0.0002592932,1
G066,G005,0.00025910407,1
G045,G064,0.00025826044,1
G095,G049,0.00025806463,1
G054,G006,0.00025769623,1
G016,G064,0.0002575365,1
G082,G044,0.00025749774,1
G066,G054,0.00025744573,1
G085,G044,0.0002567834,1
G016,G074,0.0002566946,1
G045,G074,0.00025661266,1
G047,G043,0.00025644767,1
G027,G029,0.00025623423,1
G076,G029,0.00025586196,1
G075,G027,0.00025567552,1
G078,G093,0.00025539467,1
G064,G013,0.0002551253,1
G030,G020,0.00025503727,1
G090,G012,0.0002546507,1
G045,G036,0.000254337,1
G095,G054,0.00025413666,1
G019,G086,0.00025378016,1
G019,G091,0.00025212645,1
G045,G011,0.0002518439,1
G012,G033,0.00025158483,1
G076,G070,0.0002504706,1
G054,G017,0.00025021913,1
G019,G077,0.0002500299,1
G052,G020,0.00024990237,1
G045,G089,0.0002498281,1
G027,G086,0.00024924893,1
G090,G026,0.00024904788,1
G100,G021,0.000248988,1
G029,G007,0.00024897893,1
G029,G028,0.00024854386,1
G029,G040,0.00024852925,1
G037,G023,0.00024782427,1
G044,G013,0.00024781338,1
G076,G071,0.00024738925,1
G068,G021,0.0002473135,1
G027,G020,0.00024712243,1
G068,G046,0.00024644978,1
G019,G094,0.00024595307,1
G045,G065,0.00024566194,1
G077,G100,0.00024496258,1
G076,G088,0.00024472596,1
G048,G069,0.00024455527,1
G019,G073,0.00024453984,1
G066,G079,0.0002445144,1
G066,G085,0.00024413862,1
G076,G082,0.00024287765,1
G046,G045,0.00024268785,1
G054,G078,0.00024248874,1
G076,G080,0.00024227345,1
G079,G070,0.00024153531,1
G054,G050,0.00024101319,1
G090,G013,0.00024098238,1
G079,G088,0.0002402378,1
G043,G075,0.00023939017,1
G035,G043,0.00023924295,1
G076,G095,0.00023899862,1
G043,G045,0.00023829963,1
G078,G015,0.00023788639,1
G012,G060,0.00023783982,1
G076,G074,0.00023721973,1
G015,G083,0.00023700681,1
G064,G021,0.00023696775,1
G016,G093,0.000236412,1
G004,G020,0.00023612413,1
G019,G022,0.00023607824,1
G054,G032,0.00023594152,1
G095,G080,0.00023593706,1
G007,G052,0.00023524466,1
G045,G066,0.00023518842,1
G030,G041,0.0002349279,1
G076,G012,0.00023479159,1
G084,G006,0.00023448328,1
G095,G093,0.00023411312,1
G096,G056,0.00023387418,1
G044,G053,0.00023344306,1
G029,G059,0.00023314095,1
G095,G036,0.00023300221,1
G054,G051,0.00023272059,1
G095,G055,0.00023251046,1
G029,G064,0.00023226622,1
G068,G020,0.00023222546,1
G066,G082,0.00023167233,1
G054,G039,0.00023106489,1
G037,G053,0.00023090631,1
G068,G090,0.00023065624,1
G085,G037,0.00022994903,1
G007,G080,0.0002298922,1
G045,G099,0.00022987182,1
G044,G087,0.00022958349,1
G019,G029,0.00022946979,1
G029,G096,0.00022917782,1
G052,G011,0.0002291537,1
G054,G044,0.00022883255,1
G067,G044,0.00022837694,1
G036,G029,0.00022834644,1
G016,G080,0.00022814878,1
G062,G020,0.00022811933,1
G077,G093,0.0002280136,1
G085,G022,0.00022795468,1
G019,G083,0.0002271017,1
G045,G076,0.00022640651,1
G025,G044,0.00022590329,1
G017,G022,0.00022557833,1
G048,G028,0.00022406777,1
G017,G018,0.00022346336,1
G096,G075,0.00022339635,1
G068,G045,0.00022270584,1
G054,G067,0.00022235462,1
G013,G076,0.0002223378,1
G019,G088,0.00022229241,1
G047,G076,0.00022227158,1
G090,G094,0.00022224347,1
G043,G012,0.00022213039,1
G014,G016,0.00022184908,1
G048,G091,0.00022170131,1
G064,G051,0.00022162843,1
G056,G044,0.00021970356,1
G037,G021,0.00021966618,1
G081,G060,0.00021954857,1
G048,G081,0.00021948751,1
G046,G017,0.00021933328,1
G050,G044,0.00021861233,1
G024,G002,0.00021816364,1
G068,G024,0.00021796762,1
G052,G094,0.00021785697,1
G045,G093,0.00021765965,1
G100,G051,0.00021760077,1
G052,G012,0.00021744522,1
G027,G025,0.00021717041,1
G011,G020,0.00021706049,1
G038,G074,0.00021636169,1
G038,G020,0.00021613513,1
G061,G044,0.00021578322,1
G011,G059,0.00021562052,1
G052,G077,0.0002153673,1
G075,G029,0.00021503295,1
G076,G016,0.00021501875,1
G016,G099,0.00021428509,1
G009,G026,0.00021407577,1
G055,G053,0.00021389291,1
G037,G064,0.00021385126,1
G021,G058,0.00021344218,1
G054,G015,0.00021316412,1
G036,G012,0.00021255658,1
G056,G038,0.00021249376,1
G019,G044,0.00021185301,1
G061,G090,0.00021171436,1
G076,G045,0.00021130065,1
G019,G038,0.00021093857,1
G019,G082,0.00021069907,1
G066,G015,0.00020998574,1
G012,G087,0.00020950165,1
G078,G089,0.00020918793,1
G019,G066,0.00020867301,1
G069,G021,0.00020853464,1
G043,G087,0.00020842788,1
G027,G096,0.00020828933,1
G045,G097,0.00020828139,1
G079,G003,0.00020803761,1
G063,G078,0.00020786624,1
G095,G032,0.00020782712,1
G054,G095,0.00020764819,1
G085,G071,0.00020739254,1
G012,G015,0.00020737211,1
G019,G043,0.0002069777,1
G024,G022,0.00020695056,1
G043,G060,0.00020673237,1
G079,G049,0.00020653458,1
G016,G092,0.00020610144,1
G054,G068,0.00020601782,1
G005,G058,0.00020574871,1
G096,G022,0.00020503592,1
G044,G042,0.00020477244,1
G095,G011,0.00020452298,1
G007,G094,0.0002044753,1
G019,G058,0.0002041821,1
G076,G003,0.00020405895,1
G021,G017,0.00020334932,1
G078,G020,0.0002029466,1
G076,G069,0.00020274174,1
G004,G021,0.00020272231,1
G007,G034,0.00020268287,1
G076,G054,0.00020214875,1
G054,G091,0.00020206983,1
G096,G006,0.00020182694,1
G019,G087,0.00020166505,1
G006,G086,0.00020151676,1
G044,G094,0.00020149355,1
G027,G070,0.00020129043,1
G046,G091,0.00020121133,1
G095,G091,0.00020095601,1
G016,G063,0.00020055524,1
G079,G071,0.0002005228,1
G024,G005,0.00020024055,1
G041,G078,0.00019982507,1
G076,G021,0.0001997378,1
G076,G043,0.00019966872,1
G069,G035,0.0001995553,1
G064,G029,0.00019948772,1
G019,G011,0.00019937672,1
G019,G080,0.00019909692,1
G007,G043,0.00019906461,1
G029,G038,0.00019896925,1
G044,G034,0.0001989023,1
G063,G059,0.00019881,1
G056,G074,0.00019858731,1
G085,G099,0.00019846004,1
G016,G088,0.00019831402,1
G090,G029,0.00019824733,1
G054,G045,0.0001980383,1
G052,G091,0.00019797444,1
G034,G049,0.00019747367,1
G085,G070,0.00019745655,1
G068,G022,0.00019722786,1
G037,G088,0.00019697526,1
G095,G089,0.00019693849,1
G095,G078,0.0001966779,1
G038,G012,0.00019595782,1
G012,G051,0.00019574167,1
G096,G081,0.00019574119,1
G076,G083,0.00019566568,1
G024,G093,0.00019555796,1
G079,G073,0.00019540329,1
G076,G056,0.00019453847,1
G029,G054,0.0001942433,1
G004,G051,0.0001940211,1
G045,G069,0.00019392706,1
G009,G060,0.00019362768,1
G048,G011,0.00019336514,1
G054,G063,0.00019310042,1
G047,G055,0.00019279208,1
G017,G061,0.00019266452,1
G003,G048,0.00019256535,1
G080,G060,0.00019228534,1
G012,G059,0.00019226814,1
G056,G077,0.00019176817,1
G078,G021,0.00019162946,1
G092,G051,0.00019138484,1
G035,G078,0.00019130333,1
G045,G014,0.0001912563,1
G077,G002,0.00019104769,1
G076,G005,0.00019057187,1
G016,G087,0.0001905481,1
G056,G011,0.00019044716,1
G016,G015,0.00018984053,1
G096,G069,0.00018962589,1
G035,G022,0.00018955732,1
G029,G073,0.00018912037,1
G084,G056,0.0001883387,1
G045,G051,0.00018830026,1
G016,G021,0.00018810599,1
G096,G070,0.00018810415,1
G085,G027,0.0001878838,1
G053,G005,0.00018786438,1
G052,G059,0.00018772291,1
G045,G038,0.00018764379,1
G045,G013,0.00018757062,1
G006,G088,0.00018733158,1
G027,G065,0.00018712295,1
G066,G011,0.00018692925,1
G064,G094,0.0001868361,1
G035,G023,0.0001865939,1
G017,G093,0.00018650031,1
G038,G026,0.00018638288,1
G052,G093,0.00018591575,1
G034,G053,0.00018468041,1
G054,G043,0.00018457574,1
G092,G021,0.00018437626,1
G056,G002,0.00018425475,1
G037,G093,0.00018383715,1
G099,G034,0.00018364827,1
G002,G029,0.0001834626,1
G043,G023,0.00018319712,1
G056,G070,0.00018302634,1
G064,G026,0.00018290075,1
G024,G078,0.00018264687,1
G048,G089,0.00018259871,1
G037,G059,0.00018252736,1
G019,G039,0.00018242857,1
G079,G091,0.00018221707,1
G076,G053,0.00018198896,1
G052,G032,0.00018193894,1
G079,G093,0.00018187184,1
G038,G070,0.00018150429,1
G057,G027,0.00018148613,1
G066,G050,0.00018112225,1
G035,G075,0.00018109479,1
G016,G026,0.00018102286,1
G001,G044,0.00018091798,1
G043,G070,0.00018085743,1
G038,G089,0.00018071254,1
G014,G005,0.00018051713,1
G035,G014,0.0001803339,1
G050,G049,0.00018018411,1
G017,G089,0.0001801317,1
G043,G055,0.00018010596,1
G029,G035,0.00017954722,1
G027,G063,0.00017944451,1
G095,G012,0.0001790616,1
G014,G051,0.00017889301,1
G048,G039,0.00017882822,1
G056,G023,0.0001787258,1
G057,G017,0.00017866505,1
G044,G080,0.00017860449,1
G006,G047,0.00017832263,1
G012,G021,0.00017821784,1
G096,G030,0.00017818355,1
G037,G065,0.00017779334,1
G066,G052,0.00017764073,1
G044,G027,0.00017724515,1
G095,G045,0.0001770361,1
G090,G065,0.0001768081,1
G096,G095,0.00017644496,1
G012,G022,0.00017599323,1
G028,G048,0.00017582104,1
G004,G016,0.00017576595,1
G053,G059,0.00017556886,1
G019,G095,0.00017547765,1
G043,G078,0.00017491712,1
G044,G089,0.0001747714,1
G044,G026,0.0001747515,1
G076,G052,0.00017463353,1
G045,G015,0.0001745729,1
G084,G079,0.00017437093,1
G086,G082,0.00017434663,1
G006,G066,0.00017399166,1
G042,G065,0.00017391948,1
G054,G074,0.00017384072,1
G095,G027,0.00017357203,1
G009,G055,0.00017341475,1
G066,G022,0.00017323896,1
G045,G088,0.00017314883,1
G045,G086,0.0001728679,1
G037,G066,0.00017286642,1
G052,G014,0.00017282699,1
G056,G071,0.0001726823,1
G037,G071,0.00017247826,1
G044,G012,0.00017206414,1
G050,G051,0.00017205474,1
G009,G073,0.00017192875,1
G084,G095,0.0001718006,1
G048,G095,0.00017167832,1
G016,G003,0.00017145202,1
G068,G002,0.00017125579,1
G084,G027,0.00017122028,1
G076,G092,0.00017119263,1
G052,G080,0.00017106559,1
G015,G020,0.00017096334,1
G090,G051,0.00017082621,1
G006,G021,0.00017076098,1
G056,G073,0.00017072516,1
G019,G085,0.00017063913,1
G069,G097,0.00017039107,1
G052,G070,0.00017034549,1
G095,G046,0.0001703316,1
G066,G075,0.00017014572,1
G064,G049,0.00016996286,1
G026,G033,0.00016992677,1
G012,G030,0.00016988523,1
G045,G080,0.00016966487,1
G081,G037,0.00016926418,1
G066,G099,0.00016921437,1
G047,G044,0.0001691925,1
G045,G075,0.00016916242,1
G040,G017,0.00016866784,1
G014,G093,0.00016845504,1
G046,G027,0.00016844757,1
G027,G074,0.00016844492,1
G035,G085,0.00016844309,1
G078,G029,0.00016806282,1
G076,G063,0.00016759687,1
G076,G022,0.00016741901,1
G031,G032,0.00016711018,1
G011,G005,0.00016692487,1
G076,G030,0.00016664078,1
G054,G003,0.00016650895,1
G081,G053,0.00016649057,1
G066,G049,0.00016638958,1
G076,G073,0.00016628952,1
G081,G087,0.00016609035,1
G046,G054,0.00016594185,1
G044,G051,0.00016583089,1
G066,G063,0.00016561676,1
G087,G054,0.00016558084,1
G090,G057,0.00016526165,1
G006,G074,0.00016525557,1
G007,G088,0.00016514487,1
G044,G041,0.00016507474,1
G056,G099,0.0001648334,1
G038,G085,0.00016462913,1
G038,G003,0.00016462109,1
G075,G003,0.00016449652,1
G044,G088,0.00016436262,1
G036,G059,0.0001642344,1
G079,G099,0.00016373074,1
G024,G049,0.00016353962,1
G037,G091,0.00016348159,1
G078,G047,0.00016347884,1
G068,G095,0.00016306654,1
G002,G024,0.00016276316,1
G076,G011,0.00016272237,1
G029,G097,0.0001626121,1
G037,G008,0.00016225215,1
G029,G005,0.00016222024,1
G048,G026,0.00016210385,1
G029,G053,0.00016184855,1
G038,G093,0.00016168291,1
G064,G060,0.00016151172,1
G016,G078,0.00016143512,1
G076,G062,0.00016128417,1
G014,G070,0.00016112722,1
G096,G061,0.00016107057,1
G052,G008,0.00016090518,1
G090,G087,0.00016055748,1
G030,G053,0.00016034469,1
G054,G064,0.0001601311,1
G016,G094,0.00015998587,1
G100,G098,0.00015987403,1
G056,G030,0.00015982748,1
G054,G023,0.00015961366,1
G029,G092,0.00015953695,1
G064,G087,0.00015941632,1
G053,G078,0.00015917355,1
G016,G058,0.00015912084,1
G045,G041,0.00015907247,1
G017,G086,0.00015850367,1
G057,G092,0.00015830924,1
G052,G092,0.00015809758,1
G050,G053,0.00015754851,1
G019,G089,0.00015741681,1
G075,G051,0.00015716006,1
G019,G052,0.0001570289,1
G027,G080,0.00015628888,1
G068,G071,0.00015616996,1
G020,G030,0.00015608856,1
G064,G037,0.00015599394,1
G029,G011,0.00015596043,1
G039,G029,0.00015559857,1
G077,G064,0.00015557319,1
G038,G015,0.0001555531,1
G079,G043,0.00015545552,1
G076,G027,0.00015469144,1
G093,G044,0.00015438926,1
G052,G074,0.00015430701,1
G076,G068,0.00015430035,1
G066,G094,0.0001542574,1
G006,G053,0.00015424883,1
G079,G012,0.0001542314,1
G035,G099,0.00015419009,1
G064,G080,0.00015381357,1
G024,G027,0.00015377988,1
G096,G083,0.00015368561,1
G043,G083,0.00015333404,1
G056,G068,0.00015315224,1
G081,G025,0.00015309958,1
G063,G005,0.00015308723,1
G075,G022,0.00015306279,1
G011,G060,0.00015300424,1
G087,G027,0.00015228394,1
G039,G015,0.00015226447,1
G066,G089,0.00015222252,1
G067,G018,0.00015219518,1
G014,G063,0.0001521383,1
G096,G094,0.00015176699,1
G012,G071,0.0001517382,1
G097,G021,0.00015158628,1
G014,G017,0.00015139392,1
G046,G039,0.0001513634,1
G048,G008,0.00015135005,1
G045,G037,0.00015133855,1
G079,G011,0.00015124783,1
G054,G036,0.00015111837,1
G037,G029,0.00015101269,1
G045,G030,0.00015088779,1
G058,G022,0.00015079949,1
G096,G077,0.0001507458,1
G054,G021,0.00015070161,1
G087,G022,0.00015067322,1
G009,G008,0.00015040455,1
G043,G095,0.00015026312,1
G042,G068,0.00015021517,1
G048,G059,0.00015016252,1
G053,G037,0.00014997751,1
G047,G027,0.00014992601,1
G079,G039,0.00014990877,1
G019,G030,0.00014985168,1
G006,G049,0.00014970158,1
G022,G058,0.00014945207,1
G024,G053,0.00014910237,1
G037,G049,0.00014905527,1
G044,G060,0.00014904811,1
G037,G094,0.00014900339,1
G056,G042,0.00014886614,1
G095,G044,0.00014857455,1
G024,G018,0.00014848268,1
G037,G089,0.00014841465,1
G046,G002,0.00014830577,1
G007,G013,0.00014824078,1
G064,G093,0.00014816811,1
G090,G083,0.000148148,1
G029,G019,0.00014803861,1
G085,G059,0.0001479349,1
G016,G030,0.0001478931,1
G054,G065,0.00014782077,1
G064,G063,0.0001477362,1
G076,G002,0.00014767662,1
G054,G037,0.00014754909,1
G016,G011,0.00014732555,1
G005,G016,0.00014713508,1
G085,G017,0.00014711013,1
G016,G048,0.00014696522,1
G019,G048,0.00014684998,1
G050,G012,0.0001466623,1
G056,G026,0.00014655339,1
G035,G018,0.00014647597,1
G050,G059,0.00014641725,1
G063,G055,0.00014625081,1
G058,G008,0.00014615321,1
G045,G060,0.0001461063,1
G044,G049,0.00014599641,1
G094,G019,0.000145915,1
G043,G037,0.000145871,1
G054,G030,0.0001457518,1
G006,G096,0.00014558525,1
G047,G029,0.00014541853,1
G079,G026,0.00014534542,1
G047,G011,0.00014527794,1
G001,G048,0.000145047,1
G063,G070,0.00014491689,1
G080,G030,0.00014491375,1
G044,G001,0.00014489051,1
G076,G008,0.00014481644,1
G067,G045,0.000144799,1
G047,G032,0.00014454588,1
G037,G015,0.00014453907,1
G006,G058,0.00014438163,1
G006,G080,0.00014360399,1
G056,G018,0.00014357922,1
G046,G064,0.00014352854,1
G068,G097,0.0001435225,1
G035,G079,0.0001435018,1
G077,G089,0.00014344417,1
G096,G038,0.00014344118,1
G056,G049,0.0001433374,1
G081,G088,0.00014333404,1
G100,G027,0.00014317308,1
G016,G054,0.00014312805,1
G081,G044,0.0001430947,1
G086,G075,0.0001430284,1
G014,G050,0.00014298868,1
G095,G005,0.00014259569,1
G066,G087,0.00014246561,1
G025,G083,0.00014243826,1
G040,G012,0.00014243549,1
G004,G084,0.00014237718,1
G056,G054,0.00014230593,1
G044,G058,0.00014228048,1
G096,G052,0.00014221668,1
G019,G028,0.00014220386,1
G043,G003,0.00014205897,1
G025,G038,0.00014194976,1
G029,G098,0.00014161787,1
G096,G046,0.00014161045,1
G092,G018,0.00014146954,1
G003,G041,0.00014135266,1
G087,G068,0.00014115524,1
G040,G044,0.00014106283,1
G096,G092,0.00014069122,1
G091,G006,0.00014046773,1
G054,G018,0.00014045363,1
G085,G074,0.00014040078,1
G064,G004,0.0001402611,1
G012,G023,0.0001401873,1
G057,G071,0.00014014861,1
G057,G044,0.00014013362,1
G001,G046,0.00014011691,1
G019,G069,0.00014009787,1
G034,G074,0.00013967801,1
G096,G016,0.00013966624,1
G095,G053,0.00013953228,1
G027,G088,0.00013910022,1
G027,G092,0.00013893985,1
G064,G073,0.00013891757,1
G043,G052,0.00013887585,1
G035,G094,0.00013832329,1
G012,G014,0.0001377626,1
G087,G059,0.00013773744,1
G021,G060,0.00013773651,1
G016,G071,0.000137722,1
G066,G081,0.00013769422,1
G035,G029,0.00013764302,1
G016,G023,0.00013732488,1
G061,G016,0.00013724582,1
G056,G050,0.00013719591,1
G081,G073,0.00013704097,1
G016,G034,0.00013673051,1
G054,G071,0.00013644251,1
G052,G067,0.00013631792,1
G035,G056,0.00013625195,1
G029,G032,0.00013613074,1
G066,G064,0.00013561791,1
G094,G099,0.00013560237,1
G048,G092,0.00013537801,1
G064,G091,0.00013532855,1
G034,G020,0.00013514952,1
G054,G060,0.00013491098,1
G030,G090,0.00013490698,1
G019,G023,0.00013483445,1
G012,G064,0.00013456885,1
G090,G072,0.00013403081,1
G054,G034,0.00013397998,1
G044,G030,0.00013390493,1
G025,G050,0.00013371804,1
G017,G014,0.00013357704,1
G100,G097,0.00013351804,1
G047,G046,0.00013328283,1
G076,G081,0.00013309561,1
G034,G012,0.00013289817,1
G054,G029,0.0001327847,1
G084,G085,0.00013276823,1
G095,G073,0.00013276446,1
G056,G058,0.00013267495,1
G056,G087,0.00013253471,1
G014,G071,0.0001324046,1
G090,G058,0.00013206975,1
G029,G070,0.0001319407,1
G067,G011,0.00013192694,1
G081,G036,0.00013192555,1
G056,G088,0.00013191388,1
G091,G020,0.00013187101,1
G090,G070,0.0001316435,1
G038,G036,0.00013156238,1
G040,G029,0.00013154958,1
G052,G088,0.00013149544,1
G002,G020,0.00013148654,1
G044,G096,0.0001311942,1
G027,G072,0.00013106536,1
G079,G045,0.00013087617,1
G012,G083,0.00013072058,1
G006,G070,0.00013050412,1
G037,G025,0.00013045565,1
G075,G087,0.00013037876,1
G053,G011,0.00013023264,1
G068,G087,0.00013023207,1
G092,G002,0.0001301022,1
G084,G026,0.0001300914,1
G037,G060,0.0001298378,1
G071,G006,0.0001297346,1
G048,G049,0.00012970429,1
G046,G059,0.0001296067,1
G016,G091,0.000129517,1
G095,G092,0.00012947325,1
G048,G006,0.00012943624,1
G058,G043,0.00012942337,1
G048,G094,0.00012940243,1
G027,G066,0.00012932807,1
G016,G022,0.00012921696,1
G043,G050,0.00012913722,1
G014,G021,0.00012909046,1
G043,G032,0.00012907894,1
G024,G014,0.00012875609,1
G044,G005,0.00012874152,1
G056,G005,0.00012870251,1
G054,G011,0.00012840873,1
G069,G003,0.00012837532,1
G046,G009,0.00012837352,1
G003,G044,0.00012836391,1
G003,G089,0.00012836156,1
G085,G078,0.00012833466,1
G081,G055,0.00012823426,1
G019,G063,0.0001281835,1
G075,G005,0.00012812503,1
G046,G093,0.00012812256,1
G068,G053,0.00012808589,1
G045,G073,0.00012800796,1
G016,G056,0.00012797792,1
G015,G008,0.00012794093,1
G014,G073,0.00012775366,1
G076,G038,0.00012768147,1
G050,G014,0.00012767073,1
G025,G061,0.0001274604,1
G043,G088,0.0001273701,1
G012,G013,0.00012713393,1
G085,G073,0.00012698046,1
G076,G098,0.00012683109,1
G082,G017,0.00012682383,1
G016,G060,0.00012672303,1
G001,G038,0.00012664478,1
G066,G046,0.0001265616,1
G100,G077,0.00012628782,1
G009,G068,0.00012625536,1
G016,G039,0.00012597855,1
G037,G063,0.00012582433,1
G037,G011,0.0001256933,1
G003,G097,0.00012530864,1
G094,G030,0.00012528885,1
G072,G033,0.00012523882,1
G081,G074,0.00012519116,1
G085,G055,0.00012513497,1
G057,G004,0.00012496665,1
G052,G027,0.00012496121,1
G037,G030,0.00012479453,1
G100,G060,0.00012469743,1
G037,G069,0.00012456653,1
G082,G018,0.00012455793,1
G069,G051,0.00012443954,1
G015,G018,0.00012398427,1
G041,G067,0.00012383156,1
G006,G054,0.00012366779,1
G081,G046,0.00012365398,1
G068,G080,0.00012353866,1
G081,G070,0.00012352265,1
G050,G002,0.00012346463,1
G045,G047,0.00012339608,1
G001,G018,0.00012336075,1
G014,G099,0.00012330862,1
G045,G056,0.00012305872,1
G067,G092,0.00012289495,1
G066,G044,0.0001228428,1
G046,G049,0.00012275127,1
G086,G081,0.00012248773,1
G043,G064,0.00012248129,1
G096,G025,0.00012236326,1
G077,G095,0.00012234916,1
G090,G022,0.00012220451,1
G050,G093,0.00012209584,1
G078,G061,0.0001220915,1
G092,G023,0.00012207289,1
G006,G022,0.00012190015,1
G014,G029,0.00012175197,1
G084,G021,0.00012173145,1
G024,G046,0.000121394085,1
G048,G002,0.000121377954,1
G076,G015,0.00012135156,1
G027,G051,0.000121279576,1
G095,G022,0.00012124973,1
G052,G021,0.00012100396,1
G064,G044,0.00012097982,1
G006,G091,0.00012086911,1
G048,G088,0.00012079623,1
G035,G077,0.00012077768,1
G044,G037,0.00012073944,1
G079,G037,0.00012051176,1
G016,G077,0.00012042382,1
G046,G071,0.00012024523,1
G053,G071,0.00012002723,1
G012,G075,0.00012001852,1
G079,G059,0.00011959958,1
G006,G071,0.000119448785,1
G077,G005,0.000119376185,1
G048,G033,0.00011937348,1
G048,G027,0.0001192714,1
G018,G027,0.00011910296,1
G081,G049,0.00011896941,1
G096,G071,0.0001189533,1
G090,G018,0.00011888632,1
G029,G066,0.00011884551,1
G027,G045,0.00011875805,1
G016,G086,0.00011875573,1
G030,G028,0.00011852462,1
G056,G047,0.00011849108,1
G034,G093,0.00011841052,1
G068,G059,0.0001183064,1
G052,G025,0.000117866985,1
G012,G055,0.000117742355,1
G044,G047,0.00011764368,1
G006,G085,0.00011762635,1
G024,G070,0.0001174389,1
G061,G056,0.000117422474,1
G047,G064,0.000117385716,1
G099,G098,0.00011714524,1
G001,G022,0.00011711719,1
G027,G077,0.000116863484,1
G081,G018,0.000116674426,1
G015,G004,0.00011661511,1
G068,G003,0.0001165706,1
G078,G005,0.00011630985,1
G040,G020,0.00011622309,1
G031,G020,0.00011561122,1
G056,G067,0.000115565614,1
G100,G044,0.000115433504,1
G037,G067,0.00011538423,1
G037,G001,0.00011527614,1
G018,G014,0.000115252544,1
G050,G083,0.0001152327,1
G036,G083,0.0001152159,1
G100,G084,0.00011507877,1
G064,G011,0.00011506844,1
G008,G058,0.00011499166,1
G029,G058,0.00011492399,1
G006,G060,0.00011490439,1
G054,G047,0.000114718365,1
G100,G037,0.000114707145,1
G069,G046,0.00011468926,1
G096,G050,0.00011468175,1
G081,G004,0.00011466314,1
G025,G073,0.00011458537,1
G085,G014,0.00011448698,1
G017,G080,0.000114383394,1
G067,G053,0.00011421552,1
G012,G095,0.000114121,1
G038,G087,0.00011366041,1
G003,G061,0.00011307975,1
G024,G054,0.00011307904,1
G079,G068,0.00011307486,1
G056,G014,0.00011295045,1
G081,G005,0.00011285529,1
G012,G005,0.000112847854,1
G037,G056,0.00011276496,1
G016,G070,0.000112744136,1
G035,G036,0.00011271117,1
G075,G049,0.000112505564,1
G077,G070,0.00011235245,1
G077,G018,0.00011222782,1
G094,G017,0.000112149566,1
G017,G011,0.00011202166,1
G084,G002,0.00011200839,1
G094,G073,0.00011162257,1
G044,G083,0.00011159022,1
G079,G038,0.00011140636,1
G035,G009,0.00011138822,1
G094,G039,0.00011103616,1
G085,G006,0.00011090794,1
G077,G073,0.00011084671,1
G090,G073,0.000110619956,1
G100,G054,0.00011055061,1
G037,G051,0.00011032413,1
G035,G011,0.000110106936,1
G084,G081,0.00011008162,1
G035,G070,0.000109958586,1
G076,G032,0.00010991835,1
G024,G037,0.00010947375,1
G063,G014,0.00010936831,1
G043,G014,0.000109191955,1
G014,G028,0.000109076056,1
G056,G078,0.000109074244,1
G022,G001,0.00010902404,1
G092,G070,0.00010886213,1
G012,G085,0.00010884883,1
G088,G006,0.00010854213,1
G002,G086,0.00010839088,1
G075,G060,0.000108332686,1
G079,G087,0.000108022614,1
G078,G060,0.00010785068,1
G041,G061,0.0001078163,1
G046,G053,0.000107668326,1
G037,G034,0.0001076061,1
G067,G099,0.00010748346,1
G031,G078,0.000107257576,1
G056,G093,0.00010720343,1
G090,G054,0.00010715011,1
G048,G044,0.00010692742,1
G052,G089,0.00010689076,1
G029,G055,0.00010687622,1
G090,G095,0.000106856045,1
G096,G085,0.00010675082,1
G008,G097,0.0001066814,1
G050,G022,0.00010666054,1
G044,G018,0.000106550055,1
G045,G027,0.000106506726,1
G035,G053,0.000106253814,1
G050,G089,0.00010607584,1
G061,G020,0.00010599046,1
G043,G049,0.00010594837,1
G087,G044,0.00010588395,1
G090,G085,0.000105619845,1
G009,G037,0.00010551609,1
G014,G026,0.000105226936,1
G058,G015,0.0001051713,1
G084,G045,0.00010510826,1
G037,G047,0.00010492099,1
G095,G071,0.0001048767,1
G052,G047,0.000104745435,1
G029,G067,0.00010465992,1
G097,G029,0.000104488245,1
G044,G070,0.000104483996,1
G016,G073,0.000104370374,1
G035,G052,0.00010433254,1
G076,G055,0.00010427742,1
G052,G009,0.000104256105,1
G003,G049,0.00010425196,1
G078,G096,0.00010425104,1
G082,G029,0.00010419828,1
G081,G083,0.00010412664,1
G045,G100,0.000104068655,1
G066,G045,0.00010394475,1
G038,G053,0.00010386905,1
G013,G079,0.000103818726,1
G044,G073,0.00010381505,1
G081,G058,0.00010380492,1
G092,G050,0.000103663784,1
G061,G017,0.00010356477,1
G056,G037,0.00010304602,1
G095,G009,0.000102819926,1
G074,G016,0.000102715974,1
G043,G073,0.000102627564,1
G018,G074,0.00010261624,1
G039,G045,0.00010255544,1
G050,G087,0.00010230602,1
G009,G021,0.00010227513,1
G076,G023,0.00010224351,1
G014,G060,0.0001021312,1
G024,G051,0.00010208335,1
G100,G063,0.000102052014,1
G079,G089,0.00010189155,1
G084,G082,0.00010152221,1
G027,G042,0.000101442754,1
G035,G080,0.00010118639,1
G094,G034,0.00010111805,1
G007,G095,0.00010098956,1
G022,G060,0.000100889396,1
G046,G088,0.00010069438,1
G088,G044,0.000100528654,1
G079,G078,0.000100493126,1
G025,G018,0.000100457386,1
G024,G089,0.000100418576,1
G014,G009,0.000100367455,1
G068,G055,0.00010012804,1
G017,G012,9.996426e-05,1
G043,G039,9.993634e-05,1
G068,G028,9.9893114e-05,1
G037,G073,9.9860095e-05,1
G067,G078,9.982422e-05,1
G054,G087,9.975988e-05,1
G095,G056,9.9734374e-05,1
G052,G053,9.972154e-05,1
G052,G049,9.9697005e-05,1
G078,G062,9.941441e-05,1
G075,G038,9.915109e-05,1
G008,G045,9.908013e-05,1
G035,G074,9.890331e-05,1
G079,G030,9.8830234e-05,1
G019,G017,9.8567514e-05,1
G064,G015,9.82861e-05,1
G045,G077,9.816356e-05,1
G035,G092,9.815524e-05,1
G014,G054,9.8088516e-05,1
G095,G094,9.791723e-05,1
G074,G021,9.787531e-05,1
G001,G090,9.763051e-05,1
G084,G071,9.7530756e-05,1
G057,G045,9.7498094e-05,1
G045,G020,9.7356395e-05,1
G003,G059,9.720917e-05,1
G059,G073,9.7153206e-05,1
G079,G054,9.704494e-05,1
G076,G033,9.700027e-05,1
G046,G073,9.696955e-05,1
G002,G021,9.694876e-05,1
G081,G045,9.649355e-05,1
G006,G004,9.636812e-05,1
G012,G018,9.635157e-05,1
G034,G059,9.611607e-05,1
G052,G099,9.6011994e-05,1
G076,G051,9.598732e-05,1
G047,G022,9.594105e-05,1
G076,G075,9.5849864e-05,1
G095,G098,9.580423e-05,1
G038,G083,9.572556e-05,1
G017,G071,9.561464e-05,1
G016,G098,9.5532705e-05,1
G004,G048,9.537564e-05,1
G054,G075,9.523621e-05,1
G031,G080,9.480567e-05,1
G029,G049,9.460732e-05,1
G075,G002,9.443261e-05,1
G100,G003,9.4423274e-05,1
G017,G049,9.433552e-05,1
G027,G097,9.425221e-05,1
G066,G034,9.412634e-05,1
G037,G077,9.4121584e-05,1
G078,G059,9.409113e-05,1
G046,G011,9.384184e-05,1
G048,G087,9.3832496e-05,1
G079,G074,9.37321e-05,1
G084,G022,9.3716946e-05,1
G081,G099,9.3676754e-05,1
G075,G093,9.365931e-05,1
G040,G059,9.356358e-05,1
G035,G068,9.3538736e-05,1
G016,G082,9.341624e-05,1
G092,G059,9.3366514e-05,1
G066,G067,9.3242656e-05,1
G096,G024,9.294409e-05,1
G037,G100,9.2926195e-05,1
G056,G065,9.2922994e-05,1
G052,G064,9.272234e-05,1
G056,G025,9.2672766e-05,1
G012,G098,9.235955e-05,1
G055,G020,9.207695e-05,1
G048,G068,9.2069495e-05,1
G061,G012,9.2053335e-05,1
G077,G030,9.2017595e-05,1
G031,G050,9.191737e-05,1
G081,G059,9.18289e-05,1
G007,G079,9.175518e-05,1
G066,G030,9.172789e-05,1
G038,G027,9.160104e-05,1
G061,G022,9.1504924e-05,1
G048,G009,9.138292e-05,1
G056,G098,9.1190544e-05,1
G092,G029,9.111149e-05,1
G026,G044,9.104956e-05,1
G029,G036,9.1003974e-05,1
G012,G029,9.094389e-05,1
G055,G012,9.0788126e-05,1
G019,G014,9.073927e-05,1
G015,G046,9.0521535e-05,1
G044,G008,9.043556e-05,1
G094,G071,9.019031e-05,1
G075,G034,9.009658e-05,1
G095,G050,9.0070294e-05,1
G001,G086,8.992594e-05,1
G096,G053,8.979695e-05,1
G068,G027,8.975035e-05,1
G081,G064,8.972703e-05,1
G066,G069,8.9649184e-05,1
G081,G029,8.963711e-05,1
G013,G043,8.9375855e-05,1
G016,G075,8.88381e-05,1
G020,G002,8.864506e-05,1
G045,G048,8.848443e-05,1
G060,G027,8.8448134e-05,1
G095,G051,8.840002e-05,1
G037,G082,8.839159e-05,1
G035,G032,8.8381246e-05,1
G085,G067,8.832198e-05,1
G017,G055,8.8275e-05,1
G056,G039,8.82561e-05,1
G094,G003,8.822568e-05,1
G096,G054,8.814851e-05,1
G090,G062,8.814273e-05,1
G085,G060,8.8121626e-05,1
G042,G020,8.8099885e-05,1
G084,G044,8.807286e-05,1
G095,G070,8.7555156e-05,1
G056,G066,8.750594e-05,1
G077,G054,8.739086e-05,1
G056,G022,8.738905e-05,1
G029,G008,8.738304e-05,1
G096,G034,8.726454e-05,1
G075,G037,8.725124e-05,1
G012,G094,8.722504e-05,1
G034,G070,8.709673e-05,1
G095,G004,8.706117e-05,1
G066,G068,8.704912e-05,1
G082,G022,8.680304e-05,1
G079,G050,8.674318e-05,1
G015,G072,8.666439e-05,1
G075,G089,8.638122e-05,1
G095,G088,8.6179774e-05,1
G092,G026,8.5858104e-05,1
G092,G053,8.577321e-05,1
G081,G027,8.56703e-05,1
G055,G070,8.5664935e-05,1
G015,G034,8.5611595e-05,1
G029,G090,8.53534e-05,1
G085,G092,8.529312e-05,1
G054,G026,8.524025e-05,1
G059,G019,8.5170286e-05,1
G078,G051,8.514424e-05,1
G092,G080,8.512489e-05,1
G044,G074,8.49524e-05,1
G050,G033,8.492097e-05,1
G087,G060,8.482823e-05,1
G055,G027,8.460438e-05,1
G052,G083,8.457183e-05,1
G064,G053,8.4383784e-05,1
G078,G094,8.423802e-05,1
G048,G078,8.423407e-05,1
G025,G060,8.4180254e-05,1
G046,G023,8.402473e-05,1
G033,G044,8.390779e-05,1
G041,G053,8.367436e-05,1
G087,G016,8.366368e-05,1
G012,G069,8.3654944e-05,1
G048,G047,8.3640974e-05,1
G085,G018,8.3527964e-05,1
G078,G052,8.347833e-05,1
G062,G039,8.34568e-05,1
G043,G065,8.323077e-05,1
G063,G074,8.307829e-05,1
G056,G016,8.304168e-05,1
G056,G051,8.293915e-05,1
G035,G063,8.283302e-05,1
G078,G095,8.2763574e-05,1
G025,G069,8.2702165e-05,1
G029,G091,8.2701794e-05,1
G066,G016,8.269667e-05,1
G064,G065,8.265994e-05,1
G028,G078,8.25935e-05,1
G043,G092,8.256971e-05,1
G018,G067,8.243673e-05,1
G095,G074,8.236897e-05,1
G059,G027,8.2272825e-05,1
G017,G087,8.226387e-05,1
G025,G035,8.182138e-05,1
G038,G050,8.17866e-05,1
G035,G082,8.173463e-05,1
G066,G023,8.173285e-05,1
G053,G021,8.1718805e-05,1
G050,G016,8.137554e-05,1
G064,G023,8.134501e-05,1
G100,G059,8.129025e-05,1
G081,G091,8.121473e-05,1
G095,G016,8.120296e-05,1
G072,G089,8.114881e-05,1
G056,G060,8.1144215e-05,1
G048,G022,8.111612e-05,1
G027,G073,8.0746344e-05,1
G011,G073,8.072355e-05,1
G029,G087,8.068364e-05,1
G052,G050,8.05604e-05,1
G017,G003,8.039621e-05,1
G031,G070,8.0344646e-05,1
G005,G020,8.032576e-05,1
G092,G035,8.0325284e-05,1
G078,G027,8.031432e-05,1
G029,G083,8.027914e-05,1
G061,G098,7.9907935e-05,1
G076,G020,7.988679e-05,1
G090,G066,7.987704e-05,1
G063,G068,7.9856996e-05,1
G063,G022,7.98046e-05,1
G056,G059,7.966744e-05,1
G003,G026,7.96432e-05,1
G007,G076,7.9398356e-05,1
G095,G065,7.9348916e-05,1
G012,G099,7.929171e-05,1
G006,G011,7.927873e-05,1
G014,G049,7.9177655e-05,1
G075,G039,7.908766e-05,1
G047,G070,7.90195e-05,1
G081,G016,7.894388e-05,1
G094,G067,7.893846e-05,1
G037,G027,7.893244e-05,1
G016,G076,7.887953e-05,1
G056,G036,7.883011e-05,1
G095,G083,7.8825724e-05,1
G078,G016,7.877489e-05,1
G075,G078,7.865275e-05,1
G050,G060,7.8590005e-05,1
G007,G053,7.841462e-05,1
G003,G068,7.826331e-05,1
G068,G054,7.820844e-05,1
G064,G055,7.816388e-05,1
G087,G036,7.8151366e-05,1
G003,G031,7.801218e-05,1
G038,G071,7.780745e-05,1
G024,G077,7.778456e-05,1
G066,G077,7.777025e-05,1
G061,G060,7.772457e-05,1
G054,G083,7.7712364e-05,1
G047,G059,7.7636396e-05,1
G054,G066,7.760776e-05,1
G035,G050,7.7553435e-05,1
G004,G078,7.749503e-05,1
G094,G024,7.7469376e-05,1
G029,G071,7.742797e-05,1
G006,G048,7.74232e-05,1
G077,G029,7.728933e-05,1
G035,G065,7.714127e-05,1
G043,G091,7.71049e-05,1
G063,G012,7.706191e-05,1
G025,G068,7.702142e-05,1
G066,G092,7.6895536e-05,1
G058,G021,7.680294e-05,1
G043,G011,7.671943e-05,1
G012,G044,7.6636e-05,1
G037,G058,7.651515e-05,1
G069,G067,7.650896e-05,1
G065,G029,7.644525e-05,1
G042,G083,7.6320386e-05,1
G057,G035,7.609641e-05,1
G037,G095,7.60837e-05,1
G095,G017,7.6065444e-05,1
G002,G065,7.6056145e-05,1
G066,G032,7.600352e-05,1
G064,G032,7.59555e-05,1
G094,G074,7.593603e-05,1
G100,G015,7.5700664e-05,1
G081,G033,7.5588076e-05,1
G096,G015,7.5415504e-05,1
G079,G029,7.5157426e-05,1
G066,G021,7.510838e-05,1
G053,G068,7.506846e-05,1
G100,G029,7.4958676e-05,1
G003,G073,7.491554e-05,1
G014,G059,7.467475e-05,1
G008,G086,7.464879e-05,1
G087,G037,7.45976e-05,1
G100,G078,7.457137e-05,1
G017,G074,7.446497e-05,1
G029,G042,7.439147e-05,1
G094,G027,7.436676e-05,1
G081,G008,7.426424e-05,1
G084,G028,7.422464e-05,1
G016,G005,7.419988e-05,1
G012,G017,7.419575e-05,1
G029,G074,7.419347e-05,1
G015,G033,7.415561e-05,1
G092,G065,7.399688e-05,1
G064,G036,7.3962416e-05,1
G064,G084,7.3873794e-05,1
G095,G060,7.3843235e-05,1
G046,G080,7.3766525e-05,1
G086,G035,7.3765565e-05,1
G096,G055,7.3682975e-05,1
G092,G046,7.361669e-05,1
G081,G050,7.339877e-05,1
G022,G024,7.33003e-05,1
G092,G066,7.318827e-05,1
G027,G055,7.318176e-05,1
G059,G040,7.3112365e-05,1
G075,G026,7.3011746e-05,1
G054,G008,7.290551e-05,1
G027,G061,7.2891016e-05,1
G012,G084,7.276536e-05,1
G075,G058,7.257849e-05,1
G045,G092,7.229619e-05,1
G035,G046,7.221375e-05,1
G084,G068,7.216775e-05,1
G046,G067,7.214923e-05,1
G090,G069,7.199347e-05,1
G096,G018,7.1993156e-05,1
G054,G055,7.184647e-05,1
G081,G066,7.167866e-05,1
G006,G023,7.167277e-05,1
G014,G037,7.154167e-05,1
G048,G023,7.149475e-05,1
G047,G036,7.1466995e-05,1
G096,G011,7.145503e-05,1
G045,G098,7.1428454e-05,1
G014,G095,7.1277755e-05,1
G081,G067,7.119609e-05,1
G079,G005,7.117813e-05,1
G069,G055,7.1131886e-05,1
G066,G029,7.109207e-05,1
G019,G056,7.106261e-05,1
G071,G044,7.104784e-05,1
G043,G084,7.101572e-05,1
G019,G047,7.09249e-05,1
G079,G022,7.08399e-05,1
G079,G055,7.0362024e-05,1
G045,G082,7.03584e-05,1
G064,G045,7.025511e-05,1
G035,G087,7.025296e-05,1
G061,G027,7.025038e-05,1
G066,G073,7.015282e-05,1
G075,G063,7.0145776e-05,1
G045,G024,7.012354e-05,1
G035,G059,7.007881e-05,1
G056,G089,6.996673e-05,1
G078,G022,6.996308e-05,1
G076,G014,6.99521e-05,1
G042,G045,6.9878e-05,1
G062,G097,6.986995e-05,1
G061,G058,6.9702546e-05,1
G085,G023,6.9624024e-05,1
G048,G005,6.94942e-05,1
G006,G056,6.938611e-05,1
G098,G006,6.937852e-05,1
G053,G016,6.9316644e-05,1
G054,G093,6.9240465e-05,1
G008,G017,6.9229485e-05,1
G014,G032,6.922565e-05,1
G052,G060,6.9179325e-05,1
G009,G078,6.916045e-05,1
G068,G093,6.893858e-05,1
G029,G047,6.884483e-05,1
G029,G081,6.873438e-05,1
G075,G074,6.872321e-05,1
G092,G074,6.849879e-05,1
G090,G005,6.831675e-05,1
G029,G075,6.826068e-05,1
G035,G047,6.816017e-05,1
G078,G083,6.8103756e-05,1
G019,G040,6.798025e-05,1
G090,G027,6.7891844e-05,1
G068,G073,6.773669e-05,1
G026,G059,6.7592126e-05,1
G057,G021,6.752454e-05,1
G052,G036,6.7477566e-05,1
G024,G039,6.743822e-05,1
G081,G092,6.742879e-05,1
G085,G021,6.742609e-05,1
G087,G070,6.741801e-05,1
G037,G048,6.738015e-05,1
G040,G018,6.7351946e-05,1
G044,G076,6.723301e-05,1
G037,G024,6.701331e-05,1
G092,G036,6.686817e-05,1
G024,G065,6.675115e-05,1
G014,G055,6.6729444e-05,1
G052,G030,6.672206e-05,1
G092,G045,6.671378e-05,1
G063,G027,6.6602064e-05,1
G090,G068,6.639535e-05,1
G001,G015,6.630759e-05,1
G044,G066,6.614348e-05,1
G017,G094,6.610832e-05,1
G067,G097,6.60825e-05,1
G019,G008,6.608084e-05,1
G035,G073,6.606874e-05,1
G015,G073,6.59525e-05,1
G080,G029,6.594407e-05,1
G052,G066,6.585693e-05,1
G067,G073,6.585156e-05,1
G035,G089,6.581395e-05,1
G094,G005,6.568594e-05,1
G094,G032,6.568518e-05,1
G092,G058,6.5660184e-05,1
G028,G029,6.564901e-05,1
G064,G005,6.5596476e-05,1
G076,G034,6.550805e-05,1
G029,G056,6.534924e-05,1
G009,G017,6.530728e-05,1
G013,G036,6.525586e-05,1
G035,G064,6.518896e-05,1
G009,G016,6.478293e-05,1
G081,G012,6.4739404e-05,1
G027,G071,6.4701904e-05,1
G061,G005,6.468891e-05,1
G050,G045,6.468603e-05,1
G025,G095,6.467574e-05,1
G056,G055,6.466579e-05,1
G014,G064,6.4608976e-05,1
G043,G024,6.459779e-05,1
G064,G054,6.446836e-05,1
G064,G014,6.441131e-05,1
G047,G067,6.4336804e-05,1
G063,G073,6.4246e-05,1
G076,G024,6.413936e-05,1
G064,G017,6.412695e-05,1
G095,G003,6.408929e-05,1
G092,G025,6.399831e-05,1
G062,G053,6.386493e-05,1
G084,G094,6.3820786e-05,1
G050,G078,6.381733e-05,1
G071,G020,6.3741085e-05,1
G024,G056,6.357875e-05,1
G037,G070,6.3565254e-05,1
G096,G089,6.355772e-05,1
G079,G083,6.339243e-05,1
G064,G018,6.3373154e-05,1
G037,G086,6.325676e-05,1
G092,G022,6.320433e-05,1
G036,G044,6.305775e-05,1
G061,G065,6.291083e-05,1
G075,G021,6.289663e-05,1
G084,G008,6.2835345e-05,1
G045,G078,6.268282e-05,1
G056,G080,6.262194e-05,1
G014,G083,6.261597e-05,1
G061,G059,6.2527135e-05,1
G031,G005,6.251243e-05,1
G004,G034,6.24483e-05,1
G056,G085,6.231399e-05,1
G012,G076,6.220143e-05,1
G066,G071,6.195449e-05,1
G023,G006,6.1925486e-05,1
G006,G082,6.1882e-05,1
G012,G078,6.170166e-05,1
G064,G058,6.162037e-05,1
G070,G020,6.1617706e-05,1
G064,G022,6.157162e-05,1
G063,G044,6.156711e-05,1
G044,G091,6.1500934e-05,1
G047,G014,6.137865e-05,1
G038,G022,6.136867e-05,1
G038,G030,6.13165e-05,1
G035,G054,6.121081e-05,1
G067,G091,6.1192986e-05,1
G097,G064,6.118157e-05,1
G019,G062,6.117748e-05,1
G035,G067,6.115637e-05,1
G100,G089,6.104711e-05,1
G014,G067,6.0954542e-05,1
G035,G088,6.094756e-05,1
G077,G044,6.093983e-05,1
G013,G027,6.0859948e-05,1
G007,G024,6.078377e-05,1
G056,G012,6.067546e-05,1
G088,G029,6.053551e-05,1
G035,G095,6.0530278e-05,1
G079,G014,6.049452e-05,1
G016,G053,6.042303e-05,1
G063,G049,6.036531e-05,1
G095,G002,6.031457e-05,1
G045,G005,6.0284012e-05,1
G068,G038,6.0283186e-05,1
G054,G025,6.0195183e-05,1
G037,G018,6.0097453e-05,1
G065,G061,5.9877042e-05,1
G068,G091,5.9768012e-05,1
G047,G073,5.9546564e-05,1
G069,G084,5.948278e-05,1
G004,G025,5.9478567e-05,1
G068,G083,5.940079e-05,1
G012,G050,5.9311977e-05,1
G045,G068,5.9303035e-05,1
G066,G055,5.9210386e-05,1
G069,G029,5.91991e-05,1
G096,G027,5.9198384e-05,1
G066,G009,5.919567e-05,1
G040,G005,5.9153335e-05,1
G091,G045,5.9041795e-05,1
G025,G017,5.9029655e-05,1
G068,G089,5.8947357e-05,1
G045,G096,5.8862643e-05,1
G092,G055,5.8842594e-05,1
G024,G004,5.8744557e-05,1
G048,G093,5.8626847e-05,1
G012,G082,5.8374415e-05,1
G081,G093,5.8334634e-05,1
G029,G012,5.8310623e-05,1
G025,G014,5.8204463e-05,1
G065,G003,5.8170655e-05,1
G043,G074,5.8120626e-05,1
G092,G093,5.7952995e-05,1
G050,G046,5.7925798e-05,1
G096,G062,5.7905072e-05,1
G057,G022,5.7882004e-05,1
G015,G030,5.7872494e-05,1
G024,G074,5.7808713e-05,1
G053,G080,5.771127e-05,1
G024,G011,5.767106e-05,1
G044,G068,5.7669185e-05,1
G064,G042,5.7580703e-05,1
G015,G093,5.752986e-05,1
G045,G049,5.7517165e-05,1
G069,G098,5.7508892e-05,1
G053,G085,5.7404017e-05,1
G059,G008,5.7384055e-05,1
G016,G049,5.735849e-05,1
G096,G023,5.7318804e-05,1
G017,G078,5.721381e-05,1
G053,G067,5.717064e-05,1
G009,G014,5.714965e-05,1
G056,G045,5.7146455e-05,1
G033,G064,5.6822522e-05,1
G069,G060,5.6806628e-05,1
G080,G034,5.6775003e-05,1
G062,G049,5.6592355e-05,1
G094,G011,5.6495934e-05,1
G075,G099,5.6403987e-05,1
G090,G053,5.588888e-05,1
G059,G096,5.5867422e-05,1
G009,G053,5.579394e-05,1
G033,G099,5.5721463e-05,1
G029,G069,5.571623e-05,1
G067,G017,5.5610843e-05,1
G034,G016,5.5470686e-05,1
G092,G037,5.5383494e-05,1
G096,G068,5.518727e-05,1
G031,G014,5.517003e-05,1
G052,G051,5.493442e-05,1
G087,G005,5.467513e-05,1
G092,G027,5.4635842e-05,1
G063,G060,5.4536347e-05,1
G084,G023,5.451645e-05,1
G062,G059,5.434107e-05,1
G092,G008,5.4220065e-05,1
G054,G049,5.4199372e-05,1
G048,G070,5.4179272e-05,1
G092,G015,5.415303e-05,1
G048,G054,5.4065422e-05,1
G062,G001,5.4021646e-05,1
G090,G092,5.4008215e-05,1
G024,G059,5.3902753e-05,1
G087,G074,5.3878353e-05,1
G086,G057,5.385959e-05,1
G010,G061,5.3796888e-05,1
G012,G049,5.3698936e-05,1
G005,G045,5.3415795e-05,1
G014,G038,5.3394022e-05,1
G100,G073,5.3323813e-05,1
G078,G087,5.3297157e-05,1
G017,G063,5.322004e-05,1
G024,G087,5.3168304e-05,1
G046,G083,5.3148702e-05,1
G081,G023,5.2776384e-05,1
G009,G067,5.274101e-05,1
G037,G012,5.272777e-05,1
G087,G029,5.2703017e-05,1
G050,G039,5.2623276e-05,1
G068,G099,5.2605e-05,1
G048,G079,5.252184e-05,1
G090,G011,5.24871e-05,1
G092,G003,5.237673e-05,1
G028,G064,5.235218e-05,1
G072,G093,5.232396e-05,1
G078,G033,5.225316e-05,1
G076,G084,5.2250878e-05,1
G006,G077,5.2222225e-05,1
G066,G059,5.2204305e-05,1
G084,G083,5.2203814e-05,1
G095,G038,5.2008956e-05,1
G047,G049,5.199483e-05,1
G003,G007,5.196827e-05,1
G095,G068,5.194857e-05,1
G053,G051,5.173942e-05,1
G056,G063,5.169368e-05,1
G081,G071,5.1636838e-05,1
G066,G093,5.163573e-05,1
G039,G012,5.15297e-05,1
G006,G005,5.1497937e-05,1
G061,G038,5.1420368e-05,1
G061,G032,5.1363313e-05,1
G043,G015,5.126336e-05,1
G012,G034,5.1225703e-05,1
G014,G092,5.1215655e-05,1
G058,G011,5.1164974e-05,1
G079,G080,5.115795e-05,1
G052,G048,5.103428e-05,1
G057,G076,5.0985866e-05,1
G037,G046,5.0728715e-05,1
G052,G002,5.0528255e-05,1
G031,G049,5.046412e-05,1
G092,G061,5.036127e-05,1
G092,G011,5.031647e-05,1
G064,G077,5.0313847e-05,1
G091,G060,5.020451e-05,1
G035,G034,5.0201463e-05,1
G068,G076,5.0047045e-05,1
G087,G078,5.0006893e-05,1
G003,G030,4.990749e-05,1
G083,G077,4.965254e-05,1
G096,G026,4.9608654e-05,1
G085,G026,4.9539725e-05,1
G084,G074,4.9534356e-05,1
G085,G005,4.952162e-05,1
G027,G016,4.9491275e-05,1
G006,G027,4.94221e-05,1
G012,G026,4.933462e-05,1
G096,G033,4.9261507e-05,1
G087,G008,4.924209e-05,1
G044,G086,4.9230082e-05,1
G081,G065,4.921042e-05,1
G054,G046,4.9143742e-05,1
G009,G005,4.9093163e-05,1
G044,G099,4.907315e-05,1
G063,G067,4.90268e-05,1
G096,G093,4.9026276e-05,1
G092,G016,4.8892638e-05,1
G034,G001,4.887297e-05,1
G016,G069,4.8803548e-05,1
G029,G002,4.8784153e-05,1
G067,G050,4.874029e-05,1
G081,G051,4.871432e-05,1
G084,G089,4.8628517e-05,1
G065,G030,4.859824e-05,1
G094,G022,4.8467035e-05,1
G046,G060,4.8402027e-05,1
G064,G062,4.837798e-05,1
G057,G018,4.8142174e-05,1
G096,G088,4.8136124e-05,1
G009,G071,4.8127815e-05,1
G100,G074,4.8077953e-05,1
G095,G075,4.8059563e-05,1
G075,G054,4.7897385e-05,1
G056,G034,4.7872538e-05,1
G048,G042,4.769447e-05,1
G077,G068,4.7620702e-05,1
G047,G005,4.7563633e-05,1
G100,G045,4.749663e-05,1
G050,G063,4.748749e-05,1
G048,G016,4.7486657e-05,1
G064,G083,4.7460362e-05,1
G025,G008,4.7264806e-05,1
G036,G008,4.7246493e-05,1
G067,G008,4.716188e-05,1
G079,G060,4.7082212e-05,1
G090,G071,4.7071764e-05,1
G041,G034,4.706619e-05,1
G090,G028,4.6891917e-05,1
G067,G090,4.687075e-05,1
G043,G034,4.682127e-05,1
G001,G078,4.6782374e-05,1
G057,G088,4.677526e-05,1
G047,G050,4.673242e-05,1
G075,G088,4.6618912e-05,1
G037,G074,4.659158e-05,1
G003,G051,4.6576344e-05,1
G028,G062,4.6435274e-05,1
G067,G016,4.627593e-05,1
G069,G061,4.6241053e-05,1
G077,G022,4.621921e-05,1
G081,G011,4.619573e-05,1
G050,G005,4.6177716e-05,1
G031,G037,4.614183e-05,1
G084,G005,4.585047e-05,1
G059,G068,4.583153e-05,1
G052,G016,4.5821056e-05,1
G096,G067,4.5810528e-05,1
G062,G067,4.5795216e-05,1
G029,G068,4.5713223e-05,1
G084,G033,4.569185e-05,1
G100,G018,4.566336e-05,1
G092,G071,4.5554418e-05,1
G061,G041,4.555315e-05,1
G035,G069,4.5451165e-05,1
G061,G050,4.5395886e-05,1
G027,G047,4.5315097e-05,1
G079,G018,4.529937e-05,1
G099,G013,4.524778e-05,1
G086,G027,4.5145473e-05,1
G047,G085,4.503068e-05,1
G064,G035,4.5025445e-05,1
G094,G054,4.4999237e-05,1
G063,G064,4.495304e-05,1
G061,G051,4.492709e-05,1
G044,G062,4.4817945e-05,1
G042,G012,4.4802586e-05,1
G081,G089,4.473728e-05,1
G043,G077,4.4433105e-05,1
G004,G023,4.437373e-05,1
G091,G066,4.4316337e-05,1
G053,G022,4.425758e-05,1
G009,G093,4.4182234e-05,1
G085,G094,4.4103705e-05,1
G071,G074,4.408981e-05,1
G029,G094,4.4060263e-05,1
G005,G068,4.4055476e-05,1
G010,G045,4.4020206e-05,1
G057,G037,4.4000684e-05,1
G083,G044,4.3927863e-05,1
G001,G067,4.3773125e-05,1
G081,G078,4.3766446e-05,1
G092,G056,4.3599943e-05,1
G052,G045,4.3563043e-05,1
G037,G075,4.349777e-05,1
G100,G016,4.3467113e-05,1
G062,G027,4.343688e-05,1
G095,G086,4.3425953e-05,1
G029,G072,4.3321987e-05,1
G012,G054,4.3262742e-05,1
G057,G100,4.3104632e-05,1
G098,G043,4.3047752e-05,1
G096,G082,4.2780757e-05,1
G004,G099,4.2695945e-05,1
G003,G084,4.261245e-05,1
G052,G033,4.2612024e-05,1
G011,G027,4.242605e-05,1
G004,G055,4.2371925e-05,1
G078,G001,4.235186e-05,1
G020,G083,4.2295233e-05,1
G034,G015,4.2229854e-05,1
G028,G046,4.2082047e-05,1
G094,G059,4.2043415e-05,1
G061,G080,4.2012995e-05,1
G029,G041,4.1995732e-05,1
G028,G054,4.1984476e-05,1
G036,G074,4.1868585e-05,1
G024,G044,4.182682e-05,1
G012,G058,4.1826737e-05,1
G053,G036,4.1764455e-05,1
G057,G085,4.168224e-05,1
G090,G086,4.167626e-05,1
G061,G068,4.167306e-05,1
G094,G002,4.1636555e-05,1
G064,G027,4.162116e-05,1
G058,G027,4.1539995e-05,1
G027,G089,4.1524127e-05,1
G075,G068,4.1366096e-05,1
G100,G055,4.1332692e-05,1
G025,G067,4.1292773e-05,1
G066,G062,4.1265408e-05,1
G097,G094,4.1255546e-05,1
G016,G044,4.1242616e-05,1
G024,G091,4.114963e-05,1
G051,G045,4.0830728e-05,1
G047,G082,4.075826e-05,1
G046,G092,4.0736315e-05,1
G064,G046,4.0521612e-05,1
G019,G034,4.045535e-05,1
G012,G080,4.037429e-05,1
G090,G040,4.0318595e-05,1
G028,G073,4.030448e-05,1
G051,G021,4.0213698e-05,1
G045,G083,4.0200124e-05,1
G016,G014,4.019519e-05,1
G078,G012,4.00329e-05,1
G066,G088,3.9998828e-05,1
G029,G026,3.995264e-05,1
G051,G004,3.98477e-05,1
G098,G036,3.982321e-05,1
G016,G038,3.9800736e-05,1
G045,G062,3.968321e-05,1
G035,G051,3.9635994e-05,1
G057,G094,3.9622904e-05,1
G050,G008,3.94549e-05,1
G092,G054,3.9422855e-05,1
G035,G093,3.9287457e-05,1
G054,G088,3.9246464e-05,1
G068,G074,3.9242153e-05,1
G095,G023,3.9190814e-05,1
G100,G056,3.906725e-05,1
G067,G022,3.8992242e-05,1
G058,G025,3.8910228e-05,1
G017,G068,3.8888007e-05,1
G014,G043,3.873208e-05,1
G096,G073,3.8705784e-05,1
G003,G053,3.8595346e-05,1
G084,G062,3.8578295e-05,1
G096,G065,3.8560873e-05,1
G031,G074,3.853809e-05,1
G061,G073,3.850476e-05,1
G011,G045,3.8460028e-05,1
G100,G085,3.839675e-05,1
G064,G039,3.8377322e-05,1
G078,G073,3.83725e-05,1
G081,G039,3.8338665e-05,1
G050,G074,3.8288217e-05,1
G080,G018,3.8259535e-05,1
G066,G027,3.8213493e-05,1
G009,G058,3.8124137e-05,1
G061,G092,3.7937392e-05,1
G064,G059,3.7916536e-05,1
G037,G076,3.7817994e-05,1
G061,G014,3.7799608e-05,1
G031,G022,3.7703376e-05,1
G076,G058,3.7632177e-05,1
G064,G089,3.7610786e-05,1
G027,G041,3.755402e-05,1
G044,G004,3.7454178e-05,1
G067,G046,3.7443533e-05,1
G089,G027,3.723945e-05,1
G092,G060,3.722144e-05,1
G057,G024,3.720893e-05,1
G091,G027,3.7197493e-05,1
G068,G030,3.7159964e-05,1
G028,G070,3.714997e-05,1
G048,G038,3.7088e-05,1
G082,G021,3.694571e-05,1
G100,G046,3.6895526e-05,1
G092,G047,3.6792942e-05,1
G056,G033,3.6784804e-05,1
G061,G075,3.670906e-05,1
G031,G025,3.6616882e-05,1
G052,G040,3.6605757e-05,1
G046,G005,3.655619e-05,1
G056,G003,3.646733e-05,1
G057,G083,3.6331265e-05,1
G069,G096,3.6196856e-05,1
G027,G093,3.6195266e-05,1
G041,G030,3.6195022e-05,1
G029,G027,3.6053312e-05,1
G100,G071,3.602638e-05,1
G090,G047,3.6012385e-05,1
G057,G077,3.581147e-05,1
G021,G071,3.58042e-05,1
G097,G089,3.5647157e-05,1
G086,G013,3.549443e-05,1
G096,G039,3.5437373e-05,1
G057,G093,3.5426496e-05,1
G018,G020,3.542202e-05,1
G007,G008,3.54055e-05,1
G038,G034,3.5217352e-05,1
G048,G017,3.5212626e-05,1
G045,G046,3.51735e-05,1
G077,G016,3.515718e-05,1
G092,G049,3.5131405e-05,1
G004,G044,3.5130768e-05,1
G086,G052,3.5105037e-05,1
G004,G006,3.5021985e-05,1
G072,G030,3.5020465e-05,1
G066,G060,3.4988992e-05,1
G011,G029,3.4859862e-05,1
G047,G030,3.4776836e-05,1
G061,G040,3.4725465e-05,1
G046,G021,3.4712997e-05,1
G055,G002,3.4691322e-05,1
G095,G099,3.468306e-05,1
G003,G071,3.464296e-05,1
G014,G087,3.456572e-05,1
G068,G088,3.455554e-05,1
G001,G076,3.4388115e-05,1
G077,G045,3.4312387e-05,1
G034,G005,3.425291e-05,1
G078,G030,3.4246947e-05,1
G031,G036,3.423364e-05,1
G036,G056,3.4193865e-05,1
G062,G086,3.3945165e-05,1
G084,G091,3.3930217e-05,1
G090,G074,3.3919765e-05,1
G078,G074,3.390533e-05,1
G029,G025,3.3856362e-05,1
G096,G005,3.3812525e-05,1
G025,G070,3.3781507e-05,1
G099,G094,3.373593e-05,1
G067,G003,3.3732234e-05,1
G064,G075,3.358938e-05,1
G079,G058,3.3574433e-05,1
G029,G082,3.3537646e-05,1
G015,G078,3.332704e-05,1
G085,G068,3.3214405e-05,1
G092,G044,3.3138404e-05,1
G056,G024,3.3133405e-05,1
G049,G027,3.312274e-05,1
G092,G014,3.3100405e-05,1
G079,G094,3.3083088e-05,1
G044,G022,3.3081116e-05,1
G066,G080,3.3061668e-05,1
G090,G096,3.2981556e-05,1
G055,G074,3.297881e-05,1
G071,G051,3.2944947e-05,1
G034,G061,3.2746495e-05,1
G023,G009,3.2720553e-05,1
G014,G011,3.254411e-05,1
G072,G075,3.2361375e-05,1
G057,G012,3.235415e-05,1
G040,G022,3.23043e-05,1
G030,G097,3.229101e-05,1
G031,G099,3.2254462e-05,1
G090,G049,3.224143e-05,1
G067,G059,3.2203934e-05,1
G069,G093,3.2169075e-05,1
G069,G052,3.2096887e-05,1
G027,G035,3.1989435e-05,1
G092,G038,3.1872838e-05,1
G015,G074,3.1870048e-05,1
G084,G054,3.184062e-05,1
G091,G047,3.1817926e-05,1
G017,G079,3.1767806e-05,1
G087,G015,3.176353e-05,1
G048,G040,3.175822e-05,1
G069,G059,3.1708405e-05,1
G090,G076,3.1641383e-05,1
G078,G068,3.158825e-05,1
G013,G022,3.1580006e-05,1
G019,G036,3.1507247e-05,1
G096,G063,3.1487096e-05,1
G069,G095,3.1445874e-05,1
G013,G092,3.143337e-05,1
G037,G005,3.1219035e-05,1
G030,G014,3.1150536e-05,1
G013,G073,3.1063297e-05,1
G010,G005,3.1061012e-05,1
G099,G004,3.1055875e-05,1
G024,G030,3.102656e-05,1
G053,G099,3.0935676e-05,1
G023,G067,3.0843934e-05,1
G035,G091,3.0604566e-05,1
G024,G028,3.0589665e-05,1
G046,G003,3.056474e-05,1
G067,G071,3.05476e-05,1
G063,G087,3.0402773e-05,1
G035,G083,3.0300454e-05,1
G090,G060,3.0233336e-05,1
G087,G021,3.0216941e-05,1
G038,G080,3.008806e-05,1
G100,G038,2.9967494e-05,1
G035,G024,2.9947332e-05,1
G092,G078,2.9916748e-05,1
G095,G040,2.9879653e-05,1
G030,G093,2.9877016e-05,1
G084,G088,2.9842962e-05,1
G035,G062,2.967226e-05,1
G066,G065,2.9588293e-05,1
G048,G082,2.9571649e-05,1
G097,G059,2.956577e-05,1
G015,G049,2.9552735e-05,1
G056,G029,2.9523137e-05,1
G017,G036,2.9464194e-05,1
G059,G002,2.943436e-05,1
G069,G058,2.9354667e-05,1
G038,G088,2.9346624e-05,1
G028,G022,2.9259261e-05,1
G087,G050,2.9141735e-05,1
G014,G022,2.9027258e-05,1
G031,G060,2.8999206e-05,1
G012,G100,2.8963854e-05,1
G008,G060,2.8875895e-05,1
G029,G014,2.8874669e-05,1
G046,G074,2.885073e-05,1
G085,G061,2.8788521e-05,1
G053,G061,2.8785564e-05,1
G075,G095,2.8690632e-05,1
G044,G021,2.8673707e-05,1
G056,G091,2.8519182e-05,1
G038,G045,2.8353297e-05,1
G075,G014,2.8299532e-05,1
G035,G055,2.829844e-05,1
G081,G038,2.8229417e-05,1
G035,G012,2.81651e-05,1
G092,G088,2.8104218e-05,1
G080,G094,2.8099184e-05,1
G048,G012,2.7974796e-05,1
G064,G088,2.7967862e-05,1
G007,G005,2.7885875e-05,1
G047,G089,2.7832328e-05,1
G068,G033,2.7822449e-05,1
G054,G001,2.7777292e-05,1
G019,G024,2.7713315e-05,1
G062,G093,2.76714e-05,1
G071,G029,2.7640695e-05,1
G012,G004,2.7615955e-05,1
G088,G027,2.7566137e-05,1
G085,G043,2.7512138e-05,1
G090,G014,2.7488471e-05,1
G067,G047,2.7487662e-05,1
G040,G046,2.746322e-05,1
G029,G022,2.7462904e-05,1
G064,G070,2.7427606e-05,1
G097,G012,2.7350725e-05,1
G075,G071,2.7343727e-05,1
G075,G080,2.7274935e-05,1
G029,G093,2.72664e-05,1
G061,G048,2.713127e-05,1
G074,G078,2.7077605e-05,1
G059,G090,2.7063086e-05,1
G033,G078,2.6964697e-05,1
G084,G039,2.694079e-05,1
G009,G085,2.6914126e-05,1
G055,G048,2.6721009e-05,1
G066,G058,2.668247e-05,1
G037,G050,2.6681053e-05,1
G084,G093,2.667115e-05,1
G047,G063,2.6650177e-05,1
G047,G034,2.6645177e-05,1
G012,G073,2.6624079e-05,1
G017,G026,2.658044e-05,1
G003,G034,2.6381778e-05,1
G007,G074,2.6372509e-05,1
G029,G001,2.6349422e-05,1
G071,G053,2.6333277e-05,1
G029,G099,2.6202666e-05,1
G016,G081,2.6144953e-05,1
G061,G018,2.6071264e-05,1
G044,G045,2.6023692e-05,1
G047,G071,2.5971272e-05,1
G075,G011,2.5937243e-05,1
G058,G091,2.5723957e-05,1
G006,G083,2.5722033e-05,1
G090,G023,2.5671618e-05,1
G016,G085,2.5554937e-05,1
G087,G030,2.5425565e-05,1
G066,G025,2.5424257e-05,1
G046,G043,2.534785e-05,1
G087,G088,2.5327945e-05,1
G078,G085,2.5291847e-05,1
G096,G087,2.5264962e-05,1
G064,G074,2.5262692e-05,1
G095,G082,2.5234032e-05,1
G018,G053,2.5115294e-05,1
G059,G050,2.5093694e-05,1
G078,G037,2.5031413e-05,1
G056,G061,2.4970668e-05,1
G011,G051,2.4944104e-05,1
G059,G054,2.4880119e-05,1
G012,G063,2.4868836e-05,1
G004,G059,2.4860376e-05,1
G024,G067,2.4805518e-05,1
G038,G064,2.4742352e-05,1
G067,G012,2.460848e-05,1
G052,G004,2.4498433e-05,1
G096,G074,2.4475396e-05,1
G066,G070,2.447127e-05,1
G053,G030,2.4449735e-05,1
G077,G087,2.4442725e-05,1
G084,G073,2.4413443e-05,1
G017,G005,2.4376974e-05,1
G053,G008,2.4352326e-05,1
G006,G014,2.4338717e-05,1
G028,G067,2.4334604e-05,1
G055,G099,2.4316e-05,1
G069,G022,2.4170764e-05,1
G037,G084,2.4169858e-05,1
G025,G080,2.4127374e-05,1
G007,G003,2.4057466e-05,1
G044,G054,2.3923185e-05,1
G095,G025,2.3861903e-05,1
G008,G035,2.3852544e-05,1
G077,G059,2.3850735e-05,1
G099,G039,2.3681632e-05,1
G069,G076,2.3509545e-05,1
G048,G043,2.343854e-05,1
G078,G066,2.3408535e-05,1
G055,G073,2.3403258e-05,1
G035,G016,2.3374208e-05,1
G050,G036,2.3315242e-05,1
G067,G083,2.3276812e-05,1
G019,G067,2.3152392e-05,1
G017,G085,2.3105249e-05,1
G095,G058,2.3070124e-05,1
G010,G055,2.2840692e-05,1
G063,G003,2.2821469e-05,1
G061,G039,2.2752854e-05,1
G067,G037,2.2721768e-05,1
G086,G085,2.2718436e-05,1
G081,G024,2.2622671e-05,1
G092,G068,2.2544311e-05,1
G035,G098,2.2479557e-05,1
G067,G032,2.2466962e-05,1
G027,G098,2.2408356e-05,1
G055,G083,2.226778e-05,1
G062,G089,2.2235661e-05,1
G010,G021,2.2177575e-05,1
G023,G070,2.206916e-05,1
G045,G032,2.205997e-05,1
G079,G006,2.201261e-05,1
G075,G067,2.198795e-05,1
G070,G053,2.190554e-05,1
G096,G049,2.1900232e-05,1
G014,G030,2.1768068e-05,1
G079,G025,2.1747745e-05,1
G007,G063,2.1690741e-05,1
G001,G024,2.1568667e-05,1
G029,G045,2.1363216e-05,1
G025,G099,2.1314523e-05,1
G013,G078,2.1210595e-05,1
G039,G051,2.1149119e-05,1
G007,G087,2.1022475e-05,1
G034,G003,2.0964088e-05,1
G055,G005,2.0895672e-05,1
G057,G064,2.0824975e-05,1
G043,G067,2.075348e-05,1
G092,G063,2.0697127e-05,1
G092,G012,2.0632377e-05,1
G044,G100,2.0573196e-05,1
G095,G039,2.0529522e-05,1
G057,G079,2.0344904e-05,1
G061,G004,2.031388e-05,1
G004,G022,2.0309135e-05,1
G024,G015,1.9987288e-05,1
G058,G024,1.9901627e-05,1
G061,G054,1.9862386e-05,1
G047,G009,1.9845422e-05,1
G063,G089,1.9777644e-05,1
G054,G009,1.9765836e-05,1
G028,G055,1.9751807e-05,1
G034,G085,1.9709969e-05,1
G067,G093,1.9624913e-05,1
G043,G086,1.956916e-05,1
G021,G044,1.9524163e-05,1
G003,G017,1.951566e-05,1
G090,G099,1.944091e-05,1
G079,G092,1.9282652e-05,1
G061,G063,1.9239447e-05,1
G028,G074,1.9189769e-05,1
G080,G016,1.9101504e-05,1
G036,G037,1.9088286e-05,1
G028,G014,1.9051105e-05,1
G057,G026,1.8891973e-05,1
G027,G087,1.8888359e-05,1
G036,G022,1.8887666e-05,1
G087,G071,1.8885317e-05,1
G066,G024,1.8881714e-05,1
G001,G059,1.8843242e-05,1
G096,G019,1.8752986e-05,1
G069,G065,1.8605939e-05,1
G069,G078,1.8558725e-05,1
G097,G027,1.8519042e-05,1
G035,G038,1.8505092e-05,1
G050,G027,1.8502678e-05,1
G009,G046,1.8456369e-05,1
G078,G065,1.8376126e-05,1
G028,G082,1.8237448e-05,1
G092,G064,1.8218272e-05,1
G053,G026,1.8182342e-05,1
G046,G014,1.8097062e-05,1
G035,G076,1.808355e-05,1
G041,G039,1.799535e-05,1
G066,G014,1.7982818e-05,1
G038,G029,1.7956798e-05,1
G024,G026,1.7922785e-05,1
G027,G049,1.7855935e-05,1
G064,G016,1.7771787e-05,1
G061,G087,1.7657296e-05,1
G078,G044,1.7578192e-05,1
G057,G008,1.7574812e-05,1
G033,G009,1.7552527e-05,1
G056,G064,1.7502867e-05,1
G019,G021,1.7496488e-05,1
G033,G005,1.7452012e-05,1
G021,G059,1.736888e-05,1
G084,G064,1.7309545e-05,1
G067,G027,1.7175918e-05,1
G057,G028,1.7134857e-05,1
G064,G038,1.6995013e-05,1
G085,G080,1.6900009e-05,1
G007,G051,1.6830685e-05,1
G037,G062,1.6817214e-05,1
G055,G006,1.679199e-05,1
G094,G060,1.6642785e-05,1
G084,G067,1.6591195e-05,1
G068,G049,1.6549404e-05,1
G062,G054,1.6532986e-05,1
G075,G016,1.6444694e-05,1
G043,G097,1.6361448e-05,1
G090,G010,1.6339167e-05,1
G100,G052,1.6223363e-05,1
G027,G076,1.6214019e-05,1
G023,G044,1.6194435e-05,1
G063,G016,1.6131937e-05,1
G078,G076,1.6109467e-05,1
G034,G071,1.6061225e-05,1
G044,G011,1.604233e-05,1
G009,G070,1.5927151e-05,1
G012,G088,1.581368e-05,1
G028,G059,1.5748448e-05,1
G059,G077,1.57383e-05,1
G067,G054,1.5649386e-05,1
G052,G058,1.5574822e-05,1
G084,G011,1.5491594e-05,1
G029,G077,1.5428866e-05,1
G043,G033,1.5390253e-05,1
G001,G011,1.5304162e-05,1
G076,G042,1.5190479e-05,1
G100,G076,1.5157547e-05,1
G029,G085,1.5146543e-05,1
G038,G060,1.50585065e-05,1
G003,G086,1.5002839e-05,1
G087,G014,1.4875435e-05,1
G090,G080,1.4843371e-05,1
G039,G021,1.4806144e-05,1
G001,G051,1.4778933e-05,1
G034,G073,1.4748677e-05,1
G077,G012,1.4638042e-05,1
G012,G091,1.45783715e-05,1
G017,G038,1.4467591e-05,1
G085,G083,1.4432729e-05,1
G092,G077,1.4305743e-05,1
G057,G089,1.424953e-05,1
G023,G050,1.4224299e-05,1
G100,G023,1.4195231e-05,1
G024,G092,1.4180104e-05,1
G004,G060,1.4055203e-05,1
G085,G076,1.4051627e-05,1
G029,G089,1.3883203e-05,1
G062,G045,1.3877493e-05,1
G062,G047,1.3829496e-05,1
G094,G087,1.3775849e-05,1
G090,G008,1.3665492e-05,1
G067,G038,1.364226e-05,1
G058,G009,1.350744e-05,1
G096,G080,1.3449997e-05,1
G095,G085,1.3406055e-05,1
G055,G045,1.3400134e-05,1
G050,G011,1.3343309e-05,1
G040,G021,1.3311196e-05,1
G037,G055,1.3284554e-05,1
G064,G071,1.3279409e-05,1
G094,G023,1.3276529e-05,1
G057,G061,1.31059705e-05,1
G031,G012,1.3097232e-05,1
G079,G016,1.3039439e-05,1
G100,G012,1.3013797e-05,1
G059,G025,1.297536e-05,1
G064,G086,1.2964177e-05,1
G045,G009,1.2891714e-05,1
G053,G033,1.2882453e-05,1
G095,G061,1.28779e-05,1
G045,G071,1.2856733e-05,1
G063,G093,1.2852541e-05,1
G087,G009,1.2844313e-05,1
G043,G062,1.2746189e-05,1
G053,G012,1.2737505e-05,1
G037,G039,1.2684368e-05,1
G003,G004,1.26725345e-05,1
G089,G017,1.2524242e-05,1
G080,G092,1.2455102e-05,1
G035,G005,1.2404198e-05,1
G085,G054,1.2249785e-05,1
G064,G085,1.224114e-05,1
G021,G049,1.2151537e-05,1
G012,G052,1.2125241e-05,1
G091,G001,1.1948236e-05,1
G100,G049,1.1899991e-05,1
G042,G018,1.1757851e-05,1
G074,G012,1.1724572e-05,1
G051,G027,1.154348e-05,1
G072,G061,1.1483549e-05,1
G024,G047,1.1465232e-05,1
G084,G077,1.1343431e-05,1
G044,G025,1.1322277e-05,1
G096,G037,1.1305731e-05,1
G048,G018,1.1285879e-05,1
G075,G045,1.1245609e-05,1
G028,G005,1.1206525e-05,1
G100,G065,1.1187807e-05,1
G010,G017,1.1135154e-05,1
G010,G098,1.1121507e-05,1
G067,G055,1.1039338e-05,1
G038,G054,1.0913229e-05,1
G014,G068,1.0901658e-05,1
G100,G017,1.0850596e-05,1
G012,G092,1.0850494e-05,1
G013,G029,1.0797417e-05,1
G086,G019,1.0785896e-05,1
G001,G060,1.0765188e-05,1
G098,G091,1.0679615e-05,1
G012,G043,1.06167045e-05,1
G055,G060,1.05769195e-05,1
G058,G064,1.0560721e-05,1
G095,G064,1.0513194e-05,1
G043,G016,1.0373676e-05,1
G082,G037,1.034487e-05,1
G064,G082,1.0273497e-05,1
G044,G048,1.0242464e-05,1
G001,G089,1.0225533e-05,1
G085,G064,1.0201672e-05,1
G069,G045,1.0147508e-05,1
G046,G022,1.0095679e-05,1
G095,G008,1.00606685e-05,1
G061,G071,9.879565e-06,1
G081,G026,9.864222e-06,1
G064,G061,9.822314e-06,1
G094,G014,9.775984e-06,1
G029,G037,9.756815e-06,1
G078,G045,9.691956e-06,1
G037,G085,9.647164e-06,1
G092,G067,9.596124e-06,1
G048,G003,9.568637e-06,1
G015,G086,9.562213e-06,1
G067,G002,9.5067e-06,1
G038,G049,9.480107e-06,1
G061,G074,9.477924e-06,1
G035,G028,9.442237e-06,1
G011,G053,9.38582e-06,1
G046,G036,9.285532e-06,1
G058,G083,9.272162e-06,1
G059,G005,9.22889e-06,1
G066,G004,9.1664515e-06,1
G085,G088,9.165712e-06,1
G023,G045,9.13164e-06,1
G100,G067,9.0619205e-06,1
G028,G060,8.865077e-06,1
G003,G100,8.726419e-06,1
G028,G093,8.684417e-06,1
G098,G093,8.682339e-06,1
G056,G032,8.63937e-06,1
G092,G089,8.5584425e-06,1
G098,G022,8.508595e-06,1
G035,G071,8.456862e-06,1
G037,G014,8.423036e-06,1
G027,G030,8.338478e-06,1
G083,G047,8.296675e-06,1
G015,G060,8.234211e-06,1
G014,G034,8.185517e-06,1
G025,G027,8.164738e-06,1
G092,G083,8.122833e-06,1
G033,G054,8.098495e-06,1
G075,G018,8.016441e-06,1
G082,G092,7.974378e-06,1
G016,G096,7.970685e-06,1
G044,G071,7.899099e-06,1
G094,G063,7.835701e-06,1
G014,G098,7.792825e-06,1
G049,G064,7.725641e-06,1
G037,G032,7.721884e-06,1
G083,G065,7.713752e-06,1
G096,G060,7.70664e-06,1
G095,G063,7.639594e-06,1
G005,G038,7.596287e-06,1
G089,G032,7.5339176e-06,1
G074,G068,7.507626e-06,1
G016,G050,7.443673e-06,1
G039,G068,7.422521e-06,1
G052,G022,7.3545198e-06,1
G023,G052,7.3149345e-06,1
G071,G050,7.2972075e-06,1
G098,G027,7.252459e-06,1
G087,G012,7.1873055e-06,1
G033,G036,7.1339873e-06,1
G066,G084,7.133043e-06,1
G006,G036,7.107441e-06,1
G001,G061,7.1047966e-06,1
G083,G042,7.0097944e-06,1
G091,G044,6.9556304e-06,1
G025,G071,6.8981212e-06,1
G085,G003,6.8922213e-06,1
G038,G005,6.761296e-06,1
G057,G078,6.708149e-06,1
G054,G058,6.6814123e-06,1
G034,G062,6.657447e-06,1
G005,G015,6.6203775e-06,1
G081,G076,6.615753e-06,1
G039,G062,6.548842e-06,1
G078,G071,6.5323015e-06,1
G055,G046,6.505686e-06,1
G084,G096,6.4697324e-06,1
G100,G009,6.458028e-06,1
G015,G065,6.433838e-06,1
G024,G085,6.376769e-06,1
G014,G003,6.2969575e-06,1
G037,G054,6.2113168e-06,1
G083,G039,6.1915193e-06,1
G084,G063,6.1439805e-06,1
G057,G003,6.137201e-06,1
G052,G071,6.0526722e-06,1
G072,G015,5.85013e-06,1
G077,G050,5.829649e-06,1
G057,G081,5.80207e-06,1
G036,G070,5.748764e-06,1
G014,G053,5.726252e-06,1
G031,G059,5.6403837e-06,1
G002,G093,5.5616006e-06,1
G096,G091,5.5553437e-06,1
G095,G030,5.543794e-06,1
G096,G021,5.508699e-06,1
G001,G099,5.4989546e-06,1
G082,G068,5.4951074e-06,1
G064,G052,5.4904967e-06,1
G015,G037,5.2905416e-06,1
G068,G032,5.2534783e-06,1
G037,G078,5.2332757e-06,1
G083,G018,5.204185e-06,1
G004,G012,5.1931593e-06,1
G001,G071,5.1896964e-06,1
G015,G047,5.0992453e-06,1
G071,G059,5.0466247e-06,1
G028,G089,5.019475e-06,1
G009,G061,4.9967434e-06,1
G096,G044,4.9966047e-06,1
G035,G027,4.9583764e-06,1
G048,G099,4.9344662e-06,1
G044,G036,4.6922064e-06,1
G077,G094,4.5463457e-06,1
G072,G001,4.484466e-06,1
G081,G032,4.4342073e-06,1
G047,G087,4.303043e-06,1
G030,G001,4.2620163e-06,1
G100,G050,4.2477686e-06,1
G013,G040,4.226278e-06,1
G024,G063,4.200732e-06,1
G054,G082,4.148518e-06,1
G006,G003,4.0676778e-06,1
G030,G064,4.06321e-06,1
G061,G046,3.8866324e-06,1
G005,G096,3.7764266e-06,1
G062,G004,3.701275e-06,1
G052,G097,3.682814e-06,1
G030,G035,3.6620183e-06,1
G084,G078,3.5841504e-06,1
G097,G026,3.5744583e-06,1
G003,G093,3.5636601e-06,1
G050,G026,3.4672591e-06,1
G059,G032,3.420329e-06,1
G053,G034,3.4201476e-06,1
G075,G076,3.3937852e-06,1
G063,G091,3.3198853e-06,1
G040,G016,3.3135611e-06,1
G016,G055,3.277665e-06,1
G044,G077,3.250946e-06,1
G071,G005,3.2481432e-06,1
G030,G002,3.0463427e-06,1
G079,G085,3.0172139e-06,1
G084,G076,3.003826e-06,1
G015,G091,2.8644506e-06,1
G030,G027,2.8273937e-06,1
G059,G051,2.816951e-06,1
G084,G038,2.811743e-06,1
G023,G055,2.6779755e-06,1
G050,G088,2.666886e-06,1
G044,G061,2.6180744e-06,1
G013,G066,2.5650736e-06,1
G047,G069,2.4907072e-06,1
G003,G029,2.4835538e-06,1
G068,G014,2.4364208e-06,1
G099,G002,2.4012854e-06,1
G011,G044,2.3994357e-06,1
G044,G014,2.38975e-06,1
G028,G100,2.2527483e-06,1
G012,G067,2.2396264e-06,1
G031,G068,2.2373008e-06,1
G053,G050,2.233645e-06,1
G066,G091,2.216691e-06,1
G015,G012,2.190676e-06,1
G037,G087,2.1761664e-06,1
G016,G035,2.1120115e-06,1
G058,G092,2.0737366e-06,1
G034,G088,2.0441144e-06,1
G052,G063,1.9717427e-06,1
G042,G089,1.9241645e-06,1
G090,G037,1.8998406e-06,1
G081,G014,1.8745749e-06,1
G082,G071,1.8235272e-06,1
G081,G085,1.799314e-06,1
G050,G085,1.7953569e-06,1
G054,G094,1.7886201e-06,1
G029,G060,1.7660685e-06,1
G017,G044,1.6345604e-06,1
G038,G037,1.5495071e-06,1
G017,G088,1.3437968e-06,1
G003,G098,1.2983123e-06,1
G001,G083,1.2865817e-06,1
G071,G022,1.2088356e-06,1
G069,G005,1.1824303e-06,1
G043,G071,1.0998959e-06,1
G057,G063,1.077318e-06,1
G043,G038,1.0205403e-06,1
G008,G014,9.2672366e-07,1
G030,G078,9.123209e-07,1
G088,G003,7.844739e-07,1
G009,G089,7.7471043e-07,1
G014,G046,7.267809e-07,1
G095,G087,7.007428e-07,1
G028,G003,6.8142174e-07,1
G057,G033,6.754681e-07,1
G059,G083,6.267047e-07,1
G001,G005,6.1660813e-07,1
G071,G083,5.921339e-07,1
G081,G063,4.6929776e-07,1
G092,G005,4.551839e-07,1
G092,G091,3.7385615e-07,1
G039,G023,3.4970384e-07,1
G095,G014,3.3656693e-07,1
G034,G060,2.9856957e-07,1
G087,G083,2.4303998e-07,1
G008,G013,1.4784973e-07,1
G005,G024,1.1351854e-07,1
G028,G094,1.087107e-07,1
G078,G055,9.492018e-08,1
G038,G018,8.929088e-08,1
G075,G046,1.2235646e-08,1
G038,G058,-2.6662951e-08,-1
G028,G076,-1.1103191e-07,-1
G024,G036,-1.258028e-07,-1
G043,G081,-1.720329e-07,-1
G097,G093,-2.50554e-07,-1
G019,G025,-3.5764748e-07,-1
G029,G086,-3.8012132e-07,-1
G015,G039,-3.909875e-07,-1
G030,G016,-3.9450507e-07,-1
G053,G035,-4.367644e-07,-1
G061,G003,-4.6786477e-07,-1
G092,G076,-4.8869884e-07,-1
G064,G068,-4.9059696e-07,-1
G031,G054,-6.729486e-07,-1
G084,G059,-7.2971613e-07,-1
G052,G005,-8.5447004e-07,-1
G031,G090,-8.607601e-07,-1
G031,G003,-1.084622e-06,-1
G057,G060,-1.1669827e-06,-1
G001,G039,-1.2303706e-06,-1
G080,G050,-1.2511837e-06,-1
G034,G025,-1.265513e-06,-1
G092,G073,-1.355506e-06,-1
G010,G089,-1.3821978e-06,-1
G039,G095,-1.4520925e-06,-1
G003,G070,-1.492678e-06,-1
G056,G004,-1.5007768e-06,-1
G084,G047,-1.5257795e-06,-1
G071,G002,-1.7044495e-06,-1
G075,G008,-1.7358265e-06,-1
G048,G036,-1.7479134e-06,-1
G056,G006,-1.7600814e-06,-1
G085,G016,-1.7719548e-06,-1
G071,G045,-1.7966503e-06,-1
G050,G067,-1.8882924e-06,-1
G042,G037,-1.9087854e-06,-1
G068,G023,-1.9895697e-06,-1
G086,G097,-2.0382454e-06,-1
G029,G079,-2.0913985e-06,-1
G063,G015,-2.1185188e-06,-1
G071,G060,-2.1263763e-06,-1
G024,G032,-2.131289e-06,-1
G068,G070,-2.1516225e-06,-1
G050,G021,-2.3598757e-06,-1
G035,G030,-2.3941166e-06,-1
G063,G045,-2.4518372e-06,-1
G037,G016,-2.5116226e-06,-1
G059,G022,-2.5872282e-06,-1
G058,G085,-2.618964e-06,-1
G012,G035,-2.626649e-06,-1
G094,G037,-2.6998764e-06,-1
G034,G037,-2.7044307e-06,-1
G100,G080,-2.7050596e-06,-1
G027,G039,-2.7795638e-06,-1
G055,G033,-2.8636382e-06,-1
G021,G053,-2.9178923e-06,-1
G064,G012,-2.9524515e-06,-1
G001,G073,-3.0776898e-06,-1
G048,G062,-3.1081079e-06,-1
G033,G022,-3.1279899e-06,-1
G016,G083,-3.1817508e-06,-1
G083,G051,-3.2943422e-06,-1
G013,G069,-3.3018869e-06,-1
G047,G039,-3.3156305e-06,-1
G058,G018,-3.319433e-06,-1
G089,G011,-3.3513631e-06,-1
G077,G067,-3.3795072e-06,-1
G024,G033,-3.4819623e-06,-1
G007,G071,-3.5110602e-06,-1
G056,G092,-3.539709e-06,-1
G080,G088,-3.5677485e-06,-1
G037,G099,-3.5858334e-06,-1
G010,G084,-3.5986598e-06,-1
G014,G015,-3.7116938e-06,-1
G077,G071,-3.7173752e-06,-1
G055,G021,-3.7363568e-06,-1
G096,G048,-3.791536e-06,-1
G045,G023,-3.832445e-06,-1
G044,G092,-3.8554545e-06,-1
G003,G088,-3.8765165e-06,-1
G052,G026,-3.8848357e-06,-1
G075,G070,-3.959148e-06,-1
G025,G088,-4.1661e-06,-1
G035,G013,-4.240476e-06,-1
G017,G067,-4.24321e-06,-1
G058,G062,-4.300771e-06,-1
G050,G068,-4.3580444e-06,-1
G012,G003,-4.412322e-06,-1
G021,G037,-4.451689e-06,-1
G033,G007,-4.507784e-06,-1
G066,G036,-4.5177253e-06,-1
G067,G068,-4.675154e-06,-1
G068,G035,-4.6941063e-06,-1
G043,G005,-4.773823e-06,-1
G017,G015,-4.8327524e-06,-1
G029,G080,-4.9961855e-06,-1
G053,G046,-5.096218e-06,-1
G068,G037,-5.248322e-06,-1
G001,G023,-5.2510345e-06,-1
G063,G083,-5.508816e-06,-1
G045,G095,-5.564901e-06,-1
G082,G004,-5.645121e-06,-1
G004,G038,-5.6634485e-06,-1
G080,G012,-5.699261e-06,-1
G012,G077,-5.702003e-06,-1
G014,G036,-5.7348757e-06,-1
G050,G055,-5.779906e-06,-1
G055,G084,-5.7825887e-06,-1
G071,G027,-5.7891853e-06,-1
G027,G085,-5.9283734e-06,-1
G047,G056,-5.9491654e-06,-1
G087,G049,-5.9854506e-06,-1
G044,G095,-6.0966318e-06,-1
G035,G049,-6.1480323e-06,-1
G068,G061,-6.1974993e-06,-1
G079,G036,-6.2995286e-06,-1
G027,G075,-6.3339185e-06,-1
G040,G074,-6.344076e-06,-1
G033,G067,-6.361734e-06,-1
G004,G093,-6.370051e-06,-1
G083,G061,-6.3710618e-06,-1
G078,G023,-6.5105664e-06,-1
G001,G055,-6.6294424e-06,-1
G009,G083,-6.6358953e-06,-1
G068,G063,-6.7337037e-06,-1
G028,G032,-6.797821e-06,-1
G084,G066,-6.8064223e-06,-1
G038,G068,-6.812929e-06,-1
G099,G029,-6.833072e-06,-1
G023,G005,-6.9607163e-06,-1
G065,G027,-6.9853204e-06,-1
G059,G038,-7.0377437e-06,-1
G061,G055,-7.056039e-06,-1
G001,G049,-7.0972023e-06,-1
G059,G021,-7.132374e-06,-1
G074,G028,-7.1689274e-06,-1
G096,G032,-7.1793606e-06,-1
G037,G068,-7.3496167e-06,-1
G077,G014,-7.3604238e-06,-1
G004,G076,-7.3737324e-06,-1
G071,G065,-7.4250006e-06,-1
G030,G099,-7.426144e-06,-1
G048,G067,-7.514534e-06,-1
G011,G047,-7.5966154e-06,-1
G098,G025,-7.6022284e-06,-1
G046,G025,-7.637127e-06,-1
G003,G065,-7.644211e-06,-1
G097,G030,-7.759059e-06,-1
G036,G078,-7.840305e-06,-1
G043,G018,-7.913452e-06,-1
G004,G083,-7.914299e-06,-1
G065,G021,-7.918332e-06,-1
G053,G070,-7.963757e-06,-1
G001,G070,-8.007014e-06,-1
G037,G044,-8.080806e-06,-1
G075,G023,-8.153231e-06,-1
G069,G015,-8.190632e-06,-1
G010,G022,-8.2352835e-06,-1
G058,G074,-8.380067e-06,-1
G028,G023,-8.3896175e-06,-1
G099,G042,-8.521174e-06,-1
G034,G023,-8.577154e-06,-1
G034,G065,-8.604209e-06,-1
G064,G079,-8.707842e-06,-1
G038,G051,-8.728797e-06,-1
G028,G063,-8.770605e-06,-1
G035,G100,-8.805786e-06,-1
G067,G060,-8.897208e-06,-1
G009,G012,-8.9231435e-06,-1
G013,G017,-8.963069e-06,-1
G028,G095,-8.9927435e-06,-1
G046,G026,-9.021474e-06,-1
G007,G020,-9.077907e-06,-1
G028,G025,-9.088559e-06,-1
G071,G063,-9.090907e-06,-1
G035,G045,-9.122872e-06,-1
G052,G055,-9.144464e-06,-1
G033,G023,-9.18625e-06,-1
G050,G032,-9.215901e-06,-1
G023,G027,-9.25377e-06,-1
G029,G033,-9.282029e-06,-1
G095,G097,-9.285189e-06,-1
G005,G071,-9.288014e-06,-1
G023,G002,-9.353486e-06,-1
G059,G062,-9.479047e-06,-1
G035,G097,-9.4834095e-06,-1
G051,G035,-9.541546e-06,-1
G048,G060,-9.639406e-06,-1
G046,G032,-9.660848e-06,-1
G089,G043,-9.662463e-06,-1
G080,G095,-9.697581e-06,-1
G006,G028,-9.754427e-06,-1
G049,G008,-9.772976e-06,-1
G025,G055,-9.773894e-06,-1
G029,G006,-9.860242e-06,-1
G050,G084,-1.0093126e-05,-1
G045,G081,-1.0094755e-05,-1
G052,G034,-1.0095316e-05,-1
G100,G036,-1.016261e-05,-1
G001,G068,-1.0196096e-05,-1
G096,G045,-1.022126e-05,-1
G043,G058,-1.023399e-05,-1
G096,G059,-1.0266575e-05,-1
G003,G012,-1.032127e-05,-1
G039,G044,-1.0453896e-05,-1
G034,G045,-1.04658e-05,-1
G028,G006,-1.0493817e-05,-1
G067,G014,-1.0498429e-05,-1
G054,G033,-1.0509009e-05,-1
G050,G066,-1.0548183e-05,-1
G075,G030,-1.0591861e-05,-1
G004,G003,-1.0623016e-05,-1
G045,G039,-1.078306e-05,-1
G023,G026,-1.0824923e-05,-1
G010,G009,-1.0833032e-05,-1
G053,G074,-1.0835759e-05,-1
G027,G067,-1.08456425e-05,-1
G014,G047,-1.0854749e-05,-1
G038,G055,-1.0868496e-05,-1
G081,G034,-1.10263045e-05,-1
G025,G046,-1.10269575e-05,-1
G078,G099,-1.107873e-05,-1
G014,G084,-1.1093877e-05,-1
G035,G019,-1.1097873e-05,-1
G082,G078,-1.12557955e-05,-1
G098,G005,-1.12603175e-05,-1
G003,G023,-1.1306631e-05,-1
G075,G017,-1.1306643e-05,-1
G027,G068,-1.1425519e-05,-1
G062,G037,-1.1437455e-05,-1
G039,G093,-1.1679237e-05,-1
G020,G022,-1.1687117e-05,-1
G092,G082,-1.1704716e-05,-1
G057,G056,-1.1800828e-05,-1
G032,G016,-1.1806321e-05,-1
G059,G074,-1.1846736e-05,-1
G066,G051,-1.189489e-05,-1
G029,G061,-1.1912854e-05,-1
G084,G024,-1.199036e-05,-1
G098,G002,-1.1999223e-05,-1
G068,G047,-1.2052052e-05,-1
G007,G031,-1.2223981e-05,-1
G033,G073,-1.2335943e-05,-1
G069,G085,-1.2349962e-05,-1
G001,G058,-1.2463663e-05,-1
G084,G041,-1.2566527e-05,-1
G034,G014,-1.2593371e-05,-1
G015,G032,-1.2642161e-05,-1
G080,G070,-1.26439045e-05,-1
G022,G044,-1.2702733e-05,-1
G057,G099,-1.2738643e-05,-1
G030,G072,-1.2779027e-05,-1
G094,G056,-1.290733e-05,-1
G033,G068,-1.2961514e-05,-1
G037,G026,-1.3042772e-05,-1
G010,G042,-1.3194167e-05,-1
G025,G053,-1.3255409e-05,-1
G084,G070,-1.33127705e-05,-1
G027,G036,-1.3322026e-05,-1
G001,G088,-1.3425673e-05,-1
G050,G001,-1.3425847e-05,-1
G069,G036,-1.3450715e-05,-1
G047,G021,-1.3464626e-05,-1
G086,G100,-1.3466602e-05,-1
G069,G054,-1.34925085e-05,-1
G074,G018,-1.3569094e-05,-1
G088,G083,-1.3583266e-05,-1
G082,G059,-1.3588505e-05,-1
G025,G032,-1.3618905e-05,-1
G024,G073,-1.3654705e-05,-1
G087,G095,-1.3665255e-05,-1
G087,G025,-1.366821e-05,-1
G087,G093,-1.3771088e-05,-1
G021,G029,-1.3796619e-05,-1
G030,G055,-1.3812508e-05,-1
G017,G064,-1.3896922e-05,-1
G024,G055,-1.3980973e-05,-1
G025,G042,-1.4087713e-05,-1
G010,G002,-1.4111018e-05,-1
G059,G047,-1.4127395e-05,-1
G076,G078,-1.4150295e-05,-1
G057,G016,-1.42202025e-05,-1
G047,G053,-1.4227672e-05,-1
G005,G072,-1.4237957e-05,-1
G038,G021,-1.4282348e-05,-1
G087,G053,-1.4295859e-05,-1
G053,G063,-1.4409706e-05,-1
G036,G016,-1.4464154e-05,-1
G014,G074,-1.4494572e-05,-1
G012,G025,-1.4546455e-05,-1
G100,G005,-1.455824e-05,-1
G042,G064,-1.4560742e-05,-1
G018,G017,-1.45755e-05,-1
G061,G086,-1.466259e-05,-1
G055,G054,-1.467474e-05,-1
G046,G099,-1.4675948e-05,-1
G028,G016,-1.470011e-05,-1
G055,G037,-1.4705914e-05,-1
G038,G044,-1.4797136e-05,-1
G081,G068,-1.4865766e-05,-1
G061,G099,-1.4878922e-05,-1
G068,G009,-1.4910222e-05,-1
G006,G046,-1.4922995e-05,-1
G047,G060,-1.4940303e-05,-1
G085,G087,-1.5012028e-05,-1
G037,G013,-1.5027635e-05,-1
G081,G095,-1.5159898e-05,-1
G005,G082,-1.5166054e-05,-1
G012,G036,-1.5193941e-05,-1
G053,G088,-1.5197769e-05,-1
G045,G050,-1.5245407e-05,-1
G011,G049,-1.5289655e-05,-1
G045,G026,-1.5384076e-05,-1
G066,G078,-1.5391426e-05,-1
G080,G037,-1.5454933e-05,-1
G068,G092,-1.5456635e-05,-1
G044,G038,-1.546942e-05,-1
G048,G076,-1.551106e-05,-1
G047,G017,-1.5548052e-05,-1
G037,G009,-1.5628033e-05,-1
G030,G054,-1.5667161e-05,-1
G041,G091,-1.5952224e-05,-1
G006,G073,-1.6079593e-05,-1
G077,G027,-1.6089436e-05,-1
G098,G052,-1.6114373e-05,-1
G037,G035,-1.6187807e-05,-1
G030,G091,-1.6203021e-05,-1
G035,G066,-1.6231654e-05,-1
G056,G021,-1.6240014e-05,-1
G061,G085,-1.6290725e-05,-1
G001,G050,-1.6432828e-05,-1
G088,G078,-1.6535985e-05,-1
G025,G028,-1.6571461e-05,-1
G010,G070,-1.6587655e-05,-1
G011,G012,-1.665193e-05,-1
G086,G064,-1.669777e-05,-1
G057,G005,-1.6713077e-05,-1
G035,G084,-1.6792337e-05,-1
G047,G091,-1.6796226e-05,-1
G100,G032,-1.6855105e-05,-1
G006,G068,-1.6855609e-05,-1
G075,G083,-1.6856751e-05,-1
G005,G055,-1.6961598e-05,-1
G098,G018,-1.7040313e-05,-1
G028,G045,-1.705613e-05,-1
G002,G069,-1.706307e-05,-1
G052,G098,-1.7110915e-05,-1
G092,G095,-1.7138074e-05,-1
G024,G012,-1.7173226e-05,-1
G079,G067,-1.7180697e-05,-1
G055,G080,-1.720181e-05,-1
G095,G026,-1.7357172e-05,-1
G036,G033,-1.7387349e-05,-1
G028,G050,-1.7433338e-05,-1
G078,G049,-1.7455508e-05,-1
G068,G078,-1.7456483e-05,-1
G087,G002,-1.7501796e-05,-1
G024,G029,-1.7570594e-05,-1
G066,G098,-1.761497e-05,-1
G044,G064,-1.7701574e-05,-1
G048,G045,-1.7728195e-05,-1
G092,G086,-1.7746765e-05,-1
G024,G066,-1.7872444e-05,-1
G095,G066,-1.7902532e-05,-1
G036,G073,-1.7910384e-05,-1
G082,G070,-1.7924667e-05,-1
G078,G075,-1.7931801e-05,-1
G068,G051,-1.7948138e-05,-1
G075,G092,-1.801047e-05,-1
G053,G038,-1.8186565e-05,-1
G038,G094,-1.8207875e-05,-1
G068,G086,-1.827505e-05,-1
G019,G084,-1.8298131e-05,-1
G064,G078,-1.8347524e-05,-1
G073,G068,-1.8392679e-05,-1
G029,G003,-1.8478931e-05,-1
G005,G026,-1.8554143e-05,-1
G027,G023,-1.855713e-05,-1
G005,G048,-1.8560235e-05,-1
G072,G052,-1.8564455e-05,-1
G080,G011,-1.870233e-05,-1
G061,G096,-1.8753019e-05,-1
G005,G029,-1.8768855e-05,-1
G090,G045,-1.881881e-05,-1
G057,G091,-1.8821765e-05,-1
G024,G016,-1.8837087e-05,-1
G047,G024,-1.8855655e-05,-1
G100,G082,-1.8862698e-05,-1
G013,G002,-1.8877225e-05,-1
G083,G067,-1.8910185e-05,-1
G061,G049,-1.8942126e-05,-1
G071,G080,-1.8971881e-05,-1
G005,G051,-1.8990917e-05,-1
G028,G037,-1.9090963e-05,-1
G075,G073,-1.909129e-05,-1
G100,G093,-1.910589e-05,-1
G021,G045,-1.9115982e-05,-1
G048,G063,-1.9118888e-05,-1
G057,G049,-1.9218312e-05,-1
G063,G037,-1.9267323e-05,-1
G017,G095,-1.944355e-05,-1
G078,G026,-1.950324e-05,-1
G082,G073,-1.9508067e-05,-1
G069,G037,-1.9558045e-05,-1
G056,G086,-1.9684278e-05,-1
G087,G051,-1.9694411e-05,-1
G003,G015,-1.9698135e-05,-1
G004,G071,-1.9773295e-05,-1
G036,G060,-1.9792398e-05,-1
G016,G029,-1.9793777e-05,-1
G034,G022,-1.9822064e-05,-1
G017,G084,-1.9831627e-05,-1
G043,G009,-1.984707e-05,-1
G017,G008,-1.9862426e-05,-1
G085,G095,-1.9880426e-05,-1
G044,G003,-1.9962627e-05,-1
G096,G029,-2.0017005e-05,-1
G053,G009,-2.0058644e-05,-1
G050,G038,-2.0086065e-05,-1
G063,G054,-2.014034e-05,-1
G062,G016,-2.017399e-05,-1
G066,G039,-2.0264468e-05,-1
G077,G060,-2.0294556e-05,-1
G059,G041,-2.0349466e-05,-1
G033,G032,-2.038291e-05,-1
G057,G095,-2.0394136e-05,-1
G089,G009,-2.0472215e-05,-1
G010,G071,-2.0474128e-05,-1
G065,G068,-2.0492635e-05,-1
G090,G056,-2.0498539e-05,-1
G062,G083,-2.0532312e-05,-1
G051,G020,-2.0616408e-05,-1
G028,G052,-2.0644455e-05,-1
G090,G055,-2.0711092e-05,-1
G059,G009,-2.0737789e-05,-1
G094,G078,-2.0812358e-05,-1
G072,G020,-2.0813917e-05,-1
G085,G045,-2.0822881e-05,-1
G040,G045,-2.0824269e-05,-1
G068,G012,-2.0873134e-05,-1
G070,G021,-2.0873593e-05,-1
G049,G002,-2.0883643e-05,-1
G056,G094,-2.0907826e-05,-1
G039,G020,-2.0908816e-05,-1
G063,G025,-2.1005824e-05,-1
G048,G085,-2.1096508e-05,-1
G043,G029,-2.110122e-05,-1
G058,G033,-2.113955e-05,-1
G084,G040,-2.1152024e-05,-1
G002,G088,-2.1180236e-05,-1
G008,G093,-2.1264876e-05,-1
G074,G053,-2.128537e-05,-1
G004,G074,-2.1320473e-05,-1
G047,G020,-2.1344882e-05,-1
G044,G002,-2.1463427e-05,-1
G047,G045,-2.148107e-05,-1
G018,G043,-2.149937e-05,-1
G014,G065,-2.1514317e-05,-1
G041,G093,-2.1515043e-05,-1
G059,G057,-2.1555928e-05,-1
G007,G049,-2.1623742e-05,-1
G029,G088,-2.1743566e-05,-1
G022,G045,-2.176293e-05,-1
G062,G070,-2.182036e-05,-1
G053,G018,-2.1853384e-05,-1
G084,G035,-2.1914686e-05,-1
G069,G007,-2.207224e-05,-1
G046,G012,-2.2100832e-05,-1
G059,G026,-2.2150274e-05,-1
G057,G043,-2.2263632e-05,-1
G059,G085,-2.2266911e-05,-1
G080,G022,-2.2278067e-05,-1
G050,G025,-2.2368155e-05,-1
G014,G004,-2.2409578e-05,-1
G015,G045,-2.2474198e-05,-1
G015,G029,-2.254435e-05,-1
G083,G017,-2.2566264e-05,-1
G083,G070,-2.2595123e-05,-1
G068,G034,-2.2620023e-05,-1
G080,G027,-2.2690725e-05,-1
G047,G025,-2.2711245e-05,-1
G069,G087,-2.273659e-05,-1
G057,G070,-2.2762315e-05,-1
G025,G022,-2.2765495e-05,-1
G045,G067,-2.2798788e-05,-1
G009,G047,-2.2821027e-05,-1
G082,G005,-2.2864178e-05,-1
G005,G034,-2.2880895e-05,-1
G017,G070,-2.29285e-05,-1
G052,G073,-2.2931614e-05,-1
G007,G036,-2.2963999e-05,-1
G081,G054,-2.3017432e-05,-1
G095,G033,-2.3027125e-05,-1
G094,G069,-2.3080083e-05,-1
G036,G025,-2.311663e-05,-1
G046,G066,-2.3153896e-05,-1
G055,G018,-2.3162951e-05,-1
G088,G032,-2.3175593e-05,-1
G062,G055,-2.32053e-05,-1
G004,G054,-2.3214763e-05,-1
G061,G084,-2.3245517e-05,-1
G074,G044,-2.331294e-05,-1
G081,G080,-2.335441e-05,-1
G046,G087,-2.337878e-05,-1
G069,G016,-2.3406687e-05,-1
G028,G099,-2.350827e-05,-1
G024,G082,-2.356037e-05,-1
G086,G015,-2.3718583e-05,-1
G069,G062,-2.375298e-05,-1
G002,G047,-2.3758517e-05,-1
G028,G008,-2.3768565e-05,-1
G037,G092,-2.3780585e-05,-1
G089,G039,-2.3885113e-05,-1
G024,G075,-2.4104513e-05,-1
G042,G093,-2.4303992e-05,-1
G057,G050,-2.432573e-05,-1
G013,G095,-2.432955e-05,-1
G085,G012,-2.4334158e-05,-1
G010,G073,-2.4337203e-05,-1
G086,G077,-2.4382212e-05,-1
G079,G061,-2.4438268e-05,-1
G057,G074,-2.4533938e-05,-1
G001,G092,-2.453705e-05,-1
G069,G080,-2.4557388e-05,-1
G028,G092,-2.4617191e-05,-1
G076,G028,-2.4640523e-05,-1
G030,G015,-2.4707691e-05,-1
G036,G049,-2.4826018e-05,-1
G024,G023,-2.485507e-05,-1
G062,G028,-2.510988e-05,-1
G013,G052,-2.5168882e-05,-1
G035,G086,-2.5307827e-05,-1
G094,G090,-2.5422392e-05,-1
G009,G038,-2.5563711e-05,-1
G089,G005,-2.5585117e-05,-1
G034,G089,-2.5606945e-05,-1
G058,G099,-2.5610541e-05,-1
G002,G025,-2.5635112e-05,-1
G090,G098,-2.5652367e-05,-1
G059,G071,-2.5764179e-05,-1
G048,G086,-2.5825317e-05,-1
G079,G034,-2.5836724e-05,-1
G003,G076,-2.5853282e-05,-1
G010,G063,-2.5925856e-05,-1
G079,G064,-2.5941235e-05,-1
G062,G044,-2.5969002e-05,-1
G088,G016,-2.6083455e-05,-1
G069,G049,-2.612811e-05,-1
G036,G080,-2.6149766e-05,-1
G045,G063,-2.6169235e-05,-1
G099,G021,-2.6282743e-05,-1
G030,G059,-2.6307927e-05,-1
G025,G037,-2.6345966e-05,-1
G011,G018,-2.6361298e-05,-1
G043,G022,-2.640911e-05,-1
G048,G083,-2.6414034e-05,-1
G067,G089,-2.6414204e-05,-1
G034,G021,-2.650052e-05,-1
G068,G011,-2.6601574e-05,-1
G083,G058,-2.6658616e-05,-1
G013,G015,-2.6742126e-05,-1
G080,G044,-2.6787606e-05,-1
G082,G063,-2.6897591e-05,-1
G057,G073,-2.6996635e-05,-1
G015,G017,-2.701519e-05,-1
G057,G047,-2.7029657e-05,-1
G038,G099,-2.7072949e-05,-1
G059,G024,-2.708105e-05,-1
G023,G029,-2.708236e-05,-1
G016,G084,-2.7106318e-05,-1
G055,G049,-2.7110433e-05,-1
G046,G055,-2.7146658e-05,-1
G098,G071,-2.7156295e-05,-1
G081,G098,-2.7186048e-05,-1
G094,G064,-2.7273305e-05,-1
G084,G087,-2.727433e-05,-1
G099,G087,-2.7300424e-05,-1
G086,G061,-2.7339916e-05,-1
G083,G071,-2.7350894e-05,-1
G092,G024,-2.7362988e-05,-1
G076,G018,-2.7409425e-05,-1
G017,G047,-2.7461241e-05,-1
G005,G004,-2.7482041e-05,-1
G062,G080,-2.7537455e-05,-1
G050,G003,-2.7564003e-05,-1
G053,G060,-2.762085e-05,-1
G031,G067,-2.7637034e-05,-1
G002,G059,-2.766006e-05,-1
G003,G013,-2.7668135e-05,-1
G090,G091,-2.7795295e-05,-1
G020,G004,-2.7799111e-05,-1
G016,G100,-2.7896936e-05,-1
G017,G057,-2.7912967e-05,-1
G019,G013,-2.8012235e-05,-1
G070,G006,-2.8022769e-05,-1
G059,G028,-2.8071301e-05,-1
G083,G016,-2.8115535e-05,-1
G014,G018,-2.8141494e-05,-1
G031,G073,-2.8237057e-05,-1
G074,G072,-2.8305158e-05,-1
G024,G038,-2.835291e-05,-1
G047,G051,-2.837449e-05,-1
G050,G015,-2.838021e-05,-1
G007,G028,-2.849084e-05,-1
G009,G018,-2.8491822e-05,-1
G045,G043,-2.8581362e-05,-1
G053,G089,-2.8596327e-05,-1
G018,G064,-2.871844e-05,-1
G072,G021,-2.8821312e-05,-1
G081,G084,-2.8935327e-05,-1
G062,G034,-2.8948416e-05,-1
G041,G016,-2.9043695e-05,-1
G068,G098,-2.9144638e-05,-1
G025,G051,-2.9154573e-05,-1
G072,G018,-2.9172625e-05,-1
G052,G003,-2.91973e-05,-1
G097,G049,-2.9269771e-05,-1
G061,G091,-2.9277251e-05,-1
G098,G069,-2.9334022e-05,-1
G047,G099,-2.9430148e-05,-1
G059,G037,-2.9450817e-05,-1
G050,G058,-2.9452774e-05,-1
G024,G008,-2.9544008e-05,-1
G022,G029,-2.9595614e-05,-1
G084,G016,-2.9637798e-05,-1
G053,G054,-2.9638315e-05,-1
G018,G073,-2.9656963e-05,-1
G076,G047,-2.9688466e-05,-1
G024,G045,-2.9729628e-05,-1
G087,G063,-2.9747327e-05,-1
G078,G063,-2.9773424e-05,-1
G061,G093,-2.984513e-05,-1
G024,G017,-2.9860827e-05,-1
G069,G074,-2.9882916e-05,-1
G062,G066,-2.9936238e-05,-1
G059,G080,-3.0093086e-05,-1
G018,G061,-3.0164863e-05,-1
G003,G033,-3.0220384e-05,-1
G073,G044,-3.0225296e-05,-1
G039,G022,-3.0374238e-05,-1
G003,G032,-3.0399355e-05,-1
G027,G018,-3.0405497e-05,-1
G011,G030,-3.0414894e-05,-1
G058,G036,-3.0472262e-05,-1
G052,G068,-3.0487321e-05,-1
G039,G060,-3.0529158e-05,-1
G050,G018,-3.0536718e-05,-1
G062,G088,-3.055844e-05,-1
G097,G053,-3.0569703e-05,-1
G026,G025,-3.062821e-05,-1
G012,G061,-3.0675506e-05,-1
G015,G011,-3.0719737e-05,-1
G015,G042,-3.073578e-05,-1
G087,G023,-3.0782703e-05,-1
G080,G021,-3.0796942e-05,-1
G012,G068,-3.081479e-05,-1
G040,G073,-3.0817177e-05,-1
G061,G078,-3.0825224e-05,-1
G063,G071,-3.0834217e-05,-1
G097,G015,-3.093194e-05,-1
G006,G063,-3.0953932e-05,-1
G080,G097,-3.1039872e-05,-1
G007,G100,-3.1226777e-05,-1
G001,G080,-3.1302283e-05,-1
G089,G002,-3.131414e-05,-1
G086,G009,-3.136533e-05,-1
G068,G048,-3.1490432e-05,-1
G006,G062,-3.151463e-05,-1
G012,G009,-3.1606432e-05,-1
G029,G015,-3.174018e-05,-1
G046,G050,-3.185921e-05,-1
G052,G023,-3.1926837e-05,-1
G058,G078,-3.1993997e-05,-1
G053,G077,-3.201837e-05,-1
G022,G006,-3.2026852e-05,-1
G015,G092,-3.2066622e-05,-1
G038,G092,-3.209346e-05,-1
G059,G043,-3.210826e-05,-1
G023,G068,-3.2144275e-05,-1
G057,G068,-3.216989e-05,-1
G028,G049,-3.2194654e-05,-1
G067,G036,-3.226744e-05,-1
G041,G027,-3.2273914e-05,-1
G043,G061,-3.2331813e-05,-1
G086,G092,-3.234194e-05,-1
G052,G043,-3.235614e-05,-1
G014,G088,-3.2492142e-05,-1
G010,G014,-3.2687112e-05,-1
G044,G024,-3.2702646e-05,-1
G074,G080,-3.273954e-05,-1
G056,G075,-3.2767235e-05,-1
G063,G053,-3.2990236e-05,-1
G069,G004,-3.3017168e-05,-1
G049,G034,-3.3059132e-05,-1
G038,G063,-3.311584e-05,-1
G050,G061,-3.3247896e-05,-1
G022,G020,-3.332517e-05,-1
G083,G066,-3.3351163e-05,-1
G069,G099,-3.3352415e-05,-1
G072,G064,-3.338929e-05,-1
G007,G066,-3.340811e-05,-1
G006,G092,-3.3418277e-05,-1
G072,G027,-3.3440003e-05,-1
G015,G099,-3.3444398e-05,-1
G061,G076,-3.3483153e-05,-1
G024,G083,-3.348316e-05,-1
G074,G071,-3.357275e-05,-1
G006,G095,-3.3631786e-05,-1
G056,G046,-3.364713e-05,-1
G009,G027,-3.3680535e-05,-1
G033,G038,-3.3686603e-05,-1
G041,G054,-3.3762593e-05,-1
G086,G046,-3.3783133e-05,-1
G094,G044,-3.3806667e-05,-1
G063,G011,-3.3831795e-05,-1
G094,G036,-3.3851826e-05,-1
G001,G096,-3.385671e-05,-1
G069,G063,-3.3869634e-05,-1
G076,G099,-3.3889206e-05,-1
G048,G077,-3.402645e-05,-1
G080,G077,-3.4072327e-05,-1
G068,G067,-3.430076e-05,-1
G010,G047,-3.4399618e-05,-1
G067,G074,-3.4407407e-05,-1
G061,G070,-3.4474477e-05,-1
G031,G016,-3.4881632e-05,-1
G036,G068,-3.488731e-05,-1
G091,G029,-3.495983e-05,-1
G069,G092,-3.498461e-05,-1
G026,G003,-3.5228724e-05,-1
G071,G018,-3.527782e-05,-1
G050,G070,-3.5409197e-05,-1
G057,G039,-3.5442645e-05,-1
G047,G004,-3.5493824e-05,-1
G080,G038,-3.5541416e-05,-1
G061,G077,-3.5564215e-05,-1
G071,G032,-3.5572775e-05,-1
G036,G097,-3.5711924e-05,-1
G096,G084,-3.5718833e-05,-1
G029,G016,-3.5743866e-05,-1
G017,G050,-3.5841465e-05,-1
G033,G070,-3.5878198e-05,-1
G037,G098,-3.597909e-05,-1
G091,G030,-3.6028912e-05,-1
G038,G011,-3.606312e-05,-1
G029,G021,-3.606635e-05,-1
G015,G025,-3.607253e-05,-1
G058,G077,-3.610088e-05,-1
G069,G033,-3.617013e-05,-1
G016,G032,-3.6204812e-05,-1
G005,G059,-3.6236663e-05,-1
G074,G038,-3.6252382e-05,-1
G065,G005,-3.6287878e-05,-1
G092,G087,-3.638902e-05,-1
G001,G091,-3.6433925e-05,-1
G021,G050,-3.6549438e-05,-1
G098,G068,-3.66064e-05,-1
G089,G055,-3.682245e-05,-1
G068,G036,-3.6842357e-05,-1
G023,G073,-3.6855443e-05,-1
G023,G060,-3.6867856e-05,-1
G013,G008,-3.690511e-05,-1
G018,G028,-3.698425e-05,-1
G018,G045,-3.7010308e-05,-1
G083,G021,-3.7027345e-05,-1
G039,G027,-3.704431e-05,-1
G046,G063,-3.706009e-05,-1
G018,G049,-3.716924e-05,-1
G087,G073,-3.71759e-05,-1
G035,G008,-3.720932e-05,-1
G057,G040,-3.7224458e-05,-1
G042,G060,-3.723392e-05,-1
G074,G097,-3.7239104e-05,-1
G065,G089,-3.7263046e-05,-1
G012,G039,-3.7365313e-05,-1
G074,G070,-3.736581e-05,-1
G058,G080,-3.736833e-05,-1
G011,G037,-3.742794e-05,-1
G034,G032,-3.7449146e-05,-1
G001,G062,-3.7449794e-05,-1
G033,G066,-3.74724e-05,-1
G079,G076,-3.758679e-05,-1
G100,G058,-3.7682446e-05,-1
G033,G047,-3.7801827e-05,-1
G018,G042,-3.7813108e-05,-1
G094,G018,-3.789507e-05,-1
G095,G029,-3.7904694e-05,-1
G089,G021,-3.793375e-05,-1
G062,G030,-3.796313e-05,-1
G074,G037,-3.810905e-05,-1
G023,G004,-3.81758e-05,-1
G003,G067,-3.821146e-05,-1
G041,G071,-3.8255086e-05,-1
G008,G023,-3.8298436e-05,-1
G004,G087,-3.8410315e-05,-1
G080,G053,-3.855543e-05,-1
G009,G074,-3.8625712e-05,-1
G076,G017,-3.872732e-05,-1
G072,G012,-3.8778267e-05,-1
G017,G083,-3.8787377e-05,-1
G025,G026,-3.882243e-05,-1
G079,G024,-3.8835205e-05,-1
G043,G094,-3.8915776e-05,-1
G071,G066,-3.8934075e-05,-1
G012,G097,-3.893797e-05,-1
G100,G061,-3.8938648e-05,-1
G069,G012,-3.9134167e-05,-1
G046,G061,-3.9252092e-05,-1
G090,G041,-3.9295897e-05,-1
G080,G002,-3.9374103e-05,-1
G015,G088,-3.941133e-05,-1
G017,G054,-3.9411476e-05,-1
G007,G057,-3.951687e-05,-1
G084,G012,-3.954019e-05,-1
G004,G070,-3.957788e-05,-1
G057,G065,-3.9611758e-05,-1
G009,G088,-3.9659793e-05,-1
G051,G033,-3.983165e-05,-1
G057,G054,-3.986992e-05,-1
G001,G095,-3.991479e-05,-1
G047,G080,-4.0005638e-05,-1
G070,G002,-4.002689e-05,-1
G016,G067,-4.0043753e-05,-1
G005,G067,-4.020494e-05,-1
G098,G063,-4.0226445e-05,-1
G047,G095,-4.0324838e-05,-1
G086,G005,-4.0423878e-05,-1
G018,G083,-4.0458315e-05,-1
G067,G077,-4.0548275e-05,-1
G072,G058,-4.0567364e-05,-1
G057,G067,-4.060242e-05,-1
G030,G032,-4.064626e-05,-1
G027,G032,-4.0656018e-05,-1
G023,G062,-4.0766306e-05,-1
G025,G005,-4.0769843e-05,-1
G034,G068,-4.0803377e-05,-1
G041,G021,-4.0890583e-05,-1
G082,G045,-4.1024767e-05,-1
G001,G016,-4.1066553e-05,-1
G012,G011,-4.1151205e-05,-1
G053,G091,-4.131257e-05,-1
G072,G008,-4.1333347e-05,-1
G062,G048,-4.1363914e-05,-1
G080,G074,-4.145921e-05,-1
G011,G071,-4.155739e-05,-1
G016,G017,-4.1737443e-05,-1
G036,G006,-4.176094e-05,-1
G053,G093,-4.1806943e-05,-1
G021,G027,-4.1814837e-05,-1
G026,G018,-4.1870233e-05,-1
G034,G092,-4.188788e-05,-1
G080,G075,-4.2020507e-05,-1
G021,G074,-4.2033545e-05,-1
G024,G068,-4.2048734e-05,-1
G037,G036,-4.2111038e-05,-1
G072,G065,-4.2153573e-05,-1
G087,G032,-4.219096e-05,-1
G078,G067,-4.2224172e-05,-1
G002,G070,-4.2229774e-05,-1
G094,G038,-4.2240215e-05,-1
G022,G070,-4.2245956e-05,-1
G011,G066,-4.227905e-05,-1
G074,G091,-4.232626e-05,-1
G093,G017,-4.2394575e-05,-1
G069,G089,-4.2423555e-05,-1
G080,G045,-4.253658e-05,-1
G072,G086,-4.2536994e-05,-1
G021,G047,-4.2539632e-05,-1
G089,G045,-4.2549917e-05,-1
G055,G038,-4.2674434e-05,-1
G078,G014,-4.2703712e-05,-1
G018,G080,-4.2771684e-05,-1
G001,G014,-4.278774e-05,-1
G083,G092,-4.291459e-05,-1
G087,G080,-4.2953103e-05,-1
G074,G050,-4.295761e-05,-1
G055,G088,-4.2959015e-05,-1
G043,G028,-4.2974814e-05,-1
G036,G098,-4.300182e-05,-1
G059,G029,-4.3070468e-05,-1
G022,G098,-4.312142e-05,-1
G091,G037,-4.3132008e-05,-1
G059,G010,-4.319794e-05,-1
G052,G069,-4.3232852e-05,-1
G100,G070,-4.3243e-05,-1
G027,G069,-4.3318167e-05,-1
G063,G036,-4.3335243e-05,-1
G061,G052,-4.33641e-05,-1
G023,G036,-4.3364504e-05,-1
G036,G091,-4.3413835e-05,-1
G094,G045,-4.3482534e-05,-1
G029,G043,-4.3507822e-05,-1
G074,G022,-4.3609045e-05,-1
G007,G099,-4.3649037e-05,-1
G078,G017,-4.367689e-05,-1
G058,G054,-4.3778873e-05,-1
G037,G038,-4.379368e-05,-1
G039,G003,-4.3827557e-05,-1
G099,G023,-4.3876647e-05,-1
G071,G068,-4.3879285e-05,-1
G080,G003,-4.3889075e-05,-1
G087,G018,-4.4004584e-05,-1
G021,G038,-4.4011496e-05,-1
G003,G038,-4.4120083e-05,-1
G007,G054,-4.4148488e-05,-1
G047,G092,-4.4161476e-05,-1
G082,G060,-4.4162993e-05,-1
G002,G019,-4.417079e-05,-1
G063,G002,-4.423911e-05,-1
G071,G078,-4.4326804e-05,-1
G089,G022,-4.4343236e-05,-1
G051,G026,-4.4439425e-05,-1
G083,G088,-4.4457993e-05,-1
G075,G033,-4.448228e-05,-1
G053,G087,-4.4492543e-05,-1
G080,G059,-4.4501743e-05,-1
G013,G075,-4.4532946e-05,-1
G010,G033,-4.460061e-05,-1
G029,G023,-4.4646808e-05,-1
G064,G047,-4.476139e-05,-1
G035,G039,-4.4893484e-05,-1
G021,G024,-4.494383e-05,-1
G059,G078,-4.496823e-05,-1
G068,G017,-4.4974688e-05,-1
G083,G060,-4.500052e-05,-1
G053,G064,-4.5110064e-05,-1
G080,G058,-4.5214554e-05,-1
G017,G051,-4.5226992e-05,-1
G069,G075,-4.525982e-05,-1
G066,G018,-4.539752e-05,-1
G072,G029,-4.5431185e-05,-1
G025,G059,-4.544391e-05,-1
G025,G084,-4.5494602e-05,-1
G063,G058,-4.5522862e-05,-1
G085,G002,-4.5555324e-05,-1
G062,G092,-4.5588986e-05,-1
G057,G059,-4.5646862e-05,-1
G003,G016,-4.568125e-05,-1
G059,G060,-4.5825538e-05,-1
G062,G038,-4.58414e-05,-1
G001,G069,-4.5908233e-05,-1
G051,G064,-4.5914687e-05,-1
G007,G046,-4.591944e-05,-1
G071,G008,-4.593124e-05,-1
G036,G055,-4.5957077e-05,-1
G004,G005,-4.595782e-05,-1
G056,G076,-4.602039e-05,-1
G077,G061,-4.603655e-05,-1
G073,G050,-4.6056095e-05,-1
G097,G016,-4.6093206e-05,-1
G090,G002,-4.609681e-05,-1
G005,G064,-4.6157835e-05,-1
G038,G061,-4.6165198e-05,-1
G073,G053,-4.622906e-05,-1
G068,G005,-4.62373e-05,-1
G004,G089,-4.6239693e-05,-1
G063,G046,-4.6282523e-05,-1
G081,G047,-4.6347177e-05,-1
G078,G024,-4.6375233e-05,-1
G029,G020,-4.6412293e-05,-1
G009,G051,-4.646529e-05,-1
G082,G050,-4.652038e-05,-1
G073,G003,-4.6612564e-05,-1
G018,G003,-4.6630434e-05,-1
G017,G060,-4.6660494e-05,-1
G027,G052,-4.667922e-05,-1
G080,G017,-4.6782246e-05,-1
G068,G050,-4.6803038e-05,-1
G027,G078,-4.6818473e-05,-1
G074,G029,-4.6831592e-05,-1
G087,G089,-4.685344e-05,-1
G062,G014,-4.6928428e-05,-1
G016,G009,-4.693706e-05,-1
G074,G027,-4.695591e-05,-1
G028,G039,-4.6976005e-05,-1
G089,G075,-4.6993402e-05,-1
G007,G011,-4.718245e-05,-1
G098,G080,-4.7186866e-05,-1
G018,G021,-4.7263067e-05,-1
G027,G038,-4.7375965e-05,-1
G036,G084,-4.7435056e-05,-1
G055,G008,-4.7435296e-05,-1
G015,G071,-4.7467012e-05,-1
G062,G012,-4.749145e-05,-1
G001,G077,-4.7579913e-05,-1
G082,G003,-4.7587404e-05,-1
G086,G067,-4.7646117e-05,-1
G083,G086,-4.7674213e-05,-1
G012,G037,-4.768316e-05,-1
G083,G029,-4.769344e-05,-1
G018,G007,-4.7899786e-05,-1
G062,G060,-4.7931542e-05,-1
G041,G003,-4.802613e-05,-1
G089,G046,-4.8076192e-05,-1
G049,G029,-4.8112128e-05,-1
G005,G017,-4.818787e-05,-1
G055,G022,-4.8213595e-05,-1
G087,G099,-4.8251837e-05,-1
G004,G026,-4.8374233e-05,-1
G100,G075,-4.841173e-05,-1
G087,G034,-4.8436308e-05,-1
G059,G063,-4.8468617e-05,-1
G071,G025,-4.848019e-05,-1
G003,G063,-4.8480444e-05,-1
G024,G020,-4.8540838e-05,-1
G023,G061,-4.8639613e-05,-1
G036,G067,-4.8639653e-05,-1
G087,G061,-4.8662965e-05,-1
G004,G049,-4.8674177e-05,-1
G041,G073,-4.8725513e-05,-1
G009,G054,-4.8742513e-05,-1
G082,G054,-4.881413e-05,-1
G096,G051,-4.8863858e-05,-1
G036,G045,-4.8928723e-05,-1
G005,G047,-4.9080765e-05,-1
G043,G036,-4.9085844e-05,-1
G004,G050,-4.9140835e-05,-1
G002,G063,-4.9329934e-05,-1
G028,G068,-4.9395458e-05,-1
G083,G001,-4.956065e-05,-1
G026,G027,-4.957138e-05,-1
G018,G071,-4.967813e-05,-1
G091,G093,-4.9694678e-05,-1
G015,G038,-4.9704737e-05,-1
G007,G023,-4.9721824e-05,-1
G010,G056,-4.977902e-05,-1
G037,G022,-4.980554e-05,-1
G086,G022,-4.981228e-05,-1
G044,G082,-4.982826e-05,-1
G013,G054,-4.984919e-05,-1
G052,G017,-4.9904844e-05,-1
G037,G017,-4.9922764e-05,-1
G014,G091,-4.9937284e-05,-1
G057,G041,-4.9978797e-05,-1
G025,G039,-4.9997565e-05,-1
G021,G055,-5.0032057e-05,-1
G092,G043,-5.005189e-05,-1
G005,G012,-5.0054714e-05,-1
G006,G069,-5.0065348e-05,-1
G100,G035,-5.0091476e-05,-1
G061,G043,-5.015701e-05,-1
G011,G088,-5.0257633e-05,-1
G067,G063,-5.028094e-05,-1
G012,G046,-5.030163e-05,-1
G008,G053,-5.0318293e-05,-1
G080,G005,-5.0331546e-05,-1
G039,G089,-5.0341896e-05,-1
G086,G006,-5.0398023e-05,-1
G001,G054,-5.0417457e-05,-1
G091,G035,-5.0485465e-05,-1
G065,G073,-5.0529066e-05,-1
G022,G016,-5.0636663e-05,-1
G071,G054,-5.0653798e-05,-1
G018,G022,-5.0664064e-05,-1
G018,G038,-5.0706036e-05,-1
G069,G019,-5.073728e-05,-1
G040,G015,-5.076537e-05,-1
G045,G055,-5.077522e-05,-1
G026,G065,-5.0860945e-05,-1
G055,G016,-5.0930503e-05,-1
G080,G083,-5.094281e-05,-1
G048,G065,-5.097703e-05,-1
G097,G083,-5.0981937e-05,-1
G041,G002,-5.0989143e-05,-1
G002,G049,-5.1047642e-05,-1
G069,G032,-5.1053485e-05,-1
G025,G054,-5.105366e-05,-1
G055,G078,-5.1057486e-05,-1
G063,G018,-5.1074785e-05,-1
G089,G067,-5.1080897e-05,-1
G015,G048,-5.1174855e-05,-1
G036,G071,-5.119982e-05,-1
G081,G077,-5.1234365e-05,-1
G004,G061,-5.1280404e-05,-1
G071,G062,-5.131737e-05,-1
G051,G003,-5.132384e-05,-1
G092,G062,-5.1351974e-05,-1
G095,G077,-5.144871e-05,-1
G053,G032,-5.1453302e-05,-1
G044,G039,-5.152254e-05,-1
G005,G073,-5.169653e-05,-1
G094,G095,-5.17505e-05,-1
G036,G046,-5.1862116e-05,-1
G068,G066,-5.1933566e-05,-1
G031,G077,-5.1976487e-05,-1
G083,G093,-5.2006526e-05,-1
G071,G089,-5.2123174e-05,-1
G015,G005,-5.2155334e-05,-1
G072,G074,-5.2171243e-05,-1
G080,G024,-5.2260402e-05,-1
G059,G003,-5.2290725e-05,-1
G034,G058,-5.2443953e-05,-1
G059,G018,-5.247141e-05,-1
G046,G037,-5.251307e-05,-1
G036,G054,-5.253316e-05,-1
G028,G011,-5.2614432e-05,-1
G055,G093,-5.2723062e-05,-1
G077,G011,-5.272477e-05,-1
G025,G036,-5.2733543e-05,-1
G086,G095,-5.2742325e-05,-1
G069,G014,-5.281339e-05,-1
G078,G011,-5.2856387e-05,-1
G088,G045,-5.2916137e-05,-1
G015,G070,-5.296762e-05,-1
G034,G018,-5.2972053e-05,-1
G038,G023,-5.3022228e-05,-1
G097,G061,-5.30891e-05,-1
G034,G080,-5.310856e-05,-1
G094,G092,-5.3122465e-05,-1
G083,G024,-5.3163785e-05,-1
G013,G048,-5.329187e-05,-1
G061,G066,-5.332268e-05,-1
G079,G051,-5.334414e-05,-1
G023,G051,-5.3465083e-05,-1
G072,G062,-5.3484597e-05,-1
G082,G067,-5.3551415e-05,-1
G063,G088,-5.3565866e-05,-1
G009,G066,-5.3627715e-05,-1
G017,G066,-5.3667234e-05,-1
G037,G080,-5.372866e-05,-1
G017,G027,-5.374896e-05,-1
G058,G014,-5.377169e-05,-1
G082,G085,-5.3783915e-05,-1
G068,G064,-5.379367e-05,-1
G066,G035,-5.3795036e-05,-1
G059,G098,-5.3819487e-05,-1
G036,G061,-5.3873897e-05,-1
G032,G037,-5.3916814e-05,-1
G025,G015,-5.3920714e-05,-1
G036,G064,-5.393459e-05,-1
G076,G086,-5.3964683e-05,-1
G015,G002,-5.397527e-05,-1
G069,G083,-5.4093038e-05,-1
G021,G012,-5.4103966e-05,-1
G098,G023,-5.412289e-05,-1
G020,G099,-5.4136788e-05,-1
G080,G032,-5.415405e-05,-1
G086,G068,-5.416571e-05,-1
G030,G036,-5.417539e-05,-1
G086,G063,-5.418224e-05,-1
G043,G085,-5.427331e-05,-1
G014,G061,-5.4279553e-05,-1
G071,G003,-5.4292508e-05,-1
G016,G047,-5.434842e-05,-1
G071,G049,-5.4396183e-05,-1
G088,G004,-5.441567e-05,-1
G077,G055,-5.4415836e-05,-1
G062,G071,-5.4566215e-05,-1
G028,G026,-5.4598557e-05,-1
G068,G015,-5.4599266e-05,-1
G016,G043,-5.463479e-05,-1
G028,G088,-5.4644213e-05,-1
G091,G055,-5.4653057e-05,-1
G094,G021,-5.4718013e-05,-1
G097,G022,-5.472103e-05,-1
G087,G026,-5.475099e-05,-1
G090,G063,-5.4760665e-05,-1
G050,G071,-5.477605e-05,-1
G075,G025,-5.4779655e-05,-1
G052,G061,-5.4780954e-05,-1
G080,G066,-5.4842654e-05,-1
G092,G052,-5.484377e-05,-1
G085,G011,-5.489115e-05,-1
G059,G049,-5.4904616e-05,-1
G003,G092,-5.4944852e-05,-1
G097,G018,-5.4966196e-05,-1
G065,G080,-5.4977645e-05,-1
G005,G075,-5.4986347e-05,-1
G007,G055,-5.501207e-05,-1
G058,G075,-5.5062246e-05,-1
G015,G084,-5.5068907e-05,-1
G062,G011,-5.5169185e-05,-1
G014,G006,-5.5274155e-05,-1
G041,G088,-5.5340286e-05,-1
G022,G054,-5.5367538e-05,-1
G091,G065,-5.5418004e-05,-1
G032,G020,-5.543196e-05,-1
G065,G074,-5.543907e-05,-1
G074,G067,-5.5449585e-05,-1
G014,G025,-5.545132e-05,-1
G032,G044,-5.550015e-05,-1
G011,G055,-5.557446e-05,-1
G055,G089,-5.5633715e-05,-1
G071,G014,-5.5644545e-05,-1
G014,G039,-5.566226e-05,-1
G034,G066,-5.5679662e-05,-1
G002,G051,-5.5780725e-05,-1
G076,G048,-5.579333e-05,-1
G027,G062,-5.5794553e-05,-1
G021,G016,-5.586329e-05,-1
G002,G055,-5.5962668e-05,-1
G051,G040,-5.6002806e-05,-1
G005,G074,-5.6012137e-05,-1
G063,G026,-5.6040742e-05,-1
G014,G077,-5.60803e-05,-1
G002,G018,-5.609267e-05,-1
G054,G098,-5.6126715e-05,-1
G048,G031,-5.622664e-05,-1
G072,G083,-5.6233195e-05,-1
G087,G024,-5.6331803e-05,-1
G058,G069,-5.6381898e-05,-1
G058,G046,-5.641081e-05,-1
G081,G015,-5.6468234e-05,-1
G067,G085,-5.6522083e-05,-1
G065,G002,-5.6602305e-05,-1
G023,G083,-5.6631976e-05,-1
G039,G061,-5.6636392e-05,-1
G097,G003,-5.6692385e-05,-1
G001,G093,-5.6716934e-05,-1
G052,G086,-5.6766017e-05,-1
G007,G009,-5.68556e-05,-1
G069,G024,-5.6931513e-05,-1
G065,G093,-5.7021145e-05,-1
G013,G033,-5.7048004e-05,-1
G015,G080,-5.7120345e-05,-1
G012,G074,-5.7162626e-05,-1
G001,G037,-5.720983e-05,-1
G083,G080,-5.7267716e-05,-1
G080,G067,-5.7461464e-05,-1
G059,G091,-5.7464917e-05,-1
G046,G085,-5.7540994e-05,-1
G098,G082,-5.7551937e-05,-1
G078,G088,-5.761976e-05,-1
G041,G063,-5.7646386e-05,-1
G079,G046,-5.7748744e-05,-1
G034,G038,-5.7841644e-05,-1
G008,G070,-5.7855807e-05,-1
G008,G065,-5.7863173e-05,-1
G005,G070,-5.7875433e-05,-1
G041,G029,-5.787549e-05,-1
G057,G011,-5.7908714e-05,-1
G098,G078,-5.7939345e-05,-1
G010,G058,-5.805434e-05,-1
G013,G088,-5.8072113e-05,-1
G083,G032,-5.809742e-05,-1
G030,G083,-5.8139187e-05,-1
G080,G073,-5.8140762e-05,-1
G072,G044,-5.8281672e-05,-1
G099,G011,-5.839727e-05,-1
G039,G099,-5.845251e-05,-1
G084,G014,-5.8540285e-05,-1
G013,G068,-5.865511e-05,-1
G034,G083,-5.8685284e-05,-1
G082,G089,-5.8769587e-05,-1
G028,G085,-5.8858164e-05,-1
G034,G086,-5.886457e-05,-1
G081,G030,-5.88911e-05,-1
G059,G033,-5.8942835e-05,-1
G066,G053,-5.8983063e-05,-1
G067,G025,-5.9008365e-05,-1
G047,G037,-5.9039612e-05,-1
G053,G023,-5.928228e-05,-1
G005,G050,-5.9305105e-05,-1
G029,G024,-5.9330978e-05,-1
G095,G076,-5.9415965e-05,-1
G069,G023,-5.948204e-05,-1
G023,G064,-5.9484602e-05,-1
G011,G016,-5.94893e-05,-1
G038,G095,-5.9605783e-05,-1
G004,G088,-5.971956e-05,-1
G034,G054,-5.973796e-05,-1
G009,G063,-5.9798167e-05,-1
G009,G092,-5.9817372e-05,-1
G005,G030,-5.9831444e-05,-1
G057,G072,-5.9873742e-05,-1
G041,G033,-5.988393e-05,-1
G056,G095,-5.993542e-05,-1
G050,G037,-5.9953552e-05,-1
G034,G063,-5.9966573e-05,-1
G018,G039,-5.9975235e-05,-1
G027,G091,-6.009644e-05,-1
G017,G076,-6.0161496e-05,-1
G098,G079,-6.0195547e-05,-1
G087,G038,-6.020721e-05,-1
G007,G091,-6.0221122e-05,-1
G058,G067,-6.036153e-05,-1
G010,G083,-6.0439037e-05,-1
G095,G043,-6.0507784e-05,-1
G034,G077,-6.0544415e-05,-1
G087,G011,-6.0597773e-05,-1
G085,G036,-6.0614035e-05,-1
G068,G081,-6.0639028e-05,-1
G053,G003,-6.073262e-05,-1
G074,G011,-6.074567e-05,-1
G070,G049,-6.0753988e-05,-1
G041,G059,-6.0784354e-05,-1
G065,G078,-6.0790368e-05,-1
G058,G029,-6.0801405e-05,-1
G080,G062,-6.0830094e-05,-1
G073,G070,-6.0856717e-05,-1
G003,G052,-6.092163e-05,-1
G080,G063,-6.1110826e-05,-1
G042,G029,-6.111256e-05,-1
G035,G001,-6.113363e-05,-1
G005,G049,-6.114057e-05,-1
G072,G045,-6.1227256e-05,-1
G071,G047,-6.1266386e-05,-1
G011,G023,-6.141391e-05,-1
G023,G015,-6.147364e-05,-1
G029,G063,-6.14745e-05,-1
G069,G009,-6.1554994e-05,-1
G033,G092,-6.1593906e-05,-1
G098,G054,-6.165043e-05,-1
G077,G078,-6.165256e-05,-1
G004,G080,-6.1713596e-05,-1
G021,G067,-6.1717445e-05,-1
G099,G078,-6.1778e-05,-1
G008,G098,-6.187318e-05,-1
G005,G057,-6.189396e-05,-1
G041,G089,-6.1942796e-05,-1
G023,G053,-6.2026185e-05,-1
G090,G088,-6.2092746e-05,-1
G084,G075,-6.210606e-05,-1
G030,G040,-6.2147425e-05,-1
G036,G089,-6.221874e-05,-1
G033,G085,-6.222279e-05,-1
G100,G099,-6.225799e-05,-1
G036,G093,-6.231104e-05,-1
G007,G050,-6.2339794e-05,-1
G044,G023,-6.2407504e-05,-1
G027,G011,-6.2450374e-05,-1
G083,G097,-6.248292e-05,-1
G048,G046,-6.249538e-05,-1
G005,G076,-6.254124e-05,-1
G090,G039,-6.2547224e-05,-1
G009,G002,-6.2566374e-05,-1
G066,G007,-6.262038e-05,-1
G082,G074,-6.264199e-05,-1
G094,G026,-6.2678926e-05,-1
G080,G071,-6.2837826e-05,-1
G037,G041,-6.286805e-05,-1
G062,G017,-6.291304e-05,-1
G030,G022,-6.299484e-05,-1
G047,G023,-6.300162e-05,-1
G098,G074,-6.3089064e-05,-1
G014,G058,-6.318959e-05,-1
G006,G043,-6.322396e-05,-1
G003,G057,-6.3268606e-05,-1
G079,G033,-6.332266e-05,-1
G012,G062,-6.3347e-05,-1
G088,G014,-6.335295e-05,-1
G027,G040,-6.339427e-05,-1
G069,G039,-6.3409236e-05,-1
G018,G055,-6.3445244e-05,-1
G091,G088,-6.345516e-05,-1
G084,G061,-6.3530475e-05,-1
G024,G071,-6.354891e-05,-1
G099,G073,-6.358596e-05,-1
G072,G070,-6.3654086e-05,-1
G013,G074,-6.381371e-05,-1
G010,G074,-6.38898e-05,-1
G008,G088,-6.39056e-05,-1
G032,G053,-6.391131e-05,-1
G057,G038,-6.3928805e-05,-1
G062,G073,-6.398375e-05,-1
G097,G071,-6.401364e-05,-1
G069,G011,-6.404474e-05,-1
G012,G056,-6.414641e-05,-1
G022,G051,-6.420843e-05,-1
G065,G060,-6.421232e-05,-1
G062,G074,-6.422347e-05,-1
G040,G025,-6.431689e-05,-1
G067,G029,-6.433392e-05,-1
G006,G100,-6.439045e-05,-1
G023,G011,-6.444766e-05,-1
G027,G046,-6.447541e-05,-1
G098,G016,-6.4513e-05,-1
G089,G068,-6.453486e-05,-1
G080,G099,-6.4571024e-05,-1
G057,G042,-6.4619846e-05,-1
G083,G008,-6.4673804e-05,-1
G052,G039,-6.469206e-05,-1
G071,G015,-6.485156e-05,-1
G038,G004,-6.487731e-05,-1
G075,G055,-6.490011e-05,-1
G094,G008,-6.4920816e-05,-1
G047,G028,-6.492881e-05,-1
G058,G037,-6.4930326e-05,-1
G082,G049,-6.494071e-05,-1
G045,G008,-6.5048705e-05,-1
G095,G015,-6.505362e-05,-1
G055,G068,-6.516537e-05,-1
G033,G059,-6.516845e-05,-1
G020,G059,-6.517012e-05,-1
G058,G081,-6.521983e-05,-1
G074,G088,-6.52783e-05,-1
G010,G050,-6.530189e-05,-1
G087,G045,-6.530358e-05,-1
G075,G050,-6.532675e-05,-1
G023,G080,-6.533631e-05,-1
G100,G011,-6.534954e-05,-1
G062,G050,-6.5381246e-05,-1
G068,G058,-6.539462e-05,-1
G093,G009,-6.5403474e-05,-1
G083,G023,-6.543717e-05,-1
G010,G027,-6.5473156e-05,-1
G078,G036,-6.551227e-05,-1
G039,G002,-6.557588e-05,-1
G085,G063,-6.559753e-05,-1
G008,G005,-6.5706154e-05,-1
G080,G085,-6.575011e-05,-1
G015,G050,-6.5785185e-05,-1
G046,G069,-6.5960376e-05,-1
G094,G083,-6.601012e-05,-1
G002,G014,-6.601168e-05,-1
G024,G060,-6.605527e-05,-1
G040,G068,-6.607486e-05,-1
G059,G012,-6.6102635e-05,-1
G065,G022,-6.611754e-05,-1
G015,G068,-6.612634e-05,-1
G001,G081,-6.6128785e-05,-1
G050,G073,-6.626181e-05,-1
G080,G069,-6.629214e-05,-1
G021,G030,-6.638154e-05,-1
G091,G059,-6.640042e-05,-1
G005,G053,-6.650514e-05,-1
G041,G049,-6.657564e-05,-1
G038,G073,-6.6770706e-05,-1
G098,G070,-6.684761e-05,-1
G036,G076,-6.6851615e-05,-1
G028,G021,-6.691488e-05,-1
G021,G018,-6.700396e-05,-1
G090,G044,-6.7031884e-05,-1
G016,G037,-6.7041365e-05,-1
G002,G097,-6.708769e-05,-1
G068,G084,-6.71126e-05,-1
G059,G064,-6.7126624e-05,-1
G021,G083,-6.7254696e-05,-1
G014,G023,-6.7286805e-05,-1
G023,G030,-6.729237e-05,-1
G011,G093,-6.7442495e-05,-1
G097,G088,-6.7449706e-05,-1
G033,G095,-6.749495e-05,-1
G048,G073,-6.751476e-05,-1
G039,G092,-6.7533496e-05,-1
G078,G058,-6.768499e-05,-1
G050,G069,-6.773688e-05,-1
G038,G032,-6.777689e-05,-1
G044,G063,-6.7902554e-05,-1
G013,G067,-6.7936744e-05,-1
G050,G092,-6.799597e-05,-1
G071,G099,-6.806682e-05,-1
G074,G096,-6.808971e-05,-1
G055,G092,-6.80978e-05,-1
G072,G005,-6.812587e-05,-1
G054,G076,-6.813717e-05,-1
G017,G065,-6.818734e-05,-1
G005,G035,-6.823828e-05,-1
G062,G061,-6.827124e-05,-1
G097,G074,-6.827361e-05,-1
G018,G026,-6.835372e-05,-1
G005,G087,-6.8434594e-05,-1
G022,G053,-6.852155e-05,-1
G070,G016,-6.857104e-05,-1
G099,G006,-6.857383e-05,-1
G043,G076,-6.865422e-05,-1
G005,G098,-6.866384e-05,-1
G055,G026,-6.872225e-05,-1
G084,G042,-6.873485e-05,-1
G041,G011,-6.880726e-05,-1
G003,G050,-6.881094e-05,-1
G086,G014,-6.9082904e-05,-1
G099,G026,-6.910766e-05,-1
G071,G011,-6.916814e-05,-1
G008,G073,-6.92978e-05,-1
G002,G071,-6.933608e-05,-1
G087,G055,-6.935046e-05,-1
G084,G065,-6.93769e-05,-1
G031,G085,-6.957458e-05,-1
G080,G015,-6.966225e-05,-1
G067,G005,-6.972037e-05,-1
G039,G026,-6.9725225e-05,-1
G052,G085,-6.984473e-05,-1
G095,G021,-7.00528e-05,-1
G031,G018,-7.008453e-05,-1
G013,G081,-7.0130955e-05,-1
G099,G071,-7.029942e-05,-1
G055,G067,-7.034059e-05,-1
G023,G074,-7.0371774e-05,-1
G038,G091,-7.039372e-05,-1
G037,G040,-7.042455e-05,-1
G011,G026,-7.045992e-05,-1
G038,G065,-7.051847e-05,-1
G024,G058,-7.053468e-05,-1
G061,G008,-7.0546055e-05,-1
G097,G045,-7.056451e-05,-1
G008,G080,-7.059395e-05,-1
G039,G070,-7.064393e-05,-1
G055,G065,-7.067889e-05,-1
G043,G006,-7.0699825e-05,-1
G015,G022,-7.079089e-05,-1
G010,G036,-7.082536e-05,-1
G072,G059,-7.086215e-05,-1
G072,G053,-7.09574e-05,-1
G010,G069,-7.0970615e-05,-1
G034,G044,-7.097667e-05,-1
G078,G041,-7.101185e-05,-1
G072,G082,-7.105097e-05,-1
G001,G098,-7.1051974e-05,-1
G021,G073,-7.1139046e-05,-1
G010,G012,-7.1156246e-05,-1
G091,G053,-7.118739e-05,-1
G016,G036,-7.1193586e-05,-1
G028,G091,-7.1217066e-05,-1
G043,G051,-7.1336784e-05,-1
G044,G098,-7.134677e-05,-1
G070,G044,-7.150258e-05,-1
G015,G077,-7.152288e-05,-1
G046,G094,-7.158227e-05,-1
G005,G036,-7.159533e-05,-1
G031,G038,-7.165271e-05,-1
G015,G014,-7.1658236e-05,-1
G059,G011,-7.168841e-05,-1
G036,G018,-7.18078e-05,-1
G067,G030,-7.1810566e-05,-1
G074,G065,-7.186743e-05,-1
G014,G080,-7.189298e-05,-1
G003,G002,-7.196516e-05,-1
G013,G063,-7.20113e-05,-1
G061,G034,-7.2139e-05,-1
G022,G065,-7.2216695e-05,-1
G069,G026,-7.222988e-05,-1
G001,G087,-7.2232564e-05,-1
G017,G046,-7.225982e-05,-1
G033,G053,-7.2289775e-05,-1
G030,G058,-7.246984e-05,-1
G048,G074,-7.254454e-05,-1
G034,G064,-7.256571e-05,-1
G023,G069,-7.258915e-05,-1
G086,G098,-7.270659e-05,-1
G035,G004,-7.281092e-05,-1
G077,G092,-7.2874056e-05,-1
G062,G033,-7.2907904e-05,-1
G044,G050,-7.3029434e-05,-1
G075,G056,-7.307519e-05,-1
G034,G055,-7.316063e-05,-1
G018,G044,-7.3187715e-05,-1
G042,G073,-7.320296e-05,-1
G059,G097,-7.321533e-05,-1
G061,G082,-7.322377e-05,-1
G025,G074,-7.326309e-05,-1
G029,G065,-7.3334806e-05,-1
G021,G026,-7.336181e-05,-1
G089,G014,-7.3398856e-05,-1
G044,G057,-7.341603e-05,-1
G059,G055,-7.345658e-05,-1
G049,G018,-7.3491494e-05,-1
G074,G083,-7.360778e-05,-1
G042,G027,-7.364323e-05,-1
G027,G084,-7.371302e-05,-1
G065,G083,-7.374647e-05,-1
G077,G088,-7.377233e-05,-1
G055,G032,-7.383501e-05,-1
G033,G063,-7.384948e-05,-1
G042,G002,-7.3869836e-05,-1
G080,G023,-7.388086e-05,-1
G049,G078,-7.397228e-05,-1
G039,G005,-7.409608e-05,-1
G061,G011,-7.4177624e-05,-1
G011,G061,-7.4201234e-05,-1
G028,G002,-7.4219286e-05,-1
G082,G088,-7.428606e-05,-1
G015,G009,-7.438789e-05,-1
G069,G068,-7.441345e-05,-1
G078,G053,-7.441537e-05,-1
G077,G083,-7.4438816e-05,-1
G058,G050,-7.446677e-05,-1
G033,G030,-7.448284e-05,-1
G083,G033,-7.456753e-05,-1
G032,G030,-7.457767e-05,-1
G072,G063,-7.461551e-05,-1
G086,G094,-7.494944e-05,-1
G090,G038,-7.495094e-05,-1
G058,G016,-7.497366e-05,-1
G027,G059,-7.503671e-05,-1
G033,G046,-7.511226e-05,-1
G061,G089,-7.512245e-05,-1
G057,G025,-7.516869e-05,-1
G072,G067,-7.517607e-05,-1
G085,G034,-7.5194584e-05,-1
G099,G038,-7.5279364e-05,-1
G035,G042,-7.528134e-05,-1
G072,G060,-7.5379605e-05,-1
G022,G080,-7.537969e-05,-1
G088,G059,-7.5388205e-05,-1
G091,G049,-7.538986e-05,-1
G081,G069,-7.5409414e-05,-1
G027,G021,-7.541316e-05,-1
G056,G040,-7.5417294e-05,-1
G049,G022,-7.5462885e-05,-1
G033,G061,-7.546604e-05,-1
G008,G068,-7.549722e-05,-1
G078,G070,-7.5567405e-05,-1
G022,G004,-7.5612326e-05,-1
G010,G094,-7.565013e-05,-1
G068,G069,-7.5688855e-05,-1
G036,G005,-7.5988e-05,-1
G094,G049,-7.606396e-05,-1
G091,G068,-7.6099226e-05,-1
G033,G087,-7.622148e-05,-1
G097,G044,-7.628893e-05,-1
G080,G033,-7.630716e-05,-1
G082,G053,-7.6317054e-05,-1
G088,G005,-7.638591e-05,-1
G097,G005,-7.644194e-05,-1
G071,G067,-7.644665e-05,-1
G009,G006,-7.645228e-05,-1
G052,G082,-7.645579e-05,-1
G084,G043,-7.656121e-05,-1
G064,G076,-7.668667e-05,-1
G015,G058,-7.674758e-05,-1
G033,G028,-7.6775555e-05,-1
G016,G079,-7.6855824e-05,-1
G072,G087,-7.68561e-05,-1
G009,G011,-7.687985e-05,-1
G015,G098,-7.6889366e-05,-1
G081,G043,-7.6906166e-05,-1
G086,G048,-7.691795e-05,-1
G053,G058,-7.69624e-05,-1
G017,G043,-7.7010045e-05,-1
G071,G017,-7.702759e-05,-1
G036,G030,-7.7129574e-05,-1
G051,G083,-7.720604e-05,-1
G059,G099,-7.721628e-05,-1
G099,G059,-7.738484e-05,-1
G048,G024,-7.7419165e-05,-1
G036,G015,-7.743919e-05,-1
G091,G089,-7.7462224e-05,-1
G018,G059,-7.747343e-05,-1
G015,G026,-7.749523e-05,-1
G083,G004,-7.750085e-05,-1
G079,G095,-7.751783e-05,-1
G035,G025,-7.753723e-05,-1
G030,G039,-7.759137e-05,-1
G034,G028,-7.763216e-05,-1
G093,G055,-7.763869e-05,-1
G016,G095,-7.773536e-05,-1
G077,G085,-7.776446e-05,-1
G034,G039,-7.7772915e-05,-1
G051,G093,-7.7818026e-05,-1
G044,G052,-7.781913e-05,-1
G087,G092,-7.782713e-05,-1
G003,G087,-7.785194e-05,-1
G021,G095,-7.806347e-05,-1
G076,G094,-7.8089004e-05,-1
G020,G026,-7.8126315e-05,-1
G033,G071,-7.8202196e-05,-1
G020,G071,-7.821575e-05,-1
G007,G056,-7.823025e-05,-1
G047,G088,-7.82885e-05,-1
G063,G033,-7.828937e-05,-1
G097,G087,-7.8303594e-05,-1
G070,G083,-7.835608e-05,-1
G067,G080,-7.841495e-05,-1
G090,G084,-7.8416335e-05,-1
G016,G057,-7.8420555e-05,-1
G099,G049,-7.843384e-05,-1
G072,G016,-7.8494886e-05,-1
G080,G078,-7.849529e-05,-1
G005,G054,-7.853331e-05,-1
G074,G049,-7.857639e-05,-1
G062,G026,-7.859795e-05,-1
G007,G096,-7.869019e-05,-1
G063,G009,-7.870035e-05,-1
G047,G018,-7.8703604e-05,-1
G015,G089,-7.878254e-05,-1
G064,G033,-7.8837875e-05,-1
G005,G084,-7.888177e-05,-1
G077,G074,-7.895684e-05,-1
G085,G046,-7.89974e-05,-1
G003,G039,-7.89975e-05,-1
G083,G038,-7.902011e-05,-1
G002,G044,-7.90255e-05,-1
G072,G068,-7.9066966e-05,-1
G077,G099,-7.909401e-05,-1
G034,G027,-7.910745e-05,-1
G015,G067,-7.914353e-05,-1
G053,G065,-7.921731e-05,-1
G089,G071,-7.925424e-05,-1
G047,G083,-7.925806e-05,-1
G038,G078,-7.930855e-05,-1
G025,G085,-7.9326936e-05,-1
G077,G008,-7.934466e-05,-1
G042,G005,-7.937914e-05,-1
G038,G067,-7.955396e-05,-1
G018,G051,-7.960419e-05,-1
G071,G093,-7.9641155e-05,-1
G055,G087,-7.965068e-05,-1
G038,G025,-7.9658515e-05,-1
G052,G075,-7.966635e-05,-1
G042,G053,-7.966762e-05,-1
G100,G083,-7.966849e-05,-1
G086,G042,-7.9668804e-05,-1
G061,G064,-7.968879e-05,-1
G059,G100,-7.9705154e-05,-1
G053,G092,-7.9807294e-05,-1
G065,G055,-7.986764e-05,-1
G077,G075,-7.987158e-05,-1
G053,G073,-7.9879275e-05,-1
G020,G005,-7.9944075e-05,-1
G094,G029,-7.999316e-05,-1
G058,G094,-8.003483e-05,-1
G088,G074,-8.0044476e-05,-1
G015,G096,-8.0102654e-05,-1
G014,G089,-8.014405e-05,-1
G002,G064,-8.0158155e-05,-1
G069,G044,-8.026569e-05,-1
G098,G015,-8.039315e-05,-1
G058,G065,-8.043556e-05,-1
G072,G034,-8.045222e-05,-1
G061,G025,-8.047283e-05,-1
G022,G035,-8.060175e-05,-1
G061,G047,-8.061938e-05,-1
G079,G052,-8.063182e-05,-1
G061,G013,-8.0681275e-05,-1
G023,G046,-8.06848e-05,-1
G097,G023,-8.068539e-05,-1
G034,G002,-8.0739264e-05,-1
G040,G067,-8.0747515e-05,-1
G010,G037,-8.0758764e-05,-1
G080,G054,-8.0766986e-05,-1
G024,G043,-8.077513e-05,-1
G022,G038,-8.084785e-05,-1
G034,G067,-8.087686e-05,-1
G040,G026,-8.087743e-05,-1
G047,G094,-8.087823e-05,-1
G096,G036,-8.0932085e-05,-1
G001,G079,-8.096131e-05,-1
G036,G011,-8.098199e-05,-1
G049,G094,-8.10436e-05,-1
G015,G013,-8.111861e-05,-1
G080,G049,-8.112272e-05,-1
G053,G094,-8.1132785e-05,-1
G068,G004,-8.1193015e-05,-1
G002,G015,-8.121467e-05,-1
G055,G035,-8.124255e-05,-1
G058,G073,-8.1252816e-05,-1
G099,G014,-8.1298575e-05,-1
G032,G059,-8.134518e-05,-1
G033,G056,-8.134641e-05,-1
G072,G099,-8.139198e-05,-1
G015,G059,-8.140205e-05,-1
G099,G060,-8.1406615e-05,-1
G008,G090,-8.1478145e-05,-1
G057,G086,-8.1517566e-05,-1
G020,G024,-8.160034e-05,-1
G058,G012,-8.1664024e-05,-1
G078,G003,-8.171337e-05,-1
G025,G011,-8.1784514e-05,-1
G027,G050,-8.18417e-05,-1
G001,G063,-8.197911e-05,-1
G041,G051,-8.1998136e-05,-1
G091,G026,-8.203771e-05,-1
G090,G034,-8.2046354e-05,-1
G080,G006,-8.204744e-05,-1
G013,G055,-8.207865e-05,-1
G023,G049,-8.2162675e-05,-1
G015,G036,-8.2223676e-05,-1
G021,G054,-8.222931e-05,-1
G084,G049,-8.23935e-05,-1
G021,G093,-8.244487e-05,-1
G022,G092,-8.2452585e-05,-1
G039,G085,-8.2473096e-05,-1
G004,G033,-8.2521576e-05,-1
G036,G026,-8.254595e-05,-1
G098,G030,-8.2548606e-05,-1
G062,G025,-8.2581e-05,-1
G090,G052,-8.260685e-05,-1
G059,G061,-8.2658094e-05,-1
G033,G039,-8.268383e-05,-1
G084,G100,-8.284298e-05,-1
G091,G050,-8.284323e-05,-1
G030,G096,-8.2864426e-05,-1
G060,G044,-8.288972e-05,-1
G042,G087,-8.2942795e-05,-1
G016,G028,-8.297672e-05,-1
G017,G037,-8.303402e-05,-1
G050,G054,-8.3059764e-05,-1
G001,G094,-8.306769e-05,-1
G030,G066,-8.320865e-05,-1
G010,G023,-8.3335864e-05,-1
G046,G077,-8.344511e-05,-1
G011,G015,-8.3455656e-05,-1
G083,G019,-8.3575105e-05,-1
G100,G014,-8.360171e-05,-1
G053,G066,-8.3622144e-05,-1
G084,G018,-8.3951265e-05,-1
G041,G042,-8.401031e-05,-1
G021,G088,-8.4030966e-05,-1
G055,G050,-8.411939e-05,-1
G023,G088,-8.419365e-05,-1
G093,G045,-8.422832e-05,-1
G080,G047,-8.435805e-05,-1
G017,G073,-8.4365034e-05,-1
G034,G011,-8.4614345e-05,-1
G001,G030,-8.474745e-05,-1
G021,G089,-8.482874e-05,-1
G099,G008,-8.4872496e-05,-1
G018,G040,-8.492138e-05,-1
G043,G082,-8.494963e-05,-1
G058,G053,-8.504279e-05,-1
G002,G073,-8.5094165e-05,-1
G030,G094,-8.5128915e-05,-1
G080,G014,-8.5147694e-05,-1
G039,G036,-8.524932e-05,-1
G011,G063,-8.528726e-05,-1
G020,G068,-8.530743e-05,-1
G082,G058,-8.545662e-05,-1
G040,G038,-8.554549e-05,-1
G056,G001,-8.5547435e-05,-1
G015,G040,-8.6090644e-05,-1
G020,G014,-8.609637e-05,-1
G027,G054,-8.612893e-05,-1
G089,G025,-8.615943e-05,-1
G050,G047,-8.6226435e-05,-1
G088,G092,-8.628245e-05,-1
G095,G034,-8.636757e-05,-1
G040,G011,-8.6456195e-05,-1
G003,G080,-8.647203e-05,-1
G097,G095,-8.658274e-05,-1
G027,G007,-8.663595e-05,-1
G094,G055,-8.6661676e-05,-1
G029,G044,-8.668527e-05,-1
G058,G032,-8.67845e-05,-1
G081,G040,-8.67938e-05,-1
G088,G068,-8.6829394e-05,-1
G097,G025,-8.6830194e-05,-1
G033,G004,-8.689669e-05,-1
G069,G050,-8.691321e-05,-1
G099,G083,-8.704801e-05,-1
G050,G080,-8.705762e-05,-1
G051,G059,-8.708727e-05,-1
G050,G075,-8.711764e-05,-1
G024,G088,-8.712398e-05,-1
G099,G022,-8.727732e-05,-1
G057,G058,-8.732026e-05,-1
G003,G078,-8.733222e-05,-1
G083,G084,-8.736681e-05,-1
G071,G038,-8.740669e-05,-1
G011,G068,-8.745158e-05,-1
G022,G083,-8.751511e-05,-1
G098,G008,-8.754726e-05,-1
G072,G095,-8.758386e-05,-1
G100,G024,-8.76561e-05,-1
G059,G088,-8.780565e-05,-1
G051,G073,-8.783578e-05,-1
G075,G036,-8.7901e-05,-1
G100,G033,-8.791753e-05,-1
G042,G022,-8.801602e-05,-1
G089,G038,-8.8026296e-05,-1
G059,G030,-8.8097666e-05,-1
G021,G087,-8.80996e-05,-1
G087,G017,-8.813461e-05,-1
G020,G029,-8.821302e-05,-1
G072,G071,-8.822189e-05,-1
G032,G058,-8.822429e-05,-1
G053,G049,-8.841506e-05,-1
G007,G086,-8.843958e-05,-1
G097,G014,-8.845077e-05,-1
G027,G034,-8.848404e-05,-1
G086,G021,-8.861071e-05,-1
G028,G030,-8.8612316e-05,-1
G077,G015,-8.8634566e-05,-1
G075,G024,-8.8778776e-05,-1
G059,G053,-8.8992645e-05,-1
G017,G091,-8.904774e-05,-1
G078,G080,-8.909055e-05,-1
G004,G073,-8.912587e-05,-1
G085,G030,-8.914412e-05,-1
G090,G082,-8.9225745e-05,-1
G031,G087,-8.923311e-05,-1
G071,G070,-8.92643e-05,-1
G050,G017,-8.929383e-05,-1
G087,G003,-8.9309906e-05,-1
G007,G069,-8.938992e-05,-1
G069,G094,-8.945881e-05,-1
G099,G047,-8.952007e-05,-1
G032,G061,-8.9524765e-05,-1
G007,G022,-8.9564135e-05,-1
G093,G027,-8.967809e-05,-1
G066,G017,-8.96823e-05,-1
G061,G036,-8.973121e-05,-1
G005,G065,-8.9767454e-05,-1
G062,G051,-8.9774774e-05,-1
G074,G073,-8.977638e-05,-1
G081,G082,-8.998385e-05,-1
G051,G022,-9.001174e-05,-1
G048,G075,-9.0027286e-05,-1
G082,G094,-9.005406e-05,-1
G040,G071,-9.011346e-05,-1
G007,G081,-9.013245e-05,-1
G052,G001,-9.01402e-05,-1
G016,G061,-9.028089e-05,-1
G096,G078,-9.0301626e-05,-1
G058,G087,-9.032389e-05,-1
G027,G019,-9.0372174e-05,-1
G056,G009,-9.037424e-05,-1
G082,G012,-9.0585054e-05,-1
G070,G008,-9.0647096e-05,-1
G034,G026,-9.0693036e-05,-1
G010,G085,-9.089814e-05,-1
G082,G095,-9.0936584e-05,-1
G017,G024,-9.097684e-05,-1
G071,G039,-9.1030946e-05,-1
G074,G033,-9.107442e-05,-1
G024,G080,-9.1075155e-05,-1
G064,G066,-9.1211165e-05,-1
G044,G084,-9.1291295e-05,-1
G020,G078,-9.145996e-05,-1
G048,G037,-9.151717e-05,-1
G043,G098,-9.152978e-05,-1
G059,G092,-9.1562e-05,-1
G063,G085,-9.156604e-05,-1
G086,G065,-9.1582864e-05,-1
G072,G049,-9.165889e-05,-1
G008,G026,-9.176247e-05,-1
G043,G099,-9.176452e-05,-1
G065,G070,-9.177737e-05,-1
G001,G065,-9.181503e-05,-1
G080,G036,-9.182943e-05,-1
G051,G039,-9.195276e-05,-1
G065,G050,-9.1970374e-05,-1
G003,G095,-9.2090006e-05,-1
G048,G014,-9.211173e-05,-1
G001,G082,-9.211444e-05,-1
G039,G053,-9.212594e-05,-1
G023,G071,-9.213891e-05,-1
G048,G061,-9.225078e-05,-1
G069,G073,-9.229374e-05,-1
G071,G016,-9.234538e-05,-1
G041,G022,-9.239341e-05,-1
G098,G087,-9.241012e-05,-1
G074,G026,-9.244017e-05,-1
G031,G011,-9.262372e-05,-1
G005,G046,-9.268404e-05,-1
G049,G021,-9.2812166e-05,-1
G012,G086,-9.283474e-05,-1
G055,G014,-9.286806e-05,-1
G022,G039,-9.28794e-05,-1
G013,G096,-9.295881e-05,-1
G005,G094,-9.303743e-05,-1
G064,G050,-9.318193e-05,-1
G060,G019,-9.319035e-05,-1
G083,G041,-9.32166e-05,-1
G017,G032,-9.325567e-05,-1
G027,G100,-9.337356e-05,-1
G088,G050,-9.363233e-05,-1
G098,G067,-9.367016e-05,-1
G005,G069,-9.368218e-05,-1
G039,G071,-9.378207e-05,-1
G075,G012,-9.384275e-05,-1
G011,G098,-9.393904e-05,-1
G033,G037,-9.394934e-05,-1
G080,G004,-9.397861e-05,-1
G011,G087,-9.398055e-05,-1
G073,G027,-9.40385e-05,-1
G055,G059,-9.4068695e-05,-1
G009,G080,-9.407109e-05,-1
G042,G070,-9.4080606e-05,-1
G097,G051,-9.415861e-05,-1
G069,G018,-9.4224975e-05,-1
G028,G080,-9.4225e-05,-1
G018,G093,-9.4319585e-05,-1
G021,G068,-9.435514e-05,-1
G072,G094,-9.437127e-05,-1
G100,G092,-9.445607e-05,-1
G078,G050,-9.446055e-05,-1
G054,G024,-9.447658e-05,-1
G086,G024,-9.475091e-05,-1
G011,G089,-9.480111e-05,-1
G021,G070,-9.487316e-05,-1
G085,G053,-9.4882766e-05,-1
G063,G051,-9.500476e-05,-1
G046,G008,-9.5027775e-05,-1
G067,G009,-9.506283e-05,-1
G059,G095,-9.510832e-05,-1
G059,G017,-9.51622e-05,-1
G058,G068,-9.517784e-05,-1
G021,G011,-9.5199066e-05,-1
G043,G093,-9.523596e-05,-1
G017,G100,-9.5247866e-05,-1
G081,G022,-9.5340954e-05,-1
G008,G055,-9.540462e-05,-1
G032,G026,-9.55109e-05,-1
G049,G073,-9.557508e-05,-1
G073,G093,-9.5589996e-05,-1
G076,G007,-9.560609e-05,-1
G086,G083,-9.574618e-05,-1
G097,G011,-9.575036e-05,-1
G039,G074,-9.579611e-05,-1
G088,G080,-9.581096e-05,-1
G003,G014,-9.58396e-05,-1
G039,G030,-9.592935e-05,-1
G071,G088,-9.603056e-05,-1
G041,G087,-9.629301e-05,-1
G071,G033,-9.631944e-05,-1
G058,G038,-9.642796e-05,-1
G041,G074,-9.6456635e-05,-1
G034,G094,-9.646587e-05,-1
G088,G018,-9.653187e-05,-1
G073,G021,-9.6723634e-05,-1
G018,G058,-9.673199e-05,-1
G037,G096,-9.676521e-05,-1
G050,G095,-9.686091e-05,-1
G032,G045,-9.6927244e-05,-1
G075,G065,-9.695196e-05,-1
G030,G026,-9.7078235e-05,-1
G086,G060,-9.710567e-05,-1
G034,G095,-9.716107e-05,-1
G012,G024,-9.717093e-05,-1
G073,G074,-9.728602e-05,-1
G080,G052,-9.732343e-05,-1
G081,G009,-9.735339e-05,-1
G091,G061,-9.747976e-05,-1
G012,G038,-9.75406e-05,-1
G080,G065,-9.754232e-05,-1
G010,G059,-9.757893e-05,-1
G043,G059,-9.765841e-05,-1
G050,G034,-9.767133e-05,-1
G026,G083,-9.7765624e-05,-1
G086,G054,-9.778433e-05,-1
G005,G039,-9.780057e-05,-1
G034,G050,-9.7945696e-05,-1
G030,G033,-9.805817e-05,-1
G011,G083,-9.808193e-05,-1
G018,G054,-9.8086246e-05,-1
G090,G067,-9.809417e-05,-1
G010,G081,-9.8165736e-05,-1
G083,G074,-9.8243734e-05,-1
G074,G093,-9.83494e-05,-1
G071,G055,-9.8353004e-05,-1
G041,G044,-9.843218e-05,-1
G088,G033,-9.849096e-05,-1
G020,G044,-9.852513e-05,-1
G080,G064,-9.8526165e-05,-1
G044,G078,-9.8562115e-05,-1
G030,G092,-9.868904e-05,-1
G097,G068,-9.879193e-05,-1
G077,G017,-9.8852135e-05,-1
G026,G077,-9.899741e-05,-1
G041,G070,-9.901691e-05,-1
G007,G039,-9.91265e-05,-1
G049,G080,-9.917865e-05,-1
G070,G059,-9.9356075e-05,-1
G038,G069,-9.953107e-05,-1
G081,G001,-9.95812e-05,-1
G041,G025,-9.959743e-05,-1
G002,G077,-9.966945e-05,-1
G061,G067,-9.9765435e-05,-1
G073,G083,-9.9769946e-05,-1
G085,G089,-9.9858575e-05,-1
G007,G098,-9.9932025e-05,-1
G070,G014,-9.9983125e-05,-1
G089,G060,-9.9995355e-05,-1
G022,G026,-0.00010007344,-1
G001,G052,-0.00010014557,-1
G035,G006,-0.000100199235,-1
G091,G073,-0.00010024303,-1
G098,G050,-0.00010028743,-1
G010,G049,-0.00010033499,-1
G086,G003,-0.000100423356,-1
G053,G006,-0.00010046993,-1
G055,G077,-0.000100544064,-1
G052,G081,-0.00010066206,-1
G007,G085,-0.000100665275,-1
G063,G038,-0.00010073348,-1
G027,G094,-0.000100855104,-1
G065,G014,-0.00010099225,-1
G041,G036,-0.00010108193,-1
G001,G085,-0.00010112654,-1
G082,G039,-0.00010128839,-1
G090,G050,-0.00010129145,-1
G084,G052,-0.000101294034,-1
G038,G047,-0.00010137936,-1
G063,G021,-0.000101437996,-1
G098,G073,-0.000101460304,-1
G090,G036,-0.00010152364,-1
G083,G036,-0.000101562495,-1
G091,G039,-0.00010163966,-1
G093,G078,-0.00010163996,-1
G065,G094,-0.00010164474,-1
G083,G030,-0.000101690435,-1
G065,G088,-0.00010170318,-1
G100,G088,-0.0001017082,-1
G099,G053,-0.000101775506,-1
G089,G037,-0.00010178128,-1
G084,G060,-0.000101868936,-1
G018,G070,-0.000101895756,-1
G030,G021,-0.00010189817,-1
G088,G060,-0.000101909754,-1
G039,G088,-0.00010199926,-1
G018,G088,-0.00010206159,-1
G077,G003,-0.00010206447,-1
G039,G094,-0.000102097,-1
G022,G059,-0.000102124366,-1
G051,G038,-0.00010218794,-1
G099,G028,-0.00010221109,-1
G086,G033,-0.00010229159,-1
G003,G090,-0.00010236419,-1
G009,G069,-0.000102392136,-1
G048,G032,-0.00010242907,-1
G037,G007,-0.000102483216,-1
G031,G027,-0.00010255741,-1
G052,G038,-0.000102560894,-1
G026,G020,-0.000102724814,-1
G012,G053,-0.00010281924,-1
G011,G084,-0.000102894315,-1
G047,G068,-0.00010300893,-1
G077,G034,-0.00010304757,-1
G011,G070,-0.000103128135,-1
G024,G098,-0.00010314992,-1
G088,G055,-0.00010318985,-1
G022,G087,-0.0001032198,-1
G044,G067,-0.00010326751,-1
G063,G050,-0.00010329041,-1
G033,G065,-0.00010330648,-1
G072,G050,-0.000103410275,-1
G069,G038,-0.000103469596,-1
G081,G028,-0.000103502294,-1
G020,G017,-0.000103508995,-1
G057,G023,-0.00010357819,-1
G093,G033,-0.00010361659,-1
G086,G078,-0.000103661354,-1
G018,G025,-0.000103674254,-1
G059,G001,-0.000103680875,-1
G072,G073,-0.000103758815,-1
G070,G042,-0.000103811835,-1
G030,G018,-0.00010384309,-1
G084,G037,-0.00010384572,-1
G015,G016,-0.00010386311,-1
G028,G047,-0.0001038714,-1
G003,G082,-0.00010387821,-1
G010,G051,-0.000103927254,-1
G039,G083,-0.00010394901,-1
G033,G080,-0.00010395924,-1
G025,G029,-0.00010400056,-1
G022,G014,-0.00010405762,-1
G072,G028,-0.00010406001,-1
G062,G099,-0.00010415852,-1
G041,G048,-0.00010421323,-1
G027,G013,-0.00010421395,-1
G082,G083,-0.0001042606,-1
G026,G078,-0.00010426521,-1
G007,G092,-0.00010426957,-1
G083,G059,-0.00010428017,-1
G083,G087,-0.000104291146,-1
G020,G070,-0.00010444473,-1
G066,G048,-0.00010448235,-1
G092,G033,-0.000104674895,-1
G049,G005,-0.00010474598,-1
G062,G035,-0.000104761224,-1
G068,G085,-0.000104810475,-1
G068,G094,-0.00010481231,-1
G059,G045,-0.000104870924,-1
G082,G024,-0.00010489336,-1
G050,G056,-0.00010491687,-1
G077,G049,-0.00010494449,-1
G018,G036,-0.00010496288,-1
G099,G089,-0.00010504139,-1
G048,G055,-0.000105176434,-1
G049,G006,-0.00010518565,-1
G085,G058,-0.00010523283,-1
G007,G073,-0.000105245956,-1
G027,G099,-0.000105355095,-1
G051,G091,-0.00010536294,-1
G028,G038,-0.000105365085,-1
G045,G084,-0.00010537432,-1
G067,G049,-0.0001054458,-1
G088,G071,-0.0001055028,-1
G043,G004,-0.000105537205,-1
G084,G058,-0.00010578622,-1
G100,G062,-0.00010588983,-1
G091,G017,-0.00010590609,-1
G043,G021,-0.00010591776,-1
G055,G029,-0.00010601598,-1
G005,G018,-0.00010611041,-1
G071,G084,-0.00010611929,-1
G030,G071,-0.000106284366,-1
G047,G093,-0.000106410094,-1
G005,G009,-0.00010656103,-1
G007,G018,-0.000106597065,-1
G013,G091,-0.00010661293,-1
G075,G004,-0.00010669708,-1
G012,G028,-0.00010671141,-1
G039,G055,-0.000106763175,-1
G054,G097,-0.00010693143,-1
G059,G014,-0.000106960826,-1
G042,G095,-0.00010700135,-1
G070,G003,-0.00010701287,-1
G023,G065,-0.00010704627,-1
G064,G024,-0.00010705793,-1
G083,G007,-0.00010708963,-1
G010,G038,-0.00010709014,-1
G091,G015,-0.00010715899,-1
G042,G071,-0.00010719472,-1
G082,G065,-0.00010733536,-1
G057,G002,-0.00010734736,-1
G071,G037,-0.00010744216,-1
G051,G008,-0.000107494925,-1
G011,G074,-0.00010750171,-1
G013,G025,-0.00010753781,-1
G039,G058,-0.00010756629,-1
G098,G024,-0.000107646796,-1
G082,G026,-0.00010765066,-1
G001,G072,-0.000107721346,-1
G099,G062,-0.000107752516,-1
G034,G096,-0.000107813335,-1
G020,G036,-0.00010784663,-1
G052,G056,-0.00010792262,-1
G082,G061,-0.00010803728,-1
G002,G041,-0.00010804174,-1
G082,G038,-0.00010814452,-1
G083,G064,-0.0001082054,-1
G007,G070,-0.00010824509,-1
G088,G073,-0.00010838296,-1
G021,G014,-0.00010839991,-1
G005,G083,-0.00010845665,-1
G002,G036,-0.00010851261,-1
G022,G093,-0.000108586,-1
G046,G075,-0.00010859491,-1
G005,G006,-0.00010863952,-1
G007,G058,-0.000108664135,-1
G041,G014,-0.00010876535,-1
G068,G056,-0.0001088163,-1
G005,G078,-0.00010883006,-1
G051,G009,-0.00010885073,-1
G097,G099,-0.00010885852,-1
G083,G040,-0.00010890387,-1
G094,G047,-0.000109017674,-1
G034,G017,-0.00010910174,-1
G067,G075,-0.00010910457,-1
G019,G079,-0.00010926594,-1
G006,G098,-0.000109460256,-1
G068,G082,-0.000109598484,-1
G088,G017,-0.000109632936,-1
G020,G074,-0.00010968201,-1
G034,G099,-0.00010970422,-1
G011,G050,-0.000109707944,-1
G075,G066,-0.000109736284,-1
G092,G069,-0.00010974951,-1
G028,G018,-0.00010976007,-1
G081,G002,-0.00010990677,-1
G083,G098,-0.00010991954,-1
G023,G091,-0.00010995865,-1
G030,G025,-0.00010997963,-1
G025,G087,-0.00011000022,-1
G075,G085,-0.00011010818,-1
G003,G054,-0.000110228866,-1
G053,G095,-0.00011042009,-1
G061,G009,-0.000110488305,-1
G006,G055,-0.00011052374,-1
G008,G059,-0.00011054967,-1
G044,G069,-0.00011055051,-1
G051,G016,-0.00011058608,-1
G014,G085,-0.00011062942,-1
G100,G087,-0.000110721114,-1
G074,G086,-0.00011082016,-1
G074,G017,-0.00011084364,-1
G005,G061,-0.000111018904,-1
G002,G098,-0.00011123998,-1
G018,G009,-0.0001112713,-1
G021,G063,-0.000111284615,-1
G077,G063,-0.000111317815,-1
G097,G080,-0.00011133604,-1
G074,G045,-0.000111430316,-1
G008,G039,-0.000111496316,-1
G049,G083,-0.0001115502,-1
G084,G007,-0.00011161015,-1
G079,G009,-0.00011162552,-1
G071,G021,-0.000111678266,-1
G099,G088,-0.00011168881,-1
G092,G079,-0.00011191664,-1
G051,G089,-0.00011195373,-1
G015,G064,-0.00011195556,-1
G059,G058,-0.000112039874,-1
G022,G032,-0.00011211648,-1
G071,G024,-0.00011219218,-1
G064,G008,-0.00011227016,-1
G038,G014,-0.000112358015,-1
G022,G068,-0.000112423724,-1
G082,G077,-0.00011248023,-1
G089,G069,-0.000112715796,-1
G025,G019,-0.00011271825,-1
G015,G097,-0.00011298577,-1
G071,G026,-0.000113164366,-1
G056,G097,-0.00011321486,-1
G030,G070,-0.0001132425,-1
G003,G077,-0.00011328042,-1
G049,G067,-0.000113286595,-1
G058,G071,-0.00011334977,-1
G026,G068,-0.00011337016,-1
G013,G032,-0.00011354003,-1
G083,G099,-0.000113571026,-1
G086,G080,-0.00011358153,-1
G017,G013,-0.00011362028,-1
G097,G073,-0.00011365731,-1
G010,G093,-0.00011368124,-1
G092,G085,-0.00011369766,-1
G099,G061,-0.00011369936,-1
G091,G012,-0.00011371583,-1
G057,G075,-0.000113772585,-1
G051,G099,-0.00011379954,-1
G100,G091,-0.00011384255,-1
G080,G091,-0.00011384713,-1
G082,G016,-0.0001138883,-1
G011,G080,-0.000113978946,-1
G026,G053,-0.00011401447,-1
G098,G017,-0.00011408174,-1
G099,G068,-0.00011411675,-1
G100,G022,-0.00011414054,-1
G005,G092,-0.00011425035,-1
G007,G084,-0.000114261245,-1
G033,G093,-0.000114263974,-1
G083,G049,-0.0001143805,-1
G094,G075,-0.00011440351,-1
G069,G013,-0.000114411836,-1
G094,G085,-0.00011446512,-1
G034,G087,-0.00011449978,-1
G013,G071,-0.00011452776,-1
G080,G055,-0.00011465623,-1
G018,G089,-0.0001147489,-1
G002,G048,-0.00011477222,-1
G025,G003,-0.00011483082,-1
G073,G037,-0.000114831,-1
G038,G077,-0.00011486249,-1
G054,G077,-0.0001150433,-1
G039,G073,-0.00011507827,-1
G077,G082,-0.00011516886,-1
G063,G094,-0.00011522462,-1
G045,G052,-0.00011535374,-1
G085,G091,-0.000115373885,-1
G070,G026,-0.000115376526,-1
G097,G070,-0.00011539898,-1
G074,G098,-0.000115406605,-1
G086,G044,-0.00011563032,-1
G015,G003,-0.000115630406,-1
G015,G090,-0.000115649455,-1
G056,G084,-0.00011569023,-1
G074,G085,-0.00011573676,-1
G013,G083,-0.0001158609,-1
G041,G005,-0.000115869305,-1
G051,G065,-0.0001158939,-1
G065,G085,-0.00011593441,-1
G029,G050,-0.000116133815,-1
G092,G020,-0.0001161635,-1
G098,G065,-0.000116225936,-1
G009,G023,-0.00011625284,-1
G040,G091,-0.000116320996,-1
G064,G056,-0.00011634131,-1
G061,G095,-0.00011638798,-1
G063,G077,-0.00011639003,-1
G062,G064,-0.000116598785,-1
G030,G074,-0.000116735224,-1
G084,G025,-0.0001169705,-1
G051,G049,-0.00011701319,-1
G031,G008,-0.00011709814,-1
G013,G028,-0.00011713485,-1
G061,G029,-0.00011716442,-1
G099,G005,-0.00011718312,-1
G011,G017,-0.000117203286,-1
G071,G092,-0.00011734286,-1
G030,G050,-0.00011736086,-1
G058,G070,-0.00011738139,-1
G074,G092,-0.000117414704,-1
G070,G037,-0.00011759707,-1
G042,G049,-0.00011763448,-1
G022,G049,-0.00011797857,-1
G036,G023,-0.00011799302,-1
G062,G094,-0.00011805786,-1
G083,G026,-0.00011809763,-1
G024,G019,-0.00011811003,-1
G011,G033,-0.00011812222,-1
G098,G048,-0.000118142765,-1
G052,G042,-0.0001181597,-1
G071,G052,-0.00011817685,-1
G083,G011,-0.00011818212,-1
G074,G054,-0.000118277574,-1
G067,G095,-0.00011829464,-1
G094,G025,-0.00011836923,-1
G077,G024,-0.0001184646,-1
G070,G091,-0.00011847595,-1
G098,G029,-0.00011848388,-1
G005,G090,-0.00011878671,-1
G012,G040,-0.0001188718,-1
G059,G004,-0.000118935284,-1
G091,G070,-0.00011904447,-1
G030,G060,-0.00011923836,-1
G093,G039,-0.000119366116,-1
G031,G071,-0.00011937283,-1
G020,G094,-0.000119541415,-1
G051,G088,-0.00011980285,-1
G057,G015,-0.00011982713,-1
G008,G089,-0.00011986437,-1
G015,G054,-0.00012005295,-1
G069,G091,-0.00012014259,-1
G026,G060,-0.000120240235,-1
G099,G077,-0.00012025703,-1
G011,G036,-0.00012040984,-1
G003,G025,-0.00012042443,-1
G071,G073,-0.000120489625,-1
G080,G089,-0.0001205478,-1
G010,G099,-0.00012060889,-1
G059,G035,-0.00012061497,-1
G049,G054,-0.0001206241,-1
G023,G054,-0.00012067909,-1
G082,G093,-0.00012077063,-1
G061,G079,-0.000120786615,-1
G082,G011,-0.000120850316,-1
G001,G084,-0.000120895944,-1
G083,G091,-0.00012090533,-1
G040,G053,-0.00012092638,-1
G001,G056,-0.000121012214,-1
G009,G087,-0.000121023404,-1
G072,G023,-0.000121097895,-1
G088,G093,-0.00012116072,-1
G048,G066,-0.00012117985,-1
G044,G032,-0.00012130127,-1
G030,G019,-0.000121302066,-1
G077,G036,-0.00012130512,-1
G023,G037,-0.00012130791,-1
G013,G037,-0.00012132869,-1
G065,G091,-0.00012133972,-1
G072,G022,-0.00012141887,-1
G089,G092,-0.00012142929,-1
G079,G015,-0.00012158744,-1
G010,G030,-0.00012167779,-1
G087,G007,-0.000121781275,-1
G099,G093,-0.00012180422,-1
G066,G061,-0.00012182736,-1
G072,G046,-0.00012183058,-1
G077,G026,-0.00012184394,-1
G084,G050,-0.000121845085,-1
G094,G068,-0.00012189667,-1
G053,G029,-0.000121952944,-1
G010,G082,-0.00012195857,-1
G011,G097,-0.000121979014,-1
G067,G034,-0.00012202255,-1
G079,G065,-0.00012213277,-1
G051,G024,-0.00012215083,-1
G049,G055,-0.00012222488,-1
G008,G051,-0.00012223383,-1
G099,G037,-0.00012226668,-1
G005,G042,-0.00012234862,-1
G062,G023,-0.00012242584,-1
G078,G054,-0.00012244805,-1
G062,G068,-0.00012254721,-1
G070,G015,-0.00012257588,-1
G022,G012,-0.00012259524,-1
G030,G047,-0.00012267308,-1
G086,G050,-0.00012267647,-1
G098,G076,-0.00012281399,-1
G052,G084,-0.0001228143,-1
G002,G067,-0.00012292562,-1
G095,G084,-0.00012311325,-1
G099,G043,-0.00012314242,-1
G093,G083,-0.00012325423,-1
G072,G078,-0.00012335961,-1
G016,G042,-0.00012338812,-1
G055,G011,-0.00012377626,-1
G015,G066,-0.00012378377,-1
G018,G011,-0.00012383236,-1
G068,G077,-0.00012388715,-1
G018,G012,-0.00012393841,-1
G025,G009,-0.00012398588,-1
G024,G034,-0.00012400799,-1
G076,G046,-0.00012416349,-1
G039,G011,-0.00012418865,-1
G072,G037,-0.00012423615,-1
G051,G074,-0.00012431829,-1
G088,G022,-0.00012432394,-1
G062,G100,-0.00012433871,-1
G084,G036,-0.00012438188,-1
G047,G052,-0.00012442762,-1
G044,G028,-0.00012442862,-1
G030,G068,-0.00012443097,-1
G098,G092,-0.00012443725,-1
G096,G028,-0.00012446227,-1
G086,G043,-0.00012449487,-1
G007,G038,-0.00012451537,-1
G029,G095,-0.00012461301,-1
G065,G054,-0.00012468432,-1
G081,G094,-0.00012471617,-1
G080,G081,-0.00012484542,-1
G030,G067,-0.00012487803,-1
G073,G018,-0.00012498628,-1
G089,G083,-0.00012512291,-1
G007,G082,-0.00012524115,-1
G002,G095,-0.00012526762,-1
G070,G032,-0.00012530264,-1
G098,G083,-0.00012557727,-1
G070,G018,-0.00012578326,-1
G063,G075,-0.00012578358,-1
G025,G023,-0.00012581867,-1
G080,G061,-0.00012583345,-1
G071,G077,-0.00012588412,-1
G002,G089,-0.0001258928,-1
G089,G033,-0.00012593386,-1
G013,G047,-0.00012595888,-1
G072,G080,-0.00012606721,-1
G068,G040,-0.00012610565,-1
G089,G018,-0.00012632781,-1
G027,G010,-0.00012636831,-1
G048,G015,-0.000126473,-1
G074,G059,-0.00012651316,-1
G022,G047,-0.0001265935,-1
G091,G034,-0.00012662036,-1
G098,G011,-0.00012669248,-1
G055,G056,-0.00012710076,-1
G028,G071,-0.00012710496,-1
G030,G080,-0.00012715172,-1
G044,G046,-0.00012721725,-1
G089,G063,-0.00012724953,-1
G051,G014,-0.00012740455,-1
G093,G002,-0.00012741801,-1
G094,G046,-0.00012744937,-1
G086,G059,-0.0001276412,-1
G013,G011,-0.00012764746,-1
G038,G098,-0.00012793743,-1
G080,G068,-0.00012796411,-1
G063,G065,-0.00012799414,-1
G049,G074,-0.00012805511,-1
G100,G002,-0.00012820882,-1
G006,G079,-0.00012821518,-1
G007,G048,-0.00012834842,-1
G067,G070,-0.00012834868,-1
G033,G058,-0.00012838397,-1
G067,G021,-0.0001284017,-1
G078,G077,-0.00012840456,-1
G080,G025,-0.00012849364,-1
G003,G094,-0.00012849979,-1
G023,G025,-0.0001285726,-1
G051,G092,-0.00012871149,-1
G093,G067,-0.00012871322,-1
G018,G085,-0.00012873791,-1
G036,G088,-0.00012875897,-1
G057,G020,-0.00012879848,-1
G092,G100,-0.00012884827,-1
G031,G091,-0.00012905702,-1
G042,G021,-0.0001290765,-1
G083,G063,-0.00012909746,-1
G087,G062,-0.00012935628,-1
G086,G045,-0.00012937457,-1
G093,G050,-0.00012945269,-1
G037,G081,-0.00012946116,-1
G065,G037,-0.00012947698,-1
G083,G025,-0.00012950147,-1
G032,G021,-0.00012953226,-1
G091,G016,-0.00012955641,-1
G099,G015,-0.0001297605,-1
G098,G095,-0.00012978046,-1
G013,G056,-0.00012978674,-1
G035,G040,-0.0001297978,-1
G015,G063,-0.00012983305,-1
G038,G043,-0.00013015575,-1
G074,G061,-0.00013016816,-1
G049,G087,-0.00013026978,-1
G072,G002,-0.00013065425,-1
G070,G061,-0.00013070217,-1
G018,G023,-0.00013076441,-1
G070,G089,-0.00013077103,-1
G013,G004,-0.00013091552,-1
G088,G065,-0.00013093244,-1
G081,G048,-0.0001309515,-1
G082,G099,-0.00013102246,-1
G018,G091,-0.00013102395,-1
G049,G068,-0.00013103173,-1
G086,G026,-0.00013104432,-1
G049,G071,-0.0001310705,-1
G073,G087,-0.0001311075,-1
G009,G095,-0.00013116875,-1
G033,G012,-0.0001311842,-1
G055,G064,-0.00013133837,-1
G058,G063,-0.00013150409,-1
G004,G015,-0.00013156257,-1
G039,G077,-0.00013160755,-1
G082,G002,-0.00013174074,-1
G022,G021,-0.00013176909,-1
G085,G093,-0.00013186784,-1
G067,G058,-0.00013188679,-1
G099,G025,-0.00013189697,-1
G057,G066,-0.0001319796,-1
G055,G091,-0.0001320012,-1
G023,G087,-0.00013206978,-1
G099,G063,-0.0001321425,-1
G082,G047,-0.00013227732,-1
G013,G026,-0.00013227847,-1
G030,G011,-0.00013238743,-1
G057,G053,-0.00013238925,-1
G099,G016,-0.00013239567,-1
G085,G052,-0.00013248876,-1
G082,G043,-0.0001325174,-1
G071,G012,-0.00013253214,-1
G004,G065,-0.00013256451,-1
G083,G076,-0.00013261329,-1
G091,G063,-0.00013267416,-1
G091,G087,-0.0001326758,-1
G023,G003,-0.0001327156,-1
G041,G055,-0.00013292024,-1
G099,G056,-0.00013296392,-1
G099,G067,-0.00013323307,-1
G073,G014,-0.00013330737,-1
G001,G043,-0.00013331657,-1
G082,G014,-0.0001333348,-1
G064,G095,-0.00013337552,-1
G098,G034,-0.00013342664,-1
G075,G028,-0.00013343651,-1
G074,G005,-0.00013348754,-1
G083,G078,-0.00013358671,-1
G086,G023,-0.00013363523,-1
G059,G056,-0.00013366158,-1
G098,G075,-0.00013370486,-1
G012,G081,-0.00013370709,-1
G037,G045,-0.00013376286,-1
G086,G074,-0.00013377433,-1
G091,G071,-0.00013390138,-1
G034,G033,-0.00013391448,-1
G008,G036,-0.00013391877,-1
G052,G044,-0.00013393031,-1
G070,G054,-0.00013406621,-1
G080,G087,-0.00013410226,-1
G072,G056,-0.00013412948,-1
G049,G092,-0.00013423352,-1
G063,G007,-0.00013425783,-1
G083,G014,-0.00013426224,-1
G039,G037,-0.00013438782,-1
G073,G022,-0.00013453439,-1
G028,G087,-0.00013461006,-1
G018,G032,-0.00013468535,-1
G086,G070,-0.0001348571,-1
G021,G078,-0.00013486751,-1
G083,G068,-0.00013498116,-1
G075,G009,-0.00013499221,-1
G005,G100,-0.00013505633,-1
G070,G051,-0.00013511765,-1
G030,G049,-0.00013514269,-1
G090,G009,-0.00013515519,-1
G028,G098,-0.00013516002,-1
G047,G081,-0.00013530768,-1
G083,G096,-0.0001353347,-1
G041,G038,-0.00013535602,-1
G056,G081,-0.00013537836,-1
G099,G055,-0.00013544755,-1
G045,G079,-0.00013549122,-1
G063,G023,-0.00013550816,-1
G093,G005,-0.00013555052,-1
G047,G065,-0.00013564122,-1
G027,G017,-0.00013565799,-1
G059,G016,-0.00013568484,-1
G058,G049,-0.00013572877,-1
G014,G094,-0.00013588344,-1
G086,G037,-0.00013589306,-1
G097,G063,-0.00013591228,-1
G013,G077,-0.00013593893,-1
G100,G079,-0.00013599012,-1
G002,G094,-0.00013614232,-1
G017,G077,-0.00013618192,-1
G017,G039,-0.00013643925,-1
G033,G084,-0.00013653384,-1
G015,G087,-0.00013670202,-1
G075,G032,-0.0001368912,-1
G089,G008,-0.000136956,-1
G040,G023,-0.00013699259,-1
G090,G030,-0.00013701821,-1
G089,G003,-0.00013707421,-1
G002,G082,-0.00013711737,-1
G030,G038,-0.00013725094,-1
G002,G046,-0.00013744827,-1
G023,G078,-0.00013754646,-1
G083,G013,-0.00013755233,-1
G093,G037,-0.00013771947,-1
G028,G065,-0.00013775229,-1
G077,G091,-0.00013776027,-1
G033,G083,-0.00013778938,-1
G078,G038,-0.00013782285,-1
G011,G095,-0.0001378427,-1
G067,G023,-0.00013784583,-1
G072,G085,-0.0001378784,-1
G025,G047,-0.00013788838,-1
G084,G053,-0.00013801857,-1
G082,G055,-0.00013803932,-1
G048,G072,-0.00013809175,-1
G005,G013,-0.00013841313,-1
G031,G093,-0.00013854667,-1
G086,G058,-0.00013860066,-1
G070,G099,-0.0001386492,-1
G090,G078,-0.00013869083,-1
G077,G032,-0.00013879902,-1
G057,G032,-0.00013886343,-1
G049,G026,-0.00013890876,-1
G089,G059,-0.00013905068,-1
G049,G043,-0.00013909963,-1
G055,G009,-0.00013919662,-1
G079,G081,-0.00013929183,-1
G047,G084,-0.00013937148,-1
G015,G001,-0.00013939492,-1
G011,G014,-0.00013942644,-1
G087,G066,-0.00013945768,-1
G004,G091,-0.00013947187,-1
G023,G063,-0.00013955472,-1
G021,G051,-0.00013968254,-1
G051,G071,-0.00013974664,-1
G049,G024,-0.00013976726,-1
G013,G044,-0.00013979565,-1
G058,G023,-0.00013988887,-1
G089,G023,-0.00013989686,-1
G020,G018,-0.00013990897,-1
G099,G095,-0.00013994653,-1
G074,G100,-0.0001399599,-1
G072,G069,-0.00013996584,-1
G074,G075,-0.0001399953,-1
G020,G093,-0.00014002982,-1
G088,G012,-0.00014003528,-1
G010,G075,-0.00014003635,-1
G088,G070,-0.00014006953,-1
G092,G019,-0.0001400699,-1
G038,G076,-0.0001400806,-1
G099,G024,-0.00014011493,-1
G067,G094,-0.0001401456,-1
G008,G048,-0.00014024152,-1
G099,G032,-0.0001403908,-1
G099,G070,-0.00014049088,-1
G041,G092,-0.00014051764,-1
G020,G012,-0.00014065513,-1
G058,G088,-0.00014078552,-1
G085,G069,-0.00014086097,-1
G090,G081,-0.00014093345,-1
G091,G080,-0.00014095579,-1
G061,G100,-0.0001409969,-1
G067,G028,-0.00014104629,-1
G095,G081,-0.00014116685,-1
G011,G085,-0.00014118302,-1
G011,G078,-0.00014121326,-1
G001,G075,-0.00014133008,-1
G051,G032,-0.00014133018,-1
G085,G019,-0.00014134175,-1
G041,G094,-0.00014155926,-1
G087,G064,-0.00014159665,-1
G057,G052,-0.00014166704,-1
G065,G038,-0.00014172736,-1
G057,G062,-0.00014177356,-1
G063,G084,-0.00014200046,-1
G058,G093,-0.00014202711,-1
G053,G055,-0.00014207166,-1
G091,G033,-0.00014211606,-1
G074,G064,-0.00014217073,-1
G059,G023,-0.00014226681,-1
G051,G095,-0.00014226921,-1
G086,G036,-0.00014228925,-1
G080,G093,-0.00014258517,-1
G090,G024,-0.00014280679,-1
G010,G011,-0.00014283057,-1
G048,G058,-0.00014310195,-1
G039,G063,-0.00014317929,-1
G065,G053,-0.0001432307,-1
G026,G092,-0.00014324536,-1
G010,G053,-0.00014327752,-1
G061,G094,-0.00014336625,-1
G088,G085,-0.00014346649,-1
G086,G032,-0.00014357119,-1
G048,G052,-0.00014367304,-1
G083,G062,-0.00014371914,-1
G013,G005,-0.00014372208,-1
G087,G052,-0.00014377643,-1
G099,G018,-0.00014384712,-1
G047,G016,-0.0001438774,-1
G078,G002,-0.00014404135,-1
G020,G045,-0.00014407167,-1
G092,G094,-0.00014421603,-1
G098,G081,-0.00014424269,-1
G072,G088,-0.00014424363,-1
G005,G014,-0.00014425641,-1
G041,G099,-0.00014428164,-1
G065,G062,-0.00014433582,-1
G075,G077,-0.00014434228,-1
G004,G068,-0.00014438294,-1
G094,G065,-0.00014443335,-1
G057,G014,-0.00014445126,-1
G002,G032,-0.00014450312,-1
G051,G017,-0.00014462232,-1
G071,G095,-0.0001446932,-1
G073,G017,-0.00014471172,-1
G008,G084,-0.00014477786,-1
G058,G059,-0.00014479294,-1
G005,G089,-0.00014480544,-1
G035,G060,-0.00014492797,-1
G011,G054,-0.00014498136,-1
G050,G023,-0.00014505985,-1
G037,G052,-0.00014510304,-1
G099,G091,-0.00014517954,-1
G025,G063,-0.00014522964,-1
G089,G049,-0.00014524296,-1
G099,G085,-0.00014544884,-1
G030,G073,-0.00014554342,-1
G018,G063,-0.0001455825,-1
G032,G060,-0.00014561032,-1
G030,G017,-0.00014581112,-1
G039,G066,-0.00014584055,-1
G014,G066,-0.00014586555,-1
G098,G012,-0.00014591779,-1
G020,G066,-0.00014601847,-1
G034,G008,-0.00014613339,-1
G089,G029,-0.0001461942,-1
G084,G080,-0.00014622998,-1
G033,G060,-0.00014630343,-1
G025,G066,-0.00014635501,-1
G005,G023,-0.00014636178,-1
G073,G054,-0.00014643873,-1
G003,G036,-0.00014648585,-1
G097,G054,-0.00014654953,-1
G023,G038,-0.00014656586,-1
G082,G087,-0.0001467558,-1
G022,G078,-0.00014691408,-1
G064,G081,-0.00014691766,-1
G036,G099,-0.00014697928,-1
G099,G074,-0.0001470107,-1
G061,G015,-0.00014701637,-1
G049,G044,-0.00014703372,-1
G051,G050,-0.00014713805,-1
G022,G050,-0.00014714588,-1
G022,G099,-0.00014714792,-1
G061,G033,-0.0001471775,-1
G002,G075,-0.00014723308,-1
G077,G047,-0.00014729152,-1
G008,G083,-0.00014751444,-1
G098,G037,-0.00014754801,-1
G074,G099,-0.0001476492,-1
G030,G086,-0.00014776422,-1
G085,G038,-0.00014778301,-1
G073,G005,-0.00014791364,-1
G005,G085,-0.00014805686,-1
G023,G043,-0.00014810885,-1
G013,G012,-0.00014813816,-1
G008,G067,-0.00014814788,-1
G072,G024,-0.00014839624,-1
G070,G011,-0.00014847513,-1
G061,G023,-0.0001485494,-1
G058,G052,-0.00014855323,-1
G099,G027,-0.00014865016,-1
G063,G095,-0.00014867494,-1
G003,G006,-0.00014868518,-1
G088,G008,-0.00014879902,-1
G062,G032,-0.00014885227,-1
G060,G029,-0.0001488803,-1
G042,G046,-0.00014895255,-1
G054,G069,-0.00014895388,-1
G034,G036,-0.00014899467,-1
G042,G055,-0.00014899617,-1
G077,G043,-0.00014911634,-1
G027,G009,-0.0001491234,-1
G073,G026,-0.00014918116,-1
G089,G030,-0.00014918439,-1
G015,G100,-0.00014922631,-1
G022,G009,-0.00014923136,-1
G076,G064,-0.00014926321,-1
G083,G055,-0.00014934629,-1
G012,G027,-0.00014954219,-1
G032,G029,-0.00014967775,-1
G022,G088,-0.0001496846,-1
G040,G051,-0.00014982925,-1
G027,G048,-0.0001498413,-1
G093,G022,-0.00014991904,-1
G017,G062,-0.00014992524,-1
G041,G037,-0.00014999392,-1
G073,G002,-0.00014999608,-1
G024,G076,-0.00015000672,-1
G079,G063,-0.00015002745,-1
G075,G047,-0.00015004473,-1
G004,G011,-0.00015023713,-1
G097,G004,-0.00015027152,-1
G021,G080,-0.0001503609,-1
G010,G048,-0.00015038221,-1
G039,G064,-0.00015040631,-1
G097,G066,-0.00015045147,-1
G028,G012,-0.00015065193,-1
G033,G034,-0.0001506694,-1
G018,G050,-0.00015073137,-1
G063,G017,-0.00015073793,-1
G097,G076,-0.00015083661,-1
G067,G088,-0.00015083993,-1
G070,G022,-0.00015084472,-1
G064,G002,-0.0001512278,-1
G008,G019,-0.00015131923,-1
G009,G022,-0.00015132064,-1
G031,G023,-0.00015133418,-1
G059,G070,-0.0001513432,-1
G068,G025,-0.00015136685,-1
G004,G077,-0.0001514288,-1
G029,G076,-0.00015143375,-1
G016,G024,-0.00015143497,-1
G070,G094,-0.00015148605,-1
G011,G099,-0.00015157154,-1
G062,G098,-0.00015163599,-1
G074,G058,-0.00015163666,-1
G051,G018,-0.00015169846,-1
G048,G053,-0.00015180733,-1
G002,G092,-0.00015182057,-1
G051,G056,-0.00015183738,-1
G074,G055,-0.00015189225,-1
G008,G071,-0.00015193615,-1
G099,G050,-0.00015201519,-1
G082,G032,-0.00015206382,-1
G094,G016,-0.00015211602,-1
G058,G095,-0.00015218976,-1
G015,G094,-0.0001523471,-1
G040,G077,-0.00015241725,-1
G034,G078,-0.00015250669,-1
G069,G081,-0.00015254367,-1
G051,G047,-0.00015257038,-1
G022,G025,-0.00015258479,-1
G021,G090,-0.00015264965,-1
G044,G043,-0.00015268556,-1
G070,G027,-0.00015292241,-1
G083,G094,-0.00015296553,-1
G070,G047,-0.00015298644,-1
G098,G051,-0.00015306051,-1
G055,G085,-0.00015310019,-1
G071,G058,-0.00015335425,-1
G073,G059,-0.00015345972,-1
G018,G075,-0.00015362943,-1
G004,G063,-0.00015369964,-1
G057,G097,-0.00015370587,-1
G030,G089,-0.00015377831,-1
G036,G094,-0.00015383637,-1
G086,G025,-0.00015385785,-1
G070,G088,-0.00015386096,-1
G049,G036,-0.00015387185,-1
G020,G016,-0.00015399746,-1
G100,G039,-0.00015409618,-1
G020,G011,-0.00015412483,-1
G075,G061,-0.00015418456,-1
G023,G016,-0.00015429695,-1
G099,G065,-0.00015435138,-1
G032,G089,-0.00015436446,-1
G020,G092,-0.00015440003,-1
G046,G095,-0.00015458812,-1
G084,G098,-0.000154983,-1
G070,G029,-0.00015507975,-1
G085,G015,-0.000155141,-1
G085,G077,-0.0001552099,-1
G059,G081,-0.00015544806,-1
G028,G075,-0.0001554706,-1
G018,G094,-0.00015550616,-1
G061,G062,-0.00015559254,-1
G036,G002,-0.00015559966,-1
G086,G055,-0.00015569037,-1
G094,G077,-0.0001557107,-1
G015,G085,-0.00015582453,-1
G008,G094,-0.00015586881,-1
G021,G077,-0.00015591153,-1
G027,G082,-0.00015603934,-1
G048,G098,-0.00015604346,-1
G065,G012,-0.00015614984,-1
G070,G073,-0.00015621199,-1
G091,G083,-0.00015630976,-1
G006,G075,-0.00015636679,-1
G030,G023,-0.0001564039,-1
G061,G024,-0.00015650775,-1
G081,G100,-0.00015651295,-1
G070,G078,-0.00015652331,-1
G090,G046,-0.00015667091,-1
G081,G056,-0.00015670162,-1
G032,G049,-0.00015674632,-1
G034,G082,-0.00015676148,-1
G069,G070,-0.00015677689,-1
G071,G075,-0.00015691377,-1
G022,G055,-0.00015704581,-1
G089,G098,-0.00015716386,-1
G044,G085,-0.00015717943,-1
G094,G061,-0.00015728305,-1
G045,G058,-0.00015732936,-1
G074,G015,-0.00015733487,-1
G073,G016,-0.00015736467,-1
G025,G092,-0.00015744792,-1
G027,G079,-0.00015755284,-1
G030,G005,-0.00015766366,-1
G060,G037,-0.00015772115,-1
G087,G004,-0.00015786845,-1
G050,G077,-0.00015787945,-1
G024,G061,-0.00015790097,-1
G063,G069,-0.00015790672,-1
G032,G027,-0.00015793082,-1
G008,G061,-0.00015810637,-1
G089,G077,-0.00015813138,-1
G097,G065,-0.00015816915,-1
G046,G082,-0.0001581713,-1
G022,G089,-0.00015829262,-1
G082,G008,-0.00015830547,-1
G084,G097,-0.00015835927,-1
G013,G082,-0.0001583719,-1
G023,G008,-0.00015841554,-1
G083,G054,-0.0001584471,-1
G065,G099,-0.0001584766,-1
G051,G061,-0.00015851815,-1
G014,G075,-0.00015853388,-1
G060,G093,-0.00015858785,-1
G040,G060,-0.00015872005,-1
G063,G099,-0.00015880355,-1
G065,G009,-0.00015883346,-1
G038,G002,-0.00015887721,-1
G024,G040,-0.00015910759,-1
G058,G017,-0.0001591702,-1
G022,G017,-0.00015917074,-1
G090,G004,-0.00015917634,-1
G097,G078,-0.00015924919,-1
G049,G038,-0.00015930139,-1
G070,G066,-0.00015932396,-1
G010,G088,-0.00015933177,-1
G032,G087,-0.00015937869,-1
G070,G093,-0.00015944404,-1
G091,G051,-0.00015953464,-1
G092,G075,-0.00016005378,-1
G071,G009,-0.0001601361,-1
G018,G033,-0.00016018814,-1
G063,G001,-0.00016020138,-1
G034,G024,-0.00016020582,-1
G096,G058,-0.00016021465,-1
G070,G068,-0.00016041596,-1
G068,G075,-0.00016048762,-1
G065,G044,-0.00016071222,-1
G058,G051,-0.00016078349,-1
G008,G050,-0.00016081642,-1
G004,G067,-0.00016091413,-1
G025,G049,-0.0001610265,-1
G066,G026,-0.00016104797,-1
G075,G052,-0.00016107783,-1
G023,G081,-0.00016112361,-1
G020,G089,-0.0001612838,-1
G088,G053,-0.00016134308,-1
G051,G062,-0.00016157152,-1
G030,G075,-0.00016160938,-1
G023,G093,-0.00016160963,-1
G022,G008,-0.00016179738,-1
G034,G035,-0.00016183955,-1
G052,G035,-0.00016186794,-1
G077,G046,-0.00016190612,-1
G028,G034,-0.00016192667,-1
G002,G039,-0.0001619355,-1
G046,G058,-0.00016195804,-1
G004,G066,-0.0001620523,-1
G099,G075,-0.000162185,-1
G059,G089,-0.00016222791,-1
G087,G091,-0.00016223412,-1
G085,G025,-0.0001622899,-1
G071,G046,-0.00016236084,-1
G093,G014,-0.00016250904,-1
G065,G017,-0.00016256556,-1
G049,G025,-0.00016264521,-1
G041,G050,-0.0001626574,-1
G051,G002,-0.0001626638,-1
G090,G017,-0.00016280846,-1
G086,G087,-0.00016288084,-1
G067,G051,-0.00016301523,-1
G017,G052,-0.00016304279,-1
G098,G066,-0.00016308064,-1
G020,G088,-0.00016316574,-1
G017,G075,-0.00016328921,-1
G034,G056,-0.00016329461,-1
G099,G054,-0.0001635229,-1
G086,G089,-0.00016354934,-1
G056,G052,-0.00016376845,-1
G063,G076,-0.0001637877,-1
G089,G099,-0.00016385298,-1
G074,G051,-0.00016388051,-1
G023,G022,-0.0001639305,-1
G051,G100,-0.0001641695,-1
G002,G062,-0.00016417027,-1
G068,G001,-0.00016420311,-1
G036,G043,-0.00016422958,-1
G070,G087,-0.00016425583,-1
G027,G064,-0.00016430223,-1
G087,G058,-0.00016439104,-1
G030,G087,-0.0001644232,-1
G077,G037,-0.00016447899,-1
G037,G043,-0.00016454225,-1
G100,G004,-0.00016463609,-1
G063,G004,-0.00016481019,-1
G018,G099,-0.0001648274,-1
G100,G010,-0.0001649104,-1
G057,G009,-0.00016497356,-1
G018,G060,-0.00016498027,-1
G013,G019,-0.00016514731,-1
G043,G096,-0.00016529928,-1
G049,G011,-0.00016540557,-1
G084,G015,-0.00016541229,-1
G057,G036,-0.0001654841,-1
G049,G017,-0.0001655107,-1
G072,G092,-0.00016554122,-1
G079,G084,-0.00016555013,-1
G099,G033,-0.00016561408,-1
G005,G066,-0.0001656191,-1
G042,G094,-0.00016574323,-1
G040,G055,-0.00016585505,-1
G099,G012,-0.00016633335,-1
G070,G009,-0.00016635687,-1
G005,G080,-0.00016637387,-1
G055,G036,-0.00016645393,-1
G049,G028,-0.00016648385,-1
G002,G100,-0.00016648395,-1
G013,G061,-0.0001665593,-1
G033,G011,-0.00016663823,-1
G094,G033,-0.00016666553,-1
G091,G024,-0.00016667768,-1
G051,G060,-0.00016669673,-1
G047,G079,-0.00016683342,-1
G007,G075,-0.00016704114,-1
G049,G069,-0.00016705424,-1
G073,G092,-0.00016713631,-1
G093,G046,-0.00016714596,-1
G070,G055,-0.00016728381,-1
G039,G017,-0.00016739071,-1
G025,G043,-0.00016743381,-1
G058,G026,-0.00016762958,-1
G013,G018,-0.00016765222,-1
G023,G095,-0.00016766242,-1
G089,G073,-0.00016767591,-1
G064,G030,-0.00016770855,-1
G093,G043,-0.00016773675,-1
G053,G025,-0.00016782452,-1
G087,G094,-0.00016789451,-1
G051,G080,-0.00016795578,-1
G049,G075,-0.00016795876,-1
G073,G067,-0.00016800227,-1
G074,G069,-0.00016824884,-1
G047,G062,-0.00016840435,-1
G014,G024,-0.00016844505,-1
G060,G008,-0.00016860655,-1
G018,G084,-0.00016867477,-1
G073,G045,-0.00016890054,-1
G094,G088,-0.00016898138,-1
G052,G100,-0.00016905232,-1
G047,G058,-0.00016923572,-1
G098,G089,-0.00016927182,-1
G086,G016,-0.00016934138,-1
G077,G038,-0.00016934265,-1
G051,G069,-0.00016934538,-1
G025,G058,-0.00016935251,-1
G063,G092,-0.00016943102,-1
G071,G043,-0.00016957,-1
G086,G030,-0.00016962126,-1
G046,G006,-0.00016964761,-1
G097,G002,-0.00016964789,-1
G082,G091,-0.00016968975,-1
G056,G019,-0.00016976407,-1
G049,G016,-0.00016980669,-1
G073,G008,-0.00016992266,-1
G039,G014,-0.00016996234,-1
G005,G095,-0.00017006877,-1
G013,G100,-0.00017008312,-1
G073,G049,-0.0001701287,-1
G013,G021,-0.00017029853,-1
G010,G054,-0.00017036143,-1
G011,G032,-0.00017036707,-1
G091,G023,-0.00017052589,-1
G065,G045,-0.00017055799,-1
G026,G074,-0.00017071038,-1
G018,G037,-0.00017075491,-1
G080,G082,-0.0001708471,-1
G091,G067,-0.00017085671,-1
G023,G066,-0.0001708916,-1
G026,G099,-0.00017094205,-1
G022,G073,-0.00017096344,-1
G072,G054,-0.00017136396,-1
G046,G056,-0.00017141092,-1
G090,G077,-0.00017143639,-1
G099,G052,-0.00017150577,-1
G020,G060,-0.00017169742,-1
G027,G081,-0.0001717232,-1
G081,G075,-0.000171775,-1
G098,G044,-0.00017185794,-1
G062,G082,-0.00017190982,-1
G089,G050,-0.0001721622,-1
G040,G070,-0.00017225786,-1
G080,G042,-0.0001723112,-1
G051,G067,-0.0001723275,-1
G031,G089,-0.00017238989,-1
G052,G087,-0.00017275095,-1
G059,G093,-0.00017303854,-1
G008,G044,-0.00017306344,-1
G040,G065,-0.0001731381,-1
G002,G078,-0.00017325298,-1
G015,G076,-0.00017335668,-1
G070,G074,-0.00017343681,-1
G099,G045,-0.00017351784,-1
G009,G025,-0.00017359156,-1
G083,G012,-0.00017361972,-1
G082,G033,-0.00017368235,-1
G023,G047,-0.00017381196,-1
G082,G025,-0.00017382015,-1
G098,G014,-0.00017382411,-1
G013,G051,-0.00017386228,-1
G099,G066,-0.00017389156,-1
G002,G030,-0.00017391254,-1
G023,G020,-0.00017394366,-1
G092,G040,-0.000174007,-1
G005,G040,-0.00017408903,-1
G058,G039,-0.00017425955,-1
G032,G083,-0.0001742997,-1
G076,G036,-0.00017437804,-1
G061,G069,-0.00017445526,-1
G070,G050,-0.00017464618,-1
G030,G042,-0.00017467508,-1
G063,G080,-0.00017479739,-1
G070,G005,-0.00017501746,-1
G002,G087,-0.00017507009,-1
G077,G009,-0.00017508582,-1
G079,G023,-0.00017511536,-1
G065,G049,-0.00017518767,-1
G021,G092,-0.0001752741,-1
G065,G023,-0.00017529324,-1
G073,G089,-0.00017558839,-1
G072,G055,-0.00017572002,-1
G023,G059,-0.00017576499,-1
G080,G039,-0.00017592988,-1
G086,G038,-0.00017605566,-1
G052,G028,-0.00017611007,-1
G064,G043,-0.00017611957,-1
G034,G052,-0.00017619935,-1
G096,G098,-0.00017620533,-1
G049,G091,-0.00017625665,-1
G065,G008,-0.00017634324,-1
G094,G053,-0.00017638554,-1
G049,G037,-0.00017639417,-1
G059,G076,-0.00017648302,-1
G015,G082,-0.00017653636,-1
G093,G003,-0.00017655658,-1
G023,G085,-0.00017681264,-1
G073,G033,-0.00017681831,-1
G078,G048,-0.0001768288,-1
G088,G046,-0.00017707252,-1
G072,G051,-0.00017713217,-1
G003,G085,-0.00017723019,-1
G018,G086,-0.00017734844,-1
G073,G078,-0.00017736352,-1
G024,G086,-0.00017739099,-1
G055,G063,-0.0001774029,-1
G065,G063,-0.00017740706,-1
G072,G043,-0.0001774201,-1
G018,G005,-0.00017749541,-1
G065,G043,-0.000177826,-1
G074,G063,-0.00017785837,-1
G022,G033,-0.00017786202,-1
G062,G022,-0.0001779361,-1
G019,G035,-0.00017814238,-1
G051,G082,-0.00017817323,-1
G080,G051,-0.0001781991,-1
G083,G052,-0.00017824551,-1
G074,G060,-0.00017846146,-1
G013,G058,-0.00017853723,-1
G004,G094,-0.00017855517,-1
G023,G092,-0.000178729,-1
G002,G054,-0.0001787434,-1
G070,G036,-0.00017886987,-1
G020,G015,-0.00017905692,-1
G055,G004,-0.0001792232,-1
G087,G084,-0.000179324,-1
G025,G091,-0.00017947149,-1
G072,G003,-0.00017953361,-1
G084,G046,-0.00017961048,-1
G051,G081,-0.00017965985,-1
G019,G041,-0.00017974852,-1
G032,G086,-0.0001797824,-1
G070,G067,-0.00017981722,-1
G050,G082,-0.00017982486,-1
G093,G025,-0.0001798283,-1
G022,G096,-0.0001800358,-1
G091,G018,-0.00018010427,-1
G011,G065,-0.00018029616,-1
G098,G088,-0.00018029865,-1
G012,G048,-0.00018031408,-1
G086,G040,-0.00018055465,-1
G043,G013,-0.00018066254,-1
G024,G069,-0.0001807083,-1
G031,G082,-0.00018079855,-1
G088,G099,-0.00018082347,-1
G022,G064,-0.00018087814,-1
G086,G076,-0.00018088972,-1
G049,G063,-0.00018091501,-1
G007,G044,-0.00018094676,-1
G034,G097,-0.00018095685,-1
G058,G076,-0.00018102094,-1
G030,G065,-0.00018106187,-1
G086,G011,-0.00018110125,-1
G062,G077,-0.00018116865,-1
G084,G003,-0.0001812103,-1
G058,G004,-0.00018131324,-1
G083,G015,-0.00018135966,-1
G051,G012,-0.00018144518,-1
G057,G001,-0.0001814723,-1
G038,G052,-0.00018177879,-1
G070,G058,-0.00018189441,-1
G067,G004,-0.00018192854,-1
G086,G073,-0.00018195757,-1
G020,G061,-0.00018198292,-1
G074,G030,-0.00018199481,-1
G094,G043,-0.00018212426,-1
G023,G018,-0.00018220577,-1
G021,G085,-0.00018222052,-1
G057,G046,-0.00018224803,-1
G033,G055,-0.00018237245,-1
G040,G087,-0.00018244727,-1
G080,G009,-0.00018254532,-1
G042,G004,-0.00018267705,-1
G093,G080,-0.00018272984,-1
G089,G026,-0.00018285321,-1
G081,G052,-0.00018285998,-1
G005,G088,-0.00018307146,-1
G013,G016,-0.00018322206,-1
G051,G011,-0.00018341302,-1
G011,G025,-0.00018355803,-1
G062,G091,-0.00018359724,-1
G007,G064,-0.00018362529,-1
G083,G034,-0.00018408458,-1
G005,G063,-0.00018422528,-1
G051,G085,-0.00018435935,-1
G070,G060,-0.00018444603,-1
G013,G087,-0.00018446508,-1
G005,G099,-0.00018448906,-1
G058,G079,-0.00018456302,-1
G023,G033,-0.00018460148,-1
G049,G088,-0.00018466287,-1
G076,G035,-0.00018467766,-1
G098,G060,-0.00018468125,-1
G043,G089,-0.0001846817,-1
G078,G084,-0.00018524466,-1
G047,G077,-0.00018525032,-1
G002,G038,-0.00018535485,-1
G041,G056,-0.00018536436,-1
G091,G054,-0.00018557713,-1
G064,G092,-0.00018563347,-1
G077,G053,-0.00018579175,-1
G062,G063,-0.0001858182,-1
G083,G081,-0.00018588184,-1
G080,G056,-0.00018591432,-1
G032,G004,-0.0001860113,-1
G005,G007,-0.0001860534,-1
G055,G013,-0.00018610343,-1
G036,G077,-0.00018621607,-1
G042,G074,-0.00018637747,-1
G043,G035,-0.00018639486,-1
G008,G021,-0.00018645274,-1
G005,G010,-0.00018658,-1
G013,G038,-0.00018664445,-1
G051,G063,-0.00018671837,-1
G073,G055,-0.00018675516,-1
G089,G085,-0.00018683492,-1
G093,G074,-0.00018685001,-1
G093,G068,-0.00018688959,-1
G010,G092,-0.0001869244,-1
G010,G077,-0.00018711203,-1
G040,G093,-0.0001871245,-1
G091,G078,-0.00018714643,-1
G046,G065,-0.00018716334,-1
G020,G050,-0.00018722702,-1
G051,G036,-0.00018723788,-1
G020,G009,-0.00018724617,-1
G042,G077,-0.00018733916,-1
G026,G037,-0.0001874001,-1
G033,G075,-0.00018740096,-1
G051,G070,-0.00018740498,-1
G044,G097,-0.00018746371,-1
G005,G056,-0.00018747372,-1
G063,G032,-0.00018749961,-1
G020,G091,-0.00018761602,-1
G045,G061,-0.00018766572,-1
G050,G065,-0.00018770924,-1
G013,G014,-0.00018781479,-1
G051,G037,-0.00018786403,-1
G065,G071,-0.00018786688,-1
G050,G052,-0.00018792323,-1
G074,G052,-0.00018799414,-1
G053,G084,-0.00018802045,-1
G051,G068,-0.00018804247,-1
G073,G032,-0.00018806895,-1
G098,G028,-0.00018807928,-1
G030,G069,-0.00018812124,-1
G089,G074,-0.00018825925,-1
G049,G060,-0.00018856386,-1
G051,G076,-0.00018864888,-1
G008,G085,-0.00018880499,-1
G010,G066,-0.0001888724,-1
G098,G053,-0.0001891609,-1
G025,G075,-0.00018928664,-1
G079,G021,-0.0001893761,-1
G084,G055,-0.00018940207,-1
G073,G080,-0.00018946217,-1
G074,G039,-0.00018955105,-1
G044,G009,-0.00018957394,-1
G050,G043,-0.00018966336,-1
G049,G014,-0.00018987915,-1
G041,G083,-0.00018992567,-1
G099,G046,-0.0001899432,-1
G083,G045,-0.00018999858,-1
G033,G050,-0.00019014243,-1
G041,G023,-0.00019020609,-1
G087,G082,-0.00019034774,-1
G055,G071,-0.00019047297,-1
G072,G025,-0.00019051533,-1
G062,G040,-0.00019071258,-1
G045,G057,-0.00019083089,-1
G009,G077,-0.00019095463,-1
G048,G056,-0.00019106346,-1
G062,G069,-0.00019112234,-1
G002,G099,-0.00019120588,-1
G096,G017,-0.00019156508,-1
G005,G093,-0.00019156969,-1
G054,G081,-0.00019170299,-1
G022,G041,-0.00019173499,-1
G085,G051,-0.00019175191,-1
G040,G086,-0.00019183989,-1
G058,G056,-0.00019185842,-1
G094,G070,-0.00019217278,-1
G028,G017,-0.00019220758,-1
G073,G088,-0.00019222496,-1
G060,G054,-0.00019228243,-1
G086,G039,-0.00019234809,-1
G053,G047,-0.00019238694,-1
G022,G048,-0.00019254518,-1
G009,G091,-0.00019258904,-1
G057,G055,-0.00019263699,-1
G081,G042,-0.00019275375,-1
G032,G014,-0.00019287763,-1
G005,G044,-0.00019303928,-1
G027,G037,-0.00019308948,-1
G026,G005,-0.00019311166,-1
G071,G094,-0.00019315004,-1
G039,G084,-0.00019328452,-1
G083,G009,-0.00019362646,-1
G032,G088,-0.00019366173,-1
G086,G093,-0.00019374561,-1
G057,G080,-0.00019397217,-1
G042,G054,-0.00019410529,-1
G089,G061,-0.00019450538,-1
G011,G076,-0.00019452478,-1
G088,G047,-0.0001947383,-1
G038,G062,-0.00019475473,-1
G051,G054,-0.00019478287,-1
G021,G033,-0.00019490422,-1
G065,G082,-0.0001949385,-1
G008,G057,-0.00019503426,-1
G087,G098,-0.0001951631,-1
G092,G001,-0.00019518111,-1
G092,G032,-0.00019518277,-1
G093,G053,-0.00019520379,-1
G011,G046,-0.0001952939,-1
G036,G019,-0.00019546135,-1
G093,G092,-0.0001956053,-1
G075,G069,-0.00019581906,-1
G098,G085,-0.00019586615,-1
G092,G028,-0.00019587588,-1
G098,G021,-0.00019591079,-1
G051,G053,-0.00019621951,-1
G008,G049,-0.00019625803,-1
G033,G077,-0.00019626706,-1
G037,G042,-0.00019633198,-1
G056,G007,-0.00019636865,-1
G062,G081,-0.00019642916,-1
G035,G058,-0.00019656209,-1
G020,G073,-0.00019658184,-1
G097,G009,-0.00019665757,-1
G067,G020,-0.00019666635,-1
G011,G034,-0.00019673129,-1
G022,G042,-0.00019673174,-1
G049,G052,-0.00019680925,-1
G098,G055,-0.00019685306,-1
G011,G039,-0.00019689856,-1
G058,G089,-0.00019703209,-1
G062,G096,-0.00019709369,-1
G089,G053,-0.00019714634,-1
G032,G099,-0.00019730437,-1
G059,G046,-0.000197328,-1
G011,G092,-0.00019769205,-1
G040,G080,-0.00019772763,-1
G017,G025,-0.00019774919,-1
G084,G086,-0.0001978307,-1
G023,G014,-0.0001978871,-1
G051,G087,-0.00019796134,-1
G008,G052,-0.00019796423,-1
G083,G050,-0.00019797534,-1
G062,G087,-0.00019799848,-1
G051,G028,-0.00019808154,-1
G059,G069,-0.00019830558,-1
G077,G023,-0.00019840579,-1
G097,G055,-0.0001985521,-1
G091,G095,-0.00019857974,-1
G015,G023,-0.00019860528,-1
G008,G034,-0.00019878913,-1
G049,G059,-0.00019897141,-1
G054,G004,-0.00019905329,-1
G088,G038,-0.00019909733,-1
G007,G017,-0.00019916927,-1
G059,G052,-0.00019920208,-1
G030,G012,-0.00019940022,-1
G047,G015,-0.00019944561,-1
G058,G060,-0.00019949909,-1
G005,G097,-0.0001997278,-1
G049,G061,-0.00020009163,-1
G039,G047,-0.00020031435,-1
G073,G020,-0.00020034629,-1
G031,G026,-0.00020044598,-1
G089,G054,-0.00020058425,-1
G078,G034,-0.00020063542,-1
G083,G095,-0.00020064226,-1
G059,G084,-0.00020076819,-1
G006,G052,-0.00020093477,-1
G080,G076,-0.00020112665,-1
G040,G033,-0.00020113497,-1
G037,G003,-0.00020120648,-1
G025,G062,-0.00020133377,-1
G022,G018,-0.00020139028,-1
G002,G009,-0.0002016283,-1
G051,G025,-0.00020171094,-1
G083,G022,-0.00020186271,-1
G021,G099,-0.00020192706,-1
G072,G091,-0.00020222487,-1
G001,G064,-0.00020224124,-1
G036,G058,-0.00020249316,-1
G083,G035,-0.0002025246,-1
G070,G045,-0.0002025352,-1
G083,G069,-0.00020267074,-1
G023,G032,-0.00020315248,-1
G034,G043,-0.00020321686,-1
G057,G098,-0.0002032816,-1
G040,G063,-0.00020332207,-1
G093,G023,-0.00020341978,-1
G088,G087,-0.00020363284,-1
G083,G046,-0.00020388808,-1
G054,G084,-0.00020392337,-1
G008,G054,-0.000204581,-1
G058,G061,-0.00020464328,-1
G021,G094,-0.00020469393,-1
G013,G065,-0.00020477675,-1
G040,G088,-0.00020491109,-1
G022,G046,-0.00020500021,-1
G039,G024,-0.00020506831,-1
G074,G087,-0.00020519065,-1
G057,G087,-0.00020529136,-1
G059,G036,-0.00020541911,-1
G013,G080,-0.00020571133,-1
G077,G065,-0.00020573824,-1
G093,G073,-0.00020579238,-1
G032,G018,-0.0002057969,-1
G008,G029,-0.00020580078,-1
G097,G069,-0.00020580711,-1
G093,G071,-0.00020602465,-1
G069,G071,-0.00020608847,-1
G026,G093,-0.00020610144,-1
G008,G075,-0.00020616181,-1
G063,G047,-0.00020619425,-1
G097,G091,-0.00020638254,-1
G025,G093,-0.00020653922,-1
G005,G052,-0.0002065701,-1
G043,G054,-0.00020658574,-1
G016,G066,-0.0002069126,-1
G039,G048,-0.00020705294,-1
G097,G058,-0.00020707147,-1
G020,G054,-0.0002072889,-1
G057,G096,-0.00020729161,-1
G065,G058,-0.00020757627,-1
G047,G033,-0.00020771654,-1
G033,G049,-0.00020789023,-1
G073,G099,-0.00020793335,-1
G030,G085,-0.00020796516,-1
G039,G038,-0.00020813233,-1
G069,G088,-0.00020815466,-1
G093,G075,-0.0002083178,-1
G088,G077,-0.00020836237,-1
G031,G094,-0.00020877762,-1
G089,G082,-0.00020892432,-1
G070,G064,-0.00020906003,-1
G013,G060,-0.00020914467,-1
G021,G065,-0.0002092591,-1
G089,G064,-0.00020926636,-1
G036,G085,-0.00020927795,-1
G073,G039,-0.00020930998,-1
G040,G094,-0.00020937325,-1
G037,G072,-0.0002094351,-1
G022,G100,-0.00020951669,-1
G005,G032,-0.00020956693,-1
G091,G025,-0.00020963805,-1
G011,G094,-0.00020997926,-1
G079,G032,-0.000210075,-1
G013,G085,-0.00021040205,-1
G093,G085,-0.00021047426,-1
G022,G063,-0.00021069685,-1
G078,G092,-0.00021104694,-1
G008,G077,-0.00021121716,-1
G022,G071,-0.00021126743,-1
G082,G080,-0.0002112927,-1
G038,G082,-0.00021130554,-1
G005,G025,-0.00021143543,-1
G074,G006,-0.00021177491,-1
G077,G006,-0.00021178502,-1
G005,G077,-0.0002118962,-1
G065,G011,-0.00021209144,-1
G083,G073,-0.00021212934,-1
G039,G043,-0.00021243231,-1
G083,G082,-0.00021264101,-1
G022,G013,-0.0002128012,-1
G036,G047,-0.00021295194,-1
G014,G056,-0.00021337996,-1
G067,G098,-0.00021339304,-1
G076,G066,-0.00021344602,-1
G011,G038,-0.00021356641,-1
G074,G094,-0.00021361193,-1
G002,G050,-0.00021368671,-1
G093,G026,-0.00021377823,-1
G051,G005,-0.00021380851,-1
G039,G050,-0.00021389965,-1
G018,G077,-0.00021401525,-1
G013,G041,-0.00021425099,-1
G042,G063,-0.00021427116,-1
G091,G014,-0.00021434326,-1
G067,G006,-0.00021439262,-1
G093,G063,-0.00021439267,-1
G093,G029,-0.0002147693,-1
G001,G032,-0.00021494197,-1
G049,G033,-0.00021495912,-1
G095,G069,-0.000215015,-1
G018,G087,-0.00021504995,-1
G030,G037,-0.00021508026,-1
G070,G065,-0.00021512777,-1
G070,G071,-0.00021522703,-1
G002,G023,-0.00021532147,-1
G015,G019,-0.00021536827,-1
G065,G051,-0.00021541386,-1
G013,G070,-0.00021551023,-1
G070,G025,-0.00021579037,-1
G073,G036,-0.00021579895,-1
G099,G082,-0.00021585717,-1
G018,G092,-0.0002160902,-1
G041,G045,-0.00021614878,-1
G098,G059,-0.00021644896,-1
G002,G085,-0.00021653193,-1
G027,G090,-0.00021653244,-1
G053,G098,-0.00021685967,-1
G009,G065,-0.00021689304,-1
G074,G034,-0.00021690519,-1
G098,G058,-0.00021691555,-1
G070,G030,-0.00021700696,-1
G091,G094,-0.0002170232,-1
G004,G024,-0.00021720864,-1
G067,G033,-0.00021721363,-1
G081,G062,-0.00021722587,-1
G060,G021,-0.00021722817,-1
G021,G046,-0.00021728917,-1
G011,G001,-0.00021741116,-1
G086,G012,-0.00021779194,-1
G097,G036,-0.00021783073,-1
G100,G081,-0.00021793744,-1
G058,G034,-0.00021798199,-1
G059,G087,-0.00021802665,-1
G094,G081,-0.00021808584,-1
G006,G081,-0.00021826423,-1
G097,G085,-0.0002183236,-1
G055,G025,-0.00021839894,-1
G022,G061,-0.00021858582,-1
G020,G038,-0.00021892016,-1
G044,G081,-0.00021894634,-1
G030,G003,-0.00021908709,-1
G039,G034,-0.00021924755,-1
G007,G083,-0.00021935957,-1
G073,G004,-0.00021956161,-1
G002,G068,-0.00021956615,-1
G082,G064,-0.0002197628,-1
G033,G052,-0.00021983571,-1
G041,G064,-0.00021984152,-1
G065,G064,-0.00021993218,-1
G002,G052,-0.00022009853,-1
G070,G038,-0.00022016869,-1
G023,G028,-0.00022020462,-1
G086,G091,-0.00022032575,-1
G088,G054,-0.00022039509,-1
G038,G028,-0.00022053841,-1
G082,G076,-0.00022058169,-1
G015,G069,-0.00022088962,-1
G086,G047,-0.0002209555,-1
G094,G012,-0.00022101885,-1
G018,G069,-0.00022115583,-1
G023,G089,-0.00022124249,-1
G026,G071,-0.00022137424,-1
G099,G080,-0.00022141897,-1
G023,G077,-0.00022160597,-1
G078,G091,-0.00022174067,-1
G033,G082,-0.00022191608,-1
G033,G098,-0.00022213662,-1
G036,G050,-0.00022228053,-1
G092,G048,-0.00022229781,-1
G021,G039,-0.00022237976,-1
G034,G081,-0.00022244008,-1
G091,G099,-0.00022248166,-1
G030,G056,-0.00022250139,-1
G041,G012,-0.00022255903,-1
G097,G046,-0.0002226916,-1
G033,G074,-0.00022277824,-1
G071,G064,-0.00022292792,-1
G072,G036,-0.00022294644,-1
G074,G014,-0.0002230899,-1
G005,G037,-0.0002234365,-1
G065,G016,-0.0002237628,-1
G061,G072,-0.0002238655,-1
G032,G093,-0.00022428962,-1
G051,G023,-0.00022430443,-1
G071,G036,-0.00022430642,-1
G011,G077,-0.0002244656,-1
G009,G015,-0.0002245163,-1
G070,G092,-0.0002247605,-1
G024,G099,-0.00022490151,-1
G003,G081,-0.00022497264,-1
G040,G054,-0.00022519591,-1
G062,G009,-0.00022524365,-1
G049,G082,-0.00022539619,-1
G083,G089,-0.00022548372,-1
G051,G086,-0.00022561071,-1
G005,G086,-0.00022571614,-1
G071,G085,-0.00022575738,-1
G073,G077,-0.00022581115,-1
G065,G098,-0.00022584344,-1
G090,G079,-0.0002259276,-1
G088,G025,-0.00022595402,-1
G100,G026,-0.0002260197,-1
G092,G081,-0.0002260552,-1
G026,G046,-0.00022610207,-1
G032,G085,-0.00022680388,-1
G044,G055,-0.00022683783,-1
G054,G042,-0.00022685678,-1
G032,G067,-0.00022697572,-1
G065,G025,-0.0002269795,-1
G086,G084,-0.00022704765,-1
G015,G043,-0.00022713514,-1
G010,G032,-0.0002271912,-1
G089,G091,-0.00022734988,-1
G100,G094,-0.00022743442,-1
G030,G024,-0.000227524,-1
G085,G066,-0.00022774629,-1
G098,G061,-0.00022792148,-1
G094,G091,-0.00022809701,-1
G023,G058,-0.00022818502,-1
G004,G047,-0.00022832782,-1
G002,G056,-0.00022862817,-1
G074,G041,-0.00022891986,-1
G023,G075,-0.00022895177,-1
G022,G077,-0.00022895944,-1
G002,G013,-0.00022910308,-1
G027,G057,-0.00022930614,-1
G030,G077,-0.00022945523,-1
G100,G030,-0.00022946853,-1
G073,G046,-0.00022966762,-1
G059,G031,-0.00022984346,-1
G013,G035,-0.00023004647,-1
G024,G084,-0.00023016101,-1
G055,G061,-0.00023017594,-1
G017,G048,-0.0002303097,-1
G059,G082,-0.00023037427,-1
G093,G054,-0.0002304876,-1
G032,G015,-0.00023061033,-1
G098,G045,-0.00023067142,-1
G093,G059,-0.0002310514,-1
G025,G086,-0.00023107984,-1
G082,G046,-0.00023111215,-1
G070,G017,-0.00023131774,-1
G049,G065,-0.00023139485,-1
G091,G074,-0.00023148448,-1
G022,G097,-0.00023150556,-1
G023,G042,-0.00023150735,-1
G088,G024,-0.00023155886,-1
G021,G004,-0.00023156723,-1
G066,G033,-0.00023170336,-1
G039,G056,-0.00023170614,-1
G093,G038,-0.00023194317,-1
G067,G066,-0.00023194718,-1
G049,G077,-0.00023208134,-1
G091,G077,-0.00023212576,-1
G055,G001,-0.00023214592,-1
G051,G058,-0.00023227981,-1
G088,G049,-0.00023228144,-1
G084,G032,-0.00023237393,-1
G089,G036,-0.00023243339,-1
G042,G014,-0.00023246871,-1
G026,G073,-0.0002328668,-1
G069,G042,-0.00023290259,-1
G088,G067,-0.00023293325,-1
G075,G020,-0.00023306094,-1
G013,G045,-0.00023308842,-1
G042,G028,-0.00023314178,-1
G049,G093,-0.00023342606,-1
G028,G097,-0.00023344986,-1
G073,G058,-0.00023352416,-1
G002,G010,-0.000233619,-1
G062,G043,-0.0002336394,-1
G034,G040,-0.00023384359,-1
G091,G097,-0.00023391149,-1
G070,G034,-0.00023424992,-1
G070,G046,-0.00023442133,-1
G096,G086,-0.0002345725,-1
G023,G012,-0.00023462571,-1
G095,G028,-0.00023467439,-1
G026,G036,-0.00023488751,-1
G088,G015,-0.00023524226,-1
G020,G047,-0.0002353321,-1
G093,G099,-0.00023555777,-1
G004,G085,-0.00023576221,-1
G087,G075,-0.00023581916,-1
G051,G066,-0.00023588324,-1
G049,G053,-0.00023596719,-1
G044,G017,-0.0002360428,-1
G091,G092,-0.0002361239,-1
G091,G021,-0.00023615021,-1
G033,G090,-0.00023631833,-1
G042,G050,-0.00023661638,-1
G050,G091,-0.00023665235,-1
G074,G077,-0.00023680195,-1
G087,G043,-0.00023683492,-1
G045,G072,-0.000236872,-1
G089,G056,-0.00023696228,-1
G075,G091,-0.00023714652,-1
G088,G094,-0.00023715816,-1
G059,G066,-0.00023721808,-1
G003,G046,-0.00023727487,-1
G030,G062,-0.00023728443,-1
G073,G071,-0.00023737772,-1
G058,G045,-0.00023738174,-1
G030,G045,-0.00023745526,-1
G060,G059,-0.00023748238,-1
G072,G014,-0.00023771882,-1
G079,G098,-0.00023773657,-1
G011,G052,-0.00023779098,-1
G090,G075,-0.0002378116,-1
G060,G011,-0.00023838642,-1
G036,G017,-0.00023846986,-1
G041,G009,-0.00023849716,-1
G100,G086,-0.00023874147,-1
G013,G089,-0.00023884392,-1
G097,G067,-0.00023918018,-1
G099,G035,-0.00023921907,-1
G020,G085,-0.00023931034,-1
G053,G075,-0.00023941802,-1
G039,G082,-0.00023945213,-1
G020,G087,-0.00023960338,-1
G009,G033,-0.0002396328,-1
G067,G084,-0.00023978298,-1
G042,G038,-0.00023990225,-1
G074,G095,-0.00023994388,-1
G060,G073,-0.00024014727,-1
G022,G007,-0.00024017495,-1
G023,G013,-0.00024021724,-1
G071,G087,-0.00024037457,-1
G039,G080,-0.00024064322,-1
G058,G082,-0.0002407681,-1
G093,G036,-0.00024080336,-1
G074,G046,-0.00024112903,-1
G096,G012,-0.00024141002,-1
G065,G032,-0.00024149218,-1
G002,G076,-0.00024168575,-1
G012,G079,-0.0002417208,-1
G082,G015,-0.00024173946,-1
G039,G075,-0.00024174745,-1
G093,G060,-0.000241943,-1
G034,G042,-0.00024199346,-1
G083,G075,-0.00024210512,-1
G034,G091,-0.00024251456,-1
G002,G080,-0.00024268516,-1
G008,G025,-0.0002427246,-1
G075,G098,-0.00024274993,-1
G017,G097,-0.0002427743,-1
G008,G024,-0.00024279064,-1
G022,G043,-0.0002433566,-1
G037,G004,-0.00024357729,-1
G074,G009,-0.00024362358,-1
G072,G048,-0.00024362552,-1
G041,G017,-0.00024375001,-1
G038,G017,-0.00024387315,-1
G025,G089,-0.0002441928,-1
G042,G023,-0.00024434572,-1
G089,G080,-0.00024444473,-1
G042,G051,-0.00024457782,-1
G093,G070,-0.0002446157,-1
G065,G034,-0.00024472995,-1
G065,G095,-0.00024492622,-1
G086,G018,-0.00024496726,-1
G074,G089,-0.0002449959,-1
G036,G024,-0.00024508312,-1
G003,G069,-0.00024525367,-1
G041,G085,-0.0002452568,-1
G073,G075,-0.00024527463,-1
G070,G076,-0.00024536301,-1
G012,G041,-0.00024544916,-1
G099,G051,-0.00024549096,-1
G030,G008,-0.00024559308,-1
G098,G038,-0.0002456867,-1
G023,G076,-0.0002457425,-1
G070,G063,-0.00024600918,-1
G051,G046,-0.00024603508,-1
G021,G098,-0.00024610147,-1
G090,G043,-0.00024665505,-1
G022,G067,-0.00024671646,-1
G047,G040,-0.0002467337,-1
G026,G064,-0.0002468594,-1
G049,G012,-0.000246875,-1
G049,G032,-0.00024710363,-1
G026,G055,-0.00024713232,-1
G085,G004,-0.0002471437,-1
G093,G028,-0.00024726073,-1
G043,G002,-0.00024726114,-1
G004,G092,-0.00024744062,-1
G082,G009,-0.00024794645,-1
G088,G051,-0.00024795427,-1
G075,G062,-0.00024818408,-1
G059,G013,-0.000248267,-1
G068,G057,-0.000248415,-1
G031,G088,-0.0002487692,-1
G088,G063,-0.00024935877,-1
G032,G092,-0.00024938156,-1
G010,G064,-0.00024940056,-1
G026,G070,-0.00024952792,-1
G024,G042,-0.00024966084,-1
G083,G005,-0.00024971724,-1
G083,G085,-0.00024977504,-1
G038,G009,-0.00024978208,-1
G025,G052,-0.0002499084,-1
G020,G032,-0.00025005854,-1
G073,G012,-0.00025010813,-1
G030,G079,-0.00025013858,-1
G073,G097,-0.0002504411,-1
G078,G013,-0.00025053418,-1
G033,G042,-0.00025056145,-1
G049,G015,-0.00025059492,-1
G033,G088,-0.00025064405,-1
G025,G098,-0.000250651,-1
G097,G060,-0.0002507159,-1
G065,G018,-0.00025078675,-1
G008,G095,-0.00025087694,-1
G065,G077,-0.00025091975,-1
G086,G034,-0.00025092348,-1
G059,G086,-0.00025113637,-1
G098,G056,-0.00025116073,-1
G020,G046,-0.0002512606,-1
G098,G040,-0.00025133326,-1
G073,G060,-0.00025161996,-1
G023,G034,-0.00025167002,-1
G008,G033,-0.00025168204,-1
G024,G081,-0.0002518634,-1
G026,G012,-0.00025193725,-1
G015,G057,-0.0002523161,-1
G079,G100,-0.00025235495,-1
G042,G015,-0.00025237535,-1
G073,G028,-0.0002524486,-1
G040,G030,-0.0002524748,-1
G049,G045,-0.00025262794,-1
G088,G011,-0.0002530564,-1
G061,G001,-0.00025309154,-1
G051,G078,-0.0002532157,-1
G042,G036,-0.00025325126,-1
G089,G070,-0.0002532749,-1
G086,G099,-0.0002534985,-1
G020,G086,-0.00025359666,-1
G082,G023,-0.00025386727,-1
G018,G048,-0.0002539649,-1
G055,G066,-0.00025398404,-1
G055,G057,-0.0002541948,-1
G021,G034,-0.0002545458,-1
G002,G011,-0.00025457557,-1
G003,G075,-0.00025483588,-1
G068,G013,-0.00025505736,-1
G096,G035,-0.0002551449,-1
G065,G036,-0.0002553634,-1
G073,G015,-0.00025556356,-1
G073,G047,-0.000255825,-1
G013,G030,-0.00025597235,-1
G022,G052,-0.0002562228,-1
G042,G069,-0.00025630358,-1
G060,G074,-0.00025644412,-1
G088,G039,-0.00025673077,-1
G013,G059,-0.00025683173,-1
G059,G048,-0.0002570491,-1
G033,G069,-0.0002571572,-1
G067,G069,-0.00025719308,-1
G013,G023,-0.0002574059,-1
G024,G048,-0.0002576362,-1
G040,G095,-0.00025804783,-1
G013,G062,-0.000258366,-1
G069,G040,-0.0002586537,-1
G098,G096,-0.00025885415,-1
G049,G051,-0.00025907395,-1
G078,G009,-0.0002595682,-1
G080,G028,-0.00025974328,-1
G049,G058,-0.00026000277,-1
G082,G052,-0.00026007573,-1
G021,G022,-0.00026017654,-1
G046,G033,-0.00026020882,-1
G088,G082,-0.00026020885,-1
G099,G036,-0.0002602658,-1
G060,G020,-0.00026027331,-1
G088,G091,-0.00026031167,-1
G039,G054,-0.00026038068,-1
G038,G075,-0.0002604232,-1
G051,G052,-0.00026054177,-1
G025,G082,-0.0002606128,-1
G008,G087,-0.00026089852,-1
G098,G039,-0.00026104422,-1
G004,G095,-0.0002612853,-1
G093,G024,-0.00026136832,-1
G065,G084,-0.00026151162,-1
G099,G076,-0.00026154847,-1
G002,G091,-0.0002616399,-1
G089,G097,-0.00026168083,-1
G001,G034,-0.00026173214,-1
G084,G019,-0.0002619483,-1
G058,G030,-0.00026207158,-1
G023,G098,-0.00026207903,-1
G099,G100,-0.0002621132,-1
G036,G065,-0.0002623495,-1
G005,G021,-0.0002625377,-1
G067,G043,-0.00026263192,-1
G025,G030,-0.00026270328,-1
G019,G004,-0.00026282476,-1
G072,G038,-0.00026285078,-1
G003,G043,-0.00026285442,-1
G074,G036,-0.00026297753,-1
G080,G046,-0.00026301597,-1
G022,G074,-0.0002630377,-1
G036,G034,-0.00026309333,-1
G002,G034,-0.00026321673,-1
G040,G099,-0.00026363143,-1
G012,G007,-0.00026385445,-1
G060,G078,-0.00026388356,-1
G088,G056,-0.00026391307,-1
G021,G036,-0.0002640722,-1
G021,G043,-0.0002642997,-1
G091,G038,-0.0002644956,-1
G067,G015,-0.0002651393,-1
G088,G009,-0.00026548989,-1
G026,G047,-0.0002654926,-1
G073,G085,-0.00026553785,-1
G094,G076,-0.0002655844,-1
G073,G091,-0.0002656135,-1
G022,G030,-0.00026576224,-1
G070,G012,-0.0002659672,-1
G038,G013,-0.00026598613,-1
G030,G044,-0.00026603192,-1
G089,G024,-0.0002661672,-1
G033,G091,-0.00026618602,-1
G097,G062,-0.00026625488,-1
G026,G054,-0.0002663471,-1
G089,G004,-0.00026639746,-1
G022,G056,-0.00026648608,-1
G091,G022,-0.00026655413,-1
G070,G039,-0.00026658224,-1
G049,G070,-0.000266716,-1
G055,G017,-0.00026717788,-1
G049,G047,-0.00026726074,-1
G061,G053,-0.00026745122,-1
G024,G021,-0.00026747558,-1
G011,G024,-0.00026765995,-1
G062,G013,-0.00026774165,-1
G093,G032,-0.00026782852,-1
G086,G051,-0.00026798592,-1
G071,G061,-0.00026819238,-1
G022,G015,-0.00026874547,-1
G039,G098,-0.00026892748,-1
G060,G016,-0.0002689711,-1
G078,G043,-0.00026916337,-1
G042,G099,-0.00026930135,-1
G086,G029,-0.0002693239,-1
G057,G019,-0.00026934687,-1
G029,G052,-0.00026937702,-1
G074,G004,-0.0002694058,-1
G039,G049,-0.00026967577,-1
G049,G048,-0.00026997222,-1
G040,G061,-0.00027027642,-1
G022,G094,-0.00027039266,-1
G022,G034,-0.0002705852,-1
G062,G036,-0.0002707279,-1
G023,G097,-0.00027081935,-1
G072,G032,-0.00027100695,-1
G051,G075,-0.00027109584,-1
G005,G079,-0.00027113344,-1
G054,G028,-0.0002714253,-1
G013,G093,-0.00027188694,-1
G088,G064,-0.00027213033,-1
G026,G038,-0.00027251305,-1
G075,G082,-0.0002725902,-1
G022,G095,-0.0002726694,-1
G020,G049,-0.00027285356,-1
G026,G022,-0.0002729279,-1
G055,G047,-0.0002729779,-1
G089,G084,-0.00027319914,-1
G018,G034,-0.00027335866,-1
G032,G068,-0.00027341695,-1
G028,G024,-0.00027350124,-1
G049,G056,-0.00027369295,-1
G065,G042,-0.00027386655,-1
G050,G004,-0.00027430907,-1
G034,G041,-0.0002747901,-1
G013,G031,-0.0002749568,-1
G014,G069,-0.00027550085,-1
G004,G097,-0.00027574188,-1
G049,G095,-0.00027591395,-1
G097,G052,-0.00027599497,-1
G091,G052,-0.0002761423,-1
G073,G025,-0.0002763145,-1
G018,G056,-0.0002763787,-1
G051,G077,-0.0002764727,-1
G033,G051,-0.00027671666,-1
G088,G089,-0.00027678304,-1
G017,G009,-0.0002768239,-1
G032,G065,-0.00027698211,-1
G036,G087,-0.00027698374,-1
G072,G011,-0.0002773708,-1
G023,G094,-0.00027828765,-1
G065,G081,-0.00027829266,-1
G078,G025,-0.00027832552,-1
G089,G087,-0.0002783967,-1
G026,G094,-0.00027844348,-1
G042,G003,-0.00027848058,-1
G071,G069,-0.0002788275,-1
G054,G040,-0.000279049,-1
G047,G098,-0.00027906644,-1
G098,G026,-0.00027923906,-1
G060,G091,-0.00027930897,-1
G059,G094,-0.00027944072,-1
G060,G038,-0.0002796498,-1
G073,G023,-0.0002798866,-1
G086,G071,-0.00028005603,-1
G050,G062,-0.00028037553,-1
G056,G035,-0.00028055074,-1
G091,G069,-0.00028074582,-1
G039,G032,-0.00028074827,-1
G097,G034,-0.0002808238,-1
G040,G085,-0.00028099766,-1
G081,G086,-0.0002811388,-1
G051,G042,-0.00028138206,-1
G038,G056,-0.00028175526,-1
G008,G030,-0.00028186693,-1
G070,G062,-0.00028251988,-1
G098,G077,-0.00028269814,-1
G059,G020,-0.00028279793,-1
G030,G082,-0.00028324343,-1
G024,G095,-0.00028360667,-1
G043,G046,-0.00028365248,-1
G008,G069,-0.00028387867,-1
G032,G073,-0.00028391954,-1
G051,G079,-0.0002839313,-1
G067,G082,-0.00028397248,-1
G085,G047,-0.00028430202,-1
G039,G008,-0.00028487534,-1
G072,G077,-0.00028508998,-1
G038,G024,-0.00028558826,-1
G055,G031,-0.00028578902,-1
G093,G077,-0.0002860801,-1
G083,G003,-0.0002861235,-1
G060,G083,-0.0002863076,-1
G092,G098,-0.00028645966,-1
G049,G007,-0.0002865207,-1
G008,G099,-0.00028659977,-1
G033,G089,-0.00028674531,-1
G048,G096,-0.00028684718,-1
G009,G082,-0.00028704834,-1
G062,G085,-0.00028716982,-1
G012,G045,-0.00028736787,-1
G097,G028,-0.0002878969,-1
G083,G100,-0.00028832784,-1
G032,G078,-0.00028860584,-1
G053,G052,-0.00028863884,-1
G098,G033,-0.000288645,-1
G049,G046,-0.00028874842,-1
G041,G058,-0.00028880607,-1
G070,G077,-0.0002888478,-1
G089,G088,-0.00028899952,-1
G060,G070,-0.0002890818,-1
G060,G099,-0.00028936748,-1
G036,G095,-0.00028945698,-1
G072,G084,-0.00028950226,-1
G023,G024,-0.000289549,-1
G098,G062,-0.00028957627,-1
G056,G013,-0.0002896407,-1
G094,G082,-0.0002897872,-1
G080,G098,-0.00028997005,-1
G027,G031,-0.0002900977,-1
G013,G086,-0.00029017037,-1
G086,G096,-0.00029019068,-1
G049,G023,-0.00029040262,-1
G069,G002,-0.00029061292,-1
G100,G040,-0.0002906676,-1
G026,G075,-0.00029078693,-1
G034,G075,-0.00029138694,-1
G034,G069,-0.00029144375,-1
G036,G092,-0.00029159186,-1
G027,G095,-0.00029162946,-1
G008,G015,-0.000291673,-1
G087,G033,-0.00029187667,-1
G077,G033,-0.00029221296,-1
G066,G097,-0.0002924409,-1
G067,G024,-0.00029253258,-1
G062,G008,-0.00029262208,-1
G040,G089,-0.00029273357,-1
G004,G082,-0.00029276364,-1
G070,G004,-0.00029288427,-1
G044,G079,-0.00029320223,-1
G020,G033,-0.0002934015,-1
G074,G024,-0.00029343518,-1
G073,G051,-0.00029343908,-1
G062,G075,-0.00029349688,-1
G052,G065,-0.00029393524,-1
G073,G065,-0.00029446083,-1
G075,G048,-0.0002944711,-1
G004,G075,-0.00029511453,-1
G033,G018,-0.00029544352,-1
G089,G081,-0.0002955858,-1
G065,G033,-0.0002957959,-1
G074,G023,-0.00029635598,-1
G026,G029,-0.0002966648,-1
G033,G015,-0.0002967476,-1
G030,G076,-0.0002970639,-1
G065,G092,-0.00029749254,-1
G018,G065,-0.00029753102,-1
G032,G055,-0.0002977569,-1
G100,G047,-0.0002981324,-1
G099,G069,-0.0002982185,-1
G008,G022,-0.0002983252,-1
G088,G058,-0.00029843667,-1
G042,G085,-0.00029900295,-1
G093,G095,-0.00029901322,-1
G074,G062,-0.0002994107,-1
G078,G004,-0.0002997767,-1
G060,G049,-0.0002998601,-1
G078,G069,-0.0003000146,-1
G065,G020,-0.00030043494,-1
G070,G095,-0.00030071105,-1
G011,G067,-0.00030071946,-1
G063,G061,-0.00030078314,-1
G093,G100,-0.00030079656,-1
G021,G075,-0.0003014099,-1
G093,G058,-0.00030144534,-1
G065,G024,-0.000301614,-1
G067,G052,-0.0003016552,-1
G032,G098,-0.0003017519,-1
G026,G032,-0.0003019378,-1
G094,G058,-0.0003024282,-1
G070,G048,-0.00030243103,-1
G031,G095,-0.0003024897,-1
G063,G098,-0.0003025103,-1
G075,G064,-0.00030253752,-1
G020,G055,-0.0003025777,-1
G047,G075,-0.00030262396,-1
G050,G081,-0.00030289678,-1
G089,G095,-0.000303275,-1
G010,G086,-0.00030338555,-1
G072,G006,-0.00030353075,-1
G091,G085,-0.00030367577,-1
G038,G066,-0.00030389053,-1
G084,G020,-0.00030414213,-1
G088,G036,-0.00030415488,-1
G073,G061,-0.00030443128,-1
G036,G062,-0.0003054443,-1
G065,G052,-0.0003057839,-1
G026,G058,-0.00030584377,-1
G038,G084,-0.0003059395,-1
G088,G020,-0.00030613603,-1
G036,G038,-0.0003063594,-1
G032,G080,-0.00030676875,-1
G089,G076,-0.00030718758,-1
G088,G043,-0.00030727207,-1
G032,G062,-0.000307557,-1
G074,G025,-0.00030774108,-1
G076,G097,-0.00030779402,-1
G085,G062,-0.00030783148,-1
G087,G046,-0.00030784958,-1
G054,G056,-0.0003079602,-1
G060,G053,-0.00030847767,-1
G033,G029,-0.00030869042,-1
G087,G028,-0.00030872851,-1
G077,G001,-0.00030883908,-1
G018,G029,-0.0003088583,-1
G028,G042,-0.00030910943,-1
G089,G052,-0.00030919354,-1
G068,G100,-0.00030925657,-1
G020,G039,-0.00030930812,-1
G002,G084,-0.0003093691,-1
G097,G043,-0.00030974337,-1
G060,G065,-0.00030995626,-1
G010,G001,-0.00031025,-1
G005,G041,-0.000310263,-1
G094,G062,-0.00031036726,-1
G060,G067,-0.00031059148,-1
G091,G046,-0.0003109783,-1
G088,G084,-0.00031105426,-1
G005,G081,-0.00031114358,-1
G060,G061,-0.0003111866,-1
G072,G081,-0.00031131005,-1
G070,G028,-0.00031229152,-1
G093,G064,-0.00031262028,-1
G060,G071,-0.0003126216,-1
G091,G075,-0.00031290928,-1
G049,G081,-0.00031336947,-1
G097,G038,-0.0003139171,-1
G020,G040,-0.00031413665,-1
G020,G019,-0.00031429715,-1
G086,G088,-0.00031438188,-1
G062,G084,-0.00031483194,-1
G071,G028,-0.0003153045,-1
G087,G069,-0.0003157849,-1
G071,G056,-0.0003160099,-1
G092,G039,-0.0003160787,-1
G020,G075,-0.00031638992,-1
G052,G013,-0.00031645613,-1
G043,G027,-0.00031657575,-1
G026,G088,-0.00031689063,-1
G032,G091,-0.00031714034,-1
G042,G017,-0.0003172245,-1
G010,G079,-0.0003173774,-1
G041,G095,-0.00031748024,-1
G008,G038,-0.00031766976,-1
G006,G057,-0.00031771362,-1
G038,G040,-0.00031782512,-1
G039,G081,-0.00031785844,-1
G080,G084,-0.0003179242,-1
G066,G076,-0.00031796584,-1
G013,G046,-0.00031811843,-1
G066,G012,-0.00031877178,-1
G077,G098,-0.00031888575,-1
G087,G085,-0.00031898904,-1
G049,G089,-0.00031914585,-1
G021,G066,-0.000319654,-1
G060,G023,-0.00032002214,-1
G032,G005,-0.00032005674,-1
G022,G036,-0.0003201338,-1
G088,G095,-0.0003201665,-1
G032,G036,-0.00032039935,-1
G032,G022,-0.0003204494,-1
G048,G019,-0.00032081673,-1
G015,G095,-0.00032112596,-1
G015,G061,-0.0003213596,-1
G074,G082,-0.00032139927,-1
G022,G085,-0.00032164276,-1
G005,G043,-0.0003224173,-1
G097,G082,-0.0003224394,-1
G093,G011,-0.00032286232,-1
G081,G097,-0.00032293343,-1
G074,G043,-0.0003230012,-1
G094,G098,-0.00032301224,-1
G074,G035,-0.000323119,-1
G004,G043,-0.0003231815,-1
G087,G077,-0.00032321346,-1
G002,G016,-0.000323605,-1
G022,G082,-0.00032374612,-1
G036,G082,-0.00032378687,-1
G093,G069,-0.0003238997,-1
G042,G011,-0.0003239598,-1
G094,G093,-0.00032428262,-1
G068,G079,-0.0003243199,-1
G065,G001,-0.00032436405,-1
G036,G063,-0.000324801,-1
G073,G095,-0.0003253953,-1
G070,G033,-0.00032595007,-1
G086,G049,-0.0003260815,-1
G032,G052,-0.00032615353,-1
G097,G033,-0.00032617457,-1
G050,G100,-0.00032618805,-1
G099,G058,-0.00032636442,-1
G093,G088,-0.00032684155,-1
G070,G052,-0.00032688654,-1
G097,G017,-0.0003271988,-1
G046,G089,-0.00032720322,-1
G034,G047,-0.00032755133,-1
G033,G086,-0.00032808963,-1
G020,G034,-0.0003282028,-1
G082,G062,-0.0003287875,-1
G005,G008,-0.00032881415,-1
G067,G086,-0.00032904508,-1
G032,G070,-0.0003291312,-1
G093,G018,-0.0003291969,-1
G026,G011,-0.00032926336,-1
G036,G013,-0.00032972096,-1
G068,G096,-0.00032976887,-1
G055,G069,-0.00033012018,-1
G032,G046,-0.00033071366,-1
G022,G091,-0.00033093878,-1
G078,G064,-0.00033146603,-1
G069,G064,-0.00033152854,-1
G071,G081,-0.00033183483,-1
G011,G022,-0.00033204627,-1
G060,G050,-0.00033219735,-1
G063,G008,-0.00033265413,-1
G036,G021,-0.00033317244,-1
G017,G098,-0.00033319253,-1
G082,G066,-0.000333769,-1
G073,G038,-0.00033387897,-1
G058,G042,-0.0003340468,-1
G029,G062,-0.00033414815,-1
G087,G020,-0.00033418747,-1
G011,G009,-0.00033422667,-1
G095,G024,-0.0003342829,-1
G026,G069,-0.00033429748,-1
G070,G075,-0.00033429972,-1
G028,G079,-0.00033431224,-1
G032,G063,-0.00033445258,-1
G020,G065,-0.00033450496,-1
G046,G015,-0.0003345305,-1
G074,G056,-0.00033463156,-1
G033,G043,-0.00033473957,-1
G004,G058,-0.0003348623,-1
G060,G045,-0.00033487345,-1
G082,G081,-0.0003349089,-1
G050,G028,-0.00033492554,-1
G098,G047,-0.00033494685,-1
G041,G015,-0.00033498876,-1
G060,G089,-0.00033534135,-1
G031,G047,-0.00033544155,-1
G093,G052,-0.00033552232,-1
G036,G051,-0.00033552386,-1
G026,G009,-0.00033556233,-1
G060,G092,-0.0003356354,-1
G054,G086,-0.00033579045,-1
G082,G036,-0.00033662433,-1
G008,G063,-0.00033684247,-1
G063,G028,-0.00033715178,-1
G040,G092,-0.00033718208,-1
G040,G034,-0.00033727637,-1
G094,G080,-0.00033734113,-1
G020,G023,-0.0003374745,-1
G075,G043,-0.0003375272,-1
G020,G037,-0.0003376205,-1
G032,G048,-0.00033793366,-1
G050,G042,-0.00033807452,-1
G063,G052,-0.0003380752,-1
G032,G096,-0.0003381334,-1
G013,G039,-0.00033832932,-1
G002,G074,-0.0003384899,-1
G074,G076,-0.00033872508,-1
G043,G042,-0.00033901134,-1
G039,G009,-0.0003395433,-1
G072,G035,-0.00034002613,-1
G030,G081,-0.0003401263,-1
G051,G097,-0.0003404134,-1
G093,G066,-0.00034043664,-1
G012,G047,-0.00034113004,-1
G073,G064,-0.00034117483,-1
G099,G081,-0.00034132277,-1
G059,G079,-0.00034149576,-1
G026,G028,-0.00034151998,-1
G060,G030,-0.00034166055,-1
G022,G081,-0.0003420278,-1
G077,G051,-0.00034218957,-1
G091,G036,-0.00034239914,-1
G098,G032,-0.0003427367,-1
G060,G014,-0.0003429275,-1
G060,G087,-0.00034294164,-1
G027,G043,-0.00034312927,-1
G088,G069,-0.0003431867,-1
G016,G031,-0.00034336277,-1
G010,G043,-0.00034341376,-1
G058,G048,-0.0003435437,-1
G060,G015,-0.00034362893,-1
G032,G002,-0.00034393749,-1
G049,G003,-0.00034395058,-1
G013,G042,-0.0003440563,-1
G022,G069,-0.00034420114,-1
G085,G065,-0.00034434738,-1
G008,G078,-0.0003444225,-1
G026,G049,-0.0003447156,-1
G036,G052,-0.00034515015,-1
G022,G011,-0.00034536127,-1
G028,G058,-0.00034550164,-1
G031,G066,-0.00034567632,-1
G065,G056,-0.0003456774,-1
G032,G039,-0.00034596535,-1
G065,G066,-0.00034598119,-1
G058,G084,-0.00034636658,-1
G041,G028,-0.00034676568,-1
G011,G086,-0.0003472496,-1
G055,G039,-0.00034733114,-1
G061,G057,-0.0003473902,-1
G032,G094,-0.00034776225,-1
G073,G052,-0.00034806944,-1
G026,G039,-0.0003481499,-1
G097,G092,-0.00034816487,-1
G075,G094,-0.0003482256,-1
G042,G088,-0.00034825748,-1
G093,G049,-0.0003482899,-1
G022,G086,-0.0003484569,-1
G015,G006,-0.0003485977,-1
G033,G062,-0.00034873403,-1
G055,G098,-0.000348993,-1
G060,G012,-0.0003491279,-1
G014,G100,-0.00034929352,-1
G088,G066,-0.00034952434,-1
G031,G063,-0.0003496787,-1
G027,G004,-0.00035016984,-1
G077,G080,-0.0003502802,-1
G082,G075,-0.00035045148,-1
G060,G018,-0.0003505415,-1
G026,G085,-0.00035062103,-1
G058,G047,-0.0003507015,-1
G069,G043,-0.00035095276,-1
G020,G067,-0.00035097467,-1
G085,G056,-0.00035105585,-1
G041,G082,-0.00035117357,-1
G023,G039,-0.00035178591,-1
G093,G084,-0.00035195705,-1
G063,G082,-0.0003525071,-1
G026,G063,-0.00035253755,-1
G056,G062,-0.00035323043,-1
G026,G095,-0.00035336503,-1
G089,G065,-0.0003533834,-1
G060,G055,-0.0003537625,-1
G026,G091,-0.00035392027,-1
G025,G081,-0.00035395962,-1
G070,G024,-0.00035398026,-1
G028,G061,-0.00035429656,-1
G020,G076,-0.0003545984,-1
G073,G011,-0.00035464263,-1
G045,G019,-0.00035469639,-1
G069,G053,-0.00035506868,-1
G049,G100,-0.00035561982,-1
G028,G007,-0.00035594526,-1
G014,G082,-0.0003565358,-1
G070,G080,-0.0003565822,-1
G028,G066,-0.0003569321,-1
G042,G034,-0.00035764195,-1
G015,G062,-0.00035796646,-1
G032,G071,-0.0003580239,-1
G019,G100,-0.00035822648,-1
G088,G075,-0.00035847878,-1
G036,G086,-0.00035852948,-1
G002,G012,-0.00035859994,-1
G071,G086,-0.00035886557,-1
G001,G013,-0.00035894732,-1
G073,G063,-0.0003589913,-1
G032,G077,-0.00035988717,-1
G022,G084,-0.00035991415,-1
G083,G048,-0.000359976,-1
G019,G061,-0.00035998423,-1
G060,G036,-0.00036057012,-1
G036,G075,-0.0003607256,-1
G026,G051,-0.0003615489,-1
G072,G097,-0.00036183398,-1
G055,G043,-0.00036216647,-1
G040,G084,-0.0003622268,-1
G033,G024,-0.00036372742,-1
G026,G050,-0.00036454643,-1
G071,G098,-0.00036473374,-1
G063,G024,-0.00036500194,-1
G006,G025,-0.0003650312,-1
G013,G053,-0.00036520694,-1
G089,G012,-0.0003652584,-1
G087,G047,-0.00036530208,-1
G061,G010,-0.00036555136,-1
G078,G100,-0.0003659451,-1
G055,G024,-0.00036612115,-1
G058,G028,-0.0003664063,-1
G055,G042,-0.00036643472,-1
G093,G081,-0.00036672546,-1
G022,G076,-0.0003670901,-1
G085,G082,-0.0003672243,-1
G034,G072,-0.0003677527,-1
G077,G052,-0.00036793388,-1
G049,G004,-0.00036805795,-1
G004,G052,-0.00036827428,-1
G008,G092,-0.00036828205,-1
G051,G096,-0.00036856925,-1
G005,G033,-0.0003686673,-1
G083,G020,-0.00036867664,-1
G005,G091,-0.00036874044,-1
G021,G023,-0.0003688357,-1
G020,G063,-0.00036897854,-1
G091,G056,-0.0003692303,-1
G072,G079,-0.00036946806,-1
G042,G091,-0.00036956294,-1
G072,G039,-0.00036961658,-1
G042,G092,-0.00036987945,-1
G023,G100,-0.00037012546,-1
G013,G072,-0.00037055818,-1
G073,G069,-0.00037060195,-1
G090,G042,-0.00037061286,-1
G067,G081,-0.00037065323,-1
G039,G069,-0.00037116703,-1
G079,G019,-0.0003713132,-1
G032,G025,-0.00037161206,-1
G098,G046,-0.00037298774,-1
G059,G034,-0.00037345922,-1
G021,G032,-0.0003740645,-1
G051,G098,-0.00037473856,-1
G089,G051,-0.0003751856,-1
G065,G086,-0.00037564075,-1
G060,G051,-0.00037685994,-1
G008,G082,-0.00037709335,-1
G032,G028,-0.0003771513,-1
G072,G098,-0.00037719784,-1
G022,G023,-0.0003786237,-1
G093,G042,-0.00037914238,-1
G070,G097,-0.00037922748,-1
G045,G016,-0.00037972463,-1
G011,G069,-0.00037978365,-1
G010,G080,-0.00037980117,-1
G063,G048,-0.00037987178,-1
G049,G086,-0.0003800506,-1
G089,G047,-0.00038016232,-1
G083,G006,-0.00038017627,-1
G085,G033,-0.00038026922,-1
G079,G097,-0.00038029038,-1
G070,G085,-0.00038051527,-1
G011,G021,-0.000380519,-1
G065,G046,-0.00038092092,-1
G094,G052,-0.00038105584,-1
G055,G023,-0.00038128634,-1
G063,G062,-0.00038157022,-1
G034,G079,-0.00038226013,-1
G011,G048,-0.00038232838,-1
G078,G082,-0.00038267486,-1
G067,G013,-0.00038268382,-1
G031,G021,-0.00038301517,-1
G073,G076,-0.00038389763,-1
G038,G008,-0.00038419702,-1
G040,G098,-0.00038478128,-1
G008,G046,-0.00038539854,-1
G028,G081,-0.00038547357,-1
G060,G075,-0.0003855744,-1
G047,G012,-0.0003856625,-1
G083,G072,-0.00038652003,-1
G030,G009,-0.00038652503,-1
G091,G064,-0.00038656648,-1
G032,G023,-0.00038658385,-1
G032,G050,-0.00038821873,-1
G085,G032,-0.00038864344,-1
G033,G100,-0.0003889508,-1
G026,G017,-0.0003890343,-1
G060,G009,-0.00038925442,-1
G091,G084,-0.0003894244,-1
G093,G021,-0.00038949813,-1
G077,G021,-0.00038993813,-1
G015,G051,-0.00039009686,-1
G042,G032,-0.00039081942,-1
G032,G017,-0.0003908715,-1
G015,G079,-0.00039089067,-1
G070,G082,-0.00039104713,-1
G010,G046,-0.00039151212,-1
G070,G043,-0.0003917066,-1
G091,G076,-0.0003921404,-1
G018,G030,-0.0003924432,-1
G033,G003,-0.0003927155,-1
G087,G040,-0.00039312226,-1
G011,G064,-0.00039330078,-1
G003,G079,-0.00039335145,-1
G040,G032,-0.00039353195,-1
G036,G032,-0.00039404485,-1
G080,G040,-0.00039424657,-1
G057,G090,-0.0003942832,-1
G080,G043,-0.00039460085,-1
G015,G024,-0.0003947568,-1
G077,G062,-0.0003954074,-1
G030,G052,-0.00039566358,-1
G080,G035,-0.00039582152,-1
G078,G008,-0.00039621894,-1
G060,G080,-0.0003967356,-1
G067,G056,-0.0003968789,-1
G060,G032,-0.00039716225,-1
G028,G077,-0.0003974352,-1
G042,G039,-0.00039755742,-1
G098,G001,-0.00039862603,-1
G046,G040,-0.00039871043,-1
G081,G013,-0.00039910153,-1
G071,G091,-0.0003991569,-1
G022,G072,-0.00040002816,-1
G043,G079,-0.00040044694,-1
G095,G047,-0.00040051425,-1
G055,G040,-0.00040112782,-1
G093,G061,-0.00040118894,-1
G060,G088,-0.00040149785,-1
G018,G082,-0.00040196217,-1
G020,G080,-0.00040223103,-1
G049,G035,-0.0004026674,-1
G071,G023,-0.0004027584,-1
G098,G086,-0.00040347248,-1
G063,G066,-0.00040355162,-1
G075,G084,-0.00040357027,-1
G032,G095,-0.00040372816,-1
G071,G013,-0.00040405433,-1
G088,G098,-0.00040418774,-1
G077,G004,-0.00040442395,-1
G070,G098,-0.00040507992,-1
G046,G020,-0.00040534697,-1
G093,G051,-0.00040535396,-1
G004,G098,-0.00040541549,-1
G060,G017,-0.000406547,-1
G094,G089,-0.00040658453,-1
G061,G081,-0.00040678305,-1
G071,G004,-0.00040682463,-1
G049,G030,-0.00040689154,-1
G036,G048,-0.00040727016,-1
G060,G077,-0.00040737365,-1
G070,G069,-0.0004083495,-1
G089,G034,-0.000408635,-1
G078,G056,-0.00040901432,-1
G072,G017,-0.00040929145,-1
G089,G062,-0.00040975388,-1
G088,G052,-0.0004098199,-1
G080,G100,-0.00040985123,-1
G087,G056,-0.00041019887,-1
G002,G081,-0.00041022617,-1
G009,G043,-0.0004107011,-1
G025,G056,-0.00041083377,-1
G074,G019,-0.0004109072,-1
G093,G082,-0.00041118386,-1
G093,G098,-0.00041121247,-1
G090,G032,-0.00041131722,-1
G004,G064,-0.00041201548,-1
G058,G019,-0.0004124913,-1
G085,G042,-0.00041254718,-1
G008,G081,-0.00041262258,-1
G008,G091,-0.00041267133,-1
G052,G076,-0.00041299366,-1
G032,G011,-0.00041327713,-1
G062,G029,-0.00041348196,-1
G097,G035,-0.00041357888,-1
G060,G028,-0.00041370865,-1
G093,G004,-0.00041391185,-1
G072,G057,-0.00041410094,-1
G079,G041,-0.00041419058,-1
G022,G066,-0.00041439064,-1
G026,G080,-0.0004145164,-1
G031,G083,-0.00041544565,-1
G022,G075,-0.0004163788,-1
G011,G008,-0.00041645629,-1
G010,G008,-0.00041660774,-1
G051,G043,-0.00041701936,-1
G032,G054,-0.00041827266,-1
G066,G020,-0.00041870418,-1
G030,G095,-0.00041895907,-1
G005,G011,-0.00041899597,-1
G028,G051,-0.0004190895,-1
G060,G062,-0.00041934516,-1
G055,G082,-0.00041972852,-1
G091,G098,-0.00041972857,-1
G088,G034,-0.00042050343,-1
G042,G082,-0.00042170918,-1
G079,G075,-0.00042170964,-1
G063,G034,-0.00042205112,-1
G060,G046,-0.0004232423,-1
G098,G049,-0.00042339467,-1
G034,G100,-0.00042372773,-1
G088,G048,-0.00042379583,-1
G073,G098,-0.00042419662,-1
G084,G072,-0.0004246321,-1
G054,G013,-0.00042580173,-1
G032,G069,-0.00042589352,-1
G062,G021,-0.00042618616,-1
G026,G045,-0.0004267323,-1
G083,G079,-0.00042697287,-1
G067,G040,-0.00042743207,-1
G003,G056,-0.00042744688,-1
G097,G032,-0.0004279352,-1
G043,G040,-0.00042796214,-1
G053,G076,-0.00042798134,-1
G052,G096,-0.000428584,-1
G071,G042,-0.00042863147,-1
G056,G008,-0.00042935222,-1
G049,G042,-0.0004293846,-1
G023,G084,-0.0004294322,-1
G012,G096,-0.00042967693,-1
G040,G058,-0.0004299789,-1
G007,G047,-0.0004302096,-1
G080,G010,-0.00043022883,-1
G021,G008,-0.0004304363,-1
G032,G034,-0.00043082432,-1
G018,G076,-0.0004310997,-1
G060,G064,-0.0004315393,-1
G022,G040,-0.00043329733,-1
G011,G043,-0.0004335848,-1
G040,G082,-0.00043404807,-1
G028,G084,-0.00043428622,-1
G080,G008,-0.00043466795,-1
G026,G021,-0.00043539228,-1
G098,G004,-0.0004361291,-1
G032,G024,-0.00043673578,-1
G060,G098,-0.00043689896,-1
G041,G075,-0.00043704064,-1
G063,G081,-0.00043725467,-1
G049,G084,-0.00043773255,-1
G091,G028,-0.0004378564,-1
G085,G097,-0.0004378697,-1
G018,G015,-0.00043879877,-1
G039,G028,-0.0004391017,-1
G036,G069,-0.00044009392,-1
G070,G023,-0.00044061302,-1
G093,G048,-0.00044065123,-1
G040,G056,-0.0004406931,-1
G013,G001,-0.0004409816,-1
G064,G041,-0.0004410635,-1
G071,G082,-0.0004411062,-1
G036,G066,-0.00044145767,-1
G054,G100,-0.00044169265,-1
G073,G009,-0.00044217697,-1
G032,G100,-0.00044337832,-1
G039,G025,-0.00044339892,-1
G089,G035,-0.00044344572,-1
G047,G097,-0.00044496413,-1
G034,G076,-0.0004451198,-1
G042,G080,-0.00044585692,-1
G039,G041,-0.00044720792,-1
G008,G064,-0.0004477615,-1
G049,G062,-0.0004477647,-1
G024,G064,-0.0004484381,-1
G080,G086,-0.00044850796,-1
G065,G075,-0.00044857722,-1
G026,G015,-0.0004487493,-1
G076,G087,-0.0004489207,-1
G088,G062,-0.00044919772,-1
G054,G052,-0.0004494164,-1
G073,G082,-0.00044954167,-1
G009,G081,-0.00045007627,-1
G091,G032,-0.00045025884,-1
G067,G061,-0.00045038344,-1
G036,G042,-0.00045043725,-1
G097,G075,-0.00045064453,-1
G098,G094,-0.00045064517,-1
G040,G042,-0.0004506765,-1
G025,G077,-0.00045082325,-1
G092,G042,-0.00045105303,-1
G073,G056,-0.00045109203,-1
G073,G043,-0.00045118347,-1
G073,G086,-0.00045125154,-1
G054,G062,-0.0004514262,-1
G023,G099,-0.00045208022,-1
G020,G084,-0.00045219396,-1
G063,G039,-0.0004532972,-1
G068,G039,-0.0004535123,-1
G031,G076,-0.00045519887,-1
G055,G095,-0.00045543793,-1
G073,G066,-0.00045554142,-1
G018,G081,-0.00045565702,-1
G065,G069,-0.00045653305,-1
G067,G100,-0.00045685342,-1
G051,G019,-0.00045697566,-1
G093,G087,-0.00045716992,-1
G022,G090,-0.0004572541,-1
G046,G047,-0.00045762563,-1
G057,G007,-0.00045807168,-1
G051,G072,-0.00045872398,-1
G077,G042,-0.00045890882,-1
G081,G007,-0.00045924852,-1
G026,G082,-0.00046031558,-1
G055,G052,-0.00046032315,-1
G014,G097,-0.00046064134,-1
G013,G097,-0.00046141408,-1
G039,G086,-0.00046143748,-1
G038,G097,-0.0004620791,-1
G047,G013,-0.00046249916,-1
G028,G027,-0.0004627518,-1
G038,G048,-0.0004627758,-1
G093,G091,-0.00046312093,-1
G093,G097,-0.00046337055,-1
G071,G076,-0.0004637336,-1
G071,G097,-0.00046400772,-1
G026,G081,-0.00046459743,-1
G055,G007,-0.0004646341,-1
G024,G079,-0.00046481684,-1
G008,G076,-0.00046515864,-1
G009,G048,-0.00046529566,-1
G098,G035,-0.00046593137,-1
G017,G030,-0.00046634156,-1
G076,G100,-0.00046640795,-1
G032,G076,-0.0004666092,-1
G060,G043,-0.00046661613,-1
G031,G075,-0.00046663656,-1
G055,G097,-0.00046677707,-1
G094,G084,-0.00046684148,-1
G085,G020,-0.0004679274,-1
G076,G079,-0.00046797073,-1
G078,G032,-0.00046814795,-1
G011,G091,-0.00046901047,-1
G083,G090,-0.00046939112,-1
G028,G013,-0.00046982925,-1
G100,G042,-0.00046994974,-1
G041,G069,-0.0004700724,-1
G054,G019,-0.00047100693,-1
G094,G100,-0.00047117987,-1
G009,G076,-0.0004714179,-1
G082,G086,-0.00047145796,-1
G089,G058,-0.0004716385,-1
G093,G008,-0.00047224903,-1
G013,G003,-0.00047263608,-1
G067,G062,-0.00047268963,-1
G060,G076,-0.00047313402,-1
G037,G057,-0.00047507737,-1
G037,G079,-0.00047552263,-1
G086,G062,-0.00047568182,-1
G026,G041,-0.00047693463,-1
G060,G033,-0.000477131,-1
G026,G023,-0.0004783694,-1
G006,G099,-0.00047843545,-1
G079,G013,-0.00047866008,-1
G085,G048,-0.00047882908,-1
G074,G081,-0.0004793569,-1
G060,G025,-0.00047965307,-1
G052,G019,-0.00048016626,-1
G021,G009,-0.00048026457,-1
G064,G057,-0.0004804427,-1
G041,G077,-0.0004804673,-1
G066,G100,-0.00048068256,-1
G089,G066,-0.00048087607,-1
G058,G086,-0.00048255274,-1
G055,G076,-0.00048292932,-1
G038,G081,-0.00048333232,-1
G018,G097,-0.0004840072,-1
G026,G087,-0.000484333,-1
G069,G025,-0.00048455488,-1
G082,G051,-0.00048496327,-1
G049,G098,-0.0004862498,-1
G001,G100,-0.00048645434,-1
G054,G035,-0.00048711651,-1
G085,G008,-0.0004872497,-1
G026,G008,-0.0004879114,-1
G003,G019,-0.00048809018,-1
G069,G041,-0.0004882028,-1
G039,G004,-0.000488334,-1
G065,G028,-0.00048842333,-1
G086,G041,-0.00048861845,-1
G032,G084,-0.0004888845,-1
G060,G004,-0.000489352,-1
G072,G100,-0.00048985,-1
G040,G043,-0.0004898981,-1
G014,G040,-0.0004904632,-1
G097,G100,-0.0004905761,-1
G049,G079,-0.0004913904,-1
G089,G028,-0.00049143453,-1
G007,G032,-0.0004915095,-1
G025,G065,-0.0004916301,-1
G085,G075,-0.00049176835,-1
G033,G094,-0.000492234,-1
G095,G019,-0.00049226714,-1
G095,G035,-0.00049259566,-1
G001,G045,-0.0004933234,-1
G064,G028,-0.0004935034,-1
G022,G019,-0.00049384806,-1
G093,G065,-0.0004940979,-1
G077,G066,-0.00049420143,-1
G031,G044,-0.00049454323,-1
G042,G066,-0.00049473066,-1
G035,G048,-0.0004947661,-1
G073,G084,-0.00049480895,-1
G002,G043,-0.00049493235,-1
G071,G040,-0.0004970746,-1
G093,G089,-0.00049955584,-1
G055,G075,-0.00049991935,-1
G097,G050,-0.0005000752,-1
G040,G069,-0.00050093245,-1
G026,G048,-0.00050198013,-1
G051,G041,-0.00050210994,-1
G053,G062,-0.0005024709,-1
G070,G001,-0.0005031714,-1
G100,G019,-0.00050346844,-1
G070,G040,-0.00050394476,-1
G043,G057,-0.0005040355,-1
G031,G056,-0.00050405925,-1
G026,G084,-0.00050473126,-1
G039,G033,-0.00050532527,-1
G055,G028,-0.0005059904,-1
G089,G086,-0.00050602405,-1
G005,G019,-0.00050812546,-1
G073,G094,-0.00050824636,-1
G071,G030,-0.0005090549,-1
G009,G056,-0.00051006454,-1
G024,G062,-0.0005105876,-1
G060,G094,-0.000510917,-1
G072,G076,-0.0005119032,-1
G051,G001,-0.0005123502,-1
G028,G040,-0.0005131817,-1
G026,G024,-0.00051378994,-1
G078,G086,-0.00051397673,-1
G064,G007,-0.0005150064,-1
G014,G081,-0.0005151448,-1
G042,G030,-0.0005160504,-1
G078,G057,-0.0005163513,-1
G032,G082,-0.0005166869,-1
G060,G052,-0.00051697117,-1
G073,G001,-0.0005175401,-1
G001,G057,-0.00051767274,-1
G001,G041,-0.0005180909,-1
G049,G039,-0.00051837246,-1
G026,G016,-0.0005184562,-1
G042,G009,-0.00051889854,-1
G050,G086,-0.0005197617,-1
G020,G051,-0.0005197884,-1
G072,G009,-0.00051992113,-1
G022,G037,-0.0005200484,-1
G013,G090,-0.00052099687,-1
G069,G030,-0.00052120065,-1
G095,G079,-0.0005212845,-1
G042,G098,-0.00052129885,-1
G072,G013,-0.00052141934,-1
G031,G065,-0.000521506,-1
G032,G035,-0.0005226117,-1
G079,G077,-0.00052297214,-1
G026,G043,-0.00052297924,-1
G060,G058,-0.0005244437,-1
G015,G075,-0.00052446744,-1
G031,G045,-0.00052510144,-1
G077,G056,-0.0005251603,-1
G023,G079,-0.00052524667,-1
G009,G075,-0.00052556826,-1
G032,G064,-0.0005271691,-1
G097,G077,-0.0005275116,-1
G020,G058,-0.00052950415,-1
G011,G028,-0.0005298324,-1
G049,G066,-0.00052996824,-1
G023,G019,-0.0005313368,-1
G093,G062,-0.00053155096,-1
G042,G058,-0.0005317995,-1
G018,G098,-0.00053315837,-1
G016,G052,-0.0005344205,-1
G091,G086,-0.0005346589,-1
G031,G058,-0.0005354118,-1
G088,G076,-0.0005354252,-1
G011,G004,-0.0005360353,-1
G097,G081,-0.00053720083,-1
G015,G081,-0.0005373989,-1
G053,G039,-0.00053760555,-1
G007,G016,-0.00053790264,-1
G027,G002,-0.00053965184,-1
G008,G011,-0.0005410144,-1
G099,G079,-0.0005410919,-1
G038,G039,-0.0005413929,-1
G097,G047,-0.0005414151,-1
G023,G001,-0.0005414248,-1
G032,G075,-0.0005414374,-1
G055,G062,-0.00054160744,-1
G089,G016,-0.00054231856,-1
G033,G008,-0.00054251554,-1
G033,G026,-0.0005428346,-1
G031,G024,-0.00054308784,-1
G026,G098,-0.0005432192,-1
G046,G081,-0.00054362643,-1
G017,G058,-0.0005438044,-1
G060,G085,-0.0005439227,-1
G065,G048,-0.000544495,-1
G060,G095,-0.0005449452,-1
G049,G020,-0.0005453241,-1
G055,G086,-0.00054573314,-1
G041,G006,-0.00054612197,-1
G011,G100,-0.00054678187,-1
G067,G042,-0.0005472161,-1
G042,G056,-0.00054779206,-1
G060,G047,-0.00054802507,-1
G081,G079,-0.0005484895,-1
G026,G089,-0.0005486028,-1
G073,G062,-0.0005494355,-1
G038,G086,-0.0005500665,-1
G032,G009,-0.0005500862,-1
G087,G086,-0.00055117696,-1
G070,G081,-0.0005514977,-1
G022,G062,-0.00055152504,-1
G100,G096,-0.00055170344,-1
G099,G086,-0.0005520047,-1
G081,G096,-0.00055221823,-1
G043,G080,-0.00055222306,-1
G033,G025,-0.00055273983,-1
G085,G024,-0.00055276736,-1
G070,G056,-0.0005529687,-1
G028,G090,-0.00055319926,-1
G070,G084,-0.0005532002,-1
G020,G008,-0.0005539582,-1
G048,G013,-0.00055432116,-1
G010,G040,-0.00055446476,-1
G089,G048,-0.0005547467,-1
G060,G063,-0.0005552945,-1
G047,G100,-0.0005554021,-1
G014,G052,-0.0005555693,-1
G036,G039,-0.0005556115,-1
G100,G028,-0.00055598526,-1
G035,G041,-0.0005574724,-1
G047,G035,-0.00055877323,-1
G040,G050,-0.0005631102,-1
G060,G034,-0.000563231,-1
G031,G039,-0.0005650831,-1
G093,G056,-0.0005654564,-1
G062,G042,-0.000566052,-1
G063,G086,-0.0005663099,-1
G004,G039,-0.0005665441,-1
G013,G084,-0.00056659663,-1
G088,G021,-0.000566933,-1
G067,G079,-0.0005677157,-1
G020,G081,-0.0005681704,-1
G085,G086,-0.000568329,-1
G054,G048,-0.0005690194,-1
G058,G100,-0.0005697924,-1
G088,G023,-0.00057026476,-1
G074,G084,-0.000572071,-1
G078,G098,-0.0005725186,-1
G044,G033,-0.0005730828,-1
G060,G086,-0.00057334424,-1
G094,G004,-0.00057418004,-1
G087,G081,-0.0005744646,-1
G073,G081,-0.0005750674,-1
G058,G098,-0.00057518354,-1
G060,G082,-0.00057667994,-1
G015,G052,-0.0005767927,-1
G091,G042,-0.0005779155,-1
G021,G052,-0.00057955494,-1
G043,G019,-0.0005801433,-1
G036,G053,-0.0005802141,-1
G093,G076,-0.00058050075,-1
G094,G001,-0.0005805037,-1
G098,G003,-0.0005808278,-1
G088,G028,-0.00058171264,-1
G005,G062,-0.00058290415,-1
G082,G042,-0.00058437855,-1
G064,G034,-0.0005852554,-1
G074,G013,-0.0005853519,-1
G086,G066,-0.0005871538,-1
G063,G097,-0.00058732723,-1
G052,G015,-0.0005876381,-1
G088,G026,-0.0005876471,-1
G069,G034,-0.00058816216,-1
G032,G056,-0.0005896629,-1
G091,G008,-0.0005905074,-1
G078,G079,-0.0005912078,-1
G019,G003,-0.0005918523,-1
G002,G079,-0.00059199595,-1
G021,G028,-0.00059211615,-1
G077,G039,-0.00059345993,-1
G077,G058,-0.0005940742,-1
G028,G033,-0.0005942171,-1
G032,G038,-0.00059456873,-1
G031,G061,-0.0005948757,-1
G070,G007,-0.00059569883,-1
G084,G001,-0.00059630704,-1
G025,G034,-0.000597388,-1
G026,G052,-0.0005994968,-1
G021,G056,-0.00059986877,-1
G002,G096,-0.00060072745,-1
G080,G001,-0.0006009662,-1
G017,G040,-0.0006013778,-1
G046,G076,-0.0006016877,-1
G062,G065,-0.00060204405,-1
G067,G035,-0.0006024014,-1
G060,G066,-0.00060251023,-1
G073,G024,-0.0006034221,-1
G026,G014,-0.000604078,-1
G023,G048,-0.00060529297,-1
G093,G047,-0.00060538226,-1
G092,G097,-0.0006060313,-1
G088,G001,-0.00060626154,-1
G024,G052,-0.000606491,-1
G026,G066,-0.0006072969,-1
G003,G099,-0.0006074436,-1
G012,G016,-0.0006085506,-1
G014,G048,-0.00060954515,-1
G094,G097,-0.0006104475,-1
G009,G039,-0.00061055296,-1
G047,G019,-0.0006109882,-1
G039,G078,-0.0006118398,-1
G053,G082,-0.0006119475,-1
G021,G091,-0.0006120667,-1
G046,G097,-0.0006121124,-1
G087,G048,-0.0006126251,-1
G085,G040,-0.00061342143,-1
G060,G097,-0.00061398983,-1
G078,G039,-0.0006144441,-1
G023,G082,-0.000616259,-1
G083,G010,-0.0006167848,-1
G023,G040,-0.00061767903,-1
G011,G081,-0.0006179203,-1
G091,G048,-0.00061805884,-1
G016,G062,-0.0006183741,-1
G078,G081,-0.000618616,-1
G089,G100,-0.0006187988,-1
G075,G086,-0.0006205577,-1
G064,G001,-0.00062059565,-1
G032,G043,-0.00062064483,-1
G026,G030,-0.000620662,-1
G011,G082,-0.0006206711,-1
G066,G019,-0.00062074745,-1
G040,G083,-0.00062084274,-1
G014,G062,-0.0006209403,-1
G011,G056,-0.0006210526,-1
G071,G034,-0.00062106876,-1
G086,G090,-0.00062185986,-1
G008,G027,-0.00062196684,-1
G091,G082,-0.0006230945,-1
G022,G079,-0.0006233294,-1
G079,G096,-0.0006233404,-1
G026,G034,-0.0006234832,-1
G040,G062,-0.00062370626,-1
G050,G098,-0.00062455365,-1
G083,G057,-0.0006252069,-1
G011,G035,-0.00062580995,-1
G053,G069,-0.0006264974,-1
G026,G056,-0.00062705873,-1
G094,G066,-0.00062712026,-1
G026,G076,-0.0006272389,-1
G018,G047,-0.0006302166,-1
G053,G081,-0.0006303535,-1
G062,G015,-0.0006304254,-1
G050,G019,-0.0006306949,-1
G077,G076,-0.000630758,-1
G041,G084,-0.00063118764,-1
G097,G039,-0.00063148426,-1
G053,G024,-0.0006321355,-1
G093,G035,-0.0006325615,-1
G031,G033,-0.0006328991,-1
G053,G014,-0.000634287,-1
G065,G004,-0.0006351694,-1
G025,G076,-0.00063667964,-1
G095,G052,-0.00063733384,-1
G060,G069,-0.0006379899,-1
G071,G001,-0.0006380852,-1
G061,G042,-0.0006382705,-1
G085,G039,-0.00063927134,-1
G087,G013,-0.00063945644,-1
G065,G047,-0.0006402756,-1
G093,G012,-0.00064107805,-1
G063,G056,-0.0006430462,-1
G040,G024,-0.00064456236,-1
G060,G084,-0.0006474098,-1
G089,G042,-0.0006475437,-1
G091,G081,-0.00064796885,-1
G089,G079,-0.00064834894,-1
G031,G043,-0.00065072376,-1
G009,G032,-0.000651343,-1
G097,G007,-0.00065144245,-1
G014,G013,-0.0006523303,-1
G015,G021,-0.0006526334,-1
G059,G007,-0.00065276853,-1
G060,G081,-0.00065339735,-1
G008,G037,-0.0006551044,-1
G016,G018,-0.00065546326,-1
G083,G043,-0.00065662747,-1
G032,G013,-0.0006570534,-1
G058,G007,-0.0006582194,-1
G094,G086,-0.0006592913,-1
G042,G081,-0.00065932376,-1
G014,G008,-0.0006612064,-1
G021,G076,-0.0006623144,-1
G099,G001,-0.0006642254,-1
G032,G081,-0.0006659835,-1
G031,G081,-0.0006662248,-1
G097,G024,-0.0006671407,-1
G026,G040,-0.00066758593,-1
G057,G013,-0.0006700439,-1
G093,G001,-0.00067042466,-1
G098,G100,-0.00067063,-1
G017,G042,-0.00067228,-1
G093,G015,-0.0006731262,-1
G098,G042,-0.00067333586,-1
G005,G031,-0.00067407655,-1
G097,G008,-0.0006742501,-1
G050,G035,-0.0006742856,-1
G008,G018,-0.0006747561,-1
G085,G081,-0.000676885,-1
G085,G084,-0.0006772488,-1
G050,G076,-0.00067898555,-1
G089,G001,-0.00067918433,-1
G078,G097,-0.0006809378,-1
G021,G082,-0.00068094104,-1
G068,G072,-0.0006814209,-1
G100,G095,-0.0006838547,-1
G070,G019,-0.00068740844,-1
G094,G042,-0.00068961544,-1
G060,G056,-0.0006897013,-1
G001,G021,-0.0006898318,-1
G095,G042,-0.00068991067,-1
G049,G090,-0.00069090095,-1
G032,G079,-0.0006912395,-1
G014,G002,-0.0006912643,-1
G067,G001,-0.0006923603,-1
G022,G010,-0.0006947672,-1
G046,G042,-0.00069484406,-1
G019,G099,-0.0006950388,-1
G004,G062,-0.00069538737,-1
G011,G075,-0.00069647294,-1
G009,G052,-0.0006967858,-1
G055,G100,-0.0006968084,-1
G094,G079,-0.0006982312,-1
G094,G028,-0.0006986858,-1
G053,G020,-0.00070027745,-1
G067,G048,-0.0007011141,-1
G089,G093,-0.0007018867,-1
G047,G086,-0.0007024174,-1
G100,G066,-0.00070266164,-1
G089,G094,-0.00070279895,-1
G011,G042,-0.0007033245,-1
G014,G076,-0.000706817,-1
G064,G040,-0.00070912373,-1
G022,G057,-0.0007092291,-1
G060,G039,-0.00071044907,-1
G054,G079,-0.0007110006,-1
G073,G042,-0.0007113496,-1
G085,G028,-0.0007126184,-1
G014,G012,-0.0007127319,-1
G041,G032,-0.0007133994,-1
G052,G079,-0.0007142694,-1
G014,G042,-0.00071639416,-1
G011,G040,-0.00071904395,-1
G093,G040,-0.0007197379,-1
G093,G016,-0.0007203855,-1
G008,G009,-0.00072127645,-1
G040,G048,-0.0007217058,-1
G055,G081,-0.0007236675,-1
G063,G040,-0.000726062,-1
G095,G013,-0.00072667055,-1
G039,G097,-0.0007271358,-1
G080,G013,-0.00072773045,-1
G095,G001,-0.00072793674,-1
G021,G084,-0.00072810793,-1
G050,G097,-0.00072822685,-1
G075,G100,-0.000728307,-1
G088,G097,-0.0007292153,-1
G026,G067,-0.0007309539,-1
G093,G020,-0.0007317138,-1
G087,G042,-0.0007336058,-1
G047,G048,-0.00073380774,-1
G045,G035,-0.0007343055,-1
G019,G042,-0.0007353625,-1
G092,G030,-0.00073591457,-1
G018,G066,-0.00073592324,-1
G043,G025,-0.000736326,-1
G079,G035,-0.0007363271,-1
G088,G040,-0.0007368064,-1
G093,G034,-0.00073686027,-1
G070,G086,-0.0007369154,-1
G082,G040,-0.0007379152,-1
G088,G019,-0.00073943153,-1
G046,G028,-0.00073951983,-1
G031,G028,-0.00074027665,-1
G008,G062,-0.0007412921,-1
G092,G007,-0.0007413167,-1
G023,G056,-0.0007429882,-1
G041,G098,-0.00074315123,-1
G075,G035,-0.000743507,-1
G091,G013,-0.0007439586,-1
G070,G035,-0.00074655894,-1
G053,G079,-0.0007466938,-1
G097,G056,-0.000747239,-1
G031,G019,-0.0007472897,-1
G091,G043,-0.00074755435,-1
G019,G033,-0.00074907875,-1
G082,G098,-0.00075081084,-1
G050,G064,-0.00075192703,-1
G042,G043,-0.0007520517,-1
G012,G066,-0.0007546887,-1
G050,G079,-0.0007551971,-1
G040,G064,-0.0007555707,-1
G017,G034,-0.0007567229,-1
G026,G086,-0.0007569179,-1
G055,G094,-0.0007572253,-1
G032,G097,-0.0007575558,-1
G053,G013,-0.0007581402,-1
G046,G100,-0.0007591072,-1
G010,G034,-0.0007613278,-1
G009,G035,-0.0007622932,-1
G096,G014,-0.00076415454,-1
G033,G081,-0.0007650475,-1
G058,G040,-0.0007658363,-1
G077,G084,-0.00076623436,-1
G009,G086,-0.0007676265,-1
G033,G040,-0.000768309,-1
G046,G024,-0.0007703752,-1
G020,G052,-0.00077104144,-1
G014,G079,-0.00077146356,-1
G046,G019,-0.0007714768,-1
G018,G100,-0.0007734839,-1
G066,G086,-0.0007741031,-1
G094,G035,-0.00077444135,-1
G071,G079,-0.00077526615,-1
G093,G030,-0.00077840965,-1
G041,G076,-0.0007789671,-1
G076,G041,-0.0007794105,-1
G060,G048,-0.0007808177,-1
G089,G040,-0.00078115903,-1
G023,G086,-0.00078131515,-1
G081,G041,-0.0007820296,-1
G026,G062,-0.0007851829,-1
G095,G096,-0.0007854482,-1
G100,G068,-0.00078618486,-1
G026,G002,-0.00078675407,-1
G004,G009,-0.0007875641,-1
G041,G065,-0.00078756415,-1
G097,G013,-0.0007877344,-1
G018,G079,-0.00078834844,-1
G062,G095,-0.0007889649,-1
G031,G092,-0.0007903157,-1
G074,G079,-0.0007911956,-1
G020,G098,-0.0007927781,-1
G070,G013,-0.0007936569,-1
G088,G100,-0.0007937995,-1
G060,G042,-0.00079648546,-1
G060,G024,-0.0007996266,-1
G075,G001,-0.00080248463,-1
G060,G079,-0.0008035406,-1
G004,G096,-0.00080358994,-1
G042,G097,-0.0008048416,-1
G025,G040,-0.00080493436,-1
G014,G086,-0.00080534606,-1
G050,G040,-0.0008066005,-1
G087,G100,-0.0008073405,-1
G008,G016,-0.00080780865,-1
G035,G044,-0.0008133417,-1
G042,G025,-0.00081421307,-1
G026,G035,-0.00081475056,-1
G035,G096,-0.00081512914,-1
G087,G097,-0.0008158666,-1
G095,G072,-0.00081586797,-1
G085,G098,-0.0008162695,-1
G089,G015,-0.0008172347,-1
G076,G004,-0.00081726204,-1
G007,G014,-0.0008193469,-1
G033,G076,-0.00082090724,-1
G042,G062,-0.00082216394,-1
G093,G079,-0.0008236636,-1
G033,G019,-0.00082448317,-1
G070,G100,-0.0008254594,-1
G004,G031,-0.00082558056,-1
G041,G081,-0.0008256181,-1
G073,G030,-0.0008265072,-1
G014,G035,-0.0008277847,-1
G071,G019,-0.00083095324,-1
G010,G100,-0.00083124556,-1
G006,G067,-0.00083125004,-1
G050,G020,-0.00083269895,-1
G001,G028,-0.00083359843,-1
G090,G033,-0.00083466334,-1
G055,G079,-0.00083520345,-1
G092,G013,-0.00083793385,-1
G079,G027,-0.00083881494,-1
G061,G083,-0.0008415208,-1
G042,G084,-0.000842398,-1
G050,G029,-0.0008441214,-1
G046,G086,-0.00084437005,-1
G009,G100,-0.0008447344,-1
G087,G001,-0.0008448361,-1
G073,G040,-0.00084546,-1
G085,G001,-0.00084735843,-1
G053,G097,-0.0008475202,-1
G077,G079,-0.00084789767,-1
G054,G007,-0.0008502125,-1
G093,G086,-0.00085213827,-1
G095,G100,-0.00085335295,-1
G075,G081,-0.0008546681,-1
G018,G024,-0.00085497164,-1
G062,G076,-0.00085567276,-1
G056,G096,-0.000856657,-1
G038,G079,-0.00085674174,-1
G063,G079,-0.00085888256,-1
G068,G031,-0.00086038414,-1
G099,G048,-0.00086045853,-1
G038,G100,-0.00086162484,-1
G004,G057,-0.0008627658,-1
G093,G094,-0.000862869,-1
G038,G042,-0.0008635456,-1
G075,G079,-0.00086384045,-1
G080,G079,-0.0008638819,-1
G004,G032,-0.00086488563,-1
G086,G008,-0.00086530054,-1
G040,G039,-0.0008661714,-1
G077,G086,-0.00086687715,-1
G088,G086,-0.0008674656,-1
G016,G041,-0.0008685744,-1
G079,G042,-0.0008694526,-1
G004,G008,-0.0008703575,-1
G080,G026,-0.00087037863,-1
G062,G019,-0.000871007,-1
G022,G027,-0.00087206776,-1
G089,G020,-0.0008728849,-1
G073,G034,-0.0008731966,-1
G091,G100,-0.0008745425,-1
G046,G098,-0.00087759516,-1
G025,G004,-0.0008780527,-1
G018,G095,-0.0008786112,-1
G067,G096,-0.000880184,-1
G042,G076,-0.0008806563,-1
G065,G013,-0.00088287203,-1
G063,G042,-0.0008843461,-1
G004,G081,-0.0008890962,-1
G006,G084,-0.00088918384,-1
G029,G017,-0.0008902985,-1
G055,G096,-0.00089061284,-1
G073,G035,-0.00089157076,-1
G078,G035,-0.0008920429,-1
G043,G031,-0.00089209847,-1
G100,G013,-0.0008962998,-1
G014,G020,-0.00089778734,-1
G027,G083,-0.00089780876,-1
G033,G048,-0.00089792244,-1
G021,G061,-0.0008980922,-1
G071,G035,-0.0008996644,-1
G082,G035,-0.0009002173,-1
G031,G062,-0.0009020298,-1
G022,G005,-0.00090282824,-1
G028,G086,-0.0009033353,-1
G046,G001,-0.0009035984,-1
G076,G001,-0.00090626045,-1
G041,G086,-0.0009071759,-1
G038,G033,-0.00090834737,-1
G058,G044,-0.00090988737,-1
G092,G004,-0.00091091904,-1
G015,G041,-0.0009111555,-1
G046,G038,-0.0009115292,-1
G042,G067,-0.000911694,-1
G033,G097,-0.00091271073,-1
G052,G029,-0.00091354665,-1
G053,G040,-0.00091539905,-1
G036,G081,-0.00091757975,-1
G058,G013,-0.0009179327,-1
G091,G004,-0.0009194955,-1
G050,G096,-0.00091956713,-1
G035,G037,-0.00092054147,-1
G041,G004,-0.000923298,-1
G070,G079,-0.0009246682,-1
G018,G013,-0.0009273712,-1
G088,G042,-0.0009300826,-1
G064,G069,-0.00093040423,-1
G073,G100,-0.00093045825,-1
G097,G040,-0.0009323275,-1
G073,G079,-0.0009338619,-1
G053,G043,-0.000933896,-1
G079,G007,-0.00093627156,-1
G052,G024,-0.00093631365,-1
G021,G062,-0.0009367026,-1
G021,G086,-0.0009390368,-1
G052,G095,-0.0009403155,-1
G003,G018,-0.0009447456,-1
G078,G028,-0.00094566925,-1
G063,G013,-0.0009461707,-1
G060,G040,-0.00094643293,-1
G038,G035,-0.0009481558,-1
G026,G100,-0.0009483876,-1
G094,G048,-0.0009489914,-1
G064,G003,-0.000950335,-1
G064,G025,-0.0009518919,-1
G024,G006,-0.0009525515,-1
G002,G042,-0.00095390796,-1
G045,G012,-0.00095395313,-1
G082,G084,-0.0009550543,-1
G011,G096,-0.0009558473,-1
G040,G037,-0.00095868617,-1
G040,G081,-0.0009596145,-1
G024,G050,-0.0009608772,-1
G078,G031,-0.0009621226,-1
G100,G034,-0.0009647586,-1
G094,G040,-0.0009664792,-1
G018,G001,-0.0009676177,-1
G075,G013,-0.00096801994,-1
G050,G006,-0.00096824835,-1
G091,G009,-0.0009695765,-1
G073,G013,-0.00097101583,-1
G060,G035,-0.00097546977,-1
G011,G013,-0.0009756746,-1
G039,G013,-0.0009758841,-1
G043,G053,-0.0009794399,-1
G027,G005,-0.0009805346,-1
G039,G100,-0.0009807714,-1
G033,G079,-0.000984767,-1
G058,G066,-0.0009855196,-1
G020,G041,-0.000987019,-1
G020,G062,-0.0009878727,-1
G075,G040,-0.0009892457,-1
G071,G100,-0.0009901079,-1
G054,G096,-0.0009906221,-1
G011,G062,-0.0009908001,-1
G004,G013,-0.0009933668,-1
G092,G041,-0.0009950451,-1
G063,G035,-0.000997464,-1
G061,G030,-0.0009988484,-1
G045,G042,-0.0010022649,-1
G036,G090,-0.0010025661,-1
G043,G001,-0.0010033582,-1
G039,G035,-0.001003695,-1
G039,G040,-0.0010064911,-1
G074,G057,-0.0010123014,-1
G068,G042,-0.0010138146,-1
G094,G020,-0.0010156118,-1
G021,G042,-0.0010161938,-1
G058,G020,-0.0010169687,-1
G013,G057,-0.0010176979,-1
G085,G079,-0.0010180044,-1
G076,G050,-0.0010180207,-1
G097,G042,-0.0010182549,-1
G022,G028,-0.0010185431,-1
G095,G062,-0.001019441,-1
G096,G007,-0.0010208166,-1
G040,G075,-0.0010217789,-1
G072,G066,-0.0010255368,-1
G085,G035,-0.0010286616,-1
G031,G052,-0.001030605,-1
G097,G001,-0.0010307876,-1
G074,G048,-0.0010328526,-1
G011,G019,-0.001035495,-1
G055,G019,-0.0010371159,-1
G045,G007,-0.001040272,-1
G063,G019,-0.0010407794,-1
G095,G007,-0.0010413161,-1
G042,G052,-0.001045904,-1
G018,G035,-0.0010474646,-1
G042,G024,-0.0010522751,-1
G074,G010,-0.0010531929,-1
G067,G041,-0.001053326,-1
G042,G086,-0.0010544074,-1
G006,G024,-0.0010563859,-1
G011,G041,-0.0010593842,-1
G085,G100,-0.0010602813,-1
G046,G035,-0.0010607382,-1
G087,G079,-0.0010637465,-1
G053,G042,-0.0010639051,-1
G096,G100,-0.0010648095,-1
G037,G031,-0.001067291,-1
G020,G042,-0.0010676924,-1
G077,G081,-0.0010689975,-1
G021,G069,-0.001069452,-1
G081,G019,-0.0010701298,-1
G002,G045,-0.0010707675,-1
G091,G062,-0.0010744568,-1
G017,G072,-0.0010746171,-1
G082,G097,-0.0010839086,-1
G011,G007,-0.0010901195,-1
G025,G079,-0.0010907882,-1
G087,G035,-0.00109452,-1
G038,G001,-0.0010965593,-1
G014,G007,-0.0010968324,-1
G097,G084,-0.001097074,-1
G023,G007,-0.0010972155,-1
G010,G097,-0.0010991876,-1
G041,G013,-0.0010995283,-1
G045,G017,-0.0011009059,-1
G024,G097,-0.0011025218,-1
G099,G041,-0.0011065943,-1
G065,G100,-0.0011076287,-1
G091,G096,-0.0011081488,-1
G007,G012,-0.001108621,-1
G016,G045,-0.0011095646,-1
G065,G035,-0.0011119663,-1
G056,G015,-0.0011130207,-1
G047,G006,-0.0011181467,-1
G064,G010,-0.0011202436,-1
G091,G010,-0.0011209839,-1
G055,G041,-0.0011216868,-1
G009,G062,-0.0011296213,-1
G072,G041,-0.0011322745,-1
G041,G001,-0.0011332214,-1
G027,G053,-0.0011336441,-1
G037,G097,-0.0011358488,-1
G041,G066,-0.0011366431,-1
G006,G008,-0.0011370997,-1
G080,G096,-0.0011371506,-1
G087,G019,-0.0011374769,-1
G036,G096,-0.0011379931,-1
G031,G097,-0.0011380502,-1
G061,G031,-0.0011384579,-1
G075,G007,-0.0011403551,-1
G066,G013,-0.0011426335,-1
G028,G004,-0.0011460426,-1
G009,G004,-0.001148537,-1
G002,G057,-0.0011537782,-1
G049,G001,-0.0011561185,-1
G002,G072,-0.0011581198,-1
G017,G045,-0.0011598543,-1
G088,G081,-0.0011600043,-1
G091,G011,-0.0011616171,-1
G013,G098,-0.0011666776,-1
G058,G097,-0.0011671839,-1
G097,G086,-0.0011677194,-1
G031,G064,-0.0011682423,-1
G082,G001,-0.001171229,-1
G016,G046,-0.0011722299,-1
G035,G090,-0.0011730597,-1
G010,G028,-0.001179612,-1
G027,G022,-0.0011799815,-1
G082,G019,-0.0011835033,-1
G060,G013,-0.0011854912,-1
G041,G062,-0.0011869314,-1
G092,G034,-0.0011884331,-1
G024,G035,-0.0011895138,-1
G016,G019,-0.0011903043,-1
G086,G007,-0.0011920825,-1
G054,G041,-0.0011923962,-1
G067,G057,-0.0011931071,-1
G011,G079,-0.0011932107,-1
G041,G024,-0.0011941425,-1
G032,G033,-0.0011944154,-1
G064,G072,-0.001195731,-1
G025,G094,-0.0011978346,-1
G046,G007,-0.0011986955,-1
G085,G007,-0.001200859,-1
G028,G019,-0.0012012768,-1
G039,G001,-0.0012019762,-1
G074,G007,-0.0012036274,-1
G026,G079,-0.0012065303,-1
G091,G007,-0.0012104212,-1
G089,G072,-0.0012124986,-1
G009,G099,-0.0012132337,-1
G080,G019,-0.0012135651,-1
G096,G020,-0.0012171032,-1
G062,G072,-0.0012176953,-1
G042,G048,-0.0012200507,-1
G055,G090,-0.0012201102,-1
G072,G031,-0.0012206277,-1
G028,G035,-0.0012244304,-1
G075,G097,-0.0012264716,-1
G031,G069,-0.0012308959,-1
G071,G007,-0.0012330618,-1
G093,G041,-0.0012334582,-1
G053,G083,-0.0012381019,-1
G087,G096,-0.0012397912,-1
G024,G100,-0.0012423769,-1
G083,G031,-0.0012449753,-1
G057,G010,-0.0012452049,-1
G035,G020,-0.0012516115,-1
G079,G040,-0.0012516689,-1
G060,G001,-0.0012520431,-1
G026,G013,-0.0012536568,-1
G070,G096,-0.0012583882,-1
G091,G079,-0.0012587404,-1
G045,G010,-0.0012596393,-1
G042,G061,-0.0012600998,-1
G099,G040,-0.0012622874,-1
G073,G019,-0.0012636958,-1
G036,G079,-0.0012649569,-1
G050,G041,-0.0012676743,-1
G034,G019,-0.0012695054,-1
G014,G033,-0.0012731858,-1
G058,G035,-0.0012776623,-1
G040,G052,-0.0012834776,-1
G005,G028,-0.0012842999,-1
G024,G001,-0.0012878638,-1
G017,G096,-0.0012886425,-1
G036,G035,-0.001288921,-1
G065,G079,-0.001291138,-1
G063,G096,-0.0012922728,-1
G091,G040,-0.0012926231,-1
G088,G079,-0.0012962839,-1
G056,G100,-0.0013024908,-1
G077,G013,-0.0013073517,-1
G078,G019,-0.0013080568,-1
G053,G019,-0.0013114583,-1
G005,G027,-0.0013159876,-1
G073,G096,-0.0013263809,-1
G021,G013,-0.0013266082,-1
G009,G079,-0.0013294964,-1
G016,G072,-0.0013308632,-1
G055,G072,-0.0013331043,-1
G062,G024,-0.0013345679,-1
G023,G096,-0.0013359608,-1
G093,G072,-0.0013363184,-1
G036,G072,-0.0013422933,-1
G046,G051,-0.0013424121,-1
G098,G007,-0.001347416,-1
G097,G098,-0.0013505503,-1
G041,G079,-0.0013516546,-1
G028,G009,-0.0013546677,-1
G039,G042,-0.0013570092,-1
G060,G068,-0.0013582351,-1
G097,G048,-0.001364849,-1
G076,G010,-0.0013653465,-1
G089,G057,-0.0013669045,-1
G019,G026,-0.0013689272,-1
G038,G096,-0.001369079,-1
G021,G064,-0.0013699293,-1
G052,G072,-0.0013700834,-1
G060,G100,-0.0013721636,-1
G024,G096,-0.0013738022,-1
G053,G048,-0.0013757066,-1
G075,G019,-0.0013764033,-1
G088,G090,-0.0013802154,-1
G046,G079,-0.0013804879,-1
G039,G079,-0.001385699,-1
G023,G041,-0.0013870032,-1
G010,G004,-0.0013877258,-1
G071,G096,-0.0013936015,-1
G004,G100,-0.0013944444,-1
G054,G057,-0.0013982262,-1
G021,G019,-0.0014003529,-1
G088,G013,-0.0014014845,-1
G046,G052,-0.0014041401,-1
G084,G090,-0.001410703,-1
G006,G050,-0.0014138279,-1
G043,G072,-0.0014171577,-1
G043,G047,-0.0014205463,-1
G034,G004,-0.0014224679,-1
G042,G035,-0.0014236199,-1
G033,G057,-0.0014238439,-1
G088,G002,-0.0014243792,-1
G016,G012,-0.0014266081,-1
G091,G041,-0.0014303329,-1
G089,G096,-0.0014319324,-1
G034,G090,-0.0014326932,-1
G043,G066,-0.0014328845,-1
G080,G090,-0.0014337773,-1
G062,G057,-0.001434516,-1
G032,G041,-0.0014365438,-1
G082,G100,-0.0014377111,-1
G077,G097,-0.0014445249,-1
G099,G057,-0.0014505113,-1
G031,G086,-0.0014512904,-1
G035,G057,-0.0014534192,-1
G010,G035,-0.0014556353,-1
G086,G072,-0.0014597109,-1
G074,G090,-0.0014601477,-1
G046,G084,-0.001462053,-1
G013,G010,-0.0014659791,-1
G094,G041,-0.0014674219,-1
G008,G004,-0.0014678147,-1
G002,G022,-0.0014703545,-1
G032,G042,-0.0014761651,-1
G023,G090,-0.0014851936,-1
G071,G057,-0.0014883283,-1
G095,G057,-0.0014893728,-1
G093,G013,-0.0014913918,-1
G031,G042,-0.0014920341,-1
G078,G042,-0.0014922526,-1
G017,G041,-0.0014929371,-1
G015,G031,-0.0014939386,-1
G096,G076,-0.0014946332,-1
G098,G041,-0.001496052,-1
G011,G057,-0.001496201,-1
G048,G025,-0.0014963718,-1
G078,G046,-0.0014976026,-1
G085,G041,-0.0015013941,-1
G093,G057,-0.001510541,-1
G033,G020,-0.0015145568,-1
G050,G057,-0.0015150675,-1
G004,G014,-0.0015186159,-1
G075,G096,-0.0015208129,-1
G054,G072,-0.0015264746,-1
G061,G028,-0.0015273482,-1
G087,G010,-0.0015311714,-1
G019,G057,-0.0015368446,-1
G023,G072,-0.0015369391,-1
G031,G100,-0.0015434731,-1
G038,G041,-0.0015459035,-1
G053,G100,-0.0015459723,-1
G033,G013,-0.0015465706,-1
G070,G057,-0.0015469061,-1
G088,G041,-0.0015495102,-1
G012,G057,-0.001551956,-1
G046,G062,-0.0015520473,-1
G092,G057,-0.0015535364,-1
G087,G076,-0.0015544785,-1
G093,G096,-0.0015600678,-1
G071,G041,-0.0015640823,-1
G086,G010,-0.0015645205,-1
G010,G025,-0.001566871,-1
G041,G052,-0.00156876,-1
G052,G007,-0.0015694982,-1
G079,G048,-0.0015700476,-1
G007,G045,-0.0015740867,-1
G018,G019,-0.0015746675,-1
G098,G072,-0.0015818569,-1
G094,G072,-0.0015828019,-1
G024,G009,-0.0015828691,-1
G095,G048,-0.0015833962,-1
G040,G097,-0.0015852168,-1
G004,G042,-0.0015854972,-1
G036,G100,-0.0015867411,-1
G077,G040,-0.0015876961,-1
G089,G041,-0.0015940617,-1
G054,G090,-0.0015957105,-1
G089,G013,-0.0015975449,-1
G077,G019,-0.0015992521,-1
G020,G027,-0.0016005856,-1
G075,G041,-0.0016011805,-1
G065,G040,-0.0016020157,-1
G012,G042,-0.0016023761,-1
G052,G057,-0.0016025787,-1
G049,G096,-0.0016032975,-1
G071,G090,-0.0016103141,-1
G045,G031,-0.0016104041,-1
G042,G041,-0.0016125381,-1
G018,G052,-0.0016128431,-1
G065,G097,-0.0016151072,-1
G041,G040,-0.0016171617,-1
G091,G019,-0.001618043,-1
G096,G013,-0.0016201446,-1
G088,G096,-0.0016257863,-1
G081,G072,-0.0016275949,-1
G011,G072,-0.0016280944,-1
G016,G007,-0.0016288103,-1
G040,G003,-0.0016302,-1
G044,G019,-0.0016323099,-1
G068,G060,-0.0016360056,-1
G060,G090,-0.0016367023,-1
G100,G001,-0.0016383074,-1
G099,G003,-0.0016398143,-1
G076,G019,-0.001642568,-1
G092,G096,-0.0016602258,-1
G060,G010,-0.0016661546,-1
G077,G057,-0.001666915,-1
G081,G057,-0.0016682295,-1
G017,G019,-0.0016683274,-1
G042,G013,-0.0016691776,-1
G042,G100,-0.0016731129,-1
G049,G041,-0.0016787574,-1
G048,G051,-0.0016798184,-1
G046,G048,-0.0016844715,-1
G083,G037,-0.0016924271,-1
G014,G057,-0.0016924462,-1
G079,G002,-0.001692648,-1
G058,G001,-0.0016974086,-1
G076,G009,-0.0016992488,-1
G080,G057,-0.0016996892,-1
G041,G035,-0.0017038026,-1
G014,G019,-0.0017043755,-1
G080,G072,-0.00170455,-1
G099,G007,-0.001713845,-1
G020,G003,-0.0017156415,-1
G032,G040,-0.0017189083,-1
G041,G047,-0.0017200577,-1
G023,G021,-0.0017255404,-1
G005,G022,-0.0017291098,-1
G097,G079,-0.0017301649,-1
G033,G072,-0.0017340231,-1
G066,G083,-0.0017423324,-1
G064,G099,-0.0017459753,-1
G023,G057,-0.0017487215,-1
G056,G048,-0.0017503576,-1
G021,G079,-0.0017535732,-1
G091,G072,-0.0017540624,-1
G085,G096,-0.0017560638,-1
G028,G096,-0.0017597296,-1
G010,G013,-0.0017612026,-1
G070,G090,-0.0017639266,-1
G039,G096,-0.0017670947,-1
G021,G041,-0.0017712718,-1
G021,G040,-0.0017765167,-1
G043,G026,-0.001788207,-1
G009,G042,-0.0017892219,-1
G062,G052,-0.0017908098,-1
G077,G028,-0.0017978149,-1
G080,G020,-0.001798159,-1
G070,G041,-0.0018009789,-1
G051,G013,-0.001801905,-1
G053,G086,-0.0018033984,-1
G052,G090,-0.001804571,-1
G087,G041,-0.0018053802,-1
G078,G018,-0.0018064205,-1
G050,G099,-0.0018065491,-1
G007,G060,-0.0018086768,-1
G092,G072,-0.0018130746,-1
G082,G007,-0.0018148483,-1
G065,G010,-0.0018182027,-1
G096,G090,-0.0018194903,-1
G097,G037,-0.0018203265,-1
G060,G096,-0.0018246725,-1
G003,G064,-0.0018269913,-1
G082,G013,-0.0018282327,-1
G100,G069,-0.0018286994,-1
G041,G097,-0.0018320732,-1
G014,G096,-0.001838021,-1
G025,G072,-0.001843724,-1
G081,G090,-0.0018452429,-1
G046,G016,-0.0018460895,-1
G096,G057,-0.0018482215,-1
G042,G079,-0.0018531617,-1
G039,G046,-0.0018559525,-1
G079,G053,-0.0018605894,-1
G050,G072,-0.0018639775,-1
G038,G057,-0.0018675445,-1
G098,G084,-0.0018685706,-1
G026,G061,-0.0018735807,-1
G062,G007,-0.0018758411,-1
G022,G031,-0.0018846097,-1
G050,G090,-0.0018870428,-1
G032,G001,-0.0018878091,-1
G013,G020,-0.001887827,-1
G081,G003,-0.0018896407,-1
G018,G096,-0.0018902395,-1
G031,G040,-0.0019045549,-1
G087,G057,-0.0019088316,-1
G092,G090,-0.0019111132,-1
G067,G072,-0.0019166523,-1
G073,G090,-0.0019202001,-1
G024,G007,-0.0019302717,-1
G087,G072,-0.001934746,-1
G018,G062,-0.0019364895,-1
G026,G057,-0.0019378063,-1
G081,G010,-0.0019392062,-1
G046,G090,-0.0019392999,-1
G042,G008,-0.0019406038,-1
G014,G041,-0.0019418609,-1
G040,G079,-0.0019444188,-1
G074,G031,-0.0019445254,-1
G058,G005,-0.0019457022,-1
G065,G026,-0.001945706,-1
G057,G048,-0.0019457974,-1
G096,G001,-0.0019463747,-1
G085,G057,-0.0019472349,-1
G098,G019,-0.0019479019,-1
G039,G018,-0.0019495211,-1
G094,G057,-0.0019568594,-1
G024,G090,-0.0019590487,-1
G077,G035,-0.0019590566,-1
G073,G057,-0.001966019,-1
G072,G004,-0.0019661242,-1
G070,G072,-0.0019669044,-1
G002,G005,-0.0019683214,-1
G051,G010,-0.0019698243,-1
G073,G041,-0.0019841597,-1
G062,G090,-0.0019852133,-1
G040,G014,-0.0019862086,-1
G074,G002,-0.0019879856,-1
G076,G065,-0.001989618,-1
G011,G010,-0.0019910769,-1
G073,G072,-0.0019913162,-1
G029,G010,-0.0019951307,-1
G007,G004,-0.0019951896,-1
G021,G007,-0.0019959914,-1
G021,G096,-0.001996529,-1
G076,G057,-0.0020014243,-1
G082,G096,-0.0020078532,-1
G033,G041,-0.002009811,-1
G086,G002,-0.0020148223,-1
G016,G002,-0.0020158566,-1
G069,G047,-0.0020283132,-1
G094,G015,-0.0020284369,-1
G026,G096,-0.0020303505,-1
G058,G096,-0.0020344618,-1
G099,G010,-0.0020406481,-1
G100,G064,-0.002046434,-1
G040,G035,-0.0020519807,-1
G033,G096,-0.0020528818,-1
G021,G001,-0.0020552687,-1
G060,G057,-0.0020583738,-1
G016,G001,-0.0020591326,-1
G063,G057,-0.0020593375,-1
G091,G057,-0.0020669955,-1
G057,G051,-0.002072859,-1
G046,G013,-0.002073411,-1
G088,G057,-0.002073638,-1
G049,G057,-0.0020867186,-1
G071,G072,-0.0020897698,-1
G066,G028,-0.0020947054,-1
G075,G057,-0.0020949217,-1
G058,G090,-0.0020981582,-1
G077,G069,-0.0021018828,-1
G082,G041,-0.0021030044,-1
G026,G042,-0.0021059786,-1
G058,G057,-0.0021091439,-1
G075,G090,-0.0021119525,-1
G010,G096,-0.0021142631,-1
G053,G096,-0.002118322,-1
G018,G057,-0.0021211863,-1
G046,G096,-0.0021218397,-1
G025,G057,-0.002138404,-1
G026,G004,-0.0021410023,-1
G001,G010,-0.0021420054,-1
G098,G057,-0.0021472734,-1
G085,G072,-0.0021533184,-1
G066,G057,-0.0021539142,-1
G003,G042,-0.002157708,-1
G025,G013,-0.0021642111,-1
G081,G061,-0.0021671124,-1
G052,G062,-0.002168741,-1
G001,G066,-0.0021761847,-1
G013,G064,-0.002176213,-1
G065,G072,-0.002177024,-1
G024,G072,-0.0021776266,-1
G003,G060,-0.0021864087,-1
G007,G037,-0.0021864923,-1
G019,G010,-0.0021870404,-1
G010,G067,-0.0021878937,-1
G030,G004,-0.0021938006,-1
G022,G002,-0.0021938018,-1
G051,G090,-0.0021974004,-1
G074,G003,-0.0021996966,-1
G076,G096,-0.002206679,-1
G009,G007,-0.0022128897,-1
G011,G090,-0.0022151654,-1
G038,G072,-0.0022207787,-1
G039,G057,-0.0022295439,-1
G058,G041,-0.0022313897,-1
G092,G010,-0.0022331716,-1
G025,G033,-0.0022333986,-1
G074,G032,-0.0022344792,-1
G019,G037,-0.0022348438,-1
G047,G057,-0.0022357581,-1
G057,G084,-0.0022360866,-1
G019,G064,-0.0022437044,-1
G055,G010,-0.002244241,-1
G012,G002,-0.0022481722,-1
G069,G066,-0.0022519634,-1
G045,G001,-0.0022602126,-1
G018,G016,-0.002265801,-1
G038,G019,-0.002267079,-1
G047,G041,-0.0022692347,-1
G077,G041,-0.0022697838,-1
G001,G006,-0.0022733274,-1
G060,G007,-0.002273717,-1
G093,G010,-0.0022781182,-1
G020,G096,-0.002280324,-1
G045,G090,-0.0022872477,-1
G088,G072,-0.0022944203,-1
G065,G087,-0.0022961332,-1
G049,G097,-0.0022988748,-1
G036,G014,-0.0022996985,-1
G035,G033,-0.0023001425,-1
G032,G047,-0.0023023263,-1
G063,G072,-0.0023040858,-1
G099,G072,-0.0023063263,-1
G066,G041,-0.0023151224,-1
G100,G072,-0.0023174095,-1
G036,G057,-0.002320196,-1
G033,G010,-0.0023212617,-1
G008,G006,-0.0023229984,-1
G062,G056,-0.00232708,-1
G094,G096,-0.0023289125,-1
G077,G072,-0.0023313484,-1
G030,G061,-0.00233897,-1
G096,G041,-0.002345422,-1
G085,G090,-0.002346559,-1
G002,G008,-0.0023553106,-1
G032,G057,-0.0023642476,-1
G018,G072,-0.0023705966,-1
G001,G035,-0.0023823096,-1
G043,G090,-0.0023832198,-1
G091,G090,-0.0023832407,-1
G003,G024,-0.0023833334,-1
G025,G096,-0.0023891646,-1
G004,G019,-0.002389412,-1
G018,G046,-0.0023937172,-1
G024,G057,-0.0023947565,-1
G067,G064,-0.0024117646,-1
G003,G074,-0.0024136144,-1
G047,G090,-0.0024163043,-1
G043,G068,-0.0024163045,-1
G077,G096,-0.002429067,-1
G041,G096,-0.0024291072,-1
G087,G090,-0.002435958,-1
G089,G010,-0.0024439483,-1
G063,G020,-0.0024516764,-1
G042,G033,-0.002453709,-1
G006,G041,-0.0024612327,-1
G040,G009,-0.0024658141,-1
G010,G007,-0.002478506,-1
G056,G041,-0.002479317,-1
G034,G029,-0.0024795302,-1
G036,G007,-0.0024795737,-1
G023,G010,-0.0024847204,-1
G050,G010,-0.0024849786,-1
G018,G090,-0.002485051,-1
G099,G090,-0.0024887016,-1
G035,G072,-0.0024909393,-1
G024,G041,-0.002492933,-1
G053,G057,-0.0024931084,-1
G074,G040,-0.0025020072,-1
G017,G090,-0.002502127,-1
G071,G010,-0.0025021574,-1
G060,G072,-0.0025029646,-1
G070,G010,-0.0025032326,-1
G031,G017,-0.002504709,-1
G095,G041,-0.002505824,-1
G020,G013,-0.0025067725,-1
G063,G090,-0.0025163956,-1
G098,G097,-0.0025192506,-1
G004,G041,-0.0025213482,-1
G065,G096,-0.0025214548,-1
G065,G041,-0.0025228073,-1
G066,G090,-0.0025295329,-1
G050,G007,-0.0025352372,-1
G066,G037,-0.0025496217,-1
G076,G090,-0.0025499011,-1
G028,G001,-0.0025500339,-1
G072,G096,-0.0025564444,-1
G039,G072,-0.0025592078,-1
G031,G006,-0.0025592505,-1
G004,G036,-0.002560066,-1
G021,G097,-0.0025650407,-1
G003,G040,-0.0025802536,-1
G036,G041,-0.0025821058,-1
G004,G072,-0.0026042073,-1
G087,G065,-0.0026043523,-1
G035,G010,-0.0026198241,-1
G014,G090,-0.0026277842,-1
G046,G072,-0.0026295558,-1
G082,G056,-0.0026355395,-1
G046,G018,-0.0026425028,-1
G094,G010,-0.002652222,-1
G036,G004,-0.0026524318,-1
G064,G100,-0.0026602787,-1
G065,G076,-0.0026618375,-1
G056,G083,-0.0026622412,-1
G071,G048,-0.002669453,-1
G069,G100,-0.0026857606,-1
G014,G072,-0.0026860097,-1
G096,G010,-0.002692831,-1
G088,G010,-0.0026929441,-1
G072,G090,-0.002700971,-1
G004,G090,-0.0027027512,-1
G056,G072,-0.0027145667,-1
G045,G003,-0.0027174293,-1
G090,G025,-0.0027181767,-1
G012,G019,-0.0027229679,-1
G019,G072,-0.0027364627,-1
G032,G019,-0.0027470095,-1
G042,G090,-0.0027535474,-1
G040,G100,-0.0027568508,-1
G033,G035,-0.002763703,-1
G006,G035,-0.0027700884,-1
G079,G090,-0.0027767946,-1
G051,G048,-0.0027838883,-1
G053,G041,-0.0027857304,-1
G051,G084,-0.0027900774,-1
G084,G013,-0.0027946741,-1
G082,G072,-0.0028123902,-1
G040,G028,-0.002814257,-1
G098,G020,-0.002816066,-1
G010,G020,-0.0028216173,-1
G002,G090,-0.002827043,-1
G002,G017,-0.0028428577,-1
G074,G042,-0.0028613887,-1
G088,G035,-0.0028662682,-1
G096,G003,-0.0028699953,-1
G009,G041,-0.002872829,-1
G053,G027,-0.0028767295,-1
G065,G057,-0.0029008472,-1
G096,G097,-0.0029091856,-1
G047,G096,-0.0029376673,-1
G031,G002,-0.0029416822,-1
G063,G010,-0.0029467763,-1
G078,G090,-0.0029590602,-1
G009,G072,-0.00295915,-1
G100,G057,-0.0029626882,-1
G082,G048,-0.0029663413,-1
G004,G056,-0.0029855825,-1
G075,G010,-0.0029860723,-1
G073,G010,-0.002991354,-1
G032,G066,-0.0029952645,-1
G064,G019,-0.0030239702,-1
G049,G072,-0.0030399736,-1
G085,G010,-0.0030462455,-1
G049,G010,-0.0030558684,-1
G012,G010,-0.0030902883,-1
G040,G002,-0.0031512375,-1
G077,G010,-0.0031527667,-1
G058,G072,-0.0031553588,-1
G031,G079,-0.0031703003,-1
G039,G019,-0.003173791,-1
G032,G051,-0.0031805823,-1
G020,G043,-0.0032016768,-1
G095,G090,-0.003210846,-1
G053,G090,-0.003224067,-1
G072,G019,-0.003237874,-1
G026,G010,-0.003249782,-1
G065,G019,-0.0032533542,-1
G043,G048,-0.0032765318,-1
G021,G015,-0.0032866255,-1
G009,G030,-0.0033033416,-1
G097,G041,-0.0033052089,-1
G098,G010,-0.0033093335,-1
G036,G010,-0.0033131596,-1
G032,G010,-0.0033180162,-1
G031,G009,-0.0033193738,-1
G044,G090,-0.0033271606,-1
G076,G072,-0.003332768,-1
G048,G057,-0.003339096,-1
G079,G047,-0.0033426061,-1
G021,G100,-0.0033530903,-1
G012,G072,-0.0033533482,-1
G025,G041,-0.0033549543,-1
G084,G051,-0.0033571932,-1
G017,G081,-0.0033620375,-1
G017,G010,-0.0033683877,-1
G053,G007,-0.003372602,-1
G050,G024,-0.003376144,-1
G048,G084,-0.003384157,-1
G007,G090,-0.0034183096,-1
G069,G001,-0.003424195,-1
G075,G042,-0.003439149,-1
G021,G057,-0.0034471187,-1
G067,G010,-0.0034605516,-1
G008,G031,-0.003467721,-1
G098,G090,-0.0034906175,-1
G043,G030,-0.0034991666,-1
G017,G028,-0.0035116686,-1
G025,G031,-0.003521745,-1
G001,G047,-0.0035380705,-1
G075,G015,-0.0035380826,-1
G038,G010,-0.0035437662,-1
G005,G002,-0.00355015,-1
G012,G031,-0.003554764,-1
G028,G041,-0.003562128,-1
G021,G072,-0.003564937,-1
G097,G096,-0.0035799348,-1
G071,G031,-0.003586369,-1
G039,G091,-0.0035922031,-1
G058,G002,-0.0035992158,-1
G041,G072,-0.0036020859,-1
G082,G020,-0.0036205472,-1
G006,G097,-0.0036206208,-1
G069,G072,-0.0036215498,-1
G026,G072,-0.0036257806,-1
G042,G096,-0.0036271377,-1
G006,G010,-0.003654595,-1
G069,G086,-0.0036796744,-1
G013,G007,-0.0036926877,-1
G002,G007,-0.0037305362,-1
G053,G072,-0.0037663523,-1
G041,G007,-0.0038086262,-1
G075,G072,-0.0038202007,-1
G097,G057,-0.0038570194,-1
G042,G007,-0.003862679,-1
G040,G019,-0.00386374,-1
G001,G009,-0.0038737548,-1
G032,G072,-0.0038748202,-1
G062,G041,-0.003880167,-1
G058,G010,-0.0038856294,-1
G052,G041,-0.0039008064,-1
G009,G090,-0.0039073434,-1
G061,G037,-0.003930479,-1
G083,G056,-0.0039408375,-1
G047,G010,-0.003958661,-1
G028,G057,-0.0039672656,-1
G098,G064,-0.0039760973,-1
G100,G025,-0.0039935545,-1
G079,G066,-0.004001461,-1
G020,G053,-0.0040079486,-1
G013,G006,-0.0040168543,-1
G072,G040,-0.004040365,-1
G016,G090,-0.004043732,-1
G033,G027,-0.0040452457,-1
G026,G090,-0.0040489477,-1
G015,G007,-0.004067143,-1
G002,G040,-0.004078763,-1
G041,G057,-0.004087138,-1
G020,G072,-0.004110589,-1
G042,G001,-0.0041395794,-1
G082,G010,-0.004140887,-1
G021,G081,-0.004149824,-1
G068,G007,-0.0041550547,-1
G040,G007,-0.0041586794,-1
G039,G031,-0.0041656024,-1
G035,G015,-0.004174686,-1
G014,G010,-0.0041753184,-1
G099,G019,-0.004185634,-1
G086,G056,-0.0041867457,-1
G079,G072,-0.004204595,-1
G046,G041,-0.0042109718,-1
G098,G013,-0.004214273,-1
G067,G031,-0.0042154854,-1
G086,G028,-0.0042208633,-1
G029,G031,-0.004230024,-1
G010,G019,-0.004248905,-1
G056,G010,-0.0042514796,-1
G077,G031,-0.004252685,-1
G009,G001,-0.004253004,-1
G010,G006,-0.0042534135,-1
G038,G031,-0.004255188,-1
G066,G010,-0.00426506,-1
G096,G072,-0.00427984,-1
G018,G041,-0.004296574,-1
G046,G057,-0.004306874,-1
G009,G028,-0.004313865,-1
G045,G002,-0.004316869,-1
G065,G090,-0.004338262,-1
G028,G072,-0.0043384847,-1
G008,G010,-0.004338679,-1
G001,G097,-0.0043423506,-1
G035,G002,-0.00435301,-1
G084,G048,-0.0043589496,-1
G063,G041,-0.004359563,-1
G019,G097,-0.004400811,-1
G082,G057,-0.0044079185,-1
G038,G090,-0.0044147028,-1
G035,G007,-0.0044243806,-1
G048,G010,-0.0044260276,-1
G079,G010,-0.0044298274,-1
G070,G031,-0.0044393856,-1
G051,G057,-0.0044402187,-1
G040,G049,-0.00445288,-1
G053,G010,-0.0044611967,-1
G007,G068,-0.004463731,-1
G084,G010,-0.00446935,-1
G051,G044,-0.0044743787,-1
G097,G072,-0.004484881,-1
G009,G057,-0.0044882894,-1
G056,G090,-0.0044963094,-1
G082,G079,-0.004505751,-1
G044,G059,-0.004541683,-1
G031,G035,-0.0045427405,-1
G096,G004,-0.0045891907,-1
G031,G096,-0.004595594,-1
G017,G002,-0.004600139,-1
G020,G079,-0.004606215,-1
G006,G026,-0.004614604,-1
G054,G031,-0.0046232524,-1
G050,G009,-0.004638083,-1
G013,G009,-0.004645362,-1
G032,G031,-0.0046466794,-1
G009,G024,-0.004647921,-1
G080,G007,-0.004658597,-1
G002,G031,-0.0046633123,-1
G009,G034,-0.0046798307,-1
G009,G050,-0.004694061,-1
G095,G031,-0.0047085136,-1
G013,G099,-0.0047160904,-1
G032,G090,-0.0047487593,-1
G011,G031,-0.0047580334,-1
G028,G010,-0.004797981,-1
G092,G084,-0.004800539,-1
G095,G020,-0.0048329085,-1
G069,G010,-0.0048571886,-1
G086,G031,-0.004862157,-1
G002,G001,-0.0048638107,-1
G049,G031,-0.0048703765,-1
G079,G057,-0.0048719756,-1
G031,G098,-0.0048893383,-1
G006,G009,-0.00489397,-1
G034,G030,-0.0048950077,-1
G030,G034,-0.0048967157,-1
G062,G031,-0.004907709,-1
G007,G040,-0.0049163867,-1
G073,G031,-0.004918746,-1
G010,G072,-0.004932657,-1
G025,G048,-0.004953389,-1
G082,G090,-0.0049695605,-1
G099,G064,-0.0049711554,-1
G025,G090,-0.004977863,-1
G023,G031,-0.00497919,-1
G064,G031,-0.004982571,-1
G021,G010,-0.0049999715,-1
G086,G001,-0.00500031,-1
G042,G057,-0.0050158133,-1
G007,G019,-0.0050169653,-1
G010,G090,-0.0050270837,-1
G052,G031,-0.0050625633,-1
G017,G001,-0.005078045,-1
G019,G031,-0.005145876,-1
G059,G006,-0.0051605487,-1
G017,G031,-0.0052002277,-1
G087,G031,-0.0052269977,-1
G040,G041,-0.00523578,-1
G010,G057,-0.005238099,-1
G049,G050,-0.0052391505,-1
G066,G096,-0.005259596,-1
G090,G048,-0.005280405,-1
G008,G072,-0.0053133154,-1
G049,G040,-0.0053274073,-1
G060,G031,-0.0053416425,-1
G094,G007,-0.0054277154,-1
G020,G007,-0.005431911,-1
G037,G090,-0.0054397676,-1
G047,G066,-0.0054406873,-1
G030,G043,-0.0054571857,-1
G020,G082,-0.0054955585,-1
G004,G079,-0.0055387397,-1
G075,G031,-0.0055430955,-1
G027,G056,-0.0055465614,-1
G004,G053,-0.0055519664,-1
G081,G031,-0.005555843,-1
G085,G031,-0.0055698315,-1
G069,G020,-0.005613857,-1
G050,G031,-0.005615519,-1
G063,G100,-0.0056259264,-1
G010,G016,-0.0056404844,-1
G006,G064,-0.005666934,-1
G019,G049,-0.0056788293,-1
G096,G031,-0.0056862747,-1
G091,G031,-0.0057042283,-1
G037,G083,-0.0057093645,-1
G098,G099,-0.0057109613,-1
G026,G031,-0.0057137026,-1
G097,G010,-0.005717843,-1
G059,G044,-0.0057664765,-1
G031,G072,-0.0057701888,-1
G039,G090,-0.005832192,-1
G058,G031,-0.0058496096,-1
G066,G072,-0.0058925925,-1
G012,G090,-0.005893126,-1
G031,G041,-0.0059001003,-1
G020,G035,-0.005900507,-1
G093,G031,-0.005928874,-1
G062,G079,-0.0060039507,-1
G013,G050,-0.0060081636,-1
G089,G031,-0.0060191858,-1
G076,G031,-0.0060448246,-1
G036,G031,-0.0060530785,-1
G010,G091,-0.00606758,-1
G002,G028,-0.006124367,-1
G040,G057,-0.0061696135,-1
G088,G007,-0.0062287394,-1
G040,G013,-0.006245507,-1
G025,G010,-0.00625094,-1
G097,G020,-0.006257234,-1
G079,G017,-0.0062771165,-1
G015,G010,-0.006284053,-1
G009,G010,-0.006294432,-1
G040,G090,-0.006296846,-1
G020,G010,-0.006325983,-1
G006,G033,-0.0063584014,-1
G053,G031,-0.0064082597,-1
G047,G001,-0.0064141,-1
G009,G020,-0.0064403894,-1
G094,G006,-0.006521498,-1
G064,G048,-0.0066012396,-1
G089,G007,-0.0066152546,-1
G024,G031,-0.006634371,-1
G086,G017,-0.0066924356,-1
G065,G031,-0.006692502,-1
G040,G010,-0.006748336,-1
G084,G057,-0.0067488267,-1
G039,G087,-0.0067672487,-1
G020,G001,-0.006772877,-1
G001,G017,-0.006820687,-1
G007,G035,-0.006824863,-1
G010,G026,-0.006866974,-1
G052,G010,-0.0068820636,-1
G079,G001,-0.006902639,-1
G061,G007,-0.0069533624,-1
G088,G031,-0.0069870786,-1
G042,G010,-0.006990945,-1
G014,G031,-0.0069913915,-1
G013,G024,-0.007033193,-1
G035,G003,-0.0070526702,-1
G080,G031,-0.0070731165,-1
G066,G047,-0.007162811,-1
G074,G020,-0.0071753007,-1
G033,G031,-0.0071809283,-1
G015,G044,-0.0072260043,-1
G051,G031,-0.007258061,-1
G093,G007,-0.0072647515,-1
G031,G046,-0.0073020593,-1
G089,G006,-0.0073395763,-1
G048,G090,-0.0073866555,-1
G026,G019,-0.00744485,-1
G066,G031,-0.007469296,-1
G018,G031,-0.007487878,-1
G066,G001,-0.0075029926,-1
G051,G030,-0.0075915577,-1
G020,G048,-0.0076005775,-1
G031,G001,-0.007640857,-1
G092,G031,-0.0076474985,-1
G096,G040,-0.007654338,-1
G020,G021,-0.0076630064,-1
G047,G031,-0.0076983087,-1
G093,G006,-0.0077616414,-1
G053,G056,-0.007821395,-1
G066,G002,-0.007850371,-1
G069,G048,-0.0078584,-1
G004,G028,-0.007868594,-1
G051,G034,-0.007890488,-1
G039,G076,-0.007991961,-1
G079,G031,-0.007992155,-1
G041,G090,-0.008049634,-1
G023,G035,-0.0080769835,-1
G056,G031,-0.008109423,-1
G002,G035,-0.008129093,-1
G017,G021,-0.008182837,-1
G028,G031,-0.008214078,-1
G057,G034,-0.008242377,-1
G084,G009,-0.008295772,-1
G057,G030,-0.008309398,-1
G008,G020,-0.008309697,-1
G072,G026,-0.008517747,-1
G076,G013,-0.008538452,-1
G001,G031,-0.008549586,-1
G062,G010,-0.008551444,-1
G035,G031,-0.00867012,-1
G006,G072,-0.0087248795,-1
G041,G019,-0.008736312,-1
G034,G013,-0.008749576,-1
G029,G004,-0.008842948,-1
G020,G097,-0.008856312,-1
G024,G010,-0.008957411,-1
G031,G007,-0.008975862,-1
G064,G090,-0.008987064,-1
G008,G066,-0.009045851,-1
G041,G100,-0.009082095,-1
G041,G010,-0.009204809,-1
G009,G031,-0.009230274,-1
G043,G056,-0.009230433,-1
G008,G047,-0.009249513,-1
G097,G031,-0.009252321,-1
G008,G056,-0.00926989,-1
G033,G001,-0.009368656,-1
G058,G003,-0.0094043845,-1
G040,G008,-0.009453668,-1
G012,G001,-0.009521203,-1
G063,G031,-0.00954673,-1
G066,G040,-0.009580362,-1
G095,G010,-0.009767484,-1
G024,G025,-0.0097766295,-1
G048,G034,-0.009776999,-1
G076,G040,-0.009804011,-1
G100,G007,-0.009808113,-1
G067,G007,-0.009855015,-1
G069,G031,-0.009872754,-1
G100,G031,-0.009887761,-1
G017,G069,-0.010011344,-1
G042,G072,-0.010102011,-1
G028,G069,-0.010227917,-1
G007,G002,-0.010265099,-1
G049,G009,-0.01027267,-1
G092,G099,-0.010307651,-1
G056,G079,-0.010367065,-1
G055,G058,-0.0104161855,-1
G048,G030,-0.010871494,-1
G064,G020,-0.0109321205,-1
G086,G079,-0.011003183,-1
G002,G027,-0.01100669,-1
G098,G009,-0.011099801,-1
G056,G082,-0.011125285,-1
G042,G031,-0.011133362,-1
G083,G028,-0.01114819,-1
G100,G041,-0.011156023,-1
G041,G031,-0.011165224,-1
G079,G004,-0.011207749,-1
G031,G013,-0.01129863,-1
G069,G090,-0.011425,-1
G009,G097,-0.011481385,-1
G094,G031,-0.0116959065,-1
G020,G057,-0.011869287,-1
G008,G001,-0.012150138,-1
G020,G090,-0.012276757,-1
G032,G012,-0.012504947,-1
G076,G049,-0.012581671,-1
G047,G042,-0.012882962,-1
G023,G017,-0.012901263,-1
G061,G002,-0.01298943,-1
G009,G096,-0.013046661,-1
G007,G010,-0.013315299,-1
G039,G065,-0.013379495,-1
G041,G026,-0.013422679,-1
G021,G031,-0.013518999,-1
G007,G077,-0.0136513915,-1
G080,G041,-0.013683621,-1
G043,G100,-0.013799961,-1
G050,G048,-0.014133794,-1
G030,G088,-0.014592753,-1
G084,G034,-0.0146470135,-1
G061,G035,-0.014784908,-1
G096,G008,-0.015068047,-1
G043,G007,-0.0150897885,-1
G069,G082,-0.01559182,-1
G042,G040,-0.015616665,-1
G040,G031,-0.01561749,-1
G100,G048,-0.015672496,-1
G043,G041,-0.016046215,-1
G094,G013,-0.016133228,-1
G006,G007,-0.016429802,-1
G084,G030,-0.016759397,-1
G086,G004,-0.016794546,-1
G015,G028,-0.01701068,-1
G099,G031,-0.017092915,-1
G068,G010,-0.0176445,-1
G100,G090,-0.017874962,-1
G067,G039,-0.017961487,-1
G045,G004,-0.018630732,-1
G056,G057,-0.018944206,-1
G010,G031,-0.018956352,-1
G031,G034,-0.01922286,-1
G079,G028,-0.019301863,-1
G026,G006,-0.019572314,-1
G006,G090,-0.01995476,-1
G031,G010,-0.020643134,-1
G097,G090,-0.020664275,-1
G004,G010,-0.02072832,-1
G033,G017,-0.02085715,-1
G036,G040,-0.020980675,-1
G031,G030,-0.02147419,-1
G028,G036,-0.021894068,-1
G060,G041,-0.022129977,-1
G029,G084,-0.022469105,-1
G006,G042,-0.022565667,-1
G082,G031,-0.023118336,-1
G008,G079,-0.023184951,-1
G048,G080,-0.023311501,-1
G017,G092,-0.024094526,-1
G008,G043,-0.024375062,-1
G047,G072,-0.024450758,-1
G007,G059,-0.025907643,-1
G003,G009,-0.026065785,-1
G020,G056,-0.026943866,-1
G019,G009,-0.027199237,-1
G069,G057,-0.02720361,-1
G045,G006,-0.027210783,-1
G006,G017,-0.027400145,-1
G002,G006,-0.027739756,-1
G006,G032,-0.027860845,-1
G029,G048,-0.028512524,-1
G007,G065,-0.02880756,-1
G001,G007,-0.029073726,-1
G020,G031,-0.029130543,-1
G008,G032,-0.030248769,-1
G012,G006,-0.031602193,-1
G006,G039,-0.031736758,-1
G022,G003,-0.032482095,-1
G031,G004,-0.032596912,-1
G009,G036,-0.03262701,-1
G074,G008,-0.032738913,-1
G001,G040,-0.033420853,-1
G019,G090,-0.03360388,-1
G043,G063,-0.035536863,-1
G006,G038,-0.03604025,-1
G055,G051,-0.036695268,-1
G006,G019,-0.03698468,-1
G003,G008,-0.039854858,-1
G002,G004,-0.039951347,-1
G027,G003,-0.039980836,-1
G006,G078,-0.040106755,-1
G064,G009,-0.041127887,-1
G030,G063,-0.041179772,-1
G025,G020,-0.04120651,-1
G059,G065,-0.043513056,-1
G003,G062,-0.04364321,-1
G004,G040,-0.0444557,-1
G003,G011,-0.045218125,-1
G005,G003,-0.04586427,-1
G090,G020,-0.04607757,-1
G010,G039,-0.046454813,-1
G068,G041,-0.04728878,-1
G002,G003,-0.04849719,-1
G099,G009,-0.048700746,-1
G083,G002,-0.048756756,-1
G035,G017,-0.048932824,-1
G010,G078,-0.04941003,-1
G059,G075,-0.05040559,-1
G001,G004,-0.050487783,-1
G084,G099,-0.051725905,-1
G049,G085,-0.051908407,-1
G016,G006,-0.05192834,-1
G061,G088,-0.051998403,-1
G029,G030,-0.05204106,-1
G017,G004,-0.05293945,-1
G003,G021,-0.053129572,-1
G051,G094,-0.05327948,-1
G044,G075,-0.053815108,-1
G006,G044,-0.0538582,-1
G030,G031,-0.05385994,-1
G048,G020,-0.054347552,-1
G027,G001,-0.054459643,-1
G001,G036,-0.054561596,-1
G090,G097,-0.05539074,-1
G020,G077,-0.05580881,-1
G007,G006,-0.056096885,-1
G034,G031,-0.05731625,-1
G078,G072,-0.05901424,-1
G007,G041,-0.059087794,-1
G003,G091,-0.059254173,-1
G037,G002,-0.06119208,-1
G015,G055,-0.06264417,-1
G013,G049,-0.065535955,-1
G072,G042,-0.06963986,-1
G044,G015,-0.06988784,-1
G057,G082,-0.07258113,-1
