Regulator,Target,Weight,Sign
G032,G013,0.711579,1
G032,G003,0.26777536,1
G014,G013,0.12993088,1
G085,G013,0.12874742,1
G048,G045,0.123204224,1
G013,G003,0.1108941,1
G032,G071,0.09636796,1
G014,G016,0.09257925,1
G032,G085,0.083435744,1
G013,G071,0.083352,1
G085,G003,0.07786263,1
G013,G085,0.07674903,1
G043,G042,0.07109607,1
G045,G048,0.064683735,1
G032,G008,0.063569754,1
G035,G036,0.06296118,1
G015,G013,0.06208314,1
G033,G038,0.06139125,1
G006,G013,0.059694674,1
G083,G006,0.056893654,1
G014,G003,0.05644233,1
G072,G073,0.055507574,1
G013,G008,0.055045567,1
G031,G028,0.053941727,1
G033,G013,0.052971095,1
G049,G013,0.05292689,1
G003,G013,0.052912902,1
G083,G023,0.049812157,1
G024,G025,0.045602586,1
G052,G051,0.045380477,1
G006,G083,0.04265602,1
G008,G013,0.04109659,1
G072,G085,0.040483397,1
G049,G015,0.04014441,1
G036,G035,0.03952412,1
G028,G031,0.038262088,1
G042,G043,0.03798691,1
G071,G008,0.03655472,1
G011,G010,0.03654278,1
G019,G020,0.03453856,1
G003,G085,0.031910133,1
G071,G028,0.031508062,1
G080,G081,0.030313337,1
G013,G015,0.029867137,1
G049,G016,0.027232625,1
G017,G018,0.026640376,1
G072,G076,0.025618862,1
G016,G013,0.025127823,1
G003,G008,0.024838947,1
G033,G003,0.023357937,1
G041,G043,0.023126528,1
G063,G065,0.02298245,1
G003,G071,0.02291166,1
G008,G003,0.022793487,1
G045,G049,0.022374418,1
G006,G003,0.022250718,1
G032,G033,0.02125774,1
G014,G045,0.020388588,1
G062,G083,0.019364534,1
G033,G071,0.01912582,1
G064,G083,0.018698908,1
G023,G022,0.018481884,1
G085,G071,0.018008888,1
G013,G033,0.017480034,1
G003,G007,0.017457092,1
G033,G085,0.017433973,1
G085,G082,0.017346928,1
G070,G085,0.01733472,1
G078,G082,0.016856857,1
G023,G085,0.016127974,1
G083,G063,0.015940716,1
G045,G071,0.015897213,1
G017,G053,0.01578556,1
G083,G067,0.015478138,1
G071,G031,0.015247169,1
G012,G010,0.015233169,1
G008,G085,0.015028175,1
G044,G043,0.014898078,1
G045,G047,0.014801186,1
G071,G007,0.014667084,1
G072,G018,0.014575573,1
G085,G078,0.014477548,1
G006,G015,0.014420501,1
G085,G045,0.014114521,1
G013,G016,0.013819573,1
G012,G028,0.013570714,1
G071,G085,0.012811423,1
G031,G085,0.012766365,1
G079,G078,0.012594187,1
G006,G014,0.012411018,1
G083,G015,0.012239317,1
G015,G003,0.012022848,1
G067,G068,0.011942792,1
G023,G083,0.011686828,1
G045,G022,0.011249108,1
G017,G049,0.011055861,1
G006,G049,0.010956672,1
G013,G010,0.010718646,1
G083,G085,0.0106626125,1
G045,G016,0.010601334,1
G085,G032,0.010206843,1
G029,G028,0.010206347,1
G010,G085,0.009727668,1
G005,G071,0.009462084,1
G031,G071,0.009066597,1
G083,G071,0.008785836,1
G021,G018,0.008712974,1
G083,G014,0.008660416,1
G006,G071,0.008573267,1
G076,G085,0.008442006,1
G045,G015,0.00842758,1
G065,G083,0.008383033,1
G012,G085,0.008368847,1
G045,G085,0.008022078,1
G065,G085,0.007925335,1
G033,G008,0.0076262564,1
G024,G010,0.007561726,1
G032,G082,0.007478852,1
G041,G072,0.00739983,1
G022,G071,0.0073093562,1
G085,G007,0.0072737373,1
G085,G072,0.0072718975,1
G088,G085,0.0070709735,1
G085,G052,0.007051228,1
G083,G017,0.006815,1
G083,G084,0.0067138635,1
G072,G033,0.0065352754,1
G072,G074,0.0065194066,1
G032,G016,0.0061027426,1
G037,G085,0.005956489,1
G083,G049,0.005933387,1
G003,G033,0.0058919163,1
G063,G064,0.005886006,1
G048,G085,0.005691538,1
G017,G015,0.0056292717,1
G012,G071,0.0056242007,1
G017,G016,0.005372211,1
G029,G031,0.005323829,1
G003,G028,0.0053081145,1
G080,G078,0.005291165,1
G015,G045,0.005272043,1
G012,G031,0.00524996,1
G011,G085,0.0051661525,1
G014,G017,0.00500815,1
G055,G057,0.0049782055,1
G023,G071,0.004808065,1
G011,G024,0.004330413,1
G038,G033,0.00432613,1
G013,G032,0.0042841667,1
G073,G085,0.004064081,1
G032,G049,0.003771059,1
G097,G096,0.0036339613,1
G028,G014,0.0034395468,1
G087,G085,0.0033517047,1
G003,G041,0.0033486942,1
G032,G006,0.0032166303,1
G033,G037,0.0031785602,1
G082,G003,0.0031756405,1
G033,G035,0.0031600124,1
G082,G013,0.0030894885,1
G062,G067,0.0030276377,1
G096,G085,0.0028148743,1
G064,G067,0.0026914268,1
G010,G015,0.0025740734,1
G072,G037,0.0025601247,1
G045,G005,0.002540399,1
G039,G040,0.0025260057,1
G022,G067,0.0025168648,1
G099,G085,0.0025011806,1
G063,G085,0.0023000352,1
G028,G015,0.0022209154,1
G032,G048,0.0022066326,1
G003,G073,0.002180649,1
G092,G091,0.0021544048,1
G072,G071,0.002134859,1
G022,G083,0.00210856,1
G072,G053,0.0020381606,1
G072,G016,0.002033534,1
G042,G044,0.002009896,1
G067,G058,0.0019639877,1
G080,G085,0.0019127182,1
G002,G071,0.0019089609,1
G041,G085,0.0018745005,1
G002,G085,0.0018288036,1
G032,G100,0.0017965254,1
G093,G085,0.0017498245,1
G085,G011,0.001715737,1
G085,G038,0.0016967625,1
G032,G094,0.0016123147,1
G053,G062,0.0015996515,1
G032,G036,0.0015995138,1
G072,G023,0.0015292816,1
G014,G032,0.0015280873,1
G032,G042,0.0015201187,1
G045,G031,0.0014948158,1
G005,G085,0.0014319113,1
G032,G079,0.0014206874,1
G091,G085,0.0013705866,1
G078,G072,0.0013289081,1
G045,G028,0.0012685282,1
G003,G016,0.001226453,1
G005,G004,0.0012177364,1
G085,G044,0.0012044285,1
G032,G005,0.001199622,1
G043,G085,0.0011541927,1
G032,G080,0.0011533801,1
G003,G078,0.0011385625,1
G032,G029,0.0010846743,1
G037,G038,0.0010391151,1
G090,G085,0.001010093,1
G010,G016,0.0009987921,1
G085,G018,0.0009604412,1
G071,G041,0.0009401643,1
G072,G010,0.0009043002,1
G003,G076,0.000885821,1
G011,G015,0.00088153704,1
G033,G016,0.0008402162,1
G032,G011,0.0008361437,1
G028,G083,0.00082075014,1
G008,G033,0.00081364246,1
G032,G023,0.0008009212,1
G072,G096,0.0007857429,1
G041,G073,0.0007707486,1
G085,G049,0.00076487823,1
G094,G078,0.0007573406,1
G032,G002,0.00072342093,1
G032,G051,0.00069589674,1
G010,G014,0.0006830534,1
G027,G085,0.00067642494,1
G022,G006,0.00067199057,1
G016,G049,0.00066761783,1
G011,G016,0.0006516557,1
G050,G085,0.0006393049,1
G032,G062,0.0006388826,1
G032,G022,0.0006264299,1
G085,G016,0.0006223972,1
G100,G078,0.0006158038,1
G050,G043,0.00060930307,1
G073,G038,0.0006043842,1
G032,G087,0.0006030336,1
G083,G034,0.0006029799,1
G032,G088,0.0005927929,1
G050,G034,0.00058740255,1
G008,G005,0.00058513455,1
G056,G085,0.0005828687,1
G094,G007,0.00058065524,1
G032,G091,0.0005793312,1
G059,G021,0.00057811814,1
G079,G085,0.0005771454,1
G022,G003,0.00057118904,1
G087,G044,0.00056788255,1
G072,G087,0.00056740124,1
G024,G015,0.00056518347,1
G085,G028,0.00056338246,1
G050,G078,0.0005599583,1
G050,G052,0.0005596546,1
G050,G040,0.00055964186,1
G032,G065,0.0005532339,1
G087,G039,0.00055224774,1
G085,G006,0.0005498184,1
G085,G063,0.00054977223,1
G068,G085,0.0005481043,1
G032,G096,0.0005471829,1
G032,G050,0.0005455115,1
G094,G018,0.0005432887,1
G040,G085,0.0005423997,1
G050,G015,0.0005416691,1
G005,G016,0.00053916976,1
G032,G075,0.00053793105,1
G008,G006,0.00053282874,1
G050,G098,0.0005286303,1
G059,G097,0.0005282164,1
G028,G005,0.0005259814,1
G047,G040,0.0005241034,1
G050,G051,0.0005237553,1
G085,G021,0.00052041264,1
G050,G041,0.0005203331,1
G073,G092,0.0005191076,1
G066,G084,0.0005180705,1
G032,G099,0.000516716,1
G094,G063,0.00051670894,1
G008,G044,0.0005165496,1
G094,G044,0.0005145386,1
G100,G044,0.00051338196,1
G094,G021,0.0005125895,1
G094,G052,0.0005115922,1
G023,G016,0.0005075894,1
G094,G038,0.0005072743,1
G032,G073,0.0005063488,1
G054,G085,0.0005049813,1
G062,G006,0.00050237554,1
G005,G041,0.0005011961,1
G094,G016,0.00050044287,1
G032,G060,0.00049930264,1
G005,G046,0.00049916777,1
G100,G007,0.0004987193,1
G005,G060,0.0004933351,1
G066,G085,0.00049209874,1
G083,G018,0.0004911473,1
G073,G097,0.00048977765,1
G075,G043,0.00048955245,1
G032,G070,0.00048846606,1
G047,G085,0.0004873179,1
G032,G040,0.00047979766,1
G055,G085,0.00047960816,1
G087,G012,0.0004795896,1
G075,G074,0.00047674947,1
G020,G078,0.00047663497,1
G094,G019,0.0004756428,1
G005,G054,0.00047536413,1
G073,G007,0.00047437227,1
G088,G078,0.00047390134,1
G028,G072,0.00047013356,1
G005,G057,0.0004681217,1
G070,G018,0.00046644046,1
G066,G004,0.00046643947,1
G066,G009,0.00046518343,1
G047,G007,0.00046432266,1
G005,G078,0.00046376305,1
G032,G030,0.00046333284,1
G085,G024,0.00046242742,1
G073,G052,0.00046209703,1
G050,G030,0.00046202683,1
G032,G067,0.0004594683,1
G032,G086,0.00045878222,1
G059,G017,0.00045740302,1
G050,G011,0.0004555822,1
G094,G012,0.00045350453,1
G011,G093,0.00045327755,1
G005,G063,0.00045293468,1
G032,G068,0.00045219815,1
G050,G019,0.0004494355,1
G059,G098,0.00044937505,1
G087,G034,0.0004486357,1
G050,G061,0.000447731,1
G083,G047,0.00044732835,1
G032,G093,0.0004469486,1
G050,G044,0.00044557787,1
G028,G011,0.0004454773,1
G032,G059,0.00044547298,1
G097,G085,0.000444589,1
G028,G021,0.00044448904,1
G008,G021,0.00044379794,1
G073,G021,0.00044366,1
G085,G005,0.00044297747,1
G047,G089,0.00044276926,1
G083,G080,0.00044207493,1
G064,G023,0.0004415198,1
G011,G043,0.00044063866,1
G066,G039,0.00043965023,1
G075,G021,0.0004395903,1
G100,G038,0.00043912535,1
G008,G018,0.0004380931,1
G047,G099,0.00043722437,1
G008,G049,0.00043696,1
G087,G019,0.00043689864,1
G075,G034,0.00043639998,1
G059,G062,0.0004358959,1
G047,G046,0.00043411052,1
G100,G049,0.00043403707,1
G008,G009,0.00043400784,1
G083,G038,0.0004336735,1
G024,G085,0.00043318147,1
G062,G023,0.00043274983,1
G005,G043,0.0004319212,1
G059,G063,0.00043152223,1
G087,G038,0.00043149485,1
G050,G093,0.0004314685,1
G094,G050,0.00043127747,1
G088,G044,0.00043118262,1
G094,G053,0.0004304549,1
G087,G071,0.00043028523,1
G066,G037,0.00043011174,1
G064,G084,0.0004270063,1
G059,G050,0.00042693544,1
G089,G085,0.0004261933,1
G050,G077,0.00042602618,1
G008,G012,0.00042573843,1
G065,G006,0.00042489995,1
G005,G024,0.0004236671,1
G020,G015,0.00042297394,1
G029,G015,0.00042291317,1
G094,G009,0.00042275546,1
G100,G018,0.0004225297,1
G075,G019,0.00042222772,1
G087,G061,0.00042203057,1
G083,G021,0.00042045428,1
G047,G016,0.00041922496,1
G050,G080,0.0004190485,1
G011,G097,0.00041778412,1
G047,G012,0.0004169668,1
G083,G098,0.00041336496,1
G100,G006,0.00041315754,1
G059,G019,0.00041305678,1
G020,G070,0.00041303114,1
G021,G053,0.00041261013,1
G005,G064,0.00041254648,1
G030,G015,0.0004119797,1
G087,G077,0.00041155712,1
G005,G037,0.00041119763,1
G094,G061,0.0004110083,1
G050,G001,0.00041047542,1
G100,G063,0.0004095708,1
G005,G027,0.00040825407,1
G085,G074,0.00040766143,1
G047,G051,0.0004072019,1
G087,G009,0.0004071897,1
G005,G086,0.0004071868,1
G067,G002,0.0004071214,1
G087,G004,0.0004069296,1
G083,G053,0.00040666366,1
G032,G056,0.00040653706,1
G032,G058,0.00040622387,1
G066,G044,0.00040592442,1
G028,G049,0.00040587367,1
G047,G029,0.00040533228,1
G095,G085,0.00040525707,1
G008,G016,0.00040447523,1
G094,G098,0.00040441437,1
G094,G011,0.0004035736,1
G087,G063,0.0004034665,1
G045,G072,0.000402733,1
G032,G027,0.00040242937,1
G032,G095,0.00040168184,1
G087,G043,0.00040122162,1
G011,G037,0.00040012796,1
G027,G043,0.0003999553,1
G005,G062,0.00039915222,1
G047,G081,0.00039914637,1
G047,G092,0.00039875208,1
G040,G046,0.00039864905,1
G059,G015,0.00039806182,1
G075,G002,0.00039598142,1
G085,G040,0.00039541625,1
G032,G026,0.00039532682,1
G047,G041,0.0003943485,1
G087,G016,0.00039425897,1
G047,G067,0.0003939227,1
G100,G021,0.00039276812,1
G005,G068,0.0003926417,1
G064,G006,0.00039250235,1
G032,G039,0.00039216154,1
G094,G074,0.00039132105,1
G059,G024,0.00039044785,1
G059,G075,0.00039042922,1
G050,G084,0.00039027384,1
G075,G041,0.00038971932,1
G075,G039,0.00038962066,1
G050,G031,0.00038861216,1
G087,G097,0.00038812874,1
G070,G063,0.0003879796,1
G100,G052,0.0003876079,1
G066,G054,0.00038662466,1
G083,G046,0.000384784,1
G050,G075,0.0003839392,1
G094,G001,0.00038390773,1
G059,G037,0.00038361776,1
G083,G076,0.00038353127,1
G050,G062,0.00038318028,1
G094,G030,0.00038292183,1
G083,G054,0.00038278836,1
G032,G089,0.00038265763,1
G062,G043,0.00038256,1
G059,G060,0.00038253795,1
G050,G016,0.00038244223,1
G087,G027,0.00038229604,1
G083,G007,0.00038156047,1
G070,G040,0.00038070546,1
G094,G006,0.00038044085,1
G011,G040,0.0003801372,1
G050,G020,0.00037966424,1
G032,G069,0.0003788034,1
G050,G029,0.00037863944,1
G047,G086,0.00037818355,1
G075,G099,0.00037805553,1
G083,G039,0.00037715616,1
G064,G017,0.00037684693,1
G032,G055,0.00037645563,1
G085,G025,0.00037578848,1
G073,G041,0.00037565376,1
G085,G035,0.00037540414,1
G091,G066,0.00037509456,1
G083,G043,0.00037482704,1
G059,G054,0.00037467488,1
G088,G001,0.00037441865,1
G047,G066,0.0003743683,1
G005,G053,0.00037431243,1
G047,G075,0.00037428123,1
G032,G004,0.0003741583,1
G008,G038,0.00037408166,1
G050,G026,0.00037374126,1
G005,G098,0.00037315156,1
G011,G084,0.00037312708,1
G087,G095,0.0003728167,1
G075,G035,0.00037247993,1
G059,G012,0.00037231547,1
G075,G092,0.00037182594,1
G005,G007,0.00037177774,1
G032,G077,0.0003711722,1
G059,G057,0.00037096482,1
G032,G081,0.00036978873,1
G047,G061,0.00036921192,1
G070,G044,0.00036917874,1
G032,G047,0.00036881995,1
G087,G046,0.0003686847,1
G066,G065,0.00036864053,1
G059,G099,0.0003684466,1
G028,G087,0.0003684237,1
G048,G021,0.00036800263,1
G075,G007,0.00036788255,1
G050,G053,0.00036779602,1
G005,G059,0.00036729802,1
G087,G001,0.00036728097,1
G011,G086,0.00036667704,1
G059,G026,0.00036664223,1
G047,G027,0.0003666357,1
G087,G098,0.0003661765,1
G066,G034,0.00036609898,1
G075,G062,0.0003658847,1
G088,G098,0.00036584644,1
G028,G006,0.00036582293,1
G020,G012,0.00036580997,1
G021,G015,0.00036574146,1
G087,G007,0.0003653509,1
G050,G056,0.00036516367,1
G075,G068,0.00036462818,1
G032,G046,0.00036461366,1
G085,G029,0.00036414104,1
G032,G090,0.0003638067,1
G066,G015,0.00036343062,1
G032,G025,0.0003632564,1
G100,G035,0.0003632171,1
G028,G053,0.0003624573,1
G008,G032,0.0003624539,1
G088,G007,0.00036201614,1
G032,G076,0.00036169912,1
G050,G009,0.0003613616,1
G029,G085,0.00036125546,1
G028,G050,0.00035985003,1
G087,G059,0.0003595955,1
G085,G001,0.00035957,1
G047,G044,0.0003595232,1
G047,G057,0.0003583264,1
G094,G029,0.0003561097,1
G085,G050,0.00035585157,1
G005,G075,0.00035545425,1
G050,G038,0.00035537017,1
G050,G087,0.00035529825,1
G070,G030,0.0003551027,1
G075,G070,0.00035507642,1
G008,G078,0.00035493693,1
G075,G037,0.00035488573,1
G075,G058,0.0003548665,1
G059,G079,0.00035467715,1
G060,G085,0.00035415852,1
G005,G055,0.0003539943,1
G032,G066,0.00035381241,1
G005,G050,0.0003536748,1
G020,G021,0.00035364993,1
G066,G030,0.00035351297,1
G075,G009,0.0003529671,1
G087,G024,0.00035202,1
G059,G053,0.0003519239,1
G021,G085,0.00035158,1
G047,G077,0.0003512681,1
G072,G044,0.00035080776,1
G011,G065,0.00034982775,1
G032,G054,0.0003497935,1
G005,G081,0.00034971896,1
G047,G078,0.00034966422,1
G075,G015,0.00034935004,1
G032,G053,0.00034924416,1
G011,G009,0.00034905452,1
G011,G064,0.0003490443,1
G083,G066,0.00034890807,1
G075,G057,0.00034877143,1
G087,G020,0.00034855548,1
G094,G035,0.00034745963,1
G047,G069,0.00034740195,1
G011,G021,0.00034712328,1
G094,G024,0.0003471028,1
G008,G052,0.00034610738,1
G050,G096,0.00034605278,1
G058,G044,0.00034583238,1
G094,G089,0.00034486788,1
G059,G085,0.0003446311,1
G085,G012,0.0003444251,1
G087,G078,0.00034377302,1
G005,G039,0.00034339822,1
G029,G099,0.00034284935,1
G059,G041,0.0003428136,1
G087,G052,0.00034248602,1
G047,G056,0.00034209026,1
G028,G009,0.00034204262,1
G050,G047,0.0003418127,1
G059,G030,0.00034156415,1
G020,G057,0.00034149588,1
G047,G070,0.0003414347,1
G083,G055,0.0003413966,1
G050,G014,0.00034136832,1
G059,G038,0.0003411172,1
G066,G062,0.00034074983,1
G085,G069,0.0003403174,1
G083,G092,0.0003398097,1
G094,G071,0.00033961007,1
G005,G029,0.00033951222,1
G094,G095,0.00033906777,1
G047,G050,0.00033895238,1
G050,G058,0.0003389337,1
G083,G026,0.00033868663,1
G094,G026,0.0003383331,1
G087,G086,0.00033821844,1
G011,G014,0.00033806675,1
G040,G033,0.00033784742,1
G075,G095,0.00033735385,1
G083,G056,0.00033727576,1
G070,G007,0.0003372039,1
G059,G022,0.00033698566,1
G032,G017,0.00033670064,1
G066,G052,0.00033666645,1
G011,G063,0.00033611452,1
G032,G037,0.00033584362,1
G028,G002,0.0003357813,1
G072,G100,0.00033567494,1
G050,G039,0.00033566315,1
G011,G061,0.00033555244,1
G059,G040,0.0003353525,1
G075,G017,0.00033516446,1
G032,G084,0.0003351567,1
G055,G040,0.00033500377,1
G085,G030,0.00033497688,1
G081,G029,0.00033469326,1
G083,G012,0.00033355984,1
G032,G074,0.00033354782,1
G005,G040,0.00033352047,1
G005,G089,0.00033340004,1
G011,G077,0.00033323056,1
G047,G063,0.0003328738,1
G047,G026,0.00033244467,1
G047,G060,0.00033238667,1
G029,G076,0.00033227436,1
G027,G077,0.00033171356,1
G011,G078,0.000331123,1
G032,G018,0.0003311197,1
G085,G053,0.0003309472,1
G087,G010,0.00033052688,1
G005,G091,0.0003304698,1
G047,G024,0.00033014198,1
G066,G088,0.0003301267,1
G066,G011,0.0003298003,1
G075,G031,0.00032965135,1
G088,G018,0.00032963624,1
G005,G026,0.00032956558,1
G005,G099,0.00032913007,1
G042,G092,0.00032911074,1
G066,G077,0.00032908938,1
G087,G065,0.0003287972,1
G073,G055,0.0003281165,1
G043,G039,0.00032786906,1
G070,G016,0.00032698113,1
G066,G097,0.00032692257,1
G088,G063,0.00032652347,1
G005,G020,0.0003264521,1
G050,G057,0.0003259249,1
G005,G069,0.00032573653,1
G083,G029,0.00032554552,1
G059,G044,0.00032536557,1
G066,G064,0.00032532314,1
G087,G074,0.00032525696,1
G005,G088,0.00032501962,1
G028,G095,0.0003242001,1
G085,G066,0.00032406297,1
G087,G091,0.00032383093,1
G066,G099,0.00032340677,1
G075,G081,0.00032327496,1
G070,G078,0.0003230842,1
G029,G037,0.00032288037,1
G088,G034,0.00032280484,1
G050,G046,0.0003227632,1
G050,G074,0.00032218132,1
G087,G062,0.0003221583,1
G020,G017,0.00032165402,1
G008,G029,0.00032141324,1
G066,G061,0.00032138568,1
G085,G098,0.00032132145,1
G049,G067,0.0003211161,1
G050,G092,0.00032095297,1
G059,G064,0.00032071114,1
G088,G038,0.00032067482,1
G050,G064,0.0003202304,1
G087,G057,0.0003201693,1
G011,G057,0.00032007016,1
G094,G057,0.00032002368,1
G025,G043,0.00031980223,1
G075,G053,0.0003195418,1
G018,G014,0.00031950983,1
G091,G043,0.00031881928,1
G088,G057,0.00031868383,1
G048,G004,0.00031845362,1
G011,G019,0.00031842492,1
G050,G089,0.00031806956,1
G070,G024,0.00031801692,1
G059,G070,0.00031797946,1
G059,G065,0.00031790137,1
G059,G071,0.00031778045,1
G066,G090,0.0003177373,1
G011,G031,0.00031753042,1
G033,G007,0.00031706935,1
G094,G049,0.00031700172,1
G094,G051,0.0003168708,1
G059,G078,0.0003158813,1
G040,G020,0.0003157921,1
G059,G072,0.00031528593,1
G100,G016,0.00031523634,1
G085,G061,0.0003150393,1
G088,G009,0.00031493866,1
G066,G058,0.00031471148,1
G047,G074,0.00031439407,1
G040,G043,0.00031429128,1
G020,G061,0.00031424288,1
G032,G024,0.0003134644,1
G020,G085,0.0003133622,1
G098,G085,0.00031324857,1
G005,G061,0.00031280593,1
G087,G093,0.00031228145,1
G020,G047,0.00031218244,1
G011,G035,0.00031212342,1
G085,G042,0.0003120818,1
G008,G024,0.000312031,1
G094,G005,0.00031155054,1
G066,G041,0.0003112807,1
G047,G093,0.00031121098,1
G066,G050,0.00031095158,1
G076,G052,0.00031083502,1
G073,G078,0.00031037175,1
G047,G088,0.00031009584,1
G048,G016,0.00031002105,1
G032,G097,0.00030986252,1
G071,G004,0.0003098129,1
G008,G035,0.00030946298,1
G074,G040,0.00030944546,1
G100,G098,0.00030933603,1
G053,G044,0.0003090472,1
G053,G092,0.00030899342,1
G094,G034,0.00030862808,1
G094,G068,0.00030856964,1
G066,G057,0.00030852825,1
G059,G018,0.00030845913,1
G011,G034,0.00030839682,1
G091,G055,0.0003081746,1
G028,G092,0.00030748194,1
G032,G020,0.00030743543,1
G083,G042,0.00030728636,1
G075,G061,0.00030686587,1
G087,G096,0.00030643775,1
G047,G090,0.00030632538,1
G067,G085,0.00030626362,1
G050,G086,0.00030562034,1
G094,G037,0.00030546982,1
G028,G022,0.000305364,1
G087,G005,0.00030500212,1
G083,G010,0.00030495148,1
G059,G034,0.000304852,1
G085,G068,0.00030440962,1
G032,G063,0.0003043222,1
G005,G095,0.00030368916,1
G032,G001,0.0003036457,1
G081,G088,0.00030341992,1
G085,G036,0.0003030336,1
G091,G022,0.00030294864,1
G073,G043,0.00030286194,1
G075,G012,0.0003026636,1
G062,G084,0.0003024247,1
G066,G087,0.00030223976,1
G075,G051,0.00030090506,1
G070,G050,0.000300846,1
G091,G015,0.0003007232,1
G091,G084,0.00030019993,1
G066,G031,0.00030019795,1
G020,G043,0.0002999983,1
G081,G039,0.00029985222,1
G059,G007,0.00029919008,1
G011,G002,0.00029910178,1
G050,G071,0.0002990322,1
G011,G053,0.0002989678,1
G050,G055,0.00029820396,1
G032,G098,0.00029789458,1
G087,G030,0.00029785864,1
G073,G070,0.00029777113,1
G076,G016,0.00029718195,1
G043,G030,0.00029682444,1
G066,G079,0.0002964435,1
G087,G069,0.00029639082,1
G087,G037,0.00029630424,1
G094,G077,0.00029617798,1
G075,G016,0.00029545857,1
G059,G031,0.00029537387,1
G064,G043,0.00029526834,1
G032,G092,0.00029524716,1
G027,G081,0.00029480743,1
G081,G084,0.00029460117,1
G087,G026,0.00029404246,1
G040,G087,0.0002930405,1
G087,G089,0.000292624,1
G100,G005,0.00029228913,1
G083,G059,0.00029127326,1
G065,G018,0.00029114957,1
G087,G060,0.00029105926,1
G091,G027,0.0002906833,1
G075,G077,0.0002903656,1
G050,G017,0.00029011312,1
G067,G035,0.00029005675,1
G088,G029,0.00029000948,1
G025,G092,0.00028988437,1
G027,G004,0.0002897131,1
G047,G014,0.00028949298,1
G005,G031,0.00028890825,1
G011,G068,0.00028887013,1
G087,G054,0.00028829306,1
G058,G021,0.00028827996,1
G053,G089,0.00028813194,1
G075,G046,0.0002879667,1
G087,G031,0.0002879396,1
G087,G015,0.0002878423,1
G088,G052,0.0002877865,1
G032,G019,0.00028762434,1
G040,G093,0.00028745766,1
G075,G080,0.00028706432,1
G085,G095,0.00028696258,1
G011,G098,0.00028692622,1
G083,G095,0.00028667212,1
G053,G085,0.00028655308,1
G067,G001,0.0002864585,1
G066,G069,0.00028644616,1
G070,G098,0.00028594583,1
G059,G056,0.000285936,1
G011,G007,0.0002857874,1
G069,G085,0.00028576047,1
G091,G016,0.00028562572,1
G075,G069,0.00028542647,1
G075,G040,0.00028534865,1
G059,G077,0.00028532898,1
G011,G075,0.0002847276,1
G029,G097,0.00028444987,1
G081,G085,0.00028419239,1
G087,G011,0.00028403164,1
G047,G002,0.00028394215,1
G075,G052,0.00028384864,1
G078,G081,0.00028382786,1
G085,G034,0.00028363575,1
G011,G056,0.0002834961,1
G050,G063,0.0002832944,1
G083,G004,0.0002829822,1
G020,G016,0.0002827399,1
G005,G066,0.0002827132,1
G091,G030,0.0002824944,1
G020,G004,0.00028242255,1
G053,G015,0.0002822505,1
G011,G018,0.0002819418,1
G067,G096,0.0002817561,1
G005,G096,0.000281738,1
G088,G011,0.0002815015,1
G066,G072,0.00028137417,1
G094,G054,0.0002813359,1
G083,G024,0.0002811394,1
G047,G058,0.00028092533,1
G091,G061,0.00028084693,1
G070,G029,0.00028053354,1
G028,G099,0.0002803759,1
G085,G017,0.00027956566,1
G075,G063,0.00027949063,1
G075,G001,0.00027892995,1
G100,G024,0.00027844633,1
G011,G062,0.00027829883,1
G050,G088,0.00027772973,1
G087,G084,0.0002776979,1
G014,G083,0.0002773713,1
G066,G092,0.00027734195,1
G085,G009,0.00027733535,1
G070,G061,0.0002772026,1
G059,G002,0.00027708645,1
G045,G038,0.00027687504,1
G047,G030,0.0002767429,1
G028,G058,0.0002767035,1
G050,G095,0.00027658758,1
G048,G029,0.00027649675,1
G094,G047,0.00027565585,1
G085,G081,0.00027548466,1
G088,G027,0.00027533775,1
G066,G081,0.00027489374,1
G081,G096,0.00027486956,1
G075,G086,0.00027482482,1
G036,G016,0.0002746612,1
G069,G043,0.00027455363,1
G011,G038,0.0002744289,1
G047,G095,0.00027436615,1
G083,G027,0.00027423882,1
G025,G040,0.00027422703,1
G075,G024,0.00027399856,1
G100,G040,0.00027398125,1
G088,G015,0.0002739199,1
G028,G091,0.0002738602,1
G005,G017,0.0002738252,1
G087,G088,0.0002734255,1
G005,G034,0.00027335726,1
G083,G093,0.00027335546,1
G050,G068,0.00027332542,1
G070,G038,0.00027329294,1
G071,G078,0.00027312041,1
G056,G043,0.00027304597,1
G032,G061,0.00027242827,1
G066,G012,0.0002719244,1
G021,G044,0.0002712599,1
G059,G047,0.0002712473,1
G075,G030,0.00027117092,1
G087,G053,0.0002704697,1
G032,G057,0.00027016987,1
G070,G026,0.0002700434,1
G050,G060,0.00026985188,1
G047,G001,0.00026967627,1
G066,G055,0.0002694871,1
G059,G035,0.0002693426,1
G048,G041,0.00026890307,1
G066,G053,0.00026888575,1
G070,G086,0.0002687473,1
G075,G022,0.00026872582,1
G073,G011,0.0002686196,1
G035,G085,0.0002683712,1
G070,G071,0.00026828624,1
G067,G031,0.0002682561,1
G028,G067,0.00026781362,1
G091,G020,0.00026755067,1
G059,G095,0.0002674731,1
G066,G051,0.00026730637,1
G066,G086,0.00026723684,1
G029,G046,0.00026707054,1
G075,G026,0.0002668525,1
G094,G090,0.00026681914,1
G047,G087,0.00026635444,1
G025,G016,0.00026628983,1
G075,G072,0.00026628972,1
G083,G089,0.00026604306,1
G076,G007,0.00026582775,1
G059,G093,0.0002652992,1
G050,G007,0.0002650486,1
G032,G064,0.0002649556,1
G005,G090,0.00026482184,1
G066,G038,0.00026477085,1
G075,G036,0.00026476354,1
G033,G078,0.00026474879,1
G066,G075,0.0002645325,1
G088,G050,0.00026435868,1
G048,G012,0.00026422992,1
G047,G068,0.00026419054,1
G088,G071,0.00026411636,1
G075,G029,0.00026408813,1
G100,G071,0.00026391388,1
G053,G019,0.00026369156,1
G048,G094,0.00026338472,1
G059,G061,0.00026335756,1
G005,G015,0.00026334618,1
G043,G089,0.0002630042,1
G083,G033,0.0002624632,1
G058,G092,0.000262369,1
G091,G078,0.00026217673,1
G028,G077,0.0002617447,1
G087,G070,0.00026173567,1
G083,G057,0.00026145153,1
G029,G044,0.00026123956,1
G047,G072,0.00026104748,1
G050,G081,0.00026069398,1
G050,G066,0.0002603823,1
G066,G001,0.00026026976,1
G005,G052,0.00026008688,1
G073,G069,0.00026006246,1
G073,G039,0.00026003816,1
G083,G025,0.0002592943,1
G087,G055,0.00025909228,1
G075,G091,0.00025883625,1
G088,G095,0.00025866297,1
G034,G085,0.00025847947,1
G087,G068,0.00025807504,1
G059,G090,0.00025774294,1
G066,G078,0.0002576229,1
G062,G017,0.0002576049,1
G048,G019,0.00025750595,1
G021,G065,0.00025687908,1
G020,G069,0.00025674124,1
G059,G058,0.0002567132,1
G083,G019,0.00025665425,1
G066,G070,0.00025634377,1
G073,G024,0.0002562755,1
G032,G035,0.00025623236,1
G085,G067,0.0002561683,1
G091,G058,0.0002561377,1
G070,G052,0.00025562083,1
G048,G067,0.00025559397,1
G040,G009,0.00025524007,1
G087,G090,0.0002551479,1
G088,G053,0.00025494094,1
G091,G072,0.00025487726,1
G047,G098,0.00025477837,1
G005,G047,0.00025476134,1
G068,G083,0.00025471096,1
G050,G004,0.000254587,1
G040,G012,0.0002545491,1
G083,G081,0.00025445572,1
G028,G018,0.000254324,1
G081,G097,0.00025408206,1
G066,G040,0.00025369346,1
G088,G037,0.0002536843,1
G071,G046,0.0002536424,1
G028,G066,0.00025324072,1
G047,G079,0.00025319023,1
G067,G074,0.00025285454,1
G073,G088,0.00025273388,1
G075,G065,0.00025235096,1
G099,G037,0.00025222698,1
G020,G088,0.00025141487,1
G073,G059,0.00025139458,1
G011,G079,0.00025126353,1
G083,G011,0.00025122397,1
G033,G021,0.00025104143,1
G032,G034,0.00025080243,1
G029,G058,0.00025075366,1
G074,G038,0.00025047635,1
G094,G083,0.00025044533,1
G088,G077,0.00025029335,1
G087,G051,0.0002502717,1
G100,G011,0.00024977291,1
G020,G097,0.00024954844,1
G048,G040,0.0002491378,1
G029,G043,0.0002491317,1
G091,G021,0.00024899864,1
G027,G089,0.0002488321,1
G085,G054,0.000248761,1
G047,G009,0.00024834697,1
G011,G025,0.00024833245,1
G087,G035,0.00024829185,1
G066,G035,0.00024814976,1
G073,G056,0.0002480719,1
G059,G011,0.0002479623,1
G094,G015,0.00024754222,1
G070,G009,0.00024752706,1
G067,G089,0.00024746443,1
G073,G063,0.00024727557,1
G050,G065,0.0002472462,1
G043,G038,0.00024686076,1
G011,G088,0.00024669906,1
G008,G053,0.00024657472,1
G081,G009,0.0002460217,1
G011,G022,0.00024567606,1
G083,G088,0.0002456282,1
G001,G043,0.00024529107,1
G047,G073,0.0002452036,1
G052,G015,0.0002451518,1
G059,G074,0.0002448002,1
G040,G088,0.00024447733,1
G025,G033,0.00024446333,1
G059,G091,0.00024433387,1
G059,G068,0.0002442868,1
G040,G086,0.00024424947,1
G066,G027,0.00024422898,1
G040,G076,0.00024409045,1
G091,G093,0.00024407932,1
G008,G063,0.00024371917,1
G059,G046,0.00024371385,1
G088,G022,0.00024334244,1
G020,G058,0.00024317726,1
G073,G016,0.00024305037,1
G040,G038,0.00024296551,1
G047,G017,0.00024295576,1
G027,G057,0.00024279708,1
G005,G080,0.00024255573,1
G011,G058,0.00024249467,1
G095,G040,0.00024214554,1
G025,G085,0.00024179532,1
G025,G086,0.00024147649,1
G087,G050,0.00024138734,1
G047,G034,0.00024105377,1
G099,G025,0.0002409635,1
G040,G026,0.0002409264,1
G066,G071,0.00024089191,1
G100,G012,0.00024086681,1
G050,G024,0.00024049541,1
G050,G083,0.00023977114,1
G015,G032,0.00023974138,1
G085,G086,0.00023968917,1
G094,G004,0.00023965647,1
G081,G069,0.00023961219,1
G025,G083,0.0002395935,1
G050,G027,0.00023935614,1
G028,G042,0.00023929813,1
G020,G060,0.00023909274,1
G029,G066,0.0002389538,1
G088,G087,0.00023880867,1
G066,G010,0.00023880652,1
G069,G077,0.00023879246,1
G081,G004,0.00023875716,1
G064,G007,0.0002386932,1
G040,G092,0.00023866398,1
G076,G035,0.0002384937,1
G011,G055,0.00023847634,1
G028,G086,0.00023844223,1
G040,G002,0.00023837821,1
G068,G065,0.0002381934,1
G088,G051,0.00023807892,1
G047,G059,0.00023801625,1
G070,G059,0.00023768203,1
G075,G084,0.00023753275,1
G066,G043,0.00023750326,1
G011,G081,0.00023717947,1
G070,G087,0.00023699175,1
G050,G012,0.00023685739,1
G008,G098,0.00023679448,1
G094,G097,0.0002367758,1
G094,G066,0.0002367386,1
G100,G074,0.00023668942,1
G075,G018,0.00023668473,1
G085,G058,0.00023656395,1
G040,G062,0.00023638624,1
G089,G021,0.00023626146,1
G027,G066,0.0002359911,1
G027,G044,0.0002359583,1
G073,G025,0.00023572604,1
G088,G054,0.00023572089,1
G028,G044,0.00023567179,1
G074,G099,0.0002353449,1
G068,G098,0.00023507228,1
G087,G018,0.000234878,1
G011,G074,0.00023483076,1
G048,G078,0.00023470224,1
G066,G059,0.00023450101,1
G075,G089,0.00023430937,1
G008,G074,0.00023414864,1
G025,G055,0.00023388641,1
G081,G071,0.00023386232,1
G085,G059,0.00023367339,1
G001,G047,0.0002336588,1
G005,G093,0.00023365028,1
G001,G034,0.00023343103,1
G025,G093,0.00023320496,1
G069,G015,0.00023298348,1
G073,G098,0.0002329364,1
G075,G004,0.00023248346,1
G050,G002,0.00023197962,1
G066,G017,0.00023196361,1
G043,G086,0.00023191058,1
G047,G055,0.00023190911,1
G081,G093,0.00023155412,1
G011,G054,0.00023120754,1
G040,G015,0.00023118452,1
G091,G026,0.00023095249,1
G043,G095,0.00023092935,1
G005,G010,0.00023088288,1
G059,G083,0.00023065995,1
G059,G086,0.00023060663,1
G071,G099,0.00023060005,1
G083,G009,0.00023054732,1
G065,G067,0.00023034892,1
G088,G021,0.00023026446,1
G011,G027,0.00023018413,1
G058,G043,0.00023002239,1
G005,G074,0.00022991463,1
G085,G092,0.00022985581,1
G005,G035,0.00022909584,1
G070,G021,0.00022876711,1
G091,G044,0.00022875302,1
G066,G022,0.00022870669,1
G083,G077,0.0002282752,1
G069,G009,0.00022793812,1
G027,G052,0.00022782861,1
G083,G069,0.00022773333,1
G066,G083,0.00022760301,1
G070,G069,0.00022745917,1
G065,G023,0.00022742832,1
G021,G016,0.0002272188,1
G028,G097,0.00022701162,1
G020,G033,0.00022674703,1
G070,G012,0.00022638854,1
G092,G043,0.0002263561,1
G020,G035,0.00022597007,1
G094,G017,0.0002259317,1
G016,G100,0.0002255835,1
G081,G016,0.00022554526,1
G059,G087,0.00022541035,1
G083,G037,0.0002253693,1
G053,G095,0.00022536739,1
G075,G076,0.00022506484,1
G028,G093,0.00022465122,1
G005,G077,0.00022457064,1
G059,G033,0.00022441108,1
G011,G047,0.00022397649,1
G070,G053,0.00022355802,1
G070,G068,0.00022342852,1
G028,G094,0.0002233249,1
G050,G090,0.0002232822,1
G087,G056,0.0002228941,1
G059,G004,0.00022288896,1
G045,G039,0.00022280484,1
G028,G054,0.0002227757,1
G069,G057,0.00022266852,1
G100,G050,0.00022260305,1
G064,G034,0.00022240852,1
G083,G052,0.00022235884,1
G088,G019,0.00022231949,1
G100,G001,0.00022223426,1
G100,G034,0.0002222183,1
G020,G074,0.00022219184,1
G032,G052,0.00022207164,1
G043,G060,0.00022177803,1
G008,G050,0.00022166599,1
G091,G034,0.00022159617,1
G050,G010,0.00022144988,1
G094,G084,0.0002213649,1
G018,G097,0.0002213503,1
G029,G061,0.00022100167,1
G075,G044,0.00022082214,1
G085,G019,0.00022051045,1
G070,G027,0.00022050066,1
G091,G037,0.0002204303,1
G083,G030,0.00022038899,1
G076,G078,0.00022008161,1
G050,G022,0.0002199853,1
G011,G090,0.000219964,1
G065,G017,0.00021981446,1
G005,G065,0.00021978324,1
G073,G035,0.0002197764,1
G070,G035,0.00021976998,1
G073,G091,0.00021960697,1
G025,G078,0.00021953185,1
G058,G047,0.00021922805,1
G053,G077,0.00021904608,1
G091,G018,0.00021895506,1
G066,G033,0.0002188435,1
G094,G002,0.00021883953,1
G058,G096,0.0002187662,1
G066,G060,0.00021867035,1
G021,G078,0.00021865571,1
G047,G091,0.00021837521,1
G067,G061,0.00021835278,1
G094,G022,0.00021820885,1
G053,G086,0.00021807848,1
G028,G070,0.0002179821,1
G083,G096,0.00021796841,1
G050,G059,0.00021781927,1
G099,G078,0.00021778136,1
G092,G020,0.00021764383,1
G075,G066,0.00021751296,1
G043,G007,0.00021747871,1
G075,G085,0.00021741052,1
G028,G073,0.00021738047,1
G100,G053,0.00021731743,1
G073,G089,0.00021686334,1
G089,G062,0.0002167776,1
G043,G076,0.00021671913,1
G048,G061,0.00021595748,1
G040,G047,0.00021585642,1
G027,G095,0.0002157794,1
G040,G077,0.00021562052,1
G008,G030,0.00021526357,1
G067,G033,0.0002152628,1
G081,G031,0.0002152096,1
G047,G018,0.00021498518,1
G090,G037,0.00021449561,1
G069,G002,0.00021446696,1
G064,G047,0.00021444014,1
G074,G043,0.00021435025,1
G064,G018,0.0002142522,1
G068,G062,0.00021416243,1
G020,G086,0.00021414805,1
G028,G080,0.00021392167,1
G028,G048,0.00021361357,1
G029,G095,0.00021360944,1
G085,G026,0.00021359116,1
G100,G069,0.00021352796,1
G054,G043,0.00021332827,1
G020,G053,0.00021317956,1
G071,G040,0.00021302434,1
G029,G096,0.0002127919,1
G064,G012,0.0002127824,1
G091,G070,0.00021258499,1
G091,G098,0.00021253766,1
G062,G063,0.00021237206,1
G070,G066,0.0002123143,1
G011,G030,0.00021211224,1
G045,G024,0.00021211193,1
G040,G057,0.00021202806,1
G020,G093,0.0002118191,1
G025,G087,0.00021159304,1
G070,G081,0.00021158956,1
G033,G044,0.000211568,1
G058,G071,0.00021116267,1
G027,G015,0.00021066105,1
G070,G074,0.00021061035,1
G069,G058,0.00021057385,1
G040,G001,0.00021016385,1
G020,G018,0.00021005727,1
G081,G064,0.00020992217,1
G028,G075,0.00020961069,1
G099,G063,0.00020938193,1
G075,G087,0.00020936894,1
G062,G018,0.0002092738,1
G047,G021,0.00020913703,1
G070,G095,0.00020910036,1
G074,G062,0.00020902256,1
G069,G097,0.00020901793,1
G005,G001,0.00020892743,1
G039,G085,0.00020875497,1
G027,G037,0.00020867403,1
G053,G061,0.00020866362,1
G032,G021,0.00020824267,1
G005,G025,0.000208051,1
G093,G046,0.0002078832,1
G037,G016,0.00020785311,1
G075,G078,0.00020779297,1
G088,G076,0.0002076957,1
G083,G091,0.0002075402,1
G005,G083,0.00020745872,1
G032,G009,0.00020744017,1
G020,G059,0.00020715539,1
G025,G094,0.0002070555,1
G091,G062,0.00020698163,1
G060,G015,0.00020694562,1
G047,G025,0.00020694506,1
G027,G061,0.00020679933,1
G081,G046,0.00020676857,1
G028,G026,0.00020641541,1
G025,G096,0.00020630742,1
G025,G069,0.00020627487,1
G085,G041,0.00020616372,1
G050,G070,0.00020608073,1
G095,G015,0.00020607574,1
G088,G016,0.00020582999,1
G041,G076,0.00020573108,1
G081,G015,0.00020573036,1
G100,G009,0.00020570643,1
G059,G039,0.00020538847,1
G081,G035,0.00020531236,1
G066,G068,0.00020530132,1
G036,G094,0.0002051651,1
G041,G044,0.00020450703,1
G053,G031,0.00020449626,1
G088,G068,0.00020403016,1
G044,G016,0.00020400247,1
G075,G011,0.0002039774,1
G073,G012,0.00020374195,1
G067,G030,0.00020370164,1
G020,G050,0.00020369801,1
G058,G085,0.00020336121,1
G025,G050,0.00020287691,1
G069,G004,0.00020286198,1
G075,G020,0.00020264699,1
G043,G078,0.00020259338,1
G075,G098,0.00020258242,1
G074,G044,0.00020254926,1
G066,G026,0.00020234652,1
G091,G088,0.0002022566,1
G085,G089,0.0002019416,1
G025,G009,0.00020190123,1
G011,G087,0.00020158058,1
G088,G059,0.00020129101,1
G043,G079,0.00020126144,1
G091,G065,0.00020117736,1
G085,G004,0.00020113534,1
G041,G037,0.00020090844,1
G045,G009,0.0002007214,1
G025,G065,0.00020051161,1
G070,G004,0.00020045845,1
G099,G064,0.00020043703,1
G075,G083,0.0002001132,1
G058,G053,0.00020009755,1
G088,G065,0.00019994516,1
G053,G026,0.00019985418,1
G083,G097,0.00019980126,1
G020,G091,0.0001997299,1
G095,G098,0.00019910496,1
G022,G008,0.0001990449,1
G028,G030,0.00019899437,1
G091,G063,0.0001987878,1
G047,G010,0.00019876873,1
G047,G065,0.00019843303,1
G041,G015,0.00019822188,1
G093,G015,0.00019810916,1
G053,G083,0.00019786005,1
G043,G081,0.00019780644,1
G001,G084,0.00019774598,1
G072,G022,0.00019771459,1
G029,G074,0.0001976867,1
G088,G075,0.00019762767,1
G020,G011,0.0001975416,1
G070,G058,0.00019745759,1
G050,G005,0.0001973712,1
G050,G067,0.00019727385,1
G005,G018,0.00019726,1
G081,G007,0.0001972415,1
G073,G040,0.00019691388,1
G089,G072,0.00019668024,1
G094,G092,0.00019657961,1
G050,G033,0.00019655428,1
G020,G056,0.00019654246,1
G020,G040,0.00019637829,1
G040,G091,0.00019625874,1
G012,G033,0.00019609206,1
G053,G096,0.00019589422,1
G066,G014,0.0001956991,1
G011,G071,0.00019569766,1
G074,G078,0.00019568848,1
G011,G072,0.00019517391,1
G068,G074,0.00019514887,1
G075,G010,0.00019513589,1
G069,G034,0.00019476339,1
G029,G055,0.0001947553,1
G090,G081,0.00019469633,1
G029,G040,0.00019453402,1
G087,G014,0.00019443026,1
G029,G026,0.00019425202,1
G099,G024,0.00019422096,1
G020,G064,0.00019417392,1
G059,G066,0.00019412718,1
G016,G032,0.00019407307,1
G068,G009,0.00019403544,1
G065,G044,0.00019392742,1
G094,G069,0.00019386272,1
G033,G052,0.00019385817,1
G075,G090,0.00019373694,1
G081,G100,0.00019373556,1
G008,G011,0.00019371836,1
G025,G063,0.00019356671,1
G047,G083,0.00019351242,1
G020,G075,0.00019335185,1
G059,G029,0.0001932211,1
G047,G096,0.00019318431,1
G094,G087,0.00019316698,1
G058,G039,0.00019311155,1
G021,G099,0.0001930922,1
G071,G064,0.00019283305,1
G088,G058,0.00019275006,1
G088,G062,0.00019271248,1
G053,G098,0.00019262434,1
G011,G059,0.00019246942,1
G067,G069,0.00019237005,1
G066,G076,0.00019213217,1
G066,G074,0.00019196093,1
G050,G018,0.00019190766,1
G020,G051,0.00019154791,1
G029,G004,0.0001915059,1
G083,G061,0.0001914109,1
G027,G020,0.00019137692,1
G069,G010,0.000191326,1
G070,G054,0.00019132122,1
G025,G018,0.00019127407,1
G029,G024,0.00019117624,1
G048,G023,0.0001911235,1
G040,G068,0.00019087111,1
G088,G026,0.00019070285,1
G020,G022,0.00019050873,1
G028,G068,0.00019049835,1
G068,G096,0.00019011731,1
G029,G025,0.00019003765,1
G075,G054,0.00019003212,1
G011,G001,0.00018996498,1
G088,G069,0.00018940531,1
G088,G031,0.00018931724,1
G069,G050,0.00018931029,1
G005,G092,0.00018927669,1
G001,G096,0.00018922942,1
G028,G074,0.00018922875,1
G087,G029,0.00018915234,1
G076,G044,0.00018904828,1
G081,G020,0.00018876564,1
G020,G063,0.0001885481,1
G070,G077,0.00018852869,1
G099,G097,0.00018844623,1
G081,G001,0.00018827975,1
G083,G090,0.00018826759,1
G094,G027,0.00018816284,1
G047,G084,0.00018804806,1
G040,G061,0.00018789817,1
G020,G054,0.0001872334,1
G081,G094,0.00018722794,1
G029,G093,0.00018698804,1
G011,G004,0.00018674377,1
G040,G056,0.00018646388,1
G059,G043,0.00018603161,1
G066,G020,0.00018575236,1
G094,G039,0.00018574313,1
G020,G046,0.00018551153,1
G047,G076,0.00018548073,1
G091,G096,0.00018541416,1
G091,G040,0.00018516288,1
G053,G046,0.00018514637,1
G100,G025,0.00018511352,1
G008,G042,0.00018510607,1
G072,G080,0.00018477022,1
G021,G061,0.00018472169,1
G059,G025,0.00018467274,1
G029,G014,0.00018465646,1
G025,G046,0.00018453857,1
G025,G098,0.00018412789,1
G081,G057,0.00018397333,1
G005,G076,0.00018386442,1
G067,G051,0.00018377305,1
G066,G089,0.00018376551,1
G040,G051,0.00018369978,1
G020,G090,0.0001835274,1
G087,G066,0.00018285107,1
G087,G040,0.00018259026,1
G029,G081,0.00018258707,1
G081,G012,0.00018237268,1
G015,G082,0.00018225514,1
G027,G062,0.00018217442,1
G089,G055,0.00018210088,1
G068,G071,0.0001820535,1
G100,G061,0.00018205021,1
G001,G051,0.00018156061,1
G045,G056,0.00018148676,1
G064,G039,0.00018142216,1
G040,G017,0.00018141509,1
G040,G070,0.00018121033,1
G066,G002,0.00018102002,1
G025,G068,0.00018096028,1
G069,G012,0.00018089921,1
G050,G091,0.0001806539,1
G073,G067,0.00018060466,1
G011,G052,0.00018054066,1
G029,G087,0.00018042806,1
G081,G061,0.0001803332,1
G028,G047,0.00018018803,1
G025,G081,0.00018007877,1
G027,G099,0.00018002407,1
G087,G002,0.0001799986,1
G100,G081,0.0001798882,1
G011,G091,0.00017973257,1
G099,G054,0.000179558,1
G066,G018,0.00017939339,1
G047,G015,0.00017933674,1
G059,G014,0.00017892869,1
G081,G019,0.00017884719,1
G043,G068,0.00017858026,1
G074,G015,0.0001785791,1
G011,G095,0.00017843349,1
G067,G078,0.00017836425,1
G081,G037,0.00017824823,1
G020,G098,0.00017807735,1
G027,G092,0.00017802505,1
G005,G072,0.00017791447,1
G088,G039,0.00017782183,1
G028,G020,0.0001777893,1
G020,G031,0.00017749435,1
G091,G009,0.00017740627,1
G043,G096,0.00017718147,1
G025,G088,0.00017713312,1
G083,G036,0.00017705964,1
G047,G052,0.00017696871,1
G050,G021,0.00017695676,1
G005,G011,0.0001768478,1
G067,G060,0.0001767271,1
G090,G009,0.00017652697,1
G083,G075,0.00017645428,1
G028,G089,0.00017602932,1
G071,G073,0.00017600982,1
G058,G016,0.00017597347,1
G059,G084,0.00017571756,1
G067,G024,0.00017553652,1
G075,G025,0.00017550527,1
G085,G077,0.00017547296,1
G028,G057,0.00017529997,1
G072,G015,0.00017529569,1
G029,G034,0.00017522328,1
G093,G043,0.00017520321,1
G016,G043,0.00017519452,1
G050,G099,0.00017516593,1
G094,G043,0.00017515893,1
G041,G074,0.00017515713,1
G030,G014,0.00017508773,1
G027,G012,0.00017493314,1
G091,G056,0.00017488757,1
G029,G002,0.00017477841,1
G025,G090,0.00017473777,1
G094,G081,0.0001747374,1
G062,G098,0.00017471208,1
G087,G022,0.00017462399,1
G091,G087,0.0001745082,1
G058,G100,0.00017450556,1
G040,G058,0.00017446405,1
G027,G090,0.00017414673,1
G082,G045,0.00017384034,1
G075,G064,0.00017381037,1
G050,G042,0.00017372888,1
G067,G091,0.00017360522,1
G025,G053,0.00017338213,1
G083,G074,0.00017333718,1
G095,G024,0.00017316839,1
G001,G037,0.0001731631,1
G094,G041,0.00017313936,1
G094,G075,0.000172981,1
G027,G075,0.00017294238,1
G028,G090,0.00017293319,1
G045,G002,0.00017285686,1
G043,G040,0.0001728385,1
G045,G065,0.00017248651,1
G070,G022,0.00017244778,1
G075,G050,0.00017223155,1
G043,G021,0.00017206502,1
G021,G087,0.00017188353,1
G005,G044,0.00017157462,1
G076,G041,0.0001715194,1
G081,G065,0.0001714502,1
G066,G024,0.00017128405,1
G025,G056,0.0001712834,1
G040,G016,0.00017114606,1
G045,G096,0.000171101,1
G020,G083,0.00017109963,1
G027,G080,0.00017062365,1
G028,G034,0.0001703471,1
G008,G097,0.00017029786,1
G045,G033,0.00017025293,1
G070,G025,0.00017016406,1
G028,G069,0.00017014044,1
G021,G037,0.0001700949,1
G043,G047,0.00016996729,1
G008,G040,0.00016985377,1
G064,G053,0.00016966772,1
G068,G084,0.00016961202,1
G081,G068,0.00016960395,1
G053,G038,0.00016922835,1
G028,G055,0.00016893554,1
G088,G061,0.00016874533,1
G053,G039,0.00016874091,1
G091,G052,0.00016856343,1
G025,G017,0.00016848107,1
G029,G059,0.0001678848,1
G088,G012,0.00016762114,1
G095,G081,0.00016726526,1
G066,G096,0.0001672562,1
G094,G020,0.00016703794,1
G067,G016,0.00016702677,1
G008,G036,0.00016687588,1
G100,G029,0.0001668141,1
G076,G009,0.00016657176,1
G092,G085,0.00016643552,1
G058,G026,0.00016625131,1
G095,G051,0.00016615573,1
G027,G060,0.00016607993,1
G076,G063,0.00016602203,1
G091,G095,0.00016600773,1
G025,G044,0.0001657984,1
G099,G015,0.00016575195,1
G029,G078,0.00016542341,1
G058,G038,0.00016536674,1
G021,G077,0.00016524446,1
G073,G093,0.00016511556,1
G059,G006,0.00016496071,1
G025,G038,0.00016492869,1
G039,G015,0.00016475128,1
G074,G051,0.00016446736,1
G011,G051,0.00016433961,1
G041,G096,0.00016414157,1
G040,G078,0.0001637924,1
G025,G047,0.00016368585,1
G056,G015,0.00016361718,1
G020,G029,0.00016344854,1
G021,G039,0.00016328174,1
G058,G015,0.00016318887,1
G066,G091,0.00016293109,1
G083,G050,0.00016291281,1
G091,G002,0.00016279874,1
G008,G068,0.00016279495,1
G043,G031,0.00016272887,1
G028,G081,0.00016252493,1
G001,G015,0.00016249754,1
G043,G055,0.00016247247,1
G070,G005,0.00016242423,1
G040,G022,0.00016230796,1
G060,G043,0.00016220387,1
G070,G015,0.00016220301,1
G029,G022,0.00016210445,1
G005,G056,0.00016180228,1
G043,G066,0.0001616393,1
G028,G063,0.00016161507,1
G071,G061,0.00016122921,1
G091,G077,0.00016121683,1
G093,G079,0.00016099915,1
G008,G026,0.00016096466,1
G043,G022,0.0001608896,1
G074,G016,0.000160766,1
G028,G035,0.00016048804,1
G048,G088,0.00016041737,1
G040,G090,0.00016038887,1
G094,G093,0.00015998102,1
G047,G019,0.0001599801,1
G053,G009,0.00015975704,1
G020,G066,0.00015950632,1
G064,G049,0.00015941056,1
G011,G083,0.0001593814,1
G005,G019,0.00015936897,1
G058,G078,0.0001592443,1
G005,G097,0.0001591636,1
G028,G088,0.0001591492,1
G081,G055,0.0001590377,1
G087,G075,0.00015900485,1
G095,G074,0.00015885982,1
G073,G006,0.00015880792,1
G027,G098,0.00015878917,1
G025,G031,0.00015869291,1
G089,G052,0.00015852746,1
G047,G053,0.00015847945,1
G081,G077,0.00015842513,1
G068,G063,0.00015841269,1
G088,G089,0.00015821523,1
G073,G046,0.00015806138,1
G073,G034,0.00015801853,1
G087,G058,0.00015792318,1
G069,G030,0.0001579001,1
G043,G033,0.00015780795,1
G075,G100,0.00015770936,1
G090,G012,0.00015765516,1
G040,G029,0.00015764382,1
G073,G095,0.00015762613,1
G064,G024,0.00015742179,1
G093,G024,0.00015726149,1
G005,G051,0.00015711598,1
G058,G061,0.00015697698,1
G053,G084,0.0001569272,1
G027,G009,0.00015691666,1
G043,G012,0.00015677059,1
G090,G099,0.00015671458,1
G025,G070,0.00015664981,1
G081,G079,0.00015661087,1
G068,G020,0.0001565222,1
G020,G089,0.00015651912,1
G081,G087,0.00015634058,1
G032,G012,0.00015605877,1
G029,G007,0.00015596872,1
G091,G086,0.00015590432,1
G093,G060,0.00015559848,1
G047,G054,0.00015554542,1
G011,G069,0.000155495,1
G025,G097,0.00015544462,1
G004,G092,0.00015538577,1
G028,G017,0.00015501869,1
G021,G056,0.00015500936,1
G039,G020,0.00015491011,1
G020,G076,0.00015487208,1
G096,G021,0.00015485793,1
G067,G057,0.00015484182,1
G070,G037,0.00015473097,1
G094,G058,0.0001545192,1
G074,G085,0.00015450217,1
G047,G031,0.0001544729,1
G069,G070,0.0001544133,1
G025,G012,0.00015426773,1
G085,G047,0.0001542251,1
G090,G015,0.00015416561,1
G027,G054,0.00015412146,1
G087,G099,0.00015411347,1
G090,G018,0.0001540565,1
G073,G083,0.0001540464,1
G040,G004,0.00015398087,1
G016,G039,0.0001537945,1
G068,G038,0.00015366403,1
G022,G063,0.00015356427,1
G053,G059,0.00015354948,1
G085,G057,0.00015350923,1
G083,G040,0.00015349135,1
G036,G048,0.00015339354,1
G054,G038,0.00015336127,1
G024,G097,0.00015321944,1
G090,G017,0.00015295998,1
G067,G075,0.00015269328,1
G066,G095,0.00015261248,1
G029,G068,0.00015221663,1
G062,G015,0.0001521643,1
G021,G057,0.00015204116,1
G066,G047,0.00015179752,1
G005,G058,0.00015167381,1
G069,G074,0.0001516225,1
G053,G069,0.00015161317,1
G073,G014,0.00015151587,1
G050,G069,0.00015115028,1
G001,G093,0.00015111598,1
G017,G085,0.00015108338,1
G081,G063,0.00015103586,1
G040,G030,0.00015101155,1
G037,G044,0.0001510003,1
G029,G072,0.00015092234,1
G043,G035,0.00015088575,1
G089,G066,0.00015079383,1
G074,G065,0.000150563,1
G088,G074,0.00015052987,1
G093,G098,0.00015049278,1
G025,G091,0.00015040481,1
G089,G096,0.00015035755,1
G083,G086,0.00015027059,1
G025,G072,0.00015002968,1
G065,G007,0.00014993273,1
G064,G085,0.0001499077,1
G021,G043,0.00014987939,1
G073,G027,0.00014978056,1
G043,G059,0.00014948937,1
G071,G062,0.00014947359,1
G091,G004,0.00014947086,1
G083,G070,0.00014915736,1
G100,G030,0.00014904812,1
G043,G026,0.00014892952,1
G001,G012,0.00014867478,1
G064,G021,0.00014854403,1
G043,G080,0.00014839125,1
G008,G086,0.00014830192,1
G027,G051,0.00014813249,1
G028,G061,0.00014804643,1
G027,G091,0.00014803669,1
G089,G012,0.00014792845,1
G059,G069,0.00014768253,1
G028,G084,0.00014757247,1
G001,G089,0.00014750601,1
G040,G037,0.00014747187,1
G043,G070,0.00014743432,1
G085,G097,0.00014688646,1
G066,G046,0.00014682209,1
G026,G019,0.00014627125,1
G045,G093,0.00014604931,1
G088,G060,0.00014602141,1
G060,G097,0.00014600894,1
G043,G061,0.00014591133,1
G029,G050,0.00014589055,1
G094,G040,0.00014584498,1
G100,G047,0.00014563081,1
G025,G007,0.00014549536,1
G065,G071,0.00014547192,1
G040,G064,0.00014543628,1
G090,G078,0.00014533868,1
G075,G056,0.00014522202,1
G072,G002,0.00014511458,1
G004,G085,0.00014486196,1
G053,G068,0.00014464256,1
G071,G010,0.00014457537,1
G066,G007,0.00014452905,1
G021,G058,0.00014450955,1
G048,G075,0.00014445992,1
G058,G098,0.00014445873,1
G091,G010,0.00014419491,1
G018,G009,0.00014401329,1
G028,G051,0.00014375187,1
G025,G076,0.00014370402,1
G028,G023,0.00014333389,1
G081,G086,0.00014329675,1
G053,G090,0.00014328351,1
G021,G046,0.00014309178,1
G039,G038,0.00014285691,1
G027,G007,0.00014262991,1
G064,G093,0.00014251,1
G053,G081,0.00014247598,1
G086,G044,0.00014240421,1
G018,G043,0.00014233227,1
G091,G081,0.0001421621,1
G071,G038,0.00014199203,1
G074,G041,0.00014198865,1
G073,G054,0.00014193438,1
G071,G017,0.00014186722,1
G040,G060,0.00014186067,1
G028,G059,0.00014172461,1
G100,G095,0.00014159303,1
G008,G095,0.00014155358,1
G058,G041,0.00014138049,1
G028,G098,0.00014130273,1
G008,G069,0.0001412357,1
G090,G019,0.00014118753,1
G068,G026,0.00014095196,1
G070,G051,0.00014080114,1
G088,G093,0.00014061162,1
G068,G016,0.00014055741,1
G037,G007,0.00014049836,1
G033,G018,0.00014048541,1
G093,G097,0.00014043586,1
G039,G021,0.00014024045,1
G064,G098,0.0001402086,1
G071,G043,0.00014019804,1
G066,G098,0.00013991073,1
G089,G060,0.00013989965,1
G081,G047,0.0001396033,1
G075,G088,0.00013936222,1
G059,G001,0.00013925313,1
G027,G078,0.00013913929,1
G073,G017,0.00013889736,1
G088,G096,0.00013875021,1
G059,G052,0.00013873458,1
G029,G077,0.0001384764,1
G087,G067,0.00013846927,1
G089,G071,0.00013841003,1
G094,G059,0.00013839349,1
G066,G029,0.00013837952,1
G042,G046,0.00013812436,1
G029,G062,0.00013791832,1
G020,G009,0.00013784521,1
G070,G039,0.00013756576,1
G093,G034,0.00013742647,1
G085,G055,0.00013724937,1
G089,G063,0.0001369763,1
G032,G041,0.00013687751,1
G062,G007,0.00013686917,1
G081,G010,0.00013655875,1
G020,G073,0.00013654104,1
G059,G096,0.00013647147,1
G005,G084,0.00013645607,1
G058,G017,0.00013628832,1
G041,G018,0.00013624952,1
G064,G015,0.00013604834,1
G081,G043,0.00013596013,1
G058,G046,0.00013579092,1
G047,G062,0.00013562886,1
G091,G047,0.00013561729,1
G071,G042,0.0001355241,1
G056,G016,0.00013540633,1
G048,G050,0.00013533811,1
G030,G034,0.00013519723,1
G043,G002,0.00013514276,1
G073,G086,0.0001350632,1
G058,G070,0.00013499906,1
G071,G063,0.0001348612,1
G043,G090,0.00013485606,1
G058,G033,0.0001347417,1
G074,G009,0.00013468708,1
G011,G076,0.00013462066,1
G029,G092,0.00013435437,1
G087,G064,0.00013431348,1
G053,G078,0.0001343118,1
G008,G034,0.00013425757,1
G008,G061,0.00013418793,1
G087,G081,0.00013418449,1
G083,G008,0.00013411716,1
G043,G084,0.0001340768,1
G068,G024,0.00013407614,1
G089,G033,0.00013407544,1
G090,G096,0.00013399876,1
G048,G089,0.0001339858,1
G094,G036,0.0001337963,1
G029,G091,0.00013375131,1
G028,G027,0.00013370313,1
G081,G083,0.00013368177,1
G037,G078,0.000133611,1
G087,G017,0.00013359546,1
G075,G014,0.0001335755,1
G064,G055,0.00013347615,1
G064,G056,0.00013325494,1
G078,G100,0.0001331631,1
G045,G057,0.00013304538,1
G064,G071,0.00013300795,1
G040,G021,0.00013297623,1
G030,G043,0.00013282611,1
G069,G065,0.00013265635,1
G089,G068,0.00013251383,1
G016,G017,0.00013249154,1
G043,G015,0.00013230255,1
G048,G025,0.00013211569,1
G018,G001,0.00013207349,1
G001,G063,0.0001320017,1
G001,G029,0.00013197568,1
G021,G062,0.00013191422,1
G059,G051,0.00013190224,1
G001,G099,0.00013185668,1
G059,G009,0.0001317377,1
G040,G080,0.00013155038,1
G059,G055,0.00013153802,1
G030,G035,0.000131467,1
G047,G035,0.00013146173,1
G025,G039,0.00013135743,1
G091,G038,0.00013128444,1
G069,G037,0.00013103048,1
G067,G086,0.00013088013,1
G062,G085,0.0001308463,1
G040,G035,0.00013083639,1
G090,G047,0.00013063116,1
G040,G096,0.00013063113,1
G076,G020,0.00013056757,1
G014,G048,0.00013039734,1
G005,G067,0.0001300981,1
G053,G016,0.00013003526,1
G071,G057,0.00012988607,1
G038,G094,0.00012969165,1
G073,G026,0.00012966486,1
G091,G024,0.00012966058,1
G075,G059,0.0001296455,1
G064,G014,0.0001292934,1
G011,G044,0.00012913127,1
G058,G007,0.00012912555,1
G093,G099,0.00012868864,1
G025,G067,0.0001286834,1
G027,G071,0.00012855881,1
G045,G035,0.00012855642,1
G072,G098,0.0001284963,1
G045,G097,0.00012832727,1
G047,G006,0.00012827439,1
G072,G065,0.0001281317,1
G053,G004,0.00012806982,1
G075,G055,0.0001279446,1
G039,G044,0.00012791225,1
G058,G009,0.00012771241,1
G091,G051,0.00012748591,1
G100,G036,0.00012723857,1
G016,G041,0.00012723851,1
G056,G047,0.00012719056,1
G064,G029,0.00012718684,1
G076,G021,0.00012704295,1
G039,G097,0.00012692536,1
G043,G074,0.00012692246,1
G081,G059,0.0001268733,1
G018,G069,0.00012660272,1
G089,G030,0.00012637576,1
G070,G056,0.00012637328,1
G055,G015,0.0001263245,1
G037,G018,0.0001262018,1
G068,G001,0.00012617966,1
G064,G010,0.0001260545,1
G099,G043,0.00012565192,1
G069,G089,0.00012556379,1
G068,G054,0.00012545264,1
G043,G027,0.00012544096,1
G020,G065,0.00012542869,1
G053,G088,0.00012530426,1
G060,G075,0.00012521067,1
G100,G068,0.00012503195,1
G064,G087,0.00012502923,1
G041,G022,0.00012490491,1
G099,G044,0.0001246847,1
G066,G005,0.00012466822,1
G043,G057,0.00012465386,1
G085,G027,0.00012452976,1
G048,G095,0.00012451605,1
G015,G017,0.00012417215,1
G068,G017,0.00012413163,1
G027,G088,0.00012404955,1
G027,G016,0.00012389781,1
G022,G017,0.00012388731,1
G070,G001,0.00012387475,1
G091,G031,0.00012380374,1
G038,G100,0.00012369208,1
G100,G066,0.00012362191,1
G020,G030,0.00012353761,1
G043,G062,0.000123453,1
G027,G083,0.00012336762,1
G011,G046,0.00012321444,1
G099,G031,0.00012302854,1
G069,G060,0.00012276633,1
G099,G088,0.00012259973,1
G053,G034,0.0001222292,1
G099,G083,0.00012203436,1
G037,G071,0.00012201619,1
G070,G034,0.000121947676,1
G067,G040,0.00012186804,1
G100,G089,0.00012182501,1
G040,G053,0.00012176335,1
G094,G046,0.00012163359,1
G008,G077,0.00012154501,1
G072,G084,0.000121522025,1
G083,G031,0.00012150869,1
G011,G080,0.000120786055,1
G075,G033,0.00012074075,1
G072,G050,0.00012040228,1
G050,G025,0.00012031908,1
G074,G084,0.000120298006,1
G053,G012,0.00012027049,1
G081,G041,0.00012017851,1
G064,G076,0.00012010216,1
G020,G025,0.00012003889,1
G053,G080,0.00011992745,1
G001,G075,0.00011984327,1
G020,G027,0.00011984079,1
G059,G016,0.00011982768,1
G040,G007,0.000119811826,1
G008,G001,0.00011975407,1
G040,G084,0.00011969748,1
G029,G030,0.00011948832,1
G071,G060,0.00011937083,1
G088,G002,0.000119281816,1
G091,G069,0.00011922674,1
G070,G017,0.000119077195,1
G099,G038,0.00011904099,1
G092,G017,0.00011884405,1
G037,G035,0.00011883734,1
G020,G002,0.0001187957,1
G099,G011,0.000118791424,1
G040,G094,0.000118760945,1
G021,G084,0.00011864656,1
G035,G092,0.00011856057,1
G099,G019,0.00011834487,1
G029,G086,0.000118318654,1
G025,G004,0.00011825743,1
G074,G019,0.00011815829,1
G064,G052,0.00011813174,1
G056,G091,0.0001180327,1
G043,G093,0.00011794178,1
G043,G065,0.00011770383,1
G025,G027,0.000117646785,1
G071,G080,0.000117609874,1
G005,G002,0.00011742527,1
G081,G070,0.00011739448,1
G008,G002,0.00011737022,1
G043,G049,0.00011733368,1
G025,G002,0.00011733308,1
G018,G088,0.00011732669,1
G048,G046,0.00011723031,1
G066,G093,0.00011702836,1
G053,G060,0.000117022384,1
G095,G004,0.00011695105,1
G020,G072,0.00011687806,1
G099,G007,0.00011683007,1
G081,G090,0.000116764306,1
G001,G030,0.00011646886,1
G064,G088,0.000116314535,1
G087,G033,0.00011626111,1
G074,G063,0.000116236486,1
G081,G024,0.00011621758,1
G025,G015,0.00011599467,1
G072,G051,0.00011590334,1
G099,G018,0.00011585747,1
G083,G041,0.00011584871,1
G070,G088,0.000115736846,1
G020,G068,0.000115582036,1
G083,G044,0.00011556707,1
G008,G079,0.0001153991,1
G068,G077,0.00011535528,1
G027,G068,0.00011534875,1
G089,G007,0.00011527876,1
G090,G021,0.000115244424,1
G095,G092,0.00011509441,1
G093,G087,0.00011497348,1
G070,G097,0.00011492732,1
G053,G057,0.00011472582,1
G040,G018,0.000114702605,1
G028,G019,0.00011463014,1
G100,G017,0.00011462211,1
G087,G083,0.000114610375,1
G033,G063,0.00011456087,1
G067,G066,0.00011445946,1
G027,G084,0.00011418201,1
G095,G057,0.00011403495,1
G001,G031,0.00011399773,1
G070,G089,0.00011393289,1
G089,G040,0.000113882656,1
G089,G084,0.00011387014,1
G078,G008,0.00011385251,1
G040,G089,0.00011384259,1
G093,G078,0.000113756105,1
G070,G060,0.000113607864,1
G088,G055,0.00011346553,1
G043,G088,0.000113458525,1
G069,G027,0.00011324365,1
G075,G093,0.000113198505,1
G068,G015,0.00011313587,1
G058,G064,0.00011311756,1
G073,G068,0.00011300465,1
G025,G095,0.00011294966,1
G001,G065,0.00011292923,1
G025,G051,0.00011271453,1
G048,G011,0.00011260903,1
G070,G064,0.000112534355,1
G064,G077,0.0001124791,1
G065,G084,0.00011240626,1
G095,G009,0.000112208116,1
G022,G084,0.00011217878,1
G029,G039,0.00011215457,1
G043,G029,0.00011211707,1
G027,G055,0.00011206471,1
G081,G074,0.0001119664,1
G053,G014,0.00011177282,1
G095,G021,0.00011149276,1
G041,G033,0.0001113768,1
G067,G050,0.000111363566,1
G012,G043,0.00011122081,1
G025,G071,0.000111175534,1
G062,G034,0.00011115128,1
G048,G017,0.0001111485,1
G071,G026,0.00011114485,1
G028,G046,0.00011113453,1
G064,G059,0.00011101484,1
G045,G066,0.00011100894,1
G058,G051,0.00011086814,1
G001,G052,0.000110828856,1
G020,G007,0.00011060741,1
G090,G039,0.00011057778,1
G088,G040,0.00011045886,1
G047,G071,0.000110415116,1
G008,G047,0.00011035203,1
G008,G081,0.00011027517,1
G074,G052,0.00011019741,1
G069,G084,0.00011002028,1
G081,G017,0.0001099716,1
G045,G062,0.000109961074,1
G048,G026,0.000109887056,1
G085,G046,0.00010981423,1
G040,G081,0.000109805114,1
G067,G063,0.00010976944,1
G043,G018,0.00010965912,1
G067,G041,0.000109302855,1
G083,G001,0.00010927859,1
G040,G072,0.00010924239,1
G071,G098,0.00010920654,1
G026,G080,0.00010918017,1
G090,G061,0.000109166096,1
G066,G073,0.0001090714,1
G020,G071,0.00010901978,1
G060,G083,0.00010901273,1
G081,G005,0.00010890847,1
G048,G073,0.00010883139,1
G068,G092,0.000108812426,1
G040,G083,0.00010862878,1
G089,G031,0.0001085465,1
G090,G098,0.00010851911,1
G023,G064,0.00010846686,1
G064,G080,0.00010829019,1
G020,G055,0.000108215005,1
G016,G082,0.000108176806,1
G022,G007,0.00010803318,1
G089,G095,0.0001080136,1
G069,G096,0.00010795662,1
G069,G001,0.000107808926,1
G073,G061,0.00010774523,1
G082,G039,0.00010769339,1
G010,G049,0.000107665444,1
G010,G044,0.000107624764,1
G048,G053,0.00010756601,1
G029,G075,0.00010739817,1
G036,G067,0.000107236,1
G089,G015,0.000107224725,1
G090,G043,0.00010718564,1
G029,G019,0.00010717011,1
G048,G007,0.00010710394,1
G073,G009,0.00010687211,1
G020,G062,0.000106861786,1
G081,G042,0.00010675827,1
G093,G001,0.000106564636,1
G032,G044,0.00010654592,1
G024,G021,0.000106449224,1
G076,G019,0.000106409316,1
G045,G084,0.000106264146,1
G086,G021,0.00010621227,1
G069,G019,0.000106203566,1
G088,G035,0.000106119965,1
G045,G043,0.00010605578,1
G037,G063,0.000105996325,1
G085,G079,0.00010583676,1
G069,G072,0.000105796884,1
G008,G022,0.00010575187,1
G029,G098,0.00010572567,1
G021,G055,0.000105647836,1
G068,G097,0.00010557619,1
G070,G043,0.00010551543,1
G011,G070,0.00010545395,1
G054,G015,0.00010538949,1
G073,G075,0.0001053705,1
G028,G056,0.00010527428,1
G053,G043,0.00010523691,1
G028,G040,0.000105143,1
G047,G043,0.00010510931,1
G090,G024,0.00010501131,1
G025,G054,0.0001049912,1
G041,G064,0.00010487365,1
G048,G083,0.00010483338,1
G091,G053,0.00010469469,1
G083,G051,0.00010445414,1
G090,G069,0.00010428467,1
G088,G041,0.000104079845,1
G003,G067,0.00010392616,1
G099,G098,0.00010376858,1
G039,G022,0.000103737126,1
G018,G041,0.00010361914,1
G034,G043,0.00010361761,1
G083,G078,0.00010360089,1
G081,G089,0.000103549835,1
G001,G069,0.00010354601,1
G095,G075,0.00010345203,1
G018,G078,0.00010336719,1
G025,G022,0.00010331258,1
G030,G024,0.00010314714,1
G094,G025,0.000103144324,1
G095,G016,0.00010305049,1
G067,G070,0.000103003855,1
G027,G063,0.00010299026,1
G043,G054,0.00010297479,1
G071,G066,0.000102932696,1
G088,G083,0.000102686616,1
G010,G050,0.00010267964,1
G088,G072,0.00010262637,1
G041,G002,0.000102483886,1
G087,G041,0.00010230032,1
G047,G011,0.00010219135,1
G095,G030,0.00010214939,1
G100,G092,0.00010197448,1
G065,G021,0.00010166325,1
G025,G066,0.00010146483,1
G089,G044,0.00010144458,1
G064,G026,0.00010134227,1
G004,G020,0.00010130804,1
G020,G001,0.000101166625,1
G074,G097,0.00010095818,1
G081,G075,0.0001007497,1
G036,G028,0.00010053683,1
G087,G092,0.00010048225,1
G030,G016,0.000100279605,1
G081,G014,0.00010015473,1
G091,G046,9.990233e-05,1
G001,G056,9.987766e-05,1
G053,G010,9.9793295e-05,1
G001,G090,9.969864e-05,1
G085,G064,9.9517194e-05,1
G018,G040,9.949742e-05,1
G028,G078,9.947623e-05,1
G074,G091,9.947452e-05,1
G081,G052,9.944268e-05,1
G050,G072,9.929095e-05,1
G028,G025,9.925964e-05,1
G041,G087,9.920544e-05,1
G043,G020,9.9162215e-05,1
G074,G024,9.91136e-05,1
G069,G026,9.892274e-05,1
G085,G062,9.886833e-05,1
G040,G027,9.869212e-05,1
G076,G061,9.865851e-05,1
G030,G026,9.863434e-05,1
G090,G093,9.844032e-05,1
G003,G043,9.815492e-05,1
G027,G017,9.809758e-05,1
G095,G037,9.809671e-05,1
G025,G059,9.802157e-05,1
G043,G001,9.793273e-05,1
G071,G039,9.784649e-05,1
G068,G099,9.774837e-05,1
G089,G058,9.7697484e-05,1
G067,G015,9.726966e-05,1
G048,G058,9.718393e-05,1
G068,G007,9.7143165e-05,1
G069,G076,9.711758e-05,1
G025,G042,9.671461e-05,1
G089,G038,9.669601e-05,1
G093,G068,9.667117e-05,1
G020,G095,9.665156e-05,1
G016,G021,9.655891e-05,1
G002,G016,9.642644e-05,1
G036,G049,9.617333e-05,1
G091,G029,9.6167896e-05,1
G076,G025,9.594947e-05,1
G028,G064,9.5867465e-05,1
G073,G004,9.584547e-05,1
G081,G011,9.550901e-05,1
G093,G020,9.54322e-05,1
G025,G030,9.538397e-05,1
G075,G027,9.5376025e-05,1
G086,G074,9.532324e-05,1
G063,G015,9.5279276e-05,1
G086,G065,9.5057934e-05,1
G066,G056,9.5029325e-05,1
G066,G019,9.4980445e-05,1
G045,G087,9.497569e-05,1
G085,G051,9.496009e-05,1
G027,G059,9.471657e-05,1
G020,G099,9.470579e-05,1
G008,G057,9.4673545e-05,1
G028,G062,9.464117e-05,1
G071,G052,9.455485e-05,1
G025,G026,9.4381474e-05,1
G064,G027,9.4372444e-05,1
G058,G066,9.4368705e-05,1
G004,G016,9.427415e-05,1
G076,G038,9.42335e-05,1
G093,G059,9.4197625e-05,1
G093,G062,9.383589e-05,1
G067,G052,9.3821734e-05,1
G048,G037,9.359141e-05,1
G090,G072,9.356273e-05,1
G081,G058,9.349101e-05,1
G067,G095,9.3372255e-05,1
G058,G019,9.334085e-05,1
G093,G086,9.328656e-05,1
G065,G053,9.311248e-05,1
G089,G061,9.311189e-05,1
G024,G037,9.303275e-05,1
G091,G083,9.29535e-05,1
G093,G077,9.284307e-05,1
G071,G037,9.2751245e-05,1
G028,G039,9.2747825e-05,1
G040,G010,9.274333e-05,1
G095,G054,9.270514e-05,1
G064,G035,9.263354e-05,1
G008,G007,9.2597256e-05,1
G045,G086,9.252203e-05,1
G071,G025,9.2447655e-05,1
G089,G024,9.2429975e-05,1
G100,G067,9.231248e-05,1
G095,G086,9.229004e-05,1
G058,G052,9.227921e-05,1
G099,G052,9.221528e-05,1
G005,G030,9.219078e-05,1
G048,G052,9.2155424e-05,1
G001,G021,9.20925e-05,1
G048,G064,9.200735e-05,1
G090,G054,9.191812e-05,1
G070,G031,9.184154e-05,1
G040,G041,9.1832604e-05,1
G094,G062,9.1772956e-05,1
G028,G052,9.176073e-05,1
G060,G026,9.167794e-05,1
G073,G031,9.160314e-05,1
G041,G016,9.152717e-05,1
G093,G022,9.1423055e-05,1
G048,G027,9.1177266e-05,1
G040,G059,9.114461e-05,1
G043,G052,9.111044e-05,1
G008,G092,9.092657e-05,1
G081,G053,9.080865e-05,1
G054,G012,9.0775895e-05,1
G064,G097,9.0708236e-05,1
G020,G014,9.0652335e-05,1
G100,G059,9.048762e-05,1
G065,G009,9.0306305e-05,1
G045,G098,9.023043e-05,1
G073,G030,9.012264e-05,1
G052,G096,9.010393e-05,1
G047,G005,9.009034e-05,1
G082,G066,9.001569e-05,1
G008,G025,8.998699e-05,1
G068,G002,8.956877e-05,1
G073,G062,8.955522e-05,1
G072,G086,8.939661e-05,1
G065,G016,8.932979e-05,1
G088,G070,8.931718e-05,1
G074,G093,8.9293884e-05,1
G016,G022,8.875714e-05,1
G070,G072,8.871923e-05,1
G011,G089,8.865304e-05,1
G069,G024,8.863706e-05,1
G054,G061,8.860689e-05,1
G064,G044,8.8591216e-05,1
G040,G024,8.8551446e-05,1
G043,G037,8.84737e-05,1
G076,G001,8.834345e-05,1
G067,G077,8.8189205e-05,1
G032,G043,8.8070534e-05,1
G021,G004,8.804486e-05,1
G074,G087,8.800029e-05,1
G045,G063,8.79623e-05,1
G095,G063,8.7925444e-05,1
G068,G057,8.785203e-05,1
G028,G037,8.777243e-05,1
G018,G024,8.768157e-05,1
G011,G060,8.754992e-05,1
G011,G039,8.7454115e-05,1
G068,G022,8.735189e-05,1
G041,G053,8.725256e-05,1
G093,G057,8.72432e-05,1
G091,G090,8.723661e-05,1
G053,G066,8.716914e-05,1
G064,G019,8.704879e-05,1
G001,G011,8.699359e-05,1
G060,G016,8.687349e-05,1
G045,G092,8.685451e-05,1
G090,G063,8.67439e-05,1
G064,G061,8.672863e-05,1
G095,G035,8.6598884e-05,1
G040,G014,8.652673e-05,1
G026,G016,8.647316e-05,1
G099,G016,8.641485e-05,1
G095,G029,8.63248e-05,1
G098,G043,8.604022e-05,1
G025,G001,8.592415e-05,1
G076,G012,8.582436e-05,1
G030,G040,8.5793974e-05,1
G074,G029,8.571572e-05,1
G059,G027,8.566759e-05,1
G008,G066,8.5566295e-05,1
G058,G084,8.5459265e-05,1
G094,G055,8.539821e-05,1
G030,G088,8.506453e-05,1
G074,G086,8.503573e-05,1
G008,G059,8.496564e-05,1
G099,G069,8.4962274e-05,1
G089,G027,8.492873e-05,1
G076,G093,8.488032e-05,1
G090,G010,8.461938e-05,1
G100,G004,8.4413565e-05,1
G016,G002,8.435614e-05,1
G021,G093,8.427155e-05,1
G062,G057,8.423788e-05,1
G020,G084,8.42195e-05,1
G059,G076,8.3968764e-05,1
G091,G005,8.3950516e-05,1
G042,G059,8.381888e-05,1
G003,G021,8.3625404e-05,1
G067,G087,8.354361e-05,1
G066,G021,8.3434315e-05,1
G053,G097,8.324347e-05,1
G093,G058,8.310938e-05,1
G053,G041,8.310686e-05,1
G058,G065,8.305462e-05,1
G085,G075,8.305412e-05,1
G066,G016,8.300422e-05,1
G065,G078,8.2935585e-05,1
G091,G035,8.290214e-05,1
G048,G074,8.268796e-05,1
G025,G075,8.2643484e-05,1
G067,G004,8.255072e-05,1
G089,G064,8.253739e-05,1
G077,G085,8.231744e-05,1
G020,G087,8.214518e-05,1
G074,G064,8.214242e-05,1
G005,G014,8.212177e-05,1
G036,G020,8.208096e-05,1
G083,G087,8.204588e-05,1
G090,G086,8.196956e-05,1
G090,G053,8.193624e-05,1
G020,G100,8.180976e-05,1
G021,G076,8.164797e-05,1
G047,G097,8.164486e-05,1
G071,G001,8.152925e-05,1
G074,G061,8.1526174e-05,1
G089,G002,8.152591e-05,1
G064,G090,8.128432e-05,1
G026,G081,8.124946e-05,1
G075,G073,8.124428e-05,1
G065,G052,8.124221e-05,1
G020,G041,8.115993e-05,1
G058,G057,8.1135106e-05,1
G053,G035,8.1009515e-05,1
G095,G066,8.079781e-05,1
G021,G068,8.065595e-05,1
G090,G046,8.062144e-05,1
G001,G009,8.059266e-05,1
G065,G038,8.059214e-05,1
G045,G010,8.0494065e-05,1
G028,G041,8.034681e-05,1
G089,G077,8.033029e-05,1
G043,G053,8.018436e-05,1
G024,G084,8.0136735e-05,1
G074,G088,8.0009886e-05,1
G068,G043,7.9971695e-05,1
G034,G015,7.9954225e-05,1
G029,G052,7.994477e-05,1
G027,G093,7.9758465e-05,1
G073,G077,7.967254e-05,1
G034,G057,7.9618105e-05,1
G064,G025,7.947062e-05,1
G047,G023,7.934506e-05,1
G070,G011,7.933237e-05,1
G001,G077,7.9313584e-05,1
G025,G035,7.926784e-05,1
G088,G033,7.925996e-05,1
G060,G010,7.925592e-05,1
G021,G075,7.920608e-05,1
G016,G023,7.9142104e-05,1
G026,G043,7.912579e-05,1
G099,G057,7.890093e-05,1
G037,G052,7.885534e-05,1
G052,G043,7.8821715e-05,1
G029,G080,7.8692916e-05,1
G003,G009,7.860134e-05,1
G100,G027,7.842944e-05,1
G035,G015,7.832229e-05,1
G068,G076,7.8045996e-05,1
G030,G004,7.792005e-05,1
G025,G064,7.7895034e-05,1
G001,G057,7.779856e-05,1
G060,G004,7.7745084e-05,1
G064,G086,7.773313e-05,1
G021,G031,7.7728524e-05,1
G070,G080,7.77271e-05,1
G053,G058,7.755301e-05,1
G001,G062,7.7410565e-05,1
G086,G037,7.735524e-05,1
G076,G006,7.7297744e-05,1
G018,G039,7.72845e-05,1
G005,G033,7.72169e-05,1
G093,G012,7.704841e-05,1
G100,G026,7.696999e-05,1
G083,G099,7.681455e-05,1
G073,G005,7.674608e-05,1
G069,G051,7.671312e-05,1
G089,G051,7.651454e-05,1
G039,G012,7.651353e-05,1
G058,G088,7.644579e-05,1
G029,G054,7.642733e-05,1
G034,G012,7.6229546e-05,1
G054,G092,7.621831e-05,1
G043,G034,7.605862e-05,1
G020,G024,7.589793e-05,1
G042,G085,7.578821e-05,1
G021,G098,7.576899e-05,1
G025,G077,7.568373e-05,1
G053,G030,7.5569835e-05,1
G092,G081,7.5510216e-05,1
G074,G057,7.548938e-05,1
G025,G014,7.527808e-05,1
G025,G052,7.525053e-05,1
G070,G002,7.507396e-05,1
G068,G075,7.476199e-05,1
G027,G053,7.476055e-05,1
G025,G062,7.4736156e-05,1
G042,G083,7.46448e-05,1
G099,G050,7.456671e-05,1
G068,G086,7.452554e-05,1
G025,G021,7.4503565e-05,1
G053,G002,7.405966e-05,1
G081,G022,7.391658e-05,1
G090,G055,7.3855335e-05,1
G067,G044,7.3739044e-05,1
G088,G024,7.357334e-05,1
G073,G081,7.3554416e-05,1
G001,G055,7.3545634e-05,1
G085,G039,7.353325e-05,1
G041,G030,7.3352734e-05,1
G045,G069,7.328901e-05,1
G089,G022,7.313974e-05,1
G099,G091,7.311324e-05,1
G027,G022,7.308946e-05,1
G090,G030,7.307126e-05,1
G072,G090,7.2961244e-05,1
G020,G010,7.291649e-05,1
G071,G027,7.2827715e-05,1
G065,G040,7.280299e-05,1
G091,G080,7.276949e-05,1
G070,G076,7.274251e-05,1
G048,G081,7.252091e-05,1
G058,G027,7.24396e-05,1
G045,G054,7.226077e-05,1
G081,G066,7.22386e-05,1
G093,G004,7.217518e-05,1
G076,G005,7.206345e-05,1
G045,G001,7.2056915e-05,1
G081,G098,7.189558e-05,1
G053,G076,7.188757e-05,1
G027,G001,7.1795665e-05,1
G074,G002,7.1493465e-05,1
G067,G021,7.1436916e-05,1
G082,G099,7.142936e-05,1
G081,G021,7.13619e-05,1
G042,G010,7.133271e-05,1
G033,G011,7.125448e-05,1
G070,G055,7.10787e-05,1
G058,G030,7.0961396e-05,1
G064,G036,7.077393e-05,1
G076,G098,7.0345326e-05,1
G024,G099,7.032043e-05,1
G089,G043,7.031012e-05,1
G043,G024,7.0274466e-05,1
G099,G009,7.0088376e-05,1
G068,G046,6.984076e-05,1
G092,G069,6.9794165e-05,1
G081,G054,6.9660484e-05,1
G064,G046,6.954603e-05,1
G091,G100,6.954406e-05,1
G072,G097,6.9443035e-05,1
G067,G072,6.94318e-05,1
G081,G095,6.9185044e-05,1
G051,G044,6.9006375e-05,1
G027,G039,6.898784e-05,1
G056,G084,6.881836e-05,1
G068,G080,6.868473e-05,1
G010,G078,6.865167e-05,1
G040,G098,6.864358e-05,1
G100,G057,6.849437e-05,1
G008,G062,6.8182104e-05,1
G042,G034,6.8036665e-05,1
G090,G022,6.802884e-05,1
G071,G084,6.7911235e-05,1
G095,G041,6.7736415e-05,1
G048,G044,6.772109e-05,1
G018,G027,6.7558794e-05,1
G058,G074,6.7556335e-05,1
G096,G044,6.747793e-05,1
G074,G046,6.7291636e-05,1
G024,G079,6.719998e-05,1
G099,G093,6.702684e-05,1
G016,G066,6.697153e-05,1
G055,G092,6.688137e-05,1
G075,G005,6.669152e-05,1
G093,G061,6.63683e-05,1
G073,G001,6.5998414e-05,1
G022,G098,6.5910026e-05,1
G068,G012,6.585002e-05,1
G001,G081,6.578703e-05,1
G069,G064,6.574048e-05,1
G027,G096,6.555001e-05,1
G091,G012,6.550427e-05,1
G064,G092,6.542193e-05,1
G095,G065,6.537486e-05,1
G094,G086,6.534681e-05,1
G024,G066,6.531804e-05,1
G025,G023,6.530296e-05,1
G037,G021,6.5287786e-05,1
G001,G092,6.512844e-05,1
G024,G100,6.505659e-05,1
G091,G060,6.44899e-05,1
G058,G090,6.448942e-05,1
G014,G082,6.446622e-05,1
G058,G099,6.435008e-05,1
G076,G011,6.403179e-05,1
G048,G014,6.397192e-05,1
G072,G001,6.396986e-05,1
G027,G050,6.381738e-05,1
G099,G062,6.3764426e-05,1
G018,G061,6.363372e-05,1
G021,G054,6.361018e-05,1
G053,G022,6.359728e-05,1
G008,G054,6.347115e-05,1
G088,G084,6.332965e-05,1
G071,G053,6.32939e-05,1
G062,G092,6.319421e-05,1
G016,G061,6.3189276e-05,1
G045,G034,6.3118016e-05,1
G095,G019,6.301985e-05,1
G010,G018,6.300732e-05,1
G047,G080,6.29138e-05,1
G027,G031,6.285366e-05,1
G067,G039,6.284902e-05,1
G005,G070,6.28458e-05,1
G089,G080,6.283193e-05,1
G076,G088,6.274328e-05,1
G056,G083,6.2738785e-05,1
G029,G016,6.2641615e-05,1
G095,G034,6.256999e-05,1
G028,G001,6.222263e-05,1
G064,G030,6.2193714e-05,1
G076,G091,6.209792e-05,1
G001,G070,6.192929e-05,1
G029,G065,6.19005e-05,1
G099,G077,6.1837796e-05,1
G091,G074,6.17911e-05,1
G020,G034,6.1639184e-05,1
G058,G031,6.157228e-05,1
G065,G034,6.151553e-05,1
G021,G022,6.106419e-05,1
G095,G093,6.099763e-05,1
G088,G046,6.0934755e-05,1
G015,G041,6.0793533e-05,1
G033,G098,6.061647e-05,1
G033,G005,6.060436e-05,1
G074,G027,6.0410544e-05,1
G027,G018,6.0356364e-05,1
G040,G075,6.032864e-05,1
G011,G096,6.0081216e-05,1
G039,G007,6.0020724e-05,1
G039,G078,6.001914e-05,1
G060,G078,5.97654e-05,1
G063,G099,5.9739123e-05,1
G058,G056,5.9678066e-05,1
G021,G081,5.9572467e-05,1
G070,G046,5.946483e-05,1
G095,G046,5.942739e-05,1
G008,G017,5.9404043e-05,1
G070,G006,5.9133108e-05,1
G069,G047,5.907352e-05,1
G081,G018,5.9038444e-05,1
G063,G020,5.8966867e-05,1
G074,G017,5.859575e-05,1
G029,G060,5.8420774e-05,1
G021,G049,5.83738e-05,1
G032,G078,5.8258836e-05,1
G036,G073,5.8244743e-05,1
G069,G059,5.8139816e-05,1
G076,G050,5.8127807e-05,1
G008,G093,5.8085923e-05,1
G095,G007,5.7965433e-05,1
G068,G047,5.7936064e-05,1
G081,G062,5.7864498e-05,1
G025,G034,5.7812602e-05,1
G087,G076,5.7776306e-05,1
G033,G025,5.7768637e-05,1
G068,G070,5.7157293e-05,1
G018,G056,5.710245e-05,1
G065,G043,5.6943434e-05,1
G071,G075,5.6942437e-05,1
G001,G066,5.6921137e-05,1
G034,G099,5.6899327e-05,1
G089,G009,5.6890105e-05,1
G022,G004,5.6767163e-05,1
G091,G064,5.6692188e-05,1
G053,G099,5.6613677e-05,1
G021,G009,5.661093e-05,1
G068,G072,5.6543635e-05,1
G063,G092,5.652514e-05,1
G058,G018,5.6476576e-05,1
G053,G021,5.631941e-05,1
G088,G064,5.6139987e-05,1
G042,G011,5.600584e-05,1
G033,G053,5.592062e-05,1
G099,G076,5.5799836e-05,1
G021,G063,5.5716733e-05,1
G059,G036,5.5694432e-05,1
G048,G051,5.5691035e-05,1
G073,G065,5.5677065e-05,1
G074,G077,5.5569104e-05,1
G091,G007,5.5524502e-05,1
G068,G091,5.526406e-05,1
G067,G090,5.513312e-05,1
G018,G026,5.504783e-05,1
G089,G016,5.4972872e-05,1
G040,G066,5.4802767e-05,1
G001,G019,5.475955e-05,1
G067,G055,5.4750595e-05,1
G064,G004,5.4480683e-05,1
G051,G085,5.4479624e-05,1
G036,G078,5.4414686e-05,1
G076,G089,5.4358898e-05,1
G089,G004,5.4217504e-05,1
G035,G012,5.412761e-05,1
G064,G075,5.4094133e-05,1
G024,G081,5.40861e-05,1
G088,G043,5.3750893e-05,1
G093,G030,5.3639502e-05,1
G076,G018,5.3617714e-05,1
G056,G007,5.3558397e-05,1
G066,G100,5.3489446e-05,1
G074,G010,5.346628e-05,1
G028,G024,5.3425414e-05,1
G096,G007,5.3408912e-05,1
G088,G079,5.333022e-05,1
G093,G002,5.3313903e-05,1
G076,G026,5.3258784e-05,1
G088,G067,5.3127373e-05,1
G090,G050,5.3125823e-05,1
G029,G053,5.3105923e-05,1
G063,G066,5.307329e-05,1
G045,G027,5.300212e-05,1
G064,G057,5.2921754e-05,1
G027,G035,5.289368e-05,1
G048,G099,5.2730054e-05,1
G062,G012,5.263275e-05,1
G028,G038,5.2586973e-05,1
G068,G004,5.2565556e-05,1
G083,G100,5.2496925e-05,1
G073,G080,5.2473137e-05,1
G030,G087,5.2312895e-05,1
G100,G041,5.2288622e-05,1
G036,G018,5.2186373e-05,1
G093,G039,5.2119198e-05,1
G058,G083,5.2091553e-05,1
G033,G034,5.1924784e-05,1
G023,G062,5.18387e-05,1
G039,G046,5.182304e-05,1
G090,G016,5.170928e-05,1
G020,G096,5.1610263e-05,1
G042,G075,5.093468e-05,1
G042,G099,5.0910367e-05,1
G042,G058,5.087929e-05,1
G068,G029,5.0874914e-05,1
G011,G041,5.0714076e-05,1
G093,G047,5.0583425e-05,1
G083,G079,5.0561073e-05,1
G098,G040,5.0495924e-05,1
G045,G020,5.0465424e-05,1
G029,G090,5.0375907e-05,1
G041,G060,5.03148e-05,1
G036,G076,5.0278148e-05,1
G019,G016,5.027491e-05,1
G058,G063,5.0254e-05,1
G029,G070,5.024932e-05,1
G040,G034,5.0051385e-05,1
G001,G022,4.9920294e-05,1
G088,G090,4.989194e-05,1
G093,G016,4.9791954e-05,1
G008,G067,4.9780283e-05,1
G064,G095,4.9682243e-05,1
G068,G034,4.9680813e-05,1
G020,G037,4.963605e-05,1
G091,G014,4.938466e-05,1
G067,G100,4.9324728e-05,1
G071,G036,4.921695e-05,1
G033,G049,4.920255e-05,1
G037,G028,4.9175564e-05,1
G029,G009,4.9120586e-05,1
G041,G097,4.893914e-05,1
G089,G065,4.893438e-05,1
G016,G062,4.8758793e-05,1
G059,G089,4.8724207e-05,1
G029,G018,4.8645154e-05,1
G025,G089,4.856128e-05,1
G033,G024,4.849667e-05,1
G028,G036,4.8441183e-05,1
G069,G054,4.838478e-05,1
G073,G066,4.80418e-05,1
G064,G054,4.8030775e-05,1
G094,G056,4.801508e-05,1
G021,G052,4.7944228e-05,1
G043,G016,4.7880087e-05,1
G060,G081,4.779213e-05,1
G037,G061,4.7766112e-05,1
G036,G033,4.7758043e-05,1
G025,G100,4.7727677e-05,1
G008,G058,4.7701407e-05,1
G011,G066,4.7581594e-05,1
G081,G051,4.753457e-05,1
G021,G040,4.7455487e-05,1
G047,G022,4.7443453e-05,1
G033,G041,4.7342073e-05,1
G030,G097,4.7322454e-05,1
G001,G035,4.723449e-05,1
G070,G091,4.721672e-05,1
G025,G037,4.700301e-05,1
G018,G030,4.688072e-05,1
G036,G052,4.6739664e-05,1
G033,G030,4.6662462e-05,1
G090,G060,4.6629124e-05,1
G036,G011,4.6559424e-05,1
G087,G025,4.6539222e-05,1
G100,G077,4.644698e-05,1
G095,G078,4.6421676e-05,1
G031,G037,4.6215842e-05,1
G099,G005,4.616607e-05,1
G047,G064,4.6115936e-05,1
G036,G081,4.6054738e-05,1
G062,G070,4.6026275e-05,1
G053,G063,4.5774934e-05,1
G071,G089,4.5746216e-05,1
G005,G036,4.5671786e-05,1
G033,G006,4.5647957e-05,1
G008,G020,4.560024e-05,1
G033,G093,4.545114e-05,1
G022,G038,4.538262e-05,1
G022,G040,4.535965e-05,1
G039,G065,4.5285826e-05,1
G081,G091,4.5089335e-05,1
G010,G029,4.5035988e-05,1
G091,G057,4.492634e-05,1
G058,G012,4.4896373e-05,1
G023,G078,4.4779605e-05,1
G015,G021,4.4761295e-05,1
G053,G018,4.472459e-05,1
G095,G058,4.4322805e-05,1
G052,G100,4.4266733e-05,1
G099,G065,4.3828823e-05,1
G082,G043,4.382202e-05,1
G034,G040,4.3622957e-05,1
G039,G096,4.361505e-05,1
G022,G041,4.3572905e-05,1
G067,G059,4.3541644e-05,1
G028,G060,4.3386597e-05,1
G001,G007,4.3385484e-05,1
G008,G087,4.3347107e-05,1
G059,G005,4.3345146e-05,1
G095,G071,4.3250708e-05,1
G058,G004,4.3231972e-05,1
G028,G076,4.3070897e-05,1
G008,G089,4.3030264e-05,1
G045,G099,4.299364e-05,1
G099,G010,4.2832322e-05,1
G001,G095,4.2830427e-05,1
G070,G083,4.2824784e-05,1
G062,G046,4.2750926e-05,1
G058,G062,4.264739e-05,1
G090,G091,4.257548e-05,1
G016,G051,4.2554664e-05,1
G056,G078,4.248526e-05,1
G072,G058,4.2401723e-05,1
G099,G002,4.2316453e-05,1
G060,G012,4.2233038e-05,1
G064,G037,4.222884e-05,1
G090,G095,4.215645e-05,1
G071,G076,4.211902e-05,1
G021,G026,4.2102518e-05,1
G036,G089,4.2099527e-05,1
G015,G062,4.2019055e-05,1
G100,G093,4.2003245e-05,1
G039,G056,4.1941206e-05,1
G072,G030,4.187103e-05,1
G027,G034,4.1846077e-05,1
G042,G098,4.1834992e-05,1
G036,G007,4.1711704e-05,1
G075,G096,4.168614e-05,1
G071,G068,4.1674397e-05,1
G001,G085,4.164604e-05,1
G062,G021,4.1502317e-05,1
G081,G030,4.138712e-05,1
G029,G056,4.1319556e-05,1
G063,G029,4.1142866e-05,1
G058,G059,4.1020343e-05,1
G069,G056,4.1008403e-05,1
G025,G058,4.0969357e-05,1
G042,G009,4.0963812e-05,1
G039,G009,4.092835e-05,1
G067,G099,4.0917163e-05,1
G059,G081,4.0867068e-05,1
G020,G044,4.0838255e-05,1
G069,G020,4.0789037e-05,1
G074,G037,4.0775813e-05,1
G068,G090,4.070768e-05,1
G086,G019,4.06125e-05,1
G043,G051,4.0553685e-05,1
G027,G026,4.051644e-05,1
G058,G093,4.0423238e-05,1
G043,G064,4.034358e-05,1
G082,G004,4.021198e-05,1
G064,G031,4.013001e-05,1
G068,G060,4.0107687e-05,1
G021,G012,4.0053204e-05,1
G021,G066,3.9965344e-05,1
G098,G016,3.9923234e-05,1
G036,G009,3.9739865e-05,1
G074,G070,3.959248e-05,1
G039,G091,3.949551e-05,1
G029,G088,3.9485163e-05,1
G099,G027,3.9459614e-05,1
G081,G073,3.9449853e-05,1
G020,G081,3.9448594e-05,1
G083,G035,3.9356615e-05,1
G004,G007,3.927453e-05,1
G027,G069,3.918689e-05,1
G039,G052,3.913178e-05,1
G067,G010,3.905034e-05,1
G068,G033,3.895214e-05,1
G004,G084,3.8947088e-05,1
G055,G024,3.877465e-05,1
G018,G025,3.85318e-05,1
G048,G063,3.8502458e-05,1
G039,G088,3.840272e-05,1
G036,G006,3.8398102e-05,1
G039,G084,3.833853e-05,1
G069,G031,3.802722e-05,1
G051,G018,3.79729e-05,1
G021,G007,3.7959366e-05,1
G072,G012,3.787919e-05,1
G091,G050,3.786546e-05,1
G006,G064,3.7863894e-05,1
G068,G031,3.776287e-05,1
G037,G098,3.748146e-05,1
G071,G065,3.739603e-05,1
G081,G099,3.7317026e-05,1
G064,G051,3.7250218e-05,1
G088,G086,3.723762e-05,1
G093,G051,3.7172267e-05,1
G058,G055,3.7145197e-05,1
G018,G054,3.6995596e-05,1
G018,G031,3.688842e-05,1
G001,G064,3.6732272e-05,1
G074,G001,3.672109e-05,1
G089,G086,3.6575286e-05,1
G003,G032,3.6505233e-05,1
G026,G037,3.6432964e-05,1
G065,G047,3.639186e-05,1
G002,G079,3.6386347e-05,1
G071,G067,3.638458e-05,1
G073,G019,3.6335292e-05,1
G045,G026,3.6306734e-05,1
G053,G047,3.6226535e-05,1
G029,G057,3.622582e-05,1
G094,G067,3.6169193e-05,1
G051,G017,3.616408e-05,1
G001,G027,3.6092955e-05,1
G091,G068,3.5966317e-05,1
G067,G079,3.596042e-05,1
G021,G089,3.5730227e-05,1
G025,G057,3.5657962e-05,1
G026,G085,3.560434e-05,1
G071,G024,3.5557474e-05,1
G020,G038,3.553986e-05,1
G049,G023,3.548157e-05,1
G025,G084,3.5451216e-05,1
G048,G091,3.5405323e-05,1
G088,G004,3.538224e-05,1
G008,G037,3.52372e-05,1
G072,G079,3.4971756e-05,1
G081,G025,3.4929817e-05,1
G045,G068,3.4919645e-05,1
G094,G079,3.4686487e-05,1
G027,G024,3.466278e-05,1
G036,G090,3.464802e-05,1
G033,G069,3.46476e-05,1
G081,G023,3.457093e-05,1
G043,G063,3.4469438e-05,1
G052,G030,3.446915e-05,1
G025,G061,3.438662e-05,1
G074,G092,3.432833e-05,1
G048,G018,3.4283992e-05,1
G089,G070,3.424665e-05,1
G038,G048,3.422413e-05,1
G074,G030,3.404313e-05,1
G053,G070,3.401825e-05,1
G074,G054,3.389262e-05,1
G089,G026,3.3878532e-05,1
G074,G060,3.381948e-05,1
G099,G034,3.3755583e-05,1
G037,G024,3.37405e-05,1
G016,G024,3.3672106e-05,1
G033,G074,3.3661745e-05,1
G074,G089,3.3551423e-05,1
G063,G037,3.3546723e-05,1
G059,G092,3.3436863e-05,1
G018,G089,3.3428205e-05,1
G069,G022,3.3418844e-05,1
G080,G015,3.3408396e-05,1
G082,G057,3.3380144e-05,1
G039,G057,3.3337386e-05,1
G022,G043,3.3299122e-05,1
G037,G079,3.317524e-05,1
G074,G066,3.3094817e-05,1
G073,G090,3.3089116e-05,1
G018,G100,3.306044e-05,1
G018,G052,3.2989752e-05,1
G093,G089,3.28926e-05,1
G068,G089,3.2880627e-05,1
G005,G038,3.2684206e-05,1
G027,G046,3.2603068e-05,1
G063,G016,3.2444925e-05,1
G048,G055,3.2435655e-05,1
G099,G095,3.242353e-05,1
G058,G034,3.2414162e-05,1
G089,G046,3.2346383e-05,1
G058,G001,3.22296e-05,1
G005,G073,3.2082615e-05,1
G091,G001,3.2037427e-05,1
G027,G014,3.175732e-05,1
G028,G010,3.17414e-05,1
G016,G046,3.1652e-05,1
G058,G081,3.163211e-05,1
G092,G026,3.154705e-05,1
G039,G053,3.1545096e-05,1
G018,G046,3.152588e-05,1
G025,G019,3.1495576e-05,1
G003,G093,3.1493786e-05,1
G016,G088,3.1378222e-05,1
G005,G021,3.1344593e-05,1
G088,G014,3.123135e-05,1
G037,G042,3.120132e-05,1
G093,G076,3.1199223e-05,1
G068,G059,3.1193365e-05,1
G018,G029,3.0720934e-05,1
G095,G077,3.0634525e-05,1
G048,G043,3.0629824e-05,1
G048,G077,3.0608076e-05,1
G090,G071,3.0575353e-05,1
G099,G058,3.0365027e-05,1
G053,G071,3.029078e-05,1
G010,G017,3.0241084e-05,1
G001,G059,3.0166455e-05,1
G021,G090,3.0152854e-05,1
G062,G097,3.0140742e-05,1
G001,G078,3.0103658e-05,1
G069,G095,3.003286e-05,1
G088,G099,2.9971283e-05,1
G093,G027,2.9901761e-05,1
G063,G043,2.9807872e-05,1
G089,G074,2.9796593e-05,1
G090,G056,2.9726121e-05,1
G004,G043,2.9639592e-05,1
G043,G069,2.9597793e-05,1
G018,G006,2.9574278e-05,1
G090,G097,2.9543398e-05,1
G051,G071,2.927984e-05,1
G058,G054,2.9197212e-05,1
G089,G054,2.9126222e-05,1
G045,G037,2.9092167e-05,1
G001,G026,2.9039355e-05,1
G036,G091,2.8984323e-05,1
G076,G066,2.8889097e-05,1
G091,G076,2.8878525e-05,1
G068,G018,2.8799199e-05,1
G033,G061,2.8757242e-05,1
G068,G025,2.8691475e-05,1
G090,G051,2.8668723e-05,1
G060,G002,2.8628026e-05,1
G069,G025,2.8423096e-05,1
G072,G066,2.8354845e-05,1
G072,G064,2.8319628e-05,1
G025,G005,2.8276114e-05,1
G070,G062,2.8251512e-05,1
G026,G001,2.8249711e-05,1
G072,G036,2.8209854e-05,1
G043,G006,2.8191547e-05,1
G008,G027,2.8158092e-05,1
G072,G049,2.8089687e-05,1
G062,G055,2.8058721e-05,1
G068,G056,2.786828e-05,1
G021,G027,2.773155e-05,1
G086,G043,2.7725504e-05,1
G027,G030,2.7619095e-05,1
G063,G002,2.7608285e-05,1
G088,G030,2.7538203e-05,1
G099,G017,2.7461423e-05,1
G081,G056,2.710858e-05,1
G035,G024,2.7010947e-05,1
G069,G098,2.696691e-05,1
G042,G015,2.6963855e-05,1
G081,G036,2.6889793e-05,1
G060,G035,2.6883665e-05,1
G071,G018,2.6834323e-05,1
G044,G015,2.6790105e-05,1
G001,G088,2.6741964e-05,1
G043,G077,2.6732447e-05,1
G091,G025,2.672023e-05,1
G074,G069,2.6672387e-05,1
G056,G052,2.6605658e-05,1
G062,G014,2.6578035e-05,1
G089,G001,2.656105e-05,1
G037,G089,2.6544963e-05,1
G003,G030,2.6526253e-05,1
G090,G084,2.6501632e-05,1
G035,G026,2.6469941e-05,1
G086,G094,2.6440672e-05,1
G039,G069,2.6214762e-05,1
G089,G025,2.6210737e-05,1
G033,G047,2.6188234e-05,1
G056,G063,2.6112357e-05,1
G081,G006,2.6045505e-05,1
G068,G095,2.6023732e-05,1
G029,G001,2.5993442e-05,1
G093,G065,2.5988811e-05,1
G075,G047,2.57472e-05,1
G095,G026,2.5649675e-05,1
G053,G091,2.5607676e-05,1
G099,G089,2.5546547e-05,1
G047,G004,2.5522566e-05,1
G099,G001,2.5480145e-05,1
G093,G084,2.5378096e-05,1
G024,G069,2.5329367e-05,1
G092,G054,2.5292511e-05,1
G020,G039,2.5244419e-05,1
G035,G088,2.5134945e-05,1
G016,G042,2.504972e-05,1
G088,G056,2.498279e-05,1
G030,G089,2.4962972e-05,1
G070,G047,2.4873954e-05,1
G062,G089,2.4865558e-05,1
G036,G047,2.4843936e-05,1
G042,G005,2.4836461e-05,1
G029,G027,2.482771e-05,1
G093,G090,2.4785784e-05,1
G099,G046,2.4764211e-05,1
G025,G011,2.475171e-05,1
G053,G075,2.4724108e-05,1
G086,G075,2.4723273e-05,1
G091,G017,2.4649855e-05,1
G095,G020,2.4575069e-05,1
G076,G024,2.4527268e-05,1
G064,G016,2.4441562e-05,1
G038,G020,2.44253e-05,1
G007,G072,2.442146e-05,1
G065,G074,2.4406398e-05,1
G100,G058,2.4229983e-05,1
G048,G070,2.4226301e-05,1
G074,G033,2.4163612e-05,1
G040,G055,2.4136867e-05,1
G071,G090,2.4105144e-05,1
G081,G026,2.3960312e-05,1
G068,G087,2.3909763e-05,1
G072,G077,2.3845972e-05,1
G003,G020,2.3780292e-05,1
G073,G015,2.3686918e-05,1
G069,G021,2.3659035e-05,1
G007,G015,2.3489245e-05,1
G058,G068,2.3417886e-05,1
G072,G046,2.3378712e-05,1
G038,G015,2.3378041e-05,1
G076,G034,2.3278466e-05,1
G045,G077,2.2974264e-05,1
G016,G079,2.2882545e-05,1
G033,G001,2.2878476e-05,1
G082,G032,2.2855716e-05,1
G053,G024,2.2829801e-05,1
G060,G076,2.2827113e-05,1
G099,G081,2.2752825e-05,1
G059,G088,2.269089e-05,1
G099,G021,2.2687664e-05,1
G068,G064,2.2643293e-05,1
G018,G055,2.2562781e-05,1
G089,G090,2.24373e-05,1
G082,G008,2.2406513e-05,1
G088,G091,2.2341575e-05,1
G028,G100,2.232441e-05,1
G076,G054,2.2323376e-05,1
G070,G019,2.2248289e-05,1
G095,G055,2.215113e-05,1
G036,G066,2.1921964e-05,1
G038,G027,2.1740896e-05,1
G025,G060,2.1610183e-05,1
G016,G099,2.1507043e-05,1
G093,G009,2.1480148e-05,1
G043,G017,2.1341197e-05,1
G074,G098,2.1303073e-05,1
G073,G058,2.1255542e-05,1
G074,G090,2.116247e-05,1
G045,G083,2.107716e-05,1
G067,G026,2.105964e-05,1
G095,G061,2.0968604e-05,1
G028,G065,2.086271e-05,1
G073,G050,2.0826194e-05,1
G024,G042,2.0815229e-05,1
G006,G085,2.079149e-05,1
G088,G017,2.0723865e-05,1
G070,G075,2.070493e-05,1
G018,G050,2.063232e-05,1
G048,G068,2.063208e-05,1
G090,G089,2.06128e-05,1
G100,G054,2.057033e-05,1
G074,G050,2.0500163e-05,1
G039,G030,2.0489135e-05,1
G090,G031,2.0483894e-05,1
G042,G069,2.0467065e-05,1
G036,G030,2.0429703e-05,1
G041,G042,2.0222193e-05,1
G067,G076,2.0093266e-05,1
G020,G077,2.00914e-05,1
G048,G098,2.0049887e-05,1
G095,G064,2.0004172e-05,1
G034,G096,1.9833662e-05,1
G089,G029,1.9823874e-05,1
G095,G090,1.9800504e-05,1
G003,G070,1.961419e-05,1
G054,G057,1.9484405e-05,1
G045,G030,1.9401296e-05,1
G022,G099,1.93514e-05,1
G087,G072,1.9288815e-05,1
G003,G097,1.9188717e-05,1
G056,G057,1.9034156e-05,1
G100,G086,1.9015411e-05,1
G018,G064,1.8982762e-05,1
G046,G015,1.8837804e-05,1
G020,G092,1.8811723e-05,1
G043,G056,1.8749226e-05,1
G081,G092,1.8741812e-05,1
G067,G020,1.8716544e-05,1
G054,G084,1.866688e-05,1
G040,G031,1.8605304e-05,1
G004,G097,1.8519098e-05,1
G055,G096,1.8448198e-05,1
G093,G035,1.8330757e-05,1
G068,G088,1.8224448e-05,1
G075,G097,1.8089584e-05,1
G018,G095,1.8063241e-05,1
G008,G055,1.7935741e-05,1
G058,G022,1.787617e-05,1
G095,G050,1.7684351e-05,1
G073,G057,1.7668299e-05,1
G099,G022,1.766591e-05,1
G081,G033,1.7466156e-05,1
G067,G081,1.7347738e-05,1
G052,G046,1.7314485e-05,1
G060,G057,1.702271e-05,1
G087,G006,1.7014883e-05,1
G037,G057,1.701026e-05,1
G001,G098,1.6957676e-05,1
G033,G054,1.6923894e-05,1
G026,G062,1.6922799e-05,1
G056,G026,1.6913616e-05,1
G069,G080,1.6804368e-05,1
G062,G010,1.67752e-05,1
G056,G081,1.6767419e-05,1
G039,G064,1.6653295e-05,1
G068,G066,1.6615279e-05,1
G073,G099,1.6550102e-05,1
G068,G053,1.6530683e-05,1
G076,G079,1.6428636e-05,1
G024,G096,1.642774e-05,1
G038,G083,1.6359714e-05,1
G065,G026,1.6258264e-05,1
G043,G005,1.6233016e-05,1
G093,G052,1.6217278e-05,1
G028,G079,1.6197639e-05,1
G003,G002,1.6123955e-05,1
G048,G020,1.6088341e-05,1
G050,G035,1.6087602e-05,1
G086,G064,1.5634278e-05,1
G070,G096,1.563056e-05,1
G076,G027,1.56262e-05,1
G071,G074,1.5618712e-05,1
G010,G034,1.5577127e-05,1
G040,G065,1.5489262e-05,1
G043,G075,1.5430307e-05,1
G069,G075,1.5330335e-05,1
G058,G002,1.5298821e-05,1
G054,G024,1.52098655e-05,1
G072,G020,1.5193954e-05,1
G020,G052,1.510623e-05,1
G043,G087,1.5029239e-05,1
G018,G099,1.4913489e-05,1
G060,G077,1.4868363e-05,1
G042,G004,1.4833777e-05,1
G051,G038,1.482612e-05,1
G065,G012,1.4799599e-05,1
G092,G037,1.4731567e-05,1
G060,G033,1.4708031e-05,1
G089,G091,1.4619929e-05,1
G051,G089,1.4580068e-05,1
G030,G060,1.4478061e-05,1
G095,G022,1.4384832e-05,1
G060,G063,1.4340841e-05,1
G089,G056,1.4250871e-05,1
G064,G096,1.4204554e-05,1
G018,G084,1.4187417e-05,1
G095,G017,1.412505e-05,1
G074,G007,1.3947999e-05,1
G030,G058,1.3878497e-05,1
G086,G061,1.3863265e-05,1
G074,G031,1.3856621e-05,1
G004,G074,1.3804163e-05,1
G001,G060,1.3625129e-05,1
G095,G001,1.3592187e-05,1
G035,G043,1.3470087e-05,1
G077,G038,1.3329355e-05,1
G018,G077,1.3264891e-05,1
G033,G057,1.3206897e-05,1
G058,G086,1.3066174e-05,1
G022,G046,1.3052672e-05,1
G036,G085,1.3028253e-05,1
G018,G070,1.2913325e-05,1
G001,G041,1.2824522e-05,1
G030,G053,1.2639143e-05,1
G050,G037,1.2564205e-05,1
G042,G078,1.2540385e-05,1
G085,G056,1.2495408e-05,1
G002,G038,1.2456157e-05,1
G064,G089,1.2419567e-05,1
G055,G081,1.2352688e-05,1
G036,G042,1.2342748e-05,1
G018,G062,1.2289716e-05,1
G033,G081,1.2263044e-05,1
G045,G074,1.2255878e-05,1
G087,G080,1.2251818e-05,1
G058,G077,1.2228477e-05,1
G040,G044,1.205772e-05,1
G028,G004,1.2015506e-05,1
G095,G011,1.1955859e-05,1
G074,G071,1.1862827e-05,1
G094,G064,1.1812109e-05,1
G035,G001,1.1697805e-05,1
G018,G033,1.1616303e-05,1
G001,G016,1.1585861e-05,1
G081,G027,1.1507322e-05,1
G012,G100,1.1444581e-05,1
G070,G065,1.14409395e-05,1
G095,G002,1.134936e-05,1
G068,G027,1.1212422e-05,1
G076,G036,1.1069143e-05,1
G078,G015,1.1048913e-05,1
G030,G066,1.103129e-05,1
G057,G085,1.10218e-05,1
G010,G052,1.1007165e-05,1
G039,G062,1.1006232e-05,1
G025,G029,1.08928025e-05,1
G059,G010,1.0795326e-05,1
G066,G025,1.0589808e-05,1
G043,G091,1.0520296e-05,1
G062,G093,1.0474329e-05,1
G038,G070,1.0387761e-05,1
G064,G091,1.0358825e-05,1
G054,G064,1.0241996e-05,1
G016,G078,1.02218155e-05,1
G041,G084,1.0211757e-05,1
G086,G001,1.0200993e-05,1
G030,G025,1.0145922e-05,1
G062,G053,1.0142469e-05,1
G099,G060,9.984383e-06,1
G043,G036,9.966105e-06,1
G035,G099,9.873678e-06,1
G089,G088,9.869213e-06,1
G069,G041,9.86805e-06,1
G076,G042,9.822434e-06,1
G018,G005,9.657333e-06,1
G071,G054,9.634903e-06,1
G067,G005,9.569464e-06,1
G060,G087,9.519731e-06,1
G071,G035,9.4395255e-06,1
G064,G066,9.43804e-06,1
G093,G042,9.436895e-06,1
G036,G022,9.396349e-06,1
G048,G069,9.329065e-06,1
G037,G009,9.312465e-06,1
G071,G092,9.275666e-06,1
G043,G028,9.244015e-06,1
G095,G025,9.236851e-06,1
G093,G031,9.230332e-06,1
G040,G052,9.110323e-06,1
G029,G017,9.103389e-06,1
G042,G016,9.070478e-06,1
G024,G054,9.061039e-06,1
G072,G021,9.060729e-06,1
G065,G098,8.945845e-06,1
G022,G052,8.7874905e-06,1
G027,G087,8.518344e-06,1
G052,G083,8.452138e-06,1
G027,G025,8.4304065e-06,1
G090,G033,8.417581e-06,1
G020,G023,8.393718e-06,1
G002,G043,8.3761215e-06,1
G024,G070,8.371117e-06,1
G069,G063,8.356913e-06,1
G069,G092,8.354974e-06,1
G026,G015,8.3116975e-06,1
G062,G038,8.24037e-06,1
G034,G019,8.085433e-06,1
G054,G077,8.048436e-06,1
G048,G001,8.018586e-06,1
G069,G038,7.84893e-06,1
G023,G060,7.840062e-06,1
G018,G012,7.838042e-06,1
G033,G029,7.748875e-06,1
G004,G024,7.5664043e-06,1
G009,G085,7.5353664e-06,1
G043,G010,7.4511854e-06,1
G053,G001,7.3897927e-06,1
G064,G069,7.362675e-06,1
G093,G092,7.3445494e-06,1
G052,G062,7.3054653e-06,1
G074,G025,7.263307e-06,1
G070,G067,7.250559e-06,1
G008,G019,7.2042303e-06,1
G018,G096,7.187618e-06,1
G071,G079,7.151127e-06,1
G071,G033,6.989798e-06,1
G053,G067,6.9784473e-06,1
G063,G022,6.949195e-06,1
G060,G074,6.947231e-06,1
G064,G070,6.8798668e-06,1
G093,G095,6.872721e-06,1
G045,G060,6.7500046e-06,1
G058,G025,6.697488e-06,1
G045,G018,6.6560597e-06,1
G004,G095,6.5541994e-06,1
G086,G004,6.4311257e-06,1
G093,G054,6.408279e-06,1
G027,G064,6.1800533e-06,1
G024,G058,6.090202e-06,1
G032,G007,6.037506e-06,1
G071,G016,5.9648023e-06,1
G024,G091,5.9218823e-06,1
G092,G041,5.905148e-06,1
G048,G034,5.838272e-06,1
G039,G014,5.833105e-06,1
G053,G011,5.811105e-06,1
G086,G077,5.73806e-06,1
G068,G030,5.685815e-06,1
G027,G019,5.625517e-06,1
G040,G095,5.6144554e-06,1
G042,G077,5.5970813e-06,1
G067,G009,5.5928917e-06,1
G077,G043,5.5589967e-06,1
G073,G084,5.451925e-06,1
G034,G024,5.412484e-06,1
G058,G060,5.3995695e-06,1
G056,G041,5.1769903e-06,1
G087,G036,5.161238e-06,1
G030,G099,5.07354e-06,1
G092,G056,4.9844684e-06,1
G099,G012,4.9147484e-06,1
G041,G083,4.77999e-06,1
G004,G052,4.621811e-06,1
G067,G019,4.5987326e-06,1
G036,G083,4.582276e-06,1
G062,G039,4.5608012e-06,1
G070,G057,4.560071e-06,1
G018,G083,4.5521715e-06,1
G074,G058,4.542685e-06,1
G011,G092,4.486745e-06,1
G039,G055,4.442061e-06,1
G070,G090,4.4382127e-06,1
G058,G037,4.4375065e-06,1
G095,G097,4.2994684e-06,1
G072,G004,4.2859206e-06,1
G018,G057,4.24806e-06,1
G048,G090,4.237013e-06,1
G002,G035,4.1017056e-06,1
G097,G015,4.0261098e-06,1
G043,G011,4.008781e-06,1
G016,G038,3.982216e-06,1
G021,G029,3.939479e-06,1
G045,G076,3.6328822e-06,1
G083,G073,3.5401126e-06,1
G034,G033,3.4021075e-06,1
G016,G054,3.386785e-06,1
G010,G005,3.3316596e-06,1
G023,G058,3.23868e-06,1
G015,G079,3.0290587e-06,1
G034,G079,2.9544444e-06,1
G038,G043,2.8018517e-06,1
G069,G052,2.7670467e-06,1
G039,G068,2.7325752e-06,1
G001,G046,2.5784968e-06,1
G062,G047,2.4106048e-06,1
G002,G007,2.3828081e-06,1
G036,G034,2.3476177e-06,1
G006,G058,2.2684346e-06,1
G093,G025,2.2069685e-06,1
G036,G054,2.181478e-06,1
G041,G062,2.0993673e-06,1
G028,G096,2.0989637e-06,1
G051,G021,2.0697494e-06,1
G060,G098,1.9775036e-06,1
G072,G062,1.9350691e-06,1
G038,G014,1.917295e-06,1
G042,G091,1.9100373e-06,1
G043,G099,1.8967395e-06,1
G004,G053,1.8349231e-06,1
G029,G089,1.7724672e-06,1
G045,G059,1.7318386e-06,1
G072,G027,1.6899344e-06,1
G076,G057,1.5657286e-06,1
G010,G026,1.5053994e-06,1
G036,G070,1.3601233e-06,1
G030,G046,1.2797178e-06,1
G095,G018,1.2222238e-06,1
G072,G095,1.189325e-06,1
G016,G025,1.1716941e-06,1
G005,G009,1.0898158e-06,1
G018,G094,1.0714559e-06,1
G096,G016,1.0442586e-06,1
G037,G017,9.674087e-07,1
G056,G062,8.950246e-07,1
G004,G064,8.881523e-07,1
G082,G100,7.955041e-07,1
G015,G023,6.1371566e-07,1
G020,G042,5.069899e-07,1
G001,G058,4.662158e-07,1
G023,G041,4.0123422e-07,1
G035,G098,3.7603314e-07,1
G002,G027,3.7334436e-07,1
G021,G035,3.591026e-07,1
G021,G091,3.4618824e-07,1
G011,G026,2.5649715e-07,1
G063,G079,2.4390508e-07,1
G036,G057,1.9981356e-07,1
G053,G055,1.8545683e-07,1
G068,G014,8.412853e-08,1
G024,G027,7.284002e-08,1
G090,G057,5.8381072e-08,1
G035,G041,4.4660915e-08,1
G069,G062,-3.2282697e-09,-1
G090,G088,-4.2776286e-08,-1
G001,G017,-1.6837615e-07,-1
G054,G069,-1.7196069e-07,-1
G089,G019,-2.5118698e-07,-1
G062,G056,-2.54973e-07,-1
G018,G092,-2.7387583e-07,-1
G027,G070,-2.982564e-07,-1
G068,G055,-2.9832228e-07,-1
G069,G078,-3.7674738e-07,-1
G010,G047,-3.93025e-07,-1
G090,G058,-4.3900542e-07,-1
G056,G051,-5.8256387e-07,-1
G035,G016,-6.443643e-07,-1
G026,G024,-6.693449e-07,-1
G040,G050,-6.8192736e-07,-1
G043,G050,-7.1897466e-07,-1
G086,G015,-7.2182127e-07,-1
G034,G064,-9.174794e-07,-1
G071,G019,-1.0658755e-06,-1
G004,G037,-1.128197e-06,-1
G005,G008,-1.1456251e-06,-1
G045,G064,-1.1679363e-06,-1
G092,G058,-1.1842724e-06,-1
G091,G089,-1.2046976e-06,-1
G081,G034,-1.2268847e-06,-1
G090,G007,-1.2876445e-06,-1
G027,G029,-1.3098137e-06,-1
G056,G096,-1.3623073e-06,-1
G075,G071,-1.3834508e-06,-1
G074,G011,-1.3858421e-06,-1
G036,G071,-1.4119562e-06,-1
G073,G042,-1.4557985e-06,-1
G027,G097,-1.5166522e-06,-1
G086,G052,-1.5226408e-06,-1
G091,G071,-1.5628075e-06,-1
G088,G025,-1.5825386e-06,-1
G098,G079,-1.6470309e-06,-1
G054,G037,-1.6606668e-06,-1
G030,G029,-1.7333691e-06,-1
G036,G005,-1.7485638e-06,-1
G054,G091,-1.8647575e-06,-1
G089,G053,-1.8734725e-06,-1
G051,G047,-1.904781e-06,-1
G042,G029,-1.9143747e-06,-1
G092,G070,-1.9660677e-06,-1
G042,G063,-1.9765757e-06,-1
G069,G046,-2.1309897e-06,-1
G058,G005,-2.145818e-06,-1
G099,G059,-2.2133609e-06,-1
G053,G029,-2.220351e-06,-1
G090,G052,-2.3792188e-06,-1
G100,G019,-2.4113967e-06,-1
G086,G017,-2.425787e-06,-1
G038,G076,-2.4608305e-06,-1
G086,G012,-2.5498734e-06,-1
G090,G074,-2.6014472e-06,-1
G021,G060,-2.8413453e-06,-1
G002,G064,-3.0331255e-06,-1
G076,G068,-3.0404535e-06,-1
G089,G037,-3.06418e-06,-1
G043,G046,-3.1837183e-06,-1
G067,G092,-3.2614769e-06,-1
G071,G059,-3.27412e-06,-1
G029,G035,-3.2779708e-06,-1
G058,G091,-3.3592828e-06,-1
G090,G076,-3.3731003e-06,-1
G024,G062,-3.3993997e-06,-1
G099,G053,-3.4205104e-06,-1
G060,G089,-3.4803647e-06,-1
G060,G065,-3.513362e-06,-1
G053,G033,-3.5185253e-06,-1
G001,G014,-3.5902483e-06,-1
G024,G009,-3.6467438e-06,-1
G051,G007,-3.6964107e-06,-1
G092,G007,-3.7775183e-06,-1
G054,G081,-3.911149e-06,-1
G043,G014,-3.954785e-06,-1
G037,G068,-4.010424e-06,-1
G099,G041,-4.057204e-06,-1
G086,G055,-4.089291e-06,-1
G037,G069,-4.0896048e-06,-1
G010,G021,-4.1366434e-06,-1
G016,G056,-4.176598e-06,-1
G036,G051,-4.2111087e-06,-1
G089,G098,-4.240905e-06,-1
G082,G070,-4.253876e-06,-1
G095,G088,-4.2867096e-06,-1
G055,G016,-4.319628e-06,-1
G053,G052,-4.3339533e-06,-1
G068,G093,-4.3843e-06,-1
G036,G053,-4.389867e-06,-1
G058,G080,-4.4668172e-06,-1
G040,G054,-4.479181e-06,-1
G024,G076,-4.5620286e-06,-1
G045,G091,-4.578094e-06,-1
G093,G096,-4.5938446e-06,-1
G033,G051,-4.6567543e-06,-1
G005,G022,-4.7057656e-06,-1
G070,G093,-4.8660704e-06,-1
G048,G057,-4.975259e-06,-1
G092,G060,-5.0132476e-06,-1
G031,G004,-5.2406076e-06,-1
G016,G036,-5.3202143e-06,-1
G036,G037,-5.331981e-06,-1
G094,G096,-5.3623558e-06,-1
G041,G080,-5.5259634e-06,-1
G078,G023,-5.6316157e-06,-1
G062,G061,-5.6560248e-06,-1
G092,G064,-5.6770464e-06,-1
G045,G051,-5.7150623e-06,-1
G090,G002,-5.7411903e-06,-1
G030,G002,-5.7649872e-06,-1
G030,G061,-5.7719376e-06,-1
G086,G018,-5.8032247e-06,-1
G076,G030,-5.825976e-06,-1
G004,G009,-5.8501114e-06,-1
G018,G086,-5.8653113e-06,-1
G041,G010,-6.053024e-06,-1
G065,G097,-6.0797793e-06,-1
G041,G051,-6.1103588e-06,-1
G018,G071,-6.146044e-06,-1
G081,G050,-6.168133e-06,-1
G001,G018,-6.2229524e-06,-1
G040,G063,-6.2260333e-06,-1
G041,G081,-6.2657246e-06,-1
G004,G061,-6.2981353e-06,-1
G092,G078,-6.3068737e-06,-1
G043,G098,-6.309512e-06,-1
G048,G042,-6.418965e-06,-1
G056,G092,-6.5217937e-06,-1
G071,G069,-6.530549e-06,-1
G018,G066,-6.5494432e-06,-1
G042,G014,-6.6287903e-06,-1
G045,G055,-6.643298e-06,-1
G077,G025,-6.670246e-06,-1
G036,G068,-6.7787814e-06,-1
G024,G007,-6.7977007e-06,-1
G099,G023,-6.948544e-06,-1
G096,G034,-6.9626185e-06,-1
G030,G012,-6.965732e-06,-1
G099,G006,-6.9920984e-06,-1
G016,G020,-7.0412793e-06,-1
G036,G021,-7.083828e-06,-1
G058,G095,-7.1085265e-06,-1
G060,G056,-7.1872973e-06,-1
G036,G100,-7.1956238e-06,-1
G036,G040,-7.2333573e-06,-1
G026,G054,-7.3815727e-06,-1
G082,G037,-7.4368163e-06,-1
G037,G074,-7.4587438e-06,-1
G022,G010,-7.486984e-06,-1
G090,G029,-7.601248e-06,-1
G041,G024,-7.706334e-06,-1
G035,G046,-7.77691e-06,-1
G002,G058,-7.887971e-06,-1
G082,G044,-7.924604e-06,-1
G005,G012,-7.939662e-06,-1
G004,G062,-8.019689e-06,-1
G076,G056,-8.101955e-06,-1
G022,G074,-8.187764e-06,-1
G022,G054,-8.3167715e-06,-1
G034,G058,-8.405529e-06,-1
G030,G090,-8.494922e-06,-1
G076,G081,-8.495301e-06,-1
G063,G058,-8.610008e-06,-1
G089,G059,-8.652748e-06,-1
G030,G062,-8.718915e-06,-1
G016,G008,-8.744078e-06,-1
G031,G056,-8.864305e-06,-1
G074,G012,-8.920206e-06,-1
G089,G041,-9.008648e-06,-1
G053,G072,-9.110404e-06,-1
G001,G097,-9.124013e-06,-1
G077,G024,-9.146215e-06,-1
G052,G093,-9.16821e-06,-1
G024,G075,-9.321027e-06,-1
G023,G044,-9.352666e-06,-1
G076,G095,-9.394672e-06,-1
G095,G043,-9.476863e-06,-1
G036,G017,-9.490346e-06,-1
G002,G021,-9.606626e-06,-1
G087,G042,-9.655104e-06,-1
G051,G002,-9.675154e-06,-1
G045,G007,-9.746516e-06,-1
G054,G083,-9.74999e-06,-1
G086,G093,-9.760607e-06,-1
G054,G059,-9.827655e-06,-1
G022,G078,-9.838126e-06,-1
G010,G006,-9.882254e-06,-1
G031,G079,-1.0102169e-05,-1
G030,G036,-1.0161594e-05,-1
G048,G030,-1.03257435e-05,-1
G026,G011,-1.0512689e-05,-1
G024,G001,-1.05534655e-05,-1
G037,G012,-1.0655946e-05,-1
G008,G048,-1.0695308e-05,-1
G031,G039,-1.0709462e-05,-1
G011,G017,-1.0848654e-05,-1
G046,G031,-1.0891263e-05,-1
G034,G009,-1.0898484e-05,-1
G015,G042,-1.0925582e-05,-1
G018,G004,-1.0936353e-05,-1
G060,G099,-1.0947627e-05,-1
G048,G062,-1.0999806e-05,-1
G045,G080,-1.1000404e-05,-1
G099,G087,-1.1023597e-05,-1
G033,G004,-1.1175975e-05,-1
G003,G052,-1.123635e-05,-1
G067,G071,-1.1290371e-05,-1
G018,G035,-1.1303238e-05,-1
G001,G039,-1.1334093e-05,-1
G039,G026,-1.1375209e-05,-1
G023,G068,-1.1454046e-05,-1
G052,G058,-1.1471904e-05,-1
G099,G035,-1.1510987e-05,-1
G022,G064,-1.154659e-05,-1
G030,G041,-1.1559191e-05,-1
G026,G022,-1.1602938e-05,-1
G099,G066,-1.1665066e-05,-1
G026,G077,-1.1709026e-05,-1
G027,G002,-1.1730565e-05,-1
G065,G093,-1.1779383e-05,-1
G096,G063,-1.1851363e-05,-1
G034,G097,-1.185489e-05,-1
G031,G016,-1.1903093e-05,-1
G039,G034,-1.1943988e-05,-1
G051,G041,-1.1963471e-05,-1
G060,G079,-1.2016709e-05,-1
G069,G007,-1.2069106e-05,-1
G021,G024,-1.2096515e-05,-1
G100,G028,-1.2133376e-05,-1
G026,G096,-1.2250059e-05,-1
G004,G098,-1.2282994e-05,-1
G093,G064,-1.2356578e-05,-1
G036,G050,-1.2365916e-05,-1
G056,G002,-1.2373518e-05,-1
G004,G026,-1.2447724e-05,-1
G004,G090,-1.2578392e-05,-1
G099,G061,-1.2646087e-05,-1
G082,G002,-1.2681241e-05,-1
G043,G009,-1.2690487e-05,-1
G065,G061,-1.2789296e-05,-1
G074,G095,-1.2864501e-05,-1
G073,G029,-1.2879123e-05,-1
G052,G086,-1.2920455e-05,-1
G052,G060,-1.2933807e-05,-1
G062,G029,-1.2974168e-05,-1
G054,G017,-1.3031219e-05,-1
G100,G055,-1.3035716e-05,-1
G060,G044,-1.3062854e-05,-1
G025,G041,-1.3112928e-05,-1
G034,G051,-1.3213815e-05,-1
G015,G043,-1.3237043e-05,-1
G062,G026,-1.3261196e-05,-1
G048,G086,-1.3279697e-05,-1
G022,G037,-1.3287698e-05,-1
G003,G086,-1.3291883e-05,-1
G069,G071,-1.3292681e-05,-1
G039,G086,-1.3326884e-05,-1
G072,G061,-1.3412469e-05,-1
G062,G066,-1.3466863e-05,-1
G036,G024,-1.3495293e-05,-1
G035,G004,-1.3548437e-05,-1
G086,G078,-1.3613069e-05,-1
G038,G096,-1.3661096e-05,-1
G016,G097,-1.36822355e-05,-1
G076,G040,-1.374219e-05,-1
G092,G019,-1.3750885e-05,-1
G063,G046,-1.37829e-05,-1
G044,G095,-1.3785235e-05,-1
G039,G061,-1.38562355e-05,-1
G021,G050,-1.38817595e-05,-1
G074,G026,-1.3958097e-05,-1
G072,G060,-1.3992797e-05,-1
G018,G075,-1.40126585e-05,-1
G089,G017,-1.401916e-05,-1
G014,G079,-1.4081433e-05,-1
G039,G051,-1.4203181e-05,-1
G024,G057,-1.4276941e-05,-1
G004,G047,-1.4307798e-05,-1
G036,G093,-1.4509442e-05,-1
G043,G067,-1.4581176e-05,-1
G024,G087,-1.4614572e-05,-1
G069,G090,-1.4621365e-05,-1
G024,G002,-1.4703964e-05,-1
G060,G092,-1.4768676e-05,-1
G074,G055,-1.477206e-05,-1
G041,G012,-1.482115e-05,-1
G002,G046,-1.4857697e-05,-1
G039,G089,-1.48849285e-05,-1
G081,G076,-1.4908946e-05,-1
G076,G004,-1.4938113e-05,-1
G039,G090,-1.5008903e-05,-1
G044,G070,-1.5020958e-05,-1
G054,G002,-1.5052853e-05,-1
G047,G037,-1.5074622e-05,-1
G052,G081,-1.5116947e-05,-1
G086,G041,-1.5118396e-05,-1
G070,G014,-1.5216873e-05,-1
G080,G056,-1.5263713e-05,-1
G023,G079,-1.5287727e-05,-1
G099,G071,-1.5362326e-05,-1
G068,G051,-1.5407244e-05,-1
G073,G002,-1.5418527e-05,-1
G015,G078,-1.545322e-05,-1
G081,G044,-1.5490297e-05,-1
G041,G061,-1.5599917e-05,-1
G076,G069,-1.5768355e-05,-1
G092,G031,-1.579752e-05,-1
G026,G060,-1.5837317e-05,-1
G073,G051,-1.5848345e-05,-1
G054,G001,-1.5853368e-05,-1
G056,G020,-1.5928294e-05,-1
G035,G062,-1.5948113e-05,-1
G092,G033,-1.5963802e-05,-1
G053,G054,-1.599674e-05,-1
G074,G042,-1.6010586e-05,-1
G003,G036,-1.6139331e-05,-1
G074,G047,-1.6145674e-05,-1
G072,G068,-1.627869e-05,-1
G085,G048,-1.6367088e-05,-1
G016,G069,-1.6479124e-05,-1
G092,G065,-1.6496251e-05,-1
G095,G056,-1.6498214e-05,-1
G048,G084,-1.6538726e-05,-1
G004,G065,-1.6654712e-05,-1
G089,G047,-1.6835354e-05,-1
G026,G092,-1.6843054e-05,-1
G067,G029,-1.6853786e-05,-1
G067,G097,-1.6914737e-05,-1
G015,G039,-1.6976901e-05,-1
G054,G097,-1.6990392e-05,-1
G002,G017,-1.701892e-05,-1
G054,G004,-1.7065722e-05,-1
G045,G040,-1.7081107e-05,-1
G040,G025,-1.7081338e-05,-1
G048,G059,-1.7094635e-05,-1
G053,G079,-1.710733e-05,-1
G086,G085,-1.711041e-05,-1
G038,G010,-1.714614e-05,-1
G024,G039,-1.7168584e-05,-1
G100,G097,-1.7196535e-05,-1
G002,G063,-1.7357306e-05,-1
G087,G021,-1.741402e-05,-1
G076,G058,-1.7432174e-05,-1
G038,G064,-1.7635493e-05,-1
G044,G042,-1.7655328e-05,-1
G071,G030,-1.780517e-05,-1
G021,G011,-1.7827826e-05,-1
G089,G097,-1.7861885e-05,-1
G077,G087,-1.7874898e-05,-1
G082,G035,-1.7934268e-05,-1
G030,G001,-1.7963066e-05,-1
G029,G084,-1.7990775e-05,-1
G016,G060,-1.8053714e-05,-1
G062,G024,-1.8089278e-05,-1
G042,G061,-1.8153145e-05,-1
G071,G091,-1.825117e-05,-1
G089,G078,-1.8265937e-05,-1
G018,G063,-1.8291803e-05,-1
G029,G021,-1.8299977e-05,-1
G041,G065,-1.8325401e-05,-1
G023,G007,-1.8326698e-05,-1
G018,G065,-1.832739e-05,-1
G018,G091,-1.835086e-05,-1
G024,G022,-1.8398994e-05,-1
G082,G036,-1.8400324e-05,-1
G056,G061,-1.8445997e-05,-1
G033,G036,-1.8451634e-05,-1
G042,G087,-1.847366e-05,-1
G089,G020,-1.8479523e-05,-1
G071,G081,-1.8555766e-05,-1
G031,G022,-1.8579978e-05,-1
G082,G088,-1.8621413e-05,-1
G060,G037,-1.8659972e-05,-1
G087,G079,-1.870737e-05,-1
G053,G025,-1.8824618e-05,-1
G045,G025,-1.8899225e-05,-1
G080,G072,-1.8905675e-05,-1
G056,G097,-1.8913888e-05,-1
G027,G033,-1.8930386e-05,-1
G074,G039,-1.8943741e-05,-1
G044,G026,-1.8999966e-05,-1
G065,G004,-1.900595e-05,-1
G043,G058,-1.9009101e-05,-1
G041,G027,-1.9033854e-05,-1
G001,G005,-1.9340509e-05,-1
G016,G009,-1.9345407e-05,-1
G024,G014,-1.9364616e-05,-1
G051,G024,-1.9371219e-05,-1
G052,G056,-1.940352e-05,-1
G038,G057,-1.9424077e-05,-1
G052,G079,-1.9491708e-05,-1
G035,G009,-1.9523402e-05,-1
G069,G088,-1.9547932e-05,-1
G031,G055,-1.9622186e-05,-1
G089,G099,-1.974121e-05,-1
G087,G047,-1.9764035e-05,-1
G002,G057,-1.9847479e-05,-1
G064,G060,-1.9929063e-05,-1
G036,G058,-2.0043763e-05,-1
G022,G076,-2.005998e-05,-1
G027,G072,-2.0110567e-05,-1
G056,G046,-2.0120166e-05,-1
G027,G041,-2.0186459e-05,-1
G051,G092,-2.0349717e-05,-1
G054,G031,-2.037741e-05,-1
G026,G030,-2.0416699e-05,-1
G073,G079,-2.059761e-05,-1
G039,G050,-2.0616852e-05,-1
G012,G008,-2.0656606e-05,-1
G068,G023,-2.067122e-05,-1
G076,G043,-2.0702619e-05,-1
G054,G025,-2.0728592e-05,-1
G054,G022,-2.0772533e-05,-1
G070,G079,-2.0794128e-05,-1
G097,G038,-2.0826166e-05,-1
G086,G026,-2.0875883e-05,-1
G024,G051,-2.089092e-05,-1
G076,G062,-2.0914322e-05,-1
G054,G068,-2.0929703e-05,-1
G091,G079,-2.095053e-05,-1
G039,G047,-2.1075259e-05,-1
G069,G044,-2.1154461e-05,-1
G052,G072,-2.1168516e-05,-1
G092,G015,-2.1214142e-05,-1
G030,G083,-2.124118e-05,-1
G016,G052,-2.125882e-05,-1
G044,G036,-2.1299102e-05,-1
G039,G095,-2.1438807e-05,-1
G013,G082,-2.1471436e-05,-1
G072,G092,-2.1472313e-05,-1
G072,G089,-2.1518747e-05,-1
G004,G046,-2.1532576e-05,-1
G067,G012,-2.1571985e-05,-1
G069,G055,-2.1573442e-05,-1
G002,G078,-2.159866e-05,-1
G006,G028,-2.1608312e-05,-1
G034,G071,-2.1631226e-05,-1
G034,G010,-2.1653377e-05,-1
G058,G075,-2.1751013e-05,-1
G010,G063,-2.1766336e-05,-1
G055,G043,-2.1781672e-05,-1
G095,G053,-2.1863762e-05,-1
G090,G044,-2.1867952e-05,-1
G093,G018,-2.1881297e-05,-1
G016,G029,-2.2070964e-05,-1
G090,G001,-2.2074579e-05,-1
G007,G031,-2.2113692e-05,-1
G069,G068,-2.2119395e-05,-1
G036,G096,-2.234078e-05,-1
G004,G030,-2.2458891e-05,-1
G056,G038,-2.247361e-05,-1
G065,G057,-2.2527081e-05,-1
G026,G009,-2.2533732e-05,-1
G063,G097,-2.253405e-05,-1
G036,G019,-2.2542948e-05,-1
G001,G054,-2.2651308e-05,-1
G069,G018,-2.269263e-05,-1
G035,G080,-2.2733333e-05,-1
G069,G066,-2.290759e-05,-1
G067,G036,-2.2924316e-05,-1
G015,G002,-2.2929607e-05,-1
G095,G099,-2.2938439e-05,-1
G077,G005,-2.2951748e-05,-1
G022,G026,-2.2953578e-05,-1
G023,G028,-2.2964701e-05,-1
G095,G084,-2.2966173e-05,-1
G010,G074,-2.3001143e-05,-1
G035,G002,-2.3016722e-05,-1
G030,G019,-2.303399e-05,-1
G016,G027,-2.307544e-05,-1
G015,G008,-2.3113684e-05,-1
G035,G056,-2.3145e-05,-1
G071,G088,-2.3187473e-05,-1
G018,G059,-2.3474106e-05,-1
G016,G077,-2.3593333e-05,-1
G076,G086,-2.3602473e-05,-1
G096,G078,-2.366512e-05,-1
G015,G038,-2.3888442e-05,-1
G048,G092,-2.3891105e-05,-1
G038,G065,-2.3904078e-05,-1
G068,G039,-2.39316e-05,-1
G027,G056,-2.394145e-05,-1
G085,G031,-2.3967916e-05,-1
G065,G051,-2.4011997e-05,-1
G051,G073,-2.4016073e-05,-1
G073,G060,-2.408135e-05,-1
G040,G005,-2.4095656e-05,-1
G004,G031,-2.4172574e-05,-1
G021,G051,-2.4269852e-05,-1
G008,G051,-2.427945e-05,-1
G055,G070,-2.4280407e-05,-1
G099,G096,-2.4293964e-05,-1
G098,G092,-2.4346627e-05,-1
G021,G064,-2.4351672e-05,-1
G065,G030,-2.4404353e-05,-1
G035,G055,-2.442556e-05,-1
G067,G054,-2.444218e-05,-1
G075,G094,-2.4489611e-05,-1
G081,G060,-2.4567718e-05,-1
G001,G004,-2.4571618e-05,-1
G035,G039,-2.4572417e-05,-1
G007,G100,-2.4580073e-05,-1
G020,G026,-2.4648714e-05,-1
G039,G054,-2.4681754e-05,-1
G036,G084,-2.4802972e-05,-1
G033,G062,-2.4804243e-05,-1
G057,G099,-2.4893558e-05,-1
G010,G007,-2.4909643e-05,-1
G050,G054,-2.4940791e-05,-1
G022,G057,-2.5120295e-05,-1
G090,G077,-2.5161482e-05,-1
G089,G075,-2.52017e-05,-1
G065,G054,-2.5283296e-05,-1
G085,G020,-2.529455e-05,-1
G052,G002,-2.5296054e-05,-1
G022,G061,-2.53023e-05,-1
G034,G062,-2.532581e-05,-1
G044,G089,-2.5501828e-05,-1
G003,G019,-2.5553367e-05,-1
G045,G061,-2.5612608e-05,-1
G090,G027,-2.5652338e-05,-1
G042,G072,-2.5697496e-05,-1
G056,G025,-2.5718442e-05,-1
G056,G090,-2.5738249e-05,-1
G049,G051,-2.5827838e-05,-1
G077,G021,-2.5849024e-05,-1
G024,G019,-2.5923478e-05,-1
G039,G037,-2.5985819e-05,-1
G021,G092,-2.6087744e-05,-1
G051,G059,-2.6088763e-05,-1
G095,G059,-2.6101843e-05,-1
G099,G014,-2.6173691e-05,-1
G063,G068,-2.6180553e-05,-1
G035,G074,-2.619038e-05,-1
G076,G075,-2.6278329e-05,-1
G027,G005,-2.6296175e-05,-1
G035,G057,-2.6313368e-05,-1
G041,G039,-2.6349482e-05,-1
G080,G062,-2.6403806e-05,-1
G077,G051,-2.643364e-05,-1
G036,G025,-2.649405e-05,-1
G002,G036,-2.6528221e-05,-1
G048,G035,-2.655247e-05,-1
G090,G092,-2.6649619e-05,-1
G015,G100,-2.6713367e-05,-1
G037,G066,-2.6723019e-05,-1
G074,G056,-2.696115e-05,-1
G036,G046,-2.6962192e-05,-1
G058,G010,-2.6997484e-05,-1
G035,G095,-2.6998212e-05,-1
G055,G097,-2.712367e-05,-1
G016,G076,-2.7154543e-05,-1
G051,G026,-2.7183445e-05,-1
G069,G014,-2.7286585e-05,-1
G036,G077,-2.7290356e-05,-1
G076,G051,-2.7373158e-05,-1
G091,G011,-2.7461943e-05,-1
G060,G025,-2.7504537e-05,-1
G022,G028,-2.753443e-05,-1
G093,G017,-2.7601454e-05,-1
G016,G084,-2.7660673e-05,-1
G069,G016,-2.7662318e-05,-1
G043,G004,-2.7663462e-05,-1
G052,G029,-2.7908922e-05,-1
G059,G080,-2.7924016e-05,-1
G086,G016,-2.7971359e-05,-1
G002,G044,-2.8049904e-05,-1
G072,G026,-2.8079257e-05,-1
G024,G063,-2.8094177e-05,-1
G060,G100,-2.8242317e-05,-1
G004,G072,-2.8248587e-05,-1
G054,G071,-2.8259534e-05,-1
G078,G076,-2.8315377e-05,-1
G030,G022,-2.832274e-05,-1
G002,G015,-2.8454095e-05,-1
G053,G023,-2.8529554e-05,-1
G030,G057,-2.8546532e-05,-1
G058,G011,-2.8552095e-05,-1
G024,G030,-2.8608598e-05,-1
G072,G031,-2.8648707e-05,-1
G090,G004,-2.8659088e-05,-1
G060,G053,-2.869061e-05,-1
G090,G068,-2.870039e-05,-1
G071,G050,-2.8724284e-05,-1
G034,G031,-2.8730978e-05,-1
G071,G044,-2.8767772e-05,-1
G035,G076,-2.8813336e-05,-1
G054,G089,-2.8884531e-05,-1
G051,G023,-2.8917657e-05,-1
G034,G065,-2.8938413e-05,-1
G056,G017,-2.895982e-05,-1
G039,G093,-2.8961344e-05,-1
G041,G089,-2.8964354e-05,-1
G006,G062,-2.8974591e-05,-1
G094,G091,-2.9021754e-05,-1
G054,G046,-2.9031253e-05,-1
G001,G061,-2.9045244e-05,-1
G065,G024,-2.9062325e-05,-1
G070,G099,-2.9108454e-05,-1
G031,G009,-2.9172852e-05,-1
G056,G024,-2.9201967e-05,-1
G031,G065,-2.9242674e-05,-1
G010,G004,-2.933877e-05,-1
G056,G004,-2.9416591e-05,-1
G041,G004,-2.941979e-05,-1
G054,G090,-2.9432533e-05,-1
G039,G074,-2.944924e-05,-1
G022,G075,-2.9517207e-05,-1
G001,G087,-2.9533712e-05,-1
G041,G086,-2.9556164e-05,-1
G035,G059,-2.959109e-05,-1
G082,G062,-2.9701254e-05,-1
G024,G041,-2.9709441e-05,-1
G051,G031,-2.9741614e-05,-1
G089,G092,-2.982565e-05,-1
G088,G005,-2.9871857e-05,-1
G082,G031,-2.9875135e-05,-1
G036,G023,-2.9884452e-05,-1
G011,G050,-2.9981133e-05,-1
G092,G051,-3.0016829e-05,-1
G041,G098,-3.0189489e-05,-1
G064,G001,-3.0265786e-05,-1
G093,G014,-3.0287205e-05,-1
G097,G016,-3.0296493e-05,-1
G018,G016,-3.034443e-05,-1
G086,G009,-3.0346175e-05,-1
G016,G086,-3.0387782e-05,-1
G004,G001,-3.056412e-05,-1
G052,G035,-3.0610496e-05,-1
G093,G050,-3.0615636e-05,-1
G015,G099,-3.061766e-05,-1
G100,G062,-3.0658928e-05,-1
G034,G078,-3.0682717e-05,-1
G055,G044,-3.070039e-05,-1
G038,G091,-3.0715633e-05,-1
G044,G078,-3.0720614e-05,-1
G033,G077,-3.0749008e-05,-1
G076,G047,-3.075645e-05,-1
G042,G022,-3.0798077e-05,-1
G093,G081,-3.085323e-05,-1
G024,G018,-3.086411e-05,-1
G065,G011,-3.0900203e-05,-1
G052,G080,-3.0958618e-05,-1
G071,G034,-3.0984254e-05,-1
G004,G002,-3.099568e-05,-1
G092,G093,-3.100238e-05,-1
G008,G004,-3.101498e-05,-1
G076,G015,-3.104049e-05,-1
G004,G034,-3.1112555e-05,-1
G086,G024,-3.1132797e-05,-1
G036,G002,-3.1181375e-05,-1
G015,G051,-3.1205363e-05,-1
G068,G019,-3.1240415e-05,-1
G056,G029,-3.1371623e-05,-1
G051,G027,-3.1454958e-05,-1
G003,G051,-3.1490166e-05,-1
G083,G094,-3.1541116e-05,-1
G093,G044,-3.158201e-05,-1
G042,G066,-3.1636024e-05,-1
G056,G021,-3.164508e-05,-1
G024,G068,-3.1692278e-05,-1
G042,G001,-3.1732252e-05,-1
G036,G075,-3.1784493e-05,-1
G018,G067,-3.1786054e-05,-1
G055,G002,-3.1811727e-05,-1
G007,G065,-3.1831634e-05,-1
G042,G027,-3.191258e-05,-1
G093,G072,-3.1948588e-05,-1
G099,G040,-3.2067914e-05,-1
G086,G020,-3.207941e-05,-1
G093,G026,-3.2301105e-05,-1
G043,G097,-3.2336946e-05,-1
G018,G081,-3.234529e-05,-1
G061,G040,-3.2397704e-05,-1
G034,G098,-3.255885e-05,-1
G030,G064,-3.2664168e-05,-1
G024,G017,-3.2670898e-05,-1
G024,G090,-3.2679913e-05,-1
G058,G020,-3.268233e-05,-1
G041,G031,-3.272977e-05,-1
G030,G009,-3.277178e-05,-1
G036,G059,-3.2815195e-05,-1
G063,G041,-3.2815566e-05,-1
G049,G004,-3.2831827e-05,-1
G053,G051,-3.2952135e-05,-1
G002,G054,-3.307888e-05,-1
G099,G086,-3.3141117e-05,-1
G033,G099,-3.314609e-05,-1
G018,G080,-3.325558e-05,-1
G075,G060,-3.329645e-05,-1
G003,G044,-3.3304997e-05,-1
G010,G054,-3.3376236e-05,-1
G031,G064,-3.341355e-05,-1
G086,G056,-3.348905e-05,-1
G074,G094,-3.362333e-05,-1
G003,G023,-3.366723e-05,-1
G065,G042,-3.3696597e-05,-1
G018,G019,-3.3718952e-05,-1
G069,G040,-3.375696e-05,-1
G063,G096,-3.3777684e-05,-1
G044,G035,-3.3779757e-05,-1
G053,G064,-3.3784436e-05,-1
G034,G047,-3.386027e-05,-1
G024,G043,-3.392216e-05,-1
G088,G036,-3.3981065e-05,-1
G055,G036,-3.399171e-05,-1
G037,G004,-3.4056902e-05,-1
G036,G065,-3.4065244e-05,-1
G010,G081,-3.4212753e-05,-1
G037,G053,-3.426491e-05,-1
G052,G012,-3.4283777e-05,-1
G033,G017,-3.436194e-05,-1
G060,G024,-3.4376164e-05,-1
G018,G007,-3.4378227e-05,-1
G016,G053,-3.442824e-05,-1
G035,G096,-3.4469565e-05,-1
G054,G009,-3.4510776e-05,-1
G060,G071,-3.4527944e-05,-1
G038,G056,-3.4544282e-05,-1
G029,G010,-3.4589666e-05,-1
G047,G033,-3.4658806e-05,-1
G029,G063,-3.482283e-05,-1
G029,G011,-3.482431e-05,-1
G033,G040,-3.4831868e-05,-1
G044,G061,-3.4837485e-05,-1
G002,G083,-3.4868517e-05,-1
G092,G011,-3.49025e-05,-1
G054,G088,-3.4973673e-05,-1
G022,G095,-3.5095927e-05,-1
G096,G018,-3.5100667e-05,-1
G021,G069,-3.5137396e-05,-1
G034,G039,-3.5147757e-05,-1
G099,G055,-3.528583e-05,-1
G030,G084,-3.5341483e-05,-1
G056,G079,-3.5350655e-05,-1
G097,G079,-3.537764e-05,-1
G053,G007,-3.5381065e-05,-1
G007,G010,-3.5398574e-05,-1
G055,G099,-3.5441095e-05,-1
G034,G035,-3.5540677e-05,-1
G033,G095,-3.557826e-05,-1
G086,G096,-3.5615663e-05,-1
G054,G080,-3.5653775e-05,-1
G091,G054,-3.5695935e-05,-1
G064,G009,-3.572334e-05,-1
G051,G098,-3.5745295e-05,-1
G014,G100,-3.5772275e-05,-1
G091,G075,-3.5899582e-05,-1
G053,G093,-3.5988814e-05,-1
G024,G065,-3.6058824e-05,-1
G038,G079,-3.6110665e-05,-1
G055,G093,-3.611209e-05,-1
G034,G077,-3.6151938e-05,-1
G064,G072,-3.618788e-05,-1
G033,G091,-3.627989e-05,-1
G056,G010,-3.6346068e-05,-1
G080,G096,-3.6366284e-05,-1
G053,G020,-3.638533e-05,-1
G096,G071,-3.6493948e-05,-1
G064,G074,-3.6506335e-05,-1
G078,G010,-3.6534668e-05,-1
G093,G063,-3.6543264e-05,-1
G002,G091,-3.6653943e-05,-1
G089,G035,-3.6684156e-05,-1
G034,G054,-3.6714166e-05,-1
G076,G002,-3.6714642e-05,-1
G058,G089,-3.6722042e-05,-1
G063,G062,-3.679443e-05,-1
G030,G092,-3.680382e-05,-1
G054,G095,-3.6838133e-05,-1
G025,G099,-3.6892194e-05,-1
G038,G002,-3.6957314e-05,-1
G030,G070,-3.7022706e-05,-1
G096,G002,-3.7114016e-05,-1
G097,G043,-3.7119702e-05,-1
G071,G051,-3.714838e-05,-1
G022,G027,-3.7200283e-05,-1
G016,G037,-3.7215e-05,-1
G092,G036,-3.730086e-05,-1
G039,G004,-3.7317455e-05,-1
G037,G043,-3.7409038e-05,-1
G049,G039,-3.744167e-05,-1
G074,G053,-3.7443482e-05,-1
G018,G068,-3.761534e-05,-1
G061,G015,-3.7641432e-05,-1
G045,G011,-3.7667913e-05,-1
G040,G074,-3.7692353e-05,-1
G099,G072,-3.7757476e-05,-1
G060,G001,-3.7876773e-05,-1
G043,G071,-3.789792e-05,-1
G051,G078,-3.79485e-05,-1
G068,G035,-3.801313e-05,-1
G060,G029,-3.8043265e-05,-1
G003,G100,-3.8053044e-05,-1
G049,G081,-3.8060658e-05,-1
G072,G081,-3.8063976e-05,-1
G096,G012,-3.8066413e-05,-1
G071,G056,-3.80699e-05,-1
G024,G077,-3.8253555e-05,-1
G015,G022,-3.829821e-05,-1
G054,G100,-3.831628e-05,-1
G051,G079,-3.8570484e-05,-1
G002,G074,-3.8605893e-05,-1
G010,G071,-3.8623464e-05,-1
G063,G060,-3.8696176e-05,-1
G038,G086,-3.8781425e-05,-1
G003,G084,-3.8815146e-05,-1
G022,G081,-3.8829716e-05,-1
G095,G031,-3.8934682e-05,-1
G069,G017,-3.898349e-05,-1
G013,G006,-3.9025545e-05,-1
G036,G063,-3.908449e-05,-1
G022,G059,-3.9111095e-05,-1
G018,G051,-3.911149e-05,-1
G026,G027,-3.9221788e-05,-1
G052,G077,-3.9252118e-05,-1
G046,G038,-3.9309056e-05,-1
G030,G096,-3.932156e-05,-1
G016,G093,-3.9373277e-05,-1
G021,G097,-3.9421186e-05,-1
G001,G071,-3.94428e-05,-1
G002,G009,-3.9450428e-05,-1
G001,G036,-3.9518884e-05,-1
G031,G024,-3.95282e-05,-1
G004,G078,-3.9601684e-05,-1
G056,G064,-3.9715906e-05,-1
G057,G024,-3.9750597e-05,-1
G024,G034,-3.9752384e-05,-1
G029,G041,-3.976232e-05,-1
G002,G039,-3.977146e-05,-1
G054,G060,-3.9870723e-05,-1
G027,G021,-3.9882376e-05,-1
G055,G034,-3.99271e-05,-1
G030,G075,-3.9941395e-05,-1
G058,G069,-3.9968763e-05,-1
G040,G006,-3.9973624e-05,-1
G056,G075,-4.0030085e-05,-1
G042,G019,-4.0056093e-05,-1
G090,G034,-4.0056326e-05,-1
G010,G095,-4.0057046e-05,-1
G010,G030,-4.0109004e-05,-1
G099,G080,-4.0111994e-05,-1
G056,G065,-4.016064e-05,-1
G072,G057,-4.0173978e-05,-1
G027,G076,-4.018632e-05,-1
G076,G029,-4.03628e-05,-1
G039,G031,-4.0473435e-05,-1
G085,G060,-4.047986e-05,-1
G027,G065,-4.0533116e-05,-1
G008,G090,-4.0536957e-05,-1
G010,G088,-4.053701e-05,-1
G024,G056,-4.0568862e-05,-1
G049,G062,-4.060987e-05,-1
G099,G067,-4.0693325e-05,-1
G021,G086,-4.0720228e-05,-1
G042,G064,-4.07791e-05,-1
G026,G066,-4.0814262e-05,-1
G091,G049,-4.0863182e-05,-1
G016,G070,-4.089628e-05,-1
G024,G088,-4.107094e-05,-1
G016,G074,-4.107384e-05,-1
G033,G009,-4.1133284e-05,-1
G018,G090,-4.1158703e-05,-1
G030,G020,-4.1193423e-05,-1
G049,G078,-4.1305328e-05,-1
G004,G057,-4.1313495e-05,-1
G071,G097,-4.1314517e-05,-1
G076,G017,-4.1348074e-05,-1
G046,G030,-4.135848e-05,-1
G039,G058,-4.136509e-05,-1
G072,G069,-4.1442192e-05,-1
G024,G031,-4.15468e-05,-1
G036,G095,-4.158293e-05,-1
G002,G062,-4.160717e-05,-1
G071,G095,-4.1679716e-05,-1
G002,G033,-4.1701944e-05,-1
G055,G037,-4.1740404e-05,-1
G036,G062,-4.1752628e-05,-1
G093,G053,-4.1780077e-05,-1
G056,G011,-4.1888947e-05,-1
G099,G068,-4.190894e-05,-1
G031,G006,-4.194225e-05,-1
G093,G037,-4.1949435e-05,-1
G012,G038,-4.199809e-05,-1
G035,G060,-4.200206e-05,-1
G016,G071,-4.2011165e-05,-1
G052,G055,-4.20152e-05,-1
G027,G086,-4.2051422e-05,-1
G054,G020,-4.207766e-05,-1
G022,G019,-4.2137326e-05,-1
G092,G044,-4.219903e-05,-1
G053,G050,-4.22286e-05,-1
G060,G070,-4.223729e-05,-1
G031,G096,-4.224237e-05,-1
G056,G037,-4.2259482e-05,-1
G038,G023,-4.231228e-05,-1
G031,G057,-4.2316893e-05,-1
G024,G016,-4.2385713e-05,-1
G081,G072,-4.2522533e-05,-1
G060,G027,-4.25578e-05,-1
G095,G010,-4.2612573e-05,-1
G054,G058,-4.2617474e-05,-1
G052,G037,-4.272501e-05,-1
G056,G071,-4.2755706e-05,-1
G086,G068,-4.2812768e-05,-1
G016,G044,-4.281656e-05,-1
G093,G038,-4.282545e-05,-1
G086,G022,-4.28338e-05,-1
G093,G029,-4.2856158e-05,-1
G030,G037,-4.2906187e-05,-1
G010,G020,-4.2919986e-05,-1
G096,G038,-4.299309e-05,-1
G046,G051,-4.301156e-05,-1
G060,G031,-4.304362e-05,-1
G052,G036,-4.3230906e-05,-1
G092,G027,-4.3487922e-05,-1
G034,G086,-4.351447e-05,-1
G039,G001,-4.3526663e-05,-1
G086,G057,-4.353756e-05,-1
G098,G031,-4.3584718e-05,-1
G053,G037,-4.3633227e-05,-1
G071,G055,-4.3635002e-05,-1
G026,G056,-4.3645094e-05,-1
G026,G086,-4.3701242e-05,-1
G030,G027,-4.3770964e-05,-1
G092,G071,-4.3801898e-05,-1
G004,G025,-4.3805452e-05,-1
G049,G019,-4.385169e-05,-1
G031,G092,-4.385292e-05,-1
G086,G053,-4.3901822e-05,-1
G003,G079,-4.402141e-05,-1
G099,G051,-4.4043773e-05,-1
G052,G040,-4.404746e-05,-1
G088,G010,-4.4058877e-05,-1
G099,G090,-4.4098215e-05,-1
G037,G050,-4.4118464e-05,-1
G096,G036,-4.4119264e-05,-1
G033,G022,-4.414051e-05,-1
G048,G054,-4.420151e-05,-1
G082,G071,-4.4240074e-05,-1
G029,G038,-4.427712e-05,-1
G099,G030,-4.43063e-05,-1
G041,G023,-4.431732e-05,-1
G031,G020,-4.4320557e-05,-1
G071,G058,-4.436452e-05,-1
G038,G046,-4.436916e-05,-1
G031,G098,-4.4422773e-05,-1
G074,G035,-4.4433866e-05,-1
G057,G031,-4.4449822e-05,-1
G076,G070,-4.4464792e-05,-1
G033,G084,-4.454162e-05,-1
G022,G031,-4.454621e-05,-1
G003,G047,-4.457187e-05,-1
G082,G074,-4.458664e-05,-1
G018,G034,-4.4637356e-05,-1
G034,G022,-4.474187e-05,-1
G016,G064,-4.4851837e-05,-1
G033,G060,-4.487279e-05,-1
G016,G055,-4.4879653e-05,-1
G048,G006,-4.5014673e-05,-1
G071,G082,-4.501998e-05,-1
G037,G015,-4.5023262e-05,-1
G074,G004,-4.506055e-05,-1
G034,G081,-4.5101595e-05,-1
G010,G092,-4.5135595e-05,-1
G031,G019,-4.51541e-05,-1
G025,G074,-4.5211767e-05,-1
G058,G024,-4.5240173e-05,-1
G063,G050,-4.525894e-05,-1
G078,G073,-4.5322744e-05,-1
G054,G018,-4.5330777e-05,-1
G093,G010,-4.5395143e-05,-1
G042,G095,-4.5401273e-05,-1
G076,G090,-4.5461868e-05,-1
G003,G039,-4.5545068e-05,-1
G001,G068,-4.5571058e-05,-1
G035,G086,-4.559536e-05,-1
G018,G093,-4.5638215e-05,-1
G049,G076,-4.5666427e-05,-1
G060,G072,-4.572054e-05,-1
G054,G074,-4.5739667e-05,-1
G056,G058,-4.5750956e-05,-1
G052,G054,-4.5782414e-05,-1
G089,G018,-4.5802e-05,-1
G036,G010,-4.581659e-05,-1
G095,G052,-4.5867553e-05,-1
G056,G009,-4.5898876e-05,-1
G022,G035,-4.6011388e-05,-1
G054,G075,-4.61062e-05,-1
G065,G015,-4.611355e-05,-1
G060,G069,-4.613022e-05,-1
G060,G091,-4.6143585e-05,-1
G051,G028,-4.6248482e-05,-1
G093,G069,-4.6310026e-05,-1
G049,G037,-4.6329522e-05,-1
G025,G010,-4.6352918e-05,-1
G016,G034,-4.639032e-05,-1
G030,G031,-4.6438232e-05,-1
G084,G079,-4.645077e-05,-1
G030,G007,-4.648399e-05,-1
G001,G053,-4.6491168e-05,-1
G030,G038,-4.6506444e-05,-1
G036,G039,-4.6527046e-05,-1
G026,G046,-4.653489e-05,-1
G026,G099,-4.658893e-05,-1
G080,G037,-4.66088e-05,-1
G078,G051,-4.6654066e-05,-1
G065,G095,-4.6823738e-05,-1
G022,G062,-4.684949e-05,-1
G004,G038,-4.6889912e-05,-1
G051,G036,-4.6922243e-05,-1
G054,G052,-4.700935e-05,-1
G060,G021,-4.7114125e-05,-1
G069,G081,-4.7207745e-05,-1
G033,G075,-4.7261234e-05,-1
G033,G068,-4.729169e-05,-1
G060,G055,-4.7315978e-05,-1
G034,G021,-4.732722e-05,-1
G086,G047,-4.7367415e-05,-1
G048,G060,-4.7628433e-05,-1
G042,G084,-4.7760663e-05,-1
G052,G004,-4.7772694e-05,-1
G018,G098,-4.7789923e-05,-1
G025,G006,-4.7796257e-05,-1
G064,G063,-4.788082e-05,-1
G062,G054,-4.7894926e-05,-1
G017,G002,-4.7997764e-05,-1
G091,G019,-4.8006586e-05,-1
G002,G041,-4.809048e-05,-1
G054,G027,-4.809679e-05,-1
G045,G050,-4.811249e-05,-1
G019,G079,-4.813331e-05,-1
G089,G057,-4.8252932e-05,-1
G045,G029,-4.8340804e-05,-1
G044,G040,-4.835525e-05,-1
G024,G095,-4.8434867e-05,-1
G016,G089,-4.8446993e-05,-1
G024,G046,-4.8487374e-05,-1
G044,G039,-4.849131e-05,-1
G049,G021,-4.8587714e-05,-1
G090,G020,-4.8651757e-05,-1
G097,G040,-4.8692862e-05,-1
G076,G053,-4.8821898e-05,-1
G089,G014,-4.8827547e-05,-1
G037,G077,-4.8838618e-05,-1
G095,G060,-4.8863203e-05,-1
G010,G042,-4.8936305e-05,-1
G056,G053,-4.8939895e-05,-1
G041,G001,-4.8976024e-05,-1
G045,G070,-4.8976446e-05,-1
G093,G066,-4.9048027e-05,-1
G092,G090,-4.9089846e-05,-1
G021,G079,-4.9166014e-05,-1
G071,G020,-4.917628e-05,-1
G068,G006,-4.918178e-05,-1
G079,G043,-4.924754e-05,-1
G012,G020,-4.9325183e-05,-1
G092,G079,-4.935686e-05,-1
G092,G039,-4.9385948e-05,-1
G088,G081,-4.9443115e-05,-1
G003,G011,-4.949142e-05,-1
G034,G044,-4.95448e-05,-1
G046,G054,-4.9593637e-05,-1
G060,G030,-4.9599457e-05,-1
G054,G062,-4.9716433e-05,-1
G026,G031,-4.973344e-05,-1
G061,G043,-4.9792554e-05,-1
G062,G095,-4.982333e-05,-1
G054,G016,-4.9823724e-05,-1
G035,G027,-4.9853537e-05,-1
G031,G084,-4.9863324e-05,-1
G056,G093,-4.9889983e-05,-1
G100,G075,-4.999602e-05,-1
G032,G038,-5.0075963e-05,-1
G004,G044,-5.0148687e-05,-1
G045,G090,-5.015322e-05,-1
G022,G080,-5.0184724e-05,-1
G072,G029,-5.018576e-05,-1
G053,G027,-5.0272814e-05,-1
G095,G014,-5.0312286e-05,-1
G094,G042,-5.0320687e-05,-1
G034,G046,-5.034566e-05,-1
G007,G022,-5.0375613e-05,-1
G069,G100,-5.042177e-05,-1
G042,G017,-5.044618e-05,-1
G031,G100,-5.0479193e-05,-1
G090,G025,-5.053827e-05,-1
G035,G069,-5.054497e-05,-1
G092,G095,-5.0606486e-05,-1
G069,G091,-5.0629733e-05,-1
G003,G058,-5.0721377e-05,-1
G056,G095,-5.0732266e-05,-1
G052,G034,-5.0893424e-05,-1
G092,G089,-5.0894818e-05,-1
G014,G036,-5.0896324e-05,-1
G074,G083,-5.0951916e-05,-1
G044,G060,-5.1030387e-05,-1
G016,G040,-5.1081523e-05,-1
G100,G083,-5.120267e-05,-1
G035,G053,-5.1241837e-05,-1
G034,G007,-5.1252366e-05,-1
G041,G100,-5.1405284e-05,-1
G077,G092,-5.1527793e-05,-1
G092,G096,-5.158583e-05,-1
G024,G061,-5.1599214e-05,-1
G002,G098,-5.1601884e-05,-1
G010,G089,-5.1703213e-05,-1
G031,G069,-5.199036e-05,-1
G093,G070,-5.2004605e-05,-1
G042,G090,-5.2264008e-05,-1
G074,G059,-5.2350973e-05,-1
G031,G034,-5.235605e-05,-1
G038,G039,-5.237501e-05,-1
G090,G026,-5.2396535e-05,-1
G018,G022,-5.249193e-05,-1
G052,G022,-5.253313e-05,-1
G053,G006,-5.253795e-05,-1
G052,G074,-5.256088e-05,-1
G030,G051,-5.2607073e-05,-1
G051,G006,-5.2628195e-05,-1
G097,G047,-5.2670057e-05,-1
G018,G002,-5.2710195e-05,-1
G018,G037,-5.2796036e-05,-1
G007,G002,-5.2807114e-05,-1
G007,G006,-5.282991e-05,-1
G002,G086,-5.2840638e-05,-1
G056,G014,-5.291217e-05,-1
G054,G096,-5.297827e-05,-1
G021,G088,-5.305921e-05,-1
G055,G083,-5.3109343e-05,-1
G054,G098,-5.314618e-05,-1
G021,G002,-5.3147396e-05,-1
G009,G015,-5.318284e-05,-1
G022,G001,-5.3185257e-05,-1
G052,G014,-5.3202428e-05,-1
G062,G077,-5.3331412e-05,-1
G055,G079,-5.334773e-05,-1
G057,G046,-5.3348307e-05,-1
G072,G093,-5.338768e-05,-1
G039,G063,-5.3512427e-05,-1
G080,G002,-5.3529548e-05,-1
G058,G014,-5.355006e-05,-1
G089,G069,-5.358606e-05,-1
G053,G087,-5.3598567e-05,-1
G096,G019,-5.3640797e-05,-1
G039,G081,-5.365335e-05,-1
G055,G071,-5.3708198e-05,-1
G093,G007,-5.3792428e-05,-1
G056,G077,-5.3810272e-05,-1
G077,G078,-5.381073e-05,-1
G035,G070,-5.388322e-05,-1
G022,G089,-5.3994638e-05,-1
G039,G011,-5.4010812e-05,-1
G063,G040,-5.4094413e-05,-1
G024,G064,-5.4094853e-05,-1
G004,G015,-5.4114353e-05,-1
G037,G086,-5.4168722e-05,-1
G060,G014,-5.4209286e-05,-1
G036,G069,-5.4213237e-05,-1
G093,G088,-5.4269218e-05,-1
G089,G083,-5.4302527e-05,-1
G052,G016,-5.438646e-05,-1
G035,G037,-5.4395787e-05,-1
G057,G079,-5.450834e-05,-1
G068,G061,-5.4510438e-05,-1
G082,G087,-5.451271e-05,-1
G030,G047,-5.4612527e-05,-1
G090,G041,-5.4634416e-05,-1
G095,G087,-5.4773835e-05,-1
G015,G066,-5.4804266e-05,-1
G097,G092,-5.483638e-05,-1
G026,G061,-5.4842476e-05,-1
G055,G069,-5.486956e-05,-1
G015,G046,-5.493673e-05,-1
G002,G099,-5.499375e-05,-1
G024,G078,-5.5017234e-05,-1
G007,G037,-5.5096534e-05,-1
G011,G029,-5.517444e-05,-1
G095,G096,-5.521191e-05,-1
G026,G063,-5.540872e-05,-1
G065,G035,-5.545784e-05,-1
G026,G055,-5.545814e-05,-1
G035,G097,-5.5526845e-05,-1
G007,G090,-5.554057e-05,-1
G052,G098,-5.5653825e-05,-1
G084,G064,-5.5666264e-05,-1
G086,G046,-5.572311e-05,-1
G059,G094,-5.5822977e-05,-1
G004,G029,-5.5837274e-05,-1
G041,G068,-5.5837878e-05,-1
G054,G070,-5.583918e-05,-1
G035,G065,-5.5853863e-05,-1
G008,G064,-5.5869838e-05,-1
G036,G029,-5.5911714e-05,-1
G017,G064,-5.593586e-05,-1
G016,G028,-5.5939072e-05,-1
G033,G090,-5.596604e-05,-1
G010,G073,-5.605211e-05,-1
G001,G024,-5.607138e-05,-1
G041,G029,-5.610895e-05,-1
G072,G055,-5.6150617e-05,-1
G089,G039,-5.6158162e-05,-1
G099,G074,-5.6205357e-05,-1
G099,G029,-5.6351575e-05,-1
G094,G031,-5.63871e-05,-1
G003,G088,-5.6394223e-05,-1
G013,G079,-5.6406152e-05,-1
G039,G016,-5.6430676e-05,-1
G074,G096,-5.6451732e-05,-1
G063,G024,-5.6513934e-05,-1
G062,G033,-5.6594792e-05,-1
G080,G022,-5.666744e-05,-1
G071,G096,-5.669165e-05,-1
G034,G016,-5.6771885e-05,-1
G082,G026,-5.679968e-05,-1
G042,G002,-5.683051e-05,-1
G092,G066,-5.6926285e-05,-1
G074,G068,-5.7055844e-05,-1
G018,G060,-5.7088808e-05,-1
G083,G020,-5.7167836e-05,-1
G062,G049,-5.719347e-05,-1
G015,G036,-5.722417e-05,-1
G092,G098,-5.732775e-05,-1
G045,G079,-5.734085e-05,-1
G030,G095,-5.7412275e-05,-1
G090,G064,-5.7510064e-05,-1
G022,G018,-5.7586476e-05,-1
G093,G021,-5.7766734e-05,-1
G056,G035,-5.77958e-05,-1
G065,G031,-5.7885973e-05,-1
G056,G040,-5.7931797e-05,-1
G071,G011,-5.804575e-05,-1
G030,G069,-5.8065725e-05,-1
G033,G050,-5.8088513e-05,-1
G035,G044,-5.812663e-05,-1
G089,G087,-5.8150017e-05,-1
G010,G023,-5.816611e-05,-1
G022,G066,-5.8181828e-05,-1
G055,G026,-5.8274425e-05,-1
G016,G019,-5.8295907e-05,-1
G045,G058,-5.8438745e-05,-1
G024,G052,-5.8496018e-05,-1
G030,G055,-5.8550217e-05,-1
G075,G042,-5.8607908e-05,-1
G038,G090,-5.865462e-05,-1
G019,G097,-5.8656376e-05,-1
G034,G001,-5.866591e-05,-1
G007,G086,-5.8727048e-05,-1
G027,G079,-5.87547e-05,-1
G029,G064,-5.882032e-05,-1
G035,G089,-5.8835943e-05,-1
G030,G072,-5.88923e-05,-1
G016,G065,-5.891046e-05,-1
G001,G050,-5.8988677e-05,-1
G041,G054,-5.906299e-05,-1
G089,G010,-5.907626e-05,-1
G035,G061,-5.924876e-05,-1
G012,G079,-5.9315727e-05,-1
G002,G004,-5.9390928e-05,-1
G086,G079,-5.9431983e-05,-1
G005,G087,-5.9435915e-05,-1
G053,G056,-5.9442515e-05,-1
G077,G047,-5.9471e-05,-1
G031,G001,-5.947835e-05,-1
G046,G041,-5.9495316e-05,-1
G049,G061,-5.9537553e-05,-1
G096,G043,-5.9565788e-05,-1
G034,G056,-5.9569094e-05,-1
G035,G007,-5.969235e-05,-1
G037,G067,-5.9724876e-05,-1
G019,G043,-5.9848906e-05,-1
G021,G010,-5.9852377e-05,-1
G007,G046,-5.9873266e-05,-1
G095,G068,-5.9927992e-05,-1
G090,G035,-5.9981397e-05,-1
G027,G010,-6.0144706e-05,-1
G034,G061,-6.034309e-05,-1
G018,G038,-6.038436e-05,-1
G077,G015,-6.042054e-05,-1
G030,G065,-6.045531e-05,-1
G051,G015,-6.047861e-05,-1
G004,G017,-6.0487324e-05,-1
G046,G064,-6.059473e-05,-1
G004,G040,-6.0599297e-05,-1
G046,G043,-6.0631566e-05,-1
G061,G044,-6.0633018e-05,-1
G016,G081,-6.0643877e-05,-1
G094,G060,-6.0675484e-05,-1
G012,G016,-6.0678103e-05,-1
G092,G038,-6.0754017e-05,-1
G002,G092,-6.0763843e-05,-1
G056,G030,-6.0784587e-05,-1
G033,G079,-6.0833525e-05,-1
G089,G011,-6.08468e-05,-1
G071,G087,-6.0857583e-05,-1
G040,G019,-6.0861134e-05,-1
G078,G039,-6.087018e-05,-1
G004,G060,-6.0894297e-05,-1
G089,G093,-6.0917602e-05,-1
G069,G033,-6.0930714e-05,-1
G026,G090,-6.102538e-05,-1
G086,G092,-6.1037055e-05,-1
G078,G097,-6.104969e-05,-1
G065,G055,-6.105651e-05,-1
G016,G096,-6.1096995e-05,-1
G059,G020,-6.10993e-05,-1
G086,G033,-6.111524e-05,-1
G054,G056,-6.111628e-05,-1
G095,G044,-6.125124e-05,-1
G027,G058,-6.1322564e-05,-1
G041,G069,-6.1335944e-05,-1
G041,G050,-6.137207e-05,-1
G083,G060,-6.13873e-05,-1
G033,G026,-6.145886e-05,-1
G053,G040,-6.1491526e-05,-1
G054,G019,-6.153943e-05,-1
G049,G041,-6.1577404e-05,-1
G044,G096,-6.158919e-05,-1
G037,G034,-6.164429e-05,-1
G052,G087,-6.1683226e-05,-1
G062,G069,-6.17318e-05,-1
G031,G097,-6.17397e-05,-1
G083,G005,-6.174516e-05,-1
G029,G083,-6.180995e-05,-1
G082,G060,-6.181069e-05,-1
G025,G079,-6.1832645e-05,-1
G061,G051,-6.184943e-05,-1
G077,G097,-6.1907056e-05,-1
G099,G056,-6.1958606e-05,-1
G092,G016,-6.19651e-05,-1
G090,G080,-6.204233e-05,-1
G090,G014,-6.208214e-05,-1
G026,G004,-6.210048e-05,-1
G065,G076,-6.211089e-05,-1
G007,G091,-6.2141546e-05,-1
G069,G099,-6.217716e-05,-1
G060,G034,-6.219397e-05,-1
G003,G096,-6.224994e-05,-1
G016,G058,-6.231265e-05,-1
G043,G083,-6.2327e-05,-1
G045,G075,-6.23385e-05,-1
G093,G056,-6.236102e-05,-1
G080,G097,-6.237006e-05,-1
G060,G066,-6.2371044e-05,-1
G022,G053,-6.2481144e-05,-1
G064,G020,-6.266238e-05,-1
G022,G055,-6.2687475e-05,-1
G062,G078,-6.274674e-05,-1
G096,G079,-6.275981e-05,-1
G007,G096,-6.276362e-05,-1
G055,G091,-6.279801e-05,-1
G003,G098,-6.281035e-05,-1
G060,G022,-6.2868465e-05,-1
G036,G038,-6.289392e-05,-1
G072,G054,-6.296139e-05,-1
G082,G041,-6.3023064e-05,-1
G097,G084,-6.327331e-05,-1
G051,G057,-6.329082e-05,-1
G052,G001,-6.333079e-05,-1
G036,G072,-6.3359505e-05,-1
G065,G001,-6.339687e-05,-1
G031,G089,-6.345229e-05,-1
G082,G007,-6.351326e-05,-1
G095,G072,-6.353272e-05,-1
G036,G008,-6.354168e-05,-1
G092,G009,-6.356595e-05,-1
G076,G014,-6.360395e-05,-1
G092,G012,-6.361639e-05,-1
G092,G059,-6.363222e-05,-1
G096,G041,-6.367109e-05,-1
G048,G080,-6.370402e-05,-1
G010,G067,-6.372634e-05,-1
G051,G068,-6.376542e-05,-1
G031,G088,-6.3865395e-05,-1
G038,G099,-6.389018e-05,-1
G038,G012,-6.389798e-05,-1
G020,G079,-6.399368e-05,-1
G093,G071,-6.4026215e-05,-1
G034,G004,-6.403432e-05,-1
G037,G026,-6.40726e-05,-1
G077,G016,-6.4194624e-05,-1
G094,G088,-6.4200925e-05,-1
G062,G074,-6.4212545e-05,-1
G016,G063,-6.424597e-05,-1
G037,G062,-6.4270615e-05,-1
G020,G036,-6.432255e-05,-1
G002,G010,-6.4479e-05,-1
G031,G061,-6.449766e-05,-1
G016,G090,-6.4582666e-05,-1
G054,G055,-6.4600594e-05,-1
G034,G053,-6.46047e-05,-1
G024,G080,-6.4675965e-05,-1
G002,G030,-6.4694555e-05,-1
G092,G046,-6.474382e-05,-1
G024,G035,-6.478939e-05,-1
G026,G020,-6.4891945e-05,-1
G026,G069,-6.4927204e-05,-1
G060,G058,-6.493736e-05,-1
G003,G090,-6.4953645e-05,-1
G031,G051,-6.4977714e-05,-1
G039,G035,-6.498212e-05,-1
G096,G046,-6.501321e-05,-1
G058,G094,-6.506382e-05,-1
G010,G057,-6.518544e-05,-1
G021,G072,-6.523176e-05,-1
G044,G097,-6.525541e-05,-1
G018,G079,-6.526865e-05,-1
G039,G002,-6.532118e-05,-1
G080,G033,-6.540304e-05,-1
G046,G022,-6.548227e-05,-1
G036,G099,-6.55468e-05,-1
G040,G036,-6.554693e-05,-1
G037,G093,-6.5634726e-05,-1
G055,G041,-6.574265e-05,-1
G021,G096,-6.579035e-05,-1
G016,G048,-6.579318e-05,-1
G039,G098,-6.592345e-05,-1
G060,G086,-6.6026965e-05,-1
G091,G033,-6.607867e-05,-1
G007,G029,-6.608712e-05,-1
G052,G064,-6.616648e-05,-1
G086,G035,-6.6240245e-05,-1
G088,G092,-6.6250854e-05,-1
G088,G097,-6.6356835e-05,-1
G012,G051,-6.637801e-05,-1
G060,G019,-6.650319e-05,-1
G034,G002,-6.6518944e-05,-1
G056,G027,-6.6533445e-05,-1
G009,G097,-6.6631794e-05,-1
G031,G036,-6.668465e-05,-1
G077,G080,-6.668521e-05,-1
G038,G097,-6.672179e-05,-1
G031,G062,-6.677863e-05,-1
G024,G093,-6.680391e-05,-1
G044,G037,-6.680397e-05,-1
G016,G007,-6.680799e-05,-1
G035,G010,-6.6814835e-05,-1
G048,G066,-6.686041e-05,-1
G097,G078,-6.687803e-05,-1
G026,G097,-6.6896115e-05,-1
G073,G096,-6.692891e-05,-1
G024,G086,-6.69945e-05,-1
G086,G100,-6.7002824e-05,-1
G052,G065,-6.707925e-05,-1
G037,G047,-6.7106426e-05,-1
G046,G085,-6.712028e-05,-1
G098,G007,-6.7199566e-05,-1
G054,G065,-6.723508e-05,-1
G002,G084,-6.729203e-05,-1
G031,G030,-6.7347486e-05,-1
G009,G071,-6.7402674e-05,-1
G086,G084,-6.742188e-05,-1
G072,G025,-6.747807e-05,-1
G005,G028,-6.751514e-05,-1
G027,G047,-6.758721e-05,-1
G012,G044,-6.7640576e-05,-1
G056,G044,-6.768574e-05,-1
G004,G086,-6.773748e-05,-1
G030,G068,-6.7750334e-05,-1
G035,G093,-6.785095e-05,-1
G012,G004,-6.787046e-05,-1
G019,G057,-6.79691e-05,-1
G026,G079,-6.79859e-05,-1
G033,G089,-6.800477e-05,-1
G062,G030,-6.806603e-05,-1
G031,G059,-6.81771e-05,-1
G037,G030,-6.818855e-05,-1
G050,G097,-6.819275e-05,-1
G092,G068,-6.8474e-05,-1
G054,G039,-6.848486e-05,-1
G082,G051,-6.852007e-05,-1
G038,G031,-6.865071e-05,-1
G069,G042,-6.8679554e-05,-1
G086,G030,-6.871088e-05,-1
G074,G036,-6.8753136e-05,-1
G016,G057,-6.9033966e-05,-1
G095,G062,-6.9038804e-05,-1
G037,G040,-6.903986e-05,-1
G082,G022,-6.904457e-05,-1
G069,G053,-6.91195e-05,-1
G001,G010,-6.913242e-05,-1
G098,G055,-6.913357e-05,-1
G085,G084,-6.921003e-05,-1
G031,G095,-6.921388e-05,-1
G093,G041,-6.927691e-05,-1
G002,G040,-6.9290196e-05,-1
G037,G095,-6.9388145e-05,-1
G092,G088,-6.9458074e-05,-1
G089,G081,-6.9522524e-05,-1
G055,G074,-6.9527596e-05,-1
G038,G026,-6.955307e-05,-1
G036,G086,-6.956569e-05,-1
G024,G044,-6.95824e-05,-1
G024,G040,-6.96126e-05,-1
G054,G030,-6.9664646e-05,-1
G021,G030,-6.975486e-05,-1
G013,G100,-6.975992e-05,-1
G043,G025,-6.9762405e-05,-1
G041,G077,-6.985662e-05,-1
G046,G065,-6.986834e-05,-1
G093,G040,-6.98801e-05,-1
G086,G002,-6.991116e-05,-1
G098,G015,-6.992345e-05,-1
G068,G011,-6.994807e-05,-1
G007,G057,-7.016502e-05,-1
G063,G052,-7.021075e-05,-1
G054,G093,-7.026643e-05,-1
G006,G079,-7.027775e-05,-1
G010,G038,-7.032213e-05,-1
G001,G038,-7.0376795e-05,-1
G052,G061,-7.037801e-05,-1
G008,G075,-7.04257e-05,-1
G052,G026,-7.043845e-05,-1
G097,G009,-7.047695e-05,-1
G029,G069,-7.048133e-05,-1
G092,G074,-7.052786e-05,-1
G049,G030,-7.05739e-05,-1
G015,G029,-7.058215e-05,-1
G078,G084,-7.059105e-05,-1
G100,G090,-7.073307e-05,-1
G043,G100,-7.079398e-05,-1
G086,G088,-7.107242e-05,-1
G030,G005,-7.113695e-05,-1
G057,G096,-7.11381e-05,-1
G037,G075,-7.1246046e-05,-1
G051,G084,-7.128375e-05,-1
G071,G070,-7.134019e-05,-1
G057,G040,-7.1494185e-05,-1
G078,G003,-7.158337e-05,-1
G038,G058,-7.1635426e-05,-1
G060,G096,-7.1661576e-05,-1
G091,G099,-7.1667026e-05,-1
G078,G064,-7.170867e-05,-1
G051,G066,-7.179452e-05,-1
G078,G040,-7.1844144e-05,-1
G049,G034,-7.188479e-05,-1
G029,G067,-7.192094e-05,-1
G035,G079,-7.193633e-05,-1
G010,G035,-7.194036e-05,-1
G086,G054,-7.1976574e-05,-1
G029,G079,-7.210285e-05,-1
G064,G038,-7.211194e-05,-1
G076,G064,-7.223262e-05,-1
G001,G025,-7.2274306e-05,-1
G069,G087,-7.242383e-05,-1
G078,G043,-7.243094e-05,-1
G074,G022,-7.243106e-05,-1
G068,G044,-7.244397e-05,-1
G026,G042,-7.247217e-05,-1
G077,G035,-7.247802e-05,-1
G060,G062,-7.2501934e-05,-1
G042,G050,-7.255755e-05,-1
G058,G076,-7.25596e-05,-1
G098,G060,-7.262471e-05,-1
G016,G001,-7.26874e-05,-1
G065,G069,-7.269033e-05,-1
G048,G096,-7.276635e-05,-1
G027,G011,-7.286212e-05,-1
G062,G090,-7.28671e-05,-1
G021,G041,-7.294478e-05,-1
G071,G047,-7.298982e-05,-1
G037,G006,-7.3057025e-05,-1
G096,G074,-7.3168994e-05,-1
G060,G046,-7.3179515e-05,-1
G056,G060,-7.321115e-05,-1
G051,G075,-7.325505e-05,-1
G004,G027,-7.3293435e-05,-1
G081,G002,-7.3365714e-05,-1
G086,G071,-7.341054e-05,-1
G004,G014,-7.343018e-05,-1
G091,G039,-7.34863e-05,-1
G090,G065,-7.35486e-05,-1
G001,G086,-7.356627e-05,-1
G004,G071,-7.363441e-05,-1
G007,G097,-7.377439e-05,-1
G010,G036,-7.381791e-05,-1
G076,G022,-7.38527e-05,-1
G044,G002,-7.388902e-05,-1
G016,G098,-7.394892e-05,-1
G031,G040,-7.394945e-05,-1
G056,G050,-7.395701e-05,-1
G024,G050,-7.395975e-05,-1
G048,G056,-7.397801e-05,-1
G076,G059,-7.397846e-05,-1
G062,G037,-7.406372e-05,-1
G017,G043,-7.412908e-05,-1
G095,G033,-7.413811e-05,-1
G054,G072,-7.415938e-05,-1
G086,G050,-7.4186006e-05,-1
G026,G075,-7.424355e-05,-1
G069,G011,-7.427308e-05,-1
G077,G052,-7.4322925e-05,-1
G060,G050,-7.432822e-05,-1
G041,G093,-7.4402815e-05,-1
G060,G061,-7.4407115e-05,-1
G095,G027,-7.449181e-05,-1
G015,G034,-7.450652e-05,-1
G003,G099,-7.4527874e-05,-1
G038,G062,-7.454127e-05,-1
G078,G033,-7.456894e-05,-1
G054,G033,-7.4644064e-05,-1
G053,G036,-7.467509e-05,-1
G095,G083,-7.469171e-05,-1
G076,G039,-7.475626e-05,-1
G056,G070,-7.478065e-05,-1
G058,G087,-7.4800766e-05,-1
G044,G062,-7.480626e-05,-1
G092,G029,-7.4826996e-05,-1
G054,G010,-7.484657e-05,-1
G074,G018,-7.484858e-05,-1
G016,G012,-7.4905845e-05,-1
G037,G001,-7.501613e-05,-1
G088,G066,-7.517576e-05,-1
G060,G039,-7.526351e-05,-1
G058,G072,-7.528376e-05,-1
G041,G057,-7.534187e-05,-1
G062,G088,-7.5355114e-05,-1
G045,G046,-7.536616e-05,-1
G054,G026,-7.546894e-05,-1
G052,G090,-7.553032e-05,-1
G038,G067,-7.559532e-05,-1
G026,G051,-7.5606215e-05,-1
G004,G077,-7.563776e-05,-1
G009,G062,-7.573081e-05,-1
G055,G035,-7.5774355e-05,-1
G021,G071,-7.582606e-05,-1
G054,G035,-7.584509e-05,-1
G047,G036,-7.5924145e-05,-1
G022,G096,-7.5934666e-05,-1
G037,G019,-7.600215e-05,-1
G076,G087,-7.6027216e-05,-1
G037,G058,-7.604364e-05,-1
G016,G095,-7.6210206e-05,-1
G074,G005,-7.6272314e-05,-1
G064,G078,-7.632745e-05,-1
G037,G092,-7.6406315e-05,-1
G006,G022,-7.6461016e-05,-1
G056,G059,-7.6476514e-05,-1
G044,G065,-7.650594e-05,-1
G077,G002,-7.653324e-05,-1
G061,G097,-7.66178e-05,-1
G084,G085,-7.6699354e-05,-1
G069,G093,-7.677151e-05,-1
G055,G001,-7.67826e-05,-1
G068,G069,-7.678302e-05,-1
G058,G036,-7.681765e-05,-1
G015,G006,-7.6833705e-05,-1
G015,G007,-7.6841316e-05,-1
G086,G038,-7.687586e-05,-1
G031,G066,-7.6878045e-05,-1
G042,G051,-7.6913086e-05,-1
G031,G058,-7.692369e-05,-1
G047,G039,-7.701867e-05,-1
G004,G075,-7.702396e-05,-1
G008,G096,-7.704313e-05,-1
G001,G076,-7.711162e-05,-1
G038,G075,-7.712711e-05,-1
G040,G100,-7.713307e-05,-1
G017,G096,-7.715513e-05,-1
G024,G036,-7.723925e-05,-1
G044,G068,-7.7327924e-05,-1
G033,G064,-7.7426244e-05,-1
G090,G005,-7.744485e-05,-1
G092,G075,-7.746696e-05,-1
G026,G052,-7.752895e-05,-1
G072,G075,-7.753731e-05,-1
G013,G036,-7.757593e-05,-1
G031,G091,-7.760048e-05,-1
G096,G095,-7.76005e-05,-1
G039,G060,-7.771354e-05,-1
G041,G026,-7.777466e-05,-1
G055,G022,-7.782282e-05,-1
G035,G068,-7.783001e-05,-1
G049,G095,-7.7836456e-05,-1
G038,G009,-7.7875455e-05,-1
G065,G041,-7.7899305e-05,-1
G053,G074,-7.7988545e-05,-1
G082,G098,-7.8003584e-05,-1
G062,G091,-7.804436e-05,-1
G095,G080,-7.8111196e-05,-1
G082,G091,-7.818504e-05,-1
G097,G027,-7.820752e-05,-1
G022,G056,-7.820879e-05,-1
G026,G065,-7.825551e-05,-1
G031,G076,-7.8311445e-05,-1
G009,G078,-7.836067e-05,-1
G060,G009,-7.836572e-05,-1
G008,G088,-7.8374476e-05,-1
G036,G087,-7.842805e-05,-1
G017,G077,-7.8461475e-05,-1
G044,G093,-7.848574e-05,-1
G031,G090,-7.8592275e-05,-1
G035,G051,-7.86039e-05,-1
G077,G063,-7.86714e-05,-1
G030,G021,-7.872147e-05,-1
G005,G079,-7.874688e-05,-1
G093,G074,-7.875425e-05,-1
G004,G022,-7.8759775e-05,-1
G024,G060,-7.887094e-05,-1
G040,G067,-7.889654e-05,-1
G082,G009,-7.8930556e-05,-1
G019,G002,-7.894096e-05,-1
G035,G091,-7.894171e-05,-1
G034,G060,-7.8961006e-05,-1
G064,G081,-7.8983634e-05,-1
G036,G041,-7.9077196e-05,-1
G096,G052,-7.911796e-05,-1
G056,G099,-7.9121244e-05,-1
G048,G087,-7.913308e-05,-1
G063,G009,-7.916092e-05,-1
G099,G084,-7.929334e-05,-1
G036,G027,-7.929554e-05,-1
G078,G026,-7.930328e-05,-1
G055,G077,-7.930702e-05,-1
G090,G062,-7.934411e-05,-1
G099,G026,-7.939787e-05,-1
G034,G068,-7.943044e-05,-1
G062,G009,-7.943556e-05,-1
G051,G097,-7.944275e-05,-1
G015,G040,-7.952467e-05,-1
G016,G006,-7.958387e-05,-1
G033,G012,-7.965642e-05,-1
G067,G098,-7.968839e-05,-1
G055,G031,-7.969308e-05,-1
G096,G066,-7.970415e-05,-1
G060,G068,-7.979165e-05,-1
G072,G047,-7.981045e-05,-1
G037,G054,-7.986277e-05,-1
G030,G074,-8.000059e-05,-1
G066,G080,-8.0033846e-05,-1
G054,G036,-8.0051825e-05,-1
G022,G039,-8.0091806e-05,-1
G083,G072,-8.0145604e-05,-1
G004,G051,-8.016591e-05,-1
G029,G100,-8.021034e-05,-1
G065,G077,-8.021678e-05,-1
G078,G060,-8.022237e-05,-1
G031,G043,-8.022478e-05,-1
G052,G041,-8.0264486e-05,-1
G039,G029,-8.032469e-05,-1
G041,G058,-8.036167e-05,-1
G065,G049,-8.0442675e-05,-1
G004,G059,-8.04535e-05,-1
G054,G076,-8.056407e-05,-1
G042,G097,-8.0565005e-05,-1
G001,G074,-8.05718e-05,-1
G060,G090,-8.060972e-05,-1
G049,G002,-8.062471e-05,-1
G090,G040,-8.066751e-05,-1
G028,G043,-8.078536e-05,-1
G078,G054,-8.079223e-05,-1
G038,G080,-8.0836755e-05,-1
G044,G085,-8.090957e-05,-1
G016,G004,-8.110895e-05,-1
G016,G018,-8.117539e-05,-1
G024,G098,-8.125966e-05,-1
G055,G052,-8.129608e-05,-1
G002,G024,-8.135034e-05,-1
G081,G040,-8.136957e-05,-1
G055,G010,-8.1444974e-05,-1
G011,G099,-8.1499405e-05,-1
G096,G057,-8.154736e-05,-1
G064,G065,-8.1569684e-05,-1
G045,G052,-8.157715e-05,-1
G054,G087,-8.1612474e-05,-1
G008,G056,-8.1618084e-05,-1
G046,G079,-8.162276e-05,-1
G003,G024,-8.167286e-05,-1
G086,G098,-8.174161e-05,-1
G037,G025,-8.1758386e-05,-1
G033,G066,-8.18283e-05,-1
G016,G075,-8.18345e-05,-1
G040,G042,-8.1846025e-05,-1
G015,G074,-8.1856124e-05,-1
G072,G034,-8.1922124e-05,-1
G086,G066,-8.199263e-05,-1
G041,G066,-8.2175684e-05,-1
G076,G084,-8.220544e-05,-1
G035,G031,-8.235391e-05,-1
G063,G088,-8.238842e-05,-1
G007,G026,-8.242012e-05,-1
G058,G035,-8.2485654e-05,-1
G072,G059,-8.250678e-05,-1
G037,G051,-8.255015e-05,-1
G015,G088,-8.258094e-05,-1
G054,G063,-8.260909e-05,-1
G033,G086,-8.263815e-05,-1
G056,G069,-8.266264e-05,-1
G039,G027,-8.2695675e-05,-1
G051,G040,-8.270741e-05,-1
G044,G038,-8.2731225e-05,-1
G068,G050,-8.279803e-05,-1
G082,G046,-8.28282e-05,-1
G034,G093,-8.291625e-05,-1
G078,G002,-8.2938604e-05,-1
G060,G064,-8.307108e-05,-1
G077,G086,-8.308147e-05,-1
G039,G075,-8.311841e-05,-1
G035,G018,-8.314282e-05,-1
G030,G078,-8.3187566e-05,-1
G076,G077,-8.3211205e-05,-1
G078,G019,-8.322402e-05,-1
G080,G093,-8.326834e-05,-1
G035,G077,-8.327521e-05,-1
G026,G010,-8.329559e-05,-1
G024,G026,-8.329866e-05,-1
G007,G070,-8.3457344e-05,-1
G030,G086,-8.3476996e-05,-1
G086,G031,-8.3538245e-05,-1
G065,G059,-8.355849e-05,-1
G060,G052,-8.356956e-05,-1
G030,G010,-8.357135e-05,-1
G077,G079,-8.358089e-05,-1
G086,G087,-8.3622785e-05,-1
G052,G039,-8.3643055e-05,-1
G056,G086,-8.364433e-05,-1
G016,G031,-8.3723484e-05,-1
G002,G093,-8.373404e-05,-1
G071,G086,-8.3820676e-05,-1
G060,G018,-8.3855346e-05,-1
G009,G016,-8.3880805e-05,-1
G026,G074,-8.38963e-05,-1
G049,G057,-8.4053034e-05,-1
G044,G018,-8.406537e-05,-1
G015,G012,-8.406823e-05,-1
G018,G036,-8.4098094e-05,-1
G090,G066,-8.414139e-05,-1
G049,G012,-8.421043e-05,-1
G015,G061,-8.4279e-05,-1
G069,G086,-8.429524e-05,-1
G012,G064,-8.4307096e-05,-1
G039,G077,-8.455277e-05,-1
G007,G064,-8.463891e-05,-1
G093,G005,-8.466367e-05,-1
G031,G005,-8.4677115e-05,-1
G056,G019,-8.4681276e-05,-1
G038,G087,-8.4683685e-05,-1
G016,G030,-8.473133e-05,-1
G095,G076,-8.47474e-05,-1
G076,G060,-8.480789e-05,-1
G045,G044,-8.483012e-05,-1
G098,G096,-8.485727e-05,-1
G030,G039,-8.490814e-05,-1
G054,G078,-8.495801e-05,-1
G097,G061,-8.497381e-05,-1
G092,G097,-8.498066e-05,-1
G092,G077,-8.501943e-05,-1
G099,G039,-8.503707e-05,-1
G033,G002,-8.504635e-05,-1
G004,G069,-8.504707e-05,-1
G070,G092,-8.509168e-05,-1
G096,G062,-8.5106454e-05,-1
G042,G080,-8.517388e-05,-1
G060,G084,-8.519174e-05,-1
G063,G078,-8.522163e-05,-1
G010,G001,-8.525404e-05,-1
G042,G021,-8.5254425e-05,-1
G048,G009,-8.525831e-05,-1
G044,G086,-8.527064e-05,-1
G038,G055,-8.542818e-05,-1
G050,G100,-8.543602e-05,-1
G031,G046,-8.546852e-05,-1
G041,G021,-8.548413e-05,-1
G036,G064,-8.556145e-05,-1
G082,G016,-8.5595435e-05,-1
G099,G079,-8.567098e-05,-1
G041,G009,-8.5678774e-05,-1
G015,G084,-8.568767e-05,-1
G067,G073,-8.571702e-05,-1
G003,G063,-8.571874e-05,-1
G003,G026,-8.580307e-05,-1
G003,G089,-8.607032e-05,-1
G051,G067,-8.607755e-05,-1
G057,G009,-8.624873e-05,-1
G097,G034,-8.6282045e-05,-1
G031,G027,-8.629715e-05,-1
G021,G001,-8.64356e-05,-1
G099,G020,-8.652061e-05,-1
G092,G072,-8.661048e-05,-1
G022,G068,-8.664628e-05,-1
G002,G052,-8.6672546e-05,-1
G009,G043,-8.671723e-05,-1
G004,G019,-8.672289e-05,-1
G030,G100,-8.679304e-05,-1
G098,G057,-8.681012e-05,-1
G017,G079,-8.687863e-05,-1
G004,G063,-8.690175e-05,-1
G082,G095,-8.708714e-05,-1
G086,G069,-8.7134824e-05,-1
G096,G015,-8.714383e-05,-1
G037,G036,-8.719922e-05,-1
G004,G087,-8.720999e-05,-1
G099,G004,-8.7264445e-05,-1
G031,G044,-8.727237e-05,-1
G097,G036,-8.72988e-05,-1
G030,G054,-8.737287e-05,-1
G042,G052,-8.738685e-05,-1
G053,G065,-8.7417895e-05,-1
G020,G067,-8.749095e-05,-1
G015,G027,-8.750582e-05,-1
G086,G014,-8.751119e-05,-1
G003,G092,-8.755128e-05,-1
G078,G075,-8.758689e-05,-1
G018,G020,-8.761508e-05,-1
G003,G094,-8.7619694e-05,-1
G052,G007,-8.769069e-05,-1
G044,G030,-8.7725915e-05,-1
G100,G088,-8.7760214e-05,-1
G024,G071,-8.7788314e-05,-1
G075,G006,-8.7795015e-05,-1
G069,G029,-8.788104e-05,-1
G076,G092,-8.791331e-05,-1
G033,G097,-8.791472e-05,-1
G086,G036,-8.797816e-05,-1
G015,G098,-8.8022614e-05,-1
G031,G078,-8.8027526e-05,-1
G035,G022,-8.805359e-05,-1
G036,G026,-8.805406e-05,-1
G048,G010,-8.806435e-05,-1
G065,G089,-8.812768e-05,-1
G052,G057,-8.813153e-05,-1
G021,G070,-8.824267e-05,-1
G057,G043,-8.828748e-05,-1
G003,G059,-8.8287874e-05,-1
G037,G055,-8.833908e-05,-1
G078,G098,-8.839251e-05,-1
G051,G063,-8.841818e-05,-1
G041,G014,-8.856825e-05,-1
G010,G087,-8.8571745e-05,-1
G030,G044,-8.857844e-05,-1
G055,G009,-8.860375e-05,-1
G026,G012,-8.864062e-05,-1
G049,G086,-8.870005e-05,-1
G052,G024,-8.871996e-05,-1
G092,G050,-8.8848494e-05,-1
G015,G031,-8.886389e-05,-1
G054,G014,-8.892785e-05,-1
G077,G037,-8.9062065e-05,-1
G092,G004,-8.910131e-05,-1
G042,G041,-8.9191744e-05,-1
G003,G077,-8.922264e-05,-1
G098,G010,-8.925978e-05,-1
G038,G022,-8.927196e-05,-1
G095,G089,-8.9275236e-05,-1
G030,G052,-8.927748e-05,-1
G097,G062,-8.9393296e-05,-1
G065,G029,-8.9459e-05,-1
G046,G086,-8.9638736e-05,-1
G086,G076,-8.966811e-05,-1
G026,G087,-8.970802e-05,-1
G007,G058,-8.973906e-05,-1
G051,G099,-8.9761954e-05,-1
G035,G054,-8.98899e-05,-1
G011,G067,-8.994642e-05,-1
G031,G038,-9.000201e-05,-1
G026,G076,-9.0006375e-05,-1
G004,G055,-9.0010115e-05,-1
G058,G050,-9.0017114e-05,-1
G082,G006,-9.003298e-05,-1
G072,G039,-9.007558e-05,-1
G038,G069,-9.0148955e-05,-1
G082,G090,-9.0173424e-05,-1
G014,G021,-9.023768e-05,-1
G096,G056,-9.03036e-05,-1
G055,G029,-9.039836e-05,-1
G092,G052,-9.043125e-05,-1
G095,G005,-9.047231e-05,-1
G010,G051,-9.054624e-05,-1
G002,G018,-9.056266e-05,-1
G045,G095,-9.0590685e-05,-1
G016,G092,-9.070429e-05,-1
G060,G041,-9.071232e-05,-1
G055,G084,-9.071915e-05,-1
G086,G063,-9.0761525e-05,-1
G002,G001,-9.07881e-05,-1
G057,G084,-9.0817455e-05,-1
G038,G019,-9.088518e-05,-1
G003,G040,-9.091488e-05,-1
G031,G018,-9.0929505e-05,-1
G085,G014,-9.095129e-05,-1
G057,G015,-9.095647e-05,-1
G034,G070,-9.0961774e-05,-1
G017,G022,-9.096632e-05,-1
G051,G069,-9.1013964e-05,-1
G007,G030,-9.104119e-05,-1
G023,G036,-9.1113594e-05,-1
G095,G069,-9.1166454e-05,-1
G082,G023,-9.121699e-05,-1
G060,G038,-9.1292895e-05,-1
G017,G076,-9.129753e-05,-1
G057,G064,-9.13524e-05,-1
G016,G094,-9.137545e-05,-1
G019,G064,-9.139431e-05,-1
G056,G074,-9.1411785e-05,-1
G037,G064,-9.150524e-05,-1
G052,G092,-9.1523354e-05,-1
G054,G040,-9.1639144e-05,-1
G099,G047,-9.164469e-05,-1
G068,G052,-9.1662e-05,-1
G056,G012,-9.177978e-05,-1
G018,G074,-9.191017e-05,-1
G062,G096,-9.191666e-05,-1
G051,G029,-9.192331e-05,-1
G045,G088,-9.1935646e-05,-1
G067,G038,-9.1963906e-05,-1
G015,G058,-9.203458e-05,-1
G039,G072,-9.208238e-05,-1
G010,G066,-9.213727e-05,-1
G044,G057,-9.2269445e-05,-1
G030,G076,-9.227344e-05,-1
G092,G014,-9.228718e-05,-1
G096,G011,-9.2352806e-05,-1
G053,G005,-9.2414564e-05,-1
G079,G015,-9.251099e-05,-1
G078,G096,-9.2554066e-05,-1
G063,G019,-9.256962e-05,-1
G031,G047,-9.25933e-05,-1
G077,G004,-9.261867e-05,-1
G034,G027,-9.276866e-05,-1
G080,G051,-9.2925504e-05,-1
G097,G044,-9.2926726e-05,-1
G077,G034,-9.295119e-05,-1
G018,G076,-9.295401e-05,-1
G024,G012,-9.2992304e-05,-1
G058,G029,-9.308127e-05,-1
G077,G074,-9.313602e-05,-1
G003,G056,-9.323342e-05,-1
G056,G088,-9.3267045e-05,-1
G042,G033,-9.329528e-05,-1
G015,G064,-9.331721e-05,-1
G022,G097,-9.3333445e-05,-1
G034,G095,-9.341717e-05,-1
G004,G068,-9.3531155e-05,-1
G017,G051,-9.358234e-05,-1
G016,G033,-9.373323e-05,-1
G068,G081,-9.380646e-05,-1
G064,G099,-9.3853865e-05,-1
G034,G074,-9.385415e-05,-1
G026,G047,-9.389049e-05,-1
G024,G072,-9.390059e-05,-1
G098,G034,-9.394007e-05,-1
G090,G059,-9.4021896e-05,-1
G001,G040,-9.409964e-05,-1
G063,G025,-9.413141e-05,-1
G015,G057,-9.414855e-05,-1
G029,G051,-9.420477e-05,-1
G008,G084,-9.4281255e-05,-1
G016,G035,-9.447324e-05,-1
G026,G040,-9.4476614e-05,-1
G044,G090,-9.4493655e-05,-1
G024,G092,-9.451032e-05,-1
G082,G015,-9.4526215e-05,-1
G072,G009,-9.459138e-05,-1
G082,G021,-9.4667936e-05,-1
G029,G005,-9.466868e-05,-1
G022,G034,-9.471266e-05,-1
G051,G090,-9.474788e-05,-1
G061,G038,-9.4829404e-05,-1
G041,G090,-9.4917035e-05,-1
G065,G075,-9.497477e-05,-1
G051,G062,-9.507676e-05,-1
G100,G064,-9.522505e-05,-1
G096,G077,-9.5273164e-05,-1
G018,G087,-9.532333e-05,-1
G068,G005,-9.533936e-05,-1
G055,G080,-9.5364325e-05,-1
G061,G064,-9.542148e-05,-1
G096,G098,-9.547933e-05,-1
G001,G091,-9.5494834e-05,-1
G092,G061,-9.55153e-05,-1
G096,G042,-9.558751e-05,-1
G068,G041,-9.5635485e-05,-1
G035,G090,-9.575323e-05,-1
G045,G019,-9.5763484e-05,-1
G078,G065,-9.577614e-05,-1
G034,G052,-9.5797805e-05,-1
G035,G058,-9.583323e-05,-1
G091,G023,-9.583513e-05,-1
G041,G095,-9.584169e-05,-1
G010,G033,-9.588945e-05,-1
G062,G072,-9.5993586e-05,-1
G044,G020,-9.60396e-05,-1
G057,G097,-9.611993e-05,-1
G004,G089,-9.6120595e-05,-1
G093,G075,-9.6160795e-05,-1
G024,G089,-9.620097e-05,-1
G062,G016,-9.621032e-05,-1
G003,G095,-9.6282645e-05,-1
G046,G097,-9.628724e-05,-1
G055,G060,-9.632937e-05,-1
G019,G077,-9.638103e-05,-1
G070,G036,-9.642634e-05,-1
G071,G093,-9.6500524e-05,-1
G060,G095,-9.651115e-05,-1
G043,G023,-9.6525466e-05,-1
G034,G030,-9.6539894e-05,-1
G026,G057,-9.668361e-05,-1
G044,G012,-9.685363e-05,-1
G072,G024,-9.6886666e-05,-1
G052,G069,-9.698111e-05,-1
G051,G086,-9.6989046e-05,-1
G026,G018,-9.700672e-05,-1
G014,G037,-9.705817e-05,-1
G035,G029,-9.709422e-05,-1
G085,G080,-9.711372e-05,-1
G078,G070,-9.718494e-05,-1
G092,G010,-9.7189215e-05,-1
G074,G034,-9.7280026e-05,-1
G018,G010,-9.735016e-05,-1
G035,G040,-9.7416356e-05,-1
G070,G010,-9.7434866e-05,-1
G074,G014,-9.754581e-05,-1
G026,G072,-9.75486e-05,-1
G004,G011,-9.760789e-05,-1
G086,G081,-9.770334e-05,-1
G084,G065,-9.770554e-05,-1
G003,G062,-9.7709046e-05,-1
G041,G047,-9.772649e-05,-1
G042,G067,-9.781495e-05,-1
G024,G053,-9.785311e-05,-1
G010,G058,-9.786471e-05,-1
G014,G057,-9.7873235e-05,-1
G055,G054,-9.787425e-05,-1
G034,G084,-9.788278e-05,-1
G080,G065,-9.794362e-05,-1
G022,G069,-9.796552e-05,-1
G054,G041,-9.8050696e-05,-1
G019,G073,-9.80636e-05,-1
G089,G079,-9.806532e-05,-1
G046,G055,-9.808442e-05,-1
G049,G007,-9.8143086e-05,-1
G062,G065,-9.815744e-05,-1
G039,G017,-9.830272e-05,-1
G038,G047,-9.835524e-05,-1
G078,G034,-9.839675e-05,-1
G026,G025,-9.844046e-05,-1
G071,G100,-9.845182e-05,-1
G009,G055,-9.869754e-05,-1
G007,G093,-9.87318e-05,-1
G012,G095,-9.8746954e-05,-1
G100,G046,-9.87639e-05,-1
G036,G012,-9.87735e-05,-1
G078,G057,-9.881114e-05,-1
G015,G052,-9.883633e-05,-1
G003,G048,-9.895059e-05,-1
G034,G090,-9.90174e-05,-1
G036,G056,-9.902803e-05,-1
G009,G044,-9.9029865e-05,-1
G009,G060,-9.9043755e-05,-1
G062,G086,-9.9070145e-05,-1
G003,G065,-9.920242e-05,-1
G034,G018,-9.922687e-05,-1
G096,G035,-9.928187e-05,-1
G026,G095,-9.9316436e-05,-1
G026,G014,-9.935034e-05,-1
G061,G002,-9.936988e-05,-1
G057,G062,-9.939247e-05,-1
G033,G056,-9.944043e-05,-1
G069,G079,-9.94847e-05,-1
G018,G011,-9.9580924e-05,-1
G067,G027,-9.95905e-05,-1
G080,G040,-9.959301e-05,-1
G030,G098,-9.9607976e-05,-1
G092,G018,-9.965352e-05,-1
G055,G007,-9.9672645e-05,-1
G031,G060,-9.968277e-05,-1
G030,G077,-9.978185e-05,-1
G060,G007,-9.98573e-05,-1
G031,G074,-9.9921825e-05,-1
G098,G026,-9.992904e-05,-1
G009,G077,-9.9939214e-05,-1
G092,G062,-9.994299e-05,-1
G015,G097,-0.0001000136,-1
G010,G059,-0.000100076875,-1
G098,G022,-0.00010010334,-1
G034,G088,-0.00010013743,-1
G099,G075,-0.0001002825,-1
G007,G080,-0.00010047611,-1
G016,G080,-0.00010049168,-1
G077,G026,-0.00010053604,-1
G060,G088,-0.00010059099,-1
G034,G059,-0.00010061242,-1
G071,G077,-0.00010064393,-1
G069,G005,-0.00010076195,-1
G022,G033,-0.00010082639,-1
G061,G022,-0.000100829166,-1
G007,G014,-0.0001008719,-1
G056,G001,-0.000100879806,-1
G074,G080,-0.00010091331,-1
G004,G099,-0.000100940655,-1
G034,G089,-0.0001009815,-1
G002,G026,-0.00010100729,-1
G054,G034,-0.00010107177,-1
G076,G074,-0.00010111672,-1
G045,G100,-0.00010112817,-1
G091,G006,-0.00010125208,-1
G086,G091,-0.00010132583,-1
G029,G047,-0.000101348414,-1
G045,G021,-0.000101471145,-1
G007,G076,-0.00010154787,-1
G004,G070,-0.00010160255,-1
G049,G088,-0.00010162165,-1
G100,G022,-0.00010162864,-1
G099,G070,-0.00010163091,-1
G082,G018,-0.00010165127,-1
G074,G021,-0.00010170475,-1
G051,G064,-0.00010175312,-1
G086,G095,-0.00010181538,-1
G034,G092,-0.00010185049,-1
G076,G031,-0.00010186164,-1
G012,G002,-0.000101882426,-1
G004,G006,-0.00010192996,-1
G077,G007,-0.00010194903,-1
G022,G044,-0.00010196974,-1
G007,G012,-0.00010200346,-1
G098,G002,-0.00010203859,-1
G015,G086,-0.0001021096,-1
G035,G072,-0.00010211535,-1
G027,G036,-0.00010213806,-1
G023,G040,-0.00010214087,-1
G065,G092,-0.00010224154,-1
G034,G069,-0.000102248836,-1
G054,G050,-0.00010233854,-1
G064,G094,-0.00010235627,-1
G090,G075,-0.000102421065,-1
G035,G071,-0.00010244935,-1
G017,G040,-0.000102466154,-1
G092,G086,-0.00010249099,-1
G031,G070,-0.00010249417,-1
G048,G076,-0.000102566104,-1
G033,G039,-0.00010263853,-1
G017,G065,-0.00010266322,-1
G082,G052,-0.000102745296,-1
G078,G090,-0.0001027879,-1
G082,G040,-0.00010287325,-1
G002,G095,-0.000102876686,-1
G073,G022,-0.000102883205,-1
G062,G041,-0.00010288761,-1
G086,G058,-0.000102982296,-1
G086,G051,-0.00010313272,-1
G082,G034,-0.00010324603,-1
G080,G043,-0.00010327327,-1
G097,G098,-0.00010328471,-1
G092,G080,-0.00010340779,-1
G092,G055,-0.00010346397,-1
G051,G025,-0.00010353521,-1
G062,G071,-0.000103551145,-1
G047,G038,-0.000103580736,-1
G014,G043,-0.00010362396,-1
G074,G075,-0.00010362721,-1
G033,G088,-0.00010365493,-1
G064,G033,-0.00010365898,-1
G033,G092,-0.00010376159,-1
G038,G004,-0.000103856895,-1
G095,G070,-0.00010392814,-1
G003,G080,-0.00010394735,-1
G074,G081,-0.000104026265,-1
G027,G038,-0.000104079416,-1
G033,G058,-0.000104086466,-1
G084,G022,-0.000104103616,-1
G095,G039,-0.00010410765,-1
G086,G099,-0.000104140665,-1
G036,G060,-0.0001041727,-1
G002,G056,-0.00010425541,-1
G096,G009,-0.00010433801,-1
G035,G078,-0.0001043469,-1
G052,G009,-0.00010435106,-1
G043,G019,-0.00010439802,-1
G062,G001,-0.00010448158,-1
G062,G059,-0.00010450579,-1
G052,G084,-0.00010451916,-1
G076,G083,-0.000104562314,-1
G007,G062,-0.00010459954,-1
G004,G054,-0.00010464921,-1
G098,G014,-0.000104702856,-1
G063,G057,-0.00010470779,-1
G055,G068,-0.00010471179,-1
G042,G056,-0.00010473689,-1
G046,G001,-0.00010496329,-1
G039,G066,-0.00010497878,-1
G030,G093,-0.00010498318,-1
G083,G013,-0.00010509007,-1
G086,G010,-0.00010517118,-1
G033,G055,-0.00010526934,-1
G049,G079,-0.000105269944,-1
G027,G074,-0.00010533412,-1
G033,G027,-0.00010546277,-1
G016,G091,-0.00010558883,-1
G002,G065,-0.00010564624,-1
G019,G015,-0.000105683925,-1
G012,G046,-0.000105689614,-1
G008,G039,-0.00010589759,-1
G080,G057,-0.00010594275,-1
G052,G099,-0.000105970816,-1
G026,G029,-0.000105984145,-1
G090,G070,-0.00010603591,-1
G063,G001,-0.00010605734,-1
G044,G031,-0.00010610163,-1
G061,G037,-0.00010610531,-1
G026,G033,-0.000106211235,-1
G057,G100,-0.0001062709,-1
G094,G080,-0.00010634629,-1
G052,G097,-0.000106414926,-1
G052,G091,-0.0001065249,-1
G050,G036,-0.00010654225,-1
G009,G046,-0.00010656136,-1
G046,G009,-0.00010657105,-1
G068,G037,-0.000106663356,-1
G090,G038,-0.00010668037,-1
G086,G070,-0.00010672676,-1
G078,G022,-0.00010675554,-1
G049,G084,-0.00010698836,-1
G046,G033,-0.000107011416,-1
G051,G035,-0.00010708205,-1
G098,G084,-0.00010712585,-1
G056,G089,-0.000107143285,-1
G082,G017,-0.00010717695,-1
G077,G010,-0.000107195934,-1
G026,G084,-0.00010723695,-1
G098,G036,-0.00010723923,-1
G010,G053,-0.00010724956,-1
G084,G062,-0.000107276755,-1
G011,G005,-0.000107358646,-1
G093,G055,-0.0001074396,-1
G035,G084,-0.00010747487,-1
G044,G075,-0.00010749234,-1
G007,G051,-0.000107506865,-1
G068,G058,-0.00010763433,-1
G030,G018,-0.00010777,-1
G040,G097,-0.00010782168,-1
G024,G020,-0.000107922395,-1
G039,G099,-0.00010792431,-1
G007,G069,-0.000107970285,-1
G077,G091,-0.00010797657,-1
G042,G062,-0.00010806107,-1
G009,G099,-0.000108086795,-1
G038,G042,-0.00010821023,-1
G002,G031,-0.000108253684,-1
G021,G025,-0.000108326094,-1
G035,G050,-0.00010835055,-1
G003,G054,-0.000108389664,-1
G054,G047,-0.00010842925,-1
G021,G074,-0.000108505665,-1
G055,G051,-0.00010850737,-1
G077,G076,-0.00010854542,-1
G016,G067,-0.000108564134,-1
G089,G050,-0.00010869669,-1
G077,G053,-0.00010891821,-1
G021,G019,-0.00010893112,-1
G022,G090,-0.000108972075,-1
G091,G097,-0.00010897782,-1
G026,G038,-0.00010900444,-1
G077,G057,-0.00010908852,-1
G038,G077,-0.000109102024,-1
G092,G030,-0.00010916125,-1
G017,G030,-0.000109207846,-1
G084,G077,-0.00010920849,-1
G037,G097,-0.000109312714,-1
G056,G031,-0.000109331646,-1
G046,G002,-0.00010938699,-1
G065,G037,-0.00010942619,-1
G051,G070,-0.00010958702,-1
G040,G011,-0.00010959638,-1
G077,G031,-0.000109607674,-1
G046,G052,-0.000109618835,-1
G086,G080,-0.000109681554,-1
G082,G058,-0.0001097384,-1
G072,G063,-0.00010974074,-1
G002,G034,-0.00010982785,-1
G077,G066,-0.00010987109,-1
G054,G044,-0.00010988067,-1
G062,G002,-0.00010989392,-1
G007,G084,-0.000109976696,-1
G096,G040,-0.00011013466,-1
G098,G009,-0.00011016148,-1
G037,G029,-0.00011025453,-1
G010,G098,-0.00011026518,-1
G041,G046,-0.000110328176,-1
G092,G099,-0.00011039377,-1
G051,G053,-0.00011045122,-1
G050,G076,-0.00011045803,-1
G039,G010,-0.00011046042,-1
G016,G050,-0.00011049519,-1
G062,G004,-0.00011058662,-1
G034,G041,-0.00011058824,-1
G041,G055,-0.000110589615,-1
G082,G080,-0.00011074341,-1
G002,G029,-0.00011075441,-1
G062,G051,-0.00011081871,-1
G023,G035,-0.00011081989,-1
G012,G006,-0.00011085805,-1
G076,G046,-0.000110859604,-1
G004,G058,-0.00011091252,-1
G012,G093,-0.00011098699,-1
G100,G015,-0.00011100052,-1
G064,G079,-0.00011101662,-1
G056,G076,-0.00011111983,-1
G062,G060,-0.00011115313,-1
G014,G023,-0.00011116129,-1
G049,G029,-0.00011117801,-1
G029,G036,-0.00011118902,-1
G055,G095,-0.00011131342,-1
G055,G062,-0.00011135577,-1
G082,G089,-0.00011138071,-1
G035,G063,-0.00011142039,-1
G009,G092,-0.00011143851,-1
G046,G078,-0.00011155602,-1
G031,G093,-0.000111739406,-1
G031,G077,-0.00011177218,-1
G044,G033,-0.000111842906,-1
G062,G076,-0.00011188457,-1
G003,G017,-0.00011202937,-1
G026,G017,-0.00011212014,-1
G010,G039,-0.000112125475,-1
G077,G029,-0.00011216695,-1
G036,G004,-0.00011216742,-1
G098,G044,-0.00011220652,-1
G057,G016,-0.00011239546,-1
G073,G074,-0.00011243689,-1
G034,G038,-0.00011247034,-1
G041,G017,-0.00011259497,-1
G049,G100,-0.00011265047,-1
G024,G074,-0.00011266349,-1
G012,G086,-0.00011267001,-1
G042,G053,-0.00011272908,-1
G078,G012,-0.00011279158,-1
G007,G081,-0.00011289109,-1
G036,G001,-0.00011302226,-1
G080,G044,-0.00011303756,-1
G046,G010,-0.00011307244,-1
G081,G038,-0.00011307673,-1
G015,G060,-0.00011309018,-1
G012,G040,-0.00011316359,-1
G069,G094,-0.00011322432,-1
G086,G027,-0.000113239,-1
G098,G081,-0.00011326286,-1
G004,G079,-0.00011333525,-1
G002,G037,-0.00011337146,-1
G078,G077,-0.00011337455,-1
G026,G053,-0.00011339781,-1
G004,G088,-0.000113437374,-1
G065,G010,-0.00011359016,-1
G002,G069,-0.0001136554,-1
G004,G056,-0.00011367888,-1
G097,G012,-0.00011373729,-1
G038,G081,-0.00011381015,-1
G074,G076,-0.00011385428,-1
G054,G086,-0.00011386414,-1
G068,G010,-0.00011402326,-1
G007,G009,-0.000114207185,-1
G079,G016,-0.00011421402,-1
G054,G051,-0.00011428731,-1
G052,G078,-0.0001143976,-1
G099,G092,-0.0001145538,-1
G026,G091,-0.00011465381,-1
G036,G043,-0.000114671,-1
G030,G063,-0.00011467836,-1
G096,G093,-0.00011478843,-1
G038,G036,-0.00011497664,-1
G078,G027,-0.000115061,-1
G069,G039,-0.000115110015,-1
G077,G070,-0.00011515383,-1
G062,G075,-0.00011518326,-1
G016,G059,-0.00011518426,-1
G044,G007,-0.000115329865,-1
G026,G064,-0.00011533093,-1
G082,G061,-0.00011537571,-1
G078,G045,-0.000115458635,-1
G100,G079,-0.00011549128,-1
G082,G063,-0.00011549736,-1
G082,G064,-0.00011550948,-1
G042,G068,-0.00011553426,-1
G006,G041,-0.00011555833,-1
G078,G030,-0.000115668234,-1
G006,G008,-0.00011574636,-1
G078,G046,-0.00011593518,-1
G084,G038,-0.000115997136,-1
G026,G021,-0.00011600548,-1
G057,G012,-0.00011613947,-1
G014,G031,-0.00011615792,-1
G049,G098,-0.0001161996,-1
G040,G099,-0.000116206356,-1
G044,G054,-0.00011627347,-1
G026,G100,-0.000116357805,-1
G077,G100,-0.00011637783,-1
G026,G005,-0.000116395495,-1
G048,G097,-0.000116400566,-1
G024,G038,-0.00011645204,-1
G036,G031,-0.000116490286,-1
G009,G064,-0.000116546275,-1
G055,G004,-0.000116600066,-1
G023,G002,-0.00011666007,-1
G007,G044,-0.000116695664,-1
G095,G038,-0.00011671919,-1
G070,G084,-0.00011676429,-1
G015,G033,-0.00011678762,-1
G052,G019,-0.0001168113,-1
G092,G022,-0.00011686593,-1
G018,G042,-0.00011694333,-1
G016,G068,-0.00011698458,-1
G082,G083,-0.00011699777,-1
G031,G063,-0.000117049865,-1
G035,G066,-0.00011710593,-1
G004,G050,-0.00011722811,-1
G057,G034,-0.00011729447,-1
G073,G047,-0.00011730067,-1
G038,G088,-0.000117306365,-1
G042,G086,-0.00011732448,-1
G015,G024,-0.000117337346,-1
G002,G066,-0.00011736142,-1
G004,G033,-0.00011738232,-1
G082,G077,-0.00011746948,-1
G099,G033,-0.000117562966,-1
G061,G057,-0.00011756481,-1
G026,G078,-0.00011770243,-1
G052,G059,-0.00011771546,-1
G009,G058,-0.00011774309,-1
G016,G026,-0.00011781881,-1
G009,G093,-0.00011792989,-1
G046,G092,-0.00011796001,-1
G098,G041,-0.0001180212,-1
G052,G031,-0.000118061675,-1
G064,G041,-0.000118124415,-1
G026,G093,-0.000118177864,-1
G009,G004,-0.00011819902,-1
G055,G065,-0.00011830511,-1
G048,G065,-0.000118315824,-1
G046,G077,-0.00011835438,-1
G037,G081,-0.0001183866,-1
G084,G037,-0.000118390984,-1
G002,G059,-0.00011841586,-1
G063,G081,-0.00011844501,-1
G065,G019,-0.000118487886,-1
G034,G080,-0.00011864953,-1
G017,G100,-0.00011875478,-1
G046,G056,-0.0001187916,-1
G003,G035,-0.00011880194,-1
G031,G068,-0.00011880458,-1
G097,G089,-0.000118938544,-1
G009,G030,-0.00011921799,-1
G042,G048,-0.00011928184,-1
G034,G029,-0.00011930279,-1
G016,G072,-0.00011943816,-1
G003,G057,-0.000119445656,-1
G065,G050,-0.00011950242,-1
G046,G071,-0.00011955549,-1
G065,G091,-0.00011958017,-1
G015,G056,-0.00011967583,-1
G044,G055,-0.000119676246,-1
G015,G054,-0.00011970351,-1
G019,G060,-0.00011986871,-1
G076,G067,-0.000119895405,-1
G044,G022,-0.00011991335,-1
G090,G083,-0.00011994293,-1
G065,G046,-0.000120080724,-1
G090,G087,-0.000120148216,-1
G057,G086,-0.00012015128,-1
G003,G075,-0.00012016062,-1
G061,G077,-0.00012018776,-1
G057,G041,-0.000120204146,-1
G015,G076,-0.00012029564,-1
G030,G080,-0.000120316414,-1
G066,G036,-0.00012035588,-1
G046,G100,-0.000120364915,-1
G038,G051,-0.000120386714,-1
G010,G093,-0.000120419965,-1
G065,G036,-0.00012043069,-1
G021,G036,-0.00012064745,-1
G019,G021,-0.00012078391,-1
G046,G062,-0.00012078898,-1
G027,G100,-0.000120831566,-1
G010,G046,-0.000120860735,-1
G015,G067,-0.000120915145,-1
G004,G018,-0.000120930395,-1
G092,G053,-0.00012095958,-1
G100,G056,-0.00012097448,-1
G010,G060,-0.00012103434,-1
G095,G012,-0.00012109181,-1
G080,G016,-0.000121127065,-1
G031,G072,-0.00012116237,-1
G044,G076,-0.00012116589,-1
G031,G042,-0.0001212112,-1
G062,G019,-0.00012137497,-1
G054,G053,-0.000121415476,-1
G097,G075,-0.00012141881,-1
G064,G042,-0.00012151226,-1
G038,G030,-0.000121572426,-1
G007,G099,-0.000121611316,-1
G026,G071,-0.000121668294,-1
G084,G052,-0.00012173039,-1
G014,G065,-0.000121910714,-1
G089,G036,-0.00012213016,-1
G078,G088,-0.0001222242,-1
G007,G020,-0.00012237632,-1
G080,G095,-0.00012243695,-1
G024,G094,-0.00012244763,-1
G033,G080,-0.00012248979,-1
G077,G072,-0.00012249204,-1
G065,G005,-0.00012250926,-1
G016,G045,-0.00012254094,-1
G078,G087,-0.00012256613,-1
G092,G035,-0.00012267703,-1
G004,G083,-0.00012270943,-1
G030,G059,-0.00012271473,-1
G077,G056,-0.00012274741,-1
G012,G001,-0.0001227875,-1
G065,G086,-0.00012282954,-1
G077,G009,-0.00012288446,-1
G007,G087,-0.00012291367,-1
G024,G055,-0.00012300097,-1
G097,G031,-0.00012312442,-1
G012,G096,-0.0001231348,-1
G100,G042,-0.00012318551,-1
G007,G079,-0.00012318598,-1
G019,G085,-0.00012321626,-1
G025,G049,-0.00012322009,-1
G078,G086,-0.00012325971,-1
G046,G058,-0.000123286,-1
G045,G012,-0.00012332934,-1
G077,G065,-0.00012334893,-1
G056,G022,-0.00012335624,-1
G080,G076,-0.00012339793,-1
G022,G024,-0.00012340225,-1
G031,G002,-0.00012348096,-1
G015,G001,-0.00012351574,-1
G030,G017,-0.00012351952,-1
G063,G093,-0.00012366024,-1
G023,G052,-0.0001236819,-1
G042,G073,-0.0001237096,-1
G016,G083,-0.00012372168,-1
G007,G036,-0.00012372194,-1
G092,G057,-0.00012376317,-1
G003,G034,-0.0001238624,-1
G051,G061,-0.00012388533,-1
G098,G080,-0.0001239366,-1
G098,G037,-0.00012395001,-1
G054,G007,-0.0001239537,-1
G060,G093,-0.0001239753,-1
G014,G062,-0.00012406387,-1
G084,G054,-0.0001241627,-1
G042,G055,-0.00012423247,-1
G010,G061,-0.00012423527,-1
G017,G054,-0.00012423993,-1
G084,G046,-0.00012436003,-1
G061,G006,-0.00012440245,-1
G001,G072,-0.0001244606,-1
G061,G036,-0.00012446711,-1
G015,G077,-0.00012451503,-1
G073,G037,-0.0001245279,-1
G003,G055,-0.0001246239,-1
G081,G067,-0.00012464524,-1
G040,G023,-0.00012466413,-1
G092,G047,-0.00012474776,-1
G078,G055,-0.00012485142,-1
G056,G034,-0.00012488384,-1
G078,G093,-0.00012494386,-1
G080,G009,-0.00012496157,-1
G062,G052,-0.00012497192,-1
G064,G073,-0.00012502105,-1
G078,G053,-0.00012502776,-1
G077,G054,-0.00012511096,-1
G051,G043,-0.00012524759,-1
G057,G018,-0.00012525133,-1
G086,G089,-0.00012554058,-1
G040,G071,-0.00012558859,-1
G063,G055,-0.00012562533,-1
G022,G050,-0.0001256612,-1
G055,G066,-0.0001256781,-1
G046,G074,-0.0001257293,-1
G014,G038,-0.00012573093,-1
G030,G081,-0.00012576744,-1
G084,G019,-0.00012579915,-1
G051,G054,-0.00012580647,-1
G024,G033,-0.0001258569,-1
G042,G060,-0.00012587514,-1
G022,G087,-0.00012592293,-1
G004,G010,-0.00012596132,-1
G057,G010,-0.00012596798,-1
G046,G075,-0.00012599012,-1
G014,G064,-0.0001260115,-1
G049,G099,-0.00012601893,-1
G035,G087,-0.00012606045,-1
G078,G024,-0.00012613586,-1
G033,G070,-0.00012643033,-1
G002,G053,-0.000126443,-1
G009,G054,-0.00012645044,-1
G051,G037,-0.00012645626,-1
G097,G091,-0.00012646793,-1
G012,G026,-0.00012653478,-1
G010,G091,-0.00012656463,-1
G021,G059,-0.00012662102,-1
G015,G009,-0.00012663178,-1
G014,G046,-0.0001266954,-1
G036,G061,-0.00012679701,-1
G078,G037,-0.00012682469,-1
G098,G078,-0.0001268346,-1
G063,G031,-0.00012685549,-1
G019,G037,-0.00012688136,-1
G058,G097,-0.00012688377,-1
G080,G019,-0.00012695242,-1
G026,G007,-0.00012704899,-1
G037,G059,-0.0001272092,-1
G060,G011,-0.00012725979,-1
G045,G089,-0.00012727051,-1
G036,G079,-0.00012732975,-1
G067,G043,-0.00012735785,-1
G082,G010,-0.00012741798,-1
G033,G043,-0.00012745375,-1
G055,G056,-0.00012750176,-1
G051,G083,-0.00012750695,-1
G063,G077,-0.00012753517,-1
G009,G002,-0.00012755429,-1
G015,G018,-0.0001275556,-1
G055,G090,-0.00012769953,-1
G027,G006,-0.00012772059,-1
G082,G053,-0.00012783066,-1
G024,G006,-0.00012785557,-1
G057,G038,-0.00012799016,-1
G026,G035,-0.0001280563,-1
G035,G075,-0.00012808191,-1
G015,G090,-0.00012820988,-1
G086,G060,-0.00012821368,-1
G052,G068,-0.00012822884,-1
G044,G084,-0.00012823661,-1
G001,G044,-0.0001282965,-1
G096,G061,-0.00012845978,-1
G080,G099,-0.00012847576,-1
G037,G027,-0.00012852144,-1
G049,G052,-0.00012855974,-1
G055,G058,-0.00012859811,-1
G084,G097,-0.00012866376,-1
G054,G079,-0.00012870712,-1
G060,G040,-0.00012871853,-1
G097,G037,-0.00012873844,-1
G061,G098,-0.00012879695,-1
G097,G064,-0.00012902785,-1
G014,G041,-0.00012908582,-1
G031,G054,-0.00012910679,-1
G043,G008,-0.00012910696,-1
G097,G049,-0.00012923272,-1
G002,G061,-0.00012925804,-1
G082,G084,-0.00012929324,-1
G017,G086,-0.00012930723,-1
G026,G044,-0.00012931864,-1
G051,G058,-0.00012939461,-1
G002,G028,-0.00012943751,-1
G017,G044,-0.00012944077,-1
G009,G001,-0.00012946704,-1
G082,G019,-0.00012950398,-1
G042,G071,-0.00012954888,-1
G004,G076,-0.00012957373,-1
G046,G091,-0.00012962654,-1
G064,G100,-0.00012969736,-1
G051,G022,-0.00012970952,-1
G082,G097,-0.00012976566,-1
G077,G084,-0.00012978383,-1
G046,G039,-0.00012985633,-1
G035,G064,-0.0001298608,-1
G007,G055,-0.00012988494,-1
G003,G074,-0.00012996788,-1
G037,G046,-0.00013005716,-1
G056,G042,-0.00013010416,-1
G079,G057,-0.00013010485,-1
G051,G001,-0.0001301183,-1
G080,G047,-0.00013015735,-1
G022,G051,-0.00013028888,-1
G015,G055,-0.0001303295,-1
G100,G051,-0.00013039801,-1
G016,G087,-0.00013040994,-1
G086,G034,-0.00013041515,-1
G090,G011,-0.00013053564,-1
G037,G072,-0.0001305956,-1
G010,G027,-0.00013063078,-1
G041,G092,-0.00013077837,-1
G022,G077,-0.0001308544,-1
G055,G061,-0.00013091073,-1
G004,G081,-0.00013095602,-1
G061,G096,-0.00013112254,-1
G049,G044,-0.000131165,-1
G015,G065,-0.00013121213,-1
G049,G070,-0.0001312685,-1
G042,G088,-0.00013128095,-1
G034,G055,-0.00013137308,-1
G048,G024,-0.00013150394,-1
G012,G022,-0.00013163852,-1
G039,G059,-0.0001317107,-1
G007,G098,-0.00013175297,-1
G097,G050,-0.00013182408,-1
G019,G062,-0.00013187333,-1
G084,G002,-0.0001319567,-1
G033,G046,-0.0001320361,-1
G015,G069,-0.00013204715,-1
G002,G096,-0.00013209975,-1
G077,G058,-0.00013220108,-1
G038,G059,-0.00013239268,-1
G049,G058,-0.00013253101,-1
G033,G087,-0.000132533,-1
G009,G019,-0.00013253359,-1
G097,G030,-0.0001325851,-1
G009,G057,-0.00013259231,-1
G044,G063,-0.00013259448,-1
G061,G099,-0.00013265396,-1
G008,G091,-0.00013266485,-1
G073,G044,-0.00013269765,-1
G009,G075,-0.00013283054,-1
G014,G006,-0.0001328465,-1
G040,G069,-0.00013285462,-1
G051,G010,-0.0001329677,-1
G084,G057,-0.00013296863,-1
G080,G090,-0.00013304749,-1
G044,G056,-0.00013308549,-1
G026,G058,-0.00013313901,-1
G015,G063,-0.00013324033,-1
G036,G015,-0.00013329095,-1
G098,G038,-0.00013334966,-1
G033,G059,-0.00013336312,-1
G051,G055,-0.00013342731,-1
G018,G047,-0.00013343577,-1
G035,G025,-0.00013347086,-1
G037,G011,-0.00013352574,-1
G031,G094,-0.00013353044,-1
G031,G086,-0.00013358185,-1
G017,G046,-0.00013361187,-1
G098,G052,-0.00013361612,-1
G062,G027,-0.00013373491,-1
G034,G063,-0.0001337383,-1
G009,G026,-0.00013382218,-1
G073,G064,-0.00013393194,-1
G052,G071,-0.00013394022,-1
G015,G025,-0.00013394286,-1
G007,G060,-0.00013414063,-1
G056,G100,-0.0001341728,-1
G096,G069,-0.00013425526,-1
G078,G066,-0.00013428423,-1
G036,G074,-0.00013434039,-1
G012,G059,-0.00013438889,-1
G051,G012,-0.00013439765,-1
G012,G041,-0.00013447918,-1
G038,G084,-0.00013453797,-1
G078,G062,-0.00013461291,-1
G077,G060,-0.00013464136,-1
G098,G061,-0.00013467671,-1
G037,G002,-0.00013476594,-1
G016,G047,-0.00013479785,-1
G066,G067,-0.0001348623,-1
G044,G081,-0.00013488848,-1
G067,G084,-0.00013488886,-1
G031,G010,-0.0001349366,-1
G017,G001,-0.00013507942,-1
G098,G019,-0.00013510283,-1
G096,G055,-0.00013512417,-1
G042,G031,-0.00013518767,-1
G035,G034,-0.00013518902,-1
G030,G056,-0.00013524502,-1
G044,G024,-0.00013526251,-1
G012,G084,-0.00013527602,-1
G095,G047,-0.00013534627,-1
G092,G002,-0.00013537418,-1
G022,G025,-0.00013537589,-1
G019,G065,-0.00013545557,-1
G084,G035,-0.00013554655,-1
G096,G031,-0.00013568522,-1
G044,G034,-0.00013568712,-1
G009,G047,-0.00013570402,-1
G082,G076,-0.0001357046,-1
G014,G051,-0.0001358351,-1
G077,G030,-0.00013589842,-1
G057,G075,-0.00013593103,-1
G046,G004,-0.0001359343,-1
G022,G021,-0.00013593698,-1
G078,G021,-0.00013599198,-1
G035,G019,-0.00013615454,-1
G045,G081,-0.00013615498,-1
G003,G087,-0.00013617602,-1
G095,G091,-0.00013620623,-1
G082,G012,-0.00013627869,-1
G067,G093,-0.00013634739,-1
G043,G073,-0.00013635671,-1
G060,G059,-0.0001363878,-1
G098,G064,-0.00013658569,-1
G061,G078,-0.0001365928,-1
G063,G053,-0.00013668451,-1
G077,G022,-0.00013671955,-1
G091,G041,-0.0001367452,-1
G015,G019,-0.00013675856,-1
G065,G087,-0.00013676102,-1
G012,G019,-0.00013691103,-1
G009,G024,-0.00013695746,-1
G057,G065,-0.00013696749,-1
G057,G077,-0.00013710692,-1
G035,G014,-0.0001372276,-1
G022,G060,-0.00013731602,-1
G015,G071,-0.00013733008,-1
G046,G019,-0.0001373315,-1
G014,G022,-0.00013745608,-1
G096,G089,-0.00013748529,-1
G062,G099,-0.00013751362,-1
G060,G051,-0.0001375708,-1
G063,G098,-0.00013761208,-1
G022,G015,-0.00013764306,-1
G093,G083,-0.00013766169,-1
G072,G056,-0.00013768079,-1
G051,G065,-0.00013774501,-1
G097,G071,-0.00013782587,-1
G031,G041,-0.00013785198,-1
G065,G066,-0.00013786771,-1
G010,G077,-0.00013789015,-1
G022,G047,-0.00013793081,-1
G072,G048,-0.0001379386,-1
G098,G046,-0.00013794948,-1
G098,G012,-0.00013807914,-1
G054,G099,-0.00013809583,-1
G012,G037,-0.00013811397,-1
G012,G077,-0.0001381431,-1
G097,G057,-0.00013815999,-1
G063,G010,-0.0001382216,-1
G026,G068,-0.0001382275,-1
G022,G016,-0.00013834787,-1
G092,G034,-0.00013835247,-1
G019,G038,-0.0001383671,-1
G010,G075,-0.00013847546,-1
G073,G094,-0.0001384773,-1
G063,G012,-0.00013855154,-1
G046,G096,-0.00013862981,-1
G057,G017,-0.00013867897,-1
G052,G088,-0.00013871072,-1
G079,G037,-0.00013871756,-1
G038,G060,-0.00013873965,-1
G002,G080,-0.00013883559,-1
G097,G090,-0.00013885144,-1
G037,G039,-0.00013887319,-1
G038,G040,-0.00013892342,-1
G045,G053,-0.0001389346,-1
G008,G060,-0.00013896114,-1
G051,G049,-0.0001390385,-1
G042,G057,-0.00013907804,-1
G051,G009,-0.00013909183,-1
G098,G051,-0.00013914958,-1
G061,G085,-0.00013915735,-1
G084,G015,-0.00013930019,-1
G046,G099,-0.00013937724,-1
G065,G072,-0.00013946492,-1
G055,G046,-0.00013966879,-1
G097,G083,-0.00013973418,-1
G010,G086,-0.00013978199,-1
G010,G031,-0.00013989898,-1
G012,G091,-0.00013994482,-1
G049,G043,-0.00013995002,-1
G068,G078,-0.00014000261,-1
G035,G030,-0.00014000382,-1
G089,G076,-0.00014004068,-1
G012,G062,-0.00014010887,-1
G015,G044,-0.0001402053,-1
G034,G005,-0.00014028241,-1
G049,G025,-0.00014052402,-1
G084,G043,-0.00014055525,-1
G049,G018,-0.0001405708,-1
G057,G068,-0.00014060196,-1
G018,G058,-0.00014061281,-1
G096,G054,-0.00014076156,-1
G009,G027,-0.00014097143,-1
G097,G001,-0.00014117516,-1
G015,G004,-0.00014129766,-1
G015,G093,-0.00014131186,-1
G065,G068,-0.00014133463,-1
G046,G014,-0.00014133938,-1
G057,G066,-0.00014139977,-1
G038,G054,-0.00014141596,-1
G015,G026,-0.000141427,-1
G022,G079,-0.00014146132,-1
G091,G073,-0.00014159507,-1
G019,G092,-0.00014160313,-1
G035,G052,-0.00014160978,-1
G002,G019,-0.00014161968,-1
G078,G044,-0.00014165604,-1
G048,G093,-0.00014166546,-1
G055,G087,-0.00014177749,-1
G096,G081,-0.00014178119,-1
G015,G028,-0.00014191096,-1
G003,G050,-0.00014193736,-1
G026,G059,-0.00014205737,-1
G088,G047,-0.00014208724,-1
G022,G030,-0.00014209766,-1
G078,G061,-0.00014209952,-1
G076,G099,-0.00014233141,-1
G037,G041,-0.00014233425,-1
G057,G092,-0.00014234787,-1
G014,G002,-0.00014241156,-1
G065,G056,-0.00014245875,-1
G010,G041,-0.00014249161,-1
G082,G056,-0.00014261287,-1
G077,G075,-0.00014266386,-1
G077,G001,-0.00014266688,-1
G082,G065,-0.0001427188,-1
G015,G037,-0.00014276485,-1
G008,G080,-0.00014276725,-1
G017,G031,-0.00014284003,-1
G046,G070,-0.00014284946,-1
G024,G029,-0.00014289326,-1
G061,G081,-0.0001428978,-1
G031,G033,-0.00014304012,-1
G012,G092,-0.00014319722,-1
G007,G075,-0.00014336527,-1
G100,G060,-0.00014345914,-1
G031,G023,-0.00014349126,-1
G034,G026,-0.00014361818,-1
G051,G020,-0.00014367554,-1
G039,G025,-0.0001436893,-1
G007,G092,-0.00014372688,-1
G051,G014,-0.00014377084,-1
G055,G053,-0.00014379958,-1
G009,G063,-0.00014380216,-1
G015,G089,-0.00014383088,-1
G064,G068,-0.00014393918,-1
G021,G042,-0.00014393943,-1
G070,G041,-0.00014414673,-1
G002,G077,-0.00014426817,-1
G079,G035,-0.00014433434,-1
G025,G080,-0.00014448563,-1
G046,G011,-0.00014452651,-1
G046,G057,-0.00014468882,-1
G061,G056,-0.00014475425,-1
G077,G039,-0.00014476385,-1
G007,G061,-0.00014484483,-1
G097,G010,-0.00014484966,-1
G037,G031,-0.00014485072,-1
G039,G080,-0.00014489044,-1
G049,G059,-0.00014498006,-1
G078,G031,-0.00014504252,-1
G001,G079,-0.00014504425,-1
G077,G088,-0.00014519687,-1
G082,G038,-0.0001451993,-1
G098,G077,-0.00014523299,-1
G046,G061,-0.00014535198,-1
G084,G020,-0.00014535492,-1
G038,G053,-0.00014536451,-1
G077,G055,-0.00014539565,-1
G056,G068,-0.00014546092,-1
G060,G054,-0.00014546269,-1
G057,G030,-0.00014547595,-1
G002,G089,-0.00014548269,-1
G056,G072,-0.00014559084,-1
G012,G053,-0.00014564156,-1
G013,G051,-0.00014572567,-1
G049,G056,-0.00014581798,-1
G097,G086,-0.00014589596,-1
G099,G042,-0.00014598931,-1
G003,G066,-0.00014604186,-1
G012,G098,-0.0001460515,-1
G065,G062,-0.0001460828,-1
G060,G020,-0.00014615981,-1
G055,G063,-0.00014626357,-1
G007,G039,-0.00014629401,-1
G034,G037,-0.00014630199,-1
G056,G006,-0.00014634216,-1
G009,G022,-0.00014648476,-1
G026,G039,-0.00014665739,-1
G068,G021,-0.00014669423,-1
G002,G006,-0.00014679956,-1
G049,G020,-0.00014702907,-1
G009,G065,-0.00014706724,-1
G086,G062,-0.00014711413,-1
G051,G042,-0.00014713015,-1
G012,G075,-0.00014713794,-1
G082,G027,-0.00014716337,-1
G055,G064,-0.00014717778,-1
G065,G025,-0.00014721,-1
G092,G024,-0.00014721457,-1
G003,G081,-0.00014729217,-1
G057,G073,-0.00014734741,-1
G049,G069,-0.00014736751,-1
G055,G078,-0.00014737457,-1
G004,G096,-0.00014747042,-1
G076,G065,-0.0001475231,-1
G082,G069,-0.0001475436,-1
G017,G097,-0.00014754575,-1
G100,G020,-0.00014755779,-1
G015,G047,-0.00014768114,-1
G015,G053,-0.00014772014,-1
G097,G060,-0.00014772662,-1
G061,G034,-0.00014780115,-1
G065,G081,-0.00014781083,-1
G009,G090,-0.00014799429,-1
G001,G080,-0.00014802409,-1
G051,G046,-0.00014807239,-1
G010,G068,-0.00014820561,-1
G051,G034,-0.00014828253,-1
G098,G075,-0.00014829263,-1
G067,G056,-0.00014829867,-1
G097,G054,-0.00014832473,-1
G007,G066,-0.00014835579,-1
G056,G054,-0.00014845126,-1
G049,G066,-0.00014854701,-1
G052,G070,-0.0001485952,-1
G065,G033,-0.00014861413,-1
G034,G075,-0.00014865698,-1
G078,G006,-0.00014866157,-1
G002,G055,-0.00014869098,-1
G029,G023,-0.00014870704,-1
G078,G014,-0.00014878063,-1
G077,G046,-0.00014891669,-1
G039,G070,-0.00014891723,-1
G098,G091,-0.0001489306,-1
G098,G074,-0.00014893815,-1
G061,G075,-0.00014894997,-1
G080,G089,-0.00014899998,-1
G083,G028,-0.00014904141,-1
G037,G022,-0.00014905714,-1
G004,G093,-0.00014909012,-1
G067,G046,-0.00014909412,-1
G092,G001,-0.00014911586,-1
G002,G012,-0.00014924967,-1
G065,G027,-0.00014926198,-1
G031,G052,-0.00014931471,-1
G077,G061,-0.00014943245,-1
G077,G062,-0.00014952073,-1
G061,G046,-0.0001495393,-1
G080,G010,-0.00014958267,-1
G049,G024,-0.00014958731,-1
G038,G029,-0.0001495955,-1
G038,G005,-0.00014975137,-1
G082,G096,-0.00014978311,-1
G063,G090,-0.00014980436,-1
G034,G091,-0.00014983003,-1
G055,G086,-0.00014987415,-1
G012,G097,-0.0001499623,-1
G014,G066,-0.00014996473,-1
G051,G077,-0.00015005142,-1
G018,G085,-0.00015006574,-1
G046,G095,-0.00015007875,-1
G051,G056,-0.00015010394,-1
G039,G019,-0.00015020296,-1
G057,G007,-0.00015023685,-1
G063,G051,-0.00015029269,-1
G001,G083,-0.00015030231,-1
G007,G083,-0.00015041941,-1
G012,G009,-0.00015048319,-1
G049,G074,-0.00015048527,-1
G082,G054,-0.00015056427,-1
G084,G068,-0.00015087656,-1
G061,G004,-0.00015092778,-1
G039,G071,-0.0001509617,-1
G061,G027,-0.00015097925,-1
G052,G044,-0.0001511702,-1
G060,G017,-0.00015120722,-1
G010,G090,-0.00015136,-1
G080,G014,-0.0001514403,-1
G051,G091,-0.00015147419,-1
G055,G076,-0.00015148456,-1
G046,G083,-0.00015150355,-1
G003,G061,-0.00015150383,-1
G038,G021,-0.0001515433,-1
G002,G090,-0.00015157725,-1
G044,G009,-0.00015158755,-1
G007,G033,-0.00015160559,-1
G056,G066,-0.00015168583,-1
G007,G089,-0.0001517123,-1
G019,G026,-0.00015180753,-1
G096,G064,-0.00015188463,-1
G061,G012,-0.0001519466,-1
G004,G035,-0.00015204119,-1
G080,G074,-0.00015206683,-1
G019,G068,-0.00015208463,-1
G038,G089,-0.00015215832,-1
G098,G089,-0.00015222312,-1
G057,G029,-0.00015231373,-1
G078,G056,-0.00015242618,-1
G042,G096,-0.00015264067,-1
G012,G061,-0.00015266781,-1
G092,G021,-0.0001527401,-1
G035,G021,-0.00015278356,-1
G012,G065,-0.0001528083,-1
G049,G031,-0.00015304932,-1
G044,G059,-0.00015310865,-1
G080,G031,-0.00015320949,-1
G038,G093,-0.0001532113,-1
G039,G083,-0.0001533003,-1
G039,G018,-0.00015330514,-1
G063,G075,-0.0001534105,-1
G014,G076,-0.0001534552,-1
G049,G096,-0.0001534929,-1
G014,G055,-0.00015356977,-1
G080,G039,-0.00015364397,-1
G037,G020,-0.00015368711,-1
G051,G100,-0.00015385577,-1
G049,G065,-0.00015390645,-1
G096,G084,-0.0001539065,-1
G057,G058,-0.00015395059,-1
G086,G039,-0.00015397723,-1
G077,G064,-0.00015403489,-1
G099,G100,-0.00015405299,-1
G076,G055,-0.00015406504,-1
G049,G001,-0.00015408327,-1
G025,G036,-0.00015412399,-1
G019,G093,-0.00015417743,-1
G015,G030,-0.000154189,-1
G009,G031,-0.00015439058,-1
G080,G055,-0.00015443361,-1
G069,G061,-0.00015453048,-1
G003,G038,-0.00015457801,-1
G019,G031,-0.00015463408,-1
G063,G086,-0.00015467941,-1
G096,G060,-0.00015471566,-1
G017,G078,-0.0001547368,-1
G086,G029,-0.00015479766,-1
G018,G023,-0.00015482282,-1
G036,G098,-0.0001548657,-1
G019,G004,-0.00015487231,-1
G042,G012,-0.00015517302,-1
G014,G027,-0.00015529098,-1
G051,G004,-0.00015537666,-1
G077,G044,-0.0001554353,-1
G012,G089,-0.00015545229,-1
G009,G066,-0.00015546236,-1
G021,G005,-0.00015568311,-1
G042,G065,-0.00015586567,-1
G061,G010,-0.00015596673,-1
G046,G089,-0.00015604513,-1
G024,G047,-0.00015617922,-1
G044,G066,-0.0001563251,-1
G004,G091,-0.00015636452,-1
G098,G090,-0.00015640513,-1
G026,G034,-0.0001565029,-1
G016,G011,-0.00015656147,-1
G046,G037,-0.00015658875,-1
G014,G009,-0.00015665551,-1
G084,G044,-0.00015672712,-1
G096,G092,-0.00015677302,-1
G044,G021,-0.0001568112,-1
G096,G024,-0.00015685728,-1
G096,G091,-0.00015688267,-1
G024,G004,-0.00015700606,-1
G038,G073,-0.00015704596,-1
G007,G074,-0.00015711387,-1
G049,G089,-0.00015720337,-1
G017,G039,-0.00015737777,-1
G036,G088,-0.00015739042,-1
G046,G084,-0.00015739907,-1
G030,G091,-0.00015745964,-1
G009,G061,-0.0001575127,-1
G014,G034,-0.0001575164,-1
G017,G058,-0.00015755095,-1
G025,G020,-0.00015755418,-1
G036,G014,-0.00015758663,-1
G046,G027,-0.00015759082,-1
G012,G057,-0.00015759103,-1
G077,G090,-0.00015772168,-1
G066,G042,-0.0001577484,-1
G009,G012,-0.00015780742,-1
G051,G005,-0.00015784767,-1
G054,G029,-0.00015788502,-1
G046,G066,-0.00015792997,-1
G096,G029,-0.00015793185,-1
G042,G030,-0.00015794359,-1
G056,G055,-0.00015809643,-1
G067,G025,-0.00015811346,-1
G022,G012,-0.00015812945,-1
G078,G092,-0.00015819712,-1
G077,G068,-0.0001582087,-1
G019,G034,-0.00015821646,-1
G074,G006,-0.00015837609,-1
G038,G017,-0.00015840313,-1
G039,G079,-0.00015843195,-1
G096,G030,-0.00015843817,-1
G019,G047,-0.00015845272,-1
G038,G050,-0.00015849888,-1
G097,G076,-0.00015852238,-1
G026,G002,-0.00015871257,-1
G010,G025,-0.00015883714,-1
G030,G011,-0.00015896709,-1
G097,G074,-0.00015897349,-1
G019,G061,-0.00015898878,-1
G092,G084,-0.00015905958,-1
G098,G021,-0.00015906098,-1
G061,G009,-0.00015918996,-1
G051,G039,-0.0001592927,-1
G010,G002,-0.00015930813,-1
G009,G096,-0.00015945952,-1
G035,G047,-0.00015981702,-1
G098,G062,-0.00015988573,-1
G035,G017,-0.0001599209,-1
G051,G087,-0.00015992767,-1
G033,G019,-0.00015995277,-1
G060,G036,-0.0001600169,-1
G080,G060,-0.00016020115,-1
G073,G053,-0.00016021865,-1
G052,G025,-0.00016024672,-1
G002,G088,-0.00016026969,-1
G031,G026,-0.00016036385,-1
G037,G087,-0.00016039444,-1
G017,G098,-0.0001604073,-1
G093,G080,-0.00016045803,-1
G038,G024,-0.00016071039,-1
G049,G046,-0.00016079882,-1
G084,G036,-0.00016092765,-1
G020,G006,-0.00016097917,-1
G088,G080,-0.00016103756,-1
G063,G038,-0.0001610403,-1
G009,G059,-0.00016106531,-1
G004,G012,-0.00016107985,-1
G061,G072,-0.00016116006,-1
G061,G074,-0.00016133921,-1
G064,G002,-0.00016140056,-1
G098,G095,-0.0001614131,-1
G097,G065,-0.00016152061,-1
G017,G060,-0.00016166545,-1
G022,G091,-0.00016166877,-1
G021,G014,-0.0001617384,-1
G007,G019,-0.00016176251,-1
G077,G027,-0.00016192113,-1
G052,G010,-0.00016202407,-1
G015,G072,-0.00016207315,-1
G077,G099,-0.00016210189,-1
G042,G054,-0.00016217501,-1
G029,G006,-0.00016223792,-1
G006,G036,-0.00016225,-1
G061,G001,-0.00016254751,-1
G019,G054,-0.00016265272,-1
G046,G059,-0.00016273752,-1
G009,G084,-0.00016279962,-1
G046,G007,-0.00016281502,-1
G049,G026,-0.00016282941,-1
G056,G033,-0.00016285433,-1
G052,G095,-0.00016287202,-1
G061,G092,-0.00016292154,-1
G100,G039,-0.00016298548,-1
G084,G086,-0.0001630157,-1
G055,G014,-0.0001630911,-1
G063,G035,-0.00016314794,-1
G084,G012,-0.00016323099,-1
G080,G064,-0.00016323729,-1
G079,G100,-0.00016343624,-1
G042,G018,-0.00016349982,-1
G044,G098,-0.00016351197,-1
G037,G005,-0.00016353304,-1
G057,G022,-0.00016354541,-1
G034,G072,-0.00016359183,-1
G080,G001,-0.00016362172,-1
G097,G088,-0.00016370186,-1
G010,G009,-0.00016375477,-1
G078,G089,-0.0001637976,-1
G013,G023,-0.00016381856,-1
G079,G062,-0.00016396059,-1
G010,G069,-0.00016399624,-1
G098,G071,-0.00016401571,-1
G079,G009,-0.00016413782,-1
G012,G007,-0.00016417341,-1
G021,G080,-0.00016420631,-1
G044,G029,-0.00016427187,-1
G078,G058,-0.00016442349,-1
G017,G026,-0.00016463481,-1
G002,G076,-0.00016487425,-1
G061,G033,-0.0001648779,-1
G091,G059,-0.00016491524,-1
G096,G086,-0.00016491531,-1
G019,G009,-0.00016499749,-1
G055,G075,-0.00016501528,-1
G097,G002,-0.00016508922,-1
G093,G011,-0.00016512728,-1
G055,G017,-0.00016515599,-1
G019,G017,-0.00016516048,-1
G097,G051,-0.00016529506,-1
G006,G060,-0.00016537252,-1
G057,G060,-0.00016538458,-1
G057,G071,-0.00016543093,-1
G037,G090,-0.00016552911,-1
G080,G084,-0.00016555564,-1
G034,G014,-0.00016556225,-1
G002,G068,-0.00016558447,-1
G084,G031,-0.00016566366,-1
G078,G068,-0.00016568924,-1
G044,G088,-0.00016569902,-1
G096,G006,-0.00016576663,-1
G057,G050,-0.00016587706,-1
G019,G030,-0.00016600834,-1
G009,G037,-0.00016607318,-1
G052,G033,-0.00016610466,-1
G042,G047,-0.00016614102,-1
G038,G095,-0.00016615499,-1
G015,G020,-0.0001663592,-1
G009,G074,-0.0001663647,-1
G063,G007,-0.00016641064,-1
G024,G023,-0.00016641083,-1
G079,G031,-0.00016655939,-1
G098,G083,-0.00016656167,-1
G037,G060,-0.00016656193,-1
G041,G025,-0.00016661762,-1
G097,G081,-0.0001667504,-1
G014,G044,-0.00016678596,-1
G044,G074,-0.00016688091,-1
G034,G020,-0.00016698423,-1
G052,G066,-0.00016700446,-1
G024,G083,-0.00016712141,-1
G002,G060,-0.00016718256,-1
G009,G052,-0.00016722945,-1
G044,G069,-0.00016728621,-1
G061,G062,-0.00016731479,-1
G012,G070,-0.00016736437,-1
G031,G081,-0.00016748543,-1
G080,G068,-0.00016764012,-1
G009,G007,-0.00016801633,-1
G044,G001,-0.00016801708,-1
G051,G093,-0.00016802519,-1
G017,G010,-0.00016806707,-1
G096,G068,-0.00016821729,-1
G065,G079,-0.00016823958,-1
G082,G029,-0.00016827234,-1
G012,G069,-0.00016829939,-1
G014,G026,-0.00016836253,-1
G038,G068,-0.0001684027,-1
G084,G009,-0.00016841634,-1
G012,G054,-0.00016846483,-1
G042,G070,-0.00016853432,-1
G022,G073,-0.00016870156,-1
G021,G095,-0.00016873782,-1
G062,G031,-0.00016885322,-1
G071,G048,-0.00016902102,-1
G063,G054,-0.00016902314,-1
G044,G047,-0.00016903957,-1
G098,G020,-0.00016915608,-1
G049,G077,-0.00016920286,-1
G038,G092,-0.000169253,-1
G086,G059,-0.00016929542,-1
G044,G099,-0.00016937034,-1
G068,G079,-0.00016940232,-1
G082,G086,-0.00016947954,-1
G022,G020,-0.00016949563,-1
G017,G019,-0.00016950106,-1
G012,G068,-0.00016953234,-1
G063,G091,-0.00016963448,-1
G034,G025,-0.00016978392,-1
G076,G080,-0.00016993238,-1
G063,G036,-0.00017001925,-1
G073,G087,-0.00017007503,-1
G062,G020,-0.00017021927,-1
G019,G053,-0.000170272,-1
G082,G093,-0.00017030237,-1
G010,G043,-0.00017034487,-1
G042,G093,-0.00017035482,-1
G096,G051,-0.00017038693,-1
G023,G038,-0.00017040083,-1
G096,G001,-0.00017046052,-1
G019,G098,-0.00017046135,-1
G017,G074,-0.0001705099,-1
G061,G024,-0.00017066585,-1
G090,G042,-0.0001708429,-1
G084,G016,-0.00017086955,-1
G019,G001,-0.00017087397,-1
G057,G098,-0.00017088868,-1
G044,G071,-0.00017102402,-1
G082,G028,-0.00017108073,-1
G046,G076,-0.00017126086,-1
G031,G050,-0.00017130174,-1
G041,G034,-0.0001713294,-1
G017,G099,-0.00017135192,-1
G023,G051,-0.00017144777,-1
G008,G046,-0.000171449,-1
G063,G076,-0.00017146615,-1
G057,G063,-0.00017162366,-1
G082,G055,-0.00017163923,-1
G065,G096,-0.00017180637,-1
G012,G056,-0.00017185157,-1
G007,G068,-0.0001719139,-1
G078,G091,-0.0001719245,-1
G010,G099,-0.00017206566,-1
G057,G090,-0.00017208142,-1
G020,G005,-0.00017221805,-1
G099,G036,-0.00017253315,-1
G002,G022,-0.00017258828,-1
G084,G060,-0.00017263678,-1
G039,G092,-0.00017267787,-1
G038,G001,-0.00017271483,-1
G019,G022,-0.00017275628,-1
G079,G039,-0.00017279777,-1
G019,G018,-0.00017280171,-1
G014,G060,-0.00017281722,-1
G080,G035,-0.00017285974,-1
G057,G044,-0.00017290813,-1
G065,G039,-0.0001730783,-1
G064,G058,-0.00017329212,-1
G057,G059,-0.00017335231,-1
G046,G023,-0.00017335422,-1
G023,G074,-0.00017340305,-1
G019,G086,-0.0001735797,-1
G092,G083,-0.00017363591,-1
G098,G097,-0.00017369214,-1
G034,G066,-0.00017372234,-1
G015,G091,-0.00017384074,-1
G077,G019,-0.00017386394,-1
G067,G018,-0.00017394697,-1
G030,G050,-0.00017402899,-1
G018,G015,-0.0001740637,-1
G049,G038,-0.00017413506,-1
G034,G036,-0.00017418498,-1
G042,G006,-0.00017426451,-1
G055,G021,-0.00017433411,-1
G044,G014,-0.00017444501,-1
G074,G079,-0.00017466587,-1
G042,G040,-0.00017491008,-1
G098,G029,-0.0001749402,-1
G014,G058,-0.00017528045,-1
G023,G001,-0.00017537504,-1
G084,G030,-0.000175408,-1
G034,G050,-0.00017546158,-1
G096,G047,-0.00017550787,-1
G056,G098,-0.00017552752,-1
G088,G006,-0.00017554351,-1
G012,G081,-0.00017557624,-1
G026,G089,-0.0001756794,-1
G097,G022,-0.00017568207,-1
G049,G068,-0.00017568243,-1
G009,G050,-0.00017573888,-1
G072,G083,-0.000175879,-1
G060,G047,-0.00017593462,-1
G012,G055,-0.00017600511,-1
G052,G027,-0.0001760065,-1
G011,G036,-0.00017602868,-1
G084,G061,-0.00017605333,-1
G009,G069,-0.00017608395,-1
G057,G061,-0.0001761792,-1
G042,G037,-0.0001762218,-1
G061,G054,-0.00017629493,-1
G065,G014,-0.00017649295,-1
G026,G050,-0.00017663697,-1
G069,G035,-0.0001767118,-1
G097,G055,-0.0001767169,-1
G096,G065,-0.00017683984,-1
G049,G091,-0.00017695129,-1
G063,G072,-0.0001769619,-1
G092,G076,-0.0001769774,-1
G031,G080,-0.00017709882,-1
G080,G046,-0.00017712377,-1
G061,G026,-0.00017723751,-1
G003,G053,-0.00017724572,-1
G012,G034,-0.00017734595,-1
G098,G030,-0.00017740141,-1
G046,G069,-0.00017746673,-1
G019,G059,-0.00017753032,-1
G051,G095,-0.00017762299,-1
G077,G033,-0.00017765096,-1
G096,G053,-0.00017780234,-1
G038,G028,-0.00017786074,-1
G041,G059,-0.00017797406,-1
G012,G025,-0.00017806714,-1
G084,G078,-0.00017807663,-1
G057,G089,-0.00017817262,-1
G084,G004,-0.00017818366,-1
G071,G094,-0.00017834394,-1
G003,G018,-0.00017837757,-1
G097,G093,-0.00017841607,-1
G091,G042,-0.00017844763,-1
G041,G063,-0.00017849213,-1
G084,G070,-0.00017859519,-1
G015,G070,-0.00017874948,-1
G039,G076,-0.00017876463,-1
G042,G023,-0.00017889087,-1
G082,G011,-0.00017899318,-1
G009,G076,-0.00017909761,-1
G063,G026,-0.00017928494,-1
G015,G096,-0.00017931506,-1
G084,G051,-0.00017938198,-1
G044,G004,-0.00017943305,-1
G097,G066,-0.00017975688,-1
G082,G025,-0.00017989238,-1
G044,G027,-0.00017998934,-1
G012,G047,-0.0001800856,-1
G041,G056,-0.00018020252,-1
G009,G033,-0.0001802102,-1
G062,G035,-0.0001802679,-1
G061,G059,-0.00018028218,-1
G096,G004,-0.0001804564,-1
G077,G096,-0.00018046232,-1
G012,G030,-0.00018047071,-1
G002,G097,-0.00018053995,-1
G022,G014,-0.00018062702,-1
G046,G093,-0.00018065945,-1
G052,G011,-0.00018074535,-1
G096,G059,-0.00018075884,-1
G046,G034,-0.00018083419,-1
G062,G100,-0.00018091791,-1
G077,G071,-0.00018093722,-1
G015,G035,-0.0001810269,-1
G062,G042,-0.00018107226,-1
G036,G055,-0.00018107286,-1
G098,G001,-0.0001811423,-1
G030,G033,-0.00018115735,-1
G046,G047,-0.00018119327,-1
G078,G017,-0.00018126814,-1
G078,G074,-0.00018131985,-1
G055,G027,-0.00018138257,-1
G055,G033,-0.00018145592,-1
G035,G081,-0.00018154597,-1
G086,G011,-0.00018162845,-1
G084,G041,-0.00018174523,-1
G037,G084,-0.00018205504,-1
G019,G056,-0.00018206518,-1
G084,G024,-0.00018213854,-1
G086,G040,-0.00018214011,-1
G088,G020,-0.00018216007,-1
G010,G070,-0.00018218179,-1
G038,G098,-0.00018222687,-1
G015,G081,-0.00018227623,-1
G012,G017,-0.00018246156,-1
G093,G091,-0.00018248096,-1
G078,G035,-0.00018249049,-1
G062,G025,-0.0001825368,-1
G014,G024,-0.00018257213,-1
G062,G087,-0.00018258524,-1
G012,G078,-0.00018261533,-1
G009,G018,-0.00018268668,-1
G021,G083,-0.00018274246,-1
G061,G066,-0.00018284185,-1
G002,G075,-0.00018284531,-1
G043,G094,-0.00018296232,-1
G015,G075,-0.00018296707,-1
G052,G075,-0.00018314048,-1
G096,G050,-0.00018331129,-1
G017,G012,-0.00018341314,-1
G052,G020,-0.00018354181,-1
G055,G047,-0.00018358274,-1
G002,G050,-0.00018376323,-1
G012,G090,-0.00018382135,-1
G007,G004,-0.00018397006,-1
G044,G046,-0.00018408214,-1
G007,G077,-0.00018411226,-1
G044,G077,-0.00018414826,-1
G049,G063,-0.0001843882,-1
G040,G049,-0.00018448364,-1
G096,G022,-0.00018451127,-1
G080,G026,-0.00018459438,-1
G014,G097,-0.0001846258,-1
G082,G068,-0.00018467457,-1
G037,G080,-0.00018467946,-1
G051,G096,-0.00018471637,-1
G055,G098,-0.00018472855,-1
G094,G014,-0.00018477162,-1
G013,G062,-0.0001847948,-1
G041,G078,-0.00018493498,-1
G097,G052,-0.00018495882,-1
G045,G078,-0.00018500602,-1
G002,G070,-0.00018502421,-1
G031,G053,-0.00018505877,-1
G080,G021,-0.00018515895,-1
G096,G023,-0.00018522932,-1
G063,G014,-0.00018528498,-1
G013,G022,-0.00018542702,-1
G082,G030,-0.00018543992,-1
G082,G094,-0.00018547698,-1
G080,G086,-0.00018547835,-1
G017,G066,-0.00018560507,-1
G098,G024,-0.00018564207,-1
G056,G039,-0.00018565089,-1
G019,G010,-0.0001857036,-1
G015,G083,-0.00018572152,-1
G057,G001,-0.00018579724,-1
G033,G065,-0.00018596582,-1
G052,G089,-0.00018597464,-1
G077,G059,-0.00018599443,-1
G052,G018,-0.000186051,-1
G077,G098,-0.00018612733,-1
G057,G014,-0.0001861972,-1
G082,G014,-0.0001863232,-1
G084,G029,-0.00018634676,-1
G001,G100,-0.00018636811,-1
G037,G056,-0.0001864654,-1
G012,G018,-0.00018653618,-1
G023,G031,-0.00018655899,-1
G007,G067,-0.00018660747,-1
G078,G094,-0.00018677328,-1
G080,G061,-0.00018694533,-1
G075,G049,-0.00018700983,-1
G007,G063,-0.00018713037,-1
G080,G054,-0.00018717712,-1
G038,G034,-0.00018717811,-1
G052,G063,-0.00018720652,-1
G061,G084,-0.00018735007,-1
G019,G076,-0.00018746972,-1
G063,G070,-0.0001875004,-1
G078,G018,-0.0001877721,-1
G017,G090,-0.00018812377,-1
G097,G099,-0.0001881795,-1
G097,G058,-0.00018823869,-1
G051,G011,-0.0001883294,-1
G054,G042,-0.00018844329,-1
G046,G081,-0.00018876817,-1
G065,G090,-0.00018877212,-1
G018,G044,-0.00018888227,-1
G043,G092,-0.00018901142,-1
G055,G050,-0.00018902849,-1
G061,G086,-0.00018902964,-1
G073,G036,-0.000189056,-1
G063,G027,-0.00018917986,-1
G038,G074,-0.00018918046,-1
G014,G084,-0.00018938485,-1
G084,G058,-0.00018940329,-1
G007,G040,-0.00018956818,-1
G057,G037,-0.00018961879,-1
G096,G020,-0.00018996041,-1
G052,G076,-0.00019013863,-1
G052,G053,-0.00019019067,-1
G016,G005,-0.00019022246,-1
G019,G066,-0.00019024021,-1
G014,G056,-0.0001902573,-1
G007,G001,-0.00019025896,-1
G019,G099,-0.00019026488,-1
G026,G098,-0.0001902675,-1
G014,G004,-0.00019046236,-1
G019,G083,-0.00019049823,-1
G041,G040,-0.00019064535,-1
G038,G061,-0.00019066922,-1
G087,G100,-0.00019083885,-1
G079,G040,-0.00019101932,-1
G067,G011,-0.00019103178,-1
G080,G077,-0.00019104771,-1
G057,G056,-0.00019110595,-1
G014,G091,-0.00019111049,-1
G061,G080,-0.00019116125,-1
G007,G059,-0.00019126455,-1
G055,G012,-0.00019128073,-1
G019,G046,-0.00019143781,-1
G038,G066,-0.00019162887,-1
G024,G028,-0.0001916366,-1
G078,G036,-0.00019166512,-1
G024,G059,-0.00019179656,-1
G003,G068,-0.00019194125,-1
G002,G047,-0.00019196991,-1
G064,G011,-0.00019209449,-1
G007,G052,-0.00019230128,-1
G035,G038,-0.00019234983,-1
G019,G035,-0.00019244086,-1
G046,G026,-0.00019246644,-1
G067,G088,-0.00019257606,-1
G001,G042,-0.00019280535,-1
G079,G004,-0.00019289702,-1
G001,G006,-0.00019294156,-1
G057,G078,-0.00019299396,-1
G097,G004,-0.00019301297,-1
G086,G007,-0.00019313117,-1
G003,G069,-0.00019327037,-1
G061,G076,-0.00019348951,-1
G015,G080,-0.00019352412,-1
G061,G090,-0.0001936378,-1
G097,G046,-0.00019365872,-1
G061,G031,-0.00019371649,-1
G046,G035,-0.00019383704,-1
G009,G021,-0.00019386523,-1
G009,G067,-0.00019388883,-1
G100,G043,-0.00019391226,-1
G080,G034,-0.00019406824,-1
G026,G088,-0.00019409032,-1
G098,G053,-0.00019425464,-1
G046,G044,-0.00019428752,-1
G048,G036,-0.00019450915,-1
G033,G096,-0.0001945583,-1
G023,G019,-0.00019459499,-1
G097,G068,-0.00019481374,-1
G042,G094,-0.00019502477,-1
G057,G093,-0.00019505645,-1
G055,G038,-0.00019516998,-1
G096,G037,-0.00019531827,-1
G012,G080,-0.00019534594,-1
G049,G036,-0.00019536124,-1
G014,G019,-0.00019546397,-1
G004,G080,-0.00019580711,-1
G052,G047,-0.00019585778,-1
G076,G097,-0.00019587974,-1
G055,G019,-0.0001958835,-1
G078,G095,-0.00019593499,-1
G002,G025,-0.00019595801,-1
G057,G033,-0.00019600372,-1
G084,G075,-0.00019604429,-1
G057,G076,-0.00019617555,-1
G079,G019,-0.0001962496,-1
G092,G063,-0.00019625395,-1
G035,G083,-0.00019627313,-1
G026,G070,-0.00019627571,-1
G063,G059,-0.00019628054,-1
G067,G007,-0.00019628833,-1
G017,G061,-0.00019662459,-1
G010,G080,-0.00019666553,-1
G017,G007,-0.00019666775,-1
G006,G002,-0.00019683666,-1
G017,G068,-0.00019685201,-1
G017,G024,-0.00019689351,-1
G031,G021,-0.00019702475,-1
G086,G025,-0.00019705216,-1
G007,G054,-0.00019711978,-1
G016,G010,-0.0001971525,-1
G089,G034,-0.00019720368,-1
G057,G054,-0.00019720444,-1
G035,G005,-0.00019722464,-1
G036,G080,-0.00019732855,-1
G039,G024,-0.00019746841,-1
G013,G064,-0.00019749432,-1
G077,G093,-0.00019751296,-1
G084,G034,-0.00019751301,-1
G007,G024,-0.00019755209,-1
G003,G025,-0.00019771648,-1
G061,G058,-0.00019773588,-1
G055,G018,-0.00019779133,-1
G092,G087,-0.00019787399,-1
G056,G018,-0.00019798934,-1
G058,G049,-0.0001979897,-1
G009,G029,-0.00019804912,-1
G009,G068,-0.0001980938,-1
G022,G088,-0.00019810325,-1
G017,G052,-0.00019821333,-1
G075,G023,-0.00019824105,-1
G049,G027,-0.00019847452,-1
G054,G066,-0.000198504,-1
G057,G004,-0.00019857075,-1
G052,G021,-0.00019865189,-1
G076,G037,-0.00019870681,-1
G070,G042,-0.00019877759,-1
G086,G097,-0.00019902123,-1
G042,G079,-0.00019924436,-1
G009,G010,-0.0001994715,-1
G057,G081,-0.00019949673,-1
G084,G090,-0.00019958321,-1
G098,G069,-0.0001996205,-1
G046,G005,-0.00019965935,-1
G057,G091,-0.00019984778,-1
G082,G024,-0.00019988278,-1
G017,G057,-0.00020025148,-1
G009,G095,-0.00020029728,-1
G057,G006,-0.00020042059,-1
G046,G012,-0.00020044156,-1
G049,G064,-0.00020047104,-1
G015,G059,-0.0002005021,-1
G051,G074,-0.00020056115,-1
G079,G051,-0.00020063466,-1
G084,G056,-0.00020076531,-1
G077,G014,-0.00020077675,-1
G048,G100,-0.00020081145,-1
G019,G100,-0.00020082103,-1
G057,G095,-0.00020092058,-1
G084,G100,-0.00020101356,-1
G064,G005,-0.00020103945,-1
G030,G006,-0.00020104268,-1
G080,G075,-0.00020118087,-1
G078,G099,-0.00020127073,-1
G052,G017,-0.00020129615,-1
G063,G005,-0.00020137284,-1
G098,G035,-0.00020148212,-1
G041,G099,-0.00020149875,-1
G003,G060,-0.00020150446,-1
G049,G035,-0.00020152163,-1
G077,G095,-0.00020163388,-1
G037,G083,-0.0002016725,-1
G080,G030,-0.00020177169,-1
G046,G098,-0.00020186226,-1
G097,G072,-0.00020192965,-1
G007,G043,-0.00020207556,-1
G004,G066,-0.00020218891,-1
G065,G022,-0.00020228798,-1
G055,G100,-0.00020237816,-1
G079,G074,-0.00020238142,-1
G063,G069,-0.00020242875,-1
G055,G030,-0.00020243395,-1
G017,G070,-0.00020252925,-1
G007,G027,-0.0002028837,-1
G063,G087,-0.00020288443,-1
G055,G059,-0.00020292646,-1
G014,G052,-0.0002032361,-1
G046,G088,-0.00020325839,-1
G049,G075,-0.00020332896,-1
G015,G087,-0.00020335223,-1
G084,G088,-0.00020338279,-1
G099,G073,-0.0002034234,-1
G034,G087,-0.00020357882,-1
G009,G034,-0.00020362991,-1
G061,G088,-0.0002036733,-1
G031,G007,-0.00020369899,-1
G010,G072,-0.00020407511,-1
G057,G025,-0.0002042943,-1
G037,G065,-0.00020431592,-1
G012,G099,-0.00020436659,-1
G098,G018,-0.00020440306,-1
G017,G034,-0.00020444147,-1
G015,G095,-0.00020444486,-1
G006,G100,-0.00020445135,-1
G046,G017,-0.00020447337,-1
G034,G076,-0.00020455723,-1
G042,G020,-0.00020482461,-1
G010,G056,-0.00020483544,-1
G023,G050,-0.0002049002,-1
G084,G099,-0.00020492019,-1
G039,G005,-0.00020492237,-1
G055,G025,-0.00020498369,-1
G063,G004,-0.00020505342,-1
G080,G070,-0.00020518045,-1
G051,G088,-0.00020519814,-1
G014,G030,-0.00020523307,-1
G002,G014,-0.00020523403,-1
G019,G042,-0.00020536939,-1
G010,G028,-0.00020544072,-1
G084,G081,-0.00020545443,-1
G096,G017,-0.00020546341,-1
G027,G040,-0.00020552955,-1
G012,G039,-0.00020553444,-1
G055,G088,-0.00020558423,-1
G086,G083,-0.00020566481,-1
G019,G072,-0.00020570662,-1
G036,G044,-0.00020578074,-1
G098,G027,-0.00020587213,-1
G049,G055,-0.0002059312,-1
G003,G091,-0.00020594872,-1
G061,G095,-0.00020599627,-1
G003,G082,-0.00020599869,-1
G049,G060,-0.00020650521,-1
G021,G033,-0.000206572,-1
G003,G029,-0.00020658414,-1
G012,G052,-0.00020660777,-1
G042,G035,-0.0002066226,-1
G097,G095,-0.00020663987,-1
G063,G030,-0.00020671317,-1
G082,G059,-0.00020672542,-1
G078,G009,-0.000206757,-1
G074,G100,-0.00020676838,-1
G046,G060,-0.00020681442,-1
G097,G053,-0.0002068375,-1
G067,G014,-0.00020694341,-1
G096,G010,-0.0002072992,-1
G079,G044,-0.00020731452,-1
G002,G081,-0.00020733228,-1
G057,G051,-0.0002075833,-1
G057,G080,-0.0002077469,-1
G046,G080,-0.00020782025,-1
G098,G066,-0.00020816333,-1
G042,G039,-0.00020817634,-1
G080,G087,-0.00020821381,-1
G017,G029,-0.00020833855,-1
G034,G017,-0.00020840697,-1
G019,G074,-0.00020876955,-1
G096,G076,-0.0002090373,-1
G051,G030,-0.00020907164,-1
G066,G006,-0.00020913457,-1
G010,G083,-0.00020919387,-1
G004,G039,-0.00020929889,-1
G019,G055,-0.00020942037,-1
G096,G099,-0.00020945187,-1
G046,G029,-0.00020946568,-1
G049,G093,-0.00020949834,-1
G017,G009,-0.00020960043,-1
G096,G039,-0.00020977372,-1
G009,G035,-0.00020978438,-1
G010,G076,-0.00020984701,-1
G080,G091,-0.00020997752,-1
G014,G099,-0.0002100265,-1
G009,G088,-0.00021016876,-1
G067,G037,-0.0002101924,-1
G031,G035,-0.00021025138,-1
G096,G026,-0.00021026992,-1
G063,G056,-0.00021029207,-1
G097,G039,-0.0002104934,-1
G009,G036,-0.00021054858,-1
G084,G092,-0.00021055742,-1
G041,G079,-0.0002106001,-1
G077,G006,-0.00021077786,-1
G079,G099,-0.00021085852,-1
G019,G044,-0.00021085922,-1
G054,G006,-0.00021088657,-1
G015,G068,-0.0002110332,-1
G098,G054,-0.00021127194,-1
G100,G084,-0.00021127402,-1
G096,G027,-0.00021145502,-1
G022,G009,-0.0002118664,-1
G049,G053,-0.0002119336,-1
G051,G016,-0.00021196304,-1
G013,G017,-0.00021205374,-1
G022,G086,-0.00021229271,-1
G079,G002,-0.00021249629,-1
G057,G026,-0.00021252461,-1
G009,G041,-0.00021265986,-1
G009,G053,-0.00021274302,-1
G044,G019,-0.00021276262,-1
G060,G042,-0.00021281982,-1
G051,G050,-0.00021295766,-1
G007,G088,-0.0002130214,-1
G073,G018,-0.00021305664,-1
G017,G087,-0.00021307984,-1
G040,G073,-0.00021333604,-1
G063,G080,-0.0002133372,-1
G048,G038,-0.00021340602,-1
G015,G094,-0.00021354969,-1
G019,G096,-0.0002135521,-1
G023,G061,-0.00021356816,-1
G049,G022,-0.00021391125,-1
G084,G087,-0.0002140602,-1
G062,G081,-0.00021408999,-1
G022,G070,-0.00021409495,-1
G031,G025,-0.00021417464,-1
G050,G006,-0.00021421845,-1
G046,G063,-0.00021424727,-1
G027,G042,-0.00021436728,-1
G084,G001,-0.00021436934,-1
G046,G053,-0.00021466026,-1
G012,G074,-0.0002146711,-1
G007,G050,-0.00021484333,-1
G096,G058,-0.00021498927,-1
G056,G036,-0.00021500314,-1
G097,G077,-0.00021514269,-1
G034,G083,-0.00021517694,-1
G082,G047,-0.00021567877,-1
G051,G019,-0.00021576937,-1
G082,G005,-0.00021586166,-1
G062,G050,-0.0002158749,-1
G014,G096,-0.0002159151,-1
G036,G092,-0.00021592135,-1
G015,G092,-0.00021601668,-1
G057,G027,-0.00021602934,-1
G080,G024,-0.00021611061,-1
G051,G080,-0.00021616659,-1
G012,G060,-0.00021631039,-1
G068,G073,-0.00021633646,-1
G009,G091,-0.00021635261,-1
G079,G084,-0.00021635354,-1
G022,G093,-0.0002164267,-1
G078,G047,-0.0002166941,-1
G019,G071,-0.00021680773,-1
G046,G024,-0.00021694676,-1
G009,G086,-0.000217059,-1
G012,G058,-0.0002170706,-1
G084,G098,-0.0002171342,-1
G097,G020,-0.00021720958,-1
G057,G070,-0.00021750915,-1
G014,G059,-0.00021756973,-1
G084,G021,-0.0002177022,-1
G002,G051,-0.0002177127,-1
G014,G098,-0.00021774137,-1
G031,G017,-0.00021777813,-1
G014,G086,-0.00021783117,-1
G017,G035,-0.00021786153,-1
G096,G080,-0.00021786301,-1
G084,G069,-0.00021788385,-1
G048,G002,-0.00021791265,-1
G038,G025,-0.0002181206,-1
G058,G079,-0.00021814147,-1
G042,G025,-0.00021827189,-1
G002,G011,-0.00021837762,-1
G084,G089,-0.00021865102,-1
G080,G098,-0.00021870976,-1
G031,G075,-0.00021926005,-1
G007,G011,-0.00021945231,-1
G055,G020,-0.00021946098,-1
G084,G055,-0.00021949883,-1
G093,G036,-0.000219532,-1
G059,G067,-0.00021963504,-1
G057,G074,-0.00021985958,-1
G046,G090,-0.00021986506,-1
G014,G092,-0.0002199183,-1
G023,G009,-0.00021991918,-1
G048,G079,-0.0002201082,-1
G061,G065,-0.00022011592,-1
G013,G002,-0.00022017534,-1
G063,G061,-0.00022032687,-1
G016,G073,-0.0002203323,-1
G057,G072,-0.00022044116,-1
G049,G085,-0.00022047701,-1
G044,G052,-0.00022051221,-1
G009,G070,-0.00022059215,-1
G046,G050,-0.0002208168,-1
G042,G026,-0.000220829,-1
G006,G068,-0.00022086629,-1
G001,G033,-0.00022096132,-1
G009,G056,-0.00022105382,-1
G023,G099,-0.00022106207,-1
G061,G039,-0.00022112648,-1
G040,G079,-0.00022118607,-1
G098,G006,-0.00022135231,-1
G017,G056,-0.00022162986,-1
G009,G083,-0.00022165183,-1
G098,G039,-0.0002216643,-1
G042,G007,-0.0002216869,-1
G017,G089,-0.00022177397,-1
G078,G029,-0.00022182132,-1
G013,G043,-0.000221864,-1
G057,G052,-0.0002219246,-1
G019,G029,-0.0002220314,-1
G084,G039,-0.00022212387,-1
G097,G024,-0.00022213029,-1
G007,G056,-0.00022217938,-1
G077,G020,-0.00022224121,-1
G007,G094,-0.00022230062,-1
G003,G042,-0.00022248543,-1
G098,G068,-0.00022250917,-1
G062,G022,-0.0002225567,-1
G061,G019,-0.0002225927,-1
G079,G054,-0.00022261462,-1
G089,G006,-0.00022264278,-1
G057,G069,-0.00022265935,-1
G051,G076,-0.00022286215,-1
G004,G021,-0.00022289496,-1
G046,G021,-0.0002230089,-1
G076,G010,-0.0002230492,-1
G009,G081,-0.00022305045,-1
G046,G068,-0.00022333812,-1
G049,G094,-0.0002233537,-1
G080,G053,-0.0002235492,-1
G078,G038,-0.0002236418,-1
G061,G069,-0.00022382321,-1
G098,G056,-0.00022393245,-1
G079,G066,-0.00022396918,-1
G049,G009,-0.00022411945,-1
G021,G047,-0.00022413944,-1
G092,G040,-0.00022424724,-1
G012,G050,-0.0002243195,-1
G010,G040,-0.00022447633,-1
G014,G039,-0.00022453857,-1
G096,G075,-0.00022460394,-1
G060,G006,-0.00022485832,-1
G006,G044,-0.00022512452,-1
G061,G007,-0.0002251323,-1
G044,G017,-0.00022518421,-1
G063,G021,-0.00022525086,-1
G089,G005,-0.00022529003,-1
G017,G075,-0.00022529376,-1
G026,G073,-0.00022535051,-1
G057,G053,-0.00022535742,-1
G009,G098,-0.00022582903,-1
G077,G089,-0.00022584664,-1
G019,G089,-0.00022600223,-1
G012,G027,-0.0002260957,-1
G046,G018,-0.00022621661,-1
G054,G021,-0.0002262295,-1
G037,G088,-0.00022653524,-1
G003,G027,-0.00022661813,-1
G017,G037,-0.00022683683,-1
G014,G018,-0.00022693546,-1
G042,G089,-0.00022711953,-1
G010,G096,-0.00022712715,-1
G010,G065,-0.00022722066,-1
G029,G073,-0.00022726641,-1
G061,G052,-0.00022744054,-1
G065,G070,-0.00022766604,-1
G079,G022,-0.00022777135,-1
G013,G097,-0.00022779073,-1
G019,G040,-0.00022784872,-1
G014,G081,-0.0002280315,-1
G055,G089,-0.0002281191,-1
G014,G012,-0.00022816913,-1
G051,G033,-0.00022830104,-1
G084,G040,-0.00022837578,-1
G019,G007,-0.0002284251,-1
G097,G005,-0.00022857798,-1
G063,G018,-0.0002286059,-1
G014,G068,-0.00022898185,-1
G061,G014,-0.00022906614,-1
G074,G023,-0.00022927418,-1
G023,G037,-0.00022929967,-1
G072,G019,-0.00022935923,-1
G059,G023,-0.00022945227,-1
G012,G088,-0.00022962186,-1
G072,G040,-0.00022984952,-1
G082,G001,-0.0002300663,-1
G014,G089,-0.00023019362,-1
G042,G081,-0.00023027591,-1
G014,G007,-0.00023030565,-1
G049,G090,-0.0002305148,-1
G003,G037,-0.0002306541,-1
G042,G074,-0.0002307298,-1
G084,G010,-0.00023087572,-1
G010,G019,-0.00023099517,-1
G060,G080,-0.00023104624,-1
G096,G025,-0.00023123297,-1
G068,G036,-0.00023130189,-1
G019,G067,-0.0002313407,-1
G087,G049,-0.00023144984,-1
G026,G023,-0.00023158848,-1
G078,G059,-0.00023166057,-1
G037,G070,-0.00023167975,-1
G026,G083,-0.00023179894,-1
G022,G065,-0.00023221254,-1
G057,G011,-0.00023222985,-1
G097,G026,-0.00023229339,-1
G080,G027,-0.00023238081,-1
G031,G087,-0.0002323885,-1
G084,G026,-0.00023240272,-1
G098,G063,-0.00023250356,-1
G019,G012,-0.00023251367,-1
G019,G052,-0.00023279469,-1
G012,G005,-0.00023295911,-1
G012,G072,-0.00023314747,-1
G013,G061,-0.0002332052,-1
G082,G033,-0.000233269,-1
G062,G040,-0.00023343216,-1
G079,G058,-0.0002335195,-1
G013,G046,-0.00023352275,-1
G080,G004,-0.0002335574,-1
G023,G077,-0.00023370661,-1
G009,G051,-0.00023388445,-1
G004,G100,-0.00023393812,-1
G061,G017,-0.00023406392,-1
G006,G020,-0.00023406955,-1
G079,G070,-0.0002342419,-1
G013,G044,-0.0002343314,-1
G061,G070,-0.00023438582,-1
G019,G051,-0.00023462245,-1
G087,G073,-0.00023493094,-1
G049,G054,-0.00023510415,-1
G022,G011,-0.00023511234,-1
G010,G037,-0.00023523811,-1
G077,G012,-0.00023532065,-1
G019,G058,-0.00023548353,-1
G010,G022,-0.00023556071,-1
G017,G081,-0.00023559606,-1
G076,G096,-0.00023564907,-1
G007,G053,-0.00023565737,-1
G061,G030,-0.00023613982,-1
G061,G055,-0.00023628619,-1
G098,G017,-0.00023637376,-1
G044,G051,-0.00023639936,-1
G007,G021,-0.00023646739,-1
G007,G035,-0.0002369434,-1
G031,G011,-0.00023699549,-1
G077,G018,-0.00023701199,-1
G077,G069,-0.00023709502,-1
G057,G019,-0.00023712163,-1
G019,G070,-0.00023712406,-1
G055,G072,-0.00023726773,-1
G012,G024,-0.00023749274,-1
G092,G100,-0.00023763912,-1
G063,G089,-0.00023771077,-1
G019,G088,-0.00023786696,-1
G010,G062,-0.00023798784,-1
G017,G004,-0.00023821899,-1
G038,G018,-0.00023836484,-1
G078,G042,-0.00023850678,-1
G019,G039,-0.00023873564,-1
G063,G074,-0.0002389062,-1
G057,G002,-0.0002390462,-1
G098,G076,-0.00023905734,-1
G052,G038,-0.00023908586,-1
G007,G095,-0.00023924431,-1
G098,G065,-0.0002395268,-1
G063,G034,-0.00023974502,-1
G038,G049,-0.00023985974,-1
G017,G055,-0.00023987069,-1
G022,G092,-0.0002399237,-1
G012,G076,-0.00023995603,-1
G096,G090,-0.00024020622,-1
G053,G049,-0.00024023032,-1
G044,G053,-0.00024036638,-1
G064,G050,-0.0002403744,-1
G063,G033,-0.00024064207,-1
G030,G042,-0.00024082286,-1
G014,G078,-0.00024131991,-1
G021,G034,-0.00024143318,-1
G098,G011,-0.00024154014,-1
G009,G025,-0.00024167908,-1
G096,G070,-0.00024208897,-1
G010,G097,-0.00024218005,-1
G080,G100,-0.00024219218,-1
G019,G084,-0.00024236194,-1
G056,G005,-0.00024255087,-1
G079,G064,-0.00024264352,-1
G012,G066,-0.00024267902,-1
G097,G087,-0.00024270122,-1
G041,G038,-0.00024274453,-1
G054,G011,-0.00024302397,-1
G013,G021,-0.00024306039,-1
G032,G010,-0.00024311332,-1
G077,G040,-0.0002432006,-1
G006,G035,-0.00024321508,-1
G009,G020,-0.00024339181,-1
G017,G095,-0.00024350689,-1
G084,G093,-0.00024353083,-1
G058,G006,-0.00024376382,-1
G078,G041,-0.00024380384,-1
G063,G039,-0.00024381657,-1
G080,G088,-0.00024388633,-1
G051,G072,-0.00024421912,-1
G097,G042,-0.00024444613,-1
G072,G011,-0.0002444963,-1
G017,G036,-0.00024482713,-1
G014,G061,-0.00024499773,-1
G084,G074,-0.00024508336,-1
G010,G055,-0.0002451336,-1
G080,G041,-0.00024515798,-1
G079,G095,-0.00024543298,-1
G038,G063,-0.0002454419,-1
G002,G100,-0.00024560487,-1
G044,G100,-0.00024574436,-1
G084,G059,-0.00024600184,-1
G013,G030,-0.00024602073,-1
G079,G090,-0.00024604326,-1
G061,G068,-0.00024609148,-1
G023,G024,-0.00024614716,-1
G003,G001,-0.00024618523,-1
G066,G094,-0.00024625377,-1
G084,G005,-0.0002462795,-1
G078,G048,-0.00024632437,-1
G056,G087,-0.0002464173,-1
G060,G073,-0.00024647036,-1
G044,G064,-0.00024652586,-1
G077,G081,-0.0002466022,-1
G009,G087,-0.00024679975,-1
G019,G090,-0.00024708046,-1
G072,G005,-0.00024714932,-1
G007,G047,-0.00024718686,-1
G017,G050,-0.00024734112,-1
G011,G006,-0.00024755622,-1
G078,G016,-0.00024757683,-1
G080,G012,-0.0002476818,-1
G079,G071,-0.00024794554,-1
G042,G049,-0.0002480251,-1
G012,G063,-0.0002480269,-1
G014,G028,-0.00024803696,-1
G097,G018,-0.0002481137,-1
G022,G072,-0.00024814915,-1
G078,G001,-0.00024817098,-1
G034,G067,-0.0002485109,-1
G041,G011,-0.0002487057,-1
G082,G092,-0.00024874829,-1
G065,G080,-0.0002487741,-1
G098,G058,-0.00024878536,-1
G061,G100,-0.00024897707,-1
G067,G017,-0.00024908068,-1
G077,G017,-0.00024909724,-1
G023,G086,-0.00024948467,-1
G006,G001,-0.00024952219,-1
G019,G033,-0.00024961733,-1
G079,G098,-0.00024993048,-1
G068,G042,-0.0002500795,-1
G072,G099,-0.00025037225,-1
G042,G076,-0.000250448,-1
G015,G073,-0.0002505787,-1
G017,G069,-0.00025078934,-1
G004,G041,-0.00025109248,-1
G057,G020,-0.00025113663,-1
G084,G025,-0.00025150986,-1
G060,G094,-0.00025183838,-1
G097,G029,-0.00025192747,-1
G041,G035,-0.0002520087,-1
G078,G004,-0.0002520258,-1
G073,G010,-0.0002520274,-1
G059,G100,-0.0002521036,-1
G057,G021,-0.00025213676,-1
G009,G072,-0.00025215602,-1
G048,G033,-0.00025216443,-1
G061,G025,-0.0002522637,-1
G013,G078,-0.00025255,-1
G014,G072,-0.00025277367,-1
G051,G048,-0.00025286098,-1
G077,G083,-0.00025302055,-1
G096,G072,-0.0002530611,-1
G079,G083,-0.00025306435,-1
G046,G087,-0.00025325041,-1
G065,G088,-0.0002533104,-1
G080,G036,-0.0002533491,-1
G065,G060,-0.00025370147,-1
G023,G087,-0.00025371125,-1
G017,G093,-0.00025371547,-1
G010,G084,-0.00025386887,-1
G019,G050,-0.00025391422,-1
G039,G087,-0.00025398654,-1
G023,G005,-0.00025411334,-1
G044,G067,-0.00025417356,-1
G065,G028,-0.0002542392,-1
G062,G068,-0.000254309,-1
G042,G036,-0.00025432665,-1
G019,G027,-0.00025434437,-1
G096,G033,-0.0002545436,-1
G064,G022,-0.00025478957,-1
G084,G053,-0.00025484178,-1
G010,G048,-0.00025488707,-1
G079,G072,-0.0002549123,-1
G037,G076,-0.00025503585,-1
G012,G042,-0.00025528698,-1
G097,G041,-0.00025530774,-1
G086,G072,-0.00025592215,-1
G015,G050,-0.00025653973,-1
G057,G087,-0.00025661913,-1
G061,G063,-0.00025663458,-1
G056,G023,-0.0002568464,-1
G079,G091,-0.00025691406,-1
G013,G037,-0.00025700577,-1
G080,G038,-0.00025704867,-1
G007,G005,-0.00025707073,-1
G097,G069,-0.00025712044,-1
G097,G033,-0.0002571242,-1
G014,G047,-0.0002572759,-1
G054,G073,-0.0002573839,-1
G031,G099,-0.00025740667,-1
G061,G020,-0.0002576016,-1
G010,G079,-0.00025764076,-1
G080,G092,-0.00025784265,-1
G009,G005,-0.00025797015,-1
G027,G067,-0.0002579705,-1
G042,G100,-0.0002581091,-1
G097,G059,-0.00025822793,-1
G062,G011,-0.0002587572,-1
G051,G060,-0.0002587578,-1
G044,G011,-0.00025877947,-1
G061,G060,-0.00025885546,-1
G084,G050,-0.0002590417,-1
G041,G088,-0.0002590777,-1
G046,G006,-0.00025911728,-1
G041,G019,-0.00025914708,-1
G096,G087,-0.00025926981,-1
G001,G067,-0.00025940602,-1
G014,G090,-0.00025951114,-1
G030,G085,-0.00025970343,-1
G007,G018,-0.00025976566,-1
G093,G033,-0.0002599114,-1
G088,G023,-0.0002602238,-1
G097,G070,-0.00026030286,-1
G097,G007,-0.0002603746,-1
G063,G071,-0.0002604188,-1
G080,G063,-0.00026056863,-1
G013,G041,-0.00026094806,-1
G014,G029,-0.00026097862,-1
G064,G040,-0.00026116526,-1
G007,G017,-0.00026123686,-1
G044,G083,-0.00026159445,-1
G084,G007,-0.00026177833,-1
G014,G001,-0.00026221885,-1
G079,G096,-0.00026240153,-1
G033,G067,-0.00026240174,-1
G034,G011,-0.00026258358,-1
G078,G052,-0.00026260054,-1
G077,G073,-0.0002626923,-1
G012,G035,-0.00026274435,-1
G014,G070,-0.00026277243,-1
G061,G021,-0.000262821,-1
G017,G021,-0.00026284886,-1
G098,G059,-0.00026288678,-1
G084,G014,-0.00026292336,-1
G008,G023,-0.00026302607,-1
G060,G005,-0.0002631893,-1
G065,G002,-0.00026325634,-1
G013,G065,-0.00026369255,-1
G009,G089,-0.00026373036,-1
G021,G038,-0.00026377398,-1
G095,G023,-0.00026393734,-1
G019,G014,-0.00026412457,-1
G013,G052,-0.0002641643,-1
G045,G036,-0.00026425152,-1
G029,G094,-0.00026428537,-1
G019,G075,-0.00026429424,-1
G046,G072,-0.00026453097,-1
G082,G075,-0.00026453985,-1
G090,G067,-0.0002646446,-1
G079,G060,-0.00026465167,-1
G014,G074,-0.0002648089,-1
G084,G047,-0.00026481104,-1
G057,G042,-0.0002648258,-1
G038,G052,-0.00026489238,-1
G002,G020,-0.00026502024,-1
G042,G038,-0.00026502286,-1
G097,G021,-0.00026512044,-1
G013,G039,-0.00026539815,-1
G054,G005,-0.00026545624,-1
G037,G091,-0.00026557522,-1
G050,G049,-0.00026586314,-1
G014,G033,-0.00026593087,-1
G035,G020,-0.00026610662,-1
G056,G067,-0.00026614906,-1
G015,G048,-0.0002664937,-1
G028,G082,-0.00026660427,-1
G014,G088,-0.00026681527,-1
G006,G096,-0.00026701074,-1
G006,G051,-0.00026708763,-1
G014,G042,-0.00026724298,-1
G092,G023,-0.00026724965,-1
G013,G098,-0.0002673419,-1
G025,G073,-0.00026752762,-1
G003,G010,-0.0002682482,-1
G098,G047,-0.00026830367,-1
G028,G085,-0.00026869477,-1
G019,G005,-0.00026887693,-1
G034,G023,-0.0002689565,-1
G013,G009,-0.00026915135,-1
G058,G023,-0.0002691643,-1
G078,G050,-0.00026921986,-1
G033,G020,-0.0002694709,-1
G009,G038,-0.00026959053,-1
G078,G069,-0.0002697311,-1
G049,G047,-0.000269912,-1
G008,G043,-0.00027014804,-1
G080,G069,-0.0002702249,-1
G097,G017,-0.00027025904,-1
G029,G042,-0.00027055846,-1
G096,G088,-0.00027076175,-1
G023,G020,-0.0002708046,-1
G061,G089,-0.00027089482,-1
G017,G027,-0.0002713042,-1
G061,G093,-0.00027143912,-1
G014,G095,-0.00027144843,-1
G098,G086,-0.00027173443,-1
G035,G073,-0.00027207113,-1
G046,G016,-0.0002720938,-1
G032,G072,-0.0002723584,-1
G017,G072,-0.00027243048,-1
G038,G016,-0.00027263822,-1
G019,G095,-0.00027287283,-1
G082,G050,-0.00027316378,-1
G031,G049,-0.00027385537,-1
G065,G058,-0.00027392618,-1
G012,G023,-0.00027412656,-1
G092,G006,-0.00027413812,-1
G014,G093,-0.00027430433,-1
G035,G023,-0.00027432386,-1
G084,G076,-0.0002745677,-1
G092,G049,-0.00027466647,-1
G006,G078,-0.00027496665,-1
G023,G030,-0.0002750134,-1
G070,G073,-0.00027526382,-1
G057,G039,-0.00027530026,-1
G013,G084,-0.0002753791,-1
G061,G016,-0.00027579174,-1
G044,G050,-0.00027585754,-1
G017,G059,-0.00027615525,-1
G022,G042,-0.00027625175,-1
G013,G019,-0.00027626214,-1
G079,G017,-0.0002763225,-1
G043,G032,-0.00027632597,-1
G053,G042,-0.0002766235,-1
G041,G075,-0.0002766309,-1
G022,G036,-0.00027673139,-1
G069,G083,-0.00027674498,-1
G063,G095,-0.00027684946,-1
G071,G021,-0.0002769818,-1
G013,G024,-0.00027714527,-1
G057,G088,-0.00027720942,-1
G080,G025,-0.00027723776,-1
G007,G016,-0.00027761384,-1
G037,G096,-0.0002778632,-1
G019,G011,-0.00027790808,-1
G007,G078,-0.00027791716,-1
G061,G053,-0.00027801428,-1
G081,G028,-0.00027824027,-1
G079,G088,-0.00027824682,-1
G013,G034,-0.00027826434,-1
G082,G085,-0.00027829772,-1
G057,G083,-0.0002785069,-1
G062,G044,-0.0002785165,-1
G080,G058,-0.00027855803,-1
G014,G080,-0.00027874546,-1
G084,G027,-0.00027895585,-1
G098,G093,-0.00027901903,-1
G014,G063,-0.0002790297,-1
G003,G046,-0.00027927916,-1
G084,G096,-0.00027934165,-1
G007,G023,-0.00027952553,-1
G061,G029,-0.00027989945,-1
G001,G002,-0.00028010958,-1
G063,G044,-0.00028013502,-1
G017,G047,-0.00028022868,-1
G013,G042,-0.00028026933,-1
G093,G067,-0.00028041643,-1
G002,G087,-0.00028060036,-1
G089,G100,-0.0002810864,-1
G036,G097,-0.00028129035,-1
G019,G091,-0.00028152764,-1
G098,G070,-0.00028170645,-1
G079,G065,-0.00028170866,-1
G098,G004,-0.0002821223,-1
G061,G079,-0.00028242197,-1
G082,G048,-0.00028254662,-1
G013,G026,-0.00028279691,-1
G058,G073,-0.000282925,-1
G023,G095,-0.0002830137,-1
G080,G018,-0.00028302218,-1
G097,G019,-0.00028323426,-1
G033,G076,-0.00028353924,-1
G057,G047,-0.0002836926,-1
G023,G057,-0.00028382687,-1
G014,G077,-0.00028394698,-1
G034,G042,-0.00028397478,-1
G096,G005,-0.00028458115,-1
G057,G035,-0.00028486978,-1
G019,G041,-0.00028492996,-1
G004,G036,-0.00028529193,-1
G023,G004,-0.00028540863,-1
G099,G049,-0.00028543017,-1
G034,G100,-0.00028595983,-1
G041,G052,-0.00028599493,-1
G094,G028,-0.00028634208,-1
G052,G050,-0.00028635265,-1
G017,G041,-0.0002863933,-1
G015,G005,-0.00028642575,-1
G030,G023,-0.00028645594,-1
G039,G043,-0.0002864611,-1
G023,G081,-0.0002865789,-1
G044,G094,-0.00028665204,-1
G073,G020,-0.00028676214,-1
G023,G075,-0.00028679604,-1
G080,G066,-0.0002868735,-1
G017,G094,-0.00028687663,-1
G091,G036,-0.00028711677,-1
G061,G047,-0.00028743368,-1
G020,G080,-0.00028772163,-1
G061,G050,-0.00028779116,-1
G007,G034,-0.00028788418,-1
G012,G094,-0.00028827766,-1
G050,G079,-0.0002882807,-1
G017,G063,-0.00028840592,-1
G079,G097,-0.00028887735,-1
G079,G041,-0.00028895042,-1
G050,G023,-0.00028906408,-1
G009,G039,-0.00028927496,-1
G054,G094,-0.0002894045,-1
G079,G021,-0.00028965838,-1
G014,G054,-0.0002898622,-1
G022,G029,-0.00028991923,-1
G044,G010,-0.00028995192,-1
G051,G081,-0.00029011187,-1
G013,G007,-0.0002902944,-1
G068,G100,-0.00029036714,-1
G044,G005,-0.0002906412,-1
G041,G070,-0.00029084051,-1
G006,G031,-0.00029096787,-1
G092,G005,-0.00029100906,-1
G019,G087,-0.00029115568,-1
G017,G088,-0.000291349,-1
G096,G083,-0.00029151922,-1
G041,G071,-0.00029164506,-1
G054,G067,-0.00029187178,-1
G007,G038,-0.00029189326,-1
G097,G063,-0.00029209026,-1
G065,G073,-0.00029299053,-1
G084,G091,-0.00029320698,-1
G055,G039,-0.00029322726,-1
G097,G056,-0.00029340968,-1
G052,G042,-0.00029350506,-1
G067,G053,-0.000293662,-1
G038,G044,-0.00029368227,-1
G014,G020,-0.00029368806,-1
G023,G059,-0.00029382535,-1
G080,G017,-0.00029414726,-1
G045,G023,-0.0002944373,-1
G065,G099,-0.000294545,-1
G061,G011,-0.00029471595,-1
G095,G079,-0.0002947535,-1
G066,G023,-0.00029477171,-1
G100,G014,-0.00029490874,-1
G001,G094,-0.00029506933,-1
G052,G005,-0.00029565103,-1
G098,G033,-0.0002957394,-1
G013,G057,-0.00029602755,-1
G095,G100,-0.00029613002,-1
G013,G055,-0.00029617918,-1
G010,G064,-0.00029627833,-1
G061,G091,-0.000296297,-1
G077,G042,-0.0002966374,-1
G013,G004,-0.00029674158,-1
G075,G067,-0.00029702237,-1
G070,G049,-0.00029743038,-1
G019,G024,-0.00029766638,-1
G098,G087,-0.00029777965,-1
G037,G099,-0.0002978817,-1
G019,G069,-0.0002979356,-1
G017,G091,-0.00029855673,-1
G078,G025,-0.00029862596,-1
G049,G087,-0.0002987434,-1
G091,G094,-0.0002993047,-1
G013,G086,-0.000299321,-1
G011,G033,-0.00029943584,-1
G079,G033,-0.000299668,-1
G058,G040,-0.00029981424,-1
G078,G083,-0.00030000933,-1
G009,G080,-0.00030015328,-1
G060,G023,-0.00030030846,-1
G019,G078,-0.00030083559,-1
G082,G042,-0.00030090733,-1
G049,G097,-0.00030106006,-1
G079,G068,-0.00030180888,-1
G030,G094,-0.0003018681,-1
G042,G024,-0.0003023798,-1
G023,G090,-0.00030282576,-1
G013,G069,-0.00030378907,-1
G038,G041,-0.00030380633,-1
G015,G010,-0.00030388375,-1
G059,G073,-0.00030415284,-1
G069,G023,-0.000304305,-1
G077,G050,-0.0003045897,-1
G068,G040,-0.00030466027,-1
G080,G020,-0.00030470736,-1
G006,G040,-0.00030474504,-1
G075,G038,-0.0003049244,-1
G009,G014,-0.0003052418,-1
G046,G036,-0.00030536315,-1
G009,G017,-0.0003056017,-1
G006,G087,-0.00030563417,-1
G049,G033,-0.00030578,-1
G063,G084,-0.0003058411,-1
G080,G059,-0.00030630696,-1
G061,G087,-0.00030648147,-1
G015,G011,-0.00030660155,-1
G061,G035,-0.00030668065,-1
G001,G023,-0.0003069502,-1
G095,G094,-0.0003074296,-1
G057,G067,-0.00030757787,-1
G079,G024,-0.00030777408,-1
G078,G020,-0.00030804417,-1
G061,G018,-0.0003082235,-1
G044,G087,-0.00030887386,-1
G065,G064,-0.00030902287,-1
G062,G064,-0.00030906856,-1
G088,G049,-0.0003095096,-1
G079,G089,-0.00030987756,-1
G078,G028,-0.00031000047,-1
G023,G069,-0.00031004823,-1
G094,G099,-0.00031029055,-1
G062,G005,-0.0003106491,-1
G064,G062,-0.00031092358,-1
G098,G050,-0.00031138657,-1
G067,G080,-0.00031148034,-1
G026,G036,-0.00031148858,-1
G061,G071,-0.00031167697,-1
G079,G038,-0.0003118876,-1
G014,G035,-0.00031202627,-1
G008,G065,-0.0003120792,-1
G017,G084,-0.00031240538,-1
G100,G002,-0.0003125089,-1
G013,G060,-0.0003128503,-1
G049,G050,-0.00031335006,-1
G082,G081,-0.00031342043,-1
G079,G053,-0.00031358344,-1
G014,G087,-0.0003137536,-1
G049,G072,-0.00031413508,-1
G004,G067,-0.00031414488,-1
G023,G096,-0.00031431354,-1
G080,G007,-0.0003143506,-1
G078,G005,-0.00031437192,-1
G012,G087,-0.0003148045,-1
G017,G033,-0.00031505665,-1
G044,G058,-0.00031513808,-1
G044,G025,-0.00031560293,-1
G061,G083,-0.0003157406,-1
G049,G040,-0.00031579562,-1
G056,G094,-0.00031587735,-1
G009,G011,-0.00031597528,-1
G075,G079,-0.00031659767,-1
G038,G006,-0.0003170157,-1
G097,G067,-0.0003174146,-1
G082,G072,-0.0003175083,-1
G029,G033,-0.0003175841,-1
G076,G071,-0.00031792186,-1
G095,G036,-0.00031794162,-1
G013,G089,-0.00031846177,-1
G079,G030,-0.0003185795,-1
G089,G042,-0.00031875743,-1
G014,G025,-0.00031888543,-1
G074,G049,-0.0003191026,-1
G093,G073,-0.00031990785,-1
G026,G094,-0.00032014522,-1
G044,G041,-0.00032015517,-1
G079,G026,-0.0003202498,-1
G079,G010,-0.00032034042,-1
G033,G032,-0.00032049842,-1
G014,G069,-0.00032051044,-1
G013,G025,-0.00032114403,-1
G079,G092,-0.00032122745,-1
G095,G006,-0.000321388,-1
G079,G007,-0.0003216219,-1
G021,G006,-0.00032166357,-1
G078,G063,-0.00032180888,-1
G093,G100,-0.00032191697,-1
G014,G053,-0.00032262874,-1
G053,G100,-0.00032285834,-1
G097,G100,-0.00032324885,-1
G053,G094,-0.00032348413,-1
G097,G014,-0.00032355153,-1
G078,G007,-0.00032378756,-1
G090,G023,-0.00032381027,-1
G022,G058,-0.00032381967,-1
G002,G072,-0.00032402104,-1
G084,G018,-0.0003241007,-1
G001,G073,-0.0003243187,-1
G079,G076,-0.00032450355,-1
G024,G067,-0.00032452805,-1
G056,G080,-0.00032476164,-1
G011,G042,-0.00032477643,-1
G062,G036,-0.00032517288,-1
G019,G063,-0.00032537262,-1
G023,G065,-0.00032548196,-1
G092,G025,-0.00032627524,-1
G024,G005,-0.0003265274,-1
G023,G012,-0.00032661387,-1
G084,G095,-0.00032728125,-1
G057,G023,-0.00032728765,-1
G097,G080,-0.0003274188,-1
G084,G066,-0.000327682,-1
G023,G025,-0.00032788204,-1
G090,G006,-0.00032790023,-1
G023,G097,-0.0003279972,-1
G060,G067,-0.000328272,-1
G013,G066,-0.00032900614,-1
G046,G025,-0.00032906156,-1
G003,G064,-0.00032913056,-1
G017,G080,-0.00032932434,-1
G053,G073,-0.00032972696,-1
G079,G061,-0.00032978237,-1
G013,G099,-0.00033038572,-1
G023,G046,-0.00033055033,-1
G049,G011,-0.00033055342,-1
G014,G094,-0.00033060412,-1
G062,G094,-0.00033126652,-1
G039,G036,-0.00033177354,-1
G006,G007,-0.0003319735,-1
G084,G072,-0.00033207555,-1
G019,G081,-0.00033226731,-1
G089,G073,-0.00033242407,-1
G065,G020,-0.0003340518,-1
G007,G025,-0.00033451302,-1
G006,G086,-0.00033453095,-1
G096,G100,-0.00033500703,-1
G049,G005,-0.00033528928,-1
G017,G092,-0.00033564237,-1
G079,G077,-0.00033580654,-1
G045,G006,-0.00033590413,-1
G013,G074,-0.00033590468,-1
G094,G065,-0.00033627736,-1
G027,G073,-0.00033676036,-1
G002,G073,-0.000336766,-1
G079,G086,-0.0003368596,-1
G084,G011,-0.00033749864,-1
G013,G058,-0.00033760638,-1
G080,G029,-0.0003379252,-1
G013,G076,-0.0003380304,-1
G049,G080,-0.00033849129,-1
G014,G067,-0.00033857592,-1
G041,G049,-0.0003386966,-1
G013,G001,-0.00033923233,-1
G013,G027,-0.00034035812,-1
G079,G063,-0.00034058545,-1
G011,G023,-0.0003424732,-1
G062,G080,-0.00034248285,-1
G041,G005,-0.00034254388,-1
G013,G056,-0.0003429917,-1
G069,G073,-0.00034316484,-1
G069,G067,-0.0003431966,-1
G007,G073,-0.0003432012,-1
G055,G006,-0.0003437693,-1
G061,G005,-0.0003438512,-1
G080,G083,-0.00034404904,-1
G006,G009,-0.00034429485,-1
G031,G073,-0.00034444343,-1
G006,G043,-0.0003458047,-1
G019,G080,-0.00034614466,-1
G023,G066,-0.00034663378,-1
G089,G023,-0.00034665733,-1
G006,G076,-0.0003468965,-1
G098,G099,-0.0003470747,-1
G038,G011,-0.0003472116,-1
G087,G023,-0.00034733195,-1
G080,G011,-0.00034753245,-1
G079,G046,-0.00034755617,-1
G049,G073,-0.00034785713,-1
G079,G018,-0.00034815946,-1
G097,G025,-0.00034839063,-1
G013,G035,-0.00034848312,-1
G057,G094,-0.00034858196,-1
G084,G080,-0.0003487884,-1
G098,G072,-0.0003492326,-1
G098,G088,-0.00034992912,-1
G017,G038,-0.00035017426,-1
G013,G091,-0.00035060503,-1
G062,G058,-0.0003511876,-1
G079,G075,-0.00035121816,-1
G041,G007,-0.00035129202,-1
G068,G094,-0.00035171406,-1
G037,G014,-0.00035172017,-1
G079,G034,-0.0003521408,-1
G035,G011,-0.00035259777,-1
G055,G023,-0.0003528714,-1
G086,G005,-0.0003528848,-1
G014,G075,-0.00035291145,-1
G004,G042,-0.0003529512,-1
G068,G049,-0.00035299532,-1
G082,G067,-0.00035330575,-1
G009,G073,-0.00035344428,-1
G063,G042,-0.00035366957,-1
G026,G006,-0.00035370825,-1
G006,G019,-0.0003539231,-1
G006,G099,-0.00035401667,-1
G100,G031,-0.0003540259,-1
G063,G100,-0.00035421344,-1
G055,G011,-0.00035450025,-1
G023,G093,-0.00035479772,-1
G014,G011,-0.00035566482,-1
G077,G041,-0.00035577692,-1
G017,G020,-0.00035607922,-1
G095,G073,-0.00035609287,-1
G079,G087,-0.00035649352,-1
G052,G094,-0.00035689573,-1
G023,G011,-0.00035746602,-1
G084,G063,-0.00035830116,-1
G086,G067,-0.00035838172,-1
G006,G077,-0.00035841696,-1
G076,G033,-0.00035882104,-1
G023,G015,-0.00035916446,-1
G096,G014,-0.0003593008,-1
G044,G080,-0.00035985123,-1
G049,G092,-0.0003613564,-1
G098,G025,-0.0003614422,-1
G017,G071,-0.00036168046,-1
G093,G006,-0.00036214618,-1
G006,G030,-0.0003628948,-1
G023,G091,-0.00036308207,-1
G002,G067,-0.0003633368,-1
G090,G073,-0.00036337585,-1
G006,G052,-0.00036428854,-1
G059,G042,-0.0003649233,-1
G017,G073,-0.00036531134,-1
G035,G042,-0.00036538436,-1
G048,G039,-0.0003655582,-1
G013,G095,-0.00036560083,-1
G079,G047,-0.00036563192,-1
G021,G094,-0.00036600247,-1
G055,G005,-0.0003660748,-1
G014,G050,-0.00036733714,-1
G013,G092,-0.0003681975,-1
G052,G006,-0.0003684542,-1
G097,G035,-0.00036851448,-1
G087,G094,-0.00036852018,-1
G077,G036,-0.00036909888,-1
G014,G005,-0.00036951515,-1
G020,G094,-0.0003698044,-1
G074,G067,-0.00036998847,-1
G080,G050,-0.00037031603,-1
G020,G049,-0.00037039127,-1
G061,G041,-0.0003705904,-1
G006,G074,-0.00037127602,-1
G055,G042,-0.00037222033,-1
G023,G029,-0.00037261477,-1
G023,G054,-0.00037292158,-1
G092,G042,-0.00037300697,-1
G006,G050,-0.00037424004,-1
G013,G054,-0.0003743448,-1
G008,G099,-0.00037471487,-1
G097,G023,-0.00037485638,-1
G013,G029,-0.00037503932,-1
G012,G049,-0.0003753675,-1
G006,G097,-0.0003755046,-1
G065,G100,-0.00037594934,-1
G017,G011,-0.00037608793,-1
G005,G023,-0.00037620222,-1
G097,G011,-0.0003762398,-1
G004,G005,-0.0003766499,-1
G079,G093,-0.00037680444,-1
G013,G080,-0.00037699746,-1
G035,G067,-0.00037734662,-1
G079,G012,-0.00037750482,-1
G079,G081,-0.00037865207,-1
G013,G077,-0.0003793655,-1
G079,G069,-0.00038042583,-1
G079,G056,-0.000380606,-1
G025,G028,-0.00038065793,-1
G038,G071,-0.00038158393,-1
G018,G073,-0.00038212052,-1
G013,G050,-0.0003821426,-1
G006,G065,-0.0003829485,-1
G084,G042,-0.00038350603,-1
G044,G091,-0.0003842655,-1
G080,G005,-0.0003844107,-1
G082,G073,-0.00038511248,-1
G023,G027,-0.00038552142,-1
G063,G047,-0.00038577153,-1
G013,G059,-0.00038651595,-1
G006,G004,-0.0003865286,-1
G006,G033,-0.0003866685,-1
G007,G042,-0.00038682195,-1
G086,G006,-0.0003870368,-1
G084,G033,-0.00038745772,-1
G079,G027,-0.00038764765,-1
G078,G032,-0.0003885083,-1
G093,G019,-0.00038984275,-1
G006,G024,-0.00039016295,-1
G017,G025,-0.00039028487,-1
G090,G036,-0.0003905945,-1
G079,G014,-0.00039085842,-1
G014,G071,-0.00039118054,-1
G013,G018,-0.00039133365,-1
G023,G089,-0.00039159515,-1
G013,G020,-0.00039169748,-1
G023,G070,-0.00039207735,-1
G049,G042,-0.00039279068,-1
G086,G023,-0.000393265,-1
G006,G070,-0.00039358134,-1
G078,G067,-0.00039413545,-1
G045,G042,-0.00039449462,-1
G047,G042,-0.0003948881,-1
G030,G079,-0.0003950093,-1
G006,G081,-0.00039511573,-1
G023,G088,-0.00039594885,-1
G006,G005,-0.00039603346,-1
G013,G088,-0.00039657936,-1
G038,G078,-0.000396756,-1
G006,G091,-0.00039679575,-1
G023,G043,-0.00039691874,-1
G067,G034,-0.00039728192,-1
G079,G052,-0.000398086,-1
G037,G073,-0.000399118,-1
G033,G042,-0.0003993152,-1
G013,G068,-0.00039967257,-1
G013,G081,-0.00040049182,-1
G046,G020,-0.00040094744,-1
G009,G100,-0.00040297504,-1
G091,G092,-0.0004031873,-1
G011,G012,-0.00040392892,-1
G013,G087,-0.00040458256,-1
G006,G088,-0.0004055264,-1
G100,G037,-0.0004056227,-1
G090,G100,-0.0004057104,-1
G013,G038,-0.0004061985,-1
G019,G036,-0.00040645714,-1
G080,G071,-0.00040735397,-1
G054,G023,-0.00040750086,-1
G006,G048,-0.000407663,-1
G014,G040,-0.00040812616,-1
G012,G067,-0.00040813148,-1
G042,G028,-0.00040959675,-1
G023,G021,-0.00041069204,-1
G006,G066,-0.00041096463,-1
G079,G055,-0.00041127074,-1
G098,G042,-0.00041151224,-1
G023,G053,-0.00041161545,-1
G078,G071,-0.00041192578,-1
G039,G067,-0.00041245806,-1
G078,G011,-0.00041296787,-1
G061,G067,-0.00041313597,-1
G023,G076,-0.00041355,-1
G023,G018,-0.0004143336,-1
G079,G001,-0.00041562333,-1
G100,G099,-0.00041566356,-1
G045,G094,-0.00041610934,-1
G084,G017,-0.00041642072,-1
G013,G070,-0.00041649787,-1
G009,G040,-0.00041709715,-1
G019,G025,-0.0004181822,-1
G072,G067,-0.0004186794,-1
G023,G010,-0.00041967028,-1
G013,G063,-0.00042002936,-1
G027,G023,-0.00042031836,-1
G006,G057,-0.0004204378,-1
G010,G094,-0.00042066514,-1
G013,G053,-0.0004209942,-1
G056,G073,-0.00042122905,-1
G006,G059,-0.00042129558,-1
G069,G036,-0.00042205022,-1
G016,G085,-0.00042222725,-1
G072,G091,-0.00042302767,-1
G013,G090,-0.00042303756,-1
G082,G020,-0.00042364973,-1
G037,G023,-0.00042375768,-1
G044,G092,-0.00042381787,-1
G061,G042,-0.00042450838,-1
G006,G061,-0.0004257395,-1
G007,G041,-0.00042659784,-1
G013,G005,-0.00042669763,-1
G049,G010,-0.00042758122,-1
G006,G090,-0.0004278321,-1
G013,G094,-0.00042824322,-1
G012,G021,-0.00042843138,-1
G048,G032,-0.0004297286,-1
G023,G098,-0.00043023334,-1
G046,G067,-0.00043029521,-1
G021,G023,-0.0004310401,-1
G098,G067,-0.0004315874,-1
G047,G094,-0.00043172442,-1
G017,G005,-0.0004318189,-1
G066,G049,-0.00043231001,-1
G006,G010,-0.0004323759,-1
G047,G020,-0.00043292137,-1
G088,G028,-0.00043426667,-1
G006,G011,-0.00043594764,-1
G095,G067,-0.0004361874,-1
G018,G008,-0.00043627422,-1
G086,G073,-0.00043640693,-1
G021,G067,-0.00043775694,-1
G006,G027,-0.00043782548,-1
G098,G005,-0.00043808666,-1
G052,G073,-0.00043819498,-1
G006,G075,-0.0004383844,-1
G035,G100,-0.0004390356,-1
G048,G008,-0.00043995213,-1
G004,G073,-0.00044070938,-1
G087,G028,-0.00044150793,-1
G006,G056,-0.00044195054,-1
G058,G042,-0.00044274484,-1
G072,G028,-0.00044280879,-1
G019,G023,-0.00044322648,-1
G038,G007,-0.00044328274,-1
G006,G089,-0.00044360777,-1
G049,G032,-0.00044434762,-1
G006,G095,-0.0004449626,-1
G013,G096,-0.00044518072,-1
G023,G008,-0.00044552333,-1
G023,G026,-0.00044592214,-1
G098,G094,-0.00044622456,-1
G050,G073,-0.00044692357,-1
G006,G037,-0.00044731636,-1
G013,G048,-0.00044796796,-1
G077,G067,-0.00044870327,-1
G057,G036,-0.00044911206,-1
G080,G052,-0.00044982342,-1
G005,G006,-0.0004507607,-1
G058,G067,-0.00045111388,-1
G073,G028,-0.00045175472,-1
G063,G017,-0.00045181063,-1
G041,G091,-0.000452033,-1
G023,G039,-0.00045219695,-1
G013,G075,-0.00045230525,-1
G034,G094,-0.00045242367,-1
G013,G047,-0.00045270508,-1
G052,G023,-0.0004532661,-1
G099,G094,-0.00045337452,-1
G079,G094,-0.00045458146,-1
G092,G094,-0.00045523848,-1
G067,G065,-0.0004553291,-1
G046,G040,-0.00045586267,-1
G002,G023,-0.00045609253,-1
G023,G055,-0.00045769362,-1
G052,G067,-0.00045868263,-1
G044,G006,-0.0004594739,-1
G023,G073,-0.00045991404,-1
G046,G094,-0.00046086567,-1
G024,G073,-0.0004610421,-1
G006,G069,-0.00046152863,-1
G079,G025,-0.00046180235,-1
G067,G047,-0.0004627902,-1
G044,G072,-0.00046306447,-1
G006,G093,-0.00046463805,-1
G023,G033,-0.0004652902,-1
G006,G026,-0.00046605206,-1
G091,G067,-0.0004668511,-1
G080,G094,-0.00046690519,-1
G098,G100,-0.00046826265,-1
G037,G010,-0.00046842353,-1
G027,G049,-0.00046881457,-1
G051,G094,-0.0004701781,-1
G047,G100,-0.00047073024,-1
G035,G006,-0.00047141392,-1
G090,G049,-0.00047141616,-1
G062,G079,-0.00047152978,-1
G004,G094,-0.0004741773,-1
G079,G059,-0.00047436674,-1
G088,G042,-0.0004744961,-1
G009,G042,-0.00047720296,-1
G006,G073,-0.00047730692,-1
G018,G021,-0.00047748233,-1
G015,G085,-0.00047809392,-1
G057,G005,-0.0004784354,-1
G013,G093,-0.00047879445,-1
G006,G039,-0.00047948922,-1
G009,G079,-0.00048114007,-1
G024,G049,-0.0004812913,-1
G077,G011,-0.0004821011,-1
G044,G073,-0.00048393235,-1
G006,G055,-0.0004844509,-1
G089,G094,-0.00048456574,-1
G079,G036,-0.0004845959,-1
G034,G006,-0.00048498917,-1
G037,G049,-0.00048514162,-1
G005,G100,-0.0004861715,-1
G094,G010,-0.00048723075,-1
G089,G049,-0.00048731687,-1
G039,G023,-0.00048740066,-1
G043,G048,-0.0004878228,-1
G022,G049,-0.0004881413,-1
G030,G067,-0.0004887951,-1
G027,G094,-0.00048899086,-1
G006,G012,-0.00048960047,-1
G046,G049,-0.0004902185,-1
G023,G042,-0.0004912692,-1
G017,G062,-0.0004941732,-1
G036,G032,-0.0004948723,-1
G090,G079,-0.0004950408,-1
G006,G029,-0.0004953758,-1
G023,G063,-0.0004954377,-1
G088,G073,-0.00049564976,-1
G023,G092,-0.0004978497,-1
G039,G100,-0.00049816037,-1
G096,G067,-0.0004988494,-1
G079,G029,-0.0004990328,-1
G006,G038,-0.00049923034,-1
G033,G010,-0.0004993732,-1
G046,G042,-0.00049949955,-1
G029,G071,-0.0005012589,-1
G096,G049,-0.00050159363,-1
G026,G041,-0.0005018542,-1
G011,G020,-0.0005033791,-1
G093,G094,-0.00050350936,-1
G023,G056,-0.0005039245,-1
G100,G087,-0.00050394854,-1
G001,G020,-0.00050409784,-1
G081,G049,-0.00050411467,-1
G013,G067,-0.00050545833,-1
G063,G011,-0.00050912594,-1
G009,G023,-0.0005105978,-1
G006,G046,-0.0005131753,-1
G100,G096,-0.0005132322,-1
G079,G011,-0.000513416,-1
G079,G005,-0.00051346474,-1
G095,G042,-0.0005134838,-1
G006,G054,-0.0005159904,-1
G084,G094,-0.00051704777,-1
G002,G042,-0.0005184069,-1
G098,G023,-0.000519856,-1
G044,G079,-0.0005204186,-1
G096,G073,-0.0005206084,-1
G069,G006,-0.0005215551,-1
G097,G094,-0.0005221298,-1
G006,G025,-0.0005221565,-1
G022,G100,-0.0005225095,-1
G002,G008,-0.0005227732,-1
G045,G067,-0.00052381353,-1
G023,G080,-0.0005238236,-1
G084,G071,-0.00052480854,-1
G082,G049,-0.00052496913,-1
G031,G032,-0.0005253115,-1
G086,G042,-0.000526116,-1
G034,G073,-0.0005263341,-1
G059,G049,-0.00052674423,-1
G026,G067,-0.00052749173,-1
G026,G049,-0.0005275588,-1
G094,G076,-0.000528756,-1
G081,G008,-0.0005288746,-1
G063,G094,-0.00052959425,-1
G004,G023,-0.0005309873,-1
G070,G028,-0.000531567,-1
G055,G094,-0.0005326588,-1
G083,G016,-0.00053319946,-1
G079,G020,-0.0005338194,-1
G031,G067,-0.00053504045,-1
G067,G042,-0.0005360655,-1
G072,G035,-0.00053659116,-1
G002,G005,-0.00053661386,-1
G012,G036,-0.0005370784,-1
G079,G006,-0.0005371705,-1
G022,G002,-0.00053977576,-1
G038,G035,-0.0005407304,-1
G005,G042,-0.000543025,-1
G079,G080,-0.00054432923,-1
G006,G072,-0.0005446589,-1
G014,G073,-0.00054467114,-1
G067,G094,-0.0005461215,-1
G040,G008,-0.0005461519,-1
G079,G067,-0.00054774474,-1
G021,G017,-0.0005482739,-1
G096,G094,-0.0005483367,-1
G063,G073,-0.000548902,-1
G039,G042,-0.00054919795,-1
G092,G067,-0.00055051636,-1
G055,G067,-0.00055169367,-1
G070,G023,-0.0005523427,-1
G023,G014,-0.00055250473,-1
G018,G028,-0.0005543289,-1
G071,G049,-0.00055481074,-1
G030,G073,-0.00055501936,-1
G023,G047,-0.0005576843,-1
G084,G067,-0.00055799156,-1
G089,G067,-0.0005604256,-1
G028,G007,-0.0005608273,-1
G074,G020,-0.00056159176,-1
G050,G094,-0.0005622492,-1
G005,G094,-0.0005627951,-1
G070,G033,-0.0005648753,-1
G079,G050,-0.0005650891,-1
G071,G009,-0.000568604,-1
G006,G053,-0.0005751294,-1
G025,G008,-0.00057591626,-1
G006,G042,-0.0005767732,-1
G074,G028,-0.0005775521,-1
G022,G005,-0.00057774544,-1
G006,G047,-0.0005786198,-1
G055,G049,-0.0005814854,-1
G061,G023,-0.0005826664,-1
G044,G023,-0.0005835331,-1
G069,G049,-0.00058435864,-1
G029,G020,-0.00058692426,-1
G009,G006,-0.0005900778,-1
G039,G073,-0.0005901817,-1
G039,G006,-0.00059048476,-1
G010,G100,-0.00059312064,-1
G006,G021,-0.00059442554,-1
G006,G080,-0.00059625047,-1
G076,G028,-0.00059701706,-1
G093,G049,-0.0005974471,-1
G023,G034,-0.00059842976,-1
G006,G098,-0.0005988455,-1
G056,G049,-0.0005989862,-1
G006,G034,-0.00060017395,-1
G080,G073,-0.0006005446,-1
G029,G049,-0.0006022988,-1
G017,G042,-0.0006031824,-1
G080,G067,-0.0006034381,-1
G013,G040,-0.0006039199,-1
G079,G042,-0.00060952647,-1
G011,G073,-0.0006096838,-1
G076,G049,-0.0006099351,-1
G013,G012,-0.00061168213,-1
G023,G100,-0.0006119121,-1
G057,G049,-0.0006126178,-1
G038,G072,-0.0006138436,-1
G008,G041,-0.0006185712,-1
G080,G023,-0.0006233546,-1
G041,G036,-0.00062386546,-1
G061,G073,-0.00062868773,-1
G096,G028,-0.00062967936,-1
G012,G083,-0.0006311527,-1
G044,G049,-0.0006320118,-1
G073,G033,-0.00063228817,-1
G076,G094,-0.00063529314,-1
G072,G006,-0.00063677906,-1
G006,G092,-0.0006372581,-1
G079,G073,-0.00064163905,-1
G097,G006,-0.0006425819,-1
G023,G084,-0.00064492953,-1
G006,G018,-0.0006465576,-1
G042,G008,-0.0006468428,-1
G035,G049,-0.0006474002,-1
G095,G049,-0.0006481033,-1
G047,G049,-0.0006509335,-1
G001,G049,-0.00065293175,-1
G084,G073,-0.00065318873,-1
G030,G049,-0.00065407756,-1
G055,G073,-0.000665712,-1
G077,G023,-0.00066623033,-1
G077,G094,-0.0006663541,-1
G078,G049,-0.00066808466,-1
G035,G094,-0.00066841743,-1
G061,G094,-0.0006701573,-1
G018,G053,-0.0006703224,-1
G054,G049,-0.00067736406,-1
G046,G073,-0.00067806186,-1
G043,G082,-0.00068058475,-1
G079,G023,-0.00068087695,-1
G065,G094,-0.00068191346,-1
G034,G008,-0.0006831538,-1
G052,G085,-0.00068621966,-1
G076,G023,-0.00068684755,-1
G057,G028,-0.00068883825,-1
G022,G094,-0.000689127,-1
G012,G073,-0.00068930304,-1
G052,G049,-0.0006900081,-1
G006,G094,-0.000690813,-1
G095,G008,-0.00069283677,-1
G090,G094,-0.0006940894,-1
G083,G002,-0.00069590675,-1
G002,G049,-0.0006984294,-1
G048,G031,-0.0006987429,-1
G062,G073,-0.0007022745,-1
G088,G100,-0.00070480094,-1
G028,G032,-0.00070817646,-1
G058,G008,-0.000711012,-1
G092,G073,-0.00071491284,-1
G074,G073,-0.00071642536,-1
G028,G016,-0.0007181947,-1
G085,G090,-0.0007255682,-1
G034,G028,-0.00072806474,-1
G019,G006,-0.00072806614,-1
G023,G017,-0.00073170586,-1
G041,G020,-0.0007352246,-1
G074,G008,-0.0007360786,-1
G008,G070,-0.00073736074,-1
G074,G072,-0.00074102584,-1
G010,G008,-0.0007428205,-1
G047,G028,-0.0007432551,-1
G002,G094,-0.0007508449,-1
G039,G033,-0.0007511107,-1
G011,G100,-0.0007526374,-1
G094,G072,-0.0007559639,-1
G073,G049,-0.0007579617,-1
G009,G094,-0.0007593841,-1
G043,G072,-0.0007650414,-1
G076,G100,-0.00076808664,-1
G021,G100,-0.00076884986,-1
G039,G048,-0.00077114574,-1
G009,G049,-0.00077708217,-1
G039,G041,-0.00077772245,-1
G045,G041,-0.000787569,-1
G098,G049,-0.00078799314,-1
G037,G100,-0.0007888222,-1
G093,G028,-0.0007905678,-1
G060,G028,-0.00079057366,-1
G001,G028,-0.000796503,-1
G003,G049,-0.0007997361,-1
G011,G049,-0.00079974515,-1
G039,G094,-0.0008027366,-1
G084,G006,-0.0008050839,-1
G017,G006,-0.0008052423,-1
G090,G028,-0.0008065102,-1
G008,G076,-0.00081258337,-1
G088,G094,-0.0008132298,-1
G089,G008,-0.0008139349,-1
G031,G013,-0.0008142556,-1
G060,G049,-0.0008143163,-1
G073,G048,-0.00081624155,-1
G019,G094,-0.0008175392,-1
G063,G049,-0.00081816467,-1
G057,G008,-0.00082669855,-1
G068,G028,-0.0008282805,-1
G020,G028,-0.0008291045,-1
G070,G100,-0.0008297055,-1
G033,G023,-0.00083344267,-1
G096,G097,-0.0008335678,-1
G067,G028,-0.00083810353,-1
G041,G067,-0.00083910924,-1
G075,G028,-0.0008399382,-1
G039,G028,-0.0008412259,-1
G007,G049,-0.00084450835,-1
G080,G006,-0.000847837,-1
G019,G049,-0.00084835495,-1
G061,G028,-0.0008507543,-1
G027,G008,-0.0008515826,-1
G056,G008,-0.0008533712,-1
G061,G049,-0.0008565532,-1
G027,G028,-0.0008574839,-1
G094,G073,-0.0008586361,-1
G100,G080,-0.0008609448,-1
G023,G048,-0.0008720219,-1
G011,G094,-0.000875168,-1
G086,G049,-0.00087869784,-1
G077,G028,-0.00088257453,-1
G031,G083,-0.00088344153,-1
G050,G028,-0.0008840427,-1
G094,G023,-0.0008869731,-1
G098,G073,-0.00088724453,-1
G049,G008,-0.0008905365,-1
G034,G049,-0.00089165085,-1
G021,G073,-0.000897573,-1
G098,G028,-0.00089840044,-1
G084,G023,-0.0009039711,-1
G100,G091,-0.0009045922,-1
G056,G028,-0.0009078281,-1
G053,G028,-0.0009139576,-1
G054,G028,-0.000917571,-1
G021,G020,-0.00091818854,-1
G003,G004,-0.0009185539,-1
G013,G073,-0.0009193571,-1
G023,G094,-0.00092087506,-1
G017,G023,-0.00092395063,-1
G001,G008,-0.00092627393,-1
G030,G028,-0.00092816143,-1
G080,G042,-0.00092816853,-1
G073,G023,-0.00092901976,-1
G037,G094,-0.00092974753,-1
G067,G022,-0.0009302919,-1
G063,G006,-0.00093211234,-1
G086,G028,-0.0009400776,-1
G058,G028,-0.0009401578,-1
G025,G048,-0.0009436041,-1
G017,G067,-0.0009436282,-1
G030,G071,-0.0009447651,-1
G069,G008,-0.00094722083,-1
G021,G028,-0.0009483112,-1
G004,G049,-0.00095081184,-1
G068,G008,-0.0009562905,-1
G077,G049,-0.0009585595,-1
G059,G028,-0.00096016,-1
G094,G070,-0.00096431543,-1
G055,G028,-0.0009692783,-1
G093,G023,-0.0009715338,-1
G024,G008,-0.0009760006,-1
G040,G028,-0.0009774095,-1
G057,G048,-0.000982679,-1
G063,G028,-0.0009848626,-1
G066,G028,-0.0009852266,-1
G092,G008,-0.0009855407,-1
G069,G028,-0.0009891889,-1
G089,G028,-0.0009930705,-1
G051,G008,-0.0009958092,-1
G084,G049,-0.0009992312,-1
G063,G023,-0.0010073127,-1
G052,G008,-0.0010092456,-1
G005,G049,-0.0010099446,-1
G100,G010,-0.0010137614,-1
G080,G049,-0.0010148517,-1
G097,G073,-0.0010190922,-1
G003,G031,-0.001020565,-1
G009,G028,-0.0010232074,-1
G072,G038,-0.0010239785,-1
G021,G008,-0.0010240827,-1
G073,G100,-0.0010268424,-1
G006,G084,-0.0010317379,-1
G075,G008,-0.0010465995,-1
G097,G028,-0.0010476782,-1
G094,G033,-0.0010491293,-1
G067,G008,-0.0010494116,-1
G086,G008,-0.001051292,-1
G050,G008,-0.0010566106,-1
G084,G028,-0.0010645743,-1
G073,G076,-0.0010665875,-1
G073,G008,-0.0010705995,-1
G039,G049,-0.0010711343,-1
G041,G006,-0.0010771245,-1
G080,G079,-0.0010805537,-1
G054,G008,-0.0010823581,-1
G083,G048,-0.0010828445,-1
G038,G008,-0.0010860575,-1
G079,G049,-0.0010880815,-1
G060,G008,-0.0010894322,-1
G033,G100,-0.0010935653,-1
G066,G008,-0.0010960342,-1
G091,G048,-0.0010962076,-1
G026,G028,-0.0010983538,-1
G064,G028,-0.0011012767,-1
G006,G017,-0.0011033443,-1
G052,G028,-0.0011137864,-1
G099,G028,-0.0011245674,-1
G067,G048,-0.0011254646,-1
G033,G094,-0.001127568,-1
G081,G048,-0.0011289334,-1
G070,G020,-0.0011463637,-1
G100,G065,-0.0011477027,-1
G097,G008,-0.0011479546,-1
G095,G028,-0.0011606675,-1
G035,G028,-0.0011650743,-1
G098,G008,-0.0011659622,-1
G100,G048,-0.0011680969,-1
G038,G037,-0.0011683399,-1
G066,G048,-0.0011711869,-1
G046,G028,-0.0011774931,-1
G024,G048,-0.0011796242,-1
G072,G017,-0.0011857747,-1
G004,G028,-0.0011867261,-1
G077,G008,-0.0011928972,-1
G023,G072,-0.0011996803,-1
G087,G008,-0.0012084113,-1
G075,G048,-0.0012147322,-1
G088,G048,-0.0012153146,-1
G091,G028,-0.001222893,-1
G035,G008,-0.0012250823,-1
G073,G072,-0.0012266936,-1
G096,G048,-0.0012277834,-1
G033,G073,-0.0012292323,-1
G004,G008,-0.0012355644,-1
G008,G073,-0.0012365376,-1
G047,G008,-0.0012381629,-1
G070,G048,-0.0012399239,-1
G031,G048,-0.0012481882,-1
G050,G048,-0.001249843,-1
G059,G008,-0.0012515043,-1
G018,G048,-0.001251522,-1
G009,G008,-0.0012579743,-1
G037,G032,-0.0012583684,-1
G012,G029,-0.0012655281,-1
G064,G008,-0.0012673193,-1
G055,G008,-0.0012731943,-1
G039,G008,-0.0012792187,-1
G006,G032,-0.0012929543,-1
G049,G028,-0.0012937934,-1
G026,G008,-0.0012939402,-1
G090,G048,-0.0012951861,-1
G072,G042,-0.0012984423,-1
G054,G048,-0.0013065196,-1
G020,G008,-0.0013077641,-1
G086,G048,-0.0013161771,-1
G053,G048,-0.0013176503,-1
G070,G094,-0.0013224764,-1
G062,G008,-0.0013227476,-1
G063,G067,-0.0013277166,-1
G059,G048,-0.0013292179,-1
G041,G048,-0.0013345152,-1
G090,G008,-0.0013368466,-1
G053,G008,-0.00133828,-1
G030,G048,-0.0013402789,-1
G068,G048,-0.001343686,-1
G040,G048,-0.0013500946,-1
G044,G028,-0.0013508337,-1
G087,G048,-0.0013522424,-1
G093,G048,-0.001353882,-1
G098,G048,-0.0013581866,-1
G013,G072,-0.0013587585,-1
G009,G048,-0.0013664213,-1
G011,G028,-0.001373964,-1
G020,G048,-0.0013743197,-1
G033,G028,-0.0013755992,-1
G084,G048,-0.0013767836,-1
G046,G008,-0.0013800557,-1
G091,G008,-0.001385977,-1
G093,G008,-0.0013891605,-1
G048,G082,-0.0013936851,-1
G058,G048,-0.0013958554,-1
G060,G048,-0.0013984104,-1
G017,G008,-0.0013988893,-1
G062,G028,-0.0014010451,-1
G100,G076,-0.0014021018,-1
G061,G008,-0.0014052654,-1
G063,G008,-0.0014073869,-1
G099,G008,-0.0014103986,-1
G092,G028,-0.0014111927,-1
G076,G048,-0.00141496,-1
G033,G048,-0.0014189522,-1
G008,G083,-0.0014190106,-1
G027,G048,-0.0014198389,-1
G011,G008,-0.0014202817,-1
G045,G004,-0.0014216268,-1
G077,G048,-0.001432753,-1
G007,G048,-0.0014537248,-1
G037,G048,-0.001455666,-1
G008,G071,-0.0014591891,-1
G034,G048,-0.0014655732,-1
G026,G048,-0.0014715224,-1
G003,G012,-0.0014775338,-1
G029,G048,-0.0014979074,-1
G100,G070,-0.0014979744,-1
G017,G028,-0.001506837,-1
G096,G008,-0.0015075927,-1
G004,G048,-0.0015151626,-1
G089,G048,-0.0015158074,-1
G072,G007,-0.0015179391,-1
G016,G014,-0.0015280965,-1
G033,G083,-0.0015331261,-1
G084,G008,-0.0015378196,-1
G037,G008,-0.001540087,-1
G030,G008,-0.0015427254,-1
G052,G048,-0.0015433204,-1
G099,G048,-0.0015546309,-1
G001,G048,-0.0015561756,-1
G005,G048,-0.00156123,-1
G035,G033,-0.0015683162,-1
G083,G003,-0.0015755888,-1
G080,G008,-0.0015768929,-1
G020,G032,-0.0015808529,-1
G022,G032,-0.001587371,-1
G095,G048,-0.0015949801,-1
G079,G028,-0.0016025468,-1
G012,G048,-0.001605958,-1
G006,G063,-0.0016069176,-1
G045,G073,-0.0016119219,-1
G056,G048,-0.0016127795,-1
G029,G012,-0.0016188908,-1
G057,G032,-0.0016222224,-1
G094,G013,-0.0016257665,-1
G044,G048,-0.0016271076,-1
G062,G048,-0.0016298412,-1
G038,G032,-0.0016335422,-1
G007,G008,-0.0016336942,-1
G055,G048,-0.0016393954,-1
G076,G073,-0.0016433899,-1
G019,G028,-0.0016477302,-1
G035,G048,-0.0016492868,-1
G072,G014,-0.0016547223,-1
G097,G048,-0.0016636666,-1
G079,G008,-0.0016687015,-1
G018,G072,-0.0016801783,-1
G065,G048,-0.0016818808,-1
G002,G048,-0.0016958918,-1
G094,G048,-0.0017112565,-1
G092,G048,-0.0017224607,-1
G067,G049,-0.001723525,-1
G012,G032,-0.0017261086,-1
G019,G008,-0.0017367278,-1
G071,G032,-0.0017382156,-1
G044,G008,-0.0017832274,-1
G085,G015,-0.0017909539,-1
G007,G085,-0.0018003378,-1
G069,G048,-0.001812078,-1
G100,G032,-0.0018138497,-1
G083,G022,-0.0018194406,-1
G041,G094,-0.0018245691,-1
G040,G082,-0.0018253854,-1
G022,G082,-0.0018385389,-1
G074,G048,-0.0018469715,-1
G100,G023,-0.0018617924,-1
G100,G073,-0.0018765808,-1
G050,G082,-0.0018882616,-1
G042,G032,-0.0018886826,-1
G076,G008,-0.0018974545,-1
G046,G048,-0.0019047109,-1
G064,G048,-0.0019052067,-1
G080,G028,-0.0019147835,-1
G061,G048,-0.0019232867,-1
G063,G048,-0.0019313846,-1
G019,G048,-0.0019366168,-1
G008,G082,-0.0019389938,-1
G007,G028,-0.0019500519,-1
G065,G008,-0.0019923586,-1
G076,G032,-0.001994895,-1
G008,G100,-0.0019982208,-1
G085,G022,-0.0020410032,-1
G013,G011,-0.0020485444,-1
G100,G033,-0.0020560399,-1
G011,G048,-0.002071155,-1
G096,G032,-0.0020921633,-1
G031,G008,-0.002098575,-1
G003,G005,-0.0020986893,-1
G014,G010,-0.0021010668,-1
G072,G008,-0.0021521563,-1
G070,G032,-0.002152867,-1
G049,G082,-0.0021600588,-1
G088,G008,-0.0021624488,-1
G099,G032,-0.0021852024,-1
G010,G032,-0.0022015616,-1
G040,G032,-0.0022080373,-1
G079,G048,-0.0022176704,-1
G054,G032,-0.0022193424,-1
G067,G006,-0.0022224924,-1
G057,G082,-0.0022228877,-1
G039,G032,-0.0022249827,-1
G045,G017,-0.0022320957,-1
G018,G032,-0.0022351756,-1
G072,G032,-0.0022664692,-1
G080,G048,-0.0022892626,-1
G087,G082,-0.0022989602,-1
G090,G082,-0.00229974,-1
G073,G032,-0.0023009477,-1
G075,G082,-0.002315154,-1
G047,G032,-0.0023261006,-1
G041,G028,-0.0023330052,-1
G014,G085,-0.002333594,-1
G098,G032,-0.0023353798,-1
G048,G072,-0.0023406737,-1
G073,G071,-0.0023445112,-1
G047,G048,-0.0023471303,-1
G017,G048,-0.0023503096,-1
G030,G082,-0.00235222,-1
G068,G082,-0.0023593265,-1
G072,G052,-0.0023604105,-1
G034,G032,-0.0023624154,-1
G053,G017,-0.0023689952,-1
G024,G032,-0.0023866638,-1
G087,G032,-0.0023866897,-1
G081,G032,-0.002394368,-1
G093,G032,-0.0023986131,-1
G065,G082,-0.0024166876,-1
G001,G032,-0.002427189,-1
G051,G032,-0.0024314811,-1
G041,G008,-0.0024345007,-1
G018,G049,-0.0024375175,-1
G084,G083,-0.0024413227,-1
G008,G010,-0.0024417755,-1
G048,G005,-0.0024460682,-1
G012,G011,-0.0024500804,-1
G066,G032,-0.0024531558,-1
G094,G032,-0.0024583125,-1
G012,G015,-0.0024590592,-1
G091,G032,-0.0024616122,-1
G095,G032,-0.0024637473,-1
G068,G032,-0.002467651,-1
G021,G048,-0.0024692796,-1
G031,G082,-0.0024698812,-1
G095,G082,-0.0024827095,-1
G048,G022,-0.0025041094,-1
G071,G029,-0.0025130515,-1
G065,G032,-0.0025162394,-1
G100,G013,-0.002525188,-1
G014,G008,-0.0025277012,-1
G089,G082,-0.0025366743,-1
G025,G032,-0.002538035,-1
G021,G032,-0.002546982,-1
G088,G032,-0.0025505498,-1
G046,G082,-0.002550935,-1
G037,G082,-0.0025571256,-1
G092,G032,-0.0025670677,-1
G097,G032,-0.0025726082,-1
G096,G082,-0.002576314,-1
G058,G032,-0.0025814355,-1
G056,G082,-0.0026094157,-1
G074,G082,-0.0026097612,-1
G046,G032,-0.0026165775,-1
G058,G082,-0.0026265755,-1
G029,G082,-0.0026286207,-1
G029,G032,-0.0026377866,-1
G089,G032,-0.0026387484,-1
G009,G032,-0.0026444525,-1
G061,G082,-0.0026447403,-1
G077,G032,-0.0026613837,-1
G053,G032,-0.002662028,-1
G059,G032,-0.0026654643,-1
G042,G082,-0.0026701249,-1
G020,G082,-0.0026752376,-1
G027,G032,-0.0026767654,-1
G085,G043,-0.0026771715,-1
G018,G082,-0.0026794837,-1
G047,G082,-0.0026823692,-1
G081,G082,-0.0027055594,-1
G086,G032,-0.0027237134,-1
G086,G082,-0.0027244298,-1
G012,G082,-0.0027266268,-1
G090,G032,-0.0027452162,-1
G027,G082,-0.0027489678,-1
G075,G032,-0.0027509644,-1
G083,G058,-0.0027800116,-1
G074,G032,-0.0027903696,-1
G048,G047,-0.0027911915,-1
G053,G082,-0.0028142305,-1
G009,G082,-0.0028147905,-1
G054,G082,-0.0028215095,-1
G023,G049,-0.0028370137,-1
G050,G032,-0.0028496054,-1
G005,G032,-0.0028500182,-1
G056,G032,-0.0028529332,-1
G010,G024,-0.0028531495,-1
G022,G085,-0.002856563,-1
G084,G032,-0.002858973,-1
G083,G068,-0.0028629662,-1
G021,G082,-0.002867211,-1
G030,G032,-0.002872908,-1
G099,G082,-0.0028745283,-1
G060,G032,-0.0028828476,-1
G010,G012,-0.0029009546,-1
G076,G082,-0.0029017418,-1
G002,G032,-0.002904074,-1
G010,G082,-0.0029043267,-1
G055,G032,-0.0029096245,-1
G029,G008,-0.002912054,-1
G034,G082,-0.0029126091,-1
G004,G032,-0.0029182087,-1
G069,G082,-0.0029228202,-1
G060,G082,-0.0029263017,-1
G004,G082,-0.0029301664,-1
G001,G082,-0.002931512,-1
G048,G028,-0.00294463,-1
G061,G032,-0.002947518,-1
G007,G082,-0.002954266,-1
G059,G082,-0.0029624677,-1
G026,G032,-0.002975076,-1
G093,G082,-0.0029752867,-1
G008,G094,-0.0029789691,-1
G023,G032,-0.002986617,-1
G013,G049,-0.002991258,-1
G077,G082,-0.0029952095,-1
G070,G008,-0.0030138253,-1
G035,G032,-0.0030451834,-1
G069,G032,-0.0030514041,-1
G026,G082,-0.0030529932,-1
G088,G082,-0.0030767415,-1
G022,G048,-0.003082312,-1
G091,G082,-0.0030915758,-1
G062,G032,-0.0031053496,-1
G038,G082,-0.0031105813,-1
G097,G082,-0.0031255886,-1
G006,G016,-0.0031354122,-1
G039,G082,-0.003136662,-1
G098,G082,-0.0031484696,-1
G066,G082,-0.0031762042,-1
G025,G082,-0.0031763825,-1
G008,G072,-0.0031781336,-1
G092,G082,-0.0032039634,-1
G049,G071,-0.0032399923,-1
G002,G082,-0.0032647871,-1
G064,G032,-0.0032678416,-1
G051,G082,-0.0032898213,-1
G055,G082,-0.0033356757,-1
G017,G083,-0.0033362187,-1
G062,G082,-0.003388223,-1
G067,G032,-0.003390771,-1
G007,G032,-0.0033909113,-1
G064,G082,-0.0034029414,-1
G036,G082,-0.0034309241,-1
G019,G032,-0.0034393733,-1
G086,G090,-0.0034653146,-1
G070,G082,-0.0035101047,-1
G033,G072,-0.0035434046,-1
G068,G067,-0.0035496457,-1
G063,G032,-0.0035607286,-1
G024,G082,-0.00360884,-1
G094,G100,-0.0036272435,-1
G073,G082,-0.0037037283,-1
G005,G082,-0.0037524826,-1
G044,G032,-0.0037600826,-1
G066,G063,-0.003766608,-1
G084,G082,-0.0039022758,-1
G017,G032,-0.0039350353,-1
G085,G002,-0.003937038,-1
G072,G088,-0.0039443616,-1
G016,G003,-0.0040118443,-1
G085,G091,-0.004074466,-1
G033,G031,-0.0040795496,-1
G033,G082,-0.0041139694,-1
G011,G032,-0.0041469703,-1
G028,G033,-0.004147492,-1
G083,G032,-0.0041523622,-1
G045,G032,-0.004197634,-1
G017,G014,-0.004200266,-1
G079,G032,-0.004282087,-1
G049,G048,-0.004296499,-1
G006,G082,-0.0043522613,-1
G100,G082,-0.0043743853,-1
G063,G082,-0.004385529,-1
G012,G014,-0.004442942,-1
G080,G082,-0.0044481903,-1
G052,G032,-0.004481635,-1
G041,G082,-0.0044952,-1
G067,G023,-0.004502565,-1
G019,G082,-0.004518296,-1
G080,G032,-0.0045587793,-1
G037,G045,-0.004576718,-1
G072,G082,-0.0045863586,-1
G081,G078,-0.0046335743,-1
G073,G045,-0.0046420647,-1
G044,G082,-0.004653127,-1
G065,G063,-0.004656439,-1
G041,G032,-0.004751238,-1
G045,G008,-0.004752258,-1
G067,G064,-0.004806579,-1
G067,G082,-0.0048690424,-1
G052,G082,-0.0049152016,-1
G063,G083,-0.004927412,-1
G094,G082,-0.004973499,-1
G011,G082,-0.0050350255,-1
G057,G045,-0.0050664623,-1
G031,G029,-0.0051052733,-1
G023,G082,-0.005206463,-1
G071,G023,-0.0052157636,-1
G078,G085,-0.005237569,-1
G085,G083,-0.0052693775,-1
G018,G017,-0.0052844333,-1
G043,G045,-0.0053086523,-1
G100,G094,-0.0054304525,-1
G037,G013,-0.0054558082,-1
G071,G012,-0.005478781,-1
G007,G071,-0.0055384724,-1
G017,G082,-0.0056279018,-1
G072,G003,-0.0056295875,-1
G067,G062,-0.0056687123,-1
G035,G082,-0.0057757003,-1
G004,G045,-0.005904985,-1
G040,G045,-0.005951049,-1
G003,G022,-0.006138907,-1
G048,G015,-0.0061892723,-1
G085,G093,-0.0062481603,-1
G023,G067,-0.0062502404,-1
G008,G031,-0.0062675164,-1
G031,G015,-0.0063005323,-1
G007,G045,-0.0063308845,-1
G088,G045,-0.0064882757,-1
G070,G045,-0.0065325852,-1
G094,G045,-0.0065464433,-1
G086,G045,-0.0066069565,-1
G023,G006,-0.006640418,-1
G093,G045,-0.0066803675,-1
G050,G045,-0.006742523,-1
G100,G045,-0.0067780847,-1
G030,G045,-0.0068384977,-1
G076,G045,-0.0069197225,-1
G089,G045,-0.0069785006,-1
G005,G003,-0.006995163,-1
G009,G045,-0.0070063863,-1
G095,G045,-0.0070113367,-1
G096,G045,-0.007041948,-1
G020,G019,-0.0070454967,-1
G091,G045,-0.007106413,-1
G001,G045,-0.007151792,-1
G046,G045,-0.0071851676,-1
G008,G028,-0.0072403573,-1
G060,G045,-0.007249971,-1
G094,G085,-0.007305921,-1
G028,G029,-0.0073197368,-1
G090,G045,-0.0073216264,-1
G045,G082,-0.00733613,-1
G065,G045,-0.0073477393,-1
G018,G045,-0.007382739,-1
G085,G073,-0.0074138027,-1
G084,G045,-0.007422611,-1
G098,G045,-0.0074285255,-1
G010,G045,-0.0075051226,-1
G026,G045,-0.007505279,-1
G066,G045,-0.007509935,-1
G028,G071,-0.0075388076,-1
G061,G045,-0.0075429077,-1
G027,G045,-0.0075576883,-1
G068,G045,-0.0075882324,-1
G034,G045,-0.0075936024,-1
G054,G045,-0.007607955,-1
G087,G045,-0.0076195393,-1
G062,G045,-0.0076733446,-1
G049,G017,-0.0076750284,-1
G075,G045,-0.007707066,-1
G069,G045,-0.0077346982,-1
G081,G045,-0.007750007,-1
G059,G045,-0.007779949,-1
G076,G072,-0.007794574,-1
G056,G045,-0.007860455,-1
G058,G045,-0.007861153,-1
G077,G045,-0.007888442,-1
G031,G014,-0.007914995,-1
G074,G045,-0.007935583,-1
G053,G045,-0.0079480745,-1
G099,G045,-0.007992213,-1
G051,G045,-0.008068923,-1
G039,G045,-0.008074417,-1
G020,G045,-0.008079839,-1
G055,G045,-0.00812946,-1
G008,G045,-0.008153932,-1
G021,G045,-0.008154939,-1
G025,G045,-0.008188066,-1
G072,G070,-0.008272445,-1
G094,G008,-0.008316482,-1
G083,G082,-0.008355299,-1
G048,G049,-0.008390671,-1
G002,G045,-0.00840006,-1
G024,G045,-0.008473995,-1
G085,G099,-0.008532237,-1
G097,G045,-0.008535224,-1
G037,G003,-0.008578113,-1
G057,G003,-0.008609025,-1
G031,G012,-0.008629035,-1
G006,G023,-0.008681762,-1
G041,G045,-0.008774206,-1
G078,G013,-0.008775355,-1
G092,G045,-0.00880315,-1
G042,G045,-0.009026062,-1
G064,G045,-0.009149793,-1
G025,G024,-0.009276819,-1
G013,G083,-0.009468487,-1
G043,G003,-0.009556053,-1
G036,G045,-0.009715138,-1
G049,G003,-0.009738324,-1
G048,G071,-0.0097832335,-1
G100,G008,-0.010010626,-1
G100,G003,-0.01002705,-1
G082,G078,-0.0101482775,-1
G032,G083,-0.0102069015,-1
G012,G013,-0.010222998,-1
G002,G003,-0.01035417,-1
G081,G080,-0.010405419,-1
G012,G003,-0.0104112765,-1
G049,G083,-0.010412224,-1
G085,G096,-0.010468659,-1
G072,G094,-0.01054254,-1
G044,G045,-0.010557444,-1
G040,G003,-0.010588964,-1
G063,G045,-0.010637922,-1
G019,G045,-0.01064109,-1
G006,G067,-0.01073999,-1
G085,G087,-0.010993815,-1
G051,G052,-0.011098017,-1
G079,G045,-0.011213128,-1
G038,G045,-0.011329046,-1
G015,G049,-0.011349371,-1
G008,G015,-0.011357853,-1
G033,G015,-0.01141874,-1
G080,G045,-0.011434747,-1
G067,G045,-0.011482304,-1
G085,G023,-0.011597136,-1
G100,G072,-0.011606049,-1
G029,G045,-0.011656382,-1
G027,G003,-0.011753301,-1
G009,G003,-0.011776582,-1
G071,G003,-0.011817772,-1
G046,G003,-0.011863278,-1
G088,G003,-0.0118993055,-1
G028,G012,-0.011921142,-1
G096,G003,-0.0119634345,-1
G074,G003,-0.0119859055,-1
G095,G003,-0.012024768,-1
G072,G045,-0.012049875,-1
G086,G003,-0.012096537,-1
G052,G045,-0.012161456,-1
G089,G003,-0.012162597,-1
G034,G003,-0.012166905,-1
G050,G003,-0.012179394,-1
G023,G003,-0.012200718,-1
G066,G003,-0.012289657,-1
G047,G003,-0.012319457,-1
G097,G003,-0.012328962,-1
G068,G003,-0.012331268,-1
G058,G003,-0.01238889,-1
G045,G014,-0.012389752,-1
G087,G003,-0.012416355,-1
G056,G003,-0.01243238,-1
G004,G003,-0.01248171,-1
G010,G011,-0.012508556,-1
G026,G003,-0.012566964,-1
G093,G003,-0.012609314,-1
G001,G003,-0.012610366,-1
G018,G003,-0.012612191,-1
G099,G003,-0.012635962,-1
G011,G045,-0.012650877,-1
G091,G003,-0.012683683,-1
G054,G003,-0.012685184,-1
G090,G003,-0.012756345,-1
G069,G003,-0.012778884,-1
G039,G003,-0.012783524,-1
G075,G003,-0.012864983,-1
G098,G003,-0.013060778,-1
G061,G003,-0.013066383,-1
G094,G003,-0.013135482,-1
G077,G003,-0.013203775,-1
G038,G085,-0.013260683,-1
G021,G003,-0.013297936,-1
G055,G003,-0.013313828,-1
G071,G006,-0.01333058,-1
G071,G072,-0.013348128,-1
G033,G014,-0.01334975,-1
G053,G003,-0.013397265,-1
G070,G003,-0.013401623,-1
G065,G003,-0.013442102,-1
G059,G003,-0.013462247,-1
G060,G003,-0.013496376,-1
G092,G003,-0.013563859,-1
G081,G003,-0.013693272,-1
G084,G003,-0.013926774,-1
G062,G003,-0.013951088,-1
G070,G013,-0.0141570065,-1
G071,G083,-0.014241916,-1
G071,G015,-0.0144011695,-1
G072,G078,-0.014414672,-1
G020,G003,-0.014547094,-1
G051,G003,-0.014664891,-1
G025,G003,-0.014818846,-1
G008,G014,-0.015089601,-1
G028,G008,-0.015159072,-1
G083,G065,-0.015425262,-1
G076,G003,-0.015689107,-1
G064,G003,-0.01569344,-1
G085,G065,-0.016012289,-1
G071,G002,-0.0160436,-1
G030,G003,-0.016048394,-1
G072,G013,-0.016122764,-1
G040,G039,-0.016260248,-1
G035,G045,-0.01629202,-1
G003,G045,-0.016396731,-1
G085,G010,-0.016425112,-1
G048,G003,-0.016430056,-1
G072,G043,-0.0166602,-1
G024,G003,-0.016665267,-1
G023,G045,-0.016707014,-1
G067,G083,-0.01671534,-1
G071,G014,-0.016920434,-1
G003,G083,-0.017011728,-1
G085,G088,-0.017189912,-1
G013,G028,-0.017292194,-1
G049,G006,-0.017475687,-1
G032,G028,-0.017563883,-1
G022,G013,-0.017781455,-1
G017,G045,-0.017797116,-1
G100,G085,-0.017853811,-1
G044,G003,-0.01805921,-1
G067,G003,-0.018065743,-1
G085,G033,-0.018197235,-1
G063,G003,-0.018467953,-1
G005,G045,-0.018629452,-1
G017,G003,-0.018643273,-1
G071,G045,-0.018924603,-1
G085,G076,-0.018976264,-1
G019,G003,-0.019308992,-1
G042,G003,-0.019329432,-1
G012,G045,-0.019758115,-1
G036,G003,-0.019889396,-1
G031,G003,-0.02038264,-1
G079,G003,-0.020683039,-1
G003,G006,-0.020949924,-1
G003,G072,-0.021097759,-1
G052,G003,-0.021099748,-1
G080,G003,-0.02110735,-1
G043,G013,-0.021226307,-1
G038,G003,-0.021456556,-1
G029,G003,-0.022745306,-1
G057,G013,-0.02293518,-1
G022,G045,-0.023406766,-1
G037,G033,-0.024492864,-1
G013,G031,-0.02457909,-1
G041,G003,-0.02471183,-1
G013,G014,-0.024932163,-1
G085,G037,-0.02521565,-1
G088,G013,-0.025411505,-1
G065,G013,-0.025647014,-1
G011,G003,-0.025789367,-1
G076,G013,-0.026416093,-1
G010,G003,-0.026600474,-1
G043,G041,-0.026815027,-1
G003,G015,-0.02715852,-1
G073,G003,-0.027159903,-1
G040,G013,-0.027657231,-1
G057,G055,-0.027671993,-1
G023,G013,-0.02814649,-1
G028,G045,-0.028255025,-1
G078,G079,-0.028535208,-1
G047,G045,-0.028813008,-1
G035,G003,-0.028930305,-1
G032,G031,-0.029179621,-1
G033,G045,-0.029299192,-1
G096,G013,-0.029492283,-1
G002,G013,-0.030135257,-1
G087,G013,-0.03056673,-1
G085,G008,-0.03100483,-1
G022,G023,-0.031114422,-1
G099,G013,-0.031657197,-1
G003,G014,-0.03180222,-1
G091,G013,-0.031806182,-1
G046,G013,-0.03191575,-1
G086,G013,-0.031971544,-1
G093,G013,-0.032111634,-1
G050,G013,-0.032161888,-1
G066,G013,-0.03247525,-1
G007,G003,-0.032590564,-1
G039,G013,-0.03291116,-1
G068,G013,-0.03299882,-1
G005,G013,-0.033003516,-1
G047,G013,-0.033071943,-1
G027,G013,-0.033080228,-1
G089,G013,-0.033084378,-1
G074,G013,-0.03319258,-1
G075,G013,-0.03346615,-1
G009,G013,-0.03354005,-1
G034,G013,-0.03356163,-1
G095,G013,-0.033589102,-1
G056,G013,-0.033650685,-1
G058,G013,-0.03365353,-1
G090,G013,-0.033808,-1
G097,G013,-0.03387743,-1
G098,G013,-0.033995613,-1
G026,G013,-0.034084775,-1
G049,G045,-0.034178704,-1
G054,G013,-0.034346927,-1
G001,G013,-0.034382485,-1
G004,G013,-0.03458239,-1
G061,G013,-0.03472947,-1
G021,G013,-0.034731615,-1
G049,G014,-0.03480048,-1
G069,G013,-0.03517483,-1
G059,G013,-0.035287227,-1
G077,G013,-0.03534774,-1
G060,G013,-0.0355475,-1
G053,G013,-0.035750628,-1
G062,G013,-0.035774335,-1
G081,G013,-0.03631571,-1
G085,G070,-0.03634071,-1
G055,G013,-0.036532637,-1
G048,G013,-0.036721587,-1
G084,G013,-0.036800884,-1
G092,G013,-0.036805242,-1
G018,G013,-0.0369089,-1
G031,G045,-0.037033636,-1
G051,G013,-0.03754735,-1
G083,G064,-0.037630152,-1
G006,G045,-0.038165513,-1
G020,G013,-0.039122984,-1
G083,G062,-0.039512116,-1
G073,G013,-0.03990299,-1
G017,G013,-0.040019993,-1
G045,G003,-0.040130123,-1
G064,G013,-0.0408495,-1
G025,G013,-0.041643195,-1
G030,G013,-0.04225871,-1
G083,G045,-0.04505741,-1
G042,G013,-0.045254797,-1
G015,G014,-0.045732785,-1
G063,G013,-0.04574601,-1
G016,G015,-0.046003498,-1
G071,G022,-0.046084303,-1
G071,G005,-0.046087604,-1
G024,G011,-0.04641374,-1
G024,G013,-0.04661171,-1
G036,G013,-0.046921574,-1
G079,G013,-0.047713324,-1
G080,G013,-0.04954693,-1
G044,G013,-0.049643077,-1
G029,G013,-0.049757365,-1
G067,G013,-0.05060177,-1
G041,G013,-0.052094363,-1
G019,G013,-0.052117504,-1
G032,G045,-0.05255259,-1
G072,G041,-0.05499381,-1
G043,G044,-0.055017535,-1
G013,G045,-0.055362314,-1
G032,G015,-0.05567765,-1
G052,G013,-0.055902943,-1
G045,G013,-0.05710958,-1
G014,G049,-0.05784845,-1
G079,G082,-0.05921269,-1
G078,G080,-0.059893213,-1
G007,G013,-0.06172527,-1
G011,G013,-0.064746626,-1
G085,G094,-0.064852275,-1
G010,G013,-0.0655877,-1
G085,G100,-0.06670286,-1
G032,G014,-0.06720195,-1
G038,G013,-0.06845049,-1
G028,G003,-0.06942547,-1
G035,G013,-0.07141527,-1
G082,G079,-0.074494384,-1
G014,G015,-0.08415665,-1
G071,G013,-0.08742111,-1
G028,G013,-0.11277593,-1
G015,G016,-0.13111053,-1
