Regulator,Target,Weight,Sign
G006,G097,0.059821952,1
G041,G033,0.05656879,1
G094,G018,0.055627014,1
G084,G005,0.0532293,1
G091,G061,0.052508168,1
G082,G062,0.050642725,1
G043,G010,0.050437387,1
G055,G095,0.050232124,1
G019,G013,0.049746323,1
G024,G025,0.049242087,1
G011,G003,0.04881941,1
G028,G013,0.045439485,1
G080,G018,0.043952066,1
G018,G036,0.043769736,1
G016,G028,0.04347423,1
G031,G016,0.043003827,1
G061,G039,0.04293642,1
G073,G047,0.040803723,1
G014,G006,0.04019443,1
G036,G042,0.040045388,1
G040,G029,0.037976548,1
G074,G072,0.03756635,1
G096,G041,0.03693289,1
G091,G100,0.036729205,1
G057,G064,0.03596389,1
G058,G032,0.035786875,1
G003,G024,0.0356431,1
G068,G007,0.03552492,1
G001,G075,0.035416275,1
G072,G005,0.03353754,1
G026,G043,0.033131048,1
G035,G022,0.032998037,1
G092,G076,0.0329536,1
G053,G060,0.032506082,1
G010,G003,0.03218643,1
G065,G043,0.03212355,1
G086,G072,0.030881064,1
G053,G093,0.03029328,1
G001,G030,0.029943889,1
G032,G046,0.028725632,1
G097,G007,0.028646203,1
G001,G064,0.027920535,1
G060,G003,0.02779458,1
G053,G071,0.02728824,1
G051,G026,0.027180022,1
G007,G017,0.026942158,1
G079,G022,0.026656596,1
G018,G024,0.026611287,1
G061,G001,0.025379332,1
G036,G007,0.024846425,1
G007,G006,0.02449907,1
G078,G007,0.024401128,1
G047,G001,0.024269769,1
G016,G070,0.024246352,1
G032,G096,0.024165772,1
G074,G019,0.02309268,1
G007,G009,0.02262794,1
G095,G096,0.022495938,1
G036,G094,0.022475358,1
G007,G033,0.022078082,1
G032,G050,0.021918224,1
G026,G087,0.021841483,1
G090,G084,0.021652522,1
G018,G015,0.021290839,1
G018,G083,0.021233005,1
G036,G031,0.020006835,1
G001,G053,0.019493503,1
G001,G100,0.019480033,1
G096,G055,0.019144818,1
G007,G046,0.018979263,1
G095,G055,0.018910773,1
G001,G023,0.018075684,1
G007,G042,0.018040648,1
G005,G074,0.017896172,1
G078,G058,0.017595101,1
G039,G091,0.017381147,1
G015,G008,0.015965652,1
G016,G031,0.01572506,1
G007,G026,0.015653191,1
G069,G040,0.015643891,1
G036,G001,0.01555606,1
G027,G001,0.015353093,1
G023,G081,0.014359363,1
G036,G080,0.014343809,1
G036,G018,0.0141564,1
G010,G026,0.013851506,1
G096,G026,0.013729287,1
G023,G037,0.013563662,1
G068,G088,0.013253165,1
G087,G040,0.013192458,1
G031,G034,0.012799758,1
G008,G012,0.012627051,1
G026,G093,0.012524594,1
G013,G058,0.0124968,1
G036,G045,0.012328784,1
G001,G026,0.012246558,1
G019,G027,0.012068996,1
G048,G040,0.012026438,1
G006,G079,0.011766993,1
G056,G074,0.011700613,1
G003,G053,0.011500135,1
G072,G027,0.011493381,1
G013,G007,0.011477405,1
G073,G013,0.01142897,1
G032,G098,0.011259494,1
G025,G040,0.011231279,1
G052,G001,0.011064651,1
G099,G026,0.011032223,1
G073,G057,0.010918915,1
G095,G036,0.010861107,1
G072,G099,0.010844532,1
G010,G044,0.010780947,1
G032,G035,0.010675726,1
G071,G037,0.010608383,1
G025,G003,0.010589608,1
G060,G088,0.010461438,1
G055,G026,0.01044854,1
G065,G073,0.0103962915,1
G015,G047,0.010350707,1
G081,G036,0.010282073,1
G054,G032,0.010251441,1
G045,G007,0.010083714,1
G015,G001,0.010067772,1
G028,G031,0.010022911,1
G023,G063,0.00996449,1
G001,G059,0.009809421,1
G028,G080,0.009769127,1
G029,G066,0.009762888,1
G029,G023,0.009762074,1
G003,G097,0.009667382,1
G072,G019,0.009626034,1
G008,G001,0.009526619,1
G027,G030,0.009470768,1
G003,G076,0.00929908,1
G080,G086,0.009214035,1
G048,G036,0.00918905,1
G078,G023,0.009092564,1
G018,G062,0.009024634,1
G050,G007,0.008974521,1
G030,G057,0.008909238,1
G040,G067,0.008879705,1
G069,G029,0.008836462,1
G075,G068,0.008812146,1
G044,G032,0.008808003,1
G007,G025,0.008792174,1
G007,G059,0.008725704,1
G007,G053,0.008671758,1
G026,G092,0.008654,1
G007,G044,0.0085392315,1
G036,G068,0.0085092755,1
G072,G056,0.00848634,1
G040,G075,0.008398026,1
G024,G006,0.00824993,1
G060,G061,0.0082184775,1
G045,G006,0.008131025,1
G089,G079,0.008102753,1
G036,G005,0.008036904,1
G027,G084,0.0079719955,1
G062,G047,0.007940816,1
G051,G081,0.007887143,1
G022,G003,0.0076963943,1
G030,G032,0.007654775,1
G100,G016,0.0074921823,1
G001,G016,0.007464693,1
G006,G053,0.0074607567,1
G027,G018,0.0074208523,1
G001,G017,0.007354785,1
G057,G047,0.007349292,1
G024,G094,0.007295462,1
G002,G006,0.007287627,1
G083,G027,0.0072005736,1
G044,G046,0.0071854037,1
G095,G043,0.007124181,1
G033,G001,0.0069530136,1
G060,G091,0.006844191,1
G003,G077,0.0068256175,1
G084,G007,0.0068121203,1
G028,G001,0.0068084393,1
G025,G018,0.0067376206,1
G013,G032,0.006718728,1
G066,G026,0.0067122323,1
G051,G023,0.006673658,1
G027,G036,0.0066551277,1
G027,G053,0.0066488194,1
G095,G028,0.00661585,1
G068,G018,0.0066084093,1
G001,G028,0.0066048456,1
G008,G039,0.006521469,1
G089,G003,0.00647459,1
G060,G007,0.006470545,1
G022,G032,0.006467722,1
G026,G091,0.006400417,1
G087,G031,0.006383872,1
G097,G089,0.006374735,1
G029,G025,0.0063618547,1
G066,G043,0.0063570673,1
G028,G018,0.0063452525,1
G036,G075,0.006279862,1
G044,G071,0.006267213,1
G007,G028,0.006264589,1
G003,G008,0.0062376494,1
G088,G073,0.006212489,1
G025,G036,0.0062105176,1
G029,G087,0.006209066,1
G048,G042,0.0061635687,1
G007,G054,0.0060884953,1
G001,G073,0.0060684653,1
G006,G032,0.0060248263,1
G037,G051,0.0059521156,1
G097,G093,0.0059496965,1
G045,G026,0.0059493133,1
G070,G018,0.0059333863,1
G072,G047,0.0059193536,1
G076,G053,0.0058741425,1
G077,G016,0.0058586667,1
G007,G066,0.00585002,1
G007,G095,0.0058444967,1
G028,G025,0.0058105337,1
G010,G065,0.005784182,1
G087,G029,0.005749882,1
G032,G078,0.0057334895,1
G003,G014,0.00572466,1
G036,G055,0.00569241,1
G061,G091,0.0056594126,1
G066,G096,0.005636793,1
G045,G025,0.0056297667,1
G066,G095,0.0056147384,1
G091,G053,0.0056125266,1
G012,G007,0.0056020026,1
G097,G014,0.0055792346,1
G002,G097,0.005520851,1
G068,G030,0.005493729,1
G052,G032,0.005482798,1
G068,G053,0.005473932,1
G005,G001,0.00547098,1
G033,G013,0.0054709176,1
G036,G088,0.0054380847,1
G032,G026,0.005404008,1
G075,G066,0.0053875037,1
G047,G032,0.0053816065,1
G091,G047,0.0053614727,1
G030,G014,0.0053562983,1
G073,G064,0.00534946,1
G001,G040,0.0053480742,1
G005,G018,0.005332143,1
G061,G008,0.005332068,1
G078,G045,0.005272016,1
G007,G096,0.0052624177,1
G046,G044,0.0052599865,1
G014,G058,0.0052469536,1
G064,G073,0.0052448492,1
G089,G024,0.0052312813,1
G001,G007,0.005225042,1
G088,G028,0.0052239774,1
G025,G075,0.0052222568,1
G043,G007,0.005180363,1
G047,G085,0.0051756054,1
G027,G075,0.005168557,1
G086,G070,0.005158567,1
G043,G044,0.0051032593,1
G042,G048,0.0050459383,1
G065,G047,0.0050102915,1
G057,G013,0.0050080144,1
G010,G008,0.004944651,1
G014,G018,0.004925133,1
G068,G065,0.004923273,1
G056,G027,0.004922382,1
G081,G007,0.004914616,1
G097,G071,0.0049074786,1
G068,G075,0.004906113,1
G003,G080,0.0048829443,1
G025,G029,0.004847848,1
G036,G013,0.0048346054,1
G016,G036,0.004833045,1
G033,G025,0.004805792,1
G042,G081,0.0048020435,1
G007,G083,0.004795659,1
G061,G007,0.004764308,1
G066,G087,0.0047265575,1
G001,G037,0.0047241375,1
G001,G009,0.0047016116,1
G005,G075,0.00469671,1
G093,G066,0.0046936604,1
G099,G043,0.0046921135,1
G078,G032,0.0046569942,1
G068,G026,0.0045714267,1
G083,G013,0.0045660455,1
G024,G089,0.0045555597,1
G005,G086,0.0045174514,1
G034,G007,0.0045033996,1
G087,G067,0.004502606,1
G028,G017,0.004492993,1
G042,G018,0.0044715833,1
G003,G056,0.004450752,1
G099,G074,0.0044446527,1
G006,G077,0.004439486,1
G047,G065,0.004438569,1
G014,G055,0.0044276505,1
G014,G036,0.004410982,1
G029,G051,0.004393851,1
G068,G043,0.004385588,1
G005,G066,0.0043776873,1
G037,G078,0.0043757805,1
G073,G015,0.0043266537,1
G068,G095,0.004323896,1
G005,G030,0.0043187514,1
G074,G031,0.0042992756,1
G098,G030,0.0042648157,1
G035,G052,0.004256661,1
G030,G052,0.0042492696,1
G013,G001,0.0042259865,1
G018,G076,0.0042124935,1
G025,G097,0.0042039193,1
G001,G048,0.0041957037,1
G025,G031,0.004194715,1
G001,G043,0.004194088,1
G033,G016,0.004185495,1
G018,G048,0.0041779527,1
G097,G055,0.0041762386,1
G012,G010,0.0041668466,1
G060,G077,0.0041520875,1
G078,G076,0.0041375724,1
G007,G023,0.004127905,1
G015,G023,0.0041255006,1
G049,G082,0.004105225,1
G044,G037,0.004094653,1
G023,G050,0.0040731337,1
G094,G019,0.004038537,1
G092,G028,0.004007806,1
G051,G030,0.0039909547,1
G018,G094,0.003983052,1
G068,G059,0.0039826827,1
G047,G028,0.003959718,1
G052,G064,0.003952671,1
G060,G079,0.0039465264,1
G033,G096,0.0039110947,1
G024,G027,0.0038973622,1
G072,G088,0.0038785816,1
G030,G068,0.003877211,1
G007,G081,0.0038479976,1
G005,G013,0.0038452023,1
G022,G001,0.0038343784,1
G044,G096,0.003818704,1
G064,G068,0.0037879732,1
G083,G080,0.003784222,1
G044,G098,0.0037829445,1
G001,G065,0.003767543,1
G036,G082,0.0037614296,1
G050,G006,0.003726174,1
G044,G001,0.0037105517,1
G062,G094,0.0037081852,1
G098,G058,0.0036942887,1
G083,G094,0.003657106,1
G013,G083,0.0036549706,1
G003,G071,0.003650927,1
G047,G026,0.0036506692,1
G044,G050,0.0036473623,1
G031,G007,0.0036463977,1
G017,G018,0.0036365166,1
G010,G092,0.0036112526,1
G043,G066,0.0036047222,1
G032,G073,0.0036013015,1
G027,G088,0.0035996751,1
G090,G073,0.00357314,1
G020,G036,0.0035678146,1
G008,G024,0.003565188,1
G078,G044,0.0035640025,1
G031,G003,0.003546263,1
G079,G010,0.0034828316,1
G045,G016,0.0034756954,1
G045,G017,0.0034752514,1
G070,G080,0.0034744826,1
G041,G089,0.0034709973,1
G005,G025,0.003470988,1
G031,G081,0.0034671947,1
G036,G057,0.0034655284,1
G007,G099,0.0034633079,1
G001,G083,0.0034584196,1
G069,G013,0.0034373037,1
G028,G050,0.0034363081,1
G099,G086,0.0034275788,1
G009,G079,0.0034235185,1
G069,G019,0.00341082,1
G100,G068,0.0034013484,1
G058,G028,0.0033889003,1
G010,G006,0.0033728746,1
G027,G064,0.0033527222,1
G075,G052,0.003326825,1
G091,G078,0.0033249166,1
G066,G036,0.0033241825,1
G036,G040,0.0033056792,1
G074,G026,0.0032983467,1
G058,G035,0.003288569,1
G087,G063,0.0032874218,1
G017,G068,0.003283901,1
G094,G007,0.0032754722,1
G037,G002,0.0032606116,1
G053,G066,0.0032590015,1
G089,G073,0.0032459844,1
G001,G005,0.0032349615,1
G029,G080,0.0032335534,1
G030,G066,0.003232298,1
G028,G060,0.0032317457,1
G011,G079,0.0032174748,1
G018,G028,0.0032105267,1
G098,G006,0.00319936,1
G099,G087,0.0031986346,1
G030,G100,0.003192809,1
G017,G008,0.003192571,1
G001,G054,0.0031821174,1
G008,G009,0.003181123,1
G005,G069,0.0031747709,1
G001,G049,0.0031739194,1
G013,G060,0.0031623614,1
G027,G035,0.0031454845,1
G070,G007,0.0031420419,1
G061,G078,0.0031411115,1
G006,G008,0.0031362898,1
G073,G099,0.0031357368,1
G038,G031,0.0031334262,1
G097,G091,0.0031314255,1
G081,G063,0.0031165832,1
G097,G060,0.0031161027,1
G015,G094,0.0031150822,1
G100,G071,0.0031121245,1
G040,G005,0.0031009903,1
G078,G050,0.0030976445,1
G017,G098,0.0030900305,1
G068,G044,0.0030800146,1
G013,G059,0.003075314,1
G073,G086,0.0030715954,1
G005,G012,0.003064953,1
G084,G002,0.0030644462,1
G029,G030,0.0030606024,1
G009,G050,0.0030529008,1
G002,G031,0.0030493157,1
G091,G011,0.0030412783,1
G017,G031,0.0030247073,1
G023,G036,0.00302445,1
G058,G007,0.0030124898,1
G036,G084,0.003011485,1
G049,G055,0.0030098665,1
G048,G059,0.0030056844,1
G018,G029,0.0030051393,1
G069,G024,0.0029997898,1
G077,G087,0.002998528,1
G036,G010,0.0029978475,1
G017,G045,0.0029945706,1
G058,G087,0.0029876768,1
G095,G086,0.0029803175,1
G010,G077,0.002968488,1
G077,G011,0.0029671292,1
G050,G042,0.0029208611,1
G056,G072,0.0029194995,1
G010,G071,0.002905731,1
G027,G062,0.0028999923,1
G072,G002,0.002891175,1
G033,G047,0.0028777877,1
G082,G005,0.00287384,1
G002,G005,0.002873604,1
G059,G012,0.0028650125,1
G068,G081,0.0028603335,1
G025,G065,0.0028602793,1
G010,G033,0.0028527149,1
G036,G050,0.0028470457,1
G025,G042,0.0028459025,1
G073,G091,0.0028368828,1
G079,G032,0.0028307284,1
G007,G056,0.0028178666,1
G095,G044,0.0028169593,1
G007,G014,0.002815863,1
G046,G001,0.002815009,1
G075,G027,0.0028142252,1
G100,G070,0.0028072533,1
G075,G091,0.0027868343,1
G021,G003,0.0027804705,1
G009,G071,0.0027799106,1
G066,G074,0.002775708,1
G033,G040,0.0027754162,1
G100,G072,0.0027707506,1
G059,G066,0.0027706588,1
G078,G035,0.0027686283,1
G082,G001,0.0027626606,1
G030,G049,0.0027595707,1
G044,G014,0.0027588655,1
G093,G021,0.0027573642,1
G060,G057,0.0027529064,1
G091,G013,0.002752164,1
G025,G034,0.002747626,1
G014,G024,0.0027476086,1
G036,G077,0.0027366492,1
G077,G007,0.0027364427,1
G081,G042,0.0027362243,1
G081,G047,0.002727402,1
G096,G044,0.002716475,1
G002,G064,0.0027133427,1
G067,G054,0.0027072874,1
G080,G006,0.0027061556,1
G096,G051,0.0027033712,1
G079,G011,0.0027013973,1
G007,G057,0.0027012415,1
G005,G024,0.0027001004,1
G081,G028,0.0026975581,1
G028,G068,0.00269508,1
G068,G001,0.0026808206,1
G055,G018,0.0026746066,1
G087,G012,0.0026728853,1
G073,G028,0.0026722732,1
G005,G039,0.0026697847,1
G057,G082,0.002655796,1
G078,G012,0.0026524202,1
G017,G087,0.002651532,1
G068,G023,0.002649869,1
G095,G092,0.002648557,1
G055,G080,0.002647602,1
G078,G070,0.0026434707,1
G002,G024,0.002635151,1
G015,G080,0.0026343374,1
G019,G014,0.002628688,1
G023,G012,0.0026263534,1
G068,G093,0.0026209324,1
G053,G078,0.0026157042,1
G097,G025,0.0026133033,1
G009,G014,0.0025912924,1
G075,G019,0.002585132,1
G021,G081,0.002583269,1
G059,G075,0.002582712,1
G029,G091,0.0025776085,1
G010,G078,0.0025744138,1
G068,G020,0.0025736669,1
G003,G033,0.002568036,1
G078,G063,0.0025617864,1
G009,G001,0.002559803,1
G012,G065,0.002558492,1
G006,G024,0.0025429954,1
G010,G076,0.0025421071,1
G009,G045,0.0025371632,1
G044,G006,0.0025299462,1
G046,G097,0.002528726,1
G060,G082,0.0025144531,1
G057,G007,0.002511237,1
G020,G050,0.0025106764,1
G091,G089,0.0025084536,1
G052,G053,0.0025056198,1
G095,G051,0.002505328,1
G016,G033,0.002496926,1
G016,G056,0.0024916737,1
G097,G044,0.0024882646,1
G096,G006,0.002481342,1
G025,G054,0.0024751145,1
G078,G037,0.0024730521,1
G001,G079,0.0024717415,1
G068,G025,0.0024672134,1
G060,G090,0.0024567943,1
G098,G089,0.002454098,1
G013,G074,0.0024491297,1
G078,G065,0.002444253,1
G082,G073,0.0024427488,1
G088,G090,0.0024383855,1
G062,G025,0.0024333454,1
G098,G011,0.0024315778,1
G078,G011,0.0024292937,1
G047,G074,0.002423926,1
G036,G064,0.0024198072,1
G068,G092,0.0024188063,1
G008,G069,0.0024080959,1
G064,G014,0.0024010732,1
G028,G014,0.0023967684,1
G008,G074,0.0023957428,1
G005,G072,0.002394099,1
G007,G002,0.0023919279,1
G040,G091,0.0023899842,1
G047,G011,0.0023893865,1
G068,G073,0.0023883337,1
G020,G026,0.0023863222,1
G086,G026,0.002386301,1
G042,G088,0.002376438,1
G022,G089,0.0023760304,1
G004,G001,0.0023744155,1
G008,G038,0.002372349,1
G069,G058,0.0023711806,1
G036,G053,0.0023667288,1
G030,G077,0.002366425,1
G064,G099,0.002366373,1
G066,G021,0.0023613744,1
G029,G062,0.002359712,1
G062,G080,0.0023585227,1
G092,G066,0.0023535024,1
G083,G069,0.0023519343,1
G041,G001,0.002349413,1
G017,G001,0.0023439752,1
G080,G014,0.002342821,1
G037,G068,0.0023402162,1
G013,G024,0.0023330022,1
G055,G010,0.002332494,1
G091,G033,0.002329823,1
G087,G046,0.0023197676,1
G046,G047,0.0023186281,1
G019,G050,0.002316244,1
G002,G013,0.0023155084,1
G013,G056,0.0023069265,1
G033,G089,0.002299895,1
G093,G049,0.002296774,1
G021,G092,0.0022924542,1
G069,G079,0.0022902377,1
G077,G054,0.0022858442,1
G096,G058,0.002279895,1
G001,G046,0.0022754187,1
G052,G031,0.0022738068,1
G048,G031,0.0022708671,1
G080,G046,0.002262925,1
G010,G079,0.0022604924,1
G010,G081,0.0022577806,1
G050,G011,0.0022577166,1
G010,G086,0.0022442627,1
G070,G073,0.0022440192,1
G029,G069,0.0022436872,1
G047,G096,0.002242734,1
G030,G060,0.002239123,1
G073,G007,0.0022373034,1
G068,G055,0.0022302493,1
G004,G030,0.002227918,1
G099,G052,0.0022238058,1
G069,G092,0.0022227746,1
G052,G075,0.0022128865,1
G046,G078,0.0022126595,1
G026,G078,0.0022111076,1
G051,G083,0.0022036578,1
G075,G060,0.0022036515,1
G068,G096,0.0021978095,1
G074,G087,0.0021893755,1
G034,G021,0.0021844828,1
G083,G071,0.002181704,1
G069,G066,0.0021747507,1
G039,G068,0.0021705886,1
G077,G071,0.0021703953,1
G023,G096,0.0021701497,1
G075,G078,0.0021423653,1
G033,G034,0.0021418103,1
G052,G072,0.002139094,1
G042,G071,0.0021369115,1
G068,G040,0.0021205836,1
G092,G008,0.0021179335,1
G068,G074,0.0021178885,1
G089,G009,0.002117378,1
G049,G017,0.0021160792,1
G034,G091,0.0021160045,1
G056,G064,0.0021138808,1
G059,G010,0.002112252,1
G084,G056,0.0021072093,1
G030,G019,0.0021061539,1
G081,G001,0.0021034698,1
G093,G028,0.00210319,1
G043,G042,0.0021003054,1
G040,G026,0.0020907167,1
G040,G052,0.0020775313,1
G088,G044,0.0020752526,1
G013,G018,0.0020736395,1
G091,G069,0.0020672835,1
G070,G052,0.0020602322,1
G013,G015,0.0020506985,1
G043,G061,0.0020479898,1
G008,G059,0.0020411739,1
G050,G044,0.0020392588,1
G068,G041,0.0020359147,1
G073,G003,0.0020335442,1
G080,G044,0.0020325792,1
G054,G010,0.002032487,1
G083,G082,0.0020264531,1
G023,G045,0.0020190026,1
G080,G002,0.002018346,1
G001,G025,0.0020135278,1
G032,G022,0.0020122433,1
G025,G074,0.00200784,1
G039,G036,0.0020051438,1
G047,G046,0.0020036423,1
G036,G085,0.0019996888,1
G083,G014,0.0019995077,1
G056,G009,0.0019949386,1
G014,G088,0.0019893586,1
G083,G008,0.0019864782,1
G057,G062,0.001985716,1
G044,G013,0.0019847997,1
G012,G004,0.0019840838,1
G026,G053,0.0019809068,1
G027,G040,0.0019744798,1
G091,G002,0.0019707794,1
G001,G086,0.0019696138,1
G015,G033,0.0019660043,1
G090,G091,0.0019646557,1
G083,G065,0.0019590799,1
G045,G053,0.0019565006,1
G055,G031,0.0019563152,1
G067,G038,0.001952216,1
G069,G032,0.0019505834,1
G091,G031,0.0019492318,1
G010,G087,0.0019486762,1
G078,G059,0.0019485101,1
G081,G049,0.0019460641,1
G018,G001,0.001931004,1
G022,G040,0.0019232193,1
G017,G050,0.0019229356,1
G065,G100,0.0019216891,1
G051,G095,0.0019191891,1
G048,G013,0.001918826,1
G094,G002,0.0019184964,1
G098,G054,0.0019179023,1
G005,G064,0.0019158757,1
G047,G006,0.0019142035,1
G039,G004,0.0019120944,1
G033,G092,0.0019102652,1
G048,G021,0.0019100219,1
G066,G009,0.0019092103,1
G022,G006,0.0019085158,1
G071,G088,0.0018915884,1
G072,G007,0.0018901873,1
G095,G006,0.0018838465,1
G073,G063,0.0018802709,1
G099,G063,0.0018784943,1
G074,G007,0.0018772334,1
G001,G092,0.0018769606,1
G078,G024,0.0018748867,1
G039,G015,0.0018736282,1
G036,G072,0.0018699806,1
G054,G050,0.0018654685,1
G066,G050,0.0018644037,1
G096,G060,0.0018625917,1
G095,G087,0.0018570689,1
G001,G014,0.0018531935,1
G033,G084,0.0018525923,1
G064,G077,0.0018338178,1
G025,G067,0.0018337145,1
G002,G010,0.001830845,1
G042,G077,0.0018266424,1
G091,G064,0.0018255033,1
G048,G034,0.0018247517,1
G032,G051,0.0018228766,1
G057,G018,0.0018180384,1
G080,G013,0.0018174239,1
G087,G015,0.0018142075,1
G052,G039,0.0018047002,1
G045,G035,0.0018037881,1
G085,G038,0.0017906906,1
G021,G088,0.0017906904,1
G085,G088,0.001782758,1
G091,G001,0.0017814868,1
G041,G082,0.0017808783,1
G052,G011,0.0017772949,1
G002,G076,0.0017708368,1
G054,G031,0.0017692265,1
G098,G031,0.0017689401,1
G020,G042,0.0017688603,1
G031,G056,0.001768514,1
G084,G079,0.0017674956,1
G037,G020,0.0017667438,1
G036,G090,0.0017650065,1
G001,G063,0.0017641699,1
G099,G091,0.0017628486,1
G037,G042,0.0017572298,1
G066,G083,0.0017495113,1
G067,G001,0.001748453,1
G001,G090,0.0017450744,1
G017,G100,0.0017407268,1
G019,G007,0.0017394342,1
G020,G098,0.0017308611,1
G060,G084,0.001725528,1
G060,G095,0.0017240637,1
G069,G093,0.001722527,1
G056,G078,0.0017198006,1
G090,G029,0.001719563,1
G065,G056,0.001717193,1
G080,G040,0.0017157985,1
G097,G002,0.0017155114,1
G066,G084,0.0017151274,1
G087,G042,0.0017085245,1
G078,G019,0.0017081501,1
G085,G048,0.0017078668,1
G087,G075,0.0017058401,1
G099,G097,0.0017000844,1
G037,G067,0.0016993157,1
G047,G013,0.0016934363,1
G002,G003,0.0016922104,1
G002,G036,0.0016914576,1
G052,G063,0.0016875146,1
G082,G010,0.0016862733,1
G099,G036,0.0016816194,1
G029,G020,0.001681324,1
G028,G002,0.0016809271,1
G089,G015,0.0016793457,1
G056,G057,0.0016773076,1
G097,G052,0.00167624,1
G060,G052,0.0016749721,1
G047,G060,0.0016747388,1
G003,G017,0.0016727218,1
G033,G069,0.0016710937,1
G020,G005,0.0016664286,1
G050,G029,0.0016663836,1
G012,G077,0.0016651306,1
G047,G036,0.0016634379,1
G015,G034,0.0016625972,1
G021,G077,0.0016615711,1
G015,G013,0.0016577484,1
G041,G028,0.0016505519,1
G045,G009,0.0016498301,1
G017,G002,0.0016484077,1
G068,G087,0.0016407113,1
G095,G078,0.0016403715,1
G086,G060,0.0016372836,1
G043,G099,0.0016346088,1
G059,G064,0.0016326201,1
G090,G014,0.0016309005,1
G047,G086,0.0016271698,1
G027,G072,0.0016233512,1
G050,G014,0.0016203721,1
G009,G048,0.0016157787,1
G014,G015,0.0016119088,1
G096,G047,0.0016098592,1
G002,G026,0.0016082888,1
G024,G004,0.0016082253,1
G001,G003,0.0016050872,1
G077,G078,0.0016045325,1
G069,G063,0.0015969182,1
G019,G057,0.0015959506,1
G076,G061,0.0015933458,1
G003,G075,0.00159222,1
G021,G084,0.0015856093,1
G028,G057,0.0015851115,1
G093,G086,0.0015841312,1
G053,G092,0.0015824974,1
G004,G037,0.0015786424,1
G025,G009,0.0015776949,1
G056,G039,0.0015755496,1
G022,G100,0.0015745652,1
G024,G065,0.001572208,1
G002,G060,0.0015713628,1
G075,G061,0.0015705825,1
G027,G090,0.001568701,1
G044,G057,0.0015648667,1
G035,G091,0.0015648614,1
G052,G030,0.0015618278,1
G090,G052,0.0015578308,1
G044,G034,0.001556905,1
G042,G028,0.0015523108,1
G077,G033,0.0015523026,1
G035,G055,0.0015515522,1
G037,G017,0.0015512829,1
G016,G018,0.0015507765,1
G027,G038,0.0015495552,1
G012,G029,0.0015479825,1
G086,G091,0.001545962,1
G050,G048,0.001544181,1
G082,G012,0.0015406903,1
G049,G023,0.00154018,1
G058,G072,0.001539788,1
G047,G078,0.0015383922,1
G094,G078,0.0015345827,1
G036,G056,0.0015340595,1
G049,G066,0.001526612,1
G073,G085,0.0015257123,1
G051,G002,0.001520165,1
G047,G004,0.0015185612,1
G040,G015,0.0015173508,1
G062,G048,0.0015172146,1
G083,G009,0.0015155436,1
G094,G052,0.0015137574,1
G094,G097,0.0015135631,1
G083,G060,0.0015132441,1
G024,G053,0.0015114389,1
G087,G073,0.0015112119,1
G057,G090,0.0015073533,1
G067,G007,0.0015035565,1
G073,G093,0.0015005245,1
G087,G038,0.0014983633,1
G027,G055,0.001492253,1
G056,G010,0.0014916202,1
G099,G029,0.0014909089,1
G018,G087,0.0014892074,1
G073,G044,0.001486858,1
G021,G033,0.0014846137,1
G012,G096,0.0014792836,1
G044,G074,0.0014751786,1
G081,G014,0.0014705504,1
G047,G088,0.0014643129,1
G091,G079,0.0014607743,1
G012,G009,0.0014573812,1
G098,G083,0.001456723,1
G100,G015,0.0014566309,1
G019,G097,0.0014551847,1
G025,G030,0.0014548443,1
G052,G025,0.0014537575,1
G041,G012,0.0014511175,1
G055,G067,0.001450537,1
G069,G042,0.0014472048,1
G043,G085,0.0014470633,1
G080,G019,0.0014422638,1
G034,G042,0.0014404545,1
G003,G070,0.0014382536,1
G027,G026,0.0014376224,1
G068,G037,0.0014375587,1
G025,G051,0.0014350398,1
G009,G082,0.001430504,1
G046,G079,0.0014305026,1
G032,G057,0.0014277367,1
G082,G053,0.0014233525,1
G099,G093,0.0014229377,1
G015,G076,0.001422901,1
G021,G060,0.0014217222,1
G089,G094,0.0014209826,1
G044,G091,0.0014205264,1
G061,G014,0.0014198684,1
G021,G087,0.0014188249,1
G010,G097,0.0014184791,1
G035,G056,0.0014183337,1
G058,G047,0.0014175912,1
G078,G040,0.0014173831,1
G067,G069,0.0014134784,1
G005,G090,0.0014131039,1
G068,G070,0.0014092533,1
G015,G025,0.001403993,1
G025,G078,0.0014035883,1
G018,G054,0.001402814,1
G073,G078,0.0014009193,1
G098,G055,0.0014005722,1
G001,G066,0.0013996447,1
G095,G029,0.0013989229,1
G086,G071,0.0013965617,1
G070,G021,0.0013940848,1
G026,G036,0.0013934015,1
G071,G078,0.0013927178,1
G003,G027,0.0013897162,1
G021,G007,0.0013891917,1
G093,G010,0.0013881538,1
G073,G060,0.0013871217,1
G034,G019,0.0013861184,1
G027,G049,0.0013845387,1
G077,G013,0.0013841134,1
G013,G036,0.0013812196,1
G051,G053,0.0013795779,1
G018,G068,0.0013794927,1
G027,G059,0.0013743014,1
G089,G020,0.0013712131,1
G047,G052,0.0013697521,1
G087,G076,0.0013674765,1
G029,G074,0.0013673239,1
G074,G051,0.0013636875,1
G056,G040,0.0013630185,1
G038,G017,0.0013625383,1
G062,G092,0.0013619881,1
G038,G089,0.0013617605,1
G031,G008,0.0013617041,1
G039,G077,0.0013598704,1
G056,G033,0.0013586188,1
G078,G055,0.0013562248,1
G005,G078,0.0013536953,1
G059,G080,0.0013501635,1
G001,G088,0.0013435703,1
G060,G050,0.0013383663,1
G021,G029,0.0013368169,1
G079,G024,0.001335752,1
G099,G077,0.0013351355,1
G076,G099,0.0013339306,1
G068,G083,0.001333878,1
G098,G049,0.0013333037,1
G006,G022,0.0013313822,1
G063,G048,0.0013293865,1
G088,G056,0.001328749,1
G039,G027,0.0013275467,1
G093,G057,0.0013264185,1
G011,G021,0.0013251748,1
G039,G001,0.0013216011,1
G051,G080,0.0013212585,1
G003,G093,0.0013188841,1
G038,G057,0.001317345,1
G013,G002,0.0013173079,1
G097,G008,0.0013133362,1
G067,G025,0.0013084898,1
G051,G054,0.0013083373,1
G053,G052,0.001308046,1
G077,G018,0.0013043021,1
G053,G091,0.0013008701,1
G087,G066,0.0012940804,1
G088,G016,0.0012937788,1
G094,G073,0.0012930516,1
G046,G012,0.0012927164,1
G084,G014,0.0012923463,1
G045,G052,0.0012835327,1
G056,G053,0.0012774412,1
G097,G021,0.001272594,1
G083,G067,0.0012719902,1
G075,G045,0.0012674233,1
G001,G097,0.0012669741,1
G045,G049,0.0012654504,1
G080,G090,0.0012654416,1
G026,G030,0.0012641577,1
G054,G009,0.0012630654,1
G029,G081,0.0012626608,1
G062,G016,0.0012622008,1
G066,G045,0.0012589431,1
G085,G035,0.0012552068,1
G004,G002,0.0012471499,1
G044,G078,0.0012458416,1
G089,G052,0.001244935,1
G042,G045,0.0012439061,1
G039,G040,0.0012422684,1
G049,G073,0.0012384903,1
G051,G042,0.0012382473,1
G047,G100,0.0012377097,1
G037,G077,0.001237522,1
G057,G050,0.0012321197,1
G063,G093,0.0012318324,1
G065,G082,0.0012309549,1
G063,G024,0.0012278707,1
G018,G069,0.0012277327,1
G058,G095,0.0012274303,1
G084,G052,0.0012267416,1
G017,G012,0.0012253338,1
G100,G051,0.0012238265,1
G077,G090,0.0012227235,1
G087,G070,0.0012219009,1
G025,G046,0.0012198419,1
G028,G086,0.00121419,1
G098,G046,0.0012132085,1
G023,G089,0.0012115731,1
G015,G054,0.001210343,1
G012,G035,0.0012066229,1
G025,G006,0.0012060276,1
G025,G020,0.0012053724,1
G062,G015,0.0012047043,1
G060,G074,0.0012039066,1
G083,G058,0.0011993607,1
G087,G003,0.0011979764,1
G013,G030,0.0011979388,1
G033,G098,0.001194782,1
G072,G006,0.0011931056,1
G017,G063,0.001189649,1
G068,G029,0.0011894356,1
G065,G084,0.0011885156,1
G005,G051,0.0011874593,1
G068,G063,0.0011835842,1
G047,G009,0.0011812533,1
G087,G100,0.0011792224,1
G043,G017,0.0011791837,1
G023,G084,0.0011770463,1
G053,G068,0.0011770396,1
G017,G066,0.0011750351,1
G092,G001,0.0011749903,1
G038,G049,0.0011714792,1
G055,G057,0.00116808,1
G055,G028,0.0011678562,1
G063,G051,0.0011678437,1
G006,G076,0.0011675282,1
G086,G048,0.0011664844,1
G064,G053,0.0011651793,1
G045,G069,0.0011625619,1
G085,G082,0.0011620788,1
G066,G053,0.0011607909,1
G064,G065,0.0011604654,1
G017,G078,0.0011581916,1
G057,G077,0.0011576718,1
G099,G054,0.0011575007,1
G011,G076,0.001157113,1
G049,G072,0.0011565977,1
G050,G026,0.0011555789,1
G060,G099,0.0011552373,1
G030,G037,0.001154528,1
G019,G032,0.0011532124,1
G030,G012,0.0011516527,1
G011,G008,0.0011514399,1
G012,G091,0.0011496316,1
G009,G080,0.0011493997,1
G034,G083,0.001147409,1
G039,G088,0.001146705,1
G021,G090,0.0011458643,1
G017,G069,0.0011458147,1
G068,G049,0.0011450823,1
G010,G021,0.0011439968,1
G003,G098,0.0011424253,1
G065,G055,0.0011398237,1
G068,G038,0.0011388147,1
G005,G092,0.0011371046,1
G059,G003,0.0011354948,1
G018,G019,0.001133162,1
G049,G078,0.0011306134,1
G035,G050,0.0011298356,1
G059,G034,0.0011297879,1
G083,G078,0.0011253866,1
G008,G025,0.0011252792,1
G091,G020,0.0011239124,1
G086,G053,0.0011238469,1
G017,G021,0.0011223617,1
G040,G002,0.0011210751,1
G001,G042,0.0011201681,1
G038,G047,0.0011172986,1
G082,G034,0.0011132983,1
G049,G014,0.0011087137,1
G024,G055,0.001106707,1
G054,G016,0.0011043214,1
G010,G067,0.0011029344,1
G027,G023,0.0011010292,1
G100,G028,0.001098639,1
G099,G050,0.0010977634,1
G083,G070,0.0010968451,1
G072,G048,0.0010941755,1
G031,G048,0.0010929332,1
G001,G022,0.0010913217,1
G091,G062,0.0010869276,1
G096,G052,0.0010867707,1
G067,G049,0.0010863683,1
G044,G020,0.0010863512,1
G071,G062,0.0010834036,1
G050,G052,0.0010833504,1
G011,G089,0.0010824896,1
G054,G002,0.0010801472,1
G004,G094,0.0010786252,1
G050,G047,0.001076738,1
G007,G048,0.00107196,1
G049,G042,0.0010654958,1
G066,G002,0.0010630894,1
G054,G003,0.0010625762,1
G038,G099,0.0010622458,1
G045,G089,0.0010595636,1
G019,G091,0.0010592645,1
G014,G067,0.0010588692,1
G089,G064,0.0010588182,1
G076,G020,0.0010575446,1
G071,G019,0.001055541,1
G081,G015,0.0010542722,1
G079,G045,0.0010518914,1
G025,G071,0.0010509201,1
G079,G068,0.0010503735,1
G077,G020,0.0010490095,1
G086,G002,0.0010488031,1
G081,G065,0.0010451454,1
G080,G007,0.0010426984,1
G056,G042,0.0010418536,1
G039,G028,0.0010399153,1
G030,G004,0.0010390932,1
G070,G095,0.00103797,1
G060,G056,0.0010358884,1
G018,G033,0.0010350898,1
G029,G026,0.0010338968,1
G086,G038,0.0010338642,1
G003,G052,0.0010336543,1
G026,G089,0.0010301989,1
G048,G091,0.0010294932,1
G037,G054,0.0010266205,1
G064,G044,0.001023719,1
G080,G058,0.0010231963,1
G038,G084,0.0010209611,1
G028,G056,0.0010202446,1
G060,G048,0.0010188451,1
G037,G009,0.0010180344,1
G007,G091,0.0010138156,1
G084,G006,0.0010137229,1
G086,G043,0.0010119565,1
G085,G061,0.0010101753,1
G071,G090,0.0010094424,1
G025,G010,0.0010079808,1
G021,G096,0.0010055929,1
G063,G019,0.001004915,1
G078,G069,0.0010031352,1
G100,G040,0.0010022505,1
G087,G098,0.0009936057,1
G048,G070,0.0009911678,1
G060,G035,0.0009903919,1
G089,G002,0.00099004,1
G049,G032,0.0009896897,1
G048,G004,0.0009885322,1
G081,G066,0.0009880277,1
G003,G013,0.0009875377,1
G050,G063,0.0009848644,1
G027,G024,0.0009831074,1
G069,G049,0.0009821962,1
G012,G036,0.0009818363,1
G041,G087,0.0009799658,1
G056,G100,0.0009794356,1
G087,G078,0.00097443955,1
G072,G015,0.00097398617,1
G022,G097,0.0009728666,1
G044,G004,0.0009716371,1
G054,G008,0.0009712308,1
G049,G004,0.00096912,1
G089,G060,0.00096864405,1
G010,G089,0.00096863,1
G024,G056,0.0009679252,1
G087,G094,0.0009669888,1
G037,G060,0.00096692523,1
G048,G032,0.000965227,1
G025,G008,0.00096440257,1
G036,G032,0.00096394453,1
G063,G003,0.0009638772,1
G052,G093,0.00096295186,1
G083,G074,0.0009625173,1
G035,G048,0.00096096704,1
G033,G019,0.0009593984,1
G059,G014,0.00095938967,1
G006,G045,0.00095859915,1
G007,G075,0.000958277,1
G032,G040,0.0009561974,1
G068,G012,0.00095564773,1
G099,G035,0.00095556286,1
G023,G031,0.00095498614,1
G078,G004,0.0009504393,1
G090,G023,0.00095031725,1
G002,G061,0.0009500019,1
G011,G006,0.0009497301,1
G097,G083,0.0009496211,1
G024,G082,0.0009473171,1
G021,G073,0.00094625325,1
G036,G030,0.00094592443,1
G033,G014,0.00094570516,1
G038,G063,0.0009456266,1
G044,G068,0.0009454414,1
G020,G038,0.0009411151,1
G003,G045,0.00093969965,1
G046,G070,0.0009382141,1
G028,G053,0.0009357892,1
G076,G025,0.00093552645,1
G045,G054,0.00093500834,1
G049,G086,0.0009349787,1
G091,G077,0.0009341435,1
G100,G066,0.00093400665,1
G051,G097,0.00093389297,1
G012,G019,0.0009323431,1
G049,G040,0.0009322935,1
G084,G009,0.0009321616,1
G009,G031,0.0009306013,1
G085,G040,0.0009278149,1
G047,G055,0.0009256387,1
G054,G068,0.0009234883,1
G041,G038,0.00092348736,1
G028,G084,0.0009232868,1
G039,G087,0.00092292944,1
G041,G025,0.0009219457,1
G051,G068,0.0009215332,1
G015,G078,0.00092075206,1
G014,G045,0.0009198112,1
G003,G041,0.00091919315,1
G080,G088,0.0009188838,1
G060,G089,0.00091877166,1
G021,G079,0.0009186974,1
G049,G050,0.0009173787,1
G056,G029,0.0009162705,1
G030,G091,0.0009156227,1
G004,G007,0.00091561285,1
G082,G002,0.00091458467,1
G014,G099,0.0009139852,1
G046,G041,0.0009111835,1
G054,G094,0.0009058844,1
G041,G059,0.00090552703,1
G048,G050,0.0009044834,1
G059,G089,0.0009042933,1
G048,G069,0.00090347475,1
G073,G092,0.00090128736,1
G063,G097,0.0009012086,1
G018,G010,0.00090051047,1
G074,G067,0.00089965947,1
G034,G063,0.00089924224,1
G028,G097,0.00089760986,1
G012,G051,0.0008951317,1
G058,G091,0.0008904389,1
G092,G003,0.0008879556,1
G085,G059,0.00088676397,1
G004,G019,0.00088351744,1
G043,G071,0.00088128966,1
G053,G015,0.00088041904,1
G052,G085,0.00087894936,1
G027,G009,0.00087718124,1
G013,G038,0.0008769586,1
G040,G058,0.00087389536,1
G059,G071,0.00087361195,1
G027,G015,0.00087221456,1
G012,G070,0.0008720242,1
G051,G003,0.0008717916,1
G037,G086,0.00087013503,1
G014,G034,0.0008687861,1
G065,G041,0.00086296914,1
G024,G010,0.00086166477,1
G026,G031,0.00086015003,1
G098,G069,0.0008594986,1
G035,G058,0.00085832214,1
G008,G011,0.00085678283,1
G087,G059,0.0008554721,1
G037,G073,0.0008532829,1
G025,G091,0.00085314165,1
G049,G026,0.0008516509,1
G008,G064,0.00085011194,1
G004,G100,0.0008490202,1
G035,G083,0.0008478362,1
G027,G048,0.0008438719,1
G091,G006,0.00084324,1
G056,G076,0.00084318843,1
G023,G085,0.0008431,1
G084,G081,0.0008428112,1
G058,G002,0.0008417965,1
G068,G089,0.0008412573,1
G062,G011,0.0008406284,1
G009,G073,0.0008400996,1
G027,G076,0.0008382796,1
G027,G083,0.0008367357,1
G003,G009,0.0008347499,1
G023,G055,0.0008334156,1
G006,G034,0.0008320577,1
G030,G005,0.00083148107,1
G057,G039,0.00083141326,1
G080,G027,0.0008307892,1
G068,G085,0.00082924013,1
G064,G015,0.0008286147,1
G047,G035,0.0008282054,1
G099,G019,0.00082812,1
G068,G011,0.0008278823,1
G100,G086,0.0008266987,1
G076,G074,0.00082598714,1
G039,G083,0.0008251926,1
G066,G094,0.00082250626,1
G075,G012,0.0008212983,1
G001,G076,0.0008188521,1
G079,G055,0.00081875594,1
G004,G063,0.00081775954,1
G093,G065,0.00081421126,1
G045,G091,0.0008131281,1
G095,G063,0.00081270945,1
G006,G023,0.000810471,1
G098,G008,0.0008104596,1
G056,G091,0.0008078422,1
G069,G011,0.0008064515,1
G079,G060,0.0008062455,1
G020,G051,0.0007996924,1
G010,G085,0.00079952466,1
G060,G014,0.0007984045,1
G021,G050,0.0007983607,1
G100,G014,0.0007975551,1
G038,G065,0.000796911,1
G021,G056,0.00079653604,1
G045,G082,0.00079521566,1
G029,G083,0.00079500844,1
G036,G065,0.0007936093,1
G009,G012,0.00078975124,1
G069,G082,0.00078768586,1
G034,G002,0.0007874083,1
G049,G100,0.0007853195,1
G066,G028,0.0007839234,1
G032,G002,0.00078361406,1
G016,G004,0.00078241376,1
G008,G058,0.0007814704,1
G012,G027,0.0007813864,1
G019,G068,0.0007810316,1
G005,G080,0.00078028324,1
G042,G067,0.00077902153,1
G008,G071,0.00077881943,1
G011,G041,0.0007773873,1
G091,G066,0.0007770994,1
G026,G050,0.00077645876,1
G070,G031,0.0007746463,1
G078,G093,0.00077369413,1
G058,G015,0.0007703984,1
G018,G050,0.0007702837,1
G078,G048,0.00076990406,1
G017,G036,0.0007695791,1
G003,G088,0.00076764374,1
G048,G086,0.00076764054,1
G030,G011,0.00076646736,1
G060,G083,0.00076560065,1
G031,G004,0.00076554064,1
G014,G092,0.00076450914,1
G008,G035,0.0007624074,1
G063,G092,0.00076163886,1
G093,G094,0.00076127273,1
G024,G080,0.0007605822,1
G023,G077,0.0007562439,1
G035,G033,0.0007555072,1
G020,G034,0.0007554201,1
G052,G040,0.0007550124,1
G042,G001,0.00075488875,1
G003,G066,0.00075435423,1
G086,G067,0.0007543379,1
G039,G007,0.000753852,1
G048,G030,0.0007525202,1
G046,G071,0.000750219,1
G073,G069,0.0007491036,1
G057,G089,0.0007473816,1
G087,G055,0.0007471175,1
G051,G082,0.00074654183,1
G022,G034,0.00074484025,1
G032,G003,0.0007443174,1
G065,G098,0.0007420204,1
G018,G051,0.0007380529,1
G030,G054,0.00073611527,1
G089,G090,0.0007337654,1
G044,G035,0.00073155144,1
G057,G053,0.0007314232,1
G029,G015,0.00072983466,1
G090,G081,0.0007269163,1
G080,G091,0.000726288,1
G004,G097,0.0007256599,1
G073,G079,0.00072562654,1
G012,G042,0.00072480476,1
G031,G053,0.0007247277,1
G049,G068,0.0007221904,1
G065,G066,0.0007219772,1
G100,G067,0.00072048913,1
G027,G069,0.00071943866,1
G007,G079,0.00071868004,1
G006,G044,0.00071755925,1
G041,G090,0.00071755314,1
G098,G014,0.00071640284,1
G006,G069,0.00071610534,1
G059,G030,0.000715028,1
G037,G053,0.0007141032,1
G021,G083,0.0007131102,1
G068,G014,0.0007124739,1
G002,G074,0.0007093594,1
G047,G027,0.000709125,1
G012,G067,0.0007086656,1
G085,G065,0.0007074119,1
G059,G074,0.0007037616,1
G015,G012,0.0007035543,1
G042,G008,0.0007031917,1
G001,G010,0.00070161483,1
G034,G084,0.00070145825,1
G055,G053,0.0007010454,1
G057,G058,0.0007006238,1
G030,G002,0.00069921365,1
G014,G050,0.0006988183,1
G055,G017,0.0006982364,1
G069,G051,0.00069574453,1
G009,G087,0.0006933702,1
G057,G070,0.0006933131,1
G024,G011,0.000692762,1
G052,G092,0.0006902371,1
G006,G068,0.0006892089,1
G083,G063,0.00068909366,1
G012,G013,0.0006882699,1
G093,G054,0.00068733114,1
G074,G088,0.00068731967,1
G017,G043,0.00068546954,1
G015,G039,0.0006849234,1
G099,G062,0.00068485265,1
G027,G070,0.00068469846,1
G030,G023,0.0006837197,1
G027,G037,0.00068159983,1
G008,G034,0.0006785615,1
G048,G022,0.0006781526,1
G084,G017,0.0006747135,1
G014,G062,0.00067424495,1
G044,G036,0.0006737424,1
G066,G067,0.0006699032,1
G092,G065,0.0006694976,1
G022,G091,0.0006688261,1
G003,G044,0.0006658708,1
G022,G021,0.0006652346,1
G081,G080,0.00066124205,1
G076,G010,0.0006610116,1
G056,G006,0.00066014484,1
G014,G029,0.0006577816,1
G066,G012,0.00065749895,1
G035,G004,0.00065721537,1
G036,G071,0.0006556287,1
G080,G082,0.0006552637,1
G020,G004,0.0006550221,1
G034,G011,0.00065463025,1
G097,G015,0.0006501752,1
G056,G058,0.00064833014,1
G076,G045,0.00064830785,1
G014,G043,0.0006476058,1
G001,G093,0.00064653193,1
G099,G075,0.0006446557,1
G077,G009,0.00064459385,1
G044,G049,0.00064436474,1
G038,G091,0.0006434556,1
G082,G084,0.0006407724,1
G091,G037,0.0006390182,1
G067,G034,0.0006384621,1
G085,G017,0.00063836423,1
G034,G066,0.0006369567,1
G031,G060,0.0006366313,1
G071,G017,0.00063626195,1
G022,G055,0.000635869,1
G044,G042,0.0006357508,1
G038,G069,0.0006342592,1
G055,G039,0.00063365744,1
G076,G011,0.00063318387,1
G055,G008,0.0006320769,1
G022,G002,0.0006308772,1
G033,G049,0.0006307639,1
G089,G022,0.0006286444,1
G020,G047,0.0006250859,1
G091,G085,0.0006212104,1
G082,G093,0.00061860814,1
G054,G061,0.0006182526,1
G019,G036,0.0006177064,1
G081,G020,0.00061682024,1
G015,G090,0.00061469316,1
G002,G043,0.00061387126,1
G041,G006,0.0006135432,1
G008,G085,0.0006134969,1
G037,G036,0.00061308785,1
G021,G067,0.0006127135,1
G004,G066,0.0006125573,1
G025,G061,0.0006119402,1
G084,G020,0.00061050744,1
G030,G061,0.00060992874,1
G017,G035,0.00060918735,1
G061,G060,0.00060905505,1
G014,G066,0.00060748373,1
G062,G086,0.0006074261,1
G067,G053,0.00060709356,1
G064,G039,0.0006055679,1
G090,G047,0.0006054061,1
G046,G010,0.0006051484,1
G022,G068,0.0006039176,1
G062,G050,0.00060261285,1
G012,G049,0.000599954,1
G097,G059,0.0005988066,1
G090,G022,0.0005956422,1
G062,G019,0.00059522304,1
G053,G076,0.0005950586,1
G028,G015,0.0005925899,1
G035,G008,0.00058948825,1
G033,G037,0.0005890706,1
G024,G040,0.0005860428,1
G033,G051,0.00058588193,1
G044,G022,0.0005843221,1
G032,G017,0.0005836976,1
G099,G089,0.0005834555,1
G001,G029,0.0005829876,1
G050,G098,0.000582902,1
G003,G043,0.00058255787,1
G075,G057,0.000582191,1
G051,G094,0.00058003963,1
G050,G010,0.0005780343,1
G085,G019,0.00057636766,1
G090,G011,0.0005763059,1
G087,G024,0.00057566265,1
G020,G043,0.0005734549,1
G075,G002,0.0005729311,1
G060,G012,0.00057230034,1
G060,G085,0.0005721191,1
G090,G028,0.0005694875,1
G030,G006,0.0005688779,1
G088,G053,0.0005681604,1
G087,G020,0.00056760566,1
G023,G010,0.0005668878,1
G032,G068,0.00056591496,1
G038,G077,0.0005652497,1
G012,G017,0.0005636561,1
G077,G024,0.0005634352,1
G067,G057,0.0005629485,1
G085,G001,0.0005613535,1
G086,G099,0.00055980415,1
G100,G073,0.0005583929,1
G049,G099,0.00055770704,1
G037,G059,0.0005572058,1
G012,G003,0.00055680645,1
G051,G017,0.0005543589,1
G026,G056,0.00055414706,1
G021,G016,0.00055213284,1
G050,G056,0.00055201276,1
G066,G088,0.00055182667,1
G065,G011,0.00055101595,1
G028,G100,0.00054947333,1
G015,G060,0.0005490006,1
G019,G081,0.0005483842,1
G086,G098,0.0005469484,1
G031,G017,0.00054645387,1
G019,G040,0.0005450327,1
G024,G005,0.0005438701,1
G073,G055,0.000543544,1
G098,G042,0.000543465,1
G046,G054,0.00054313964,1
G041,G095,0.0005427919,1
G085,G026,0.0005418114,1
G030,G031,0.0005399532,1
G045,G044,0.00053946645,1
G041,G044,0.00053902075,1
G002,G062,0.000536604,1
G050,G033,0.0005365711,1
G099,G082,0.00053555315,1
G014,G016,0.00053507165,1
G007,G031,0.0005347366,1
G092,G061,0.0005332512,1
G066,G070,0.0005328902,1
G068,G046,0.0005324407,1
G014,G070,0.0005324152,1
G016,G086,0.00053083204,1
G041,G069,0.0005299081,1
G058,G081,0.0005285671,1
G034,G027,0.000528288,1
G017,G089,0.00052818493,1
G098,G018,0.0005270344,1
G098,G003,0.00052610075,1
G013,G052,0.00052599586,1
G041,G014,0.0005258453,1
G063,G010,0.00052445533,1
G065,G076,0.00052427134,1
G075,G056,0.00052366545,1
G099,G002,0.0005234933,1
G041,G007,0.00052269944,1
G024,G019,0.0005218802,1
G081,G094,0.0005215159,1
G077,G026,0.00052079704,1
G014,G091,0.0005200442,1
G091,G005,0.00051897584,1
G051,G016,0.0005189661,1
G059,G042,0.00051885704,1
G087,G013,0.0005184701,1
G027,G046,0.00051700085,1
G062,G030,0.00051609747,1
G015,G044,0.00051545573,1
G035,G001,0.0005153811,1
G051,G031,0.0005148802,1
G018,G066,0.0005146776,1
G009,G019,0.00051460275,1
G051,G062,0.00051442604,1
G075,G016,0.0005102219,1
G003,G058,0.00050851156,1
G018,G059,0.00050847686,1
G071,G005,0.00050675264,1
G084,G019,0.00050662295,1
G044,G063,0.0005059545,1
G008,G078,0.0005055973,1
G031,G041,0.0005051097,1
G010,G080,0.00050472806,1
G091,G008,0.00050440745,1
G051,G089,0.0005006504,1
G051,G088,0.0005004542,1
G099,G020,0.00049952924,1
G054,G058,0.0004991236,1
G038,G058,0.00049801124,1
G016,G042,0.0004967196,1
G015,G099,0.0004945588,1
G070,G004,0.0004944783,1
G065,G040,0.0004924289,1
G004,G074,0.00049213495,1
G098,G019,0.0004910434,1
G027,G032,0.0004901143,1
G042,G046,0.00048964634,1
G065,G033,0.00048936106,1
G087,G023,0.0004874771,1
G007,G069,0.00048727408,1
G020,G069,0.00048545183,1
G013,G098,0.00048543548,1
G051,G056,0.00048419318,1
G068,G039,0.0004840276,1
G023,G020,0.00048384827,1
G008,G093,0.00048352266,1
G037,G028,0.00048321125,1
G033,G058,0.00048294428,1
G061,G002,0.00048237637,1
G089,G032,0.00048105276,1
G021,G002,0.00048076175,1
G008,G019,0.00048050858,1
G096,G086,0.00048034292,1
G044,G027,0.0004800652,1
G037,G019,0.00047980185,1
G044,G076,0.0004797525,1
G046,G087,0.00047908415,1
G033,G087,0.00047844215,1
G051,G009,0.00047729048,1
G042,G074,0.00047700142,1
G036,G027,0.00047632543,1
G013,G020,0.00047599236,1
G062,G002,0.0004733323,1
G068,G002,0.00047155024,1
G069,G085,0.00047107707,1
G093,G059,0.00047102378,1
G090,G055,0.00047031965,1
G087,G002,0.00046998056,1
G032,G091,0.00046933888,1
G002,G049,0.0004685201,1
G008,G073,0.00046667,1
G078,G091,0.00046662192,1
G034,G076,0.0004656608,1
G044,G029,0.00046456532,1
G025,G017,0.0004639999,1
G094,G044,0.00046375705,1
G028,G020,0.00046185075,1
G024,G020,0.0004614494,1
G001,G087,0.0004609226,1
G066,G039,0.00046077598,1
G089,G017,0.00045988412,1
G059,G021,0.00045799886,1
G067,G065,0.00045668642,1
G067,G015,0.0004541442,1
G052,G076,0.00045385628,1
G042,G083,0.00045285118,1
G049,G067,0.00045217152,1
G094,G030,0.00045188027,1
G024,G074,0.00045161514,1
G012,G006,0.00045134829,1
G023,G018,0.0004507006,1
G037,G065,0.00045025843,1
G010,G090,0.0004500139,1
G028,G012,0.00044973614,1
G072,G080,0.00044961314,1
G062,G072,0.0004490966,1
G070,G084,0.00044851305,1
G061,G024,0.00044782978,1
G059,G002,0.000445983,1
G012,G033,0.0004459113,1
G056,G020,0.00044457297,1
G048,G068,0.00044441636,1
G006,G062,0.0004443332,1
G079,G092,0.00044393554,1
G097,G038,0.00044333786,1
G049,G077,0.00044266813,1
G035,G089,0.00044165165,1
G067,G091,0.00044123578,1
G075,G039,0.0004407718,1
G091,G041,0.00043972302,1
G027,G054,0.00043910716,1
G002,G001,0.0004386017,1
G055,G002,0.000438507,1
G015,G017,0.00043771902,1
G004,G098,0.00043749824,1
G060,G038,0.00043694384,1
G012,G095,0.00043672693,1
G100,G007,0.00043660816,1
G008,G090,0.00043653193,1
G043,G020,0.0004364844,1
G091,G040,0.0004362725,1
G089,G074,0.00043606144,1
G087,G071,0.00043534036,1
G058,G020,0.0004353216,1
G044,G033,0.00043483917,1
G085,G025,0.00043426073,1
G004,G082,0.00043381535,1
G087,G017,0.0004327769,1
G094,G010,0.00043201167,1
G062,G022,0.00043076504,1
G038,G060,0.00043057965,1
G060,G042,0.000430326,1
G018,G047,0.0004293305,1
G002,G033,0.00042847687,1
G060,G004,0.00042828065,1
G052,G038,0.00042823728,1
G048,G005,0.0004282367,1
G036,G003,0.00042705733,1
G003,G007,0.00042666675,1
G087,G036,0.00042653846,1
G067,G005,0.00042650622,1
G028,G051,0.00042532955,1
G033,G090,0.00042430367,1
G004,G071,0.00042422293,1
G063,G066,0.00042332386,1
G028,G088,0.00042307086,1
G002,G019,0.00042258456,1
G012,G001,0.0004215468,1
G047,G089,0.00042131045,1
G071,G021,0.00042130752,1
G020,G071,0.000421277,1
G054,G036,0.00042048394,1
G077,G045,0.00042043708,1
G038,G088,0.00042034133,1
G052,G080,0.0004202388,1
G079,G097,0.0004196966,1
G095,G013,0.0004195523,1
G023,G053,0.00041938818,1
G052,G069,0.0004186198,1
G004,G096,0.00041836323,1
G045,G046,0.0004172697,1
G042,G029,0.00041520907,1
G008,G023,0.0004150732,1
G009,G078,0.00041483203,1
G020,G059,0.00041476323,1
G064,G027,0.00041415362,1
G064,G048,0.00041415094,1
G079,G058,0.00041389657,1
G015,G002,0.00041337148,1
G014,G083,0.00041308074,1
G056,G082,0.00041266723,1
G002,G055,0.00041191024,1
G003,G001,0.00041117697,1
G071,G001,0.00041070164,1
G019,G090,0.00041037507,1
G048,G087,0.00041011625,1
G011,G055,0.00041009428,1
G043,G031,0.00040967754,1
G029,G092,0.00040941534,1
G077,G065,0.00040896342,1
G027,G041,0.00040883847,1
G047,G087,0.00040822037,1
G033,G073,0.00040788698,1
G058,G017,0.0004061999,1
G065,G061,0.00040619407,1
G043,G006,0.0004056265,1
G062,G055,0.00040525472,1
G097,G031,0.0004040692,1
G071,G091,0.0004030708,1
G025,G094,0.00040289806,1
G093,G002,0.00040165393,1
G010,G015,0.00040157858,1
G051,G014,0.00040093306,1
G028,G085,0.00040074933,1
G029,G072,0.00039941465,1
G005,G035,0.00039867737,1
G074,G092,0.00039817742,1
G059,G070,0.00039813074,1
G005,G060,0.00039784441,1
G008,G100,0.0003978145,1
G027,G082,0.00039767462,1
G095,G079,0.00039707974,1
G066,G058,0.00039634723,1
G011,G037,0.00039566538,1
G016,G015,0.00039494014,1
G049,G065,0.0003948269,1
G071,G048,0.00039373903,1
G054,G096,0.00039368504,1
G065,G016,0.00039361377,1
G052,G017,0.00039317086,1
G099,G025,0.00039313658,1
G043,G072,0.00039296463,1
G009,G038,0.00039215997,1
G051,G059,0.00039202455,1
G064,G052,0.0003902794,1
G044,G069,0.00039001883,1
G033,G057,0.00038877572,1
G036,G083,0.00038846815,1
G043,G015,0.00038816387,1
G006,G061,0.00038798957,1
G059,G022,0.00038733057,1
G084,G027,0.0003871799,1
G030,G028,0.0003862403,1
G087,G057,0.00038598911,1
G078,G028,0.0003841623,1
G089,G031,0.00038362914,1
G046,G031,0.00038311427,1
G065,G089,0.00038185497,1
G086,G069,0.00038175355,1
G085,G033,0.0003811734,1
G017,G025,0.0003809669,1
G043,G081,0.00038050994,1
G066,G008,0.00038001075,1
G051,G070,0.0003795876,1
G046,G073,0.0003792454,1
G078,G022,0.0003792326,1
G002,G071,0.00037866103,1
G098,G053,0.00037847733,1
G067,G071,0.00037796155,1
G027,G031,0.00037770296,1
G043,G091,0.00037645447,1
G024,G096,0.00037583645,1
G063,G072,0.00037550478,1
G063,G068,0.00037535132,1
G022,G027,0.00037516336,1
G065,G088,0.0003748663,1
G019,G073,0.0003739685,1
G088,G087,0.00037379586,1
G002,G053,0.00037368553,1
G048,G097,0.00037356792,1
G020,G083,0.00037286835,1
G031,G040,0.00037085055,1
G021,G043,0.00037080343,1
G078,G047,0.0003704413,1
G015,G049,0.00037028175,1
G038,G078,0.00037017005,1
G072,G060,0.00036974432,1
G048,G029,0.00036951876,1
G052,G033,0.0003690182,1
G082,G048,0.00036838345,1
G041,G045,0.0003675523,1
G067,G022,0.00036743164,1
G028,G077,0.0003669817,1
G054,G053,0.00036692488,1
G070,G089,0.0003657092,1
G078,G031,0.00036534554,1
G067,G017,0.00036518223,1
G019,G059,0.00036427635,1
G046,G052,0.0003640375,1
G022,G011,0.00036273253,1
G009,G060,0.0003616024,1
G022,G058,0.00036159708,1
G030,G024,0.0003612712,1
G098,G073,0.000361227,1
G005,G036,0.00036088546,1
G086,G090,0.00035979852,1
G042,G012,0.0003594008,1
G069,G089,0.0003592788,1
G004,G032,0.0003584719,1
G063,G049,0.0003569046,1
G002,G100,0.00035660702,1
G069,G078,0.00035494432,1
G043,G100,0.00035410404,1
G018,G071,0.0003536107,1
G058,G025,0.00035343136,1
G095,G003,0.00035328764,1
G035,G087,0.00035289256,1
G010,G022,0.0003525316,1
G052,G019,0.00035202404,1
G005,G014,0.00035134083,1
G015,G066,0.00035064344,1
G090,G079,0.0003504379,1
G026,G075,0.00035004155,1
G039,G005,0.00035000144,1
G002,G014,0.00034967274,1
G073,G006,0.00034962007,1
G039,G043,0.00034956392,1
G073,G096,0.00034920702,1
G043,G033,0.00034915787,1
G050,G016,0.0003487463,1
G003,G094,0.00034843208,1
G020,G097,0.00034833883,1
G099,G037,0.00034822113,1
G051,G057,0.00034796106,1
G046,G003,0.0003478874,1
G044,G040,0.00034774854,1
G016,G020,0.00034746344,1
G090,G025,0.0003472781,1
G005,G048,0.0003470612,1
G011,G059,0.00034659015,1
G079,G051,0.0003461116,1
G083,G091,0.00034608255,1
G070,G096,0.00034599166,1
G080,G057,0.00034596535,1
G072,G078,0.00034408763,1
G053,G057,0.00034368125,1
G073,G004,0.0003434022,1
G052,G077,0.00034298445,1
G024,G072,0.00034192676,1
G057,G031,0.00034186925,1
G015,G098,0.0003412506,1
G096,G001,0.00034123537,1
G082,G042,0.00034102405,1
G063,G041,0.0003409814,1
G100,G057,0.00034073947,1
G009,G002,0.0003403693,1
G052,G034,0.0003400854,1
G015,G014,0.00033929627,1
G096,G022,0.00033912229,1
G011,G019,0.00033908398,1
G077,G048,0.00033895732,1
G073,G023,0.00033884184,1
G039,G065,0.0003384537,1
G012,G018,0.00033844195,1
G012,G058,0.00033828625,1
G059,G099,0.00033785155,1
G042,G014,0.00033751776,1
G063,G008,0.00033672134,1
G013,G050,0.0003364277,1
G044,G089,0.00033546172,1
G070,G020,0.00033544435,1
G038,G016,0.0003348849,1
G081,G071,0.00033486733,1
G091,G021,0.00033461238,1
G044,G097,0.00033446343,1
G070,G055,0.00033439527,1
G074,G003,0.0003334773,1
G052,G081,0.0003323272,1
G081,G076,0.0003321448,1
G025,G022,0.00033184772,1
G034,G089,0.00033164187,1
G067,G043,0.0003315489,1
G061,G053,0.0003312644,1
G076,G063,0.00033101087,1
G071,G035,0.00033092522,1
G048,G003,0.00033071532,1
G021,G052,0.00033065106,1
G065,G091,0.00033042722,1
G079,G098,0.00033009428,1
G038,G054,0.0003299518,1
G047,G067,0.0003298419,1
G013,G044,0.0003287918,1
G056,G071,0.00032825273,1
G088,G012,0.00032823897,1
G002,G008,0.00032819822,1
G045,G078,0.00032817444,1
G038,G061,0.00032803856,1
G017,G077,0.00032788457,1
G071,G065,0.00032591738,1
G034,G016,0.00032572268,1
G002,G067,0.0003250773,1
G051,G073,0.00032356536,1
G089,G005,0.00032335432,1
G053,G099,0.0003231704,1
G049,G003,0.00032295307,1
G037,G072,0.00032280778,1
G065,G020,0.0003225,1
G021,G091,0.00032107285,1
G032,G081,0.0003209503,1
G021,G032,0.00032034988,1
G050,G002,0.00032000823,1
G043,G078,0.0003198349,1
G048,G049,0.0003194356,1
G096,G085,0.00031936186,1
G078,G052,0.00031855007,1
G026,G015,0.00031799258,1
G017,G053,0.00031796703,1
G099,G055,0.00031751016,1
G015,G030,0.00031655413,1
G002,G090,0.00031618666,1
G052,G065,0.00031600049,1
G010,G068,0.00031587243,1
G044,G012,0.00031424826,1
G069,G002,0.00031303297,1
G077,G060,0.00031281865,1
G083,G086,0.00031210514,1
G078,G001,0.00031177266,1
G010,G088,0.0003116256,1
G055,G069,0.00031154373,1
G063,G014,0.00031150188,1
G016,G068,0.0003106626,1
G086,G029,0.00031064506,1
G061,G069,0.0003106202,1
G049,G091,0.0003105056,1
G019,G056,0.00030957887,1
G007,G082,0.00030897855,1
G007,G055,0.00030780182,1
G085,G075,0.00030772897,1
G071,G069,0.00030755583,1
G016,G060,0.00030732265,1
G077,G057,0.00030693866,1
G026,G003,0.00030685696,1
G003,G048,0.0003061814,1
G057,G043,0.00030611065,1
G037,G100,0.00030573722,1
G064,G091,0.00030556438,1
G059,G098,0.00030546542,1
G068,G080,0.00030536373,1
G002,G070,0.00030346535,1
G038,G014,0.00030224444,1
G047,G008,0.00030219756,1
G044,G016,0.00030188842,1
G063,G005,0.00030146667,1
G052,G056,0.00030140977,1
G078,G036,0.0003013622,1
G020,G002,0.00030016308,1
G083,G031,0.00030002603,1
G058,G073,0.00029952038,1
G071,G016,0.00029895312,1
G004,G081,0.0002985732,1
G037,G031,0.000298452,1
G015,G082,0.00029834898,1
G025,G041,0.00029808946,1
G027,G077,0.0002972867,1
G046,G058,0.00029582967,1
G034,G077,0.00029560292,1
G063,G078,0.00029462032,1
G035,G003,0.00029420442,1
G065,G062,0.0002937246,1
G063,G057,0.0002921616,1
G011,G005,0.0002920618,1
G015,G021,0.00029198267,1
G049,G015,0.0002911081,1
G010,G098,0.00029024595,1
G054,G023,0.00029022378,1
G086,G073,0.00029006513,1
G099,G100,0.00028999694,1
G078,G005,0.00028991228,1
G077,G059,0.00028984935,1
G076,G051,0.00028956318,1
G058,G055,0.0002887272,1
G026,G064,0.00028863194,1
G092,G020,0.00028855755,1
G041,G056,0.0002879365,1
G069,G060,0.00028786162,1
G006,G090,0.0002877502,1
G006,G029,0.0002876927,1
G095,G008,0.00028726674,1
G095,G072,0.00028722378,1
G039,G019,0.0002866568,1
G039,G052,0.00028662613,1
G036,G008,0.00028631545,1
G008,G010,0.00028566062,1
G038,G046,0.00028493567,1
G053,G074,0.00028462365,1
G055,G044,0.0002844921,1
G054,G091,0.000284127,1
G034,G030,0.0002839463,1
G008,G016,0.00028390932,1
G094,G027,0.0002828915,1
G057,G016,0.0002826028,1
G073,G074,0.00028180482,1
G077,G073,0.00028153608,1
G048,G025,0.00028145747,1
G045,G074,0.0002814077,1
G039,G023,0.00028140203,1
G097,G069,0.0002813824,1
G039,G017,0.00028112144,1
G089,G008,0.00028077347,1
G012,G040,0.00028055298,1
G084,G029,0.00027988697,1
G078,G098,0.00027903292,1
G064,G041,0.0002785533,1
G091,G007,0.00027850107,1
G044,G084,0.0002780862,1
G076,G080,0.000277918,1
G022,G033,0.00027784554,1
G006,G071,0.00027748672,1
G008,G092,0.00027745395,1
G050,G058,0.0002773133,1
G083,G089,0.00027717635,1
G012,G097,0.0002771249,1
G050,G039,0.0002770559,1
G007,G049,0.00027690196,1
G077,G051,0.0002768194,1
G003,G086,0.00027679722,1
G046,G077,0.0002766785,1
G060,G064,0.00027640702,1
G033,G088,0.00027614873,1
G050,G051,0.0002753218,1
G090,G040,0.00027445276,1
G065,G009,0.0002742363,1
G064,G055,0.00027409324,1
G030,G045,0.00027362842,1
G010,G027,0.000273309,1
G010,G005,0.00027324748,1
G100,G062,0.00027314218,1
G004,G026,0.000273068,1
G015,G061,0.0002729863,1
G027,G043,0.00027176848,1
G030,G009,0.0002716414,1
G008,G060,0.0002715333,1
G096,G090,0.000271161,1
G062,G081,0.00027100436,1
G081,G035,0.00027090273,1
G073,G020,0.00027073073,1
G010,G004,0.00026980447,1
G069,G039,0.0002696023,1
G056,G046,0.00026929687,1
G098,G064,0.00026919786,1
G063,G009,0.00026880723,1
G029,G012,0.00026868275,1
G098,G077,0.00026852803,1
G019,G058,0.00026830513,1
G004,G078,0.00026823915,1
G030,G051,0.00026817247,1
G048,G062,0.00026809756,1
G004,G025,0.00026766746,1
G011,G053,0.00026765975,1
G026,G024,0.00026754523,1
G058,G049,0.00026725067,1
G011,G099,0.00026630724,1
G095,G027,0.00026622476,1
G075,G048,0.0002659505,1
G029,G052,0.00026567958,1
G054,G012,0.0002655536,1
G011,G056,0.000265501,1
G033,G079,0.00026549044,1
G009,G097,0.00026536154,1
G062,G041,0.0002650263,1
G046,G057,0.00026446278,1
G019,G060,0.0002644619,1
G022,G044,0.00026431098,1
G087,G090,0.00026428432,1
G018,G097,0.00026407733,1
G060,G058,0.00026397448,1
G036,G035,0.000263908,1
G042,G047,0.00026365803,1
G048,G073,0.0002632853,1
G050,G008,0.00026274024,1
G086,G068,0.00026229594,1
G063,G054,0.0002622241,1
G022,G014,0.00026206076,1
G039,G026,0.00026177082,1
G064,G023,0.00026159588,1
G003,G004,0.0002613552,1
G051,G077,0.0002609394,1
G090,G085,0.0002606515,1
G076,G096,0.00026063816,1
G022,G065,0.00026047736,1
G052,G054,0.00025994697,1
G027,G007,0.00025965777,1
G067,G092,0.00025962517,1
G010,G056,0.00025925424,1
G029,G048,0.00025871777,1
G082,G016,0.00025810316,1
G011,G051,0.0002579366,1
G067,G008,0.00025738653,1
G033,G008,0.00025719905,1
G004,G011,0.0002566517,1
G034,G038,0.00025611662,1
G027,G045,0.00025600067,1
G048,G027,0.0002554742,1
G020,G074,0.00025527363,1
G090,G069,0.00025525625,1
G007,G092,0.00025499178,1
G072,G098,0.00025489854,1
G029,G022,0.00025428168,1
G052,G086,0.0002542315,1
G013,G048,0.00025336776,1
G039,G014,0.0002531083,1
G049,G047,0.0002525027,1
G012,G055,0.00025207872,1
G056,G097,0.0002519675,1
G085,G010,0.00025180753,1
G039,G086,0.000251776,1
G015,G007,0.00025135293,1
G083,G068,0.00025089376,1
G048,G024,0.0002499877,1
G079,G087,0.00024977082,1
G089,G096,0.0002494032,1
G027,G065,0.00024934192,1
G098,G009,0.00024901552,1
G031,G088,0.0002488364,1
G008,G030,0.00024876787,1
G080,G089,0.00024860064,1
G046,G020,0.00024824138,1
G078,G062,0.00024817005,1
G059,G091,0.00024813853,1
G063,G090,0.00024789452,1
G051,G066,0.00024710322,1
G081,G100,0.0002470417,1
G028,G026,0.00024668712,1
G064,G050,0.00024648267,1
G074,G023,0.00024631966,1
G047,G018,0.00024618435,1
G011,G068,0.00024613793,1
G018,G021,0.00024581503,1
G023,G071,0.00024566808,1
G021,G044,0.00024553997,1
G043,G019,0.00024541278,1
G001,G013,0.00024520376,1
G072,G067,0.00024510102,1
G066,G057,0.00024492864,1
G091,G009,0.00024453725,1
G086,G055,0.000244211,1
G047,G050,0.00024338816,1
G081,G002,0.00024302397,1
G073,G025,0.00024156767,1
G010,G017,0.00024156082,1
G087,G028,0.00024155065,1
G100,G033,0.00024126975,1
G033,G043,0.00024115467,1
G023,G002,0.00024112842,1
G005,G049,0.00024090795,1
G055,G088,0.00024086017,1
G085,G051,0.00024080026,1
G052,G028,0.00024079239,1
G063,G058,0.00024073054,1
G059,G086,0.00024034026,1
G013,G051,0.00024029531,1
G015,G016,0.00024023089,1
G027,G071,0.00024021114,1
G008,G002,0.00024000526,1
G082,G007,0.00023924501,1
G032,G001,0.00023920131,1
G062,G046,0.00023806331,1
G046,G014,0.00023797197,1
G032,G082,0.00023794312,1
G065,G036,0.00023789948,1
G016,G053,0.00023737214,1
G074,G039,0.00023719734,1
G001,G006,0.00023716825,1
G064,G066,0.00023689633,1
G049,G013,0.00023668376,1
G064,G037,0.00023658326,1
G009,G016,0.00023649818,1
G069,G041,0.00023622572,1
G068,G050,0.0002358712,1
G052,G002,0.00023581635,1
G039,G081,0.00023574218,1
G002,G083,0.00023573128,1
G064,G009,0.00023539906,1
G035,G014,0.00023528693,1
G050,G067,0.0002351178,1
G078,G038,0.00023503721,1
G067,G046,0.00023489923,1
G040,G074,0.00023428745,1
G076,G088,0.00023407792,1
G017,G044,0.00023399785,1
G027,G074,0.0002333979,1
G011,G077,0.00023305918,1
G083,G088,0.0002325294,1
G094,G043,0.0002322405,1
G050,G024,0.00023221486,1
G085,G014,0.00023207665,1
G043,G063,0.00023192349,1
G068,G078,0.00023152007,1
G051,G100,0.00022914023,1
G071,G028,0.00022909591,1
G045,G080,0.00022872673,1
G055,G019,0.00022870948,1
G067,G033,0.00022828464,1
G028,G098,0.00022799712,1
G017,G072,0.00022785533,1
G042,G027,0.00022782647,1
G012,G002,0.00022774014,1
G067,G088,0.00022765987,1
G093,G015,0.00022670656,1
G074,G015,0.00022615302,1
G023,G057,0.00022608943,1
G034,G055,0.00022566399,1
G072,G092,0.00022552433,1
G050,G022,0.0002254859,1
G081,G069,0.00022414421,1
G004,G043,0.00022400885,1
G070,G010,0.00022377342,1
G010,G083,0.00022325158,1
G073,G080,0.00022309281,1
G065,G058,0.00022218145,1
G051,G052,0.00022203411,1
G012,G050,0.00022196707,1
G069,G020,0.00022111744,1
G004,G013,0.00022090545,1
G076,G086,0.00022083509,1
G029,G085,0.00022079052,1
G021,G063,0.0002206251,1
G080,G097,0.00022057342,1
G071,G095,0.0002204418,1
G037,G001,0.00022031128,1
G020,G033,0.00022020345,1
G052,G059,0.00022004356,1
G084,G051,0.00021976685,1
G015,G027,0.00021975937,1
G073,G048,0.00021951919,1
G089,G021,0.00021928723,1
G082,G044,0.00021889774,1
G080,G050,0.00021854915,1
G063,G026,0.00021850306,1
G052,G057,0.00021841329,1
G076,G073,0.00021823202,1
G099,G013,0.00021822524,1
G062,G037,0.00021793153,1
G081,G055,0.00021777146,1
G069,G005,0.00021769291,1
G084,G054,0.00021767631,1
G099,G040,0.00021742992,1
G052,G012,0.00021730787,1
G075,G055,0.00021706925,1
G014,G027,0.00021688078,1
G033,G076,0.00021685258,1
G059,G057,0.00021671671,1
G037,G024,0.00021648973,1
G081,G079,0.00021620057,1
G095,G067,0.00021606068,1
G034,G035,0.00021588338,1
G066,G041,0.00021556027,1
G020,G031,0.00021552268,1
G064,G008,0.00021508713,1
G076,G016,0.00021507265,1
G085,G073,0.00021470567,1
G009,G088,0.00021427697,1
G007,G032,0.00021426147,1
G060,G015,0.0002142194,1
G006,G015,0.0002139716,1
G017,G074,0.00021376932,1
G057,G015,0.00021363681,1
G073,G041,0.00021356784,1
G064,G004,0.00021269704,1
G006,G035,0.00021268008,1
G075,G050,0.00021267662,1
G083,G076,0.0002126331,1
G009,G036,0.00021241455,1
G094,G029,0.00021208481,1
G038,G055,0.00021200387,1
G005,G037,0.00021196937,1
G021,G041,0.00021166258,1
G087,G060,0.00021137546,1
G100,G055,0.00021099235,1
G093,G038,0.0002108904,1
G042,G010,0.00021074065,1
G091,G094,0.00021058749,1
G070,G072,0.00021013606,1
G027,G089,0.00020954569,1
G030,G079,0.00020807986,1
G081,G027,0.00020771535,1
G099,G065,0.00020768617,1
G002,G087,0.00020732681,1
G086,G078,0.00020729673,1
G091,G024,0.00020716398,1
G028,G083,0.00020697225,1
G060,G025,0.0002068976,1
G075,G051,0.00020676664,1
G065,G051,0.00020660885,1
G076,G067,0.00020591107,1
G069,G067,0.00020578444,1
G008,G053,0.00020514206,1
G007,G037,0.00020498998,1
G009,G100,0.00020496223,1
G056,G068,0.00020441324,1
G049,G075,0.00020441323,1
G087,G068,0.00020437471,1
G087,G027,0.00020431768,1
G005,G083,0.00020347444,1
G002,G086,0.00020315668,1
G083,G056,0.0002030431,1
G004,G085,0.00020298526,1
G086,G057,0.0002028288,1
G094,G057,0.00020259555,1
G059,G060,0.00020246631,1
G024,G032,0.00020017476,1
G041,G008,0.00019994326,1
G015,G020,0.00019975858,1
G055,G091,0.00019941585,1
G034,G068,0.00019923343,1
G024,G033,0.00019922246,1
G059,G056,0.00019881818,1
G008,G075,0.0001984417,1
G093,G096,0.00019820641,1
G082,G018,0.00019798633,1
G051,G015,0.00019797974,1
G043,G053,0.00019747176,1
G015,G077,0.0001973086,1
G008,G014,0.00019720689,1
G021,G037,0.0001971958,1
G020,G093,0.0001971837,1
G069,G070,0.00019684552,1
G080,G053,0.00019666526,1
G060,G072,0.00019611779,1
G049,G034,0.00019590555,1
G015,G053,0.00019589937,1
G052,G041,0.0001957624,1
G090,G062,0.00019573217,1
G039,G089,0.0001956893,1
G069,G086,0.00019558128,1
G015,G011,0.00019532899,1
G075,G077,0.00019519536,1
G038,G073,0.00019511115,1
G039,G038,0.00019509047,1
G007,G019,0.00019505211,1
G027,G096,0.00019485429,1
G100,G019,0.00019484317,1
G049,G018,0.00019454854,1
G030,G083,0.00019412552,1
G015,G074,0.00019368665,1
G089,G019,0.00019359653,1
G070,G066,0.00019312557,1
G091,G023,0.00019298459,1
G095,G090,0.00019294648,1
G096,G097,0.00019292242,1
G071,G081,0.0001928274,1
G028,G004,0.00019258953,1
G054,G056,0.00019182588,1
G074,G028,0.00019171386,1
G060,G046,0.00019158701,1
G042,G094,0.00019148072,1
G052,G005,0.00019125991,1
G096,G069,0.00019110202,1
G086,G061,0.00019106397,1
G024,G088,0.00019103136,1
G065,G080,0.00019101932,1
G089,G010,0.00019070385,1
G085,G078,0.00019060557,1
G022,G028,0.00019036498,1
G087,G008,0.00019015647,1
G091,G070,0.00018987672,1
G025,G039,0.00018981901,1
G019,G015,0.00018945303,1
G080,G056,0.00018910787,1
G050,G066,0.00018909153,1
G051,G006,0.0001888799,1
G071,G058,0.00018845533,1
G071,G041,0.00018836779,1
G090,G007,0.00018820626,1
G022,G051,0.00018796361,1
G011,G094,0.00018794957,1
G024,G031,0.00018680345,1
G005,G098,0.00018573443,1
G070,G047,0.00018532152,1
G091,G063,0.00018526037,1
G091,G019,0.00018520618,1
G023,G039,0.00018494781,1
G018,G090,0.00018448629,1
G098,G096,0.00018392752,1
G062,G010,0.00018387225,1
G039,G096,0.00018384567,1
G099,G094,0.000183843,1
G096,G074,0.00018383427,1
G091,G072,0.0001835119,1
G098,G076,0.00018300573,1
G041,G048,0.000182955,1
G023,G086,0.00018251764,1
G024,G001,0.00018196343,1
G002,G077,0.00018143211,1
G009,G043,0.00018134003,1
G049,G054,0.00018110822,1
G033,G045,0.00018097207,1
G020,G095,0.00018048803,1
G049,G084,0.00018042546,1
G048,G019,0.00018017275,1
G039,G024,0.00018010863,1
G047,G069,0.00017989549,1
G086,G093,0.00017982835,1
G063,G031,0.00017980083,1
G085,G018,0.00017976161,1
G005,G055,0.00017951523,1
G097,G056,0.00017940743,1
G039,G002,0.00017879478,1
G059,G079,0.0001783017,1
G051,G065,0.00017822199,1
G078,G014,0.00017815693,1
G052,G048,0.00017790367,1
G030,G070,0.0001777747,1
G089,G065,0.0001767567,1
G070,G017,0.000176268,1
G055,G040,0.00017622345,1
G016,G088,0.00017604465,1
G059,G039,0.00017602328,1
G024,G051,0.00017578693,1
G066,G092,0.00017549992,1
G069,G027,0.00017536209,1
G022,G083,0.00017520062,1
G054,G033,0.00017496117,1
G035,G019,0.00017494711,1
G022,G074,0.00017456243,1
G021,G013,0.00017434922,1
G091,G081,0.00017432477,1
G056,G016,0.00017428391,1
G073,G036,0.00017423843,1
G042,G052,0.00017410616,1
G009,G013,0.00017374493,1
G100,G059,0.00017356797,1
G066,G062,0.00017344148,1
G077,G062,0.00017341004,1
G083,G090,0.0001733931,1
G029,G096,0.00017320698,1
G089,G049,0.00017317463,1
G060,G027,0.00017291907,1
G066,G079,0.00017266936,1
G048,G028,0.00017213175,1
G052,G024,0.00017187152,1
G008,G037,0.00017185892,1
G064,G020,0.00017183721,1
G048,G099,0.00017159838,1
G015,G097,0.00017158191,1
G093,G009,0.00017130427,1
G020,G079,0.00017127507,1
G073,G068,0.00017109815,1
G050,G085,0.00017090605,1
G020,G003,0.00017048269,1
G058,G037,0.0001703184,1
G023,G076,0.00017029908,1
G096,G020,0.00016949937,1
G071,G018,0.00016919649,1
G008,G046,0.00016895815,1
G015,G035,0.00016829796,1
G099,G080,0.00016826532,1
G038,G018,0.00016820634,1
G034,G003,0.00016815573,1
G063,G061,0.00016793238,1
G015,G070,0.00016771436,1
G032,G024,0.00016732118,1
G034,G071,0.00016724637,1
G014,G025,0.00016701626,1
G081,G050,0.00016693871,1
G052,G070,0.00016686217,1
G086,G088,0.00016660539,1
G020,G008,0.0001665454,1
G038,G005,0.00016592565,1
G094,G068,0.00016576337,1
G060,G055,0.00016565685,1
G006,G087,0.00016541764,1
G090,G078,0.0001653261,1
G036,G092,0.00016512017,1
G080,G066,0.00016508138,1
G040,G079,0.0001649926,1
G082,G028,0.00016477855,1
G067,G060,0.00016447817,1
G019,G021,0.00016428958,1
G047,G022,0.0001636769,1
G090,G016,0.00016328246,1
G039,G046,0.00016327226,1
G087,G065,0.00016323243,1
G068,G035,0.00016321694,1
G097,G049,0.00016319494,1
G085,G058,0.00016255068,1
G053,G050,0.00016210786,1
G027,G044,0.00016206573,1
G063,G013,0.00016205569,1
G061,G006,0.00016189556,1
G084,G075,0.00016180471,1
G036,G043,0.00016174608,1
G056,G075,0.00016155775,1
G004,G023,0.00016143157,1
G015,G059,0.00016142044,1
G077,G084,0.00016138479,1
G066,G022,0.00016125673,1
G054,G073,0.00016119934,1
G096,G056,0.00016115204,1
G001,G072,0.00016111242,1
G022,G052,0.00016110684,1
G008,G050,0.0001610264,1
G071,G050,0.00016076678,1
G026,G069,0.00016000101,1
G046,G082,0.00015986263,1
G043,G027,0.0001596782,1
G071,G008,0.00015931965,1
G030,G003,0.00015908238,1
G013,G095,0.00015906437,1
G096,G045,0.00015885542,1
G011,G007,0.0001583764,1
G039,G058,0.00015809595,1
G071,G055,0.00015779123,1
G099,G017,0.00015714664,1
G083,G030,0.00015698814,1
G064,G058,0.00015689654,1
G069,G071,0.0001568502,1
G064,G018,0.00015662123,1
G014,G009,0.00015638163,1
G098,G021,0.00015632542,1
G012,G015,0.00015611612,1
G067,G009,0.0001560203,1
G014,G010,0.0001556099,1
G033,G060,0.00015555395,1
G076,G015,0.00015553988,1
G036,G037,0.0001551982,1
G060,G040,0.00015501548,1
G036,G079,0.00015480249,1
G091,G059,0.00015457907,1
G012,G061,0.00015443699,1
G010,G052,0.00015425665,1
G046,G027,0.00015415263,1
G089,G067,0.00015414906,1
G093,G032,0.00015410701,1
G086,G051,0.0001537789,1
G076,G035,0.00015366377,1
G054,G092,0.00015350366,1
G098,G066,0.00015316876,1
G056,G047,0.00015273812,1
G052,G050,0.00015255362,1
G001,G034,0.00015252395,1
G100,G025,0.00015252164,1
G054,G014,0.0001524795,1
G059,G033,0.00015228697,1
G061,G079,0.00015227926,1
G094,G005,0.00015178676,1
G066,G003,0.00015176844,1
G009,G023,0.000151724,1
G099,G008,0.00015157778,1
G037,G097,0.0001514404,1
G058,G010,0.00015127016,1
G042,G005,0.00015117925,1
G085,G022,0.00015097442,1
G011,G058,0.00015082513,1
G004,G090,0.00015077126,1
G064,G005,0.00015060167,1
G095,G085,0.00015042486,1
G019,G070,0.00014994046,1
G012,G025,0.00014991919,1
G042,G015,0.00014973074,1
G051,G025,0.00014934808,1
G085,G063,0.00014927045,1
G033,G099,0.00014921385,1
G005,G045,0.00014910537,1
G009,G005,0.00014910358,1
G079,G001,0.00014892497,1
G072,G031,0.00014887082,1
G005,G047,0.00014849908,1
G062,G096,0.00014833455,1
G059,G082,0.00014825905,1
G067,G011,0.00014812438,1
G076,G007,0.00014791389,1
G095,G088,0.00014781818,1
G014,G008,0.00014759322,1
G046,G028,0.00014757091,1
G044,G066,0.0001474903,1
G069,G043,0.0001473935,1
G046,G024,0.00014716154,1
G082,G003,0.00014703795,1
G090,G094,0.00014700987,1
G089,G027,0.00014679841,1
G070,G058,0.00014674797,1
G087,G048,0.00014647051,1
G014,G023,0.00014629318,1
G015,G092,0.00014548734,1
G008,G072,0.00014536349,1
G008,G066,0.00014484893,1
G042,G057,0.00014472906,1
G089,G084,0.00014441552,1
G032,G084,0.00014406134,1
G049,G033,0.00014365085,1
G069,G023,0.00014348658,1
G088,G029,0.00014342522,1
G063,G077,0.00014309447,1
G068,G071,0.00014292824,1
G060,G008,0.00014266299,1
G030,G048,0.00014263757,1
G054,G090,0.00014254854,1
G082,G089,0.00014254583,1
G028,G072,0.00014230463,1
G052,G006,0.00014229392,1
G025,G011,0.00014213719,1
G087,G083,0.00014166761,1
G043,G048,0.0001415074,1
G045,G073,0.00014116193,1
G022,G019,0.00014113677,1
G052,G013,0.00014090042,1
G081,G019,0.00014084979,1
G065,G074,0.0001403545,1
G062,G044,0.00014030938,1
G058,G092,0.0001402397,1
G020,G088,0.00014016962,1
G053,G037,0.00014009592,1
G044,G043,0.00013994105,1
G072,G020,0.00013992253,1
G042,G085,0.00013990277,1
G048,G058,0.00013987256,1
G037,G057,0.00013942488,1
G091,G028,0.00013915042,1
G092,G027,0.00013889938,1
G078,G088,0.00013884202,1
G066,G064,0.00013875969,1
G018,G005,0.00013871223,1
G085,G064,0.0001386208,1
G090,G043,0.00013847896,1
G005,G096,0.00013843937,1
G030,G036,0.00013829401,1
G052,G014,0.00013802832,1
G078,G064,0.00013795188,1
G077,G095,0.00013779412,1
G098,G027,0.00013762894,1
G082,G077,0.00013752366,1
G085,G005,0.00013752018,1
G041,G055,0.0001373354,1
G025,G057,0.00013685819,1
G064,G070,0.00013672505,1
G059,G029,0.00013658692,1
G055,G015,0.00013654168,1
G057,G069,0.00013627713,1
G013,G085,0.00013590981,1
G003,G055,0.00013577465,1
G040,G088,0.00013570637,1
G062,G077,0.0001356964,1
G095,G048,0.00013530481,1
G033,G006,0.00013511574,1
G069,G094,0.00013469982,1
G036,G014,0.00013426125,1
G021,G078,0.0001332853,1
G010,G036,0.0001329397,1
G054,G097,0.00013293576,1
G016,G017,0.00013288525,1
G100,G090,0.00013276942,1
G009,G022,0.00013268621,1
G086,G020,0.0001326763,1
G029,G007,0.00013235598,1
G011,G049,0.00013214325,1
G033,G027,0.00013210789,1
G018,G053,0.0001319031,1
G065,G075,0.00013180308,1
G086,G007,0.00013115453,1
G044,G087,0.00013100474,1
G029,G055,0.00013070939,1
G037,G080,0.00013052994,1
G056,G077,0.00013019101,1
G048,G054,0.00012940686,1
G012,G079,0.00012929153,1
G005,G065,0.0001292645,1
G044,G030,0.0001292524,1
G060,G030,0.00012915004,1
G064,G016,0.00012904196,1
G011,G010,0.00012904014,1
G048,G023,0.00012899307,1
G079,G015,0.0001287395,1
G084,G026,0.00012857918,1
G054,G062,0.00012855566,1
G095,G040,0.00012780422,1
G033,G029,0.0001276641,1
G049,G006,0.00012756068,1
G067,G003,0.00012743434,1
G051,G048,0.00012698522,1
G049,G005,0.00012696137,1
G035,G040,0.00012670759,1
G033,G081,0.0001266277,1
G085,G092,0.00012643021,1
G075,G020,0.00012636081,1
G018,G091,0.00012596176,1
G031,G100,0.00012581395,1
G073,G097,0.00012567783,1
G056,G037,0.00012559038,1
G011,G036,0.00012554222,1
G012,G083,0.00012550892,1
G100,G027,0.00012539407,1
G028,G036,0.00012535433,1
G008,G031,0.00012503754,1
G022,G092,0.00012492521,1
G023,G075,0.00012482435,1
G017,G090,0.00012463646,1
G099,G041,0.0001245454,1
G092,G002,0.0001239767,1
G065,G046,0.00012370368,1
G005,G015,0.00012336708,1
G089,G082,0.00012335154,1
G018,G079,0.00012308035,1
G048,G009,0.00012301684,1
G020,G007,0.00012297631,1
G089,G063,0.00012275799,1
G044,G039,0.00012274795,1
G047,G049,0.0001226639,1
G001,G011,0.00012257138,1
G053,G002,0.00012236155,1
G021,G100,0.00012229147,1
G070,G094,0.00012227856,1
G042,G032,0.00012177891,1
G088,G093,0.00012166724,1
G075,G073,0.000121628036,1
G052,G042,0.000121606114,1
G044,G031,0.00012151601,1
G028,G078,0.00012133135,1
G052,G073,0.00012125844,1
G094,G100,0.00012090239,1
G090,G066,0.00012082506,1
G025,G084,0.000120764635,1
G028,G091,0.00012075751,1
G014,G064,0.00012055435,1
G073,G067,0.00012027544,1
G081,G044,0.000120162746,1
G070,G082,0.0001200655,1
G023,G098,0.00011975641,1
G011,G081,0.00011970594,1
G016,G087,0.00011953587,1
G069,G012,0.00011940363,1
G080,G060,0.000119398224,1
G044,G052,0.00011841219,1
G082,G025,0.000118380194,1
G041,G047,0.00011837513,1
G067,G051,0.00011833511,1
G022,G045,0.00011821382,1
G025,G072,0.00011809561,1
G073,G019,0.000117995,1
G030,G021,0.000117948985,1
G092,G094,0.000117680436,1
G056,G011,0.00011767285,1
G092,G023,0.00011728912,1
G089,G061,0.000117201365,1
G048,G088,0.000116713534,1
G029,G019,0.000116604155,1
G039,G021,0.00011610878,1
G031,G079,0.00011605508,1
G034,G090,0.00011584685,1
G013,G008,0.000115724324,1
G067,G097,0.00011545203,1
G090,G001,0.000115316645,1
G050,G088,0.000115310104,1
G065,G008,0.00011526125,1
G034,G036,0.00011518387,1
G088,G057,0.00011493035,1
G049,G010,0.00011475722,1
G057,G081,0.00011456919,1
G034,G043,0.00011389319,1
G043,G083,0.00011346398,1
G086,G039,0.00011332443,1
G001,G044,0.00011319891,1
G050,G100,0.00011309319,1
G096,G015,0.000113022346,1
G046,G015,0.00011260548,1
G092,G018,0.000112515896,1
G075,G100,0.0001124922,1
G053,G032,0.000112410205,1
G048,G076,0.00011213028,1
G007,G008,0.00011185644,1
G097,G023,0.00011174388,1
G003,G068,0.000111481124,1
G028,G071,0.00011084042,1
G100,G092,0.0001107691,1
G067,G093,0.00011073425,1
G053,G065,0.00011060522,1
G023,G079,0.00011046381,1
G024,G029,0.00011041647,1
G016,G030,0.00011033676,1
G077,G042,0.00011001771,1
G086,G082,0.00010957112,1
G062,G005,0.00010953576,1
G009,G095,0.00010952534,1
G050,G074,0.00010932748,1
G084,G057,0.00010924673,1
G089,G012,0.00010915803,1
G020,G057,0.00010902055,1
G066,G016,0.00010895521,1
G086,G079,0.00010864768,1
G098,G004,0.00010863367,1
G065,G053,0.00010795852,1
G059,G068,0.00010785682,1
G035,G086,0.00010752872,1
G065,G013,0.00010727951,1
G071,G052,0.00010714408,1
G063,G022,0.0001068019,1
G061,G003,0.000106767126,1
G004,G005,0.000106762425,1
G048,G038,0.000106641164,1
G002,G092,0.00010658993,1
G003,G065,0.000106089145,1
G069,G010,0.000106085754,1
G044,G002,0.000105994346,1
G011,G042,0.0001059027,1
G078,G079,0.00010562135,1
G095,G057,0.00010559486,1
G086,G012,0.0001055946,1
G099,G016,0.00010526688,1
G070,G076,0.00010525529,1
G048,G056,0.00010521918,1
G059,G031,0.00010512692,1
G047,G003,0.00010453103,1
G005,G016,0.00010409304,1
G020,G014,0.00010389426,1
G013,G055,0.0001036932,1
G043,G023,0.00010286667,1
G033,G050,0.00010282356,1
G050,G073,0.00010257083,1
G016,G051,0.00010252927,1
G085,G042,0.0001024144,1
G057,G054,0.000101722195,1
G069,G001,0.000101711375,1
G013,G084,0.0001015848,1
G006,G098,0.00010120328,1
G021,G057,0.00010119902,1
G086,G056,0.00010104281,1
G022,G015,0.00010094317,1
G091,G083,0.00010082752,1
G071,G009,0.00010077873,1
G009,G025,0.00010059052,1
G041,G053,0.000100566715,1
G013,G063,0.00010047961,1
G032,G031,0.00010047674,1
G030,G067,0.00010035432,1
G026,G084,0.00010021325,1
G058,G043,9.952362e-05,1
G063,G036,9.9102304e-05,1
G013,G068,9.9058285e-05,1
G027,G067,9.9013014e-05,1
G011,G028,9.862968e-05,1
G093,G011,9.849205e-05,1
G032,G088,9.8358425e-05,1
G008,G013,9.8349716e-05,1
G014,G004,9.8298464e-05,1
G066,G069,9.8264536e-05,1
G068,G058,9.795475e-05,1
G050,G017,9.7948985e-05,1
G069,G017,9.777487e-05,1
G006,G091,9.765346e-05,1
G029,G010,9.731922e-05,1
G054,G028,9.7130716e-05,1
G055,G083,9.6983415e-05,1
G051,G005,9.697885e-05,1
G022,G026,9.681493e-05,1
G049,G051,9.654075e-05,1
G043,G060,9.633425e-05,1
G080,G078,9.627934e-05,1
G026,G094,9.60099e-05,1
G063,G100,9.5901625e-05,1
G091,G054,9.57894e-05,1
G021,G062,9.511921e-05,1
G026,G045,9.510832e-05,1
G079,G054,9.4735085e-05,1
G044,G062,9.450455e-05,1
G057,G006,9.4492505e-05,1
G064,G003,9.426597e-05,1
G078,G056,9.405701e-05,1
G089,G078,9.4047595e-05,1
G008,G096,9.378955e-05,1
G077,G085,9.375065e-05,1
G029,G046,9.373169e-05,1
G093,G052,9.2878094e-05,1
G039,G045,9.275556e-05,1
G082,G081,9.2318776e-05,1
G090,G074,9.19914e-05,1
G039,G080,9.158462e-05,1
G043,G084,9.145076e-05,1
G006,G001,9.141262e-05,1
G066,G006,9.127905e-05,1
G096,G071,9.1175556e-05,1
G081,G038,9.075207e-05,1
G044,G093,9.056711e-05,1
G060,G078,9.0530266e-05,1
G049,G029,9.037855e-05,1
G086,G028,9.034704e-05,1
G042,G040,9.027825e-05,1
G039,G006,9.009023e-05,1
G085,G057,8.96739e-05,1
G004,G065,8.9231435e-05,1
G099,G006,8.9116016e-05,1
G062,G007,8.902483e-05,1
G062,G033,8.890695e-05,1
G051,G037,8.8901455e-05,1
G076,G041,8.880715e-05,1
G070,G097,8.879752e-05,1
G008,G044,8.8770365e-05,1
G015,G064,8.82461e-05,1
G069,G097,8.770061e-05,1
G027,G093,8.764082e-05,1
G067,G061,8.740084e-05,1
G100,G012,8.722086e-05,1
G013,G039,8.666722e-05,1
G048,G093,8.661796e-05,1
G028,G059,8.6393404e-05,1
G037,G088,8.6334556e-05,1
G048,G002,8.6307475e-05,1
G077,G005,8.625344e-05,1
G099,G015,8.612097e-05,1
G082,G021,8.610813e-05,1
G009,G061,8.603117e-05,1
G036,G025,8.59512e-05,1
G089,G092,8.580818e-05,1
G025,G019,8.566739e-05,1
G075,G080,8.559459e-05,1
G092,G089,8.554519e-05,1
G049,G052,8.549219e-05,1
G099,G061,8.527328e-05,1
G100,G023,8.523267e-05,1
G057,G088,8.514195e-05,1
G032,G028,8.5121916e-05,1
G027,G073,8.4859465e-05,1
G074,G081,8.4675696e-05,1
G090,G059,8.466892e-05,1
G085,G069,8.465352e-05,1
G028,G023,8.437841e-05,1
G045,G055,8.4371764e-05,1
G017,G099,8.412435e-05,1
G014,G068,8.405107e-05,1
G083,G005,8.3533836e-05,1
G064,G076,8.3203304e-05,1
G011,G083,8.306907e-05,1
G042,G092,8.304592e-05,1
G078,G067,8.301123e-05,1
G091,G092,8.298774e-05,1
G057,G037,8.287456e-05,1
G055,G089,8.266547e-05,1
G054,G013,8.265167e-05,1
G081,G025,8.228141e-05,1
G075,G004,8.220814e-05,1
G086,G003,8.196439e-05,1
G080,G067,8.189833e-05,1
G036,G058,8.182297e-05,1
G015,G003,8.111144e-05,1
G032,G036,8.108047e-05,1
G087,G041,8.101395e-05,1
G065,G096,8.052464e-05,1
G066,G037,8.04712e-05,1
G086,G050,8.045306e-05,1
G043,G030,8.0361664e-05,1
G002,G088,8.019093e-05,1
G072,G034,8.005471e-05,1
G004,G033,7.956865e-05,1
G057,G065,7.893936e-05,1
G056,G066,7.882638e-05,1
G014,G085,7.842378e-05,1
G087,G080,7.8232886e-05,1
G074,G048,7.81733e-05,1
G009,G015,7.8075704e-05,1
G017,G010,7.79815e-05,1
G085,G076,7.795933e-05,1
G005,G085,7.751534e-05,1
G077,G032,7.7450095e-05,1
G013,G035,7.730909e-05,1
G093,G036,7.721685e-05,1
G087,G050,7.719151e-05,1
G030,G038,7.7132696e-05,1
G011,G066,7.704522e-05,1
G019,G052,7.6976474e-05,1
G022,G095,7.68901e-05,1
G013,G053,7.645471e-05,1
G098,G060,7.641778e-05,1
G061,G047,7.638429e-05,1
G031,G009,7.6097975e-05,1
G060,G076,7.6095355e-05,1
G051,G096,7.592786e-05,1
G062,G042,7.567682e-05,1
G071,G068,7.5672724e-05,1
G051,G027,7.5629156e-05,1
G095,G074,7.549884e-05,1
G081,G060,7.547801e-05,1
G020,G041,7.5373464e-05,1
G013,G006,7.527897e-05,1
G027,G039,7.496259e-05,1
G068,G042,7.4799325e-05,1
G054,G088,7.454985e-05,1
G059,G027,7.445479e-05,1
G069,G022,7.440806e-05,1
G008,G022,7.439231e-05,1
G071,G026,7.437969e-05,1
G008,G043,7.432452e-05,1
G022,G088,7.430169e-05,1
G083,G017,7.41521e-05,1
G044,G005,7.406914e-05,1
G087,G064,7.393557e-05,1
G041,G075,7.37436e-05,1
G084,G087,7.349741e-05,1
G036,G062,7.343645e-05,1
G089,G001,7.330245e-05,1
G031,G094,7.3151205e-05,1
G059,G035,7.305728e-05,1
G056,G030,7.2685594e-05,1
G087,G001,7.2627634e-05,1
G067,G041,7.258148e-05,1
G057,G004,7.2347044e-05,1
G089,G016,7.233486e-05,1
G046,G038,7.165855e-05,1
G057,G098,7.156141e-05,1
G046,G062,7.153921e-05,1
G082,G072,7.146915e-05,1
G054,G045,7.127226e-05,1
G046,G065,7.126798e-05,1
G056,G005,7.125543e-05,1
G034,G074,7.1205075e-05,1
G009,G059,7.119776e-05,1
G029,G008,7.077996e-05,1
G004,G056,7.054143e-05,1
G018,G088,7.0387134e-05,1
G070,G033,7.0266266e-05,1
G023,G019,7.007742e-05,1
G099,G079,7.005621e-05,1
G033,G056,7.000625e-05,1
G003,G057,6.9851965e-05,1
G048,G061,6.979014e-05,1
G046,G086,6.959882e-05,1
G049,G025,6.9322e-05,1
G022,G005,6.867492e-05,1
G043,G005,6.8653906e-05,1
G086,G041,6.8481524e-05,1
G015,G063,6.835315e-05,1
G084,G047,6.816298e-05,1
G069,G065,6.795953e-05,1
G052,G044,6.7881796e-05,1
G015,G038,6.777971e-05,1
G012,G063,6.737397e-05,1
G074,G078,6.733989e-05,1
G050,G072,6.7220586e-05,1
G062,G074,6.7205234e-05,1
G054,G072,6.714214e-05,1
G036,G038,6.713216e-05,1
G075,G071,6.6948596e-05,1
G039,G011,6.6844885e-05,1
G058,G074,6.6836306e-05,1
G027,G050,6.676515e-05,1
G097,G004,6.6747445e-05,1
G025,G037,6.655031e-05,1
G091,G003,6.64142e-05,1
G022,G009,6.6327695e-05,1
G003,G095,6.626157e-05,1
G021,G074,6.611631e-05,1
G065,G018,6.51502e-05,1
G023,G048,6.48053e-05,1
G034,G018,6.4752465e-05,1
G092,G031,6.4725726e-05,1
G030,G096,6.4641215e-05,1
G047,G016,6.448208e-05,1
G096,G079,6.4472166e-05,1
G086,G089,6.440002e-05,1
G095,G005,6.438531e-05,1
G078,G021,6.38908e-05,1
G039,G054,6.387531e-05,1
G094,G060,6.386564e-05,1
G025,G060,6.383781e-05,1
G011,G062,6.375498e-05,1
G025,G082,6.368787e-05,1
G041,G050,6.3611355e-05,1
G018,G052,6.336399e-05,1
G056,G073,6.320452e-05,1
G058,G053,6.305532e-05,1
G021,G064,6.300076e-05,1
G071,G099,6.296327e-05,1
G075,G015,6.2887775e-05,1
G063,G027,6.283576e-05,1
G099,G039,6.278803e-05,1
G060,G044,6.242694e-05,1
G002,G029,6.239844e-05,1
G091,G050,6.206906e-05,1
G019,G083,6.2061445e-05,1
G089,G099,6.2056104e-05,1
G047,G068,6.198611e-05,1
G056,G018,6.181166e-05,1
G059,G058,6.172209e-05,1
G093,G099,6.16692e-05,1
G074,G071,6.1377345e-05,1
G086,G044,6.105355e-05,1
G062,G053,6.0899998e-05,1
G084,G001,6.0899663e-05,1
G076,G062,6.0875744e-05,1
G033,G053,6.0582315e-05,1
G018,G078,6.0410985e-05,1
G016,G094,6.013557e-05,1
G097,G082,5.9838447e-05,1
G022,G057,5.961284e-05,1
G022,G020,5.915705e-05,1
G084,G053,5.9142487e-05,1
G037,G091,5.9065682e-05,1
G081,G053,5.8660953e-05,1
G052,G009,5.8609065e-05,1
G069,G100,5.8597674e-05,1
G068,G064,5.843063e-05,1
G012,G047,5.8296064e-05,1
G059,G081,5.8268615e-05,1
G038,G059,5.801052e-05,1
G043,G040,5.7913123e-05,1
G069,G003,5.7879806e-05,1
G095,G056,5.786858e-05,1
G069,G035,5.772643e-05,1
G095,G023,5.7511214e-05,1
G017,G079,5.6856286e-05,1
G021,G097,5.6675417e-05,1
G100,G069,5.6531753e-05,1
G021,G014,5.615171e-05,1
G087,G062,5.6138433e-05,1
G020,G078,5.6077097e-05,1
G056,G017,5.5994846e-05,1
G085,G034,5.5944423e-05,1
G080,G098,5.578181e-05,1
G085,G081,5.568739e-05,1
G080,G043,5.5490324e-05,1
G052,G098,5.5395732e-05,1
G097,G061,5.531574e-05,1
G039,G033,5.514547e-05,1
G015,G088,5.4757696e-05,1
G094,G035,5.4569802e-05,1
G094,G056,5.4443302e-05,1
G058,G008,5.4426313e-05,1
G093,G100,5.4375043e-05,1
G020,G082,5.3786076e-05,1
G077,G015,5.3631687e-05,1
G034,G100,5.3620035e-05,1
G041,G034,5.3604646e-05,1
G033,G066,5.3436204e-05,1
G055,G001,5.3256263e-05,1
G005,G091,5.3088348e-05,1
G044,G086,5.3069594e-05,1
G085,G006,5.2856758e-05,1
G077,G070,5.283018e-05,1
G060,G065,5.225159e-05,1
G045,G015,5.208318e-05,1
G007,G060,5.2042265e-05,1
G003,G096,5.196991e-05,1
G021,G048,5.179835e-05,1
G047,G076,5.1728653e-05,1
G033,G055,5.172115e-05,1
G065,G038,5.161459e-05,1
G057,G083,5.1337516e-05,1
G041,G099,5.130289e-05,1
G077,G092,5.1301853e-05,1
G021,G093,5.113399e-05,1
G042,G038,5.0842627e-05,1
G009,G074,5.0807033e-05,1
G062,G066,5.0768944e-05,1
G045,G057,5.0385854e-05,1
G008,G005,5.0214163e-05,1
G044,G085,5.0207796e-05,1
G057,G076,5.017097e-05,1
G010,G013,5.0031416e-05,1
G038,G003,4.9908813e-05,1
G028,G038,4.971302e-05,1
G081,G073,4.97001e-05,1
G020,G012,4.9671446e-05,1
G042,G097,4.9671176e-05,1
G054,G019,4.9577106e-05,1
G021,G053,4.93723e-05,1
G063,G094,4.9369184e-05,1
G010,G028,4.9159335e-05,1
G044,G079,4.91027e-05,1
G067,G079,4.8692953e-05,1
G022,G063,4.868101e-05,1
G066,G038,4.86383e-05,1
G018,G072,4.8584083e-05,1
G068,G082,4.857925e-05,1
G039,G056,4.8454334e-05,1
G071,G061,4.8434384e-05,1
G067,G023,4.8157108e-05,1
G096,G049,4.803224e-05,1
G076,G029,4.7766465e-05,1
G075,G095,4.764889e-05,1
G043,G082,4.675559e-05,1
G023,G025,4.6577676e-05,1
G033,G036,4.6438647e-05,1
G032,G014,4.6379984e-05,1
G069,G076,4.6121142e-05,1
G054,G060,4.5982706e-05,1
G045,G087,4.590515e-05,1
G014,G073,4.5755336e-05,1
G050,G069,4.560119e-05,1
G042,G073,4.5544086e-05,1
G074,G049,4.5384797e-05,1
G048,G078,4.5373974e-05,1
G021,G015,4.5293196e-05,1
G084,G037,4.5274144e-05,1
G027,G010,4.523427e-05,1
G055,G072,4.5080422e-05,1
G003,G072,4.4951415e-05,1
G027,G014,4.4887256e-05,1
G015,G024,4.476568e-05,1
G056,G014,4.469405e-05,1
G088,G061,4.459931e-05,1
G085,G031,4.4530345e-05,1
G094,G001,4.4456887e-05,1
G010,G073,4.4453285e-05,1
G075,G072,4.4317763e-05,1
G077,G006,4.4115845e-05,1
G069,G062,4.3630327e-05,1
G017,G015,4.322761e-05,1
G005,G028,4.3185504e-05,1
G098,G040,4.316847e-05,1
G046,G004,4.2949916e-05,1
G049,G088,4.2893866e-05,1
G064,G036,4.276147e-05,1
G077,G091,4.270133e-05,1
G056,G022,4.254438e-05,1
G022,G010,4.2471467e-05,1
G096,G053,4.2369647e-05,1
G038,G006,4.20332e-05,1
G004,G041,4.1930998e-05,1
G041,G040,4.1751082e-05,1
G080,G032,4.1374366e-05,1
G038,G051,4.1352992e-05,1
G054,G052,4.1195945e-05,1
G019,G031,4.1194467e-05,1
G076,G087,4.1099047e-05,1
G070,G023,4.104999e-05,1
G008,G018,4.1049076e-05,1
G038,G010,4.1027044e-05,1
G098,G061,4.10096e-05,1
G027,G011,4.0747655e-05,1
G049,G027,4.0650662e-05,1
G016,G003,4.041657e-05,1
G036,G046,4.032402e-05,1
G085,G039,4.0322408e-05,1
G034,G053,3.944024e-05,1
G074,G038,3.9414655e-05,1
G094,G055,3.932548e-05,1
G083,G004,3.9210117e-05,1
G013,G090,3.916092e-05,1
G041,G057,3.894622e-05,1
G062,G012,3.8850987e-05,1
G081,G054,3.8572787e-05,1
G051,G064,3.8516486e-05,1
G010,G093,3.8471873e-05,1
G077,G028,3.835166e-05,1
G030,G082,3.826863e-05,1
G023,G043,3.8251947e-05,1
G093,G074,3.8127255e-05,1
G069,G077,3.803132e-05,1
G080,G073,3.7983584e-05,1
G076,G032,3.7963197e-05,1
G081,G012,3.790409e-05,1
G091,G073,3.7883234e-05,1
G054,G046,3.7016638e-05,1
G096,G089,3.6982394e-05,1
G068,G019,3.685121e-05,1
G094,G090,3.6533085e-05,1
G005,G054,3.6444548e-05,1
G024,G021,3.630814e-05,1
G100,G003,3.6183606e-05,1
G015,G005,3.6159396e-05,1
G017,G003,3.588e-05,1
G045,G027,3.5868423e-05,1
G021,G086,3.5700246e-05,1
G041,G083,3.5537374e-05,1
G072,G026,3.5431993e-05,1
G035,G002,3.5393634e-05,1
G082,G050,3.5182806e-05,1
G095,G039,3.482397e-05,1
G084,G076,3.4562854e-05,1
G038,G001,3.449545e-05,1
G057,G021,3.449148e-05,1
G050,G055,3.4439825e-05,1
G049,G046,3.441987e-05,1
G047,G098,3.437964e-05,1
G100,G002,3.4362176e-05,1
G097,G075,3.431299e-05,1
G035,G031,3.42787e-05,1
G096,G038,3.4230594e-05,1
G046,G088,3.4111825e-05,1
G039,G098,3.397489e-05,1
G064,G022,3.390871e-05,1
G078,G080,3.383838e-05,1
G075,G029,3.3709766e-05,1
G068,G098,3.3617176e-05,1
G003,G082,3.3605873e-05,1
G086,G094,3.3447934e-05,1
G038,G075,3.3389813e-05,1
G030,G058,3.2708547e-05,1
G094,G050,3.257331e-05,1
G046,G055,3.244732e-05,1
G006,G026,3.2443924e-05,1
G098,G001,3.238117e-05,1
G029,G032,3.2317857e-05,1
G071,G054,3.2196516e-05,1
G040,G081,3.201979e-05,1
G034,G008,3.1905074e-05,1
G003,G083,3.1807984e-05,1
G020,G052,3.170629e-05,1
G088,G052,3.1235202e-05,1
G021,G051,3.094029e-05,1
G074,G035,3.093183e-05,1
G090,G046,3.0869498e-05,1
G006,G038,3.0813088e-05,1
G015,G069,3.077449e-05,1
G009,G092,3.0646017e-05,1
G056,G094,3.063044e-05,1
G034,G094,3.0617663e-05,1
G035,G051,3.0449097e-05,1
G029,G017,3.0387278e-05,1
G078,G092,3.024704e-05,1
G028,G058,2.9609319e-05,1
G082,G075,2.9467712e-05,1
G021,G024,2.9412642e-05,1
G053,G048,2.9347084e-05,1
G057,G010,2.924058e-05,1
G042,G087,2.9187499e-05,1
G028,G043,2.9026736e-05,1
G012,G081,2.878594e-05,1
G087,G096,2.841694e-05,1
G015,G037,2.8396731e-05,1
G025,G068,2.8261236e-05,1
G022,G085,2.8124628e-05,1
G031,G059,2.803856e-05,1
G077,G044,2.7863112e-05,1
G085,G095,2.7670134e-05,1
G002,G057,2.7644204e-05,1
G082,G058,2.7606284e-05,1
G016,G080,2.7582633e-05,1
G012,G072,2.7382126e-05,1
G099,G083,2.714897e-05,1
G086,G081,2.7110318e-05,1
G043,G011,2.701659e-05,1
G052,G055,2.6941605e-05,1
G097,G066,2.693193e-05,1
G095,G059,2.6555685e-05,1
G050,G087,2.6484318e-05,1
G073,G027,2.5904144e-05,1
G050,G059,2.5892708e-05,1
G021,G035,2.5346895e-05,1
G004,G095,2.533099e-05,1
G008,G017,2.5204796e-05,1
G001,G033,2.5072626e-05,1
G059,G020,2.4981273e-05,1
G022,G086,2.4963234e-05,1
G020,G006,2.4920077e-05,1
G080,G034,2.4838726e-05,1
G058,G098,2.475599e-05,1
G093,G072,2.4751307e-05,1
G071,G057,2.4747722e-05,1
G083,G006,2.453408e-05,1
G001,G095,2.4381907e-05,1
G054,G057,2.4311283e-05,1
G098,G057,2.4240842e-05,1
G063,G064,2.4050718e-05,1
G095,G049,2.402693e-05,1
G099,G057,2.3990477e-05,1
G054,G076,2.385899e-05,1
G039,G097,2.3830851e-05,1
G076,G026,2.381988e-05,1
G080,G031,2.3804265e-05,1
G020,G019,2.3491239e-05,1
G006,G065,2.342588e-05,1
G025,G066,2.332119e-05,1
G043,G052,2.323947e-05,1
G097,G096,2.3226637e-05,1
G057,G024,2.3157607e-05,1
G070,G037,2.2903672e-05,1
G057,G029,2.2891121e-05,1
G093,G088,2.218326e-05,1
G060,G081,2.2120606e-05,1
G029,G053,2.2003367e-05,1
G019,G016,2.2003096e-05,1
G020,G100,2.1992133e-05,1
G046,G037,2.1877782e-05,1
G052,G049,2.1754127e-05,1
G002,G081,2.1729444e-05,1
G062,G089,2.165261e-05,1
G056,G004,2.1618385e-05,1
G014,G049,2.1612514e-05,1
G093,G025,2.1590091e-05,1
G051,G099,2.143318e-05,1
G068,G086,2.1419033e-05,1
G019,G051,2.1332127e-05,1
G050,G061,2.1146236e-05,1
G097,G095,2.0985597e-05,1
G085,G003,2.0639685e-05,1
G057,G035,2.0497233e-05,1
G030,G018,2.045242e-05,1
G026,G096,2.0297595e-05,1
G087,G081,2.0093634e-05,1
G037,G041,2.004684e-05,1
G044,G077,2.0003734e-05,1
G004,G062,1.990322e-05,1
G040,G054,1.9817233e-05,1
G084,G060,1.9623143e-05,1
G045,G042,1.9574203e-05,1
G079,G063,1.9327577e-05,1
G054,G021,1.9262778e-05,1
G063,G082,1.90869e-05,1
G004,G046,1.897566e-05,1
G073,G001,1.8934774e-05,1
G066,G044,1.8861723e-05,1
G085,G100,1.8225073e-05,1
G085,G066,1.8131846e-05,1
G013,G046,1.8024777e-05,1
G090,G067,1.7922377e-05,1
G064,G051,1.7398526e-05,1
G038,G090,1.7004471e-05,1
G012,G043,1.696959e-05,1
G056,G080,1.6815853e-05,1
G008,G082,1.6697884e-05,1
G084,G100,1.624036e-05,1
G087,G079,1.6217475e-05,1
G017,G084,1.6185397e-05,1
G010,G061,1.6146916e-05,1
G100,G021,1.5967807e-05,1
G035,G028,1.5961854e-05,1
G078,G026,1.5855741e-05,1
G038,G025,1.5640442e-05,1
G015,G072,1.5547834e-05,1
G072,G065,1.5364802e-05,1
G012,G026,1.5135349e-05,1
G078,G082,1.5115983e-05,1
G014,G001,1.50442365e-05,1
G045,G092,1.4814881e-05,1
G062,G085,1.4527526e-05,1
G021,G008,1.4223607e-05,1
G031,G091,1.3998496e-05,1
G028,G045,1.3909592e-05,1
G069,G096,1.3858743e-05,1
G099,G028,1.3806643e-05,1
G012,G089,1.3674254e-05,1
G076,G040,1.3611234e-05,1
G029,G065,1.34577085e-05,1
G016,G078,1.3425474e-05,1
G052,G083,1.3233074e-05,1
G039,G094,1.2974557e-05,1
G083,G064,1.2905885e-05,1
G005,G095,1.2897544e-05,1
G007,G035,1.28744305e-05,1
G067,G006,1.2477571e-05,1
G084,G078,1.2380744e-05,1
G040,G061,1.237157e-05,1
G063,G038,1.2352668e-05,1
G052,G010,1.2196337e-05,1
G083,G033,1.213307e-05,1
G015,G032,1.2068868e-05,1
G051,G039,1.1887993e-05,1
G050,G099,1.1811777e-05,1
G078,G090,1.1743897e-05,1
G071,G012,1.1556528e-05,1
G027,G051,1.1511983e-05,1
G019,G054,1.150036e-05,1
G039,G048,1.1461323e-05,1
G020,G053,1.1443095e-05,1
G065,G052,1.13236365e-05,1
G077,G072,1.1258476e-05,1
G067,G073,1.1064781e-05,1
G067,G019,1.1029272e-05,1
G081,G078,1.0902315e-05,1
G032,G055,1.0871983e-05,1
G011,G029,1.0771366e-05,1
G066,G068,1.07519745e-05,1
G069,G084,1.0744541e-05,1
G045,G011,1.0734886e-05,1
G014,G053,1.0584365e-05,1
G049,G071,1.0574047e-05,1
G064,G056,1.036679e-05,1
G021,G075,1.0286955e-05,1
G099,G053,1.0137946e-05,1
G050,G021,1.0104513e-05,1
G066,G019,9.9832705e-06,1
G005,G050,9.854965e-06,1
G021,G028,9.719387e-06,1
G062,G008,9.3722465e-06,1
G092,G041,9.256993e-06,1
G076,G009,9.214232e-06,1
G005,G089,9.080874e-06,1
G100,G046,9.038068e-06,1
G010,G063,8.885266e-06,1
G071,G087,8.8223e-06,1
G055,G037,8.740813e-06,1
G089,G029,8.699999e-06,1
G034,G086,8.68588e-06,1
G002,G025,8.517586e-06,1
G011,G039,8.280042e-06,1
G033,G011,7.990841e-06,1
G032,G033,7.9220745e-06,1
G051,G067,7.88545e-06,1
G039,G041,7.854503e-06,1
G062,G073,7.665416e-06,1
G093,G091,7.298763e-06,1
G100,G036,7.2172807e-06,1
G047,G079,7.069695e-06,1
G019,G044,7.0495203e-06,1
G063,G089,6.7382343e-06,1
G008,G097,6.7071346e-06,1
G083,G020,6.6666553e-06,1
G083,G016,6.653951e-06,1
G082,G022,6.630655e-06,1
G058,G034,6.623602e-06,1
G046,G099,6.515527e-06,1
G068,G056,6.4738742e-06,1
G013,G061,6.4720093e-06,1
G034,G065,6.3275324e-06,1
G056,G041,6.3145008e-06,1
G001,G018,5.6496992e-06,1
G048,G014,5.6275403e-06,1
G029,G079,5.4058946e-06,1
G076,G019,5.305983e-06,1
G012,G011,5.1500924e-06,1
G072,G039,4.8742704e-06,1
G024,G086,4.8653555e-06,1
G012,G093,4.8574407e-06,1
G046,G029,4.816516e-06,1
G059,G028,4.645951e-06,1
G006,G012,4.5911556e-06,1
G075,G094,4.4664453e-06,1
G079,G027,4.190432e-06,1
G095,G054,3.9642496e-06,1
G067,G070,2.920466e-06,1
G054,G071,2.8554446e-06,1
G017,G037,2.7733424e-06,1
G082,G019,2.7599417e-06,1
G019,G038,2.7300102e-06,1
G062,G017,2.5770587e-06,1
G020,G035,2.4706446e-06,1
G003,G016,2.4521066e-06,1
G014,G096,2.3431153e-06,1
G012,G073,2.255703e-06,1
G004,G087,2.2413085e-06,1
G015,G091,2.2253744e-06,1
G036,G044,1.9972913e-06,1
G012,G021,1.9255901e-06,1
G024,G092,1.866294e-06,1
G068,G048,1.8404288e-06,1
G081,G008,1.7594189e-06,1
G065,G085,1.6165369e-06,1
G057,G092,1.5354418e-06,1
G079,G057,1.5110598e-06,1
G037,G003,1.0676519e-06,1
G054,G087,9.139627e-07,1
G001,G021,7.629823e-07,1
G082,G017,5.9665444e-07,1
G096,G003,4.352021e-07,1
G072,G046,2.901855e-07,1
G066,G052,-1.3715194e-07,-1
G023,G052,-1.6807932e-07,-1
G056,G088,-4.6896113e-07,-1
G084,G048,-5.594935e-07,-1
G014,G021,-7.295255e-07,-1
G054,G100,-9.874263e-07,-1
G059,G017,-1.3712747e-06,-1
G009,G076,-1.4909888e-06,-1
G028,G089,-1.6037582e-06,-1
G049,G063,-1.7451563e-06,-1
G051,G091,-1.7935182e-06,-1
G099,G059,-1.8210384e-06,-1
G074,G001,-1.8417023e-06,-1
G093,G001,-1.8720692e-06,-1
G017,G088,-1.9232689e-06,-1
G066,G013,-1.985945e-06,-1
G009,G003,-2.52433e-06,-1
G078,G043,-2.5772356e-06,-1
G042,G022,-2.6877326e-06,-1
G096,G092,-2.7307312e-06,-1
G097,G005,-2.8164018e-06,-1
G093,G033,-2.9807325e-06,-1
G090,G072,-3.1204827e-06,-1
G074,G098,-3.2020066e-06,-1
G050,G054,-3.3265783e-06,-1
G008,G056,-3.4878701e-06,-1
G050,G043,-3.6469569e-06,-1
G086,G046,-3.7359357e-06,-1
G066,G048,-3.7854218e-06,-1
G074,G069,-3.8055432e-06,-1
G092,G099,-4.3069854e-06,-1
G094,G054,-4.349592e-06,-1
G058,G019,-4.3771315e-06,-1
G028,G061,-4.4749686e-06,-1
G072,G032,-4.6378614e-06,-1
G091,G093,-4.9317528e-06,-1
G001,G077,-4.9593546e-06,-1
G016,G073,-5.2327428e-06,-1
G021,G095,-5.3983435e-06,-1
G095,G017,-5.4321936e-06,-1
G011,G080,-5.6991466e-06,-1
G063,G001,-5.7206057e-06,-1
G026,G038,-5.8717355e-06,-1
G055,G006,-6.366168e-06,-1
G055,G041,-6.514259e-06,-1
G011,G040,-6.621903e-06,-1
G009,G091,-6.6235234e-06,-1
G025,G014,-6.819581e-06,-1
G052,G016,-6.82635e-06,-1
G067,G078,-6.8779573e-06,-1
G098,G028,-6.959061e-06,-1
G069,G052,-7.232708e-06,-1
G020,G027,-7.2744792e-06,-1
G022,G066,-7.3671063e-06,-1
G051,G008,-7.397246e-06,-1
G074,G080,-7.5781513e-06,-1
G096,G062,-7.623848e-06,-1
G049,G056,-7.778918e-06,-1
G050,G003,-7.8770345e-06,-1
G034,G013,-8.057659e-06,-1
G046,G092,-8.3417735e-06,-1
G081,G059,-8.347409e-06,-1
G021,G055,-8.595702e-06,-1
G045,G048,-9.077409e-06,-1
G030,G074,-9.164311e-06,-1
G081,G064,-9.2884775e-06,-1
G036,G086,-9.50121e-06,-1
G043,G056,-9.543544e-06,-1
G036,G074,-9.577631e-06,-1
G087,G052,-9.612675e-06,-1
G028,G093,-9.655977e-06,-1
G073,G032,-9.726746e-06,-1
G014,G081,-9.980527e-06,-1
G044,G070,-1.0110847e-05,-1
G086,G008,-1.0465854e-05,-1
G033,G048,-1.0475064e-05,-1
G011,G035,-1.0668027e-05,-1
G033,G082,-1.0866899e-05,-1
G068,G084,-1.0871871e-05,-1
G011,G013,-1.1470007e-05,-1
G042,G080,-1.1476492e-05,-1
G031,G051,-1.1486759e-05,-1
G068,G009,-1.1840129e-05,-1
G086,G083,-1.18709895e-05,-1
G048,G052,-1.1882255e-05,-1
G006,G028,-1.1899894e-05,-1
G080,G035,-1.1901402e-05,-1
G076,G095,-1.227207e-05,-1
G056,G013,-1.2280139e-05,-1
G034,G096,-1.2395066e-05,-1
G086,G062,-1.2416218e-05,-1
G045,G023,-1.2565952e-05,-1
G042,G096,-1.2664346e-05,-1
G030,G063,-1.2691782e-05,-1
G070,G087,-1.2803593e-05,-1
G076,G021,-1.2956457e-05,-1
G037,G081,-1.3135086e-05,-1
G100,G095,-1.3140236e-05,-1
G087,G016,-1.3155927e-05,-1
G076,G005,-1.3251692e-05,-1
G043,G098,-1.3316116e-05,-1
G014,G002,-1.33414405e-05,-1
G078,G071,-1.3406462e-05,-1
G034,G099,-1.34255215e-05,-1
G006,G078,-1.3596761e-05,-1
G067,G063,-1.3698953e-05,-1
G050,G082,-1.3733514e-05,-1
G073,G040,-1.3743128e-05,-1
G039,G047,-1.3778013e-05,-1
G062,G059,-1.3934985e-05,-1
G057,G059,-1.4000301e-05,-1
G045,G019,-1.40236725e-05,-1
G018,G089,-1.4204363e-05,-1
G054,G025,-1.4367245e-05,-1
G034,G088,-1.4413518e-05,-1
G036,G097,-1.4514441e-05,-1
G023,G003,-1.4934958e-05,-1
G049,G031,-1.495154e-05,-1
G057,G027,-1.515349e-05,-1
G004,G088,-1.5250494e-05,-1
G067,G016,-1.526528e-05,-1
G063,G039,-1.5388363e-05,-1
G011,G018,-1.5573869e-05,-1
G028,G069,-1.5816475e-05,-1
G089,G069,-1.5903053e-05,-1
G090,G096,-1.5927222e-05,-1
G029,G073,-1.6566062e-05,-1
G007,G085,-1.6730199e-05,-1
G092,G051,-1.6770142e-05,-1
G089,G097,-1.6984615e-05,-1
G082,G013,-1.7100341e-05,-1
G010,G048,-1.7155291e-05,-1
G045,G028,-1.7243263e-05,-1
G020,G046,-1.7262455e-05,-1
G032,G061,-1.7389193e-05,-1
G014,G022,-1.7456816e-05,-1
G025,G088,-1.7468206e-05,-1
G040,G041,-1.750469e-05,-1
G078,G100,-1.7761055e-05,-1
G068,G090,-1.8219896e-05,-1
G077,G035,-1.8227614e-05,-1
G019,G026,-1.823584e-05,-1
G015,G051,-1.8405122e-05,-1
G093,G007,-1.848188e-05,-1
G087,G010,-1.8647848e-05,-1
G044,G028,-1.8777962e-05,-1
G056,G021,-1.8823564e-05,-1
G089,G035,-1.8860537e-05,-1
G081,G045,-1.9622874e-05,-1
G023,G013,-1.9679403e-05,-1
G080,G008,-1.9819507e-05,-1
G064,G062,-1.9907291e-05,-1
G013,G003,-2.02654e-05,-1
G089,G093,-2.0287362e-05,-1
G045,G060,-2.0405652e-05,-1
G050,G025,-2.0644495e-05,-1
G025,G026,-2.0790747e-05,-1
G023,G049,-2.0865646e-05,-1
G036,G069,-2.0983336e-05,-1
G051,G058,-2.1817254e-05,-1
G080,G021,-2.1969097e-05,-1
G023,G032,-2.2550983e-05,-1
G029,G093,-2.2620912e-05,-1
G025,G016,-2.263133e-05,-1
G067,G087,-2.2632368e-05,-1
G016,G055,-2.2746517e-05,-1
G075,G035,-2.2810827e-05,-1
G082,G094,-2.3059587e-05,-1
G015,G041,-2.3104854e-05,-1
G015,G042,-2.3189492e-05,-1
G081,G087,-2.3253537e-05,-1
G041,G060,-2.3254024e-05,-1
G092,G086,-2.3760862e-05,-1
G059,G047,-2.3842504e-05,-1
G049,G021,-2.4025843e-05,-1
G037,G014,-2.4124462e-05,-1
G051,G047,-2.4154813e-05,-1
G092,G052,-2.4300005e-05,-1
G019,G075,-2.4524132e-05,-1
G092,G090,-2.4630526e-05,-1
G023,G041,-2.4655605e-05,-1
G007,G018,-2.4682491e-05,-1
G097,G048,-2.4722789e-05,-1
G085,G049,-2.4935725e-05,-1
G084,G055,-2.5479325e-05,-1
G064,G047,-2.552478e-05,-1
G066,G018,-2.5556808e-05,-1
G073,G012,-2.5593e-05,-1
G013,G089,-2.5600068e-05,-1
G072,G011,-2.5807904e-05,-1
G078,G066,-2.5810456e-05,-1
G024,G016,-2.599634e-05,-1
G031,G006,-2.6141097e-05,-1
G086,G027,-2.6173951e-05,-1
G033,G095,-2.630196e-05,-1
G031,G018,-2.6314967e-05,-1
G058,G044,-2.6490603e-05,-1
G064,G081,-2.6800812e-05,-1
G004,G009,-2.6987813e-05,-1
G067,G039,-2.7056542e-05,-1
G079,G018,-2.7065122e-05,-1
G025,G058,-2.7261194e-05,-1
G027,G100,-2.7522774e-05,-1
G014,G094,-2.7539136e-05,-1
G012,G031,-2.7589853e-05,-1
G036,G067,-2.7600801e-05,-1
G074,G079,-2.7678589e-05,-1
G038,G096,-2.7800927e-05,-1
G072,G087,-2.7858647e-05,-1
G040,G006,-2.7966398e-05,-1
G024,G013,-2.8081935e-05,-1
G079,G028,-2.830449e-05,-1
G071,G030,-2.8311037e-05,-1
G006,G020,-2.8398357e-05,-1
G093,G027,-2.8418859e-05,-1
G011,G015,-2.8438499e-05,-1
G009,G096,-2.8465927e-05,-1
G065,G097,-2.8570268e-05,-1
G094,G021,-2.8596987e-05,-1
G100,G038,-2.8672523e-05,-1
G034,G050,-2.9052171e-05,-1
G004,G092,-2.9234001e-05,-1
G075,G022,-2.9548632e-05,-1
G066,G032,-2.9596522e-05,-1
G083,G012,-2.9699435e-05,-1
G041,G051,-2.9761497e-05,-1
G024,G066,-2.9808549e-05,-1
G024,G044,-2.9817138e-05,-1
G083,G028,-3.005567e-05,-1
G025,G080,-3.0069472e-05,-1
G012,G088,-3.0171625e-05,-1
G020,G087,-3.0330719e-05,-1
G028,G032,-3.0333964e-05,-1
G036,G098,-3.0598858e-05,-1
G001,G074,-3.0618405e-05,-1
G045,G072,-3.0822128e-05,-1
G015,G085,-3.0861793e-05,-1
G069,G015,-3.0938358e-05,-1
G056,G026,-3.1106698e-05,-1
G069,G064,-3.1166062e-05,-1
G080,G023,-3.129589e-05,-1
G056,G034,-3.1379353e-05,-1
G068,G067,-3.1522664e-05,-1
G071,G015,-3.170492e-05,-1
G035,G097,-3.178041e-05,-1
G095,G052,-3.1804364e-05,-1
G066,G035,-3.1856573e-05,-1
G014,G026,-3.194184e-05,-1
G058,G021,-3.2148884e-05,-1
G019,G010,-3.2640513e-05,-1
G057,G026,-3.279945e-05,-1
G008,G080,-3.2807453e-05,-1
G047,G021,-3.3191172e-05,-1
G043,G035,-3.336187e-05,-1
G040,G068,-3.3385764e-05,-1
G059,G084,-3.338585e-05,-1
G023,G038,-3.3528268e-05,-1
G087,G007,-3.3684766e-05,-1
G035,G049,-3.3776938e-05,-1
G043,G022,-3.3866043e-05,-1
G049,G094,-3.390602e-05,-1
G065,G023,-3.4020493e-05,-1
G029,G082,-3.4085126e-05,-1
G047,G093,-3.4507553e-05,-1
G001,G094,-3.451678e-05,-1
G042,G024,-3.459574e-05,-1
G096,G054,-3.473233e-05,-1
G050,G089,-3.489379e-05,-1
G025,G043,-3.5056764e-05,-1
G032,G077,-3.5279016e-05,-1
G015,G079,-3.5367328e-05,-1
G058,G051,-3.5662473e-05,-1
G035,G094,-3.5693265e-05,-1
G083,G061,-3.5911682e-05,-1
G003,G051,-3.6023524e-05,-1
G047,G053,-3.6028116e-05,-1
G047,G043,-3.6074e-05,-1
G093,G064,-3.6144294e-05,-1
G061,G011,-3.6252877e-05,-1
G096,G073,-3.6320318e-05,-1
G079,G065,-3.632901e-05,-1
G040,G044,-3.656291e-05,-1
G092,G040,-3.6605237e-05,-1
G071,G033,-3.720216e-05,-1
G073,G031,-3.7613958e-05,-1
G081,G026,-3.795177e-05,-1
G050,G031,-3.797531e-05,-1
G087,G009,-3.8312013e-05,-1
G076,G059,-3.8321534e-05,-1
G062,G058,-3.8339454e-05,-1
G019,G041,-3.8505284e-05,-1
G014,G007,-3.8628266e-05,-1
G068,G069,-3.8766084e-05,-1
G099,G095,-3.9191502e-05,-1
G025,G077,-3.9548828e-05,-1
G089,G036,-3.9642877e-05,-1
G083,G095,-3.9719092e-05,-1
G003,G062,-3.98826e-05,-1
G035,G057,-3.991883e-05,-1
G086,G014,-3.9980023e-05,-1
G084,G031,-4.0120172e-05,-1
G077,G096,-4.0165018e-05,-1
G095,G097,-4.0236224e-05,-1
G052,G074,-4.0256095e-05,-1
G030,G033,-4.0257048e-05,-1
G023,G034,-4.0792464e-05,-1
G100,G060,-4.0865187e-05,-1
G073,G053,-4.0968236e-05,-1
G006,G074,-4.105013e-05,-1
G028,G064,-4.1139134e-05,-1
G083,G099,-4.118008e-05,-1
G080,G026,-4.1247124e-05,-1
G025,G032,-4.1291023e-05,-1
G078,G074,-4.1478987e-05,-1
G019,G088,-4.169688e-05,-1
G066,G005,-4.1836192e-05,-1
G040,G027,-4.1855183e-05,-1
G041,G093,-4.1858388e-05,-1
G068,G015,-4.1916264e-05,-1
G054,G051,-4.2016098e-05,-1
G054,G049,-4.2140575e-05,-1
G083,G047,-4.223974e-05,-1
G015,G096,-4.226991e-05,-1
G076,G023,-4.2349573e-05,-1
G089,G014,-4.2391577e-05,-1
G077,G017,-4.2482006e-05,-1
G032,G008,-4.256339e-05,-1
G038,G043,-4.270922e-05,-1
G069,G030,-4.2808908e-05,-1
G022,G036,-4.2823514e-05,-1
G073,G072,-4.302763e-05,-1
G082,G061,-4.3094777e-05,-1
G060,G063,-4.316981e-05,-1
G054,G085,-4.3296615e-05,-1
G019,G029,-4.3370692e-05,-1
G077,G038,-4.3432014e-05,-1
G059,G004,-4.353701e-05,-1
G022,G007,-4.3560944e-05,-1
G050,G068,-4.3596894e-05,-1
G100,G035,-4.3601343e-05,-1
G039,G016,-4.3780048e-05,-1
G038,G098,-4.37902e-05,-1
G052,G029,-4.3833243e-05,-1
G006,G031,-4.3982935e-05,-1
G020,G072,-4.4047123e-05,-1
G043,G008,-4.4212786e-05,-1
G010,G057,-4.4243945e-05,-1
G061,G030,-4.450037e-05,-1
G085,G079,-4.4613753e-05,-1
G050,G075,-4.470177e-05,-1
G078,G087,-4.4850523e-05,-1
G075,G089,-4.485254e-05,-1
G088,G094,-4.489384e-05,-1
G011,G032,-4.4950884e-05,-1
G091,G010,-4.4975204e-05,-1
G090,G026,-4.498988e-05,-1
G029,G047,-4.509879e-05,-1
G096,G078,-4.512016e-05,-1
G054,G007,-4.5184588e-05,-1
G034,G078,-4.534853e-05,-1
G066,G089,-4.5694025e-05,-1
G059,G077,-4.5730965e-05,-1
G001,G070,-4.592685e-05,-1
G041,G036,-4.6068344e-05,-1
G020,G096,-4.6079607e-05,-1
G070,G005,-4.6115583e-05,-1
G047,G099,-4.6419755e-05,-1
G076,G038,-4.642883e-05,-1
G070,G069,-4.6890244e-05,-1
G012,G032,-4.6931356e-05,-1
G085,G068,-4.728496e-05,-1
G017,G022,-4.7436093e-05,-1
G037,G015,-4.7587244e-05,-1
G098,G048,-4.7592446e-05,-1
G065,G069,-4.7711805e-05,-1
G085,G002,-4.780421e-05,-1
G011,G001,-4.8399994e-05,-1
G054,G065,-4.849626e-05,-1
G044,G026,-4.8550264e-05,-1
G030,G020,-4.8561244e-05,-1
G040,G008,-4.861262e-05,-1
G010,G049,-4.873035e-05,-1
G097,G057,-4.881674e-05,-1
G034,G026,-4.90617e-05,-1
G076,G054,-4.922564e-05,-1
G081,G056,-4.9238628e-05,-1
G059,G067,-4.9424365e-05,-1
G051,G040,-4.9579077e-05,-1
G096,G030,-4.9865303e-05,-1
G075,G098,-5.0269082e-05,-1
G011,G095,-5.0275372e-05,-1
G063,G018,-5.0355255e-05,-1
G042,G041,-5.0555023e-05,-1
G091,G075,-5.0651495e-05,-1
G013,G088,-5.074144e-05,-1
G008,G099,-5.0816343e-05,-1
G098,G079,-5.088911e-05,-1
G058,G093,-5.1036233e-05,-1
G070,G040,-5.1234365e-05,-1
G059,G088,-5.124229e-05,-1
G022,G087,-5.1404095e-05,-1
G024,G060,-5.143574e-05,-1
G009,G041,-5.1558167e-05,-1
G071,G064,-5.1697283e-05,-1
G042,G044,-5.1934465e-05,-1
G032,G043,-5.2054376e-05,-1
G028,G030,-5.2087245e-05,-1
G077,G094,-5.2528085e-05,-1
G046,G076,-5.2541163e-05,-1
G058,G027,-5.2562013e-05,-1
G090,G004,-5.2579082e-05,-1
G074,G099,-5.2745516e-05,-1
G018,G084,-5.2782445e-05,-1
G091,G016,-5.280264e-05,-1
G085,G054,-5.280643e-05,-1
G004,G077,-5.295961e-05,-1
G087,G054,-5.3220847e-05,-1
G053,G039,-5.3277756e-05,-1
G040,G080,-5.3369084e-05,-1
G041,G079,-5.3444786e-05,-1
G014,G003,-5.360066e-05,-1
G006,G067,-5.3601318e-05,-1
G029,G070,-5.3638792e-05,-1
G008,G057,-5.3746346e-05,-1
G083,G051,-5.3803808e-05,-1
G059,G054,-5.381925e-05,-1
G067,G031,-5.3870648e-05,-1
G034,G057,-5.3900265e-05,-1
G098,G084,-5.4282158e-05,-1
G048,G007,-5.4339365e-05,-1
G094,G064,-5.439648e-05,-1
G023,G027,-5.4406708e-05,-1
G031,G033,-5.4419812e-05,-1
G080,G048,-5.4531323e-05,-1
G070,G036,-5.459175e-05,-1
G083,G084,-5.4632455e-05,-1
G016,G008,-5.4859673e-05,-1
G029,G002,-5.4947846e-05,-1
G038,G045,-5.5009838e-05,-1
G052,G062,-5.5177512e-05,-1
G096,G091,-5.531864e-05,-1
G088,G045,-5.5362354e-05,-1
G041,G022,-5.5498313e-05,-1
G064,G032,-5.5735338e-05,-1
G056,G025,-5.573582e-05,-1
G059,G076,-5.5898137e-05,-1
G041,G061,-5.590194e-05,-1
G020,G066,-5.5950775e-05,-1
G044,G051,-5.610346e-05,-1
G062,G026,-5.6440098e-05,-1
G019,G045,-5.6543995e-05,-1
G096,G077,-5.655689e-05,-1
G037,G010,-5.672464e-05,-1
G004,G057,-5.7316996e-05,-1
G081,G077,-5.7393892e-05,-1
G083,G026,-5.741381e-05,-1
G083,G057,-5.7620477e-05,-1
G083,G054,-5.7764453e-05,-1
G017,G080,-5.7893052e-05,-1
G078,G008,-5.8034275e-05,-1
G035,G021,-5.8050053e-05,-1
G020,G009,-5.8239497e-05,-1
G002,G050,-5.8386402e-05,-1
G081,G046,-5.844203e-05,-1
G027,G095,-5.8504633e-05,-1
G045,G051,-5.85281e-05,-1
G069,G028,-5.86405e-05,-1
G051,G061,-5.8848276e-05,-1
G048,G067,-5.9256945e-05,-1
G049,G057,-5.9321206e-05,-1
G083,G023,-5.967995e-05,-1
G070,G063,-5.9683705e-05,-1
G080,G062,-5.9697686e-05,-1
G038,G004,-6.0220336e-05,-1
G095,G062,-6.0252685e-05,-1
G099,G032,-6.048169e-05,-1
G002,G016,-6.0728766e-05,-1
G096,G081,-6.0777285e-05,-1
G005,G081,-6.098491e-05,-1
G087,G004,-6.100656e-05,-1
G011,G057,-6.1027105e-05,-1
G087,G091,-6.1103696e-05,-1
G057,G020,-6.1192106e-05,-1
G054,G020,-6.142843e-05,-1
G059,G006,-6.173525e-05,-1
G012,G052,-6.2094405e-05,-1
G051,G050,-6.268319e-05,-1
G055,G005,-6.2855725e-05,-1
G052,G008,-6.286721e-05,-1
G096,G070,-6.298615e-05,-1
G053,G027,-6.301768e-05,-1
G095,G002,-6.359194e-05,-1
G037,G082,-6.365575e-05,-1
G037,G069,-6.369372e-05,-1
G023,G072,-6.39019e-05,-1
G069,G091,-6.400509e-05,-1
G092,G084,-6.4058724e-05,-1
G050,G027,-6.406793e-05,-1
G087,G072,-6.4089465e-05,-1
G054,G004,-6.411172e-05,-1
G062,G003,-6.423446e-05,-1
G087,G088,-6.43752e-05,-1
G029,G061,-6.482378e-05,-1
G017,G059,-6.487051e-05,-1
G017,G091,-6.497376e-05,-1
G069,G073,-6.501498e-05,-1
G051,G074,-6.519969e-05,-1
G083,G087,-6.52419e-05,-1
G066,G090,-6.5395536e-05,-1
G037,G096,-6.559687e-05,-1
G049,G059,-6.594707e-05,-1
G093,G081,-6.600076e-05,-1
G029,G001,-6.639217e-05,-1
G040,G047,-6.641312e-05,-1
G038,G087,-6.6594206e-05,-1
G021,G072,-6.670088e-05,-1
G031,G085,-6.6711975e-05,-1
G049,G095,-6.699989e-05,-1
G033,G061,-6.703389e-05,-1
G021,G054,-6.709358e-05,-1
G019,G043,-6.70976e-05,-1
G064,G031,-6.720865e-05,-1
G012,G075,-6.734658e-05,-1
G092,G056,-6.744232e-05,-1
G010,G074,-6.744748e-05,-1
G093,G005,-6.760476e-05,-1
G046,G045,-6.770883e-05,-1
G052,G060,-6.772694e-05,-1
G075,G014,-6.7941626e-05,-1
G074,G097,-6.799651e-05,-1
G076,G031,-6.804249e-05,-1
G032,G005,-6.812125e-05,-1
G019,G018,-6.812188e-05,-1
G084,G074,-6.8373956e-05,-1
G037,G040,-6.841234e-05,-1
G025,G090,-6.844268e-05,-1
G058,G014,-6.844728e-05,-1
G006,G004,-6.862324e-05,-1
G051,G093,-6.8809764e-05,-1
G076,G066,-6.88763e-05,-1
G012,G016,-6.892137e-05,-1
G022,G070,-6.9008056e-05,-1
G062,G021,-6.902883e-05,-1
G085,G008,-6.9141126e-05,-1
G069,G074,-6.928539e-05,-1
G084,G008,-6.93064e-05,-1
G051,G021,-6.940934e-05,-1
G033,G068,-6.962752e-05,-1
G010,G058,-6.965267e-05,-1
G076,G049,-6.965511e-05,-1
G088,G008,-6.9753354e-05,-1
G027,G058,-6.985929e-05,-1
G091,G095,-6.987268e-05,-1
G084,G033,-7.006079e-05,-1
G069,G026,-7.010766e-05,-1
G014,G032,-7.0147595e-05,-1
G056,G001,-7.021567e-05,-1
G029,G099,-7.0299626e-05,-1
G054,G035,-7.0352544e-05,-1
G056,G061,-7.039065e-05,-1
G050,G053,-7.0541806e-05,-1
G082,G092,-7.056258e-05,-1
G077,G068,-7.072082e-05,-1
G093,G078,-7.076596e-05,-1
G078,G099,-7.089355e-05,-1
G015,G050,-7.127741e-05,-1
G019,G095,-7.128755e-05,-1
G040,G009,-7.1289614e-05,-1
G077,G086,-7.13246e-05,-1
G006,G063,-7.140566e-05,-1
G079,G025,-7.158611e-05,-1
G007,G052,-7.158872e-05,-1
G010,G047,-7.1688126e-05,-1
G047,G048,-7.1762624e-05,-1
G054,G055,-7.1850125e-05,-1
G027,G087,-7.191642e-05,-1
G038,G094,-7.204926e-05,-1
G099,G027,-7.2316325e-05,-1
G019,G022,-7.236917e-05,-1
G023,G014,-7.2626164e-05,-1
G020,G062,-7.268417e-05,-1
G071,G039,-7.268953e-05,-1
G093,G006,-7.279653e-05,-1
G093,G051,-7.295361e-05,-1
G018,G081,-7.303363e-05,-1
G099,G064,-7.3123614e-05,-1
G073,G054,-7.319867e-05,-1
G049,G064,-7.3233416e-05,-1
G099,G005,-7.332322e-05,-1
G098,G099,-7.3368e-05,-1
G038,G029,-7.33797e-05,-1
G060,G017,-7.343948e-05,-1
G032,G045,-7.3453404e-05,-1
G070,G035,-7.360672e-05,-1
G094,G039,-7.364436e-05,-1
G035,G026,-7.3816256e-05,-1
G047,G012,-7.3898664e-05,-1
G063,G002,-7.442659e-05,-1
G056,G090,-7.448617e-05,-1
G079,G019,-7.457614e-05,-1
G073,G061,-7.461271e-05,-1
G080,G084,-7.478055e-05,-1
G055,G064,-7.480699e-05,-1
G042,G053,-7.495596e-05,-1
G028,G003,-7.497207e-05,-1
G094,G006,-7.523323e-05,-1
G048,G026,-7.535706e-05,-1
G058,G039,-7.565526e-05,-1
G058,G071,-7.566084e-05,-1
G020,G086,-7.576443e-05,-1
G020,G064,-7.598282e-05,-1
G063,G080,-7.604065e-05,-1
G030,G081,-7.606671e-05,-1
G029,G094,-7.6620076e-05,-1
G039,G059,-7.670042e-05,-1
G082,G024,-7.68956e-05,-1
G081,G030,-7.7212826e-05,-1
G077,G040,-7.785451e-05,-1
G062,G056,-7.7895675e-05,-1
G085,G013,-7.814739e-05,-1
G012,G060,-7.856452e-05,-1
G029,G003,-7.866082e-05,-1
G010,G040,-7.881581e-05,-1
G002,G058,-7.914186e-05,-1
G065,G017,-7.924692e-05,-1
G075,G085,-7.935529e-05,-1
G062,G035,-7.948711e-05,-1
G098,G026,-7.963073e-05,-1
G021,G071,-7.991041e-05,-1
G051,G087,-7.9949066e-05,-1
G065,G044,-8.006321e-05,-1
G042,G064,-8.007475e-05,-1
G055,G054,-8.0084195e-05,-1
G087,G047,-8.031516e-05,-1
G070,G061,-8.044039e-05,-1
G085,G099,-8.0518956e-05,-1
G081,G091,-8.054255e-05,-1
G002,G045,-8.057918e-05,-1
G090,G017,-8.0615464e-05,-1
G022,G073,-8.0661746e-05,-1
G048,G017,-8.076982e-05,-1
G066,G077,-8.091019e-05,-1
G047,G071,-8.0948674e-05,-1
G082,G074,-8.0953134e-05,-1
G035,G054,-8.125542e-05,-1
G011,G048,-8.126731e-05,-1
G042,G061,-8.138478e-05,-1
G088,G035,-8.146988e-05,-1
G050,G076,-8.1487015e-05,-1
G045,G047,-8.2041515e-05,-1
G062,G028,-8.237374e-05,-1
G010,G014,-8.2476305e-05,-1
G084,G095,-8.2634884e-05,-1
G100,G080,-8.299731e-05,-1
G056,G063,-8.310776e-05,-1
G045,G088,-8.3321655e-05,-1
G028,G008,-8.334502e-05,-1
G062,G032,-8.350451e-05,-1
G013,G069,-8.3836334e-05,-1
G057,G091,-8.396633e-05,-1
G098,G007,-8.400626e-05,-1
G095,G060,-8.410444e-05,-1
G036,G051,-8.411502e-05,-1
G021,G061,-8.423513e-05,-1
G081,G040,-8.44166e-05,-1
G038,G081,-8.449916e-05,-1
G100,G084,-8.4539e-05,-1
G020,G017,-8.4789855e-05,-1
G049,G002,-8.498476e-05,-1
G036,G022,-8.50022e-05,-1
G091,G030,-8.504053e-05,-1
G056,G032,-8.504932e-05,-1
G080,G051,-8.5123604e-05,-1
G055,G004,-8.517404e-05,-1
G011,G014,-8.520431e-05,-1
G015,G071,-8.555923e-05,-1
G036,G063,-8.570008e-05,-1
G058,G003,-8.574095e-05,-1
G100,G061,-8.577649e-05,-1
G039,G044,-8.5818596e-05,-1
G054,G043,-8.585525e-05,-1
G040,G062,-8.586861e-05,-1
G059,G023,-8.6121305e-05,-1
G060,G037,-8.616735e-05,-1
G086,G084,-8.617564e-05,-1
G085,G050,-8.629955e-05,-1
G034,G097,-8.6310065e-05,-1
G021,G025,-8.642279e-05,-1
G022,G023,-8.644074e-05,-1
G079,G037,-8.645153e-05,-1
G010,G034,-8.6467146e-05,-1
G044,G064,-8.656695e-05,-1
G007,G071,-8.658377e-05,-1
G098,G082,-8.684726e-05,-1
G067,G030,-8.704815e-05,-1
G082,G096,-8.7091845e-05,-1
G057,G001,-8.7398075e-05,-1
G054,G082,-8.7507724e-05,-1
G096,G018,-8.767908e-05,-1
G096,G024,-8.781044e-05,-1
G065,G086,-8.7811204e-05,-1
G045,G008,-8.80598e-05,-1
G002,G042,-8.8109206e-05,-1
G055,G061,-8.811347e-05,-1
G051,G011,-8.8237335e-05,-1
G071,G080,-8.825205e-05,-1
G078,G096,-8.8257904e-05,-1
G054,G064,-8.82929e-05,-1
G044,G018,-8.862945e-05,-1
G049,G070,-8.871536e-05,-1
G062,G039,-8.8737754e-05,-1
G072,G094,-8.9045774e-05,-1
G073,G016,-8.905109e-05,-1
G041,G084,-8.911297e-05,-1
G059,G032,-8.9125504e-05,-1
G062,G034,-8.923026e-05,-1
G011,G004,-8.926297e-05,-1
G060,G039,-8.937314e-05,-1
G004,G059,-8.9415786e-05,-1
G091,G014,-8.981451e-05,-1
G028,G065,-8.987999e-05,-1
G076,G068,-8.991234e-05,-1
G073,G098,-9.003161e-05,-1
G097,G041,-9.018134e-05,-1
G008,G032,-9.0303634e-05,-1
G011,G054,-9.0331356e-05,-1
G036,G089,-9.044371e-05,-1
G010,G039,-9.0555026e-05,-1
G076,G072,-9.0868176e-05,-1
G070,G085,-9.1258444e-05,-1
G078,G041,-9.155302e-05,-1
G066,G081,-9.16005e-05,-1
G014,G072,-9.16305e-05,-1
G063,G098,-9.1681904e-05,-1
G010,G084,-9.1714435e-05,-1
G091,G090,-9.1743015e-05,-1
G057,G038,-9.195233e-05,-1
G016,G011,-9.1966795e-05,-1
G021,G005,-9.200771e-05,-1
G042,G021,-9.200785e-05,-1
G018,G023,-9.215411e-05,-1
G017,G085,-9.2214104e-05,-1
G039,G029,-9.23252e-05,-1
G052,G037,-9.249575e-05,-1
G081,G082,-9.2550144e-05,-1
G056,G051,-9.2614995e-05,-1
G013,G081,-9.29424e-05,-1
G066,G093,-9.2964816e-05,-1
G091,G004,-9.325948e-05,-1
G085,G027,-9.358736e-05,-1
G028,G076,-9.385713e-05,-1
G079,G052,-9.392592e-05,-1
G039,G090,-9.396941e-05,-1
G074,G030,-9.417932e-05,-1
G037,G075,-9.420721e-05,-1
G093,G098,-9.441194e-05,-1
G025,G001,-9.462712e-05,-1
G019,G039,-9.465629e-05,-1
G047,G014,-9.4676536e-05,-1
G010,G023,-9.47514e-05,-1
G071,G098,-9.519444e-05,-1
G062,G038,-9.536144e-05,-1
G022,G043,-9.552328e-05,-1
G093,G014,-9.553803e-05,-1
G066,G082,-9.5589145e-05,-1
G049,G062,-9.5915755e-05,-1
G048,G071,-9.612797e-05,-1
G042,G013,-9.6418946e-05,-1
G079,G014,-9.684111e-05,-1
G052,G007,-9.688767e-05,-1
G082,G063,-9.690724e-05,-1
G013,G049,-9.692832e-05,-1
G009,G033,-9.6958654e-05,-1
G084,G003,-9.699297e-05,-1
G093,G034,-9.7156975e-05,-1
G093,G018,-9.732219e-05,-1
G096,G084,-9.7389595e-05,-1
G054,G077,-9.744191e-05,-1
G012,G087,-9.7671604e-05,-1
G073,G066,-9.780464e-05,-1
G024,G067,-9.788573e-05,-1
G042,G075,-9.797445e-05,-1
G035,G063,-9.800601e-05,-1
G023,G024,-9.8150536e-05,-1
G012,G014,-9.839182e-05,-1
G096,G099,-9.855445e-05,-1
G003,G023,-9.86324e-05,-1
G038,G086,-9.866409e-05,-1
G045,G033,-9.885429e-05,-1
G084,G042,-9.8881304e-05,-1
G095,G014,-9.906516e-05,-1
G088,G015,-9.908405e-05,-1
G089,G077,-9.939106e-05,-1
G063,G050,-9.941378e-05,-1
G058,G089,-9.9568846e-05,-1
G064,G054,-9.964069e-05,-1
G044,G082,-9.984324e-05,-1
G083,G079,-9.997992e-05,-1
G060,G045,-0.000100247205,-1
G050,G019,-0.00010045217,-1
G075,G044,-0.00010048864,-1
G085,G045,-0.00010113126,-1
G084,G086,-0.000101384925,-1
G055,G042,-0.0001015706,-1
G016,G026,-0.00010161226,-1
G029,G068,-0.00010183087,-1
G072,G012,-0.00010200993,-1
G075,G099,-0.00010201762,-1
G083,G042,-0.000102154496,-1
G070,G050,-0.00010220368,-1
G060,G075,-0.00010234618,-1
G021,G031,-0.00010241599,-1
G056,G043,-0.00010268329,-1
G048,G012,-0.00010273332,-1
G069,G004,-0.00010275637,-1
G098,G002,-0.0001028981,-1
G056,G095,-0.00010298446,-1
G037,G061,-0.00010310503,-1
G040,G050,-0.000103249775,-1
G032,G070,-0.0001033936,-1
G035,G046,-0.0001035271,-1
G032,G039,-0.000103701655,-1
G068,G032,-0.0001037984,-1
G011,G100,-0.00010383298,-1
G081,G013,-0.00010387209,-1
G074,G036,-0.0001039321,-1
G048,G035,-0.000104046834,-1
G065,G012,-0.000104241175,-1
G096,G014,-0.000104355706,-1
G013,G037,-0.0001044735,-1
G073,G026,-0.000104737286,-1
G080,G041,-0.00010492781,-1
G069,G061,-0.0001049979,-1
G035,G038,-0.00010503901,-1
G081,G041,-0.000105243314,-1
G038,G080,-0.00010528528,-1
G017,G052,-0.00010554934,-1
G006,G092,-0.000105593004,-1
G067,G068,-0.0001057904,-1
G065,G048,-0.00010599727,-1
G099,G047,-0.00010606719,-1
G023,G011,-0.00010611085,-1
G011,G074,-0.00010611326,-1
G054,G066,-0.00010639211,-1
G094,G071,-0.00010641608,-1
G067,G048,-0.00010650899,-1
G058,G061,-0.00010695551,-1
G041,G100,-0.00010714798,-1
G084,G093,-0.00010718648,-1
G052,G099,-0.00010728131,-1
G046,G005,-0.00010748399,-1
G069,G034,-0.00010757633,-1
G081,G011,-0.00010764232,-1
G014,G069,-0.00010798071,-1
G027,G085,-0.00010803641,-1
G080,G071,-0.00010804471,-1
G072,G066,-0.000108056294,-1
G048,G037,-0.0001080763,-1
G094,G026,-0.00010835031,-1
G035,G015,-0.00010835092,-1
G087,G044,-0.0001083512,-1
G008,G049,-0.00010871597,-1
G046,G069,-0.0001089602,-1
G090,G037,-0.00010914667,-1
G034,G032,-0.00010917716,-1
G054,G078,-0.00010921007,-1
G043,G068,-0.00010931754,-1
G098,G093,-0.00010980319,-1
G016,G002,-0.00010981979,-1
G070,G032,-0.00011031769,-1
G096,G076,-0.00011042912,-1
G042,G090,-0.00011061553,-1
G033,G039,-0.00011067146,-1
G056,G089,-0.00011095593,-1
G096,G027,-0.000111175694,-1
G075,G079,-0.00011135864,-1
G073,G095,-0.00011137948,-1
G004,G058,-0.000111481735,-1
G061,G087,-0.000111573834,-1
G054,G079,-0.00011160357,-1
G084,G080,-0.00011176431,-1
G067,G012,-0.000111799534,-1
G010,G025,-0.00011207061,-1
G022,G067,-0.000112115944,-1
G004,G075,-0.00011215663,-1
G033,G075,-0.0001124046,-1
G086,G077,-0.00011240463,-1
G030,G095,-0.000112778835,-1
G099,G021,-0.0001128737,-1
G018,G032,-0.00011290191,-1
G087,G099,-0.00011306159,-1
G088,G058,-0.0001130662,-1
G067,G098,-0.00011340303,-1
G040,G094,-0.00011366881,-1
G050,G060,-0.000113893104,-1
G038,G028,-0.00011442351,-1
G029,G009,-0.00011448743,-1
G089,G045,-0.00011464474,-1
G066,G040,-0.00011489789,-1
G095,G004,-0.00011528387,-1
G030,G034,-0.000115488576,-1
G045,G095,-0.00011552765,-1
G072,G069,-0.00011577485,-1
G090,G005,-0.00011583096,-1
G074,G018,-0.000116033385,-1
G076,G030,-0.000116039286,-1
G050,G094,-0.00011609533,-1
G053,G036,-0.000116166426,-1
G027,G099,-0.000116344636,-1
G029,G064,-0.00011664916,-1
G081,G098,-0.000116894924,-1
G089,G088,-0.0001172209,-1
G091,G022,-0.00011747708,-1
G008,G048,-0.000117628,-1
G041,G029,-0.000117873635,-1
G089,G054,-0.000118052674,-1
G080,G087,-0.00011823642,-1
G042,G091,-0.000118531025,-1
G077,G008,-0.000118597265,-1
G004,G018,-0.00011877277,-1
G085,G041,-0.00011893068,-1
G010,G075,-0.00011904321,-1
G100,G005,-0.000119153,-1
G094,G059,-0.00011919886,-1
G065,G059,-0.00011977575,-1
G065,G083,-0.0001198166,-1
G021,G010,-0.00011991912,-1
G045,G059,-0.00012006895,-1
G071,G049,-0.00012035197,-1
G031,G005,-0.00012048366,-1
G041,G072,-0.00012052318,-1
G048,G090,-0.00012063704,-1
G091,G080,-0.000120715566,-1
G047,G023,-0.000120874574,-1
G006,G066,-0.00012110137,-1
G056,G052,-0.00012118377,-1
G048,G098,-0.00012141521,-1
G071,G004,-0.00012148396,-1
G068,G024,-0.00012150456,-1
G052,G091,-0.00012156693,-1
G013,G079,-0.00012158493,-1
G085,G036,-0.00012174602,-1
G009,G056,-0.00012188193,-1
G089,G044,-0.00012216592,-1
G018,G012,-0.00012222456,-1
G094,G033,-0.00012262684,-1
G046,G016,-0.00012265917,-1
G085,G016,-0.00012266074,-1
G048,G051,-0.00012304645,-1
G082,G020,-0.00012313185,-1
G043,G028,-0.00012331092,-1
G099,G042,-0.00012335666,-1
G073,G043,-0.00012354276,-1
G078,G075,-0.0001238808,-1
G049,G028,-0.00012424702,-1
G005,G073,-0.0001242688,-1
G002,G094,-0.00012430677,-1
G099,G068,-0.00012470962,-1
G015,G019,-0.00012472455,-1
G028,G079,-0.00012490174,-1
G006,G055,-0.000125148,-1
G059,G051,-0.00012553748,-1
G045,G003,-0.00012557555,-1
G025,G005,-0.00012562046,-1
G030,G047,-0.00012566328,-1
G029,G041,-0.00012609674,-1
G097,G026,-0.00012623874,-1
G097,G086,-0.00012725093,-1
G067,G042,-0.00012735532,-1
G094,G013,-0.00012736653,-1
G032,G087,-0.0001274996,-1
G054,G074,-0.00012766737,-1
G017,G041,-0.00012776328,-1
G097,G033,-0.00012780784,-1
G081,G089,-0.00012853148,-1
G052,G058,-0.0001285348,-1
G084,G035,-0.0001288341,-1
G021,G017,-0.00012891818,-1
G049,G019,-0.00012907102,-1
G093,G008,-0.00012926833,-1
G039,G049,-0.0001293636,-1
G055,G009,-0.00012943795,-1
G068,G031,-0.00012969608,-1
G076,G089,-0.00012978958,-1
G086,G021,-0.00012981515,-1
G085,G087,-0.00012986554,-1
G068,G006,-0.00012990019,-1
G030,G093,-0.00012994926,-1
G020,G092,-0.00013065021,-1
G015,G058,-0.00013079465,-1
G069,G072,-0.00013120669,-1
G074,G089,-0.000131222,-1
G079,G034,-0.00013135985,-1
G016,G007,-0.00013137286,-1
G056,G038,-0.0001314875,-1
G002,G082,-0.00013171221,-1
G067,G084,-0.00013214257,-1
G079,G040,-0.00013231256,-1
G094,G079,-0.0001323304,-1
G018,G026,-0.00013283663,-1
G062,G098,-0.0001331386,-1
G077,G061,-0.0001333871,-1
G084,G073,-0.00013359307,-1
G018,G007,-0.00013361925,-1
G018,G100,-0.00013375327,-1
G034,G072,-0.00013386084,-1
G052,G036,-0.00013405015,-1
G027,G097,-0.00013408125,-1
G070,G053,-0.00013413308,-1
G068,G017,-0.00013427089,-1
G079,G043,-0.0001344325,-1
G061,G028,-0.00013444206,-1
G006,G075,-0.00013445638,-1
G046,G084,-0.00013488776,-1
G098,G094,-0.00013503265,-1
G074,G013,-0.00013509628,-1
G089,G018,-0.00013518741,-1
G020,G076,-0.00013525867,-1
G037,G034,-0.00013556308,-1
G004,G006,-0.0001357906,-1
G093,G016,-0.00013579594,-1
G076,G039,-0.00013626632,-1
G035,G073,-0.00013630166,-1
G060,G073,-0.00013638637,-1
G044,G003,-0.00013641377,-1
G048,G033,-0.000136456,-1
G008,G094,-0.00013662878,-1
G043,G097,-0.00013671094,-1
G001,G081,-0.000137201,-1
G054,G037,-0.00013729186,-1
G060,G049,-0.00013740498,-1
G080,G054,-0.00013746471,-1
G045,G083,-0.00013761075,-1
G076,G014,-0.00013771649,-1
G002,G007,-0.00013780087,-1
G014,G065,-0.00013794858,-1
G066,G072,-0.00013815981,-1
G037,G056,-0.00013819133,-1
G089,G033,-0.00013836169,-1
G099,G031,-0.00013849825,-1
G002,G052,-0.00013850002,-1
G070,G077,-0.00013859359,-1
G057,G094,-0.00013879193,-1
G038,G026,-0.0001393128,-1
G004,G055,-0.00013966428,-1
G020,G061,-0.00013967996,-1
G051,G060,-0.00013971474,-1
G063,G076,-0.00013994795,-1
G004,G083,-0.0001400022,-1
G001,G055,-0.0001400394,-1
G023,G060,-0.00014009212,-1
G030,G085,-0.00014019007,-1
G008,G055,-0.00014086076,-1
G063,G047,-0.00014089736,-1
G083,G053,-0.00014099888,-1
G067,G056,-0.00014106183,-1
G019,G017,-0.00014113837,-1
G051,G035,-0.00014117993,-1
G066,G061,-0.00014131525,-1
G064,G006,-0.00014159239,-1
G037,G093,-0.00014180374,-1
G013,G010,-0.00014188739,-1
G010,G100,-0.00014196191,-1
G037,G039,-0.00014218019,-1
G004,G035,-0.00014258688,-1
G051,G071,-0.00014270538,-1
G017,G014,-0.00014287782,-1
G002,G044,-0.00014305193,-1
G056,G035,-0.00014333871,-1
G093,G031,-0.00014336903,-1
G099,G096,-0.00014337334,-1
G065,G099,-0.00014342688,-1
G086,G025,-0.0001435512,-1
G095,G016,-0.00014366859,-1
G064,G045,-0.00014398906,-1
G012,G020,-0.00014416936,-1
G085,G052,-0.00014417121,-1
G003,G047,-0.00014444209,-1
G070,G060,-0.0001446825,-1
G090,G061,-0.00014490416,-1
G007,G089,-0.00014512306,-1
G072,G033,-0.00014547713,-1
G043,G073,-0.00014555013,-1
G003,G081,-0.00014569449,-1
G083,G037,-0.00014607306,-1
G070,G009,-0.0001462325,-1
G041,G086,-0.00014649765,-1
G001,G024,-0.00014661637,-1
G019,G046,-0.00014662657,-1
G054,G089,-0.00014688805,-1
G056,G096,-0.00014749626,-1
G061,G064,-0.00014756626,-1
G043,G054,-0.0001477134,-1
G091,G018,-0.0001479087,-1
G018,G099,-0.00014796024,-1
G011,G009,-0.00014803636,-1
G030,G056,-0.00014812186,-1
G018,G056,-0.00014815068,-1
G062,G088,-0.00014829294,-1
G006,G082,-0.00014831516,-1
G098,G037,-0.00014847038,-1
G040,G053,-0.00014862008,-1
G010,G041,-0.00014876982,-1
G084,G066,-0.00014896285,-1
G068,G022,-0.00014920367,-1
G029,G028,-0.0001492405,-1
G031,G044,-0.00014973858,-1
G070,G015,-0.00014995274,-1
G100,G020,-0.00014999874,-1
G006,G084,-0.00015001203,-1
G008,G084,-0.00015002993,-1
G009,G004,-0.00015009363,-1
G009,G053,-0.00015018345,-1
G051,G007,-0.00015023854,-1
G041,G066,-0.00015034789,-1
G034,G049,-0.00015053833,-1
G050,G037,-0.00015059698,-1
G074,G033,-0.00015060976,-1
G004,G040,-0.00015111524,-1
G038,G022,-0.00015113334,-1
G077,G029,-0.00015140008,-1
G049,G020,-0.00015153196,-1
G007,G003,-0.0001516776,-1
G030,G092,-0.0001521352,-1
G069,G055,-0.00015257321,-1
G017,G030,-0.00015270039,-1
G073,G034,-0.00015285757,-1
G099,G012,-0.00015287682,-1
G020,G023,-0.00015288604,-1
G077,G093,-0.00015320192,-1
G080,G079,-0.000153516,-1
G067,G082,-0.00015372789,-1
G026,G077,-0.000153956,-1
G096,G004,-0.0001540485,-1
G091,G051,-0.00015471912,-1
G059,G036,-0.00015516607,-1
G094,G041,-0.00015525245,-1
G087,G032,-0.00015526146,-1
G040,G083,-0.00015540565,-1
G052,G096,-0.00015556438,-1
G034,G001,-0.00015559224,-1
G045,G018,-0.00015563624,-1
G066,G091,-0.00015596795,-1
G066,G047,-0.00015617206,-1
G076,G037,-0.00015618603,-1
G093,G003,-0.00015634889,-1
G058,G077,-0.00015643191,-1
G072,G051,-0.00015653309,-1
G020,G037,-0.00015654982,-1
G048,G055,-0.00015657833,-1
G070,G093,-0.00015671217,-1
G044,G060,-0.00015672426,-1
G039,G018,-0.00015674786,-1
G018,G065,-0.00015744404,-1
G054,G093,-0.00015753554,-1
G014,G041,-0.00015763106,-1
G034,G061,-0.00015787862,-1
G089,G046,-0.00015788872,-1
G089,G066,-0.00015794874,-1
G010,G072,-0.00015803872,-1
G010,G035,-0.00015849169,-1
G056,G031,-0.0001587694,-1
G073,G071,-0.0001588332,-1
G091,G087,-0.0001590624,-1
G069,G099,-0.00015999965,-1
G098,G016,-0.00016000835,-1
G066,G011,-0.00016023213,-1
G030,G015,-0.00016028913,-1
G038,G050,-0.00016028936,-1
G042,G039,-0.0001604091,-1
G012,G030,-0.00016050028,-1
G029,G034,-0.00016050428,-1
G064,G038,-0.00016061444,-1
G041,G062,-0.00016066532,-1
G083,G092,-0.00016086345,-1
G061,G019,-0.00016109797,-1
G015,G084,-0.00016148547,-1
G009,G051,-0.00016151895,-1
G068,G003,-0.00016162414,-1
G033,G094,-0.00016177756,-1
G022,G004,-0.00016179902,-1
G065,G030,-0.0001618023,-1
G034,G047,-0.00016214873,-1
G004,G003,-0.00016232906,-1
G051,G063,-0.00016242173,-1
G029,G027,-0.00016247817,-1
G014,G031,-0.00016254264,-1
G072,G018,-0.00016260565,-1
G082,G079,-0.00016261966,-1
G062,G024,-0.00016281164,-1
G082,G098,-0.00016282978,-1
G061,G040,-0.00016312944,-1
G035,G092,-0.00016326402,-1
G017,G094,-0.00016328543,-1
G015,G075,-0.00016350226,-1
G081,G024,-0.00016366676,-1
G071,G036,-0.00016377839,-1
G021,G036,-0.00016414534,-1
G006,G083,-0.00016415147,-1
G005,G058,-0.00016510647,-1
G093,G042,-0.00016542859,-1
G099,G003,-0.00016549125,-1
G076,G082,-0.00016549935,-1
G017,G082,-0.00016558799,-1
G075,G032,-0.00016566923,-1
G049,G053,-0.00016571741,-1
G043,G055,-0.00016602418,-1
G013,G045,-0.00016616654,-1
G004,G034,-0.00016645667,-1
G085,G062,-0.00016711566,-1
G030,G008,-0.00016741107,-1
G079,G002,-0.00016751947,-1
G004,G029,-0.00016755446,-1
G030,G062,-0.00016764196,-1
G017,G061,-0.00016766087,-1
G065,G022,-0.00016766704,-1
G008,G007,-0.00016849236,-1
G057,G048,-0.0001685556,-1
G017,G083,-0.00016863995,-1
G066,G086,-0.00016891776,-1
G080,G093,-0.00016905532,-1
G059,G040,-0.00016917232,-1
G071,G079,-0.00016947003,-1
G052,G051,-0.00016971062,-1
G015,G056,-0.00017008722,-1
G098,G056,-0.00017037189,-1
G002,G056,-0.00017039021,-1
G034,G046,-0.0001705141,-1
G037,G038,-0.00017079146,-1
G034,G023,-0.00017083088,-1
G056,G067,-0.00017110386,-1
G080,G092,-0.00017123953,-1
G078,G089,-0.0001717484,-1
G092,G055,-0.00017194914,-1
G057,G049,-0.00017196109,-1
G051,G075,-0.00017214396,-1
G025,G047,-0.00017229444,-1
G090,G054,-0.00017341458,-1
G042,G070,-0.00017362874,-1
G014,G093,-0.00017419951,-1
G058,G016,-0.00017441425,-1
G028,G074,-0.00017455562,-1
G069,G056,-0.00017480392,-1
G062,G070,-0.0001749789,-1
G067,G014,-0.0001753694,-1
G088,G032,-0.0001755457,-1
G021,G085,-0.00017584434,-1
G031,G046,-0.00017650393,-1
G009,G034,-0.00017653397,-1
G070,G034,-0.00017659,-1
G012,G071,-0.00017661866,-1
G096,G048,-0.00017692948,-1
G074,G055,-0.00017701826,-1
G031,G010,-0.00017725243,-1
G061,G020,-0.00017727082,-1
G076,G028,-0.00017734696,-1
G033,G070,-0.00017735535,-1
G064,G067,-0.0001776286,-1
G029,G100,-0.00017786086,-1
G054,G001,-0.00017795582,-1
G099,G045,-0.00017797593,-1
G087,G086,-0.00017807445,-1
G087,G053,-0.0001781616,-1
G051,G019,-0.00017830345,-1
G036,G070,-0.00017840993,-1
G094,G014,-0.00017855634,-1
G035,G066,-0.00017863842,-1
G091,G046,-0.00017884094,-1
G073,G052,-0.0001788645,-1
G056,G079,-0.00017892654,-1
G051,G084,-0.0001790409,-1
G083,G072,-0.00017905905,-1
G078,G003,-0.00017959741,-1
G082,G090,-0.00017970795,-1
G024,G093,-0.00017984968,-1
G097,G051,-0.00017998015,-1
G061,G044,-0.00018005082,-1
G034,G044,-0.00018035113,-1
G078,G049,-0.00018042968,-1
G069,G037,-0.00018059753,-1
G008,G089,-0.00018070653,-1
G013,G076,-0.00018100468,-1
G047,G007,-0.00018101388,-1
G038,G019,-0.0001810541,-1
G062,G031,-0.00018154547,-1
G056,G012,-0.00018193788,-1
G079,G080,-0.00018215114,-1
G046,G040,-0.0001821951,-1
G018,G006,-0.0001821992,-1
G017,G057,-0.00018240993,-1
G012,G034,-0.00018259503,-1
G045,G021,-0.00018266427,-1
G021,G047,-0.00018286635,-1
G041,G098,-0.00018297073,-1
G076,G047,-0.00018354246,-1
G049,G089,-0.00018467149,-1
G055,G029,-0.00018491036,-1
G085,G084,-0.00018506596,-1
G084,G025,-0.00018512848,-1
G081,G099,-0.0001852197,-1
G011,G071,-0.00018534838,-1
G094,G032,-0.00018580949,-1
G021,G049,-0.0001859754,-1
G015,G004,-0.00018600615,-1
G090,G020,-0.00018623994,-1
G098,G050,-0.00018626975,-1
G003,G039,-0.00018663725,-1
G026,G073,-0.00018690247,-1
G069,G044,-0.00018694568,-1
G099,G009,-0.00018701816,-1
G038,G056,-0.00018717107,-1
G090,G038,-0.00018749836,-1
G067,G013,-0.00018753254,-1
G038,G034,-0.00018764935,-1
G074,G046,-0.0001878015,-1
G063,G086,-0.00018788035,-1
G063,G025,-0.00018789315,-1
G043,G088,-0.00018790188,-1
G047,G019,-0.00018834455,-1
G076,G090,-0.00018842328,-1
G100,G054,-0.00018844623,-1
G070,G054,-0.00018846258,-1
G085,G043,-0.0001885923,-1
G023,G095,-0.00018864512,-1
G025,G056,-0.00018886798,-1
G077,G025,-0.00018909284,-1
G045,G093,-0.00018946914,-1
G088,G004,-0.00018970517,-1
G025,G073,-0.00018987777,-1
G029,G045,-0.00019058055,-1
G083,G032,-0.00019068828,-1
G050,G077,-0.00019090602,-1
G038,G074,-0.0001909236,-1
G060,G023,-0.00019099368,-1
G058,G094,-0.00019117635,-1
G069,G009,-0.00019127854,-1
G026,G057,-0.0001914749,-1
G055,G003,-0.00019155824,-1
G025,G064,-0.00019169056,-1
G094,G096,-0.0001921163,-1
G071,G040,-0.00019221418,-1
G080,G001,-0.00019233055,-1
G085,G032,-0.0001924518,-1
G067,G066,-0.0001926546,-1
G013,G023,-0.0001938671,-1
G096,G065,-0.00019416741,-1
G046,G094,-0.00019434119,-1
G065,G042,-0.00019440048,-1
G087,G005,-0.00019463799,-1
G086,G036,-0.00019523346,-1
G090,G064,-0.00019528819,-1
G040,G021,-0.00019529143,-1
G063,G067,-0.00019531956,-1
G051,G028,-0.0001954861,-1
G041,G023,-0.00019552378,-1
G067,G032,-0.00019577023,-1
G059,G041,-0.00019577313,-1
G090,G035,-0.00019635927,-1
G075,G047,-0.00019637676,-1
G079,G091,-0.00019661932,-1
G012,G084,-0.0001966337,-1
G082,G037,-0.00019668724,-1
G083,G075,-0.00019678251,-1
G025,G095,-0.00019691062,-1
G073,G011,-0.00019691659,-1
G022,G053,-0.00019740695,-1
G097,G088,-0.00019748417,-1
G044,G072,-0.00019764437,-1
G029,G071,-0.00019799602,-1
G044,G011,-0.00019802393,-1
G029,G050,-0.00019814401,-1
G063,G088,-0.00019854226,-1
G030,G076,-0.00019886387,-1
G017,G086,-0.00019886605,-1
G082,G070,-0.00019909655,-1
G020,G075,-0.0001991749,-1
G069,G014,-0.0001995406,-1
G001,G038,-0.00019963001,-1
G026,G011,-0.00020011626,-1
G010,G053,-0.00020016845,-1
G079,G020,-0.00020036832,-1
G098,G091,-0.00020050706,-1
G025,G015,-0.00020055052,-1
G091,G032,-0.0002008206,-1
G074,G002,-0.00020100591,-1
G062,G049,-0.00020108763,-1
G098,G063,-0.0002010913,-1
G092,G082,-0.00020132624,-1
G081,G034,-0.00020163915,-1
G067,G080,-0.00020178164,-1
G025,G076,-0.00020178729,-1
G005,G044,-0.00020190892,-1
G060,G034,-0.00020213163,-1
G081,G022,-0.00020217783,-1
G073,G008,-0.00020237551,-1
G023,G035,-0.00020249172,-1
G051,G072,-0.00020256493,-1
G038,G070,-0.00020284677,-1
G018,G067,-0.00020292049,-1
G003,G085,-0.00020313823,-1
G045,G094,-0.00020340052,-1
G094,G045,-0.00020351767,-1
G096,G087,-0.0002035183,-1
G096,G088,-0.00020380718,-1
G070,G088,-0.00020394374,-1
G050,G095,-0.00020417248,-1
G029,G014,-0.00020436532,-1
G052,G023,-0.0002043935,-1
G063,G055,-0.00020450346,-1
G038,G092,-0.00020502196,-1
G094,G012,-0.00020523272,-1
G084,G022,-0.00020577716,-1
G082,G060,-0.00020624096,-1
G063,G060,-0.0002064614,-1
G094,G023,-0.0002065278,-1
G029,G095,-0.00020698673,-1
G090,G082,-0.0002072813,-1
G072,G023,-0.00020741875,-1
G060,G022,-0.00020755154,-1
G071,G047,-0.00020777108,-1
G047,G095,-0.00020806723,-1
G019,G079,-0.00020809399,-1
G044,G100,-0.00020820192,-1
G020,G045,-0.00020827081,-1
G092,G034,-0.0002083545,-1
G065,G005,-0.0002086004,-1
G099,G023,-0.00020864443,-1
G090,G033,-0.00020869497,-1
G075,G010,-0.00020901152,-1
G006,G085,-0.00020912866,-1
G090,G030,-0.00020979402,-1
G047,G080,-0.00020986286,-1
G055,G086,-0.000209926,-1
G094,G053,-0.00021007884,-1
G002,G093,-0.00021015019,-1
G098,G085,-0.0002101832,-1
G063,G006,-0.00021033669,-1
G071,G022,-0.00021038369,-1
G100,G053,-0.00021059017,-1
G083,G045,-0.00021063848,-1
G066,G023,-0.00021088068,-1
G038,G071,-0.00021117853,-1
G070,G098,-0.00021119145,-1
G085,G077,-0.00021197743,-1
G003,G026,-0.0002121763,-1
G062,G013,-0.00021223351,-1
G040,G020,-0.00021228525,-1
G092,G044,-0.0002129014,-1
G076,G043,-0.00021311433,-1
G004,G091,-0.00021344244,-1
G096,G059,-0.00021348699,-1
G039,G025,-0.00021354888,-1
G096,G017,-0.00021355733,-1
G090,G099,-0.00021361474,-1
G014,G082,-0.00021383104,-1
G050,G084,-0.00021390905,-1
G070,G057,-0.0002142552,-1
G060,G068,-0.00021428232,-1
G037,G094,-0.00021438263,-1
G002,G041,-0.00021445502,-1
G050,G015,-0.00021449476,-1
G048,G095,-0.00021450981,-1
G095,G068,-0.00021495763,-1
G007,G038,-0.00021515437,-1
G053,G088,-0.00021518893,-1
G059,G073,-0.000215192,-1
G076,G055,-0.0002155556,-1
G039,G084,-0.00021563194,-1
G078,G057,-0.00021579422,-1
G037,G062,-0.00021598215,-1
G033,G093,-0.0002167016,-1
G072,G052,-0.00021763437,-1
G057,G005,-0.00021789897,-1
G027,G028,-0.00021801487,-1
G037,G018,-0.00021812228,-1
G064,G024,-0.00021813963,-1
G025,G004,-0.00021815459,-1
G070,G013,-0.0002181979,-1
G009,G062,-0.00021829807,-1
G084,G028,-0.00021855412,-1
G055,G078,-0.00021859565,-1
G077,G055,-0.00021875236,-1
G065,G094,-0.00021937554,-1
G011,G086,-0.0002194008,-1
G006,G047,-0.00021950698,-1
G014,G075,-0.00021993343,-1
G042,G084,-0.00022020146,-1
G006,G027,-0.00022029718,-1
G043,G037,-0.00022064452,-1
G010,G020,-0.00022099647,-1
G096,G075,-0.00022158398,-1
G096,G005,-0.0002218019,-1
G039,G082,-0.00022181646,-1
G040,G073,-0.0002218345,-1
G034,G009,-0.00022187758,-1
G055,G060,-0.000223024,-1
G061,G094,-0.00022315572,-1
G048,G006,-0.00022321832,-1
G029,G057,-0.00022333568,-1
G012,G074,-0.00022359498,-1
G015,G068,-0.00022362621,-1
G047,G094,-0.0002239501,-1
G002,G051,-0.00022401895,-1
G028,G094,-0.00022418996,-1
G024,G071,-0.00022424846,-1
G049,G009,-0.00022466562,-1
G099,G084,-0.00022474055,-1
G046,G006,-0.00022484087,-1
G040,G010,-0.00022484339,-1
G078,G029,-0.0002251743,-1
G039,G062,-0.00022555409,-1
G020,G021,-0.00022564887,-1
G004,G079,-0.00022632063,-1
G048,G100,-0.00022633863,-1
G016,G044,-0.0002265485,-1
G042,G030,-0.00022660977,-1
G071,G024,-0.0002266646,-1
G009,G032,-0.0002267024,-1
G086,G045,-0.0002273476,-1
G064,G010,-0.00022738922,-1
G064,G061,-0.00022753028,-1
G019,G042,-0.00022788202,-1
G005,G079,-0.00022816756,-1
G085,G030,-0.00022859313,-1
G014,G076,-0.0002290139,-1
G058,G026,-0.00022984255,-1
G058,G005,-0.00023010628,-1
G083,G066,-0.00023084937,-1
G058,G090,-0.00023101788,-1
G046,G068,-0.00023105164,-1
G042,G023,-0.0002310621,-1
G010,G030,-0.00023117766,-1
G094,G087,-0.00023121483,-1
G025,G100,-0.00023193759,-1
G083,G097,-0.0002324404,-1
G020,G070,-0.0002324435,-1
G019,G093,-0.00023246263,-1
G045,G020,-0.00023271202,-1
G078,G025,-0.00023352054,-1
G094,G042,-0.00023372476,-1
G008,G095,-0.00023436542,-1
G042,G004,-0.00023438034,-1
G099,G058,-0.00023449358,-1
G054,G011,-0.0002347851,-1
G063,G042,-0.00023493862,-1
G065,G079,-0.00023494553,-1
G018,G060,-0.00023517595,-1
G021,G046,-0.00023522052,-1
G088,G071,-0.00023538455,-1
G026,G040,-0.00023572634,-1
G095,G069,-0.00023581162,-1
G037,G070,-0.00023596815,-1
G020,G024,-0.00023604529,-1
G035,G067,-0.0002360862,-1
G065,G045,-0.00023635667,-1
G036,G073,-0.00023649132,-1
G057,G068,-0.0002369756,-1
G018,G022,-0.00023721665,-1
G052,G018,-0.00023752342,-1
G042,G063,-0.00023791095,-1
G005,G077,-0.00023848355,-1
G054,G075,-0.00023858921,-1
G094,G003,-0.00023870045,-1
G006,G036,-0.00023952231,-1
G096,G008,-0.00024006558,-1
G036,G004,-0.00024018671,-1
G042,G035,-0.00024032405,-1
G042,G058,-0.00024040912,-1
G038,G041,-0.00024046858,-1
G020,G029,-0.00024047177,-1
G087,G089,-0.00024080912,-1
G026,G012,-0.00024108267,-1
G021,G099,-0.00024151179,-1
G069,G008,-0.00024181863,-1
G027,G006,-0.00024184489,-1
G075,G081,-0.00024193307,-1
G082,G033,-0.0002421231,-1
G042,G062,-0.0002421873,-1
G004,G061,-0.00024260665,-1
G012,G048,-0.00024262308,-1
G034,G054,-0.00024264606,-1
G050,G079,-0.00024280563,-1
G063,G071,-0.00024294843,-1
G036,G039,-0.00024301304,-1
G058,G029,-0.00024360303,-1
G003,G032,-0.00024365066,-1
G017,G019,-0.00024370918,-1
G008,G067,-0.00024391299,-1
G081,G032,-0.00024413344,-1
G089,G048,-0.00024421106,-1
G064,G025,-0.00024442727,-1
G074,G061,-0.000244443,-1
G009,G094,-0.00024447474,-1
G059,G018,-0.00024451333,-1
G017,G081,-0.00024485556,-1
G047,G017,-0.00024492334,-1
G056,G081,-0.0002452231,-1
G091,G071,-0.00024533458,-1
G097,G067,-0.00024560106,-1
G059,G046,-0.0002456065,-1
G024,G054,-0.00024607507,-1
G090,G070,-0.00024656396,-1
G027,G022,-0.00024667304,-1
G024,G038,-0.00024685133,-1
G031,G069,-0.00024711434,-1
G062,G023,-0.00024721472,-1
G090,G095,-0.00024724266,-1
G003,G034,-0.00024746996,-1
G085,G046,-0.00024751932,-1
G081,G062,-0.00024768797,-1
G070,G001,-0.0002487996,-1
G028,G024,-0.00024883263,-1
G063,G056,-0.00024900222,-1
G066,G080,-0.00024905193,-1
G045,G099,-0.00024975734,-1
G087,G037,-0.00025024207,-1
G030,G080,-0.00025051564,-1
G068,G033,-0.00025052426,-1
G063,G015,-0.00025110127,-1
G068,G021,-0.00025153242,-1
G100,G083,-0.000251535,-1
G013,G064,-0.00025166967,-1
G004,G036,-0.00025173218,-1
G001,G031,-0.0002523339,-1
G054,G081,-0.00025290804,-1
G054,G086,-0.00025302888,-1
G014,G048,-0.00025304206,-1
G062,G099,-0.0002530459,-1
G097,G037,-0.0002532673,-1
G011,G082,-0.00025345822,-1
G043,G021,-0.00025351447,-1
G028,G044,-0.0002539934,-1
G073,G049,-0.00025411468,-1
G090,G024,-0.000254396,-1
G033,G074,-0.0002544011,-1
G011,G064,-0.00025489216,-1
G090,G053,-0.00025505756,-1
G033,G086,-0.0002551886,-1
G001,G080,-0.00025574624,-1
G082,G031,-0.00025602462,-1
G010,G054,-0.0002564454,-1
G022,G008,-0.00025652396,-1
G025,G083,-0.00025662826,-1
G034,G075,-0.00025668417,-1
G080,G003,-0.00025725906,-1
G089,G100,-0.00025743994,-1
G017,G038,-0.00025812688,-1
G022,G029,-0.00025814906,-1
G014,G100,-0.00025857135,-1
G034,G095,-0.0002586269,-1
G096,G068,-0.0002591813,-1
G042,G095,-0.00025928282,-1
G010,G060,-0.00025936242,-1
G072,G083,-0.00025940573,-1
G009,G055,-0.00025985503,-1
G065,G003,-0.00026054683,-1
G041,G015,-0.00026064515,-1
G016,G025,-0.00026121436,-1
G059,G069,-0.0002612677,-1
G025,G070,-0.00026176547,-1
G023,G040,-0.000261905,-1
G032,G090,-0.00026217147,-1
G071,G073,-0.0002623033,-1
G004,G047,-0.00026243197,-1
G058,G006,-0.00026283253,-1
G014,G071,-0.0002629404,-1
G091,G096,-0.00026324534,-1
G019,G065,-0.00026329033,-1
G012,G054,-0.0002634552,-1
G005,G034,-0.00026437757,-1
G072,G053,-0.0002649659,-1
G047,G037,-0.0002650566,-1
G081,G072,-0.00026549224,-1
G063,G059,-0.00026640762,-1
G033,G062,-0.00026641478,-1
G080,G061,-0.00026650698,-1
G021,G042,-0.00026691458,-1
G081,G018,-0.00026700404,-1
G021,G080,-0.00026713978,-1
G079,G094,-0.00026723417,-1
G018,G044,-0.0002672557,-1
G089,G053,-0.00026756525,-1
G038,G053,-0.00026759066,-1
G020,G060,-0.00026777087,-1
G037,G074,-0.00026786185,-1
G035,G011,-0.000268569,-1
G024,G068,-0.00026869914,-1
G037,G021,-0.0002689762,-1
G041,G088,-0.0002690213,-1
G018,G063,-0.00026905097,-1
G003,G078,-0.00026938925,-1
G054,G069,-0.00026970924,-1
G051,G024,-0.00026986294,-1
G062,G076,-0.00027019362,-1
G024,G095,-0.0002704165,-1
G061,G018,-0.000270573,-1
G055,G056,-0.00027075675,-1
G099,G034,-0.000270935,-1
G041,G094,-0.00027149674,-1
G096,G082,-0.0002715298,-1
G035,G068,-0.00027171127,-1
G008,G051,-0.0002719922,-1
G082,G095,-0.00027223624,-1
G006,G100,-0.0002723593,-1
G057,G067,-0.00027257242,-1
G071,G094,-0.000272805,-1
G012,G098,-0.00027303005,-1
G065,G070,-0.00027345552,-1
G065,G063,-0.00027382592,-1
G038,G067,-0.00027527916,-1
G028,G039,-0.0002758996,-1
G005,G008,-0.00027601275,-1
G006,G048,-0.00027605807,-1
G048,G092,-0.00027617352,-1
G080,G100,-0.0002762399,-1
G014,G056,-0.00027628127,-1
G010,G029,-0.00027637446,-1
G073,G021,-0.0002765453,-1
G002,G075,-0.00027666302,-1
G015,G083,-0.00027680543,-1
G032,G009,-0.0002768842,-1
G032,G053,-0.00027691625,-1
G060,G087,-0.00027705135,-1
G042,G050,-0.00027723314,-1
G084,G004,-0.00027733663,-1
G002,G073,-0.00027741125,-1
G041,G030,-0.0002774496,-1
G031,G086,-0.00027760977,-1
G066,G098,-0.00027765712,-1
G017,G023,-0.0002782505,-1
G070,G048,-0.00027827953,-1
G022,G038,-0.00027862153,-1
G084,G024,-0.00027864368,-1
G069,G050,-0.0002787155,-1
G077,G004,-0.00027883967,-1
G087,G033,-0.0002789536,-1
G071,G042,-0.00028058057,-1
G077,G043,-0.0002806788,-1
G030,G050,-0.0002809591,-1
G026,G100,-0.00028154827,-1
G002,G012,-0.00028160957,-1
G010,G032,-0.0002819022,-1
G061,G048,-0.00028249528,-1
G083,G049,-0.0002825342,-1
G008,G028,-0.00028275556,-1
G027,G063,-0.00028311,-1
G004,G015,-0.00028323394,-1
G013,G087,-0.00028324418,-1
G071,G070,-0.00028325216,-1
G010,G091,-0.0002833221,-1
G089,G051,-0.00028370987,-1
G038,G072,-0.00028460065,-1
G027,G091,-0.00028481803,-1
G098,G097,-0.00028502074,-1
G038,G085,-0.00028502088,-1
G005,G053,-0.00028505435,-1
G077,G069,-0.00028541105,-1
G098,G100,-0.00028605646,-1
G097,G016,-0.00028623035,-1
G060,G066,-0.0002864128,-1
G079,G007,-0.0002864618,-1
G090,G051,-0.000286483,-1
G085,G080,-0.0002865602,-1
G086,G032,-0.00028781424,-1
G049,G022,-0.0002880826,-1
G002,G089,-0.00028839763,-1
G012,G028,-0.00028847074,-1
G046,G051,-0.0002886157,-1
G079,G100,-0.00028867438,-1
G077,G080,-0.00028868372,-1
G076,G093,-0.0002889344,-1
G015,G040,-0.00028895502,-1
G033,G083,-0.00028924967,-1
G048,G077,-0.00028987115,-1
G089,G076,-0.00029016417,-1
G096,G028,-0.00029084767,-1
G076,G060,-0.00029118767,-1
G055,G082,-0.00029133298,-1
G100,G031,-0.00029162155,-1
G019,G001,-0.0002916243,-1
G058,G045,-0.0002919239,-1
G059,G097,-0.0002919278,-1
G085,G072,-0.0002919885,-1
G083,G025,-0.00029216372,-1
G090,G032,-0.0002925119,-1
G015,G031,-0.00029284667,-1
G003,G025,-0.00029292083,-1
G002,G030,-0.0002929731,-1
G004,G073,-0.00029343797,-1
G020,G025,-0.00029353288,-1
G064,G063,-0.0002942542,-1
G002,G078,-0.00029438396,-1
G002,G096,-0.00029442864,-1
G004,G080,-0.00029508182,-1
G084,G071,-0.0002952014,-1
G040,G014,-0.0002954904,-1
G021,G068,-0.0002956119,-1
G024,G070,-0.00029574984,-1
G060,G006,-0.00029575845,-1
G003,G020,-0.00029579372,-1
G081,G031,-0.00029587417,-1
G098,G080,-0.00029607306,-1
G091,G057,-0.0002966234,-1
G099,G004,-0.0002966504,-1
G026,G065,-0.0002967244,-1
G046,G091,-0.00029691908,-1
G023,G091,-0.00029742336,-1
G076,G070,-0.00029759988,-1
G049,G024,-0.0002976073,-1
G009,G044,-0.0002982807,-1
G057,G072,-0.0002984628,-1
G083,G041,-0.00029855443,-1
G010,G055,-0.00029859072,-1
G090,G031,-0.00029865425,-1
G079,G042,-0.00029868685,-1
G097,G027,-0.00029888994,-1
G086,G015,-0.00029990575,-1
G065,G057,-0.0003001071,-1
G008,G054,-0.0003008029,-1
G068,G072,-0.0003008617,-1
G041,G035,-0.00030092543,-1
G100,G096,-0.0003009946,-1
G079,G074,-0.00030107077,-1
G082,G015,-0.00030112258,-1
G063,G016,-0.00030185396,-1
G077,G036,-0.00030202014,-1
G014,G087,-0.00030243883,-1
G083,G052,-0.0003024493,-1
G063,G020,-0.0003024767,-1
G082,G023,-0.00030260294,-1
G023,G016,-0.00030266092,-1
G065,G027,-0.0003033368,-1
G017,G034,-0.00030335606,-1
G007,G065,-0.00030357417,-1
G042,G100,-0.00030382496,-1
G037,G047,-0.0003053513,-1
G077,G097,-0.00030572293,-1
G034,G056,-0.00030582555,-1
G086,G011,-0.00030593137,-1
G029,G036,-0.00030598178,-1
G079,G072,-0.000306113,-1
G092,G088,-0.00030613164,-1
G079,G026,-0.00030670164,-1
G086,G054,-0.00030676593,-1
G025,G038,-0.00030684427,-1
G070,G071,-0.00030710976,-1
G067,G052,-0.00030773255,-1
G095,G022,-0.00030787647,-1
G019,G030,-0.00030792935,-1
G087,G030,-0.0003083623,-1
G044,G065,-0.00030874953,-1
G068,G005,-0.00030912296,-1
G025,G099,-0.000309455,-1
G022,G062,-0.00030972087,-1
G069,G007,-0.0003097445,-1
G070,G090,-0.00030995745,-1
G049,G008,-0.00031014706,-1
G060,G094,-0.00031020184,-1
G001,G020,-0.0003103615,-1
G067,G004,-0.00031073546,-1
G046,G081,-0.00031073907,-1
G079,G062,-0.00031089596,-1
G070,G078,-0.00031094335,-1
G044,G099,-0.00031125365,-1
G020,G065,-0.00031196425,-1
G047,G025,-0.00031315145,-1
G022,G098,-0.00031353394,-1
G059,G045,-0.00031437146,-1
G067,G044,-0.0003147133,-1
G018,G002,-0.0003149089,-1
G008,G045,-0.00031514087,-1
G089,G023,-0.00031535624,-1
G028,G063,-0.00031538293,-1
G069,G047,-0.00031556905,-1
G016,G049,-0.00031560732,-1
G075,G031,-0.00031568017,-1
G067,G027,-0.00031611504,-1
G052,G015,-0.00031618058,-1
G095,G089,-0.00031646053,-1
G093,G080,-0.0003165118,-1
G020,G085,-0.00031662596,-1
G100,G078,-0.00031675395,-1
G077,G053,-0.00031749505,-1
G006,G070,-0.000317523,-1
G002,G079,-0.00031817565,-1
G023,G092,-0.0003182233,-1
G069,G088,-0.0003185982,-1
G010,G009,-0.00031866878,-1
G047,G002,-0.0003193388,-1
G070,G024,-0.000319565,-1
G057,G087,-0.000319765,-1
G086,G064,-0.00031989877,-1
G062,G009,-0.00032006885,-1
G065,G007,-0.00032063838,-1
G096,G019,-0.000320655,-1
G065,G072,-0.00032067305,-1
G075,G028,-0.00032069927,-1
G093,G020,-0.0003207394,-1
G043,G049,-0.00032081568,-1
G099,G024,-0.00032089662,-1
G024,G014,-0.0003209094,-1
G042,G078,-0.00032115675,-1
G009,G063,-0.00032130783,-1
G049,G085,-0.00032135306,-1
G065,G006,-0.0003219055,-1
G043,G013,-0.0003226169,-1
G037,G095,-0.00032290423,-1
G034,G080,-0.00032317318,-1
G085,G056,-0.00032332924,-1
G091,G045,-0.00032362595,-1
G071,G014,-0.0003239228,-1
G061,G056,-0.0003239375,-1
G063,G012,-0.0003241157,-1
G069,G046,-0.00032435742,-1
G003,G042,-0.00032470358,-1
G063,G035,-0.00032472436,-1
G072,G001,-0.00032505445,-1
G073,G051,-0.00032509555,-1
G088,G027,-0.0003251793,-1
G037,G006,-0.00032535254,-1
G044,G019,-0.00032553473,-1
G008,G065,-0.00032610612,-1
G021,G001,-0.0003263048,-1
G031,G029,-0.0003264434,-1
G081,G096,-0.00032716998,-1
G053,G061,-0.00032719027,-1
G019,G003,-0.00032720997,-1
G100,G029,-0.00032742962,-1
G004,G086,-0.00032747045,-1
G077,G082,-0.00032752886,-1
G062,G051,-0.00032807566,-1
G056,G045,-0.00032812456,-1
G039,G078,-0.00032817668,-1
G097,G080,-0.00032829904,-1
G077,G074,-0.00032830218,-1
G085,G093,-0.00032871639,-1
G065,G019,-0.0003289878,-1
G099,G067,-0.00032922614,-1
G037,G033,-0.00032924497,-1
G086,G033,-0.00032945283,-1
G039,G073,-0.0003294625,-1
G066,G010,-0.00032967655,-1
G065,G071,-0.00032973272,-1
G097,G084,-0.0003301885,-1
G016,G059,-0.00033054315,-1
G067,G062,-0.0003308305,-1
G093,G039,-0.00033098273,-1
G100,G085,-0.00033186958,-1
G020,G018,-0.0003319295,-1
G051,G018,-0.00033309468,-1
G075,G067,-0.0003331586,-1
G057,G040,-0.00033357105,-1
G095,G080,-0.00033399195,-1
G064,G082,-0.0003340802,-1
G067,G099,-0.0003341463,-1
G097,G085,-0.00033429085,-1
G040,G071,-0.00033436492,-1
G091,G067,-0.00033446465,-1
G052,G046,-0.00033483905,-1
G036,G012,-0.00033491795,-1
G038,G021,-0.00033513957,-1
G055,G033,-0.00033583693,-1
G033,G064,-0.00033597133,-1
G065,G049,-0.00033622223,-1
G056,G023,-0.00033647462,-1
G082,G071,-0.00033669305,-1
G087,G035,-0.00033674075,-1
G054,G024,-0.0003371328,-1
G077,G010,-0.0003371709,-1
G038,G035,-0.00033724762,-1
G026,G005,-0.00033799684,-1
G005,G017,-0.00033815604,-1
G012,G056,-0.00033849725,-1
G067,G094,-0.00033866937,-1
G077,G002,-0.00033892135,-1
G023,G004,-0.00033938885,-1
G094,G065,-0.0003395733,-1
G023,G074,-0.0003396473,-1
G012,G094,-0.00033969295,-1
G095,G010,-0.00033976478,-1
G063,G045,-0.00033993815,-1
G094,G074,-0.00034038076,-1
G015,G062,-0.00034080274,-1
G069,G068,-0.00034163316,-1
G010,G042,-0.0003419591,-1
G011,G072,-0.00034230782,-1
G006,G086,-0.00034313707,-1
G071,G056,-0.00034323748,-1
G091,G044,-0.00034362334,-1
G033,G091,-0.00034374787,-1
G031,G030,-0.00034459098,-1
G035,G037,-0.00034492085,-1
G076,G012,-0.00034524745,-1
G080,G075,-0.00034547254,-1
G027,G078,-0.00034561477,-1
G079,G053,-0.00034620808,-1
G094,G085,-0.00034667365,-1
G043,G001,-0.00034675526,-1
G013,G026,-0.00034683556,-1
G090,G044,-0.00034690634,-1
G092,G091,-0.00034691746,-1
G047,G092,-0.0003472841,-1
G060,G062,-0.0003474043,-1
G020,G094,-0.00034745043,-1
G001,G089,-0.00034750783,-1
G075,G011,-0.00034759985,-1
G010,G050,-0.00034800495,-1
G088,G069,-0.0003491047,-1
G076,G046,-0.00034935167,-1
G007,G064,-0.00034994437,-1
G087,G097,-0.00034995645,-1
G054,G095,-0.00035016652,-1
G011,G090,-0.00035077392,-1
G005,G022,-0.000351039,-1
G071,G031,-0.00035124962,-1
G002,G063,-0.00035142057,-1
G073,G024,-0.00035252786,-1
G073,G039,-0.00035270743,-1
G066,G085,-0.00035280277,-1
G051,G022,-0.00035286063,-1
G010,G096,-0.0003529058,-1
G008,G098,-0.00035421873,-1
G099,G070,-0.00035469772,-1
G050,G065,-0.00035481228,-1
G076,G065,-0.00035514668,-1
G038,G011,-0.00035555047,-1
G087,G051,-0.0003561292,-1
G099,G010,-0.0003566214,-1
G069,G098,-0.00035710965,-1
G037,G049,-0.00035727257,-1
G085,G086,-0.00035805535,-1
G056,G069,-0.00035880544,-1
G011,G031,-0.00035900445,-1
G058,G036,-0.0003592939,-1
G048,G011,-0.00035980056,-1
G086,G085,-0.00035991403,-1
G072,G059,-0.00035998732,-1
G054,G017,-0.0003601343,-1
G045,G066,-0.00036021895,-1
G039,G009,-0.00036055126,-1
G031,G002,-0.00036061933,-1
G090,G065,-0.00036155042,-1
G053,G044,-0.00036158235,-1
G028,G040,-0.0003618696,-1
G090,G009,-0.00036221225,-1
G058,G023,-0.00036233023,-1
G001,G032,-0.0003630204,-1
G045,G002,-0.00036341403,-1
G009,G075,-0.00036428668,-1
G041,G026,-0.00036432376,-1
G056,G049,-0.0003643898,-1
G058,G001,-0.00036455903,-1
G008,G033,-0.00036464137,-1
G003,G038,-0.0003646468,-1
G045,G056,-0.00036494757,-1
G095,G064,-0.0003649918,-1
G012,G037,-0.00036512114,-1
G098,G023,-0.00036569938,-1
G057,G071,-0.00036571384,-1
G067,G010,-0.00036621102,-1
G057,G017,-0.00036635587,-1
G047,G045,-0.00036659735,-1
G038,G064,-0.000366751,-1
G064,G035,-0.00036700236,-1
G078,G027,-0.00036710023,-1
G021,G094,-0.00036726255,-1
G057,G036,-0.0003676734,-1
G075,G053,-0.0003677081,-1
G041,G043,-0.00036795635,-1
G043,G090,-0.00036825027,-1
G094,G040,-0.00036838153,-1
G020,G032,-0.00036865272,-1
G060,G098,-0.0003692162,-1
G004,G042,-0.00036942304,-1
G017,G020,-0.00036999639,-1
G075,G062,-0.00037006597,-1
G015,G026,-0.0003703997,-1
G010,G046,-0.0003709239,-1
G089,G007,-0.00037117643,-1
G061,G017,-0.0003715317,-1
G053,G069,-0.00037193325,-1
G076,G050,-0.00037228304,-1
G073,G017,-0.00037290136,-1
G085,G083,-0.00037350948,-1
G086,G042,-0.0003744843,-1
G078,G030,-0.0003745973,-1
G029,G059,-0.0003749401,-1
G008,G040,-0.00037499136,-1
G046,G025,-0.0003751284,-1
G085,G055,-0.00037518382,-1
G093,G061,-0.00037590126,-1
G096,G094,-0.00037597588,-1
G063,G065,-0.00037676023,-1
G049,G043,-0.00037687155,-1
G091,G036,-0.00037722883,-1
G014,G077,-0.00037723526,-1
G029,G089,-0.0003774286,-1
G002,G020,-0.00037786472,-1
G083,G093,-0.00037792197,-1
G050,G090,-0.0003779912,-1
G061,G038,-0.00037859715,-1
G066,G065,-0.00037900056,-1
G075,G008,-0.0003790575,-1
G053,G004,-0.0003791567,-1
G026,G082,-0.0003793693,-1
G052,G026,-0.00037993523,-1
G012,G092,-0.00037993546,-1
G027,G025,-0.00038026803,-1
G018,G004,-0.00038041107,-1
G100,G045,-0.00038049332,-1
G013,G086,-0.00038062502,-1
G042,G065,-0.00038162322,-1
G056,G085,-0.0003821027,-1
G018,G075,-0.00038312038,-1
G051,G034,-0.0003831272,-1
G069,G016,-0.0003839877,-1
G070,G038,-0.00038434324,-1
G016,G069,-0.00038490977,-1
G047,G070,-0.00038559205,-1
G066,G020,-0.00038592244,-1
G038,G023,-0.00038615306,-1
G002,G048,-0.00038638912,-1
G038,G027,-0.00038674203,-1
G051,G004,-0.0003870617,-1
G093,G037,-0.00038808084,-1
G021,G026,-0.00038814047,-1
G039,G010,-0.00038816818,-1
G022,G093,-0.00038838937,-1
G034,G051,-0.0003895437,-1
G095,G071,-0.00038970847,-1
G017,G029,-0.00038994077,-1
G019,G087,-0.00039023318,-1
G008,G041,-0.0003905293,-1
G074,G041,-0.0003907009,-1
G089,G056,-0.00039132984,-1
G024,G052,-0.00039144547,-1
G009,G069,-0.00039150132,-1
G040,G028,-0.00039201998,-1
G051,G049,-0.00039215214,-1
G022,G037,-0.00039219687,-1
G100,G008,-0.00039270087,-1
G022,G080,-0.0003937531,-1
G035,G095,-0.00039381793,-1
G034,G060,-0.00039382267,-1
G083,G046,-0.00039392346,-1
G062,G079,-0.00039419712,-1
G039,G020,-0.00039430277,-1
G001,G099,-0.0003946186,-1
G062,G068,-0.00039523395,-1
G019,G048,-0.00039603587,-1
G099,G049,-0.00039641347,-1
G091,G055,-0.00039669697,-1
G062,G060,-0.00039675573,-1
G087,G006,-0.00039677072,-1
G035,G070,-0.00039691475,-1
G003,G049,-0.00039703236,-1
G002,G069,-0.00039728807,-1
G050,G009,-0.00039771895,-1
G087,G061,-0.00039785655,-1
G059,G019,-0.000398511,-1
G020,G077,-0.0003985176,-1
G044,G017,-0.00039913107,-1
G044,G094,-0.00039944056,-1
G094,G095,-0.00040114418,-1
G002,G038,-0.0004017784,-1
G065,G090,-0.00040187975,-1
G018,G046,-0.00040222492,-1
G022,G039,-0.0004025212,-1
G009,G090,-0.00040377304,-1
G062,G052,-0.00040378666,-1
G005,G041,-0.00040431882,-1
G043,G051,-0.00040461373,-1
G011,G075,-0.00040574666,-1
G084,G088,-0.0004057902,-1
G030,G064,-0.00040604145,-1
G035,G044,-0.0004061192,-1
G037,G066,-0.00040667053,-1
G018,G035,-0.0004070625,-1
G061,G081,-0.00040717507,-1
G055,G034,-0.00040740936,-1
G059,G053,-0.0004074107,-1
G083,G073,-0.0004075409,-1
G005,G033,-0.0004078427,-1
G079,G038,-0.00040786547,-1
G019,G092,-0.00040825646,-1
G084,G012,-0.0004092806,-1
G032,G025,-0.0004094179,-1
G002,G021,-0.0004095195,-1
G070,G006,-0.00040999922,-1
G015,G086,-0.0004106278,-1
G008,G087,-0.000410672,-1
G066,G097,-0.00041098866,-1
G088,G025,-0.0004114974,-1
G083,G048,-0.00041224723,-1
G043,G047,-0.00041247785,-1
G066,G054,-0.0004129613,-1
G071,G007,-0.00041424992,-1
G062,G087,-0.0004143601,-1
G076,G081,-0.00041459242,-1
G047,G097,-0.00041501888,-1
G034,G081,-0.0004150614,-1
G072,G068,-0.00041527784,-1
G067,G090,-0.000415402,-1
G041,G092,-0.00041625556,-1
G070,G039,-0.0004165264,-1
G003,G031,-0.00041656196,-1
G072,G003,-0.00041737652,-1
G094,G069,-0.00041756534,-1
G031,G096,-0.0004176561,-1
G055,G051,-0.00041829085,-1
G016,G052,-0.0004186947,-1
G100,G052,-0.00041957834,-1
G071,G011,-0.00041962904,-1
G085,G037,-0.0004202528,-1
G070,G011,-0.0004203785,-1
G089,G057,-0.0004215134,-1
G052,G095,-0.0004219638,-1
G033,G030,-0.00042203916,-1
G069,G006,-0.00042249207,-1
G020,G011,-0.0004225309,-1
G073,G035,-0.00042262278,-1
G059,G078,-0.00042287493,-1
G057,G099,-0.00042367785,-1
G037,G043,-0.00042382037,-1
G098,G052,-0.00042415602,-1
G022,G082,-0.00042423327,-1
G067,G020,-0.00042450387,-1
G022,G056,-0.0004259862,-1
G089,G040,-0.00042675948,-1
G096,G010,-0.0004278175,-1
G009,G011,-0.00042895487,-1
G002,G037,-0.00043002286,-1
G071,G013,-0.0004300553,-1
G031,G026,-0.00043006695,-1
G011,G092,-0.00043047965,-1
G100,G058,-0.00043069912,-1
G089,G086,-0.00043076032,-1
G098,G024,-0.00043102665,-1
G088,G070,-0.0004312538,-1
G073,G083,-0.00043143175,-1
G073,G002,-0.0004318996,-1
G023,G067,-0.00043299102,-1
G066,G049,-0.00043315033,-1
G035,G018,-0.0004331875,-1
G023,G005,-0.00043417385,-1
G078,G086,-0.00043425488,-1
G065,G067,-0.00043487264,-1
G067,G021,-0.00043494947,-1
G012,G064,-0.00043507942,-1
G055,G063,-0.0004356368,-1
G079,G059,-0.00043608333,-1
G022,G094,-0.0004366262,-1
G079,G085,-0.0004367846,-1
G011,G073,-0.00043741256,-1
G067,G083,-0.00043760083,-1
G040,G065,-0.000437706,-1
G059,G055,-0.0004379841,-1
G014,G074,-0.0004387139,-1
G064,G029,-0.0004397825,-1
G006,G030,-0.0004399442,-1
G021,G030,-0.00044001974,-1
G042,G098,-0.00044008807,-1
G062,G090,-0.00044038825,-1
G058,G084,-0.0004409949,-1
G022,G016,-0.0004412639,-1
G071,G045,-0.0004413219,-1
G089,G071,-0.00044244368,-1
G072,G079,-0.00044408918,-1
G081,G017,-0.00044431284,-1
G031,G049,-0.00044458138,-1
G079,G082,-0.00044486427,-1
G005,G076,-0.00044490516,-1
G076,G002,-0.00044491488,-1
G006,G081,-0.00044540103,-1
G008,G070,-0.0004459121,-1
G004,G067,-0.0004464021,-1
G038,G012,-0.00044644735,-1
G071,G089,-0.0004464533,-1
G065,G028,-0.00044734578,-1
G030,G040,-0.00044735195,-1
G051,G043,-0.00044746324,-1
G021,G045,-0.00044826625,-1
G065,G004,-0.00044830595,-1
G032,G074,-0.00044846834,-1
G024,G084,-0.0004490365,-1
G012,G046,-0.0004496892,-1
G082,G035,-0.00044972877,-1
G086,G059,-0.00044976984,-1
G021,G023,-0.000449878,-1
G059,G092,-0.00045003765,-1
G066,G031,-0.00045021222,-1
G094,G086,-0.0004502453,-1
G009,G039,-0.00045063387,-1
G016,G041,-0.00045079272,-1
G016,G010,-0.00045079834,-1
G099,G014,-0.00045093507,-1
G002,G034,-0.00045123234,-1
G100,G089,-0.0004514861,-1
G060,G032,-0.00045149156,-1
G051,G020,-0.00045168106,-1
G092,G049,-0.00045204614,-1
G004,G072,-0.0004522612,-1
G051,G010,-0.00045303474,-1
G048,G063,-0.00045379155,-1
G011,G020,-0.000453879,-1
G048,G010,-0.00045421004,-1
G017,G093,-0.00045423766,-1
G062,G061,-0.00045473166,-1
G046,G002,-0.00045555673,-1
G068,G062,-0.0004557034,-1
G010,G016,-0.0004557602,-1
G080,G069,-0.00045582122,-1
G088,G099,-0.0004563168,-1
G014,G051,-0.00045665624,-1
G039,G063,-0.00045805293,-1
G078,G002,-0.00045825334,-1
G077,G019,-0.0004590565,-1
G019,G006,-0.00045931846,-1
G002,G032,-0.00045938554,-1
G024,G034,-0.00045957748,-1
G039,G099,-0.0004598284,-1
G028,G010,-0.0004604546,-1
G052,G100,-0.00046073587,-1
G090,G071,-0.0004614813,-1
G037,G098,-0.0004617797,-1
G055,G092,-0.0004625028,-1
G056,G070,-0.00046257852,-1
G086,G017,-0.00046273874,-1
G094,G076,-0.00046335018,-1
G093,G004,-0.00046422068,-1
G062,G006,-0.00046432271,-1
G017,G004,-0.00046564525,-1
G050,G049,-0.00046643923,-1
G051,G046,-0.0004665155,-1
G033,G078,-0.00046663522,-1
G028,G029,-0.00046729713,-1
G052,G090,-0.00046875002,-1
G046,G049,-0.0004693853,-1
G035,G082,-0.00046982433,-1
G045,G071,-0.00047167318,-1
G020,G013,-0.00047184902,-1
G039,G034,-0.00047232525,-1
G049,G041,-0.00047248628,-1
G090,G100,-0.0004742768,-1
G016,G006,-0.00047466025,-1
G050,G062,-0.00047475495,-1
G060,G005,-0.00047493738,-1
G069,G095,-0.00047523135,-1
G038,G079,-0.0004754,-1
G038,G044,-0.00047583185,-1
G048,G085,-0.00047632612,-1
G093,G070,-0.00047659216,-1
G096,G011,-0.00047717633,-1
G033,G021,-0.00047721813,-1
G074,G091,-0.00047765172,-1
G061,G057,-0.00047959737,-1
G078,G016,-0.00048070177,-1
G073,G050,-0.00048093646,-1
G035,G043,-0.00048219433,-1
G096,G043,-0.00048287213,-1
G063,G070,-0.0004830559,-1
G058,G009,-0.00048339856,-1
G032,G052,-0.00048347778,-1
G078,G084,-0.00048358453,-1
G044,G009,-0.00048364015,-1
G034,G092,-0.00048388733,-1
G047,G051,-0.000484238,-1
G068,G054,-0.00048464505,-1
G056,G092,-0.00048490343,-1
G039,G032,-0.00048504732,-1
G011,G027,-0.00048594756,-1
G092,G015,-0.00048637207,-1
G023,G015,-0.000486636,-1
G010,G051,-0.00048702318,-1
G092,G059,-0.00048716593,-1
G006,G042,-0.0004874435,-1
G098,G092,-0.0004882706,-1
G051,G086,-0.00048828113,-1
G063,G084,-0.0004891981,-1
G020,G048,-0.00048926927,-1
G071,G051,-0.0004899992,-1
G003,G028,-0.0004900378,-1
G025,G002,-0.00049071765,-1
G034,G015,-0.00049107434,-1
G043,G077,-0.0004926396,-1
G049,G048,-0.00049298164,-1
G019,G098,-0.0004929994,-1
G033,G004,-0.00049304444,-1
G096,G034,-0.00049332407,-1
G096,G035,-0.0004936941,-1
G033,G059,-0.00049548206,-1
G011,G033,-0.000495617,-1
G056,G087,-0.0004960966,-1
G077,G031,-0.00049613666,-1
G070,G068,-0.0004963605,-1
G014,G095,-0.000496577,-1
G076,G097,-0.0004971431,-1
G032,G062,-0.0004972963,-1
G076,G008,-0.00049737305,-1
G048,G008,-0.0004982752,-1
G036,G060,-0.00049851404,-1
G020,G015,-0.00049891364,-1
G060,G067,-0.00049895426,-1
G041,G097,-0.0004993069,-1
G081,G083,-0.0004993205,-1
G013,G072,-0.0004998462,-1
G085,G053,-0.0004999226,-1
G002,G009,-0.00050006976,-1
G030,G069,-0.0005013871,-1
G056,G024,-0.0005018293,-1
G078,G083,-0.0005023132,-1
G011,G023,-0.0005024286,-1
G071,G084,-0.0005025973,-1
G093,G013,-0.00050279876,-1
G069,G057,-0.00050377037,-1
G017,G048,-0.00050450163,-1
G002,G047,-0.0005046867,-1
G098,G087,-0.00050482224,-1
G021,G019,-0.00050628657,-1
G088,G026,-0.00050633505,-1
G062,G069,-0.00050634885,-1
G084,G049,-0.0005064492,-1
G077,G083,-0.00050668087,-1
G089,G042,-0.0005068598,-1
G057,G074,-0.0005071053,-1
G089,G030,-0.0005073613,-1
G068,G047,-0.0005074402,-1
G093,G095,-0.0005076571,-1
G074,G082,-0.00050788635,-1
G011,G022,-0.0005081547,-1
G015,G046,-0.0005085654,-1
G036,G006,-0.0005095827,-1
G012,G099,-0.00050982373,-1
G019,G089,-0.0005099586,-1
G095,G093,-0.0005099617,-1
G044,G045,-0.0005102226,-1
G034,G024,-0.0005114696,-1
G025,G035,-0.00051148864,-1
G007,G022,-0.00051191903,-1
G095,G098,-0.0005125154,-1
G069,G045,-0.0005127571,-1
G084,G091,-0.00051294133,-1
G031,G020,-0.0005131833,-1
G014,G089,-0.00051404233,-1
G001,G069,-0.00051409827,-1
G065,G032,-0.000514117,-1
G081,G052,-0.0005149638,-1
G100,G024,-0.00051660533,-1
G002,G018,-0.0005169657,-1
G064,G033,-0.0005178708,-1
G030,G099,-0.0005183979,-1
G056,G060,-0.00051877473,-1
G056,G028,-0.00051912566,-1
G043,G003,-0.00052031473,-1
G040,G093,-0.00052047544,-1
G029,G038,-0.00052083714,-1
G042,G049,-0.0005210532,-1
G091,G065,-0.00052139425,-1
G031,G066,-0.00052185444,-1
G080,G096,-0.0005226478,-1
G071,G029,-0.0005233766,-1
G082,G100,-0.00052358664,-1
G080,G009,-0.0005237585,-1
G018,G055,-0.0005248214,-1
G079,G021,-0.0005259285,-1
G076,G042,-0.0005261872,-1
G047,G010,-0.00052631437,-1
G090,G012,-0.00052650046,-1
G021,G040,-0.00052667427,-1
G037,G025,-0.0005268087,-1
G042,G034,-0.0005270429,-1
G099,G056,-0.000528262,-1
G077,G022,-0.0005286317,-1
G022,G072,-0.00052864314,-1
G092,G037,-0.00052919355,-1
G048,G096,-0.000529642,-1
G053,G010,-0.0005299045,-1
G014,G063,-0.000530266,-1
G057,G084,-0.0005306428,-1
G094,G048,-0.00053095643,-1
G019,G061,-0.00053119083,-1
G002,G011,-0.00053151464,-1
G048,G046,-0.0005319,-1
G083,G039,-0.00053208176,-1
G079,G041,-0.00053274457,-1
G009,G029,-0.00053298945,-1
G010,G018,-0.00053513783,-1
G041,G005,-0.0005356136,-1
G097,G009,-0.0005369418,-1
G092,G098,-0.00053711585,-1
G041,G049,-0.00053712964,-1
G049,G038,-0.0005372192,-1
G025,G093,-0.00053767307,-1
G051,G044,-0.00053847913,-1
G078,G053,-0.00053863844,-1
G023,G069,-0.0005395677,-1
G038,G052,-0.00054025045,-1
G094,G082,-0.00054073345,-1
G015,G055,-0.00054126803,-1
G100,G022,-0.0005418034,-1
G084,G099,-0.00054209225,-1
G085,G090,-0.00054289587,-1
G055,G099,-0.00054405216,-1
G030,G084,-0.0005444906,-1
G067,G058,-0.0005445175,-1
G099,G051,-0.00054543867,-1
G044,G073,-0.00054582575,-1
G098,G012,-0.00054606807,-1
G046,G039,-0.00054704817,-1
G069,G081,-0.0005470707,-1
G068,G060,-0.0005474828,-1
G014,G040,-0.0005477319,-1
G074,G094,-0.00054830906,-1
G059,G094,-0.0005489324,-1
G027,G066,-0.00054894685,-1
G001,G067,-0.00055070035,-1
G052,G079,-0.0005516029,-1
G021,G070,-0.00055296125,-1
G086,G087,-0.0005532024,-1
G009,G065,-0.00055406906,-1
G097,G047,-0.0005564556,-1
G063,G074,-0.0005569872,-1
G074,G042,-0.00055785564,-1
G051,G032,-0.0005579208,-1
G033,G012,-0.0005582712,-1
G009,G085,-0.00055946776,-1
G011,G088,-0.0005600545,-1
G002,G066,-0.00056112406,-1
G087,G049,-0.00056113634,-1
G037,G026,-0.00056231365,-1
G035,G010,-0.00056545873,-1
G035,G009,-0.0005658091,-1
G015,G048,-0.00056665146,-1
G079,G056,-0.0005670612,-1
G010,G064,-0.000567147,-1
G007,G030,-0.00056789536,-1
G034,G028,-0.00056944153,-1
G090,G041,-0.00056952506,-1
G036,G049,-0.00057033845,-1
G051,G045,-0.00057059404,-1
G064,G083,-0.00057169906,-1
G094,G022,-0.0005718303,-1
G001,G035,-0.0005730262,-1
G091,G099,-0.0005732421,-1
G085,G044,-0.00057464046,-1
G067,G035,-0.00057514285,-1
G052,G088,-0.0005756654,-1
G040,G032,-0.0005757486,-1
G087,G019,-0.00057615235,-1
G059,G063,-0.00057820056,-1
G094,G020,-0.00057853694,-1
G096,G064,-0.00057913526,-1
G002,G099,-0.0005807583,-1
G034,G098,-0.00058123335,-1
G096,G016,-0.0005827849,-1
G004,G064,-0.00058289256,-1
G057,G056,-0.00058426434,-1
G059,G011,-0.000585869,-1
G079,G049,-0.0005859676,-1
G009,G052,-0.0005864359,-1
G021,G022,-0.0005869291,-1
G011,G044,-0.0005869855,-1
G040,G017,-0.00058716646,-1
G055,G062,-0.0005874296,-1
G027,G057,-0.0005877177,-1
G013,G031,-0.0005878054,-1
G089,G028,-0.00058899046,-1
G015,G093,-0.0005897425,-1
G095,G034,-0.0005900195,-1
G075,G006,-0.0005911989,-1
G060,G018,-0.0005913481,-1
G020,G058,-0.00059200375,-1
G067,G064,-0.0005921314,-1
G099,G018,-0.00059332966,-1
G090,G045,-0.0005933615,-1
G036,G011,-0.0005935258,-1
G089,G072,-0.00059392257,-1
G055,G032,-0.00059451617,-1
G067,G075,-0.000594852,-1
G062,G071,-0.0005955303,-1
G079,G017,-0.0005961141,-1
G040,G077,-0.0005962333,-1
G097,G073,-0.0005969391,-1
G057,G044,-0.00059697,-1
G014,G098,-0.0005974221,-1
G096,G029,-0.000597431,-1
G086,G092,-0.000597707,-1
G019,G009,-0.00059771637,-1
G065,G029,-0.0005978259,-1
G006,G072,-0.00059817603,-1
G043,G086,-0.0005982745,-1
G097,G036,-0.00059837865,-1
G050,G081,-0.0005988184,-1
G014,G035,-0.0005991021,-1
G004,G027,-0.0006004623,-1
G094,G028,-0.00060063833,-1
G083,G043,-0.0006006643,-1
G030,G027,-0.00060108013,-1
G015,G043,-0.00060108793,-1
G086,G040,-0.0006018575,-1
G002,G039,-0.00060214085,-1
G081,G085,-0.00060250564,-1
G002,G085,-0.00060270226,-1
G015,G057,-0.0006042886,-1
G084,G040,-0.0006043339,-1
G097,G042,-0.0006043951,-1
G020,G063,-0.00060473033,-1
G096,G021,-0.00060520344,-1
G081,G093,-0.0006058063,-1
G049,G090,-0.00060602,-1
G007,G021,-0.00060639315,-1
G004,G099,-0.0006084501,-1
G003,G035,-0.0006097638,-1
G076,G085,-0.00060992135,-1
G064,G002,-0.00061033294,-1
G066,G060,-0.00061093806,-1
G066,G027,-0.0006112241,-1
G029,G098,-0.0006116108,-1
G047,G059,-0.0006119441,-1
G005,G062,-0.00061236083,-1
G077,G046,-0.00061257894,-1
G056,G055,-0.0006130976,-1
G074,G043,-0.00061328587,-1
G092,G067,-0.0006140441,-1
G021,G009,-0.00061464397,-1
G071,G034,-0.0006149408,-1
G023,G021,-0.0006172725,-1
G060,G002,-0.0006178191,-1
G070,G008,-0.00061821204,-1
G023,G093,-0.0006188757,-1
G015,G045,-0.00061902695,-1
G041,G073,-0.00061915035,-1
G099,G022,-0.0006200081,-1
G033,G067,-0.00062021805,-1
G078,G020,-0.000621098,-1
G031,G052,-0.0006218703,-1
G032,G016,-0.00062204566,-1
G008,G088,-0.0006222395,-1
G053,G019,-0.0006222707,-1
G061,G023,-0.00062309956,-1
G086,G065,-0.0006241414,-1
G027,G017,-0.0006242387,-1
G059,G065,-0.0006250287,-1
G070,G003,-0.0006252044,-1
G071,G003,-0.0006255364,-1
G005,G082,-0.00062705297,-1
G063,G040,-0.0006273899,-1
G086,G023,-0.0006279228,-1
G012,G023,-0.0006279316,-1
G074,G022,-0.0006296964,-1
G006,G073,-0.0006297536,-1
G079,G048,-0.000629911,-1
G050,G005,-0.0006304259,-1
G017,G060,-0.0006307688,-1
G018,G041,-0.0006323417,-1
G015,G095,-0.0006328441,-1
G073,G009,-0.0006338679,-1
G038,G009,-0.0006359475,-1
G096,G031,-0.0006360006,-1
G088,G089,-0.00063685066,-1
G082,G088,-0.00063705276,-1
G004,G045,-0.0006382817,-1
G040,G018,-0.0006390714,-1
G003,G019,-0.0006390765,-1
G010,G062,-0.0006391587,-1
G002,G015,-0.0006410098,-1
G094,G091,-0.0006415747,-1
G013,G041,-0.0006418649,-1
G093,G048,-0.00064186694,-1
G017,G013,-0.0006418803,-1
G022,G012,-0.0006430163,-1
G051,G090,-0.00064407196,-1
G075,G074,-0.0006464576,-1
G060,G069,-0.0006507419,-1
G037,G085,-0.0006509062,-1
G070,G065,-0.00065157394,-1
G070,G044,-0.000653335,-1
G056,G065,-0.00065391784,-1
G082,G087,-0.00065410737,-1
G045,G037,-0.0006553762,-1
G030,G078,-0.00065552915,-1
G040,G024,-0.0006558259,-1
G088,G034,-0.0006563211,-1
G043,G074,-0.0006564823,-1
G076,G001,-0.00065665203,-1
G049,G001,-0.00065882655,-1
G097,G063,-0.0006595835,-1
G023,G080,-0.00065985956,-1
G067,G076,-0.0006613817,-1
G011,G063,-0.00066215085,-1
G057,G061,-0.0006625031,-1
G037,G083,-0.0006638233,-1
G079,G066,-0.0006639388,-1
G095,G075,-0.00066536403,-1
G047,G082,-0.0006687365,-1
G019,G034,-0.00066980673,-1
G035,G069,-0.00067091075,-1
G081,G005,-0.0006710017,-1
G038,G007,-0.00067162403,-1
G098,G025,-0.00067379395,-1
G098,G038,-0.00067388674,-1
G014,G037,-0.0006741475,-1
G074,G068,-0.0006751238,-1
G044,G056,-0.0006752186,-1
G019,G080,-0.00067745545,-1
G016,G085,-0.0006778409,-1
G056,G003,-0.0006792905,-1
G039,G061,-0.0006805139,-1
G043,G058,-0.00068081036,-1
G062,G084,-0.0006811291,-1
G021,G098,-0.00068176497,-1
G086,G019,-0.0006820788,-1
G021,G027,-0.00068243465,-1
G032,G060,-0.00068275986,-1
G098,G062,-0.0006836016,-1
G086,G058,-0.0006837645,-1
G061,G080,-0.0006837723,-1
G078,G060,-0.00068429025,-1
G093,G047,-0.00068485684,-1
G087,G056,-0.00068491657,-1
G094,G063,-0.0006853994,-1
G001,G071,-0.0006861784,-1
G016,G029,-0.000686619,-1
G097,G065,-0.00068748347,-1
G026,G080,-0.0006876776,-1
G056,G048,-0.00068793166,-1
G095,G038,-0.0006902157,-1
G082,G011,-0.00069045165,-1
G020,G081,-0.0006913886,-1
G025,G092,-0.0006934355,-1
G034,G017,-0.00069353747,-1
G073,G045,-0.0006937409,-1
G062,G040,-0.0006944261,-1
G086,G030,-0.00069569703,-1
G083,G062,-0.0006960629,-1
G069,G075,-0.0006975579,-1
G034,G069,-0.00069844036,-1
G001,G062,-0.00069889985,-1
G055,G066,-0.00069919514,-1
G034,G041,-0.0006998787,-1
G049,G060,-0.0007005025,-1
G007,G024,-0.00070143206,-1
G038,G062,-0.000701598,-1
G081,G086,-0.00070303585,-1
G035,G088,-0.00070328783,-1
G036,G047,-0.0007034329,-1
G044,G090,-0.0007039032,-1
G037,G012,-0.00070526096,-1
G011,G067,-0.0007063179,-1
G078,G085,-0.0007063372,-1
G081,G029,-0.00070742506,-1
G071,G066,-0.0007081536,-1
G076,G004,-0.00070989144,-1
G082,G052,-0.00071054447,-1
G074,G059,-0.00071065483,-1
G085,G071,-0.0007111923,-1
G029,G056,-0.0007116627,-1
G089,G038,-0.00071196276,-1
G092,G081,-0.00071400474,-1
G046,G034,-0.00071451254,-1
G009,G081,-0.00071473635,-1
G088,G051,-0.0007154074,-1
G041,G002,-0.0007156509,-1
G022,G084,-0.0007160401,-1
G030,G072,-0.00071650505,-1
G081,G095,-0.00071696064,-1
G041,G077,-0.000718454,-1
G002,G028,-0.00071897474,-1
G041,G085,-0.0007191204,-1
G004,G089,-0.0007192551,-1
G006,G059,-0.0007205139,-1
G037,G076,-0.00072061527,-1
G012,G062,-0.0007216001,-1
G046,G090,-0.0007233529,-1
G011,G052,-0.0007238307,-1
G086,G010,-0.00072418514,-1
G041,G071,-0.00072435284,-1
G031,G083,-0.0007259688,-1
G054,G063,-0.0007271844,-1
G017,G070,-0.00072768173,-1
G010,G007,-0.0007286209,-1
G097,G072,-0.00073037617,-1
G054,G034,-0.0007308584,-1
G023,G068,-0.0007313106,-1
G043,G059,-0.00073149207,-1
G073,G033,-0.00073155045,-1
G083,G011,-0.00073223596,-1
G078,G094,-0.00073307,-1
G048,G057,-0.00073310087,-1
G077,G099,-0.00073315087,-1
G004,G068,-0.00073406455,-1
G073,G077,-0.0007343661,-1
G071,G075,-0.0007347712,-1
G043,G057,-0.0007349032,-1
G073,G056,-0.00073522754,-1
G020,G028,-0.0007371009,-1
G054,G027,-0.0007375311,-1
G014,G012,-0.0007375607,-1
G079,G095,-0.0007375974,-1
G031,G090,-0.0007380527,-1
G006,G088,-0.00073941785,-1
G090,G089,-0.00073998974,-1
G065,G002,-0.0007404861,-1
G072,G064,-0.00074053253,-1
G018,G093,-0.0007409375,-1
G043,G045,-0.0007414292,-1
G038,G068,-0.0007422858,-1
G052,G071,-0.00074230204,-1
G057,G009,-0.0007428437,-1
G069,G031,-0.0007429549,-1
G004,G069,-0.0007435091,-1
G018,G086,-0.0007453458,-1
G002,G022,-0.0007459677,-1
G046,G011,-0.00074602256,-1
G059,G038,-0.0007474177,-1
G055,G075,-0.000749467,-1
G016,G012,-0.0007516775,-1
G100,G041,-0.0007521532,-1
G038,G002,-0.0007526791,-1
G073,G022,-0.00075309037,-1
G076,G057,-0.00075556873,-1
G004,G052,-0.0007555756,-1
G047,G034,-0.0007561563,-1
G086,G013,-0.00075636903,-1
G089,G011,-0.0007565862,-1
G085,G012,-0.0007572298,-1
G023,G028,-0.00075729773,-1
G063,G069,-0.0007573478,-1
G065,G064,-0.00075780967,-1
G066,G076,-0.0007584188,-1
G015,G022,-0.0007584372,-1
G036,G026,-0.0007585008,-1
G052,G087,-0.00075872533,-1
G044,G021,-0.0007588694,-1
G033,G063,-0.0007600985,-1
G020,G010,-0.00076021306,-1
G058,G085,-0.00076031307,-1
G018,G040,-0.00076153874,-1
G035,G080,-0.000766123,-1
G009,G068,-0.00076637487,-1
G083,G050,-0.0007669362,-1
G048,G053,-0.00076746574,-1
G042,G082,-0.00076750614,-1
G046,G050,-0.0007675949,-1
G013,G047,-0.00076833507,-1
G091,G017,-0.00076893315,-1
G032,G056,-0.0007695651,-1
G085,G028,-0.0007709409,-1
G072,G013,-0.0007710491,-1
G072,G071,-0.00077135337,-1
G069,G048,-0.000771508,-1
G042,G093,-0.0007720596,-1
G004,G070,-0.00077349064,-1
G056,G054,-0.0007735087,-1
G010,G037,-0.0007735486,-1
G005,G057,-0.0007751389,-1
G061,G083,-0.0007767666,-1
G010,G019,-0.0007769766,-1
G022,G050,-0.00077725475,-1
G069,G053,-0.0007783432,-1
G076,G091,-0.0007783664,-1
G034,G010,-0.00077850925,-1
G091,G097,-0.00077892235,-1
G044,G038,-0.0007789406,-1
G082,G014,-0.0007790474,-1
G041,G024,-0.0007794811,-1
G065,G087,-0.0007795899,-1
G092,G014,-0.0007801638,-1
G074,G044,-0.000780945,-1
G060,G019,-0.00078311586,-1
G052,G027,-0.0007839438,-1
G050,G092,-0.0007854186,-1
G087,G085,-0.00078572246,-1
G034,G052,-0.00078667235,-1
G021,G018,-0.00078800664,-1
G071,G043,-0.00078927464,-1
G034,G006,-0.00079058483,-1
G064,G084,-0.0007907609,-1
G020,G049,-0.0007925393,-1
G001,G045,-0.00079301023,-1
G041,G004,-0.0007930681,-1
G011,G060,-0.000794042,-1
G085,G024,-0.0007959854,-1
G065,G054,-0.000798974,-1
G022,G090,-0.0007990973,-1
G085,G004,-0.0007995482,-1
G059,G013,-0.0008008032,-1
G081,G039,-0.0008018459,-1
G041,G020,-0.0008026616,-1
G089,G050,-0.0008027949,-1
G049,G069,-0.00080304,-1
G045,G067,-0.0008030769,-1
G075,G070,-0.000803665,-1
G054,G029,-0.00080379687,-1
G070,G027,-0.0008047873,-1
G005,G087,-0.00080486666,-1
G067,G089,-0.00080526323,-1
G025,G021,-0.00080531667,-1
G039,G079,-0.00080576865,-1
G097,G006,-0.0008059515,-1
G050,G023,-0.0008060583,-1
G037,G084,-0.0008063728,-1
G031,G061,-0.0008063841,-1
G034,G037,-0.00080743484,-1
G080,G011,-0.00080748665,-1
G008,G026,-0.0008078121,-1
G062,G045,-0.00080845866,-1
G061,G077,-0.00080878724,-1
G030,G086,-0.0008095381,-1
G070,G019,-0.0008107667,-1
G009,G057,-0.0008113211,-1
G016,G089,-0.0008113996,-1
G009,G084,-0.0008116354,-1
G012,G038,-0.00081256725,-1
G087,G014,-0.00081266195,-1
G100,G044,-0.0008128003,-1
G058,G041,-0.0008133735,-1
G082,G038,-0.0008134519,-1
G084,G096,-0.0008134735,-1
G100,G097,-0.00081370136,-1
G095,G094,-0.00081476144,-1
G014,G044,-0.0008148566,-1
G030,G044,-0.00081497274,-1
G024,G085,-0.00081498397,-1
G023,G087,-0.0008151029,-1
G095,G081,-0.0008156987,-1
G064,G100,-0.0008159534,-1
G047,G075,-0.0008171956,-1
G068,G045,-0.00081809616,-1
G084,G064,-0.00081843114,-1
G085,G089,-0.000818798,-1
G022,G061,-0.0008190528,-1
G086,G001,-0.0008192443,-1
G083,G001,-0.00081959396,-1
G067,G045,-0.000820729,-1
G096,G007,-0.0008220712,-1
G008,G047,-0.0008226058,-1
G069,G021,-0.0008230677,-1
G036,G041,-0.00082411536,-1
G010,G059,-0.0008255631,-1
G011,G084,-0.00082719093,-1
G074,G011,-0.00082729687,-1
G001,G058,-0.00082744076,-1
G062,G004,-0.00082801847,-1
G097,G017,-0.0008283438,-1
G055,G013,-0.00082913274,-1
G038,G008,-0.0008294058,-1
G063,G028,-0.0008296697,-1
G054,G005,-0.0008302436,-1
G023,G044,-0.00083261624,-1
G006,G040,-0.00083283696,-1
G060,G024,-0.0008337354,-1
G034,G058,-0.00083390897,-1
G063,G029,-0.0008346305,-1
G086,G004,-0.0008347372,-1
G094,G051,-0.00083890406,-1
G086,G009,-0.00083914463,-1
G071,G085,-0.0008421307,-1
G063,G004,-0.0008422466,-1
G059,G062,-0.0008428886,-1
G010,G094,-0.00084302103,-1
G098,G041,-0.00084347866,-1
G032,G011,-0.00084368023,-1
G089,G083,-0.0008449942,-1
G033,G035,-0.0008466103,-1
G068,G099,-0.0008487092,-1
G039,G051,-0.0008511774,-1
G077,G047,-0.0008522579,-1
G089,G070,-0.00085235125,-1
G043,G062,-0.0008541593,-1
G036,G021,-0.00085418875,-1
G096,G072,-0.0008562441,-1
G019,G085,-0.00085627317,-1
G057,G012,-0.00085771707,-1
G072,G021,-0.00085930846,-1
G024,G009,-0.00086002593,-1
G047,G024,-0.0008602487,-1
G036,G034,-0.0008605372,-1
G063,G052,-0.0008610184,-1
G093,G050,-0.00086208986,-1
G071,G053,-0.0008626782,-1
G011,G078,-0.00086295616,-1
G070,G083,-0.00086326216,-1
G048,G047,-0.0008635366,-1
G067,G050,-0.00086440844,-1
G073,G081,-0.00086541905,-1
G058,G099,-0.0008658594,-1
G022,G048,-0.00086601765,-1
G017,G042,-0.00086628157,-1
G011,G096,-0.00086737913,-1
G092,G004,-0.0008686626,-1
G043,G038,-0.0008691913,-1
G061,G025,-0.00086936896,-1
G075,G092,-0.00086949236,-1
G026,G008,-0.0008703586,-1
G097,G034,-0.00087043084,-1
G069,G080,-0.0008710182,-1
G100,G076,-0.00087113655,-1
G042,G066,-0.00087150495,-1
G053,G021,-0.0008719419,-1
G015,G010,-0.0008732291,-1
G083,G021,-0.00087463285,-1
G076,G100,-0.0008746835,-1
G032,G020,-0.0008761439,-1
G048,G064,-0.00087737764,-1
G081,G057,-0.0008774965,-1
G014,G020,-0.0008786015,-1
G052,G003,-0.00087869295,-1
G075,G018,-0.0008797343,-1
G098,G067,-0.00088004867,-1
G074,G012,-0.0008804138,-1
G078,G006,-0.0008810031,-1
G042,G025,-0.00088132394,-1
G002,G023,-0.0008815403,-1
G025,G085,-0.00088165875,-1
G068,G077,-0.0008832641,-1
G100,G079,-0.00088358973,-1
G077,G034,-0.00088380306,-1
G090,G068,-0.0008840176,-1
G087,G082,-0.00088608405,-1
G010,G038,-0.0008861574,-1
G048,G079,-0.0008895957,-1
G074,G085,-0.0008898557,-1
G044,G023,-0.0008899786,-1
G090,G077,-0.00089167745,-1
G002,G059,-0.00089182216,-1
G038,G033,-0.00089210697,-1
G006,G054,-0.0008922659,-1
G088,G097,-0.00089239905,-1
G062,G063,-0.0008927975,-1
G042,G054,-0.0008930199,-1
G077,G027,-0.00089303,-1
G006,G052,-0.00089535996,-1
G031,G089,-0.00089721463,-1
G075,G036,-0.00089731585,-1
G099,G044,-0.0008976023,-1
G058,G057,-0.0008979592,-1
G038,G036,-0.00089801516,-1
G004,G017,-0.000898671,-1
G027,G081,-0.0008987395,-1
G073,G075,-0.00089934736,-1
G029,G043,-0.00089942844,-1
G093,G017,-0.00089986407,-1
G025,G089,-0.00090082135,-1
G052,G089,-0.0009017733,-1
G062,G095,-0.0009023865,-1
G027,G008,-0.0009025432,-1
G026,G018,-0.0009026221,-1
G031,G019,-0.0009031727,-1
G013,G025,-0.00090337277,-1
G023,G008,-0.0009049548,-1
G084,G085,-0.0009050513,-1
G022,G041,-0.00090730283,-1
G017,G027,-0.00090751157,-1
G069,G090,-0.00090784836,-1
G012,G041,-0.00090840535,-1
G051,G079,-0.0009088482,-1
G049,G074,-0.0009090105,-1
G085,G097,-0.00090976065,-1
G033,G065,-0.00090984744,-1
G003,G099,-0.00091021653,-1
G100,G056,-0.0009107663,-1
G076,G094,-0.0009113547,-1
G037,G029,-0.0009115285,-1
G046,G085,-0.00091231806,-1
G014,G042,-0.0009123894,-1
G100,G010,-0.0009131891,-1
G039,G035,-0.00091320643,-1
G070,G099,-0.00091339694,-1
G001,G060,-0.0009141491,-1
G029,G031,-0.0009147474,-1
G065,G081,-0.00091496186,-1
G049,G061,-0.0009165834,-1
G045,G098,-0.00091857964,-1
G070,G100,-0.00091903325,-1
G066,G071,-0.00091911515,-1
G004,G039,-0.00092045264,-1
G048,G082,-0.00092212175,-1
G029,G039,-0.0009223029,-1
G028,G052,-0.0009227081,-1
G082,G032,-0.00092303567,-1
G029,G006,-0.0009250607,-1
G067,G037,-0.000925212,-1
G048,G045,-0.0009269358,-1
G037,G090,-0.0009278164,-1
G008,G036,-0.0009293657,-1
G005,G099,-0.0009300554,-1
G055,G085,-0.00093008444,-1
G032,G100,-0.0009303562,-1
G061,G035,-0.0009308306,-1
G009,G058,-0.0009313224,-1
G065,G095,-0.0009323919,-1
G064,G017,-0.00093258853,-1
G061,G089,-0.0009344546,-1
G063,G053,-0.0009348755,-1
G072,G014,-0.0009352222,-1
G007,G078,-0.0009352895,-1
G079,G086,-0.00093672983,-1
G065,G039,-0.00093712565,-1
G011,G070,-0.00093770085,-1
G008,G042,-0.00093873666,-1
G065,G021,-0.0009389905,-1
G057,G046,-0.0009395051,-1
G005,G032,-0.0009398248,-1
G092,G070,-0.00094015454,-1
G050,G012,-0.0009406132,-1
G081,G009,-0.0009413676,-1
G064,G085,-0.0009425626,-1
G061,G045,-0.00094429817,-1
G089,G047,-0.00094468845,-1
G072,G081,-0.000944811,-1
G071,G002,-0.00094758545,-1
G059,G016,-0.00094825553,-1
G062,G091,-0.00094844686,-1
G020,G039,-0.0009492011,-1
G075,G086,-0.00095163746,-1
G085,G091,-0.00095277396,-1
G033,G022,-0.0009530348,-1
G078,G073,-0.0009537582,-1
G062,G067,-0.00095512567,-1
G066,G042,-0.0009556402,-1
G003,G067,-0.0009556487,-1
G081,G070,-0.0009557824,-1
G046,G033,-0.00095770956,-1
G095,G082,-0.00095784664,-1
G062,G054,-0.0009593042,-1
G002,G072,-0.0009596267,-1
G035,G072,-0.00095977465,-1
G074,G075,-0.0009601217,-1
G029,G077,-0.0009611265,-1
G027,G003,-0.0009618531,-1
G032,G094,-0.0009621152,-1
G064,G093,-0.0009628375,-1
G055,G046,-0.0009636289,-1
G038,G020,-0.0009637227,-1
G009,G070,-0.0009668591,-1
G090,G021,-0.0009676876,-1
G088,G048,-0.00096828624,-1
G045,G076,-0.0009684103,-1
G008,G076,-0.000968559,-1
G047,G072,-0.00096905156,-1
G037,G008,-0.00097029563,-1
G015,G087,-0.00097108044,-1
G014,G046,-0.00097121333,-1
G074,G010,-0.0009727065,-1
G098,G034,-0.000972846,-1
G090,G034,-0.00097484776,-1
G088,G055,-0.0009748579,-1
G064,G078,-0.0009753126,-1
G081,G067,-0.0009759972,-1
G069,G018,-0.0009773276,-1
G022,G018,-0.0009780623,-1
G045,G036,-0.0009791901,-1
G094,G099,-0.0009793612,-1
G036,G016,-0.0009797507,-1
G030,G035,-0.0009802915,-1
G061,G004,-0.0009809202,-1
G081,G006,-0.000981356,-1
G041,G058,-0.000981625,-1
G018,G008,-0.0009818989,-1
G062,G001,-0.000981915,-1
G024,G078,-0.0009824046,-1
G100,G011,-0.0009825446,-1
G060,G059,-0.0009836965,-1
G088,G019,-0.0009846856,-1
G021,G034,-0.0009849189,-1
G003,G046,-0.0009855137,-1
G042,G003,-0.0009864934,-1
G087,G074,-0.0009868334,-1
G066,G099,-0.000987313,-1
G019,G099,-0.0009874222,-1
G085,G015,-0.0009876981,-1
G019,G004,-0.0009879877,-1
G006,G093,-0.0009888111,-1
G028,G099,-0.000990632,-1
G035,G034,-0.0009918339,-1
G062,G065,-0.0009923647,-1
G080,G076,-0.0009924056,-1
G003,G005,-0.0009931469,-1
G020,G091,-0.0009955796,-1
G065,G035,-0.0009962042,-1
G040,G099,-0.0009970358,-1
G098,G070,-0.0009970366,-1
G027,G021,-0.000997972,-1
G016,G001,-0.0009991425,-1
G019,G067,-0.0009996113,-1
G004,G054,-0.0009999998,-1
G090,G048,-0.0010012629,-1
G002,G080,-0.0010015193,-1
G082,G067,-0.0010068418,-1
G055,G016,-0.0010075989,-1
G053,G001,-0.0010078042,-1
G098,G090,-0.0010082326,-1
G017,G073,-0.0010101724,-1
G032,G038,-0.0010103306,-1
G034,G087,-0.0010104243,-1
G065,G015,-0.0010111548,-1
G020,G080,-0.0010115267,-1
G094,G067,-0.0010119239,-1
G034,G048,-0.0010121923,-1
G008,G079,-0.0010144213,-1
G009,G054,-0.0010146695,-1
G094,G009,-0.0010165673,-1
G034,G093,-0.0010175009,-1
G064,G040,-0.0010185709,-1
G097,G064,-0.0010185749,-1
G038,G095,-0.00102054,-1
G090,G013,-0.0010208173,-1
G038,G032,-0.0010210418,-1
G045,G004,-0.0010210691,-1
G078,G015,-0.0010213405,-1
G085,G020,-0.0010215929,-1
G008,G020,-0.0010222691,-1
G092,G036,-0.0010226595,-1
G009,G099,-0.001022683,-1
G082,G068,-0.0010240932,-1
G070,G075,-0.0010255387,-1
G019,G076,-0.0010259942,-1
G091,G056,-0.0010270636,-1
G017,G071,-0.0010271887,-1
G073,G089,-0.0010278441,-1
G067,G036,-0.001027982,-1
G052,G082,-0.0010280968,-1
G098,G005,-0.0010281918,-1
G024,G058,-0.0010285861,-1
G046,G059,-0.0010295989,-1
G041,G011,-0.0010301989,-1
G015,G029,-0.0010312279,-1
G063,G034,-0.0010332457,-1
G100,G042,-0.0010332915,-1
G004,G008,-0.0010339237,-1
G005,G021,-0.0010343427,-1
G030,G073,-0.001034458,-1
G082,G041,-0.0010372754,-1
G031,G065,-0.0010376846,-1
G011,G046,-0.0010383294,-1
G050,G070,-0.0010386341,-1
G054,G042,-0.0010388562,-1
G052,G067,-0.0010390135,-1
G046,G061,-0.0010401743,-1
G090,G087,-0.0010411784,-1
G017,G011,-0.001041582,-1
G047,G030,-0.0010421757,-1
G005,G027,-0.0010423107,-1
G097,G090,-0.001042314,-1
G081,G058,-0.0010435464,-1
G028,G082,-0.0010440662,-1
G033,G005,-0.0010447279,-1
G004,G010,-0.0010450907,-1
G039,G031,-0.001046597,-1
G046,G095,-0.0010469541,-1
G027,G029,-0.0010472602,-1
G098,G036,-0.0010472687,-1
G051,G055,-0.0010482275,-1
G008,G029,-0.0010488012,-1
G080,G059,-0.0010491355,-1
G054,G026,-0.0010492312,-1
G068,G028,-0.001049377,-1
G061,G036,-0.0010504564,-1
G006,G041,-0.0010514195,-1
G011,G017,-0.0010522486,-1
G094,G058,-0.0010535412,-1
G095,G047,-0.0010562815,-1
G005,G100,-0.0010577774,-1
G041,G054,-0.0010586142,-1
G072,G010,-0.0010593788,-1
G077,G100,-0.0010612579,-1
G024,G002,-0.0010614994,-1
G018,G049,-0.0010616895,-1
G051,G092,-0.0010617933,-1
G040,G004,-0.0010618139,-1
G044,G092,-0.0010620325,-1
G075,G093,-0.0010622808,-1
G082,G036,-0.001062329,-1
G064,G021,-0.0010625086,-1
G087,G034,-0.0010630982,-1
G056,G086,-0.0010634491,-1
G087,G021,-0.0010635409,-1
G038,G042,-0.001064166,-1
G016,G084,-0.0010650168,-1
G081,G075,-0.0010653463,-1
G028,G049,-0.0010656051,-1
G033,G017,-0.0010656773,-1
G036,G023,-0.001065968,-1
G098,G095,-0.0010663735,-1
G097,G098,-0.0010663773,-1
G093,G056,-0.0010667332,-1
G067,G018,-0.0010674429,-1
G057,G075,-0.0010679746,-1
G079,G050,-0.0010689748,-1
G072,G004,-0.0010705183,-1
G059,G025,-0.0010709119,-1
G046,G021,-0.0010712428,-1
G092,G013,-0.001071801,-1
G088,G006,-0.0010719734,-1
G016,G067,-0.0010721033,-1
G017,G096,-0.0010723517,-1
G029,G086,-0.0010737729,-1
G097,G028,-0.001074472,-1
G040,G051,-0.0010750768,-1
G084,G097,-0.0010754012,-1
G076,G017,-0.0010763849,-1
G015,G073,-0.0010778045,-1
G093,G089,-0.0010779686,-1
G066,G030,-0.0010784155,-1
G065,G034,-0.0010785819,-1
G079,G061,-0.0010788583,-1
G085,G094,-0.0010794149,-1
G041,G021,-0.0010795288,-1
G058,G086,-0.0010805397,-1
G029,G013,-0.0010813681,-1
G062,G043,-0.0010824278,-1
G014,G047,-0.0010834571,-1
G004,G048,-0.0010841875,-1
G064,G097,-0.0010846236,-1
G082,G091,-0.0010847108,-1
G054,G022,-0.0010847183,-1
G053,G081,-0.0010852877,-1
G089,G039,-0.0010861099,-1
G031,G011,-0.0010863892,-1
G031,G068,-0.0010867584,-1
G022,G030,-0.0010869917,-1
G092,G012,-0.0010885156,-1
G023,G066,-0.0010885183,-1
G084,G058,-0.0010895082,-1
G063,G007,-0.0010903386,-1
G045,G070,-0.0010909821,-1
G040,G045,-0.0010915827,-1
G043,G089,-0.0010923446,-1
G088,G078,-0.0010931079,-1
G033,G054,-0.0010936029,-1
G013,G093,-0.0010939344,-1
G012,G090,-0.0010939845,-1
G097,G054,-0.0010941387,-1
G038,G083,-0.0010944307,-1
G004,G050,-0.0010957973,-1
G065,G037,-0.0010965553,-1
G074,G073,-0.0010967093,-1
G081,G004,-0.0010969561,-1
G025,G023,-0.00109758,-1
G068,G004,-0.0010979163,-1
G057,G023,-0.0010985599,-1
G022,G071,-0.0010997587,-1
G054,G015,-0.0010998253,-1
G045,G014,-0.0010999168,-1
G043,G029,-0.0011022635,-1
G035,G090,-0.0011029888,-1
G074,G077,-0.0011034375,-1
G077,G014,-0.0011039505,-1
G019,G023,-0.0011051461,-1
G018,G045,-0.0011065091,-1
G052,G047,-0.0011071753,-1
G046,G089,-0.0011088701,-1
G082,G006,-0.0011117985,-1
G096,G012,-0.0011138504,-1
G092,G093,-0.001114767,-1
G062,G100,-0.0011162977,-1
G060,G029,-0.0011176508,-1
G090,G050,-0.00111766,-1
G035,G030,-0.0011183277,-1
G058,G056,-0.0011190716,-1
G039,G069,-0.0011207259,-1
G012,G045,-0.0011208693,-1
G017,G054,-0.0011211319,-1
G054,G080,-0.0011213026,-1
G093,G046,-0.001123068,-1
G057,G085,-0.0011251041,-1
G077,G067,-0.0011256884,-1
G100,G082,-0.0011263884,-1
G003,G069,-0.0011269447,-1
G064,G046,-0.0011271982,-1
G020,G089,-0.0011284235,-1
G099,G048,-0.0011294322,-1
G046,G056,-0.0011312407,-1
G021,G038,-0.0011317796,-1
G046,G023,-0.0011320517,-1
G021,G076,-0.0011323027,-1
G070,G014,-0.0011328947,-1
G054,G006,-0.0011336209,-1
G072,G085,-0.0011351432,-1
G052,G045,-0.0011373581,-1
G012,G069,-0.0011402203,-1
G004,G044,-0.0011403045,-1
G072,G089,-0.001140874,-1
G094,G084,-0.0011415882,-1
G089,G075,-0.0011419968,-1
G044,G075,-0.0011426235,-1
G013,G029,-0.0011427812,-1
G034,G020,-0.0011431004,-1
G079,G067,-0.0011437037,-1
G019,G064,-0.0011442128,-1
G074,G084,-0.0011460824,-1
G091,G049,-0.0011489302,-1
G031,G013,-0.0011503118,-1
G002,G065,-0.0011506269,-1
G090,G039,-0.0011509899,-1
G088,G068,-0.001151058,-1
G093,G084,-0.0011513188,-1
G047,G038,-0.0011523144,-1
G082,G029,-0.0011529229,-1
G056,G098,-0.0011532152,-1
G092,G017,-0.0011536105,-1
G034,G012,-0.0011536279,-1
G092,G048,-0.001154922,-1
G057,G078,-0.0011556833,-1
G069,G083,-0.0011562236,-1
G074,G090,-0.0011564522,-1
G078,G054,-0.0011573411,-1
G054,G070,-0.0011574412,-1
G055,G043,-0.0011578647,-1
G036,G099,-0.0011580054,-1
G017,G040,-0.0011590306,-1
G098,G081,-0.0011590893,-1
G066,G017,-0.0011593341,-1
G007,G063,-0.0011609715,-1
G054,G067,-0.0011618269,-1
G050,G097,-0.0011627357,-1
G025,G098,-0.0011631768,-1
G071,G063,-0.001166126,-1
G042,G089,-0.0011668721,-1
G093,G063,-0.0011679613,-1
G043,G064,-0.0011681775,-1
G037,G087,-0.0011681993,-1
G074,G064,-0.0011694705,-1
G090,G049,-0.0011696741,-1
G075,G049,-0.001174088,-1
G003,G050,-0.0011765322,-1
G035,G093,-0.0011766425,-1
G032,G067,-0.0011771282,-1
G074,G021,-0.0011771618,-1
G094,G038,-0.0011773284,-1
G021,G082,-0.0011774004,-1
G100,G009,-0.0011778489,-1
G035,G020,-0.0011780354,-1
G004,G076,-0.0011781163,-1
G093,G041,-0.0011789349,-1
G042,G072,-0.0011789467,-1
G098,G051,-0.0011794801,-1
G084,G011,-0.0011796266,-1
G066,G100,-0.0011800074,-1
G049,G044,-0.0011800966,-1
G023,G022,-0.0011819174,-1
G038,G066,-0.0011830436,-1
G100,G065,-0.0011830748,-1
G083,G077,-0.0011850533,-1
G036,G059,-0.001185321,-1
G010,G069,-0.0011867974,-1
G096,G025,-0.0011869426,-1
G067,G096,-0.001187789,-1
G002,G095,-0.001188252,-1
G030,G089,-0.0011884097,-1
G070,G030,-0.0011886362,-1
G037,G045,-0.001188819,-1
G080,G052,-0.0011891351,-1
G057,G008,-0.0011896652,-1
G093,G044,-0.0011898349,-1
G078,G072,-0.0011904062,-1
G082,G008,-0.0011914237,-1
G028,G011,-0.001191845,-1
G086,G024,-0.0011925413,-1
G094,G066,-0.0011942072,-1
G024,G028,-0.0011948183,-1
G085,G021,-0.0011961431,-1
G099,G030,-0.0011962545,-1
G017,G051,-0.0011973999,-1
G016,G072,-0.0011984409,-1
G056,G044,-0.0011986827,-1
G020,G030,-0.0011996249,-1
G014,G086,-0.0012003828,-1
G038,G048,-0.0012004859,-1
G024,G075,-0.0012016781,-1
G010,G045,-0.0012025142,-1
G043,G009,-0.0012026869,-1
G019,G071,-0.0012042365,-1
G009,G067,-0.0012043089,-1
G082,G056,-0.0012049694,-1
G058,G097,-0.0012066984,-1
G018,G043,-0.0012071871,-1
G015,G089,-0.0012076454,-1
G092,G029,-0.0012077518,-1
G084,G061,-0.0012086063,-1
G020,G067,-0.0012096025,-1
G034,G064,-0.0012106171,-1
G005,G059,-0.0012109105,-1
G082,G085,-0.0012120993,-1
G057,G002,-0.001212227,-1
G043,G069,-0.0012125162,-1
G092,G006,-0.0012125723,-1
G021,G039,-0.0012126933,-1
G037,G046,-0.001213291,-1
G024,G017,-0.0012137423,-1
G046,G083,-0.0012138129,-1
G087,G011,-0.0012152995,-1
G047,G081,-0.0012155575,-1
G024,G035,-0.0012163871,-1
G073,G084,-0.0012171352,-1
G006,G043,-0.0012171674,-1
G057,G022,-0.0012188018,-1
G072,G037,-0.0012196827,-1
G063,G044,-0.0012202187,-1
G037,G030,-0.0012215804,-1
G043,G039,-0.0012247921,-1
G045,G085,-0.001224797,-1
G024,G090,-0.001226012,-1
G096,G063,-0.0012260961,-1
G024,G100,-0.0012261688,-1
G023,G100,-0.001226588,-1
G080,G020,-0.0012266774,-1
G085,G074,-0.0012270798,-1
G055,G052,-0.00122712,-1
G066,G056,-0.001227243,-1
G094,G046,-0.0012277638,-1
G036,G029,-0.0012284972,-1
G041,G081,-0.0012289739,-1
G020,G040,-0.0012293193,-1
G074,G052,-0.0012293719,-1
G032,G079,-0.0012293755,-1
G074,G065,-0.0012295773,-1
G028,G034,-0.0012299116,-1
G048,G083,-0.0012302261,-1
G064,G086,-0.0012305459,-1
G011,G024,-0.001230906,-1
G042,G033,-0.0012310962,-1
G073,G042,-0.0012315243,-1
G048,G075,-0.0012319991,-1
G072,G009,-0.0012322972,-1
G045,G063,-0.0012324274,-1
G058,G082,-0.0012329514,-1
G009,G024,-0.0012334423,-1
G007,G051,-0.0012334628,-1
G070,G079,-0.0012334847,-1
G085,G098,-0.0012342137,-1
G074,G093,-0.0012367311,-1
G067,G028,-0.001236844,-1
G040,G089,-0.0012375504,-1
G090,G086,-0.0012376388,-1
G011,G002,-0.0012378759,-1
G098,G022,-0.0012396192,-1
G071,G023,-0.0012397385,-1
G047,G090,-0.0012404402,-1
G012,G066,-0.0012415128,-1
G075,G082,-0.0012438153,-1
G025,G062,-0.0012442069,-1
G094,G093,-0.0012450296,-1
G033,G100,-0.0012454307,-1
G095,G035,-0.0012460931,-1
G047,G083,-0.0012462453,-1
G018,G009,-0.0012463032,-1
G063,G062,-0.0012484529,-1
G041,G027,-0.0012485868,-1
G097,G081,-0.0012488986,-1
G055,G048,-0.0012491493,-1
G022,G099,-0.0012496188,-1
G091,G084,-0.0012499084,-1
G029,G035,-0.0012500384,-1
G026,G034,-0.0012509376,-1
G088,G050,-0.0012522227,-1
G022,G077,-0.0012528792,-1
G003,G030,-0.0012531976,-1
G050,G004,-0.001254492,-1
G018,G077,-0.0012553304,-1
G029,G004,-0.0012559469,-1
G057,G045,-0.0012578865,-1
G086,G075,-0.0012586855,-1
G079,G031,-0.0012594567,-1
G031,G095,-0.0012596814,-1
G096,G040,-0.0012609627,-1
G062,G075,-0.0012626731,-1
G007,G076,-0.0012630147,-1
G051,G001,-0.0012632692,-1
G011,G085,-0.0012633713,-1
G067,G077,-0.0012637047,-1
G068,G076,-0.0012637852,-1
G092,G050,-0.001264165,-1
G066,G073,-0.0012661975,-1
G028,G067,-0.0012668076,-1
G029,G076,-0.0012669945,-1
G069,G054,-0.0012675477,-1
G074,G032,-0.0012704447,-1
G044,G015,-0.0012713074,-1
G014,G054,-0.0012713327,-1
G083,G010,-0.001272118,-1
G092,G068,-0.0012721408,-1
G098,G010,-0.0012724882,-1
G042,G019,-0.0012730907,-1
G005,G063,-0.0012733794,-1
G074,G016,-0.0012745498,-1
G035,G096,-0.0012754553,-1
G052,G043,-0.0012754562,-1
G064,G092,-0.0012757756,-1
G070,G022,-0.0012764073,-1
G062,G029,-0.0012774464,-1
G087,G092,-0.0012775554,-1
G053,G090,-0.0012794025,-1
G034,G079,-0.0012799863,-1
G100,G074,-0.001279996,-1
G053,G051,-0.0012800738,-1
G100,G034,-0.0012805022,-1
G025,G052,-0.0012805684,-1
G094,G061,-0.0012810306,-1
G097,G012,-0.0012819753,-1
G074,G020,-0.0012822784,-1
G026,G081,-0.0012829205,-1
G063,G085,-0.0012833492,-1
G025,G086,-0.0012840129,-1
G097,G087,-0.0012880488,-1
G080,G025,-0.0012899932,-1
G029,G011,-0.0012900113,-1
G043,G067,-0.0012910655,-1
G058,G100,-0.0012926506,-1
G043,G080,-0.001293553,-1
G093,G077,-0.0012939954,-1
G070,G026,-0.0012945083,-1
G048,G044,-0.0012954886,-1
G095,G046,-0.0012967512,-1
G060,G036,-0.0012973248,-1
G034,G039,-0.0012985539,-1
G024,G047,-0.0012988774,-1
G024,G099,-0.0012993101,-1
G089,G081,-0.0012993417,-1
G005,G088,-0.0013019147,-1
G069,G059,-0.0013019686,-1
G091,G074,-0.001302298,-1
G052,G094,-0.0013027365,-1
G030,G059,-0.001304557,-1
G098,G045,-0.0013055182,-1
G085,G070,-0.0013062172,-1
G087,G058,-0.0013063607,-1
G001,G098,-0.0013070703,-1
G097,G020,-0.0013072531,-1
G090,G076,-0.0013075339,-1
G035,G076,-0.0013093868,-1
G096,G013,-0.001309537,-1
G044,G008,-0.0013116163,-1
G095,G015,-0.001311869,-1
G100,G050,-0.001312375,-1
G081,G088,-0.0013126736,-1
G017,G064,-0.001314635,-1
G080,G045,-0.0013162136,-1
G037,G092,-0.0013168255,-1
G008,G021,-0.001317261,-1
G009,G047,-0.0013177026,-1
G094,G088,-0.0013178617,-1
G066,G034,-0.0013179474,-1
G009,G010,-0.0013185847,-1
G045,G062,-0.001319031,-1
G025,G081,-0.0013191354,-1
G058,G075,-0.0013195018,-1
G080,G038,-0.001319909,-1
G001,G041,-0.001320588,-1
G006,G050,-0.0013207947,-1
G008,G086,-0.0013216771,-1
G033,G085,-0.0013220952,-1
G082,G097,-0.0013237628,-1
G042,G059,-0.0013245468,-1
G006,G099,-0.0013253678,-1
G080,G042,-0.001326199,-1
G060,G043,-0.0013262181,-1
G095,G031,-0.0013281326,-1
G094,G034,-0.0013286149,-1
G072,G096,-0.001329503,-1
G050,G028,-0.0013296856,-1
G031,G032,-0.0013298986,-1
G059,G100,-0.001330143,-1
G020,G090,-0.0013302707,-1
G093,G055,-0.0013315789,-1
G055,G020,-0.0013322468,-1
G074,G095,-0.0013323381,-1
G045,G081,-0.0013331526,-1
G034,G040,-0.0013366409,-1
G055,G030,-0.0013369848,-1
G095,G084,-0.001338307,-1
G058,G004,-0.0013385193,-1
G089,G013,-0.0013395038,-1
G057,G041,-0.0013400816,-1
G091,G038,-0.0013412874,-1
G079,G093,-0.0013447758,-1
G084,G030,-0.0013451048,-1
G082,G043,-0.0013471055,-1
G014,G061,-0.0013473843,-1
G035,G085,-0.0013476401,-1
G024,G073,-0.0013483461,-1
G090,G057,-0.0013485461,-1
G032,G065,-0.0013493252,-1
G086,G034,-0.0013501704,-1
G074,G050,-0.0013522,-1
G052,G068,-0.0013544309,-1
G070,G074,-0.0013557955,-1
G027,G098,-0.0013559408,-1
G009,G086,-0.0013560504,-1
G056,G093,-0.0013562582,-1
G083,G081,-0.0013563258,-1
G087,G095,-0.0013565859,-1
G068,G016,-0.0013571419,-1
G024,G042,-0.0013602382,-1
G076,G056,-0.0013615222,-1
G029,G016,-0.001361839,-1
G040,G097,-0.0013636708,-1
G019,G096,-0.0013639871,-1
G085,G007,-0.0013655389,-1
G066,G055,-0.0013673048,-1
G039,G070,-0.0013673889,-1
G018,G011,-0.0013676586,-1
G087,G084,-0.0013679303,-1
G032,G059,-0.0013680296,-1
G021,G069,-0.0013688204,-1
G072,G044,-0.0013691783,-1
G063,G021,-0.001369604,-1
G082,G049,-0.0013697365,-1
G042,G099,-0.0013709293,-1
G100,G032,-0.0013740401,-1
G083,G038,-0.0013744183,-1
G050,G086,-0.0013747027,-1
G024,G037,-0.0013765866,-1
G023,G064,-0.0013769537,-1
G044,G041,-0.001376974,-1
G012,G086,-0.0013771587,-1
G023,G094,-0.0013776077,-1
G079,G030,-0.0013781382,-1
G003,G063,-0.0013784855,-1
G030,G041,-0.0013807856,-1
G096,G046,-0.001381249,-1
G077,G066,-0.0013812626,-1
G020,G016,-0.0013825591,-1
G039,G022,-0.0013831079,-1
G096,G067,-0.0013858115,-1
G092,G019,-0.0013867556,-1
G002,G068,-0.0013869508,-1
G018,G020,-0.0013879288,-1
G066,G063,-0.0013883846,-1
G071,G100,-0.0013891398,-1
G044,G024,-0.0013895036,-1
G086,G031,-0.0013898689,-1
G042,G076,-0.0013933248,-1
G074,G034,-0.0013947475,-1
G049,G080,-0.0013951446,-1
G059,G050,-0.0013965603,-1
G072,G057,-0.0013968055,-1
G066,G014,-0.0013988242,-1
G090,G008,-0.0013996764,-1
G090,G003,-0.0014000044,-1
G041,G070,-0.001400875,-1
G058,G031,-0.0014013837,-1
G076,G083,-0.001401419,-1
G004,G084,-0.0014015867,-1
G091,G042,-0.0014018052,-1
G044,G053,-0.0014025344,-1
G048,G084,-0.0014029077,-1
G099,G078,-0.0014029464,-1
G004,G012,-0.0014038212,-1
G019,G053,-0.001404294,-1
G085,G009,-0.0014062811,-1
G041,G067,-0.0014074581,-1
G022,G017,-0.0014074645,-1
G017,G032,-0.0014090575,-1
G082,G040,-0.0014109479,-1
G074,G060,-0.0014120386,-1
G083,G003,-0.0014122821,-1
G035,G005,-0.0014126584,-1
G083,G096,-0.0014127904,-1
G004,G049,-0.0014134763,-1
G025,G063,-0.0014134989,-1
G014,G038,-0.00141458,-1
G099,G069,-0.0014147991,-1
G069,G038,-0.0014153708,-1
G092,G045,-0.0014190213,-1
G023,G046,-0.0014203418,-1
G038,G093,-0.0014206313,-1
G095,G045,-0.0014209385,-1
G032,G063,-0.0014212072,-1
G058,G033,-0.0014256833,-1
G054,G059,-0.0014264068,-1
G076,G048,-0.0014269877,-1
G048,G074,-0.0014272814,-1
G046,G030,-0.0014276268,-1
G046,G093,-0.0014285557,-1
G083,G019,-0.0014287019,-1
G039,G071,-0.0014293743,-1
G055,G081,-0.0014303634,-1
G088,G098,-0.0014305554,-1
G078,G068,-0.001431685,-1
G040,G016,-0.0014321656,-1
G069,G025,-0.0014323891,-1
G093,G023,-0.0014323967,-1
G077,G023,-0.0014325539,-1
G089,G087,-0.0014330941,-1
G049,G045,-0.0014331511,-1
G070,G092,-0.0014344646,-1
G039,G100,-0.0014346016,-1
G086,G016,-0.0014365072,-1
G017,G049,-0.0014368119,-1
G061,G054,-0.0014368206,-1
G022,G013,-0.001437115,-1
G028,G048,-0.0014381551,-1
G045,G061,-0.001440728,-1
G098,G071,-0.00144089,-1
G007,G005,-0.0014410898,-1
G001,G050,-0.0014417139,-1
G020,G044,-0.0014419897,-1
G058,G012,-0.0014421133,-1
G060,G020,-0.0014422219,-1
G033,G032,-0.0014428259,-1
G060,G051,-0.0014429161,-1
G022,G054,-0.0014429205,-1
G005,G004,-0.0014430138,-1
G032,G023,-0.001443023,-1
G073,G037,-0.001444068,-1
G064,G049,-0.0014440792,-1
G087,G018,-0.0014441673,-1
G046,G008,-0.0014442911,-1
G072,G082,-0.0014463319,-1
G081,G003,-0.0014470388,-1
G039,G067,-0.0014489607,-1
G067,G026,-0.0014496663,-1
G053,G042,-0.001449723,-1
G047,G020,-0.0014497933,-1
G051,G013,-0.0014532398,-1
G012,G082,-0.0014541663,-1
G084,G069,-0.0014548411,-1
G083,G100,-0.001455306,-1
G026,G059,-0.0014578591,-1
G061,G012,-0.0014582361,-1
G070,G042,-0.0014595776,-1
G028,G022,-0.0014617073,-1
G057,G096,-0.0014636709,-1
G011,G038,-0.0014637383,-1
G048,G020,-0.0014656542,-1
G076,G098,-0.001466831,-1
G033,G038,-0.0014677049,-1
G084,G068,-0.0014683336,-1
G096,G080,-0.0014684193,-1
G077,G064,-0.0014708702,-1
G078,G009,-0.0014734506,-1
G063,G011,-0.0014741605,-1
G072,G016,-0.0014775043,-1
G081,G074,-0.0014779444,-1
G050,G038,-0.0014783108,-1
G004,G051,-0.0014787463,-1
G046,G053,-0.001479651,-1
G042,G079,-0.0014798525,-1
G088,G082,-0.001480108,-1
G015,G065,-0.0014824279,-1
G096,G083,-0.0014828792,-1
G048,G001,-0.0014833835,-1
G070,G081,-0.0014838806,-1
G009,G035,-0.0014842227,-1
G079,G023,-0.001485036,-1
G046,G067,-0.0014858583,-1
G099,G098,-0.0014877366,-1
G061,G096,-0.001488746,-1
G048,G089,-0.0014889535,-1
G091,G027,-0.0014914158,-1
G009,G020,-0.0014914551,-1
G032,G013,-0.001491776,-1
G034,G025,-0.0014921449,-1
G079,G008,-0.0014923705,-1
G067,G081,-0.001493716,-1
G085,G011,-0.0014938412,-1
G060,G070,-0.0014938602,-1
G055,G093,-0.0014956539,-1
G074,G070,-0.0014958101,-1
G055,G065,-0.0014960732,-1
G071,G082,-0.0014965619,-1
G047,G041,-0.0014972234,-1
G082,G086,-0.0014978625,-1
G022,G081,-0.0014980362,-1
G015,G067,-0.0014990764,-1
G094,G062,-0.0014992284,-1
G045,G024,-0.0015012367,-1
G033,G044,-0.0015015303,-1
G014,G097,-0.0015022053,-1
G020,G055,-0.0015046141,-1
G048,G039,-0.0015053867,-1
G024,G012,-0.0015081525,-1
G051,G033,-0.0015109783,-1
G029,G084,-0.0015110357,-1
G005,G038,-0.0015122779,-1
G070,G067,-0.0015126049,-1
G025,G055,-0.0015126433,-1
G066,G078,-0.001512967,-1
G037,G079,-0.0015142892,-1
G099,G085,-0.0015148879,-1
G033,G097,-0.0015174114,-1
G043,G041,-0.0015175756,-1
G025,G027,-0.0015186219,-1
G050,G083,-0.0015200106,-1
G011,G025,-0.0015203108,-1
G026,G047,-0.0015207303,-1
G076,G084,-0.0015217919,-1
G089,G055,-0.0015224481,-1
G079,G088,-0.0015233973,-1
G088,G079,-0.0015261403,-1
G014,G033,-0.0015264385,-1
G034,G082,-0.0015266631,-1
G062,G083,-0.0015275818,-1
G030,G090,-0.0015287906,-1
G010,G082,-0.0015292636,-1
G036,G019,-0.0015307963,-1
G022,G031,-0.0015310477,-1
G050,G020,-0.0015327106,-1
G050,G036,-0.0015339336,-1
G081,G021,-0.0015346777,-1
G070,G056,-0.0015350694,-1
G039,G042,-0.001535116,-1
G042,G006,-0.0015355735,-1
G097,G018,-0.0015355755,-1
G029,G090,-0.0015358146,-1
G003,G073,-0.001536498,-1
G091,G025,-0.0015370066,-1
G043,G004,-0.0015370797,-1
G045,G039,-0.0015380586,-1
G030,G097,-0.001541381,-1
G070,G025,-0.0015422179,-1
G018,G095,-0.0015423555,-1
G077,G021,-0.001544388,-1
G019,G078,-0.0015444289,-1
G053,G012,-0.0015457773,-1
G068,G094,-0.0015462924,-1
G005,G010,-0.0015470014,-1
G077,G058,-0.001547579,-1
G094,G025,-0.0015492876,-1
G024,G043,-0.001549597,-1
G080,G010,-0.0015499967,-1
G077,G039,-0.0015523573,-1
G060,G096,-0.0015526363,-1
G023,G056,-0.0015528077,-1
G055,G074,-0.0015528331,-1
G050,G030,-0.0015567685,-1
G083,G040,-0.0015569385,-1
G026,G019,-0.0015580747,-1
G089,G037,-0.0015584228,-1
G095,G058,-0.0015601739,-1
G037,G063,-0.0015629795,-1
G086,G022,-0.001563118,-1
G038,G082,-0.0015635904,-1
G091,G076,-0.0015645679,-1
G059,G093,-0.001564981,-1
G074,G096,-0.0015654619,-1
G016,G061,-0.0015672017,-1
G018,G098,-0.0015672562,-1
G020,G056,-0.0015673359,-1
G093,G076,-0.0015681183,-1
G086,G066,-0.0015708281,-1
G046,G066,-0.0015711273,-1
G041,G078,-0.0015726931,-1
G098,G065,-0.0015732917,-1
G088,G081,-0.0015742459,-1
G042,G037,-0.0015743847,-1
G072,G050,-0.0015744612,-1
G092,G016,-0.0015748398,-1
G048,G080,-0.0015753191,-1
G080,G022,-0.0015763552,-1
G057,G011,-0.0015768502,-1
G005,G093,-0.001580597,-1
G016,G090,-0.0015813394,-1
G066,G001,-0.0015819574,-1
G051,G098,-0.0015820295,-1
G061,G031,-0.0015822734,-1
G073,G059,-0.0015823322,-1
G046,G074,-0.0015871599,-1
G004,G024,-0.0015876156,-1
G055,G097,-0.0015877557,-1
G095,G019,-0.0015883984,-1
G084,G092,-0.0015889038,-1
G041,G068,-0.0015890453,-1
G035,G013,-0.0015893889,-1
G017,G028,-0.0015896707,-1
G080,G004,-0.001590522,-1
G079,G069,-0.0015950648,-1
G016,G071,-0.001596436,-1
G090,G036,-0.0015976692,-1
G016,G009,-0.0015989002,-1
G085,G029,-0.0016000203,-1
G010,G095,-0.0016002884,-1
G099,G071,-0.0016014354,-1
G093,G075,-0.0016025008,-1
G093,G029,-0.0016068661,-1
G041,G018,-0.0016086744,-1
G035,G039,-0.0016094585,-1
G084,G044,-0.0016095283,-1
G055,G021,-0.0016118191,-1
G071,G096,-0.0016134324,-1
G003,G054,-0.0016140257,-1
G070,G051,-0.0016143041,-1
G045,G040,-0.0016159591,-1
G080,G085,-0.0016165564,-1
G096,G061,-0.0016178838,-1
G010,G070,-0.0016204506,-1
G059,G096,-0.0016210803,-1
G038,G030,-0.001622966,-1
G082,G030,-0.0016233958,-1
G004,G014,-0.0016273768,-1
G030,G025,-0.001628122,-1
G033,G072,-0.0016283677,-1
G006,G033,-0.0016295117,-1
G063,G099,-0.0016295738,-1
G007,G094,-0.001631037,-1
G082,G039,-0.001633119,-1
G030,G055,-0.0016338623,-1
G095,G077,-0.0016355946,-1
G076,G052,-0.0016357343,-1
G055,G077,-0.0016365387,-1
G042,G020,-0.0016391582,-1
G079,G083,-0.0016394688,-1
G089,G041,-0.001639974,-1
G061,G049,-0.001640853,-1
G089,G059,-0.0016411896,-1
G051,G085,-0.0016418218,-1
G063,G046,-0.0016419839,-1
G094,G004,-0.0016423686,-1
G039,G066,-0.001642413,-1
G040,G057,-0.0016458038,-1
G076,G006,-0.001645865,-1
G029,G037,-0.0016474889,-1
G025,G096,-0.0016479974,-1
G013,G011,-0.0016492248,-1
G080,G030,-0.0016500606,-1
G086,G037,-0.0016508136,-1
G076,G013,-0.001651236,-1
G070,G064,-0.0016516855,-1
G005,G097,-0.0016527951,-1
G026,G032,-0.0016540255,-1
G032,G071,-0.0016540607,-1
G089,G025,-0.0016572463,-1
G081,G061,-0.0016575017,-1
G095,G061,-0.0016576287,-1
G029,G042,-0.0016587288,-1
G098,G059,-0.0016597655,-1
G031,G055,-0.0016600346,-1
G081,G092,-0.0016606926,-1
G078,G097,-0.0016607498,-1
G023,G070,-0.0016607541,-1
G077,G041,-0.0016615427,-1
G082,G051,-0.0016621588,-1
G022,G076,-0.0016625003,-1
G036,G052,-0.0016627398,-1
G004,G031,-0.0016639334,-1
G023,G065,-0.0016647581,-1
G059,G061,-0.0016649624,-1
G099,G060,-0.0016660258,-1
G053,G007,-0.0016669619,-1
G040,G034,-0.0016683867,-1
G047,G054,-0.001668502,-1
G034,G059,-0.0016697592,-1
G012,G068,-0.0016708098,-1
G096,G042,-0.0016712518,-1
G051,G069,-0.0016722876,-1
G011,G043,-0.0016726439,-1
G098,G015,-0.0016726487,-1
G064,G080,-0.0016726897,-1
G100,G047,-0.0016740612,-1
G053,G035,-0.0016760196,-1
G088,G067,-0.0016762462,-1
G065,G078,-0.0016762472,-1
G027,G002,-0.0016770004,-1
G080,G064,-0.0016771728,-1
G058,G059,-0.0016775122,-1
G071,G038,-0.0016781822,-1
G090,G098,-0.001678314,-1
G057,G052,-0.0016789172,-1
G085,G023,-0.0016790366,-1
G047,G066,-0.0016791755,-1
G053,G049,-0.001679198,-1
G028,G090,-0.0016793149,-1
G013,G012,-0.0016800071,-1
G064,G059,-0.00168024,-1
G047,G029,-0.0016810844,-1
G100,G094,-0.0016831864,-1
G070,G029,-0.0016836828,-1
G031,G021,-0.0016841085,-1
G005,G003,-0.0016842651,-1
G050,G018,-0.0016844101,-1
G084,G063,-0.0016848217,-1
G076,G036,-0.001685471,-1
G004,G038,-0.0016864396,-1
G088,G020,-0.0016872488,-1
G034,G004,-0.0016876156,-1
G065,G031,-0.0016876224,-1
G010,G002,-0.0016883004,-1
G088,G043,-0.0016907009,-1
G064,G042,-0.00169187,-1
G075,G069,-0.0016919258,-1
G058,G065,-0.0016922256,-1
G055,G090,-0.001692858,-1
G086,G100,-0.0016934532,-1
G034,G033,-0.0016960294,-1
G092,G071,-0.0016963158,-1
G040,G022,-0.0016967391,-1
G030,G053,-0.0016970914,-1
G030,G075,-0.0016979863,-1
G017,G076,-0.0016983842,-1
G010,G012,-0.0016986532,-1
G073,G038,-0.0017005978,-1
G043,G025,-0.0017018146,-1
G044,G059,-0.0017021697,-1
G009,G093,-0.001702947,-1
G035,G060,-0.0017029687,-1
G007,G016,-0.0017037498,-1
G031,G022,-0.001704522,-1
G100,G077,-0.0017052093,-1
G072,G041,-0.0017053809,-1
G001,G019,-0.0017053835,-1
G064,G089,-0.0017056722,-1
G016,G027,-0.001706756,-1
G028,G073,-0.0017083597,-1
G022,G059,-0.001709289,-1
G012,G085,-0.0017094947,-1
G075,G090,-0.0017102131,-1
G020,G068,-0.001710808,-1
G029,G063,-0.001712932,-1
G072,G043,-0.0017129765,-1
G048,G065,-0.001715671,-1
G032,G012,-0.0017164159,-1
G038,G037,-0.0017189323,-1
G098,G074,-0.0017193904,-1
G079,G071,-0.0017195306,-1
G027,G016,-0.0017200233,-1
G060,G080,-0.001720351,-1
G052,G061,-0.0017206208,-1
G093,G022,-0.0017207868,-1
G065,G024,-0.0017213998,-1
G064,G087,-0.0017218043,-1
G066,G075,-0.0017231684,-1
G047,G005,-0.0017242325,-1
G029,G058,-0.0017244708,-1
G055,G045,-0.0017282376,-1
G022,G042,-0.0017283761,-1
G055,G068,-0.0017287548,-1
G090,G027,-0.0017291572,-1
G041,G019,-0.0017293189,-1
G014,G013,-0.0017295508,-1
G023,G099,-0.0017311471,-1
G023,G090,-0.0017317028,-1
G095,G053,-0.0017318364,-1
G084,G015,-0.0017344212,-1
G012,G053,-0.0017347281,-1
G031,G077,-0.0017371725,-1
G004,G020,-0.0017375585,-1
G013,G075,-0.0017424426,-1
G041,G032,-0.0017454439,-1
G019,G055,-0.0017463061,-1
G060,G054,-0.0017504087,-1
G032,G097,-0.0017524684,-1
G013,G071,-0.001754287,-1
G024,G062,-0.0017543813,-1
G093,G085,-0.0017555641,-1
G056,G036,-0.0017559612,-1
G025,G044,-0.0017565413,-1
G070,G041,-0.0017599628,-1
G041,G074,-0.0017599873,-1
G086,G076,-0.0017623382,-1
G055,G071,-0.0017626396,-1
G015,G006,-0.0017652756,-1
G074,G004,-0.0017668492,-1
G079,G006,-0.0017673876,-1
G053,G094,-0.0017675158,-1
G079,G047,-0.0017686436,-1
G045,G030,-0.0017691,-1
G044,G083,-0.0017707119,-1
G034,G073,-0.0017707744,-1
G005,G011,-0.0017709251,-1
G036,G087,-0.0017722492,-1
G081,G043,-0.0017724665,-1
G064,G074,-0.0017730049,-1
G042,G011,-0.0017736965,-1
G051,G041,-0.0017737095,-1
G053,G008,-0.0017737573,-1
G071,G083,-0.0017738518,-1
G093,G087,-0.0017747498,-1
G063,G033,-0.0017750805,-1
G074,G086,-0.0017755388,-1
G039,G093,-0.0017755476,-1
G002,G098,-0.0017758065,-1
G100,G087,-0.0017761649,-1
G016,G079,-0.0017763173,-1
G061,G046,-0.0017766255,-1
G054,G083,-0.0017772649,-1
G001,G084,-0.0017782731,-1
G003,G037,-0.001778487,-1
G081,G068,-0.0017801393,-1
G098,G086,-0.0017808898,-1
G100,G006,-0.0017813679,-1
G074,G009,-0.0017821385,-1
G093,G090,-0.0017850313,-1
G048,G015,-0.0017850444,-1
G019,G008,-0.0017854889,-1
G078,G039,-0.0017864205,-1
G036,G091,-0.0017887632,-1
G031,G073,-0.0017900628,-1
G096,G093,-0.0017920282,-1
G091,G048,-0.0017921318,-1
G099,G038,-0.0017929062,-1
G004,G053,-0.0017957849,-1
G009,G089,-0.0017978228,-1
G035,G036,-0.0017992622,-1
G009,G077,-0.0018003258,-1
G100,G048,-0.0018044823,-1
G012,G057,-0.0018053122,-1
G028,G062,-0.0018068242,-1
G083,G059,-0.001808675,-1
G073,G087,-0.0018103648,-1
G009,G037,-0.0018106083,-1
G077,G050,-0.0018110025,-1
G024,G057,-0.0018122979,-1
G070,G002,-0.0018126856,-1
G067,G059,-0.0018129736,-1
G013,G054,-0.0018133466,-1
G089,G068,-0.0018139365,-1
G082,G076,-0.0018145571,-1
G059,G009,-0.0018149313,-1
G013,G091,-0.0018151739,-1
G051,G038,-0.0018159526,-1
G002,G054,-0.001816004,-1
G023,G083,-0.0018179179,-1
G084,G046,-0.0018183091,-1
G049,G035,-0.0018184271,-1
G030,G065,-0.0018192916,-1
G035,G025,-0.0018217406,-1
G020,G084,-0.0018218107,-1
G030,G071,-0.0018225582,-1
G068,G008,-0.001822891,-1
G091,G098,-0.0018246729,-1
G016,G092,-0.0018257318,-1
G009,G008,-0.0018274391,-1
G018,G073,-0.0018287282,-1
G089,G004,-0.0018296734,-1
G065,G077,-0.0018318358,-1
G041,G076,-0.0018321602,-1
G086,G097,-0.0018330573,-1
G050,G078,-0.0018333282,-1
G008,G068,-0.0018339651,-1
G093,G035,-0.0018339755,-1
G058,G038,-0.0018373061,-1
G100,G039,-0.0018373467,-1
G064,G034,-0.0018375812,-1
G049,G036,-0.001837795,-1
G079,G016,-0.0018384033,-1
G026,G049,-0.0018400054,-1
G038,G039,-0.0018409895,-1
G092,G080,-0.0018431417,-1
G032,G083,-0.0018432407,-1
G075,G054,-0.0018439218,-1
G066,G059,-0.0018443572,-1
G072,G061,-0.0018459666,-1
G029,G078,-0.0018474421,-1
G063,G091,-0.001848699,-1
G053,G077,-0.0018487144,-1
G089,G085,-0.0018491484,-1
G017,G065,-0.0018501589,-1
G021,G058,-0.0018521639,-1
G064,G030,-0.0018523887,-1
G076,G027,-0.001853057,-1
G073,G029,-0.0018540191,-1
G057,G100,-0.0018550144,-1
G092,G069,-0.001855781,-1
G050,G093,-0.001856149,-1
G018,G038,-0.0018568401,-1
G090,G060,-0.0018587877,-1
G052,G021,-0.001859948,-1
G049,G012,-0.0018613415,-1
G092,G057,-0.0018620507,-1
G019,G035,-0.0018637624,-1
G004,G022,-0.0018655078,-1
G023,G047,-0.0018671143,-1
G012,G022,-0.0018711768,-1
G015,G100,-0.0018721379,-1
G018,G034,-0.0018726734,-1
G014,G060,-0.0018732087,-1
G029,G044,-0.0018741913,-1
G040,G030,-0.0018750937,-1
G098,G017,-0.0018802024,-1
G038,G040,-0.0018807006,-1
G056,G062,-0.0018817035,-1
G001,G056,-0.0018832666,-1
G062,G097,-0.0018833787,-1
G089,G043,-0.0018835673,-1
G051,G076,-0.0018849933,-1
G059,G072,-0.0018850543,-1
G039,G057,-0.0018854615,-1
G092,G060,-0.0018854991,-1
G046,G036,-0.0018859843,-1
G045,G097,-0.0018882955,-1
G032,G015,-0.0018913941,-1
G061,G041,-0.001891723,-1
G036,G076,-0.0018949248,-1
G027,G034,-0.0018960946,-1
G057,G034,-0.0018969859,-1
G040,G056,-0.0018982177,-1
G062,G064,-0.0018995124,-1
G059,G090,-0.001899674,-1
G041,G091,-0.0018999068,-1
G050,G001,-0.0019007607,-1
G009,G049,-0.0019020753,-1
G077,G081,-0.0019020931,-1
G032,G075,-0.0019034878,-1
G091,G068,-0.0019038601,-1
G002,G027,-0.0019044207,-1
G066,G046,-0.0019060123,-1
G018,G085,-0.0019067086,-1
G042,G043,-0.0019071029,-1
G011,G069,-0.0019087988,-1
G044,G061,-0.0019091404,-1
G050,G035,-0.0019117364,-1
G031,G099,-0.0019121914,-1
G082,G065,-0.0019132794,-1
G100,G004,-0.0019136438,-1
G025,G049,-0.0019156431,-1
G058,G067,-0.0019165529,-1
G045,G038,-0.0019166026,-1
G057,G079,-0.0019168778,-1
G013,G043,-0.0019178169,-1
G075,G063,-0.0019197088,-1
G007,G004,-0.0019201904,-1
G019,G011,-0.0019226668,-1
G026,G048,-0.0019253589,-1
G041,G039,-0.0019266518,-1
G037,G064,-0.0019269155,-1
G033,G052,-0.0019286668,-1
G011,G087,-0.0019293673,-1
G080,G049,-0.001930389,-1
G035,G023,-0.0019311404,-1
G006,G057,-0.0019322032,-1
G076,G044,-0.0019323404,-1
G060,G009,-0.0019323482,-1
G046,G013,-0.0019331027,-1
G018,G092,-0.0019341502,-1
G059,G048,-0.0019346436,-1
G070,G012,-0.0019359678,-1
G063,G030,-0.0019364357,-1
G042,G002,-0.0019393502,-1
G003,G012,-0.0019417974,-1
G008,G062,-0.0019418725,-1
G053,G085,-0.0019471634,-1
G008,G004,-0.001947549,-1
G006,G080,-0.0019488005,-1
G052,G066,-0.0019496821,-1
G007,G040,-0.0019501322,-1
G074,G054,-0.0019511008,-1
G072,G077,-0.001951524,-1
G027,G020,-0.0019517214,-1
G080,G074,-0.0019530905,-1
G095,G083,-0.0019536216,-1
G055,G059,-0.0019538691,-1
G044,G054,-0.0019550608,-1
G035,G061,-0.001956679,-1
G064,G060,-0.00195722,-1
G049,G039,-0.0019585683,-1
G034,G070,-0.0019604785,-1
G058,G069,-0.0019618606,-1
G017,G046,-0.001961996,-1
G065,G050,-0.001963514,-1
G053,G038,-0.001964134,-1
G042,G068,-0.001965516,-1
G080,G012,-0.0019662615,-1
G041,G065,-0.0019665735,-1
G042,G051,-0.0019668324,-1
G078,G033,-0.001967265,-1
G016,G019,-0.001968073,-1
G076,G075,-0.0019680772,-1
G087,G077,-0.0019682585,-1
G057,G086,-0.001968281,-1
G047,G063,-0.0019686832,-1
G094,G015,-0.0019724353,-1
G068,G079,-0.0019725112,-1
G092,G074,-0.0019739093,-1
G009,G066,-0.0019757927,-1
G075,G041,-0.0019782672,-1
G061,G042,-0.0019798623,-1
G058,G083,-0.0019801846,-1
G088,G077,-0.001980429,-1
G035,G024,-0.0019805196,-1
G079,G064,-0.0019807809,-1
G081,G084,-0.001981459,-1
G095,G091,-0.0019826149,-1
G027,G060,-0.001982796,-1
G041,G042,-0.0019847536,-1
G048,G016,-0.0019856638,-1
G080,G065,-0.0019860147,-1
G096,G039,-0.0019863832,-1
G076,G022,-0.0019870729,-1
G098,G033,-0.0019874643,-1
G042,G055,-0.0019895714,-1
G044,G067,-0.0019902536,-1
G026,G025,-0.0019909192,-1
G007,G086,-0.0019945689,-1
G032,G029,-0.0019960331,-1
G096,G066,-0.0019962348,-1
G083,G002,-0.0019981007,-1
G067,G085,-0.0019994238,-1
G012,G080,-0.0020019435,-1
G066,G029,-0.0020035408,-1
G045,G100,-0.0020050467,-1
G039,G055,-0.0020055277,-1
G028,G087,-0.0020059575,-1
G023,G073,-0.0020063368,-1
G047,G058,-0.002008458,-1
G013,G097,-0.0020091909,-1
G049,G030,-0.0020093697,-1
G016,G043,-0.0020094337,-1
G083,G055,-0.0020096775,-1
G066,G033,-0.0020115112,-1
G081,G097,-0.002013175,-1
G079,G036,-0.0020132014,-1
G066,G007,-0.0020142084,-1
G094,G008,-0.0020152593,-1
G057,G025,-0.0020186454,-1
G017,G005,-0.0020199819,-1
G092,G035,-0.0020220513,-1
G060,G041,-0.0020233046,-1
G062,G027,-0.0020251581,-1
G036,G066,-0.0020287554,-1
G063,G043,-0.002029442,-1
G071,G046,-0.0020311617,-1
G064,G012,-0.0020323668,-1
G023,G026,-0.0020328923,-1
G060,G086,-0.0020332409,-1
G005,G067,-0.002037247,-1
G022,G049,-0.0020383329,-1
G006,G016,-0.0020394868,-1
G049,G097,-0.0020404947,-1
G079,G012,-0.0020411487,-1
G049,G081,-0.0020439785,-1
G015,G009,-0.0020457136,-1
G050,G046,-0.0020478624,-1
G003,G015,-0.0020480982,-1
G066,G015,-0.002050395,-1
G039,G095,-0.002050755,-1
G095,G025,-0.0020508391,-1
G092,G083,-0.0020516715,-1
G049,G098,-0.0020517025,-1
G029,G033,-0.0020523183,-1
G058,G064,-0.0020541863,-1
G031,G078,-0.0020542196,-1
G040,G072,-0.0020547102,-1
G097,G030,-0.0020551581,-1
G020,G073,-0.002056338,-1
G002,G004,-0.002056457,-1
G035,G053,-0.002056946,-1
G041,G037,-0.0020578161,-1
G040,G023,-0.0020614434,-1
G100,G098,-0.0020632984,-1
G067,G100,-0.0020633193,-1
G003,G100,-0.0020637189,-1
G063,G095,-0.0020640602,-1
G027,G004,-0.0020644935,-1
G039,G092,-0.002064702,-1
G021,G066,-0.0020652981,-1
G040,G059,-0.002065637,-1
G049,G087,-0.0020674039,-1
G063,G032,-0.002067603,-1
G054,G038,-0.0020703152,-1
G097,G062,-0.002070383,-1
G005,G009,-0.0020705948,-1
G001,G096,-0.0020717038,-1
G048,G043,-0.0020728991,-1
G029,G021,-0.0020734083,-1
G082,G055,-0.0020742142,-1
G020,G001,-0.0020744274,-1
G064,G007,-0.0020756803,-1
G090,G019,-0.0020765006,-1
G044,G048,-0.0020785814,-1
G018,G064,-0.0020790373,-1
G062,G020,-0.0020791406,-1
G077,G098,-0.0020801176,-1
G005,G070,-0.0020803176,-1
G097,G001,-0.0020809784,-1
G075,G024,-0.002082958,-1
G091,G086,-0.0020851267,-1
G004,G016,-0.0020862846,-1
G024,G059,-0.002086962,-1
G093,G024,-0.0020870576,-1
G045,G010,-0.002090153,-1
G068,G061,-0.0020913407,-1
G007,G034,-0.0020957058,-1
G042,G060,-0.002099805,-1
G049,G083,-0.0021022758,-1
G035,G027,-0.0021024193,-1
G037,G099,-0.002107719,-1
G035,G077,-0.0021087022,-1
G061,G066,-0.0021092417,-1
G091,G082,-0.0021094084,-1
G086,G052,-0.002109513,-1
G073,G018,-0.0021095865,-1
G055,G023,-0.0021099057,-1
G019,G086,-0.0021125572,-1
G021,G065,-0.0021127923,-1
G014,G052,-0.0021128445,-1
G061,G022,-0.0021160636,-1
G096,G002,-0.0021166212,-1
G025,G053,-0.0021171023,-1
G077,G063,-0.002117262,-1
G044,G025,-0.0021173947,-1
G072,G030,-0.0021174876,-1
G070,G091,-0.0021237284,-1
G064,G069,-0.0021239377,-1
G054,G044,-0.002125009,-1
G024,G061,-0.0021250367,-1
G082,G083,-0.0021256427,-1
G091,G012,-0.002126285,-1
G011,G034,-0.0021294786,-1
G032,G042,-0.0021307762,-1
G086,G049,-0.0021310505,-1
G049,G058,-0.0021322097,-1
G042,G016,-0.002133288,-1
G006,G021,-0.002137155,-1
G072,G049,-0.0021385173,-1
G055,G100,-0.0021389413,-1
G024,G007,-0.0021390165,-1
G059,G052,-0.0021405052,-1
G061,G026,-0.0021406254,-1
G079,G096,-0.002141043,-1
G029,G097,-0.002141232,-1
G004,G021,-0.0021417178,-1
G092,G085,-0.002144532,-1
G084,G059,-0.0021455388,-1
G050,G064,-0.0021477623,-1
G028,G019,-0.0021482022,-1
G098,G068,-0.002150863,-1
G090,G063,-0.0021547496,-1
G096,G009,-0.0021552872,-1
G042,G069,-0.0021555691,-1
G033,G046,-0.0021568146,-1
G079,G081,-0.0021574714,-1
G007,G015,-0.0021577051,-1
G014,G011,-0.0021597168,-1
G018,G016,-0.0021633168,-1
G058,G063,-0.0021663473,-1
G092,G078,-0.0021668775,-1
G037,G048,-0.002167303,-1
G061,G034,-0.0021681478,-1
G076,G064,-0.00216839,-1
G061,G085,-0.0021683965,-1
G070,G059,-0.0021703613,-1
G076,G077,-0.0021725914,-1
G018,G061,-0.0021736007,-1
G014,G079,-0.0021742724,-1
G071,G006,-0.0021776843,-1
G043,G002,-0.002179666,-1
G016,G065,-0.002180387,-1
G064,G071,-0.0021818313,-1
G031,G092,-0.0021829484,-1
G099,G011,-0.0021879785,-1
G070,G046,-0.002189315,-1
G061,G075,-0.0021900164,-1
G065,G060,-0.0021900947,-1
G011,G065,-0.002190931,-1
G016,G066,-0.0021912316,-1
G055,G038,-0.0021940279,-1
G008,G063,-0.0021947604,-1
G013,G066,-0.002196251,-1
G043,G070,-0.0021963364,-1
G057,G042,-0.0021963946,-1
G098,G075,-0.0021969476,-1
G084,G023,-0.0021971674,-1
G028,G027,-0.0021973602,-1
G092,G038,-0.002197775,-1
G086,G035,-0.0022001688,-1
G016,G054,-0.0022009634,-1
G079,G073,-0.0022015506,-1
G040,G039,-0.0022022512,-1
G037,G022,-0.0022031232,-1
G002,G046,-0.0022049167,-1
G080,G016,-0.0022084778,-1
G021,G089,-0.0022087793,-1
G093,G083,-0.0022093835,-1
G034,G029,-0.0022098178,-1
G094,G011,-0.0022110208,-1
G049,G037,-0.0022113149,-1
G028,G055,-0.0022114085,-1
G082,G046,-0.002211446,-1
G097,G050,-0.002211819,-1
G090,G058,-0.0022145775,-1
G031,G015,-0.0022150085,-1
G048,G072,-0.0022158416,-1
G073,G010,-0.0022170045,-1
G068,G034,-0.0022171366,-1
G057,G028,-0.002219166,-1
G072,G073,-0.0022196237,-1
G075,G058,-0.002220146,-1
G040,G076,-0.002221594,-1
G095,G100,-0.002221925,-1
G100,G064,-0.00222425,-1
G082,G009,-0.0022242696,-1
G089,G034,-0.0022251566,-1
G013,G065,-0.0022251927,-1
G027,G079,-0.0022259483,-1
G059,G087,-0.002226344,-1
G064,G090,-0.0022270582,-1
G093,G058,-0.0022270957,-1
G012,G100,-0.0022271632,-1
G040,G012,-0.002227329,-1
G028,G009,-0.0022283655,-1
G073,G005,-0.0022284738,-1
G094,G098,-0.0022300868,-1
G090,G015,-0.0022303958,-1
G071,G020,-0.0022314116,-1
G047,G077,-0.0022328065,-1
G053,G046,-0.0022341954,-1
G038,G100,-0.0022349777,-1
G087,G043,-0.002237513,-1
G033,G071,-0.00223821,-1
G047,G062,-0.0022422927,-1
G033,G010,-0.0022437982,-1
G023,G029,-0.0022446455,-1
G090,G056,-0.0022455137,-1
G088,G049,-0.002246113,-1
G082,G054,-0.002246402,-1
G032,G034,-0.0022465927,-1
G023,G097,-0.0022469033,-1
G049,G079,-0.0022476292,-1
G059,G049,-0.0022477102,-1
G029,G049,-0.0022494302,-1
G027,G042,-0.0022505014,-1
G075,G065,-0.0022511468,-1
G014,G078,-0.0022514798,-1
G072,G054,-0.0022526325,-1
G025,G059,-0.0022528565,-1
G003,G090,-0.0022531895,-1
G040,G043,-0.0022554991,-1
G033,G031,-0.0022573762,-1
G011,G030,-0.0022582521,-1
G008,G081,-0.002262433,-1
G056,G084,-0.0022626265,-1
G026,G021,-0.002263115,-1
G018,G031,-0.0022632286,-1
G081,G090,-0.0022639036,-1
G024,G049,-0.0022640573,-1
G033,G020,-0.0022645767,-1
G079,G070,-0.0022650708,-1
G075,G038,-0.0022655749,-1
G005,G071,-0.0022656454,-1
G079,G044,-0.00226699,-1
G030,G046,-0.0022677386,-1
G032,G010,-0.0022681518,-1
G093,G019,-0.0022683206,-1
G003,G084,-0.0022686245,-1
G046,G063,-0.0022712927,-1
G048,G066,-0.0022729188,-1
G056,G083,-0.002273601,-1
G038,G076,-0.0022752236,-1
G081,G033,-0.0022761165,-1
G083,G035,-0.0022766665,-1
G016,G040,-0.0022820327,-1
G060,G028,-0.0022842258,-1
G020,G099,-0.0022876174,-1
G056,G019,-0.0022884014,-1
G080,G033,-0.0022885776,-1
G028,G035,-0.0022896947,-1
G092,G009,-0.002295831,-1
G074,G008,-0.0022961148,-1
G052,G004,-0.002296594,-1
G089,G026,-0.0022981975,-1
G078,G018,-0.0023001933,-1
G026,G060,-0.002301989,-1
G085,G096,-0.0023034017,-1
G097,G099,-0.0023067687,-1
G056,G099,-0.002307897,-1
G088,G092,-0.0023086318,-1
G077,G012,-0.002315035,-1
G045,G005,-0.0023179685,-1
G050,G034,-0.002319696,-1
G097,G043,-0.002320686,-1
G028,G037,-0.0023207557,-1
G053,G063,-0.0023208575,-1
G031,G037,-0.002320858,-1
G080,G099,-0.0023212964,-1
G013,G092,-0.0023213096,-1
G007,G090,-0.0023241474,-1
G032,G069,-0.002324267,-1
G058,G088,-0.0023242806,-1
G042,G086,-0.0023247134,-1
G001,G085,-0.0023251923,-1
G020,G054,-0.0023255646,-1
G050,G091,-0.002325612,-1
G039,G076,-0.0023260221,-1
G029,G088,-0.0023264368,-1
G061,G097,-0.0023272787,-1
G055,G058,-0.0023273032,-1
G018,G074,-0.0023292245,-1
G017,G056,-0.0023301179,-1
G027,G033,-0.0023301635,-1
G096,G023,-0.0023306771,-1
G034,G062,-0.0023323065,-1
G072,G097,-0.0023336273,-1
G026,G014,-0.002334064,-1
G050,G040,-0.0023346636,-1
G054,G084,-0.002335245,-1
G006,G039,-0.002336327,-1
G047,G042,-0.0023369603,-1
G050,G041,-0.0023379293,-1
G032,G093,-0.002338101,-1
G067,G002,-0.0023395664,-1
G084,G021,-0.0023407687,-1
G094,G077,-0.0023419475,-1
G057,G051,-0.0023422386,-1
G046,G060,-0.0023423277,-1
G073,G046,-0.0023451054,-1
G097,G011,-0.002345846,-1
G044,G080,-0.0023469848,-1
G011,G093,-0.0023492451,-1
G037,G027,-0.0023510826,-1
G055,G047,-0.0023541332,-1
G082,G045,-0.0023547467,-1
G085,G067,-0.002354979,-1
G066,G025,-0.0023552724,-1
G092,G021,-0.0023569078,-1
G058,G060,-0.0023570128,-1
G025,G013,-0.0023580617,-1
G087,G045,-0.002358436,-1
G084,G038,-0.002361853,-1
G031,G054,-0.002362783,-1
G024,G063,-0.0023629847,-1
G061,G009,-0.0023632257,-1
G042,G017,-0.0023648327,-1
G053,G058,-0.0023655847,-1
G072,G017,-0.0023667838,-1
G064,G028,-0.0023671107,-1
G040,G048,-0.002367965,-1
G095,G009,-0.0023681337,-1
G043,G034,-0.0023688367,-1
G048,G094,-0.00236976,-1
G100,G093,-0.0023698823,-1
G021,G006,-0.0023732076,-1
G061,G084,-0.0023772786,-1
G088,G041,-0.0023784752,-1
G015,G018,-0.0023796002,-1
G041,G010,-0.0023802803,-1
G077,G089,-0.0023807571,-1
G054,G039,-0.0023825031,-1
G061,G065,-0.0023826673,-1
G019,G063,-0.0023826684,-1
G021,G020,-0.0023841404,-1
G074,G058,-0.00238584,-1
G041,G017,-0.0023861795,-1
G063,G083,-0.0023863602,-1
G072,G028,-0.0023869385,-1
G091,G034,-0.0023884142,-1
G010,G031,-0.0023891113,-1
G078,G077,-0.0023893497,-1
G088,G096,-0.0023894683,-1
G011,G026,-0.0023898447,-1
G091,G029,-0.002389982,-1
G085,G060,-0.0023907789,-1
G043,G032,-0.002391657,-1
G080,G024,-0.0023986518,-1
G033,G002,-0.0024007428,-1
G018,G030,-0.0024020374,-1
G012,G044,-0.002403048,-1
G080,G081,-0.002403323,-1
G045,G075,-0.0024043794,-1
G077,G088,-0.0024045208,-1
G026,G070,-0.0024060674,-1
G072,G036,-0.0024081375,-1
G100,G018,-0.0024111725,-1
G054,G099,-0.0024114465,-1
G042,G009,-0.002413039,-1
G016,G063,-0.00241343,-1
G090,G093,-0.0024147336,-1
G009,G064,-0.0024210503,-1
G079,G004,-0.0024212087,-1
G022,G046,-0.0024218885,-1
G090,G010,-0.0024220017,-1
G081,G037,-0.0024228876,-1
G061,G033,-0.0024233288,-1
G014,G059,-0.0024233481,-1
G031,G043,-0.0024249803,-1
G047,G084,-0.002425441,-1
G067,G029,-0.0024267056,-1
G051,G012,-0.002427068,-1
G069,G033,-0.0024274082,-1
G097,G029,-0.0024292609,-1
G021,G012,-0.0024315407,-1
G071,G059,-0.0024330951,-1
G053,G003,-0.0024363748,-1
G084,G045,-0.0024365198,-1
G088,G064,-0.0024382973,-1
G100,G013,-0.002438689,-1
G077,G049,-0.0024392514,-1
G073,G070,-0.0024415012,-1
G100,G099,-0.0024418372,-1
G008,G083,-0.0024429918,-1
G023,G061,-0.0024479995,-1
G013,G004,-0.002448737,-1
G003,G059,-0.0024488454,-1
G047,G040,-0.0024494543,-1
G061,G098,-0.002450045,-1
G061,G021,-0.002450914,-1
G033,G077,-0.0024518075,-1
G017,G058,-0.0024535886,-1
G040,G038,-0.0024536534,-1
G073,G030,-0.0024540739,-1
G094,G037,-0.002458794,-1
G093,G073,-0.0024588448,-1
G050,G096,-0.0024597356,-1
G086,G063,-0.0024598322,-1
G077,G052,-0.0024598625,-1
G089,G091,-0.0024602076,-1
G070,G062,-0.00246534,-1
G088,G063,-0.0024672807,-1
G031,G087,-0.0024672875,-1
G072,G090,-0.002467741,-1
G020,G022,-0.0024708023,-1
G029,G060,-0.002471302,-1
G028,G081,-0.0024747213,-1
G012,G078,-0.0024747697,-1
G086,G006,-0.0024752032,-1
G081,G051,-0.0024762535,-1
G060,G011,-0.002476531,-1
G096,G050,-0.0024778668,-1
G037,G052,-0.0024795302,-1
G026,G002,-0.0024813202,-1
G071,G086,-0.0024816091,-1
G048,G041,-0.00248351,-1
G082,G078,-0.002483564,-1
G033,G015,-0.0024842294,-1
G030,G022,-0.0024852003,-1
G075,G025,-0.0024861756,-1
G016,G091,-0.00248681,-1
G032,G041,-0.0024884397,-1
G053,G011,-0.0024905843,-1
G097,G045,-0.0024906143,-1
G035,G098,-0.0024963361,-1
G031,G035,-0.0024985804,-1
G005,G046,-0.0024992058,-1
G086,G096,-0.002501256,-1
G091,G015,-0.002503211,-1
G067,G024,-0.0025038011,-1
G024,G076,-0.002504585,-1
G026,G067,-0.0025050198,-1
G005,G061,-0.0025083642,-1
G084,G016,-0.0025096948,-1
G039,G037,-0.0025101195,-1
G089,G098,-0.0025157456,-1
G053,G014,-0.0025172397,-1
G075,G001,-0.0025172834,-1
G045,G065,-0.0025190988,-1
G068,G010,-0.0025208294,-1
G054,G047,-0.0025222015,-1
G006,G051,-0.0025232804,-1
G083,G029,-0.0025235477,-1
G041,G063,-0.0025254325,-1
G083,G098,-0.002526736,-1
G094,G081,-0.00253052,-1
G095,G099,-0.0025317203,-1
G058,G054,-0.0025320086,-1
G063,G081,-0.0025325555,-1
G092,G077,-0.0025359076,-1
G074,G006,-0.002536102,-1
G032,G099,-0.002538555,-1
G009,G072,-0.0025421516,-1
G093,G040,-0.002548255,-1
G055,G012,-0.0025491505,-1
G072,G038,-0.0025511805,-1
G041,G046,-0.0025516797,-1
G099,G001,-0.0025540087,-1
G095,G065,-0.0025553363,-1
G072,G035,-0.0025555226,-1
G074,G083,-0.0025576318,-1
G048,G060,-0.0025585087,-1
G011,G012,-0.0025595739,-1
G079,G078,-0.00256095,-1
G089,G095,-0.0025614058,-1
G017,G009,-0.002561995,-1
G037,G011,-0.0025634994,-1
G011,G045,-0.0025635096,-1
G089,G062,-0.0025659888,-1
G019,G047,-0.0025672407,-1
G079,G029,-0.0025733262,-1
G072,G042,-0.0025751689,-1
G026,G098,-0.0025775947,-1
G087,G022,-0.002577823,-1
G024,G023,-0.0025778909,-1
G021,G011,-0.0025809873,-1
G064,G095,-0.0025829133,-1
G030,G087,-0.0025833258,-1
G082,G026,-0.002583545,-1
G018,G096,-0.0025880858,-1
G043,G036,-0.0025884178,-1
G061,G095,-0.0025890688,-1
G009,G040,-0.0025893985,-1
G006,G037,-0.0025896858,-1
G099,G081,-0.0025897548,-1
G073,G076,-0.0025931082,-1
G078,G010,-0.0025935315,-1
G097,G078,-0.0025953508,-1
G007,G011,-0.0025968472,-1
G022,G060,-0.0025984936,-1
G030,G010,-0.0026001222,-1
G021,G004,-0.0026036233,-1
G084,G094,-0.0026059528,-1
G053,G054,-0.0026068508,-1
G043,G075,-0.002608742,-1
G032,G018,-0.0026103575,-1
G017,G097,-0.0026106206,-1
G015,G052,-0.0026129438,-1
G017,G047,-0.0026134662,-1
G090,G080,-0.0026142758,-1
G061,G082,-0.0026159345,-1
G072,G100,-0.0026178171,-1
G022,G078,-0.0026180139,-1
G084,G036,-0.002620696,-1
G084,G065,-0.0026213052,-1
G047,G033,-0.0026240807,-1
G060,G010,-0.0026265066,-1
G046,G048,-0.0026273697,-1
G080,G037,-0.0026291371,-1
G037,G058,-0.0026302927,-1
G013,G100,-0.0026310715,-1
G032,G086,-0.002631274,-1
G062,G014,-0.0026323458,-1
G043,G046,-0.0026364077,-1
G060,G026,-0.0026401076,-1
G077,G037,-0.0026421463,-1
G059,G015,-0.0026470406,-1
G031,G082,-0.0026480588,-1
G062,G036,-0.0026484162,-1
G028,G021,-0.0026493762,-1
G068,G057,-0.0026512917,-1
G005,G031,-0.0026518789,-1
G078,G017,-0.0026518863,-1
G012,G005,-0.0026521273,-1
G088,G038,-0.0026554258,-1
G080,G077,-0.0026562617,-1
G072,G045,-0.002657728,-1
G082,G059,-0.0026582917,-1
G019,G077,-0.0026586594,-1
G075,G021,-0.0026634708,-1
G049,G011,-0.0026650669,-1
G030,G094,-0.0026669335,-1
G016,G046,-0.0026681016,-1
G006,G049,-0.0026759568,-1
G032,G021,-0.0026769086,-1
G003,G040,-0.0026793268,-1
G092,G039,-0.0026793943,-1
G076,G034,-0.0026804786,-1
G031,G093,-0.0026813864,-1
G052,G084,-0.0026815238,-1
G084,G034,-0.0026823436,-1
G097,G046,-0.0026859168,-1
G024,G003,-0.0026862093,-1
G061,G062,-0.00268858,-1
G046,G043,-0.0026896477,-1
G057,G055,-0.002690422,-1
G063,G079,-0.0026914934,-1
G039,G013,-0.0026937681,-1
G022,G075,-0.0026945777,-1
G037,G032,-0.0026968196,-1
G068,G066,-0.0026968445,-1
G002,G091,-0.0026971118,-1
G097,G077,-0.0026981728,-1
G043,G014,-0.0026989016,-1
G001,G051,-0.0026998734,-1
G060,G031,-0.0027003558,-1
G057,G063,-0.0027004688,-1
G046,G075,-0.0027007272,-1
G013,G021,-0.0027017086,-1
G002,G017,-0.0027028406,-1
G075,G083,-0.0027030765,-1
G034,G085,-0.0027037123,-1
G035,G099,-0.0027053421,-1
G058,G066,-0.0027062402,-1
G024,G041,-0.0027085184,-1
G035,G084,-0.002709403,-1
G021,G059,-0.0027108823,-1
G090,G042,-0.0027146786,-1
G074,G100,-0.002715754,-1
G043,G024,-0.0027165269,-1
G028,G066,-0.0027172004,-1
G033,G023,-0.002717504,-1
G003,G018,-0.0027181662,-1
G084,G072,-0.0027207402,-1
G024,G048,-0.0027233483,-1
G036,G093,-0.0027240724,-1
G029,G024,-0.0027245972,-1
G049,G093,-0.0027254475,-1
G055,G094,-0.002726857,-1
G018,G058,-0.0027274613,-1
G013,G016,-0.0027279751,-1
G046,G019,-0.0027315125,-1
G013,G028,-0.0027315873,-1
G037,G013,-0.002732853,-1
G005,G023,-0.002734485,-1
G079,G046,-0.0027348606,-1
G013,G077,-0.0027366378,-1
G019,G100,-0.0027399685,-1
G096,G098,-0.0027413343,-1
G022,G047,-0.002741496,-1
G084,G083,-0.0027416518,-1
G039,G003,-0.0027445527,-1
G013,G096,-0.0027488098,-1
G072,G058,-0.0027490724,-1
G013,G022,-0.002749287,-1
G036,G061,-0.0027510484,-1
G016,G039,-0.0027522207,-1
G075,G096,-0.0027522517,-1
G058,G080,-0.0027536552,-1
G024,G091,-0.0027537048,-1
G080,G017,-0.0027538538,-1
G054,G030,-0.0027567493,-1
G044,G081,-0.0027581805,-1
G053,G073,-0.0027584673,-1
G031,G024,-0.0027605123,-1
G035,G065,-0.0027634606,-1
G061,G067,-0.0027647566,-1
G053,G020,-0.0027654984,-1
G070,G043,-0.002765756,-1
G100,G037,-0.0027660967,-1
G009,G021,-0.002766144,-1
G040,G082,-0.0027662707,-1
G065,G092,-0.0027680788,-1
G010,G099,-0.0027691436,-1
G099,G092,-0.002769508,-1
G058,G030,-0.002771759,-1
G082,G047,-0.0027717946,-1
G002,G084,-0.0027723352,-1
G027,G086,-0.002775731,-1
G008,G006,-0.0027786933,-1
G027,G047,-0.0027796899,-1
G053,G040,-0.0027801744,-1
G009,G046,-0.0027817772,-1
G035,G029,-0.002782393,-1
G061,G093,-0.0027840747,-1
G090,G018,-0.002785053,-1
G083,G085,-0.0027873411,-1
G032,G048,-0.002789082,-1
G098,G039,-0.0027896292,-1
G088,G002,-0.0027905463,-1
G045,G086,-0.0027910732,-1
G040,G036,-0.0027933752,-1
G013,G017,-0.0027934604,-1
G080,G047,-0.002793484,-1
G056,G015,-0.0027951854,-1
G018,G082,-0.0027973456,-1
G019,G062,-0.002798929,-1
G002,G040,-0.0027999112,-1
G059,G024,-0.0028011336,-1
G027,G092,-0.0028017557,-1
G028,G046,-0.0028018542,-1
G099,G046,-0.0028024996,-1
G082,G066,-0.0028027478,-1
G096,G057,-0.0028065166,-1
G038,G024,-0.0028074598,-1
G045,G064,-0.002812172,-1
G072,G029,-0.002813311,-1
G047,G044,-0.0028164308,-1
G028,G070,-0.0028230185,-1
G050,G080,-0.0028255836,-1
G035,G017,-0.0028261682,-1
G058,G068,-0.0028264453,-1
G046,G100,-0.0028264506,-1
G045,G068,-0.002829281,-1
G064,G098,-0.0028317464,-1
G081,G048,-0.0028338057,-1
G092,G011,-0.002835825,-1
G036,G096,-0.002838025,-1
G038,G015,-0.0028409082,-1
G082,G069,-0.002841333,-1
G072,G008,-0.0028416116,-1
G042,G056,-0.0028442447,-1
G008,G077,-0.0028452268,-1
G074,G062,-0.0028452792,-1
G052,G020,-0.0028460277,-1
G088,G047,-0.0028473134,-1
G097,G010,-0.0028482345,-1
G058,G070,-0.002849303,-1
G017,G006,-0.002849549,-1
G043,G076,-0.0028505826,-1
G041,G064,-0.0028518357,-1
G024,G046,-0.0028541107,-1
G036,G015,-0.0028592867,-1
G074,G040,-0.002859896,-1
G090,G092,-0.0028602013,-1
G031,G042,-0.0028606604,-1
G035,G006,-0.0028613063,-1
G083,G022,-0.0028625294,-1
G056,G002,-0.002863748,-1
G019,G024,-0.0028637683,-1
G060,G016,-0.002865358,-1
G004,G028,-0.0028657643,-1
G036,G028,-0.002866042,-1
G031,G063,-0.0028668041,-1
G066,G051,-0.0028677466,-1
G093,G068,-0.0028685764,-1
G092,G062,-0.0028687078,-1
G090,G002,-0.0028697103,-1
G009,G027,-0.0028698526,-1
G093,G067,-0.0028778566,-1
G028,G054,-0.002885179,-1
G081,G010,-0.0028852727,-1
G006,G005,-0.0028867929,-1
G095,G012,-0.0028890888,-1
G064,G079,-0.0028901808,-1
G063,G096,-0.0028947678,-1
G016,G081,-0.0028960574,-1
G031,G012,-0.002899144,-1
G035,G081,-0.0028999238,-1
G088,G075,-0.0029000288,-1
G040,G092,-0.0029010293,-1
G095,G070,-0.002902563,-1
G053,G009,-0.0029025753,-1
G041,G080,-0.0029090098,-1
G037,G035,-0.0029114468,-1
G055,G076,-0.0029117425,-1
G053,G098,-0.002915164,-1
G031,G072,-0.0029163996,-1
G047,G056,-0.0029174106,-1
G098,G029,-0.002917511,-1
G099,G073,-0.0029192434,-1
G035,G064,-0.002927361,-1
G063,G087,-0.0029293932,-1
G038,G013,-0.0029295455,-1
G031,G084,-0.0029297175,-1
G017,G092,-0.0029315962,-1
G017,G055,-0.0029318496,-1
G046,G017,-0.002932094,-1
G092,G030,-0.0029321143,-1
G055,G014,-0.0029325122,-1
G061,G032,-0.0029334521,-1
G068,G013,-0.0029367632,-1
G076,G069,-0.0029384568,-1
G035,G042,-0.002939989,-1
G006,G094,-0.0029403046,-1
G071,G067,-0.0029426254,-1
G002,G035,-0.002943165,-1
G093,G062,-0.002944451,-1
G050,G057,-0.0029463964,-1
G076,G078,-0.0029464124,-1
G053,G034,-0.0029468888,-1
G078,G046,-0.0029485968,-1
G014,G017,-0.0029493636,-1
G071,G027,-0.0029503505,-1
G024,G030,-0.0029513491,-1
G098,G020,-0.0029564684,-1
G074,G037,-0.0029567943,-1
G072,G040,-0.0029577815,-1
G092,G063,-0.0029590102,-1
G090,G006,-0.0029637865,-1
G070,G049,-0.00296726,-1
G013,G070,-0.0029680317,-1
G016,G074,-0.0029700226,-1
G013,G042,-0.002977613,-1
G039,G074,-0.00297792,-1
G076,G058,-0.0029800588,-1
G026,G068,-0.0029818611,-1
G055,G036,-0.0029903841,-1
G046,G022,-0.002993339,-1
G067,G047,-0.002993553,-1
G089,G080,-0.0029935553,-1
G003,G022,-0.002995099,-1
G006,G089,-0.002998096,-1
G043,G092,-0.002998208,-1
G086,G095,-0.0030014631,-1
G022,G024,-0.0030044024,-1
G065,G068,-0.003005085,-1
G061,G016,-0.0030051796,-1
G072,G093,-0.0030053302,-1
G029,G054,-0.0030089978,-1
G032,G027,-0.003009279,-1
G024,G050,-0.0030105896,-1
G034,G014,-0.003010766,-1
G006,G009,-0.0030132518,-1
G053,G084,-0.0030140653,-1
G061,G059,-0.003015454,-1
G064,G096,-0.0030170656,-1
G100,G049,-0.0030171608,-1
G016,G050,-0.003022434,-1
G072,G062,-0.0030225809,-1
G088,G060,-0.0030318683,-1
G097,G019,-0.0030320813,-1
G049,G076,-0.0030332126,-1
G012,G039,-0.0030346017,-1
G079,G099,-0.0030348192,-1
G074,G076,-0.0030356764,-1
G080,G039,-0.0030364748,-1
G072,G070,-0.0030421831,-1
G061,G071,-0.0030467464,-1
G040,G085,-0.0030471722,-1
G016,G099,-0.0030486274,-1
G074,G063,-0.0030495217,-1
G016,G005,-0.0030527008,-1
G036,G002,-0.0030538272,-1
G075,G017,-0.0030546011,-1
G075,G076,-0.003054996,-1
G099,G090,-0.0030554486,-1
G028,G075,-0.0030571304,-1
G050,G045,-0.0030572775,-1
G058,G046,-0.0030586172,-1
G077,G056,-0.0030595944,-1
G009,G042,-0.0030612205,-1
G084,G067,-0.0030686844,-1
G079,G090,-0.003071754,-1
G092,G073,-0.0030727494,-1
G006,G018,-0.0030739538,-1
G026,G083,-0.0030744926,-1
G074,G014,-0.0030755242,-1
G016,G013,-0.0030760649,-1
G032,G066,-0.0030772313,-1
G036,G020,-0.0030774209,-1
G066,G024,-0.0030798984,-1
G053,G059,-0.0030805352,-1
G058,G052,-0.003080653,-1
G073,G082,-0.0030826826,-1
G088,G030,-0.0030860582,-1
G039,G085,-0.0030865024,-1
G019,G037,-0.0030915765,-1
G017,G024,-0.0030947113,-1
G080,G005,-0.0030970364,-1
G090,G088,-0.003097446,-1
G024,G081,-0.0031004194,-1
G058,G022,-0.0031050653,-1
G040,G049,-0.0031064618,-1
G051,G036,-0.0031065799,-1
G095,G011,-0.0031068122,-1
G040,G086,-0.0031070344,-1
G075,G059,-0.0031100903,-1
G092,G046,-0.0031110072,-1
G056,G050,-0.0031164924,-1
G016,G076,-0.0031166172,-1
G094,G075,-0.0031197916,-1
G052,G078,-0.0031221935,-1
G040,G070,-0.0031243274,-1
G039,G030,-0.0031263565,-1
G060,G033,-0.0031285551,-1
G013,G040,-0.0031286976,-1
G058,G048,-0.003133232,-1
G062,G093,-0.0031349657,-1
G058,G076,-0.0031354045,-1
G090,G075,-0.0031383345,-1
G061,G074,-0.0031384863,-1
G026,G076,-0.0031404863,-1
G090,G097,-0.0031550666,-1
G088,G021,-0.003167333,-1
G059,G008,-0.0031673897,-1
G093,G069,-0.0031737618,-1
G099,G007,-0.003173808,-1
G083,G034,-0.003174283,-1
G016,G021,-0.003175922,-1
G026,G044,-0.0031772777,-1
G036,G100,-0.0031790019,-1
G062,G057,-0.0031791483,-1
G033,G026,-0.0031796235,-1
G031,G057,-0.0031804391,-1
G041,G009,-0.0031833015,-1
G016,G095,-0.0031863116,-1
G081,G016,-0.0031878932,-1
G044,G055,-0.0031888727,-1
G013,G062,-0.0031900532,-1
G027,G012,-0.003190344,-1
G061,G051,-0.0031904744,-1
G023,G082,-0.003191148,-1
G053,G031,-0.003191732,-1
G079,G005,-0.0031929696,-1
G099,G088,-0.003193556,-1
G003,G029,-0.0031946083,-1
G087,G093,-0.0031948343,-1
G016,G093,-0.0031997538,-1
G094,G031,-0.0031999573,-1
G018,G017,-0.0032020954,-1
G084,G089,-0.0032042945,-1
G055,G050,-0.0032054563,-1
G073,G058,-0.003205474,-1
G029,G005,-0.0032084642,-1
G071,G010,-0.003208695,-1
G003,G091,-0.0032100056,-1
G028,G092,-0.0032126228,-1
G079,G039,-0.0032126391,-1
G005,G029,-0.0032171472,-1
G011,G050,-0.0032188955,-1
G019,G069,-0.0032211696,-1
G035,G007,-0.0032234543,-1
G055,G027,-0.0032261766,-1
G073,G094,-0.0032265058,-1
G063,G037,-0.0032267424,-1
G025,G012,-0.0032305836,-1
G058,G062,-0.0032324162,-1
G012,G059,-0.0032372917,-1
G032,G004,-0.0032416445,-1
G053,G062,-0.0032446135,-1
G090,G083,-0.0032471204,-1
G007,G020,-0.0032524287,-1
G045,G058,-0.0032526108,-1
G007,G100,-0.003253022,-1
G068,G027,-0.0032531407,-1
G060,G100,-0.0032539007,-1
G007,G074,-0.003260387,-1
G053,G096,-0.003263039,-1
G014,G080,-0.0032651199,-1
G016,G048,-0.0032658053,-1
G080,G063,-0.0032675816,-1
G094,G070,-0.0032741663,-1
G072,G076,-0.0032777446,-1
G017,G062,-0.0032782846,-1
G098,G072,-0.003278557,-1
G075,G037,-0.003278926,-1
G053,G056,-0.0032821698,-1
G098,G013,-0.0032824017,-1
G058,G018,-0.0032844672,-1
G057,G080,-0.0032869778,-1
G056,G008,-0.0032872097,-1
G063,G075,-0.003287466,-1
G076,G033,-0.0032888916,-1
G001,G082,-0.0032931068,-1
G099,G076,-0.0032952928,-1
G013,G082,-0.0032967504,-1
G003,G074,-0.003300564,-1
G097,G094,-0.00330704,-1
G057,G033,-0.003307284,-1
G018,G070,-0.003312828,-1
G062,G078,-0.0033133156,-1
G084,G013,-0.0033147892,-1
G049,G092,-0.0033165542,-1
G031,G062,-0.00331878,-1
G045,G084,-0.0033196625,-1
G061,G063,-0.0033206712,-1
G061,G055,-0.0033208563,-1
G006,G095,-0.0033251392,-1
G061,G013,-0.0033278738,-1
G092,G054,-0.003327878,-1
G024,G098,-0.003331536,-1
G075,G033,-0.003334093,-1
G001,G012,-0.0033364815,-1
G019,G094,-0.003339681,-1
G050,G071,-0.0033461954,-1
G096,G095,-0.003362891,-1
G067,G086,-0.003363993,-1
G040,G066,-0.0033651195,-1
G065,G014,-0.003366201,-1
G084,G032,-0.003372074,-1
G059,G044,-0.0033720876,-1
G075,G034,-0.0033725742,-1
G032,G089,-0.0033730518,-1
G078,G095,-0.0033810162,-1
G070,G045,-0.003382302,-1
G060,G013,-0.0033841317,-1
G045,G090,-0.00339391,-1
G072,G055,-0.0033949981,-1
G022,G025,-0.0033972291,-1
G066,G004,-0.0033974254,-1
G092,G024,-0.0033987146,-1
G082,G064,-0.0034002324,-1
G010,G024,-0.003401787,-1
G016,G057,-0.0034105154,-1
G001,G039,-0.0034111803,-1
G053,G030,-0.0034112681,-1
G096,G037,-0.0034116907,-1
G047,G039,-0.0034142684,-1
G032,G019,-0.003414391,-1
G059,G095,-0.0034189022,-1
G063,G073,-0.003423188,-1
G095,G030,-0.0034289279,-1
G011,G097,-0.0034350092,-1
G059,G043,-0.0034355843,-1
G061,G099,-0.00343587,-1
G061,G015,-0.0034372248,-1
G092,G100,-0.0034373861,-1
G007,G062,-0.0034385272,-1
G016,G096,-0.0034400504,-1
G068,G100,-0.0034414737,-1
G079,G084,-0.0034433834,-1
G082,G080,-0.0034437757,-1
G032,G076,-0.0034439343,-1
G001,G057,-0.0034441387,-1
G043,G079,-0.0034449047,-1
G035,G079,-0.0034484721,-1
G030,G043,-0.0034498675,-1
G055,G087,-0.0034501466,-1
G046,G009,-0.0034520437,-1
G053,G070,-0.0034537718,-1
G011,G091,-0.0034550559,-1
G034,G022,-0.0034565094,-1
G061,G086,-0.0034566652,-1
G064,G011,-0.0034575684,-1
G045,G022,-0.0034579418,-1
G018,G025,-0.0034583088,-1
G035,G078,-0.003465685,-1
G078,G081,-0.0034670385,-1
G031,G071,-0.0034671263,-1
G013,G034,-0.003468764,-1
G040,G098,-0.0034730625,-1
G093,G030,-0.0034774933,-1
G001,G002,-0.0034780707,-1
G022,G069,-0.003478496,-1
G046,G072,-0.0034843248,-1
G054,G048,-0.0034915234,-1
G069,G036,-0.0034929358,-1
G017,G039,-0.0034934874,-1
G094,G036,-0.0034981556,-1
G057,G066,-0.0035020562,-1
G009,G030,-0.0035044416,-1
G098,G044,-0.003504765,-1
G094,G089,-0.0035068975,-1
G019,G066,-0.0035074698,-1
G023,G042,-0.0035099995,-1
G071,G025,-0.0035108118,-1
G094,G017,-0.0035124877,-1
G097,G100,-0.0035125588,-1
G017,G026,-0.0035154491,-1
G040,G031,-0.0035218962,-1
G007,G067,-0.003522614,-1
G077,G079,-0.00352593,-1
G041,G013,-0.0035297342,-1
G058,G042,-0.0035350872,-1
G061,G037,-0.003535439,-1
G077,G076,-0.0035364141,-1
G018,G039,-0.0035383403,-1
G092,G033,-0.0035400412,-1
G019,G028,-0.0035427741,-1
G095,G050,-0.0035459155,-1
G010,G066,-0.0035461192,-1
G092,G025,-0.0035462482,-1
G078,G061,-0.0035471478,-1
G100,G063,-0.0035485665,-1
G094,G072,-0.0035490931,-1
G071,G076,-0.003549273,-1
G063,G017,-0.0035492931,-1
G037,G004,-0.003550421,-1
G095,G021,-0.003550691,-1
G043,G050,-0.003552643,-1
G097,G032,-0.0035569016,-1
G088,G031,-0.003560666,-1
G019,G049,-0.0035615002,-1
G019,G020,-0.0035643387,-1
G082,G099,-0.0035662078,-1
G088,G018,-0.0035711632,-1
G057,G032,-0.0035731369,-1
G053,G005,-0.0035751958,-1
G061,G072,-0.0035774307,-1
G005,G006,-0.0035782948,-1
G087,G039,-0.003579131,-1
G031,G047,-0.0035819388,-1
G035,G041,-0.003582649,-1
G056,G059,-0.0035831328,-1
G040,G035,-0.0035834364,-1
G092,G042,-0.0035836122,-1
G040,G078,-0.0035852003,-1
G055,G070,-0.0035852648,-1
G078,G042,-0.0035860129,-1
G017,G075,-0.003586058,-1
G018,G003,-0.003588079,-1
G031,G074,-0.0035907272,-1
G100,G026,-0.0035975133,-1
G004,G060,-0.0036021215,-1
G065,G093,-0.0036066084,-1
G037,G089,-0.0036077227,-1
G026,G063,-0.003608173,-1
G014,G030,-0.0036084072,-1
G051,G029,-0.0036118324,-1
G077,G030,-0.0036131276,-1
G084,G062,-0.0036150266,-1
G091,G052,-0.0036200462,-1
G092,G064,-0.003620177,-1
G044,G088,-0.0036236905,-1
G043,G087,-0.0036250902,-1
G094,G092,-0.003627752,-1
G023,G062,-0.0036333525,-1
G032,G072,-0.0036334572,-1
G098,G043,-0.0036342335,-1
G014,G005,-0.003636113,-1
G006,G056,-0.0036372517,-1
G005,G043,-0.0036377965,-1
G094,G083,-0.0036405236,-1
G051,G078,-0.0036439255,-1
G084,G018,-0.0036483707,-1
G073,G090,-0.0036508704,-1
G078,G034,-0.0036515368,-1
G037,G016,-0.003652031,-1
G030,G042,-0.0036549892,-1
G016,G047,-0.0036565992,-1
G041,G052,-0.0036608623,-1
G022,G096,-0.003662307,-1
G074,G024,-0.0036631555,-1
G055,G084,-0.0036631757,-1
G016,G023,-0.0036648938,-1
G024,G045,-0.0036663262,-1
G094,G049,-0.0036682498,-1
G016,G037,-0.003670404,-1
G088,G065,-0.0036709337,-1
G019,G012,-0.0036714831,-1
G100,G081,-0.0036738142,-1
G040,G096,-0.0036744995,-1
G030,G039,-0.0036760569,-1
G007,G029,-0.003678098,-1
G053,G025,-0.0036801992,-1
G098,G078,-0.003680422,-1
G008,G027,-0.0036827559,-1
G044,G058,-0.0036853673,-1
G041,G031,-0.0036884458,-1
G045,G013,-0.0036907613,-1
G016,G035,-0.0036971178,-1
G013,G078,-0.003698913,-1
G019,G033,-0.0036993655,-1
G077,G001,-0.003701003,-1
G075,G046,-0.003707439,-1
G016,G038,-0.0037104527,-1
G061,G073,-0.0037113393,-1
G037,G055,-0.003711596,-1
G097,G070,-0.0037118192,-1
G061,G070,-0.0037150343,-1
G031,G039,-0.0037151536,-1
G007,G070,-0.0037155456,-1
G057,G097,-0.0037199536,-1
G031,G023,-0.0037226386,-1
G094,G047,-0.0037283746,-1
G072,G075,-0.0037298924,-1
G009,G098,-0.0037313788,-1
G007,G013,-0.003732294,-1
G073,G062,-0.0037355365,-1
G084,G077,-0.00373809,-1
G009,G018,-0.0037415326,-1
G025,G079,-0.0037429559,-1
G089,G058,-0.0037508123,-1
G019,G082,-0.0037532481,-1
G060,G021,-0.0037610857,-1
G012,G024,-0.0037693712,-1
G093,G079,-0.0037701433,-1
G059,G005,-0.003770642,-1
G071,G032,-0.0037742816,-1
G095,G076,-0.0037760567,-1
G035,G100,-0.0037770504,-1
G079,G076,-0.0037772874,-1
G088,G054,-0.0037868298,-1
G053,G072,-0.0037880873,-1
G058,G011,-0.0037918666,-1
G016,G032,-0.0037941032,-1
G086,G005,-0.003798755,-1
G054,G098,-0.0038008776,-1
G058,G024,-0.0038037882,-1
G043,G096,-0.0038097259,-1
G023,G054,-0.0038106302,-1
G072,G022,-0.0038147524,-1
G013,G073,-0.0038147666,-1
G088,G014,-0.0038158768,-1
G071,G077,-0.0038176798,-1
G084,G082,-0.0038181946,-1
G032,G092,-0.0038183855,-1
G016,G022,-0.0038219034,-1
G016,G064,-0.0038236303,-1
G092,G032,-0.0038392553,-1
G084,G098,-0.0038447976,-1
G082,G027,-0.0038466062,-1
G036,G054,-0.0038498738,-1
G031,G025,-0.0038573097,-1
G076,G024,-0.003874008,-1
G003,G064,-0.0038749494,-1
G045,G029,-0.0038775748,-1
G088,G022,-0.0038777005,-1
G006,G058,-0.0038827884,-1
G092,G087,-0.003893302,-1
G053,G089,-0.0038971142,-1
G034,G005,-0.0038975608,-1
G061,G029,-0.0038991682,-1
G013,G009,-0.0039033014,-1
G032,G064,-0.0039050223,-1
G082,G004,-0.0039055985,-1
G075,G042,-0.0039090714,-1
G017,G067,-0.0039112098,-1
G031,G058,-0.003911289,-1
G009,G083,-0.0039160484,-1
G057,G003,-0.003916368,-1
G098,G047,-0.003918266,-1
G008,G052,-0.0039232364,-1
G064,G072,-0.003924476,-1
G086,G047,-0.0039294194,-1
G006,G060,-0.0039312746,-1
G045,G043,-0.003936034,-1
G047,G031,-0.00394046,-1
G033,G003,-0.0039466633,-1
G084,G041,-0.0039504594,-1
G094,G024,-0.0039528976,-1
G015,G028,-0.003954208,-1
G012,G076,-0.0039542667,-1
G022,G064,-0.0039558113,-1
G028,G047,-0.0039631906,-1
G037,G050,-0.003966203,-1
G091,G058,-0.0039705182,-1
G057,G093,-0.003978435,-1
G043,G018,-0.0039910064,-1
G075,G084,-0.0039919047,-1
G043,G012,-0.0039941245,-1
G067,G074,-0.003994835,-1
G098,G088,-0.003995892,-1
G039,G050,-0.003996849,-1
G061,G100,-0.0040013627,-1
G088,G011,-0.004002111,-1
G035,G047,-0.004007089,-1
G011,G016,-0.0040100547,-1
G075,G097,-0.0040122396,-1
G095,G037,-0.0040132795,-1
G013,G099,-0.00401431,-1
G093,G012,-0.004016826,-1
G092,G010,-0.004022286,-1
G099,G033,-0.004031039,-1
G059,G085,-0.00403191,-1
G008,G091,-0.0040325182,-1
G007,G039,-0.004038636,-1
G014,G039,-0.0040419493,-1
G026,G097,-0.0040423903,-1
G036,G009,-0.0040464983,-1
G055,G011,-0.004047143,-1
G068,G097,-0.0040474758,-1
G025,G048,-0.004055685,-1
G072,G095,-0.0040583736,-1
G014,G090,-0.0040584886,-1
G015,G081,-0.0040588845,-1
G011,G047,-0.0040596416,-1
G096,G036,-0.004061721,-1
G084,G039,-0.0040633557,-1
G097,G024,-0.004068393,-1
G088,G010,-0.004075541,-1
G097,G068,-0.0040800446,-1
G053,G041,-0.0040860083,-1
G091,G035,-0.0040873634,-1
G026,G041,-0.0040874006,-1
G055,G098,-0.004089549,-1
G026,G071,-0.0040924647,-1
G034,G045,-0.004093103,-1
G033,G009,-0.0040981174,-1
G080,G095,-0.0040990496,-1
G097,G013,-0.0041167145,-1
G074,G027,-0.004119543,-1
G057,G060,-0.0041238326,-1
G076,G071,-0.0041292896,-1
G032,G037,-0.004134321,-1
G058,G040,-0.0041389973,-1
G008,G015,-0.0041390434,-1
G055,G025,-0.004143298,-1
G065,G025,-0.0041458183,-1
G088,G086,-0.0041510095,-1
G080,G015,-0.004154175,-1
G078,G051,-0.004159485,-1
G023,G009,-0.004162844,-1
G038,G097,-0.004166143,-1
G045,G096,-0.0041684317,-1
G080,G083,-0.00417098,-1
G095,G020,-0.0041727303,-1
G071,G093,-0.0041780574,-1
G029,G067,-0.0041834,-1
G055,G073,-0.004194584,-1
G016,G098,-0.0041963775,-1
G084,G070,-0.004199211,-1
G072,G063,-0.0042196726,-1
G061,G092,-0.0042377855,-1
G100,G091,-0.0042476794,-1
G061,G090,-0.004250219,-1
G073,G100,-0.004252441,-1
G059,G037,-0.0042558056,-1
G046,G098,-0.004256661,-1
G080,G070,-0.0042606117,-1
G045,G012,-0.0042632045,-1
G007,G098,-0.0042758794,-1
G031,G014,-0.0042793895,-1
G095,G073,-0.004279721,-1
G026,G042,-0.0042939465,-1
G058,G050,-0.004296406,-1
G053,G086,-0.0043062773,-1
G070,G028,-0.0043075276,-1
G006,G064,-0.0043078125,-1
G049,G016,-0.0043136077,-1
G079,G089,-0.0043136403,-1
G074,G053,-0.0043187025,-1
G033,G018,-0.004344082,-1
G096,G033,-0.004345144,-1
G054,G018,-0.0043482836,-1
G074,G017,-0.0043492718,-1
G088,G003,-0.0043498045,-1
G031,G098,-0.0043500215,-1
G006,G017,-0.004355574,-1
G049,G096,-0.0043587815,-1
G093,G045,-0.004360078,-1
G035,G059,-0.004360517,-1
G084,G010,-0.0043633366,-1
G028,G006,-0.0043644477,-1
G083,G044,-0.004367967,-1
G054,G041,-0.004368797,-1
G043,G094,-0.004375547,-1
G060,G047,-0.0043813083,-1
G061,G050,-0.004395797,-1
G035,G074,-0.004397211,-1
G055,G024,-0.0044026817,-1
G054,G040,-0.0044108047,-1
G006,G019,-0.0044200965,-1
G033,G042,-0.0044236192,-1
G024,G087,-0.004430723,-1
G097,G035,-0.00444008,-1
G064,G094,-0.0044423467,-1
G007,G072,-0.0044448376,-1
G046,G064,-0.004452949,-1
G030,G017,-0.0044539124,-1
G060,G092,-0.004457509,-1
G064,G026,-0.004461165,-1
G032,G085,-0.0044761663,-1
G003,G087,-0.004483749,-1
G040,G007,-0.004488774,-1
G078,G013,-0.0044973604,-1
G031,G067,-0.004508024,-1
G009,G007,-0.0045101126,-1
G026,G090,-0.0045103263,-1
G093,G082,-0.0045109843,-1
G039,G012,-0.0045127575,-1
G053,G028,-0.0045177746,-1
G096,G100,-0.004519219,-1
G046,G026,-0.004520436,-1
G088,G085,-0.004522635,-1
G040,G046,-0.004548753,-1
G042,G026,-0.00455031,-1
G006,G025,-0.0045504156,-1
G010,G043,-0.0045675854,-1
G061,G005,-0.004570405,-1
G060,G001,-0.004576692,-1
G079,G077,-0.00457844,-1
G048,G081,-0.004586403,-1
G007,G073,-0.004588516,-1
G006,G010,-0.00459445,-1
G013,G067,-0.004602769,-1
G074,G066,-0.004604453,-1
G005,G052,-0.0046076616,-1
G039,G072,-0.004610636,-1
G045,G032,-0.004610842,-1
G026,G039,-0.0046138084,-1
G097,G058,-0.0046253097,-1
G053,G017,-0.004633839,-1
G091,G043,-0.0046340404,-1
G005,G094,-0.004635021,-1
G018,G037,-0.004635095,-1
G092,G072,-0.0046356567,-1
G072,G025,-0.0046461686,-1
G061,G027,-0.0046599214,-1
G068,G052,-0.0046677627,-1
G043,G093,-0.00469124,-1
G079,G013,-0.004692626,-1
G031,G027,-0.004700701,-1
G100,G075,-0.0047041434,-1
G026,G029,-0.0047074603,-1
G092,G047,-0.004709221,-1
G035,G071,-0.00471356,-1
G035,G016,-0.004713721,-1
G095,G018,-0.0047351695,-1
G009,G026,-0.0047373036,-1
G037,G044,-0.0047387765,-1
G007,G047,-0.0047448953,-1
G053,G087,-0.0047470485,-1
G080,G068,-0.0047586663,-1
G095,G041,-0.0047669914,-1
G044,G095,-0.0047769393,-1
G061,G010,-0.004778164,-1
G032,G080,-0.004779499,-1
G088,G046,-0.0047832984,-1
G079,G009,-0.004785294,-1
G019,G025,-0.0047855126,-1
G009,G006,-0.004788295,-1
G055,G049,-0.004792082,-1
G037,G005,-0.0047930595,-1
G063,G023,-0.0048004747,-1
G053,G082,-0.00480057,-1
G097,G040,-0.004804023,-1
G059,G026,-0.0048131347,-1
G074,G057,-0.004819943,-1
G024,G083,-0.0048244316,-1
G025,G028,-0.0048333458,-1
G053,G080,-0.0048549054,-1
G040,G063,-0.0048593706,-1
G061,G058,-0.0048673553,-1
G095,G007,-0.0048700226,-1
G030,G026,-0.004872268,-1
G043,G026,-0.004879226,-1
G072,G091,-0.0048822295,-1
G009,G028,-0.00489027,-1
G010,G001,-0.004900957,-1
G035,G012,-0.004912224,-1
G099,G066,-0.0049127056,-1
G026,G052,-0.004918588,-1
G040,G090,-0.004920111,-1
G067,G055,-0.004936291,-1
G088,G007,-0.004937352,-1
G023,G088,-0.00493867,-1
G027,G094,-0.0049539837,-1
G013,G027,-0.00495614,-1
G088,G023,-0.0049673333,-1
G064,G075,-0.004968424,-1
G064,G019,-0.0049694222,-1
G045,G041,-0.004972971,-1
G026,G062,-0.0049820035,-1
G007,G036,-0.004987137,-1
G093,G053,-0.0049898,-1
G088,G040,-0.00500106,-1
G016,G097,-0.0050276974,-1
G053,G083,-0.005039836,-1
G026,G058,-0.0050449944,-1
G100,G017,-0.005046274,-1
G052,G035,-0.005052743,-1
G004,G093,-0.0050533223,-1
G040,G037,-0.0050635193,-1
G094,G080,-0.005078259,-1
G055,G079,-0.0050984793,-1
G026,G004,-0.0051039676,-1
G058,G096,-0.005104084,-1
G040,G042,-0.0051043336,-1
G035,G075,-0.0051043523,-1
G092,G058,-0.0051136343,-1
G024,G022,-0.0051248786,-1
G088,G083,-0.005133316,-1
G077,G075,-0.0051333834,-1
G023,G059,-0.0051500816,-1
G043,G016,-0.00515742,-1
G040,G095,-0.0051583154,-1
G065,G001,-0.005158434,-1
G026,G037,-0.0051792352,-1
G075,G013,-0.005184445,-1
G088,G080,-0.0051877056,-1
G095,G033,-0.0052020033,-1
G007,G041,-0.005202683,-1
G005,G007,-0.005212483,-1
G074,G045,-0.0052160895,-1
G084,G043,-0.0052293753,-1
G036,G024,-0.0052370955,-1
G028,G096,-0.005257632,-1
G006,G046,-0.005270963,-1
G016,G075,-0.005273639,-1
G024,G026,-0.005291027,-1
G016,G024,-0.0053051766,-1
G088,G076,-0.0053071855,-1
G097,G074,-0.005309354,-1
G016,G014,-0.0053107436,-1
G001,G078,-0.0053226715,-1
G057,G095,-0.0053246706,-1
G080,G055,-0.005326182,-1
G095,G024,-0.0053547295,-1
G009,G017,-0.0053584403,-1
G035,G062,-0.0053601377,-1
G087,G025,-0.0053605726,-1
G079,G033,-0.005367775,-1
G093,G043,-0.005369502,-1
G003,G092,-0.005379598,-1
G026,G028,-0.005382013,-1
G052,G097,-0.005396176,-1
G040,G011,-0.0054060607,-1
G092,G097,-0.0054123327,-1
G092,G043,-0.005416107,-1
G060,G053,-0.0054235063,-1
G053,G018,-0.0054346137,-1
G028,G005,-0.005434957,-1
G093,G092,-0.0054378323,-1
G001,G091,-0.005440458,-1
G064,G088,-0.005447657,-1
G087,G069,-0.0054540974,-1
G011,G098,-0.00546152,-1
G075,G003,-0.0054644505,-1
G003,G010,-0.005469137,-1
G088,G009,-0.005470592,-1
G075,G005,-0.0054765902,-1
G100,G043,-0.005480174,-1
G091,G039,-0.0054834005,-1
G074,G029,-0.005484829,-1
G088,G095,-0.0055015665,-1
G032,G049,-0.0055270274,-1
G074,G025,-0.0055320733,-1
G088,G062,-0.005535691,-1
G033,G080,-0.0055494634,-1
G016,G083,-0.005558707,-1
G014,G084,-0.0055596614,-1
G073,G014,-0.0055622705,-1
G067,G095,-0.005570579,-1
G040,G060,-0.0055865915,-1
G053,G045,-0.005599229,-1
G024,G015,-0.005609663,-1
G060,G093,-0.0056143757,-1
G025,G045,-0.005631812,-1
G064,G001,-0.0056334254,-1
G018,G057,-0.0056576747,-1
G079,G035,-0.005659104,-1
G019,G002,-0.0056655533,-1
G075,G043,-0.0056728735,-1
G065,G010,-0.005673543,-1
G007,G080,-0.005675179,-1
G005,G042,-0.005682062,-1
G041,G003,-0.005692627,-1
G016,G082,-0.0057069426,-1
G046,G042,-0.005712368,-1
G031,G050,-0.00571262,-1
G026,G086,-0.005731599,-1
G026,G085,-0.0057329154,-1
G094,G016,-0.0057352837,-1
G026,G007,-0.00574357,-1
G092,G007,-0.00576941,-1
G053,G022,-0.005785847,-1
G064,G043,-0.0057961512,-1
G091,G026,-0.005804733,-1
G040,G033,-0.005815743,-1
G084,G050,-0.0058182376,-1
G068,G051,-0.0058287983,-1
G045,G079,-0.0058315764,-1
G073,G088,-0.005832889,-1
G088,G059,-0.0058334223,-1
G024,G097,-0.005834138,-1
G071,G074,-0.005836048,-1
G017,G095,-0.0058368663,-1
G031,G038,-0.005840025,-1
G082,G057,-0.0058570835,-1
G027,G019,-0.0058764773,-1
G045,G034,-0.0058874283,-1
G057,G019,-0.0058885603,-1
G080,G036,-0.005902627,-1
G088,G013,-0.005906629,-1
G027,G061,-0.0059097754,-1
G075,G087,-0.005911451,-1
G061,G068,-0.005919188,-1
G035,G045,-0.005929131,-1
G028,G095,-0.005933926,-1
G061,G076,-0.005943366,-1
G088,G039,-0.005969133,-1
G053,G033,-0.0059758844,-1
G088,G037,-0.005991021,-1
G030,G013,-0.0059973705,-1
G024,G039,-0.0059982194,-1
G032,G006,-0.00599977,-1
G088,G024,-0.006015683,-1
G080,G072,-0.006022031,-1
G033,G024,-0.0060275896,-1
G071,G072,-0.0060499236,-1
G092,G005,-0.006052385,-1
G018,G014,-0.0060602822,-1
G011,G061,-0.006075907,-1
G088,G036,-0.0060870466,-1
G024,G069,-0.0060933814,-1
G030,G098,-0.006101685,-1
G023,G030,-0.006107529,-1
G023,G017,-0.006110278,-1
G017,G007,-0.006142548,-1
G042,G031,-0.00614551,-1
G010,G011,-0.0061561484,-1
G050,G013,-0.0061970185,-1
G075,G023,-0.00620059,-1
G076,G079,-0.006203167,-1
G075,G007,-0.0062056514,-1
G026,G020,-0.0062082093,-1
G092,G022,-0.0062119844,-1
G079,G075,-0.006212467,-1
G025,G087,-0.006217343,-1
G055,G035,-0.006218292,-1
G031,G080,-0.006218771,-1
G059,G083,-0.0062268227,-1
G098,G035,-0.0062366314,-1
G024,G008,-0.0062617203,-1
G088,G066,-0.0062627923,-1
G100,G001,-0.0062690955,-1
G025,G050,-0.0062998906,-1
G013,G094,-0.006307032,-1
G040,G084,-0.0063072946,-1
G028,G016,-0.006308457,-1
G026,G027,-0.0063103633,-1
G030,G088,-0.0063144704,-1
G026,G079,-0.0063148253,-1
G075,G064,-0.0063151172,-1
G069,G087,-0.006357005,-1
G088,G074,-0.00637451,-1
G036,G095,-0.0063754804,-1
G027,G080,-0.006377348,-1
G047,G061,-0.006380119,-1
G075,G009,-0.0063836575,-1
G024,G077,-0.0063896887,-1
G026,G033,-0.0063926484,-1
G058,G079,-0.0063954424,-1
G014,G028,-0.006397037,-1
G007,G087,-0.0063990536,-1
G053,G029,-0.0064041135,-1
G040,G100,-0.006427435,-1
G044,G047,-0.006437739,-1
G092,G075,-0.0064604706,-1
G053,G100,-0.0064615835,-1
G026,G051,-0.006492677,-1
G031,G076,-0.0065034055,-1
G097,G079,-0.0065062284,-1
G040,G019,-0.006540365,-1
G047,G091,-0.0065536215,-1
G097,G022,-0.0065643517,-1
G046,G080,-0.006584331,-1
G071,G060,-0.006590646,-1
G100,G030,-0.0066009182,-1
G031,G064,-0.0066162166,-1
G036,G017,-0.0066252695,-1
G026,G054,-0.006626537,-1
G072,G024,-0.006664091,-1
G003,G036,-0.0066668163,-1
G026,G072,-0.0066687292,-1
G026,G061,-0.0066836127,-1
G005,G068,-0.006708749,-1
G053,G097,-0.0067209615,-1
G045,G077,-0.006738694,-1
G026,G013,-0.0067525366,-1
G061,G052,-0.006760076,-1
G086,G074,-0.0067787413,-1
G026,G001,-0.0067830896,-1
G092,G096,-0.0067877863,-1
G024,G064,-0.006791714,-1
G046,G018,-0.0067954594,-1
G007,G027,-0.0068311235,-1
G097,G076,-0.0068586376,-1
G095,G042,-0.0068686344,-1
G023,G006,-0.006899717,-1
G040,G055,-0.006925393,-1
G067,G040,-0.0069314498,-1
G027,G052,-0.0069479947,-1
G032,G030,-0.006962029,-1
G052,G022,-0.0069777686,-1
G060,G097,-0.006995389,-1
G007,G088,-0.006998094,-1
G046,G096,-0.0070122764,-1
G023,G033,-0.0070126904,-1
G096,G032,-0.00701908,-1
G088,G084,-0.0070254505,-1
G030,G007,-0.0070265895,-1
G046,G007,-0.0070379213,-1
G036,G078,-0.007060799,-1
G039,G053,-0.007084578,-1
G031,G070,-0.0071033216,-1
G026,G016,-0.0071047284,-1
G092,G079,-0.0071148863,-1
G016,G062,-0.0071191797,-1
G024,G018,-0.007133939,-1
G097,G039,-0.007166683,-1
G017,G033,-0.007204623,-1
G031,G097,-0.0072231833,-1
G071,G092,-0.007231325,-1
G067,G072,-0.0072327284,-1
G061,G043,-0.00724118,-1
G040,G064,-0.0072531803,-1
G036,G033,-0.007267527,-1
G060,G071,-0.0072680176,-1
G040,G003,-0.0072808787,-1
G026,G035,-0.0073392945,-1
G053,G079,-0.00734844,-1
G053,G023,-0.0073492588,-1
G086,G018,-0.0073500653,-1
G045,G050,-0.007440661,-1
G046,G032,-0.0074602207,-1
G006,G096,-0.0074604237,-1
G016,G058,-0.0075067305,-1
G053,G067,-0.007514952,-1
G026,G074,-0.007531984,-1
G088,G017,-0.0075365724,-1
G027,G056,-0.0075577376,-1
G028,G033,-0.0075606713,-1
G092,G095,-0.007601881,-1
G053,G016,-0.0076145306,-1
G092,G026,-0.007617785,-1
G018,G042,-0.0076431334,-1
G003,G061,-0.0076693133,-1
G001,G047,-0.0076938234,-1
G001,G015,-0.007707023,-1
G026,G010,-0.0077544525,-1
G003,G079,-0.0077592228,-1
G031,G001,-0.007764515,-1
G003,G060,-0.007790337,-1
G095,G001,-0.007793511,-1
G006,G013,-0.007826485,-1
G040,G001,-0.007912886,-1
G005,G040,-0.007925182,-1
G026,G022,-0.007932789,-1
G032,G095,-0.0079455925,-1
G003,G002,-0.007945739,-1
G050,G032,-0.007975319,-1
G024,G036,-0.00797909,-1
G055,G022,-0.007996301,-1
G015,G036,-0.008021414,-1
G065,G026,-0.008027376,-1
G040,G013,-0.008036208,-1
G028,G007,-0.008044329,-1
G031,G075,-0.008088885,-1
G093,G060,-0.008092409,-1
G039,G064,-0.008122129,-1
G053,G047,-0.008125607,-1
G075,G030,-0.0081374105,-1
G026,G046,-0.008145098,-1
G053,G024,-0.008150097,-1
G034,G067,-0.008171609,-1
G080,G094,-0.008192985,-1
G093,G071,-0.008220379,-1
G068,G091,-0.00827324,-1
G046,G035,-0.008288638,-1
G013,G019,-0.008315708,-1
G019,G005,-0.00843454,-1
G047,G064,-0.008462796,-1
G088,G042,-0.0084680505,-1
G095,G032,-0.00849893,-1
G008,G061,-0.00849933,-1
G027,G068,-0.008500307,-1
G014,G057,-0.008502178,-1
G053,G064,-0.008524933,-1
G019,G084,-0.008564268,-1
G029,G018,-0.008593834,-1
G087,G026,-0.008678737,-1
G071,G097,-0.008697318,-1
G047,G073,-0.008702323,-1
G041,G016,-0.0087549165,-1
G083,G024,-0.008849589,-1
G053,G095,-0.008869133,-1
G026,G009,-0.008904168,-1
G013,G080,-0.008913815,-1
G039,G075,-0.008923983,-1
G053,G013,-0.009057707,-1
G031,G036,-0.009069299,-1
G086,G080,-0.009107405,-1
G025,G069,-0.0091364905,-1
G045,G001,-0.009209641,-1
G057,G014,-0.009230233,-1
G007,G058,-0.009264547,-1
G005,G084,-0.00926701,-1
G074,G047,-0.009294539,-1
G001,G004,-0.009295262,-1
G023,G058,-0.009313819,-1
G025,G024,-0.009326078,-1
G083,G015,-0.009356451,-1
G001,G036,-0.009373862,-1
G072,G074,-0.0093994485,-1
G089,G006,-0.0095559275,-1
G075,G088,-0.009598187,-1
G037,G007,-0.009665245,-1
G039,G060,-0.009681737,-1
G048,G018,-0.009738151,-1
G007,G061,-0.009751492,-1
G026,G017,-0.009762989,-1
G026,G023,-0.009876443,-1
G007,G093,-0.009892011,-1
G006,G014,-0.009903903,-1
G014,G019,-0.009908672,-1
G006,G011,-0.0099384785,-1
G095,G066,-0.010039062,-1
G027,G013,-0.010105725,-1
G084,G090,-0.010131565,-1
G029,G040,-0.0102000255,-1
G006,G007,-0.010235931,-1
G003,G021,-0.010268399,-1
G093,G097,-0.010283763,-1
G031,G028,-0.010307534,-1
G093,G026,-0.010357945,-1
G047,G057,-0.0104127815,-1
G070,G016,-0.01043542,-1
G030,G001,-0.010523066,-1
G023,G007,-0.010554702,-1
G055,G007,-0.010577009,-1
G041,G096,-0.01068624,-1
G026,G006,-0.010830876,-1
G055,G096,-0.010972188,-1
G003,G011,-0.011097593,-1
G053,G043,-0.011229059,-1
G072,G084,-0.011245362,-1
G042,G036,-0.011275582,-1
G007,G010,-0.0113008395,-1
G064,G013,-0.011361564,-1
G029,G075,-0.011417637,-1
G005,G026,-0.011480694,-1
G042,G007,-0.011517633,-1
G088,G100,-0.011522489,-1
G026,G095,-0.011701955,-1
G018,G080,-0.011875996,-1
G026,G088,-0.011893911,-1
G037,G023,-0.011953493,-1
G001,G008,-0.011997304,-1
G017,G016,-0.012017322,-1
G088,G033,-0.012126437,-1
G053,G075,-0.012224922,-1
G031,G045,-0.012232548,-1
G032,G007,-0.012247981,-1
G083,G036,-0.012300566,-1
G072,G086,-0.0123228375,-1
G064,G057,-0.012378633,-1
G088,G072,-0.012393451,-1
G053,G055,-0.012428877,-1
G083,G018,-0.012454666,-1
G030,G016,-0.012612777,-1
G013,G033,-0.012632159,-1
G032,G058,-0.01276492,-1
G074,G005,-0.0128412405,-1
G043,G065,-0.013148184,-1
G005,G020,-0.013341716,-1
G043,G095,-0.013394684,-1
G033,G007,-0.013405585,-1
G006,G003,-0.013654249,-1
G024,G079,-0.013759617,-1
G097,G092,-0.013918244,-1
G091,G088,-0.013942229,-1
G033,G041,-0.013993393,-1
G022,G079,-0.01416571,-1
G088,G005,-0.014373746,-1
G080,G029,-0.014386894,-1
G007,G043,-0.014483119,-1
G049,G007,-0.014868241,-1
G097,G003,-0.0149548,-1
G007,G077,-0.014997678,-1
G057,G030,-0.015044346,-1
G028,G042,-0.015079154,-1
G007,G012,-0.015104805,-1
G062,G082,-0.015195126,-1
G007,G084,-0.015227146,-1
G075,G026,-0.015320506,-1
G013,G005,-0.015351713,-1
G016,G034,-0.015525077,-1
G007,G068,-0.01583035,-1
G022,G035,-0.016107883,-1
G085,G047,-0.016990777,-1
G032,G054,-0.017557546,-1
G019,G074,-0.018002957,-1
G023,G078,-0.018074488,-1
G007,G097,-0.018278167,-1
G076,G092,-0.018395547,-1
G053,G026,-0.01861124,-1
G056,G007,-0.018717792,-1
G053,G006,-0.019082243,-1
G016,G077,-0.019137615,-1
G059,G001,-0.019327503,-1
G028,G041,-0.019477155,-1
G005,G002,-0.01953606,-1
G076,G018,-0.01970949,-1
G001,G061,-0.020507589,-1
G080,G028,-0.020951467,-1
G036,G081,-0.021796368,-1
G019,G072,-0.02262285,-1
G070,G086,-0.023036305,-1
G016,G100,-0.02368327,-1
G006,G002,-0.02369767,-1
G026,G099,-0.024377847,-1
G030,G029,-0.024629742,-1
G062,G018,-0.02569726,-1
G061,G088,-0.026976174,-1
G073,G065,-0.027067816,-1
G058,G013,-0.027228395,-1
G032,G047,-0.027278226,-1
G001,G052,-0.027373081,-1
G074,G056,-0.02737481,-1
G018,G027,-0.028038183,-1
G001,G027,-0.028286282,-1
G025,G007,-0.028465642,-1
G023,G001,-0.028607346,-1
G044,G007,-0.031158797,-1
G040,G087,-0.03127084,-1
G007,G050,-0.031718105,-1
G059,G007,-0.032038655,-1
G016,G045,-0.03216238,-1
G005,G056,-0.032688294,-1
G040,G069,-0.03316486,-1
G008,G003,-0.033253197,-1
G095,G026,-0.033835288,-1
G083,G007,-0.0339507,-1
G058,G078,-0.034094144,-1
G018,G013,-0.034127187,-1
G026,G055,-0.0349757,-1
G003,G089,-0.03612133,-1
G025,G033,-0.03622655,-1
G026,G066,-0.036766972,-1
G007,G045,-0.03685541,-1
G036,G048,-0.03704889,-1
G032,G044,-0.037892595,-1
G012,G008,-0.037910055,-1
G007,G001,-0.038130436,-1
G099,G072,-0.0382307,-1
G071,G044,-0.038594853,-1
G076,G003,-0.0395755,-1
G047,G015,-0.04065144,-1
G044,G010,-0.0407326,-1
G040,G025,-0.041228063,-1
G091,G060,-0.041587897,-1
G088,G001,-0.042620007,-1
G039,G008,-0.04303513,-1
G077,G003,-0.043645382,-1
G081,G023,-0.044520456,-1
G098,G032,-0.0447798,-1
G003,G006,-0.045239802,-1
G005,G019,-0.045352206,-1
G037,G071,-0.045380753,-1
G034,G031,-0.045728162,-1
G013,G057,-0.0458621,-1
G035,G032,-0.046073653,-1
G023,G051,-0.04707421,-1
G001,G068,-0.047540057,-1
G057,G073,-0.04940077,-1
G092,G053,-0.05054771,-1
G068,G036,-0.05191864,-1
G079,G003,-0.052668992,-1
G088,G091,-0.05334066,-1
G027,G005,-0.054168962,-1
G097,G053,-0.054400206,-1
G013,G014,-0.059203178,-1
G033,G028,-0.05921542,-1
G045,G031,-0.060131148,-1
G075,G040,-0.061796956,-1
G100,G088,-0.06617115,-1
