Regulator,Target,Weight,Sign
G018,G032,0.2046468,1
G053,G051,0.06305652,1
G018,G030,0.06204986,1
G018,G017,0.061291862,1
G062,G061,0.05714738,1
G072,G087,0.05693454,1
G051,G053,0.047085263,1
G032,G018,0.046351086,1
G018,G022,0.0450095,1
G047,G051,0.04470777,1
G006,G023,0.04385029,1
G048,G051,0.04340201,1
G006,G004,0.04316109,1
G011,G004,0.04313243,1
G007,G004,0.04238779,1
G045,G043,0.04197938,1
G022,G018,0.04061612,1
G072,G085,0.040076092,1
G016,G015,0.036163427,1
G004,G007,0.034892786,1
G092,G093,0.034556076,1
G059,G057,0.033591397,1
G081,G080,0.032338038,1
G085,G087,0.03156118,1
G052,G051,0.031173127,1
G030,G032,0.02972086,1
G002,G004,0.029477805,1
G027,G026,0.026247874,1
G022,G024,0.023851851,1
G085,G018,0.022278657,1
G037,G035,0.022196807,1
G018,G024,0.022192195,1
G032,G030,0.021593438,1
G058,G057,0.02112929,1
G099,G072,0.021112747,1
G030,G018,0.02074758,1
G012,G004,0.02039692,1
G085,G022,0.019610131,1
G004,G002,0.019175807,1
G018,G047,0.018767254,1
G071,G072,0.018697381,1
G023,G065,0.01823702,1
G085,G099,0.017627623,1
G083,G061,0.017314145,1
G040,G035,0.016953398,1
G085,G100,0.016474701,1
G085,G032,0.01606664,1
G001,G004,0.014758723,1
G038,G037,0.014545588,1
G026,G025,0.014301807,1
G028,G029,0.014236028,1
G044,G045,0.013698897,1
G071,G087,0.0135364225,1
G004,G028,0.013162691,1
G088,G072,0.01266169,1
G046,G043,0.012102248,1
G004,G011,0.011738244,1
G028,G072,0.011555941,1
G074,G072,0.011468092,1
G085,G072,0.011353811,1
G031,G028,0.010777737,1
G087,G072,0.010624439,1
G066,G067,0.010405305,1
G085,G031,0.01007544,1
G008,G004,0.009861163,1
G029,G085,0.009324358,1
G089,G087,0.0091314,1
G022,G017,0.008886517,1
G073,G072,0.008761375,1
G083,G055,0.008622796,1
G041,G035,0.008444855,1
G074,G071,0.008302451,1
G059,G072,0.008010203,1
G070,G071,0.0076762973,1
G018,G090,0.007223727,1
G018,G010,0.0070634373,1
G010,G032,0.0070344033,1
G031,G032,0.0068692644,1
G032,G017,0.006790214,1
G072,G055,0.0064570676,1
G085,G088,0.006278853,1
G012,G014,0.0060161855,1
G084,G072,0.0055644573,1
G089,G085,0.005499336,1
G045,G046,0.0053895754,1
G047,G049,0.005354227,1
G061,G055,0.0052235527,1
G056,G072,0.005019625,1
G078,G085,0.004889044,1
G013,G083,0.0048863795,1
G049,G050,0.0047710985,1
G002,G014,0.004765528,1
G100,G072,0.0045897686,1
G098,G072,0.0044667856,1
G070,G065,0.0043944274,1
G056,G083,0.004196931,1
G065,G051,0.0040274677,1
G089,G071,0.0039465497,1
G065,G055,0.003888585,1
G007,G014,0.0038265458,1
G085,G024,0.0037780234,1
G004,G071,0.003740024,1
G001,G014,0.003739542,1
G003,G002,0.00372347,1
G029,G031,0.0037170956,1
G078,G087,0.0035005496,1
G085,G076,0.003479311,1
G085,G017,0.003447614,1
G014,G087,0.0034347167,1
G061,G083,0.0032758792,1
G025,G027,0.003230597,1
G019,G017,0.0032156892,1
G089,G099,0.003146516,1
G026,G040,0.0029934247,1
G073,G071,0.002972256,1
G010,G090,0.0029396084,1
G043,G087,0.002936631,1
G031,G018,0.0028572069,1
G027,G025,0.0028166296,1
G057,G083,0.002801876,1
G017,G085,0.0027516277,1
G022,G033,0.0027304767,1
G026,G062,0.0027227483,1
G030,G017,0.0027017922,1
G090,G017,0.0026033,1
G031,G030,0.0024354304,1
G014,G028,0.0024247034,1
G010,G071,0.0024235672,1
G045,G072,0.0024141462,1
G051,G017,0.00227826,1
G026,G058,0.0022696161,1
G090,G085,0.0022429742,1
G071,G055,0.002159963,1
G026,G023,0.0020972535,1
G072,G031,0.002041812,1
G071,G099,0.0020271009,1
G025,G007,0.001969031,1
G030,G072,0.0018994991,1
G021,G012,0.0018800719,1
G072,G010,0.0018778655,1
G058,G061,0.001875458,1
G071,G066,0.0018406375,1
G035,G036,0.001766245,1
G010,G085,0.001755161,1
G026,G055,0.0017275091,1
G063,G041,0.0017110014,1
G029,G075,0.0016667958,1
G078,G080,0.00164799,1
G014,G085,0.0016239876,1
G063,G088,0.0016139563,1
G026,G008,0.0016117359,1
G061,G014,0.0015948468,1
G035,G031,0.0015550725,1
G014,G013,0.001486631,1
G017,G087,0.0014729438,1
G017,G028,0.0014646546,1
G027,G055,0.0014584007,1
G099,G026,0.0014520077,1
G076,G072,0.0014122737,1
G030,G082,0.0014024163,1
G014,G075,0.0013823614,1
G047,G007,0.0013773823,1
G089,G075,0.0013769144,1
G047,G019,0.0013734807,1
G032,G072,0.0013600767,1
G029,G087,0.0013589809,1
G004,G029,0.0013514514,1
G084,G078,0.0013293527,1
G026,G031,0.0013249181,1
G063,G036,0.001323024,1
G026,G010,0.00132186,1
G078,G099,0.0013112854,1
G026,G069,0.001304358,1
G063,G033,0.001300953,1
G002,G032,0.0012994853,1
G014,G071,0.0012973809,1
G014,G032,0.0012806554,1
G091,G071,0.0012661158,1
G014,G022,0.001224884,1
G016,G045,0.001219065,1
G026,G035,0.0012111542,1
G090,G032,0.001211076,1
G063,G068,0.0011942106,1
G082,G042,0.0011933584,1
G053,G017,0.0011877909,1
G026,G050,0.001157366,1
G026,G087,0.0011440993,1
G031,G029,0.0011423897,1
G022,G031,0.0011346213,1
G021,G044,0.0011171194,1
G043,G099,0.0010842494,1
G073,G078,0.0010563963,1
G026,G093,0.0010508004,1
G052,G017,0.0010342383,1
G026,G037,0.0010275586,1
G042,G015,0.0010197082,1
G063,G096,0.0010117474,1
G026,G006,0.001001992,1
G096,G076,0.0010015164,1
G022,G047,0.000997852,1
G082,G079,0.0009928055,1
G015,G020,0.0009927677,1
G050,G037,0.000989123,1
G036,G071,0.0009883313,1
G016,G067,0.0009878041,1
G078,G040,0.0009876678,1
G072,G099,0.000986639,1
G043,G091,0.00096741255,1
G021,G049,0.0009667761,1
G063,G008,0.0009648615,1
G074,G065,0.00096400944,1
G016,G084,0.0009616527,1
G082,G056,0.0009557595,1
G021,G023,0.00093525863,1
G026,G042,0.000927533,1
G082,G022,0.0009169153,1
G063,G013,0.0009140319,1
G084,G080,0.0009091809,1
G036,G017,0.00090090046,1
G028,G026,0.0008960417,1
G015,G089,0.00089293905,1
G050,G039,0.00088909036,1
G015,G084,0.0008773413,1
G078,G079,0.0008710252,1
G089,G088,0.00086308346,1
G082,G057,0.0008542561,1
G071,G050,0.0008482517,1
G058,G063,0.000838631,1
G071,G093,0.00083413173,1
G095,G013,0.00082803896,1
G038,G084,0.000824636,1
G038,G065,0.0008244861,1
G078,G081,0.00082393014,1
G007,G032,0.0008217997,1
G021,G008,0.00082030025,1
G089,G100,0.0008107832,1
G025,G030,0.0008028417,1
G025,G024,0.00080075784,1
G021,G035,0.00079822645,1
G066,G068,0.0007887164,1
G080,G017,0.0007850144,1
G021,G070,0.0007831249,1
G017,G047,0.0007772852,1
G037,G079,0.0007761026,1
G083,G014,0.0007674554,1
G019,G034,0.0007658347,1
G089,G048,0.0007635308,1
G031,G017,0.000759585,1
G043,G085,0.00075741933,1
G041,G055,0.00075579016,1
G078,G071,0.0007543295,1
G066,G078,0.0007531357,1
G071,G043,0.0007489067,1
G089,G067,0.00074769993,1
G037,G088,0.0007372287,1
G084,G082,0.0007345048,1
G058,G045,0.0007272103,1
G083,G058,0.0007247247,1
G075,G010,0.0007220974,1
G085,G010,0.00072027213,1
G066,G045,0.0007174729,1
G085,G030,0.0007039393,1
G058,G019,0.0007002798,1
G082,G041,0.0007001876,1
G095,G080,0.00069608394,1
G007,G026,0.0006912957,1
G093,G038,0.0006866482,1
G046,G073,0.0006860995,1
G021,G067,0.00068189803,1
G028,G035,0.0006801645,1
G066,G080,0.0006675555,1
G080,G014,0.0006652523,1
G086,G071,0.0006643379,1
G014,G076,0.0006599681,1
G035,G048,0.0006583324,1
G012,G005,0.0006534127,1
G071,G077,0.0006484691,1
G051,G071,0.0006458375,1
G045,G050,0.0006455659,1
G040,G046,0.0006415996,1
G043,G023,0.0006385359,1
G048,G032,0.0006384049,1
G052,G010,0.0006370035,1
G016,G074,0.0006368762,1
G074,G031,0.00063361926,1
G066,G049,0.00063140556,1
G036,G047,0.0006303811,1
G048,G017,0.0006271121,1
G026,G018,0.00062683015,1
G042,G041,0.00062608824,1
G080,G088,0.00062081456,1
G038,G009,0.00062038534,1
G097,G052,0.0006177349,1
G036,G081,0.00061198766,1
G042,G019,0.00061031943,1
G038,G010,0.0006030195,1
G100,G031,0.00059624674,1
G097,G095,0.0005927948,1
G094,G072,0.0005909981,1
G066,G010,0.0005883504,1
G017,G051,0.0005854671,1
G060,G088,0.0005847071,1
G015,G088,0.0005832818,1
G066,G044,0.0005811425,1
G040,G060,0.0005773233,1
G071,G059,0.000577311,1
G025,G036,0.0005735936,1
G016,G021,0.00057358947,1
G080,G074,0.0005731858,1
G036,G019,0.00057266763,1
G078,G063,0.0005637964,1
G042,G050,0.00056298595,1
G011,G022,0.0005607457,1
G017,G088,0.00055989565,1
G096,G017,0.00055666367,1
G076,G093,0.0005558133,1
G024,G087,0.0005550771,1
G096,G079,0.00055468717,1
G064,G072,0.000552876,1
G063,G071,0.000552677,1
G057,G066,0.00055165304,1
G078,G083,0.00055117183,1
G071,G063,0.0005495521,1
G095,G024,0.0005448608,1
G097,G067,0.00054267416,1
G096,G058,0.00054215227,1
G020,G010,0.00054144766,1
G002,G028,0.000537773,1
G021,G071,0.00053607806,1
G021,G015,0.0005356281,1
G083,G010,0.00053353346,1
G038,G094,0.0005335071,1
G020,G009,0.0005315541,1
G036,G096,0.00052943785,1
G063,G014,0.0005269521,1
G091,G095,0.0005248034,1
G071,G026,0.0005241503,1
G040,G067,0.0005235432,1
G091,G047,0.00052309775,1
G097,G005,0.0005202356,1
G078,G067,0.0005202244,1
G057,G085,0.0005184432,1
G042,G067,0.00051825715,1
G026,G046,0.00051754166,1
G049,G053,0.0005127736,1
G090,G010,0.0005110298,1
G066,G053,0.00051091105,1
G016,G049,0.0005098147,1
G097,G071,0.0005091137,1
G044,G046,0.00050895393,1
G050,G055,0.00050884736,1
G024,G075,0.0005075216,1
G014,G099,0.00050746213,1
G080,G067,0.00050742354,1
G041,G071,0.00050716224,1
G021,G088,0.0005068917,1
G050,G098,0.0005064651,1
G063,G051,0.00050568057,1
G066,G070,0.0005033504,1
G034,G096,0.00050160894,1
G093,G051,0.0005010429,1
G082,G034,0.00049748813,1
G024,G088,0.00049374806,1
G054,G017,0.0004927891,1
G047,G032,0.0004923735,1
G036,G098,0.0004920224,1
G070,G063,0.00048997387,1
G027,G023,0.0004858231,1
G013,G098,0.00048557343,1
G012,G095,0.00048388654,1
G093,G010,0.0004837293,1
G096,G041,0.00048155567,1
G063,G009,0.0004805769,1
G026,G073,0.00047884276,1
G081,G009,0.00047876802,1
G071,G051,0.00047730742,1
G005,G051,0.0004749321,1
G083,G077,0.00047483481,1
G041,G056,0.0004718745,1
G035,G067,0.00047053635,1
G091,G087,0.00047035035,1
G026,G074,0.00046885025,1
G063,G095,0.00046834815,1
G060,G018,0.000467505,1
G079,G074,0.00046628932,1
G078,G007,0.00046507476,1
G063,G032,0.0004636958,1
G063,G010,0.00046161885,1
G015,G045,0.00046152694,1
G030,G007,0.00045968607,1
G017,G099,0.00045599203,1
G026,G096,0.0004550612,1
G097,G027,0.00045383567,1
G017,G075,0.00045349446,1
G070,G087,0.0004505924,1
G038,G071,0.00044982356,1
G060,G091,0.0004497321,1
G027,G069,0.0004497117,1
G017,G012,0.00044930636,1
G008,G028,0.00044892207,1
G065,G067,0.00044655488,1
G003,G085,0.00044569932,1
G005,G067,0.00044560846,1
G038,G022,0.00044499215,1
G087,G010,0.00044444224,1
G005,G020,0.00044383967,1
G031,G021,0.0004437131,1
G040,G093,0.00044246632,1
G026,G045,0.0004398295,1
G080,G070,0.00043947104,1
G078,G046,0.00043867968,1
G041,G017,0.0004386012,1
G086,G087,0.00043793625,1
G050,G097,0.0004370201,1
G080,G059,0.00043605236,1
G048,G022,0.00043604732,1
G042,G059,0.0004347293,1
G039,G067,0.0004346392,1
G021,G047,0.00043443582,1
G095,G071,0.00043415764,1
G036,G007,0.0004333609,1
G050,G023,0.00043240102,1
G003,G091,0.0004321305,1
G064,G095,0.00043147747,1
G044,G099,0.00043119103,1
G073,G089,0.00043080113,1
G026,G016,0.00043077616,1
G017,G010,0.00042999646,1
G097,G012,0.00042955487,1
G082,G086,0.00042928205,1
G025,G041,0.00042764694,1
G097,G017,0.0004267455,1
G081,G010,0.00042650677,1
G038,G078,0.00042567778,1
G091,G064,0.00042450492,1
G043,G059,0.0004241993,1
G071,G023,0.00042203898,1
G067,G099,0.0004205641,1
G065,G066,0.00041900025,1
G042,G090,0.00041878413,1
G093,G006,0.00041854594,1
G097,G076,0.00041710632,1
G013,G023,0.00041563134,1
G078,G082,0.0004155629,1
G036,G055,0.00041537613,1
G050,G019,0.0004149148,1
G031,G062,0.00041410018,1
G095,G021,0.00041393223,1
G026,G021,0.0004135619,1
G017,G067,0.00041120008,1
G048,G085,0.0004107653,1
G036,G083,0.00041069303,1
G021,G087,0.00040953263,1
G051,G078,0.00040882657,1
G063,G099,0.0004086987,1
G076,G031,0.00040524942,1
G001,G032,0.00040402618,1
G008,G088,0.00040321605,1
G007,G022,0.00040317114,1
G017,G009,0.00040316302,1
G024,G055,0.00040248563,1
G050,G067,0.00040247993,1
G057,G095,0.0004023758,1
G021,G098,0.0004018574,1
G006,G083,0.00040121426,1
G015,G071,0.00040113076,1
G081,G076,0.00040105608,1
G063,G067,0.00040018576,1
G027,G058,0.00039951698,1
G042,G092,0.00039912816,1
G061,G098,0.0003989693,1
G089,G021,0.00039877876,1
G048,G087,0.00039769604,1
G074,G055,0.00039615814,1
G079,G010,0.00039611594,1
G005,G083,0.0003958732,1
G080,G076,0.00039400818,1
G043,G058,0.0003938414,1
G040,G088,0.00039363978,1
G038,G098,0.00039362945,1
G063,G040,0.0003931061,1
G083,G024,0.0003930408,1
G097,G046,0.00039233264,1
G046,G010,0.00039190153,1
G077,G076,0.0003917803,1
G038,G079,0.00039102338,1
G005,G058,0.0003908254,1
G024,G077,0.00039051924,1
G082,G095,0.00038982616,1
G049,G055,0.0003895744,1
G038,G028,0.00038938623,1
G031,G072,0.0003885095,1
G046,G071,0.00038850203,1
G082,G088,0.00038777041,1
G037,G021,0.00038711808,1
G011,G014,0.0003868404,1
G003,G076,0.00038642454,1
G084,G076,0.00038630018,1
G093,G098,0.00038512392,1
G046,G058,0.0003843163,1
G013,G096,0.00038427208,1
G096,G055,0.0003837455,1
G073,G011,0.0003835694,1
G021,G062,0.00038330787,1
G045,G038,0.0003831168,1
G082,G049,0.0003826853,1
G049,G067,0.00038139892,1
G097,G025,0.00038036885,1
G060,G071,0.00038005554,1
G077,G027,0.00037985935,1
G014,G015,0.00037960304,1
G066,G009,0.00037945714,1
G079,G067,0.0003793161,1
G045,G071,0.00037906735,1
G045,G067,0.00037851703,1
G027,G040,0.000378346,1
G039,G080,0.00037797197,1
G065,G099,0.00037770506,1
G046,G057,0.00037739106,1
G027,G035,0.0003772098,1
G081,G073,0.0003764056,1
G049,G098,0.00037616,1
G039,G010,0.00037578677,1
G017,G071,0.00037558397,1
G077,G013,0.00037453315,1
G044,G088,0.00037443198,1
G024,G006,0.00037435882,1
G017,G098,0.00037400774,1
G070,G075,0.00037329376,1
G077,G006,0.000372291,1
G003,G028,0.00037225932,1
G079,G071,0.0003720577,1
G021,G038,0.0003703732,1
G029,G099,0.00037035366,1
G021,G024,0.00036976952,1
G093,G064,0.00036976073,1
G055,G076,0.00036967205,1
G095,G075,0.00036916614,1
G037,G075,0.0003691513,1
G021,G025,0.00036882792,1
G014,G023,0.00036874722,1
G017,G049,0.00036838034,1
G015,G075,0.00036837635,1
G067,G076,0.0003683231,1
G064,G051,0.00036737235,1
G060,G058,0.0003672927,1
G021,G073,0.00036668114,1
G082,G007,0.0003644349,1
G066,G029,0.00036309854,1
G003,G021,0.00036231877,1
G082,G059,0.00036166774,1
G041,G084,0.00036163384,1
G027,G062,0.00036091148,1
G077,G018,0.00036066712,1
G069,G023,0.00036061948,1
G021,G077,0.00036055682,1
G058,G067,0.00036049946,1
G005,G042,0.0003604512,1
G016,G032,0.00035978315,1
G065,G088,0.0003596814,1
G015,G098,0.0003578633,1
G071,G062,0.00035700528,1
G067,G075,0.0003560141,1
G032,G010,0.0003555824,1
G038,G046,0.00035538568,1
G016,G012,0.00035445226,1
G050,G091,0.00035442447,1
G070,G082,0.0003540502,1
G027,G083,0.00035353546,1
G071,G054,0.0003533164,1
G093,G088,0.00035331462,1
G094,G067,0.00035297978,1
G024,G059,0.00035297126,1
G059,G009,0.0003529403,1
G042,G051,0.0003521578,1
G024,G100,0.0003514657,1
G003,G087,0.0003505855,1
G029,G021,0.0003500728,1
G096,G087,0.000348972,1
G057,G099,0.0003489564,1
G068,G088,0.0003488352,1
G042,G074,0.0003487446,1
G030,G023,0.0003485761,1
G080,G079,0.00034849404,1
G031,G083,0.0003474634,1
G035,G025,0.00034706426,1
G066,G003,0.00034683515,1
G071,G022,0.0003458631,1
G005,G095,0.0003451496,1
G021,G014,0.0003449733,1
G082,G031,0.0003448088,1
G029,G082,0.00034463304,1
G024,G010,0.00034456473,1
G031,G038,0.00034341664,1
G093,G027,0.00034302275,1
G091,G073,0.00034287953,1
G044,G087,0.00034267685,1
G022,G010,0.00034265273,1
G024,G056,0.00034239498,1
G014,G026,0.00034238596,1
G065,G084,0.00034215485,1
G071,G085,0.00034168994,1
G038,G067,0.00034116925,1
G069,G013,0.00034093723,1
G044,G032,0.00034061546,1
G089,G028,0.00034019118,1
G042,G009,0.0003400579,1
G033,G098,0.00033990806,1
G011,G028,0.00033969403,1
G086,G032,0.00033897313,1
G083,G092,0.00033871512,1
G038,G090,0.00033772513,1
G039,G016,0.00033757705,1
G070,G085,0.00033752914,1
G093,G031,0.00033748848,1
G095,G090,0.0003372416,1
G086,G021,0.00033693825,1
G059,G095,0.00033608827,1
G096,G074,0.00033605035,1
G066,G008,0.00033596865,1
G038,G023,0.00033579237,1
G070,G098,0.00033571039,1
G062,G007,0.00033557817,1
G042,G010,0.0003355673,1
G060,G076,0.00033555744,1
G046,G034,0.00033540418,1
G003,G075,0.0003353884,1
G026,G056,0.00033460258,1
G033,G085,0.00033428264,1
G024,G085,0.0003341351,1
G068,G038,0.00033390775,1
G019,G002,0.0003337034,1
G060,G021,0.00033369075,1
G084,G098,0.00033356744,1
G078,G018,0.0003332527,1
G048,G010,0.00033315274,1
G044,G056,0.00033294802,1
G013,G028,0.00033282375,1
G037,G097,0.00033272442,1
G068,G051,0.0003326713,1
G057,G087,0.00033256374,1
G040,G087,0.0003322586,1
G025,G081,0.0003321832,1
G054,G010,0.0003314883,1
G058,G007,0.00033138995,1
G054,G067,0.00033137482,1
G070,G091,0.00033136553,1
G057,G075,0.00033134228,1
G041,G098,0.0003308446,1
G027,G097,0.00032958933,1
G024,G051,0.00032798207,1
G065,G058,0.0003276658,1
G097,G092,0.00032745895,1
G069,G098,0.00032739155,1
G089,G059,0.0003273901,1
G096,G019,0.00032682542,1
G027,G010,0.0003268044,1
G005,G075,0.00032647589,1
G081,G025,0.0003262971,1
G079,G009,0.0003262402,1
G093,G083,0.000326223,1
G033,G076,0.00032619512,1
G038,G087,0.00032588566,1
G024,G098,0.00032574803,1
G038,G083,0.0003255248,1
G069,G038,0.000325321,1
G060,G067,0.0003251092,1
G066,G095,0.00032488743,1
G067,G098,0.00032488263,1
G013,G076,0.00032467514,1
G069,G025,0.0003242875,1
G016,G094,0.00032413876,1
G089,G076,0.00032392942,1
G070,G012,0.00032391126,1
G034,G058,0.00032371498,1
G031,G098,0.00032354324,1
G067,G038,0.00032319236,1
G013,G022,0.00032291395,1
G054,G038,0.00032150708,1
G036,G011,0.00032143467,1
G049,G071,0.00032121962,1
G023,G017,0.00032090984,1
G041,G046,0.00032083932,1
G096,G095,0.00031966867,1
G014,G100,0.00031957254,1
G013,G087,0.00031948867,1
G091,G061,0.00031943654,1
G040,G059,0.00031881017,1
G063,G006,0.00031832125,1
G047,G088,0.0003182978,1
G095,G085,0.00031794934,1
G084,G058,0.0003170897,1
G074,G082,0.00031690882,1
G067,G051,0.00031625954,1
G017,G007,0.0003161596,1
G031,G043,0.00031607546,1
G100,G010,0.00031574603,1
G089,G056,0.00031542184,1
G019,G009,0.0003152957,1
G046,G009,0.00031528427,1
G064,G071,0.00031379022,1
G033,G087,0.000313733,1
G021,G052,0.00031358324,1
G082,G033,0.00031305515,1
G074,G095,0.00031298734,1
G005,G038,0.00031283728,1
G069,G071,0.0003126795,1
G089,G002,0.00031129358,1
G065,G071,0.00031119527,1
G030,G095,0.0003111009,1
G039,G021,0.00031109294,1
G029,G067,0.0003105122,1
G071,G019,0.00031020763,1
G014,G098,0.00031002297,1
G066,G100,0.0003096804,1
G096,G038,0.00030907965,1
G050,G056,0.000308555,1
G049,G056,0.00030815168,1
G007,G083,0.0003080306,1
G015,G041,0.0003079755,1
G077,G037,0.0003078425,1
G059,G055,0.00030781535,1
G073,G098,0.00030769082,1
G065,G011,0.00030753625,1
G018,G085,0.00030735595,1
G040,G053,0.00030731776,1
G080,G058,0.00030646427,1
G048,G007,0.00030643944,1
G069,G058,0.00030637183,1
G015,G094,0.0003063547,1
G027,G021,0.000306177,1
G096,G071,0.00030609447,1
G038,G032,0.00030575125,1
G031,G051,0.00030572232,1
G057,G023,0.00030568225,1
G057,G009,0.00030567276,1
G082,G055,0.0003056442,1
G020,G058,0.00030500776,1
G071,G057,0.00030460116,1
G026,G049,0.00030441597,1
G034,G071,0.00030408034,1
G095,G099,0.0003038651,1
G085,G002,0.00030334227,1
G068,G067,0.0003022915,1
G019,G025,0.0003022097,1
G019,G023,0.00030195402,1
G044,G074,0.00030182156,1
G044,G017,0.00030148678,1
G042,G021,0.00030127208,1
G019,G071,0.00030117485,1
G020,G074,0.00030101356,1
G095,G087,0.00030084176,1
G078,G086,0.0003007094,1
G094,G051,0.00030003037,1
G001,G022,0.00029923828,1
G077,G067,0.00029914425,1
G028,G006,0.00029908228,1
G024,G045,0.00029907006,1
G015,G032,0.0002986448,1
G070,G025,0.00029826327,1
G014,G052,0.00029756216,1
G092,G038,0.00029715453,1
G033,G099,0.00029595091,1
G033,G038,0.00029574588,1
G062,G010,0.00029551203,1
G044,G098,0.00029472946,1
G036,G033,0.00029447727,1
G029,G048,0.0002944405,1
G053,G071,0.00029430387,1
G013,G015,0.00029409357,1
G093,G014,0.00029379447,1
G083,G003,0.00029376507,1
G013,G085,0.00029312118,1
G070,G010,0.0002928481,1
G063,G025,0.0002927997,1
G082,G026,0.00029260223,1
G077,G038,0.00029225828,1
G076,G059,0.00029204733,1
G025,G099,0.00029177568,1
G024,G028,0.00029147635,1
G025,G064,0.0002913486,1
G078,G023,0.00029115452,1
G089,G082,0.00029109453,1
G059,G053,0.0002910081,1
G035,G055,0.00029097905,1
G046,G048,0.00029094113,1
G091,G059,0.00029054598,1
G005,G055,0.00029044037,1
G020,G051,0.00029004988,1
G026,G009,0.0002896012,1
G096,G100,0.00028957005,1
G034,G018,0.0002895007,1
G028,G071,0.00028942025,1
G065,G091,0.00028891483,1
G077,G019,0.0002888153,1
G096,G027,0.00028826846,1
G032,G026,0.00028814632,1
G036,G062,0.00028812065,1
G050,G095,0.000287954,1
G079,G051,0.00028768036,1
G098,G010,0.00028745676,1
G042,G079,0.00028726374,1
G093,G071,0.00028706688,1
G080,G041,0.000287055,1
G078,G076,0.00028700332,1
G052,G091,0.00028657418,1
G009,G032,0.00028571943,1
G066,G082,0.0002855824,1
G097,G077,0.0002851151,1
G020,G023,0.00028463607,1
G095,G067,0.00028451215,1
G013,G074,0.00028426244,1
G080,G045,0.00028388275,1
G023,G076,0.00028348409,1
G034,G023,0.00028340408,1
G008,G067,0.00028318667,1
G041,G066,0.0002829236,1
G077,G010,0.0002825901,1
G052,G058,0.00028239656,1
G041,G088,0.00028195482,1
G026,G052,0.00028120377,1
G013,G067,0.00028105415,1
G037,G076,0.00028042155,1
G029,G100,0.00028024393,1
G063,G076,0.00027971735,1
G027,G059,0.00027918408,1
G001,G010,0.00027907736,1
G037,G010,0.0002789985,1
G086,G026,0.0002787361,1
G044,G051,0.00027867116,1
G050,G016,0.0002783313,1
G082,G076,0.00027780313,1
G035,G098,0.0002774684,1
G049,G058,0.0002773561,1
G082,G090,0.00027720985,1
G062,G025,0.00027711884,1
G001,G009,0.00027651398,1
G081,G023,0.00027642955,1
G046,G028,0.000276204,1
G081,G067,0.0002754422,1
G055,G051,0.00027516796,1
G058,G095,0.00027504953,1
G097,G064,0.0002741469,1
G020,G075,0.00027392156,1
G040,G038,0.00027385174,1
G088,G032,0.00027361038,1
G041,G062,0.00027354332,1
G040,G082,0.00027352766,1
G042,G038,0.00027327894,1
G004,G019,0.00027298043,1
G030,G076,0.00027283918,1
G068,G055,0.00027268825,1
G042,G030,0.00027243403,1
G020,G067,0.0002718229,1
G057,G028,0.00027146877,1
G017,G076,0.00027134208,1
G095,G035,0.00027072793,1
G050,G076,0.00027061865,1
G096,G097,0.00027048713,1
G046,G088,0.00027045602,1
G060,G028,0.00027043046,1
G016,G078,0.00027017124,1
G094,G098,0.00027007962,1
G042,G023,0.0002696959,1
G044,G076,0.00026940706,1
G040,G065,0.00026884925,1
G017,G046,0.00026858933,1
G093,G099,0.00026858645,1
G026,G091,0.00026832786,1
G034,G025,0.00026827445,1
G035,G076,0.00026779826,1
G041,G021,0.00026755742,1
G049,G052,0.0002675225,1
G081,G088,0.00026733457,1
G064,G073,0.0002671499,1
G074,G051,0.00026712441,1
G040,G031,0.00026701743,1
G050,G046,0.0002670051,1
G091,G032,0.00026687293,1
G044,G082,0.00026673084,1
G001,G085,0.00026658323,1
G082,G032,0.00026601594,1
G063,G049,0.00026584422,1
G089,G010,0.00026553354,1
G073,G024,0.000265346,1
G099,G031,0.0002648181,1
G008,G087,0.0002647817,1
G052,G065,0.0002646613,1
G067,G092,0.00026454116,1
G024,G015,0.0002644174,1
G093,G017,0.0002642932,1
G089,G018,0.00026425996,1
G034,G010,0.00026386548,1
G079,G098,0.00026340346,1
G012,G067,0.00026335535,1
G098,G026,0.0002632952,1
G005,G056,0.00026286225,1
G046,G055,0.00026248707,1
G097,G036,0.00026237202,1
G039,G058,0.00026234327,1
G054,G009,0.0002618491,1
G049,G088,0.00026140577,1
G027,G093,0.00026136558,1
G027,G079,0.00026129457,1
G010,G002,0.000261217,1
G082,G075,0.00026112443,1
G024,G071,0.00026092306,1
G068,G071,0.00026081255,1
G095,G045,0.00026044517,1
G036,G089,0.00026031383,1
G094,G071,0.0002602788,1
G033,G071,0.00026003158,1
G064,G055,0.00025999208,1
G075,G071,0.0002598986,1
G050,G084,0.0002594889,1
G025,G084,0.0002594836,1
G053,G032,0.00025938364,1
G039,G085,0.00025911917,1
G094,G010,0.00025910416,1
G065,G076,0.00025904932,1
G078,G098,0.00025800872,1
G045,G037,0.00025731683,1
G016,G062,0.00025696508,1
G034,G051,0.00025694064,1
G084,G014,0.0002564312,1
G089,G058,0.00025611234,1
G019,G067,0.00025605984,1
G034,G009,0.00025575157,1
G013,G099,0.00025574057,1
G086,G016,0.00025558614,1
G037,G055,0.00025543178,1
G054,G026,0.00025516484,1
G064,G045,0.00025512656,1
G068,G098,0.00025475846,1
G095,G077,0.00025458643,1
G073,G049,0.00025443442,1
G079,G021,0.00025440668,1
G008,G051,0.00025432624,1
G025,G014,0.00025361916,1
G083,G016,0.00025358557,1
G081,G085,0.0002531523,1
G021,G076,0.00025294616,1
G054,G088,0.00025251397,1
G049,G090,0.00025250265,1
G045,G076,0.00025238085,1
G004,G090,0.00025206426,1
G039,G073,0.00025181443,1
G091,G005,0.00025131804,1
G079,G055,0.00025114248,1
G017,G059,0.00025051815,1
G063,G055,0.00025050392,1
G029,G012,0.00025019806,1
G060,G031,0.00025017472,1
G080,G021,0.00024997664,1
G011,G016,0.00024954075,1
G037,G025,0.00024951505,1
G084,G010,0.0002495115,1
G070,G027,0.00024948159,1
G070,G059,0.0002491887,1
G015,G083,0.00024897835,1
G039,G023,0.0002488695,1
G091,G034,0.00024879957,1
G029,G055,0.00024876423,1
G079,G056,0.00024856426,1
G070,G095,0.00024856182,1
G067,G001,0.00024855253,1
G029,G017,0.00024847582,1
G024,G099,0.0002483957,1
G043,G011,0.00024820553,1
G073,G034,0.00024819607,1
G049,G032,0.0002477408,1
G095,G025,0.0002472033,1
G093,G069,0.00024706282,1
G067,G083,0.00024678407,1
G044,G062,0.00024666058,1
G095,G083,0.0002464962,1
G053,G083,0.0002463914,1
G096,G045,0.00024601468,1
G042,G088,0.00024585,1
G030,G083,0.00024584078,1
G078,G056,0.00024566037,1
G060,G051,0.00024564427,1
G019,G013,0.00024557638,1
G081,G016,0.0002455656,1
G076,G098,0.00024552827,1
G081,G017,0.00024542227,1
G030,G015,0.00024520472,1
G057,G053,0.00024451115,1
G037,G058,0.00024442677,1
G003,G059,0.00024431333,1
G098,G056,0.00024378259,1
G045,G098,0.00024370675,1
G017,G068,0.00024347856,1
G028,G055,0.00024334487,1
G033,G075,0.00024315658,1
G077,G009,0.00024286692,1
G069,G016,0.0002425789,1
G045,G012,0.00024256678,1
G065,G075,0.00024246928,1
G064,G008,0.00024230339,1
G048,G038,0.00024199499,1
G056,G038,0.0002416656,1
G082,G011,0.00024156967,1
G029,G071,0.0002414133,1
G031,G023,0.00024134135,1
G046,G007,0.00024108596,1
G055,G010,0.00024099369,1
G020,G038,0.00024037229,1
G081,G087,0.0002402851,1
G095,G062,0.00024001571,1
G037,G071,0.00023971786,1
G069,G051,0.00023965785,1
G094,G009,0.00023936748,1
G069,G059,0.00023873958,1
G020,G007,0.00023865109,1
G019,G097,0.00023860137,1
G003,G051,0.00023833978,1
G065,G068,0.00023825416,1
G076,G053,0.00023817309,1
G013,G090,0.0002381539,1
G027,G056,0.00023804524,1
G065,G098,0.00023782089,1
G031,G095,0.00023761051,1
G025,G083,0.00023738416,1
G089,G009,0.00023734171,1
G040,G006,0.00023729252,1
G077,G098,0.0002370633,1
G057,G091,0.00023675381,1
G084,G036,0.00023668757,1
G029,G022,0.00023663748,1
G098,G009,0.00023638798,1
G066,G025,0.0002361422,1
G082,G067,0.0002359987,1
G034,G059,0.00023594331,1
G041,G053,0.0002357923,1
G100,G055,0.00023515725,1
G061,G022,0.00023507081,1
G054,G087,0.00023505566,1
G034,G015,0.00023499732,1
G093,G090,0.00023479665,1
G042,G054,0.0002347154,1
G064,G098,0.00023406107,1
G034,G076,0.00023347637,1
G020,G011,0.00023335143,1
G034,G067,0.00023321011,1
G057,G010,0.00023233192,1
G065,G087,0.00023196467,1
G003,G074,0.0002318659,1
G092,G076,0.0002317237,1
G035,G056,0.00023167829,1
G060,G075,0.0002313912,1
G012,G022,0.00023092456,1
G077,G021,0.00023040081,1
G080,G099,0.0002300216,1
G049,G039,0.00023000668,1
G041,G009,0.00022997231,1
G008,G098,0.00022902738,1
G029,G059,0.00022886731,1
G054,G018,0.00022870046,1
G082,G087,0.00022813483,1
G048,G091,0.00022791373,1
G003,G007,0.0002276235,1
G047,G087,0.00022754919,1
G013,G075,0.00022752791,1
G039,G088,0.00022752098,1
G017,G062,0.00022742066,1
G079,G054,0.0002273376,1
G097,G099,0.00022715512,1
G028,G007,0.00022714188,1
G017,G039,0.0002271178,1
G073,G038,0.00022671036,1
G033,G056,0.00022619835,1
G014,G025,0.00022609686,1
G040,G015,0.00022585866,1
G093,G089,0.00022572358,1
G041,G083,0.00022563049,1
G036,G042,0.0002255878,1
G054,G025,0.00022545122,1
G092,G067,0.00022533366,1
G038,G059,0.00022504998,1
G019,G059,0.00022487451,1
G083,G088,0.00022467354,1
G061,G007,0.0002240989,1
G067,G031,0.00022407128,1
G033,G010,0.0002239588,1
G024,G058,0.00022380221,1
G047,G074,0.00022379239,1
G093,G086,0.00022377503,1
G043,G025,0.00022372922,1
G070,G045,0.00022332615,1
G017,G084,0.00022316606,1
G076,G060,0.00022304172,1
G024,G009,0.00022222834,1
G080,G025,0.00022207777,1
G094,G055,0.00022185243,1
G092,G069,0.00022182024,1
G013,G066,0.00022181244,1
G042,G080,0.00022164405,1
G042,G025,0.00022149399,1
G003,G067,0.00022145108,1
G033,G028,0.00022135582,1
G058,G022,0.00022117629,1
G064,G018,0.00022111741,1
G023,G095,0.00022095218,1
G051,G018,0.00022036326,1
G070,G009,0.00022019462,1
G008,G085,0.00022019383,1
G021,G060,0.00022013858,1
G096,G048,0.00021984473,1
G094,G038,0.0002189258,1
G079,G095,0.00021890512,1
G099,G032,0.00021875242,1
G077,G085,0.00021874567,1
G056,G032,0.00021857057,1
G066,G028,0.0002185374,1
G087,G055,0.00021811425,1
G044,G012,0.00021800122,1
G033,G023,0.00021790371,1
G001,G055,0.00021773932,1
G045,G008,0.00021758435,1
G034,G038,0.00021758101,1
G019,G010,0.00021753069,1
G069,G036,0.00021724898,1
G027,G018,0.00021711287,1
G040,G090,0.00021690557,1
G046,G085,0.00021683147,1
G039,G035,0.00021683132,1
G019,G098,0.0002167727,1
G033,G021,0.0002166607,1
G047,G022,0.00021662826,1
G067,G028,0.00021660015,1
G059,G031,0.00021578572,1
G063,G058,0.00021565837,1
G042,G005,0.0002155569,1
G016,G090,0.00021542473,1
G035,G097,0.0002153272,1
G038,G016,0.00021528563,1
G079,G073,0.00021524177,1
G089,G098,0.00021503314,1
G044,G055,0.0002148707,1
G059,G021,0.00021469539,1
G060,G012,0.0002146181,1
G070,G051,0.00021457937,1
G061,G032,0.00021436145,1
G089,G091,0.00021424041,1
G036,G022,0.0002141874,1
G046,G056,0.00021418624,1
G080,G031,0.00021365908,1
G024,G083,0.00021356362,1
G098,G095,0.00021354697,1
G060,G056,0.00021353472,1
G034,G088,0.00021350253,1
G005,G014,0.0002132788,1
G033,G067,0.00021321092,1
G023,G058,0.00021286542,1
G063,G016,0.00021285702,1
G094,G021,0.00021275601,1
G016,G028,0.00021239063,1
G017,G063,0.000212358,1
G029,G098,0.00021228116,1
G012,G030,0.00021182712,1
G093,G058,0.00021176884,1
G027,G046,0.00021170243,1
G003,G017,0.00021167805,1
G077,G028,0.00021164172,1
G065,G095,0.00021140858,1
G048,G023,0.00021122972,1
G097,G022,0.00021121718,1
G025,G028,0.00021113479,1
G063,G018,0.0002111186,1
G039,G009,0.00021106869,1
G015,G017,0.00021102423,1
G042,G084,0.0002110035,1
G081,G065,0.00021076002,1
G050,G088,0.00021067282,1
G070,G023,0.00021060844,1
G060,G014,0.00021041026,1
G054,G059,0.00021020578,1
G096,G035,0.00021014347,1
G097,G074,0.00020975094,1
G046,G017,0.000209285,1
G098,G058,0.0002091779,1
G058,G017,0.00020899011,1
G020,G042,0.00020878368,1
G016,G087,0.00020862879,1
G041,G058,0.00020812884,1
G015,G082,0.00020807738,1
G057,G062,0.00020801411,1
G064,G058,0.0002079529,1
G076,G025,0.0002077164,1
G063,G059,0.00020765343,1
G041,G051,0.00020754783,1
G012,G076,0.00020750485,1
G002,G022,0.00020744746,1
G043,G022,0.00020704018,1
G044,G037,0.00020682636,1
G020,G059,0.00020680804,1
G080,G011,0.00020672017,1
G057,G076,0.0002066713,1
G046,G076,0.00020620052,1
G036,G010,0.00020596621,1
G047,G100,0.00020590296,1
G079,G017,0.0002058224,1
G015,G056,0.00020569084,1
G034,G084,0.00020524832,1
G042,G045,0.00020506025,1
G080,G098,0.00020491675,1
G046,G062,0.00020482135,1
G089,G001,0.00020480917,1
G069,G021,0.0002042827,1
G080,G052,0.00020401942,1
G041,G010,0.0002038918,1
G044,G075,0.00020375934,1
G097,G058,0.00020361246,1
G015,G044,0.00020342924,1
G049,G062,0.00020329909,1
G078,G021,0.00020327761,1
G037,G041,0.00020295352,1
G095,G051,0.00020287963,1
G005,G036,0.00020257039,1
G061,G002,0.00020207437,1
G079,G016,0.00020177165,1
G089,G084,0.00020155567,1
G005,G091,0.00020085995,1
G067,G055,0.00020064511,1
G052,G092,0.00020050714,1
G070,G067,0.0001994896,1
G029,G093,0.0001992053,1
G003,G001,0.00019910793,1
G066,G087,0.00019905671,1
G015,G058,0.0001989453,1
G033,G088,0.00019866085,1
G071,G075,0.00019848843,1
G030,G034,0.00019812144,1
G061,G087,0.00019798592,1
G031,G071,0.00019792847,1
G096,G004,0.00019767431,1
G015,G049,0.00019763276,1
G027,G049,0.00019761533,1
G009,G087,0.00019760149,1
G042,G071,0.00019754728,1
G015,G038,0.00019746262,1
G086,G085,0.00019737303,1
G081,G041,0.00019725313,1
G015,G097,0.00019710803,1
G037,G085,0.00019667618,1
G039,G051,0.00019659255,1
G035,G049,0.00019614825,1
G077,G031,0.00019610893,1
G039,G025,0.00019596414,1
G029,G058,0.00019581884,1
G084,G021,0.00019570638,1
G049,G095,0.00019523132,1
G060,G063,0.0001952203,1
G041,G079,0.00019517563,1
G095,G039,0.00019492404,1
G073,G077,0.00019471052,1
G064,G031,0.00019467217,1
G059,G023,0.00019460027,1
G067,G025,0.000194575,1
G011,G032,0.00019412274,1
G091,G017,0.00019371744,1
G043,G037,0.00019354318,1
G061,G085,0.00019352204,1
G003,G015,0.0001934445,1
G067,G033,0.00019315456,1
G025,G088,0.00019287497,1
G020,G017,0.0001925568,1
G068,G025,0.00019246605,1
G068,G021,0.00019213154,1
G039,G033,0.00019185343,1
G041,G028,0.00019181543,1
G002,G090,0.0001917388,1
G068,G009,0.00019160328,1
G062,G032,0.00019159712,1
G068,G056,0.00019136522,1
G030,G038,0.00019131126,1
G095,G069,0.00019127513,1
G094,G095,0.00019105556,1
G094,G023,0.00019086295,1
G040,G062,0.00019044853,1
G055,G098,0.00019036545,1
G017,G095,0.00018975265,1
G002,G010,0.0001895982,1
G024,G019,0.00018943062,1
G071,G035,0.00018908597,1
G052,G024,0.00018903508,1
G024,G074,0.00018872088,1
G039,G091,0.0001886689,1
G008,G056,0.00018812597,1
G033,G055,0.00018809325,1
G081,G045,0.00018785778,1
G045,G023,0.00018784641,1
G005,G017,0.00018763613,1
G069,G080,0.00018761911,1
G049,G031,0.00018747468,1
G079,G023,0.00018744245,1
G055,G016,0.00018735242,1
G064,G062,0.00018713044,1
G070,G100,0.00018700585,1
G067,G058,0.00018682743,1
G084,G070,0.00018673399,1
G046,G080,0.00018654687,1
G025,G032,0.00018560857,1
G060,G017,0.00018516126,1
G033,G009,0.00018507605,1
G064,G021,0.0001850455,1
G075,G031,0.00018499725,1
G024,G054,0.00018494553,1
G039,G098,0.0001846737,1
G076,G083,0.0001845629,1
G044,G011,0.00018452553,1
G058,G032,0.00018451815,1
G031,G055,0.00018441341,1
G016,G048,0.00018434,1
G025,G078,0.00018433218,1
G042,G055,0.00018389309,1
G097,G001,0.00018379386,1
G068,G076,0.00018378503,1
G069,G056,0.00018374913,1
G092,G051,0.0001837247,1
G078,G034,0.00018361404,1
G044,G094,0.00018359313,1
G063,G057,0.00018356583,1
G043,G008,0.00018342827,1
G012,G052,0.00018337996,1
G057,G094,0.00018332028,1
G039,G082,0.00018305442,1
G027,G091,0.0001829762,1
G083,G059,0.00018291356,1
G065,G021,0.0001828062,1
G020,G085,0.000182758,1
G056,G022,0.00018248422,1
G065,G022,0.00018243902,1
G020,G025,0.00018209427,1
G054,G023,0.00018176547,1
G049,G010,0.0001816023,1
G068,G085,0.0001811881,1
G004,G095,0.0001811554,1
G077,G051,0.00018097773,1
G070,G054,0.00018070321,1
G088,G022,0.0001806784,1
G081,G094,0.00018065992,1
G019,G062,0.00018046671,1
G039,G014,0.00018035449,1
G097,G085,0.0001801317,1
G088,G007,0.00018003708,1
G035,G058,0.00017936164,1
G094,G088,0.00017910363,1
G069,G075,0.00017905215,1
G024,G031,0.00017901172,1
G077,G056,0.00017890465,1
G021,G005,0.00017838043,1
G041,G023,0.0001781829,1
G078,G064,0.00017818282,1
G068,G010,0.00017799021,1
G081,G091,0.00017792369,1
G024,G026,0.00017748443,1
G005,G090,0.00017736749,1
G077,G071,0.0001772912,1
G041,G008,0.00017720589,1
G063,G043,0.00017695,1
G068,G087,0.00017690551,1
G008,G010,0.0001768954,1
G045,G018,0.00017689011,1
G020,G021,0.00017682015,1
G057,G039,0.00017678757,1
G043,G038,0.0001767534,1
G031,G011,0.00017625805,1
G029,G051,0.00017590991,1
G008,G095,0.00017584953,1
G014,G053,0.00017564802,1
G014,G038,0.00017559732,1
G009,G093,0.00017540497,1
G016,G020,0.00017504732,1
G054,G036,0.00017501337,1
G096,G059,0.00017495893,1
G061,G099,0.00017488917,1
G097,G030,0.00017454622,1
G067,G056,0.00017442415,1
G083,G032,0.00017409478,1
G062,G022,0.00017407197,1
G078,G026,0.00017401842,1
G031,G067,0.00017401225,1
G052,G023,0.0001739864,1
G035,G010,0.00017389274,1
G060,G059,0.00017386803,1
G020,G012,0.00017371817,1
G053,G022,0.00017344298,1
G049,G009,0.00017329006,1
G044,G022,0.00017319813,1
G031,G034,0.00017313352,1
G036,G088,0.00017297908,1
G052,G085,0.00017227246,1
G079,G068,0.00017225114,1
G027,G090,0.00017202608,1
G057,G020,0.00017195282,1
G066,G088,0.00017188715,1
G014,G091,0.00017183933,1
G073,G050,0.00017181433,1
G037,G083,0.00017166797,1
G001,G038,0.00017139451,1
G054,G002,0.00017122767,1
G099,G002,0.00017112355,1
G095,G100,0.00017109349,1
G021,G018,0.00017102275,1
G050,G062,0.00017100961,1
G041,G038,0.00017100123,1
G063,G082,0.00017088267,1
G008,G009,0.00017088052,1
G002,G087,0.0001708354,1
G008,G038,0.00017078366,1
G049,G002,0.00017077665,1
G011,G063,0.00017068542,1
G030,G080,0.00017062004,1
G063,G048,0.00017043631,1
G005,G100,0.0001702741,1
G097,G021,0.00017019859,1
G092,G014,0.00017006305,1
G008,G076,0.00017002062,1
G019,G032,0.0001698723,1
G095,G092,0.00016975225,1
G050,G085,0.0001696612,1
G097,G007,0.00016964646,1
G097,G088,0.00016958595,1
G098,G076,0.00016922016,1
G078,G039,0.000169154,1
G004,G083,0.00016896098,1
G045,G007,0.00016881853,1
G028,G010,0.00016856805,1
G038,G099,0.00016856327,1
G055,G032,0.00016840911,1
G076,G008,0.00016832388,1
G080,G006,0.00016827046,1
G008,G058,0.00016821071,1
G016,G033,0.00016804849,1
G087,G031,0.00016803724,1
G044,G059,0.0001679898,1
G070,G038,0.00016795442,1
G089,G025,0.00016794441,1
G063,G021,0.00016789469,1
G020,G045,0.00016775345,1
G041,G054,0.0001677486,1
G055,G022,0.00016756736,1
G067,G077,0.00016741073,1
G044,G073,0.00016740231,1
G060,G085,0.00016736616,1
G047,G097,0.000167036,1
G096,G094,0.00016684778,1
G067,G037,0.00016682423,1
G003,G010,0.00016670284,1
G040,G020,0.00016651412,1
G017,G031,0.00016636711,1
G084,G079,0.00016633788,1
G030,G053,0.00016629869,1
G070,G028,0.00016613844,1
G094,G076,0.00016612247,1
G005,G080,0.00016575177,1
G044,G027,0.00016569791,1
G014,G059,0.00016566254,1
G081,G013,0.0001656024,1
G015,G067,0.0001655615,1
G077,G017,0.00016551036,1
G005,G010,0.00016525836,1
G042,G089,0.00016494546,1
G068,G058,0.00016485994,1
G071,G098,0.00016464961,1
G015,G085,0.00016455387,1
G034,G083,0.00016428957,1
G041,G096,0.00016428875,1
G076,G054,0.00016417359,1
G023,G025,0.00016414557,1
G067,G088,0.0001640967,1
G095,G007,0.00016379575,1
G066,G047,0.00016364029,1
G092,G017,0.0001633792,1
G020,G030,0.00016335423,1
G026,G075,0.00016316664,1
G082,G083,0.00016312972,1
G057,G017,0.00016294148,1
G082,G028,0.00016271761,1
G020,G098,0.00016252705,1
G066,G091,0.00016229786,1
G040,G092,0.00016222056,1
G097,G051,0.00016180295,1
G043,G098,0.00016163843,1
G008,G075,0.00016152859,1
G023,G083,0.00016146355,1
G042,G086,0.00016139602,1
G054,G099,0.00016138515,1
G092,G082,0.000161355,1
G079,G014,0.00016112339,1
G077,G041,0.00016088162,1
G024,G094,0.00016084076,1
G060,G087,0.00016065204,1
G020,G084,0.00016062029,1
G094,G025,0.00016048965,1
G080,G085,0.00016039023,1
G047,G030,0.00016032829,1
G054,G046,0.00016008104,1
G013,G007,0.00015986084,1
G063,G092,0.0001596718,1
G066,G092,0.00015961578,1
G027,G087,0.0001594395,1
G050,G083,0.00015935548,1
G060,G015,0.00015909632,1
G003,G099,0.00015908058,1
G054,G049,0.00015897752,1
G020,G076,0.00015826903,1
G023,G010,0.00015817293,1
G063,G020,0.00015815593,1
G047,G026,0.00015814955,1
G036,G002,0.00015796773,1
G092,G025,0.00015784823,1
G089,G011,0.0001577387,1
G058,G055,0.00015749142,1
G078,G093,0.00015741208,1
G030,G011,0.00015738391,1
G040,G022,0.00015737316,1
G081,G082,0.00015712477,1
G080,G020,0.00015694658,1
G092,G058,0.00015692494,1
G036,G099,0.0001569062,1
G070,G076,0.00015681426,1
G062,G055,0.00015671333,1
G065,G025,0.00015654074,1
G014,G088,0.00015648952,1
G094,G056,0.00015644776,1
G019,G088,0.0001564473,1
G059,G032,0.00015622811,1
G039,G055,0.00015587771,1
G098,G088,0.00015585258,1
G039,G052,0.00015582367,1
G076,G010,0.00015578899,1
G040,G045,0.000155776,1
G044,G041,0.00015571923,1
G094,G059,0.00015554247,1
G096,G056,0.00015519168,1
G036,G009,0.00015508787,1
G082,G077,0.00015498862,1
G030,G055,0.00015479294,1
G003,G012,0.00015470955,1
G065,G057,0.00015463334,1
G012,G055,0.00015461951,1
G051,G100,0.00015460612,1
G082,G085,0.00015456334,1
G062,G058,0.00015450311,1
G029,G056,0.00015446202,1
G038,G031,0.00015442997,1
G052,G007,0.00015438373,1
G039,G020,0.00015435638,1
G039,G038,0.00015429575,1
G053,G085,0.00015417204,1
G084,G001,0.00015402949,1
G006,G081,0.0001534401,1
G075,G055,0.00015308803,1
G096,G010,0.0001523574,1
G091,G084,0.00015222319,1
G009,G075,0.00015206997,1
G042,G007,0.00015195664,1
G024,G076,0.00015191377,1
G071,G007,0.00015166843,1
G077,G078,0.00015142653,1
G027,G092,0.0001513984,1
G034,G099,0.00015128388,1
G041,G045,0.00015117548,1
G088,G002,0.00015102503,1
G071,G016,0.00015066793,1
G046,G100,0.00015066365,1
G070,G001,0.00015062917,1
G091,G022,0.0001505201,1
G024,G079,0.00015026137,1
G033,G017,0.00015015701,1
G057,G031,0.00015013675,1
G068,G099,0.00015010804,1
G038,G058,0.00014999979,1
G065,G060,0.00014999598,1
G008,G083,0.00014981156,1
G078,G065,0.00014959586,1
G048,G028,0.00014954912,1
G041,G020,0.00014950942,1
G019,G084,0.0001494396,1
G066,G054,0.0001494005,1
G008,G059,0.00014921765,1
G070,G079,0.00014902889,1
G029,G004,0.0001488777,1
G066,G002,0.00014883225,1
G017,G034,0.00014866893,1
G064,G088,0.00014864931,1
G078,G029,0.00014850835,1
G020,G032,0.00014847929,1
G064,G009,0.00014847417,1
G098,G021,0.00014846402,1
G003,G090,0.00014842859,1
G040,G097,0.00014831232,1
G077,G087,0.00014819606,1
G042,G027,0.00014801811,1
G052,G030,0.00014771154,1
G062,G056,0.00014768055,1
G039,G008,0.00014749591,1
G045,G062,0.00014748618,1
G037,G012,0.00014747807,1
G026,G090,0.0001474289,1
G070,G021,0.00014719553,1
G001,G087,0.0001469437,1
G003,G023,0.00014690116,1
G023,G056,0.00014689633,1
G024,G080,0.00014668822,1
G096,G023,0.00014648975,1
G050,G022,0.00014648533,1
G049,G022,0.00014632975,1
G033,G025,0.00014626943,1
G064,G011,0.00014626447,1
G014,G054,0.00014612939,1
G089,G007,0.00014598043,1
G065,G080,0.00014589856,1
G030,G058,0.00014586654,1
G067,G078,0.00014584747,1
G052,G009,0.00014570574,1
G070,G022,0.00014543397,1
G022,G026,0.00014513779,1
G068,G007,0.00014495385,1
G048,G100,0.00014471645,1
G019,G045,0.00014467357,1
G036,G056,0.00014465046,1
G095,G009,0.0001444795,1
G058,G027,0.00014443917,1
G020,G071,0.00014435747,1
G095,G028,0.00014396,1
G020,G056,0.00014358807,1
G033,G059,0.00014358108,1
G008,G071,0.00014341455,1
G064,G017,0.00014316817,1
G050,G025,0.0001429758,1
G048,G002,0.00014297027,1
G042,G013,0.00014281759,1
G017,G038,0.00014202653,1
G097,G087,0.00014180475,1
G083,G098,0.00014161876,1
G044,G049,0.00014123676,1
G003,G054,0.0001412367,1
G082,G001,0.00014121586,1
G082,G045,0.0001411481,1
G069,G088,0.0001410643,1
G041,G034,0.00014097308,1
G029,G063,0.00014095416,1
G073,G070,0.0001408292,1
G095,G022,0.00014082673,1
G040,G008,0.00014069345,1
G088,G084,0.00014030757,1
G037,G028,0.00014016163,1
G069,G082,0.0001400924,1
G063,G085,0.00014004202,1
G023,G027,0.000140011,1
G098,G031,0.00013955691,1
G061,G063,0.00013942097,1
G054,G100,0.00013939841,1
G039,G022,0.0001392816,1
G030,G048,0.0001391648,1
G098,G082,0.00013908965,1
G077,G091,0.00013900641,1
G071,G080,0.00013900235,1
G099,G091,0.00013888523,1
G068,G023,0.0001388538,1
G052,G075,0.00013882075,1
G019,G085,0.00013864048,1
G048,G075,0.00013861778,1
G093,G009,0.0001383019,1
G020,G093,0.00013827012,1
G052,G088,0.0001382466,1
G037,G082,0.00013814305,1
G064,G034,0.00013787464,1
G006,G022,0.00013758049,1
G005,G066,0.00013729892,1
G003,G056,0.00013721641,1
G031,G090,0.00013664016,1
G005,G071,0.00013663877,1
G079,G080,0.00013661047,1
G094,G007,0.00013648222,1
G071,G067,0.00013643592,1
G030,G078,0.00013642373,1
G043,G016,0.00013637371,1
G071,G021,0.00013620789,1
G096,G064,0.00013599923,1
G044,G067,0.00013595774,1
G023,G077,0.00013591435,1
G093,G057,0.00013583332,1
G034,G056,0.00013564134,1
G071,G082,0.0001353938,1
G067,G100,0.0001353131,1
G089,G023,0.00013522909,1
G066,G098,0.0001351769,1
G044,G021,0.00013492415,1
G099,G010,0.00013490509,1
G031,G088,0.00013488975,1
G021,G091,0.00013481276,1
G020,G087,0.00013475215,1
G025,G010,0.00013470385,1
G095,G054,0.00013461968,1
G028,G047,0.0001345825,1
G092,G071,0.00013445917,1
G064,G010,0.00013445856,1
G039,G028,0.00013434372,1
G023,G084,0.00013423807,1
G031,G059,0.00013416611,1
G098,G055,0.00013415125,1
G067,G034,0.00013404393,1
G062,G087,0.00013401301,1
G040,G091,0.00013386967,1
G006,G017,0.00013371151,1
G080,G062,0.00013341448,1
G036,G023,0.00013338713,1
G050,G040,0.00013327264,1
G064,G056,0.00013295592,1
G029,G023,0.00013253253,1
G070,G020,0.00013250561,1
G015,G039,0.00013248685,1
G001,G048,0.00013245076,1
G008,G062,0.00013216643,1
G056,G065,0.0001321224,1
G061,G001,0.00013191105,1
G016,G019,0.00013181784,1
G019,G021,0.00013179003,1
G077,G025,0.00013165758,1
G041,G059,0.00013164445,1
G071,G027,0.00013164442,1
G021,G040,0.00013160275,1
G012,G099,0.00013156107,1
G096,G085,0.00013155487,1
G061,G010,0.00013151334,1
G068,G059,0.00013130567,1
G023,G018,0.00013090852,1
G071,G081,0.00013069526,1
G001,G088,0.00013022285,1
G012,G088,0.00013015184,1
G055,G023,0.0001300648,1
G036,G053,0.00012994133,1
G035,G090,0.00012928461,1
G043,G039,0.0001291108,1
G044,G085,0.00012905382,1
G057,G014,0.00012905107,1
G045,G025,0.00012902015,1
G069,G028,0.00012899717,1
G020,G022,0.00012887068,1
G033,G058,0.00012881974,1
G006,G032,0.00012873438,1
G064,G016,0.00012853646,1
G067,G087,0.00012842764,1
G050,G026,0.00012826863,1
G015,G047,0.00012824307,1
G076,G012,0.00012820878,1
G021,G058,0.00012817833,1
G021,G056,0.00012810306,1
G060,G055,0.00012785292,1
G046,G024,0.0001278474,1
G031,G007,0.00012754652,1
G085,G055,0.00012752302,1
G023,G039,0.00012742037,1
G049,G048,0.00012728148,1
G095,G010,0.00012708647,1
G029,G090,0.00012685874,1
G055,G006,0.00012671415,1
G030,G063,0.0001266715,1
G017,G029,0.00012646495,1
G042,G022,0.0001264251,1
G097,G034,0.00012638913,1
G034,G055,0.00012636882,1
G013,G025,0.00012626208,1
G092,G008,0.00012617453,1
G037,G020,0.00012615604,1
G032,G055,0.00012614093,1
G038,G085,0.00012613322,1
G040,G083,0.0001260618,1
G003,G088,0.00012595188,1
G043,G007,0.0001259446,1
G017,G056,0.00012565055,1
G014,G049,0.0001256268,1
G063,G002,0.00012532384,1
G091,G021,0.00012526436,1
G053,G096,0.0001251486,1
G098,G007,0.00012510829,1
G082,G046,0.0001247716,1
G045,G080,0.00012471541,1
G050,G074,0.00012458177,1
G001,G099,0.00012453864,1
G005,G049,0.00012452417,1
G002,G085,0.00012446624,1
G093,G032,0.0001244434,1
G062,G082,0.00012443402,1
G064,G014,0.00012442534,1
G045,G051,0.00012409035,1
G036,G026,0.00012404805,1
G073,G017,0.00012401254,1
G040,G028,0.0001239245,1
G073,G082,0.00012384419,1
G080,G035,0.0001236351,1
G025,G067,0.00012360305,1
G040,G076,0.00012356909,1
G054,G078,0.00012351642,1
G015,G087,0.00012346603,1
G016,G022,0.00012336975,1
G071,G030,0.00012297972,1
G013,G030,0.00012275108,1
G084,G055,0.00012275008,1
G070,G083,0.00012273753,1
G067,G081,0.0001226314,1
G008,G027,0.00012258095,1
G078,G042,0.00012256633,1
G084,G040,0.000122027435,1
G089,G045,0.00012193543,1
G056,G063,0.000121703764,1
G043,G076,0.00012150448,1
G077,G100,0.00012143961,1
G017,G025,0.00012139009,1
G019,G080,0.00012134025,1
G062,G063,0.00012116495,1
G094,G058,0.00012114957,1
G019,G083,0.00012109854,1
G078,G090,0.00012096461,1
G067,G002,0.00012091743,1
G030,G008,0.000120897865,1
G070,G008,0.00012088508,1
G059,G013,0.00012082459,1
G008,G022,0.00012072811,1
G030,G062,0.000120484656,1
G005,G013,0.00012037138,1
G004,G058,0.000120182754,1
G076,G022,0.00012015889,1
G071,G038,0.000120030025,1
G052,G033,0.00011999326,1
G069,G055,0.00011991182,1
G033,G091,0.000119688375,1
G078,G096,0.0001196616,1
G081,G059,0.00011962392,1
G065,G029,0.000119611075,1
G077,G053,0.00011937451,1
G030,G056,0.00011904607,1
G067,G011,0.00011896766,1
G096,G005,0.000118925236,1
G045,G082,0.00011878956,1
G096,G057,0.00011872371,1
G008,G055,0.00011855362,1
G069,G076,0.00011831289,1
G040,G010,0.00011830364,1
G027,G100,0.000118249285,1
G096,G040,0.000117998854,1
G008,G080,0.00011787696,1
G035,G062,0.000117867865,1
G027,G085,0.00011768182,1
G062,G012,0.00011749319,1
G071,G008,0.0001174577,1
G034,G075,0.00011744047,1
G096,G008,0.000117394295,1
G044,G054,0.000117262476,1
G089,G020,0.00011706498,1
G068,G028,0.000117054224,1
G081,G007,0.00011701088,1
G065,G100,0.000116994706,1
G037,G069,0.00011698521,1
G063,G046,0.00011667939,1
G003,G025,0.00011665651,1
G097,G098,0.00011659915,1
G069,G073,0.00011644177,1
G054,G031,0.000116331685,1
G011,G034,0.00011632559,1
G005,G009,0.00011622314,1
G041,G001,0.00011617089,1
G047,G023,0.00011596813,1
G061,G011,0.00011568166,1
G045,G026,0.00011566589,1
G086,G088,0.00011561559,1
G008,G029,0.00011549863,1
G005,G085,0.00011537652,1
G066,G017,0.00011519527,1
G029,G025,0.000115145216,1
G062,G099,0.00011503286,1
G045,G083,0.0001148489,1
G040,G017,0.00011470318,1
G057,G012,0.000114683746,1
G081,G029,0.00011464942,1
G095,G036,0.000114620074,1
G005,G018,0.00011458876,1
G016,G057,0.00011458708,1
G025,G022,0.000114529445,1
G098,G018,0.00011448217,1
G037,G056,0.00011439001,1
G042,G044,0.0001143397,1
G093,G080,0.0001140304,1
G062,G076,0.00011400802,1
G008,G025,0.00011385135,1
G093,G008,0.0001137889,1
G064,G027,0.0001136376,1
G069,G018,0.000113552385,1
G014,G030,0.000113447444,1
G069,G089,0.000113425966,1
G071,G029,0.00011328045,1
G040,G073,0.00011309943,1
G078,G095,0.000113017464,1
G079,G091,0.00011280895,1
G078,G069,0.00011274222,1
G078,G025,0.0001126387,1
G080,G028,0.0001125917,1
G066,G050,0.000112514106,1
G019,G055,0.00011227574,1
G091,G012,0.00011219048,1
G080,G036,0.000112154776,1
G077,G074,0.000111425725,1
G054,G080,0.0001113497,1
G097,G055,0.000111301015,1
G091,G002,0.00011119227,1
G098,G051,0.00011110516,1
G038,G086,0.00011110127,1
G057,G047,0.00011109948,1
G004,G046,0.00011060665,1
G069,G099,0.0001105925,1
G056,G045,0.00011035935,1
G049,G006,0.00011030333,1
G067,G018,0.000110094436,1
G013,G017,0.00010998894,1
G015,G040,0.00010972948,1
G056,G007,0.00010958961,1
G058,G076,0.000109476,1
G065,G028,0.00010943001,1
G086,G083,0.00010939264,1
G060,G099,0.00010938188,1
G030,G016,0.00010909261,1
G077,G055,0.000109046356,1
G030,G096,0.00010900876,1
G098,G025,0.000108854605,1
G060,G080,0.00010869243,1
G017,G023,0.00010859115,1
G069,G031,0.000108555025,1
G026,G002,0.00010846411,1
G041,G075,0.00010843178,1
G023,G022,0.00010830538,1
G024,G096,0.000108104585,1
G042,G069,0.00010805333,1
G052,G014,0.00010801538,1
G027,G006,0.00010773166,1
G055,G093,0.000107709566,1
G058,G078,0.000107703905,1
G082,G099,0.00010762276,1
G057,G069,0.000107519925,1
G014,G010,0.00010736897,1
G013,G051,0.000107341395,1
G065,G031,0.00010732416,1
G005,G028,0.00010730306,1
G044,G039,0.00010727252,1
G098,G053,0.00010726315,1
G008,G099,0.000107190885,1
G049,G001,0.00010709806,1
G079,G038,0.00010696957,1
G029,G062,0.00010693129,1
G038,G082,0.000106872074,1
G011,G090,0.00010682855,1
G057,G003,0.00010668547,1
G043,G067,0.00010640741,1
G083,G044,0.00010596829,1
G047,G085,0.00010586868,1
G091,G093,0.00010582647,1
G061,G088,0.00010563955,1
G094,G012,0.000105556726,1
G023,G011,0.00010530544,1
G037,G087,0.000105291845,1
G080,G047,0.00010520341,1
G007,G055,0.00010519287,1
G084,G026,0.00010513154,1
G029,G076,0.000105121144,1
G095,G038,0.00010498378,1
G044,G083,0.00010495699,1
G091,G006,0.00010479797,1
G073,G020,0.00010475139,1
G059,G022,0.000104697734,1
G060,G046,0.00010467669,1
G079,G060,0.00010459551,1
G029,G005,0.00010449718,1
G062,G088,0.000104433595,1
G044,G064,0.00010430522,1
G080,G033,0.000104125764,1
G011,G099,0.00010409064,1
G034,G007,0.000104069026,1
G015,G027,0.00010401866,1
G037,G091,0.00010401829,1
G070,G033,0.00010387833,1
G042,G061,0.000103790764,1
G065,G026,0.000103747974,1
G066,G011,0.00010341628,1
G005,G087,0.00010335444,1
G040,G075,0.00010297921,1
G092,G041,0.00010295578,1
G040,G095,0.000102952516,1
G023,G063,0.00010287525,1
G098,G023,0.00010286749,1
G006,G076,0.00010286173,1
G043,G088,0.00010280687,1
G089,G033,0.00010279009,1
G052,G071,0.00010258497,1
G068,G018,0.000102544094,1
G054,G084,0.00010236986,1
G097,G028,0.000102025704,1
G024,G084,0.0001019555,1
G060,G062,0.000101707985,1
G068,G100,0.00010169785,1
G088,G011,0.00010168409,1
G027,G038,0.0001015336,1
G037,G100,0.00010133205,1
G081,G021,0.00010116348,1
G017,G066,0.000101153244,1
G036,G051,0.00010109883,1
G040,G100,0.00010105864,1
G043,G092,0.00010105688,1
G029,G077,0.00010095447,1
G096,G007,0.000100773854,1
G013,G026,0.00010075841,1
G024,G007,0.00010051543,1
G005,G025,0.000100491554,1
G064,G076,0.000100292214,1
G031,G009,0.00010027488,1
G026,G017,0.000100153666,1
G021,G039,0.00010006571,1
G064,G038,9.9761244e-05,1
G044,G010,9.9689874e-05,1
G036,G008,9.96816e-05,1
G030,G054,9.966506e-05,1
G070,G080,9.945862e-05,1
G065,G013,9.9431745e-05,1
G041,G018,9.923152e-05,1
G031,G057,9.90527e-05,1
G003,G094,9.902378e-05,1
G067,G032,9.902053e-05,1
G044,G008,9.90196e-05,1
G012,G032,9.8927274e-05,1
G021,G085,9.8722296e-05,1
G027,G088,9.8630946e-05,1
G016,G017,9.862125e-05,1
G096,G069,9.859384e-05,1
G020,G091,9.858285e-05,1
G060,G011,9.856684e-05,1
G027,G068,9.850944e-05,1
G019,G099,9.8204335e-05,1
G019,G091,9.7686316e-05,1
G096,G002,9.74619e-05,1
G046,G074,9.738613e-05,1
G016,G096,9.73764e-05,1
G079,G088,9.726104e-05,1
G065,G085,9.724705e-05,1
G060,G007,9.7193704e-05,1
G033,G083,9.718464e-05,1
G009,G062,9.715476e-05,1
G063,G087,9.710386e-05,1
G051,G088,9.705646e-05,1
G077,G099,9.6963166e-05,1
G037,G099,9.695206e-05,1
G066,G037,9.6844495e-05,1
G092,G088,9.661532e-05,1
G005,G089,9.652883e-05,1
G077,G049,9.651436e-05,1
G013,G049,9.642258e-05,1
G078,G009,9.605678e-05,1
G048,G090,9.600409e-05,1
G023,G098,9.597363e-05,1
G036,G094,9.5725176e-05,1
G021,G054,9.538316e-05,1
G056,G010,9.5371295e-05,1
G051,G092,9.529804e-05,1
G038,G015,9.523755e-05,1
G093,G073,9.5029354e-05,1
G003,G011,9.501568e-05,1
G024,G020,9.4939925e-05,1
G081,G062,9.4830146e-05,1
G033,G007,9.481853e-05,1
G019,G064,9.453591e-05,1
G070,G007,9.444911e-05,1
G069,G083,9.438213e-05,1
G045,G097,9.4226074e-05,1
G058,G075,9.3920244e-05,1
G039,G079,9.3809256e-05,1
G017,G002,9.376474e-05,1
G065,G018,9.3583665e-05,1
G081,G100,9.355329e-05,1
G037,G032,9.342341e-05,1
G081,G038,9.339575e-05,1
G083,G087,9.336211e-05,1
G046,G087,9.329389e-05,1
G054,G098,9.327484e-05,1
G097,G020,9.312998e-05,1
G077,G011,9.30436e-05,1
G068,G075,9.303222e-05,1
G023,G075,9.2921524e-05,1
G043,G028,9.2920534e-05,1
G033,G032,9.28782e-05,1
G003,G058,9.274454e-05,1
G055,G040,9.271027e-05,1
G039,G083,9.2709335e-05,1
G034,G027,9.2578775e-05,1
G055,G085,9.241535e-05,1
G070,G034,9.231135e-05,1
G070,G090,9.228555e-05,1
G092,G010,9.2252834e-05,1
G009,G099,9.2160604e-05,1
G097,G059,9.209515e-05,1
G029,G037,9.207583e-05,1
G015,G055,9.205354e-05,1
G029,G018,9.1999245e-05,1
G074,G014,9.1842114e-05,1
G080,G087,9.1620976e-05,1
G057,G032,9.157657e-05,1
G045,G055,9.137948e-05,1
G023,G069,9.109069e-05,1
G055,G031,9.09785e-05,1
G023,G082,9.088841e-05,1
G096,G099,9.068685e-05,1
G051,G023,9.068582e-05,1
G033,G018,9.063449e-05,1
G050,G100,9.059361e-05,1
G007,G085,9.059148e-05,1
G055,G038,9.057322e-05,1
G076,G011,9.0516565e-05,1
G063,G028,9.0494286e-05,1
G070,G099,9.0386086e-05,1
G031,G086,9.027348e-05,1
G050,G059,9.024559e-05,1
G020,G006,9.022428e-05,1
G041,G048,9.022099e-05,1
G019,G058,8.9834466e-05,1
G037,G053,8.978023e-05,1
G042,G056,8.954899e-05,1
G067,G085,8.950318e-05,1
G068,G031,8.949785e-05,1
G038,G021,8.9454814e-05,1
G065,G054,8.93429e-05,1
G013,G071,8.925647e-05,1
G078,G020,8.920123e-05,1
G078,G052,8.910216e-05,1
G025,G038,8.9030545e-05,1
G019,G069,8.901676e-05,1
G066,G007,8.901505e-05,1
G093,G028,8.899031e-05,1
G020,G054,8.878737e-05,1
G011,G087,8.874595e-05,1
G064,G059,8.862485e-05,1
G042,G073,8.848112e-05,1
G031,G078,8.8463574e-05,1
G035,G082,8.846008e-05,1
G095,G027,8.843735e-05,1
G089,G092,8.8436245e-05,1
G024,G021,8.824487e-05,1
G025,G070,8.8185065e-05,1
G049,G081,8.789889e-05,1
G077,G057,8.782597e-05,1
G020,G073,8.782325e-05,1
G023,G067,8.772584e-05,1
G067,G013,8.765266e-05,1
G034,G002,8.764607e-05,1
G042,G099,8.7553104e-05,1
G027,G009,8.7429675e-05,1
G081,G008,8.725425e-05,1
G057,G074,8.719921e-05,1
G017,G027,8.716087e-05,1
G021,G028,8.713117e-05,1
G079,G076,8.711661e-05,1
G100,G032,8.674284e-05,1
G092,G045,8.666952e-05,1
G039,G087,8.659547e-05,1
G026,G071,8.656996e-05,1
G041,G087,8.6401415e-05,1
G082,G009,8.6350294e-05,1
G099,G055,8.6259155e-05,1
G065,G069,8.620847e-05,1
G091,G001,8.588637e-05,1
G076,G067,8.567258e-05,1
G050,G082,8.565247e-05,1
G031,G092,8.563396e-05,1
G066,G099,8.556175e-05,1
G065,G012,8.551537e-05,1
G093,G045,8.54875e-05,1
G046,G018,8.517234e-05,1
G060,G098,8.50302e-05,1
G039,G075,8.502494e-05,1
G096,G084,8.495774e-05,1
G005,G082,8.484675e-05,1
G031,G010,8.479457e-05,1
G039,G031,8.4728155e-05,1
G008,G082,8.4685016e-05,1
G003,G063,8.446632e-05,1
G095,G032,8.4359795e-05,1
G006,G085,8.4066465e-05,1
G019,G066,8.399836e-05,1
G062,G075,8.381659e-05,1
G016,G008,8.376047e-05,1
G026,G059,8.367147e-05,1
G013,G057,8.365299e-05,1
G020,G028,8.352682e-05,1
G082,G093,8.347702e-05,1
G100,G038,8.302717e-05,1
G013,G062,8.285288e-05,1
G050,G048,8.2851664e-05,1
G063,G035,8.283033e-05,1
G023,G030,8.282149e-05,1
G077,G062,8.248482e-05,1
G021,G029,8.247803e-05,1
G077,G093,8.24613e-05,1
G034,G093,8.2459024e-05,1
G026,G085,8.2371545e-05,1
G063,G038,8.2344e-05,1
G046,G020,8.2146136e-05,1
G077,G003,8.213898e-05,1
G027,G037,8.211771e-05,1
G079,G087,8.210179e-05,1
G007,G028,8.20472e-05,1
G097,G038,8.181606e-05,1
G026,G061,8.1775914e-05,1
G071,G061,8.1711296e-05,1
G059,G033,8.169705e-05,1
G005,G034,8.168748e-05,1
G034,G020,8.162523e-05,1
G041,G026,8.157438e-05,1
G097,G056,8.1166414e-05,1
G082,G013,8.086917e-05,1
G020,G055,8.08016e-05,1
G066,G012,8.074001e-05,1
G055,G025,8.0655314e-05,1
G013,G094,8.063928e-05,1
G009,G027,8.0622114e-05,1
G065,G014,8.0453174e-05,1
G036,G058,8.040481e-05,1
G071,G056,8.039631e-05,1
G082,G058,8.0325364e-05,1
G037,G065,8.0322345e-05,1
G038,G053,8.015273e-05,1
G033,G051,8.010124e-05,1
G039,G007,7.990176e-05,1
G039,G100,7.988229e-05,1
G094,G026,7.963903e-05,1
G095,G082,7.935475e-05,1
G048,G012,7.92713e-05,1
G001,G091,7.90209e-05,1
G057,G100,7.90137e-05,1
G094,G099,7.9006546e-05,1
G074,G059,7.8988895e-05,1
G069,G085,7.8861456e-05,1
G079,G099,7.8849436e-05,1
G034,G013,7.883056e-05,1
G042,G012,7.878614e-05,1
G050,G033,7.864253e-05,1
G068,G062,7.838096e-05,1
G068,G083,7.831623e-05,1
G091,G056,7.8032885e-05,1
G051,G097,7.801808e-05,1
G024,G025,7.791078e-05,1
G076,G007,7.7902376e-05,1
G041,G004,7.7786186e-05,1
G084,G045,7.762735e-05,1
G026,G083,7.747587e-05,1
G033,G011,7.7464865e-05,1
G096,G049,7.708807e-05,1
G014,G003,7.6954355e-05,1
G050,G099,7.694157e-05,1
G078,G058,7.6876335e-05,1
G086,G022,7.6860866e-05,1
G003,G071,7.680272e-05,1
G035,G091,7.66362e-05,1
G049,G083,7.663485e-05,1
G041,G065,7.638177e-05,1
G045,G092,7.623493e-05,1
G011,G083,7.608979e-05,1
G044,G028,7.607161e-05,1
G042,G064,7.583789e-05,1
G041,G076,7.574106e-05,1
G095,G059,7.573779e-05,1
G003,G061,7.569534e-05,1
G037,G002,7.558264e-05,1
G025,G082,7.547393e-05,1
G083,G021,7.546522e-05,1
G025,G085,7.544852e-05,1
G023,G090,7.530833e-05,1
G069,G034,7.518976e-05,1
G042,G076,7.505786e-05,1
G005,G092,7.494194e-05,1
G068,G095,7.484153e-05,1
G001,G075,7.483273e-05,1
G031,G002,7.476799e-05,1
G025,G073,7.468781e-05,1
G081,G042,7.467341e-05,1
G005,G008,7.419847e-05,1
G005,G086,7.4069794e-05,1
G040,G009,7.382121e-05,1
G079,G018,7.372723e-05,1
G095,G004,7.363891e-05,1
G046,G066,7.3601754e-05,1
G019,G087,7.3216885e-05,1
G043,G026,7.3111776e-05,1
G073,G068,7.291581e-05,1
G054,G063,7.2726325e-05,1
G079,G006,7.259073e-05,1
G017,G091,7.2486546e-05,1
G025,G048,7.245382e-05,1
G065,G041,7.2268784e-05,1
G089,G008,7.225513e-05,1
G079,G075,7.220542e-05,1
G048,G059,7.2006034e-05,1
G079,G040,7.199243e-05,1
G034,G028,7.194735e-05,1
G049,G074,7.186833e-05,1
G029,G034,7.181603e-05,1
G054,G093,7.142087e-05,1
G082,G053,7.135934e-05,1
G077,G015,7.120163e-05,1
G092,G070,7.1091454e-05,1
G070,G032,7.1080394e-05,1
G005,G076,7.0999944e-05,1
G084,G093,7.096932e-05,1
G048,G045,7.096031e-05,1
G009,G084,7.084595e-05,1
G013,G088,7.0792135e-05,1
G013,G046,7.07475e-05,1
G060,G054,7.071371e-05,1
G050,G075,7.0683374e-05,1
G088,G006,7.064815e-05,1
G088,G055,7.057602e-05,1
G084,G022,7.0481015e-05,1
G029,G095,7.0403745e-05,1
G041,G005,7.029179e-05,1
G046,G091,7.0232214e-05,1
G042,G029,7.022863e-05,1
G036,G054,7.008456e-05,1
G003,G029,7.000638e-05,1
G094,G087,7.000139e-05,1
G041,G093,6.986475e-05,1
G037,G005,6.981566e-05,1
G058,G047,6.957224e-05,1
G017,G083,6.927892e-05,1
G066,G016,6.925342e-05,1
G045,G030,6.9233174e-05,1
G016,G059,6.9197675e-05,1
G098,G032,6.901267e-05,1
G025,G017,6.88516e-05,1
G081,G075,6.881581e-05,1
G097,G014,6.869865e-05,1
G021,G055,6.852867e-05,1
G038,G088,6.835685e-05,1
G089,G026,6.8258974e-05,1
G036,G016,6.8233356e-05,1
G013,G093,6.821246e-05,1
G073,G030,6.798375e-05,1
G089,G079,6.796512e-05,1
G097,G008,6.790472e-05,1
G055,G099,6.764197e-05,1
G096,G070,6.723258e-05,1
G071,G031,6.663763e-05,1
G027,G016,6.660525e-05,1
G041,G013,6.634443e-05,1
G049,G015,6.633169e-05,1
G013,G095,6.630932e-05,1
G055,G045,6.6056215e-05,1
G068,G012,6.60523e-05,1
G005,G011,6.600934e-05,1
G061,G075,6.589571e-05,1
G004,G018,6.5810484e-05,1
G039,G032,6.579201e-05,1
G081,G028,6.5788576e-05,1
G023,G001,6.571631e-05,1
G029,G026,6.5701795e-05,1
G080,G068,6.553944e-05,1
G079,G061,6.522012e-05,1
G079,G085,6.5172564e-05,1
G076,G039,6.49977e-05,1
G006,G090,6.47713e-05,1
G098,G054,6.4669446e-05,1
G071,G042,6.461439e-05,1
G033,G095,6.460902e-05,1
G037,G061,6.4568696e-05,1
G071,G044,6.449686e-05,1
G091,G078,6.446776e-05,1
G060,G094,6.444111e-05,1
G041,G040,6.421458e-05,1
G026,G013,6.417708e-05,1
G057,G056,6.415897e-05,1
G042,G014,6.3977765e-05,1
G056,G011,6.395643e-05,1
G051,G033,6.3833024e-05,1
G040,G051,6.378813e-05,1
G007,G099,6.3752814e-05,1
G019,G075,6.361373e-05,1
G051,G090,6.330329e-05,1
G030,G065,6.3150175e-05,1
G082,G048,6.301416e-05,1
G068,G026,6.283081e-05,1
G097,G084,6.282876e-05,1
G029,G014,6.282004e-05,1
G031,G091,6.278205e-05,1
G092,G068,6.267509e-05,1
G096,G047,6.253851e-05,1
G054,G055,6.253291e-05,1
G069,G087,6.252582e-05,1
G044,G053,6.239613e-05,1
G009,G037,6.236442e-05,1
G042,G016,6.229985e-05,1
G017,G001,6.200606e-05,1
G009,G018,6.171709e-05,1
G074,G032,6.16205e-05,1
G024,G023,6.1570885e-05,1
G093,G065,6.1510225e-05,1
G083,G073,6.144427e-05,1
G060,G100,6.138837e-05,1
G061,G016,6.1378734e-05,1
G019,G022,6.13055e-05,1
G042,G032,6.129794e-05,1
G077,G090,6.108056e-05,1
G003,G026,6.1068495e-05,1
G094,G017,6.102006e-05,1
G067,G022,6.0940332e-05,1
G040,G007,6.090544e-05,1
G092,G022,6.0833954e-05,1
G008,G032,6.0432336e-05,1
G009,G083,6.0384333e-05,1
G089,G055,6.0358565e-05,1
G086,G002,6.0258688e-05,1
G034,G087,6.0065242e-05,1
G031,G076,5.9986058e-05,1
G067,G006,5.99028e-05,1
G019,G089,5.987391e-05,1
G037,G084,5.97078e-05,1
G012,G098,5.9411977e-05,1
G096,G051,5.9143844e-05,1
G041,G002,5.9055597e-05,1
G006,G038,5.900448e-05,1
G070,G084,5.8962512e-05,1
G055,G073,5.894224e-05,1
G012,G058,5.8914793e-05,1
G095,G037,5.8863578e-05,1
G066,G085,5.8750757e-05,1
G100,G002,5.8699123e-05,1
G023,G055,5.845225e-05,1
G040,G094,5.8432124e-05,1
G098,G008,5.8407153e-05,1
G017,G060,5.8365134e-05,1
G034,G062,5.822297e-05,1
G016,G093,5.820337e-05,1
G017,G021,5.806274e-05,1
G016,G073,5.8045738e-05,1
G030,G093,5.804028e-05,1
G023,G094,5.803758e-05,1
G071,G095,5.8031386e-05,1
G079,G028,5.7987374e-05,1
G058,G038,5.7985864e-05,1
G038,G034,5.7723868e-05,1
G029,G078,5.7658704e-05,1
G030,G039,5.761032e-05,1
G097,G082,5.7590252e-05,1
G049,G011,5.7539135e-05,1
G005,G062,5.7492005e-05,1
G089,G083,5.7313548e-05,1
G052,G098,5.7282632e-05,1
G052,G096,5.724066e-05,1
G042,G075,5.720455e-05,1
G077,G007,5.7123034e-05,1
G011,G085,5.706335e-05,1
G074,G076,5.691087e-05,1
G015,G053,5.6907404e-05,1
G057,G055,5.6842742e-05,1
G020,G003,5.684155e-05,1
G056,G047,5.6826833e-05,1
G024,G062,5.681716e-05,1
G082,G098,5.677538e-05,1
G082,G012,5.652467e-05,1
G024,G008,5.6494344e-05,1
G100,G026,5.6397697e-05,1
G058,G048,5.627891e-05,1
G074,G083,5.622224e-05,1
G032,G002,5.611523e-05,1
G078,G012,5.6101653e-05,1
G073,G065,5.608193e-05,1
G076,G055,5.6025703e-05,1
G015,G081,5.5870583e-05,1
G058,G091,5.578123e-05,1
G076,G051,5.5716948e-05,1
G012,G080,5.563147e-05,1
G014,G065,5.5498982e-05,1
G019,G011,5.548224e-05,1
G082,G015,5.5070315e-05,1
G015,G036,5.4935463e-05,1
G012,G038,5.486825e-05,1
G003,G036,5.4543172e-05,1
G019,G003,5.4533866e-05,1
G013,G032,5.4523818e-05,1
G047,G062,5.4339554e-05,1
G074,G054,5.4226584e-05,1
G035,G022,5.3880074e-05,1
G062,G028,5.3678836e-05,1
G096,G090,5.3613996e-05,1
G027,G017,5.3489195e-05,1
G096,G022,5.3220476e-05,1
G016,G030,5.320989e-05,1
G014,G021,5.315078e-05,1
G065,G094,5.312421e-05,1
G001,G053,5.3104708e-05,1
G057,G054,5.296188e-05,1
G080,G091,5.2955755e-05,1
G051,G084,5.2925807e-05,1
G070,G031,5.2895488e-05,1
G065,G010,5.2888277e-05,1
G091,G067,5.288292e-05,1
G093,G022,5.286676e-05,1
G033,G031,5.2834504e-05,1
G058,G014,5.270715e-05,1
G042,G098,5.261341e-05,1
G017,G096,5.244973e-05,1
G008,G018,5.2388325e-05,1
G045,G078,5.23804e-05,1
G086,G056,5.237922e-05,1
G005,G073,5.232573e-05,1
G067,G007,5.2304822e-05,1
G023,G045,5.2299914e-05,1
G098,G074,5.2266598e-05,1
G003,G098,5.202549e-05,1
G004,G081,5.1983956e-05,1
G064,G100,5.1896423e-05,1
G065,G001,5.1791365e-05,1
G077,G012,5.1769697e-05,1
G055,G087,5.1688043e-05,1
G001,G076,5.1480692e-05,1
G025,G075,5.139112e-05,1
G061,G074,5.1260686e-05,1
G083,G085,5.0507344e-05,1
G054,G075,5.0486862e-05,1
G084,G029,5.0309227e-05,1
G019,G028,5.0224407e-05,1
G035,G053,5.019176e-05,1
G068,G022,5.0169183e-05,1
G051,G044,5.0154576e-05,1
G012,G083,5.00681e-05,1
G096,G014,5.0030067e-05,1
G008,G017,5.0024424e-05,1
G043,G075,5.002428e-05,1
G041,G022,4.9843737e-05,1
G026,G079,4.9772454e-05,1
G089,G051,4.970554e-05,1
G017,G026,4.9644837e-05,1
G059,G006,4.9491482e-05,1
G064,G039,4.9433067e-05,1
G006,G075,4.9412865e-05,1
G044,G038,4.9308048e-05,1
G088,G016,4.9271628e-05,1
G092,G062,4.9172177e-05,1
G041,G030,4.9133258e-05,1
G055,G007,4.9045542e-05,1
G086,G040,4.8898208e-05,1
G015,G024,4.887426e-05,1
G061,G028,4.8792714e-05,1
G092,G065,4.877314e-05,1
G058,G036,4.8585767e-05,1
G038,G014,4.8542148e-05,1
G017,G011,4.853748e-05,1
G017,G100,4.850661e-05,1
G076,G030,4.8426038e-05,1
G016,G051,4.8415426e-05,1
G039,G011,4.8298974e-05,1
G001,G026,4.826331e-05,1
G097,G049,4.822746e-05,1
G042,G083,4.815336e-05,1
G036,G049,4.8059006e-05,1
G098,G062,4.805338e-05,1
G023,G068,4.769841e-05,1
G081,G022,4.7632795e-05,1
G014,G027,4.740924e-05,1
G068,G011,4.7301124e-05,1
G077,G082,4.7215148e-05,1
G096,G093,4.69566e-05,1
G079,G007,4.6932433e-05,1
G083,G084,4.6891873e-05,1
G071,G017,4.678833e-05,1
G054,G051,4.665205e-05,1
G013,G047,4.659619e-05,1
G030,G081,4.6440568e-05,1
G067,G073,4.643873e-05,1
G046,G026,4.6227527e-05,1
G031,G027,4.6222845e-05,1
G021,G100,4.618458e-05,1
G076,G034,4.616965e-05,1
G095,G018,4.6134945e-05,1
G015,G028,4.612921e-05,1
G069,G017,4.6110334e-05,1
G075,G002,4.6096346e-05,1
G079,G022,4.6070458e-05,1
G045,G002,4.5994217e-05,1
G081,G053,4.5982135e-05,1
G089,G016,4.5975128e-05,1
G041,G047,4.5840963e-05,1
G033,G008,4.575697e-05,1
G036,G040,4.5721714e-05,1
G016,G099,4.5655117e-05,1
G079,G024,4.563364e-05,1
G094,G011,4.5592944e-05,1
G092,G098,4.5443176e-05,1
G030,G001,4.5428656e-05,1
G094,G078,4.527214e-05,1
G049,G093,4.5247838e-05,1
G068,G002,4.5202192e-05,1
G086,G050,4.518225e-05,1
G040,G025,4.515921e-05,1
G052,G028,4.5121582e-05,1
G027,G028,4.5002995e-05,1
G094,G083,4.499055e-05,1
G098,G006,4.4962053e-05,1
G088,G045,4.4753713e-05,1
G080,G094,4.4613364e-05,1
G058,G070,4.461018e-05,1
G023,G072,4.459308e-05,1
G078,G075,4.4582044e-05,1
G067,G074,4.4557313e-05,1
G048,G061,4.453727e-05,1
G039,G059,4.4493667e-05,1
G063,G022,4.4487726e-05,1
G053,G087,4.4454056e-05,1
G027,G075,4.434485e-05,1
G053,G045,4.42421e-05,1
G064,G028,4.417398e-05,1
G098,G084,4.4017444e-05,1
G043,G018,4.399412e-05,1
G040,G084,4.3906202e-05,1
G035,G032,4.3850487e-05,1
G100,G083,4.3841403e-05,1
G024,G034,4.382082e-05,1
G079,G015,4.3784807e-05,1
G054,G056,4.376224e-05,1
G084,G051,4.3756416e-05,1
G023,G007,4.36595e-05,1
G025,G071,4.358558e-05,1
G066,G055,4.35155e-05,1
G035,G015,4.3498487e-05,1
G040,G011,4.3496933e-05,1
G061,G020,4.343732e-05,1
G071,G078,4.3400058e-05,1
G027,G095,4.3354437e-05,1
G049,G038,4.3281343e-05,1
G017,G055,4.3026073e-05,1
G098,G080,4.3023254e-05,1
G038,G008,4.3002656e-05,1
G015,G099,4.294493e-05,1
G046,G090,4.2888812e-05,1
G059,G011,4.2784883e-05,1
G071,G084,4.2777585e-05,1
G035,G009,4.2732998e-05,1
G036,G075,4.260611e-05,1
G058,G080,4.2565774e-05,1
G098,G091,4.2383417e-05,1
G046,G067,4.233717e-05,1
G006,G071,4.22981e-05,1
G065,G077,4.218578e-05,1
G007,G016,4.2177577e-05,1
G026,G063,4.216349e-05,1
G091,G066,4.2160023e-05,1
G050,G002,4.21567e-05,1
G068,G054,4.208356e-05,1
G073,G051,4.194586e-05,1
G044,G009,4.192355e-05,1
G077,G047,4.1914842e-05,1
G069,G022,4.1659772e-05,1
G071,G011,4.161591e-05,1
G057,G022,4.1557665e-05,1
G084,G007,4.152172e-05,1
G006,G099,4.1504296e-05,1
G024,G060,4.1482137e-05,1
G043,G074,4.1437957e-05,1
G058,G013,4.141292e-05,1
G064,G075,4.139614e-05,1
G062,G011,4.139001e-05,1
G099,G006,4.0998963e-05,1
G065,G002,4.0955245e-05,1
G003,G082,4.088907e-05,1
G039,G076,4.0836512e-05,1
G040,G085,4.0773313e-05,1
G034,G026,4.066154e-05,1
G041,G094,4.064777e-05,1
G003,G100,4.0634797e-05,1
G035,G085,4.0574832e-05,1
G058,G087,4.0530478e-05,1
G004,G017,4.052867e-05,1
G081,G092,4.0404244e-05,1
G069,G090,4.0395065e-05,1
G026,G088,4.036243e-05,1
G096,G066,4.0285933e-05,1
G046,G006,4.01047e-05,1
G098,G017,3.9953593e-05,1
G092,G087,3.987806e-05,1
G032,G090,3.9866125e-05,1
G012,G031,3.986221e-05,1
G036,G032,3.980974e-05,1
G086,G048,3.9742066e-05,1
G016,G098,3.9699513e-05,1
G024,G037,3.9689985e-05,1
G070,G039,3.946625e-05,1
G093,G023,3.935288e-05,1
G086,G007,3.9294213e-05,1
G094,G049,3.909192e-05,1
G096,G009,3.8876515e-05,1
G054,G028,3.883606e-05,1
G060,G037,3.8822185e-05,1
G094,G031,3.879678e-05,1
G015,G051,3.8723232e-05,1
G054,G013,3.87146e-05,1
G062,G014,3.8698425e-05,1
G080,G055,3.8581566e-05,1
G050,G053,3.8544396e-05,1
G080,G004,3.8345785e-05,1
G049,G066,3.8245526e-05,1
G039,G099,3.8243703e-05,1
G061,G058,3.823763e-05,1
G066,G030,3.8120288e-05,1
G054,G007,3.805706e-05,1
G077,G069,3.7954003e-05,1
G047,G028,3.790167e-05,1
G033,G039,3.7885937e-05,1
G033,G049,3.78486e-05,1
G009,G022,3.7762336e-05,1
G068,G017,3.7692218e-05,1
G036,G001,3.7676105e-05,1
G095,G049,3.740811e-05,1
G076,G052,3.7335e-05,1
G012,G016,3.7300124e-05,1
G027,G051,3.7278132e-05,1
G041,G077,3.7214773e-05,1
G038,G049,3.7175647e-05,1
G033,G040,3.6925234e-05,1
G089,G014,3.692144e-05,1
G014,G008,3.6832662e-05,1
G058,G006,3.6695736e-05,1
G037,G015,3.6670004e-05,1
G025,G047,3.6623045e-05,1
G016,G063,3.6577865e-05,1
G056,G037,3.652633e-05,1
G067,G036,3.64892e-05,1
G036,G038,3.6285222e-05,1
G067,G091,3.6278598e-05,1
G092,G006,3.6218804e-05,1
G027,G074,3.6204405e-05,1
G025,G080,3.6180023e-05,1
G069,G012,3.616586e-05,1
G027,G013,3.6156573e-05,1
G026,G005,3.6033292e-05,1
G048,G099,3.5902012e-05,1
G093,G018,3.5776604e-05,1
G092,G018,3.5740388e-05,1
G040,G058,3.5493307e-05,1
G092,G091,3.545108e-05,1
G017,G092,3.543323e-05,1
G044,G026,3.5364075e-05,1
G088,G031,3.535133e-05,1
G001,G071,3.5298217e-05,1
G020,G092,3.5265813e-05,1
G057,G015,3.5229765e-05,1
G057,G002,3.518226e-05,1
G091,G094,3.5158017e-05,1
G080,G056,3.510513e-05,1
G070,G057,3.497329e-05,1
G054,G047,3.4774966e-05,1
G005,G022,3.470209e-05,1
G092,G031,3.470017e-05,1
G033,G100,3.4574954e-05,1
G059,G012,3.4499484e-05,1
G013,G084,3.440558e-05,1
G003,G018,3.4297693e-05,1
G060,G034,3.4208017e-05,1
G042,G087,3.4171022e-05,1
G092,G026,3.3994613e-05,1
G063,G044,3.395558e-05,1
G083,G099,3.394959e-05,1
G038,G002,3.3946835e-05,1
G098,G002,3.3897468e-05,1
G046,G032,3.3860546e-05,1
G026,G004,3.384002e-05,1
G006,G087,3.379415e-05,1
G058,G028,3.3781376e-05,1
G008,G023,3.375198e-05,1
G052,G099,3.374127e-05,1
G041,G085,3.3702843e-05,1
G013,G002,3.365907e-05,1
G071,G079,3.364514e-05,1
G095,G002,3.3578322e-05,1
G043,G030,3.357624e-05,1
G098,G040,3.3475466e-05,1
G007,G087,3.3444187e-05,1
G097,G010,3.3415763e-05,1
G067,G082,3.3312583e-05,1
G001,G028,3.3113232e-05,1
G056,G014,3.3105374e-05,1
G030,G026,3.299593e-05,1
G060,G005,3.2987453e-05,1
G077,G036,3.2912165e-05,1
G001,G052,3.2664324e-05,1
G036,G059,3.2518597e-05,1
G008,G073,3.2516582e-05,1
G069,G024,3.251243e-05,1
G034,G089,3.243653e-05,1
G016,G085,3.2400374e-05,1
G083,G069,3.2236025e-05,1
G029,G010,3.214332e-05,1
G060,G038,3.2034248e-05,1
G094,G032,3.2026728e-05,1
G016,G027,3.1926716e-05,1
G015,G073,3.1846084e-05,1
G080,G040,3.166306e-05,1
G029,G094,3.1632244e-05,1
G003,G095,3.1611315e-05,1
G034,G039,3.1550157e-05,1
G066,G036,3.1518925e-05,1
G050,G011,3.13671e-05,1
G076,G027,3.1360614e-05,1
G029,G086,3.1293817e-05,1
G025,G100,3.1257794e-05,1
G064,G082,3.1191255e-05,1
G096,G075,3.108102e-05,1
G020,G062,3.1032065e-05,1
G038,G007,3.102302e-05,1
G059,G002,3.097825e-05,1
G054,G016,3.0968396e-05,1
G009,G092,3.094647e-05,1
G089,G006,3.070449e-05,1
G076,G097,3.051387e-05,1
G084,G068,3.0502339e-05,1
G009,G090,3.043321e-05,1
G019,G078,3.0407371e-05,1
G056,G001,3.0300884e-05,1
G029,G047,3.0277513e-05,1
G089,G012,3.0272127e-05,1
G067,G094,3.025769e-05,1
G039,G084,3.0164914e-05,1
G079,G094,2.9905334e-05,1
G050,G087,2.9881414e-05,1
G064,G085,2.9870776e-05,1
G063,G090,2.9817458e-05,1
G083,G054,2.9759864e-05,1
G021,G031,2.9531764e-05,1
G091,G016,2.9511237e-05,1
G089,G065,2.9448967e-05,1
G021,G075,2.9304772e-05,1
G037,G047,2.9238487e-05,1
G064,G087,2.920907e-05,1
G047,G075,2.9207711e-05,1
G059,G034,2.9184921e-05,1
G078,G003,2.9038862e-05,1
G086,G006,2.90201e-05,1
G082,G025,2.8985973e-05,1
G094,G028,2.894043e-05,1
G064,G012,2.8905302e-05,1
G019,G100,2.8840203e-05,1
G055,G012,2.8789676e-05,1
G047,G016,2.8764303e-05,1
G036,G018,2.8689186e-05,1
G085,G090,2.8632565e-05,1
G082,G092,2.8587687e-05,1
G078,G022,2.8554014e-05,1
G055,G002,2.8546398e-05,1
G067,G090,2.8232012e-05,1
G091,G025,2.8099419e-05,1
G048,G083,2.8034157e-05,1
G021,G010,2.7933143e-05,1
G019,G001,2.7856202e-05,1
G012,G059,2.7756569e-05,1
G042,G017,2.7607994e-05,1
G011,G026,2.7367181e-05,1
G081,G014,2.734699e-05,1
G054,G062,2.7203841e-05,1
G024,G067,2.7151826e-05,1
G054,G011,2.7146103e-05,1
G078,G088,2.7123e-05,1
G049,G086,2.7099915e-05,1
G019,G040,2.7036114e-05,1
G045,G059,2.6921973e-05,1
G014,G009,2.6873286e-05,1
G008,G031,2.6850166e-05,1
G080,G100,2.6781272e-05,1
G036,G048,2.6765321e-05,1
G029,G030,2.6732536e-05,1
G094,G022,2.6603553e-05,1
G071,G004,2.659373e-05,1
G083,G096,2.6474763e-05,1
G096,G043,2.6461827e-05,1
G052,G032,2.6371137e-05,1
G034,G011,2.6216512e-05,1
G081,G099,2.6125786e-05,1
G056,G002,2.6105901e-05,1
G080,G054,2.5851103e-05,1
G083,G097,2.5798337e-05,1
G062,G090,2.5780013e-05,1
G013,G005,2.56927e-05,1
G052,G062,2.5601521e-05,1
G042,G001,2.5487638e-05,1
G057,G090,2.5462055e-05,1
G051,G011,2.541895e-05,1
G064,G023,2.5351645e-05,1
G013,G040,2.534566e-05,1
G007,G075,2.5324087e-05,1
G035,G100,2.5311814e-05,1
G060,G083,2.511375e-05,1
G050,G014,2.5076115e-05,1
G054,G074,2.5068672e-05,1
G051,G085,2.5008756e-05,1
G014,G058,2.5001758e-05,1
G024,G093,2.4803703e-05,1
G091,G004,2.4776435e-05,1
G094,G085,2.4735928e-05,1
G070,G078,2.4721008e-05,1
G040,G048,2.4690895e-05,1
G077,G020,2.4645211e-05,1
G042,G085,2.4556492e-05,1
G032,G047,2.4504952e-05,1
G039,G056,2.4492318e-05,1
G033,G092,2.448655e-05,1
G057,G049,2.4477764e-05,1
G005,G040,2.4459663e-05,1
G001,G059,2.4353774e-05,1
G036,G087,2.4352528e-05,1
G054,G076,2.4210345e-05,1
G020,G008,2.4186771e-05,1
G080,G008,2.415868e-05,1
G097,G029,2.4129156e-05,1
G076,G063,2.4102628e-05,1
G089,G022,2.4013054e-05,1
G056,G031,2.3926545e-05,1
G080,G018,2.3923632e-05,1
G023,G059,2.392215e-05,1
G023,G062,2.3874556e-05,1
G070,G041,2.3791416e-05,1
G069,G002,2.3773231e-05,1
G062,G085,2.374601e-05,1
G089,G062,2.3727049e-05,1
G074,G062,2.364584e-05,1
G095,G058,2.3629616e-05,1
G081,G002,2.361368e-05,1
G039,G046,2.3596709e-05,1
G083,G063,2.3445993e-05,1
G065,G006,2.3379707e-05,1
G061,G090,2.329678e-05,1
G027,G011,2.3252398e-05,1
G083,G057,2.3245086e-05,1
G003,G009,2.3228202e-05,1
G019,G029,2.32177e-05,1
G034,G041,2.3194934e-05,1
G027,G004,2.3040002e-05,1
G096,G028,2.301326e-05,1
G023,G060,2.2836675e-05,1
G097,G066,2.2700811e-05,1
G020,G026,2.2591601e-05,1
G081,G032,2.256924e-05,1
G041,G074,2.2511776e-05,1
G020,G099,2.2440623e-05,1
G079,G032,2.237226e-05,1
G033,G045,2.2351318e-05,1
G043,G002,2.2320122e-05,1
G081,G011,2.2240436e-05,1
G027,G052,2.2220442e-05,1
G056,G095,2.2106502e-05,1
G060,G026,2.2098275e-05,1
G068,G082,2.2035132e-05,1
G046,G011,2.201834e-05,1
G025,G001,2.1989823e-05,1
G025,G053,2.1949087e-05,1
G097,G002,2.19257e-05,1
G073,G058,2.1901631e-05,1
G092,G085,2.1878339e-05,1
G033,G073,2.1867341e-05,1
G063,G053,2.1865395e-05,1
G004,G064,2.1847249e-05,1
G013,G053,2.1815513e-05,1
G068,G016,2.1726148e-05,1
G016,G075,2.170026e-05,1
G051,G010,2.1670377e-05,1
G081,G026,2.1622858e-05,1
G088,G038,2.1597813e-05,1
G019,G092,2.155245e-05,1
G057,G078,2.131231e-05,1
G067,G040,2.1299838e-05,1
G033,G012,2.128986e-05,1
G034,G091,2.1152257e-05,1
G021,G011,2.1149513e-05,1
G086,G011,2.1031628e-05,1
G058,G085,2.0914353e-05,1
G080,G090,2.0709374e-05,1
G071,G020,2.0604473e-05,1
G095,G076,2.0544832e-05,1
G070,G088,2.047987e-05,1
G033,G016,2.046953e-05,1
G027,G033,2.0208501e-05,1
G052,G011,2.0142123e-05,1
G044,G084,1.9952202e-05,1
G020,G001,1.9901285e-05,1
G058,G099,1.9854948e-05,1
G025,G087,1.982639e-05,1
G005,G039,1.9780427e-05,1
G073,G062,1.977663e-05,1
G084,G033,1.9770421e-05,1
G008,G100,1.9673484e-05,1
G071,G012,1.9646033e-05,1
G056,G062,1.964391e-05,1
G066,G018,1.9616531e-05,1
G047,G092,1.9572444e-05,1
G054,G001,1.9488887e-05,1
G061,G100,1.9448347e-05,1
G076,G018,1.9436357e-05,1
G020,G049,1.9389281e-05,1
G077,G094,1.9376643e-05,1
G070,G046,1.93044e-05,1
G098,G059,1.9222745e-05,1
G054,G053,1.9035188e-05,1
G060,G066,1.903014e-05,1
G005,G001,1.901594e-05,1
G021,G074,1.9015135e-05,1
G021,G046,1.9014726e-05,1
G001,G031,1.8960953e-05,1
G025,G054,1.888482e-05,1
G020,G083,1.8757208e-05,1
G096,G073,1.8652056e-05,1
G069,G032,1.8611121e-05,1
G093,G081,1.8551496e-05,1
G097,G043,1.8423896e-05,1
G050,G028,1.8356843e-05,1
G012,G049,1.834041e-05,1
G037,G039,1.817262e-05,1
G046,G061,1.81309e-05,1
G050,G034,1.8108145e-05,1
G036,G043,1.8052962e-05,1
G051,G062,1.8029386e-05,1
G081,G037,1.8010622e-05,1
G046,G038,1.7977618e-05,1
G003,G080,1.7966959e-05,1
G035,G087,1.7920569e-05,1
G024,G040,1.783712e-05,1
G060,G093,1.778945e-05,1
G070,G002,1.7782086e-05,1
G040,G002,1.7777907e-05,1
G006,G095,1.7769225e-05,1
G065,G090,1.7606828e-05,1
G037,G018,1.7522945e-05,1
G076,G038,1.7480475e-05,1
G016,G088,1.7471833e-05,1
G009,G066,1.7429722e-05,1
G075,G032,1.7225653e-05,1
G034,G022,1.7206059e-05,1
G001,G100,1.7178283e-05,1
G006,G028,1.703434e-05,1
G068,G034,1.6986525e-05,1
G096,G081,1.6943532e-05,1
G035,G018,1.6855138e-05,1
G076,G023,1.6771772e-05,1
G036,G027,1.6754733e-05,1
G094,G062,1.6585063e-05,1
G078,G028,1.6561471e-05,1
G042,G002,1.6559543e-05,1
G098,G016,1.6538701e-05,1
G007,G090,1.6490052e-05,1
G058,G081,1.6487464e-05,1
G036,G005,1.6425109e-05,1
G074,G039,1.6379328e-05,1
G037,G013,1.6308522e-05,1
G003,G093,1.6303287e-05,1
G062,G066,1.6291358e-05,1
G073,G033,1.6282409e-05,1
G094,G080,1.6265916e-05,1
G095,G026,1.6243597e-05,1
G094,G090,1.6214466e-05,1
G057,G026,1.621443e-05,1
G044,G014,1.6213224e-05,1
G077,G002,1.6177542e-05,1
G054,G045,1.613269e-05,1
G050,G030,1.6097587e-05,1
G013,G029,1.6088448e-05,1
G086,G001,1.607582e-05,1
G034,G001,1.6075655e-05,1
G082,G002,1.6036458e-05,1
G044,G090,1.6012264e-05,1
G039,G092,1.5843922e-05,1
G017,G077,1.5788504e-05,1
G091,G013,1.5684045e-05,1
G012,G090,1.5526617e-05,1
G030,G067,1.5500069e-05,1
G019,G090,1.5443191e-05,1
G037,G006,1.5433663e-05,1
G012,G062,1.5426966e-05,1
G068,G091,1.5366073e-05,1
G013,G064,1.532207e-05,1
G013,G100,1.5260463e-05,1
G036,G041,1.5243209e-05,1
G015,G076,1.5166491e-05,1
G012,G085,1.51443755e-05,1
G054,G083,1.5111855e-05,1
G066,G075,1.5018548e-05,1
G015,G004,1.501786e-05,1
G081,G090,1.4962327e-05,1
G093,G087,1.494473e-05,1
G068,G032,1.4942675e-05,1
G068,G014,1.4736269e-05,1
G030,G094,1.4731478e-05,1
G030,G002,1.4721743e-05,1
G051,G021,1.4690199e-05,1
G092,G080,1.4666563e-05,1
G091,G023,1.4635317e-05,1
G001,G008,1.4605845e-05,1
G074,G020,1.4581517e-05,1
G052,G059,1.4573305e-05,1
G038,G092,1.4569106e-05,1
G039,G017,1.4543869e-05,1
G024,G081,1.4400224e-05,1
G094,G054,1.437662e-05,1
G031,G026,1.4373625e-05,1
G081,G049,1.4371545e-05,1
G095,G096,1.4369235e-05,1
G067,G045,1.4335959e-05,1
G062,G002,1.431706e-05,1
G078,G024,1.4056169e-05,1
G058,G041,1.3975007e-05,1
G068,G078,1.3901802e-05,1
G031,G069,1.3788421e-05,1
G045,G093,1.3733118e-05,1
G099,G047,1.35638875e-05,1
G035,G006,1.3539259e-05,1
G017,G057,1.3528778e-05,1
G045,G011,1.3456636e-05,1
G084,G003,1.3301625e-05,1
G071,G002,1.3286836e-05,1
G033,G026,1.31973475e-05,1
G046,G015,1.3176922e-05,1
G027,G015,1.3149275e-05,1
G049,G034,1.3077127e-05,1
G017,G008,1.3045294e-05,1
G025,G051,1.2990021e-05,1
G045,G077,1.2911991e-05,1
G096,G091,1.2859233e-05,1
G061,G084,1.2826261e-05,1
G039,G042,1.2809721e-05,1
G065,G017,1.2802427e-05,1
G092,G032,1.2784058e-05,1
G035,G064,1.2583175e-05,1
G040,G032,1.24971075e-05,1
G062,G006,1.2483346e-05,1
G045,G099,1.2457416e-05,1
G050,G081,1.2384308e-05,1
G034,G085,1.2368222e-05,1
G016,G070,1.23397285e-05,1
G003,G020,1.2339156e-05,1
G027,G099,1.2169823e-05,1
G033,G054,1.2092594e-05,1
G008,G026,1.2081198e-05,1
G080,G032,1.202955e-05,1
G012,G028,1.1964546e-05,1
G084,G062,1.1948563e-05,1
G008,G090,1.18789885e-05,1
G098,G092,1.1875355e-05,1
G041,G060,1.1864443e-05,1
G094,G001,1.1858614e-05,1
G024,G091,1.18299895e-05,1
G030,G037,1.1748108e-05,1
G057,G007,1.1629317e-05,1
G017,G045,1.1550547e-05,1
G060,G006,1.15443645e-05,1
G012,G026,1.1540463e-05,1
G031,G054,1.1518301e-05,1
G063,G027,1.1501701e-05,1
G029,G091,1.1434102e-05,1
G092,G056,1.1393118e-05,1
G023,G031,1.1348572e-05,1
G066,G006,1.1332617e-05,1
G069,G067,1.1325137e-05,1
G031,G001,1.10897745e-05,1
G005,G002,1.1043278e-05,1
G084,G032,1.1028414e-05,1
G033,G027,1.094767e-05,1
G064,G083,1.09358925e-05,1
G061,G054,1.0898129e-05,1
G065,G096,1.0758645e-05,1
G031,G016,1.064142e-05,1
G010,G017,1.0625918e-05,1
G089,G017,1.058666e-05,1
G054,G090,1.0550982e-05,1
G031,G039,1.0520311e-05,1
G061,G049,1.0439524e-05,1
G074,G022,1.0301268e-05,1
G040,G080,1.0282774e-05,1
G064,G020,1.0241171e-05,1
G023,G053,1.0180918e-05,1
G096,G032,1.0122844e-05,1
G030,G052,1.0100992e-05,1
G087,G090,1.0003396e-05,1
G045,G017,9.890687e-06,1
G032,G085,9.854569e-06,1
G094,G027,9.851515e-06,1
G082,G006,9.8420105e-06,1
G073,G027,9.799227e-06,1
G093,G013,9.777183e-06,1
G067,G047,9.7305665e-06,1
G047,G078,9.640617e-06,1
G078,G032,9.622302e-06,1
G003,G045,9.482492e-06,1
G044,G100,9.478963e-06,1
G046,G099,9.451365e-06,1
G065,G032,9.44537e-06,1
G008,G092,9.43719e-06,1
G033,G002,9.371727e-06,1
G038,G075,9.370877e-06,1
G019,G015,9.356677e-06,1
G045,G022,9.3454455e-06,1
G053,G028,9.312256e-06,1
G060,G049,9.283861e-06,1
G005,G059,9.226509e-06,1
G003,G022,9.0683325e-06,1
G069,G006,9.054061e-06,1
G049,G012,8.909964e-06,1
G094,G045,8.861913e-06,1
G089,G090,8.782461e-06,1
G096,G006,8.758061e-06,1
G079,G039,8.648398e-06,1
G039,G054,8.472682e-06,1
G033,G014,8.444006e-06,1
G054,G085,8.271096e-06,1
G098,G046,8.265085e-06,1
G044,G013,8.202767e-06,1
G013,G018,7.816912e-06,1
G025,G098,7.80103e-06,1
G077,G059,7.780649e-06,1
G038,G026,7.72163e-06,1
G039,G049,7.6782e-06,1
G042,G058,7.6726965e-06,1
G078,G044,7.640572e-06,1
G059,G007,7.503029e-06,1
G056,G096,7.402287e-06,1
G009,G017,7.2910893e-06,1
G024,G013,7.2437833e-06,1
G005,G097,7.2371104e-06,1
G008,G091,7.235403e-06,1
G017,G082,7.0152955e-06,1
G023,G073,6.9632206e-06,1
G045,G100,6.9608654e-06,1
G013,G033,6.841659e-06,1
G027,G031,6.8375266e-06,1
G044,G097,6.79153e-06,1
G081,G015,6.7438755e-06,1
G096,G080,6.6866205e-06,1
G076,G095,6.6746943e-06,1
G012,G003,6.6225525e-06,1
G064,G050,6.598693e-06,1
G057,G040,6.59036e-06,1
G077,G023,6.503622e-06,1
G031,G033,6.321029e-06,1
G036,G012,6.3102807e-06,1
G066,G004,6.300551e-06,1
G001,G016,6.2321765e-06,1
G097,G075,6.160334e-06,1
G027,G086,6.1211267e-06,1
G098,G005,6.0912826e-06,1
G044,G050,6.0854627e-06,1
G048,G011,6.0811926e-06,1
G057,G097,6.0682473e-06,1
G071,G064,5.918235e-06,1
G093,G046,5.905265e-06,1
G074,G004,5.9046765e-06,1
G078,G002,5.870866e-06,1
G059,G058,5.8365968e-06,1
G057,G004,5.833057e-06,1
G036,G078,5.5533383e-06,1
G031,G020,5.549753e-06,1
G047,G027,5.5172363e-06,1
G076,G002,5.5036066e-06,1
G060,G004,5.447439e-06,1
G064,G040,5.4407524e-06,1
G080,G022,5.413588e-06,1
G050,G047,5.3837807e-06,1
G019,G006,5.3825183e-06,1
G038,G033,5.360149e-06,1
G024,G002,5.3569875e-06,1
G031,G058,5.294763e-06,1
G067,G016,5.284861e-06,1
G060,G073,5.267261e-06,1
G054,G058,5.1947377e-06,1
G041,G099,5.08474e-06,1
G093,G062,5.063698e-06,1
G063,G077,5.0452372e-06,1
G079,G045,5.0174785e-06,1
G003,G016,4.920869e-06,1
G037,G011,4.904602e-06,1
G003,G039,4.8175516e-06,1
G095,G060,4.730096e-06,1
G100,G017,4.6438545e-06,1
G068,G049,4.5593574e-06,1
G024,G057,4.5540905e-06,1
G074,G086,4.4798744e-06,1
G067,G062,4.455466e-06,1
G076,G045,4.4407852e-06,1
G052,G013,4.424701e-06,1
G045,G091,4.4211365e-06,1
G070,G060,4.375712e-06,1
G033,G080,4.372754e-06,1
G040,G001,4.3086925e-06,1
G054,G027,4.2790894e-06,1
G080,G005,4.2308156e-06,1
G074,G045,4.1324442e-06,1
G055,G080,4.078691e-06,1
G076,G058,4.0460764e-06,1
G033,G029,4.0288664e-06,1
G065,G034,4.0205177e-06,1
G029,G015,3.937137e-06,1
G017,G016,3.882952e-06,1
G097,G091,3.8823123e-06,1
G043,G012,3.872968e-06,1
G059,G046,3.726627e-06,1
G062,G001,3.699111e-06,1
G078,G100,3.6721492e-06,1
G065,G073,3.624093e-06,1
G060,G090,3.5535563e-06,1
G076,G033,3.538278e-06,1
G043,G032,3.5354483e-06,1
G020,G040,3.518679e-06,1
G053,G090,3.4939515e-06,1
G089,G035,3.401356e-06,1
G014,G094,3.249179e-06,1
G013,G086,3.2029386e-06,1
G004,G039,3.1761913e-06,1
G057,G027,3.1724608e-06,1
G021,G066,3.088001e-06,1
G003,G069,3.0683539e-06,1
G039,G034,3.0393212e-06,1
G079,G025,2.9876671e-06,1
G070,G018,2.9633113e-06,1
G021,G032,2.8216718e-06,1
G038,G062,2.7892731e-06,1
G046,G012,2.7719332e-06,1
G086,G027,2.7457675e-06,1
G037,G066,2.7339809e-06,1
G019,G093,2.6636346e-06,1
G068,G090,2.6375137e-06,1
G084,G017,2.5548156e-06,1
G039,G001,2.524408e-06,1
G062,G045,2.5227132e-06,1
G030,G079,2.3905088e-06,1
G015,G007,2.3852776e-06,1
G082,G096,2.2557067e-06,1
G052,G016,2.2506792e-06,1
G083,G023,2.2291704e-06,1
G045,G087,2.2253118e-06,1
G083,G075,2.1984006e-06,1
G050,G007,2.1796495e-06,1
G008,G039,2.1705762e-06,1
G078,G017,1.9719027e-06,1
G017,G006,1.943266e-06,1
G088,G074,1.887839e-06,1
G058,G051,1.8485442e-06,1
G059,G045,1.8288617e-06,1
G078,G059,1.7782281e-06,1
G063,G098,1.7770742e-06,1
G020,G088,1.7277873e-06,1
G045,G085,1.6851163e-06,1
G017,G064,1.6570624e-06,1
G017,G074,1.5857e-06,1
G094,G075,1.534473e-06,1
G069,G074,1.4903044e-06,1
G054,G094,1.481633e-06,1
G001,G083,1.3509916e-06,1
G071,G001,1.3269616e-06,1
G048,G074,1.1506145e-06,1
G059,G049,1.1099806e-06,1
G031,G005,1.0264827e-06,1
G050,G008,1.0168434e-06,1
G046,G001,1.0021628e-06,1
G089,G054,9.4491827e-07,1
G040,G024,7.4834634e-07,1
G096,G083,7.222339e-07,1
G077,G061,5.7937024e-07,1
G004,G099,3.3601296e-07,1
G092,G086,2.8726487e-07,1
G067,G046,2.4674307e-07,1
G086,G036,2.1559599e-07,1
G069,G008,1.5373288e-07,1
G047,G011,1.5079011e-07,1
G094,G086,1.4474854e-07,1
G016,G002,1.4373443e-07,1
G073,G052,1.335492e-07,1
G064,G067,2.7516338e-08,1
G025,G011,-1.09221695e-07,-1
G029,G088,-1.4527743e-07,-1
G016,G100,-2.451433e-07,-1
G074,G056,-2.9576287e-07,-1
G052,G087,-3.1993767e-07,-1
G083,G049,-3.3416163e-07,-1
G054,G069,-3.397872e-07,-1
G043,G070,-3.8488545e-07,-1
G092,G027,-4.235483e-07,-1
G055,G070,-4.5134797e-07,-1
G012,G015,-4.5560114e-07,-1
G092,G053,-4.8756556e-07,-1
G079,G081,-5.299232e-07,-1
G054,G029,-5.6383794e-07,-1
G078,G047,-5.708353e-07,-1
G026,G012,-6.396251e-07,-1
G050,G045,-6.491652e-07,-1
G074,G091,-8.437594e-07,-1
G042,G043,-8.6251555e-07,-1
G079,G100,-8.763226e-07,-1
G074,G017,-8.869657e-07,-1
G020,G016,-9.295694e-07,-1
G003,G008,-9.612625e-07,-1
G003,G064,-9.883928e-07,-1
G020,G002,-9.955648e-07,-1
G060,G027,-1.0173811e-06,-1
G055,G053,-1.0450849e-06,-1
G059,G061,-1.0498336e-06,-1
G067,G010,-1.0706857e-06,-1
G050,G024,-1.0773509e-06,-1
G008,G074,-1.1212022e-06,-1
G048,G001,-1.2063381e-06,-1
G036,G100,-1.2070342e-06,-1
G011,G100,-1.2440886e-06,-1
G019,G030,-1.2522037e-06,-1
G036,G029,-1.3051745e-06,-1
G012,G100,-1.3094266e-06,-1
G024,G052,-1.3843371e-06,-1
G054,G041,-1.4609549e-06,-1
G095,G029,-1.5897292e-06,-1
G060,G069,-1.6308175e-06,-1
G076,G040,-1.6357918e-06,-1
G012,G082,-1.7051392e-06,-1
G015,G079,-1.76281e-06,-1
G059,G048,-1.7951837e-06,-1
G078,G055,-1.8060464e-06,-1
G029,G092,-1.8450845e-06,-1
G033,G096,-1.91234e-06,-1
G036,G085,-1.9136041e-06,-1
G042,G037,-2.093259e-06,-1
G003,G053,-2.2111426e-06,-1
G033,G034,-2.2344436e-06,-1
G041,G011,-2.2629922e-06,-1
G058,G016,-2.2946242e-06,-1
G083,G047,-2.3154166e-06,-1
G026,G100,-2.3213227e-06,-1
G005,G007,-2.3215619e-06,-1
G020,G078,-2.3371372e-06,-1
G097,G018,-2.4003098e-06,-1
G009,G007,-2.4414949e-06,-1
G042,G006,-2.5393615e-06,-1
G083,G090,-2.5541433e-06,-1
G079,G092,-2.5708257e-06,-1
G043,G068,-2.584056e-06,-1
G067,G026,-2.6444375e-06,-1
G094,G002,-2.6601758e-06,-1
G022,G002,-2.6627454e-06,-1
G045,G001,-2.829533e-06,-1
G036,G028,-2.850168e-06,-1
G011,G029,-2.8900654e-06,-1
G035,G011,-2.9024545e-06,-1
G035,G008,-2.9201024e-06,-1
G027,G008,-2.9546377e-06,-1
G049,G027,-2.9873966e-06,-1
G097,G023,-3.060071e-06,-1
G086,G100,-3.070095e-06,-1
G077,G026,-3.1633972e-06,-1
G092,G073,-3.2202124e-06,-1
G082,G027,-3.2728733e-06,-1
G027,G036,-3.3480862e-06,-1
G003,G084,-3.4051081e-06,-1
G038,G052,-3.4121135e-06,-1
G008,G030,-3.6471858e-06,-1
G057,G038,-3.714206e-06,-1
G039,G002,-3.838672e-06,-1
G052,G090,-3.9405613e-06,-1
G061,G009,-4.0104123e-06,-1
G023,G014,-4.111411e-06,-1
G034,G012,-4.1143717e-06,-1
G098,G012,-4.115609e-06,-1
G025,G059,-4.1673966e-06,-1
G016,G013,-4.185894e-06,-1
G029,G016,-4.2330266e-06,-1
G053,G075,-4.2388638e-06,-1
G094,G100,-4.418912e-06,-1
G012,G013,-4.439139e-06,-1
G040,G018,-4.5107754e-06,-1
G035,G002,-4.515569e-06,-1
G050,G092,-4.566219e-06,-1
G065,G003,-4.5695037e-06,-1
G074,G023,-4.5713905e-06,-1
G029,G032,-4.6740024e-06,-1
G100,G023,-4.8599654e-06,-1
G082,G054,-4.9004425e-06,-1
G081,G018,-4.901236e-06,-1
G100,G041,-4.932415e-06,-1
G074,G038,-4.946216e-06,-1
G064,G033,-4.9539562e-06,-1
G057,G018,-4.9808405e-06,-1
G016,G054,-5.033598e-06,-1
G069,G084,-5.049462e-06,-1
G094,G048,-5.07079e-06,-1
G005,G054,-5.120933e-06,-1
G011,G055,-5.3018384e-06,-1
G049,G024,-5.366745e-06,-1
G068,G008,-5.377921e-06,-1
G045,G028,-5.4070006e-06,-1
G023,G088,-5.44446e-06,-1
G041,G100,-5.4679103e-06,-1
G003,G086,-5.468991e-06,-1
G083,G100,-5.5682563e-06,-1
G009,G085,-5.5703945e-06,-1
G058,G094,-5.641842e-06,-1
G017,G073,-5.6532594e-06,-1
G046,G003,-5.796051e-06,-1
G057,G073,-5.939041e-06,-1
G089,G032,-5.974369e-06,-1
G058,G020,-6.0879197e-06,-1
G045,G049,-6.2048507e-06,-1
G068,G081,-6.212045e-06,-1
G091,G008,-6.269614e-06,-1
G039,G094,-6.302634e-06,-1
G053,G007,-6.31723e-06,-1
G028,G002,-6.359337e-06,-1
G093,G048,-6.3646303e-06,-1
G035,G096,-6.4282526e-06,-1
G084,G031,-6.463499e-06,-1
G023,G054,-6.477078e-06,-1
G064,G002,-6.542441e-06,-1
G096,G042,-6.583056e-06,-1
G011,G010,-6.589137e-06,-1
G094,G073,-6.698441e-06,-1
G047,G003,-6.717058e-06,-1
G064,G029,-6.7423516e-06,-1
G069,G011,-6.9507605e-06,-1
G061,G096,-6.952726e-06,-1
G042,G057,-6.9776897e-06,-1
G092,G090,-7.051095e-06,-1
G061,G012,-7.095609e-06,-1
G046,G084,-7.117889e-06,-1
G054,G039,-7.1435334e-06,-1
G060,G052,-7.1814247e-06,-1
G024,G039,-7.201199e-06,-1
G035,G046,-7.2392127e-06,-1
G004,G025,-7.2871817e-06,-1
G039,G077,-7.330511e-06,-1
G068,G006,-7.365929e-06,-1
G068,G015,-7.372069e-06,-1
G020,G082,-7.44801e-06,-1
G067,G070,-7.5160797e-06,-1
G068,G045,-7.551507e-06,-1
G071,G065,-7.5620746e-06,-1
G003,G092,-7.722731e-06,-1
G056,G067,-7.730347e-06,-1
G064,G099,-7.816892e-06,-1
G100,G006,-7.848347e-06,-1
G034,G066,-7.873716e-06,-1
G067,G063,-7.899674e-06,-1
G092,G075,-7.932929e-06,-1
G084,G069,-7.934591e-06,-1
G078,G019,-7.974323e-06,-1
G100,G022,-8.026971e-06,-1
G019,G041,-8.058727e-06,-1
G068,G037,-8.155784e-06,-1
G052,G082,-8.158928e-06,-1
G031,G084,-8.198162e-06,-1
G031,G015,-8.2018005e-06,-1
G069,G020,-8.219455e-06,-1
G069,G086,-8.227599e-06,-1
G044,G040,-8.262232e-06,-1
G023,G037,-8.27757e-06,-1
G024,G063,-8.2886045e-06,-1
G004,G016,-8.364802e-06,-1
G007,G064,-8.541842e-06,-1
G080,G050,-8.551872e-06,-1
G064,G006,-8.568553e-06,-1
G079,G004,-8.631179e-06,-1
G078,G031,-8.693061e-06,-1
G041,G033,-8.7372755e-06,-1
G031,G077,-8.972097e-06,-1
G078,G008,-8.991975e-06,-1
G062,G039,-8.997838e-06,-1
G095,G001,-9.056274e-06,-1
G049,G084,-9.096661e-06,-1
G069,G004,-9.110231e-06,-1
G074,G002,-9.116178e-06,-1
G061,G077,-9.21342e-06,-1
G038,G089,-9.258541e-06,-1
G031,G053,-9.291851e-06,-1
G033,G001,-9.404925e-06,-1
G071,G014,-9.498596e-06,-1
G038,G061,-9.534444e-06,-1
G029,G046,-9.573449e-06,-1
G044,G058,-9.58283e-06,-1
G082,G100,-9.602433e-06,-1
G013,G031,-9.646824e-06,-1
G068,G039,-9.756593e-06,-1
G081,G084,-9.773506e-06,-1
G036,G092,-9.776147e-06,-1
G068,G084,-9.7888005e-06,-1
G059,G027,-9.853046e-06,-1
G097,G083,-9.934538e-06,-1
G075,G017,-9.943645e-06,-1
G015,G080,-9.964316e-06,-1
G038,G045,-9.97669e-06,-1
G019,G031,-1.00186235e-05,-1
G093,G068,-1.007641e-05,-1
G044,G020,-1.0136624e-05,-1
G094,G014,-1.0216903e-05,-1
G035,G063,-1.0231239e-05,-1
G064,G030,-1.0234432e-05,-1
G044,G047,-1.0391089e-05,-1
G035,G012,-1.0401371e-05,-1
G037,G094,-1.04375085e-05,-1
G013,G048,-1.0449109e-05,-1
G083,G066,-1.0510083e-05,-1
G086,G062,-1.0512746e-05,-1
G058,G056,-1.0546827e-05,-1
G023,G021,-1.0562321e-05,-1
G036,G061,-1.0593099e-05,-1
G030,G068,-1.0655017e-05,-1
G023,G047,-1.0685568e-05,-1
G077,G075,-1.0757326e-05,-1
G065,G039,-1.07819005e-05,-1
G015,G035,-1.0818285e-05,-1
G073,G031,-1.084633e-05,-1
G083,G043,-1.086582e-05,-1
G094,G039,-1.0911184e-05,-1
G068,G020,-1.0913733e-05,-1
G071,G009,-1.0915963e-05,-1
G073,G066,-1.0954932e-05,-1
G034,G054,-1.1021458e-05,-1
G050,G065,-1.10493265e-05,-1
G027,G084,-1.1077491e-05,-1
G051,G034,-1.1117121e-05,-1
G080,G027,-1.1121358e-05,-1
G059,G090,-1.1150149e-05,-1
G034,G097,-1.1169348e-05,-1
G095,G006,-1.1254009e-05,-1
G037,G081,-1.1259057e-05,-1
G082,G005,-1.1272443e-05,-1
G064,G007,-1.1309102e-05,-1
G091,G037,-1.1317148e-05,-1
G037,G048,-1.1474766e-05,-1
G019,G024,-1.1534519e-05,-1
G074,G011,-1.1552347e-05,-1
G013,G041,-1.1581822e-05,-1
G003,G005,-1.1610704e-05,-1
G019,G076,-1.1619032e-05,-1
G073,G002,-1.1716539e-05,-1
G064,G061,-1.17440095e-05,-1
G092,G060,-1.1822471e-05,-1
G038,G054,-1.1890328e-05,-1
G033,G065,-1.1952715e-05,-1
G056,G090,-1.201033e-05,-1
G046,G016,-1.2087732e-05,-1
G033,G078,-1.210165e-05,-1
G039,G061,-1.2123856e-05,-1
G017,G037,-1.2127274e-05,-1
G076,G049,-1.2204504e-05,-1
G094,G034,-1.2221609e-05,-1
G020,G090,-1.2239495e-05,-1
G071,G092,-1.2257487e-05,-1
G017,G035,-1.235125e-05,-1
G080,G075,-1.2387626e-05,-1
G079,G020,-1.2415275e-05,-1
G040,G041,-1.24321905e-05,-1
G062,G053,-1.2489256e-05,-1
G077,G065,-1.2493596e-05,-1
G065,G092,-1.249569e-05,-1
G074,G019,-1.25104225e-05,-1
G079,G069,-1.2534883e-05,-1
G074,G097,-1.255898e-05,-1
G059,G079,-1.2561467e-05,-1
G081,G001,-1.2596002e-05,-1
G064,G001,-1.2599787e-05,-1
G015,G059,-1.2622372e-05,-1
G003,G062,-1.2638149e-05,-1
G067,G048,-1.2645892e-05,-1
G064,G042,-1.2655387e-05,-1
G013,G001,-1.2694356e-05,-1
G021,G082,-1.2724801e-05,-1
G029,G083,-1.280333e-05,-1
G030,G019,-1.2838224e-05,-1
G044,G079,-1.29149175e-05,-1
G043,G100,-1.2947442e-05,-1
G026,G029,-1.2974294e-05,-1
G052,G045,-1.305401e-05,-1
G015,G064,-1.3106223e-05,-1
G063,G052,-1.3112153e-05,-1
G061,G082,-1.3242021e-05,-1
G098,G011,-1.3254916e-05,-1
G050,G001,-1.3289281e-05,-1
G033,G030,-1.3298698e-05,-1
G015,G022,-1.3326942e-05,-1
G097,G068,-1.3447968e-05,-1
G055,G009,-1.3461687e-05,-1
G020,G041,-1.3579255e-05,-1
G033,G046,-1.3610385e-05,-1
G019,G038,-1.36144145e-05,-1
G040,G063,-1.3711834e-05,-1
G083,G074,-1.3730137e-05,-1
G050,G006,-1.37613e-05,-1
G096,G016,-1.3788079e-05,-1
G057,G081,-1.3789503e-05,-1
G033,G005,-1.3817494e-05,-1
G083,G029,-1.3863666e-05,-1
G054,G008,-1.38839305e-05,-1
G100,G007,-1.3899476e-05,-1
G096,G012,-1.39362455e-05,-1
G003,G070,-1.4234027e-05,-1
G082,G062,-1.4262063e-05,-1
G019,G020,-1.4302725e-05,-1
G068,G004,-1.4328228e-05,-1
G083,G028,-1.43666775e-05,-1
G011,G075,-1.4424232e-05,-1
G005,G006,-1.4439448e-05,-1
G015,G037,-1.4461657e-05,-1
G049,G072,-1.452244e-05,-1
G034,G094,-1.4546292e-05,-1
G003,G031,-1.46146895e-05,-1
G026,G015,-1.4680683e-05,-1
G030,G009,-1.4698529e-05,-1
G031,G036,-1.4757975e-05,-1
G013,G065,-1.47749e-05,-1
G017,G090,-1.4776652e-05,-1
G069,G066,-1.4784057e-05,-1
G052,G034,-1.4792113e-05,-1
G040,G096,-1.4888565e-05,-1
G034,G036,-1.4942626e-05,-1
G014,G031,-1.5006668e-05,-1
G065,G046,-1.507757e-05,-1
G050,G094,-1.5140584e-05,-1
G045,G036,-1.5148711e-05,-1
G008,G016,-1.5159003e-05,-1
G089,G039,-1.5240036e-05,-1
G035,G020,-1.5264024e-05,-1
G039,G005,-1.5310216e-05,-1
G056,G048,-1.5319352e-05,-1
G095,G086,-1.5375528e-05,-1
G052,G022,-1.5407075e-05,-1
G015,G066,-1.5422958e-05,-1
G068,G046,-1.5492926e-05,-1
G054,G037,-1.5560276e-05,-1
G050,G073,-1.5578358e-05,-1
G052,G012,-1.5584566e-05,-1
G003,G096,-1.56426e-05,-1
G050,G078,-1.5643413e-05,-1
G062,G069,-1.5685142e-05,-1
G059,G066,-1.5687454e-05,-1
G033,G082,-1.5714233e-05,-1
G005,G099,-1.5721222e-05,-1
G058,G029,-1.5846734e-05,-1
G057,G033,-1.5853015e-05,-1
G084,G081,-1.586269e-05,-1
G042,G094,-1.5959722e-05,-1
G081,G083,-1.5986434e-05,-1
G057,G001,-1.6005446e-05,-1
G082,G036,-1.610098e-05,-1
G013,G037,-1.6113088e-05,-1
G096,G052,-1.6126662e-05,-1
G057,G045,-1.6153655e-05,-1
G011,G092,-1.6263852e-05,-1
G027,G073,-1.6283924e-05,-1
G038,G040,-1.6343129e-05,-1
G062,G054,-1.6364726e-05,-1
G039,G004,-1.6430167e-05,-1
G098,G037,-1.6436348e-05,-1
G031,G096,-1.6499644e-05,-1
G046,G031,-1.6524284e-05,-1
G034,G017,-1.6617454e-05,-1
G009,G012,-1.6622673e-05,-1
G020,G100,-1.6680551e-05,-1
G017,G054,-1.670516e-05,-1
G067,G084,-1.6724762e-05,-1
G070,G005,-1.6726568e-05,-1
G045,G010,-1.6749804e-05,-1
G019,G074,-1.6763393e-05,-1
G092,G099,-1.6774844e-05,-1
G092,G015,-1.6789105e-05,-1
G030,G010,-1.679773e-05,-1
G092,G012,-1.68485e-05,-1
G039,G026,-1.6938067e-05,-1
G091,G083,-1.6984823e-05,-1
G024,G001,-1.7097389e-05,-1
G005,G084,-1.7112656e-05,-1
G023,G086,-1.7190076e-05,-1
G064,G069,-1.7358767e-05,-1
G033,G006,-1.737321e-05,-1
G023,G034,-1.7571621e-05,-1
G077,G001,-1.7594244e-05,-1
G058,G004,-1.7734079e-05,-1
G003,G065,-1.774507e-05,-1
G003,G046,-1.7749187e-05,-1
G043,G077,-1.7765922e-05,-1
G050,G012,-1.7896366e-05,-1
G026,G011,-1.790888e-05,-1
G026,G097,-1.7971504e-05,-1
G064,G047,-1.8091294e-05,-1
G093,G100,-1.8142733e-05,-1
G005,G093,-1.8170322e-05,-1
G016,G041,-1.8244296e-05,-1
G074,G078,-1.827663e-05,-1
G041,G007,-1.8337052e-05,-1
G064,G084,-1.8367562e-05,-1
G037,G001,-1.8398821e-05,-1
G064,G074,-1.8411596e-05,-1
G092,G013,-1.8540859e-05,-1
G025,G090,-1.8702365e-05,-1
G043,G062,-1.872752e-05,-1
G062,G060,-1.880254e-05,-1
G065,G072,-1.8885346e-05,-1
G035,G044,-1.8945044e-05,-1
G046,G096,-1.9002311e-05,-1
G069,G064,-1.9033561e-05,-1
G023,G002,-1.9047264e-05,-1
G061,G059,-1.9096597e-05,-1
G020,G077,-1.9155976e-05,-1
G092,G059,-1.9250612e-05,-1
G073,G040,-1.9292364e-05,-1
G049,G091,-1.934954e-05,-1
G015,G011,-1.9372592e-05,-1
G012,G023,-1.939223e-05,-1
G058,G011,-1.945355e-05,-1
G015,G052,-1.9498288e-05,-1
G038,G073,-1.952292e-05,-1
G074,G058,-1.9564326e-05,-1
G031,G048,-1.9580839e-05,-1
G031,G064,-1.9598556e-05,-1
G014,G005,-1.9631447e-05,-1
G027,G071,-1.9709458e-05,-1
G092,G078,-1.9717025e-05,-1
G038,G047,-1.9717128e-05,-1
G024,G066,-1.9810012e-05,-1
G016,G018,-1.9926027e-05,-1
G060,G092,-1.994698e-05,-1
G044,G093,-1.9950623e-05,-1
G093,G085,-2.0001982e-05,-1
G040,G099,-2.003369e-05,-1
G069,G095,-2.0064428e-05,-1
G059,G026,-2.0079151e-05,-1
G093,G075,-2.0079904e-05,-1
G040,G081,-2.012734e-05,-1
G070,G016,-2.0172738e-05,-1
G080,G015,-2.0174763e-05,-1
G035,G068,-2.0220965e-05,-1
G036,G050,-2.0311058e-05,-1
G091,G044,-2.0351094e-05,-1
G086,G018,-2.0354468e-05,-1
G045,G009,-2.039074e-05,-1
G033,G064,-2.0473062e-05,-1
G058,G033,-2.0518783e-05,-1
G019,G048,-2.0579677e-05,-1
G061,G003,-2.059968e-05,-1
G074,G061,-2.0605457e-05,-1
G043,G053,-2.0675388e-05,-1
G052,G019,-2.073931e-05,-1
G098,G022,-2.076677e-05,-1
G077,G024,-2.0821264e-05,-1
G088,G010,-2.0879947e-05,-1
G046,G047,-2.0881349e-05,-1
G068,G080,-2.0900876e-05,-1
G020,G004,-2.0911024e-05,-1
G005,G032,-2.1030193e-05,-1
G027,G078,-2.1110993e-05,-1
G073,G080,-2.1112051e-05,-1
G002,G017,-2.116665e-05,-1
G012,G084,-2.117303e-05,-1
G012,G074,-2.1193655e-05,-1
G069,G001,-2.1199654e-05,-1
G009,G097,-2.1206371e-05,-1
G046,G086,-2.132631e-05,-1
G060,G061,-2.132834e-05,-1
G050,G060,-2.1339225e-05,-1
G044,G034,-2.1365742e-05,-1
G095,G053,-2.1377211e-05,-1
G034,G045,-2.139884e-05,-1
G001,G095,-2.1569165e-05,-1
G051,G012,-2.1589143e-05,-1
G071,G039,-2.1645876e-05,-1
G002,G075,-2.1670534e-05,-1
G093,G054,-2.171387e-05,-1
G037,G090,-2.1738222e-05,-1
G003,G097,-2.17775e-05,-1
G066,G052,-2.1872007e-05,-1
G038,G048,-2.1887905e-05,-1
G052,G008,-2.1971233e-05,-1
G062,G100,-2.2027985e-05,-1
G068,G036,-2.205452e-05,-1
G069,G100,-2.208743e-05,-1
G026,G089,-2.2220285e-05,-1
G070,G056,-2.2223076e-05,-1
G004,G032,-2.2303499e-05,-1
G091,G054,-2.2325485e-05,-1
G074,G034,-2.2341e-05,-1
G061,G045,-2.2363009e-05,-1
G015,G090,-2.2451912e-05,-1
G015,G043,-2.2479468e-05,-1
G096,G077,-2.2488935e-05,-1
G092,G054,-2.254921e-05,-1
G070,G094,-2.2558772e-05,-1
G094,G006,-2.2593349e-05,-1
G076,G048,-2.2616377e-05,-1
G077,G046,-2.2653234e-05,-1
G064,G036,-2.2710386e-05,-1
G077,G054,-2.271765e-05,-1
G020,G047,-2.2733264e-05,-1
G061,G073,-2.2740962e-05,-1
G023,G046,-2.2780428e-05,-1
G057,G051,-2.2853028e-05,-1
G071,G018,-2.288974e-05,-1
G078,G057,-2.289375e-05,-1
G069,G039,-2.2895107e-05,-1
G054,G086,-2.2928101e-05,-1
G009,G029,-2.2929877e-05,-1
G073,G037,-2.2965993e-05,-1
G012,G073,-2.2991413e-05,-1
G044,G005,-2.2997425e-05,-1
G037,G023,-2.300412e-05,-1
G020,G065,-2.3025197e-05,-1
G014,G024,-2.305347e-05,-1
G042,G065,-2.3063754e-05,-1
G094,G018,-2.3132792e-05,-1
G030,G084,-2.3150751e-05,-1
G080,G083,-2.318081e-05,-1
G078,G001,-2.321026e-05,-1
G035,G033,-2.3212291e-05,-1
G083,G012,-2.3270604e-05,-1
G054,G005,-2.328126e-05,-1
G050,G070,-2.3294222e-05,-1
G064,G005,-2.3306282e-05,-1
G089,G050,-2.3322937e-05,-1
G054,G096,-2.3332917e-05,-1
G077,G089,-2.3423156e-05,-1
G015,G063,-2.3442833e-05,-1
G001,G090,-2.344525e-05,-1
G061,G034,-2.3516784e-05,-1
G008,G012,-2.3526802e-05,-1
G016,G060,-2.3556044e-05,-1
G096,G037,-2.3655557e-05,-1
G096,G030,-2.3662631e-05,-1
G003,G013,-2.367657e-05,-1
G085,G026,-2.3685223e-05,-1
G035,G013,-2.3783296e-05,-1
G065,G074,-2.3803737e-05,-1
G095,G034,-2.3817489e-05,-1
G096,G092,-2.3823924e-05,-1
G025,G086,-2.3875706e-05,-1
G067,G095,-2.3878749e-05,-1
G047,G002,-2.4019768e-05,-1
G082,G014,-2.4062814e-05,-1
G064,G078,-2.4088316e-05,-1
G033,G004,-2.4198245e-05,-1
G058,G042,-2.4228453e-05,-1
G086,G075,-2.4367218e-05,-1
G098,G057,-2.4367302e-05,-1
G062,G042,-2.439525e-05,-1
G044,G003,-2.4511297e-05,-1
G035,G083,-2.4561106e-05,-1
G074,G007,-2.4646137e-05,-1
G061,G092,-2.4650311e-05,-1
G009,G039,-2.4690136e-05,-1
G069,G045,-2.4696272e-05,-1
G047,G073,-2.4766265e-05,-1
G039,G065,-2.4858287e-05,-1
G068,G001,-2.4888619e-05,-1
G077,G096,-2.493322e-05,-1
G001,G092,-2.4964214e-05,-1
G048,G092,-2.4964449e-05,-1
G095,G020,-2.5020976e-05,-1
G080,G065,-2.5056444e-05,-1
G057,G048,-2.5088068e-05,-1
G017,G079,-2.509931e-05,-1
G016,G025,-2.5196061e-05,-1
G062,G059,-2.5197063e-05,-1
G091,G011,-2.5245108e-05,-1
G064,G060,-2.5246141e-05,-1
G015,G065,-2.5250789e-05,-1
G058,G053,-2.5255102e-05,-1
G100,G097,-2.5262654e-05,-1
G066,G015,-2.5293994e-05,-1
G040,G052,-2.5365185e-05,-1
G034,G080,-2.5384545e-05,-1
G094,G016,-2.5406509e-05,-1
G069,G060,-2.5474705e-05,-1
G023,G042,-2.5577747e-05,-1
G019,G052,-2.5581829e-05,-1
G015,G062,-2.572894e-05,-1
G049,G063,-2.5800007e-05,-1
G004,G034,-2.5845151e-05,-1
G043,G090,-2.5876589e-05,-1
G003,G068,-2.5876827e-05,-1
G073,G010,-2.5877956e-05,-1
G064,G077,-2.5938816e-05,-1
G069,G040,-2.6007698e-05,-1
G041,G092,-2.604194e-05,-1
G031,G063,-2.6088224e-05,-1
G070,G042,-2.6094634e-05,-1
G050,G027,-2.6105437e-05,-1
G064,G046,-2.6158725e-05,-1
G077,G063,-2.6187077e-05,-1
G056,G042,-2.6208907e-05,-1
G059,G094,-2.6271184e-05,-1
G045,G027,-2.6321462e-05,-1
G055,G091,-2.6358406e-05,-1
G036,G065,-2.6391785e-05,-1
G042,G039,-2.6395239e-05,-1
G060,G050,-2.6513735e-05,-1
G004,G062,-2.6603011e-05,-1
G064,G090,-2.6613361e-05,-1
G030,G089,-2.6651158e-05,-1
G044,G060,-2.6656395e-05,-1
G037,G077,-2.6703627e-05,-1
G015,G014,-2.6724792e-05,-1
G094,G064,-2.6772097e-05,-1
G054,G091,-2.682443e-05,-1
G009,G100,-2.6876436e-05,-1
G070,G049,-2.6930862e-05,-1
G034,G043,-2.6947033e-05,-1
G045,G094,-2.6948304e-05,-1
G082,G037,-2.6976453e-05,-1
G046,G029,-2.6982032e-05,-1
G088,G077,-2.7021464e-05,-1
G066,G023,-2.7022206e-05,-1
G021,G004,-2.7099379e-05,-1
G050,G041,-2.7159092e-05,-1
G065,G037,-2.7187427e-05,-1
G063,G075,-2.7265538e-05,-1
G089,G080,-2.726772e-05,-1
G051,G075,-2.7280115e-05,-1
G053,G012,-2.731682e-05,-1
G091,G051,-2.7539554e-05,-1
G008,G068,-2.7574615e-05,-1
G096,G082,-2.7596254e-05,-1
G014,G090,-2.7769333e-05,-1
G058,G031,-2.787566e-05,-1
G073,G008,-2.7892542e-05,-1
G037,G022,-2.7973934e-05,-1
G023,G085,-2.8007646e-05,-1
G035,G016,-2.801863e-05,-1
G050,G038,-2.8144968e-05,-1
G005,G096,-2.8249235e-05,-1
G029,G040,-2.8272209e-05,-1
G042,G095,-2.8276847e-05,-1
G068,G033,-2.8289154e-05,-1
G017,G058,-2.83215e-05,-1
G084,G059,-2.8344695e-05,-1
G033,G047,-2.838573e-05,-1
G095,G084,-2.8470755e-05,-1
G045,G089,-2.8509317e-05,-1
G044,G002,-2.852999e-05,-1
G005,G064,-2.8669827e-05,-1
G081,G058,-2.8810855e-05,-1
G070,G093,-2.8849761e-05,-1
G027,G001,-2.8889239e-05,-1
G095,G014,-2.8893368e-05,-1
G012,G008,-2.8902536e-05,-1
G071,G005,-2.8961915e-05,-1
G077,G029,-2.8964016e-05,-1
G002,G071,-2.899378e-05,-1
G029,G079,-2.9110559e-05,-1
G081,G052,-2.9180557e-05,-1
G060,G096,-2.9226125e-05,-1
G059,G062,-2.9276573e-05,-1
G019,G036,-2.9290737e-05,-1
G035,G014,-2.9335977e-05,-1
G058,G068,-2.9351062e-05,-1
G058,G090,-2.9358021e-05,-1
G096,G086,-2.9370583e-05,-1
G026,G038,-2.9373336e-05,-1
G009,G074,-2.9389746e-05,-1
G034,G037,-2.939234e-05,-1
G035,G072,-2.9495384e-05,-1
G002,G055,-2.9568535e-05,-1
G046,G013,-2.9685854e-05,-1
G058,G074,-2.971154e-05,-1
G031,G037,-2.9736448e-05,-1
G092,G072,-2.9742341e-05,-1
G087,G002,-2.9775549e-05,-1
G025,G094,-2.9917783e-05,-1
G049,G092,-2.9972482e-05,-1
G043,G084,-2.9979867e-05,-1
G008,G037,-3.001984e-05,-1
G098,G090,-3.0070183e-05,-1
G040,G086,-3.0087274e-05,-1
G034,G072,-3.010833e-05,-1
G069,G062,-3.0175772e-05,-1
G058,G100,-3.022605e-05,-1
G034,G100,-3.0226443e-05,-1
G050,G032,-3.0264979e-05,-1
G048,G034,-3.0311301e-05,-1
G098,G100,-3.0325518e-05,-1
G054,G048,-3.0328552e-05,-1
G034,G092,-3.0381794e-05,-1
G031,G041,-3.0471505e-05,-1
G034,G006,-3.0756095e-05,-1
G043,G095,-3.089961e-05,-1
G047,G008,-3.093291e-05,-1
G030,G028,-3.095221e-05,-1
G082,G020,-3.1029325e-05,-1
G040,G061,-3.1143885e-05,-1
G084,G006,-3.1147174e-05,-1
G023,G020,-3.1272957e-05,-1
G038,G050,-3.1299372e-05,-1
G074,G066,-3.13044e-05,-1
G098,G004,-3.1347925e-05,-1
G031,G066,-3.1423893e-05,-1
G030,G045,-3.142437e-05,-1
G030,G074,-3.1478317e-05,-1
G074,G081,-3.1510142e-05,-1
G008,G020,-3.1528758e-05,-1
G038,G060,-3.158642e-05,-1
G023,G089,-3.164714e-05,-1
G068,G027,-3.1687745e-05,-1
G069,G037,-3.168852e-05,-1
G027,G002,-3.1695017e-05,-1
G081,G069,-3.1706415e-05,-1
G049,G008,-3.1742446e-05,-1
G068,G092,-3.175422e-05,-1
G079,G084,-3.179384e-05,-1
G027,G045,-3.1836804e-05,-1
G011,G042,-3.185467e-05,-1
G096,G062,-3.1918604e-05,-1
G056,G092,-3.1941876e-05,-1
G070,G026,-3.208331e-05,-1
G051,G039,-3.2136308e-05,-1
G017,G089,-3.216441e-05,-1
G063,G054,-3.2199318e-05,-1
G049,G064,-3.2206826e-05,-1
G019,G065,-3.2272837e-05,-1
G015,G061,-3.233237e-05,-1
G094,G015,-3.2360545e-05,-1
G045,G054,-3.2367116e-05,-1
G078,G062,-3.2390984e-05,-1
G082,G065,-3.244873e-05,-1
G030,G091,-3.2492073e-05,-1
G067,G017,-3.2510212e-05,-1
G098,G096,-3.2539116e-05,-1
G054,G073,-3.255251e-05,-1
G044,G023,-3.2599095e-05,-1
G047,G069,-3.264239e-05,-1
G009,G060,-3.2670283e-05,-1
G066,G064,-3.271939e-05,-1
G058,G034,-3.2774056e-05,-1
G067,G008,-3.278107e-05,-1
G033,G086,-3.2837466e-05,-1
G093,G091,-3.2959128e-05,-1
G078,G015,-3.3049648e-05,-1
G027,G020,-3.313402e-05,-1
G083,G040,-3.3141056e-05,-1
G096,G029,-3.3222008e-05,-1
G019,G051,-3.3224358e-05,-1
G089,G037,-3.3338256e-05,-1
G054,G004,-3.3368757e-05,-1
G058,G082,-3.349678e-05,-1
G089,G044,-3.350534e-05,-1
G093,G078,-3.3509987e-05,-1
G034,G098,-3.3556327e-05,-1
G038,G074,-3.3597214e-05,-1
G021,G022,-3.3605418e-05,-1
G013,G055,-3.3609074e-05,-1
G006,G082,-3.362397e-05,-1
G021,G096,-3.3628192e-05,-1
G036,G077,-3.3667988e-05,-1
G014,G073,-3.367725e-05,-1
G046,G064,-3.3762095e-05,-1
G064,G094,-3.392252e-05,-1
G081,G079,-3.395982e-05,-1
G091,G088,-3.3960154e-05,-1
G055,G011,-3.3985893e-05,-1
G077,G073,-3.409796e-05,-1
G001,G069,-3.410464e-05,-1
G068,G060,-3.4117227e-05,-1
G008,G034,-3.4125624e-05,-1
G021,G017,-3.4201687e-05,-1
G033,G053,-3.4208948e-05,-1
G071,G096,-3.4242352e-05,-1
G070,G096,-3.424643e-05,-1
G017,G043,-3.427567e-05,-1
G048,G060,-3.43196e-05,-1
G064,G054,-3.434448e-05,-1
G086,G023,-3.436932e-05,-1
G078,G089,-3.442455e-05,-1
G063,G100,-3.444529e-05,-1
G081,G024,-3.4503362e-05,-1
G030,G021,-3.452462e-05,-1
G069,G057,-3.4566445e-05,-1
G050,G090,-3.4567594e-05,-1
G011,G045,-3.4582656e-05,-1
G096,G063,-3.4595803e-05,-1
G041,G031,-3.4644137e-05,-1
G041,G032,-3.4669974e-05,-1
G042,G040,-3.469603e-05,-1
G045,G031,-3.470714e-05,-1
G023,G061,-3.474203e-05,-1
G097,G063,-3.4749813e-05,-1
G058,G069,-3.480932e-05,-1
G077,G040,-3.484703e-05,-1
G003,G024,-3.5040233e-05,-1
G017,G078,-3.5043435e-05,-1
G039,G060,-3.5054672e-05,-1
G024,G092,-3.5075318e-05,-1
G047,G001,-3.5142875e-05,-1
G097,G004,-3.5213838e-05,-1
G052,G025,-3.5272886e-05,-1
G031,G019,-3.5281468e-05,-1
G093,G004,-3.531676e-05,-1
G036,G057,-3.535551e-05,-1
G098,G060,-3.5404184e-05,-1
G020,G033,-3.554082e-05,-1
G082,G051,-3.5558533e-05,-1
G049,G097,-3.5612666e-05,-1
G098,G001,-3.5664376e-05,-1
G071,G032,-3.578816e-05,-1
G094,G092,-3.5797613e-05,-1
G024,G035,-3.5852234e-05,-1
G046,G075,-3.591913e-05,-1
G068,G089,-3.5931098e-05,-1
G020,G080,-3.593764e-05,-1
G024,G011,-3.5953857e-05,-1
G046,G089,-3.5986628e-05,-1
G093,G050,-3.599462e-05,-1
G020,G063,-3.6012836e-05,-1
G081,G074,-3.6044712e-05,-1
G092,G064,-3.610217e-05,-1
G098,G045,-3.6146695e-05,-1
G023,G071,-3.6176956e-05,-1
G005,G016,-3.6224566e-05,-1
G024,G046,-3.6232537e-05,-1
G066,G063,-3.627397e-05,-1
G043,G029,-3.6277273e-05,-1
G047,G098,-3.6281897e-05,-1
G068,G030,-3.6282916e-05,-1
G089,G053,-3.6298716e-05,-1
G020,G095,-3.6343507e-05,-1
G034,G016,-3.6374167e-05,-1
G029,G001,-3.6504807e-05,-1
G006,G030,-3.6540612e-05,-1
G051,G016,-3.666911e-05,-1
G092,G074,-3.6733752e-05,-1
G033,G090,-3.674434e-05,-1
G070,G074,-3.6819005e-05,-1
G097,G060,-3.704891e-05,-1
G059,G074,-3.7097594e-05,-1
G040,G049,-3.7123486e-05,-1
G092,G089,-3.7144786e-05,-1
G096,G020,-3.7150527e-05,-1
G023,G040,-3.7307283e-05,-1
G034,G063,-3.7342394e-05,-1
G095,G088,-3.7350317e-05,-1
G068,G093,-3.738431e-05,-1
G096,G015,-3.74009e-05,-1
G046,G059,-3.7463276e-05,-1
G067,G009,-3.761278e-05,-1
G040,G066,-3.7671063e-05,-1
G079,G089,-3.7731064e-05,-1
G059,G047,-3.773626e-05,-1
G077,G034,-3.778319e-05,-1
G079,G030,-3.7807342e-05,-1
G046,G004,-3.7883812e-05,-1
G070,G017,-3.7922873e-05,-1
G005,G045,-3.7979033e-05,-1
G043,G069,-3.8000468e-05,-1
G046,G082,-3.8000955e-05,-1
G058,G024,-3.8091297e-05,-1
G001,G062,-3.81183e-05,-1
G073,G001,-3.812252e-05,-1
G058,G073,-3.816068e-05,-1
G031,G035,-3.8166505e-05,-1
G034,G031,-3.823469e-05,-1
G059,G054,-3.8259528e-05,-1
G031,G074,-3.8262257e-05,-1
G019,G027,-3.8292434e-05,-1
G079,G097,-3.830142e-05,-1
G039,G029,-3.842884e-05,-1
G054,G050,-3.8473565e-05,-1
G070,G036,-3.8506518e-05,-1
G026,G019,-3.854108e-05,-1
G029,G096,-3.8655104e-05,-1
G057,G068,-3.8690698e-05,-1
G044,G029,-3.8700753e-05,-1
G013,G012,-3.8751958e-05,-1
G097,G016,-3.8895058e-05,-1
G074,G012,-3.8909067e-05,-1
G092,G004,-3.8990114e-05,-1
G076,G017,-3.900367e-05,-1
G039,G069,-3.9110175e-05,-1
G089,G060,-3.9156646e-05,-1
G077,G016,-3.915902e-05,-1
G029,G073,-3.9190814e-05,-1
G012,G069,-3.9219245e-05,-1
G048,G078,-3.9245864e-05,-1
G036,G045,-3.9253988e-05,-1
G077,G014,-3.92766e-05,-1
G044,G096,-3.9316743e-05,-1
G007,G029,-3.931962e-05,-1
G005,G021,-3.9320486e-05,-1
G028,G052,-3.9434108e-05,-1
G019,G035,-3.943778e-05,-1
G097,G042,-3.9449358e-05,-1
G094,G084,-3.9452094e-05,-1
G029,G008,-3.9609622e-05,-1
G012,G092,-3.9706953e-05,-1
G078,G053,-3.9770413e-05,-1
G078,G037,-3.9869687e-05,-1
G014,G097,-3.98902e-05,-1
G031,G093,-3.9924318e-05,-1
G003,G060,-3.9974002e-05,-1
G033,G062,-3.9977927e-05,-1
G023,G049,-4.0153147e-05,-1
G025,G012,-4.0304632e-05,-1
G083,G041,-4.032701e-05,-1
G080,G002,-4.034925e-05,-1
G017,G080,-4.0400202e-05,-1
G092,G063,-4.0480456e-05,-1
G012,G086,-4.0535866e-05,-1
G047,G040,-4.0702933e-05,-1
G001,G017,-4.0709307e-05,-1
G070,G040,-4.0840765e-05,-1
G070,G035,-4.084614e-05,-1
G015,G008,-4.0923034e-05,-1
G023,G074,-4.0960822e-05,-1
G044,G080,-4.1001345e-05,-1
G081,G044,-4.101612e-05,-1
G065,G015,-4.1057265e-05,-1
G008,G069,-4.1063307e-05,-1
G041,G069,-4.1083265e-05,-1
G100,G016,-4.1143165e-05,-1
G060,G084,-4.1198073e-05,-1
G056,G019,-4.122682e-05,-1
G078,G036,-4.1233383e-05,-1
G082,G016,-4.1324158e-05,-1
G059,G005,-4.1324605e-05,-1
G070,G047,-4.1333755e-05,-1
G082,G003,-4.1498257e-05,-1
G065,G009,-4.1552474e-05,-1
G030,G092,-4.1568288e-05,-1
G095,G023,-4.1620504e-05,-1
G050,G017,-4.1637733e-05,-1
G003,G032,-4.18027e-05,-1
G077,G081,-4.1825475e-05,-1
G035,G086,-4.189399e-05,-1
G081,G040,-4.193725e-05,-1
G015,G100,-4.19394e-05,-1
G005,G030,-4.203434e-05,-1
G092,G023,-4.208612e-05,-1
G043,G078,-4.21361e-05,-1
G044,G031,-4.2343487e-05,-1
G060,G045,-4.2487933e-05,-1
G071,G086,-4.2510044e-05,-1
G043,G052,-4.2514395e-05,-1
G001,G064,-4.2518655e-05,-1
G060,G047,-4.274235e-05,-1
G086,G028,-4.274344e-05,-1
G026,G001,-4.278724e-05,-1
G092,G066,-4.286165e-05,-1
G058,G072,-4.288817e-05,-1
G025,G044,-4.304696e-05,-1
G078,G027,-4.3128333e-05,-1
G027,G022,-4.332726e-05,-1
G047,G034,-4.3403335e-05,-1
G063,G081,-4.3427528e-05,-1
G086,G013,-4.3519696e-05,-1
G021,G061,-4.3529544e-05,-1
G076,G061,-4.3656164e-05,-1
G070,G058,-4.3736323e-05,-1
G023,G009,-4.379903e-05,-1
G086,G045,-4.3815413e-05,-1
G031,G049,-4.3826793e-05,-1
G005,G044,-4.3864293e-05,-1
G042,G097,-4.386989e-05,-1
G054,G092,-4.387723e-05,-1
G036,G003,-4.394458e-05,-1
G073,G032,-4.3970347e-05,-1
G014,G067,-4.397329e-05,-1
G015,G019,-4.398045e-05,-1
G037,G096,-4.408067e-05,-1
G098,G020,-4.416675e-05,-1
G094,G089,-4.4183773e-05,-1
G065,G062,-4.41888e-05,-1
G006,G036,-4.4189062e-05,-1
G084,G034,-4.422901e-05,-1
G063,G034,-4.425181e-05,-1
G080,G030,-4.4298424e-05,-1
G036,G090,-4.4375378e-05,-1
G001,G074,-4.4388034e-05,-1
G073,G086,-4.440277e-05,-1
G080,G092,-4.4451215e-05,-1
G038,G100,-4.4514363e-05,-1
G019,G046,-4.4523265e-05,-1
G095,G078,-4.4544777e-05,-1
G029,G060,-4.4647863e-05,-1
G064,G025,-4.4753855e-05,-1
G073,G043,-4.4790257e-05,-1
G047,G004,-4.484001e-05,-1
G001,G096,-4.486039e-05,-1
G014,G062,-4.4982367e-05,-1
G073,G090,-4.510336e-05,-1
G098,G015,-4.515272e-05,-1
G074,G037,-4.5188517e-05,-1
G008,G045,-4.521396e-05,-1
G094,G004,-4.5219567e-05,-1
G098,G066,-4.5225206e-05,-1
G049,G037,-4.523587e-05,-1
G069,G019,-4.5374025e-05,-1
G005,G074,-4.5584122e-05,-1
G071,G083,-4.558905e-05,-1
G012,G051,-4.564728e-05,-1
G047,G048,-4.5655273e-05,-1
G040,G068,-4.5724726e-05,-1
G029,G006,-4.5758166e-05,-1
G088,G095,-4.5822155e-05,-1
G086,G099,-4.5859295e-05,-1
G036,G013,-4.5926372e-05,-1
G017,G086,-4.594433e-05,-1
G044,G030,-4.5957942e-05,-1
G020,G039,-4.5960267e-05,-1
G095,G048,-4.59775e-05,-1
G059,G001,-4.6034882e-05,-1
G086,G059,-4.60676e-05,-1
G046,G037,-4.6143803e-05,-1
G038,G064,-4.6300916e-05,-1
G079,G047,-4.6369725e-05,-1
G029,G065,-4.6462585e-05,-1
G084,G064,-4.6515546e-05,-1
G052,G054,-4.6624562e-05,-1
G013,G056,-4.6640856e-05,-1
G037,G031,-4.6654633e-05,-1
G045,G090,-4.6664987e-05,-1
G060,G013,-4.6668873e-05,-1
G097,G006,-4.6722536e-05,-1
G031,G094,-4.6775862e-05,-1
G094,G043,-4.6847264e-05,-1
G005,G037,-4.6855996e-05,-1
G089,G049,-4.6949048e-05,-1
G028,G042,-4.696429e-05,-1
G040,G004,-4.698717e-05,-1
G079,G050,-4.7025573e-05,-1
G049,G046,-4.7027752e-05,-1
G013,G004,-4.7074172e-05,-1
G038,G013,-4.7077352e-05,-1
G013,G008,-4.710106e-05,-1
G049,G045,-4.7210277e-05,-1
G088,G001,-4.7213816e-05,-1
G049,G068,-4.7258563e-05,-1
G040,G036,-4.7261172e-05,-1
G003,G030,-4.732624e-05,-1
G019,G073,-4.7438534e-05,-1
G094,G091,-4.7454687e-05,-1
G054,G065,-4.7599326e-05,-1
G039,G030,-4.7624217e-05,-1
G054,G021,-4.763572e-05,-1
G094,G036,-4.76439e-05,-1
G076,G078,-4.766303e-05,-1
G053,G011,-4.768638e-05,-1
G058,G030,-4.7722493e-05,-1
G098,G034,-4.7776484e-05,-1
G079,G090,-4.782234e-05,-1
G025,G002,-4.7825284e-05,-1
G093,G035,-4.7862883e-05,-1
G074,G046,-4.789296e-05,-1
G047,G020,-4.7911206e-05,-1
G094,G037,-4.801813e-05,-1
G066,G035,-4.8049522e-05,-1
G039,G068,-4.817896e-05,-1
G068,G040,-4.819555e-05,-1
G003,G073,-4.828186e-05,-1
G005,G065,-4.829398e-05,-1
G029,G045,-4.834328e-05,-1
G037,G036,-4.8356207e-05,-1
G047,G081,-4.8379723e-05,-1
G071,G036,-4.8435053e-05,-1
G058,G086,-4.845495e-05,-1
G027,G048,-4.8464542e-05,-1
G076,G090,-4.8473183e-05,-1
G017,G094,-4.857845e-05,-1
G017,G048,-4.8627495e-05,-1
G041,G064,-4.881735e-05,-1
G071,G003,-4.890028e-05,-1
G039,G090,-4.8949056e-05,-1
G070,G068,-4.895402e-05,-1
G050,G051,-4.8977465e-05,-1
G008,G084,-4.9005404e-05,-1
G039,G040,-4.908223e-05,-1
G073,G064,-4.9093145e-05,-1
G003,G047,-4.9113078e-05,-1
G093,G029,-4.912354e-05,-1
G063,G037,-4.914e-05,-1
G039,G070,-4.9140293e-05,-1
G066,G096,-4.9156144e-05,-1
G089,G046,-4.9216258e-05,-1
G052,G001,-4.9275066e-05,-1
G094,G033,-4.939441e-05,-1
G033,G094,-4.9426097e-05,-1
G093,G007,-4.949813e-05,-1
G029,G054,-4.9509912e-05,-1
G082,G066,-4.96055e-05,-1
G020,G060,-4.9626404e-05,-1
G024,G004,-4.9628656e-05,-1
G054,G020,-4.973221e-05,-1
G017,G004,-4.9747494e-05,-1
G048,G026,-4.9768063e-05,-1
G036,G037,-4.9794246e-05,-1
G003,G078,-4.9804483e-05,-1
G052,G002,-4.9923947e-05,-1
G049,G030,-4.9942657e-05,-1
G092,G028,-4.998073e-05,-1
G077,G080,-5.009416e-05,-1
G041,G090,-5.013761e-05,-1
G009,G028,-5.022603e-05,-1
G034,G082,-5.0235885e-05,-1
G086,G008,-5.02604e-05,-1
G059,G037,-5.0300998e-05,-1
G089,G004,-5.0326944e-05,-1
G064,G013,-5.0453e-05,-1
G030,G049,-5.056964e-05,-1
G033,G036,-5.0677594e-05,-1
G055,G013,-5.0765146e-05,-1
G015,G048,-5.080809e-05,-1
G024,G029,-5.088766e-05,-1
G058,G005,-5.0914314e-05,-1
G057,G064,-5.0944753e-05,-1
G037,G042,-5.096092e-05,-1
G036,G093,-5.0963536e-05,-1
G054,G022,-5.1083865e-05,-1
G041,G067,-5.1113835e-05,-1
G060,G001,-5.1158342e-05,-1
G027,G044,-5.1324037e-05,-1
G031,G060,-5.1382707e-05,-1
G043,G051,-5.1452993e-05,-1
G052,G078,-5.1491614e-05,-1
G014,G018,-5.155447e-05,-1
G047,G059,-5.160042e-05,-1
G013,G073,-5.1669274e-05,-1
G019,G096,-5.175866e-05,-1
G042,G068,-5.1785904e-05,-1
G003,G037,-5.178778e-05,-1
G092,G037,-5.180324e-05,-1
G098,G048,-5.183082e-05,-1
G044,G089,-5.186152e-05,-1
G034,G079,-5.1878003e-05,-1
G056,G046,-5.1898383e-05,-1
G011,G038,-5.1911644e-05,-1
G068,G073,-5.1916875e-05,-1
G073,G084,-5.2137242e-05,-1
G029,G061,-5.2243642e-05,-1
G091,G031,-5.225198e-05,-1
G095,G017,-5.2259467e-05,-1
G015,G077,-5.2369505e-05,-1
G074,G093,-5.2386007e-05,-1
G005,G031,-5.2388386e-05,-1
G008,G014,-5.248387e-05,-1
G015,G050,-5.2493786e-05,-1
G071,G013,-5.251182e-05,-1
G037,G095,-5.2556505e-05,-1
G017,G041,-5.2564097e-05,-1
G057,G037,-5.2605934e-05,-1
G094,G074,-5.260928e-05,-1
G003,G004,-5.2706957e-05,-1
G040,G064,-5.2748368e-05,-1
G084,G002,-5.278323e-05,-1
G060,G081,-5.2805903e-05,-1
G044,G024,-5.2809188e-05,-1
G098,G039,-5.2825304e-05,-1
G036,G020,-5.2828007e-05,-1
G024,G082,-5.2864194e-05,-1
G091,G039,-5.289958e-05,-1
G097,G062,-5.298234e-05,-1
G024,G044,-5.3009957e-05,-1
G078,G004,-5.3074175e-05,-1
G044,G086,-5.3076415e-05,-1
G005,G060,-5.3130123e-05,-1
G006,G051,-5.3226042e-05,-1
G039,G045,-5.3254003e-05,-1
G001,G058,-5.330142e-05,-1
G060,G086,-5.330726e-05,-1
G045,G088,-5.3328724e-05,-1
G082,G018,-5.3351814e-05,-1
G093,G002,-5.3363576e-05,-1
G080,G037,-5.3426782e-05,-1
G044,G006,-5.3462525e-05,-1
G094,G069,-5.3467622e-05,-1
G044,G007,-5.3469917e-05,-1
G046,G097,-5.3553547e-05,-1
G047,G084,-5.358563e-05,-1
G021,G095,-5.360262e-05,-1
G039,G018,-5.3610896e-05,-1
G029,G020,-5.3673073e-05,-1
G019,G057,-5.3699732e-05,-1
G068,G086,-5.3725125e-05,-1
G041,G037,-5.3828924e-05,-1
G037,G051,-5.3846532e-05,-1
G042,G047,-5.3877702e-05,-1
G086,G051,-5.3904176e-05,-1
G001,G020,-5.391945e-05,-1
G023,G092,-5.4031017e-05,-1
G056,G040,-5.4054024e-05,-1
G069,G078,-5.4065018e-05,-1
G057,G034,-5.409486e-05,-1
G023,G091,-5.415217e-05,-1
G064,G003,-5.4167114e-05,-1
G033,G093,-5.4220814e-05,-1
G050,G058,-5.4262655e-05,-1
G014,G020,-5.4438577e-05,-1
G031,G042,-5.4474775e-05,-1
G034,G014,-5.4601594e-05,-1
G096,G061,-5.4649096e-05,-1
G042,G060,-5.4715838e-05,-1
G014,G034,-5.4859353e-05,-1
G040,G077,-5.4880584e-05,-1
G066,G073,-5.4926622e-05,-1
G067,G012,-5.493167e-05,-1
G014,G092,-5.494738e-05,-1
G095,G050,-5.5092136e-05,-1
G056,G012,-5.5177235e-05,-1
G094,G020,-5.5244003e-05,-1
G078,G060,-5.529811e-05,-1
G049,G040,-5.533446e-05,-1
G044,G092,-5.5415258e-05,-1
G055,G090,-5.551494e-05,-1
G068,G079,-5.554775e-05,-1
G093,G096,-5.5572305e-05,-1
G061,G030,-5.5636003e-05,-1
G011,G017,-5.571195e-05,-1
G054,G035,-5.5733282e-05,-1
G051,G054,-5.5899916e-05,-1
G017,G040,-5.59443e-05,-1
G063,G024,-5.5968856e-05,-1
G089,G074,-5.6038363e-05,-1
G012,G036,-5.607217e-05,-1
G013,G039,-5.6092646e-05,-1
G098,G086,-5.6142664e-05,-1
G055,G017,-5.6160403e-05,-1
G057,G086,-5.6165067e-05,-1
G012,G041,-5.6178567e-05,-1
G065,G033,-5.6241344e-05,-1
G097,G057,-5.6263307e-05,-1
G012,G054,-5.6354347e-05,-1
G083,G081,-5.6354733e-05,-1
G091,G062,-5.6361732e-05,-1
G001,G065,-5.643113e-05,-1
G023,G078,-5.6435278e-05,-1
G091,G096,-5.6462442e-05,-1
G054,G034,-5.6535242e-05,-1
G024,G089,-5.6620393e-05,-1
G098,G073,-5.662872e-05,-1
G066,G020,-5.6650566e-05,-1
G079,G049,-5.6782188e-05,-1
G039,G012,-5.678994e-05,-1
G093,G055,-5.6886962e-05,-1
G098,G094,-5.6960584e-05,-1
G001,G035,-5.700066e-05,-1
G094,G097,-5.7013145e-05,-1
G059,G081,-5.7047637e-05,-1
G047,G045,-5.711134e-05,-1
G045,G014,-5.7164176e-05,-1
G036,G068,-5.7212874e-05,-1
G033,G084,-5.7216075e-05,-1
G070,G029,-5.724163e-05,-1
G086,G039,-5.734677e-05,-1
G044,G078,-5.7361856e-05,-1
G100,G004,-5.7416077e-05,-1
G019,G060,-5.7428955e-05,-1
G028,G022,-5.7435416e-05,-1
G094,G047,-5.7528403e-05,-1
G037,G046,-5.7567064e-05,-1
G013,G068,-5.757855e-05,-1
G042,G091,-5.7588833e-05,-1
G065,G020,-5.7607635e-05,-1
G027,G003,-5.762173e-05,-1
G038,G012,-5.7624235e-05,-1
G052,G018,-5.7715573e-05,-1
G098,G081,-5.774638e-05,-1
G092,G029,-5.7761074e-05,-1
G076,G041,-5.7786765e-05,-1
G084,G043,-5.783894e-05,-1
G014,G040,-5.7979527e-05,-1
G059,G014,-5.8009067e-05,-1
G037,G004,-5.8016747e-05,-1
G012,G077,-5.8057994e-05,-1
G083,G051,-5.8091606e-05,-1
G023,G038,-5.8198424e-05,-1
G030,G047,-5.820757e-05,-1
G041,G014,-5.8270376e-05,-1
G012,G072,-5.8333186e-05,-1
G093,G077,-5.8343132e-05,-1
G070,G073,-5.834385e-05,-1
G040,G034,-5.841355e-05,-1
G014,G037,-5.8566005e-05,-1
G017,G005,-5.8640224e-05,-1
G061,G076,-5.8648176e-05,-1
G065,G045,-5.8709134e-05,-1
G040,G042,-5.8729485e-05,-1
G083,G030,-5.881446e-05,-1
G082,G064,-5.8955167e-05,-1
G020,G096,-5.90165e-05,-1
G024,G012,-5.901859e-05,-1
G061,G037,-5.9076756e-05,-1
G017,G036,-5.9294412e-05,-1
G097,G026,-5.931245e-05,-1
G017,G061,-5.9332862e-05,-1
G039,G006,-5.9381804e-05,-1
G067,G004,-5.950512e-05,-1
G064,G079,-5.9509406e-05,-1
G092,G033,-5.9532616e-05,-1
G048,G084,-5.960558e-05,-1
G027,G063,-5.964586e-05,-1
G064,G086,-5.9798353e-05,-1
G069,G054,-5.992277e-05,-1
G061,G069,-6.0054084e-05,-1
G060,G020,-6.0118055e-05,-1
G067,G015,-6.024943e-05,-1
G060,G033,-6.0324503e-05,-1
G063,G050,-6.0369104e-05,-1
G027,G066,-6.0458908e-05,-1
G013,G020,-6.0464765e-05,-1
G012,G043,-6.0498107e-05,-1
G039,G024,-6.0505197e-05,-1
G095,G063,-6.0565806e-05,-1
G038,G003,-6.0659342e-05,-1
G037,G014,-6.0693492e-05,-1
G049,G020,-6.0756574e-05,-1
G067,G054,-6.084262e-05,-1
G086,G096,-6.0853796e-05,-1
G066,G058,-6.1062725e-05,-1
G094,G030,-6.107333e-05,-1
G019,G033,-6.1133906e-05,-1
G019,G095,-6.1158746e-05,-1
G052,G046,-6.119049e-05,-1
G060,G002,-6.133925e-05,-1
G073,G012,-6.138634e-05,-1
G080,G096,-6.140878e-05,-1
G073,G045,-6.1409744e-05,-1
G086,G020,-6.144695e-05,-1
G076,G032,-6.1504245e-05,-1
G084,G052,-6.1514416e-05,-1
G008,G086,-6.153363e-05,-1
G095,G065,-6.1606755e-05,-1
G043,G049,-6.165756e-05,-1
G019,G053,-6.1658895e-05,-1
G038,G057,-6.175452e-05,-1
G006,G088,-6.182188e-05,-1
G077,G058,-6.183031e-05,-1
G066,G026,-6.1831954e-05,-1
G008,G079,-6.186968e-05,-1
G048,G088,-6.188914e-05,-1
G054,G040,-6.189661e-05,-1
G038,G004,-6.194157e-05,-1
G059,G052,-6.200092e-05,-1
G070,G004,-6.2001556e-05,-1
G095,G046,-6.2024184e-05,-1
G058,G012,-6.220804e-05,-1
G045,G021,-6.223034e-05,-1
G045,G057,-6.2259445e-05,-1
G052,G069,-6.229963e-05,-1
G050,G005,-6.241512e-05,-1
G019,G016,-6.252313e-05,-1
G044,G063,-6.257602e-05,-1
G062,G067,-6.267384e-05,-1
G029,G049,-6.270637e-05,-1
G092,G002,-6.283369e-05,-1
G068,G013,-6.283589e-05,-1
G079,G059,-6.2854706e-05,-1
G044,G035,-6.2893705e-05,-1
G001,G044,-6.289763e-05,-1
G046,G049,-6.297637e-05,-1
G070,G013,-6.306072e-05,-1
G083,G001,-6.310416e-05,-1
G041,G016,-6.314717e-05,-1
G073,G074,-6.3153064e-05,-1
G083,G022,-6.319084e-05,-1
G068,G041,-6.319297e-05,-1
G091,G090,-6.3208674e-05,-1
G047,G054,-6.3230225e-05,-1
G068,G094,-6.3261876e-05,-1
G064,G081,-6.328078e-05,-1
G029,G074,-6.32811e-05,-1
G013,G050,-6.32878e-05,-1
G040,G003,-6.329973e-05,-1
G045,G035,-6.333124e-05,-1
G088,G090,-6.33564e-05,-1
G091,G080,-6.341065e-05,-1
G005,G077,-6.344739e-05,-1
G081,G034,-6.3459505e-05,-1
G036,G046,-6.3542524e-05,-1
G063,G086,-6.36614e-05,-1
G013,G061,-6.3700725e-05,-1
G042,G034,-6.378021e-05,-1
G060,G030,-6.392184e-05,-1
G014,G056,-6.394292e-05,-1
G064,G015,-6.398048e-05,-1
G012,G034,-6.4033455e-05,-1
G003,G034,-6.40653e-05,-1
G033,G020,-6.415306e-05,-1
G057,G024,-6.426349e-05,-1
G062,G074,-6.440345e-05,-1
G014,G051,-6.442763e-05,-1
G095,G042,-6.4468324e-05,-1
G045,G003,-6.460508e-05,-1
G050,G035,-6.460752e-05,-1
G069,G093,-6.4612446e-05,-1
G060,G040,-6.469153e-05,-1
G050,G029,-6.471639e-05,-1
G021,G045,-6.481497e-05,-1
G005,G043,-6.484202e-05,-1
G098,G063,-6.496256e-05,-1
G092,G084,-6.500713e-05,-1
G099,G053,-6.500864e-05,-1
G041,G073,-6.502901e-05,-1
G045,G042,-6.5056214e-05,-1
G015,G012,-6.510104e-05,-1
G037,G059,-6.513183e-05,-1
G024,G038,-6.513959e-05,-1
G081,G060,-6.517537e-05,-1
G066,G060,-6.533628e-05,-1
G058,G008,-6.539347e-05,-1
G077,G035,-6.5485794e-05,-1
G041,G072,-6.5607004e-05,-1
G012,G042,-6.58392e-05,-1
G003,G041,-6.5843604e-05,-1
G081,G050,-6.584783e-05,-1
G061,G051,-6.585279e-05,-1
G062,G068,-6.587165e-05,-1
G057,G084,-6.5944245e-05,-1
G021,G059,-6.600674e-05,-1
G064,G097,-6.619344e-05,-1
G064,G022,-6.625196e-05,-1
G039,G013,-6.626712e-05,-1
G006,G070,-6.6317094e-05,-1
G045,G084,-6.6367385e-05,-1
G053,G034,-6.641584e-05,-1
G098,G067,-6.6439876e-05,-1
G019,G081,-6.647122e-05,-1
G005,G035,-6.650332e-05,-1
G037,G067,-6.651964e-05,-1
G066,G014,-6.6623106e-05,-1
G001,G047,-6.6623514e-05,-1
G046,G092,-6.662363e-05,-1
G004,G061,-6.668354e-05,-1
G069,G081,-6.6819324e-05,-1
G005,G068,-6.687174e-05,-1
G008,G063,-6.687231e-05,-1
G060,G029,-6.697344e-05,-1
G093,G037,-6.6998255e-05,-1
G046,G069,-6.701518e-05,-1
G031,G040,-6.703929e-05,-1
G013,G034,-6.704244e-05,-1
G055,G078,-6.712212e-05,-1
G097,G011,-6.712622e-05,-1
G078,G048,-6.714646e-05,-1
G022,G072,-6.718887e-05,-1
G021,G036,-6.7216475e-05,-1
G035,G069,-6.7217574e-05,-1
G070,G044,-6.722185e-05,-1
G095,G015,-6.724876e-05,-1
G062,G077,-6.7265515e-05,-1
G080,G071,-6.7302695e-05,-1
G065,G035,-6.750623e-05,-1
G050,G004,-6.754191e-05,-1
G066,G032,-6.7552544e-05,-1
G100,G092,-6.7579815e-05,-1
G068,G019,-6.759099e-05,-1
G011,G072,-6.759837e-05,-1
G016,G006,-6.763872e-05,-1
G009,G024,-6.769312e-05,-1
G066,G084,-6.773896e-05,-1
G039,G036,-6.7934554e-05,-1
G023,G003,-6.79482e-05,-1
G033,G069,-6.795362e-05,-1
G045,G004,-6.82039e-05,-1
G045,G065,-6.824723e-05,-1
G077,G050,-6.8279034e-05,-1
G079,G034,-6.830876e-05,-1
G031,G080,-6.853045e-05,-1
G009,G073,-6.853344e-05,-1
G094,G066,-6.856344e-05,-1
G097,G090,-6.857092e-05,-1
G079,G002,-6.861281e-05,-1
G079,G096,-6.869317e-05,-1
G077,G042,-6.875345e-05,-1
G019,G004,-6.888898e-05,-1
G082,G004,-6.8968744e-05,-1
G052,G027,-6.903888e-05,-1
G001,G093,-6.9091526e-05,-1
G036,G095,-6.9220376e-05,-1
G003,G050,-6.922787e-05,-1
G068,G029,-6.92427e-05,-1
G013,G092,-6.9246555e-05,-1
G014,G074,-6.935217e-05,-1
G016,G069,-6.939559e-05,-1
G095,G073,-6.9469046e-05,-1
G073,G063,-6.952999e-05,-1
G097,G096,-6.970951e-05,-1
G041,G006,-6.973657e-05,-1
G062,G020,-6.973875e-05,-1
G041,G095,-6.9851965e-05,-1
G033,G015,-6.9988055e-05,-1
G009,G054,-7.0049035e-05,-1
G081,G097,-7.0060916e-05,-1
G008,G096,-7.0072914e-05,-1
G023,G080,-7.0108385e-05,-1
G012,G040,-7.016292e-05,-1
G081,G046,-7.035401e-05,-1
G043,G050,-7.035604e-05,-1
G051,G055,-7.035716e-05,-1
G043,G033,-7.036545e-05,-1
G073,G006,-7.041636e-05,-1
G069,G091,-7.0480586e-05,-1
G076,G001,-7.057173e-05,-1
G030,G035,-7.058832e-05,-1
G046,G036,-7.067554e-05,-1
G045,G006,-7.0705704e-05,-1
G006,G062,-7.0755355e-05,-1
G094,G077,-7.078299e-05,-1
G013,G045,-7.0859634e-05,-1
G033,G037,-7.087265e-05,-1
G041,G068,-7.096798e-05,-1
G070,G055,-7.1019924e-05,-1
G098,G077,-7.1121336e-05,-1
G036,G073,-7.115271e-05,-1
G008,G065,-7.1220486e-05,-1
G098,G097,-7.1272625e-05,-1
G003,G035,-7.1297414e-05,-1
G071,G034,-7.133433e-05,-1
G019,G007,-7.142932e-05,-1
G044,G018,-7.155801e-05,-1
G011,G084,-7.1563285e-05,-1
G033,G048,-7.162564e-05,-1
G029,G084,-7.173914e-05,-1
G067,G064,-7.175945e-05,-1
G023,G015,-7.178698e-05,-1
G035,G070,-7.1816576e-05,-1
G055,G081,-7.183301e-05,-1
G041,G086,-7.185931e-05,-1
G068,G074,-7.193659e-05,-1
G031,G046,-7.196252e-05,-1
G094,G093,-7.198239e-05,-1
G036,G064,-7.204192e-05,-1
G097,G061,-7.204193e-05,-1
G086,G070,-7.208492e-05,-1
G035,G019,-7.209195e-05,-1
G026,G028,-7.215323e-05,-1
G046,G030,-7.2264455e-05,-1
G056,G024,-7.24241e-05,-1
G015,G030,-7.253437e-05,-1
G079,G031,-7.2556366e-05,-1
G062,G037,-7.259889e-05,-1
G041,G025,-7.268123e-05,-1
G031,G045,-7.269101e-05,-1
G091,G019,-7.27026e-05,-1
G068,G063,-7.27386e-05,-1
G040,G029,-7.3110066e-05,-1
G089,G030,-7.315442e-05,-1
G046,G098,-7.318309e-05,-1
G046,G008,-7.322079e-05,-1
G070,G030,-7.325792e-05,-1
G062,G084,-7.328763e-05,-1
G065,G064,-7.3404415e-05,-1
G019,G049,-7.347253e-05,-1
G014,G036,-7.347461e-05,-1
G017,G070,-7.373185e-05,-1
G068,G065,-7.373638e-05,-1
G027,G053,-7.390074e-05,-1
G068,G064,-7.4197036e-05,-1
G019,G008,-7.422628e-05,-1
G054,G012,-7.455875e-05,-1
G029,G033,-7.455912e-05,-1
G073,G039,-7.459236e-05,-1
G021,G099,-7.463514e-05,-1
G078,G045,-7.4647665e-05,-1
G009,G002,-7.4647956e-05,-1
G091,G024,-7.475197e-05,-1
G076,G080,-7.480622e-05,-1
G093,G072,-7.4922806e-05,-1
G033,G061,-7.4939686e-05,-1
G038,G095,-7.4959404e-05,-1
G045,G074,-7.497592e-05,-1
G088,G070,-7.518122e-05,-1
G049,G079,-7.518415e-05,-1
G056,G060,-7.528013e-05,-1
G041,G080,-7.547128e-05,-1
G077,G086,-7.5532e-05,-1
G062,G096,-7.561053e-05,-1
G007,G091,-7.568768e-05,-1
G029,G069,-7.574827e-05,-1
G001,G054,-7.596152e-05,-1
G047,G082,-7.598438e-05,-1
G049,G078,-7.6004086e-05,-1
G095,G040,-7.606838e-05,-1
G008,G013,-7.60738e-05,-1
G093,G070,-7.619585e-05,-1
G086,G076,-7.641345e-05,-1
G098,G068,-7.6430915e-05,-1
G024,G003,-7.643859e-05,-1
G026,G076,-7.648025e-05,-1
G003,G033,-7.6542645e-05,-1
G038,G051,-7.654949e-05,-1
G043,G073,-7.663669e-05,-1
G009,G056,-7.680978e-05,-1
G016,G010,-7.681972e-05,-1
G042,G033,-7.682373e-05,-1
G069,G072,-7.682742e-05,-1
G100,G082,-7.708083e-05,-1
G094,G057,-7.712794e-05,-1
G051,G045,-7.713655e-05,-1
G054,G057,-7.732023e-05,-1
G062,G094,-7.735654e-05,-1
G057,G041,-7.736523e-05,-1
G021,G068,-7.737732e-05,-1
G003,G042,-7.747168e-05,-1
G094,G008,-7.748474e-05,-1
G019,G072,-7.753205e-05,-1
G094,G082,-7.7547156e-05,-1
G069,G046,-7.7577955e-05,-1
G067,G086,-7.760472e-05,-1
G031,G073,-7.8026205e-05,-1
G026,G022,-7.8033445e-05,-1
G017,G052,-7.804787e-05,-1
G079,G001,-7.806399e-05,-1
G089,G081,-7.809194e-05,-1
G070,G061,-7.825282e-05,-1
G033,G074,-7.834032e-05,-1
G098,G089,-7.83901e-05,-1
G034,G074,-7.8448116e-05,-1
G066,G022,-7.855537e-05,-1
G037,G003,-7.858802e-05,-1
G088,G026,-7.8714715e-05,-1
G012,G046,-7.8833655e-05,-1
G056,G091,-7.8841935e-05,-1
G076,G015,-7.890424e-05,-1
G067,G019,-7.902505e-05,-1
G038,G069,-7.912266e-05,-1
G042,G063,-7.913451e-05,-1
G037,G052,-7.92218e-05,-1
G020,G079,-7.9267986e-05,-1
G062,G051,-7.927846e-05,-1
G049,G065,-7.930781e-05,-1
G049,G082,-7.935631e-05,-1
G017,G033,-7.9455494e-05,-1
G003,G079,-7.956958e-05,-1
G034,G050,-7.957715e-05,-1
G078,G049,-7.969747e-05,-1
G059,G038,-7.99172e-05,-1
G093,G063,-7.993962e-05,-1
G076,G013,-7.9981e-05,-1
G071,G100,-8.0037e-05,-1
G022,G055,-8.009987e-05,-1
G027,G032,-8.014184e-05,-1
G036,G034,-8.024442e-05,-1
G060,G003,-8.0295365e-05,-1
G098,G029,-8.030751e-05,-1
G058,G044,-8.0362115e-05,-1
G057,G093,-8.036636e-05,-1
G030,G057,-8.0446785e-05,-1
G036,G044,-8.048367e-05,-1
G096,G024,-8.053564e-05,-1
G068,G097,-8.095498e-05,-1
G020,G070,-8.096478e-05,-1
G013,G054,-8.116997e-05,-1
G021,G003,-8.1205646e-05,-1
G064,G041,-8.125686e-05,-1
G046,G077,-8.132507e-05,-1
G037,G074,-8.143605e-05,-1
G011,G059,-8.148843e-05,-1
G068,G035,-8.1570615e-05,-1
G049,G019,-8.1574515e-05,-1
G048,G097,-8.171338e-05,-1
G037,G098,-8.177238e-05,-1
G077,G088,-8.18534e-05,-1
G056,G058,-8.197109e-05,-1
G064,G032,-8.204064e-05,-1
G027,G047,-8.206418e-05,-1
G014,G082,-8.207905e-05,-1
G028,G045,-8.209962e-05,-1
G045,G073,-8.2209015e-05,-1
G086,G017,-8.231579e-05,-1
G060,G072,-8.237328e-05,-1
G046,G079,-8.2410006e-05,-1
G076,G029,-8.244539e-05,-1
G068,G024,-8.2450424e-05,-1
G069,G070,-8.247237e-05,-1
G070,G015,-8.25457e-05,-1
G096,G088,-8.260131e-05,-1
G057,G008,-8.260683e-05,-1
G057,G079,-8.261469e-05,-1
G069,G097,-8.261973e-05,-1
G040,G078,-8.2622864e-05,-1
G016,G043,-8.2659295e-05,-1
G066,G094,-8.274698e-05,-1
G037,G086,-8.279372e-05,-1
G021,G053,-8.281905e-05,-1
G071,G090,-8.297679e-05,-1
G051,G073,-8.2987324e-05,-1
G098,G047,-8.300512e-05,-1
G050,G068,-8.302019e-05,-1
G079,G083,-8.306469e-05,-1
G039,G078,-8.310533e-05,-1
G004,G022,-8.313397e-05,-1
G050,G044,-8.325604e-05,-1
G084,G023,-8.335157e-05,-1
G082,G091,-8.341048e-05,-1
G068,G096,-8.3451e-05,-1
G052,G061,-8.346026e-05,-1
G071,G069,-8.346872e-05,-1
G046,G054,-8.357934e-05,-1
G033,G066,-8.364444e-05,-1
G036,G080,-8.3702806e-05,-1
G055,G019,-8.3707244e-05,-1
G081,G077,-8.380295e-05,-1
G060,G070,-8.391969e-05,-1
G033,G013,-8.3927844e-05,-1
G097,G041,-8.398814e-05,-1
G035,G052,-8.399591e-05,-1
G003,G077,-8.402004e-05,-1
G041,G049,-8.4092346e-05,-1
G054,G014,-8.414519e-05,-1
G051,G027,-8.421331e-05,-1
G017,G015,-8.432451e-05,-1
G078,G074,-8.4343934e-05,-1
G031,G082,-8.453861e-05,-1
G052,G044,-8.4542444e-05,-1
G037,G045,-8.456861e-05,-1
G088,G078,-8.472356e-05,-1
G096,G018,-8.472532e-05,-1
G001,G011,-8.4914725e-05,-1
G069,G043,-8.5026106e-05,-1
G050,G057,-8.504652e-05,-1
G059,G017,-8.519404e-05,-1
G033,G043,-8.5271655e-05,-1
G061,G021,-8.5288215e-05,-1
G096,G026,-8.528892e-05,-1
G004,G059,-8.54069e-05,-1
G035,G074,-8.5579e-05,-1
G002,G099,-8.5600135e-05,-1
G017,G050,-8.5710046e-05,-1
G001,G012,-8.572565e-05,-1
G068,G044,-8.5823034e-05,-1
G060,G023,-8.5882435e-05,-1
G037,G057,-8.614232e-05,-1
G041,G078,-8.628004e-05,-1
G079,G048,-8.628479e-05,-1
G092,G081,-8.629118e-05,-1
G057,G030,-8.629293e-05,-1
G100,G042,-8.642662e-05,-1
G074,G052,-8.65707e-05,-1
G067,G096,-8.663184e-05,-1
G035,G081,-8.681363e-05,-1
G040,G019,-8.68478e-05,-1
G076,G066,-8.692634e-05,-1
G070,G077,-8.7063025e-05,-1
G054,G071,-8.7065615e-05,-1
G019,G054,-8.70871e-05,-1
G033,G097,-8.7128334e-05,-1
G100,G062,-8.7154185e-05,-1
G038,G091,-8.7249064e-05,-1
G012,G064,-8.7264976e-05,-1
G066,G090,-8.733311e-05,-1
G083,G002,-8.734721e-05,-1
G045,G096,-8.735223e-05,-1
G058,G066,-8.735245e-05,-1
G043,G003,-8.7498185e-05,-1
G024,G069,-8.758725e-05,-1
G068,G061,-8.760338e-05,-1
G029,G057,-8.771099e-05,-1
G023,G008,-8.774139e-05,-1
G094,G029,-8.775939e-05,-1
G068,G069,-8.77697e-05,-1
G003,G019,-8.778178e-05,-1
G093,G082,-8.7829336e-05,-1
G056,G027,-8.792364e-05,-1
G013,G097,-8.796484e-05,-1
G020,G036,-8.7981134e-05,-1
G074,G050,-8.803691e-05,-1
G073,G004,-8.805334e-05,-1
G077,G045,-8.805825e-05,-1
G058,G023,-8.80857e-05,-1
G081,G003,-8.818187e-05,-1
G048,G006,-8.847435e-05,-1
G008,G046,-8.848942e-05,-1
G066,G042,-8.849584e-05,-1
G069,G029,-8.8563145e-05,-1
G079,G033,-8.860415e-05,-1
G041,G097,-8.869117e-05,-1
G020,G005,-8.897934e-05,-1
G079,G077,-8.8990724e-05,-1
G021,G081,-8.911806e-05,-1
G068,G066,-8.9168534e-05,-1
G073,G079,-8.921137e-05,-1
G039,G074,-8.926464e-05,-1
G008,G042,-8.932684e-05,-1
G078,G094,-8.9332636e-05,-1
G059,G039,-8.935197e-05,-1
G045,G032,-8.9379355e-05,-1
G023,G036,-8.942895e-05,-1
G056,G013,-8.9441266e-05,-1
G097,G073,-8.955532e-05,-1
G063,G007,-8.959314e-05,-1
G013,G024,-8.976395e-05,-1
G076,G065,-8.985975e-05,-1
G082,G052,-8.986426e-05,-1
G040,G014,-8.991786e-05,-1
G057,G082,-8.992507e-05,-1
G033,G019,-8.996398e-05,-1
G095,G056,-8.996584e-05,-1
G044,G025,-8.999162e-05,-1
G083,G094,-9.010447e-05,-1
G022,G006,-9.016249e-05,-1
G076,G079,-9.022665e-05,-1
G066,G077,-9.023713e-05,-1
G009,G006,-9.034558e-05,-1
G052,G050,-9.040811e-05,-1
G100,G033,-9.045508e-05,-1
G097,G065,-9.045911e-05,-1
G076,G016,-9.0663474e-05,-1
G039,G062,-9.067025e-05,-1
G065,G044,-9.070906e-05,-1
G030,G029,-9.0818234e-05,-1
G019,G086,-9.096516e-05,-1
G040,G057,-9.1131325e-05,-1
G052,G077,-9.128437e-05,-1
G058,G084,-9.131331e-05,-1
G089,G034,-9.134101e-05,-1
G098,G013,-9.141452e-05,-1
G061,G068,-9.1715905e-05,-1
G044,G070,-9.176928e-05,-1
G086,G038,-9.187449e-05,-1
G025,G057,-9.191673e-05,-1
G098,G043,-9.19385e-05,-1
G013,G089,-9.2135895e-05,-1
G094,G040,-9.2152855e-05,-1
G037,G092,-9.220104e-05,-1
G063,G001,-9.228248e-05,-1
G079,G043,-9.229057e-05,-1
G061,G008,-9.234419e-05,-1
G094,G046,-9.2419905e-05,-1
G031,G012,-9.244921e-05,-1
G054,G077,-9.2481605e-05,-1
G081,G004,-9.255347e-05,-1
G033,G042,-9.265114e-05,-1
G046,G019,-9.2720504e-05,-1
G068,G057,-9.28048e-05,-1
G083,G011,-9.287713e-05,-1
G080,G003,-9.288191e-05,-1
G013,G091,-9.290594e-05,-1
G037,G060,-9.322417e-05,-1
G019,G012,-9.324407e-05,-1
G097,G040,-9.333594e-05,-1
G017,G042,-9.33685e-05,-1
G098,G003,-9.3423085e-05,-1
G033,G060,-9.343123e-05,-1
G003,G040,-9.350257e-05,-1
G016,G011,-9.350815e-05,-1
G011,G053,-9.369321e-05,-1
G045,G064,-9.371823e-05,-1
G094,G050,-9.383078e-05,-1
G094,G005,-9.391035e-05,-1
G075,G011,-9.399917e-05,-1
G064,G065,-9.400411e-05,-1
G049,G059,-9.405693e-05,-1
G079,G044,-9.4255e-05,-1
G060,G065,-9.4300914e-05,-1
G003,G049,-9.4312665e-05,-1
G079,G053,-9.437107e-05,-1
G074,G068,-9.454478e-05,-1
G056,G054,-9.466634e-05,-1
G094,G013,-9.4666495e-05,-1
G071,G094,-9.480327e-05,-1
G089,G096,-9.483621e-05,-1
G004,G035,-9.497426e-05,-1
G025,G039,-9.507386e-05,-1
G027,G096,-9.51181e-05,-1
G019,G079,-9.514721e-05,-1
G095,G031,-9.520296e-05,-1
G047,G014,-9.529592e-05,-1
G030,G024,-9.533286e-05,-1
G077,G004,-9.545957e-05,-1
G065,G024,-9.550562e-05,-1
G061,G091,-9.5550815e-05,-1
G080,G001,-9.555739e-05,-1
G093,G043,-9.557565e-05,-1
G068,G070,-9.5579715e-05,-1
G059,G010,-9.563254e-05,-1
G024,G043,-9.566337e-05,-1
G047,G071,-9.568033e-05,-1
G063,G097,-9.5696865e-05,-1
G029,G053,-9.571096e-05,-1
G068,G047,-9.574341e-05,-1
G019,G094,-9.5798896e-05,-1
G077,G068,-9.587281e-05,-1
G024,G090,-9.592329e-05,-1
G057,G063,-9.6027754e-05,-1
G011,G062,-9.609742e-05,-1
G038,G081,-9.610632e-05,-1
G048,G049,-9.62386e-05,-1
G040,G012,-9.6267875e-05,-1
G081,G012,-9.6350224e-05,-1
G038,G077,-9.6425705e-05,-1
G064,G049,-9.6448486e-05,-1
G098,G030,-9.654483e-05,-1
G057,G006,-9.6698175e-05,-1
G068,G003,-9.670316e-05,-1
G005,G029,-9.671712e-05,-1
G046,G051,-9.673853e-05,-1
G094,G079,-9.686263e-05,-1
G016,G044,-9.688071e-05,-1
G065,G059,-9.694491e-05,-1
G044,G001,-9.6956945e-05,-1
G052,G070,-9.70066e-05,-1
G036,G031,-9.702115e-05,-1
G024,G068,-9.722769e-05,-1
G016,G092,-9.7237775e-05,-1
G065,G063,-9.7333934e-05,-1
G098,G036,-9.7340344e-05,-1
G048,G077,-9.7351876e-05,-1
G095,G030,-9.735217e-05,-1
G042,G096,-9.735481e-05,-1
G044,G077,-9.7374104e-05,-1
G067,G041,-9.739998e-05,-1
G042,G052,-9.775869e-05,-1
G033,G063,-9.7809745e-05,-1
G024,G065,-9.799763e-05,-1
G013,G052,-9.800147e-05,-1
G038,G027,-9.805163e-05,-1
G024,G016,-9.812113e-05,-1
G031,G013,-9.813753e-05,-1
G017,G065,-9.822968e-05,-1
G076,G005,-9.828939e-05,-1
G094,G003,-9.832923e-05,-1
G078,G041,-9.8332006e-05,-1
G049,G004,-9.836499e-05,-1
G055,G030,-9.836995e-05,-1
G062,G073,-9.8509234e-05,-1
G046,G005,-9.872595e-05,-1
G071,G048,-9.874952e-05,-1
G069,G063,-9.877985e-05,-1
G023,G041,-9.8864184e-05,-1
G030,G066,-9.9076686e-05,-1
G069,G026,-9.909177e-05,-1
G068,G005,-9.9188015e-05,-1
G005,G015,-9.919356e-05,-1
G013,G011,-9.9274395e-05,-1
G079,G035,-9.939081e-05,-1
G031,G008,-9.941805e-05,-1
G062,G098,-9.955039e-05,-1
G043,G001,-9.966492e-05,-1
G014,G050,-9.995708e-05,-1
G044,G095,-9.999726e-05,-1
G030,G033,-0.000100095946,-1
G049,G077,-0.00010012845,-1
G098,G027,-0.00010022173,-1
G035,G051,-0.00010029568,-1
G043,G064,-0.000100412784,-1
G054,G061,-0.000100443474,-1
G023,G012,-0.0001004546,-1
G064,G068,-0.0001005083,-1
G040,G030,-0.00010053168,-1
G038,G005,-0.00010066145,-1
G045,G005,-0.00010080808,-1
G092,G055,-0.000100808466,-1
G020,G061,-0.00010107288,-1
G045,G013,-0.000101092366,-1
G016,G023,-0.000101109166,-1
G024,G047,-0.000101171,-1
G044,G015,-0.00010129812,-1
G063,G069,-0.000101420104,-1
G078,G043,-0.00010142232,-1
G081,G093,-0.00010155622,-1
G089,G061,-0.000101618345,-1
G083,G018,-0.0001017505,-1
G021,G001,-0.00010178906,-1
G061,G066,-0.00010180469,-1
G089,G068,-0.00010187409,-1
G034,G024,-0.00010191353,-1
G037,G027,-0.00010193555,-1
G049,G060,-0.00010194718,-1
G061,G079,-0.000102271246,-1
G073,G007,-0.00010228593,-1
G043,G057,-0.00010236628,-1
G025,G066,-0.00010238872,-1
G054,G068,-0.00010254875,-1
G066,G051,-0.00010259834,-1
G039,G037,-0.00010263711,-1
G004,G038,-0.00010269689,-1
G011,G070,-0.00010285412,-1
G095,G068,-0.00010292855,-1
G058,G079,-0.000103037964,-1
G012,G024,-0.00010317058,-1
G001,G019,-0.00010317598,-1
G089,G063,-0.0001033048,-1
G081,G033,-0.00010332025,-1
G050,G066,-0.0001034445,-1
G089,G094,-0.00010352268,-1
G060,G008,-0.00010366291,-1
G086,G004,-0.00010366822,-1
G037,G064,-0.00010374007,-1
G027,G065,-0.000103749495,-1
G014,G069,-0.00010377637,-1
G091,G092,-0.0001038283,-1
G065,G007,-0.00010387688,-1
G015,G060,-0.00010392763,-1
G039,G015,-0.00010396486,-1
G003,G055,-0.000104018945,-1
G043,G081,-0.000104032966,-1
G066,G056,-0.00010409505,-1
G033,G077,-0.000104132945,-1
G046,G094,-0.00010414094,-1
G061,G025,-0.00010414839,-1
G049,G042,-0.00010440195,-1
G019,G063,-0.00010448575,-1
G047,G050,-0.000104720195,-1
G065,G030,-0.00010475092,-1
G019,G005,-0.00010481802,-1
G067,G023,-0.00010512726,-1
G037,G063,-0.000105252795,-1
G059,G078,-0.00010527261,-1
G067,G003,-0.00010527469,-1
G031,G006,-0.000105318584,-1
G070,G019,-0.0001054828,-1
G038,G042,-0.00010551152,-1
G034,G042,-0.00010566941,-1
G013,G006,-0.00010571376,-1
G087,G032,-0.00010580817,-1
G059,G051,-0.00010588839,-1
G062,G017,-0.000105899875,-1
G047,G093,-0.00010599159,-1
G069,G030,-0.00010618121,-1
G064,G024,-0.00010627829,-1
G025,G003,-0.00010659357,-1
G054,G070,-0.0001066368,-1
G070,G069,-0.00010677839,-1
G021,G016,-0.00010697497,-1
G078,G068,-0.00010707147,-1
G064,G019,-0.00010709633,-1
G016,G009,-0.000107412634,-1
G055,G074,-0.00010742434,-1
G052,G086,-0.00010745389,-1
G008,G005,-0.00010755951,-1
G013,G036,-0.00010761283,-1
G008,G060,-0.00010767032,-1
G058,G054,-0.0001076898,-1
G078,G050,-0.000107701795,-1
G038,G001,-0.000107945794,-1
G019,G037,-0.00010797342,-1
G041,G027,-0.00010814523,-1
G044,G004,-0.00010816861,-1
G039,G089,-0.00010819018,-1
G034,G008,-0.000108493994,-1
G053,G006,-0.00010852795,-1
G054,G097,-0.00010867834,-1
G076,G021,-0.00010872758,-1
G076,G037,-0.000108747525,-1
G008,G035,-0.00010890631,-1
G077,G097,-0.00010891458,-1
G069,G007,-0.00010892881,-1
G062,G043,-0.00010893571,-1
G089,G040,-0.0001089654,-1
G035,G027,-0.00010901157,-1
G079,G019,-0.000109263885,-1
G008,G078,-0.00010947372,-1
G048,G040,-0.00010947608,-1
G051,G028,-0.00010954434,-1
G021,G065,-0.00010963652,-1
G053,G078,-0.0001096596,-1
G050,G054,-0.00010979698,-1
G014,G029,-0.000109804496,-1
G065,G061,-0.00011002661,-1
G051,G026,-0.00011005802,-1
G025,G095,-0.000110102,-1
G031,G065,-0.00011024978,-1
G016,G053,-0.00011028079,-1
G055,G047,-0.00011030427,-1
G034,G046,-0.000110373345,-1
G098,G083,-0.0001103907,-1
G030,G044,-0.00011041821,-1
G065,G079,-0.00011057077,-1
G092,G021,-0.000110721834,-1
G079,G013,-0.00011074977,-1
G033,G079,-0.00011080144,-1
G060,G035,-0.0001108682,-1
G049,G054,-0.000110951376,-1
G091,G098,-0.00011095273,-1
G039,G096,-0.000111069705,-1
G049,G014,-0.00011135044,-1
G081,G047,-0.00011136421,-1
G012,G039,-0.0001114304,-1
G073,G054,-0.00011145494,-1
G035,G061,-0.00011154804,-1
G016,G050,-0.000111607194,-1
G086,G009,-0.000111884634,-1
G034,G040,-0.000111884896,-1
G048,G033,-0.00011193111,-1
G049,G041,-0.000112005444,-1
G071,G028,-0.00011201286,-1
G029,G044,-0.000112045534,-1
G031,G079,-0.00011205401,-1
G025,G065,-0.00011220106,-1
G060,G078,-0.00011222594,-1
G034,G044,-0.00011234281,-1
G062,G048,-0.00011239836,-1
G054,G082,-0.000112430775,-1
G049,G057,-0.00011250121,-1
G061,G041,-0.000112602516,-1
G056,G052,-0.000112629,-1
G043,G048,-0.000112677146,-1
G043,G035,-0.00011273913,-1
G097,G013,-0.000112771864,-1
G060,G048,-0.00011280532,-1
G063,G070,-0.000112844435,-1
G092,G050,-0.000112916015,-1
G068,G077,-0.00011315531,-1
G073,G022,-0.000113177644,-1
G011,G074,-0.00011317948,-1
G050,G052,-0.00011333825,-1
G052,G100,-0.00011350955,-1
G030,G073,-0.000113606635,-1
G096,G067,-0.00011364933,-1
G092,G011,-0.0001137105,-1
G056,G057,-0.000113710674,-1
G001,G007,-0.000113791306,-1
G060,G097,-0.00011383065,-1
G048,G020,-0.00011393096,-1
G019,G070,-0.00011394475,-1
G020,G046,-0.000114266295,-1
G014,G035,-0.00011427934,-1
G029,G068,-0.0001143175,-1
G005,G072,-0.000114392424,-1
G094,G096,-0.000114418435,-1
G001,G066,-0.000114482486,-1
G054,G030,-0.00011463024,-1
G092,G005,-0.00011468148,-1
G035,G089,-0.00011471415,-1
G046,G050,-0.00011472132,-1
G006,G016,-0.00011473226,-1
G079,G011,-0.00011483532,-1
G040,G071,-0.00011494147,-1
G055,G020,-0.000114947536,-1
G029,G027,-0.00011528396,-1
G079,G041,-0.00011534629,-1
G033,G044,-0.000115446164,-1
G081,G054,-0.000115450064,-1
G005,G024,-0.00011547211,-1
G063,G045,-0.00011547816,-1
G016,G079,-0.00011554017,-1
G036,G052,-0.000115556686,-1
G041,G019,-0.0001155904,-1
G001,G030,-0.00011568608,-1
G086,G037,-0.000115800474,-1
G040,G069,-0.000115844654,-1
G024,G005,-0.00011598676,-1
G066,G019,-0.00011614599,-1
G081,G089,-0.00011623364,-1
G074,G001,-0.00011623602,-1
G059,G086,-0.00011629019,-1
G100,G001,-0.00011639537,-1
G079,G072,-0.00011649053,-1
G067,G043,-0.00011664098,-1
G094,G053,-0.000116689465,-1
G058,G089,-0.000116834046,-1
G074,G006,-0.00011689186,-1
G064,G063,-0.00011712767,-1
G062,G078,-0.00011715596,-1
G080,G086,-0.000117190546,-1
G015,G023,-0.000117222604,-1
G012,G093,-0.0001172316,-1
G063,G066,-0.00011724851,-1
G003,G044,-0.000117287935,-1
G076,G019,-0.000117313975,-1
G014,G043,-0.000117318836,-1
G039,G063,-0.00011764102,-1
G029,G038,-0.00011790734,-1
G094,G042,-0.00011805372,-1
G060,G042,-0.000118088414,-1
G023,G044,-0.0001181186,-1
G076,G094,-0.00011826715,-1
G057,G065,-0.00011826881,-1
G073,G097,-0.00011828346,-1
G044,G033,-0.00011856831,-1
G093,G015,-0.00011859101,-1
G070,G050,-0.00011869112,-1
G037,G029,-0.00011870178,-1
G060,G095,-0.00011871904,-1
G039,G019,-0.00011873223,-1
G014,G068,-0.00011876726,-1
G003,G027,-0.00011881858,-1
G023,G019,-0.00011911754,-1
G094,G081,-0.00011914471,-1
G008,G070,-0.0001191728,-1
G030,G005,-0.00011928589,-1
G057,G077,-0.0001195235,-1
G045,G086,-0.000119523815,-1
G021,G050,-0.000119719145,-1
G057,G046,-0.00011973775,-1
G008,G054,-0.00011974067,-1
G067,G069,-0.00011985566,-1
G027,G050,-0.00011989992,-1
G089,G041,-0.00011998567,-1
G016,G071,-0.000120003184,-1
G041,G070,-0.00012015531,-1
G060,G077,-0.000120289995,-1
G095,G033,-0.00012046655,-1
G089,G086,-0.00012048952,-1
G093,G019,-0.00012058781,-1
G095,G052,-0.00012063577,-1
G076,G073,-0.00012076128,-1
G043,G083,-0.00012083955,-1
G060,G010,-0.000120999845,-1
G094,G065,-0.000121267905,-1
G076,G089,-0.00012127723,-1
G014,G041,-0.000121587014,-1
G066,G001,-0.00012162863,-1
G029,G080,-0.0001217996,-1
G055,G008,-0.00012182264,-1
G020,G014,-0.000121857935,-1
G050,G061,-0.00012188152,-1
G037,G093,-0.00012195149,-1
G033,G068,-0.00012195315,-1
G060,G057,-0.000121989586,-1
G074,G025,-0.0001220863,-1
G046,G025,-0.00012213184,-1
G080,G077,-0.00012213227,-1
G031,G044,-0.00012215387,-1
G071,G060,-0.00012230997,-1
G036,G024,-0.00012240978,-1
G058,G077,-0.00012242637,-1
G054,G064,-0.00012250507,-1
G092,G057,-0.00012251546,-1
G041,G050,-0.00012261311,-1
G064,G096,-0.00012261348,-1
G065,G082,-0.00012261598,-1
G092,G083,-0.0001226379,-1
G079,G057,-0.00012291869,-1
G052,G006,-0.00012296085,-1
G061,G017,-0.00012310139,-1
G080,G093,-0.00012319424,-1
G091,G068,-0.00012325896,-1
G097,G089,-0.0001233421,-1
G095,G074,-0.0001236931,-1
G034,G065,-0.00012378614,-1
G094,G024,-0.00012387101,-1
G025,G079,-0.0001239706,-1
G077,G030,-0.00012406202,-1
G040,G047,-0.00012414696,-1
G095,G003,-0.00012421151,-1
G061,G043,-0.00012425962,-1
G097,G069,-0.00012429128,-1
G044,G069,-0.00012430351,-1
G056,G081,-0.00012438885,-1
G070,G043,-0.0001244614,-1
G005,G050,-0.00012466492,-1
G061,G086,-0.00012478058,-1
G054,G015,-0.00012482311,-1
G001,G018,-0.00012489452,-1
G065,G043,-0.00012490043,-1
G057,G011,-0.00012510132,-1
G027,G061,-0.0001251638,-1
G044,G052,-0.0001252319,-1
G054,G079,-0.00012539624,-1
G029,G070,-0.00012551979,-1
G062,G097,-0.00012552648,-1
G100,G063,-0.0001255308,-1
G009,G023,-0.00012568178,-1
G094,G035,-0.00012575967,-1
G004,G066,-0.00012584092,-1
G034,G064,-0.00012596602,-1
G046,G022,-0.00012599738,-1
G003,G038,-0.0001260923,-1
G082,G040,-0.00012609294,-1
G036,G079,-0.0001260972,-1
G042,G072,-0.00012612029,-1
G049,G080,-0.0001264676,-1
G012,G050,-0.00012649904,-1
G041,G061,-0.00012653795,-1
G047,G099,-0.00012656856,-1
G034,G057,-0.00012657834,-1
G005,G048,-0.00012661234,-1
G094,G063,-0.00012664283,-1
G030,G085,-0.00012664369,-1
G059,G003,-0.00012666485,-1
G033,G041,-0.00012671675,-1
G057,G013,-0.0001267386,-1
G020,G043,-0.00012682177,-1
G081,G096,-0.00012683442,-1
G055,G059,-0.00012688016,-1
G043,G093,-0.000126984,-1
G076,G050,-0.00012707427,-1
G036,G074,-0.00012711048,-1
G020,G066,-0.00012714387,-1
G064,G089,-0.000127153,-1
G068,G042,-0.00012724951,-1
G039,G095,-0.00012752479,-1
G065,G019,-0.00012766065,-1
G077,G084,-0.00012777386,-1
G088,G062,-0.00012779458,-1
G014,G084,-0.00012786276,-1
G080,G073,-0.00012786478,-1
G016,G095,-0.0001278667,-1
G084,G097,-0.00012795572,-1
G003,G052,-0.00012805259,-1
G001,G073,-0.0001280996,-1
G044,G068,-0.000128196,-1
G037,G080,-0.00012828546,-1
G097,G072,-0.00012865831,-1
G036,G014,-0.00012872528,-1
G092,G048,-0.00012883508,-1
G026,G020,-0.00012884235,-1
G008,G057,-0.00012889996,-1
G045,G033,-0.00012905765,-1
G067,G059,-0.00012917773,-1
G080,G072,-0.00012917863,-1
G006,G044,-0.00012938275,-1
G065,G042,-0.0001294964,-1
G094,G061,-0.00012964374,-1
G037,G068,-0.00012987011,-1
G096,G001,-0.00012993801,-1
G016,G036,-0.00013002806,-1
G008,G064,-0.00013016397,-1
G100,G086,-0.0001301968,-1
G047,G038,-0.00013019964,-1
G038,G029,-0.00013031383,-1
G060,G074,-0.00013045045,-1
G059,G020,-0.0001304632,-1
G093,G012,-0.00013055728,-1
G026,G065,-0.0001308452,-1
G063,G012,-0.00013096585,-1
G086,G052,-0.00013138649,-1
G065,G086,-0.00013141969,-1
G019,G082,-0.00013152535,-1
G050,G009,-0.00013165297,-1
G068,G043,-0.00013167092,-1
G052,G041,-0.00013171718,-1
G071,G068,-0.00013184772,-1
G095,G041,-0.00013187036,-1
G095,G094,-0.00013199211,-1
G029,G064,-0.0001320281,-1
G096,G031,-0.00013207058,-1
G020,G024,-0.00013258455,-1
G047,G065,-0.00013263818,-1
G051,G089,-0.00013281187,-1
G077,G064,-0.00013284241,-1
G051,G008,-0.00013290896,-1
G057,G071,-0.00013295154,-1
G008,G041,-0.00013302332,-1
G049,G023,-0.00013317357,-1
G061,G067,-0.00013319914,-1
G024,G042,-0.00013331565,-1
G060,G041,-0.00013353705,-1
G095,G064,-0.00013362554,-1
G077,G032,-0.00013374501,-1
G020,G094,-0.000133858,-1
G067,G093,-0.00013391484,-1
G014,G095,-0.00013396141,-1
G098,G038,-0.00013412823,-1
G008,G053,-0.00013413854,-1
G013,G016,-0.00013417088,-1
G080,G060,-0.00013469937,-1
G019,G056,-0.00013471008,-1
G096,G044,-0.00013476258,-1
G013,G021,-0.0001348149,-1
G074,G084,-0.00013485868,-1
G069,G005,-0.00013490378,-1
G064,G080,-0.00013496952,-1
G080,G069,-0.00013522262,-1
G047,G044,-0.00013522913,-1
G037,G049,-0.00013531397,-1
G077,G022,-0.00013536183,-1
G042,G053,-0.00013553661,-1
G014,G016,-0.00013568239,-1
G035,G057,-0.00013570393,-1
G024,G033,-0.00013576768,-1
G039,G027,-0.00013601837,-1
G055,G018,-0.00013602666,-1
G091,G010,-0.00013614236,-1
G065,G049,-0.00013614382,-1
G042,G024,-0.00013626013,-1
G009,G003,-0.00013634165,-1
G024,G064,-0.00013639158,-1
G005,G027,-0.00013653559,-1
G061,G097,-0.00013664973,-1
G008,G024,-0.00013670891,-1
G008,G033,-0.00013684656,-1
G049,G033,-0.00013699582,-1
G043,G082,-0.0001371025,-1
G093,G067,-0.00013712884,-1
G089,G013,-0.00013724183,-1
G013,G014,-0.00013739758,-1
G029,G042,-0.00013773986,-1
G100,G015,-0.00013774425,-1
G012,G071,-0.00013800441,-1
G094,G068,-0.00013806397,-1
G008,G077,-0.00013830888,-1
G094,G019,-0.00013839784,-1
G029,G036,-0.00013857745,-1
G003,G066,-0.00013858387,-1
G098,G042,-0.00013858995,-1
G089,G029,-0.00013874086,-1
G066,G097,-0.00013879247,-1
G034,G069,-0.00013887408,-1
G069,G050,-0.0001388746,-1
G008,G048,-0.00013895784,-1
G059,G004,-0.00013899335,-1
G057,G050,-0.00013912568,-1
G023,G033,-0.00013917328,-1
G035,G003,-0.00013922491,-1
G033,G057,-0.000139584,-1
G077,G043,-0.00013964526,-1
G029,G050,-0.00013969564,-1
G069,G015,-0.00013984223,-1
G083,G007,-0.00013986239,-1
G064,G057,-0.00013986521,-1
G066,G024,-0.00013993825,-1
G084,G008,-0.00014007305,-1
G014,G086,-0.0001401117,-1
G001,G040,-0.00014026377,-1
G086,G079,-0.00014032084,-1
G059,G044,-0.00014037435,-1
G029,G097,-0.00014040175,-1
G059,G097,-0.00014050362,-1
G031,G047,-0.00014053246,-1
G037,G016,-0.00014059641,-1
G024,G061,-0.00014061181,-1
G074,G048,-0.00014080397,-1
G021,G064,-0.0001408147,-1
G075,G022,-0.00014081845,-1
G067,G060,-0.0001408275,-1
G027,G019,-0.00014091395,-1
G068,G050,-0.00014101589,-1
G050,G063,-0.00014101641,-1
G025,G068,-0.00014106063,-1
G057,G005,-0.00014106627,-1
G065,G005,-0.00014106955,-1
G051,G022,-0.0001411009,-1
G001,G013,-0.00014112309,-1
G035,G030,-0.00014125727,-1
G028,G041,-0.00014129974,-1
G094,G044,-0.00014135228,-1
G039,G057,-0.00014147695,-1
G047,G005,-0.0001415518,-1
G062,G070,-0.00014165974,-1
G024,G041,-0.0001420521,-1
G094,G041,-0.00014205431,-1
G029,G041,-0.00014205728,-1
G062,G018,-0.00014212786,-1
G078,G014,-0.00014219421,-1
G091,G038,-0.00014222642,-1
G038,G070,-0.00014222943,-1
G014,G044,-0.0001424862,-1
G058,G088,-0.00014268969,-1
G082,G043,-0.00014276351,-1
G009,G001,-0.00014283837,-1
G025,G034,-0.00014301801,-1
G041,G003,-0.00014303355,-1
G036,G070,-0.00014324713,-1
G051,G077,-0.00014327772,-1
G043,G010,-0.00014365964,-1
G034,G060,-0.00014365987,-1
G078,G097,-0.00014373867,-1
G042,G026,-0.00014380294,-1
G095,G011,-0.000143868,-1
G023,G016,-0.00014398196,-1
G038,G096,-0.00014406128,-1
G098,G069,-0.00014407696,-1
G067,G024,-0.00014423775,-1
G031,G089,-0.0001442416,-1
G040,G074,-0.00014425901,-1
G021,G007,-0.00014463786,-1
G009,G065,-0.00014478364,-1
G049,G007,-0.0001449352,-1
G050,G072,-0.000145034,-1
G078,G091,-0.00014509547,-1
G029,G081,-0.00014544508,-1
G013,G038,-0.00014557192,-1
G085,G047,-0.0001457068,-1
G091,G065,-0.00014590012,-1
G042,G035,-0.00014590545,-1
G035,G080,-0.00014600265,-1
G067,G030,-0.00014606642,-1
G074,G069,-0.00014618627,-1
G027,G042,-0.00014621565,-1
G028,G090,-0.00014626735,-1
G048,G014,-0.00014648431,-1
G043,G065,-0.00014658886,-1
G056,G033,-0.0001466187,-1
G068,G072,-0.00014683155,-1
G012,G035,-0.00014683594,-1
G081,G048,-0.00014689298,-1
G085,G074,-0.00014706334,-1
G025,G077,-0.00014730012,-1
G041,G039,-0.00014745977,-1
G094,G070,-0.00014775248,-1
G027,G067,-0.00014779589,-1
G015,G095,-0.00014783382,-1
G044,G019,-0.00014788228,-1
G020,G013,-0.00014806415,-1
G050,G069,-0.00014807512,-1
G019,G068,-0.00014822978,-1
G054,G003,-0.00014827706,-1
G058,G001,-0.00014830807,-1
G047,G031,-0.00014843624,-1
G049,G026,-0.00014847866,-1
G034,G073,-0.00014854026,-1
G078,G084,-0.00014867798,-1
G039,G072,-0.00014872571,-1
G052,G042,-0.00014881394,-1
G008,G015,-0.00014883929,-1
G052,G005,-0.00014890467,-1
G016,G058,-0.00014909709,-1
G026,G044,-0.00014918808,-1
G058,G050,-0.00014921822,-1
G064,G037,-0.00014922957,-1
G030,G041,-0.00014924152,-1
G052,G037,-0.00014924385,-1
G069,G068,-0.00014939654,-1
G057,G044,-0.00014953349,-1
G012,G053,-0.00014990274,-1
G005,G033,-0.00014991127,-1
G008,G044,-0.00015000648,-1
G097,G009,-0.00015005043,-1
G060,G022,-0.00015008329,-1
G017,G044,-0.00015014548,-1
G015,G069,-0.00015032625,-1
G069,G009,-0.00015041321,-1
G039,G050,-0.00015057587,-1
G008,G036,-0.0001506868,-1
G080,G089,-0.00015078705,-1
G076,G086,-0.00015093423,-1
G036,G066,-0.00015094498,-1
G076,G092,-0.0001511507,-1
G073,G026,-0.00015119123,-1
G082,G023,-0.00015129067,-1
G023,G064,-0.00015133493,-1
G043,G004,-0.0001513694,-1
G014,G096,-0.00015138042,-1
G003,G048,-0.00015146687,-1
G067,G097,-0.00015151566,-1
G044,G036,-0.0001515611,-1
G027,G060,-0.00015157495,-1
G011,G051,-0.00015160712,-1
G029,G019,-0.00015161005,-1
G043,G079,-0.00015179455,-1
G055,G052,-0.00015181456,-1
G045,G034,-0.00015192751,-1
G030,G086,-0.00015205347,-1
G054,G019,-0.00015213407,-1
G024,G049,-0.00015216727,-1
G080,G024,-0.00015219337,-1
G057,G088,-0.00015245147,-1
G067,G053,-0.00015245935,-1
G008,G049,-0.00015247377,-1
G060,G025,-0.00015258921,-1
G014,G039,-0.00015275231,-1
G003,G043,-0.00015278297,-1
G088,G083,-0.00015279348,-1
G067,G061,-0.00015282577,-1
G054,G032,-0.00015294827,-1
G023,G081,-0.00015298666,-1
G062,G071,-0.00015323234,-1
G029,G039,-0.0001535608,-1
G047,G095,-0.00015374011,-1
G037,G024,-0.0001537762,-1
G031,G050,-0.00015393658,-1
G090,G071,-0.00015410676,-1
G067,G035,-0.0001541669,-1
G076,G068,-0.00015417543,-1
G027,G007,-0.00015440829,-1
G063,G080,-0.00015447027,-1
G070,G024,-0.00015448811,-1
G035,G047,-0.00015455761,-1
G026,G032,-0.00015460973,-1
G020,G029,-0.00015478348,-1
G068,G048,-0.00015488328,-1
G074,G067,-0.00015498049,-1
G059,G030,-0.00015545239,-1
G038,G024,-0.00015553283,-1
G064,G066,-0.0001555763,-1
G054,G066,-0.00015578336,-1
G013,G035,-0.00015579248,-1
G009,G008,-0.00015590803,-1
G095,G089,-0.00015594943,-1
G016,G003,-0.00015621279,-1
G056,G097,-0.00015621472,-1
G017,G081,-0.00015623118,-1
G012,G061,-0.00015625665,-1
G038,G044,-0.00015634774,-1
G082,G068,-0.0001563615,-1
G048,G030,-0.00015664159,-1
G055,G094,-0.00015671807,-1
G100,G060,-0.00015694149,-1
G056,G006,-0.00015739331,-1
G053,G099,-0.00015741725,-1
G058,G040,-0.00015744768,-1
G011,G013,-0.00015747666,-1
G074,G094,-0.00015748442,-1
G063,G004,-0.00015753027,-1
G098,G079,-0.00015759232,-1
G036,G086,-0.00015760238,-1
G005,G078,-0.00015768017,-1
G068,G053,-0.0001579039,-1
G011,G035,-0.00015802128,-1
G030,G050,-0.00015809938,-1
G034,G090,-0.00015814093,-1
G014,G019,-0.00015816303,-1
G030,G060,-0.00015846275,-1
G086,G015,-0.00015850583,-1
G057,G029,-0.00015851553,-1
G055,G001,-0.00015858114,-1
G076,G024,-0.00015866199,-1
G023,G028,-0.00015875974,-1
G091,G053,-0.00015877157,-1
G030,G090,-0.00015881889,-1
G005,G088,-0.00015886118,-1
G013,G070,-0.00015889171,-1
G055,G037,-0.00015895927,-1
G070,G062,-0.00015924139,-1
G091,G082,-0.00015931521,-1
G038,G019,-0.00015952316,-1
G079,G008,-0.00015960723,-1
G023,G005,-0.00015961769,-1
G074,G026,-0.00015970002,-1
G049,G070,-0.00015971,-1
G024,G095,-0.00016030653,-1
G057,G052,-0.00016036975,-1
G076,G070,-0.00016075914,-1
G048,G050,-0.00016086388,-1
G008,G047,-0.000160877,-1
G034,G081,-0.00016092791,-1
G023,G029,-0.000161027,-1
G045,G058,-0.00016106076,-1
G069,G065,-0.00016107551,-1
G031,G097,-0.00016109407,-1
G074,G043,-0.00016121396,-1
G019,G044,-0.00016125574,-1
G020,G035,-0.0001613621,-1
G015,G006,-0.00016139282,-1
G093,G024,-0.00016163259,-1
G031,G003,-0.00016175397,-1
G034,G003,-0.00016180892,-1
G065,G036,-0.000161889,-1
G021,G083,-0.00016205454,-1
G007,G017,-0.00016207567,-1
G086,G068,-0.00016208306,-1
G074,G089,-0.00016209402,-1
G073,G053,-0.00016211525,-1
G021,G030,-0.0001626658,-1
G054,G060,-0.00016312575,-1
G079,G086,-0.00016327285,-1
G071,G025,-0.00016341085,-1
G094,G060,-0.000163806,-1
G078,G011,-0.00016398808,-1
G084,G053,-0.00016413422,-1
G080,G044,-0.00016418895,-1
G053,G065,-0.00016423216,-1
G048,G021,-0.00016429723,-1
G026,G072,-0.00016431764,-1
G059,G089,-0.0001643327,-1
G040,G055,-0.00016435282,-1
G046,G072,-0.00016437608,-1
G074,G033,-0.0001643916,-1
G025,G029,-0.0001644034,-1
G080,G051,-0.00016443248,-1
G073,G094,-0.00016464727,-1
G069,G010,-0.00016481164,-1
G030,G043,-0.00016491381,-1
G044,G091,-0.0001649708,-1
G063,G091,-0.00016508505,-1
G097,G050,-0.00016509302,-1
G049,G035,-0.00016537966,-1
G008,G040,-0.00016539724,-1
G039,G048,-0.00016544694,-1
G037,G033,-0.00016553883,-1
G035,G066,-0.00016563383,-1
G052,G083,-0.00016569211,-1
G021,G079,-0.000165709,-1
G019,G026,-0.0001658808,-1
G076,G020,-0.00016596672,-1
G098,G049,-0.00016609296,-1
G001,G043,-0.00016616718,-1
G098,G065,-0.00016621486,-1
G005,G098,-0.00016655255,-1
G071,G045,-0.00016659785,-1
G045,G039,-0.00016660978,-1
G030,G069,-0.0001666196,-1
G061,G035,-0.00016680978,-1
G031,G025,-0.00016692646,-1
G065,G056,-0.00016697281,-1
G034,G005,-0.0001670328,-1
G084,G004,-0.00016704582,-1
G034,G029,-0.00016704854,-1
G039,G066,-0.00016707649,-1
G016,G082,-0.00016758377,-1
G060,G036,-0.00016787699,-1
G098,G061,-0.0001680071,-1
G009,G046,-0.00016807514,-1
G077,G044,-0.00016813535,-1
G071,G097,-0.00016856838,-1
G049,G021,-0.00016859711,-1
G012,G079,-0.00016884624,-1
G014,G055,-0.00016896408,-1
G070,G086,-0.000169051,-1
G066,G081,-0.0001690913,-1
G038,G041,-0.00016916203,-1
G093,G060,-0.00016918273,-1
G020,G097,-0.00016920017,-1
G059,G041,-0.00016924836,-1
G012,G010,-0.00016940423,-1
G059,G036,-0.00016942219,-1
G030,G064,-0.00016965269,-1
G073,G041,-0.0001697093,-1
G051,G046,-0.00016975687,-1
G041,G089,-0.00016989079,-1
G043,G009,-0.00016989793,-1
G031,G014,-0.00016996487,-1
G033,G081,-0.00016999397,-1
G046,G093,-0.00017000077,-1
G037,G070,-0.00017004609,-1
G008,G094,-0.00017029935,-1
G086,G012,-0.00017046797,-1
G020,G069,-0.00017053158,-1
G035,G059,-0.0001705884,-1
G008,G093,-0.00017071493,-1
G023,G024,-0.00017072727,-1
G011,G024,-0.00017073212,-1
G025,G060,-0.00017092234,-1
G095,G055,-0.00017105814,-1
G019,G014,-0.00017107242,-1
G075,G072,-0.0001713553,-1
G070,G064,-0.00017160713,-1
G040,G043,-0.00017188255,-1
G025,G004,-0.00017195013,-1
G023,G035,-0.00017198526,-1
G054,G081,-0.00017205316,-1
G036,G025,-0.00017223723,-1
G076,G043,-0.0001723356,-1
G080,G043,-0.00017251052,-1
G071,G006,-0.0001726491,-1
G012,G027,-0.0001726555,-1
G014,G093,-0.00017310833,-1
G030,G046,-0.00017311276,-1
G076,G064,-0.00017332789,-1
G076,G004,-0.00017352718,-1
G019,G077,-0.00017354381,-1
G030,G075,-0.0001736346,-1
G052,G073,-0.00017366871,-1
G062,G008,-0.0001737053,-1
G086,G095,-0.00017371011,-1
G033,G070,-0.00017400089,-1
G093,G044,-0.00017403754,-1
G030,G071,-0.00017407165,-1
G048,G055,-0.0001740899,-1
G040,G089,-0.00017432142,-1
G046,G095,-0.00017434418,-1
G076,G044,-0.00017478569,-1
G076,G036,-0.00017492301,-1
G091,G077,-0.0001751792,-1
G059,G018,-0.00017521418,-1
G033,G089,-0.00017532914,-1
G027,G077,-0.00017561264,-1
G015,G074,-0.0001757839,-1
G014,G066,-0.000175933,-1
G019,G047,-0.00017602662,-1
G071,G024,-0.0001761712,-1
G011,G046,-0.00017628091,-1
G053,G100,-0.00017629888,-1
G005,G004,-0.00017638075,-1
G051,G066,-0.00017642495,-1
G040,G027,-0.00017647026,-1
G099,G017,-0.0001765706,-1
G033,G035,-0.00017670705,-1
G046,G083,-0.00017678115,-1
G001,G034,-0.00017687025,-1
G012,G018,-0.0001769304,-1
G093,G066,-0.00017702096,-1
G016,G097,-0.00017703613,-1
G069,G077,-0.00017717437,-1
G078,G006,-0.00017730817,-1
G047,G012,-0.00017731673,-1
G078,G010,-0.00017735563,-1
G016,G076,-0.00017735948,-1
G079,G063,-0.00017754383,-1
G061,G006,-0.00017762353,-1
G017,G093,-0.00017764681,-1
G034,G032,-0.00017767986,-1
G080,G009,-0.00017772896,-1
G100,G089,-0.00017785255,-1
G057,G080,-0.00017785985,-1
G091,G081,-0.00017817513,-1
G020,G044,-0.00017822145,-1
G015,G001,-0.00017826441,-1
G050,G015,-0.0001782744,-1
G054,G006,-0.00017839656,-1
G049,G094,-0.00017846994,-1
G040,G033,-0.00017900969,-1
G095,G079,-0.0001791564,-1
G092,G024,-0.00017966384,-1
G073,G059,-0.00017966796,-1
G005,G094,-0.00018000203,-1
G043,G031,-0.00018004417,-1
G084,G086,-0.00018038556,-1
G053,G026,-0.0001805114,-1
G080,G038,-0.00018069749,-1
G040,G016,-0.00018070618,-1
G051,G030,-0.00018080925,-1
G025,G072,-0.00018098381,-1
G008,G021,-0.00018102123,-1
G081,G072,-0.00018121909,-1
G064,G092,-0.00018134616,-1
G025,G033,-0.00018142058,-1
G062,G030,-0.00018153351,-1
G052,G038,-0.00018162029,-1
G098,G070,-0.0001816824,-1
G058,G098,-0.00018176541,-1
G075,G046,-0.00018179232,-1
G021,G037,-0.00018216546,-1
G055,G086,-0.00018245925,-1
G055,G039,-0.00018260196,-1
G074,G063,-0.00018266817,-1
G011,G095,-0.00018269486,-1
G002,G053,-0.00018275622,-1
G047,G090,-0.00018286248,-1
G013,G027,-0.00018328546,-1
G086,G065,-0.00018329672,-1
G092,G094,-0.00018335535,-1
G026,G060,-0.00018342669,-1
G086,G019,-0.00018352432,-1
G012,G089,-0.00018357225,-1
G027,G043,-0.0001837284,-1
G081,G036,-0.00018411607,-1
G008,G061,-0.00018428045,-1
G098,G033,-0.00018435871,-1
G039,G071,-0.00018436978,-1
G082,G061,-0.00018443551,-1
G040,G037,-0.00018471415,-1
G063,G065,-0.00018474528,-1
G036,G097,-0.00018484727,-1
G077,G008,-0.00018489148,-1
G076,G014,-0.00018498217,-1
G069,G033,-0.0001850995,-1
G043,G017,-0.00018510528,-1
G089,G015,-0.00018534194,-1
G084,G011,-0.00018555786,-1
G048,G080,-0.00018581237,-1
G012,G048,-0.00018585818,-1
G048,G027,-0.00018593398,-1
G081,G027,-0.00018623988,-1
G014,G045,-0.00018638445,-1
G076,G003,-0.0001863905,-1
G066,G083,-0.00018640506,-1
G061,G050,-0.0001864088,-1
G063,G039,-0.00018650957,-1
G054,G044,-0.00018654969,-1
G064,G043,-0.00018674781,-1
G088,G030,-0.00018709141,-1
G048,G024,-0.00018727817,-1
G001,G068,-0.00018740773,-1
G076,G042,-0.00018752471,-1
G025,G089,-0.0001875381,-1
G080,G007,-0.00018762071,-1
G051,G032,-0.0001877075,-1
G005,G023,-0.00018774247,-1
G080,G029,-0.00018789087,-1
G043,G042,-0.00018807364,-1
G052,G060,-0.00018824583,-1
G037,G030,-0.00018835878,-1
G065,G004,-0.00018842393,-1
G059,G093,-0.00018846846,-1
G096,G036,-0.00018851714,-1
G025,G096,-0.0001887276,-1
G077,G060,-0.00018876707,-1
G013,G009,-0.00018886926,-1
G016,G056,-0.00018895253,-1
G065,G027,-0.00018902276,-1
G086,G060,-0.00018912797,-1
G100,G030,-0.00018920751,-1
G036,G004,-0.00018956102,-1
G062,G092,-0.00018959098,-1
G007,G065,-0.00018960766,-1
G013,G059,-0.00018973679,-1
G062,G052,-0.00018990647,-1
G031,G068,-0.00019016578,-1
G098,G014,-0.0001902227,-1
G067,G044,-0.00019022521,-1
G092,G035,-0.00019069416,-1
G064,G035,-0.00019084317,-1
G011,G030,-0.00019089409,-1
G025,G056,-0.00019105198,-1
G007,G010,-0.00019127596,-1
G084,G057,-0.00019151907,-1
G056,G064,-0.00019155485,-1
G009,G069,-0.00019179024,-1
G013,G078,-0.00019185389,-1
G015,G026,-0.00019192786,-1
G100,G053,-0.00019205392,-1
G042,G046,-0.00019207419,-1
G079,G003,-0.0001922462,-1
G043,G041,-0.00019237114,-1
G016,G014,-0.00019249195,-1
G020,G068,-0.0001928716,-1
G070,G092,-0.00019288667,-1
G021,G019,-0.0001931628,-1
G078,G066,-0.00019318155,-1
G032,G011,-0.00019356594,-1
G045,G040,-0.00019363628,-1
G031,G081,-0.00019364063,-1
G046,G035,-0.0001937863,-1
G043,G021,-0.00019430892,-1
G066,G027,-0.00019464856,-1
G040,G039,-0.00019471107,-1
G074,G010,-0.00019520217,-1
G073,G055,-0.00019539957,-1
G071,G040,-0.00019550831,-1
G082,G010,-0.00019561111,-1
G096,G068,-0.00019562877,-1
G052,G097,-0.00019568655,-1
G061,G029,-0.00019577846,-1
G064,G048,-0.00019585912,-1
G034,G019,-0.00019588586,-1
G006,G010,-0.00019589864,-1
G058,G093,-0.00019605142,-1
G061,G027,-0.00019607508,-1
G056,G020,-0.00019616986,-1
G063,G094,-0.00019629314,-1
G048,G081,-0.00019630407,-1
G088,G043,-0.00019634311,-1
G088,G096,-0.0001963605,-1
G023,G026,-0.00019648465,-1
G035,G093,-0.00019649144,-1
G043,G060,-0.00019657997,-1
G052,G040,-0.00019666967,-1
G026,G098,-0.00019670275,-1
G021,G026,-0.00019675853,-1
G095,G097,-0.00019677513,-1
G009,G047,-0.00019685311,-1
G096,G025,-0.00019715258,-1
G026,G086,-0.00019730206,-1
G062,G049,-0.00019734299,-1
G033,G022,-0.00019740772,-1
G081,G031,-0.0001975153,-1
G001,G060,-0.00019757543,-1
G003,G089,-0.00019762144,-1
G042,G011,-0.00019781702,-1
G098,G052,-0.0001979067,-1
G065,G050,-0.00019793113,-1
G080,G042,-0.00019813247,-1
G082,G017,-0.00019827869,-1
G004,G063,-0.00019835588,-1
G047,G079,-0.00019837165,-1
G049,G089,-0.00019840717,-1
G077,G092,-0.00019857612,-1
G089,G097,-0.00019866557,-1
G037,G017,-0.000198691,-1
G037,G007,-0.00019876023,-1
G055,G084,-0.00019898544,-1
G053,G062,-0.00019922876,-1
G081,G020,-0.00019929414,-1
G023,G097,-0.000199366,-1
G060,G068,-0.00019957997,-1
G082,G070,-0.00019960543,-1
G092,G034,-0.00019973196,-1
G040,G050,-0.00019997015,-1
G060,G043,-0.00020001615,-1
G069,G042,-0.00020033884,-1
G029,G009,-0.00020050071,-1
G033,G050,-0.00020051349,-1
G014,G033,-0.00020097551,-1
G037,G072,-0.00020113293,-1
G031,G070,-0.00020143104,-1
G069,G049,-0.00020165405,-1
G082,G044,-0.00020168537,-1
G005,G026,-0.00020180907,-1
G084,G027,-0.00020199886,-1
G005,G003,-0.00020202652,-1
G056,G066,-0.00020206977,-1
G067,G029,-0.00020214848,-1
G062,G033,-0.00020224953,-1
G053,G092,-0.00020244956,-1
G095,G098,-0.00020259719,-1
G072,G041,-0.00020265707,-1
G040,G072,-0.00020274387,-1
G093,G053,-0.00020274999,-1
G066,G031,-0.00020306838,-1
G069,G096,-0.00020320798,-1
G003,G006,-0.00020323998,-1
G077,G083,-0.00020331805,-1
G001,G094,-0.00020333336,-1
G082,G039,-0.0002036841,-1
G057,G089,-0.00020369442,-1
G043,G047,-0.00020381398,-1
G034,G049,-0.0002038219,-1
G086,G084,-0.0002041439,-1
G008,G019,-0.00020422453,-1
G064,G053,-0.00020465154,-1
G011,G048,-0.0002050166,-1
G019,G043,-0.00020502432,-1
G070,G011,-0.00020507675,-1
G070,G081,-0.00020529711,-1
G001,G042,-0.00020561273,-1
G079,G052,-0.00020585275,-1
G040,G005,-0.00020597484,-1
G007,G053,-0.0002060582,-1
G079,G062,-0.00020610238,-1
G091,G055,-0.00020610825,-1
G066,G041,-0.00020620329,-1
G061,G078,-0.0002062479,-1
G052,G039,-0.00020643974,-1
G063,G047,-0.0002066732,-1
G046,G081,-0.00020667992,-1
G056,G059,-0.00020681425,-1
G073,G013,-0.0002068438,-1
G039,G097,-0.00020708345,-1
G065,G038,-0.00020710661,-1
G093,G025,-0.00020725299,-1
G008,G066,-0.00020748941,-1
G020,G052,-0.00020751868,-1
G057,G070,-0.0002075476,-1
G089,G052,-0.00020763495,-1
G016,G024,-0.00020808003,-1
G052,G072,-0.00020815314,-1
G066,G061,-0.00020815618,-1
G089,G073,-0.00020836643,-1
G014,G046,-0.00020852756,-1
G079,G065,-0.00020861601,-1
G070,G003,-0.0002090137,-1
G045,G016,-0.0002092553,-1
G014,G064,-0.00020939854,-1
G089,G093,-0.0002094983,-1
G023,G066,-0.0002095122,-1
G003,G057,-0.00020952785,-1
G015,G034,-0.0002095923,-1
G027,G005,-0.0002098009,-1
G098,G050,-0.00020986903,-1
G020,G064,-0.00021038338,-1
G095,G008,-0.00021065952,-1
G084,G061,-0.00021075932,-1
G092,G042,-0.00021081367,-1
G026,G053,-0.00021088586,-1
G014,G042,-0.00021088685,-1
G095,G066,-0.0002110323,-1
G070,G048,-0.0002113513,-1
G034,G035,-0.00021136472,-1
G059,G019,-0.00021136893,-1
G047,G060,-0.00021150966,-1
G047,G024,-0.00021160024,-1
G006,G034,-0.00021174013,-1
G020,G031,-0.00021176139,-1
G095,G061,-0.00021185954,-1
G076,G006,-0.00021221186,-1
G035,G005,-0.00021228906,-1
G022,G090,-0.00021236684,-1
G012,G047,-0.00021269516,-1
G012,G057,-0.00021276099,-1
G048,G003,-0.00021297525,-1
G015,G003,-0.00021315223,-1
G011,G052,-0.00021320104,-1
G022,G007,-0.00021323808,-1
G055,G004,-0.00021333559,-1
G038,G017,-0.0002134315,-1
G075,G083,-0.00021350483,-1
G001,G081,-0.00021357265,-1
G086,G053,-0.00021375198,-1
G049,G096,-0.00021400477,-1
G061,G053,-0.0002140445,-1
G016,G037,-0.00021418126,-1
G055,G034,-0.00021423903,-1
G088,G058,-0.00021451236,-1
G081,G051,-0.00021452688,-1
G088,G017,-0.0002145759,-1
G056,G036,-0.00021481991,-1
G080,G026,-0.0002148877,-1
G059,G016,-0.00021496062,-1
G093,G011,-0.00021512425,-1
G027,G054,-0.0002151261,-1
G061,G039,-0.00021515216,-1
G044,G065,-0.0002155344,-1
G043,G096,-0.00021569461,-1
G088,G042,-0.000215855,-1
G076,G026,-0.00021597253,-1
G048,G079,-0.00021621297,-1
G092,G007,-0.00021627075,-1
G049,G003,-0.00021639043,-1
G027,G034,-0.00021640222,-1
G008,G003,-0.00021645671,-1
G006,G053,-0.00021660155,-1
G030,G097,-0.00021670817,-1
G027,G024,-0.00021683067,-1
G044,G066,-0.00021700791,-1
G071,G041,-0.00021704675,-1
G082,G063,-0.00021708202,-1
G046,G060,-0.00021729412,-1
G024,G036,-0.00021751552,-1
G067,G014,-0.00021760327,-1
G030,G088,-0.00021771713,-1
G042,G082,-0.0002179364,-1
G004,G094,-0.00021797791,-1
G081,G043,-0.00021803043,-1
G023,G032,-0.00021828285,-1
G064,G026,-0.0002184247,-1
G050,G077,-0.0002186972,-1
G015,G021,-0.0002187195,-1
G005,G012,-0.00021878803,-1
G039,G081,-0.0002190133,-1
G096,G021,-0.00021911894,-1
G070,G037,-0.00021930772,-1
G062,G091,-0.00021935333,-1
G055,G082,-0.00021941494,-1
G027,G039,-0.00021953238,-1
G033,G003,-0.00021960142,-1
G058,G064,-0.00021967346,-1
G005,G019,-0.00021975144,-1
G067,G042,-0.0002199892,-1
G097,G053,-0.00022015042,-1
G021,G090,-0.00022035856,-1
G013,G043,-0.00022064224,-1
G089,G057,-0.00022067009,-1
G097,G079,-0.00022070386,-1
G057,G092,-0.00022085122,-1
G047,G025,-0.00022118524,-1
G076,G081,-0.00022181738,-1
G017,G069,-0.00022192008,-1
G069,G092,-0.0002220624,-1
G062,G041,-0.00022209737,-1
G086,G033,-0.00022219963,-1
G030,G070,-0.00022224078,-1
G001,G033,-0.0002223158,-1
G079,G064,-0.00022260948,-1
G080,G016,-0.00022272479,-1
G020,G018,-0.00022286495,-1
G005,G061,-0.00022296523,-1
G005,G047,-0.00022323607,-1
G001,G045,-0.00022325109,-1
G037,G008,-0.00022335359,-1
G048,G009,-0.00022369757,-1
G060,G032,-0.00022372587,-1
G084,G060,-0.00022393258,-1
G020,G086,-0.00022419209,-1
G067,G021,-0.00022471414,-1
G031,G024,-0.00022502807,-1
G008,G050,-0.00022508518,-1
G043,G054,-0.00022515724,-1
G054,G072,-0.00022522511,-1
G062,G034,-0.00022538133,-1
G045,G095,-0.00022563255,-1
G091,G015,-0.00022568241,-1
G005,G053,-0.00022572339,-1
G062,G086,-0.00022636612,-1
G073,G036,-0.00022637282,-1
G091,G076,-0.0002264977,-1
G097,G039,-0.0002264978,-1
G038,G076,-0.0002268024,-1
G026,G003,-0.0002268028,-1
G044,G016,-0.00022687436,-1
G033,G052,-0.00022693176,-1
G001,G077,-0.00022727902,-1
G060,G082,-0.00022729726,-1
G006,G047,-0.00022745064,-1
G029,G089,-0.00022778625,-1
G093,G042,-0.00022794007,-1
G060,G064,-0.00022815462,-1
G030,G061,-0.0002281602,-1
G076,G056,-0.00022816057,-1
G080,G064,-0.00022819478,-1
G053,G088,-0.00022840068,-1
G021,G043,-0.00022859614,-1
G091,G027,-0.00022888213,-1
G076,G074,-0.00022893772,-1
G059,G068,-0.00022941509,-1
G059,G025,-0.00022963209,-1
G056,G071,-0.00022968405,-1
G069,G053,-0.00022975769,-1
G060,G019,-0.00022981467,-1
G035,G065,-0.00022999122,-1
G057,G016,-0.0002301415,-1
G034,G048,-0.00023020834,-1
G064,G070,-0.0002303836,-1
G030,G004,-0.00023041034,-1
G069,G044,-0.00023055845,-1
G089,G069,-0.00023076085,-1
G006,G059,-0.00023078699,-1
G020,G072,-0.00023083646,-1
G048,G044,-0.00023119082,-1
G064,G093,-0.00023129913,-1
G041,G024,-0.00023148555,-1
G035,G024,-0.00023160862,-1
G056,G053,-0.00023163055,-1
G088,G073,-0.00023166448,-1
G033,G024,-0.00023175687,-1
G098,G078,-0.00023180808,-1
G042,G070,-0.00023196178,-1
G011,G018,-0.00023203212,-1
G094,G052,-0.00023221168,-1
G071,G046,-0.00023238242,-1
G060,G053,-0.00023273547,-1
G056,G017,-0.00023281766,-1
G019,G039,-0.00023327842,-1
G042,G008,-0.0002333064,-1
G067,G049,-0.00023367547,-1
G065,G081,-0.00023375043,-1
G026,G068,-0.0002337889,-1
G056,G049,-0.00023412,-1
G026,G057,-0.00023413893,-1
G043,G014,-0.00023417022,-1
G056,G021,-0.00023430033,-1
G077,G072,-0.00023460152,-1
G069,G003,-0.00023476465,-1
G011,G076,-0.00023494358,-1
G093,G026,-0.00023512129,-1
G078,G070,-0.00023519954,-1
G074,G027,-0.00023553439,-1
G061,G026,-0.00023562924,-1
G059,G069,-0.00023573586,-1
G091,G009,-0.00023590354,-1
G012,G020,-0.0002359832,-1
G014,G048,-0.00023615744,-1
G086,G091,-0.00023627328,-1
G078,G013,-0.0002363341,-1
G011,G096,-0.00023641296,-1
G062,G016,-0.00023650684,-1
G050,G042,-0.0002365743,-1
G092,G100,-0.00023669068,-1
G052,G093,-0.00023675224,-1
G083,G026,-0.00023716727,-1
G006,G025,-0.00023722571,-1
G035,G092,-0.00023738218,-1
G001,G057,-0.00023849646,-1
G049,G013,-0.00023850426,-1
G088,G097,-0.00023894572,-1
G058,G009,-0.00023897726,-1
G053,G033,-0.00023926496,-1
G063,G019,-0.00023932186,-1
G071,G058,-0.00023951543,-1
G054,G043,-0.00023954203,-1
G061,G081,-0.00023956143,-1
G084,G096,-0.00023966639,-1
G009,G011,-0.00023972796,-1
G001,G078,-0.00024000602,-1
G066,G086,-0.0002400561,-1
G037,G073,-0.00024010638,-1
G082,G072,-0.00024023274,-1
G041,G091,-0.00024029013,-1
G001,G072,-0.0002409785,-1
G086,G024,-0.00024112081,-1
G049,G016,-0.00024118766,-1
G045,G047,-0.00024120024,-1
G035,G007,-0.00024131079,-1
G066,G079,-0.00024151363,-1
G043,G006,-0.00024161542,-1
G005,G063,-0.000241751,-1
G043,G020,-0.0002418227,-1
G055,G005,-0.00024201589,-1
G038,G006,-0.00024240499,-1
G084,G025,-0.00024248972,-1
G053,G039,-0.00024253702,-1
G023,G070,-0.00024273586,-1
G096,G054,-0.0002427587,-1
G011,G088,-0.00024295461,-1
G014,G047,-0.00024320524,-1
G095,G081,-0.00024332892,-1
G061,G064,-0.00024381805,-1
G061,G031,-0.00024399093,-1
G088,G027,-0.00024404965,-1
G059,G024,-0.00024464694,-1
G025,G076,-0.00024474776,-1
G052,G026,-0.00024478574,-1
G001,G037,-0.00024483685,-1
G088,G053,-0.00024518318,-1
G054,G089,-0.00024535565,-1
G043,G034,-0.00024536965,-1
G092,G019,-0.00024581832,-1
G040,G098,-0.0002463524,-1
G004,G096,-0.0002464014,-1
G030,G077,-0.000246599,-1
G036,G067,-0.00024661736,-1
G098,G019,-0.00024670456,-1
G065,G093,-0.00024731318,-1
G052,G066,-0.00024745817,-1
G026,G047,-0.000247755,-1
G024,G030,-0.00024787465,-1
G011,G039,-0.0002483311,-1
G024,G053,-0.00024864764,-1
G008,G081,-0.00024890277,-1
G047,G055,-0.00024891415,-1
G015,G033,-0.00024938205,-1
G035,G043,-0.00025002743,-1
G054,G095,-0.0002501877,-1
G001,G005,-0.0002503798,-1
G030,G036,-0.00025054044,-1
G057,G019,-0.00025065165,-1
G021,G042,-0.00025068378,-1
G042,G062,-0.00025111545,-1
G098,G041,-0.0002511359,-1
G055,G042,-0.00025117776,-1
G083,G062,-0.00025134842,-1
G038,G063,-0.00025137074,-1
G039,G093,-0.00025162118,-1
G025,G074,-0.0002517385,-1
G086,G073,-0.00025217183,-1
G092,G052,-0.00025221796,-1
G061,G047,-0.0002523229,-1
G030,G040,-0.00025281834,-1
G078,G035,-0.00025286185,-1
G074,G015,-0.00025290356,-1
G090,G002,-0.00025295647,-1
G089,G019,-0.0002530885,-1
G016,G055,-0.0002532065,-1
G008,G043,-0.0002533456,-1
G055,G060,-0.00025334774,-1
G100,G034,-0.00025350536,-1
G078,G073,-0.0002535141,-1
G100,G040,-0.0002537285,-1
G044,G081,-0.00025385054,-1
G054,G052,-0.0002542189,-1
G046,G053,-0.00025461765,-1
G003,G081,-0.00025477872,-1
G061,G044,-0.0002547904,-1
G024,G097,-0.0002550532,-1
G036,G030,-0.00025531361,-1
G069,G027,-0.00025542895,-1
G097,G047,-0.00025548637,-1
G083,G076,-0.00025568844,-1
G073,G019,-0.00025617023,-1
G016,G039,-0.00025630448,-1
G031,G052,-0.00025649538,-1
G091,G029,-0.00025683764,-1
G074,G064,-0.00025716706,-1
G091,G018,-0.00025730813,-1
G092,G016,-0.00025741215,-1
G043,G094,-0.00025769678,-1
G043,G066,-0.00025782944,-1
G005,G079,-0.00025790656,-1
G039,G044,-0.00025798526,-1
G017,G053,-0.00025823855,-1
G041,G012,-0.00025828872,-1
G088,G018,-0.0002583152,-1
G096,G003,-0.0002586262,-1
G006,G005,-0.00025864007,-1
G052,G089,-0.0002587342,-1
G007,G059,-0.00025891972,-1
G020,G037,-0.00025902744,-1
G074,G021,-0.00025905287,-1
G069,G094,-0.00025919924,-1
G089,G078,-0.000259438,-1
G007,G019,-0.0002595032,-1
G071,G033,-0.00025953836,-1
G009,G020,-0.00025973763,-1
G001,G024,-0.00026008213,-1
G007,G092,-0.00026025082,-1
G059,G070,-0.00026028568,-1
G097,G024,-0.00026030917,-1
G013,G077,-0.00026035644,-1
G093,G094,-0.00026085082,-1
G086,G030,-0.00026095498,-1
G040,G044,-0.00026098135,-1
G086,G035,-0.00026115795,-1
G051,G079,-0.00026121375,-1
G075,G090,-0.00026145016,-1
G057,G098,-0.00026175778,-1
G053,G097,-0.0002619094,-1
G007,G074,-0.0002621348,-1
G062,G015,-0.000262204,-1
G089,G003,-0.000262572,-1
G076,G047,-0.00026296847,-1
G041,G043,-0.00026300075,-1
G020,G050,-0.00026410847,-1
G098,G035,-0.00026416662,-1
G009,G091,-0.00026421234,-1
G045,G081,-0.0002645131,-1
G059,G082,-0.00026459814,-1
G084,G077,-0.00026478985,-1
G077,G079,-0.00026482824,-1
G068,G052,-0.0002651483,-1
G020,G081,-0.00026535202,-1
G076,G057,-0.00026567315,-1
G080,G010,-0.00026600793,-1
G088,G041,-0.00026606547,-1
G093,G033,-0.00026610759,-1
G051,G091,-0.00026611597,-1
G097,G100,-0.0002662154,-1
G008,G097,-0.00026700826,-1
G089,G077,-0.000267135,-1
G035,G004,-0.00026714423,-1
G011,G078,-0.00026735014,-1
G012,G066,-0.00026761065,-1
G089,G066,-0.00026767887,-1
G028,G032,-0.0002679685,-1
G047,G029,-0.00026798062,-1
G095,G043,-0.00026818182,-1
G055,G068,-0.00026822032,-1
G025,G045,-0.00026830382,-1
G071,G053,-0.00026839133,-1
G006,G018,-0.00026882105,-1
G020,G027,-0.00026898005,-1
G071,G037,-0.00026924218,-1
G015,G057,-0.00026986326,-1
G001,G015,-0.00026999097,-1
G073,G092,-0.00027008742,-1
G012,G075,-0.00027010238,-1
G058,G096,-0.00027020386,-1
G004,G009,-0.00027029123,-1
G097,G094,-0.0002702962,-1
G063,G072,-0.00027071082,-1
G037,G062,-0.00027079004,-1
G045,G068,-0.0002708055,-1
G015,G046,-0.00027082078,-1
G083,G060,-0.00027084426,-1
G041,G081,-0.00027095375,-1
G084,G048,-0.00027107107,-1
G051,G082,-0.00027112264,-1
G097,G015,-0.00027116743,-1
G039,G064,-0.00027138274,-1
G062,G057,-0.00027141534,-1
G054,G042,-0.00027165102,-1
G073,G091,-0.0002719476,-1
G037,G040,-0.0002725373,-1
G099,G021,-0.0002728041,-1
G095,G005,-0.00027283028,-1
G006,G003,-0.00027293744,-1
G081,G086,-0.00027303922,-1
G081,G055,-0.0002735312,-1
G062,G050,-0.00027360203,-1
G092,G061,-0.00027369673,-1
G073,G048,-0.00027370927,-1
G065,G008,-0.0002738725,-1
G046,G033,-0.00027408954,-1
G023,G013,-0.0002741798,-1
G079,G036,-0.00027480515,-1
G001,G080,-0.00027508158,-1
G092,G036,-0.00027515343,-1
G093,G059,-0.00027550777,-1
G057,G096,-0.00027588685,-1
G062,G029,-0.00027631177,-1
G044,G043,-0.00027667504,-1
G052,G049,-0.00027695746,-1
G049,G061,-0.00027745013,-1
G021,G027,-0.00027748768,-1
G074,G092,-0.00027752767,-1
G083,G034,-0.0002775804,-1
G092,G077,-0.00027769146,-1
G049,G025,-0.00027789632,-1
G023,G050,-0.00027791894,-1
G079,G005,-0.00027794528,-1
G014,G057,-0.00027802115,-1
G023,G043,-0.00027888414,-1
G045,G015,-0.0002788961,-1
G069,G061,-0.00027917794,-1
G034,G030,-0.00027919197,-1
G096,G089,-0.00027936845,-1
G043,G015,-0.00027939663,-1
G038,G072,-0.00027945533,-1
G061,G057,-0.00027963115,-1
G067,G050,-0.0002799346,-1
G056,G043,-0.0002800488,-1
G073,G100,-0.00028005068,-1
G012,G096,-0.00028009646,-1
G035,G034,-0.00028009966,-1
G062,G047,-0.00028036247,-1
G045,G069,-0.0002810084,-1
G066,G038,-0.00028101413,-1
G092,G001,-0.00028103997,-1
G086,G042,-0.00028148023,-1
G016,G061,-0.00028155278,-1
G038,G068,-0.00028186556,-1
G077,G033,-0.0002819435,-1
G028,G011,-0.00028199438,-1
G046,G068,-0.00028215718,-1
G046,G027,-0.00028217435,-1
G032,G038,-0.00028247637,-1
G061,G019,-0.00028301644,-1
G091,G099,-0.00028329747,-1
G077,G066,-0.00028352108,-1
G088,G023,-0.00028391523,-1
G081,G064,-0.00028401872,-1
G014,G060,-0.00028403333,-1
G077,G070,-0.00028418092,-1
G011,G005,-0.00028435185,-1
G053,G019,-0.00028455432,-1
G074,G008,-0.00028481544,-1
G047,G006,-0.00028486425,-1
G041,G063,-0.00028529292,-1
G061,G023,-0.00028536556,-1
G085,G084,-0.00028558454,-1
G100,G069,-0.000285631,-1
G056,G039,-0.0002862868,-1
G043,G056,-0.00028666577,-1
G020,G019,-0.00028684945,-1
G031,G100,-0.0002869375,-1
G049,G044,-0.0002875348,-1
G013,G081,-0.00028767815,-1
G038,G039,-0.0002877757,-1
G001,G063,-0.00028788598,-1
G071,G010,-0.00028835962,-1
G067,G052,-0.0002885425,-1
G021,G048,-0.0002885543,-1
G096,G072,-0.0002889656,-1
G005,G081,-0.00028926673,-1
G077,G095,-0.00028955247,-1
G069,G047,-0.00028956908,-1
G037,G019,-0.00028971172,-1
G091,G069,-0.0002900888,-1
G055,G095,-0.00029036845,-1
G006,G021,-0.00029056924,-1
G041,G057,-0.000290846,-1
G043,G024,-0.00029134343,-1
G014,G070,-0.0002918893,-1
G048,G062,-0.00029194175,-1
G095,G070,-0.00029196855,-1
G045,G029,-0.0002919782,-1
G020,G034,-0.0002919996,-1
G009,G094,-0.00029229466,-1
G091,G041,-0.00029231643,-1
G096,G039,-0.0002924971,-1
G042,G048,-0.00029250732,-1
G088,G046,-0.0002925497,-1
G009,G096,-0.0002929127,-1
G089,G042,-0.00029308305,-1
G037,G034,-0.00029334016,-1
G057,G025,-0.0002933968,-1
G042,G004,-0.00029375646,-1
G009,G061,-0.00029399784,-1
G083,G020,-0.0002940963,-1
G086,G003,-0.0002942868,-1
G016,G077,-0.00029442867,-1
G067,G068,-0.00029443842,-1
G064,G052,-0.0002948003,-1
G045,G079,-0.00029482399,-1
G009,G072,-0.0002955773,-1
G065,G078,-0.00029583,-1
G053,G084,-0.00029614402,-1
G050,G079,-0.0002961758,-1
G024,G073,-0.0002961793,-1
G063,G061,-0.0002962219,-1
G046,G063,-0.00029661696,-1
G045,G066,-0.00029663,-1
G038,G055,-0.00029673573,-1
G027,G012,-0.00029703893,-1
G070,G006,-0.00029704673,-1
G062,G009,-0.00029707313,-1
G086,G064,-0.00029719176,-1
G023,G048,-0.00029724938,-1
G084,G044,-0.00029780896,-1
G070,G053,-0.00029789854,-1
G006,G092,-0.00029814302,-1
G038,G030,-0.00029815285,-1
G009,G044,-0.0002984651,-1
G014,G079,-0.00029852593,-1
G022,G037,-0.00029855352,-1
G006,G064,-0.00029871648,-1
G035,G075,-0.00029902288,-1
G027,G072,-0.0002991334,-1
G028,G053,-0.00029938074,-1
G012,G091,-0.0002995142,-1
G044,G057,-0.00029957274,-1
G047,G058,-0.00029957926,-1
G076,G082,-0.00029980292,-1
G083,G005,-0.00030005476,-1
G009,G042,-0.00030011887,-1
G009,G035,-0.00030040168,-1
G081,G056,-0.00030042964,-1
G011,G081,-0.0003004966,-1
G009,G052,-0.00030069484,-1
G008,G072,-0.00030086574,-1
G086,G049,-0.00030113177,-1
G059,G065,-0.00030124027,-1
G002,G047,-0.00030157831,-1
G004,G053,-0.00030194392,-1
G057,G035,-0.00030215923,-1
G005,G070,-0.00030217817,-1
G016,G007,-0.0003022373,-1
G086,G066,-0.0003025938,-1
G052,G020,-0.0003033856,-1
G048,G096,-0.00030401672,-1
G011,G079,-0.00030445217,-1
G007,G063,-0.0003047797,-1
G060,G024,-0.00030526004,-1
G095,G044,-0.0003059436,-1
G047,G061,-0.00030595183,-1
G071,G049,-0.0003059946,-1
G056,G069,-0.000306413,-1
G034,G021,-0.0003064429,-1
G013,G010,-0.0003067748,-1
G015,G091,-0.00030685437,-1
G030,G027,-0.0003070612,-1
G051,G006,-0.00030728328,-1
G007,G072,-0.00030732568,-1
G067,G005,-0.0003074717,-1
G020,G053,-0.00030762271,-1
G051,G020,-0.00030772344,-1
G023,G096,-0.0003079651,-1
G086,G034,-0.0003079781,-1
G027,G076,-0.00030844982,-1
G006,G046,-0.00030862264,-1
G091,G079,-0.0003088576,-1
G060,G009,-0.0003089672,-1
G012,G094,-0.00030987593,-1
G080,G057,-0.00030994663,-1
G027,G070,-0.00031019517,-1
G092,G020,-0.00031022873,-1
G016,G001,-0.00031037,-1
G078,G054,-0.00031051776,-1
G080,G082,-0.0003105953,-1
G054,G024,-0.0003106016,-1
G006,G048,-0.0003108102,-1
G088,G039,-0.00031105234,-1
G053,G027,-0.00031130356,-1
G011,G019,-0.00031164233,-1
G006,G056,-0.0003118032,-1
G040,G070,-0.0003118842,-1
G053,G010,-0.00031206582,-1
G006,G039,-0.00031215692,-1
G029,G011,-0.00031218672,-1
G079,G029,-0.000312681,-1
G047,G039,-0.00031290393,-1
G009,G045,-0.0003134623,-1
G048,G046,-0.00031348638,-1
G078,G016,-0.00031355396,-1
G059,G067,-0.00031375143,-1
G029,G024,-0.00031434288,-1
G052,G064,-0.00031445207,-1
G015,G054,-0.00031555525,-1
G030,G003,-0.0003156943,-1
G098,G024,-0.00031571952,-1
G016,G042,-0.00031587807,-1
G050,G031,-0.0003158931,-1
G086,G097,-0.00031608154,-1
G092,G009,-0.00031609173,-1
G007,G005,-0.0003162314,-1
G029,G052,-0.00031629595,-1
G082,G073,-0.0003164751,-1
G049,G036,-0.00031695518,-1
G064,G004,-0.00031705623,-1
G089,G031,-0.00031713853,-1
G092,G079,-0.00031746548,-1
G051,G041,-0.0003175054,-1
G001,G050,-0.0003179189,-1
G038,G097,-0.0003183409,-1
G080,G053,-0.00031834355,-1
G058,G039,-0.00031841622,-1
G011,G064,-0.00031907074,-1
G051,G042,-0.00031914574,-1
G051,G029,-0.00031924134,-1
G065,G097,-0.0003198616,-1
G015,G010,-0.00032014554,-1
G058,G018,-0.0003205107,-1
G022,G046,-0.0003207691,-1
G092,G095,-0.00032078277,-1
G034,G047,-0.00032085844,-1
G008,G002,-0.00032086397,-1
G081,G098,-0.00032102832,-1
G033,G072,-0.00032132494,-1
G088,G061,-0.000321503,-1
G034,G052,-0.00032153443,-1
G079,G046,-0.0003217097,-1
G035,G099,-0.00032171878,-1
G004,G051,-0.0003220059,-1
G026,G095,-0.0003220513,-1
G067,G020,-0.00032233013,-1
G086,G098,-0.00032278796,-1
G057,G021,-0.00032311797,-1
G058,G015,-0.00032363558,-1
G083,G080,-0.00032399793,-1
G043,G097,-0.00032424147,-1
G013,G019,-0.00032431586,-1
G061,G060,-0.0003247283,-1
G070,G089,-0.00032497372,-1
G097,G054,-0.00032536365,-1
G047,G035,-0.0003263201,-1
G003,G014,-0.00032668404,-1
G057,G067,-0.0003268575,-1
G014,G081,-0.00032692982,-1
G088,G057,-0.00032694952,-1
G045,G061,-0.00032739012,-1
G073,G095,-0.00032752525,-1
G015,G078,-0.00032787846,-1
G058,G025,-0.00032815116,-1
G080,G023,-0.00032815497,-1
G079,G066,-0.00032845297,-1
G028,G059,-0.00032859488,-1
G055,G036,-0.00032868204,-1
G024,G070,-0.00032893027,-1
G052,G015,-0.0003295753,-1
G047,G089,-0.00032969104,-1
G056,G029,-0.00032981194,-1
G098,G044,-0.00033023578,-1
G059,G096,-0.00033029774,-1
G023,G093,-0.0003306994,-1
G053,G018,-0.000331083,-1
G040,G013,-0.00033112982,-1
G077,G052,-0.00033123803,-1
G055,G066,-0.0003313332,-1
G027,G098,-0.00033153145,-1
G100,G081,-0.0003317288,-1
G012,G081,-0.0003319612,-1
G096,G098,-0.00033207616,-1
G074,G047,-0.00033230873,-1
G055,G064,-0.00033271653,-1
G055,G075,-0.00033280926,-1
G059,G076,-0.0003329517,-1
G059,G064,-0.0003329756,-1
G091,G046,-0.00033298493,-1
G020,G048,-0.00033320393,-1
G082,G047,-0.00033333793,-1
G049,G005,-0.00033364168,-1
G067,G027,-0.0003338526,-1
G086,G077,-0.0003338864,-1
G061,G094,-0.00033418543,-1
G014,G078,-0.0003346256,-1
G100,G019,-0.00033471693,-1
G099,G041,-0.00033483293,-1
G032,G082,-0.00033538576,-1
G046,G039,-0.0003357241,-1
G095,G057,-0.00033605806,-1
G100,G037,-0.00033611717,-1
G021,G080,-0.00033637328,-1
G070,G066,-0.00033648696,-1
G074,G003,-0.00033696683,-1
G076,G088,-0.0003371569,-1
G004,G045,-0.00033719337,-1
G013,G044,-0.00033785196,-1
G081,G071,-0.0003385458,-1
G024,G050,-0.00033857525,-1
G052,G084,-0.0003386858,-1
G038,G025,-0.00034063842,-1
G087,G017,-0.00034098543,-1
G086,G005,-0.00034121415,-1
G030,G042,-0.00034155353,-1
G014,G063,-0.00034182688,-1
G011,G071,-0.0003420851,-1
G060,G039,-0.00034214434,-1
G015,G029,-0.00034250182,-1
G063,G005,-0.00034283812,-1
G014,G006,-0.00034290346,-1
G050,G013,-0.00034322013,-1
G035,G084,-0.00034361792,-1
G004,G010,-0.00034415082,-1
G009,G021,-0.00034437346,-1
G055,G079,-0.00034438586,-1
G084,G047,-0.000344461,-1
G040,G056,-0.00034457733,-1
G083,G039,-0.0003447035,-1
G026,G067,-0.00034508907,-1
G100,G078,-0.0003451816,-1
G035,G045,-0.00034562487,-1
G089,G064,-0.0003457638,-1
G063,G023,-0.00034578232,-1
G086,G010,-0.0003459542,-1
G084,G037,-0.00034611893,-1
G009,G005,-0.00034646428,-1
G066,G069,-0.00034666277,-1
G095,G016,-0.0003476614,-1
G070,G014,-0.00034795323,-1
G077,G005,-0.00034830617,-1
G086,G014,-0.00034876395,-1
G028,G017,-0.00034918156,-1
G061,G018,-0.00034920833,-1
G006,G015,-0.00034953383,-1
G062,G064,-0.00034972443,-1
G050,G089,-0.00034983543,-1
G100,G070,-0.00035024228,-1
G047,G046,-0.0003505299,-1
G089,G005,-0.00035070896,-1
G092,G046,-0.000350724,-1
G084,G074,-0.00035106423,-1
G012,G078,-0.0003515588,-1
G089,G095,-0.0003515915,-1
G080,G049,-0.00035177145,-1
G052,G068,-0.00035255836,-1
G088,G036,-0.00035266622,-1
G055,G067,-0.00035292472,-1
G096,G033,-0.00035295563,-1
G034,G086,-0.00035297187,-1
G031,G061,-0.00035310703,-1
G095,G047,-0.00035330557,-1
G076,G035,-0.00035389254,-1
G025,G005,-0.00035392828,-1
G067,G072,-0.00035398413,-1
G036,G021,-0.00035636127,-1
G058,G071,-0.00035667125,-1
G023,G100,-0.000357025,-1
G043,G086,-0.0003573971,-1
G048,G018,-0.00035779123,-1
G059,G015,-0.0003578912,-1
G013,G063,-0.00035814394,-1
G048,G019,-0.00035814932,-1
G001,G036,-0.00035828142,-1
G073,G009,-0.0003585379,-1
G050,G093,-0.00035868643,-1
G066,G039,-0.00035873472,-1
G097,G093,-0.00035898088,-1
G006,G035,-0.0003590482,-1
G047,G033,-0.000359193,-1
G043,G005,-0.00035953865,-1
G073,G047,-0.00035992893,-1
G030,G006,-0.0003600531,-1
G067,G079,-0.00036022812,-1
G088,G082,-0.0003604117,-1
G083,G064,-0.00036052303,-1
G035,G095,-0.00036066084,-1
G024,G027,-0.00036144044,-1
G078,G051,-0.00036201233,-1
G059,G084,-0.0003620295,-1
G012,G006,-0.00036206905,-1
G034,G061,-0.00036219743,-1
G024,G086,-0.0003623935,-1
G088,G020,-0.00036352847,-1
G061,G070,-0.0003643115,-1
G074,G024,-0.00036465965,-1
G082,G050,-0.00036496815,-1
G016,G064,-0.00036501884,-1
G075,G047,-0.0003650636,-1
G082,G078,-0.00036523346,-1
G028,G096,-0.00036541373,-1
G055,G041,-0.0003663481,-1
G083,G033,-0.0003664158,-1
G055,G077,-0.00036649147,-1
G064,G044,-0.00036699607,-1
G027,G041,-0.00036712247,-1
G020,G057,-0.00036725288,-1
G071,G052,-0.0003673264,-1
G074,G040,-0.00036772955,-1
G027,G089,-0.00036786706,-1
G034,G068,-0.00036833104,-1
G076,G069,-0.0003685694,-1
G035,G094,-0.00036873543,-1
G088,G054,-0.00036874632,-1
G086,G044,-0.00036942426,-1
G021,G084,-0.00036963288,-1
G086,G063,-0.0003700076,-1
G088,G044,-0.00037005314,-1
G025,G063,-0.00037057674,-1
G026,G092,-0.00037111226,-1
G030,G013,-0.00037119896,-1
G098,G064,-0.00037121112,-1
G060,G044,-0.00037139704,-1
G013,G060,-0.00037139785,-1
G019,G042,-0.0003714271,-1
G008,G089,-0.0003714706,-1
G028,G001,-0.00037152803,-1
G043,G027,-0.00037196124,-1
G039,G053,-0.00037247015,-1
G034,G053,-0.00037264032,-1
G047,G094,-0.00037276908,-1
G016,G089,-0.00037287612,-1
G091,G050,-0.0003729422,-1
G023,G052,-0.00037325334,-1
G036,G082,-0.00037358643,-1
G036,G015,-0.00037376094,-1
G089,G070,-0.0003738536,-1
G073,G028,-0.0003744207,-1
G096,G011,-0.00037498114,-1
G034,G004,-0.00037511927,-1
G009,G015,-0.0003751322,-1
G047,G076,-0.00037531706,-1
G061,G052,-0.00037555705,-1
G100,G011,-0.00037588773,-1
G008,G052,-0.0003764518,-1
G049,G043,-0.00037714044,-1
G011,G057,-0.00037716888,-1
G011,G027,-0.00037745343,-1
G044,G071,-0.00037774467,-1
G074,G013,-0.00037776915,-1
G004,G056,-0.00037794648,-1
G093,G005,-0.00037814924,-1
G092,G047,-0.0003784793,-1
G050,G010,-0.00037848565,-1
G088,G014,-0.0003791218,-1
G082,G097,-0.00037957035,-1
G043,G055,-0.000379637,-1
G066,G072,-0.000379768,-1
G027,G029,-0.00038066795,-1
G045,G019,-0.00038083328,-1
G025,G019,-0.0003818459,-1
G087,G006,-0.00038220143,-1
G086,G046,-0.00038267893,-1
G003,G072,-0.00038300426,-1
G025,G097,-0.00038352676,-1
G058,G046,-0.0003840396,-1
G070,G097,-0.00038449632,-1
G048,G042,-0.00038518466,-1
G025,G092,-0.0003863018,-1
G014,G077,-0.00038660364,-1
G032,G065,-0.000387611,-1
G076,G084,-0.00038828884,-1
G088,G012,-0.0003884122,-1
G025,G016,-0.00038925261,-1
G013,G072,-0.00039069974,-1
G057,G043,-0.0003916605,-1
G006,G061,-0.00039192842,-1
G061,G056,-0.00039227947,-1
G045,G075,-0.0003925244,-1
G065,G040,-0.00039260075,-1
G006,G019,-0.00039263605,-1
G012,G037,-0.0003926463,-1
G048,G073,-0.00039268594,-1
G046,G078,-0.00039308472,-1
G079,G058,-0.00039309287,-1
G065,G048,-0.0003931411,-1
G051,G059,-0.00039348597,-1
G081,G061,-0.00039419395,-1
G004,G049,-0.00039436942,-1
G045,G020,-0.0003952172,-1
G100,G039,-0.0003956224,-1
G011,G091,-0.00039576937,-1
G012,G017,-0.00039579754,-1
G100,G043,-0.00039580467,-1
G061,G024,-0.00039679874,-1
G083,G050,-0.00039768763,-1
G046,G042,-0.0003979855,-1
G047,G010,-0.00039809465,-1
G039,G086,-0.0003982284,-1
G015,G072,-0.00039827864,-1
G092,G039,-0.0003983662,-1
G052,G081,-0.0003989472,-1
G052,G029,-0.00039912123,-1
G056,G003,-0.00039916325,-1
G024,G032,-0.00039967097,-1
G051,G040,-0.0004001761,-1
G011,G021,-0.00040036972,-1
G074,G098,-0.0004009139,-1
G058,G021,-0.00040125038,-1
G001,G086,-0.00040184756,-1
G019,G061,-0.0004021122,-1
G073,G042,-0.0004021612,-1
G057,G036,-0.00040237306,-1
G007,G073,-0.0004028117,-1
G079,G093,-0.0004030623,-1
G028,G012,-0.00040672012,-1
G036,G039,-0.00040714757,-1
G049,G029,-0.00040734053,-1
G092,G043,-0.00040750267,-1
G031,G056,-0.000407548,-1
G042,G003,-0.0004075831,-1
G088,G067,-0.00040790014,-1
G048,G066,-0.0004081135,-1
G004,G084,-0.00040816088,-1
G048,G098,-0.00040849784,-1
G051,G035,-0.00040918833,-1
G012,G029,-0.00040951112,-1
G051,G081,-0.00040957052,-1
G004,G065,-0.00040999983,-1
G015,G018,-0.00041004928,-1
G021,G009,-0.00041005606,-1
G093,G056,-0.00041010967,-1
G035,G038,-0.00041011244,-1
G001,G061,-0.00041038208,-1
G015,G096,-0.00041062105,-1
G046,G065,-0.00041067664,-1
G073,G076,-0.00041072586,-1
G006,G084,-0.00041118206,-1
G004,G092,-0.00041119993,-1
G074,G096,-0.0004112576,-1
G059,G077,-0.0004112853,-1
G042,G028,-0.00041148887,-1
G069,G041,-0.00041187424,-1
G026,G043,-0.00041206807,-1
G083,G035,-0.0004123026,-1
G093,G061,-0.00041330722,-1
G093,G095,-0.00041429562,-1
G081,G006,-0.00041437204,-1
G073,G093,-0.00041440714,-1
G025,G020,-0.0004144484,-1
G053,G056,-0.00041467499,-1
G083,G017,-0.0004149072,-1
G058,G037,-0.00041580823,-1
G056,G026,-0.00041597566,-1
G056,G070,-0.000415988,-1
G091,G014,-0.00041658554,-1
G039,G047,-0.00041697503,-1
G045,G052,-0.00041704948,-1
G027,G030,-0.00041758842,-1
G025,G015,-0.0004178234,-1
G037,G009,-0.0004178515,-1
G083,G046,-0.00041850764,-1
G086,G058,-0.00041860732,-1
G001,G098,-0.00041872676,-1
G024,G014,-0.00041946405,-1
G055,G033,-0.00041970712,-1
G045,G053,-0.00041980535,-1
G035,G088,-0.000420199,-1
G012,G065,-0.0004205745,-1
G015,G070,-0.0004214197,-1
G061,G080,-0.00042173057,-1
G061,G095,-0.0004230615,-1
G029,G043,-0.00042329082,-1
G012,G070,-0.0004234064,-1
G025,G006,-0.00042372817,-1
G048,G039,-0.00042429703,-1
G059,G040,-0.00042435774,-1
G067,G080,-0.00042491863,-1
G086,G055,-0.0004249921,-1
G083,G045,-0.00042578514,-1
G037,G050,-0.00042629516,-1
G007,G076,-0.00042634355,-1
G024,G048,-0.0004266017,-1
G084,G090,-0.00042702135,-1
G097,G081,-0.0004272482,-1
G036,G076,-0.00042772252,-1
G009,G088,-0.0004278987,-1
G009,G070,-0.00042809887,-1
G080,G066,-0.00042819005,-1
G056,G016,-0.00042830245,-1
G041,G082,-0.0004283187,-1
G097,G031,-0.0004285749,-1
G035,G073,-0.00042864817,-1
G089,G036,-0.00042866048,-1
G063,G003,-0.00042911497,-1
G029,G066,-0.00042914235,-1
G088,G009,-0.00042920955,-1
G062,G019,-0.00042999044,-1
G091,G063,-0.00043018206,-1
G021,G072,-0.00043046864,-1
G083,G070,-0.0004305438,-1
G052,G056,-0.00043063084,-1
G043,G061,-0.0004309511,-1
G030,G087,-0.00043202392,-1
G093,G039,-0.00043212916,-1
G052,G076,-0.00043257102,-1
G056,G068,-0.00043266802,-1
G062,G095,-0.0004327555,-1
G001,G003,-0.0004330402,-1
G051,G060,-0.00043314171,-1
G077,G048,-0.00043342912,-1
G081,G057,-0.00043361785,-1
G009,G048,-0.00043373465,-1
G042,G031,-0.00043434105,-1
G046,G040,-0.00043440313,-1
G009,G036,-0.00043522439,-1
G055,G089,-0.00043529313,-1
G030,G025,-0.00043654657,-1
G046,G041,-0.00043671313,-1
G100,G052,-0.00043770403,-1
G014,G089,-0.00043770528,-1
G052,G067,-0.0004377429,-1
G053,G020,-0.00043822997,-1
G099,G086,-0.00043866117,-1
G074,G035,-0.00043873544,-1
G061,G042,-0.00043952517,-1
G055,G015,-0.0004397417,-1
G011,G050,-0.0004398215,-1
G093,G074,-0.00044028508,-1
G051,G067,-0.00044053522,-1
G071,G088,-0.00044106488,-1
G074,G016,-0.0004413018,-1
G080,G048,-0.00044137836,-1
G044,G048,-0.00044148968,-1
G055,G058,-0.00044197138,-1
G084,G035,-0.0004421013,-1
G076,G009,-0.00044227493,-1
G041,G052,-0.000442379,-1
G073,G005,-0.00044316737,-1
G011,G044,-0.00044323417,-1
G075,G006,-0.0004433918,-1
G050,G036,-0.00044378504,-1
G036,G091,-0.0004443867,-1
G061,G071,-0.00044456866,-1
G025,G013,-0.00044487737,-1
G006,G008,-0.00044505586,-1
G076,G091,-0.00044584938,-1
G059,G043,-0.00044614484,-1
G016,G038,-0.0004462882,-1
G100,G065,-0.00044719013,-1
G071,G047,-0.0004471919,-1
G016,G066,-0.00044760972,-1
G100,G021,-0.00044874827,-1
G001,G070,-0.00044917772,-1
G096,G013,-0.00044974664,-1
G037,G054,-0.00044990485,-1
G005,G069,-0.00045034598,-1
G026,G070,-0.00045048844,-1
G048,G041,-0.00045082363,-1
G021,G002,-0.00045090608,-1
G074,G053,-0.00045122375,-1
G092,G096,-0.0004516204,-1
G059,G083,-0.00045169468,-1
G011,G058,-0.0004518463,-1
G099,G078,-0.00045190594,-1
G084,G089,-0.0004528659,-1
G076,G062,-0.00045299134,-1
G067,G039,-0.00045333034,-1
G044,G061,-0.00045429694,-1
G015,G009,-0.00045485803,-1
G049,G073,-0.00045485972,-1
G100,G027,-0.00045486033,-1
G062,G021,-0.00045498097,-1
G062,G089,-0.00045511188,-1
G091,G048,-0.00045564468,-1
G021,G057,-0.0004559291,-1
G067,G057,-0.00045593057,-1
G048,G015,-0.00045599655,-1
G092,G049,-0.00045627277,-1
G007,G049,-0.000456324,-1
G083,G067,-0.0004565802,-1
G043,G019,-0.00045663855,-1
G091,G042,-0.00045714498,-1
G012,G097,-0.00045748227,-1
G086,G081,-0.00045824415,-1
G021,G069,-0.00045825608,-1
G015,G025,-0.00045835003,-1
G004,G078,-0.0004584612,-1
G081,G070,-0.00045862602,-1
G046,G052,-0.0004589117,-1
G026,G039,-0.00045924517,-1
G093,G047,-0.0004593878,-1
G092,G030,-0.00045941194,-1
G100,G061,-0.00045944893,-1
G074,G018,-0.00045980787,-1
G061,G046,-0.00045999425,-1
G098,G093,-0.00046050787,-1
G062,G079,-0.0004607238,-1
G013,G080,-0.00046127217,-1
G074,G070,-0.0004616847,-1
G004,G006,-0.00046179694,-1
G070,G052,-0.00046334477,-1
G050,G021,-0.00046475793,-1
G080,G061,-0.00046557555,-1
G004,G077,-0.00046570855,-1
G025,G021,-0.00046579886,-1
G082,G029,-0.00046596333,-1
G083,G031,-0.00046667788,-1
G100,G018,-0.00046677073,-1
G052,G003,-0.0004671993,-1
G049,G017,-0.00046751217,-1
G004,G024,-0.0004677849,-1
G059,G098,-0.000468052,-1
G074,G057,-0.00046838445,-1
G022,G066,-0.0004688101,-1
G084,G065,-0.00046960762,-1
G080,G063,-0.00047006787,-1
G048,G064,-0.00047017753,-1
G070,G072,-0.00047033533,-1
G097,G032,-0.0004708883,-1
G063,G062,-0.00047097597,-1
G084,G073,-0.00047140953,-1
G054,G033,-0.00047192123,-1
G004,G079,-0.00047233352,-1
G056,G089,-0.00047242877,-1
G066,G074,-0.00047305896,-1
G081,G030,-0.0004741958,-1
G077,G039,-0.00047554835,-1
G052,G043,-0.00047558369,-1
G052,G095,-0.00047567664,-1
G020,G089,-0.0004766508,-1
G062,G044,-0.00047763964,-1
G001,G023,-0.0004788783,-1
G056,G079,-0.00047941878,-1
G088,G033,-0.00047994492,-1
G046,G002,-0.0004802994,-1
G043,G040,-0.00048067182,-1
G004,G082,-0.00048096527,-1
G038,G036,-0.0004810162,-1
G041,G015,-0.0004810905,-1
G066,G034,-0.00048135646,-1
G084,G091,-0.00048139054,-1
G088,G089,-0.00048187564,-1
G038,G011,-0.00048188126,-1
G063,G089,-0.00048193583,-1
G011,G041,-0.00048214666,-1
G009,G025,-0.00048239544,-1
G088,G069,-0.00048264532,-1
G100,G098,-0.00048271482,-1
G069,G052,-0.00048292446,-1
G071,G089,-0.00048403293,-1
G065,G089,-0.00048511743,-1
G016,G052,-0.00048553824,-1
G045,G048,-0.0004855999,-1
G048,G093,-0.00048561124,-1
G074,G077,-0.00048596037,-1
G013,G042,-0.00048596913,-1
G086,G029,-0.0004860257,-1
G058,G003,-0.000486616,-1
G058,G065,-0.0004870904,-1
G043,G089,-0.000487392,-1
G074,G079,-0.0004876082,-1
G058,G060,-0.00048768628,-1
G092,G097,-0.00048935047,-1
G086,G080,-0.000489565,-1
G095,G093,-0.00048981566,-1
G088,G048,-0.0004899794,-1
G011,G047,-0.0004900895,-1
G016,G081,-0.00049013953,-1
G096,G034,-0.0004904008,-1
G062,G035,-0.00049160334,-1
G011,G060,-0.0004916515,-1
G023,G079,-0.00049175054,-1
G062,G003,-0.00049363973,-1
G056,G094,-0.00049370795,-1
G061,G033,-0.0004937785,-1
G006,G063,-0.0004947202,-1
G082,G094,-0.0004975249,-1
G048,G054,-0.00049756735,-1
G016,G072,-0.00049817725,-1
G062,G040,-0.000499435,-1
G083,G068,-0.0004999348,-1
G086,G054,-0.0005002214,-1
G048,G086,-0.0005002398,-1
G081,G005,-0.00050049677,-1
G086,G043,-0.0005008121,-1
G006,G009,-0.0005013686,-1
G084,G005,-0.00050196843,-1
G015,G031,-0.0005021024,-1
G056,G093,-0.0005024149,-1
G047,G013,-0.0005025107,-1
G076,G046,-0.00050343655,-1
G079,G042,-0.000504253,-1
G084,G042,-0.00050465,-1
G006,G074,-0.0005053632,-1
G043,G080,-0.0005060058,-1
G066,G046,-0.0005062934,-1
G100,G080,-0.0005065243,-1
G088,G005,-0.0005084055,-1
G096,G060,-0.00050939654,-1
G097,G033,-0.0005095196,-1
G092,G040,-0.00051016826,-1
G097,G003,-0.00051027467,-1
G084,G063,-0.000510616,-1
G026,G033,-0.000510853,-1
G036,G072,-0.00051106355,-1
G095,G072,-0.0005111192,-1
G082,G021,-0.0005115359,-1
G045,G063,-0.00051161554,-1
G086,G047,-0.00051168195,-1
G016,G047,-0.0005126039,-1
G062,G013,-0.0005127015,-1
G066,G043,-0.00051280606,-1
G015,G002,-0.00051306194,-1
G029,G013,-0.0005138658,-1
G062,G031,-0.0005142675,-1
G047,G064,-0.00051435205,-1
G053,G002,-0.00051510945,-1
G051,G036,-0.0005163224,-1
G053,G054,-0.0005185605,-1
G081,G095,-0.00051857927,-1
G097,G045,-0.0005187177,-1
G062,G027,-0.0005187999,-1
G011,G094,-0.0005193187,-1
G079,G012,-0.00051991607,-1
G004,G080,-0.0005201447,-1
G036,G006,-0.00052016426,-1
G100,G036,-0.0005202627,-1
G072,G017,-0.00052086345,-1
G012,G019,-0.000521029,-1
G006,G050,-0.0005210603,-1
G093,G079,-0.00052106404,-1
G062,G004,-0.0005213664,-1
G075,G063,-0.00052257435,-1
G043,G013,-0.0005232997,-1
G037,G044,-0.0005235192,-1
G045,G060,-0.000523754,-1
G071,G091,-0.0005237691,-1
G007,G035,-0.00052441534,-1
G006,G037,-0.0005244338,-1
G084,G083,-0.0005250986,-1
G038,G080,-0.0005253783,-1
G009,G076,-0.0005263236,-1
G048,G058,-0.0005265303,-1
G083,G042,-0.000529234,-1
G030,G020,-0.0005295728,-1
G050,G018,-0.0005300718,-1
G048,G069,-0.0005302343,-1
G055,G092,-0.0005307901,-1
G078,G030,-0.00053093827,-1
G088,G086,-0.00053235143,-1
G017,G097,-0.0005338656,-1
G032,G053,-0.0005340745,-1
G082,G069,-0.0005350252,-1
G016,G035,-0.000535536,-1
G055,G054,-0.00053585233,-1
G088,G052,-0.0005368049,-1
G100,G079,-0.00053682545,-1
G004,G044,-0.00053801906,-1
G065,G016,-0.00053852884,-1
G001,G041,-0.00053853093,-1
G062,G081,-0.0005388558,-1
G055,G063,-0.0005390233,-1
G032,G042,-0.0005402478,-1
G063,G042,-0.00054127554,-1
G013,G082,-0.0005417296,-1
G100,G058,-0.00054226554,-1
G088,G059,-0.000542429,-1
G001,G039,-0.000543959,-1
G053,G060,-0.0005451748,-1
G009,G049,-0.0005452328,-1
G055,G100,-0.0005454407,-1
G052,G063,-0.00054546323,-1
G052,G057,-0.0005461481,-1
G027,G064,-0.00054615666,-1
G095,G012,-0.000546183,-1
G086,G094,-0.00054681604,-1
G051,G024,-0.0005468805,-1
G086,G069,-0.00054688717,-1
G091,G086,-0.0005473939,-1
G028,G062,-0.0005475981,-1
G040,G079,-0.0005480685,-1
G023,G057,-0.00054851733,-1
G005,G041,-0.0005487195,-1
G010,G087,-0.00054879294,-1
G017,G003,-0.0005490728,-1
G051,G056,-0.0005491608,-1
G100,G050,-0.00054951786,-1
G059,G073,-0.0005501433,-1
G088,G079,-0.00055015704,-1
G097,G035,-0.0005502151,-1
G002,G005,-0.0005504182,-1
G017,G013,-0.00055123976,-1
G002,G083,-0.0005518438,-1
G088,G081,-0.00055209233,-1
G073,G056,-0.00055227854,-1
G058,G043,-0.0005528111,-1
G088,G024,-0.00055302563,-1
G089,G047,-0.0005530587,-1
G063,G030,-0.0005535011,-1
G051,G063,-0.0005538405,-1
G043,G063,-0.00055442535,-1
G066,G005,-0.0005547915,-1
G098,G071,-0.0005549094,-1
G063,G073,-0.00055529014,-1
G079,G037,-0.00055553816,-1
G083,G052,-0.0005555719,-1
G093,G020,-0.000555716,-1
G039,G041,-0.00055574166,-1
G062,G005,-0.00055578584,-1
G074,G029,-0.0005564447,-1
G086,G057,-0.00055746915,-1
G091,G057,-0.0005577297,-1
G080,G012,-0.00055816805,-1
G014,G080,-0.0005582241,-1
G088,G092,-0.000558245,-1
G088,G015,-0.0005592612,-1
G011,G009,-0.0005595954,-1
G011,G080,-0.0005604383,-1
G073,G085,-0.00056175585,-1
G053,G016,-0.00056246243,-1
G030,G098,-0.00056280714,-1
G028,G050,-0.0005628307,-1
G100,G012,-0.000563584,-1
G027,G094,-0.00056371954,-1
G062,G024,-0.00056392036,-1
G006,G049,-0.00056415884,-1
G011,G069,-0.0005650331,-1
G006,G058,-0.00056539587,-1
G016,G080,-0.000565543,-1
G088,G004,-0.0005665842,-1
G087,G011,-0.00056663837,-1
G007,G071,-0.0005668374,-1
G055,G088,-0.0005669986,-1
G012,G045,-0.00056716736,-1
G066,G040,-0.00056774355,-1
G041,G044,-0.00056801055,-1
G100,G024,-0.0005694433,-1
G048,G076,-0.00057010475,-1
G058,G002,-0.00057110284,-1
G049,G069,-0.0005714565,-1
G007,G062,-0.00057148194,-1
G001,G029,-0.00057182915,-1
G045,G024,-0.0005741405,-1
G053,G074,-0.0005745461,-1
G028,G083,-0.0005749837,-1
G042,G020,-0.0005751597,-1
G006,G052,-0.00057558756,-1
G047,G068,-0.0005759302,-1
G098,G099,-0.0005763131,-1
G089,G027,-0.0005765002,-1
G084,G092,-0.00057662296,-1
G005,G046,-0.0005766821,-1
G005,G057,-0.00057787565,-1
G051,G003,-0.0005781033,-1
G099,G089,-0.00057811453,-1
G034,G095,-0.0005782711,-1
G053,G042,-0.0005787825,-1
G093,G021,-0.0005791809,-1
G061,G089,-0.0005793821,-1
G080,G046,-0.000579704,-1
G099,G016,-0.00058024155,-1
G074,G036,-0.00058062264,-1
G016,G029,-0.0005808981,-1
G047,G080,-0.0005814866,-1
G004,G042,-0.0005835022,-1
G088,G034,-0.0005837225,-1
G007,G070,-0.0005838981,-1
G009,G026,-0.00058424583,-1
G004,G089,-0.0005850821,-1
G044,G042,-0.0005861351,-1
G071,G076,-0.00058619876,-1
G056,G008,-0.00058678683,-1
G091,G030,-0.00058725895,-1
G011,G049,-0.0005872983,-1
G032,G084,-0.00058762624,-1
G042,G018,-0.0005876878,-1
G055,G014,-0.0005884846,-1
G073,G018,-0.00058858586,-1
G048,G067,-0.00058900577,-1
G012,G033,-0.00059017434,-1
G058,G049,-0.0005913428,-1
G083,G053,-0.00059267815,-1
G027,G082,-0.00059278315,-1
G084,G046,-0.00059321756,-1
G100,G049,-0.0005936508,-1
G009,G079,-0.00059433904,-1
G091,G089,-0.000594539,-1
G055,G049,-0.00059529033,-1
G091,G097,-0.00059554464,-1
G063,G084,-0.00059573894,-1
G048,G082,-0.0005961257,-1
G074,G090,-0.00059628545,-1
G082,G089,-0.00059643475,-1
G026,G064,-0.00059648877,-1
G092,G044,-0.0005976198,-1
G091,G070,-0.000597873,-1
G037,G089,-0.00059921585,-1
G088,G064,-0.0006005584,-1
G073,G016,-0.00060091465,-1
G075,G053,-0.00060125295,-1
G011,G098,-0.00060280657,-1
G030,G051,-0.000603328,-1
G052,G031,-0.00060347386,-1
G089,G038,-0.000604668,-1
G052,G074,-0.00060526736,-1
G055,G003,-0.00060554774,-1
G001,G049,-0.00060556945,-1
G073,G021,-0.0006055828,-1
G001,G089,-0.00060564006,-1
G016,G026,-0.00060586457,-1
G053,G073,-0.00060620613,-1
G082,G024,-0.0006064388,-1
G081,G063,-0.0006064525,-1
G085,G091,-0.0006065493,-1
G091,G100,-0.0006073994,-1
G056,G084,-0.0006078243,-1
G028,G021,-0.0006079902,-1
G006,G078,-0.00060824177,-1
G089,G043,-0.0006083208,-1
G011,G082,-0.0006087705,-1
G040,G021,-0.0006092331,-1
G035,G077,-0.0006095189,-1
G088,G047,-0.0006096272,-1
G056,G034,-0.00060995313,-1
G051,G002,-0.0006107836,-1
G009,G038,-0.0006111769,-1
G042,G078,-0.00061165815,-1
G034,G077,-0.00061293767,-1
G055,G096,-0.0006130597,-1
G010,G022,-0.00061352836,-1
G061,G048,-0.0006136971,-1
G057,G042,-0.0006142674,-1
G069,G048,-0.0006149067,-1
G047,G009,-0.0006151903,-1
G097,G086,-0.00061576744,-1
G060,G079,-0.000616294,-1
G055,G035,-0.00061706384,-1
G066,G048,-0.00061714236,-1
G055,G048,-0.00061733875,-1
G002,G100,-0.0006173846,-1
G082,G019,-0.00061743165,-1
G049,G076,-0.0006177981,-1
G073,G061,-0.0006190633,-1
G035,G054,-0.0006192597,-1
G040,G023,-0.0006195254,-1
G083,G006,-0.00061981054,-1
G028,G036,-0.0006198938,-1
G088,G003,-0.0006200073,-1
G038,G018,-0.0006206509,-1
G088,G080,-0.00062099565,-1
G012,G063,-0.0006213579,-1
G051,G057,-0.0006217241,-1
G073,G023,-0.0006223744,-1
G082,G071,-0.0006226201,-1
G096,G065,-0.0006242907,-1
G083,G027,-0.0006244568,-1
G093,G036,-0.00062488473,-1
G051,G074,-0.00062511995,-1
G086,G067,-0.0006264368,-1
G050,G071,-0.0006270843,-1
G026,G034,-0.0006291482,-1
G087,G053,-0.0006298071,-1
G100,G009,-0.00063158333,-1
G100,G014,-0.00063177175,-1
G011,G086,-0.0006339922,-1
G013,G079,-0.00063438783,-1
G001,G046,-0.0006350208,-1
G001,G079,-0.00063615065,-1
G078,G061,-0.0006372157,-1
G100,G068,-0.0006392041,-1
G056,G041,-0.0006392406,-1
G084,G049,-0.00064010767,-1
G100,G020,-0.00064178574,-1
G002,G018,-0.00064295705,-1
G039,G043,-0.0006429882,-1
G056,G074,-0.00064312265,-1
G093,G034,-0.0006434312,-1
G074,G080,-0.0006435218,-1
G006,G045,-0.0006436627,-1
G098,G075,-0.0006448364,-1
G066,G057,-0.0006451661,-1
G028,G048,-0.0006452338,-1
G088,G019,-0.00064647227,-1
G058,G059,-0.0006471225,-1
G022,G053,-0.0006472813,-1
G027,G014,-0.0006475487,-1
G050,G003,-0.0006480174,-1
G026,G082,-0.0006492907,-1
G062,G023,-0.00064947753,-1
G083,G008,-0.00064952037,-1
G011,G077,-0.0006505299,-1
G019,G050,-0.0006507298,-1
G025,G052,-0.00065073755,-1
G100,G090,-0.00065105647,-1
G086,G061,-0.00065226416,-1
G082,G035,-0.0006528332,-1
G080,G013,-0.0006532246,-1
G056,G076,-0.0006535475,-1
G007,G024,-0.000654214,-1
G074,G044,-0.0006548572,-1
G053,G041,-0.00065489113,-1
G051,G037,-0.0006556064,-1
G051,G050,-0.0006559474,-1
G042,G036,-0.0006562031,-1
G004,G048,-0.000656474,-1
G056,G004,-0.00065977144,-1
G076,G077,-0.0006606198,-1
G067,G089,-0.0006619591,-1
G097,G080,-0.0006620253,-1
G063,G015,-0.0006620478,-1
G066,G013,-0.00066207116,-1
G062,G093,-0.0006623014,-1
G004,G052,-0.0006625736,-1
G062,G046,-0.00066384533,-1
G069,G014,-0.00066417345,-1
G100,G093,-0.00066495995,-1
G012,G068,-0.0006651885,-1
G086,G025,-0.0006662536,-1
G032,G073,-0.00066701585,-1
G012,G044,-0.0006675251,-1
G047,G036,-0.00066871603,-1
G073,G035,-0.00066890544,-1
G032,G028,-0.0006692053,-1
G086,G092,-0.0006702119,-1
G028,G093,-0.00067058764,-1
G006,G060,-0.00067071966,-1
G065,G083,-0.00067122316,-1
G091,G007,-0.0006717352,-1
G048,G068,-0.0006725134,-1
G009,G055,-0.00067256845,-1
G061,G062,-0.00067281217,-1
G009,G053,-0.0006733636,-1
G043,G036,-0.0006735989,-1
G013,G069,-0.0006742175,-1
G051,G098,-0.000674952,-1
G059,G063,-0.0006770324,-1
G031,G099,-0.00067793287,-1
G009,G081,-0.0006780477,-1
G006,G067,-0.0006780992,-1
G004,G074,-0.0006791602,-1
G050,G086,-0.0006793634,-1
G095,G019,-0.0006805321,-1
G009,G098,-0.0006806229,-1
G053,G044,-0.0006807902,-1
G055,G046,-0.0006811985,-1
G056,G044,-0.00068222685,-1
G062,G072,-0.0006822934,-1
G001,G021,-0.0006835856,-1
G051,G076,-0.00068577507,-1
G100,G047,-0.00068585615,-1
G038,G056,-0.00068596425,-1
G092,G003,-0.00068603136,-1
G062,G080,-0.00068641774,-1
G061,G038,-0.00068665284,-1
G026,G078,-0.0006871129,-1
G091,G003,-0.0006879141,-1
G016,G031,-0.0006886962,-1
G078,G033,-0.0006890497,-1
G035,G021,-0.000689532,-1
G050,G020,-0.00069037324,-1
G009,G013,-0.0006905849,-1
G089,G024,-0.0006911408,-1
G011,G093,-0.0006912416,-1
G088,G060,-0.00069174747,-1
G052,G021,-0.00069176895,-1
G009,G068,-0.0006926475,-1
G006,G100,-0.0006953172,-1
G025,G043,-0.00069587264,-1
G059,G042,-0.0006963203,-1
G048,G095,-0.0006969547,-1
G063,G074,-0.0006974373,-1
G004,G088,-0.0006983463,-1
G011,G056,-0.0006988617,-1
G091,G036,-0.0006996587,-1
G001,G056,-0.0007004219,-1
G028,G092,-0.0007005134,-1
G036,G069,-0.00070062093,-1
G011,G061,-0.0007009,-1
G084,G050,-0.00070126174,-1
G001,G082,-0.00070320774,-1
G055,G043,-0.000703711,-1
G039,G003,-0.00070375256,-1
G011,G037,-0.0007038353,-1
G100,G077,-0.0007040637,-1
G045,G070,-0.0007042589,-1
G029,G035,-0.00070527097,-1
G047,G083,-0.0007056225,-1
G001,G084,-0.00070627156,-1
G088,G013,-0.00070660893,-1
G053,G001,-0.00070843217,-1
G084,G056,-0.00070856273,-1
G038,G020,-0.00070871884,-1
G099,G048,-0.00070933194,-1
G001,G097,-0.0007095014,-1
G073,G003,-0.0007101669,-1
G056,G030,-0.0007106737,-1
G074,G005,-0.00071268866,-1
G056,G050,-0.00071271707,-1
G051,G043,-0.0007137113,-1
G026,G054,-0.0007151226,-1
G007,G084,-0.0007153497,-1
G060,G089,-0.000716073,-1
G013,G058,-0.0007165232,-1
G100,G013,-0.0007168666,-1
G059,G080,-0.0007171692,-1
G073,G015,-0.0007172666,-1
G007,G044,-0.00071920187,-1
G097,G078,-0.00071968505,-1
G084,G039,-0.0007200389,-1
G056,G015,-0.00072054006,-1
G083,G037,-0.0007212457,-1
G071,G015,-0.0007233279,-1
G100,G044,-0.0007234822,-1
G058,G010,-0.00072353403,-1
G049,G018,-0.0007243171,-1
G028,G082,-0.00072463846,-1
G100,G067,-0.0007247176,-1
G097,G048,-0.0007257168,-1
G066,G093,-0.00072637404,-1
G052,G055,-0.0007267675,-1
G001,G006,-0.0007270069,-1
G053,G021,-0.0007270863,-1
G032,G040,-0.00072731747,-1
G007,G039,-0.000728803,-1
G009,G016,-0.00072952535,-1
G007,G050,-0.0007306104,-1
G099,G052,-0.0007306533,-1
G004,G093,-0.00073161593,-1
G061,G005,-0.00073178153,-1
G009,G082,-0.00073230866,-1
G007,G046,-0.00073296187,-1
G091,G072,-0.0007335636,-1
G075,G073,-0.0007339688,-1
G004,G069,-0.00073415454,-1
G053,G058,-0.00073497085,-1
G036,G060,-0.0007356649,-1
G078,G005,-0.0007358099,-1
G052,G036,-0.0007359671,-1
G025,G058,-0.00073630945,-1
G055,G027,-0.00073729106,-1
G021,G097,-0.00073794083,-1
G100,G046,-0.00073888386,-1
G041,G029,-0.0007397499,-1
G006,G054,-0.00073994295,-1
G020,G015,-0.0007436912,-1
G088,G076,-0.0007447729,-1
G011,G033,-0.00074495195,-1
G008,G006,-0.0007455491,-1
G047,G086,-0.00074633694,-1
G083,G071,-0.000746882,-1
G026,G051,-0.0007496845,-1
G052,G094,-0.0007511227,-1
G006,G029,-0.00075219554,-1
G097,G070,-0.00075276947,-1
G100,G008,-0.00075322104,-1
G063,G064,-0.0007534813,-1
G042,G049,-0.00075356074,-1
G004,G030,-0.00075398944,-1
G028,G065,-0.00075413217,-1
G004,G020,-0.0007543488,-1
G021,G020,-0.00075495883,-1
G076,G096,-0.0007564439,-1
G088,G094,-0.00075687724,-1
G086,G074,-0.00075771945,-1
G046,G023,-0.0007581528,-1
G074,G030,-0.0007585676,-1
G016,G091,-0.0007586572,-1
G028,G074,-0.000759539,-1
G093,G052,-0.00076009094,-1
G100,G003,-0.000760143,-1
G064,G091,-0.00076019595,-1
G078,G092,-0.00076145865,-1
G056,G100,-0.00076159096,-1
G047,G096,-0.00076336454,-1
G006,G094,-0.0007641234,-1
G081,G039,-0.00076623115,-1
G048,G056,-0.00076635537,-1
G021,G093,-0.00076757325,-1
G078,G077,-0.0007676804,-1
G006,G068,-0.0007681695,-1
G071,G074,-0.0007688529,-1
G045,G056,-0.00077093235,-1
G012,G025,-0.0007720375,-1
G006,G014,-0.0007732399,-1
G016,G004,-0.00077460194,-1
G073,G014,-0.00077478925,-1
G028,G060,-0.0007750499,-1
G059,G050,-0.00077595806,-1
G046,G021,-0.0007759679,-1
G053,G049,-0.0007764753,-1
G084,G024,-0.00077755214,-1
G002,G029,-0.00077789195,-1
G048,G025,-0.0007782368,-1
G011,G054,-0.0007785221,-1
G015,G005,-0.0007797505,-1
G053,G091,-0.00078040437,-1
G053,G046,-0.0007809797,-1
G030,G100,-0.00078106765,-1
G042,G066,-0.0007810976,-1
G073,G088,-0.0007835136,-1
G055,G069,-0.00078381447,-1
G035,G023,-0.0007839704,-1
G060,G016,-0.000785548,-1
G004,G027,-0.0007856868,-1
G002,G044,-0.00078614376,-1
G069,G079,-0.0007864866,-1
G009,G041,-0.00078679115,-1
G012,G009,-0.0007880037,-1
G100,G054,-0.0007893788,-1
G021,G092,-0.0007899747,-1
G082,G038,-0.00078998046,-1
G012,G056,-0.00079205376,-1
G022,G042,-0.0007921508,-1
G027,G081,-0.00079304626,-1
G011,G025,-0.00079334254,-1
G056,G009,-0.0007939632,-1
G079,G027,-0.00079416495,-1
G002,G064,-0.00079557963,-1
G006,G066,-0.00079611473,-1
G005,G052,-0.0007962931,-1
G091,G040,-0.00079706765,-1
G040,G054,-0.00079707545,-1
G063,G079,-0.0007971076,-1
G007,G052,-0.0007972585,-1
G100,G045,-0.0007976099,-1
G078,G038,-0.0007978248,-1
G100,G059,-0.00079871784,-1
G009,G030,-0.0007988819,-1
G080,G084,-0.0007990305,-1
G100,G095,-0.0007990485,-1
G007,G034,-0.0007991746,-1
G027,G057,-0.0007992765,-1
G061,G040,-0.00079932954,-1
G035,G017,-0.0008000475,-1
G047,G041,-0.0008007737,-1
G002,G030,-0.00080186006,-1
G048,G016,-0.00080186815,-1
G028,G068,-0.00080243166,-1
G099,G070,-0.0008028041,-1
G001,G067,-0.0008029272,-1
G062,G036,-0.00080362026,-1
G004,G033,-0.00080505095,-1
G053,G009,-0.00080615206,-1
G062,G038,-0.0008065632,-1
G095,G091,-0.00080688094,-1
G084,G020,-0.0008069458,-1
G088,G093,-0.00080938125,-1
G015,G013,-0.0008101679,-1
G050,G064,-0.00081158755,-1
G066,G021,-0.0008142919,-1
G059,G008,-0.0008160051,-1
G004,G076,-0.0008165854,-1
G038,G043,-0.0008166539,-1
G053,G089,-0.00081674487,-1
G047,G077,-0.00081956846,-1
G100,G084,-0.0008203532,-1
G030,G059,-0.00082046236,-1
G002,G021,-0.0008205523,-1
G063,G026,-0.0008213255,-1
G059,G091,-0.0008213716,-1
G022,G062,-0.00082164304,-1
G002,G016,-0.0008233422,-1
G047,G057,-0.0008238845,-1
G100,G096,-0.0008247536,-1
G066,G062,-0.0008252529,-1
G088,G063,-0.0008264967,-1
G091,G074,-0.00082656625,-1
G006,G080,-0.0008276482,-1
G006,G069,-0.0008297842,-1
G055,G050,-0.0008300145,-1
G074,G060,-0.00083049183,-1
G083,G038,-0.00083049864,-1
G030,G012,-0.00083172607,-1
G028,G097,-0.00083208515,-1
G025,G046,-0.0008322743,-1
G009,G033,-0.0008324972,-1
G088,G021,-0.00083480054,-1
G032,G023,-0.0008358206,-1
G047,G056,-0.0008360344,-1
G088,G098,-0.0008360461,-1
G086,G041,-0.0008369286,-1
G084,G012,-0.0008378132,-1
G093,G049,-0.0008379994,-1
G026,G036,-0.00083866686,-1
G023,G099,-0.00084036536,-1
G074,G042,-0.00084092305,-1
G028,G049,-0.0008416784,-1
G098,G085,-0.00084307557,-1
G088,G049,-0.0008433273,-1
G048,G029,-0.0008438665,-1
G022,G011,-0.0008445128,-1
G083,G095,-0.00084483216,-1
G100,G076,-0.00084543996,-1
G006,G098,-0.00084620377,-1
G042,G081,-0.0008463279,-1
G056,G078,-0.00084664783,-1
G099,G040,-0.0008488092,-1
G007,G038,-0.0008495156,-1
G006,G077,-0.00084967364,-1
G006,G033,-0.0008502469,-1
G009,G014,-0.0008513354,-1
G053,G008,-0.00085266354,-1
G024,G072,-0.00085437804,-1
G052,G035,-0.00085443474,-1
G009,G067,-0.0008547643,-1
G053,G082,-0.0008555183,-1
G011,G020,-0.0008560244,-1
G084,G009,-0.0008564763,-1
G034,G078,-0.00085778104,-1
G028,G061,-0.0008578269,-1
G007,G100,-0.0008579697,-1
G063,G056,-0.00085872493,-1
G004,G055,-0.0008596781,-1
G021,G063,-0.0008604867,-1
G048,G037,-0.00086114963,-1
G075,G081,-0.00086278364,-1
G053,G061,-0.0008628543,-1
G009,G051,-0.0008648202,-1
G053,G029,-0.0008658334,-1
G012,G002,-0.00086698035,-1
G001,G051,-0.0008684228,-1
G047,G021,-0.000869346,-1
G061,G015,-0.000871676,-1
G091,G049,-0.00087200856,-1
G073,G067,-0.00087243906,-1
G083,G089,-0.0008736179,-1
G083,G072,-0.0008744895,-1
G016,G068,-0.00087516784,-1
G009,G040,-0.0008757218,-1
G011,G068,-0.000877091,-1
G037,G078,-0.00087746524,-1
G016,G040,-0.00087746774,-1
G056,G086,-0.00087760657,-1
G062,G065,-0.0008792699,-1
G016,G034,-0.0008819069,-1
G075,G027,-0.0008827241,-1
G041,G036,-0.00088295375,-1
G028,G023,-0.0008833187,-1
G053,G064,-0.0008836301,-1
G018,G065,-0.00088378036,-1
G042,G077,-0.0008847026,-1
G047,G072,-0.00088525703,-1
G025,G049,-0.00088581647,-1
G030,G014,-0.0008861785,-1
G026,G041,-0.0008872171,-1
G002,G062,-0.00088980346,-1
G071,G070,-0.0008899322,-1
G100,G005,-0.00089109864,-1
G084,G041,-0.00089316734,-1
G012,G060,-0.0008932402,-1
G099,G039,-0.00089380564,-1
G091,G020,-0.00089539,-1
G051,G038,-0.0008956387,-1
G051,G095,-0.0008984393,-1
G073,G060,-0.000899163,-1
G093,G076,-0.0008992413,-1
G028,G027,-0.0008994409,-1
G042,G100,-0.0009003993,-1
G065,G070,-0.00090200617,-1
G086,G082,-0.00090354326,-1
G047,G070,-0.0009056183,-1
G022,G077,-0.0009067312,-1
G083,G036,-0.0009075621,-1
G025,G037,-0.00090829004,-1
G074,G049,-0.0009129639,-1
G046,G044,-0.00091337104,-1
G067,G066,-0.00091416045,-1
G011,G089,-0.00091498013,-1
G061,G093,-0.0009161773,-1
G046,G070,-0.0009172417,-1
G051,G015,-0.0009186259,-1
G051,G009,-0.0009210949,-1
G032,G037,-0.00092207704,-1
G100,G064,-0.00092279306,-1
G053,G050,-0.0009236338,-1
G001,G027,-0.0009242179,-1
G004,G037,-0.00092544936,-1
G099,G060,-0.0009289733,-1
G079,G026,-0.00092938775,-1
G006,G031,-0.00092990365,-1
G021,G034,-0.000930766,-1
G028,G039,-0.00093366345,-1
G028,G095,-0.0009338603,-1
G049,G100,-0.00093404355,-1
G066,G089,-0.0009341249,-1
G063,G011,-0.00093456917,-1
G071,G073,-0.00093504897,-1
G056,G005,-0.00093520724,-1
G006,G042,-0.00093659264,-1
G075,G048,-0.00093681196,-1
G083,G056,-0.00093968236,-1
G022,G081,-0.00094008655,-1
G099,G046,-0.0009406353,-1
G086,G031,-0.00094131025,-1
G075,G019,-0.0009449833,-1
G053,G077,-0.0009450863,-1
G021,G041,-0.000945186,-1
G002,G046,-0.0009468835,-1
G100,G057,-0.00094823627,-1
G011,G040,-0.0009484567,-1
G048,G057,-0.00095245166,-1
G084,G066,-0.0009526727,-1
G047,G067,-0.0009560937,-1
G099,G043,-0.000957489,-1
G029,G003,-0.00095950876,-1
G007,G009,-0.0009601136,-1
G040,G026,-0.0009606163,-1
G007,G048,-0.0009611699,-1
G096,G053,-0.00096259045,-1
G009,G043,-0.0009640894,-1
G022,G083,-0.00096500065,-1
G012,G021,-0.0009656041,-1
G097,G044,-0.0009657338,-1
G051,G069,-0.0009663186,-1
G058,G092,-0.00096725946,-1
G028,G098,-0.0009674909,-1
G098,G028,-0.00096810295,-1
G051,G013,-0.00096926006,-1
G099,G083,-0.00096989574,-1
G079,G070,-0.00097032735,-1
G048,G008,-0.0009710594,-1
G006,G086,-0.00097123825,-1
G083,G009,-0.00097140786,-1
G053,G024,-0.00097223214,-1
G011,G003,-0.00097335584,-1
G053,G023,-0.0009736792,-1
G099,G096,-0.0009742694,-1
G084,G018,-0.0009774099,-1
G081,G068,-0.0009775275,-1
G063,G029,-0.0009777072,-1
G009,G077,-0.0009802737,-1
G055,G062,-0.0009808396,-1
G061,G013,-0.0009859403,-1
G006,G041,-0.0009860353,-1
G088,G091,-0.0009863172,-1
G056,G080,-0.000987307,-1
G051,G014,-0.0009878174,-1
G100,G094,-0.000988386,-1
G093,G041,-0.000989642,-1
G025,G042,-0.0009900944,-1
G051,G001,-0.0009902192,-1
G081,G066,-0.0009904925,-1
G026,G077,-0.0009906284,-1
G074,G041,-0.0009913837,-1
G006,G097,-0.0009930843,-1
G088,G065,-0.0009932582,-1
G047,G015,-0.0009962055,-1
G002,G078,-0.0010006358,-1
G058,G026,-0.0010008583,-1
G008,G011,-0.0010028715,-1
G082,G074,-0.0010030245,-1
G048,G070,-0.0010040889,-1
G055,G097,-0.00100425,-1
G004,G013,-0.0010045139,-1
G048,G043,-0.0010046114,-1
G004,G086,-0.0010046449,-1
G004,G023,-0.0010053724,-1
G015,G086,-0.0010062308,-1
G004,G057,-0.0010098281,-1
G009,G058,-0.0010141482,-1
G075,G092,-0.0010141889,-1
G084,G054,-0.0010147074,-1
G051,G086,-0.0010154382,-1
G004,G050,-0.0010154519,-1
G097,G037,-0.0010164957,-1
G099,G027,-0.0010177776,-1
G056,G018,-0.0010185681,-1
G053,G030,-0.0010197455,-1
G002,G063,-0.0010204252,-1
G080,G034,-0.0010209607,-1
G088,G008,-0.001021491,-1
G056,G073,-0.0010238095,-1
G075,G066,-0.0010239839,-1
G059,G060,-0.0010241775,-1
G032,G027,-0.0010249052,-1
G053,G040,-0.001027561,-1
G002,G024,-0.0010280481,-1
G058,G052,-0.0010285107,-1
G048,G005,-0.0010288047,-1
G011,G031,-0.0010301733,-1
G093,G040,-0.0010309685,-1
G024,G018,-0.0010310772,-1
G034,G033,-0.0010312626,-1
G081,G019,-0.0010312847,-1
G063,G017,-0.0010329696,-1
G022,G094,-0.0010330557,-1
G036,G063,-0.0010331012,-1
G035,G078,-0.0010336702,-1
G004,G003,-0.0010366286,-1
G021,G033,-0.0010370909,-1
G007,G021,-0.0010382241,-1
G050,G049,-0.0010406564,-1
G056,G061,-0.0010412991,-1
G051,G064,-0.0010429051,-1
G055,G029,-0.0010436059,-1
G035,G071,-0.0010460624,-1
G088,G050,-0.0010468232,-1
G029,G007,-0.001046974,-1
G048,G094,-0.0010478095,-1
G091,G026,-0.0010502809,-1
G006,G073,-0.0010506241,-1
G011,G065,-0.0010507082,-1
G099,G062,-0.0010510094,-1
G002,G088,-0.0010518535,-1
G009,G034,-0.0010523933,-1
G084,G028,-0.0010528024,-1
G075,G068,-0.0010538849,-1
G007,G088,-0.0010545047,-1
G074,G100,-0.001054905,-1
G031,G004,-0.0010590056,-1
G099,G023,-0.0010598679,-1
G035,G079,-0.0010602986,-1
G056,G098,-0.0010613488,-1
G080,G019,-0.0010632625,-1
G022,G098,-0.0010647131,-1
G008,G001,-0.001066378,-1
G099,G007,-0.0010664861,-1
G032,G076,-0.0010667304,-1
G051,G031,-0.0010668499,-1
G076,G071,-0.0010703327,-1
G028,G057,-0.0010717574,-1
G042,G093,-0.0010728169,-1
G099,G045,-0.0010733898,-1
G075,G078,-0.0010751536,-1
G034,G070,-0.0010760536,-1
G006,G013,-0.0010768586,-1
G088,G051,-0.0010774872,-1
G047,G091,-0.0010776907,-1
G028,G040,-0.0010784648,-1
G099,G003,-0.0010788736,-1
G091,G045,-0.0010790465,-1
G075,G026,-0.0010799109,-1
G007,G042,-0.0010801882,-1
G093,G003,-0.0010805582,-1
G022,G044,-0.0010816448,-1
G099,G022,-0.0010832825,-1
G086,G078,-0.0010839422,-1
G063,G031,-0.0010845937,-1
G083,G079,-0.0010859831,-1
G066,G076,-0.0010873151,-1
G056,G025,-0.0010899727,-1
G055,G021,-0.0010945387,-1
G099,G008,-0.0010953912,-1
G073,G044,-0.00109559,-1
G099,G081,-0.0010960152,-1
G022,G041,-0.0010976277,-1
G032,G070,-0.0010978732,-1
G032,G066,-0.0010979509,-1
G007,G013,-0.0010992561,-1
G069,G035,-0.001100999,-1
G088,G056,-0.0011014141,-1
G074,G073,-0.001104719,-1
G009,G064,-0.0011049473,-1
G011,G097,-0.0011057289,-1
G028,G077,-0.0011073088,-1
G048,G013,-0.0011079366,-1
G022,G089,-0.0011084704,-1
G002,G092,-0.0011099294,-1
G075,G077,-0.0011101236,-1
G011,G036,-0.0011112709,-1
G051,G025,-0.0011122895,-1
G075,G021,-0.00111235,-1
G009,G080,-0.0011126784,-1
G051,G019,-0.0011139134,-1
G007,G094,-0.0011179354,-1
G007,G018,-0.0011198681,-1
G051,G087,-0.0011230985,-1
G050,G096,-0.0011232264,-1
G011,G066,-0.0011238502,-1
G024,G078,-0.0011241487,-1
G001,G025,-0.0011243641,-1
G076,G075,-0.001125837,-1
G028,G005,-0.0011261307,-1
G058,G062,-0.0011267414,-1
G051,G005,-0.0011272689,-1
G096,G046,-0.0011273195,-1
G056,G077,-0.0011282121,-1
G007,G069,-0.0011302582,-1
G004,G054,-0.0011316357,-1
G032,G007,-0.0011316537,-1
G087,G007,-0.0011317246,-1
G007,G054,-0.0011320538,-1
G032,G039,-0.0011323261,-1
G059,G092,-0.0011328033,-1
G052,G079,-0.0011331297,-1
G028,G044,-0.0011338666,-1
G088,G040,-0.0011351272,-1
G093,G001,-0.0011354126,-1
G099,G005,-0.0011363256,-1
G076,G100,-0.0011364958,-1
G075,G097,-0.0011395818,-1
G004,G068,-0.0011400854,-1
G028,G063,-0.0011406424,-1
G088,G066,-0.0011413047,-1
G083,G082,-0.0011419446,-1
G073,G029,-0.0011430566,-1
G007,G095,-0.0011441289,-1
G099,G030,-0.0011464322,-1
G037,G043,-0.0011473361,-1
G096,G078,-0.0011478838,-1
G022,G085,-0.0011481446,-1
G014,G012,-0.0011486596,-1
G002,G045,-0.0011494213,-1
G028,G020,-0.0011501411,-1
G004,G070,-0.0011503319,-1
G026,G066,-0.0011535982,-1
G073,G069,-0.0011546345,-1
G025,G009,-0.0011565763,-1
G021,G013,-0.0011566692,-1
G007,G067,-0.00115712,-1
G051,G094,-0.0011573841,-1
G086,G089,-0.0011578095,-1
G002,G026,-0.0011585525,-1
G091,G058,-0.0011585744,-1
G028,G079,-0.0011595633,-1
G022,G071,-0.0011604639,-1
G099,G042,-0.0011606255,-1
G083,G086,-0.0011641164,-1
G047,G063,-0.0011649446,-1
G002,G059,-0.0011650913,-1
G007,G093,-0.0011655799,-1
G048,G063,-0.0011664189,-1
G025,G091,-0.0011678259,-1
G056,G035,-0.0011692673,-1
G065,G047,-0.001171183,-1
G083,G025,-0.0011711869,-1
G002,G081,-0.0011712355,-1
G048,G072,-0.0011714342,-1
G084,G038,-0.001173491,-1
G022,G027,-0.00117444,-1
G027,G080,-0.0011745817,-1
G082,G030,-0.0011757537,-1
G028,G081,-0.001179139,-1
G087,G047,-0.0011792069,-1
G074,G009,-0.0011806384,-1
G013,G003,-0.0011809597,-1
G084,G013,-0.0011813276,-1
G037,G026,-0.0011813348,-1
G019,G018,-0.0011813896,-1
G009,G031,-0.0011816679,-1
G028,G024,-0.0011819643,-1
G099,G063,-0.0011830237,-1
G053,G013,-0.0011833168,-1
G100,G048,-0.0011839708,-1
G046,G014,-0.0011849392,-1
G048,G004,-0.0011853728,-1
G032,G003,-0.0011878054,-1
G028,G019,-0.001188533,-1
G028,G033,-0.0011894205,-1
G088,G025,-0.0011895217,-1
G100,G071,-0.0011902053,-1
G015,G042,-0.0011904198,-1
G053,G067,-0.0011906772,-1
G028,G056,-0.001191221,-1
G028,G054,-0.001191332,-1
G099,G020,-0.0011959964,-1
G022,G045,-0.0011987033,-1
G091,G033,-0.0011988805,-1
G059,G088,-0.0011992273,-1
G099,G082,-0.0012003286,-1
G099,G092,-0.00120049,-1
G096,G050,-0.0012009885,-1
G063,G060,-0.0012023554,-1
G022,G049,-0.0012044443,-1
G083,G048,-0.0012050166,-1
G002,G058,-0.0012094744,-1
G075,G045,-0.0012109117,-1
G047,G066,-0.0012127619,-1
G011,G015,-0.0012133197,-1
G080,G097,-0.0012152,-1
G080,G095,-0.0012155657,-1
G056,G082,-0.0012158995,-1
G028,G058,-0.0012160096,-1
G004,G036,-0.0012168303,-1
G002,G039,-0.0012172988,-1
G052,G080,-0.0012174539,-1
G009,G071,-0.0012181103,-1
G051,G070,-0.0012212115,-1
G002,G073,-0.001222651,-1
G053,G079,-0.0012241742,-1
G009,G019,-0.001224814,-1
G028,G078,-0.0012255596,-1
G075,G096,-0.0012260919,-1
G090,G022,-0.0012278333,-1
G055,G024,-0.0012278967,-1
G091,G060,-0.0012288251,-1
G082,G080,-0.0012335696,-1
G028,G089,-0.0012335861,-1
G002,G082,-0.0012348016,-1
G032,G077,-0.0012369567,-1
G007,G037,-0.0012371689,-1
G011,G067,-0.0012408555,-1
G002,G074,-0.0012412602,-1
G028,G046,-0.0012413916,-1
G051,G007,-0.0012428861,-1
G028,G070,-0.0012436621,-1
G075,G038,-0.0012457025,-1
G082,G060,-0.0012457697,-1
G009,G059,-0.0012461464,-1
G009,G095,-0.0012477362,-1
G051,G058,-0.0012477516,-1
G007,G033,-0.0012480934,-1
G035,G050,-0.0012539956,-1
G099,G024,-0.0012544421,-1
G063,G093,-0.0012568196,-1
G032,G006,-0.00125991,-1
G004,G005,-0.0012633821,-1
G053,G069,-0.001265435,-1
G002,G065,-0.001268255,-1
G093,G030,-0.0012698998,-1
G031,G087,-0.001270121,-1
G022,G016,-0.0012704964,-1
G075,G039,-0.0012717716,-1
G059,G035,-0.0012721209,-1
G006,G091,-0.0012822798,-1
G084,G095,-0.0012842413,-1
G015,G068,-0.0012842661,-1
G048,G031,-0.0012846974,-1
G049,G099,-0.0012849943,-1
G061,G004,-0.0012853917,-1
G100,G025,-0.0012877083,-1
G075,G080,-0.0012877905,-1
G002,G027,-0.0012880339,-1
G097,G019,-0.0012887389,-1
G022,G096,-0.0012906888,-1
G055,G044,-0.0012955406,-1
G051,G083,-0.001296586,-1
G007,G020,-0.0013004689,-1
G038,G093,-0.0013008941,-1
G093,G084,-0.0013010694,-1
G083,G015,-0.0013041,-1
G084,G016,-0.0013045339,-1
G028,G018,-0.0013065301,-1
G025,G008,-0.0013096048,-1
G063,G083,-0.0013117307,-1
G053,G036,-0.0013162049,-1
G022,G060,-0.0013219487,-1
G032,G092,-0.0013232515,-1
G009,G050,-0.0013243878,-1
G015,G092,-0.0013270325,-1
G099,G019,-0.0013277926,-1
G023,G051,-0.0013281024,-1
G088,G029,-0.0013290324,-1
G022,G015,-0.0013319132,-1
G002,G076,-0.001333402,-1
G056,G051,-0.0013339617,-1
G083,G019,-0.0013344534,-1
G032,G074,-0.0013344998,-1
G016,G083,-0.001337394,-1
G038,G035,-0.0013375682,-1
G002,G077,-0.0013395589,-1
G032,G029,-0.0013398769,-1
G007,G008,-0.0013407745,-1
G025,G050,-0.0013417647,-1
G022,G020,-0.001345674,-1
G073,G096,-0.0013465106,-1
G100,G066,-0.0013465706,-1
G047,G042,-0.0013513071,-1
G073,G025,-0.0013522169,-1
G006,G072,-0.0013524495,-1
G006,G089,-0.0013548239,-1
G045,G041,-0.0013573483,-1
G061,G036,-0.0013597249,-1
G009,G089,-0.0013599826,-1
G099,G015,-0.0013605839,-1
G007,G041,-0.0013617325,-1
G081,G035,-0.0013631386,-1
G086,G093,-0.001363895,-1
G100,G051,-0.0013645876,-1
G006,G001,-0.0013646681,-1
G055,G026,-0.0013650443,-1
G004,G060,-0.0013652605,-1
G038,G066,-0.0013659338,-1
G056,G028,-0.0013674486,-1
G006,G024,-0.0013695469,-1
G011,G008,-0.0013699371,-1
G083,G078,-0.0013705009,-1
G015,G093,-0.001372382,-1
G025,G031,-0.0013730583,-1
G051,G093,-0.0013745067,-1
G065,G052,-0.0013752142,-1
G075,G016,-0.0013757128,-1
G002,G015,-0.0013789893,-1
G072,G002,-0.0013819358,-1
G053,G055,-0.0013831179,-1
G006,G096,-0.0013838519,-1
G032,G071,-0.0013854426,-1
G028,G086,-0.0013884204,-1
G021,G051,-0.001388803,-1
G093,G097,-0.0013896058,-1
G061,G065,-0.0013902851,-1
G091,G052,-0.0013906719,-1
G007,G086,-0.0013918965,-1
G099,G011,-0.0013923097,-1
G082,G008,-0.0013931876,-1
G099,G049,-0.0013966777,-1
G035,G001,-0.0013990015,-1
G032,G096,-0.0013996473,-1
G012,G011,-0.0014000828,-1
G082,G084,-0.0014002603,-1
G022,G068,-0.0014046415,-1
G021,G078,-0.0014076771,-1
G084,G067,-0.0014076865,-1
G026,G099,-0.0014086827,-1
G053,G038,-0.0014129613,-1
G007,G057,-0.001415621,-1
G051,G061,-0.0014160409,-1
G091,G035,-0.0014195346,-1
G022,G038,-0.0014222709,-1
G016,G005,-0.0014231048,-1
G047,G052,-0.0014239927,-1
G053,G052,-0.001425969,-1
G007,G098,-0.0014298757,-1
G080,G039,-0.001430104,-1
G006,G020,-0.0014307209,-1
G073,G083,-0.0014323599,-1
G075,G042,-0.0014328625,-1
G002,G069,-0.0014328626,-1
G062,G026,-0.0014344178,-1
G007,G066,-0.0014368503,-1
G022,G074,-0.0014386476,-1
G066,G059,-0.0014408892,-1
G084,G019,-0.0014425822,-1
G028,G076,-0.0014439508,-1
G093,G016,-0.0014443389,-1
G022,G059,-0.001452052,-1
G011,G073,-0.0014536144,-1
G058,G035,-0.0014545791,-1
G006,G055,-0.0014566879,-1
G047,G037,-0.0014604022,-1
G053,G098,-0.0014621036,-1
G004,G041,-0.0014629033,-1
G004,G098,-0.0014633589,-1
G025,G018,-0.0014674288,-1
G048,G035,-0.0014676738,-1
G006,G043,-0.0014746747,-1
G075,G008,-0.0014771858,-1
G032,G097,-0.0014785979,-1
G007,G080,-0.0014883691,-1
G002,G052,-0.001488524,-1
G051,G099,-0.0014901801,-1
G028,G064,-0.0014902148,-1
G083,G091,-0.0014905082,-1
G053,G014,-0.0014923811,-1
G032,G035,-0.0014927115,-1
G007,G096,-0.0014962472,-1
G007,G081,-0.0014971155,-1
G099,G014,-0.0014974639,-1
G074,G088,-0.0014983873,-1
G048,G036,-0.0015002481,-1
G087,G078,-0.0015014382,-1
G022,G064,-0.0015031951,-1
G007,G077,-0.0015040649,-1
G002,G040,-0.001508023,-1
G053,G094,-0.0015084946,-1
G051,G068,-0.0015100434,-1
G028,G013,-0.0015120435,-1
G007,G060,-0.0015127293,-1
G055,G028,-0.0015134932,-1
G007,G045,-0.0015178564,-1
G009,G063,-0.0015196911,-1
G028,G038,-0.001521933,-1
G049,G075,-0.0015226178,-1
G022,G073,-0.0015234359,-1
G032,G041,-0.0015235804,-1
G026,G048,-0.0015246668,-1
G059,G029,-0.0015251279,-1
G002,G084,-0.0015253355,-1
G085,G083,-0.0015281675,-1
G028,G088,-0.0015291888,-1
G099,G058,-0.0015325621,-1
G047,G018,-0.0015364517,-1
G053,G059,-0.0015375175,-1
G021,G006,-0.0015377497,-1
G076,G028,-0.0015393263,-1
G007,G027,-0.0015412696,-1
G100,G074,-0.001548012,-1
G002,G034,-0.0015511345,-1
G053,G086,-0.0015517992,-1
G007,G089,-0.0015545483,-1
G009,G086,-0.0015575492,-1
G075,G094,-0.0015582814,-1
G007,G058,-0.0015601899,-1
G075,G012,-0.0015603756,-1
G088,G037,-0.0015618725,-1
G099,G038,-0.001562232,-1
G099,G059,-0.0015650141,-1
G035,G060,-0.0015650692,-1
G056,G023,-0.0015651826,-1
G075,G007,-0.0015727369,-1
G023,G087,-0.0015748056,-1
G073,G057,-0.0015769656,-1
G025,G035,-0.001577867,-1
G032,G062,-0.0015798348,-1
G055,G057,-0.0015829469,-1
G032,G045,-0.0015869065,-1
G028,G067,-0.0015875924,-1
G002,G038,-0.0015894021,-1
G059,G056,-0.0015901243,-1
G025,G061,-0.0015923957,-1
G084,G030,-0.0015953088,-1
G088,G068,-0.0015971262,-1
G006,G057,-0.0016023424,-1
G053,G015,-0.0016024609,-1
G032,G094,-0.0016035481,-1
G030,G099,-0.0016054792,-1
G004,G021,-0.001609262,-1
G048,G089,-0.0016124947,-1
G004,G067,-0.0016146442,-1
G051,G096,-0.0016166759,-1
G021,G089,-0.0016174273,-1
G007,G015,-0.0016178066,-1
G028,G094,-0.0016180542,-1
G058,G097,-0.0016189857,-1
G002,G098,-0.0016198679,-1
G007,G068,-0.0016203886,-1
G099,G069,-0.0016218339,-1
G066,G033,-0.0016221991,-1
G010,G099,-0.0016227107,-1
G032,G078,-0.0016244518,-1
G002,G094,-0.0016246785,-1
G009,G004,-0.0016253609,-1
G006,G040,-0.0016259224,-1
G016,G065,-0.0016271707,-1
G090,G026,-0.0016275593,-1
G052,G004,-0.0016296268,-1
G100,G073,-0.0016311611,-1
G099,G095,-0.0016350981,-1
G056,G075,-0.0016370665,-1
G075,G089,-0.001637592,-1
G022,G021,-0.0016386579,-1
G002,G042,-0.0016392816,-1
G004,G043,-0.0016398252,-1
G053,G070,-0.0016429662,-1
G028,G080,-0.0016437992,-1
G032,G008,-0.0016458579,-1
G084,G100,-0.0016480939,-1
G049,G028,-0.0016500811,-1
G028,G037,-0.001651428,-1
G036,G084,-0.0016522182,-1
G028,G003,-0.0016552026,-1
G075,G003,-0.0016605713,-1
G002,G013,-0.0016615374,-1
G099,G064,-0.0016617016,-1
G091,G043,-0.0016618648,-1
G026,G080,-0.0016619146,-1
G075,G062,-0.0016624307,-1
G022,G061,-0.0016627336,-1
G075,G033,-0.0016649333,-1
G002,G036,-0.0016685515,-1
G007,G030,-0.0016742342,-1
G032,G081,-0.0016749906,-1
G022,G005,-0.0016781174,-1
G075,G050,-0.0016785332,-1
G007,G031,-0.0016791828,-1
G032,G034,-0.0016822859,-1
G028,G015,-0.0016830406,-1
G063,G078,-0.0016877276,-1
G085,G049,-0.0016886188,-1
G045,G044,-0.0016890991,-1
G032,G012,-0.0016906266,-1
G075,G074,-0.0016906527,-1
G083,G093,-0.0016913138,-1
G004,G015,-0.0016966006,-1
G022,G003,-0.0016967094,-1
G029,G002,-0.0017009971,-1
G002,G079,-0.0017018887,-1
G059,G100,-0.0017077518,-1
G016,G086,-0.0017085018,-1
G099,G036,-0.0017086728,-1
G025,G093,-0.0017087298,-1
G087,G041,-0.0017106725,-1
G009,G078,-0.0017127023,-1
G035,G029,-0.0017142125,-1
G028,G043,-0.0017149631,-1
G007,G003,-0.0017175006,-1
G085,G041,-0.0017179038,-1
G053,G076,-0.0017233287,-1
G051,G080,-0.0017233505,-1
G053,G037,-0.0017256278,-1
G032,G068,-0.0017260566,-1
G022,G012,-0.0017269038,-1
G002,G020,-0.0017286248,-1
G099,G076,-0.0017314756,-1
G002,G035,-0.0017344233,-1
G032,G059,-0.0017361155,-1
G082,G081,-0.0017376125,-1
G028,G069,-0.0017377739,-1
G053,G093,-0.0017394655,-1
G002,G060,-0.0017440212,-1
G075,G059,-0.0017442101,-1
G085,G043,-0.0017474199,-1
G035,G026,-0.001754297,-1
G002,G095,-0.0017563041,-1
G032,G044,-0.0017567638,-1
G072,G090,-0.0017583226,-1
G053,G025,-0.001759688,-1
G053,G005,-0.0017604076,-1
G059,G085,-0.0017627578,-1
G053,G081,-0.0017640797,-1
G022,G052,-0.0017663866,-1
G099,G051,-0.0017710408,-1
G075,G041,-0.0017713199,-1
G099,G013,-0.0017717705,-1
G075,G036,-0.0017727009,-1
G026,G094,-0.0017781596,-1
G075,G060,-0.001779082,-1
G028,G008,-0.0017819233,-1
G088,G035,-0.0017875714,-1
G006,G027,-0.0017895717,-1
G002,G049,-0.0017906936,-1
G099,G050,-0.0017916723,-1
G099,G037,-0.001792631,-1
G075,G098,-0.0017988643,-1
G031,G075,-0.0017988833,-1
G032,G050,-0.0017994647,-1
G053,G031,-0.0018030406,-1
G048,G052,-0.0018033583,-1
G099,G068,-0.0018067083,-1
G002,G050,-0.0018075024,-1
G056,G088,-0.0018105883,-1
G076,G099,-0.0018118864,-1
G022,G008,-0.0018221422,-1
G006,G079,-0.001822968,-1
G053,G095,-0.0018235539,-1
G032,G036,-0.0018268484,-1
G075,G082,-0.0018327495,-1
G022,G070,-0.0018385492,-1
G024,G017,-0.0018427268,-1
G022,G067,-0.0018431947,-1
G075,G013,-0.0018432783,-1
G072,G026,-0.0018453568,-1
G011,G043,-0.0018505622,-1
G028,G016,-0.001851944,-1
G002,G048,-0.0018542717,-1
G100,G056,-0.0018554791,-1
G099,G065,-0.0018602057,-1
G061,G072,-0.0018610659,-1
G016,G046,-0.0018661014,-1
G032,G005,-0.001866201,-1
G032,G080,-0.0018692667,-1
G075,G061,-0.0018718198,-1
G053,G066,-0.001879024,-1
G028,G073,-0.0018791556,-1
G053,G057,-0.0018848716,-1
G099,G077,-0.0018853981,-1
G099,G090,-0.0018858974,-1
G006,G093,-0.001891326,-1
G002,G033,-0.00189345,-1
G008,G007,-0.0018940448,-1
G022,G065,-0.0018954161,-1
G007,G078,-0.0018984489,-1
G083,G065,-0.0019047336,-1
G028,G009,-0.001907818,-1
G026,G081,-0.0019080586,-1
G050,G080,-0.0019088085,-1
G002,G031,-0.0019096853,-1
G022,G091,-0.0019102284,-1
G022,G039,-0.0019106312,-1
G007,G040,-0.0019111243,-1
G099,G033,-0.0019169344,-1
G022,G092,-0.0019195104,-1
G099,G079,-0.0019201738,-1
G085,G016,-0.001922955,-1
G026,G024,-0.0019249782,-1
G032,G058,-0.0019278943,-1
G100,G029,-0.0019285507,-1
G032,G052,-0.001929983,-1
G022,G058,-0.0019322851,-1
G075,G044,-0.0019331406,-1
G085,G036,-0.0019337166,-1
G032,G046,-0.0019342852,-1
G075,G043,-0.0019359791,-1
G032,G095,-0.0019410353,-1
G050,G043,-0.001945903,-1
G025,G055,-0.001950678,-1
G006,G012,-0.0019528974,-1
G028,G034,-0.001955257,-1
G007,G079,-0.001958059,-1
G032,G069,-0.001964285,-1
G075,G054,-0.0019681398,-1
G075,G020,-0.0019690446,-1
G022,G069,-0.0019749424,-1
G014,G002,-0.0019756008,-1
G004,G026,-0.001980533,-1
G026,G084,-0.0019805566,-1
G022,G036,-0.0019820707,-1
G026,G007,-0.0019882405,-1
G035,G042,-0.001990614,-1
G031,G022,-0.0019917297,-1
G084,G071,-0.0019917998,-1
G022,G034,-0.001992508,-1
G032,G091,-0.001996281,-1
G047,G043,-0.0019979835,-1
G022,G079,-0.0019984916,-1
G049,G085,-0.0019990585,-1
G006,G065,-0.0020005857,-1
G022,G080,-0.0020052753,-1
G075,G064,-0.002005879,-1
G053,G063,-0.0020088314,-1
G087,G042,-0.00201352,-1
G075,G065,-0.0020160829,-1
G075,G030,-0.0020189981,-1
G075,G058,-0.0020193413,-1
G022,G019,-0.0020256992,-1
G022,G040,-0.0020257197,-1
G075,G049,-0.002030785,-1
G085,G040,-0.0020341536,-1
G053,G003,-0.0020367927,-1
G028,G030,-0.0020381294,-1
G083,G004,-0.0020381445,-1
G075,G018,-0.00204943,-1
G099,G097,-0.0020525292,-1
G032,G100,-0.002054369,-1
G022,G009,-0.0020601433,-1
G022,G076,-0.0020665685,-1
G022,G078,-0.0020689338,-1
G002,G041,-0.002070456,-1
G025,G040,-0.0020732796,-1
G026,G030,-0.0020748123,-1
G025,G023,-0.002080605,-1
G032,G060,-0.0020806126,-1
G099,G094,-0.0020825537,-1
G085,G033,-0.0020888117,-1
G032,G021,-0.002090269,-1
G012,G001,-0.0020913957,-1
G099,G012,-0.0020918325,-1
G075,G070,-0.0020970437,-1
G099,G009,-0.002097698,-1
G022,G054,-0.002099866,-1
G022,G035,-0.002112592,-1
G087,G089,-0.0021141188,-1
G075,G093,-0.002115092,-1
G007,G056,-0.0021205,-1
G032,G064,-0.002122767,-1
G028,G051,-0.0021228292,-1
G073,G081,-0.0021246837,-1
G053,G035,-0.002125038,-1
G007,G097,-0.002125645,-1
G025,G069,-0.0021259955,-1
G099,G098,-0.0021271456,-1
G002,G070,-0.0021290474,-1
G022,G001,-0.00212981,-1
G100,G035,-0.0021313292,-1
G075,G014,-0.002137176,-1
G075,G001,-0.0021395725,-1
G004,G091,-0.0021478797,-1
G072,G078,-0.002151856,-1
G007,G061,-0.0021537766,-1
G002,G080,-0.002156298,-1
G072,G036,-0.0021570052,-1
G074,G099,-0.0021609184,-1
G002,G025,-0.002161175,-1
G084,G094,-0.002162349,-1
G032,G098,-0.0021666419,-1
G073,G046,-0.0021728338,-1
G004,G097,-0.0021748987,-1
G099,G066,-0.0021751053,-1
G099,G054,-0.0021761595,-1
G022,G086,-0.002176219,-1
G004,G047,-0.0021768885,-1
G075,G079,-0.0021848555,-1
G032,G067,-0.0021876288,-1
G002,G057,-0.002188445,-1
G028,G014,-0.002189899,-1
G099,G073,-0.0021931927,-1
G022,G099,-0.002193212,-1
G075,G052,-0.0021989092,-1
G004,G040,-0.0022047686,-1
G009,G057,-0.0022048394,-1
G032,G013,-0.0022062273,-1
G007,G082,-0.0022101945,-1
G085,G062,-0.002210601,-1
G011,G012,-0.0022113554,-1
G051,G065,-0.0022144525,-1
G032,G088,-0.002217912,-1
G022,G095,-0.0022182113,-1
G098,G087,-0.0022189673,-1
G002,G093,-0.0022307602,-1
G022,G063,-0.0022309688,-1
G100,G088,-0.0022367788,-1
G022,G014,-0.002238171,-1
G002,G097,-0.0022461712,-1
G021,G086,-0.0022477473,-1
G010,G047,-0.0022482784,-1
G032,G089,-0.0022614726,-1
G099,G034,-0.0022639188,-1
G099,G044,-0.002264095,-1
G075,G086,-0.0022643437,-1
G075,G057,-0.002266407,-1
G075,G024,-0.0022668322,-1
G032,G054,-0.002268453,-1
G032,G049,-0.0022764367,-1
G032,G020,-0.0022812332,-1
G021,G094,-0.0022816984,-1
G090,G047,-0.002283496,-1
G018,G033,-0.0022904498,-1
G085,G063,-0.002299322,-1
G075,G095,-0.002301104,-1
G032,G019,-0.002302288,-1
G084,G088,-0.0023059451,-1
G085,G059,-0.0023076735,-1
G002,G054,-0.0023088688,-1
G053,G080,-0.0023105226,-1
G026,G014,-0.0023121336,-1
G018,G041,-0.0023153496,-1
G065,G053,-0.0023245183,-1
G085,G054,-0.0023346194,-1
G022,G100,-0.0023410234,-1
G022,G057,-0.0023460675,-1
G099,G001,-0.0023484635,-1
G022,G084,-0.002348948,-1
G002,G068,-0.0023507073,-1
G044,G072,-0.0023675056,-1
G053,G068,-0.0023689675,-1
G085,G078,-0.0023709924,-1
G002,G061,-0.002372673,-1
G022,G013,-0.0023758488,-1
G099,G084,-0.002385478,-1
G022,G025,-0.0023874398,-1
G004,G073,-0.00238778,-1
G075,G040,-0.0023919188,-1
G087,G036,-0.0023940294,-1
G002,G086,-0.002407691,-1
G087,G063,-0.002427834,-1
G002,G067,-0.0024315838,-1
G085,G045,-0.0024343703,-1
G100,G091,-0.0024391366,-1
G075,G084,-0.002446912,-1
G075,G034,-0.0024490482,-1
G032,G075,-0.0024514077,-1
G002,G096,-0.0024536664,-1
G002,G019,-0.0024583787,-1
G053,G043,-0.0024584495,-1
G022,G082,-0.0024611116,-1
G087,G019,-0.002462794,-1
G032,G093,-0.0024698584,-1
G085,G095,-0.002476531,-1
G032,G033,-0.0024806578,-1
G075,G025,-0.0024831453,-1
G028,G066,-0.0024893577,-1
G002,G056,-0.0024898795,-1
G088,G071,-0.0024903393,-1
G018,G071,-0.002500745,-1
G075,G023,-0.0025007834,-1
G014,G011,-0.002505536,-1
G002,G066,-0.0025063753,-1
G002,G037,-0.0025210432,-1
G012,G007,-0.002535581,-1
G022,G050,-0.0025387127,-1
G072,G089,-0.002544039,-1
G072,G070,-0.0025718238,-1
G099,G057,-0.0025832893,-1
G032,G009,-0.0025870448,-1
G087,G052,-0.0025954307,-1
G002,G008,-0.0026048268,-1
G022,G088,-0.0026073116,-1
G059,G071,-0.0026121167,-1
G099,G067,-0.0026133847,-1
G022,G097,-0.0026143307,-1
G032,G086,-0.0026145328,-1
G007,G036,-0.002618333,-1
G085,G098,-0.0026185934,-1
G022,G029,-0.0026247238,-1
G088,G100,-0.002638701,-1
G032,G079,-0.0026407915,-1
G083,G013,-0.002643496,-1
G007,G012,-0.002647346,-1
G010,G028,-0.002652731,-1
G087,G045,-0.0026575434,-1
G087,G005,-0.002662253,-1
G099,G080,-0.0026629192,-1
G014,G083,-0.0026630138,-1
G075,G009,-0.002665564,-1
G032,G014,-0.0026737398,-1
G099,G093,-0.0026744788,-1
G085,G058,-0.0026765538,-1
G085,G038,-0.0026771424,-1
G018,G044,-0.0027006122,-1
G006,G026,-0.002701305,-1
G085,G011,-0.0027021382,-1
G022,G028,-0.0027043053,-1
G085,G070,-0.0027069717,-1
G075,G069,-0.002707459,-1
G032,G099,-0.0027087044,-1
G002,G009,-0.0027136472,-1
G028,G084,-0.0027167397,-1
G087,G043,-0.0027188996,-1
G011,G023,-0.0027254298,-1
G087,G023,-0.0027590569,-1
G085,G042,-0.0027592801,-1
G022,G043,-0.0027611216,-1
G075,G067,-0.0027643708,-1
G085,G082,-0.0027649386,-1
G057,G060,-0.0027696406,-1
G087,G095,-0.0027737615,-1
G075,G005,-0.0027927535,-1
G004,G085,-0.0027928518,-1
G002,G003,-0.0027987908,-1
G075,G037,-0.002798815,-1
G087,G020,-0.0028064898,-1
G028,G025,-0.0028078093,-1
G072,G013,-0.0028095455,-1
G085,G044,-0.0028159306,-1
G007,G051,-0.0028214385,-1
G032,G063,-0.0028242897,-1
G018,G025,-0.0028262758,-1
G087,G012,-0.0028314646,-1
G087,G027,-0.0028342209,-1
G085,G094,-0.0028452312,-1
G032,G024,-0.0028520606,-1
G075,G076,-0.0028521542,-1
G057,G061,-0.002854127,-1
G087,G026,-0.0028623475,-1
G022,G093,-0.0028716791,-1
G018,G002,-0.0028785113,-1
G007,G043,-0.002887457,-1
G087,G016,-0.0028888949,-1
G099,G061,-0.0028893286,-1
G076,G087,-0.002892282,-1
G087,G046,-0.0028964966,-1
G032,G056,-0.0028971252,-1
G030,G022,-0.0029047206,-1
G099,G074,-0.002915759,-1
G048,G065,-0.0029163326,-1
G022,G048,-0.0029243839,-1
G084,G015,-0.0029311243,-1
G057,G072,-0.0029462767,-1
G087,G058,-0.0029476956,-1
G087,G060,-0.0029610856,-1
G032,G057,-0.0029643544,-1
G022,G056,-0.0029651893,-1
G085,G066,-0.0029690561,-1
G085,G021,-0.0029725397,-1
G049,G051,-0.002980247,-1
G025,G062,-0.0029819866,-1
G099,G029,-0.0030042476,-1
G087,G014,-0.0030126625,-1
G085,G092,-0.0030208582,-1
G049,G087,-0.0030246954,-1
G081,G078,-0.0030271707,-1
G018,G055,-0.003030451,-1
G085,G081,-0.0030373314,-1
G087,G091,-0.0030432667,-1
G010,G041,-0.003061244,-1
G084,G099,-0.003071586,-1
G007,G025,-0.003079922,-1
G099,G025,-0.0030907674,-1
G087,G039,-0.0031123257,-1
G085,G065,-0.0031145776,-1
G072,G020,-0.0031167234,-1
G087,G065,-0.003124727,-1
G087,G068,-0.0031314439,-1
G065,G023,-0.0031366972,-1
G010,G055,-0.0031539928,-1
G072,G003,-0.0031614406,-1
G032,G025,-0.0031618103,-1
G085,G008,-0.0031625635,-1
G075,G015,-0.0031710744,-1
G087,G070,-0.0031719983,-1
G075,G088,-0.0031774105,-1
G032,G016,-0.0031809025,-1
G087,G079,-0.0031829488,-1
G004,G075,-0.0031838596,-1
G072,G095,-0.0031882382,-1
G072,G082,-0.0031888445,-1
G087,G069,-0.0031912199,-1
G032,G001,-0.0031927156,-1
G085,G039,-0.0031999955,-1
G059,G075,-0.0032087476,-1
G075,G056,-0.0032215165,-1
G087,G050,-0.003222757,-1
G018,G079,-0.003223625,-1
G090,G055,-0.0032266697,-1
G085,G064,-0.003239238,-1
G087,G013,-0.0032499174,-1
G085,G060,-0.0032523153,-1
G085,G020,-0.0032525384,-1
G059,G028,-0.0032567119,-1
G072,G042,-0.0032615988,-1
G085,G079,-0.00327533,-1
G010,G018,-0.0032760496,-1
G072,G060,-0.0032761472,-1
G087,G003,-0.0032779772,-1
G099,G035,-0.0032789914,-1
G085,G027,-0.0032815752,-1
G002,G051,-0.0032875605,-1
G087,G034,-0.0033022738,-1
G099,G088,-0.0033075272,-1
G087,G081,-0.0033199622,-1
G053,G004,-0.0033264281,-1
G085,G089,-0.003330247,-1
G002,G089,-0.0033327942,-1
G085,G034,-0.0033469473,-1
G085,G006,-0.003349621,-1
G032,G048,-0.0033558381,-1
G002,G091,-0.0033609432,-1
G067,G065,-0.0033625998,-1
G085,G096,-0.003368063,-1
G087,G049,-0.0033707886,-1
G087,G076,-0.0033729062,-1
G087,G084,-0.0033772783,-1
G085,G003,-0.0033851988,-1
G017,G014,-0.0033894477,-1
G099,G018,-0.0034063458,-1
G087,G038,-0.0034065128,-1
G085,G005,-0.003434856,-1
G087,G064,-0.0034559376,-1
G087,G030,-0.0034618506,-1
G087,G008,-0.0034679903,-1
G085,G073,-0.0034727145,-1
G072,G038,-0.0034728528,-1
G087,G094,-0.003473134,-1
G085,G007,-0.0034733496,-1
G085,G012,-0.0034754793,-1
G056,G085,-0.003476693,-1
G085,G097,-0.00348399,-1
G075,G004,-0.0034914268,-1
G072,G039,-0.0034915204,-1
G085,G015,-0.0034948247,-1
G075,G035,-0.0034948501,-1
G074,G028,-0.0034969654,-1
G073,G099,-0.0035065394,-1
G085,G069,-0.0035085578,-1
G028,G091,-0.0035139022,-1
G032,G015,-0.003514052,-1
G032,G083,-0.0035175963,-1
G087,G077,-0.0035177232,-1
G085,G067,-0.003524456,-1
G085,G077,-0.0035347182,-1
G032,G043,-0.0035649517,-1
G090,G041,-0.0035738677,-1
G087,G066,-0.0035796508,-1
G018,G016,-0.0035879973,-1
G087,G062,-0.003593064,-1
G087,G092,-0.003604924,-1
G072,G016,-0.0036075597,-1
G072,G040,-0.0036092624,-1
G090,G065,-0.0036171773,-1
G037,G038,-0.003624343,-1
G087,G033,-0.0036349378,-1
G087,G098,-0.003652239,-1
G087,G097,-0.0036611934,-1
G085,G053,-0.0036639497,-1
G018,G015,-0.0036811517,-1
G087,G021,-0.0037016347,-1
G072,G014,-0.0037035204,-1
G072,G054,-0.0037036932,-1
G010,G065,-0.0037201438,-1
G031,G085,-0.0037203247,-1
G002,G012,-0.0037206695,-1
G002,G043,-0.0037235806,-1
G072,G021,-0.0037295609,-1
G051,G004,-0.0037352163,-1
G099,G056,-0.0037376247,-1
G017,G020,-0.0037398927,-1
G028,G087,-0.0037422115,-1
G085,G080,-0.0037457158,-1
G087,G096,-0.003755393,-1
G072,G086,-0.003789649,-1
G085,G068,-0.0037950256,-1
G085,G046,-0.0038133962,-1
G022,G023,-0.0038426814,-1
G087,G044,-0.0038488081,-1
G099,G100,-0.0038523944,-1
G072,G083,-0.0038844175,-1
G090,G031,-0.0038912601,-1
G085,G086,-0.0039042814,-1
G072,G066,-0.0039054307,-1
G085,G019,-0.003907906,-1
G072,G097,-0.0039117127,-1
G072,G019,-0.0039155954,-1
G052,G047,-0.0039387825,-1
G085,G013,-0.0039456952,-1
G087,G082,-0.0039492245,-1
G048,G071,-0.003954913,-1
G072,G063,-0.003955093,-1
G032,G087,-0.0039602853,-1
G085,G050,-0.003962022,-1
G075,G029,-0.0039793244,-1
G085,G093,-0.0039812424,-1
G017,G030,-0.0039813835,-1
G085,G014,-0.0039862026,-1
G087,G054,-0.0039974665,-1
G087,G040,-0.0040181475,-1
G087,G022,-0.004020032,-1
G087,G074,-0.004029636,-1
G012,G087,-0.004029916,-1
G090,G021,-0.0040461957,-1
G072,G094,-0.0040585557,-1
G072,G092,-0.004068463,-1
G010,G030,-0.0040765074,-1
G052,G048,-0.004079623,-1
G087,G015,-0.00409321,-1
G072,G012,-0.0040958975,-1
G087,G048,-0.004115569,-1
G087,G067,-0.004116661,-1
G028,G100,-0.0041308105,-1
G072,G081,-0.0041317195,-1
G057,G058,-0.004135565,-1
G056,G099,-0.004152606,-1
G075,G091,-0.0041763163,-1
G072,G069,-0.0042163692,-1
G087,G009,-0.004234354,-1
G072,G077,-0.0042360798,-1
G087,G086,-0.004249149,-1
G011,G001,-0.004254051,-1
G051,G049,-0.004260672,-1
G090,G016,-0.004266255,-1
G018,G042,-0.004272701,-1
G024,G022,-0.004297986,-1
G028,G099,-0.004311979,-1
G072,G027,-0.0043149074,-1
G072,G046,-0.004322797,-1
G087,G080,-0.0043249247,-1
G022,G051,-0.004340983,-1
G018,G094,-0.0043700854,-1
G018,G036,-0.004375007,-1
G072,G080,-0.0043763192,-1
G022,G087,-0.0043899585,-1
G087,G025,-0.0043942165,-1
G072,G068,-0.004398377,-1
G087,G024,-0.004411622,-1
G087,G093,-0.0044127055,-1
G085,G048,-0.004416543,-1
G087,G037,-0.004426835,-1
G075,G051,-0.0044303196,-1
G072,G096,-0.004432262,-1
G072,G064,-0.0044456725,-1
G072,G098,-0.0044529284,-1
G018,G039,-0.00445968,-1
G010,G075,-0.0044663297,-1
G030,G031,-0.0044674333,-1
G087,G083,-0.0044692964,-1
G004,G100,-0.0044856127,-1
G014,G001,-0.004490444,-1
G072,G062,-0.004496943,-1
G085,G052,-0.00457631,-1
G085,G023,-0.0045798533,-1
G085,G009,-0.0045829676,-1
G072,G049,-0.0045940597,-1
G043,G046,-0.0046089077,-1
G090,G075,-0.0046284697,-1
G018,G063,-0.0046480913,-1
G087,G073,-0.0046589607,-1
G072,G058,-0.0046697385,-1
G072,G079,-0.0046716197,-1
G007,G023,-0.004691855,-1
G085,G037,-0.004723336,-1
G018,G058,-0.0047603757,-1
G035,G039,-0.0047760243,-1
G010,G078,-0.004783312,-1
G085,G061,-0.004784531,-1
G004,G031,-0.0048001297,-1
G087,G085,-0.0048011234,-1
G090,G099,-0.004804193,-1
G018,G048,-0.004822369,-1
G018,G084,-0.004829901,-1
G072,G005,-0.0048346836,-1
G029,G072,-0.0048426464,-1
G022,G004,-0.0048639476,-1
G032,G061,-0.0048697563,-1
G018,G081,-0.0048810723,-1
G018,G082,-0.0048819236,-1
G099,G071,-0.004894826,-1
G084,G075,-0.004943165,-1
G018,G096,-0.0049642003,-1
G087,G059,-0.0049710725,-1
G072,G044,-0.0049735205,-1
G072,G050,-0.0049756477,-1
G006,G002,-0.0049861013,-1
G090,G044,-0.005013611,-1
G072,G008,-0.0050247363,-1
G072,G015,-0.0050630774,-1
G090,G039,-0.005080069,-1
G053,G072,-0.005135749,-1
G090,G097,-0.0051382557,-1
G043,G071,-0.0051472583,-1
G003,G083,-0.005148346,-1
G018,G045,-0.005157652,-1
G090,G011,-0.005177915,-1
G072,G025,-0.005188341,-1
G018,G068,-0.005188494,-1
G010,G076,-0.0052602356,-1
G035,G040,-0.0052960054,-1
G085,G025,-0.005296581,-1
G072,G067,-0.005299899,-1
G072,G033,-0.0053215986,-1
G072,G076,-0.0053257016,-1
G011,G006,-0.005325793,-1
G017,G072,-0.0053551947,-1
G017,G024,-0.0053590387,-1
G059,G099,-0.005365249,-1
G072,G043,-0.00540747,-1
G017,G018,-0.0054352847,-1
G018,G050,-0.0054526087,-1
G075,G100,-0.0054650544,-1
G090,G081,-0.0054684696,-1
G072,G045,-0.0055122115,-1
G085,G057,-0.0055343565,-1
G072,G047,-0.0055390433,-1
G007,G047,-0.005549419,-1
G051,G047,-0.0055547906,-1
G010,G044,-0.005591168,-1
G002,G023,-0.0056005763,-1
G002,G072,-0.0056311237,-1
G007,G001,-0.0056409244,-1
G072,G034,-0.0056707207,-1
G010,G024,-0.0056936513,-1
G018,G005,-0.0056983186,-1
G006,G011,-0.005720573,-1
G072,G037,-0.0057539726,-1
G053,G048,-0.0057626255,-1
G073,G087,-0.00578866,-1
G090,G024,-0.005790202,-1
G090,G098,-0.005793587,-1
G072,G011,-0.0058014775,-1
G085,G056,-0.005821156,-1
G090,G094,-0.005821903,-1
G087,G029,-0.0058264113,-1
G072,G052,-0.005846291,-1
G018,G095,-0.005856043,-1
G018,G070,-0.0058857757,-1
G018,G011,-0.0058897766,-1
G085,G004,-0.005923518,-1
G090,G030,-0.0059259706,-1
G053,G047,-0.0059356974,-1
G010,G095,-0.0059410753,-1
G010,G021,-0.005946435,-1
G018,G056,-0.0059544607,-1
G035,G037,-0.005965797,-1
G075,G099,-0.0059696506,-1
G087,G057,-0.005973999,-1
G018,G054,-0.006016463,-1
G090,G042,-0.0060214675,-1
G018,G038,-0.0060277423,-1
G006,G007,-0.0060309493,-1
G090,G050,-0.0060384828,-1
G014,G007,-0.006039296,-1
G074,G085,-0.0060452283,-1
G018,G052,-0.006060859,-1
G091,G028,-0.006067865,-1
G022,G075,-0.0060744775,-1
G018,G007,-0.0060842545,-1
G090,G003,-0.0060903286,-1
G090,G045,-0.006091711,-1
G088,G028,-0.006093334,-1
G087,G001,-0.006105095,-1
G018,G089,-0.006110706,-1
G099,G004,-0.006112469,-1
G010,G045,-0.006121587,-1
G067,G071,-0.006126206,-1
G072,G006,-0.0061391187,-1
G090,G068,-0.006168593,-1
G072,G048,-0.0061877216,-1
G018,G023,-0.0061933435,-1
G090,G079,-0.0062013795,-1
G087,G018,-0.0062036566,-1
G018,G078,-0.0062096203,-1
G090,G066,-0.0062104496,-1
G074,G075,-0.006211497,-1
G084,G085,-0.0062154755,-1
G090,G036,-0.006233036,-1
G090,G020,-0.006236167,-1
G090,G091,-0.0062386673,-1
G087,G088,-0.006239533,-1
G090,G063,-0.0062453276,-1
G010,G097,-0.0062583233,-1
G018,G064,-0.0062663564,-1
G010,G058,-0.0062981127,-1
G010,G059,-0.0063017476,-1
G035,G028,-0.006326453,-1
G090,G005,-0.006350855,-1
G010,G042,-0.006366246,-1
G090,G095,-0.006366544,-1
G018,G008,-0.0064101275,-1
G090,G060,-0.0064117527,-1
G010,G083,-0.006414244,-1
G072,G073,-0.0064329435,-1
G100,G028,-0.0064625703,-1
G010,G068,-0.0064631235,-1
G011,G002,-0.006470056,-1
G090,G076,-0.0064725187,-1
G090,G064,-0.0064819693,-1
G010,G084,-0.006495349,-1
G072,G007,-0.0065095285,-1
G072,G029,-0.0065169865,-1
G087,G056,-0.0065304874,-1
G018,G053,-0.0065454543,-1
G072,G093,-0.006548921,-1
G018,G013,-0.006555404,-1
G010,G031,-0.0065574395,-1
G090,G084,-0.006557442,-1
G010,G012,-0.0065965797,-1
G010,G074,-0.006605566,-1
G059,G087,-0.0066257077,-1
G010,G082,-0.00663332,-1
G018,G003,-0.006637811,-1
G032,G051,-0.0066812653,-1
G090,G077,-0.00668425,-1
G023,G004,-0.0067085456,-1
G010,G060,-0.0067402436,-1
G018,G080,-0.006808402,-1
G018,G066,-0.0068086204,-1
G087,G035,-0.0068470757,-1
G018,G074,-0.006860858,-1
G099,G075,-0.0068748556,-1
G010,G050,-0.0068879733,-1
G018,G076,-0.0068887197,-1
G018,G092,-0.0069021787,-1
G088,G075,-0.0069064866,-1
G090,G034,-0.0069100745,-1
G090,G019,-0.006935078,-1
G072,G065,-0.0069388566,-1
G073,G075,-0.0069393003,-1
G018,G060,-0.006942439,-1
G087,G071,-0.00694351,-1
G010,G011,-0.006960272,-1
G010,G064,-0.0069732396,-1
G010,G067,-0.0069870357,-1
G090,G078,-0.006996691,-1
G062,G083,-0.007004249,-1
G085,G035,-0.0070236376,-1
G056,G087,-0.007032551,-1
G090,G069,-0.0070364093,-1
G090,G058,-0.00704616,-1
G090,G074,-0.0070543983,-1
G055,G061,-0.007063389,-1
G010,G036,-0.007080965,-1
G090,G013,-0.0071281022,-1
G018,G077,-0.00714442,-1
G010,G073,-0.0071528153,-1
G018,G021,-0.0071546338,-1
G090,G070,-0.007165731,-1
G018,G098,-0.0072099795,-1
G090,G037,-0.007226296,-1
G090,G089,-0.0072534303,-1
G010,G003,-0.007270224,-1
G018,G073,-0.0072776857,-1
G018,G046,-0.007291086,-1
G090,G033,-0.0072939643,-1
G090,G008,-0.007312741,-1
G007,G002,-0.0073290737,-1
G090,G012,-0.0073401527,-1
G032,G004,-0.00735089,-1
G090,G083,-0.0073581915,-1
G090,G082,-0.0073593413,-1
G010,G079,-0.0073828874,-1
G090,G067,-0.0073923008,-1
G010,G063,-0.0073947352,-1
G010,G013,-0.007400448,-1
G018,G069,-0.007427812,-1
G010,G039,-0.0074427165,-1
G085,G001,-0.007453176,-1
G090,G038,-0.0074550747,-1
G090,G040,-0.0074599055,-1
G090,G092,-0.007480606,-1
G010,G100,-0.0075003505,-1
G090,G015,-0.0075016487,-1
G090,G100,-0.0075220363,-1
G087,G004,-0.007537876,-1
G010,G096,-0.007546336,-1
G010,G094,-0.0075601563,-1
G100,G099,-0.0075796703,-1
G010,G092,-0.007587658,-1
G018,G083,-0.0075943326,-1
G072,G009,-0.0075981463,-1
G010,G077,-0.0076268106,-1
G010,G033,-0.007636402,-1
G010,G070,-0.007647967,-1
G007,G006,-0.007649423,-1
G090,G073,-0.0076668374,-1
G010,G005,-0.0076715564,-1
G090,G056,-0.007691951,-1
G072,G059,-0.007704605,-1
G074,G087,-0.007720992,-1
G051,G072,-0.0077306004,-1
G072,G023,-0.007732788,-1
G090,G096,-0.00775084,-1
G090,G053,-0.0077766385,-1
G018,G034,-0.0078045465,-1
G087,G100,-0.007813738,-1
G010,G048,-0.007819818,-1
G072,G057,-0.007831118,-1
G010,G040,-0.007860012,-1
G010,G034,-0.007860329,-1
G090,G054,-0.007875001,-1
G010,G089,-0.007881305,-1
G010,G019,-0.007899045,-1
G047,G053,-0.007919475,-1
G018,G012,-0.007953188,-1
G099,G028,-0.007953274,-1
G090,G048,-0.0079803355,-1
G090,G006,-0.007988358,-1
G090,G046,-0.007991313,-1
G090,G062,-0.008003666,-1
G010,G098,-0.00807033,-1
G010,G069,-0.008072273,-1
G010,G062,-0.0080918465,-1
G072,G053,-0.008092852,-1
G018,G040,-0.008093599,-1
G036,G035,-0.008107434,-1
G090,G007,-0.008107676,-1
G018,G062,-0.008134411,-1
G084,G087,-0.008148285,-1
G090,G049,-0.008151348,-1
G080,G081,-0.008213929,-1
G090,G027,-0.008247236,-1
G072,G030,-0.008252319,-1
G010,G016,-0.008259107,-1
G090,G059,-0.008259501,-1
G022,G030,-0.008283245,-1
G014,G004,-0.008285962,-1
G010,G029,-0.008286712,-1
G018,G020,-0.008290786,-1
G018,G067,-0.008297607,-1
G072,G001,-0.008308652,-1
G018,G097,-0.008335422,-1
G088,G099,-0.008339663,-1
G010,G006,-0.008358134,-1
G010,G025,-0.0083612185,-1
G087,G061,-0.008416503,-1
G010,G037,-0.008425792,-1
G090,G018,-0.008461147,-1
G010,G008,-0.008464278,-1
G072,G074,-0.008466609,-1
G010,G088,-0.008466818,-1
G090,G014,-0.008503925,-1
G018,G006,-0.0085119605,-1
G058,G083,-0.008512376,-1
G072,G061,-0.0085282605,-1
G010,G020,-0.008538376,-1
G018,G037,-0.008549818,-1
G015,G016,-0.008652103,-1
G010,G054,-0.008668122,-1
G088,G085,-0.008682832,-1
G018,G091,-0.008728512,-1
G090,G009,-0.00878404,-1
G090,G028,-0.008823736,-1
G090,G029,-0.008909987,-1
G090,G087,-0.008914309,-1
G010,G026,-0.0089180395,-1
G010,G081,-0.008928473,-1
G087,G051,-0.008989039,-1
G010,G046,-0.009004919,-1
G010,G049,-0.009012776,-1
G010,G066,-0.009071444,-1
G075,G087,-0.009091184,-1
G010,G014,-0.009124215,-1
G002,G006,-0.009136892,-1
G010,G038,-0.009160434,-1
G018,G049,-0.009164229,-1
G057,G059,-0.009190241,-1
G066,G065,-0.00922194,-1
G087,G075,-0.009235657,-1
G072,G035,-0.009251047,-1
G090,G052,-0.009255334,-1
G093,G092,-0.009256283,-1
G010,G091,-0.009262988,-1
G079,G078,-0.009338461,-1
G099,G085,-0.0093811,-1
G010,G053,-0.00947278,-1
G010,G027,-0.009527248,-1
G018,G051,-0.009537249,-1
G017,G032,-0.009540343,-1
G004,G008,-0.009560564,-1
G018,G059,-0.009564944,-1
G018,G088,-0.009610577,-1
G090,G088,-0.0096493615,-1
G091,G075,-0.009678053,-1
G007,G011,-0.009680975,-1
G075,G028,-0.009725935,-1
G018,G027,-0.009805099,-1
G010,G052,-0.009870176,-1
G018,G029,-0.009918735,-1
G090,G080,-0.009941224,-1
G072,G084,-0.0099733,-1
G085,G071,-0.01006388,-1
G018,G093,-0.010067388,-1
G026,G027,-0.010075265,-1
G010,G056,-0.010136178,-1
G100,G087,-0.010169512,-1
G090,G023,-0.010234762,-1
G014,G061,-0.010273877,-1
G011,G007,-0.010485789,-1
G048,G053,-0.010513498,-1
G002,G011,-0.010687156,-1
G004,G087,-0.010757787,-1
G010,G015,-0.01082354,-1
G023,G006,-0.0108445175,-1
G014,G072,-0.010871389,-1
G090,G035,-0.010906137,-1
G018,G100,-0.010906634,-1
G072,G024,-0.011070292,-1
G090,G025,-0.011102303,-1
G010,G080,-0.011118692,-1
G010,G023,-0.0111192865,-1
G018,G099,-0.011368272,-1
G010,G057,-0.011386097,-1
G100,G075,-0.01158941,-1
G072,G032,-0.011785803,-1
G090,G093,-0.011804263,-1
G018,G057,-0.0118281385,-1
G018,G001,-0.011904448,-1
G085,G051,-0.011912658,-1
G010,G093,-0.012012572,-1
G090,G001,-0.012038171,-1
G018,G043,-0.012171626,-1
G010,G086,-0.012224904,-1
G014,G017,-0.012253324,-1
G002,G001,-0.012270154,-1
G090,G057,-0.012357349,-1
G052,G053,-0.012383665,-1
G087,G028,-0.012386672,-1
G048,G047,-0.012397561,-1
G018,G026,-0.012477571,-1
G018,G075,-0.012617097,-1
G055,G071,-0.012635717,-1
G028,G075,-0.012691344,-1
G086,G072,-0.01269976,-1
G010,G007,-0.012752638,-1
G032,G022,-0.012771046,-1
G043,G045,-0.0128427865,-1
G018,G035,-0.013030712,-1
G018,G014,-0.013114786,-1
G017,G022,-0.013153557,-1
G076,G085,-0.0132084945,-1
G085,G029,-0.013260921,-1
G032,G031,-0.013267948,-1
G088,G087,-0.013304881,-1
G066,G071,-0.013436783,-1
G090,G043,-0.013471077,-1
G080,G078,-0.013525434,-1
G018,G061,-0.013601731,-1
G010,G035,-0.013857828,-1
G079,G082,-0.01433907,-1
G002,G007,-0.014449475,-1
G041,G042,-0.014673086,-1
G010,G043,-0.014687699,-1
G017,G019,-0.014688002,-1
G090,G061,-0.015016931,-1
G087,G099,-0.015065775,-1
G072,G056,-0.015211873,-1
G010,G061,-0.015290309,-1
G010,G001,-0.015302401,-1
G072,G088,-0.015304135,-1
G018,G009,-0.015351253,-1
G004,G014,-0.015576129,-1
G055,G072,-0.015914625,-1
G018,G086,-0.016045576,-1
G072,G028,-0.016114347,-1
G051,G048,-0.01682736,-1
G028,G004,-0.017374648,-1
G018,G072,-0.017401615,-1
G029,G028,-0.017686779,-1
G078,G072,-0.017706249,-1
G004,G012,-0.018333346,-1
G043,G044,-0.018529426,-1
G018,G019,-0.018851465,-1
G018,G028,-0.019086486,-1
G022,G032,-0.019469928,-1
G089,G072,-0.019722542,-1
G049,G047,-0.020116743,-1
G072,G071,-0.020281952,-1
G072,G100,-0.020523375,-1
G055,G065,-0.020871338,-1
G099,G087,-0.020913154,-1
G004,G072,-0.023391213,-1
G072,G051,-0.023731194,-1
G072,G075,-0.023994945,-1
G046,G045,-0.024055993,-1
G072,G004,-0.025194062,-1
G072,G022,-0.025589855,-1
G051,G052,-0.025638962,-1
G100,G085,-0.025642127,-1
G028,G031,-0.026133941,-1
G055,G083,-0.026714662,-1
G090,G051,-0.027102904,-1
G055,G056,-0.028869033,-1
G018,G087,-0.029735027,-1
G010,G051,-0.029772753,-1
G072,G091,-0.031597663,-1
G072,G018,-0.03217361,-1
G090,G004,-0.032611314,-1
G018,G031,-0.03312279,-1
G018,G004,-0.035001133,-1
G090,G072,-0.035750877,-1
G028,G085,-0.03641094,-1
G035,G041,-0.039099876,-1
G043,G072,-0.040539145,-1
G010,G072,-0.043793675,-1
G010,G004,-0.043816082,-1
G091,G085,-0.04474444,-1
G075,G085,-0.04642407,-1
G025,G026,-0.049411964,-1
G004,G001,-0.053252712,-1
G047,G017,-0.054148037,-1
G085,G028,-0.056854997,-1
G001,G002,-0.062418036,-1
G056,G055,-0.07166892,-1
G086,G090,-0.0753764,-1
G009,G010,-0.079119235,-1
G085,G075,-0.101862706,-1
G090,G086,-0.1081576,-1
G010,G009,-0.13851133,-1
