Regulator,Target,Weight,Sign
G063,G052,0.02569816,1
G005,G090,0.021435257,1
G053,G089,0.019507509,1
G013,G009,0.019490805,1
G070,G011,0.018860977,1
G054,G094,0.018620497,1
G040,G009,0.018475246,1
G027,G089,0.018283388,1
G017,G046,0.018280728,1
G032,G045,0.018197365,1
G004,G088,0.018056003,1
G076,G064,0.017829174,1
G026,G028,0.017752813,1
G071,G057,0.017715298,1
G002,G003,0.017506883,1
G007,G035,0.017232927,1
G072,G081,0.01715389,1
G068,G059,0.017070519,1
G064,G014,0.01661298,1
G026,G053,0.016609574,1
G051,G095,0.01656788,1
G068,G019,0.01655512,1
G035,G089,0.016428715,1
G018,G007,0.016371155,1
G006,G001,0.016312981,1
G013,G065,0.016272826,1
G007,G090,0.01622048,1
G097,G093,0.015869252,1
G030,G090,0.015757132,1
G079,G070,0.015622369,1
G013,G050,0.015243289,1
G071,G002,0.01520564,1
G068,G077,0.015149026,1
G097,G038,0.014979506,1
G045,G006,0.014861546,1
G061,G081,0.014817674,1
G036,G045,0.014752809,1
G086,G027,0.014705535,1
G083,G074,0.014690585,1
G012,G076,0.0146804545,1
G100,G005,0.014623727,1
G093,G075,0.0145836165,1
G006,G002,0.0144876,1
G002,G017,0.014435028,1
G062,G007,0.014421146,1
G054,G035,0.014280988,1
G061,G054,0.014280165,1
G006,G005,0.014278376,1
G083,G064,0.014259937,1
G058,G050,0.014241048,1
G068,G039,0.014183365,1
G060,G014,0.014138136,1
G043,G067,0.014132379,1
G064,G028,0.0140370205,1
G089,G099,0.014023934,1
G003,G073,0.013923955,1
G061,G033,0.013836183,1
G093,G061,0.01379019,1
G067,G007,0.01372079,1
G025,G087,0.013704313,1
G072,G094,0.013670104,1
G035,G016,0.013596813,1
G058,G062,0.013568019,1
G062,G080,0.013566482,1
G095,G060,0.013503629,1
G073,G012,0.013481693,1
G073,G017,0.013444115,1
G037,G014,0.013428727,1
G092,G034,0.013391995,1
G074,G002,0.013389676,1
G048,G057,0.013383272,1
G056,G093,0.013366839,1
G025,G030,0.013363053,1
G045,G097,0.01333914,1
G072,G033,0.01332844,1
G040,G097,0.013279428,1
G064,G081,0.0132752275,1
G007,G071,0.013263981,1
G099,G038,0.013239371,1
G049,G024,0.0132073155,1
G041,G072,0.013196604,1
G041,G045,0.013137412,1
G023,G084,0.013115503,1
G066,G046,0.013040531,1
G016,G076,0.013022541,1
G064,G067,0.013017762,1
G081,G030,0.012982702,1
G013,G092,0.012946803,1
G090,G003,0.012945799,1
G026,G099,0.012844559,1
G017,G065,0.012838466,1
G047,G011,0.012829163,1
G090,G018,0.012760821,1
G038,G052,0.012667489,1
G082,G043,0.012639187,1
G059,G009,0.012595658,1
G037,G009,0.012540605,1
G056,G092,0.012523409,1
G044,G023,0.012486715,1
G021,G098,0.012453032,1
G057,G035,0.012428423,1
G028,G005,0.012421849,1
G015,G043,0.012411996,1
G049,G019,0.012407701,1
G014,G082,0.012381542,1
G058,G061,0.012365301,1
G070,G051,0.0123585705,1
G041,G025,0.012327519,1
G015,G068,0.012310844,1
G021,G083,0.012283272,1
G034,G068,0.012247799,1
G059,G078,0.012229916,1
G048,G090,0.01220294,1
G069,G035,0.012174255,1
G014,G017,0.012156107,1
G069,G088,0.012149921,1
G054,G089,0.012145393,1
G008,G097,0.012133115,1
G045,G072,0.012122048,1
G005,G067,0.012083059,1
G030,G067,0.012073221,1
G008,G020,0.012057004,1
G037,G081,0.012038279,1
G037,G088,0.011997676,1
G089,G062,0.011991512,1
G097,G055,0.011976626,1
G099,G091,0.011966487,1
G091,G023,0.011959093,1
G022,G079,0.011954842,1
G020,G031,0.011922857,1
G025,G071,0.01189939,1
G048,G084,0.011876403,1
G006,G089,0.011856343,1
G065,G014,0.011834502,1
G050,G084,0.011834414,1
G001,G055,0.011816046,1
G043,G071,0.011793764,1
G072,G096,0.011769704,1
G021,G070,0.011746582,1
G060,G035,0.011742994,1
G050,G062,0.011717449,1
G054,G004,0.011675251,1
G030,G050,0.011663388,1
G051,G016,0.011655058,1
G038,G085,0.011633324,1
G096,G081,0.011594313,1
G064,G086,0.011587285,1
G090,G022,0.0115639465,1
G053,G071,0.011557417,1
G048,G016,0.01154533,1
G031,G007,0.011544184,1
G021,G048,0.01149798,1
G060,G097,0.011472104,1
G051,G040,0.011471279,1
G024,G010,0.011449911,1
G055,G045,0.011446287,1
G075,G010,0.011428687,1
G043,G034,0.011426527,1
G048,G066,0.011389127,1
G054,G017,0.011374752,1
G053,G099,0.011340154,1
G030,G013,0.011336534,1
G072,G037,0.011336523,1
G031,G050,0.011325747,1
G061,G023,0.011317736,1
G082,G015,0.0113173295,1
G007,G002,0.011313407,1
G044,G096,0.011297092,1
G041,G007,0.0112959845,1
G009,G064,0.011279038,1
G033,G059,0.011260777,1
G025,G080,0.011240672,1
G056,G072,0.011224751,1
G082,G056,0.011196869,1
G021,G018,0.011181266,1
G092,G026,0.011153814,1
G019,G026,0.011145969,1
G038,G095,0.011143254,1
G019,G057,0.011134144,1
G045,G071,0.011132652,1
G073,G016,0.011122613,1
G060,G093,0.011112857,1
G083,G026,0.011107582,1
G037,G031,0.01108506,1
G074,G028,0.011060676,1
G046,G061,0.011035812,1
G043,G042,0.01102285,1
G072,G005,0.011006265,1
G067,G019,0.010996976,1
G051,G065,0.010982057,1
G026,G097,0.010961848,1
G008,G026,0.010940217,1
G040,G057,0.01093705,1
G018,G036,0.010918619,1
G031,G012,0.010911744,1
G023,G061,0.010906428,1
G005,G074,0.010886362,1
G024,G065,0.01085849,1
G010,G006,0.010857997,1
G048,G092,0.01084191,1
G090,G075,0.010832369,1
G026,G047,0.010824205,1
G083,G032,0.010804117,1
G090,G019,0.010792682,1
G046,G040,0.010780034,1
G023,G035,0.010775099,1
G021,G014,0.010773217,1
G045,G030,0.010769697,1
G016,G087,0.010763551,1
G005,G027,0.010758742,1
G059,G060,0.010744067,1
G097,G012,0.010733579,1
G047,G009,0.010730901,1
G077,G088,0.010728888,1
G091,G037,0.010718929,1
G011,G077,0.010716599,1
G009,G035,0.010713321,1
G063,G040,0.010675346,1
G074,G066,0.010668917,1
G029,G074,0.010660208,1
G074,G071,0.010649841,1
G062,G097,0.01064844,1
G084,G056,0.01064759,1
G099,G055,0.010646483,1
G082,G049,0.010605102,1
G030,G099,0.010577188,1
G024,G071,0.010555048,1
G058,G064,0.0105446,1
G043,G025,0.010532708,1
G045,G066,0.010532421,1
G078,G082,0.010525804,1
G090,G032,0.010516622,1
G017,G093,0.010503876,1
G036,G003,0.010474267,1
G016,G059,0.010465219,1
G095,G061,0.01046426,1
G042,G027,0.0104619805,1
G091,G066,0.01045922,1
G099,G010,0.010452858,1
G018,G024,0.010450944,1
G045,G063,0.01044045,1
G037,G070,0.010436231,1
G035,G095,0.010430076,1
G028,G083,0.010411985,1
G080,G088,0.010403101,1
G045,G042,0.010379896,1
G003,G025,0.010379335,1
G032,G031,0.010368027,1
G005,G030,0.010351004,1
G098,G086,0.010349207,1
G078,G093,0.010345835,1
G035,G056,0.010343277,1
G067,G082,0.01033802,1
G014,G027,0.010336655,1
G080,G020,0.010323233,1
G004,G058,0.010313992,1
G050,G085,0.01030924,1
G037,G002,0.010305266,1
G005,G098,0.0103021525,1
G068,G006,0.010296607,1
G084,G020,0.010277099,1
G031,G086,0.0102695385,1
G063,G042,0.010267691,1
G020,G003,0.010261388,1
G020,G001,0.010252104,1
G013,G018,0.010241527,1
G098,G010,0.010235334,1
G089,G029,0.010233031,1
G002,G010,0.0102307545,1
G052,G089,0.010221704,1
G100,G037,0.010221395,1
G092,G074,0.010216443,1
G033,G069,0.010211739,1
G098,G071,0.010200641,1
G036,G029,0.01016575,1
G073,G080,0.010156536,1
G054,G047,0.010137872,1
G066,G029,0.010131869,1
G099,G022,0.0101248985,1
G035,G051,0.010114971,1
G099,G054,0.010113972,1
G067,G056,0.010107412,1
G020,G043,0.010101419,1
G004,G021,0.010097188,1
G050,G022,0.010096183,1
G029,G081,0.010079449,1
G002,G037,0.010058408,1
G001,G073,0.01003551,1
G098,G073,0.010032051,1
G018,G028,0.010031528,1
G066,G007,0.010031273,1
G046,G094,0.010023406,1
G100,G050,0.0100216605,1
G015,G088,0.010014655,1
G081,G052,0.010009837,1
G090,G034,0.010002964,1
G013,G035,0.009995519,1
G011,G079,0.009984383,1
G077,G026,0.009971332,1
G096,G036,0.009969587,1
G017,G057,0.0099376645,1
G067,G057,0.009916779,1
G024,G035,0.009901148,1
G047,G021,0.009897281,1
G053,G055,0.009889057,1
G061,G069,0.009886114,1
G041,G026,0.00988391,1
G025,G039,0.0098789465,1
G024,G038,0.009877724,1
G044,G094,0.009874328,1
G048,G098,0.0098602865,1
G051,G068,0.009858816,1
G028,G088,0.009840795,1
G026,G089,0.009835739,1
G024,G033,0.00980472,1
G078,G096,0.00979814,1
G018,G055,0.009796263,1
G065,G007,0.009771132,1
G066,G035,0.00976737,1
G069,G010,0.009750927,1
G056,G007,0.009750304,1
G097,G077,0.009750068,1
G082,G013,0.009748979,1
G092,G083,0.009741233,1
G069,G070,0.009738913,1
G023,G039,0.009733533,1
G024,G008,0.009732088,1
G035,G001,0.00971146,1
G099,G088,0.00970816,1
G066,G086,0.009706793,1
G010,G086,0.009705595,1
G010,G053,0.009704642,1
G045,G087,0.009693944,1
G005,G006,0.009688619,1
G036,G050,0.009685834,1
G089,G084,0.009678601,1
G089,G012,0.009663877,1
G051,G082,0.009661356,1
G067,G066,0.009653831,1
G059,G044,0.009639502,1
G087,G097,0.009634686,1
G078,G012,0.009631287,1
G021,G005,0.0096271215,1
G039,G087,0.009624255,1
G003,G027,0.009618822,1
G016,G005,0.009616153,1
G069,G071,0.009611934,1
G058,G077,0.009593975,1
G091,G089,0.009587238,1
G055,G025,0.009567895,1
G047,G017,0.009565346,1
G030,G083,0.009562319,1
G013,G060,0.009561276,1
G048,G037,0.009531573,1
G020,G076,0.009525012,1
G051,G034,0.009521544,1
G035,G030,0.009510546,1
G024,G036,0.009502859,1
G023,G022,0.009500877,1
G032,G042,0.009498475,1
G059,G083,0.009495349,1
G019,G068,0.009486297,1
G059,G008,0.009454887,1
G075,G023,0.009447857,1
G045,G015,0.009447249,1
G097,G016,0.00943373,1
G059,G011,0.009415384,1
G001,G100,0.009414573,1
G034,G075,0.009407297,1
G016,G053,0.009404002,1
G011,G033,0.009397619,1
G059,G081,0.0093916105,1
G034,G091,0.009389587,1
G077,G074,0.009383497,1
G033,G008,0.009375727,1
G045,G052,0.009372204,1
G028,G014,0.009371278,1
G073,G009,0.00936481,1
G014,G057,0.009355345,1
G034,G067,0.009352913,1
G002,G041,0.009346237,1
G049,G062,0.009340377,1
G006,G084,0.009337162,1
G063,G004,0.009335227,1
G063,G011,0.0093255965,1
G040,G013,0.009324102,1
G100,G087,0.009322496,1
G015,G008,0.009317971,1
G086,G091,0.009312469,1
G055,G062,0.009310161,1
G085,G008,0.009309475,1
G077,G018,0.009308388,1
G078,G085,0.009303447,1
G100,G017,0.009299443,1
G080,G002,0.0092963725,1
G051,G047,0.009288697,1
G089,G010,0.009273116,1
G069,G044,0.0092716385,1
G026,G046,0.009258413,1
G060,G065,0.009258269,1
G062,G076,0.00925194,1
G025,G041,0.009246313,1
G067,G088,0.009226018,1
G034,G093,0.009225519,1
G093,G003,0.009210575,1
G006,G055,0.009188125,1
G050,G012,0.009184618,1
G006,G090,0.009174709,1
G056,G012,0.009170649,1
G089,G021,0.009149111,1
G018,G020,0.009137979,1
G073,G034,0.009132,1
G033,G012,0.009131867,1
G088,G026,0.009123759,1
G014,G039,0.009114579,1
G033,G021,0.009101986,1
G097,G059,0.009098928,1
G080,G038,0.009098631,1
G003,G089,0.009085675,1
G061,G088,0.009079852,1
G064,G079,0.009037839,1
G035,G055,0.009035961,1
G032,G076,0.00903275,1
G088,G017,0.009024886,1
G067,G002,0.0090181,1
G083,G040,0.009010759,1
G085,G016,0.009007348,1
G043,G046,0.0090029985,1
G003,G013,0.008999826,1
G092,G054,0.008999447,1
G012,G035,0.008997347,1
G012,G080,0.008974096,1
G028,G016,0.008970042,1
G081,G090,0.008970006,1
G004,G007,0.008969327,1
G065,G027,0.008959517,1
G033,G089,0.008957819,1
G051,G045,0.008955474,1
G033,G079,0.0089466935,1
G003,G087,0.008946124,1
G069,G020,0.008939197,1
G093,G064,0.008937312,1
G025,G046,0.008932719,1
G028,G001,0.008925537,1
G064,G006,0.008924224,1
G041,G002,0.008921352,1
G019,G086,0.008915782,1
G026,G012,0.008911899,1
G009,G010,0.008892664,1
G033,G084,0.008889517,1
G004,G094,0.008865797,1
G085,G002,0.00886579,1
G085,G061,0.008865415,1
G037,G010,0.008858058,1
G045,G012,0.008851427,1
G095,G071,0.00881852,1
G095,G034,0.008816425,1
G043,G048,0.008810753,1
G044,G089,0.008809054,1
G075,G041,0.008804121,1
G016,G042,0.008791186,1
G049,G041,0.008786528,1
G043,G005,0.008784599,1
G053,G042,0.008782889,1
G059,G052,0.008779376,1
G014,G030,0.008755483,1
G085,G100,0.008751684,1
G020,G022,0.008744987,1
G018,G095,0.008744983,1
G093,G009,0.008733977,1
G066,G051,0.008733607,1
G015,G074,0.008728746,1
G005,G068,0.008727772,1
G084,G065,0.0087254355,1
G002,G064,0.008717467,1
G081,G032,0.008708069,1
G092,G044,0.008700391,1
G096,G037,0.00869384,1
G006,G044,0.008692105,1
G051,G061,0.008678216,1
G027,G056,0.008665612,1
G041,G063,0.008661237,1
G087,G100,0.008659234,1
G095,G010,0.008655637,1
G034,G099,0.008653857,1
G086,G024,0.008649019,1
G064,G038,0.008645573,1
G078,G094,0.008631664,1
G061,G004,0.008629828,1
G037,G078,0.008628259,1
G011,G022,0.008623961,1
G079,G066,0.008601767,1
G005,G063,0.008601757,1
G089,G044,0.008598342,1
G060,G059,0.008591875,1
G095,G056,0.008587408,1
G056,G029,0.00858588,1
G072,G008,0.008565466,1
G099,G095,0.008563279,1
G083,G054,0.00856072,1
G041,G008,0.008549846,1
G034,G027,0.008542483,1
G042,G081,0.008542373,1
G073,G061,0.00853984,1
G100,G074,0.0085126255,1
G063,G078,0.00851221,1
G039,G005,0.008511263,1
G026,G071,0.00850459,1
G010,G069,0.008500829,1
G013,G057,0.008488785,1
G017,G054,0.008483998,1
G032,G089,0.008482964,1
G024,G072,0.008474736,1
G003,G026,0.008470982,1
G061,G013,0.008469798,1
G049,G036,0.008462937,1
G035,G019,0.008456018,1
G010,G065,0.008446778,1
G010,G099,0.008443755,1
G001,G098,0.008430031,1
G076,G087,0.008426048,1
G061,G041,0.0084102405,1
G032,G093,0.008403371,1
G007,G093,0.008401529,1
G095,G070,0.008401202,1
G008,G058,0.008394532,1
G031,G073,0.008387474,1
G048,G049,0.00838607,1
G046,G044,0.008385343,1
G071,G004,0.00837995,1
G012,G001,0.00837871,1
G064,G037,0.00837786,1
G088,G062,0.008376439,1
G065,G005,0.00836208,1
G016,G020,0.00835128,1
G015,G053,0.008338712,1
G091,G008,0.008327825,1
G067,G030,0.008325427,1
G030,G080,0.008324527,1
G098,G075,0.008314992,1
G043,G052,0.008305519,1
G074,G026,0.008305444,1
G023,G060,0.008304892,1
G029,G060,0.008303096,1
G042,G079,0.008301412,1
G074,G033,0.008297275,1
G061,G011,0.008292296,1
G035,G081,0.0082885595,1
G066,G043,0.008287478,1
G030,G006,0.008284517,1
G098,G003,0.008280582,1
G016,G100,0.00827628,1
G040,G075,0.008274371,1
G094,G057,0.008270337,1
G052,G096,0.008262632,1
G009,G097,0.008252619,1
G064,G011,0.008243914,1
G066,G034,0.008242956,1
G084,G059,0.008237448,1
G064,G080,0.008236925,1
G060,G017,0.008235343,1
G097,G049,0.008231502,1
G092,G087,0.008226149,1
G047,G035,0.008214547,1
G081,G038,0.008208638,1
G017,G080,0.008208274,1
G027,G060,0.008206931,1
G005,G091,0.008204852,1
G078,G071,0.0082027335,1
G009,G012,0.008179318,1
G013,G039,0.008178486,1
G016,G055,0.008177915,1
G016,G046,0.008175225,1
G089,G035,0.00816413,1
G080,G018,0.0081640445,1
G087,G079,0.008148478,1
G052,G008,0.008132976,1
G057,G086,0.008118162,1
G034,G079,0.00811066,1
G055,G010,0.008110622,1
G011,G010,0.008089907,1
G017,G053,0.008089064,1
G008,G039,0.008082278,1
G027,G067,0.00807231,1
G018,G041,0.008068399,1
G027,G015,0.008058815,1
G005,G076,0.008058637,1
G067,G061,0.008053041,1
G095,G049,0.008051019,1
G098,G063,0.008045346,1
G032,G082,0.008045193,1
G081,G073,0.008032201,1
G002,G053,0.008030448,1
G086,G013,0.008022997,1
G038,G055,0.008017038,1
G022,G025,0.008015293,1
G087,G058,0.0079994835,1
G091,G009,0.007985836,1
G085,G077,0.007979368,1
G045,G020,0.007976439,1
G025,G093,0.00797085,1
G095,G048,0.007968188,1
G099,G093,0.007954789,1
G088,G018,0.00794654,1
G008,G093,0.007943939,1
G093,G052,0.007934875,1
G082,G046,0.007934236,1
G068,G090,0.007932471,1
G017,G027,0.007931526,1
G070,G096,0.007925569,1
G035,G026,0.007924887,1
G048,G024,0.007923976,1
G033,G057,0.007918806,1
G067,G046,0.00790908,1
G067,G085,0.007906273,1
G032,G063,0.007901778,1
G033,G036,0.007901558,1
G059,G007,0.007896672,1
G087,G044,0.007878594,1
G009,G039,0.007869514,1
G040,G070,0.007867973,1
G024,G034,0.007851677,1
G021,G035,0.007846504,1
G007,G076,0.007846273,1
G100,G060,0.007846272,1
G002,G072,0.00784348,1
G074,G078,0.007842898,1
G061,G083,0.007842415,1
G042,G078,0.007840246,1
G096,G042,0.0078354385,1
G044,G069,0.007828497,1
G078,G002,0.007823497,1
G090,G028,0.00781986,1
G080,G026,0.007817093,1
G030,G011,0.0077978317,1
G054,G001,0.007794651,1
G015,G044,0.007792588,1
G048,G100,0.007784651,1
G003,G044,0.007784636,1
G059,G061,0.0077718203,1
G035,G040,0.007769035,1
G020,G008,0.007763761,1
G046,G023,0.0077610584,1
G085,G058,0.0077584083,1
G028,G031,0.007754295,1
G037,G075,0.0077471207,1
G035,G009,0.007743091,1
G094,G025,0.007740016,1
G091,G093,0.00773796,1
G023,G088,0.007737285,1
G045,G062,0.007736092,1
G070,G006,0.007732024,1
G056,G064,0.0077259466,1
G065,G071,0.0077209934,1
G053,G032,0.007717751,1
G044,G042,0.0077172867,1
G073,G052,0.007711746,1
G083,G072,0.007700121,1
G094,G089,0.007699169,1
G077,G061,0.0076949005,1
G023,G099,0.007694146,1
G023,G097,0.0076894234,1
G042,G085,0.007688468,1
G027,G091,0.0076797474,1
G017,G019,0.0076775225,1
G074,G015,0.0076718736,1
G030,G079,0.0076564196,1
G016,G002,0.007653813,1
G020,G024,0.0076373816,1
G096,G004,0.0076284446,1
G059,G021,0.0076140207,1
G076,G085,0.0076099187,1
G069,G096,0.0076097697,1
G040,G059,0.0076091844,1
G006,G075,0.007604997,1
G087,G043,0.007586973,1
G061,G062,0.0075855134,1
G027,G040,0.0075849732,1
G088,G056,0.007582908,1
G022,G030,0.0075825877,1
G008,G062,0.007578063,1
G098,G011,0.0075772344,1
G002,G056,0.0075753517,1
G033,G001,0.0075746397,1
G088,G055,0.0075660576,1
G032,G024,0.007564879,1
G022,G067,0.0075461087,1
G040,G077,0.007543922,1
G022,G048,0.0075418544,1
G028,G058,0.0075300825,1
G017,G096,0.0075253765,1
G085,G041,0.007521098,1
G031,G061,0.0075188377,1
G011,G040,0.0075118747,1
G036,G066,0.0075098346,1
G067,G038,0.007509151,1
G062,G034,0.0074990615,1
G008,G046,0.0074974634,1
G096,G098,0.007494156,1
G015,G066,0.007491409,1
G041,G099,0.0074891597,1
G072,G048,0.007478644,1
G067,G014,0.0074757915,1
G006,G039,0.007466284,1
G036,G089,0.0074629486,1
G035,G072,0.0074615446,1
G046,G024,0.0074596596,1
G025,G058,0.0074587,1
G094,G076,0.0074578403,1
G071,G094,0.007457756,1
G090,G066,0.0074510407,1
G055,G077,0.0074454905,1
G099,G020,0.007443803,1
G053,G086,0.007442172,1
G030,G098,0.0074339653,1
G021,G067,0.0074258302,1
G043,G051,0.007421759,1
G085,G042,0.0074086073,1
G030,G003,0.007406807,1
G099,G028,0.007399409,1
G063,G023,0.0073925043,1
G037,G036,0.007389914,1
G084,G075,0.0073897094,1
G098,G084,0.0073852,1
G005,G087,0.007379959,1
G009,G060,0.007379954,1
G014,G079,0.0073798485,1
G026,G019,0.007377455,1
G069,G086,0.007372482,1
G005,G083,0.0073724464,1
G036,G054,0.007361255,1
G053,G076,0.0073553603,1
G054,G051,0.0073504862,1
G092,G067,0.007349807,1
G039,G064,0.007341484,1
G049,G070,0.0073287287,1
G040,G004,0.0073258826,1
G029,G021,0.007319414,1
G001,G029,0.0073182113,1
G016,G018,0.007313816,1
G018,G074,0.007306324,1
G063,G084,0.0073061534,1
G058,G072,0.007298383,1
G005,G078,0.007296931,1
G022,G078,0.007286552,1
G075,G037,0.007281164,1
G003,G069,0.0072787595,1
G003,G032,0.007274493,1
G002,G098,0.0072630155,1
G036,G049,0.007260145,1
G073,G031,0.0072555933,1
G020,G019,0.0072517563,1
G034,G006,0.0072494675,1
G096,G034,0.0072486023,1
G086,G062,0.007246073,1
G085,G013,0.0072440654,1
G009,G075,0.0072437334,1
G082,G099,0.0072350437,1
G072,G024,0.0072268336,1
G072,G057,0.007221923,1
G058,G001,0.0072206953,1
G007,G019,0.007216976,1
G023,G081,0.0072089992,1
G025,G074,0.0071957577,1
G031,G070,0.0071945204,1
G095,G076,0.0071912277,1
G008,G055,0.00718323,1
G065,G039,0.007170547,1
G015,G011,0.0071652043,1
G028,G036,0.0071557346,1
G096,G068,0.0071550594,1
G043,G092,0.007151959,1
G044,G071,0.0071474384,1
G076,G083,0.0071436036,1
G048,G038,0.00714278,1
G021,G060,0.0071403217,1
G076,G059,0.0071401102,1
G080,G065,0.0071361847,1
G068,G079,0.007135787,1
G089,G011,0.0071195685,1
G019,G001,0.0071188444,1
G060,G074,0.007114441,1
G071,G012,0.0071091773,1
G057,G059,0.0071076103,1
G016,G081,0.0070970636,1
G034,G020,0.007095965,1
G045,G073,0.00709234,1
G069,G029,0.007080338,1
G047,G077,0.0070733554,1
G050,G100,0.007072219,1
G013,G100,0.007069395,1
G095,G066,0.0070680976,1
G038,G054,0.0070674713,1
G064,G036,0.0070672836,1
G029,G097,0.007063998,1
G070,G071,0.007060953,1
G094,G062,0.007059536,1
G015,G098,0.0070593087,1
G076,G045,0.0070551024,1
G073,G049,0.007052421,1
G088,G032,0.0070470297,1
G038,G071,0.0070457957,1
G074,G017,0.0070449854,1
G003,G042,0.007044476,1
G092,G080,0.007042652,1
G085,G033,0.007038997,1
G043,G070,0.0070377677,1
G052,G051,0.007033393,1
G031,G041,0.0070311236,1
G030,G056,0.0070238896,1
G078,G005,0.0070206327,1
G081,G022,0.0070141405,1
G052,G080,0.007009555,1
G039,G016,0.0070034903,1
G013,G076,0.007003261,1
G087,G037,0.006996299,1
G015,G018,0.006988208,1
G027,G085,0.006987071,1
G066,G090,0.006985401,1
G019,G016,0.006976194,1
G044,G028,0.00697227,1
G034,G089,0.00697023,1
G017,G052,0.006967061,1
G012,G003,0.006965242,1
G085,G050,0.0069648945,1
G060,G041,0.006958206,1
G047,G093,0.0069572814,1
G013,G056,0.006956698,1
G001,G070,0.0069509395,1
G048,G015,0.0069480934,1
G066,G079,0.0069464915,1
G019,G031,0.00694045,1
G078,G073,0.0069372463,1
G024,G027,0.0069305147,1
G067,G077,0.0069280616,1
G025,G034,0.006921999,1
G086,G032,0.006920159,1
G048,G070,0.006917166,1
G017,G044,0.0069117732,1
G010,G034,0.006908255,1
G009,G056,0.0069058035,1
G098,G087,0.006900605,1
G015,G016,0.0068992083,1
G028,G008,0.006894885,1
G094,G021,0.006888637,1
G097,G008,0.006883452,1
G052,G062,0.006882837,1
G007,G023,0.006881185,1
G089,G088,0.006875298,1
G017,G049,0.0068662083,1
G010,G098,0.0068569244,1
G054,G092,0.006848229,1
G006,G036,0.0068467413,1
G077,G090,0.0068384656,1
G014,G085,0.00683452,1
G086,G043,0.0068341536,1
G017,G002,0.00682998,1
G023,G029,0.00682835,1
G092,G061,0.006828121,1
G002,G021,0.0068272017,1
G071,G019,0.0068271975,1
G003,G047,0.0068187006,1
G003,G039,0.006809678,1
G031,G028,0.006799625,1
G094,G017,0.0067994962,1
G014,G029,0.0067986725,1
G050,G059,0.0067975176,1
G047,G069,0.0067956937,1
G038,G099,0.006787267,1
G083,G015,0.0067852032,1
G094,G046,0.006782009,1
G021,G009,0.006779342,1
G076,G036,0.006779073,1
G068,G021,0.006777662,1
G019,G065,0.0067769317,1
G067,G087,0.0067729997,1
G035,G017,0.006770636,1
G064,G077,0.006767881,1
G013,G099,0.0067638787,1
G028,G057,0.006760309,1
G077,G078,0.006742634,1
G059,G076,0.0067421934,1
G061,G027,0.0067367717,1
G065,G037,0.0067288093,1
G068,G014,0.006722981,1
G089,G080,0.0067158616,1
G055,G099,0.0067151077,1
G069,G022,0.0067070667,1
G083,G070,0.0067055346,1
G024,G091,0.006705028,1
G090,G072,0.00670446,1
G085,G029,0.006701982,1
G027,G084,0.0066809477,1
G015,G022,0.006678188,1
G045,G095,0.0066744112,1
G067,G004,0.0066732042,1
G003,G092,0.0066680303,1
G094,G008,0.006663617,1
G045,G075,0.0066632424,1
G058,G008,0.0066629117,1
G099,G061,0.0066623706,1
G064,G032,0.0066594505,1
G046,G018,0.006658936,1
G028,G085,0.0066584325,1
G039,G056,0.0066579725,1
G012,G064,0.006657601,1
G059,G096,0.006655848,1
G036,G076,0.006653617,1
G075,G020,0.0066535086,1
G063,G058,0.006650166,1
G033,G080,0.0066482527,1
G028,G039,0.0066422913,1
G062,G015,0.006630043,1
G035,G038,0.0066282838,1
G017,G033,0.006619851,1
G092,G018,0.0066168867,1
G068,G085,0.0066168504,1
G041,G088,0.0066134585,1
G075,G055,0.0066114436,1
G033,G042,0.006608074,1
G032,G095,0.006606534,1
G002,G085,0.006602993,1
G092,G058,0.006601747,1
G083,G023,0.0065939315,1
G005,G038,0.0065912595,1
G039,G021,0.0065881256,1
G094,G039,0.006575689,1
G074,G014,0.00657359,1
G075,G013,0.0065702624,1
G070,G002,0.0065668332,1
G041,G029,0.006566395,1
G007,G040,0.006562599,1
G077,G049,0.006556046,1
G003,G057,0.0065556196,1
G012,G051,0.0065533216,1
G021,G096,0.0065516536,1
G056,G026,0.006540517,1
G075,G069,0.006533162,1
G094,G100,0.006532466,1
G067,G049,0.0065323203,1
G051,G072,0.006528127,1
G053,G045,0.0065279854,1
G093,G022,0.006523615,1
G085,G098,0.006520126,1
G079,G035,0.006520124,1
G080,G004,0.006514173,1
G022,G037,0.0065125315,1
G045,G036,0.0064953356,1
G082,G052,0.0064926124,1
G040,G033,0.006492277,1
G071,G033,0.0064913337,1
G022,G060,0.006489172,1
G070,G023,0.00648076,1
G009,G049,0.0064806067,1
G094,G078,0.006469609,1
G055,G065,0.006467681,1
G022,G029,0.006462347,1
G033,G056,0.0064597507,1
G043,G017,0.006458875,1
G083,G055,0.0064586396,1
G019,G095,0.0064559313,1
G009,G047,0.006455446,1
G059,G017,0.0064510535,1
G047,G051,0.0064417217,1
G071,G068,0.0064387308,1
G089,G032,0.006435518,1
G003,G063,0.0064273947,1
G005,G025,0.0064215604,1
G022,G045,0.006419159,1
G020,G085,0.0064131184,1
G003,G056,0.006411507,1
G021,G059,0.006411463,1
G098,G018,0.006404874,1
G032,G020,0.0063932883,1
G007,G052,0.006393019,1
G018,G053,0.0063923197,1
G096,G079,0.00639107,1
G001,G022,0.006376947,1
G017,G009,0.0063703023,1
G063,G076,0.0063696993,1
G016,G003,0.006367665,1
G080,G054,0.0063552544,1
G042,G093,0.0063526826,1
G005,G065,0.006334814,1
G070,G091,0.0063346424,1
G046,G036,0.0063341344,1
G017,G098,0.006329492,1
G086,G035,0.006326532,1
G080,G083,0.006315159,1
G027,G022,0.0063116215,1
G042,G051,0.0063052196,1
G051,G059,0.006301885,1
G015,G059,0.006299403,1
G023,G086,0.006298883,1
G026,G063,0.006298288,1
G066,G074,0.0062921722,1
G001,G005,0.006290234,1
G039,G093,0.006286172,1
G059,G055,0.006284207,1
G047,G016,0.0062840623,1
G096,G046,0.006274094,1
G033,G076,0.0062716883,1
G062,G009,0.0062656174,1
G030,G064,0.006260279,1
G055,G040,0.0062563345,1
G058,G051,0.0062556933,1
G068,G035,0.0062538153,1
G008,G060,0.0062462413,1
G006,G014,0.0062455777,1
G096,G041,0.0062444927,1
G066,G091,0.006244073,1
G023,G055,0.0062438627,1
G039,G067,0.0062399306,1
G032,G050,0.0062224464,1
G040,G045,0.006220751,1
G016,G030,0.006219845,1
G054,G009,0.0062180646,1
G026,G064,0.0062170452,1
G009,G041,0.0062133297,1
G065,G068,0.006208227,1
G059,G086,0.006205258,1
G073,G011,0.006202958,1
G015,G083,0.0062029096,1
G098,G019,0.0061924146,1
G070,G004,0.0061909473,1
G058,G006,0.0061864867,1
G082,G094,0.0061825598,1
G043,G080,0.006180464,1
G094,G047,0.0061758696,1
G023,G030,0.006173918,1
G068,G064,0.0061722146,1
G026,G072,0.006153756,1
G022,G085,0.006153015,1
G027,G072,0.0061497046,1
G085,G088,0.006139195,1
G082,G098,0.0061386283,1
G021,G050,0.0061359,1
G024,G096,0.0061346306,1
G080,G092,0.0061319494,1
G085,G035,0.006128083,1
G062,G052,0.006117042,1
G055,G042,0.0061168065,1
G075,G029,0.0061136344,1
G037,G027,0.006110344,1
G038,G034,0.006101918,1
G082,G069,0.0060994844,1
G084,G046,0.0060964227,1
G046,G064,0.0060889563,1
G087,G048,0.0060872776,1
G058,G066,0.00608658,1
G040,G096,0.006084357,1
G072,G100,0.0060831457,1
G093,G023,0.0060802232,1
G021,G041,0.0060774297,1
G036,G028,0.0060741,1
G046,G009,0.006071433,1
G058,G078,0.006070705,1
G024,G099,0.006069289,1
G015,G095,0.006068297,1
G002,G097,0.0060669975,1
G068,G058,0.0060650203,1
G016,G094,0.0060627633,1
G032,G040,0.006060315,1
G038,G075,0.0060575246,1
G039,G080,0.0060537076,1
G094,G068,0.0060516656,1
G049,G027,0.0060504065,1
G090,G092,0.006048238,1
G025,G007,0.0060456526,1
G045,G058,0.0060447794,1
G059,G099,0.006042695,1
G015,G048,0.0060343784,1
G075,G042,0.006029086,1
G028,G030,0.0060267113,1
G050,G009,0.0060253064,1
G019,G025,0.006025106,1
G057,G030,0.0060233017,1
G096,G018,0.006018231,1
G023,G087,0.0060177394,1
G086,G044,0.0060143224,1
G081,G029,0.0060100313,1
G028,G019,0.0060091354,1
G050,G090,0.006008886,1
G070,G090,0.0060074297,1
G066,G049,0.0060061757,1
G047,G013,0.00600046,1
G046,G022,0.00599751,1
G013,G090,0.0059948573,1
G093,G042,0.005990002,1
G054,G020,0.005984286,1
G096,G010,0.005981642,1
G061,G056,0.005971747,1
G018,G063,0.0059701623,1
G045,G059,0.005968484,1
G035,G093,0.005965114,1
G024,G055,0.005953907,1
G093,G068,0.005951111,1
G075,G095,0.0059498036,1
G053,G037,0.0059494236,1
G020,G002,0.0059451503,1
G089,G060,0.0059410757,1
G013,G066,0.005936414,1
G086,G033,0.0059319395,1
G036,G004,0.0059261196,1
G080,G096,0.0059261136,1
G032,G037,0.0059198546,1
G044,G050,0.005918664,1
G067,G053,0.005904033,1
G079,G053,0.005901115,1
G037,G054,0.00589884,1
G073,G032,0.0058987276,1
G036,G079,0.005896132,1
G003,G011,0.0058955816,1
G053,G081,0.0058946777,1
G039,G079,0.005893717,1
G046,G011,0.0058885487,1
G002,G033,0.0058850157,1
G049,G002,0.005884032,1
G052,G061,0.0058830366,1
G046,G098,0.0058772913,1
G011,G024,0.0058724084,1
G065,G070,0.0058698277,1
G028,G100,0.0058686784,1
G098,G023,0.0058667986,1
G054,G003,0.0058666063,1
G012,G078,0.005862563,1
G089,G082,0.005861182,1
G024,G073,0.0058559743,1
G098,G096,0.0058551515,1
G098,G038,0.005854888,1
G054,G079,0.005853591,1
G056,G024,0.0058488855,1
G084,G025,0.00584664,1
G086,G055,0.0058406196,1
G079,G058,0.005839405,1
G079,G092,0.0058381953,1
G022,G019,0.0058360095,1
G050,G058,0.005823344,1
G100,G091,0.0058224564,1
G025,G084,0.0058191787,1
G095,G086,0.005814264,1
G075,G001,0.005809333,1
G051,G091,0.0058091134,1
G044,G063,0.005808969,1
G001,G024,0.0058073224,1
G009,G084,0.0058068177,1
G095,G038,0.0058052074,1
G032,G058,0.005795045,1
G009,G006,0.00579191,1
G086,G097,0.0057875053,1
G099,G096,0.005777618,1
G086,G059,0.0057757655,1
G060,G091,0.00575975,1
G061,G047,0.0057596033,1
G023,G014,0.0057578743,1
G068,G088,0.005757228,1
G079,G002,0.0057546366,1
G074,G092,0.005753234,1
G031,G048,0.005753067,1
G004,G013,0.0057522515,1
G043,G086,0.005744207,1
G086,G098,0.0057438486,1
G045,G026,0.0057312027,1
G014,G091,0.005728112,1
G073,G077,0.0057270704,1
G046,G058,0.005726626,1
G086,G063,0.005715798,1
G066,G015,0.005707896,1
G084,G006,0.0057040746,1
G007,G012,0.005703261,1
G045,G077,0.005703059,1
G056,G008,0.005702387,1
G089,G037,0.005700961,1
G066,G040,0.0056991866,1
G098,G008,0.005697312,1
G064,G025,0.005694518,1
G070,G069,0.0056909025,1
G045,G083,0.005688972,1
G050,G021,0.0056865015,1
G037,G021,0.0056851865,1
G051,G003,0.0056804754,1
G075,G086,0.0056779133,1
G027,G008,0.005677895,1
G092,G053,0.005675364,1
G083,G058,0.005672877,1
G005,G061,0.0056709168,1
G028,G010,0.0056656757,1
G095,G089,0.00566554,1
G014,G047,0.005665427,1
G034,G062,0.005661441,1
G088,G097,0.0056612226,1
G092,G036,0.005658095,1
G100,G006,0.0056551583,1
G100,G040,0.0056544184,1
G031,G091,0.0056537376,1
G057,G045,0.0056499825,1
G001,G059,0.005645276,1
G100,G075,0.0056435703,1
G003,G022,0.0056405053,1
G095,G026,0.0056386064,1
G073,G028,0.005635909,1
G058,G037,0.005629522,1
G076,G005,0.0056253322,1
G067,G001,0.0056231017,1
G072,G003,0.005617897,1
G085,G074,0.005613783,1
G075,G015,0.005608158,1
G071,G067,0.0056030806,1
G065,G094,0.0055981306,1
G005,G039,0.005597082,1
G044,G085,0.005596797,1
G009,G072,0.005595048,1
G003,G014,0.005592606,1
G035,G084,0.0055899536,1
G004,G047,0.0055797007,1
G005,G013,0.0055747847,1
G099,G051,0.0055742487,1
G023,G072,0.0055740504,1
G097,G070,0.0055553517,1
G028,G021,0.0055523654,1
G047,G095,0.005550444,1
G049,G037,0.0055493605,1
G037,G028,0.0055486746,1
G008,G076,0.005546228,1
G098,G058,0.005545688,1
G017,G029,0.005545402,1
G052,G001,0.005541657,1
G003,G049,0.0055387905,1
G079,G001,0.005537539,1
G035,G013,0.005536197,1
G082,G047,0.005535873,1
G068,G004,0.005529168,1
G020,G080,0.005523546,1
G091,G032,0.0055206227,1
G067,G043,0.0055145333,1
G078,G036,0.0055098278,1
G010,G047,0.0055088443,1
G076,G001,0.005508222,1
G092,G037,0.0055068904,1
G084,G017,0.0055022244,1
G033,G066,0.005495036,1
G007,G065,0.0054943273,1
G033,G007,0.005492599,1
G055,G074,0.005486902,1
G006,G057,0.0054721804,1
G071,G070,0.0054697557,1
G080,G090,0.0054662367,1
G025,G038,0.0054642907,1
G019,G048,0.0054625305,1
G089,G087,0.005461567,1
G094,G015,0.005457165,1
G044,G064,0.0054554427,1
G058,G005,0.005455342,1
G049,G092,0.0054483474,1
G065,G069,0.0054460843,1
G077,G010,0.0054451665,1
G004,G003,0.005442646,1
G053,G027,0.005441258,1
G050,G081,0.0054348353,1
G093,G035,0.0054242485,1
G098,G061,0.0054242145,1
G027,G082,0.0054222355,1
G004,G015,0.005420823,1
G005,G077,0.0054203584,1
G098,G080,0.0054058773,1
G065,G001,0.005405272,1
G066,G098,0.0053985664,1
G049,G078,0.0053934604,1
G096,G024,0.0053895395,1
G061,G070,0.0053789695,1
G033,G100,0.0053758807,1
G056,G070,0.0053756316,1
G066,G055,0.005372836,1
G015,G054,0.005370051,1
G020,G044,0.00536953,1
G014,G094,0.0053690667,1
G079,G063,0.0053684893,1
G017,G007,0.0053622234,1
G054,G028,0.0053611915,1
G023,G079,0.0053608213,1
G075,G028,0.0053578145,1
G040,G049,0.005353303,1
G088,G005,0.0053524016,1
G088,G031,0.0053513683,1
G061,G067,0.0053452356,1
G053,G052,0.005342415,1
G061,G017,0.0053388327,1
G087,G008,0.0053373347,1
G087,G041,0.0053329035,1
G065,G045,0.0053229015,1
G031,G076,0.0053224596,1
G038,G064,0.0053199423,1
G009,G068,0.0053194966,1
G037,G083,0.0053170696,1
G050,G019,0.0053148544,1
G030,G093,0.005313159,1
G055,G085,0.0053122113,1
G089,G013,0.005310409,1
G065,G015,0.0053094486,1
G019,G092,0.0053082644,1
G020,G087,0.0052955016,1
G006,G042,0.0052920375,1
G088,G079,0.0052902615,1
G094,G050,0.0052888156,1
G097,G051,0.0052868277,1
G006,G038,0.0052781743,1
G046,G069,0.0052727954,1
G018,G076,0.005263966,1
G020,G036,0.0052626543,1
G049,G097,0.005261836,1
G087,G007,0.005260994,1
G043,G026,0.005260859,1
G035,G033,0.005258596,1
G037,G062,0.0052582915,1
G086,G053,0.005257919,1
G047,G007,0.0052577998,1
G093,G018,0.005257292,1
G093,G045,0.005256023,1
G059,G091,0.005251317,1
G051,G020,0.0052455324,1
G013,G098,0.0052435114,1
G022,G053,0.005240404,1
G098,G036,0.005233303,1
G066,G024,0.005232856,1
G010,G021,0.0052305083,1
G047,G058,0.005229068,1
G047,G036,0.0052272333,1
G052,G094,0.0052251196,1
G058,G042,0.0052237054,1
G007,G049,0.005220658,1
G060,G010,0.005219986,1
G082,G097,0.0052155643,1
G056,G010,0.0052119656,1
G049,G053,0.005208915,1
G044,G084,0.005208413,1
G071,G007,0.0052069807,1
G029,G083,0.005206393,1
G097,G029,0.005192521,1
G066,G058,0.0051904367,1
G069,G056,0.005189575,1
G036,G041,0.0051870635,1
G083,G048,0.0051742806,1
G086,G030,0.0051705716,1
G012,G015,0.0051705237,1
G063,G046,0.005168342,1
G025,G053,0.005165942,1
G032,G048,0.0051564653,1
G045,G034,0.0051555354,1
G059,G013,0.0051543997,1
G008,G037,0.005145506,1
G086,G088,0.0051448145,1
G060,G040,0.0051446916,1
G058,G023,0.0051440247,1
G004,G090,0.005143058,1
G075,G068,0.0051365397,1
G061,G008,0.0051339874,1
G015,G072,0.0051298477,1
G087,G029,0.005125702,1
G004,G009,0.0051253755,1
G095,G030,0.0051228637,1
G038,G083,0.0051180087,1
G005,G033,0.0051167305,1
G012,G075,0.005115873,1
G033,G048,0.005115501,1
G027,G049,0.0051133432,1
G084,G007,0.005112964,1
G002,G071,0.0051122177,1
G018,G052,0.0051097707,1
G016,G027,0.005107801,1
G080,G099,0.0051038247,1
G060,G053,0.005103519,1
G015,G027,0.005102836,1
G064,G013,0.0051015136,1
G085,G054,0.005100657,1
G002,G013,0.0050937347,1
G038,G081,0.005090961,1
G081,G009,0.0050763893,1
G002,G022,0.0050753914,1
G088,G019,0.00507251,1
G022,G049,0.005069711,1
G014,G053,0.0050667366,1
G059,G012,0.005062672,1
G031,G069,0.0050574276,1
G011,G001,0.0050563514,1
G083,G067,0.005053642,1
G069,G095,0.0050474876,1
G044,G030,0.005039139,1
G078,G029,0.005037165,1
G016,G010,0.005031413,1
G083,G044,0.0050309515,1
G096,G039,0.005029962,1
G015,G025,0.0050277538,1
G035,G032,0.0050275596,1
G068,G023,0.005026713,1
G042,G011,0.005025884,1
G015,G042,0.0050224448,1
G045,G049,0.0050179176,1
G045,G081,0.005017302,1
G009,G057,0.005010049,1
G085,G063,0.005009921,1
G043,G023,0.005009626,1
G030,G025,0.0050072083,1
G086,G042,0.005005586,1
G074,G039,0.005003938,1
G077,G016,0.005002629,1
G037,G035,0.0050013782,1
G012,G032,0.005001257,1
G034,G002,0.0049949377,1
G081,G037,0.004993808,1
G060,G084,0.004991622,1
G035,G041,0.004984663,1
G058,G063,0.004981807,1
G007,G022,0.0049742274,1
G020,G015,0.0049724705,1
G099,G035,0.0049654846,1
G080,G047,0.004960154,1
G039,G052,0.004959434,1
G062,G051,0.004949355,1
G027,G037,0.004946419,1
G025,G004,0.0049431417,1
G023,G009,0.0049403897,1
G054,G066,0.0049398034,1
G042,G008,0.004937493,1
G070,G078,0.0049370187,1
G032,G017,0.004931024,1
G005,G014,0.0049250703,1
G058,G031,0.0049242135,1
G022,G084,0.004923298,1
G083,G007,0.0049219015,1
G075,G047,0.0049212724,1
G072,G004,0.004920057,1
G028,G092,0.004914045,1
G066,G052,0.004912068,1
G035,G074,0.004911209,1
G020,G074,0.004909146,1
G068,G011,0.00490751,1
G052,G004,0.004906905,1
G063,G047,0.0048967428,1
G009,G044,0.0048958817,1
G076,G072,0.00489588,1
G047,G079,0.0048955595,1
G099,G090,0.0048950305,1
G041,G055,0.004891849,1
G083,G082,0.0048890864,1
G045,G067,0.0048884964,1
G040,G005,0.0048846286,1
G049,G067,0.0048836,1
G011,G004,0.0048795654,1
G009,G019,0.004871018,1
G028,G068,0.0048673903,1
G073,G090,0.004863477,1
G031,G040,0.0048617073,1
G098,G100,0.00485793,1
G084,G009,0.004856225,1
G031,G006,0.004837949,1
G080,G010,0.004836332,1
G056,G090,0.0048333355,1
G009,G029,0.0048332824,1
G063,G073,0.004832529,1
G098,G012,0.0048321458,1
G082,G093,0.0048317835,1
G005,G034,0.00482948,1
G090,G091,0.0048293457,1
G026,G088,0.0048281047,1
G018,G030,0.0048241257,1
G048,G059,0.0048239874,1
G083,G063,0.0048218626,1
G085,G037,0.0048213163,1
G058,G097,0.004819665,1
G093,G020,0.0048141307,1
G054,G075,0.0047978717,1
G002,G066,0.004797753,1
G089,G051,0.0047922293,1
G038,G016,0.0047893906,1
G080,G049,0.004787522,1
G016,G060,0.00478604,1
G100,G028,0.0047839605,1
G097,G045,0.004782328,1
G063,G048,0.004775968,1
G058,G055,0.0047744447,1
G087,G073,0.0047703874,1
G042,G019,0.004766588,1
G036,G065,0.0047662556,1
G098,G070,0.004763458,1
G045,G029,0.0047619124,1
G050,G078,0.004758855,1
G034,G046,0.0047557345,1
G070,G040,0.004752195,1
G099,G077,0.0047511156,1
G076,G026,0.0047425944,1
G099,G018,0.0047376505,1
G054,G021,0.004736302,1
G008,G007,0.0047357953,1
G012,G097,0.0047267424,1
G002,G020,0.0047265254,1
G045,G099,0.0047246404,1
G012,G062,0.0047233165,1
G031,G058,0.004723154,1
G014,G061,0.0047206143,1
G045,G098,0.004720215,1
G047,G099,0.0047190324,1
G095,G029,0.004716051,1
G065,G092,0.004715708,1
G030,G087,0.0047145803,1
G061,G063,0.004714381,1
G059,G003,0.004712613,1
G095,G044,0.0047099655,1
G067,G095,0.004709863,1
G083,G014,0.0047070533,1
G085,G015,0.0047052875,1
G036,G032,0.0047033364,1
G086,G068,0.0047019636,1
G096,G051,0.004697533,1
G084,G099,0.0046932097,1
G014,G098,0.0046929754,1
G023,G094,0.0046918723,1
G060,G069,0.0046878676,1
G093,G089,0.0046874722,1
G095,G021,0.0046874606,1
G002,G039,0.0046868245,1
G072,G058,0.0046858876,1
G090,G037,0.0046848715,1
G062,G006,0.0046811565,1
G057,G003,0.004680814,1
G075,G008,0.004680627,1
G017,G070,0.004679537,1
G097,G061,0.0046758316,1
G013,G086,0.004674793,1
G060,G003,0.004673951,1
G079,G018,0.004672561,1
G019,G064,0.0046702647,1
G006,G018,0.004667376,1
G090,G043,0.0046614837,1
G053,G015,0.0046567298,1
G020,G094,0.0046507656,1
G052,G059,0.0046496405,1
G059,G026,0.0046474626,1
G047,G027,0.0046408623,1
G083,G031,0.004640717,1
G095,G016,0.004640564,1
G051,G029,0.0046358993,1
G035,G053,0.0046314104,1
G045,G004,0.004630093,1
G100,G096,0.0046277093,1
G024,G082,0.0046251197,1
G069,G016,0.004623699,1
G005,G079,0.0046230257,1
G045,G016,0.00462117,1
G100,G031,0.004619611,1
G007,G088,0.0046187066,1
G033,G027,0.0046106507,1
G020,G018,0.004608966,1
G036,G038,0.0045991167,1
G031,G004,0.004598892,1
G050,G066,0.004598091,1
G006,G011,0.0045979386,1
G077,G032,0.0045965817,1
G096,G077,0.0045880564,1
G078,G007,0.0045795543,1
G059,G043,0.004577881,1
G033,G024,0.0045760074,1
G014,G020,0.004575632,1
G008,G042,0.004570403,1
G088,G072,0.004570227,1
G021,G092,0.0045695733,1
G074,G029,0.0045685153,1
G050,G072,0.0045661842,1
G030,G094,0.0045661335,1
G019,G020,0.0045609945,1
G055,G033,0.0045569846,1
G024,G028,0.0045563476,1
G048,G004,0.004556248,1
G034,G025,0.0045554154,1
G091,G011,0.0045523276,1
G094,G056,0.00455232,1
G058,G034,0.004548548,1
G097,G011,0.0045483126,1
G054,G091,0.0045476323,1
G063,G075,0.004543221,1
G039,G008,0.0045386953,1
G011,G063,0.004536915,1
G063,G085,0.004535562,1
G088,G069,0.0045319255,1
G016,G051,0.004523239,1
G052,G041,0.0045148423,1
G062,G096,0.0045139105,1
G021,G064,0.0045134686,1
G054,G058,0.0045104055,1
G005,G084,0.0045067756,1
G052,G090,0.004504381,1
G002,G025,0.004501979,1
G020,G032,0.0045008273,1
G042,G052,0.004500272,1
G026,G090,0.0044977446,1
G011,G035,0.0044789645,1
G092,G030,0.004476487,1
G086,G038,0.004475241,1
G019,G079,0.004469498,1
G035,G080,0.0044677006,1
G041,G034,0.004455223,1
G056,G025,0.0044543683,1
G055,G030,0.0044527086,1
G023,G038,0.004452271,1
G033,G062,0.004441773,1
G021,G015,0.00443932,1
G002,G058,0.004437792,1
G045,G018,0.004430506,1
G011,G036,0.004429005,1
G063,G072,0.0044241203,1
G082,G074,0.0044229743,1
G027,G100,0.004420644,1
G047,G019,0.0044203154,1
G034,G081,0.0044170395,1
G011,G075,0.0044142366,1
G026,G077,0.0044113286,1
G055,G014,0.0044087823,1
G040,G093,0.0044084513,1
G012,G082,0.004404435,1
G066,G031,0.004400098,1
G099,G075,0.004396979,1
G052,G049,0.004396685,1
G019,G058,0.0043947543,1
G075,G054,0.004388847,1
G080,G063,0.004385671,1
G050,G091,0.004381899,1
G055,G079,0.004374232,1
G003,G096,0.0043729343,1
G026,G013,0.004371493,1
G043,G047,0.0043679858,1
G031,G003,0.00436568,1
G057,G078,0.0043644556,1
G087,G038,0.0043636756,1
G099,G070,0.004362565,1
G013,G084,0.004351711,1
G003,G050,0.0043455944,1
G079,G044,0.004344687,1
G052,G072,0.004342474,1
G044,G047,0.0043332265,1
G066,G070,0.0043320856,1
G016,G083,0.0043267007,1
G026,G016,0.004326316,1
G017,G073,0.0043257135,1
G034,G056,0.004324301,1
G021,G055,0.0043136505,1
G041,G054,0.004312387,1
G084,G060,0.004306093,1
G068,G022,0.0043054377,1
G024,G040,0.00430441,1
G097,G034,0.0043034805,1
G006,G029,0.0043004216,1
G061,G052,0.0042984467,1
G055,G005,0.004290913,1
G040,G080,0.0042864904,1
G029,G037,0.0042834724,1
G064,G092,0.004281134,1
G010,G031,0.004279052,1
G079,G038,0.0042770826,1
G038,G049,0.0042726556,1
G004,G036,0.004272299,1
G076,G077,0.0042710286,1
G002,G091,0.004269637,1
G075,G060,0.004263709,1
G054,G073,0.00425932,1
G045,G048,0.004256236,1
G015,G058,0.0042511555,1
G015,G017,0.0042458675,1
G024,G077,0.004245665,1
G022,G094,0.0042434423,1
G013,G088,0.004243431,1
G084,G021,0.004242241,1
G060,G079,0.004240573,1
G057,G028,0.0042319926,1
G068,G044,0.0042278096,1
G070,G087,0.004227023,1
G052,G067,0.0042218408,1
G008,G090,0.004221838,1
G056,G004,0.0042217625,1
G078,G072,0.0042214547,1
G098,G091,0.004217618,1
G100,G044,0.0042104726,1
G082,G078,0.0042073885,1
G033,G078,0.0042047333,1
G049,G060,0.0042022993,1
G054,G076,0.0042004525,1
G071,G099,0.004199413,1
G053,G054,0.0041940813,1
G052,G074,0.0041926904,1
G062,G005,0.0041909846,1
G091,G043,0.004186655,1
G053,G059,0.0041839126,1
G023,G098,0.0041794158,1
G003,G075,0.004177981,1
G010,G078,0.0041746045,1
G042,G015,0.004174295,1
G084,G041,0.004173035,1
G007,G081,0.0041722404,1
G035,G070,0.004168766,1
G028,G034,0.004164492,1
G070,G057,0.004162888,1
G005,G100,0.0041564256,1
G065,G034,0.004153563,1
G024,G083,0.004153277,1
G020,G016,0.0041510095,1
G021,G045,0.0041503487,1
G020,G013,0.004133873,1
G053,G079,0.0041312776,1
G052,G026,0.004126112,1
G023,G034,0.004124539,1
G051,G092,0.0041231154,1
G084,G005,0.0041174106,1
G063,G090,0.0040954174,1
G002,G090,0.004090643,1
G024,G053,0.004089786,1
G060,G016,0.0040883594,1
G048,G082,0.0040873345,1
G081,G069,0.004085537,1
G095,G041,0.0040837,1
G081,G006,0.0040829163,1
G089,G042,0.004079715,1
G062,G022,0.0040742075,1
G004,G044,0.004074149,1
G030,G088,0.0040669125,1
G045,G010,0.0040657762,1
G070,G036,0.004057373,1
G072,G027,0.0040549515,1
G029,G044,0.004054018,1
G022,G069,0.004053952,1
G037,G034,0.004051866,1
G066,G042,0.0040517715,1
G032,G098,0.004047483,1
G062,G041,0.004043579,1
G080,G040,0.00404283,1
G069,G007,0.004041961,1
G065,G050,0.0040414114,1
G077,G072,0.004036165,1
G019,G091,0.0040312232,1
G007,G030,0.004026439,1
G088,G036,0.0040256167,1
G019,G073,0.004022734,1
G071,G025,0.0040207743,1
G051,G075,0.0040207044,1
G054,G100,0.0040188804,1
G038,G025,0.0040152203,1
G019,G022,0.004013078,1
G041,G075,0.004013011,1
G041,G027,0.004010984,1
G070,G001,0.0040108007,1
G070,G063,0.004004651,1
G013,G010,0.0040031825,1
G079,G091,0.004002443,1
G056,G023,0.0040010223,1
G059,G056,0.0039931443,1
G062,G021,0.003990142,1
G024,G087,0.0039899237,1
G091,G013,0.003988092,1
G090,G045,0.0039851544,1
G088,G010,0.0039834105,1
G055,G073,0.0039821877,1
G049,G091,0.0039821602,1
G099,G008,0.0039806445,1
G012,G008,0.0039803856,1
G066,G094,0.0039801975,1
G007,G094,0.00397688,1
G031,G081,0.0039733197,1
G035,G039,0.00397009,1
G076,G078,0.0039689206,1
G004,G096,0.0039624674,1
G090,G094,0.003961962,1
G092,G057,0.0039585913,1
G094,G037,0.003948956,1
G044,G082,0.0039466275,1
G081,G050,0.0039462904,1
G012,G028,0.003942517,1
G082,G042,0.003939337,1
G024,G095,0.0039389166,1
G026,G074,0.0039376025,1
G061,G050,0.003932174,1
G034,G009,0.003930176,1
G088,G003,0.0039280104,1
G055,G097,0.0039257854,1
G011,G082,0.0039257496,1
G019,G033,0.003925424,1
G009,G081,0.003923736,1
G070,G012,0.003922975,1
G092,G068,0.003915745,1
G067,G009,0.0039134715,1
G027,G086,0.0039124275,1
G050,G089,0.0039111655,1
G037,G008,0.0039070584,1
G074,G075,0.003901927,1
G048,G012,0.0039019098,1
G005,G053,0.003897932,1
G009,G031,0.0038929589,1
G050,G017,0.0038834698,1
G075,G036,0.0038834573,1
G079,G033,0.0038833106,1
G032,G006,0.003883061,1
G062,G048,0.0038814135,1
G082,G012,0.0038811243,1
G062,G016,0.0038755788,1
G090,G097,0.0038737487,1
G095,G028,0.0038735042,1
G013,G030,0.0038731166,1
G088,G048,0.003872009,1
G027,G026,0.0038693144,1
G052,G092,0.0038680744,1
G023,G036,0.003867111,1
G049,G038,0.00386692,1
G052,G065,0.00386684,1
G050,G011,0.0038653717,1
G059,G088,0.0038634934,1
G082,G004,0.0038625353,1
G025,G082,0.003861954,1
G011,G025,0.0038613186,1
G063,G002,0.0038608545,1
G054,G068,0.0038577747,1
G021,G040,0.0038564329,1
G100,G036,0.0038432456,1
G011,G078,0.0038340269,1
G066,G089,0.0038332476,1
G029,G098,0.0038229153,1
G053,G078,0.0038183143,1
G026,G002,0.0038136018,1
G013,G011,0.0038056555,1
G007,G039,0.0038054974,1
G017,G010,0.0038047116,1
G045,G092,0.0038037794,1
G048,G091,0.0038008061,1
G041,G011,0.0037976939,1
G007,G046,0.003792311,1
G021,G024,0.0037910983,1
G062,G040,0.0037886817,1
G089,G009,0.0037869944,1
G044,G018,0.0037758152,1
G022,G098,0.0037753226,1
G029,G096,0.0037743147,1
G056,G039,0.0037688587,1
G090,G061,0.0037684548,1
G078,G034,0.003768146,1
G040,G019,0.0037660091,1
G022,G036,0.0037636014,1
G092,G095,0.0037629064,1
G031,G057,0.0037605236,1
G055,G012,0.003758272,1
G074,G073,0.0037515755,1
G053,G095,0.0037481582,1
G052,G046,0.003747766,1
G007,G061,0.0037428667,1
G035,G020,0.0037418709,1
G058,G028,0.0037397172,1
G098,G026,0.0037380713,1
G024,G043,0.003737309,1
G072,G078,0.0037370985,1
G072,G006,0.0037364657,1
G067,G011,0.003729182,1
G051,G087,0.003728792,1
G007,G067,0.0037284133,1
G017,G025,0.0037246633,1
G022,G006,0.0037239676,1
G091,G077,0.0037202137,1
G011,G059,0.0037201855,1
G012,G014,0.0037177978,1
G071,G045,0.0037156094,1
G055,G056,0.0037143922,1
G044,G076,0.0037095342,1
G029,G012,0.003708406,1
G064,G003,0.003696476,1
G005,G075,0.0036943336,1
G066,G010,0.0036928516,1
G096,G058,0.0036922162,1
G022,G057,0.003684736,1
G094,G065,0.0036843678,1
G024,G020,0.0036804138,1
G055,G001,0.0036798327,1
G041,G079,0.003678247,1
G080,G023,0.003676859,1
G088,G095,0.0036734026,1
G028,G007,0.0036733462,1
G009,G077,0.0036730429,1
G006,G050,0.0036726317,1
G020,G081,0.0036690554,1
G078,G056,0.0036613955,1
G052,G043,0.0036612817,1
G017,G043,0.0036588972,1
G010,G016,0.0036566923,1
G031,G017,0.0036497503,1
G081,G094,0.0036489274,1
G077,G059,0.0036467717,1
G083,G081,0.003639086,1
G057,G023,0.003635195,1
G037,G069,0.0036301373,1
G089,G034,0.0036291352,1
G028,G041,0.0036279,1
G080,G073,0.0036271487,1
G076,G043,0.0036269834,1
G093,G049,0.0036259482,1
G030,G043,0.0036245205,1
G085,G028,0.0036216383,1
G007,G006,0.00361765,1
G070,G097,0.0036118948,1
G040,G025,0.0036099523,1
G095,G013,0.0036096312,1
G042,G099,0.0036079045,1
G005,G019,0.0036067665,1
G097,G014,0.0036040524,1
G032,G044,0.0036020635,1
G005,G066,0.0036006912,1
G079,G065,0.003594574,1
G040,G069,0.0035932504,1
G021,G062,0.0035830778,1
G091,G021,0.0035759027,1
G033,G085,0.0035755627,1
G053,G056,0.0035748805,1
G055,G081,0.0035720777,1
G015,G073,0.0035714232,1
G044,G055,0.0035664043,1
G093,G053,0.003564715,1
G040,G087,0.0035640367,1
G016,G093,0.003560236,1
G099,G048,0.0035557118,1
G015,G084,0.0035542627,1
G064,G087,0.003553921,1
G035,G067,0.0035525337,1
G077,G015,0.0035506727,1
G022,G064,0.0035497716,1
G025,G050,0.0035487982,1
G058,G018,0.0035439972,1
G055,G066,0.0035406158,1
G019,G032,0.0035405674,1
G028,G070,0.0035377804,1
G016,G047,0.0035374374,1
G033,G004,0.003537391,1
G026,G098,0.0035373888,1
G085,G020,0.0035369722,1
G096,G064,0.0035349496,1
G099,G064,0.003534097,1
G013,G014,0.0035333042,1
G039,G024,0.0035287512,1
G027,G074,0.0035283226,1
G025,G003,0.003527352,1
G060,G044,0.003518324,1
G044,G025,0.0035160966,1
G017,G085,0.0035140202,1
G068,G076,0.0035092458,1
G014,G034,0.0035068716,1
G062,G065,0.0035014655,1
G048,G094,0.0035000127,1
G058,G002,0.0034986988,1
G074,G046,0.00349773,1
G091,G071,0.003496222,1
G046,G100,0.0034950227,1
G049,G075,0.003493085,1
G017,G018,0.0034890615,1
G084,G061,0.003487548,1
G004,G072,0.0034867343,1
G010,G090,0.0034806211,1
G087,G036,0.003474832,1
G081,G085,0.0034723287,1
G035,G076,0.003470555,1
G084,G071,0.0034690658,1
G077,G091,0.003466937,1
G050,G002,0.0034652646,1
G013,G049,0.0034589714,1
G057,G100,0.0034553537,1
G082,G035,0.0034535404,1
G041,G100,0.0034527755,1
G016,G098,0.0034527697,1
G051,G074,0.0034514007,1
G071,G050,0.0034474393,1
G036,G091,0.003445916,1
G037,G032,0.0034417585,1
G082,G079,0.003439618,1
G040,G017,0.0034364793,1
G046,G065,0.003436321,1
G018,G058,0.0034362292,1
G058,G043,0.003432825,1
G096,G045,0.003432622,1
G094,G060,0.0034319453,1
G074,G060,0.0034250421,1
G013,G019,0.0034242454,1
G055,G008,0.003423733,1
G043,G028,0.00342306,1
G081,G068,0.003421121,1
G045,G032,0.003418333,1
G042,G025,0.0034180805,1
G037,G049,0.0034175003,1
G099,G041,0.0034173953,1
G091,G038,0.0034157634,1
G005,G023,0.003413352,1
G054,G060,0.0034129717,1
G027,G080,0.0034125566,1
G026,G082,0.0034111745,1
G008,G083,0.0034106409,1
G036,G042,0.0034105459,1
G007,G062,0.0034093482,1
G072,G031,0.0034067605,1
G019,G055,0.0034052918,1
G090,G015,0.003403166,1
G017,G045,0.00339945,1
G036,G067,0.003392764,1
G083,G004,0.0033923662,1
G007,G032,0.0033917064,1
G088,G028,0.003388695,1
G055,G046,0.0033881688,1
G001,G080,0.0033861327,1
G005,G051,0.0033827485,1
G048,G083,0.0033797356,1
G076,G018,0.003376346,1
G049,G032,0.0033756518,1
G059,G093,0.0033743489,1
G048,G064,0.0033684594,1
G079,G097,0.0033668072,1
G042,G056,0.0033663479,1
G056,G066,0.0033636608,1
G069,G080,0.003361212,1
G023,G040,0.003360196,1
G042,G071,0.0033560563,1
G033,G063,0.0033515897,1
G068,G020,0.003348344,1
G027,G009,0.0033482907,1
G054,G002,0.00334694,1
G094,G034,0.0033453344,1
G060,G080,0.003345182,1
G072,G051,0.0033441014,1
G040,G056,0.0033419465,1
G004,G061,0.0033414315,1
G041,G080,0.0033378974,1
G097,G082,0.0033360505,1
G045,G002,0.0033337679,1
G049,G082,0.003328504,1
G017,G059,0.0033273739,1
G072,G039,0.003326341,1
G017,G092,0.0033262663,1
G066,G011,0.0033247091,1
G007,G086,0.0033186884,1
G084,G011,0.0033168,1
G039,G094,0.0033144995,1
G091,G053,0.003312543,1
G060,G006,0.0033124965,1
G047,G073,0.0033103034,1
G092,G048,0.0033065234,1
G049,G011,0.0033041332,1
G095,G051,0.003299333,1
G042,G094,0.0032980226,1
G039,G083,0.0032953003,1
G055,G002,0.0032937839,1
G050,G005,0.0032936446,1
G022,G077,0.0032875536,1
G047,G070,0.003286313,1
G036,G060,0.0032845507,1
G046,G067,0.0032824222,1
G016,G024,0.003279728,1
G067,G027,0.0032788403,1
G046,G093,0.0032749362,1
G017,G095,0.0032728803,1
G091,G006,0.0032696605,1
G033,G095,0.003266095,1
G086,G090,0.0032644407,1
G097,G088,0.0032639988,1
G073,G004,0.0032596118,1
G081,G026,0.0032510322,1
G037,G066,0.0032500296,1
G050,G077,0.0032499316,1
G030,G040,0.0032498385,1
G021,G078,0.003249777,1
G024,G069,0.0032487877,1
G052,G003,0.003247656,1
G090,G029,0.0032458748,1
G004,G064,0.0032431725,1
G083,G018,0.003242492,1
G085,G036,0.0032413525,1
G088,G024,0.0032406459,1
G047,G066,0.0032353182,1
G030,G085,0.0032297035,1
G011,G051,0.003229306,1
G072,G056,0.0032269729,1
G082,G006,0.003224658,1
G055,G021,0.0032212415,1
G036,G030,0.0032160187,1
G082,G007,0.0032158396,1
G011,G030,0.0032157556,1
G014,G015,0.0032138661,1
G098,G049,0.0032123504,1
G010,G074,0.0032105604,1
G085,G090,0.0032093355,1
G015,G045,0.0032092829,1
G040,G053,0.0032079092,1
G042,G038,0.0032078081,1
G016,G054,0.003207329,1
G070,G084,0.0032061338,1
G033,G025,0.003199461,1
G005,G072,0.0031963815,1
G015,G099,0.0031961899,1
G007,G100,0.0031951226,1
G032,G049,0.0031931864,1
G029,G015,0.0031920655,1
G081,G003,0.0031877647,1
G029,G054,0.0031861214,1
G073,G013,0.0031860142,1
G037,G048,0.00318438,1
G029,G033,0.003181465,1
G039,G068,0.0031807108,1
G001,G082,0.0031798221,1
G075,G070,0.0031790186,1
G019,G098,0.0031764503,1
G098,G082,0.003174087,1
G080,G027,0.003171952,1
G030,G044,0.0031700297,1
G062,G071,0.0031691145,1
G070,G032,0.0031688653,1
G022,G013,0.0031680695,1
G068,G084,0.0031591381,1
G097,G044,0.0031589563,1
G022,G046,0.0031559104,1
G036,G043,0.0031557474,1
G088,G074,0.0031543337,1
G086,G014,0.003153369,1
G070,G028,0.0031532291,1
G064,G048,0.003152453,1
G056,G095,0.0031524256,1
G073,G099,0.0031520587,1
G056,G077,0.003149614,1
G062,G063,0.0031427788,1
G056,G059,0.0031426116,1
G037,G064,0.0031420442,1
G080,G069,0.0031419469,1
G075,G072,0.0031385093,1
G041,G074,0.0031334616,1
G012,G036,0.0031301733,1
G051,G058,0.0031264499,1
G077,G056,0.0031255519,1
G072,G034,0.0031251488,1
G017,G047,0.003124767,1
G042,G065,0.0031222447,1
G029,G040,0.0031194126,1
G034,G096,0.003115536,1
G011,G054,0.003112635,1
G024,G045,0.0031066453,1
G004,G070,0.0031059992,1
G042,G100,0.0031030742,1
G034,G014,0.0031025852,1
G010,G061,0.0030992397,1
G093,G026,0.0030984294,1
G016,G050,0.003097217,1
G093,G055,0.0030965304,1
G029,G001,0.0030926717,1
G070,G092,0.003089596,1
G014,G095,0.0030889555,1
G020,G048,0.0030842402,1
G020,G061,0.0030827213,1
G076,G100,0.0030804004,1
G014,G009,0.0030795883,1
G093,G066,0.003076126,1
G040,G085,0.0030724902,1
G051,G019,0.0030713521,1
G051,G009,0.0030698075,1
G098,G068,0.0030697081,1
G017,G015,0.0030694855,1
G032,G064,0.0030632478,1
G069,G028,0.0030618128,1
G020,G075,0.0030611833,1
G056,G061,0.0030589208,1
G025,G049,0.0030518998,1
G078,G070,0.0030487347,1
G009,G024,0.0030478172,1
G008,G010,0.0030441682,1
G081,G096,0.003044121,1
G036,G044,0.0030428322,1
G061,G082,0.0030409584,1
G001,G033,0.0030402602,1
G069,G087,0.0030372832,1
G005,G016,0.0030360862,1
G100,G035,0.0030341225,1
G077,G031,0.0030331963,1
G095,G067,0.003029176,1
G047,G072,0.0030235029,1
G083,G035,0.0030199331,1
G006,G083,0.003018788,1
G088,G022,0.0030171548,1
G019,G083,0.003016722,1
G078,G048,0.0030144465,1
G081,G065,0.0030138688,1
G043,G060,0.0030122276,1
G010,G020,0.0030069386,1
G046,G030,0.0030060906,1
G055,G063,0.0030057707,1
G051,G097,0.0030056988,1
G084,G031,0.00300442,1
G074,G044,0.0030014345,1
G044,G034,0.003001269,1
G014,G075,0.0030012312,1
G009,G092,0.0030011067,1
G042,G018,0.0029998505,1
G025,G032,0.0029910628,1
G023,G016,0.0029901771,1
G007,G075,0.0029894984,1
G086,G036,0.0029883632,1
G090,G047,0.0029838404,1
G100,G027,0.0029837932,1
G081,G060,0.0029827622,1
G027,G013,0.002980611,1
G073,G043,0.0029786571,1
G001,G039,0.0029767666,1
G071,G061,0.002976349,1
G053,G031,0.0029749966,1
G040,G011,0.0029742965,1
G045,G003,0.0029733104,1
G034,G054,0.0029723458,1
G091,G003,0.0029717912,1
G037,G038,0.0029716883,1
G015,G029,0.0029685046,1
G098,G007,0.0029672652,1
G029,G005,0.0029638254,1
G060,G077,0.0029637266,1
G057,G080,0.002961854,1
G040,G021,0.002959392,1
G012,G049,0.0029542313,1
G034,G001,0.002951756,1
G078,G061,0.0029495503,1
G017,G008,0.0029466422,1
G046,G013,0.0029451444,1
G053,G010,0.0029443768,1
G097,G001,0.002940962,1
G067,G081,0.0029403376,1
G044,G026,0.0029387663,1
G079,G012,0.0029384862,1
G030,G039,0.002937609,1
G029,G067,0.0029371586,1
G038,G046,0.002936546,1
G038,G039,0.0029327935,1
G079,G089,0.002930104,1
G098,G037,0.0029253885,1
G080,G058,0.0029251582,1
G050,G014,0.0029232996,1
G049,G014,0.0029208853,1
G070,G099,0.002917152,1
G099,G082,0.0029142718,1
G078,G066,0.002913989,1
G013,G074,0.0029116028,1
G019,G043,0.002910908,1
G070,G075,0.0029092839,1
G033,G016,0.002907391,1
G047,G030,0.0029024377,1
G084,G022,0.0029022105,1
G039,G058,0.0029019578,1
G038,G037,0.002901858,1
G047,G071,0.0029014302,1
G088,G070,0.0028987406,1
G043,G015,0.0028984437,1
G011,G086,0.0028981103,1
G062,G037,0.0028975192,1
G100,G089,0.0028949701,1
G042,G031,0.002894683,1
G049,G074,0.002894357,1
G097,G020,0.002892179,1
G048,G002,0.002891351,1
G050,G067,0.0028881591,1
G051,G032,0.0028879142,1
G059,G002,0.002886623,1
G079,G030,0.0028844443,1
G011,G021,0.0028843768,1
G075,G057,0.0028842778,1
G032,G041,0.002883128,1
G100,G058,0.0028812084,1
G041,G038,0.002878449,1
G092,G039,0.002875688,1
G096,G012,0.0028750792,1
G083,G037,0.002872555,1
G031,G018,0.002868657,1
G056,G073,0.0028682135,1
G058,G029,0.0028671771,1
G043,G097,0.0028668037,1
G089,G025,0.0028664784,1
G062,G077,0.0028609107,1
G097,G073,0.0028591275,1
G025,G037,0.0028579761,1
G098,G085,0.002856707,1
G093,G086,0.00285283,1
G019,G084,0.0028517237,1
G052,G047,0.0028511097,1
G017,G086,0.0028473053,1
G076,G010,0.00284133,1
G012,G054,0.002832476,1
G040,G089,0.0028277591,1
G015,G019,0.0028263438,1
G049,G022,0.0028248748,1
G044,G035,0.0028220348,1
G042,G047,0.002821353,1
G026,G060,0.0028193311,1
G095,G079,0.002818377,1
G094,G063,0.0028175686,1
G050,G092,0.0028171535,1
G010,G008,0.0028144564,1
G061,G055,0.0028122934,1
G014,G073,0.0028110838,1
G014,G049,0.0028058323,1
G032,G051,0.0028051792,1
G052,G057,0.0028020681,1
G075,G056,0.0027973356,1
G094,G073,0.0027968755,1
G007,G001,0.0027856394,1
G071,G029,0.002785155,1
G005,G046,0.0027837378,1
G033,G044,0.0027791285,1
G055,G031,0.0027784142,1
G045,G014,0.0027782267,1
G007,G028,0.002777511,1
G092,G065,0.002776675,1
G028,G038,0.002776551,1
G075,G052,0.0027757243,1
G003,G005,0.0027702712,1
G012,G091,0.0027671068,1
G009,G080,0.0027665922,1
G075,G039,0.0027654297,1
G100,G090,0.0027644583,1
G063,G035,0.002763891,1
G051,G021,0.002763633,1
G054,G078,0.0027623908,1
G035,G005,0.0027598985,1
G032,G066,0.0027549209,1
G043,G050,0.002750714,1
G080,G057,0.0027499853,1
G093,G062,0.0027494233,1
G099,G021,0.0027479015,1
G026,G042,0.0027472745,1
G091,G050,0.002746301,1
G053,G049,0.002740833,1
G067,G045,0.0027405722,1
G041,G047,0.0027397498,1
G096,G091,0.0027377498,1
G008,G040,0.0027365498,1
G072,G060,0.0027352015,1
G021,G054,0.0027313873,1
G038,G096,0.002731312,1
G097,G092,0.0027306697,1
G034,G074,0.0027297002,1
G029,G077,0.0027296771,1
G003,G029,0.0027293784,1
G047,G032,0.0027259123,1
G042,G033,0.0027238617,1
G093,G077,0.0027227867,1
G094,G007,0.0027199334,1
G090,G062,0.0027197837,1
G076,G086,0.0027143746,1
G084,G087,0.002709567,1
G031,G008,0.0027086514,1
G048,G006,0.0027086358,1
G003,G077,0.0027041256,1
G072,G028,0.002702549,1
G036,G082,0.0027024113,1
G032,G052,0.0027018744,1
G096,G014,0.0026982275,1
G080,G082,0.0026917125,1
G075,G021,0.002679863,1
G035,G008,0.0026766194,1
G093,G084,0.0026758672,1
G066,G004,0.00267344,1
G089,G002,0.00266842,1
G077,G050,0.002667063,1
G018,G022,0.0026670604,1
G020,G072,0.002665271,1
G032,G081,0.0026645856,1
G004,G086,0.0026629174,1
G040,G044,0.0026609092,1
G072,G064,0.0026563802,1
G027,G006,0.0026531403,1
G082,G080,0.0026528975,1
G049,G063,0.0026444884,1
G034,G087,0.0026434145,1
G098,G042,0.002639427,1
G099,G003,0.0026386185,1
G046,G026,0.0026379314,1
G011,G044,0.0026346724,1
G078,G004,0.002629863,1
G002,G001,0.0026262428,1
G028,G025,0.0026251914,1
G076,G053,0.002620896,1
G018,G048,0.0026187564,1
G040,G042,0.0026177794,1
G014,G008,0.0026130297,1
G001,G052,0.0026123342,1
G078,G059,0.0026119754,1
G070,G072,0.0026112858,1
G086,G069,0.002610927,1
G028,G033,0.0026107132,1
G039,G091,0.0026095405,1
G006,G074,0.0026051481,1
G027,G021,0.0026040021,1
G100,G023,0.0026036752,1
G004,G052,0.0026018508,1
G074,G085,0.0026010477,1
G004,G065,0.0026007034,1
G072,G066,0.0025997376,1
G018,G049,0.0025995187,1
G064,G033,0.0025994692,1
G040,G099,0.0025992442,1
G006,G087,0.002599083,1
G001,G002,0.0025971013,1
G018,G080,0.0025955932,1
G089,G069,0.0025934314,1
G099,G027,0.0025907522,1
G042,G060,0.0025897403,1
G028,G069,0.0025893168,1
G093,G016,0.0025858036,1
G005,G045,0.002584185,1
G091,G085,0.0025835868,1
G079,G060,0.002583059,1
G080,G037,0.002580145,1
G015,G035,0.0025787468,1
G072,G079,0.002577393,1
G026,G008,0.0025667292,1
G028,G066,0.002566686,1
G051,G081,0.0025660053,1
G072,G067,0.0025626314,1
G038,G018,0.0025608183,1
G049,G047,0.0025603108,1
G003,G071,0.0025578747,1
G070,G017,0.0025575913,1
G070,G065,0.0025562479,1
G036,G069,0.0025536024,1
G054,G011,0.0025528444,1
G034,G013,0.0025505966,1
G042,G006,0.0025498485,1
G090,G099,0.0025461956,1
G066,G033,0.0025458878,1
G030,G055,0.0025451584,1
G052,G016,0.002542873,1
G036,G023,0.002538104,1
G013,G034,0.0025367427,1
G034,G022,0.0025354456,1
G073,G100,0.0025349353,1
G025,G059,0.0025343208,1
G067,G042,0.0025322859,1
G010,G001,0.0025321704,1
G080,G091,0.0025317098,1
G051,G007,0.0025298193,1
G004,G043,0.0025287687,1
G039,G029,0.0025285936,1
G073,G023,0.0025257524,1
G070,G055,0.0025241806,1
G076,G063,0.002523502,1
G027,G055,0.0025233948,1
G008,G029,0.0025223126,1
G030,G012,0.0025219452,1
G031,G085,0.0025211074,1
G093,G005,0.002519355,1
G017,G026,0.00251919,1
G065,G046,0.002519015,1
G095,G065,0.0025168285,1
G056,G030,0.0025141814,1
G049,G076,0.002510277,1
G059,G085,0.0025093993,1
G048,G001,0.0025090808,1
G032,G087,0.0025077777,1
G059,G025,0.0025049192,1
G018,G073,0.002496761,1
G036,G033,0.002496225,1
G064,G008,0.0024944814,1
G010,G063,0.002493225,1
G003,G062,0.0024925803,1
G080,G056,0.0024890164,1
G068,G036,0.0024870192,1
G038,G078,0.0024851891,1
G004,G055,0.0024848266,1
G039,G033,0.0024842133,1
G010,G018,0.0024836895,1
G063,G099,0.002481884,1
G026,G039,0.0024816059,1
G068,G066,0.0024799309,1
G089,G097,0.0024782566,1
G022,G070,0.002470129,1
G020,G025,0.0024690775,1
G002,G062,0.0024671433,1
G015,G040,0.0024653114,1
G069,G008,0.002463101,1
G061,G100,0.0024621987,1
G097,G050,0.0024603864,1
G071,G083,0.002459857,1
G084,G016,0.002456038,1
G041,G015,0.0024529144,1
G037,G091,0.0024506298,1
G003,G006,0.0024505719,1
G009,G100,0.0024475083,1
G026,G010,0.00244647,1
G006,G033,0.0024460005,1
G083,G098,0.0024441124,1
G032,G070,0.0024433085,1
G013,G046,0.0024422402,1
G090,G067,0.002437608,1
G006,G047,0.0024374998,1
G086,G049,0.0024367298,1
G009,G063,0.0024357624,1
G072,G014,0.0024314632,1
G029,G058,0.0024313966,1
G041,G068,0.0024309414,1
G080,G007,0.0024296166,1
G035,G069,0.0024261044,1
G040,G078,0.002425938,1
G008,G024,0.0024183076,1
G037,G086,0.0024152875,1
G096,G070,0.0024099685,1
G022,G065,0.0024091585,1
G048,G043,0.0024077378,1
G090,G049,0.0024073578,1
G078,G076,0.0024028462,1
G003,G041,0.0023997931,1
G082,G001,0.0023997114,1
G042,G064,0.002399357,1
G035,G073,0.0023983798,1
G030,G024,0.0023969917,1
G016,G015,0.00239675,1
G024,G044,0.00239573,1
G073,G063,0.0023928806,1
G056,G069,0.002391683,1
G054,G041,0.0023904196,1
G043,G010,0.002386221,1
G032,G039,0.0023861327,1
G095,G015,0.0023829606,1
G038,G070,0.00238183,1
G073,G040,0.0023803657,1
G091,G094,0.0023761515,1
G071,G085,0.0023755615,1
G053,G017,0.0023721654,1
G069,G091,0.0023703028,1
G092,G033,0.0023693976,1
G017,G060,0.0023680115,1
G093,G060,0.002366707,1
G096,G055,0.002364016,1
G070,G039,0.0023639097,1
G085,G060,0.002362768,1
G043,G090,0.0023609914,1
G062,G027,0.0023578359,1
G093,G025,0.002355191,1
G041,G065,0.0023550505,1
G036,G046,0.0023485394,1
G085,G045,0.0023483164,1
G033,G035,0.0023460654,1
G024,G075,0.002345583,1
G062,G035,0.0023427592,1
G026,G057,0.0023409207,1
G037,G095,0.0023375847,1
G015,G065,0.002333997,1
G094,G084,0.0023334282,1
G082,G083,0.00233291,1
G022,G047,0.0023309188,1
G056,G062,0.0023296883,1
G062,G028,0.0023289572,1
G037,G023,0.0023287134,1
G020,G056,0.002328248,1
G048,G036,0.0023210351,1
G006,G023,0.0023202288,1
G011,G048,0.0023173243,1
G079,G023,0.0023141622,1
G082,G063,0.0023096695,1
G017,G100,0.0023089768,1
G006,G097,0.0023087573,1
G051,G089,0.0023070753,1
G091,G081,0.0023064679,1
G050,G053,0.0023063263,1
G055,G060,0.0023060194,1
G094,G023,0.002304073,1
G034,G082,0.0022965642,1
G027,G052,0.0022958408,1
G022,G089,0.0022942277,1
G093,G094,0.0022915443,1
G016,G026,0.0022910384,1
G076,G048,0.002287981,1
G021,G069,0.0022838658,1
G042,G082,0.0022775994,1
G065,G042,0.002274265,1
G075,G046,0.0022710927,1
G070,G030,0.0022667462,1
G095,G077,0.0022660433,1
G005,G073,0.0022656985,1
G002,G096,0.0022647106,1
G068,G029,0.0022623814,1
G032,G011,0.0022621318,1
G082,G061,0.0022592992,1
G027,G033,0.0022558905,1
G068,G067,0.002251508,1
G013,G048,0.0022476348,1
G051,G060,0.0022425489,1
G008,G079,0.0022404357,1
G080,G006,0.0022395009,1
G080,G098,0.0022372867,1
G044,G070,0.0022371288,1
G069,G082,0.002236802,1
G058,G056,0.002229978,1
G028,G055,0.0022298328,1
G051,G041,0.0022234523,1
G013,G001,0.0022223773,1
G064,G065,0.002221573,1
G024,G015,0.0022171398,1
G057,G082,0.0022171233,1
G044,G039,0.0022110364,1
G058,G060,0.0022106555,1
G044,G048,0.0022078995,1
G097,G091,0.002206341,1
G079,G054,0.0022041511,1
G100,G029,0.0022036196,1
G044,G031,0.0022023944,1
G002,G081,0.0022014393,1
G010,G054,0.0021997292,1
G027,G063,0.0021984265,1
G080,G033,0.0021937143,1
G024,G079,0.0021920505,1
G066,G003,0.0021900397,1
G086,G072,0.0021853652,1
G044,G095,0.002184969,1
G073,G065,0.0021808143,1
G079,G072,0.0021805482,1
G036,G034,0.0021778923,1
G053,G040,0.002175602,1
G029,G030,0.0021739516,1
G043,G099,0.0021695488,1
G010,G038,0.002169121,1
G065,G036,0.002167675,1
G057,G055,0.0021630365,1
G093,G012,0.002161349,1
G037,G090,0.002159217,1
G029,G046,0.0021588178,1
G042,G087,0.002158736,1
G096,G084,0.0021542953,1
G054,G046,0.002153525,1
G082,G024,0.002153395,1
G100,G021,0.0021515596,1
G060,G004,0.002149855,1
G072,G023,0.0021478988,1
G021,G088,0.0021459828,1
G009,G038,0.002145515,1
G027,G050,0.0021444485,1
G027,G020,0.0021416626,1
G017,G083,0.0021410799,1
G055,G071,0.002139116,1
G087,G028,0.0021384032,1
G070,G019,0.0021347709,1
G060,G038,0.0021326067,1
G055,G019,0.0021301026,1
G033,G040,0.002126982,1
G020,G082,0.0021262625,1
G046,G080,0.002125801,1
G069,G002,0.0021248464,1
G051,G048,0.0021220492,1
G046,G037,0.002119236,1
G082,G092,0.002117576,1
G086,G031,0.0021167097,1
G091,G076,0.0021152783,1
G003,G074,0.002110116,1
G081,G076,0.0021071308,1
G071,G001,0.0021042516,1
G036,G026,0.0021033755,1
G027,G093,0.0020995224,1
G037,G026,0.002097304,1
G009,G040,0.0020965782,1
G028,G015,0.0020925892,1
G084,G074,0.00208631,1
G067,G064,0.0020857765,1
G039,G048,0.002083584,1
G013,G097,0.002083572,1
G054,G036,0.0020829244,1
G091,G042,0.0020801164,1
G013,G083,0.0020762908,1
G030,G017,0.0020759637,1
G079,G073,0.0020751709,1
G051,G028,0.0020737087,1
G064,G017,0.0020704027,1
G066,G025,0.0020691839,1
G035,G058,0.002064057,1
G050,G003,0.0020582601,1
G048,G021,0.0020515076,1
G084,G045,0.0020472726,1
G088,G100,0.002046813,1
G004,G060,0.0020458163,1
G066,G078,0.0020437795,1
G039,G027,0.0020405604,1
G061,G038,0.00204052,1
G078,G090,0.0020373133,1
G094,G059,0.0020355894,1
G097,G084,0.0020320264,1
G069,G083,0.0020313603,1
G092,G086,0.002030197,1
G063,G007,0.0020278594,1
G099,G007,0.0020265451,1
G099,G039,0.002021613,1
G003,G019,0.0020211774,1
G031,G059,0.0020204424,1
G092,G031,0.0020175192,1
G006,G080,0.0020163227,1
G022,G028,0.00201545,1
G038,G017,0.0020133846,1
G093,G033,0.0020109736,1
G016,G088,0.0020108642,1
G044,G045,0.0020093552,1
G048,G076,0.0020061147,1
G097,G039,0.0020057415,1
G001,G017,0.0020015838,1
G021,G091,0.0020012576,1
G018,G068,0.0020009493,1
G047,G018,0.00200053,1
G076,G030,0.001999971,1
G060,G100,0.001999239,1
G016,G021,0.001998224,1
G026,G041,0.0019972608,1
G040,G068,0.0019968066,1
G083,G090,0.0019937723,1
G062,G054,0.001990263,1
G081,G014,0.0019890885,1
G022,G027,0.0019783583,1
G088,G027,0.0019717927,1
G042,G005,0.0019693924,1
G099,G029,0.0019684164,1
G012,G095,0.0019672834,1
G013,G042,0.0019620273,1
G074,G093,0.0019608676,1
G039,G051,0.0019606047,1
G090,G024,0.001954854,1
G018,G012,0.0019487479,1
G025,G072,0.001948626,1
G045,G025,0.0019477071,1
G044,G021,0.0019471359,1
G050,G034,0.0019381925,1
G073,G055,0.0019353669,1
G028,G080,0.0019352197,1
G074,G094,0.0019331304,1
G072,G080,0.0019297706,1
G090,G080,0.0019287083,1
G059,G016,0.0019267988,1
G053,G087,0.0019235217,1
G027,G079,0.0019225496,1
G006,G037,0.0019208185,1
G074,G004,0.0019187741,1
G067,G063,0.0019179602,1
G044,G006,0.001917445,1
G059,G079,0.0019164701,1
G081,G100,0.0019157868,1
G099,G060,0.0019148155,1
G043,G074,0.0019081283,1
G098,G033,0.0019064599,1
G049,G054,0.0019058336,1
G086,G057,0.0019056109,1
G037,G097,0.0019036029,1
G016,G019,0.0019031555,1
G061,G087,0.0019003534,1
G043,G098,0.0018943007,1
G033,G050,0.0018928373,1
G087,G003,0.0018918418,1
G067,G047,0.0018912992,1
G058,G011,0.0018912688,1
G001,G096,0.001889198,1
G019,G087,0.0018883885,1
G099,G097,0.001884936,1
G058,G095,0.0018840784,1
G065,G054,0.0018836096,1
G068,G050,0.0018823672,1
G015,G050,0.0018821579,1
G055,G068,0.0018811772,1
G001,G003,0.0018774485,1
G013,G003,0.0018768447,1
G029,G062,0.0018735406,1
G063,G016,0.0018734001,1
G024,G090,0.0018730364,1
G011,G095,0.001871269,1
G055,G015,0.0018703926,1
G051,G035,0.0018700307,1
G090,G035,0.0018693893,1
G063,G019,0.0018670454,1
G032,G015,0.0018663087,1
G052,G002,0.0018644606,1
G033,G074,0.0018616694,1
G025,G051,0.0018600279,1
G039,G034,0.0018568479,1
G006,G010,0.0018540815,1
G069,G058,0.0018500395,1
G092,G063,0.001848365,1
G025,G096,0.001846837,1
G096,G007,0.0018462222,1
G039,G096,0.0018460387,1
G001,G013,0.0018455891,1
G017,G066,0.0018383085,1
G017,G035,0.0018376159,1
G019,G100,0.0018372689,1
G024,G031,0.0018338301,1
G073,G069,0.0018333878,1
G090,G009,0.0018315736,1
G082,G021,0.0018269197,1
G062,G093,0.0018243762,1
G033,G068,0.0018241353,1
G086,G075,0.0018237217,1
G061,G043,0.0018195567,1
G064,G042,0.0018189197,1
G067,G062,0.0018154499,1
G025,G070,0.0018141988,1
G083,G025,0.0018123788,1
G019,G076,0.0018107393,1
G076,G029,0.0018103262,1
G015,G078,0.0018101628,1
G084,G077,0.0018094502,1
G053,G048,0.0018082173,1
G031,G074,0.0018080764,1
G046,G053,0.0018074341,1
G064,G045,0.0017994825,1
G040,G022,0.0017981903,1
G043,G081,0.001795936,1
G071,G011,0.0017945429,1
G081,G020,0.0017937135,1
G047,G039,0.0017919875,1
G061,G099,0.0017908461,1
G098,G030,0.0017899745,1
G049,G100,0.0017840145,1
G090,G020,0.0017766132,1
G091,G015,0.0017758259,1
G090,G098,0.0017747683,1
G031,G079,0.0017722817,1
G053,G068,0.0017698812,1
G090,G050,0.0017692727,1
G006,G082,0.0017663356,1
G007,G059,0.0017647363,1
G024,G052,0.0017620076,1
G064,G069,0.0017570972,1
G050,G054,0.0017560014,1
G053,G005,0.0017556415,1
G081,G061,0.0017498514,1
G100,G051,0.0017478447,1
G067,G020,0.001746939,1
G099,G031,0.0017468338,1
G031,G046,0.0017463373,1
G065,G088,0.0017433095,1
G021,G004,0.00174311,1
G043,G073,0.0017428548,1
G032,G008,0.0017426438,1
G054,G023,0.0017417859,1
G035,G028,0.0017397205,1
G023,G020,0.0017393229,1
G008,G084,0.0017387727,1
G100,G032,0.001737463,1
G062,G064,0.0017337197,1
G068,G037,0.001733277,1
G003,G098,0.0017310175,1
G065,G020,0.001727791,1
G034,G029,0.0017277625,1
G031,G055,0.0017263112,1
G090,G056,0.0017216529,1
G056,G050,0.0017206889,1
G049,G045,0.0017183361,1
G006,G081,0.0017178255,1
G049,G007,0.0017147639,1
G100,G026,0.001713389,1
G021,G073,0.0017131155,1
G063,G044,0.0017092878,1
G088,G068,0.0017077796,1
G078,G024,0.0017077358,1
G045,G008,0.0017033654,1
G096,G005,0.0017027182,1
G029,G003,0.0017019898,1
G001,G076,0.0017015848,1
G052,G050,0.0017013595,1
G043,G035,0.0016998771,1
G074,G038,0.0016973686,1
G041,G067,0.0016967927,1
G022,G016,0.0016937397,1
G084,G043,0.0016919662,1
G008,G070,0.0016899523,1
G011,G055,0.0016891042,1
G073,G068,0.0016859168,1
G014,G022,0.0016844077,1
G095,G004,0.0016841368,1
G073,G022,0.0016829906,1
G088,G033,0.0016815377,1
G054,G026,0.0016798491,1
G086,G048,0.0016760243,1
G004,G084,0.0016744573,1
G095,G046,0.0016739595,1
G061,G046,0.0016724027,1
G049,G079,0.00167239,1
G092,G021,0.001669709,1
G077,G001,0.0016693736,1
G052,G028,0.0016620021,1
G057,G036,0.0016612672,1
G039,G047,0.0016602607,1
G088,G045,0.0016588176,1
G003,G099,0.0016547892,1
G077,G046,0.0016543694,1
G029,G055,0.0016512197,1
G058,G084,0.0016510207,1
G051,G018,0.0016507425,1
G015,G037,0.001650069,1
G095,G053,0.0016494988,1
G064,G061,0.0016482671,1
G021,G063,0.0016479185,1
G024,G009,0.001646962,1
G049,G073,0.0016463012,1
G004,G097,0.0016417599,1
G050,G080,0.0016412225,1
G033,G054,0.0016409935,1
G042,G053,0.0016367583,1
G071,G006,0.0016358801,1
G017,G082,0.0016334811,1
G042,G001,0.00163324,1
G072,G020,0.0016283189,1
G024,G003,0.0016276116,1
G030,G032,0.0016247773,1
G044,G046,0.0016241571,1
G018,G051,0.0016231996,1
G087,G062,0.0016205995,1
G062,G050,0.0016190868,1
G095,G023,0.001617312,1
G018,G040,0.0016167318,1
G056,G080,0.0016160012,1
G034,G048,0.0016102957,1
G075,G081,0.0016101568,1
G090,G017,0.0016096573,1
G001,G011,0.0016094231,1
G046,G007,0.0016091819,1
G034,G085,0.0016082469,1
G025,G020,0.0016082294,1
G036,G024,0.001605957,1
G008,G044,0.0016052754,1
G084,G024,0.0016050718,1
G094,G022,0.001604471,1
G083,G065,0.0016042687,1
G034,G100,0.0016042247,1
G072,G097,0.0015904931,1
G075,G071,0.0015901822,1
G012,G094,0.0015895185,1
G078,G023,0.0015864717,1
G011,G050,0.0015855702,1
G053,G041,0.0015831809,1
G016,G071,0.0015793259,1
G064,G094,0.001578464,1
G061,G049,0.001576949,1
G044,G068,0.0015746768,1
G057,G077,0.0015735548,1
G010,G044,0.0015707596,1
G077,G005,0.00156939,1
G019,G028,0.0015693193,1
G065,G085,0.0015662857,1
G003,G054,0.0015647585,1
G051,G049,0.0015637887,1
G090,G088,0.0015633861,1
G045,G040,0.001562901,1
G064,G082,0.0015603477,1
G064,G029,0.0015585028,1
G047,G098,0.0015581492,1
G098,G052,0.0015562554,1
G020,G010,0.0015554385,1
G079,G009,0.0015550695,1
G068,G089,0.0015502737,1
G089,G058,0.0015497137,1
G055,G082,0.001548733,1
G047,G033,0.0015476808,1
G022,G090,0.0015449296,1
G061,G073,0.0015427229,1
G035,G042,0.001541303,1
G078,G032,0.0015404932,1
G031,G005,0.0015382062,1
G041,G078,0.0015354299,1
G071,G048,0.0015339449,1
G083,G085,0.0015303264,1
G065,G009,0.0015264082,1
G093,G072,0.0015237854,1
G023,G092,0.0015223951,1
G058,G017,0.0015223486,1
G090,G055,0.0015166441,1
G011,G017,0.0015159153,1
G091,G088,0.0015122088,1
G066,G014,0.0015116016,1
G036,G061,0.001511047,1
G029,G068,0.0015110312,1
G082,G005,0.0015102699,1
G040,G054,0.001506947,1
G091,G033,0.001502477,1
G079,G021,0.0015007822,1
G044,G012,0.0015000048,1
G085,G072,0.0014980203,1
G061,G031,0.0014967312,1
G016,G078,0.0014962327,1
G068,G098,0.0014904209,1
G079,G086,0.0014897968,1
G006,G059,0.0014847297,1
G072,G050,0.0014844518,1
G083,G003,0.0014837509,1
G080,G016,0.0014783284,1
G059,G098,0.001477936,1
G045,G027,0.0014772462,1
G070,G066,0.0014768292,1
G088,G049,0.0014764713,1
G004,G091,0.0014752767,1
G075,G080,0.0014730907,1
G022,G097,0.0014719876,1
G096,G025,0.0014677619,1
G094,G020,0.0014674437,1
G032,G053,0.0014658342,1
G062,G057,0.0014653426,1
G096,G009,0.001464526,1
G077,G085,0.0014636636,1
G070,G042,0.001463135,1
G031,G062,0.0014620197,1
G064,G070,0.0014614253,1
G058,G024,0.0014586746,1
G070,G095,0.0014559105,1
G029,G051,0.0014552036,1
G063,G088,0.001455079,1
G033,G067,0.0014550788,1
G033,G038,0.0014537565,1
G084,G088,0.0014504634,1
G083,G087,0.0014500986,1
G092,G100,0.0014489095,1
G069,G073,0.0014462619,1
G010,G092,0.001445743,1
G020,G066,0.0014456902,1
G041,G050,0.0014448455,1
G095,G009,0.001442734,1
G058,G013,0.0014425026,1
G037,G094,0.0014396914,1
G068,G093,0.0014390403,1
G087,G081,0.0014346235,1
G008,G041,0.0014345344,1
G011,G019,0.0014335575,1
G046,G003,0.0014269701,1
G037,G040,0.0014268144,1
G087,G090,0.0014256223,1
G044,G078,0.001423454,1
G033,G097,0.0014183106,1
G048,G040,0.001417295,1
G005,G049,0.001414418,1
G018,G065,0.0014132,1
G041,G023,0.0014096079,1
G007,G056,0.0014063664,1
G043,G055,0.0014033157,1
G031,G027,0.001403239,1
G026,G007,0.0013942677,1
G068,G074,0.0013930957,1
G026,G075,0.0013876011,1
G081,G016,0.001387508,1
G003,G081,0.0013739717,1
G001,G004,0.0013703888,1
G065,G097,0.0013690267,1
G063,G043,0.0013662925,1
G022,G055,0.0013656208,1
G013,G078,0.0013627657,1
G060,G067,0.0013604852,1
G016,G061,0.0013586413,1
G058,G047,0.0013570173,1
G075,G098,0.0013550646,1
G084,G028,0.0013547267,1
G083,G086,0.0013521886,1
G011,G076,0.0013460014,1
G075,G017,0.0013448036,1
G019,G052,0.0013446846,1
G100,G082,0.001340765,1
G051,G046,0.001339473,1
G043,G078,0.0013371861,1
G070,G037,0.0013337793,1
G060,G032,0.0013331793,1
G037,G022,0.0013315072,1
G092,G082,0.0013314751,1
G060,G027,0.001331128,1
G083,G066,0.0013305368,1
G012,G058,0.0013247449,1
G096,G056,0.0013210858,1
G017,G055,0.0013190074,1
G070,G003,0.001314235,1
G046,G063,0.0013124909,1
G086,G016,0.0013103696,1
G068,G057,0.0013079032,1
G015,G036,0.0013073912,1
G074,G027,0.0013051233,1
G089,G024,0.0013045899,1
G087,G026,0.001304224,1
G017,G084,0.0013041549,1
G052,G058,0.0013032517,1
G075,G100,0.0013023741,1
G088,G037,0.0013023731,1
G038,G006,0.0013016174,1
G038,G089,0.0012994956,1
G071,G087,0.0012981513,1
G004,G025,0.0012965268,1
G019,G044,0.0012958997,1
G017,G034,0.0012940115,1
G063,G005,0.0012933805,1
G088,G039,0.0012933156,1
G064,G053,0.0012907961,1
G034,G015,0.0012895849,1
G055,G049,0.0012866461,1
G087,G047,0.0012849648,1
G081,G080,0.0012840449,1
G008,G085,0.0012816661,1
G074,G013,0.0012792577,1
G037,G019,0.0012791131,1
G041,G096,0.0012787131,1
G025,G081,0.0012783392,1
G023,G071,0.0012782245,1
G059,G029,0.001274624,1
G100,G025,0.0012739226,1
G031,G030,0.0012704574,1
G067,G060,0.0012683107,1
G087,G056,0.001268196,1
G034,G008,0.0012653845,1
G038,G079,0.0012653766,1
G030,G065,0.0012591409,1
G039,G066,0.0012589128,1
G088,G001,0.0012564188,1
G008,G100,0.001256027,1
G077,G075,0.0012549281,1
G076,G049,0.0012431901,1
G016,G022,0.0012344047,1
G010,G051,0.0012334804,1
G058,G092,0.0012333086,1
G023,G091,0.0012305815,1
G011,G092,0.0012284274,1
G045,G055,0.0012275064,1
G050,G018,0.0012268946,1
G068,G033,0.0012263422,1
G035,G094,0.0012262025,1
G056,G053,0.0012254212,1
G087,G021,0.0012242328,1
G024,G068,0.0012217805,1
G031,G093,0.0012216432,1
G001,G009,0.0012198561,1
G074,G056,0.0012193479,1
G079,G017,0.0012183656,1
G004,G006,0.0012169844,1
G037,G053,0.0012167436,1
G065,G024,0.0012152354,1
G013,G040,0.0012150087,1
G060,G019,0.0012133355,1
G086,G012,0.001212115,1
G096,G047,0.0012095945,1
G069,G063,0.0012086008,1
G070,G018,0.0012050497,1
G017,G013,0.0012044709,1
G063,G060,0.0012011435,1
G002,G087,0.0011999797,1
G021,G007,0.001190153,1
G017,G079,0.0011890819,1
G047,G014,0.0011872364,1
G019,G062,0.001184989,1
G034,G064,0.0011844155,1
G035,G036,0.0011838587,1
G047,G005,0.0011827622,1
G032,G009,0.0011814749,1
G002,G048,0.0011813192,1
G041,G031,0.0011791793,1
G073,G001,0.0011791481,1
G071,G010,0.0011773068,1
G070,G013,0.0011771489,1
G052,G075,0.0011759426,1
G032,G035,0.0011747641,1
G038,G043,0.0011738692,1
G060,G045,0.0011727432,1
G079,G011,0.0011724913,1
G076,G061,0.0011715054,1
G088,G080,0.0011691543,1
G010,G068,0.0011668789,1
G048,G005,0.0011650928,1
G051,G073,0.0011605137,1
G087,G033,0.0011585755,1
G014,G076,0.0011582989,1
G035,G052,0.0011575171,1
G087,G088,0.0011566767,1
G089,G026,0.0011561778,1
G047,G100,0.001152901,1
G036,G083,0.0011496297,1
G097,G018,0.0011496281,1
G034,G073,0.0011496153,1
G080,G019,0.0011482836,1
G073,G062,0.0011442093,1
G008,G045,0.0011439007,1
G096,G006,0.0011418149,1
G064,G072,0.0011414544,1
G084,G033,0.0011410712,1
G082,G064,0.0011378654,1
G017,G081,0.0011340494,1
G092,G056,0.0011339397,1
G020,G078,0.0011333814,1
G074,G032,0.0011274754,1
G070,G010,0.0011272256,1
G029,G024,0.001126904,1
G020,G021,0.0011244253,1
G012,G013,0.0011227448,1
G094,G041,0.0011191064,1
G007,G038,0.0011136348,1
G034,G040,0.0011129824,1
G008,G073,0.001112091,1
G081,G051,0.0011114145,1
G009,G033,0.0011113816,1
G062,G032,0.001106058,1
G063,G030,0.0011060277,1
G047,G024,0.0011033296,1
G029,G085,0.00110148,1
G041,G032,0.001100921,1
G069,G074,0.0010958995,1
G039,G043,0.0010930762,1
G052,G018,0.0010860098,1
G022,G092,0.0010852996,1
G090,G068,0.0010845689,1
G094,G054,0.0010829533,1
G095,G088,0.0010826094,1
G029,G026,0.0010803964,1
G016,G044,0.0010788661,1
G024,G056,0.0010770053,1
G012,G026,0.0010745907,1
G026,G096,0.0010699512,1
G076,G021,0.0010691852,1
G077,G096,0.0010691455,1
G001,G099,0.0010686953,1
G046,G085,0.0010671689,1
G020,G045,0.0010665527,1
G004,G054,0.0010664718,1
G068,G046,0.0010662441,1
G087,G078,0.0010659848,1
G061,G044,0.0010652184,1
G085,G076,0.0010628946,1
G099,G074,0.0010608203,1
G017,G024,0.0010568522,1
G027,G054,0.0010554637,1
G086,G099,0.0010553797,1
G052,G088,0.0010546087,1
G071,G076,0.0010537368,1
G074,G043,0.001053208,1
G006,G020,0.0010526897,1
G048,G046,0.0010520269,1
G002,G095,0.0010499154,1
G099,G014,0.0010479921,1
G089,G036,0.001039112,1
G056,G038,0.0010289986,1
G027,G095,0.0010280818,1
G055,G003,0.0010244024,1
G091,G026,0.0010225333,1
G087,G023,0.0010221613,1
G095,G050,0.001019611,1
G025,G085,0.001017524,1
G003,G076,0.0010172478,1
G074,G022,0.0010160842,1
G037,G043,0.0010109844,1
G042,G026,0.0010098114,1
G014,G048,0.0010074248,1
G082,G054,0.0010072876,1
G012,G010,0.0010049951,1
G006,G012,0.001004706,1
G021,G052,0.0010046217,1
G051,G023,0.0010021141,1
G064,G060,0.0010016613,1
G012,G066,0.0010011119,1
G062,G095,0.0010008999,1
G023,G004,0.0009994183,1
G035,G078,0.0009991395,1
G055,G009,0.000994696,1
G007,G031,0.0009916377,1
G004,G045,0.0009915857,1
G034,G010,0.0009900602,1
G039,G031,0.0009895702,1
G081,G055,0.0009890073,1
G022,G058,0.0009887323,1
G082,G022,0.0009882714,1
G048,G060,0.0009874903,1
G051,G064,0.0009869091,1
G075,G079,0.0009856942,1
G074,G100,0.0009837662,1
G025,G062,0.0009825213,1
G057,G042,0.0009824277,1
G035,G048,0.000982035,1
G067,G008,0.0009781433,1
G087,G014,0.000977367,1
G066,G005,0.000975478,1
G003,G024,0.00097509444,1
G004,G010,0.00097167306,1
G069,G041,0.000971613,1
G031,G067,0.0009697243,1
G064,G044,0.0009689538,1
G100,G015,0.0009668304,1
G036,G052,0.0009652923,1
G048,G062,0.0009615087,1
G088,G046,0.00095941,1
G003,G031,0.00095597346,1
G060,G002,0.0009544731,1
G071,G059,0.00095446,1
G083,G050,0.0009501753,1
G100,G020,0.00094977795,1
G021,G019,0.0009481266,1
G085,G023,0.00094611745,1
G014,G026,0.0009459994,1
G089,G048,0.0009452764,1
G008,G086,0.0009423943,1
G014,G007,0.00094183045,1
G049,G081,0.00093942974,1
G087,G071,0.00093777844,1
G009,G018,0.0009372295,1
G028,G053,0.00093500403,1
G055,G098,0.00093233667,1
G075,G004,0.0009316915,1
G076,G007,0.00093140214,1
G039,G006,0.0009307183,1
G030,G045,0.00092977955,1
G072,G099,0.00092838344,1
G025,G011,0.0009232056,1
G044,G093,0.00092215557,1
G065,G012,0.00092075503,1
G085,G040,0.00092057366,1
G052,G012,0.0009191615,1
G100,G062,0.0009183789,1
G060,G092,0.0009112976,1
G065,G075,0.0009098777,1
G062,G094,0.0009074161,1
G052,G100,0.0009066403,1
G090,G057,0.00090559485,1
G099,G083,0.00090554875,1
G087,G086,0.00090518995,1
G007,G099,0.00090151414,1
G027,G090,0.00090042356,1
G080,G048,0.0008977144,1
G023,G093,0.0008963133,1
G001,G030,0.0008948667,1
G003,G060,0.00089358113,1
G016,G038,0.0008932748,1
G008,G005,0.0008906016,1
G004,G008,0.0008890048,1
G062,G046,0.0008886678,1
G050,G049,0.00088231434,1
G005,G031,0.0008806146,1
G079,G096,0.0008758704,1
G094,G080,0.00087372336,1
G039,G003,0.00087341055,1
G038,G003,0.0008733232,1
G056,G017,0.00087098154,1
G077,G040,0.00086921896,1
G080,G032,0.00086743647,1
G055,G035,0.0008629487,1
G072,G011,0.00086169486,1
G041,G022,0.00086048973,1
G086,G060,0.00086046016,1
G048,G017,0.0008603331,1
G063,G091,0.0008602068,1
G093,G087,0.00085920416,1
G010,G096,0.0008571317,1
G026,G014,0.0008551037,1
G025,G013,0.00085311,1
G069,G053,0.00085218245,1
G002,G059,0.00085117324,1
G014,G069,0.0008510959,1
G054,G063,0.00084663654,1
G078,G069,0.00084628206,1
G032,G062,0.0008437404,1
G089,G023,0.00084137614,1
G080,G015,0.00083777827,1
G093,G031,0.00083765463,1
G007,G097,0.00083711254,1
G034,G047,0.00083484227,1
G088,G009,0.00083446736,1
G054,G053,0.0008341301,1
G002,G032,0.0008335567,1
G086,G093,0.0008302708,1
G014,G018,0.0008240291,1
G015,G079,0.000822484,1
G013,G004,0.0008209416,1
G079,G045,0.00081854203,1
G029,G064,0.0008167673,1
G015,G094,0.00081584795,1
G064,G062,0.00081534573,1
G016,G090,0.00081476086,1
G058,G059,0.00081433187,1
G066,G006,0.000812927,1
G084,G053,0.00080832,1
G050,G041,0.0008072192,1
G020,G051,0.0008067769,1
G064,G051,0.0008059868,1
G012,G027,0.0008056937,1
G063,G041,0.00080349593,1
G062,G099,0.00080131704,1
G039,G045,0.0008010987,1
G055,G004,0.00080074195,1
G013,G069,0.00079953944,1
G051,G083,0.00079755875,1
G003,G094,0.00079580053,1
G083,G059,0.00078949175,1
G059,G094,0.00078530074,1
G039,G041,0.00078459224,1
G005,G015,0.00078297855,1
G084,G085,0.00078019965,1
G099,G037,0.0007761683,1
G075,G024,0.00077444914,1
G032,G028,0.00077193696,1
G034,G059,0.0007682364,1
G017,G022,0.0007669546,1
G074,G091,0.0007667658,1
G019,G008,0.0007616695,1
G032,G001,0.00076130097,1
G092,G081,0.0007605002,1
G065,G095,0.00075986376,1
G084,G038,0.00075746514,1
G001,G006,0.0007570877,1
G081,G034,0.00075619615,1
G052,G022,0.0007532536,1
G055,G084,0.0007508866,1
G004,G095,0.00075064204,1
G096,G016,0.0007486347,1
G051,G015,0.0007485069,1
G015,G047,0.00074584683,1
G089,G083,0.00074561004,1
G025,G078,0.0007453792,1
G058,G079,0.00074389926,1
G055,G020,0.0007432308,1
G016,G048,0.0007429248,1
G084,G100,0.0007426433,1
G015,G071,0.0007417598,1
G026,G040,0.0007416292,1
G066,G053,0.0007406721,1
G017,G089,0.00074031117,1
G072,G052,0.0007380524,1
G099,G046,0.0007380051,1
G084,G090,0.00073751947,1
G092,G062,0.00073599943,1
G067,G051,0.0007305342,1
G063,G022,0.0007298777,1
G059,G068,0.00072774704,1
G033,G070,0.0007241859,1
G057,G001,0.0007228712,1
G042,G028,0.0007187524,1
G090,G076,0.0007180976,1
G097,G017,0.0007179527,1
G011,G065,0.00071722956,1
G033,G091,0.00071258517,1
G009,G083,0.0007088808,1
G034,G069,0.0007034297,1
G095,G012,0.0006982504,1
G014,G032,0.0006971673,1
G001,G049,0.00069521856,1
G069,G054,0.0006950421,1
G030,G023,0.0006943611,1
G085,G006,0.00069218106,1
G008,G052,0.00069168414,1
G100,G016,0.0006827578,1
G020,G030,0.00068218296,1
G061,G028,0.00067966117,1
G067,G044,0.0006763725,1
G065,G019,0.00067563175,1
G077,G022,0.00067500706,1
G089,G096,0.0006710284,1
G091,G063,0.0006686328,1
G051,G054,0.0006673405,1
G028,G067,0.00066595315,1
G013,G031,0.000661248,1
G006,G043,0.00066078996,1
G025,G066,0.00066064496,1
G091,G057,0.00066045613,1
G050,G082,0.000660326,1
G100,G098,0.0006600173,1
G100,G030,0.00065444177,1
G042,G088,0.00064132677,1
G029,G002,0.0006411354,1
G063,G086,0.0006398746,1
G017,G005,0.00063905166,1
G033,G022,0.00063896924,1
G002,G051,0.00063766836,1
G054,G016,0.00063745765,1
G018,G019,0.0006358918,1
G029,G063,0.0006353448,1
G084,G058,0.0006344418,1
G090,G082,0.00063207356,1
G085,G066,0.00063065765,1
G077,G011,0.0006232243,1
G063,G010,0.0006222374,1
G061,G064,0.0006165954,1
G098,G093,0.0006143607,1
G054,G037,0.0006125598,1
G003,G012,0.00061243493,1
G085,G086,0.00061031705,1
G009,G078,0.0006092631,1
G080,G013,0.0006092516,1
G019,G014,0.0006063353,1
G004,G066,0.00060601527,1
G033,G052,0.0006046146,1
G078,G084,0.0006038294,1
G068,G028,0.0006029606,1
G082,G033,0.0006026823,1
G053,G084,0.0006025621,1
G029,G043,0.00060196215,1
G083,G027,0.00060150377,1
G061,G016,0.00059909665,1
G042,G004,0.00059666566,1
G007,G053,0.0005957734,1
G018,G066,0.00059389457,1
G060,G043,0.00059114647,1
G092,G052,0.0005908008,1
G066,G057,0.00058984564,1
G030,G100,0.00058827776,1
G019,G054,0.00058789784,1
G002,G099,0.0005865443,1
G050,G087,0.00058531924,1
G093,G058,0.00058416266,1
G034,G024,0.00058336114,1
G010,G062,0.0005827888,1
G062,G044,0.0005815965,1
G025,G018,0.0005799535,1
G049,G056,0.000578632,1
G091,G016,0.00057638186,1
G025,G069,0.00057597086,1
G026,G031,0.0005756981,1
G046,G089,0.000574106,1
G098,G004,0.0005738027,1
G054,G012,0.0005717262,1
G078,G031,0.00057080993,1
G031,G092,0.0005704624,1
G067,G089,0.00056877884,1
G001,G061,0.0005686735,1
G098,G092,0.00056815066,1
G026,G027,0.0005676348,1
G090,G081,0.0005669067,1
G025,G024,0.00056687754,1
G064,G018,0.00056499237,1
G008,G074,0.0005640889,1
G079,G057,0.0005638353,1
G074,G095,0.0005633292,1
G025,G042,0.0005624668,1
G010,G012,0.00056192296,1
G078,G062,0.0005617733,1
G090,G059,0.0005614573,1
G065,G044,0.0005605846,1
G031,G082,0.0005596452,1
G082,G087,0.00055934687,1
G045,G093,0.00055851764,1
G003,G055,0.0005583267,1
G018,G027,0.00055781583,1
G019,G021,0.00055754144,1
G029,G041,0.0005564663,1
G073,G070,0.00055253226,1
G090,G041,0.00055041397,1
G086,G079,0.0005500821,1
G016,G025,0.0005497819,1
G082,G058,0.0005481992,1
G088,G023,0.0005474384,1
G007,G033,0.0005474218,1
G022,G009,0.0005472676,1
G043,G075,0.0005459571,1
G023,G068,0.00054586976,1
G042,G048,0.00054411293,1
G039,G030,0.00054384785,1
G036,G057,0.0005431187,1
G037,G029,0.0005417782,1
G044,G100,0.0005415807,1
G017,G039,0.00054006337,1
G048,G085,0.0005390085,1
G008,G011,0.00053812866,1
G044,G040,0.00053476973,1
G064,G052,0.000534044,1
G084,G040,0.0005332085,1
G040,G026,0.00053309125,1
G090,G031,0.0005328064,1
G027,G098,0.00053241587,1
G040,G094,0.00053240696,1
G095,G006,0.0005314466,1
G091,G080,0.0005307133,1
G095,G025,0.00053018925,1
G060,G063,0.00053004647,1
G049,G048,0.00052958186,1
G091,G069,0.00052649475,1
G015,G020,0.00052489946,1
G012,G025,0.00052469154,1
G020,G023,0.0005243126,1
G034,G023,0.0005240604,1
G029,G099,0.00052305154,1
G029,G095,0.0005228605,1
G027,G028,0.00052188034,1
G072,G016,0.0005197421,1
G082,G031,0.00051793084,1
G033,G051,0.000517309,1
G098,G069,0.0005157196,1
G029,G084,0.00051329064,1
G027,G007,0.00051256374,1
G091,G017,0.0005125212,1
G029,G023,0.0005117921,1
G077,G067,0.00051167025,1
G048,G030,0.0005112019,1
G008,G057,0.00051053247,1
G052,G068,0.0005082471,1
G044,G083,0.00050409144,1
G050,G088,0.0004994191,1
G061,G014,0.00049694785,1
G092,G050,0.0004960955,1
G001,G067,0.00049332634,1
G038,G011,0.00049123436,1
G050,G006,0.0004910247,1
G057,G065,0.0004895371,1
G016,G067,0.0004894724,1
G006,G048,0.00048772868,1
G069,G046,0.0004859061,1
G028,G023,0.00048509115,1
G054,G048,0.00048159284,1
G004,G020,0.00048039132,1
G040,G098,0.0004802468,1
G035,G071,0.00047842515,1
G020,G062,0.00047743175,1
G090,G084,0.0004770871,1
G060,G072,0.00047656317,1
G075,G076,0.00047623424,1
G097,G064,0.00047582385,1
G043,G014,0.00047405198,1
G002,G082,0.00047070373,1
G013,G047,0.00047053338,1
G009,G028,0.00047009517,1
G023,G054,0.0004691322,1
G090,G093,0.00046811186,1
G066,G095,0.0004660993,1
G011,G032,0.00046465712,1
G008,G056,0.0004644882,1
G030,G075,0.00046447114,1
G100,G066,0.00046424224,1
G074,G087,0.00046394143,1
G084,G073,0.00046138774,1
G048,G034,0.00046014367,1
G001,G008,0.00045988473,1
G092,G055,0.0004586014,1
G071,G086,0.00045763564,1
G083,G038,0.00045737752,1
G009,G073,0.00045686334,1
G029,G019,0.0004537044,1
G035,G025,0.00045241145,1
G003,G043,0.00045069697,1
G022,G099,0.0004501272,1
G049,G029,0.0004489386,1
G077,G041,0.0004483383,1
G004,G030,0.0004482462,1
G037,G077,0.00044788214,1
G051,G005,0.00044722753,1
G098,G013,0.00044691077,1
G094,G001,0.00044515094,1
G049,G090,0.00044386295,1
G051,G039,0.0004416461,1
G007,G014,0.00044145779,1
G034,G098,0.00044143983,1
G072,G098,0.0004411433,1
G006,G100,0.0004398078,1
G016,G008,0.00043937046,1
G064,G063,0.00043885235,1
G068,G094,0.0004387674,1
G052,G011,0.00043823113,1
G061,G057,0.00043778052,1
G072,G054,0.00043731267,1
G100,G085,0.00043650085,1
G065,G087,0.00043586167,1
G041,G030,0.00043488506,1
G054,G018,0.00043384315,1
G016,G063,0.00043321514,1
G100,G033,0.0004328615,1
G053,G097,0.00043266386,1
G011,G038,0.00043261712,1
G099,G013,0.0004322832,1
G002,G014,0.00043212692,1
G019,G042,0.00043118317,1
G066,G087,0.00042775937,1
G030,G019,0.000427747,1
G058,G020,0.00042659105,1
G041,G073,0.0004260982,1
G033,G002,0.0004248263,1
G085,G034,0.0004209516,1
G073,G002,0.00041966382,1
G093,G076,0.00041864358,1
G031,G015,0.00041745158,1
G093,G011,0.00041651473,1
G097,G031,0.00041595183,1
G065,G093,0.00041555267,1
G027,G005,0.00041411803,1
G007,G074,0.0004140451,1
G008,G082,0.00041372047,1
G092,G096,0.00041299348,1
G059,G014,0.00041197802,1
G066,G065,0.00041125494,1
G011,G081,0.0004099689,1
G067,G097,0.00040886435,1
G007,G036,0.00040849127,1
G011,G008,0.00040785482,1
G087,G019,0.00040771713,1
G068,G026,0.00040724975,1
G091,G092,0.00040719463,1
G028,G051,0.00040518396,1
G002,G067,0.000404877,1
G089,G008,0.00040483393,1
G014,G074,0.00040465454,1
G087,G099,0.0004029916,1
G048,G087,0.00040189235,1
G075,G087,0.00040171132,1
G002,G047,0.00040025858,1
G077,G048,0.00040004656,1
G064,G096,0.0003994584,1
G013,G058,0.00039874122,1
G095,G027,0.00039591332,1
G009,G020,0.00039565976,1
G049,G068,0.00039512393,1
G023,G076,0.00039510624,1
G019,G007,0.00039330323,1
G003,G080,0.0003926435,1
G009,G088,0.00039212563,1
G067,G054,0.00039162344,1
G012,G053,0.00039018362,1
G041,G012,0.00038972805,1
G081,G015,0.00038905637,1
G038,G069,0.0003888399,1
G088,G002,0.00038805787,1
G059,G030,0.00038794673,1
G066,G009,0.00038784603,1
G074,G069,0.0003863563,1
G093,G002,0.00038534802,1
G091,G100,0.00038521664,1
G018,G013,0.00038411532,1
G027,G046,0.00038336017,1
G013,G055,0.00038308123,1
G003,G021,0.0003817866,1
G030,G092,0.00037963677,1
G093,G085,0.0003794659,1
G024,G059,0.00037914375,1
G012,G044,0.0003784582,1
G086,G041,0.00037739388,1
G099,G015,0.0003772707,1
G033,G037,0.0003766875,1
G082,G038,0.00037500355,1
G009,G062,0.00037277237,1
G058,G093,0.0003726392,1
G023,G051,0.00037211552,1
G055,G037,0.00037162504,1
G013,G095,0.00037149602,1
G008,G043,0.0003712853,1
G018,G089,0.00037066525,1
G062,G060,0.0003699757,1
G064,G039,0.00036990648,1
G057,G039,0.00036835915,1
G067,G094,0.000368039,1
G048,G069,0.00036795446,1
G091,G074,0.0003661366,1
G024,G058,0.00036593748,1
G068,G032,0.00036356848,1
G094,G027,0.00036270614,1
G073,G010,0.00036171282,1
G028,G011,0.00036152927,1
G003,G045,0.00035939546,1
G098,G027,0.0003587841,1
G089,G033,0.00035871766,1
G037,G039,0.0003566904,1
G066,G064,0.00035649812,1
G094,G095,0.00035518085,1
G063,G049,0.00035494537,1
G057,G095,0.00035464938,1
G019,G053,0.00035428972,1
G083,G057,0.00035365025,1
G048,G065,0.0003536336,1
G035,G079,0.0003519662,1
G077,G084,0.00035058754,1
G010,G057,0.00034993392,1
G004,G085,0.00034984414,1
G017,G077,0.00034947964,1
G095,G007,0.00034904928,1
G098,G060,0.0003487778,1
G059,G073,0.0003480746,1
G079,G083,0.00034575968,1
G057,G058,0.00034523656,1
G033,G083,0.00034491406,1
G075,G082,0.00034480565,1
G039,G061,0.00034441878,1
G065,G038,0.0003437636,1
G064,G040,0.00034354147,1
G025,G064,0.0003430365,1
G098,G054,0.00034187836,1
G036,G081,0.00034094873,1
G027,G061,0.00034048132,1
G047,G052,0.0003400499,1
G052,G063,0.00033975553,1
G077,G076,0.00033932147,1
G002,G065,0.00033757868,1
G045,G017,0.00033756334,1
G088,G075,0.0003372007,1
G003,G097,0.0003362354,1
G062,G059,0.00033519472,1
G060,G066,0.0003340239,1
G060,G056,0.00033345784,1
G021,G001,0.00033270332,1
G038,G073,0.00033267788,1
G073,G053,0.00033194793,1
G062,G068,0.00033166792,1
G065,G013,0.00033143765,1
G091,G019,0.00033120468,1
G028,G061,0.00033091794,1
G099,G044,0.0003305895,1
G037,G074,0.00033031794,1
G039,G014,0.00032659544,1
G069,G009,0.00032633147,1
G056,G005,0.00032600854,1
G017,G030,0.00032570856,1
G023,G062,0.00032521872,1
G008,G069,0.00032493938,1
G082,G040,0.00032460174,1
G070,G021,0.0003243996,1
G048,G047,0.0003236496,1
G032,G026,0.00032331326,1
G045,G100,0.00032296515,1
G039,G044,0.0003222814,1
G096,G073,0.00032167064,1
G005,G089,0.00032146103,1
G081,G097,0.00032141642,1
G040,G018,0.00032044546,1
G084,G036,0.00031998527,1
G054,G030,0.0003197162,1
G006,G091,0.00031884288,1
G063,G017,0.00031714514,1
G031,G038,0.00031605473,1
G097,G019,0.00031571946,1
G054,G087,0.00031524978,1
G017,G069,0.00031509838,1
G056,G051,0.00031319467,1
G005,G070,0.00031257962,1
G032,G079,0.0003118048,1
G067,G018,0.00031164708,1
G018,G037,0.0003116121,1
G092,G025,0.00031123165,1
G073,G014,0.000311043,1
G079,G051,0.00031094952,1
G018,G069,0.00031084588,1
G023,G001,0.00031066593,1
G078,G037,0.0003091055,1
G006,G022,0.00030850098,1
G005,G029,0.0003081211,1
G026,G094,0.00030777822,1
G074,G064,0.0003077265,1
G090,G086,0.00030692102,1
G001,G034,0.00030634887,1
G036,G051,0.00030533006,1
G030,G069,0.0003048844,1
G075,G044,0.00030475605,1
G064,G054,0.0003031981,1
G087,G096,0.00030181964,1
G064,G068,0.00030142703,1
G052,G084,0.0003010981,1
G006,G008,0.0003010788,1
G018,G078,0.00030047944,1
G097,G083,0.0002997246,1
G055,G058,0.00029902777,1
G089,G068,0.00029877893,1
G088,G006,0.000297463,1
G013,G008,0.00029714496,1
G061,G060,0.00029671902,1
G063,G020,0.00029537146,1
G002,G093,0.0002953614,1
G089,G079,0.000295329,1
G059,G092,0.00029469095,1
G057,G069,0.0002944511,1
G092,G004,0.00029398323,1
G028,G091,0.00029331804,1
G078,G042,0.00029302613,1
G008,G009,0.00029249158,1
G020,G095,0.0002922531,1
G073,G084,0.00029203438,1
G060,G075,0.00029149948,1
G036,G073,0.00029138997,1
G100,G048,0.00029103074,1
G043,G100,0.000290877,1
G046,G066,0.00029079663,1
G044,G001,0.00029068452,1
G032,G033,0.00029056432,1
G031,G009,0.00029036432,1
G024,G094,0.00029006237,1
G070,G015,0.00028996821,1
G002,G038,0.00028831614,1
G072,G069,0.0002883156,1
G031,G014,0.00028812725,1
G035,G031,0.00028807812,1
G094,G005,0.00028807775,1
G007,G037,0.0002875604,1
G024,G011,0.00028752413,1
G080,G068,0.00028666266,1
G030,G076,0.0002861515,1
G095,G073,0.00028601743,1
G047,G041,0.00028572505,1
G044,G043,0.0002850322,1
G040,G092,0.00028499612,1
G062,G003,0.00028444832,1
G043,G044,0.0002839589,1
G045,G074,0.00028360434,1
G078,G022,0.00028295827,1
G064,G020,0.00028255227,1
G037,G085,0.00028113002,1
G093,G015,0.00028037943,1
G031,G098,0.00027811786,1
G053,G025,0.00027801454,1
G097,G078,0.00027688203,1
G071,G027,0.00027613158,1
G045,G022,0.0002755068,1
G059,G047,0.00027531467,1
G023,G052,0.00027508082,1
G001,G081,0.00027488463,1
G065,G003,0.00027382665,1
G033,G081,0.00027381288,1
G020,G011,0.00027368483,1
G057,G037,0.00027341346,1
G077,G079,0.00027318616,1
G009,G025,0.0002729909,1
G056,G001,0.0002728856,1
G035,G047,0.00027262064,1
G019,G046,0.00027258208,1
G002,G070,0.00027258098,1
G043,G033,0.00027200906,1
G054,G083,0.00027082817,1
G031,G087,0.00027065317,1
G056,G033,0.0002704743,1
G080,G028,0.00027014356,1
G054,G067,0.00026984257,1
G100,G003,0.0002697515,1
G026,G086,0.0002696381,1
G095,G011,0.00026933104,1
G033,G034,0.00026913776,1
G057,G006,0.00026630927,1
G048,G022,0.00026575112,1
G079,G080,0.00026310954,1
G031,G022,0.00026244053,1
G005,G012,0.00026235447,1
G038,G027,0.00026071348,1
G013,G063,0.00026028443,1
G022,G008,0.00025919903,1
G044,G065,0.00025878326,1
G080,G067,0.00025866582,1
G025,G006,0.00025802522,1
G039,G065,0.0002577703,1
G001,G026,0.00025736302,1
G087,G006,0.00025586365,1
G070,G022,0.00025444676,1
G040,G015,0.00025428794,1
G027,G031,0.00025341637,1
G042,G066,0.00025310088,1
G039,G099,0.00025304436,1
G093,G091,0.00025273726,1
G056,G022,0.00025241775,1
G051,G006,0.0002523461,1
G049,G044,0.00025212765,1
G074,G035,0.0002519948,1
G069,G025,0.00025164962,1
G076,G006,0.00025098876,1
G048,G095,0.00025071332,1
G097,G056,0.00025071055,1
G019,G004,0.00024989524,1
G087,G074,0.00024969436,1
G017,G006,0.00024915353,1
G047,G044,0.0002490791,1
G040,G051,0.00024870725,1
G016,G064,0.00024866615,1
G079,G005,0.0002477902,1
G062,G014,0.00024736187,1
G011,G074,0.00024700194,1
G041,G004,0.0002449264,1
G095,G083,0.00024467314,1
G077,G008,0.00024387731,1
G091,G024,0.00024377748,1
G020,G026,0.00024323395,1
G031,G068,0.00024287256,1
G024,G074,0.00024230435,1
G068,G030,0.00024223534,1
G016,G032,0.00024136067,1
G030,G029,0.00023963301,1
G023,G085,0.00023914487,1
G062,G030,0.00023900878,1
G097,G048,0.00023872229,1
G090,G033,0.00023762177,1
G024,G062,0.00023745063,1
G030,G028,0.00023674022,1
G059,G057,0.00023660628,1
G052,G007,0.00023617416,1
G046,G025,0.00023549795,1
G097,G025,0.00023487063,1
G098,G045,0.00023363721,1
G020,G046,0.00023309824,1
G096,G092,0.00023271838,1
G081,G071,0.00023238575,1
G061,G068,0.00023200264,1
G024,G004,0.00023195893,1
G094,G090,0.00023174622,1
G022,G063,0.00023167077,1
G015,G005,0.00023164379,1
G081,G010,0.00023144636,1
G009,G037,0.00023137152,1
G093,G082,0.0002308182,1
G091,G073,0.00023041734,1
G053,G085,0.0002302439,1
G091,G052,0.00022978836,1
G022,G054,0.00022976373,1
G064,G084,0.00022975613,1
G087,G015,0.00022974882,1
G037,G073,0.00022769549,1
G096,G083,0.00022676132,1
G035,G088,0.00022612522,1
G076,G080,0.00022488274,1
G003,G072,0.00022450782,1
G070,G100,0.00022406153,1
G025,G055,0.00022334667,1
G091,G034,0.00022322376,1
G097,G089,0.0002227959,1
G038,G045,0.00022279054,1
G023,G024,0.00022278224,1
G069,G011,0.00022240911,1
G045,G089,0.00022238468,1
G010,G019,0.0002217981,1
G026,G032,0.00022160006,1
G005,G021,0.00022128301,1
G076,G003,0.00022113898,1
G060,G094,0.00022048234,1
G029,G013,0.00022017742,1
G050,G074,0.00021921308,1
G018,G064,0.00021900442,1
G031,G053,0.00021890303,1
G076,G088,0.00021847698,1
G081,G079,0.00021777679,1
G090,G089,0.00021698879,1
G036,G017,0.00021680813,1
G055,G075,0.00021676175,1
G026,G051,0.0002167536,1
G046,G012,0.00021391881,1
G068,G071,0.00021289928,1
G008,G089,0.00021283753,1
G089,G072,0.00021224552,1
G029,G069,0.0002120648,1
G090,G100,0.00021103724,1
G001,G031,0.0002109086,1
G094,G092,0.00021063365,1
G083,G100,0.00020971705,1
G063,G014,0.00020935695,1
G008,G066,0.00020798226,1
G090,G095,0.00020765538,1
G098,G021,0.00020756754,1
G060,G078,0.0002070641,1
G076,G057,0.00020652257,1
G044,G080,0.00020647381,1
G003,G028,0.00020631935,1
G031,G077,0.0002052351,1
G088,G089,0.0002038683,1
G014,G004,0.00020318154,1
G010,G014,0.0002028183,1
G024,G029,0.0002014747,1
G022,G035,0.00020133016,1
G051,G010,0.00020111802,1
G045,G001,0.00020109069,1
G027,G004,0.00020082569,1
G025,G086,0.00019911179,1
G048,G058,0.00019906633,1
G069,G097,0.000198226,1
G069,G094,0.0001975638,1
G079,G090,0.00019753251,1
G081,G043,0.00019751371,1
G088,G034,0.00019734475,1
G061,G079,0.00019728868,1
G019,G078,0.00019573815,1
G061,G010,0.00019524286,1
G096,G049,0.00019401098,1
G010,G049,0.00019328737,1
G007,G057,0.00019280684,1
G050,G045,0.00019268242,1
G007,G095,0.00019223457,1
G077,G045,0.00019217402,1
G038,G088,0.00019172212,1
G079,G082,0.00019136658,1
G034,G004,0.00019112274,1
G023,G049,0.00019101768,1
G054,G013,0.00019038247,1
G083,G076,0.00019008858,1
G089,G065,0.00018927324,1
G062,G023,0.00018913238,1
G049,G058,0.00018903526,1
G054,G052,0.00018886311,1
G074,G090,0.0001885037,1
G079,G034,0.00018847256,1
G070,G085,0.0001880506,1
G019,G036,0.00018763354,1
G093,G036,0.00018752654,1
G080,G022,0.00018690852,1
G051,G052,0.00018654388,1
G043,G056,0.0001865037,1
G069,G066,0.0001863397,1
G006,G073,0.00018633774,1
G019,G039,0.00018600065,1
G050,G044,0.00018567135,1
G057,G083,0.0001855955,1
G008,G092,0.0001854917,1
G030,G016,0.00018493999,1
G007,G024,0.0001848693,1
G020,G042,0.0001847902,1
G039,G036,0.00018445209,1
G020,G007,0.00018364457,1
G036,G093,0.00018350664,1
G042,G074,0.00018294866,1
G097,G006,0.00018209523,1
G097,G095,0.00018125212,1
G014,G046,0.00018067921,1
G060,G030,0.00018061452,1
G050,G095,0.0001805453,1
G024,G084,0.00018037342,1
G004,G079,0.00017930548,1
G087,G084,0.00017878768,1
G071,G024,0.00017872587,1
G043,G031,0.00017871773,1
G056,G003,0.00017845981,1
G013,G068,0.00017777969,1
G025,G015,0.00017765688,1
G069,G052,0.00017749332,1
G007,G063,0.0001770411,1
G075,G040,0.00017674924,1
G092,G011,0.00017672229,1
G036,G005,0.00017606186,1
G010,G041,0.00017567664,1
G017,G061,0.00017556766,1
G096,G033,0.00017468742,1
G013,G032,0.00017325746,1
G059,G045,0.0001721964,1
G008,G034,0.00017214588,1
G072,G046,0.00017121073,1
G053,G088,0.00017055577,1
G064,G015,0.00017008904,1
G100,G064,0.00016944592,1
G027,G043,0.00016940356,1
G064,G059,0.00016922397,1
G048,G089,0.0001686827,1
G018,G045,0.00016866466,1
G084,G055,0.00016865236,1
G051,G022,0.00016865162,1
G028,G062,0.00016849925,1
G039,G050,0.00016770765,1
G037,G013,0.00016708396,1
G019,G050,0.00016691994,1
G089,G057,0.00016683775,1
G081,G064,0.00016682017,1
G030,G059,0.00016637062,1
G046,G010,0.00016593655,1
G079,G075,0.00016564042,1
G031,G010,0.00016561904,1
G010,G035,0.00016544311,1
G075,G074,0.00016534423,1
G059,G070,0.0001651956,1
G020,G052,0.00016442868,1
G088,G086,0.0001640511,1
G023,G018,0.00016374874,1
G015,G031,0.00016371945,1
G006,G052,0.00016358182,1
G084,G092,0.00016260179,1
G027,G081,0.000162477,1
G009,G002,0.00016213293,1
G049,G057,0.00016193358,1
G004,G063,0.00016189908,1
G089,G094,0.00016125003,1
G075,G059,0.00016105594,1
G025,G047,0.0001607361,1
G096,G001,0.00016000103,1
G008,G068,0.0001594865,1
G100,G070,0.00015910063,1
G097,G021,0.0001587288,1
G074,G049,0.00015838647,1
G006,G064,0.00015826474,1
G082,G072,0.00015816378,1
G057,G053,0.00015802805,1
G056,G088,0.0001577538,1
G032,G073,0.00015741558,1
G070,G076,0.00015660175,1
G042,G075,0.00015585993,1
G080,G044,0.0001556996,1
G080,G043,0.00015538535,1
G030,G053,0.00015428614,1
G038,G060,0.00015395897,1
G059,G087,0.00015365859,1
G076,G098,0.00015333956,1
G075,G002,0.00015315902,1
G063,G082,0.00015266663,1
G045,G064,0.00015250007,1
G088,G081,0.00015249845,1
G031,G033,0.00015207024,1
G009,G058,0.00015198093,1
G082,G051,0.00015197779,1
G069,G031,0.00015127394,1
G049,G039,0.00015081244,1
G010,G089,0.00015059716,1
G068,G010,0.00015026561,1
G044,G091,0.00015018927,1
G039,G097,0.00015004823,1
G077,G013,0.00014985395,1
G090,G073,0.0001498025,1
G038,G048,0.00014979728,1
G077,G027,0.00014974563,1
G018,G002,0.00014937895,1
G050,G099,0.00014893877,1
G043,G020,0.00014893369,1
G090,G036,0.00014817264,1
G060,G022,0.0001479816,1
G020,G034,0.00014796648,1
G026,G023,0.0001479463,1
G053,G090,0.00014776066,1
G026,G050,0.00014768526,1
G037,G011,0.0001476481,1
G057,G024,0.00014748286,1
G073,G086,0.00014736196,1
G045,G060,0.00014729901,1
G046,G092,0.00014684167,1
G017,G001,0.00014669869,1
G013,G043,0.00014646407,1
G078,G019,0.00014632438,1
G078,G060,0.00014617486,1
G085,G047,0.00014555678,1
G022,G012,0.00014520517,1
G063,G067,0.00014508121,1
G048,G056,0.00014480148,1
G021,G012,0.00014455905,1
G077,G023,0.00014346711,1
G005,G093,0.00014150685,1
G019,G081,0.00014124392,1
G013,G027,0.00014030613,1
G092,G070,0.00014002764,1
G050,G096,0.00013964866,1
G076,G013,0.00013947036,1
G053,G039,0.00013919568,1
G042,G068,0.0001389591,1
G012,G061,0.00013888306,1
G066,G060,0.00013835522,1
G036,G015,0.00013803858,1
G039,G088,0.00013802928,1
G009,G004,0.0001379784,1
G080,G076,0.00013794773,1
G095,G068,0.00013760135,1
G023,G064,0.00013732236,1
G068,G099,0.0001372606,1
G077,G070,0.00013708454,1
G003,G002,0.00013632124,1
G100,G009,0.00013628103,1
G084,G064,0.00013623238,1
G031,G097,0.00013603285,1
G077,G052,0.00013512438,1
G073,G078,0.00013495452,1
G097,G057,0.00013458444,1
G089,G075,0.0001341976,1
G084,G037,0.00013417829,1
G068,G031,0.00013398683,1
G080,G012,0.00013382119,1
G068,G082,0.00013344969,1
G063,G018,0.00013321338,1
G040,G024,0.00013289507,1
G097,G024,0.00013276872,1
G081,G044,0.00013270655,1
G087,G035,0.00013244347,1
G014,G084,0.00013221007,1
G016,G089,0.00013209895,1
G006,G088,0.00013190886,1
G004,G099,0.00013147412,1
G054,G064,0.0001307065,1
G025,G090,0.00013037014,1
G100,G024,0.00012998121,1
G035,G029,0.00012988829,1
G038,G097,0.00012914784,1
G043,G029,0.00012829747,1
G089,G040,0.00012809373,1
G048,G088,0.00012809371,1
G078,G095,0.00012785557,1
G024,G050,0.00012705754,1
G073,G008,0.00012671277,1
G086,G017,0.00012587887,1
G077,G014,0.00012571,1
G011,G002,0.00012539393,1
G082,G050,0.00012530852,1
G081,G002,0.0001251896,1
G090,G063,0.00012490634,1
G074,G057,0.0001241649,1
G052,G040,0.00012399233,1
G081,G040,0.00012395997,1
G096,G017,0.00012393841,1
G031,G056,0.00012371814,1
G038,G084,0.00012323892,1
G030,G007,0.0001229164,1
G087,G020,0.00012186548,1
G095,G074,0.000121420984,1
G079,G032,0.00012102468,1
G018,G016,0.00012095527,1
G072,G012,0.00012086263,1
G094,G029,0.00012056088,1
G004,G042,0.000120457924,1
G078,G013,0.00012039319,1
G012,G069,0.000120063974,1
G062,G088,0.0001200477,1
G088,G093,0.00011960689,1
G078,G033,0.00011920114,1
G066,G036,0.000119193515,1
G094,G070,0.000119171884,1
G002,G061,0.000119045064,1
G088,G067,0.00011869302,1
G015,G057,0.00011842208,1
G028,G074,0.00011839739,1
G062,G004,0.00011831549,1
G073,G094,0.00011742332,1
G098,G032,0.00011734567,1
G066,G067,0.000117113406,1
G005,G099,0.00011693901,1
G013,G012,0.00011690333,1
G046,G099,0.000116788615,1
G098,G094,0.000116079085,1
G020,G065,0.000116050265,1
G073,G051,0.00011567034,1
G008,G018,0.000115296956,1
G039,G053,0.00011521782,1
G044,G011,0.000114739385,1
G095,G091,0.00011426792,1
G048,G031,0.000113912,1
G014,G096,0.00011380221,1
G088,G030,0.00011307559,1
G079,G031,0.00011305854,1
G095,G099,0.00011282398,1
G026,G095,0.00011241068,1
G056,G041,0.00011228777,1
G080,G042,0.000112219685,1
G029,G091,0.00011219547,1
G057,G098,0.00011153778,1
G002,G040,0.00011153387,1
G048,G041,0.000111413225,1
G100,G039,0.00011139323,1
G072,G013,0.00011107969,1
G082,G059,0.00011080882,1
G095,G052,0.000110496665,1
G073,G037,0.00011013144,1
G049,G009,0.000109989945,1
G046,G070,0.00010992157,1
G010,G087,0.00010962759,1
G058,G041,0.00010934037,1
G011,G090,0.00010927373,1
G036,G048,0.000109163,1
G040,G064,0.000108715896,1
G058,G033,0.00010814798,1
G035,G077,0.00010811695,1
G071,G090,0.00010808842,1
G013,G051,0.00010753201,1
G034,G045,0.00010730188,1
G087,G022,0.00010666523,1
G008,G072,0.000106587686,1
G069,G037,0.000106415,1
G095,G081,0.000106185034,1
G038,G087,0.00010597183,1
G069,G045,0.000105369225,1
G088,G043,0.00010519377,1
G043,G011,0.00010481045,1
G097,G013,0.000104419974,1
G099,G052,0.00010431566,1
G066,G018,0.0001036415,1
G065,G016,0.00010317475,1
G084,G076,0.00010306143,1
G065,G076,0.00010273691,1
G044,G022,0.000102145925,1
G097,G003,0.000101791265,1
G020,G005,0.00010143747,1
G035,G083,0.00010139917,1
G056,G021,0.000101347396,1
G043,G032,0.00010120718,1
G059,G036,0.00010107239,1
G048,G023,0.00010072317,1
G062,G049,0.00010047883,1
G037,G080,0.00010030334,1
G048,G028,0.000100235105,1
G010,G081,9.9626195e-05,1
G063,G029,9.956705e-05,1
G096,G078,9.931383e-05,1
G093,G073,9.886434e-05,1
G100,G068,9.854629e-05,1
G075,G050,9.8463206e-05,1
G066,G019,9.793295e-05,1
G019,G099,9.786102e-05,1
G089,G019,9.70214e-05,1
G026,G048,9.700066e-05,1
G037,G059,9.662989e-05,1
G031,G049,9.647209e-05,1
G056,G014,9.6246e-05,1
G096,G061,9.597458e-05,1
G052,G005,9.557606e-05,1
G068,G017,9.53223e-05,1
G005,G048,9.531919e-05,1
G065,G096,9.5181545e-05,1
G079,G067,9.515418e-05,1
G014,G083,9.483154e-05,1
G007,G092,9.445194e-05,1
G035,G059,9.379646e-05,1
G074,G070,9.3534494e-05,1
G094,G049,9.311649e-05,1
G008,G050,9.284025e-05,1
G056,G049,9.283781e-05,1
G060,G021,9.276389e-05,1
G056,G078,9.26675e-05,1
G087,G013,9.2632275e-05,1
G091,G029,9.251993e-05,1
G080,G095,9.233862e-05,1
G093,G004,9.203782e-05,1
G045,G050,9.202432e-05,1
G095,G062,9.197826e-05,1
G088,G064,9.179769e-05,1
G089,G001,9.158471e-05,1
G003,G083,9.1446025e-05,1
G011,G057,9.095354e-05,1
G043,G083,9.085894e-05,1
G087,G065,9.0850466e-05,1
G053,G100,9.077643e-05,1
G028,G045,9.039959e-05,1
G012,G065,9.03088e-05,1
G008,G028,9.02963e-05,1
G006,G095,8.993863e-05,1
G033,G047,8.99027e-05,1
G073,G066,8.9743095e-05,1
G051,G090,8.926703e-05,1
G014,G035,8.89207e-05,1
G065,G067,8.8655e-05,1
G022,G074,8.841793e-05,1
G098,G015,8.775118e-05,1
G071,G026,8.759378e-05,1
G036,G014,8.703761e-05,1
G029,G080,8.679438e-05,1
G009,G053,8.6582935e-05,1
G023,G006,8.6504544e-05,1
G091,G039,8.6449894e-05,1
G008,G019,8.64083e-05,1
G001,G032,8.6297296e-05,1
G092,G035,8.6131746e-05,1
G030,G058,8.602067e-05,1
G038,G022,8.575893e-05,1
G065,G032,8.573315e-05,1
G059,G028,8.537083e-05,1
G074,G005,8.535283e-05,1
G084,G080,8.520692e-05,1
G068,G015,8.5197295e-05,1
G076,G032,8.514745e-05,1
G030,G097,8.5076965e-05,1
G013,G071,8.487759e-05,1
G088,G066,8.471389e-05,1
G048,G075,8.380745e-05,1
G036,G062,8.372986e-05,1
G098,G062,8.351475e-05,1
G022,G050,8.3408966e-05,1
G082,G032,8.3281746e-05,1
G024,G100,8.308107e-05,1
G067,G034,8.260091e-05,1
G028,G020,8.1638034e-05,1
G100,G047,8.141775e-05,1
G042,G020,8.141469e-05,1
G084,G081,8.120419e-05,1
G011,G071,8.104738e-05,1
G001,G069,8.0862934e-05,1
G065,G063,8.0675956e-05,1
G089,G050,8.053928e-05,1
G071,G088,8.000873e-05,1
G024,G070,7.9717945e-05,1
G078,G001,7.966201e-05,1
G096,G076,7.960862e-05,1
G095,G040,7.918184e-05,1
G001,G018,7.914146e-05,1
G007,G047,7.866417e-05,1
G092,G078,7.862945e-05,1
G022,G087,7.8231365e-05,1
G075,G067,7.8170204e-05,1
G031,G025,7.807705e-05,1
G020,G050,7.7896955e-05,1
G048,G067,7.755278e-05,1
G052,G054,7.754393e-05,1
G018,G093,7.7502904e-05,1
G083,G017,7.746234e-05,1
G079,G039,7.732645e-05,1
G041,G057,7.6544e-05,1
G079,G041,7.653138e-05,1
G006,G009,7.640867e-05,1
G027,G036,7.640185e-05,1
G044,G009,7.6386634e-05,1
G042,G039,7.599403e-05,1
G002,G084,7.568254e-05,1
G094,G074,7.518517e-05,1
G048,G063,7.483338e-05,1
G036,G096,7.478031e-05,1
G055,G048,7.4648335e-05,1
G048,G019,7.456486e-05,1
G055,G087,7.435505e-05,1
G100,G049,7.4301744e-05,1
G043,G068,7.421e-05,1
G009,G023,7.386112e-05,1
G046,G095,7.3854266e-05,1
G029,G031,7.3849835e-05,1
G085,G024,7.359999e-05,1
G094,G069,7.3524745e-05,1
G021,G010,7.3366085e-05,1
G014,G045,7.294387e-05,1
G071,G091,7.285893e-05,1
G097,G071,7.279736e-05,1
G023,G047,7.2388306e-05,1
G071,G046,7.222466e-05,1
G026,G045,7.220643e-05,1
G023,G053,7.200342e-05,1
G057,G008,7.1755065e-05,1
G034,G021,7.159075e-05,1
G019,G024,7.1462026e-05,1
G045,G031,7.144193e-05,1
G014,G033,7.13813e-05,1
G080,G094,7.1174494e-05,1
G058,G067,7.111982e-05,1
G022,G080,7.099988e-05,1
G068,G095,7.0768474e-05,1
G032,G060,7.0591836e-05,1
G092,G090,7.025644e-05,1
G014,G062,7.0063536e-05,1
G040,G047,6.990865e-05,1
G085,G095,6.956427e-05,1
G071,G093,6.900668e-05,1
G052,G015,6.886169e-05,1
G033,G003,6.8333065e-05,1
G047,G057,6.8103116e-05,1
G094,G035,6.794776e-05,1
G064,G034,6.770582e-05,1
G041,G001,6.769665e-05,1
G021,G017,6.682825e-05,1
G010,G097,6.6468034e-05,1
G012,G009,6.603935e-05,1
G076,G024,6.576854e-05,1
G044,G052,6.5720946e-05,1
G026,G059,6.549105e-05,1
G034,G016,6.530929e-05,1
G051,G014,6.520707e-05,1
G095,G018,6.449806e-05,1
G090,G012,6.418959e-05,1
G002,G049,6.399127e-05,1
G073,G030,6.392514e-05,1
G092,G097,6.37056e-05,1
G043,G003,6.3684754e-05,1
G089,G043,6.331038e-05,1
G027,G029,6.302687e-05,1
G021,G023,6.286261e-05,1
G047,G026,6.272529e-05,1
G049,G086,6.231151e-05,1
G084,G057,6.217882e-05,1
G009,G085,6.213076e-05,1
G082,G045,6.177078e-05,1
G010,G007,6.154248e-05,1
G059,G063,6.1129474e-05,1
G014,G088,6.1088525e-05,1
G067,G026,6.070383e-05,1
G003,G053,6.0414182e-05,1
G052,G013,6.0191473e-05,1
G016,G013,5.9891296e-05,1
G095,G092,5.984818e-05,1
G024,G019,5.9472495e-05,1
G009,G096,5.9113037e-05,1
G085,G057,5.9010083e-05,1
G066,G028,5.8343714e-05,1
G096,G065,5.8233105e-05,1
G004,G027,5.8188703e-05,1
G075,G045,5.8133835e-05,1
G038,G030,5.8100533e-05,1
G027,G039,5.773353e-05,1
G036,G007,5.767724e-05,1
G083,G016,5.7429286e-05,1
G031,G072,5.7023408e-05,1
G037,G052,5.6988472e-05,1
G043,G053,5.6803707e-05,1
G079,G019,5.6709578e-05,1
G014,G089,5.668619e-05,1
G095,G078,5.6530975e-05,1
G017,G038,5.652066e-05,1
G052,G039,5.6431112e-05,1
G086,G026,5.624133e-05,1
G084,G002,5.6217068e-05,1
G070,G045,5.6216893e-05,1
G092,G076,5.6214725e-05,1
G058,G075,5.6092267e-05,1
G038,G014,5.5921733e-05,1
G008,G030,5.5914526e-05,1
G067,G059,5.589755e-05,1
G034,G028,5.5483506e-05,1
G068,G078,5.5445445e-05,1
G078,G040,5.484026e-05,1
G054,G085,5.4184355e-05,1
G063,G012,5.3753025e-05,1
G032,G047,5.3655687e-05,1
G067,G100,5.363003e-05,1
G028,G072,5.3494095e-05,1
G068,G016,5.3487795e-05,1
G100,G088,5.3108342e-05,1
G073,G082,5.2874504e-05,1
G056,G042,5.2607764e-05,1
G075,G058,5.2214065e-05,1
G065,G089,5.1998617e-05,1
G042,G010,5.1891748e-05,1
G027,G047,5.183849e-05,1
G017,G075,5.1797128e-05,1
G065,G023,5.1687344e-05,1
G022,G075,5.1484152e-05,1
G054,G010,5.1450144e-05,1
G031,G042,5.1375508e-05,1
G033,G019,5.1257615e-05,1
G042,G002,5.106852e-05,1
G026,G004,5.084015e-05,1
G060,G008,5.0768434e-05,1
G021,G008,5.06884e-05,1
G077,G044,5.0292896e-05,1
G053,G001,5.019954e-05,1
G015,G070,4.9411377e-05,1
G093,G057,4.9406117e-05,1
G053,G051,4.883364e-05,1
G053,G016,4.853711e-05,1
G082,G020,4.8404174e-05,1
G004,G077,4.8356418e-05,1
G073,G007,4.825189e-05,1
G058,G014,4.806554e-05,1
G063,G031,4.7479854e-05,1
G079,G008,4.7278554e-05,1
G021,G082,4.705596e-05,1
G026,G036,4.672773e-05,1
G046,G077,4.6688278e-05,1
G063,G026,4.6577705e-05,1
G086,G095,4.6003057e-05,1
G003,G085,4.5664405e-05,1
G100,G097,4.5594188e-05,1
G100,G061,4.558497e-05,1
G025,G063,4.520894e-05,1
G035,G024,4.4878412e-05,1
G012,G098,4.4729873e-05,1
G082,G041,4.456873e-05,1
G005,G020,4.4401815e-05,1
G030,G095,4.439774e-05,1
G085,G075,4.4387467e-05,1
G015,G014,4.4321318e-05,1
G013,G024,4.38161e-05,1
G098,G099,4.3697204e-05,1
G047,G050,4.3534124e-05,1
G017,G023,4.325224e-05,1
G091,G055,4.319974e-05,1
G014,G093,4.3109183e-05,1
G092,G045,4.2998614e-05,1
G070,G020,4.257197e-05,1
G036,G086,4.2474552e-05,1
G039,G076,4.2376516e-05,1
G015,G012,4.147043e-05,1
G088,G054,4.1286105e-05,1
G067,G025,4.126212e-05,1
G076,G095,4.108524e-05,1
G019,G034,4.0913947e-05,1
G087,G009,4.0886596e-05,1
G070,G074,4.0770727e-05,1
G086,G073,3.983053e-05,1
G060,G020,3.9731993e-05,1
G099,G089,3.9724917e-05,1
G054,G038,3.952131e-05,1
G050,G094,3.944249e-05,1
G048,G097,3.941155e-05,1
G075,G091,3.93522e-05,1
G051,G008,3.9352035e-05,1
G076,G058,3.9274128e-05,1
G070,G025,3.8941966e-05,1
G041,G053,3.8924238e-05,1
G028,G002,3.8877595e-05,1
G077,G094,3.8534927e-05,1
G057,G071,3.835714e-05,1
G001,G016,3.8355593e-05,1
G027,G097,3.832941e-05,1
G061,G006,3.821742e-05,1
G098,G043,3.818678e-05,1
G077,G030,3.764678e-05,1
G023,G077,3.722554e-05,1
G042,G036,3.6591988e-05,1
G045,G054,3.6030444e-05,1
G018,G088,3.5976685e-05,1
G086,G051,3.597502e-05,1
G100,G083,3.5947116e-05,1
G087,G012,3.5809386e-05,1
G095,G084,3.5362176e-05,1
G008,G006,3.5047324e-05,1
G071,G042,3.5044468e-05,1
G085,G092,3.490531e-05,1
G028,G049,3.482887e-05,1
G021,G003,3.4806457e-05,1
G022,G026,3.466329e-05,1
G002,G030,3.4641907e-05,1
G095,G033,3.4627745e-05,1
G060,G046,3.4278873e-05,1
G084,G012,3.4273166e-05,1
G097,G068,3.4107783e-05,1
G093,G079,3.390583e-05,1
G004,G092,3.3785276e-05,1
G020,G057,3.3383563e-05,1
G096,G097,3.316205e-05,1
G094,G083,3.3085176e-05,1
G009,G093,3.2984477e-05,1
G045,G047,3.2919434e-05,1
G084,G067,3.2554053e-05,1
G068,G091,3.2537155e-05,1
G009,G030,3.2103602e-05,1
G086,G092,3.181831e-05,1
G029,G053,3.164642e-05,1
G044,G020,3.134315e-05,1
G009,G094,3.111388e-05,1
G094,G011,3.0801828e-05,1
G062,G098,3.074292e-05,1
G065,G078,3.0488494e-05,1
G021,G074,3.0271842e-05,1
G024,G041,3.0084297e-05,1
G066,G097,3.0020827e-05,1
G059,G084,2.9959267e-05,1
G061,G093,2.9603516e-05,1
G007,G026,2.9369858e-05,1
G068,G100,2.9359564e-05,1
G041,G043,2.908152e-05,1
G001,G078,2.8768516e-05,1
G088,G085,2.8727833e-05,1
G007,G055,2.8720857e-05,1
G051,G044,2.858484e-05,1
G087,G042,2.8497841e-05,1
G028,G071,2.8418508e-05,1
G074,G099,2.8333012e-05,1
G064,G066,2.7868344e-05,1
G018,G070,2.7537619e-05,1
G075,G065,2.613145e-05,1
G029,G016,2.5972806e-05,1
G014,G087,2.554368e-05,1
G037,G016,2.534996e-05,1
G083,G043,2.4901552e-05,1
G014,G097,2.4675472e-05,1
G096,G035,2.4306471e-05,1
G010,G075,2.429274e-05,1
G027,G045,2.4279583e-05,1
G075,G012,2.3957884e-05,1
G062,G047,2.3731014e-05,1
G015,G089,2.3654586e-05,1
G039,G023,2.3624705e-05,1
G079,G071,2.3268201e-05,1
G079,G069,2.2963215e-05,1
G038,G062,2.2788103e-05,1
G046,G075,2.2552193e-05,1
G014,G070,2.2280425e-05,1
G035,G043,2.2146567e-05,1
G069,G047,2.2045024e-05,1
G026,G084,2.198468e-05,1
G005,G096,2.166171e-05,1
G078,G020,2.1546943e-05,1
G073,G083,2.1333439e-05,1
G090,G065,2.0362342e-05,1
G006,G071,2.033714e-05,1
G078,G018,2.0303025e-05,1
G010,G072,2.0199128e-05,1
G074,G053,1.983165e-05,1
G071,G023,1.9690759e-05,1
G035,G012,1.945043e-05,1
G021,G081,1.9308947e-05,1
G002,G044,1.9308412e-05,1
G044,G019,1.9113166e-05,1
G098,G009,1.896994e-05,1
G060,G083,1.8816529e-05,1
G081,G086,1.8685496e-05,1
G067,G080,1.8622875e-05,1
G078,G081,1.8615314e-05,1
G050,G069,1.828138e-05,1
G062,G082,1.8190747e-05,1
G027,G032,1.8050901e-05,1
G083,G056,1.7964714e-05,1
G096,G067,1.7896607e-05,1
G100,G007,1.7743503e-05,1
G004,G017,1.7683946e-05,1
G094,G052,1.711645e-05,1
G059,G072,1.7103413e-05,1
G049,G003,1.7018125e-05,1
G094,G064,1.6876798e-05,1
G065,G041,1.6535749e-05,1
G033,G013,1.6442107e-05,1
G050,G028,1.6353533e-05,1
G023,G067,1.594858e-05,1
G099,G011,1.5414134e-05,1
G090,G040,1.5297828e-05,1
G069,G042,1.5247152e-05,1
G072,G065,1.4700399e-05,1
G042,G062,1.4665976e-05,1
G034,G012,1.4614578e-05,1
G031,G013,1.4424637e-05,1
G015,G097,1.4329149e-05,1
G051,G033,1.4318546e-05,1
G038,G066,1.3599745e-05,1
G007,G005,1.350283e-05,1
G057,G010,1.3417973e-05,1
G089,G015,1.3207998e-05,1
G054,G032,1.2945988e-05,1
G066,G020,1.292167e-05,1
G097,G005,1.280119e-05,1
G001,G053,1.25961415e-05,1
G087,G060,1.2409309e-05,1
G076,G050,1.2250068e-05,1
G048,G010,1.2119427e-05,1
G076,G012,1.1935251e-05,1
G090,G016,1.1917693e-05,1
G015,G051,1.1507044e-05,1
G027,G030,1.14803115e-05,1
G020,G096,1.136586e-05,1
G054,G005,1.1216875e-05,1
G053,G021,1.1036725e-05,1
G060,G086,1.0899907e-05,1
G087,G066,1.0829149e-05,1
G060,G012,1.0670543e-05,1
G041,G066,1.05678155e-05,1
G085,G053,1.0530238e-05,1
G060,G068,1.0013527e-05,1
G080,G060,9.928502e-06,1
G077,G051,9.85121e-06,1
G007,G048,9.3580065e-06,1
G074,G034,9.332065e-06,1
G086,G004,9.234852e-06,1
G059,G010,8.807196e-06,1
G018,G021,8.6170585e-06,1
G083,G094,8.394434e-06,1
G036,G085,8.372461e-06,1
G074,G062,8.206688e-06,1
G076,G070,8.142856e-06,1
G040,G023,8.082612e-06,1
G061,G098,7.922228e-06,1
G061,G077,7.692953e-06,1
G100,G052,7.679874e-06,1
G065,G081,7.4633817e-06,1
G026,G093,7.2662037e-06,1
G059,G018,7.136885e-06,1
G005,G037,6.8749423e-06,1
G025,G043,6.8731497e-06,1
G086,G005,6.305551e-06,1
G100,G054,6.1794062e-06,1
G039,G073,5.8709534e-06,1
G010,G048,5.8239266e-06,1
G035,G062,5.811992e-06,1
G080,G031,5.668788e-06,1
G044,G003,5.622841e-06,1
G050,G075,5.4616e-06,1
G048,G042,5.1630423e-06,1
G083,G021,4.891337e-06,1
G043,G001,4.847496e-06,1
G089,G064,4.5533666e-06,1
G091,G086,3.859332e-06,1
G011,G027,3.6826832e-06,1
G060,G076,3.546417e-06,1
G020,G079,3.469497e-06,1
G077,G047,3.4129428e-06,1
G090,G039,3.4017144e-06,1
G079,G059,3.396617e-06,1
G081,G053,3.3935441e-06,1
G012,G085,3.2509595e-06,1
G010,G071,2.6879186e-06,1
G001,G012,2.590219e-06,1
G024,G097,2.3839468e-06,1
G068,G013,2.308526e-06,1
G077,G092,2.2519528e-06,1
G063,G095,2.1303301e-06,1
G065,G086,1.748673e-06,1
G036,G011,8.992033e-07,1
G012,G070,8.752464e-07,1
G045,G046,6.687345e-07,1
G057,G085,5.1366095e-07,1
G088,G057,2.8566524e-07,1
G034,G043,2.1412433e-07,1
G009,G079,9.9750174e-08,1
G025,G077,7.344446e-08,1
G045,G094,-4.0131795e-07,-1
G098,G047,-7.0554756e-07,-1
G055,G072,-1.2540818e-06,-1
G032,G046,-1.3235831e-06,-1
G096,G063,-1.3263596e-06,-1
G013,G033,-1.4796996e-06,-1
G005,G004,-1.7479001e-06,-1
G088,G096,-1.8491376e-06,-1
G054,G039,-1.9399833e-06,-1
G050,G083,-2.0104537e-06,-1
G059,G034,-3.1427005e-06,-1
G056,G054,-3.2321545e-06,-1
G016,G029,-3.352944e-06,-1
G088,G092,-3.3826611e-06,-1
G038,G026,-3.6471718e-06,-1
G012,G074,-4.1608087e-06,-1
G088,G013,-4.266387e-06,-1
G020,G064,-4.302136e-06,-1
G046,G020,-4.3858213e-06,-1
G100,G046,-4.5018755e-06,-1
G057,G054,-4.8383927e-06,-1
G046,G050,-4.8476722e-06,-1
G046,G014,-4.9555383e-06,-1
G051,G013,-5.0130348e-06,-1
G058,G016,-5.0783115e-06,-1
G059,G058,-5.347908e-06,-1
G053,G077,-5.398097e-06,-1
G034,G055,-5.422952e-06,-1
G071,G073,-5.984899e-06,-1
G027,G071,-5.987877e-06,-1
G012,G006,-6.103501e-06,-1
G080,G045,-6.2278377e-06,-1
G095,G090,-6.415398e-06,-1
G053,G004,-6.420311e-06,-1
G016,G068,-6.540013e-06,-1
G021,G075,-6.91279e-06,-1
G059,G054,-6.98194e-06,-1
G072,G074,-7.063986e-06,-1
G010,G085,-7.6017477e-06,-1
G072,G030,-7.768795e-06,-1
G011,G069,-7.9763095e-06,-1
G004,G068,-8.2563365e-06,-1
G075,G032,-8.358585e-06,-1
G012,G043,-8.742267e-06,-1
G019,G047,-8.785869e-06,-1
G081,G062,-9.349382e-06,-1
G075,G030,-9.546393e-06,-1
G066,G023,-9.607372e-06,-1
G093,G041,-9.61643e-06,-1
G073,G033,-9.865498e-06,-1
G007,G027,-9.905698e-06,-1
G030,G086,-1.0084887e-05,-1
G014,G092,-1.0120303e-05,-1
G071,G084,-1.0168079e-05,-1
G086,G096,-1.0170047e-05,-1
G077,G089,-1.019964e-05,-1
G086,G040,-1.0255657e-05,-1
G058,G053,-1.0308115e-05,-1
G067,G021,-1.0413695e-05,-1
G038,G008,-1.087849e-05,-1
G027,G048,-1.0903962e-05,-1
G065,G077,-1.10959945e-05,-1
G019,G077,-1.1338634e-05,-1
G004,G049,-1.1346247e-05,-1
G089,G017,-1.1906695e-05,-1
G027,G011,-1.2011466e-05,-1
G071,G020,-1.228137e-05,-1
G080,G053,-1.2766628e-05,-1
G076,G014,-1.2779322e-05,-1
G100,G079,-1.2866829e-05,-1
G045,G005,-1.2979544e-05,-1
G004,G039,-1.3220307e-05,-1
G063,G025,-1.33214535e-05,-1
G088,G016,-1.332401e-05,-1
G021,G087,-1.3483358e-05,-1
G019,G096,-1.3570031e-05,-1
G036,G008,-1.3899883e-05,-1
G060,G033,-1.40092025e-05,-1
G005,G085,-1.4153829e-05,-1
G081,G057,-1.4278606e-05,-1
G082,G081,-1.4666229e-05,-1
G001,G046,-1.4787441e-05,-1
G006,G032,-1.4888726e-05,-1
G084,G072,-1.48915005e-05,-1
G079,G084,-1.49249845e-05,-1
G054,G084,-1.5158192e-05,-1
G100,G019,-1.52368475e-05,-1
G037,G071,-1.5240442e-05,-1
G094,G096,-1.5352964e-05,-1
G005,G097,-1.5432028e-05,-1
G076,G034,-1.5439051e-05,-1
G082,G002,-1.5440788e-05,-1
G070,G035,-1.5560378e-05,-1
G076,G035,-1.570142e-05,-1
G002,G042,-1.5773745e-05,-1
G080,G046,-1.595e-05,-1
G001,G064,-1.5960532e-05,-1
G050,G004,-1.6045129e-05,-1
G093,G088,-1.6305123e-05,-1
G009,G071,-1.6492208e-05,-1
G097,G010,-1.6534992e-05,-1
G089,G095,-1.689213e-05,-1
G051,G099,-1.7130222e-05,-1
G094,G032,-1.8161049e-05,-1
G085,G014,-1.8200592e-05,-1
G046,G048,-1.844839e-05,-1
G079,G093,-1.9182264e-05,-1
G004,G031,-1.9424373e-05,-1
G041,G009,-1.9590609e-05,-1
G056,G015,-1.9638994e-05,-1
G071,G022,-1.9934614e-05,-1
G081,G082,-2.0203715e-05,-1
G052,G071,-2.027498e-05,-1
G068,G038,-2.0289977e-05,-1
G093,G063,-2.0417472e-05,-1
G090,G083,-2.0955973e-05,-1
G033,G073,-2.1011476e-05,-1
G095,G042,-2.1210111e-05,-1
G067,G052,-2.1298021e-05,-1
G017,G063,-2.1399861e-05,-1
G081,G089,-2.1406724e-05,-1
G080,G100,-2.1436315e-05,-1
G067,G010,-2.1632794e-05,-1
G016,G031,-2.2085083e-05,-1
G011,G099,-2.2187109e-05,-1
G049,G066,-2.2332673e-05,-1
G085,G039,-2.2486607e-05,-1
G024,G066,-2.2957074e-05,-1
G033,G010,-2.3867564e-05,-1
G059,G075,-2.3904679e-05,-1
G074,G007,-2.433959e-05,-1
G057,G073,-2.4490764e-05,-1
G084,G023,-2.4551855e-05,-1
G083,G011,-2.4740859e-05,-1
G021,G057,-2.488395e-05,-1
G044,G073,-2.5085008e-05,-1
G063,G057,-2.5700945e-05,-1
G002,G076,-2.6457274e-05,-1
G049,G096,-2.646483e-05,-1
G043,G019,-2.6658456e-05,-1
G035,G082,-2.6760214e-05,-1
G038,G077,-2.6801034e-05,-1
G071,G038,-2.68776e-05,-1
G033,G017,-2.6920257e-05,-1
G051,G100,-2.7051232e-05,-1
G018,G081,-2.7105913e-05,-1
G012,G039,-2.7193253e-05,-1
G096,G022,-2.7230592e-05,-1
G091,G028,-2.7270149e-05,-1
G011,G047,-2.743756e-05,-1
G087,G053,-2.7538894e-05,-1
G059,G032,-2.7634424e-05,-1
G024,G039,-2.7816674e-05,-1
G068,G073,-2.804811e-05,-1
G051,G037,-2.8172986e-05,-1
G038,G031,-2.855126e-05,-1
G037,G098,-2.8815133e-05,-1
G080,G089,-2.8953313e-05,-1
G065,G031,-2.9075258e-05,-1
G080,G086,-2.9461584e-05,-1
G008,G064,-2.9514928e-05,-1
G038,G090,-2.9542796e-05,-1
G088,G044,-2.9733807e-05,-1
G032,G016,-2.9756651e-05,-1
G069,G062,-3.0039953e-05,-1
G047,G031,-3.0110003e-05,-1
G081,G027,-3.0271014e-05,-1
G024,G076,-3.0668154e-05,-1
G080,G061,-3.0746098e-05,-1
G074,G068,-3.080753e-05,-1
G085,G082,-3.091299e-05,-1
G015,G081,-3.0959647e-05,-1
G099,G001,-3.1063126e-05,-1
G099,G067,-3.119324e-05,-1
G091,G059,-3.1473097e-05,-1
G077,G099,-3.1517866e-05,-1
G094,G040,-3.1569853e-05,-1
G083,G080,-3.1755168e-05,-1
G012,G042,-3.179115e-05,-1
G100,G055,-3.1842785e-05,-1
G059,G027,-3.1945696e-05,-1
G075,G049,-3.1993844e-05,-1
G007,G085,-3.2195352e-05,-1
G081,G017,-3.229609e-05,-1
G058,G083,-3.2429773e-05,-1
G024,G047,-3.3059616e-05,-1
G090,G085,-3.466894e-05,-1
G035,G063,-3.4870383e-05,-1
G097,G036,-3.4959456e-05,-1
G074,G058,-3.536019e-05,-1
G051,G024,-3.5735007e-05,-1
G064,G027,-3.5883197e-05,-1
G015,G041,-3.597803e-05,-1
G037,G050,-3.599552e-05,-1
G097,G090,-3.6177196e-05,-1
G008,G032,-3.63526e-05,-1
G083,G042,-3.6570058e-05,-1
G061,G090,-3.689489e-05,-1
G096,G080,-3.7001784e-05,-1
G038,G092,-3.7065896e-05,-1
G049,G017,-3.7168622e-05,-1
G047,G054,-3.7197133e-05,-1
G093,G034,-3.724363e-05,-1
G047,G063,-3.7944923e-05,-1
G060,G098,-3.7989197e-05,-1
G023,G013,-3.820455e-05,-1
G030,G002,-3.875752e-05,-1
G033,G087,-3.902712e-05,-1
G044,G017,-3.9277395e-05,-1
G070,G094,-3.9450977e-05,-1
G039,G089,-3.958898e-05,-1
G083,G039,-3.969082e-05,-1
G057,G007,-3.9832794e-05,-1
G058,G096,-3.9952076e-05,-1
G041,G061,-4.011663e-05,-1
G026,G009,-4.0323408e-05,-1
G003,G036,-4.0851945e-05,-1
G048,G025,-4.0923704e-05,-1
G080,G051,-4.103337e-05,-1
G013,G038,-4.1355914e-05,-1
G078,G065,-4.1778047e-05,-1
G069,G027,-4.207206e-05,-1
G070,G016,-4.2220785e-05,-1
G014,G005,-4.231214e-05,-1
G060,G028,-4.248887e-05,-1
G011,G049,-4.2520904e-05,-1
G086,G045,-4.2842308e-05,-1
G036,G047,-4.3099993e-05,-1
G047,G006,-4.3149797e-05,-1
G057,G050,-4.3192926e-05,-1
G037,G092,-4.3369473e-05,-1
G041,G005,-4.341904e-05,-1
G093,G069,-4.3496133e-05,-1
G028,G081,-4.377369e-05,-1
G041,G095,-4.3788088e-05,-1
G009,G015,-4.3790038e-05,-1
G072,G025,-4.439586e-05,-1
G058,G036,-4.445195e-05,-1
G060,G099,-4.4984812e-05,-1
G079,G029,-4.5510616e-05,-1
G067,G096,-4.5521625e-05,-1
G033,G088,-4.554738e-05,-1
G077,G068,-4.5756664e-05,-1
G057,G016,-4.575936e-05,-1
G092,G051,-4.5787958e-05,-1
G031,G047,-4.5820118e-05,-1
G013,G082,-4.5966684e-05,-1
G071,G081,-4.596811e-05,-1
G008,G096,-4.6256722e-05,-1
G067,G068,-4.6525813e-05,-1
G071,G021,-4.6639572e-05,-1
G004,G081,-4.667747e-05,-1
G013,G016,-4.6687623e-05,-1
G093,G074,-4.7272777e-05,-1
G024,G060,-4.7300397e-05,-1
G084,G019,-4.7590656e-05,-1
G062,G072,-4.7683978e-05,-1
G073,G042,-4.8000562e-05,-1
G077,G036,-4.8151323e-05,-1
G085,G093,-4.8342106e-05,-1
G094,G004,-4.8380763e-05,-1
G091,G004,-4.9359172e-05,-1
G077,G003,-4.9362185e-05,-1
G030,G061,-4.943978e-05,-1
G005,G069,-4.9580158e-05,-1
G049,G088,-4.9853596e-05,-1
G018,G023,-4.994598e-05,-1
G002,G018,-4.9949904e-05,-1
G095,G036,-5.0057868e-05,-1
G058,G100,-5.0077902e-05,-1
G032,G092,-5.0450075e-05,-1
G081,G025,-5.061439e-05,-1
G006,G004,-5.1229254e-05,-1
G050,G010,-5.1259627e-05,-1
G020,G049,-5.126937e-05,-1
G052,G023,-5.1619267e-05,-1
G037,G047,-5.1726634e-05,-1
G068,G056,-5.182481e-05,-1
G015,G049,-5.1854884e-05,-1
G046,G002,-5.220789e-05,-1
G090,G054,-5.2337087e-05,-1
G050,G073,-5.2431977e-05,-1
G013,G045,-5.2547915e-05,-1
G096,G002,-5.2555984e-05,-1
G094,G048,-5.2641182e-05,-1
G039,G002,-5.26669e-05,-1
G022,G071,-5.2710704e-05,-1
G078,G010,-5.28555e-05,-1
G073,G074,-5.3059168e-05,-1
G098,G095,-5.30894e-05,-1
G010,G076,-5.3162992e-05,-1
G073,G035,-5.3411062e-05,-1
G100,G043,-5.3579708e-05,-1
G038,G065,-5.371568e-05,-1
G026,G081,-5.3875538e-05,-1
G081,G042,-5.397176e-05,-1
G056,G016,-5.4075736e-05,-1
G084,G048,-5.4156626e-05,-1
G079,G062,-5.437112e-05,-1
G047,G037,-5.4392207e-05,-1
G057,G046,-5.493065e-05,-1
G080,G039,-5.498168e-05,-1
G051,G004,-5.5216304e-05,-1
G031,G089,-5.5386306e-05,-1
G079,G040,-5.542317e-05,-1
G059,G040,-5.5461624e-05,-1
G065,G047,-5.5767134e-05,-1
G018,G031,-5.587168e-05,-1
G087,G040,-5.617738e-05,-1
G001,G095,-5.649221e-05,-1
G070,G081,-5.693061e-05,-1
G089,G085,-5.7217385e-05,-1
G023,G042,-5.733423e-05,-1
G081,G018,-5.748972e-05,-1
G012,G077,-5.760434e-05,-1
G088,G063,-5.7911413e-05,-1
G041,G058,-5.797476e-05,-1
G053,G029,-5.8196536e-05,-1
G083,G068,-5.8614583e-05,-1
G076,G091,-5.8968457e-05,-1
G091,G005,-5.8993886e-05,-1
G095,G098,-5.916575e-05,-1
G077,G043,-5.9660408e-05,-1
G022,G091,-5.99192e-05,-1
G081,G058,-5.9963266e-05,-1
G021,G013,-6.0117152e-05,-1
G049,G098,-6.0502924e-05,-1
G091,G065,-6.068207e-05,-1
G002,G057,-6.071103e-05,-1
G053,G091,-6.1460996e-05,-1
G001,G014,-6.153096e-05,-1
G041,G033,-6.1712766e-05,-1
G065,G018,-6.204418e-05,-1
G011,G067,-6.209415e-05,-1
G012,G018,-6.211076e-05,-1
G012,G079,-6.2531035e-05,-1
G080,G014,-6.267497e-05,-1
G090,G026,-6.277974e-05,-1
G058,G007,-6.302209e-05,-1
G014,G056,-6.314813e-05,-1
G040,G043,-6.332768e-05,-1
G010,G070,-6.337827e-05,-1
G018,G006,-6.3408814e-05,-1
G077,G071,-6.357424e-05,-1
G044,G086,-6.360358e-05,-1
G036,G012,-6.363862e-05,-1
G027,G003,-6.370666e-05,-1
G088,G052,-6.3943626e-05,-1
G060,G005,-6.421441e-05,-1
G029,G050,-6.460131e-05,-1
G003,G046,-6.611432e-05,-1
G017,G012,-6.616244e-05,-1
G047,G091,-6.702203e-05,-1
G057,G031,-6.770742e-05,-1
G084,G089,-6.795892e-05,-1
G046,G076,-6.80939e-05,-1
G086,G019,-6.810623e-05,-1
G034,G086,-6.8270165e-05,-1
G048,G045,-6.847412e-05,-1
G096,G043,-6.854823e-05,-1
G046,G019,-6.895364e-05,-1
G024,G085,-6.899358e-05,-1
G071,G047,-6.921046e-05,-1
G099,G063,-6.922961e-05,-1
G055,G051,-6.9560025e-05,-1
G018,G099,-6.972215e-05,-1
G009,G008,-7.037145e-05,-1
G031,G051,-7.039217e-05,-1
G045,G084,-7.082851e-05,-1
G083,G079,-7.15853e-05,-1
G074,G030,-7.166405e-05,-1
G014,G071,-7.175344e-05,-1
G040,G012,-7.1972645e-05,-1
G020,G040,-7.218533e-05,-1
G076,G099,-7.229307e-05,-1
G076,G028,-7.246502e-05,-1
G084,G054,-7.264575e-05,-1
G055,G050,-7.27598e-05,-1
G047,G083,-7.300217e-05,-1
G078,G009,-7.308611e-05,-1
G061,G030,-7.3263844e-05,-1
G001,G086,-7.333328e-05,-1
G086,G046,-7.364289e-05,-1
G045,G011,-7.364962e-05,-1
G095,G063,-7.3706535e-05,-1
G078,G063,-7.388744e-05,-1
G044,G087,-7.411288e-05,-1
G022,G002,-7.4414645e-05,-1
G064,G098,-7.5091964e-05,-1
G004,G048,-7.514543e-05,-1
G022,G086,-7.575059e-05,-1
G026,G001,-7.603587e-05,-1
G041,G093,-7.62419e-05,-1
G063,G077,-7.632478e-05,-1
G015,G001,-7.6353426e-05,-1
G002,G080,-7.646584e-05,-1
G006,G017,-7.654119e-05,-1
G001,G045,-7.674908e-05,-1
G058,G038,-7.679637e-05,-1
G079,G010,-7.6806624e-05,-1
G085,G021,-7.714539e-05,-1
G083,G041,-7.716522e-05,-1
G016,G058,-7.732957e-05,-1
G037,G063,-7.7740966e-05,-1
G049,G043,-7.782916e-05,-1
G099,G012,-7.785923e-05,-1
G085,G032,-7.7893885e-05,-1
G026,G065,-7.8029894e-05,-1
G097,G002,-7.805027e-05,-1
G001,G087,-7.805739e-05,-1
G010,G079,-7.807481e-05,-1
G017,G036,-7.8479134e-05,-1
G045,G021,-7.8593446e-05,-1
G083,G077,-7.860513e-05,-1
G100,G080,-7.8779034e-05,-1
G057,G081,-7.907822e-05,-1
G028,G004,-8.007789e-05,-1
G020,G083,-8.072898e-05,-1
G066,G072,-8.09114e-05,-1
G044,G090,-8.1019876e-05,-1
G086,G094,-8.121281e-05,-1
G032,G023,-8.159276e-05,-1
G089,G031,-8.1905906e-05,-1
G066,G012,-8.198514e-05,-1
G058,G045,-8.275828e-05,-1
G028,G082,-8.279474e-05,-1
G066,G045,-8.284795e-05,-1
G077,G024,-8.288181e-05,-1
G035,G014,-8.2887775e-05,-1
G063,G097,-8.3100276e-05,-1
G056,G082,-8.315341e-05,-1
G044,G014,-8.355562e-05,-1
G015,G026,-8.365158e-05,-1
G043,G077,-8.377391e-05,-1
G027,G024,-8.388753e-05,-1
G098,G034,-8.403363e-05,-1
G018,G005,-8.460723e-05,-1
G070,G052,-8.468691e-05,-1
G082,G065,-8.492921e-05,-1
G074,G045,-8.525214e-05,-1
G041,G039,-8.525679e-05,-1
G019,G017,-8.549121e-05,-1
G091,G045,-8.5655025e-05,-1
G091,G060,-8.579857e-05,-1
G074,G063,-8.7816756e-05,-1
G095,G031,-8.79666e-05,-1
G061,G066,-8.796687e-05,-1
G070,G041,-8.798925e-05,-1
G060,G095,-8.8043606e-05,-1
G058,G071,-8.833748e-05,-1
G099,G005,-8.8541216e-05,-1
G002,G023,-8.858684e-05,-1
G099,G040,-8.893877e-05,-1
G019,G010,-8.907963e-05,-1
G012,G048,-8.940234e-05,-1
G099,G024,-8.9982495e-05,-1
G075,G018,-9.019209e-05,-1
G015,G082,-9.0348636e-05,-1
G005,G009,-9.054783e-05,-1
G054,G069,-9.071036e-05,-1
G070,G093,-9.071088e-05,-1
G011,G037,-9.1067e-05,-1
G070,G047,-9.1095004e-05,-1
G027,G001,-9.111744e-05,-1
G029,G070,-9.119388e-05,-1
G084,G083,-9.131364e-05,-1
G012,G100,-9.156449e-05,-1
G017,G058,-9.1565125e-05,-1
G094,G097,-9.165077e-05,-1
G028,G044,-9.1801056e-05,-1
G018,G056,-9.27891e-05,-1
G010,G029,-9.2863884e-05,-1
G014,G024,-9.294523e-05,-1
G025,G026,-9.323211e-05,-1
G091,G097,-9.327006e-05,-1
G080,G011,-9.3281735e-05,-1
G030,G034,-9.346814e-05,-1
G008,G061,-9.3862975e-05,-1
G071,G060,-9.395603e-05,-1
G082,G016,-9.3960705e-05,-1
G068,G086,-9.418298e-05,-1
G001,G092,-9.471633e-05,-1
G037,G005,-9.476656e-05,-1
G070,G024,-9.500984e-05,-1
G055,G038,-9.547906e-05,-1
G005,G018,-9.5823976e-05,-1
G022,G083,-9.608535e-05,-1
G079,G088,-9.628792e-05,-1
G077,G038,-9.6920594e-05,-1
G059,G031,-9.6939286e-05,-1
G010,G050,-9.72734e-05,-1
G019,G067,-9.734106e-05,-1
G045,G069,-9.7392636e-05,-1
G028,G046,-9.7395256e-05,-1
G012,G063,-9.759955e-05,-1
G082,G017,-9.762011e-05,-1
G084,G096,-9.7847165e-05,-1
G061,G078,-9.790883e-05,-1
G087,G045,-9.81783e-05,-1
G026,G022,-9.906179e-05,-1
G064,G041,-9.925843e-05,-1
G052,G030,-9.9417826e-05,-1
G020,G035,-9.9468e-05,-1
G076,G069,-9.979559e-05,-1
G027,G034,-0.00010018796,-1
G031,G001,-0.00010025983,-1
G056,G089,-0.00010069546,-1
G042,G090,-0.00010150805,-1
G084,G032,-0.00010156675,-1
G052,G076,-0.00010173469,-1
G066,G059,-0.00010245761,-1
G060,G058,-0.00010262528,-1
G033,G045,-0.00010289025,-1
G050,G047,-0.00010334083,-1
G055,G043,-0.000103382554,-1
G081,G056,-0.00010367187,-1
G076,G068,-0.000104171064,-1
G017,G004,-0.00010418184,-1
G075,G092,-0.00010427085,-1
G007,G025,-0.00010437975,-1
G100,G022,-0.00010446186,-1
G019,G045,-0.00010457655,-1
G035,G099,-0.000104617524,-1
G018,G067,-0.000104782506,-1
G085,G043,-0.00010483451,-1
G042,G007,-0.00010489902,-1
G042,G086,-0.00010506451,-1
G033,G098,-0.000105515115,-1
G090,G006,-0.000105585306,-1
G011,G060,-0.00010608408,-1
G020,G038,-0.00010611988,-1
G073,G087,-0.00010618011,-1
G057,G066,-0.00010635055,-1
G016,G034,-0.00010651747,-1
G078,G039,-0.000106626605,-1
G036,G064,-0.00010816126,-1
G092,G072,-0.00010830229,-1
G015,G096,-0.00010846073,-1
G007,G058,-0.00010883507,-1
G093,G030,-0.000109399654,-1
G003,G038,-0.00011060293,-1
G060,G049,-0.00011073755,-1
G004,G062,-0.00011078156,-1
G084,G086,-0.0001109055,-1
G058,G074,-0.00011155067,-1
G044,G051,-0.00011193602,-1
G006,G086,-0.00011198297,-1
G085,G062,-0.000112696325,-1
G078,G035,-0.00011303669,-1
G026,G018,-0.0001131475,-1
G063,G032,-0.00011335158,-1
G006,G098,-0.00011338459,-1
G038,G047,-0.00011356698,-1
G023,G096,-0.00011364144,-1
G034,G044,-0.00011437504,-1
G052,G025,-0.00011451526,-1
G001,G041,-0.00011462389,-1
G095,G003,-0.00011483716,-1
G032,G096,-0.000115033356,-1
G048,G009,-0.00011521978,-1
G039,G040,-0.000115259674,-1
G061,G019,-0.000115282535,-1
G054,G007,-0.00011534937,-1
G038,G072,-0.00011540263,-1
G001,G077,-0.00011641593,-1
G024,G048,-0.000116684314,-1
G064,G047,-0.000117016905,-1
G027,G053,-0.00011728236,-1
G081,G045,-0.00011740388,-1
G096,G057,-0.00011765243,-1
G057,G041,-0.00011884976,-1
G078,G046,-0.000118908545,-1
G063,G074,-0.000118951066,-1
G069,G057,-0.000119049866,-1
G052,G035,-0.00011917274,-1
G076,G056,-0.00011991098,-1
G058,G094,-0.00012022613,-1
G086,G067,-0.000120242235,-1
G042,G021,-0.00012106023,-1
G086,G056,-0.00012109426,-1
G059,G066,-0.00012110228,-1
G061,G001,-0.00012126246,-1
G006,G078,-0.000121345154,-1
G026,G079,-0.00012139057,-1
G038,G012,-0.00012209908,-1
G006,G077,-0.00012217484,-1
G096,G093,-0.0001226086,-1
G012,G090,-0.00012280114,-1
G045,G080,-0.00012372373,-1
G032,G091,-0.00012395429,-1
G069,G039,-0.00012404851,-1
G077,G021,-0.00012425563,-1
G071,G009,-0.00012441736,-1
G006,G076,-0.00012446099,-1
G002,G004,-0.00012472084,-1
G092,G024,-0.00012499152,-1
G049,G040,-0.00012506651,-1
G009,G086,-0.0001250981,-1
G074,G055,-0.00012518397,-1
G038,G023,-0.00012531523,-1
G093,G037,-0.00012555346,-1
G021,G049,-0.00012585393,-1
G018,G079,-0.00012597752,-1
G082,G086,-0.0001265934,-1
G032,G080,-0.00012675142,-1
G005,G047,-0.00012718653,-1
G061,G071,-0.00012758946,-1
G023,G063,-0.00012807468,-1
G019,G011,-0.00012842557,-1
G037,G093,-0.00012843573,-1
G067,G015,-0.00012923489,-1
G093,G051,-0.00013021512,-1
G040,G100,-0.00013048791,-1
G097,G086,-0.00013051572,-1
G086,G001,-0.00013060865,-1
G018,G014,-0.00013066352,-1
G024,G063,-0.00013158066,-1
G006,G030,-0.00013190275,-1
G091,G025,-0.00013191905,-1
G035,G021,-0.00013193408,-1
G023,G025,-0.00013215025,-1
G032,G090,-0.00013216131,-1
G001,G093,-0.00013255325,-1
G089,G004,-0.00013256616,-1
G039,G015,-0.00013256878,-1
G026,G006,-0.00013289234,-1
G051,G027,-0.00013318592,-1
G065,G056,-0.00013395512,-1
G052,G098,-0.00013430229,-1
G071,G018,-0.00013444317,-1
G070,G044,-0.000134841,-1
G072,G018,-0.00013559166,-1
G066,G047,-0.00013619104,-1
G061,G096,-0.00013625254,-1
G012,G099,-0.00013683598,-1
G013,G023,-0.00013694898,-1
G065,G057,-0.00013699393,-1
G042,G098,-0.00013715812,-1
G024,G086,-0.00013717679,-1
G058,G099,-0.00013720771,-1
G072,G085,-0.00013724211,-1
G045,G039,-0.00013749486,-1
G086,G023,-0.00013768439,-1
G047,G097,-0.00013811131,-1
G005,G001,-0.00013847664,-1
G026,G043,-0.00013904327,-1
G057,G011,-0.000139273,-1
G073,G045,-0.00013951602,-1
G024,G025,-0.0001396598,-1
G061,G084,-0.00013983426,-1
G057,G018,-0.00013985361,-1
G016,G077,-0.00013986163,-1
G005,G071,-0.00014053004,-1
G054,G077,-0.00014056342,-1
G046,G073,-0.00014082793,-1
G022,G072,-0.00014115582,-1
G047,G082,-0.00014118299,-1
G015,G010,-0.00014131312,-1
G071,G072,-0.00014154756,-1
G058,G069,-0.00014177339,-1
G009,G052,-0.00014251556,-1
G065,G002,-0.00014259078,-1
G008,G025,-0.00014342375,-1
G096,G003,-0.0001435089,-1
G036,G088,-0.0001440959,-1
G014,G081,-0.00014423767,-1
G002,G074,-0.00014459457,-1
G060,G051,-0.00014465231,-1
G092,G046,-0.00014514096,-1
G028,G093,-0.00014520084,-1
G008,G038,-0.000145268,-1
G092,G038,-0.00014535377,-1
G061,G012,-0.00014536611,-1
G065,G066,-0.00014556233,-1
G027,G062,-0.00014579394,-1
G089,G022,-0.0001460029,-1
G021,G028,-0.00014614066,-1
G087,G061,-0.00014709048,-1
G024,G089,-0.00014741301,-1
G080,G030,-0.0001474517,-1
G027,G092,-0.00014746498,-1
G043,G095,-0.00014749743,-1
G057,G022,-0.00014767119,-1
G067,G040,-0.00014797247,-1
G030,G082,-0.00014817504,-1
G061,G003,-0.00014818987,-1
G011,G087,-0.00014898225,-1
G088,G087,-0.00014943423,-1
G041,G098,-0.00014944843,-1
G079,G037,-0.00014961678,-1
G072,G077,-0.0001497167,-1
G061,G094,-0.00014976703,-1
G091,G046,-0.00014995117,-1
G001,G025,-0.00015009928,-1
G036,G068,-0.00015014566,-1
G035,G085,-0.00015019428,-1
G066,G039,-0.00015038472,-1
G010,G022,-0.0001506029,-1
G089,G027,-0.00015072699,-1
G044,G016,-0.00015073187,-1
G046,G059,-0.00015117269,-1
G086,G076,-0.0001512881,-1
G046,G043,-0.00015177713,-1
G098,G072,-0.00015223524,-1
G084,G078,-0.00015245313,-1
G020,G090,-0.00015361833,-1
G073,G072,-0.00015372345,-1
G038,G019,-0.00015424794,-1
G029,G082,-0.00015433645,-1
G099,G071,-0.0001543734,-1
G026,G011,-0.00015476679,-1
G099,G100,-0.00015519212,-1
G018,G077,-0.00015543707,-1
G011,G061,-0.00015621712,-1
G098,G024,-0.00015683396,-1
G090,G027,-0.00015709508,-1
G091,G087,-0.00015738931,-1
G049,G050,-0.00015842913,-1
G010,G043,-0.0001587532,-1
G045,G041,-0.00015954103,-1
G015,G091,-0.00015965485,-1
G033,G031,-0.0001596658,-1
G039,G084,-0.0001603351,-1
G012,G089,-0.00016058228,-1
G010,G067,-0.00016064018,-1
G089,G014,-0.00016065557,-1
G040,G007,-0.0001608891,-1
G030,G014,-0.00016129414,-1
G041,G084,-0.00016129961,-1
G044,G027,-0.00016191893,-1
G054,G049,-0.00016220001,-1
G034,G053,-0.0001623154,-1
G059,G089,-0.00016236378,-1
G022,G088,-0.00016246643,-1
G029,G042,-0.00016250694,-1
G036,G006,-0.00016275137,-1
G083,G049,-0.00016286178,-1
G025,G060,-0.0001639695,-1
G091,G002,-0.00016408399,-1
G077,G098,-0.00016419288,-1
G022,G061,-0.00016450093,-1
G045,G043,-0.00016580617,-1
G003,G016,-0.00016597037,-1
G009,G065,-0.00016620541,-1
G055,G039,-0.00016698804,-1
G091,G062,-0.00016748044,-1
G099,G094,-0.0001677962,-1
G046,G038,-0.00016844604,-1
G072,G082,-0.00016849654,-1
G053,G075,-0.00016861994,-1
G042,G095,-0.00016866678,-1
G009,G003,-0.0001689101,-1
G089,G007,-0.00016903295,-1
G098,G006,-0.000169705,-1
G087,G076,-0.00017008456,-1
G072,G086,-0.00017010423,-1
G007,G073,-0.00017057407,-1
G032,G061,-0.00017090718,-1
G044,G033,-0.00017098986,-1
G049,G052,-0.00017132825,-1
G066,G077,-0.00017170633,-1
G035,G004,-0.00017225448,-1
G009,G082,-0.00017232238,-1
G085,G070,-0.00017234049,-1
G025,G067,-0.00017293051,-1
G079,G077,-0.00017365288,-1
G021,G029,-0.00017445155,-1
G086,G066,-0.00017460424,-1
G062,G078,-0.00017586675,-1
G069,G093,-0.00017707897,-1
G028,G094,-0.00017733854,-1
G098,G044,-0.00017762107,-1
G078,G025,-0.00017773567,-1
G050,G020,-0.00017780479,-1
G044,G058,-0.00017815469,-1
G034,G083,-0.00017825498,-1
G056,G043,-0.0001783115,-1
G059,G065,-0.00017856222,-1
G005,G035,-0.00017885174,-1
G087,G072,-0.00017904387,-1
G088,G099,-0.0001792,-1
G049,G023,-0.00017995409,-1
G015,G086,-0.00018001132,-1
G017,G041,-0.00018035226,-1
G011,G015,-0.00018291746,-1
G038,G074,-0.00018306551,-1
G090,G052,-0.0001837037,-1
G090,G007,-0.00018370974,-1
G084,G051,-0.00018379213,-1
G057,G079,-0.00018389868,-1
G050,G026,-0.0001845487,-1
G073,G018,-0.0001847047,-1
G093,G019,-0.00018540032,-1
G079,G085,-0.00018564994,-1
G070,G046,-0.00018593326,-1
G068,G080,-0.00018598045,-1
G026,G066,-0.00018607521,-1
G024,G026,-0.000186198,-1
G057,G056,-0.00018697175,-1
G019,G094,-0.00018737283,-1
G092,G093,-0.00018752112,-1
G044,G099,-0.00018784049,-1
G012,G023,-0.00018845979,-1
G084,G097,-0.00018861875,-1
G058,G019,-0.00018933741,-1
G068,G003,-0.00018943356,-1
G020,G027,-0.00018964191,-1
G011,G046,-0.0001905618,-1
G012,G017,-0.00019119956,-1
G044,G004,-0.00019121448,-1
G014,G067,-0.00019176256,-1
G068,G042,-0.00019216504,-1
G047,G088,-0.00019230298,-1
G016,G028,-0.00019305614,-1
G040,G014,-0.00019314318,-1
G089,G003,-0.00019404858,-1
G015,G056,-0.00019439487,-1
G066,G080,-0.00019463238,-1
G056,G031,-0.00019611431,-1
G048,G078,-0.00019678644,-1
G062,G011,-0.00019709313,-1
G047,G056,-0.00019726685,-1
G030,G052,-0.00019815905,-1
G079,G027,-0.00019836589,-1
G049,G033,-0.00019838334,-1
G065,G028,-0.0001985637,-1
G085,G099,-0.00019952377,-1
G072,G076,-0.00020048696,-1
G067,G075,-0.00020078785,-1
G020,G006,-0.0002026033,-1
G078,G087,-0.00020302326,-1
G010,G046,-0.00020324242,-1
G006,G066,-0.00020325513,-1
G048,G073,-0.00020347844,-1
G045,G007,-0.00020354397,-1
G097,G015,-0.00020361991,-1
G067,G036,-0.00020452001,-1
G076,G004,-0.00020471773,-1
G052,G070,-0.00020612741,-1
G094,G018,-0.00020723198,-1
G038,G036,-0.00020808115,-1
G091,G070,-0.0002081458,-1
G055,G018,-0.00020881016,-1
G046,G074,-0.00020917441,-1
G062,G008,-0.00020963201,-1
G061,G035,-0.0002098323,-1
G032,G013,-0.00021002181,-1
G055,G026,-0.00021144233,-1
G096,G038,-0.0002116801,-1
G028,G076,-0.00021179863,-1
G037,G055,-0.0002121276,-1
G075,G043,-0.00021242462,-1
G082,G055,-0.00021305543,-1
G018,G085,-0.0002133668,-1
G009,G043,-0.0002141479,-1
G020,G047,-0.0002144828,-1
G010,G080,-0.00021472831,-1
G062,G039,-0.00021503847,-1
G055,G047,-0.00021537574,-1
G032,G021,-0.00021571436,-1
G007,G077,-0.00021590361,-1
G014,G038,-0.00021629268,-1
G001,G075,-0.0002169706,-1
G086,G080,-0.00021701358,-1
G072,G001,-0.00021733911,-1
G090,G074,-0.00021747054,-1
G009,G089,-0.00021964994,-1
G067,G072,-0.00022002433,-1
G065,G059,-0.0002202572,-1
G072,G073,-0.00022035836,-1
G062,G010,-0.00022062213,-1
G050,G029,-0.00022090884,-1
G006,G094,-0.00022100363,-1
G071,G028,-0.00022120864,-1
G025,G040,-0.00022129326,-1
G037,G100,-0.0002217415,-1
G013,G059,-0.0002219057,-1
G082,G036,-0.00022217906,-1
G075,G090,-0.00022260773,-1
G050,G031,-0.00022298671,-1
G057,G072,-0.00022371179,-1
G002,G011,-0.00022441322,-1
G082,G091,-0.00022448794,-1
G019,G041,-0.00022462,-1
G066,G038,-0.0002246397,-1
G068,G025,-0.00022481823,-1
G006,G072,-0.00022484448,-1
G034,G094,-0.00022519253,-1
G099,G076,-0.00022587432,-1
G050,G063,-0.00022601736,-1
G074,G003,-0.0002269376,-1
G098,G031,-0.00022813311,-1
G054,G097,-0.00022821833,-1
G057,G063,-0.00022876468,-1
G008,G015,-0.00023031609,-1
G049,G083,-0.0002306196,-1
G037,G058,-0.00023062414,-1
G099,G057,-0.00023077345,-1
G026,G005,-0.00023186715,-1
G078,G054,-0.00023217611,-1
G031,G084,-0.00023255606,-1
G066,G054,-0.00023263975,-1
G097,G080,-0.00023272703,-1
G044,G036,-0.00023306365,-1
G042,G059,-0.00023406283,-1
G007,G021,-0.00023422057,-1
G069,G090,-0.00023469297,-1
G024,G067,-0.00023469748,-1
G077,G034,-0.000235165,-1
G031,G021,-0.00023582032,-1
G012,G041,-0.00023636568,-1
G054,G024,-0.00023662446,-1
G011,G026,-0.0002383057,-1
G002,G100,-0.00023882746,-1
G066,G083,-0.00023893887,-1
G072,G071,-0.00023966814,-1
G045,G061,-0.00024000161,-1
G053,G035,-0.00024003052,-1
G045,G085,-0.00024011296,-1
G030,G091,-0.0002401264,-1
G042,G041,-0.00024033469,-1
G075,G099,-0.00024083271,-1
G028,G084,-0.0002409592,-1
G084,G027,-0.00024219995,-1
G011,G043,-0.00024223998,-1
G074,G018,-0.00024275118,-1
G037,G030,-0.00024280907,-1
G066,G082,-0.00024367985,-1
G088,G098,-0.00024368979,-1
G004,G050,-0.00024370436,-1
G028,G009,-0.00024370913,-1
G090,G001,-0.00024396846,-1
G050,G015,-0.0002443383,-1
G020,G092,-0.0002446492,-1
G051,G043,-0.00024475716,-1
G011,G084,-0.00024509308,-1
G035,G045,-0.00024515437,-1
G061,G005,-0.00024581634,-1
G015,G077,-0.00024591823,-1
G059,G039,-0.0002459234,-1
G098,G014,-0.00024649047,-1
G062,G001,-0.00024669422,-1
G098,G056,-0.0002468417,-1
G051,G042,-0.00024710063,-1
G050,G039,-0.0002489142,-1
G090,G071,-0.00024896735,-1
G020,G012,-0.00024980438,-1
G045,G019,-0.00025005013,-1
G031,G095,-0.00025010027,-1
G099,G042,-0.00025080168,-1
G015,G032,-0.00025088567,-1
G089,G018,-0.0002510893,-1
G015,G030,-0.0002514074,-1
G087,G049,-0.00025206638,-1
G028,G063,-0.00025265486,-1
G092,G077,-0.00025314654,-1
G041,G092,-0.0002542263,-1
G038,G004,-0.00025425738,-1
G082,G070,-0.00025438744,-1
G047,G084,-0.00025439082,-1
G034,G038,-0.000254866,-1
G060,G034,-0.0002552963,-1
G014,G028,-0.0002559736,-1
G026,G037,-0.00025697274,-1
G050,G051,-0.0002569998,-1
G062,G091,-0.00025750897,-1
G015,G100,-0.0002586047,-1
G081,G021,-0.00025875604,-1
G083,G002,-0.00025888125,-1
G011,G088,-0.0002600824,-1
G093,G048,-0.00026024555,-1
G036,G072,-0.0002604034,-1
G098,G017,-0.0002604756,-1
G004,G071,-0.00026108455,-1
G021,G025,-0.0002614283,-1
G098,G074,-0.00026145802,-1
G091,G030,-0.00026181756,-1
G082,G025,-0.00026188797,-1
G073,G089,-0.0002621816,-1
G032,G012,-0.00026220808,-1
G080,G093,-0.00026263946,-1
G030,G033,-0.00026320448,-1
G082,G023,-0.00026328315,-1
G007,G083,-0.00026329918,-1
G015,G002,-0.0002636859,-1
G055,G080,-0.0002638431,-1
G071,G051,-0.00026419532,-1
G086,G021,-0.00026512556,-1
G091,G095,-0.00026673902,-1
G042,G057,-0.00026693926,-1
G035,G007,-0.00026695893,-1
G077,G002,-0.00026700713,-1
G086,G037,-0.00026733187,-1
G039,G046,-0.00026742683,-1
G073,G081,-0.0002681621,-1
G061,G020,-0.00026835746,-1
G007,G082,-0.0002692325,-1
G019,G072,-0.0002696164,-1
G062,G056,-0.0002705319,-1
G054,G070,-0.0002710673,-1
G093,G038,-0.00027111007,-1
G064,G075,-0.00027169753,-1
G001,G054,-0.00027173533,-1
G047,G010,-0.0002720323,-1
G016,G057,-0.0002724115,-1
G013,G006,-0.0002730016,-1
G044,G029,-0.00027303176,-1
G010,G052,-0.00027308706,-1
G040,G081,-0.00027316978,-1
G010,G030,-0.00027349655,-1
G033,G065,-0.00027390386,-1
G032,G085,-0.00027445308,-1
G063,G059,-0.00027527002,-1
G061,G032,-0.00027529403,-1
G022,G042,-0.00027546694,-1
G005,G011,-0.00027578342,-1
G078,G099,-0.00027602466,-1
G060,G009,-0.0002763058,-1
G064,G024,-0.00027686768,-1
G037,G051,-0.00027702082,-1
G025,G097,-0.00027738357,-1
G040,G034,-0.00027787173,-1
G021,G053,-0.00027788707,-1
G071,G005,-0.00027805846,-1
G048,G003,-0.00027869883,-1
G011,G097,-0.00027892712,-1
G076,G062,-0.00027991834,-1
G064,G085,-0.0002806111,-1
G086,G028,-0.00028115363,-1
G085,G056,-0.00028153733,-1
G069,G040,-0.00028188614,-1
G021,G090,-0.00028190992,-1
G081,G099,-0.00028240433,-1
G079,G056,-0.00028244933,-1
G040,G031,-0.0002834352,-1
G068,G034,-0.00028347608,-1
G002,G083,-0.00028501125,-1
G018,G071,-0.00028513654,-1
G094,G051,-0.00028580864,-1
G077,G020,-0.00028641234,-1
G044,G059,-0.00028789844,-1
G059,G005,-0.00028852213,-1
G068,G070,-0.0002889845,-1
G022,G003,-0.0002897898,-1
G060,G057,-0.00028980515,-1
G023,G065,-0.00029000134,-1
G047,G060,-0.0002904469,-1
G030,G051,-0.00029068338,-1
G010,G026,-0.00029123403,-1
G090,G005,-0.00029187798,-1
G082,G073,-0.00029260112,-1
G076,G093,-0.00029402412,-1
G039,G032,-0.0002953601,-1
G073,G039,-0.00029582178,-1
G062,G075,-0.00029614675,-1
G069,G003,-0.0002963402,-1
G032,G088,-0.0002973346,-1
G025,G021,-0.00029745826,-1
G068,G053,-0.00029815137,-1
G001,G048,-0.0002992229,-1
G001,G074,-0.00029948298,-1
G084,G008,-0.0003001877,-1
G022,G023,-0.0003014314,-1
G086,G020,-0.00030289046,-1
G053,G020,-0.00030313406,-1
G045,G096,-0.0003055492,-1
G081,G059,-0.0003059956,-1
G060,G050,-0.0003065474,-1
G048,G051,-0.0003070518,-1
G092,G098,-0.00030748846,-1
G068,G018,-0.00030856885,-1
G055,G093,-0.00030915567,-1
G064,G055,-0.00030994604,-1
G066,G100,-0.00031012142,-1
G075,G093,-0.00031014578,-1
G046,G054,-0.00031039712,-1
G067,G017,-0.0003113083,-1
G069,G099,-0.0003116706,-1
G097,G060,-0.00031169842,-1
G078,G015,-0.00031216248,-1
G091,G018,-0.00031216326,-1
G035,G022,-0.0003126658,-1
G075,G014,-0.00031347526,-1
G025,G088,-0.00031531256,-1
G064,G035,-0.0003157086,-1
G008,G035,-0.00031733228,-1
G027,G023,-0.00031771086,-1
G077,G057,-0.0003178875,-1
G077,G069,-0.00031817475,-1
G048,G044,-0.00031898764,-1
G075,G027,-0.00031937208,-1
G052,G077,-0.00031949786,-1
G099,G017,-0.00031956346,-1
G028,G079,-0.000320103,-1
G020,G089,-0.0003202528,-1
G067,G022,-0.0003208196,-1
G095,G058,-0.0003217522,-1
G081,G074,-0.00032225894,-1
G023,G033,-0.00032319326,-1
G074,G006,-0.0003238571,-1
G076,G074,-0.00032413393,-1
G053,G092,-0.0003249389,-1
G082,G019,-0.00032513603,-1
G038,G076,-0.00032576994,-1
G035,G096,-0.00032658037,-1
G081,G035,-0.0003270489,-1
G092,G099,-0.00032718858,-1
G053,G011,-0.00032747176,-1
G078,G028,-0.00032794225,-1
G009,G011,-0.00032867835,-1
G081,G001,-0.00032954765,-1
G031,G080,-0.000329867,-1
G032,G038,-0.00032990566,-1
G098,G059,-0.00033007315,-1
G087,G077,-0.00033040973,-1
G083,G001,-0.00033079626,-1
G075,G088,-0.0003312284,-1
G058,G030,-0.0003314241,-1
G063,G008,-0.00033236356,-1
G011,G042,-0.00033386276,-1
G032,G029,-0.00033444216,-1
G018,G094,-0.00033474198,-1
G021,G076,-0.00033487388,-1
G045,G086,-0.00033497953,-1
G087,G082,-0.00033636618,-1
G038,G057,-0.00033663222,-1
G080,G025,-0.00033687003,-1
G064,G005,-0.00033746395,-1
G018,G072,-0.000338916,-1
G032,G068,-0.00033913547,-1
G004,G028,-0.00033965506,-1
G029,G052,-0.00034001973,-1
G067,G098,-0.00034058554,-1
G037,G096,-0.00034091037,-1
G032,G072,-0.00034108644,-1
G073,G003,-0.00034115784,-1
G032,G059,-0.00034181948,-1
G059,G080,-0.00034193267,-1
G083,G020,-0.00034410504,-1
G041,G021,-0.0003447319,-1
G078,G017,-0.00034532795,-1
G091,G067,-0.000346143,-1
G029,G038,-0.0003479337,-1
G019,G003,-0.00034896625,-1
G016,G004,-0.00034932658,-1
G069,G018,-0.00035004236,-1
G033,G075,-0.00035071943,-1
G047,G062,-0.0003507785,-1
G063,G006,-0.00035110238,-1
G052,G079,-0.00035146423,-1
G062,G087,-0.0003521655,-1
G071,G078,-0.00035348503,-1
G072,G053,-0.000354477,-1
G066,G073,-0.00035497829,-1
G058,G009,-0.0003558079,-1
G041,G085,-0.00035595734,-1
G017,G099,-0.00035713142,-1
G098,G065,-0.00035767225,-1
G076,G084,-0.00035774545,-1
G079,G100,-0.00035985213,-1
G040,G027,-0.00035998298,-1
G093,G007,-0.00036075278,-1
G054,G096,-0.0003633943,-1
G019,G069,-0.00036384325,-1
G011,G068,-0.00036398144,-1
G029,G093,-0.00036546256,-1
G038,G056,-0.00036584167,-1
G022,G020,-0.00036772652,-1
G073,G029,-0.00036978413,-1
G083,G046,-0.00037012858,-1
G041,G014,-0.00037062226,-1
G034,G090,-0.00037109756,-1
G079,G076,-0.00037114974,-1
G027,G012,-0.00037224987,-1
G037,G065,-0.00037255613,-1
G006,G054,-0.0003741763,-1
G008,G067,-0.0003749073,-1
G016,G069,-0.00037521985,-1
G067,G039,-0.00037565033,-1
G017,G087,-0.0003761527,-1
G099,G025,-0.00037674676,-1
G011,G100,-0.00037788393,-1
G010,G015,-0.00037892748,-1
G087,G064,-0.00037948694,-1
G048,G072,-0.00037970865,-1
G039,G082,-0.0003811635,-1
G061,G007,-0.00038258906,-1
G026,G017,-0.0003828362,-1
G050,G038,-0.00038421692,-1
G018,G090,-0.00038515346,-1
G018,G086,-0.00038625,-1
G085,G025,-0.00038647678,-1
G072,G095,-0.000387585,-1
G096,G075,-0.00038794533,-1
G030,G021,-0.00038880506,-1
G091,G051,-0.00039032573,-1
G008,G078,-0.00039163072,-1
G057,G021,-0.0003918834,-1
G076,G073,-0.00039235892,-1
G058,G049,-0.0003941307,-1
G032,G078,-0.0003952539,-1
G041,G082,-0.00039557126,-1
G085,G046,-0.00039567484,-1
G007,G079,-0.00039582408,-1
G084,G029,-0.00039886017,-1
G068,G081,-0.0003989012,-1
G011,G031,-0.00039996687,-1
G084,G070,-0.00040194413,-1
G007,G017,-0.00040230225,-1
G018,G087,-0.00040370514,-1
G044,G049,-0.00040560603,-1
G024,G017,-0.00040730182,-1
G055,G057,-0.0004079673,-1
G007,G015,-0.0004096514,-1
G064,G083,-0.00041009195,-1
G054,G025,-0.0004111624,-1
G016,G017,-0.00041205212,-1
G059,G048,-0.00041236894,-1
G072,G049,-0.00041247133,-1
G056,G060,-0.00041305376,-1
G094,G026,-0.0004134189,-1
G037,G042,-0.00041495325,-1
G040,G001,-0.00041579636,-1
G058,G032,-0.000415973,-1
G054,G062,-0.00041688868,-1
G097,G074,-0.00041725868,-1
G076,G042,-0.00041907013,-1
G017,G032,-0.00042171628,-1
G062,G061,-0.00042172827,-1
G035,G097,-0.00042183325,-1
G096,G048,-0.00042202254,-1
G043,G063,-0.00042382616,-1
G072,G091,-0.00042452282,-1
G096,G087,-0.00042476616,-1
G064,G004,-0.00042519308,-1
G051,G076,-0.00042575595,-1
G068,G092,-0.00042593383,-1
G096,G089,-0.00042722168,-1
G005,G095,-0.00042733704,-1
G070,G053,-0.00042785343,-1
G015,G062,-0.00042807643,-1
G032,G074,-0.00042826703,-1
G029,G075,-0.00042911316,-1
G002,G029,-0.0004293307,-1
G096,G027,-0.00043002318,-1
G006,G034,-0.00043036495,-1
G081,G047,-0.00043037656,-1
G020,G039,-0.00043513076,-1
G043,G018,-0.0004356824,-1
G062,G055,-0.00043642957,-1
G045,G037,-0.0004366775,-1
G005,G024,-0.00043669378,-1
G013,G022,-0.00043757714,-1
G006,G092,-0.00043808826,-1
G017,G014,-0.00043835555,-1
G030,G070,-0.00044028772,-1
G093,G067,-0.00044184603,-1
G076,G038,-0.00044207345,-1
G021,G071,-0.00044423327,-1
G046,G086,-0.0004448629,-1
G065,G053,-0.00044598943,-1
G088,G061,-0.0004482598,-1
G073,G054,-0.0004534355,-1
G003,G084,-0.00045484325,-1
G026,G087,-0.00045573906,-1
G030,G057,-0.0004562649,-1
G081,G075,-0.0004563721,-1
G073,G060,-0.00046057216,-1
G011,G073,-0.0004620118,-1
G046,G041,-0.000462489,-1
G040,G095,-0.00046416413,-1
G075,G026,-0.00046463375,-1
G081,G019,-0.00046489452,-1
G006,G041,-0.00046647954,-1
G066,G017,-0.00046736616,-1
G087,G054,-0.0004675379,-1
G033,G014,-0.00046776608,-1
G017,G048,-0.00046788648,-1
G037,G012,-0.00046818185,-1
G083,G093,-0.00046827985,-1
G073,G057,-0.00046828683,-1
G096,G071,-0.00046973786,-1
G058,G004,-0.00047229658,-1
G092,G089,-0.0004725662,-1
G082,G068,-0.0004727551,-1
G065,G064,-0.0004729616,-1
G063,G096,-0.00047395978,-1
G095,G001,-0.00047490592,-1
G041,G049,-0.0004761691,-1
G004,G038,-0.00047678023,-1
G056,G091,-0.00047757244,-1
G063,G003,-0.00047975976,-1
G077,G055,-0.00048035005,-1
G009,G098,-0.00048256805,-1
G025,G052,-0.0004838169,-1
G042,G017,-0.00048470555,-1
G049,G012,-0.00048510465,-1
G097,G033,-0.00048518524,-1
G075,G051,-0.0004862035,-1
G082,G027,-0.0004880791,-1
G042,G083,-0.0004902534,-1
G074,G065,-0.0004922441,-1
G022,G038,-0.00049338886,-1
G057,G091,-0.0004943333,-1
G013,G028,-0.0004953099,-1
G085,G081,-0.0004954663,-1
G053,G058,-0.0004966583,-1
G010,G023,-0.00049748266,-1
G039,G026,-0.0004989486,-1
G007,G069,-0.0005005969,-1
G054,G040,-0.0005012952,-1
G099,G026,-0.000502552,-1
G036,G020,-0.00050351775,-1
G088,G050,-0.00050433516,-1
G029,G022,-0.00050503726,-1
G015,G003,-0.0005084442,-1
G039,G012,-0.00050890085,-1
G100,G012,-0.0005109429,-1
G058,G080,-0.0005128292,-1
G022,G032,-0.00051387394,-1
G078,G043,-0.0005140898,-1
G030,G020,-0.0005159629,-1
G043,G087,-0.0005199563,-1
G018,G043,-0.0005216358,-1
G054,G090,-0.0005225857,-1
G023,G041,-0.0005228194,-1
G053,G009,-0.00052334147,-1
G010,G009,-0.0005241166,-1
G063,G013,-0.000524527,-1
G093,G043,-0.0005255533,-1
G010,G036,-0.00052883604,-1
G008,G059,-0.00053143885,-1
G047,G078,-0.0005328018,-1
G053,G073,-0.0005328415,-1
G006,G031,-0.0005340697,-1
G090,G002,-0.0005340981,-1
G066,G002,-0.00053411943,-1
G023,G083,-0.0005361635,-1
G014,G090,-0.00053732033,-1
G042,G076,-0.00053885335,-1
G096,G030,-0.00053910044,-1
G036,G002,-0.000542956,-1
G096,G086,-0.00054365076,-1
G044,G037,-0.00054500246,-1
G067,G069,-0.00054631097,-1
G041,G048,-0.0005531582,-1
G003,G051,-0.000555538,-1
G074,G021,-0.0005555382,-1
G022,G033,-0.00055883644,-1
G033,G072,-0.0005637437,-1
G056,G067,-0.0005665136,-1
G040,G028,-0.00056795136,-1
G061,G034,-0.00056954875,-1
G014,G003,-0.0005702355,-1
G004,G041,-0.0005706397,-1
G046,G096,-0.0005715164,-1
G034,G066,-0.0005716391,-1
G085,G055,-0.0005757088,-1
G031,G083,-0.00057595555,-1
G086,G078,-0.0005798803,-1
G010,G084,-0.0005801478,-1
G059,G042,-0.00058337365,-1
G075,G061,-0.00058420625,-1
G065,G033,-0.00058943266,-1
G099,G006,-0.0005899644,-1
G002,G027,-0.0005901581,-1
G078,G006,-0.00059309095,-1
G078,G049,-0.0005933556,-1
G017,G021,-0.000593521,-1
G042,G096,-0.00059501565,-1
G033,G023,-0.0005991412,-1
G029,G027,-0.00060141244,-1
G013,G054,-0.0006023389,-1
G054,G086,-0.000602603,-1
G061,G026,-0.0006048493,-1
G088,G071,-0.0006078693,-1
G085,G087,-0.00061093434,-1
G031,G094,-0.0006113155,-1
G011,G045,-0.000613792,-1
G072,G044,-0.0006140472,-1
G013,G087,-0.0006145935,-1
G053,G070,-0.0006166765,-1
G019,G006,-0.0006180185,-1
G066,G008,-0.0006220864,-1
G042,G072,-0.0006234199,-1
G056,G071,-0.0006236967,-1
G048,G099,-0.0006305884,-1
G006,G051,-0.0006335172,-1
G083,G013,-0.0006371642,-1
G083,G052,-0.00063723885,-1
G053,G064,-0.00063888915,-1
G028,G064,-0.0006392265,-1
G097,G079,-0.0006394798,-1
G011,G029,-0.0006400031,-1
G010,G058,-0.0006415393,-1
G026,G067,-0.00064343354,-1
G049,G085,-0.00064379314,-1
G005,G054,-0.00064453174,-1
G023,G058,-0.0006482829,-1
G061,G095,-0.00064970984,-1
G003,G067,-0.00065005064,-1
G057,G009,-0.00065037684,-1
G091,G049,-0.00065064244,-1
G045,G038,-0.0006512692,-1
G087,G011,-0.0006525261,-1
G002,G077,-0.0006540394,-1
G003,G095,-0.0006546582,-1
G068,G061,-0.0006556114,-1
G057,G025,-0.0006571122,-1
G008,G075,-0.000659925,-1
G092,G047,-0.00066372263,-1
G022,G082,-0.00066402904,-1
G066,G063,-0.0006686715,-1
G027,G087,-0.00066898594,-1
G061,G036,-0.00066972524,-1
G048,G061,-0.00067043514,-1
G055,G044,-0.0006723038,-1
G064,G009,-0.0006760978,-1
G094,G038,-0.0006766633,-1
G046,G034,-0.0006771117,-1
G038,G021,-0.0006779647,-1
G085,G064,-0.00067889964,-1
G055,G096,-0.0006794843,-1
G004,G073,-0.00067986245,-1
G076,G040,-0.0006834893,-1
G039,G054,-0.0006891489,-1
G075,G085,-0.0006891565,-1
G047,G048,-0.000689399,-1
G063,G015,-0.00069204014,-1
G086,G100,-0.0006927704,-1
G077,G017,-0.0006987675,-1
G041,G040,-0.00069920986,-1
G073,G044,-0.0007009381,-1
G100,G094,-0.00070198387,-1
G075,G031,-0.00070348324,-1
G095,G057,-0.0007034889,-1
G027,G068,-0.0007056165,-1
G014,G077,-0.0007066667,-1
G044,G005,-0.0007114707,-1
G091,G075,-0.0007130082,-1
G099,G078,-0.00071372004,-1
G020,G069,-0.000714809,-1
G086,G002,-0.00071495376,-1
G034,G007,-0.0007172105,-1
G033,G046,-0.0007198657,-1
G031,G099,-0.0007209941,-1
G038,G013,-0.000721303,-1
G024,G080,-0.00072892767,-1
G071,G043,-0.00073039276,-1
G014,G036,-0.0007309686,-1
G070,G043,-0.0007313071,-1
G099,G092,-0.0007323751,-1
G020,G014,-0.0007361532,-1
G027,G096,-0.0007366845,-1
G050,G086,-0.0007368985,-1
G084,G062,-0.0007384819,-1
G021,G037,-0.00073948316,-1
G100,G077,-0.0007409758,-1
G081,G092,-0.00074245664,-1
G066,G016,-0.0007433594,-1
G036,G025,-0.0007439521,-1
G008,G053,-0.0007444579,-1
G092,G084,-0.0007457462,-1
G056,G040,-0.0007457817,-1
G100,G053,-0.0007470182,-1
G053,G022,-0.0007509858,-1
G020,G041,-0.0007552409,-1
G063,G037,-0.00075783825,-1
G068,G097,-0.00075809425,-1
G053,G008,-0.0007606316,-1
G097,G094,-0.00076292764,-1
G036,G013,-0.0007638474,-1
G037,G041,-0.00076572335,-1
G050,G064,-0.00076592737,-1
G072,G075,-0.0007667181,-1
G084,G095,-0.0007678946,-1
G043,G069,-0.00076875,-1
G081,G028,-0.00076987874,-1
G048,G068,-0.00077057746,-1
G061,G042,-0.0007727577,-1
G030,G035,-0.0007733346,-1
G086,G085,-0.00077424955,-1
G029,G028,-0.0007781817,-1
G044,G053,-0.0007812292,-1
G071,G095,-0.00078160857,-1
G087,G098,-0.0007838947,-1
G090,G051,-0.0007857604,-1
G089,G067,-0.00078619336,-1
G092,G003,-0.00078711705,-1
G032,G054,-0.00078762975,-1
G013,G096,-0.00078889355,-1
G067,G090,-0.00079168426,-1
G041,G070,-0.0007924624,-1
G004,G100,-0.0007940159,-1
G052,G032,-0.0007956408,-1
G042,G023,-0.00079579663,-1
G079,G020,-0.0007965071,-1
G021,G066,-0.0007988038,-1
G041,G017,-0.00079963333,-1
G052,G034,-0.00080159726,-1
G092,G041,-0.0008020979,-1
G074,G040,-0.0008021383,-1
G095,G047,-0.0008029177,-1
G088,G040,-0.00081204716,-1
G028,G099,-0.0008135519,-1
G015,G013,-0.0008147183,-1
G032,G010,-0.0008158024,-1
G089,G061,-0.00081795524,-1
G030,G089,-0.0008198734,-1
G094,G075,-0.00081987964,-1
G023,G043,-0.00082093745,-1
G057,G015,-0.00082333153,-1
G077,G004,-0.00082490675,-1
G041,G042,-0.0008262422,-1
G041,G024,-0.00082663965,-1
G089,G077,-0.00082718115,-1
G093,G097,-0.0008297264,-1
G052,G066,-0.0008317059,-1
G071,G077,-0.0008345108,-1
G014,G052,-0.0008376292,-1
G052,G095,-0.0008401166,-1
G006,G025,-0.00084209855,-1
G094,G098,-0.0008425181,-1
G045,G013,-0.000842743,-1
G043,G091,-0.00084435166,-1
G044,G092,-0.00084579457,-1
G077,G019,-0.00084827136,-1
G071,G100,-0.00084953924,-1
G037,G007,-0.00085041043,-1
G048,G055,-0.0008515574,-1
G009,G017,-0.0008520227,-1
G020,G029,-0.00085239415,-1
G076,G097,-0.00085369445,-1
G042,G040,-0.0008541411,-1
G001,G015,-0.0008542634,-1
G042,G030,-0.00085466105,-1
G015,G093,-0.0008571424,-1
G097,G085,-0.000859652,-1
G054,G015,-0.00086092664,-1
G076,G047,-0.00086166686,-1
G038,G100,-0.00086661737,-1
G067,G070,-0.00086777593,-1
G039,G049,-0.00086900656,-1
G014,G055,-0.00086918194,-1
G092,G002,-0.00087118463,-1
G065,G090,-0.00087612326,-1
G097,G046,-0.000876653,-1
G031,G060,-0.0008808819,-1
G065,G055,-0.00088107534,-1
G078,G045,-0.0008816504,-1
G012,G086,-0.0008819925,-1
G031,G002,-0.00088618294,-1
G070,G034,-0.00089001004,-1
G094,G066,-0.0008918987,-1
G056,G063,-0.00089710706,-1
G055,G083,-0.00089882757,-1
G088,G042,-0.0008993146,-1
G050,G071,-0.00090057764,-1
G067,G024,-0.00090348197,-1
G049,G013,-0.00090431207,-1
G014,G064,-0.000904454,-1
G074,G096,-0.00090638973,-1
G100,G038,-0.000911415,-1
G062,G043,-0.000913129,-1
G098,G040,-0.00091521075,-1
G056,G087,-0.0009176014,-1
G053,G083,-0.00092080893,-1
G045,G057,-0.00092202926,-1
G078,G027,-0.00092257606,-1
G050,G065,-0.0009242989,-1
G052,G024,-0.0009244361,-1
G047,G061,-0.0009246098,-1
G007,G087,-0.0009272994,-1
G026,G034,-0.00092857203,-1
G073,G015,-0.00092859485,-1
G001,G028,-0.0009317326,-1
G047,G090,-0.0009366559,-1
G004,G069,-0.00093804445,-1
G016,G062,-0.00094046135,-1
G018,G084,-0.00094688736,-1
G049,G087,-0.0009524012,-1
G040,G003,-0.00095763477,-1
G021,G079,-0.000958527,-1
G039,G019,-0.00096065894,-1
G084,G015,-0.0009623231,-1
G065,G099,-0.00096336566,-1
G069,G068,-0.0009696065,-1
G077,G035,-0.00097294815,-1
G097,G023,-0.00097369053,-1
G015,G085,-0.0009742891,-1
G094,G016,-0.0009775569,-1
G056,G052,-0.0009793988,-1
G061,G048,-0.0009796284,-1
G071,G013,-0.0009810333,-1
G095,G094,-0.000982487,-1
G054,G045,-0.0009842173,-1
G017,G078,-0.0009869646,-1
G039,G011,-0.0009900132,-1
G024,G002,-0.0009908747,-1
G017,G094,-0.0009936893,-1
G088,G011,-0.00099581,-1
G065,G048,-0.0009967427,-1
G077,G064,-0.0009972635,-1
G090,G014,-0.0009985901,-1
G042,G003,-0.0010055444,-1
G004,G046,-0.0010058696,-1
G088,G060,-0.0010060678,-1
G029,G094,-0.0010065689,-1
G068,G007,-0.001006917,-1
G093,G032,-0.0010071708,-1
G028,G086,-0.0010076009,-1
G054,G029,-0.0010090596,-1
G052,G083,-0.0010121389,-1
G097,G041,-0.0010122615,-1
G044,G081,-0.0010133198,-1
G051,G088,-0.0010134161,-1
G093,G098,-0.0010200009,-1
G030,G022,-0.001020308,-1
G067,G078,-0.0010240119,-1
G068,G075,-0.0010243864,-1
G047,G068,-0.0010249679,-1
G059,G050,-0.0010250916,-1
G029,G047,-0.0010259188,-1
G023,G011,-0.0010341217,-1
G074,G059,-0.0010371536,-1
G055,G088,-0.0010418188,-1
G030,G054,-0.0010443303,-1
G100,G056,-0.0010456751,-1
G095,G075,-0.0010512676,-1
G073,G036,-0.0010519901,-1
G084,G052,-0.0010537343,-1
G028,G022,-0.001056848,-1
G009,G016,-0.0010569894,-1
G081,G067,-0.0010570845,-1
G071,G036,-0.0010589059,-1
G093,G001,-0.0010593826,-1
G016,G070,-0.0010597549,-1
G064,G007,-0.001060216,-1
G041,G089,-0.0010653092,-1
G055,G078,-0.0010659797,-1
G010,G025,-0.0010660545,-1
G087,G005,-0.00106655,-1
G031,G096,-0.0010669037,-1
G038,G059,-0.0010670698,-1
G050,G040,-0.0010671893,-1
G024,G016,-0.0010686766,-1
G021,G030,-0.0010691348,-1
G013,G017,-0.0010705808,-1
G081,G091,-0.001074813,-1
G026,G025,-0.0010795312,-1
G034,G050,-0.0010827999,-1
G031,G037,-0.0010858793,-1
G001,G044,-0.0010866635,-1
G094,G013,-0.0010909052,-1
G002,G031,-0.0010924604,-1
G091,G056,-0.0010994112,-1
G052,G055,-0.001099653,-1
G022,G039,-0.0010999868,-1
G073,G071,-0.0011015134,-1
G068,G072,-0.0011018353,-1
G042,G089,-0.0011065655,-1
G053,G082,-0.0011071756,-1
G095,G014,-0.0011114535,-1
G044,G008,-0.001112558,-1
G042,G009,-0.0011166213,-1
G013,G075,-0.0011181606,-1
G037,G087,-0.0011183989,-1
G071,G062,-0.0011197783,-1
G063,G100,-0.0011202747,-1
G007,G066,-0.0011228346,-1
G008,G031,-0.0011257557,-1
G100,G072,-0.0011260038,-1
G088,G007,-0.0011270749,-1
G059,G077,-0.0011271499,-1
G062,G086,-0.0011273857,-1
G089,G092,-0.0011290319,-1
G015,G076,-0.0011290762,-1
G009,G013,-0.0011297716,-1
G006,G040,-0.0011320418,-1
G080,G059,-0.0011355722,-1
G068,G055,-0.0011452746,-1
G050,G046,-0.0011466736,-1
G093,G040,-0.0011499535,-1
G043,G036,-0.0011514619,-1
G053,G033,-0.0011561126,-1
G090,G079,-0.0011583435,-1
G096,G013,-0.001160428,-1
G010,G064,-0.0011611797,-1
G080,G024,-0.0011635638,-1
G055,G061,-0.0011649712,-1
G002,G015,-0.0011664698,-1
G008,G012,-0.0011698293,-1
G039,G018,-0.0011718214,-1
G053,G094,-0.0011729221,-1
G070,G082,-0.0011736352,-1
G053,G080,-0.0011745733,-1
G090,G077,-0.0011777254,-1
G004,G002,-0.0011777745,-1
G043,G085,-0.001180141,-1
G074,G086,-0.0011823258,-1
G025,G029,-0.0011842821,-1
G022,G024,-0.0011870422,-1
G069,G006,-0.0011877902,-1
G086,G058,-0.0011879703,-1
G021,G031,-0.0011920478,-1
G030,G037,-0.001195617,-1
G088,G073,-0.0011990854,-1
G067,G084,-0.0011998775,-1
G026,G062,-0.0012004933,-1
G085,G080,-0.0012009582,-1
G066,G085,-0.0012017094,-1
G054,G059,-0.001201925,-1
G004,G051,-0.0012021308,-1
G086,G084,-0.0012082707,-1
G014,G001,-0.0012103644,-1
G091,G020,-0.0012104814,-1
G088,G020,-0.0012119501,-1
G033,G094,-0.001213184,-1
G068,G041,-0.0012134875,-1
G056,G006,-0.0012142002,-1
G049,G015,-0.0012147157,-1
G009,G091,-0.0012161898,-1
G082,G010,-0.0012167486,-1
G067,G092,-0.0012171009,-1
G076,G052,-0.00121865,-1
G008,G065,-0.0012208058,-1
G043,G064,-0.0012265275,-1
G087,G094,-0.0012288804,-1
G059,G046,-0.0012309728,-1
G041,G062,-0.001231417,-1
G053,G044,-0.0012348655,-1
G054,G071,-0.0012351092,-1
G068,G012,-0.0012373191,-1
G097,G067,-0.0012373696,-1
G075,G033,-0.0012374164,-1
G007,G054,-0.0012384463,-1
G009,G076,-0.0012391254,-1
G017,G016,-0.0012413273,-1
G047,G002,-0.001243952,-1
G048,G096,-0.0012480469,-1
G004,G057,-0.0012506382,-1
G042,G037,-0.001251102,-1
G064,G099,-0.0012514043,-1
G035,G098,-0.0012516376,-1
G009,G046,-0.0012529868,-1
G006,G035,-0.0012556404,-1
G002,G006,-0.0012570001,-1
G097,G081,-0.0012600085,-1
G023,G074,-0.0012622864,-1
G081,G031,-0.0012689377,-1
G028,G017,-0.0012756105,-1
G089,G016,-0.0012784417,-1
G093,G047,-0.0012795911,-1
G027,G044,-0.0012800477,-1
G079,G036,-0.0012803689,-1
G027,G002,-0.0012840641,-1
G051,G031,-0.0012850551,-1
G081,G033,-0.0012856709,-1
G057,G051,-0.0012877071,-1
G072,G017,-0.0012886415,-1
G062,G067,-0.0012894055,-1
G074,G052,-0.0012897529,-1
G014,G044,-0.0012902473,-1
G074,G067,-0.0012904608,-1
G036,G018,-0.0012946479,-1
G022,G051,-0.0012965151,-1
G029,G025,-0.0012987297,-1
G078,G091,-0.001300833,-1
G097,G052,-0.0013024888,-1
G099,G080,-0.0013040663,-1
G078,G088,-0.0013041153,-1
G002,G069,-0.0013061848,-1
G053,G098,-0.0013067699,-1
G091,G068,-0.0013068732,-1
G092,G012,-0.0013073762,-1
G021,G027,-0.001308778,-1
G053,G018,-0.0013106243,-1
G082,G084,-0.0013108638,-1
G055,G023,-0.0013123691,-1
G047,G012,-0.0013163843,-1
G011,G064,-0.001318028,-1
G080,G029,-0.0013186737,-1
G010,G033,-0.0013188923,-1
G073,G021,-0.0013203785,-1
G084,G001,-0.001324107,-1
G020,G071,-0.0013328292,-1
G096,G032,-0.0013334248,-1
G070,G048,-0.0013393074,-1
G001,G060,-0.0013396291,-1
G079,G026,-0.0013405976,-1
G025,G075,-0.0013415198,-1
G020,G053,-0.001342532,-1
G072,G093,-0.0013451034,-1
G007,G051,-0.0013483405,-1
G010,G032,-0.0013489657,-1
G061,G074,-0.0013504687,-1
G100,G073,-0.0013538265,-1
G017,G088,-0.0013561525,-1
G003,G078,-0.0013572752,-1
G073,G046,-0.0013577405,-1
G016,G092,-0.0013583755,-1
G093,G092,-0.0013591002,-1
G015,G064,-0.0013610692,-1
G025,G031,-0.0013649251,-1
G069,G067,-0.0013662381,-1
G091,G072,-0.0013678638,-1
G100,G076,-0.0013686987,-1
G036,G053,-0.0013690407,-1
G027,G010,-0.001369579,-1
G064,G031,-0.0013724335,-1
G077,G054,-0.0013743174,-1
G030,G071,-0.0013747885,-1
G065,G011,-0.0013755556,-1
G079,G024,-0.0013786766,-1
G028,G090,-0.0013791436,-1
G093,G100,-0.0013814204,-1
G068,G043,-0.0013815447,-1
G053,G002,-0.001381785,-1
G026,G033,-0.0013828994,-1
G042,G092,-0.0013830403,-1
G082,G071,-0.0013833151,-1
G032,G014,-0.0013848335,-1
G083,G089,-0.0013849509,-1
G085,G022,-0.0013860614,-1
G056,G094,-0.0013898343,-1
G078,G064,-0.0013901566,-1
G066,G062,-0.0013903581,-1
G012,G005,-0.0013935294,-1
G046,G072,-0.0013947886,-1
G027,G069,-0.0013966374,-1
G099,G032,-0.0013991155,-1
G067,G028,-0.0013993989,-1
G011,G028,-0.0013994442,-1
G071,G031,-0.0013995734,-1
G052,G048,-0.001404589,-1
G036,G097,-0.0014053313,-1
G025,G068,-0.0014068986,-1
G016,G006,-0.0014075388,-1
G067,G031,-0.0014100951,-1
G011,G006,-0.0014107389,-1
G026,G024,-0.0014116663,-1
G051,G096,-0.0014130739,-1
G070,G058,-0.0014145424,-1
G004,G024,-0.0014189299,-1
G067,G050,-0.0014191534,-1
G004,G083,-0.0014192219,-1
G019,G002,-0.0014212969,-1
G062,G038,-0.0014215864,-1
G087,G027,-0.001423905,-1
G079,G022,-0.0014239193,-1
G074,G047,-0.0014265445,-1
G043,G041,-0.0014283101,-1
G077,G097,-0.0014297448,-1
G003,G037,-0.0014312966,-1
G090,G030,-0.0014330094,-1
G097,G072,-0.0014340248,-1
G055,G094,-0.0014409481,-1
G059,G024,-0.0014411188,-1
G005,G028,-0.0014416177,-1
G014,G037,-0.0014425473,-1
G051,G017,-0.0014431141,-1
G087,G083,-0.0014457498,-1
G015,G061,-0.0014478259,-1
G084,G039,-0.0014479009,-1
G094,G030,-0.0014493562,-1
G092,G015,-0.0014500184,-1
G039,G035,-0.001450413,-1
G066,G022,-0.0014515007,-1
G067,G079,-0.0014610965,-1
G063,G050,-0.0014640755,-1
G079,G015,-0.0014665828,-1
G008,G003,-0.0014680728,-1
G032,G084,-0.0014729666,-1
G060,G070,-0.001475464,-1
G090,G010,-0.0014759465,-1
G009,G032,-0.0014778026,-1
G019,G015,-0.0014778859,-1
G071,G075,-0.0014837817,-1
G053,G006,-0.0014844722,-1
G047,G076,-0.0014865455,-1
G014,G068,-0.0014908152,-1
G049,G021,-0.0014924279,-1
G058,G044,-0.001493221,-1
G092,G013,-0.0014936875,-1
G020,G037,-0.0014939564,-1
G036,G092,-0.0014960426,-1
G085,G001,-0.0014965964,-1
G003,G023,-0.0014979382,-1
G079,G004,-0.0014987375,-1
G065,G010,-0.0015019623,-1
G084,G004,-0.0015039734,-1
G006,G049,-0.0015044465,-1
G065,G073,-0.0015059012,-1
G007,G060,-0.0015062239,-1
G001,G043,-0.0015074045,-1
G015,G067,-0.0015117567,-1
G075,G084,-0.0015129142,-1
G007,G098,-0.001513939,-1
G036,G055,-0.0015150751,-1
G056,G099,-0.0015159483,-1
G069,G100,-0.0015166138,-1
G008,G013,-0.0015170693,-1
G075,G019,-0.001518186,-1
G098,G020,-0.0015203499,-1
G051,G094,-0.0015204017,-1
G013,G020,-0.0015215058,-1
G076,G037,-0.0015240181,-1
G003,G001,-0.0015246692,-1
G092,G066,-0.0015253089,-1
G029,G100,-0.0015261344,-1
G033,G032,-0.001534668,-1
G070,G088,-0.001537091,-1
G021,G072,-0.0015372387,-1
G027,G083,-0.0015377131,-1
G048,G035,-0.0015386472,-1
G011,G016,-0.0015388685,-1
G017,G064,-0.0015396811,-1
G011,G005,-0.0015402915,-1
G051,G030,-0.0015416619,-1
G041,G035,-0.0015423103,-1
G026,G020,-0.0015440952,-1
G002,G088,-0.0015451787,-1
G036,G031,-0.0015469862,-1
G096,G052,-0.0015486933,-1
G088,G065,-0.0015488805,-1
G046,G042,-0.001551057,-1
G087,G075,-0.0015512051,-1
G063,G024,-0.0015523338,-1
G068,G027,-0.0015531351,-1
G038,G032,-0.0015546533,-1
G028,G097,-0.0015558667,-1
G039,G074,-0.0015578993,-1
G067,G055,-0.0015593871,-1
G002,G073,-0.0015617579,-1
G100,G010,-0.0015624927,-1
G057,G093,-0.0015627338,-1
G045,G009,-0.0015653374,-1
G006,G015,-0.0015657754,-1
G019,G071,-0.0015669846,-1
G049,G072,-0.001568942,-1
G045,G056,-0.0015737903,-1
G065,G062,-0.0015756305,-1
G010,G093,-0.0015758409,-1
G098,G046,-0.0015770224,-1
G065,G072,-0.0015778695,-1
G095,G064,-0.0015794032,-1
G032,G027,-0.0015795555,-1
G029,G004,-0.0015808133,-1
G072,G061,-0.0015817146,-1
G011,G052,-0.0015855139,-1
G028,G087,-0.001587355,-1
G075,G089,-0.0015888538,-1
G040,G063,-0.0015889824,-1
G003,G086,-0.0015909505,-1
G044,G075,-0.001591971,-1
G001,G097,-0.0015920213,-1
G076,G051,-0.0015921781,-1
G011,G093,-0.0015933956,-1
G005,G007,-0.0015938571,-1
G027,G018,-0.0015949429,-1
G016,G085,-0.0015980953,-1
G050,G079,-0.001598254,-1
G018,G033,-0.0015993105,-1
G001,G068,-0.0016044916,-1
G043,G030,-0.0016056066,-1
G055,G052,-0.0016061901,-1
G076,G090,-0.0016066096,-1
G030,G077,-0.0016069365,-1
G034,G039,-0.001607253,-1
G086,G007,-0.0016073077,-1
G038,G044,-0.0016075249,-1
G007,G013,-0.0016082195,-1
G070,G083,-0.0016088045,-1
G003,G079,-0.0016089188,-1
G078,G041,-0.001613568,-1
G087,G004,-0.001615449,-1
G039,G057,-0.0016174128,-1
G067,G013,-0.0016217725,-1
G055,G069,-0.0016289894,-1
G069,G072,-0.0016296183,-1
G087,G063,-0.0016307422,-1
G075,G066,-0.0016310316,-1
G036,G100,-0.0016337468,-1
G040,G036,-0.0016360161,-1
G046,G071,-0.0016393708,-1
G086,G006,-0.0016394369,-1
G028,G065,-0.0016396521,-1
G082,G075,-0.0016401531,-1
G076,G041,-0.0016418997,-1
G023,G002,-0.0016438399,-1
G045,G051,-0.0016442128,-1
G016,G072,-0.0016452608,-1
G012,G019,-0.0016464745,-1
G035,G075,-0.0016473321,-1
G008,G047,-0.0016477453,-1
G054,G034,-0.0016480626,-1
G062,G073,-0.0016482922,-1
G058,G039,-0.0016553119,-1
G039,G001,-0.0016564601,-1
G041,G086,-0.0016633209,-1
G021,G056,-0.001664698,-1
G097,G098,-0.0016665042,-1
G048,G080,-0.0016675827,-1
G071,G058,-0.0016679029,-1
G010,G056,-0.0016679703,-1
G043,G013,-0.0016713167,-1
G036,G010,-0.001672194,-1
G038,G009,-0.0016727316,-1
G077,G042,-0.0016739868,-1
G077,G100,-0.0016741499,-1
G007,G011,-0.001676424,-1
G098,G089,-0.0016769345,-1
G088,G025,-0.0016776014,-1
G024,G088,-0.0016804218,-1
G042,G014,-0.0016813163,-1
G012,G081,-0.0016814681,-1
G031,G054,-0.0016817459,-1
G064,G089,-0.0016826569,-1
G042,G063,-0.0016841227,-1
G076,G019,-0.0016855483,-1
G100,G057,-0.0016953249,-1
G039,G071,-0.0016991951,-1
G054,G081,-0.0017028825,-1
G099,G004,-0.0017069213,-1
G047,G023,-0.0017069543,-1
G089,G055,-0.001714,-1
G083,G045,-0.0017147273,-1
G086,G064,-0.0017149711,-1
G016,G095,-0.001716426,-1
G048,G020,-0.0017201146,-1
G088,G053,-0.0017224934,-1
G088,G091,-0.001725285,-1
G030,G046,-0.0017259261,-1
G098,G041,-0.00173124,-1
G012,G029,-0.0017319757,-1
G070,G089,-0.0017330117,-1
G034,G011,-0.0017334467,-1
G003,G068,-0.0017340452,-1
G090,G044,-0.00173518,-1
G052,G038,-0.001736465,-1
G042,G043,-0.0017368462,-1
G095,G097,-0.0017377284,-1
G086,G008,-0.0017383974,-1
G085,G018,-0.0017434169,-1
G047,G043,-0.0017480485,-1
G056,G047,-0.0017487531,-1
G049,G006,-0.0017488885,-1
G051,G071,-0.0017497236,-1
G017,G050,-0.0017500758,-1
G001,G010,-0.0017518178,-1
G067,G029,-0.001755567,-1
G036,G035,-0.0017556744,-1
G067,G058,-0.0017568129,-1
G023,G059,-0.0017571587,-1
G044,G056,-0.0017581768,-1
G029,G007,-0.0017587895,-1
G038,G093,-0.0017656987,-1
G076,G082,-0.0017723618,-1
G027,G064,-0.0017730532,-1
G006,G096,-0.0017747551,-1
G001,G085,-0.0017750749,-1
G097,G100,-0.0017752474,-1
G042,G077,-0.0017759771,-1
G085,G004,-0.0017780086,-1
G099,G073,-0.0017781563,-1
G018,G059,-0.0017792223,-1
G051,G026,-0.001781574,-1
G025,G027,-0.0017827159,-1
G015,G034,-0.0017835815,-1
G078,G100,-0.001784898,-1
G081,G049,-0.0017906892,-1
G025,G073,-0.001793433,-1
G051,G038,-0.0017952455,-1
G023,G005,-0.0017988503,-1
G049,G018,-0.0018030345,-1
G021,G047,-0.0018047625,-1
G092,G079,-0.0018056643,-1
G073,G058,-0.001809197,-1
G064,G076,-0.0018126416,-1
G058,G068,-0.0018156525,-1
G005,G062,-0.0018181338,-1
G078,G021,-0.0018202176,-1
G006,G070,-0.0018213505,-1
G098,G028,-0.001822643,-1
G074,G061,-0.0018238422,-1
G046,G004,-0.0018253869,-1
G047,G080,-0.001825991,-1
G046,G033,-0.0018271059,-1
G086,G071,-0.0018279045,-1
G031,G019,-0.0018279857,-1
G080,G017,-0.0018285492,-1
G060,G082,-0.0018287469,-1
G013,G029,-0.0018296007,-1
G010,G011,-0.0018327807,-1
G027,G058,-0.0018341602,-1
G063,G033,-0.0018406081,-1
G041,G081,-0.0018406484,-1
G095,G005,-0.001840896,-1
G082,G037,-0.0018426945,-1
G016,G041,-0.0018443356,-1
G016,G009,-0.0018466184,-1
G069,G043,-0.0018484078,-1
G043,G062,-0.0018497594,-1
G030,G015,-0.0018545736,-1
G079,G043,-0.0018550588,-1
G016,G065,-0.0018566096,-1
G087,G031,-0.0018595057,-1
G076,G009,-0.0018609359,-1
G026,G044,-0.0018624488,-1
G036,G094,-0.0018627179,-1
G038,G051,-0.00186545,-1
G054,G019,-0.0018661963,-1
G049,G094,-0.0018667779,-1
G083,G096,-0.0018678665,-1
G065,G061,-0.0018694337,-1
G083,G071,-0.0018695899,-1
G083,G092,-0.0018716234,-1
G040,G050,-0.0018733905,-1
G012,G016,-0.0018752854,-1
G057,G013,-0.0018794758,-1
G072,G019,-0.0018802455,-1
G051,G069,-0.0018817288,-1
G037,G089,-0.0018854882,-1
G043,G037,-0.0018875264,-1
G026,G055,-0.001887729,-1
G060,G054,-0.0018884856,-1
G096,G069,-0.0018903005,-1
G031,G071,-0.0018919691,-1
G095,G017,-0.0018934971,-1
G081,G013,-0.0018974261,-1
G043,G038,-0.0018998682,-1
G095,G082,-0.0018998976,-1
G067,G003,-0.0019018209,-1
G046,G097,-0.0019024452,-1
G027,G078,-0.001902615,-1
G066,G027,-0.0019058129,-1
G085,G096,-0.0019080155,-1
G026,G038,-0.0019094307,-1
G065,G100,-0.0019113312,-1
G091,G001,-0.0019215118,-1
G096,G026,-0.0019215709,-1
G018,G075,-0.0019236108,-1
G093,G078,-0.0019303742,-1
G029,G057,-0.0019304737,-1
G042,G069,-0.0019305166,-1
G086,G074,-0.0019332966,-1
G037,G067,-0.0019337002,-1
G035,G087,-0.0019368918,-1
G091,G014,-0.0019383351,-1
G053,G043,-0.0019385784,-1
G050,G098,-0.0019423764,-1
G009,G026,-0.0019424887,-1
G086,G018,-0.0019505118,-1
G050,G042,-0.0019509307,-1
G084,G098,-0.0019515939,-1
G012,G060,-0.0019527313,-1
G087,G032,-0.0019545231,-1
G001,G084,-0.0019566321,-1
G032,G005,-0.0019595914,-1
G019,G093,-0.0019598093,-1
G093,G096,-0.001960165,-1
G079,G095,-0.001960866,-1
G090,G048,-0.0019608797,-1
G057,G034,-0.0019608943,-1
G080,G005,-0.0019609886,-1
G047,G081,-0.0019631633,-1
G030,G078,-0.001965084,-1
G097,G096,-0.0019666206,-1
G049,G077,-0.0019673621,-1
G020,G058,-0.0019683277,-1
G060,G081,-0.0019716048,-1
G059,G049,-0.0019716455,-1
G009,G070,-0.0019747247,-1
G015,G039,-0.0019770572,-1
G046,G015,-0.0019776872,-1
G081,G070,-0.0019785976,-1
G051,G001,-0.0019790651,-1
G075,G025,-0.0019798581,-1
G078,G003,-0.0019801273,-1
G004,G053,-0.0019843802,-1
G068,G051,-0.0019854293,-1
G040,G086,-0.001985737,-1
G083,G088,-0.0019872983,-1
G016,G082,-0.0019953228,-1
G013,G093,-0.0019980257,-1
G038,G058,-0.0020011002,-1
G073,G020,-0.0020027235,-1
G019,G074,-0.0020029233,-1
G035,G068,-0.0020029698,-1
G071,G008,-0.0020047035,-1
G037,G045,-0.0020062851,-1
G084,G042,-0.002006817,-1
G098,G078,-0.0020109673,-1
G047,G025,-0.002013344,-1
G001,G066,-0.00201698,-1
G082,G018,-0.002018016,-1
G097,G069,-0.0020183015,-1
G035,G100,-0.0020197756,-1
G004,G056,-0.0020197837,-1
G026,G078,-0.0020243686,-1
G079,G028,-0.0020282934,-1
G096,G062,-0.0020325764,-1
G090,G096,-0.0020327694,-1
G036,G099,-0.0020351773,-1
G081,G093,-0.0020382865,-1
G038,G033,-0.0020446272,-1
G071,G035,-0.0020451418,-1
G003,G010,-0.0020456328,-1
G052,G027,-0.0020462514,-1
G051,G066,-0.0020481206,-1
G023,G012,-0.0020488468,-1
G096,G028,-0.0020533423,-1
G051,G012,-0.0020566478,-1
G084,G003,-0.0020570196,-1
G067,G083,-0.0020583512,-1
G087,G091,-0.002064665,-1
G030,G001,-0.0020651259,-1
G062,G053,-0.002072679,-1
G002,G046,-0.0020727024,-1
G036,G075,-0.002079904,-1
G032,G056,-0.002084602,-1
G033,G055,-0.00208828,-1
G012,G059,-0.0020896522,-1
G089,G030,-0.002089812,-1
G056,G048,-0.0020912737,-1
G018,G083,-0.0020917181,-1
G062,G018,-0.002096624,-1
G062,G074,-0.0020996165,-1
G074,G050,-0.0020998328,-1
G078,G075,-0.0021003252,-1
G028,G032,-0.0021008428,-1
G020,G059,-0.0021008474,-1
G083,G060,-0.0021019704,-1
G003,G082,-0.0021032507,-1
G064,G021,-0.0021040551,-1
G004,G080,-0.002106978,-1
G078,G008,-0.0021071285,-1
G024,G021,-0.0021084023,-1
G009,G054,-0.0021084875,-1
G037,G033,-0.0021098722,-1
G069,G059,-0.0021102026,-1
G002,G045,-0.0021118359,-1
G021,G002,-0.0021139453,-1
G016,G073,-0.0021142699,-1
G025,G057,-0.0021153158,-1
G098,G055,-0.0021158871,-1
G089,G056,-0.0021175412,-1
G063,G080,-0.0021185256,-1
G047,G055,-0.0021243638,-1
G046,G083,-0.0021264404,-1
G068,G063,-0.0021270276,-1
G016,G052,-0.002135242,-1
G088,G051,-0.0021369883,-1
G023,G032,-0.0021386985,-1
G044,G088,-0.002139241,-1
G087,G069,-0.0021401227,-1
G026,G069,-0.0021405953,-1
G024,G018,-0.0021434948,-1
G042,G073,-0.0021451893,-1
G036,G001,-0.0021544134,-1
G047,G008,-0.0021585454,-1
G057,G032,-0.0021617361,-1
G001,G088,-0.0021625657,-1
G039,G004,-0.0021649522,-1
G019,G018,-0.0021651373,-1
G032,G034,-0.0021658512,-1
G077,G086,-0.0021666095,-1
G030,G081,-0.0021676272,-1
G071,G037,-0.002167854,-1
G019,G080,-0.002170694,-1
G092,G023,-0.0021713316,-1
G066,G092,-0.0021726647,-1
G069,G081,-0.0021738939,-1
G044,G067,-0.0021755393,-1
G016,G097,-0.0021776767,-1
G075,G006,-0.002179896,-1
G008,G022,-0.0021799142,-1
G023,G048,-0.002180642,-1
G043,G009,-0.0021807393,-1
G036,G009,-0.00218297,-1
G026,G054,-0.002184915,-1
G004,G037,-0.0021870479,-1
G053,G023,-0.0021876048,-1
G077,G007,-0.002188564,-1
G089,G078,-0.0021891922,-1
G075,G034,-0.0021957688,-1
G023,G015,-0.0021992135,-1
G031,G011,-0.002199416,-1
G075,G094,-0.0022000307,-1
G076,G060,-0.0022013662,-1
G078,G055,-0.0022022903,-1
G083,G006,-0.0022032224,-1
G012,G055,-0.0022060757,-1
G057,G089,-0.00221399,-1
G028,G026,-0.0022144474,-1
G076,G096,-0.0022145899,-1
G049,G065,-0.0022156585,-1
G075,G077,-0.0022178935,-1
G049,G071,-0.0022196176,-1
G015,G033,-0.002222861,-1
G081,G007,-0.0022266035,-1
G009,G050,-0.0022267306,-1
G050,G001,-0.0022275017,-1
G085,G011,-0.0022290035,-1
G051,G098,-0.0022303774,-1
G058,G073,-0.0022305208,-1
G094,G043,-0.002232552,-1
G014,G086,-0.00223628,-1
G024,G032,-0.0022390974,-1
G069,G060,-0.002241218,-1
G092,G064,-0.002243988,-1
G071,G040,-0.002244935,-1
G046,G091,-0.0022467459,-1
G054,G006,-0.0022486441,-1
G069,G034,-0.002249051,-1
G016,G049,-0.002250233,-1
G092,G060,-0.0022504423,-1
G083,G078,-0.00225606,-1
G087,G034,-0.0022584356,-1
G066,G032,-0.0022609653,-1
G095,G037,-0.0022637933,-1
G014,G002,-0.0022662738,-1
G067,G035,-0.002267924,-1
G019,G056,-0.0022749144,-1
G052,G044,-0.0022754457,-1
G021,G043,-0.0022852316,-1
G088,G090,-0.0022854358,-1
G048,G008,-0.0022883057,-1
G010,G060,-0.0022909732,-1
G049,G084,-0.0022926535,-1
G069,G036,-0.0022931937,-1
G073,G091,-0.002294787,-1
G019,G009,-0.0022949665,-1
G033,G020,-0.0022958373,-1
G056,G036,-0.0022962873,-1
G084,G026,-0.0022969828,-1
G019,G029,-0.0022984722,-1
G011,G072,-0.0023033277,-1
G037,G017,-0.0023050425,-1
G062,G066,-0.0023055985,-1
G069,G078,-0.0023098018,-1
G048,G081,-0.0023101822,-1
G087,G051,-0.0023125962,-1
G020,G009,-0.0023134132,-1
G099,G030,-0.0023165492,-1
G072,G038,-0.0023180677,-1
G054,G061,-0.0023181539,-1
G094,G042,-0.0023216316,-1
G020,G086,-0.002323502,-1
G047,G042,-0.0023238997,-1
G094,G099,-0.0023248103,-1
G021,G097,-0.0023253234,-1
G070,G007,-0.0023275977,-1
G060,G013,-0.0023292613,-1
G093,G017,-0.0023322327,-1
G024,G013,-0.00233257,-1
G069,G076,-0.0023329323,-1
G005,G010,-0.0023353747,-1
G070,G050,-0.0023375412,-1
G096,G029,-0.0023393005,-1
G082,G057,-0.002340561,-1
G097,G037,-0.0023417608,-1
G071,G092,-0.0023450789,-1
G037,G084,-0.0023464712,-1
G053,G093,-0.0023473443,-1
G062,G025,-0.0023554794,-1
G080,G075,-0.0023595316,-1
G046,G017,-0.0023634706,-1
G009,G014,-0.0023641156,-1
G097,G075,-0.002368852,-1
G094,G053,-0.0023695694,-1
G031,G020,-0.0023710672,-1
G065,G084,-0.0023754062,-1
G080,G041,-0.0023791757,-1
G067,G076,-0.0023794558,-1
G043,G021,-0.0023806924,-1
G052,G033,-0.0023820451,-1
G009,G001,-0.0023821448,-1
G040,G090,-0.00238285,-1
G033,G064,-0.002384335,-1
G033,G092,-0.0023852747,-1
G049,G059,-0.0023856037,-1
G066,G026,-0.0023862876,-1
G020,G084,-0.0023897463,-1
G063,G066,-0.0023904315,-1
G017,G056,-0.0023916773,-1
G031,G029,-0.0023943712,-1
G070,G068,-0.00239455,-1
G045,G023,-0.0023948296,-1
G069,G051,-0.0023949097,-1
G077,G095,-0.0023968883,-1
G056,G100,-0.0023997691,-1
G010,G095,-0.0024008492,-1
G060,G031,-0.0024044695,-1
G084,G066,-0.002404953,-1
G072,G032,-0.0024051983,-1
G051,G077,-0.002406309,-1
G065,G008,-0.0024081103,-1
G088,G041,-0.0024095366,-1
G022,G052,-0.0024099145,-1
G096,G031,-0.0024110659,-1
G092,G059,-0.0024153625,-1
G022,G001,-0.0024154529,-1
G099,G019,-0.0024158217,-1
G080,G052,-0.0024180238,-1
G022,G095,-0.002420559,-1
G091,G078,-0.0024214196,-1
G059,G082,-0.0024234105,-1
G011,G091,-0.0024258706,-1
G019,G066,-0.00242597,-1
G092,G017,-0.002428554,-1
G022,G041,-0.0024300022,-1
G099,G023,-0.0024306618,-1
G031,G035,-0.0024313808,-1
G019,G049,-0.002431925,-1
G039,G098,-0.0024338772,-1
G073,G019,-0.0024342686,-1
G025,G001,-0.002434711,-1
G053,G063,-0.0024350723,-1
G089,G070,-0.0024359783,-1
G002,G063,-0.002437173,-1
G015,G063,-0.0024396689,-1
G029,G049,-0.0024429795,-1
G005,G036,-0.002443183,-1
G013,G025,-0.0024476761,-1
G044,G098,-0.0024514159,-1
G039,G086,-0.0024527959,-1
G070,G077,-0.0024534622,-1
G035,G060,-0.0024538748,-1
G082,G076,-0.0024575125,-1
G071,G056,-0.0024578865,-1
G049,G028,-0.002460353,-1
G056,G037,-0.0024605633,-1
G029,G039,-0.0024658435,-1
G098,G090,-0.002468333,-1
G021,G044,-0.0024692474,-1
G076,G022,-0.0024694959,-1
G067,G073,-0.002472296,-1
G059,G001,-0.0024731925,-1
G019,G061,-0.0024785649,-1
G063,G038,-0.002479553,-1
G017,G076,-0.0024836208,-1
G070,G061,-0.00248594,-1
G056,G011,-0.0024866215,-1
G003,G048,-0.0024875603,-1
G021,G085,-0.0024887482,-1
G083,G091,-0.0024897458,-1
G028,G059,-0.0024902483,-1
G003,G065,-0.0024916837,-1
G016,G033,-0.0024923452,-1
G097,G032,-0.002494029,-1
G076,G033,-0.0024954833,-1
G004,G034,-0.00249553,-1
G044,G061,-0.0024981073,-1
G020,G077,-0.0024981739,-1
G076,G055,-0.0024981753,-1
G049,G046,-0.002498787,-1
G053,G060,-0.00250162,-1
G010,G005,-0.0025025134,-1
G091,G064,-0.0025034545,-1
G041,G090,-0.0025039196,-1
G037,G001,-0.002506825,-1
G083,G061,-0.0025159272,-1
G060,G090,-0.00252022,-1
G091,G061,-0.0025245138,-1
G074,G080,-0.002525476,-1
G084,G050,-0.0025263072,-1
G093,G081,-0.002529134,-1
G097,G053,-0.002530255,-1
G078,G067,-0.0025341301,-1
G099,G049,-0.0025351192,-1
G018,G097,-0.002539706,-1
G051,G085,-0.0025397786,-1
G010,G066,-0.0025462105,-1
G032,G004,-0.0025487791,-1
G033,G049,-0.0025490026,-1
G091,G027,-0.0025608481,-1
G054,G014,-0.0025632756,-1
G096,G040,-0.0025650784,-1
G029,G090,-0.0025667336,-1
G072,G026,-0.0025683674,-1
G083,G030,-0.0025685239,-1
G019,G040,-0.0025734538,-1
G014,G059,-0.00257703,-1
G006,G065,-0.002577533,-1
G037,G044,-0.0025780788,-1
G087,G039,-0.0025790106,-1
G011,G034,-0.0025790352,-1
G094,G067,-0.0025827498,-1
G012,G084,-0.0025880998,-1
G074,G097,-0.0025892684,-1
G002,G043,-0.0025899303,-1
G039,G017,-0.0025915932,-1
G031,G016,-0.002591663,-1
G093,G080,-0.0025927718,-1
G065,G052,-0.0025934684,-1
G097,G026,-0.0025957169,-1
G031,G065,-0.002599087,-1
G008,G088,-0.0026013493,-1
G028,G052,-0.0026024121,-1
G007,G020,-0.002603662,-1
G029,G088,-0.0026054268,-1
G028,G027,-0.0026056704,-1
G006,G068,-0.0026066294,-1
G012,G096,-0.0026070296,-1
G088,G077,-0.0026084667,-1
G025,G023,-0.0026096145,-1
G098,G022,-0.002610242,-1
G047,G003,-0.0026106248,-1
G046,G060,-0.0026117687,-1
G020,G070,-0.002614123,-1
G068,G005,-0.0026150602,-1
G068,G001,-0.0026223068,-1
G093,G021,-0.0026242225,-1
G074,G016,-0.0026285208,-1
G079,G025,-0.0026305192,-1
G027,G035,-0.002636584,-1
G011,G009,-0.0026372143,-1
G046,G055,-0.002640701,-1
G057,G019,-0.002641053,-1
G078,G011,-0.0026437808,-1
G093,G095,-0.0026442807,-1
G099,G066,-0.002644282,-1
G021,G065,-0.0026484046,-1
G077,G060,-0.0026486574,-1
G002,G050,-0.0026505338,-1
G006,G056,-0.0026515366,-1
G093,G008,-0.002654037,-1
G059,G037,-0.0026547767,-1
G099,G062,-0.00265496,-1
G088,G083,-0.0026568512,-1
G046,G001,-0.0026575183,-1
G079,G014,-0.0026580174,-1
G014,G050,-0.0026583083,-1
G068,G096,-0.0026593425,-1
G006,G063,-0.0026616903,-1
G075,G083,-0.0026649178,-1
G060,G042,-0.0026667542,-1
G049,G055,-0.0026701286,-1
G073,G059,-0.0026731638,-1
G038,G015,-0.002673439,-1
G078,G089,-0.002673662,-1
G021,G038,-0.0026780881,-1
G068,G002,-0.00267852,-1
G040,G079,-0.0026831706,-1
G004,G026,-0.0026839783,-1
G088,G084,-0.002690828,-1
G042,G054,-0.0026921656,-1
G049,G080,-0.0027066504,-1
G079,G074,-0.0027066565,-1
G051,G070,-0.0027095939,-1
G095,G045,-0.0027103233,-1
G039,G013,-0.0027107513,-1
G048,G079,-0.002712461,-1
G013,G041,-0.002712762,-1
G091,G036,-0.0027195553,-1
G006,G058,-0.0027202384,-1
G065,G060,-0.0027207877,-1
G078,G050,-0.0027211255,-1
G042,G045,-0.002722223,-1
G018,G008,-0.0027235541,-1
G097,G027,-0.0027250869,-1
G064,G078,-0.002725911,-1
G012,G072,-0.0027272135,-1
G100,G063,-0.0027305014,-1
G085,G007,-0.002733466,-1
G035,G006,-0.0027377568,-1
G033,G090,-0.0027394432,-1
G058,G082,-0.0027452197,-1
G023,G082,-0.0027488286,-1
G082,G039,-0.0027497064,-1
G033,G099,-0.0027497367,-1
G008,G027,-0.0027511562,-1
G097,G047,-0.002751898,-1
G052,G091,-0.0027520976,-1
G023,G021,-0.002757118,-1
G088,G004,-0.0027571884,-1
G061,G075,-0.002758878,-1
G001,G089,-0.0027589214,-1
G073,G097,-0.0027593363,-1
G095,G002,-0.002761915,-1
G004,G005,-0.0027637405,-1
G093,G039,-0.0027642557,-1
G017,G074,-0.0027646811,-1
G089,G081,-0.0027647025,-1
G012,G071,-0.0027741934,-1
G034,G088,-0.0027769394,-1
G091,G012,-0.002783714,-1
G018,G061,-0.0027847686,-1
G063,G054,-0.0027851658,-1
G096,G011,-0.0027913218,-1
G017,G051,-0.0027954262,-1
G054,G072,-0.0027978665,-1
G074,G084,-0.002803969,-1
G020,G093,-0.002805745,-1
G023,G100,-0.0028084684,-1
G066,G068,-0.002811,-1
G006,G003,-0.0028135574,-1
G082,G088,-0.002814644,-1
G016,G080,-0.0028158624,-1
G066,G096,-0.0028163858,-1
G047,G034,-0.0028179327,-1
G069,G021,-0.0028183155,-1
G019,G088,-0.0028204997,-1
G077,G066,-0.0028218455,-1
G008,G098,-0.0028224846,-1
G010,G003,-0.0028239272,-1
G009,G061,-0.002824184,-1
G035,G010,-0.0028259146,-1
G040,G067,-0.0028265144,-1
G052,G014,-0.002830186,-1
G091,G083,-0.0028318637,-1
G085,G094,-0.0028335927,-1
G061,G022,-0.0028377112,-1
G012,G067,-0.0028378428,-1
G087,G030,-0.0028403944,-1
G014,G019,-0.0028444957,-1
G052,G017,-0.0028454983,-1
G018,G060,-0.002846568,-1
G068,G065,-0.0028476766,-1
G018,G092,-0.0028486312,-1
G045,G068,-0.0028509079,-1
G024,G023,-0.0028549999,-1
G074,G020,-0.0028553612,-1
G024,G081,-0.0028561328,-1
G081,G054,-0.0028587647,-1
G023,G066,-0.0028593892,-1
G001,G065,-0.0028636144,-1
G086,G025,-0.0028638626,-1
G047,G067,-0.0028699434,-1
G092,G091,-0.0028721364,-1
G034,G065,-0.0028725388,-1
G085,G051,-0.002873442,-1
G057,G049,-0.0028807442,-1
G022,G059,-0.0028867351,-1
G051,G056,-0.0028867663,-1
G068,G083,-0.0028872073,-1
G045,G065,-0.0028972097,-1
G041,G013,-0.0028979867,-1
G063,G027,-0.0029015546,-1
G008,G016,-0.0029034133,-1
G100,G018,-0.0029072843,-1
G037,G082,-0.0029090522,-1
G097,G035,-0.00290932,-1
G025,G094,-0.00290951,-1
G021,G032,-0.002910177,-1
G057,G027,-0.0029107209,-1
G022,G096,-0.0029173174,-1
G072,G059,-0.0029177545,-1
G003,G070,-0.0029222134,-1
G017,G040,-0.002925316,-1
G066,G021,-0.0029272982,-1
G001,G072,-0.0029305893,-1
G036,G080,-0.0029330275,-1
G050,G055,-0.0029338854,-1
G040,G066,-0.0029348268,-1
G024,G093,-0.0029367062,-1
G032,G077,-0.002936725,-1
G082,G060,-0.0029371134,-1
G083,G008,-0.0029386466,-1
G003,G059,-0.002939089,-1
G068,G008,-0.0029395968,-1
G020,G017,-0.0029446397,-1
G002,G052,-0.0029448478,-1
G005,G055,-0.0029458704,-1
G010,G073,-0.002947385,-1
G029,G089,-0.0029490888,-1
G092,G007,-0.002949253,-1
G029,G073,-0.0029494818,-1
G013,G002,-0.0029505787,-1
G091,G082,-0.0029535666,-1
G042,G013,-0.0029579422,-1
G007,G044,-0.0029634922,-1
G069,G077,-0.0029659767,-1
G021,G089,-0.002967224,-1
G067,G065,-0.0029696436,-1
G005,G058,-0.0029705365,-1
G037,G060,-0.0029870293,-1
G081,G066,-0.002987482,-1
G099,G058,-0.0029877906,-1
G096,G054,-0.0029893084,-1
G058,G054,-0.0029922351,-1
G069,G092,-0.0029976082,-1
G010,G027,-0.0029978934,-1
G011,G018,-0.0029991458,-1
G023,G027,-0.0030008033,-1
G002,G036,-0.0030073922,-1
G064,G071,-0.0030081966,-1
G095,G024,-0.0030116017,-1
G025,G065,-0.0030117033,-1
G008,G017,-0.003011849,-1
G036,G070,-0.0030135626,-1
G002,G068,-0.0030137855,-1
G007,G034,-0.003016262,-1
G096,G090,-0.0030183834,-1
G030,G047,-0.0030197152,-1
G065,G091,-0.0030222232,-1
G050,G023,-0.0030227543,-1
G047,G040,-0.0030314121,-1
G057,G075,-0.0030325763,-1
G013,G061,-0.003032656,-1
G096,G060,-0.0030333423,-1
G019,G060,-0.0030366785,-1
G070,G079,-0.003037342,-1
G024,G012,-0.003038213,-1
G052,G093,-0.003041925,-1
G022,G005,-0.0030422425,-1
G034,G003,-0.0030429654,-1
G014,G058,-0.00304526,-1
G045,G091,-0.0030465946,-1
G055,G016,-0.0030511399,-1
G013,G052,-0.0030516637,-1
G010,G039,-0.003051813,-1
G039,G100,-0.0030532484,-1
G014,G016,-0.0030554917,-1
G053,G034,-0.003057067,-1
G003,G052,-0.0030594177,-1
G070,G060,-0.0030595416,-1
G050,G093,-0.003063266,-1
G043,G027,-0.0030669528,-1
G079,G050,-0.0030716576,-1
G042,G022,-0.0030730136,-1
G020,G100,-0.0030745321,-1
G093,G044,-0.0030747578,-1
G034,G036,-0.003075277,-1
G069,G061,-0.0030783673,-1
G034,G060,-0.0030787387,-1
G010,G077,-0.0030800384,-1
G014,G054,-0.003080875,-1
G075,G064,-0.0030833094,-1
G025,G079,-0.0030833695,-1
G021,G094,-0.003083696,-1
G057,G064,-0.0030848265,-1
G097,G066,-0.0030870042,-1
G029,G065,-0.0030894973,-1
G043,G058,-0.0030897318,-1
G040,G032,-0.0030922561,-1
G035,G054,-0.0030932997,-1
G038,G041,-0.0030941186,-1
G088,G058,-0.0030949654,-1
G085,G059,-0.003097175,-1
G027,G077,-0.0031011947,-1
G008,G014,-0.0031012185,-1
G094,G036,-0.0031022464,-1
G013,G062,-0.0031099934,-1
G030,G042,-0.0031142565,-1
G038,G067,-0.0031160086,-1
G018,G082,-0.0031222831,-1
G021,G046,-0.003123894,-1
G007,G050,-0.0031259775,-1
G089,G006,-0.0031274671,-1
G067,G012,-0.003128444,-1
G071,G064,-0.0031295575,-1
G011,G020,-0.0031328457,-1
G045,G035,-0.0031362367,-1
G002,G008,-0.0031386684,-1
G012,G088,-0.0031414805,-1
G029,G036,-0.0031477227,-1
G029,G035,-0.0031521963,-1
G072,G090,-0.00315338,-1
G038,G042,-0.0031566096,-1
G014,G051,-0.003158338,-1
G025,G076,-0.0031594834,-1
G046,G016,-0.0031621645,-1
G023,G089,-0.0031670271,-1
G048,G054,-0.0031746263,-1
G089,G066,-0.0031754454,-1
G066,G076,-0.003176135,-1
G044,G015,-0.003177543,-1
G050,G056,-0.0031811278,-1
G005,G043,-0.0031817628,-1
G052,G009,-0.003182043,-1
G029,G078,-0.0031833483,-1
G053,G050,-0.0031860212,-1
G099,G002,-0.0031896483,-1
G086,G061,-0.0031904103,-1
G041,G087,-0.0031905689,-1
G027,G017,-0.0031925896,-1
G031,G026,-0.003193703,-1
G017,G072,-0.0031948737,-1
G079,G081,-0.0031981154,-1
G022,G010,-0.003199565,-1
G010,G100,-0.0032010488,-1
G017,G062,-0.0032012686,-1
G082,G062,-0.0032044163,-1
G017,G042,-0.003206011,-1
G093,G028,-0.0032091707,-1
G027,G070,-0.0032159577,-1
G042,G091,-0.0032248436,-1
G085,G089,-0.0032253054,-1
G097,G063,-0.0032265899,-1
G054,G044,-0.003226758,-1
G015,G075,-0.0032268274,-1
G076,G017,-0.003242916,-1
G099,G068,-0.0032469933,-1
G079,G048,-0.0032472936,-1
G063,G053,-0.0032488408,-1
G063,G094,-0.0032508224,-1
G058,G027,-0.003253581,-1
G039,G010,-0.0032535847,-1
G099,G033,-0.0032626532,-1
G063,G079,-0.0032651878,-1
G050,G024,-0.0032656325,-1
G021,G093,-0.0032675972,-1
G093,G056,-0.00326798,-1
G075,G078,-0.0032700307,-1
G086,G011,-0.0032701844,-1
G099,G047,-0.0032728133,-1
G062,G012,-0.0032741006,-1
G071,G066,-0.0032751255,-1
G092,G032,-0.003275571,-1
G058,G015,-0.003280525,-1
G039,G063,-0.003281121,-1
G081,G046,-0.0032830231,-1
G025,G044,-0.0032832362,-1
G004,G078,-0.0032851254,-1
G069,G075,-0.0032889217,-1
G028,G047,-0.0032895107,-1
G046,G047,-0.0032913263,-1
G043,G072,-0.0032921184,-1
G086,G003,-0.0032928064,-1
G089,G052,-0.0032949706,-1
G035,G065,-0.003295609,-1
G047,G086,-0.003298349,-1
G057,G017,-0.0033018745,-1
G052,G036,-0.003303049,-1
G007,G042,-0.0033061865,-1
G074,G082,-0.0033067772,-1
G076,G046,-0.0033070296,-1
G060,G088,-0.0033108138,-1
G015,G069,-0.0033176444,-1
G041,G020,-0.0033177715,-1
G049,G051,-0.0033187317,-1
G050,G035,-0.003319673,-1
G040,G065,-0.0033213708,-1
G096,G008,-0.0033221126,-1
G041,G019,-0.003323018,-1
G058,G022,-0.0033252575,-1
G060,G036,-0.0033314948,-1
G064,G073,-0.0033316677,-1
G039,G085,-0.0033324931,-1
G078,G068,-0.0033327471,-1
G002,G054,-0.0033344352,-1
G073,G067,-0.0033431558,-1
G073,G024,-0.0033445247,-1
G060,G087,-0.0033468886,-1
G006,G045,-0.0033518963,-1
G095,G043,-0.003355802,-1
G088,G059,-0.0033584156,-1
G068,G069,-0.0033614195,-1
G028,G043,-0.003364482,-1
G062,G085,-0.0033693945,-1
G078,G079,-0.0033726478,-1
G014,G066,-0.0033728252,-1
G083,G075,-0.003373508,-1
G047,G059,-0.0033740078,-1
G092,G040,-0.0033751049,-1
G062,G002,-0.003377596,-1
G090,G023,-0.0033785158,-1
G042,G032,-0.0033810472,-1
G050,G036,-0.0033847678,-1
G019,G085,-0.003387272,-1
G095,G020,-0.0033886423,-1
G098,G079,-0.0033899725,-1
G021,G086,-0.0033904843,-1
G043,G007,-0.0033904882,-1
G067,G099,-0.0033914796,-1
G064,G023,-0.0033922538,-1
G063,G064,-0.0033927136,-1
G070,G029,-0.00339282,-1
G026,G021,-0.0033929076,-1
G089,G098,-0.0033929702,-1
G025,G019,-0.0033933828,-1
G039,G042,-0.0033974226,-1
G080,G064,-0.003398205,-1
G032,G019,-0.0033987246,-1
G100,G004,-0.0033989036,-1
G062,G042,-0.0033999607,-1
G070,G008,-0.003404207,-1
G033,G071,-0.0034102737,-1
G052,G056,-0.0034121887,-1
G062,G031,-0.0034134772,-1
G056,G083,-0.0034150048,-1
G016,G084,-0.0034165788,-1
G097,G054,-0.0034168996,-1
G068,G060,-0.003421885,-1
G071,G053,-0.0034235371,-1
G051,G053,-0.0034240554,-1
G043,G096,-0.0034306687,-1
G038,G024,-0.0034344709,-1
G065,G029,-0.003438369,-1
G060,G085,-0.0034427848,-1
G069,G001,-0.0034438225,-1
G004,G098,-0.0034440048,-1
G093,G024,-0.003445341,-1
G032,G083,-0.003446483,-1
G004,G032,-0.0034486146,-1
G081,G036,-0.0034486323,-1
G043,G066,-0.003451009,-1
G086,G054,-0.0034517413,-1
G098,G066,-0.0034535204,-1
G029,G020,-0.0034598382,-1
G063,G071,-0.0034610913,-1
G032,G057,-0.0034744197,-1
G002,G026,-0.0034755894,-1
G037,G061,-0.0034769848,-1
G095,G059,-0.0034781324,-1
G005,G059,-0.0034792244,-1
G040,G073,-0.0034795555,-1
G032,G075,-0.003483535,-1
G070,G086,-0.0034879646,-1
G054,G098,-0.0034880051,-1
G093,G029,-0.0034900883,-1
G007,G091,-0.0034910946,-1
G059,G006,-0.0034921162,-1
G003,G040,-0.0034941044,-1
G094,G058,-0.0034941344,-1
G014,G012,-0.0034961635,-1
G036,G095,-0.0034969994,-1
G079,G052,-0.0035022097,-1
G083,G012,-0.0035068255,-1
G004,G019,-0.0035079324,-1
G082,G030,-0.003509403,-1
G026,G035,-0.003510627,-1
G056,G028,-0.0035118992,-1
G031,G066,-0.0035125648,-1
G100,G092,-0.0035131131,-1
G044,G038,-0.0035155953,-1
G030,G060,-0.0035171118,-1
G007,G003,-0.0035181607,-1
G011,G014,-0.0035205036,-1
G079,G016,-0.0035207984,-1
G018,G042,-0.0035209872,-1
G058,G090,-0.003521125,-1
G043,G012,-0.003522394,-1
G006,G016,-0.0035241556,-1
G029,G014,-0.0035255696,-1
G062,G036,-0.003526633,-1
G098,G076,-0.003528906,-1
G095,G087,-0.003531965,-1
G049,G020,-0.0035326695,-1
G041,G097,-0.003537926,-1
G063,G009,-0.0035399985,-1
G088,G038,-0.0035420079,-1
G038,G001,-0.0035454978,-1
G049,G099,-0.003551195,-1
G070,G098,-0.003556421,-1
G080,G084,-0.0035568892,-1
G001,G007,-0.0035783811,-1
G083,G051,-0.0035789835,-1
G061,G076,-0.0035790738,-1
G046,G031,-0.0035791032,-1
G083,G024,-0.003581425,-1
G034,G019,-0.0035823414,-1
G026,G049,-0.0035839232,-1
G040,G035,-0.0035842895,-1
G093,G013,-0.0035846778,-1
G051,G079,-0.0035863456,-1
G023,G050,-0.0035872618,-1
G063,G098,-0.0035888136,-1
G072,G042,-0.003588987,-1
G034,G095,-0.0035902308,-1
G043,G006,-0.0035915151,-1
G038,G007,-0.0035950006,-1
G012,G057,-0.0036005485,-1
G083,G062,-0.00360118,-1
G094,G014,-0.0036041932,-1
G036,G084,-0.003605529,-1
G074,G042,-0.0036069683,-1
G008,G021,-0.003607104,-1
G046,G021,-0.0036071455,-1
G025,G054,-0.003609857,-1
G060,G073,-0.0036140475,-1
G030,G084,-0.0036141474,-1
G081,G048,-0.0036145058,-1
G005,G044,-0.0036180455,-1
G063,G056,-0.0036185302,-1
G022,G068,-0.0036213864,-1
G069,G023,-0.0036217016,-1
G090,G021,-0.0036253587,-1
G028,G073,-0.0036260588,-1
G083,G047,-0.0036288025,-1
G016,G040,-0.003629676,-1
G057,G094,-0.0036306097,-1
G004,G093,-0.0036339208,-1
G018,G035,-0.003635613,-1
G076,G071,-0.0036410578,-1
G012,G034,-0.003641179,-1
G032,G055,-0.0036432017,-1
G089,G045,-0.0036451153,-1
G055,G064,-0.0036454964,-1
G100,G069,-0.0036459938,-1
G053,G066,-0.0036507428,-1
G066,G013,-0.0036522204,-1
G074,G077,-0.003653981,-1
G069,G089,-0.0036563904,-1
G029,G006,-0.003658374,-1
G085,G069,-0.0036588614,-1
G051,G025,-0.0036593836,-1
G051,G002,-0.0036600449,-1
G052,G060,-0.003660252,-1
G078,G080,-0.0036613557,-1
G015,G092,-0.003661801,-1
G044,G097,-0.0036696473,-1
G062,G024,-0.0036702685,-1
G046,G090,-0.0036741602,-1
G050,G060,-0.003675193,-1
G016,G012,-0.003675265,-1
G047,G045,-0.0036775628,-1
G004,G016,-0.0036812737,-1
G100,G045,-0.0036841477,-1
G030,G041,-0.0036857305,-1
G052,G029,-0.003686964,-1
G005,G088,-0.0036873366,-1
G098,G077,-0.0036902316,-1
G077,G037,-0.003690842,-1
G031,G036,-0.0036936095,-1
G039,G037,-0.0036961318,-1
G016,G045,-0.0036964465,-1
G056,G075,-0.0036968861,-1
G092,G069,-0.0037019644,-1
G085,G019,-0.003703627,-1
G036,G021,-0.0037089826,-1
G074,G076,-0.003717525,-1
G051,G080,-0.003717746,-1
G002,G078,-0.0037191494,-1
G055,G076,-0.003726317,-1
G087,G080,-0.00372657,-1
G036,G037,-0.0037294077,-1
G026,G068,-0.0037327558,-1
G009,G005,-0.0037327742,-1
G023,G017,-0.0037330615,-1
G011,G083,-0.003737838,-1
G007,G068,-0.0037383204,-1
G064,G100,-0.00374326,-1
G055,G054,-0.0037466807,-1
G008,G081,-0.0037475391,-1
G035,G044,-0.003751748,-1
G023,G070,-0.0037532074,-1
G059,G051,-0.0037574947,-1
G096,G066,-0.003765486,-1
G032,G065,-0.0037659404,-1
G056,G020,-0.003769273,-1
G065,G049,-0.0037703027,-1
G034,G084,-0.00377031,-1
G087,G052,-0.0037717265,-1
G051,G078,-0.0037745796,-1
G057,G061,-0.0037764895,-1
G010,G045,-0.0037783664,-1
G010,G059,-0.0037841764,-1
G058,G026,-0.003785413,-1
G061,G051,-0.003786072,-1
G071,G079,-0.0037883474,-1
G065,G051,-0.0037907874,-1
G040,G072,-0.0037917919,-1
G006,G024,-0.0037929465,-1
G080,G066,-0.0037942668,-1
G061,G029,-0.0037969828,-1
G065,G080,-0.0037998443,-1
G047,G004,-0.0038006976,-1
G061,G021,-0.0038014168,-1
G076,G039,-0.003801943,-1
G043,G088,-0.0038048208,-1
G043,G022,-0.0038071799,-1
G040,G091,-0.0038076383,-1
G096,G072,-0.00381373,-1
G016,G007,-0.003816379,-1
G060,G052,-0.003819131,-1
G069,G050,-0.0038202931,-1
G039,G038,-0.0038207623,-1
G042,G049,-0.0038221104,-1
G022,G073,-0.003822374,-1
G041,G056,-0.0038247015,-1
G041,G059,-0.0038275598,-1
G073,G093,-0.0038305114,-1
G041,G018,-0.0038334166,-1
G070,G062,-0.0038336401,-1
G095,G096,-0.003834226,-1
G037,G057,-0.0038388465,-1
G069,G033,-0.0038398632,-1
G004,G033,-0.0038421794,-1
G057,G029,-0.003845997,-1
G049,G035,-0.0038507148,-1
G072,G022,-0.003853558,-1
G077,G081,-0.0038541744,-1
G039,G022,-0.0038551292,-1
G079,G094,-0.003860471,-1
G002,G035,-0.003863082,-1
G068,G040,-0.0038640222,-1
G011,G098,-0.0038643614,-1
G016,G096,-0.003864419,-1
G024,G006,-0.003865255,-1
G093,G090,-0.003870121,-1
G069,G012,-0.0038721478,-1
G047,G029,-0.003872698,-1
G096,G085,-0.0038790617,-1
G098,G088,-0.0038808184,-1
G054,G043,-0.0038848668,-1
G006,G046,-0.00388658,-1
G040,G084,-0.0038868615,-1
G014,G025,-0.0038884138,-1
G060,G061,-0.0038920993,-1
G077,G087,-0.0038953668,-1
G033,G026,-0.0038960534,-1
G091,G099,-0.003896548,-1
G003,G004,-0.0038986977,-1
G058,G048,-0.0038991596,-1
G092,G005,-0.0038995238,-1
G095,G022,-0.0038996555,-1
G071,G089,-0.0039005429,-1
G063,G045,-0.003903218,-1
G087,G016,-0.0039083613,-1
G042,G044,-0.0039100754,-1
G078,G030,-0.003910969,-1
G022,G040,-0.0039121546,-1
G025,G005,-0.0039140834,-1
G022,G011,-0.0039141406,-1
G090,G046,-0.0039236452,-1
G037,G024,-0.0039259777,-1
G087,G001,-0.0039277105,-1
G075,G022,-0.003933815,-1
G057,G026,-0.003933951,-1
G072,G092,-0.0039360584,-1
G046,G079,-0.003942808,-1
G026,G092,-0.003945161,-1
G039,G009,-0.0039453837,-1
G043,G004,-0.0039460934,-1
G097,G040,-0.0039491006,-1
G077,G065,-0.00394971,-1
G088,G082,-0.003950131,-1
G023,G095,-0.0039508175,-1
G034,G097,-0.003955238,-1
G031,G052,-0.0039559454,-1
G086,G034,-0.003957404,-1
G053,G013,-0.003958699,-1
G031,G078,-0.0039592823,-1
G060,G096,-0.003959901,-1
G085,G049,-0.003961714,-1
G041,G064,-0.003963358,-1
G057,G092,-0.003964156,-1
G055,G086,-0.0039648805,-1
G013,G073,-0.003965323,-1
G053,G072,-0.003966157,-1
G065,G006,-0.0039661955,-1
G009,G066,-0.003966268,-1
G052,G053,-0.0039667105,-1
G082,G067,-0.0039680973,-1
G034,G018,-0.0039691483,-1
G012,G073,-0.003969722,-1
G078,G077,-0.0039703907,-1
G075,G005,-0.0039741206,-1
G007,G041,-0.0039764536,-1
G004,G029,-0.0039795693,-1
G051,G036,-0.003982378,-1
G047,G001,-0.0039861007,-1
G021,G026,-0.00399218,-1
G015,G006,-0.0039929403,-1
G018,G034,-0.0039940537,-1
G029,G018,-0.003995071,-1
G034,G078,-0.0039989087,-1
G098,G029,-0.0040009804,-1
G043,G061,-0.004001138,-1
G032,G069,-0.0040022526,-1
G005,G042,-0.004002644,-1
G054,G031,-0.0040030642,-1
G034,G063,-0.0040069236,-1
G086,G082,-0.0040069954,-1
G077,G006,-0.0040096585,-1
G059,G053,-0.004011026,-1
G060,G024,-0.0040120734,-1
G028,G098,-0.004013536,-1
G041,G046,-0.004018829,-1
G021,G034,-0.004020458,-1
G070,G027,-0.004021382,-1
G062,G081,-0.004023427,-1
G016,G036,-0.0040277336,-1
G042,G029,-0.004028148,-1
G038,G061,-0.0040304344,-1
G094,G009,-0.0040317667,-1
G031,G075,-0.004032978,-1
G061,G024,-0.0040372647,-1
G019,G070,-0.004039377,-1
G013,G064,-0.0040395055,-1
G099,G072,-0.0040430133,-1
G049,G042,-0.0040438455,-1
G045,G079,-0.0040451307,-1
G022,G007,-0.0040502856,-1
G043,G057,-0.0040539335,-1
G031,G039,-0.0040562632,-1
G028,G095,-0.0040623965,-1
G041,G060,-0.004067797,-1
G067,G005,-0.004069436,-1
G009,G067,-0.0040707802,-1
G080,G087,-0.0040740133,-1
G022,G014,-0.0040753842,-1
G069,G085,-0.004080635,-1
G088,G047,-0.0040830905,-1
G075,G073,-0.004084758,-1
G066,G001,-0.004085086,-1
G018,G091,-0.004085775,-1
G060,G047,-0.004086797,-1
G097,G022,-0.004091952,-1
G094,G028,-0.0040930095,-1
G001,G091,-0.00409353,-1
G043,G079,-0.004095455,-1
G044,G024,-0.0040966673,-1
G043,G082,-0.004109387,-1
G071,G065,-0.0041095484,-1
G064,G030,-0.0041130907,-1
G059,G023,-0.0041145883,-1
G026,G056,-0.0041170293,-1
G044,G062,-0.0041235434,-1
G004,G022,-0.004128469,-1
G025,G008,-0.0041288123,-1
G045,G076,-0.004134131,-1
G061,G037,-0.0041342997,-1
G026,G029,-0.0041354834,-1
G042,G024,-0.0041403314,-1
G036,G071,-0.0041408977,-1
G038,G080,-0.0041505154,-1
G062,G084,-0.0041521,-1
G014,G072,-0.0041580056,-1
G067,G091,-0.0041603316,-1
G097,G087,-0.0041609877,-1
G090,G069,-0.004162122,-1
G028,G048,-0.0041649924,-1
G037,G079,-0.0041651195,-1
G052,G045,-0.004174708,-1
G061,G059,-0.004176237,-1
G040,G088,-0.0041798325,-1
G028,G054,-0.0041831178,-1
G074,G010,-0.004187069,-1
G025,G083,-0.0041884375,-1
G024,G005,-0.004189183,-1
G041,G076,-0.0041893795,-1
G086,G039,-0.0042007286,-1
G037,G006,-0.0042026257,-1
G099,G069,-0.004205161,-1
G087,G050,-0.004205951,-1
G039,G075,-0.0042106807,-1
G015,G038,-0.0042121755,-1
G086,G087,-0.004215569,-1
G085,G038,-0.0042187474,-1
G096,G021,-0.004225486,-1
G060,G026,-0.0042263335,-1
G019,G051,-0.004227522,-1
G077,G082,-0.0042285216,-1
G017,G028,-0.004231398,-1
G084,G014,-0.004233567,-1
G011,G094,-0.0042354865,-1
G064,G010,-0.004235645,-1
G023,G008,-0.004241084,-1
G053,G046,-0.0042450195,-1
G072,G068,-0.0042452402,-1
G091,G096,-0.004250045,-1
G099,G081,-0.0042522354,-1
G035,G002,-0.0042556752,-1
G031,G043,-0.004264246,-1
G005,G057,-0.004269674,-1
G047,G053,-0.0042751925,-1
G024,G030,-0.0042765886,-1
G027,G041,-0.004279031,-1
G091,G098,-0.004281628,-1
G091,G041,-0.004283655,-1
G038,G068,-0.0042841034,-1
G028,G018,-0.0042928006,-1
G015,G087,-0.004295288,-1
G061,G091,-0.0042956565,-1
G072,G062,-0.0042961137,-1
G046,G078,-0.004298551,-1
G058,G052,-0.0043027815,-1
G067,G032,-0.004305742,-1
G097,G007,-0.004307914,-1
G047,G064,-0.004310066,-1
G059,G019,-0.0043151793,-1
G001,G056,-0.00431532,-1
G060,G071,-0.0043194373,-1
G063,G021,-0.0043202834,-1
G056,G045,-0.004320826,-1
G098,G083,-0.004320989,-1
G072,G055,-0.004321814,-1
G002,G007,-0.0043284236,-1
G044,G041,-0.0043287785,-1
G004,G011,-0.0043296567,-1
G090,G013,-0.0043358062,-1
G091,G054,-0.004336975,-1
G094,G085,-0.0043375823,-1
G037,G068,-0.0043410636,-1
G044,G010,-0.00434112,-1
G008,G051,-0.004343392,-1
G059,G022,-0.0043450384,-1
G057,G040,-0.0043459823,-1
G072,G041,-0.0043516764,-1
G071,G032,-0.0043522893,-1
G073,G038,-0.0043579056,-1
G064,G050,-0.004358148,-1
G085,G012,-0.0043590204,-1
G033,G061,-0.0043604383,-1
G079,G061,-0.004361036,-1
G078,G058,-0.0043623885,-1
G091,G010,-0.0043658097,-1
G059,G074,-0.0043662535,-1
G057,G048,-0.0043729153,-1
G093,G083,-0.004373064,-1
G065,G021,-0.0043739458,-1
G082,G034,-0.004375229,-1
G083,G036,-0.0043781,-1
G018,G009,-0.004381972,-1
G045,G044,-0.0043830066,-1
G089,G074,-0.0043832697,-1
G003,G100,-0.0043852157,-1
G060,G001,-0.0043853098,-1
G056,G081,-0.0043866113,-1
G020,G088,-0.0043885154,-1
G006,G027,-0.0043945676,-1
G094,G079,-0.0043949126,-1
G014,G010,-0.004395148,-1
G098,G002,-0.004399022,-1
G055,G007,-0.004401104,-1
G040,G041,-0.004401241,-1
G064,G019,-0.0044015865,-1
G022,G056,-0.004402168,-1
G077,G073,-0.004404967,-1
G035,G064,-0.0044050277,-1
G005,G008,-0.0044089323,-1
G005,G050,-0.004409106,-1
G044,G032,-0.004409127,-1
G053,G069,-0.004413578,-1
G030,G009,-0.004414956,-1
G046,G027,-0.0044159894,-1
G009,G059,-0.004419813,-1
G043,G054,-0.004423374,-1
G014,G042,-0.0044236775,-1
G016,G086,-0.004426647,-1
G013,G015,-0.0044318074,-1
G077,G039,-0.004435322,-1
G085,G067,-0.0044369595,-1
G012,G052,-0.0044391374,-1
G018,G050,-0.004439831,-1
G085,G005,-0.0044418066,-1
G023,G069,-0.0044423854,-1
G055,G089,-0.004445524,-1
G037,G046,-0.004450757,-1
G036,G077,-0.0044532763,-1
G007,G043,-0.0044551403,-1
G064,G074,-0.004455744,-1
G034,G049,-0.004456097,-1
G018,G011,-0.0044562994,-1
G041,G028,-0.0044598407,-1
G024,G092,-0.00446057,-1
G033,G009,-0.0044616545,-1
G001,G027,-0.004463216,-1
G048,G014,-0.0044645835,-1
G036,G058,-0.004464706,-1
G008,G048,-0.004465961,-1
G060,G048,-0.0044697286,-1
G078,G086,-0.004470809,-1
G018,G044,-0.00447374,-1
G079,G087,-0.0044745104,-1
G057,G067,-0.004475138,-1
G071,G080,-0.004476549,-1
G046,G057,-0.0044771903,-1
G012,G068,-0.004477611,-1
G087,G017,-0.0044786334,-1
G019,G023,-0.0044811266,-1
G086,G089,-0.0044818833,-1
G022,G017,-0.004488019,-1
G060,G089,-0.0044880873,-1
G074,G012,-0.004488951,-1
G041,G069,-0.004490644,-1
G064,G043,-0.0044944366,-1
G066,G037,-0.004494876,-1
G063,G036,-0.0044982624,-1
G034,G052,-0.004499401,-1
G062,G013,-0.0045163007,-1
G099,G098,-0.004516392,-1
G026,G080,-0.00452045,-1
G018,G062,-0.0045267586,-1
G007,G096,-0.0045319004,-1
G099,G079,-0.0045327586,-1
G097,G004,-0.004536385,-1
G024,G051,-0.004538174,-1
G054,G055,-0.0045412113,-1
G039,G007,-0.0045430916,-1
G006,G019,-0.0045432094,-1
G073,G076,-0.004546402,-1
G001,G094,-0.004547779,-1
G029,G034,-0.0045533064,-1
G076,G092,-0.0045537036,-1
G041,G051,-0.004553817,-1
G064,G002,-0.004555295,-1
G036,G078,-0.0045579923,-1
G073,G006,-0.004558102,-1
G062,G092,-0.0045600845,-1
G052,G086,-0.0045609702,-1
G042,G080,-0.0045613754,-1
G054,G050,-0.0045633744,-1
G038,G040,-0.0045645195,-1
G061,G053,-0.0045721703,-1
G058,G035,-0.00457232,-1
G033,G086,-0.0045728316,-1
G049,G031,-0.0045740665,-1
G021,G033,-0.0045836563,-1
G005,G080,-0.004584046,-1
G085,G003,-0.0045844717,-1
G008,G054,-0.004584726,-1
G039,G020,-0.004587348,-1
G052,G069,-0.0045877253,-1
G003,G091,-0.0045969193,-1
G044,G060,-0.0046018437,-1
G070,G056,-0.00460297,-1
G027,G019,-0.0046055773,-1
G021,G084,-0.00461432,-1
G009,G027,-0.0046172626,-1
G052,G087,-0.0046183756,-1
G073,G085,-0.0046281074,-1
G060,G037,-0.0046324846,-1
G098,G001,-0.0046326164,-1
G006,G053,-0.0046334197,-1
G050,G048,-0.0046409057,-1
G032,G007,-0.0046431967,-1
G012,G038,-0.00464475,-1
G040,G062,-0.0046519665,-1
G056,G018,-0.0046546436,-1
G070,G067,-0.0046576425,-1
G043,G084,-0.004664584,-1
G023,G080,-0.0046674223,-1
G002,G019,-0.0046757697,-1
G023,G046,-0.0046774754,-1
G096,G015,-0.0046800813,-1
G035,G037,-0.0046817022,-1
G097,G009,-0.0046875947,-1
G082,G090,-0.004688609,-1
G024,G037,-0.0046908488,-1
G051,G057,-0.004691014,-1
G099,G036,-0.0046915044,-1
G076,G067,-0.004697073,-1
G085,G079,-0.0047024335,-1
G027,G065,-0.0047040684,-1
G012,G022,-0.004704131,-1
G084,G091,-0.0047100293,-1
G030,G027,-0.004711316,-1
G048,G026,-0.0047131325,-1
G058,G065,-0.004720669,-1
G004,G067,-0.004720725,-1
G065,G030,-0.004721088,-1
G073,G041,-0.0047226516,-1
G089,G093,-0.0047234623,-1
G073,G056,-0.004724456,-1
G031,G090,-0.004730465,-1
G046,G084,-0.004732024,-1
G027,G051,-0.0047324505,-1
G068,G009,-0.0047328155,-1
G073,G075,-0.004734377,-1
G001,G042,-0.0047383346,-1
G069,G038,-0.004739536,-1
G087,G070,-0.0047426634,-1
G048,G050,-0.004746083,-1
G027,G042,-0.004748902,-1
G013,G081,-0.004751507,-1
G053,G057,-0.0047603454,-1
G072,G021,-0.0047608865,-1
G072,G043,-0.0047619874,-1
G094,G044,-0.0047624107,-1
G095,G035,-0.0047660857,-1
G076,G020,-0.0047711236,-1
G049,G061,-0.0047714678,-1
G060,G025,-0.0047741514,-1
G047,G028,-0.0047755814,-1
G089,G041,-0.0047797984,-1
G056,G055,-0.004782378,-1
G094,G002,-0.0047829435,-1
G048,G029,-0.004783593,-1
G023,G044,-0.004790539,-1
G051,G086,-0.0047917375,-1
G003,G034,-0.004801409,-1
G011,G070,-0.0048025534,-1
G036,G022,-0.0048060105,-1
G058,G089,-0.004807553,-1
G076,G008,-0.004808597,-1
G072,G036,-0.004825532,-1
G082,G028,-0.0048364513,-1
G061,G086,-0.004838353,-1
G046,G032,-0.004838882,-1
G050,G061,-0.0048419214,-1
G044,G077,-0.004844178,-1
G098,G016,-0.004849911,-1
G092,G001,-0.0048527145,-1
G080,G009,-0.004853354,-1
G009,G074,-0.0048534432,-1
G029,G048,-0.004854414,-1
G004,G082,-0.004855348,-1
G061,G089,-0.004860524,-1
G064,G026,-0.004860953,-1
G092,G028,-0.0048670005,-1
G039,G070,-0.004869115,-1
G034,G005,-0.004870037,-1
G054,G008,-0.0048735794,-1
G092,G014,-0.004875366,-1
G014,G100,-0.004876315,-1
G071,G014,-0.0048813857,-1
G006,G079,-0.0048869704,-1
G022,G043,-0.0048885196,-1
G035,G061,-0.0048893336,-1
G097,G028,-0.0048893928,-1
G036,G090,-0.004892271,-1
G069,G030,-0.004900532,-1
G049,G016,-0.004906883,-1
G017,G091,-0.0049082753,-1
G071,G041,-0.004910176,-1
G041,G094,-0.004911399,-1
G034,G035,-0.004911424,-1
G039,G092,-0.0049116868,-1
G076,G015,-0.0049118223,-1
G069,G048,-0.0049127536,-1
G076,G065,-0.0049169473,-1
G090,G053,-0.004923568,-1
G092,G085,-0.0049317577,-1
G010,G094,-0.0049326587,-1
G080,G003,-0.0049344245,-1
G091,G058,-0.004938116,-1
G064,G088,-0.0049442514,-1
G070,G033,-0.0049451045,-1
G044,G072,-0.004947157,-1
G059,G020,-0.0049496586,-1
G045,G082,-0.0049520787,-1
G094,G077,-0.004955401,-1
G061,G009,-0.0049637165,-1
G012,G033,-0.00496489,-1
G002,G016,-0.0049658585,-1
G092,G049,-0.004966078,-1
G028,G060,-0.0049667014,-1
G008,G004,-0.0049684746,-1
G040,G038,-0.0049697785,-1
G048,G077,-0.004972452,-1
G072,G089,-0.004973602,-1
G079,G003,-0.0049749087,-1
G072,G084,-0.004975059,-1
G100,G065,-0.004978204,-1
G061,G039,-0.0049846945,-1
G074,G088,-0.0049898094,-1
G095,G055,-0.0049958187,-1
G073,G064,-0.0049988134,-1
G003,G064,-0.0050019263,-1
G034,G041,-0.0050064176,-1
G100,G071,-0.0050089844,-1
G054,G082,-0.0050115967,-1
G094,G082,-0.005014441,-1
G027,G014,-0.005015877,-1
G012,G024,-0.005017704,-1
G053,G062,-0.0050181677,-1
G005,G026,-0.0050221495,-1
G083,G029,-0.0050225444,-1
G040,G058,-0.0050225863,-1
G007,G070,-0.0050235353,-1
G018,G098,-0.0050241766,-1
G021,G042,-0.0050282525,-1
G001,G019,-0.005031944,-1
G036,G074,-0.005033832,-1
G019,G027,-0.0050401795,-1
G068,G047,-0.0050442102,-1
G011,G058,-0.005050328,-1
G061,G045,-0.005051356,-1
G039,G077,-0.0050551593,-1
G097,G042,-0.0050558965,-1
G092,G009,-0.005057217,-1
G047,G094,-0.005060841,-1
G057,G076,-0.005061634,-1
G016,G023,-0.005062908,-1
G040,G082,-0.0050644763,-1
G062,G069,-0.005074378,-1
G099,G009,-0.0050749104,-1
G037,G076,-0.005078147,-1
G063,G034,-0.005078402,-1
G012,G037,-0.0050807977,-1
G051,G055,-0.0050821775,-1
G014,G078,-0.0050879656,-1
G036,G019,-0.0050908425,-1
G063,G065,-0.0050929524,-1
G067,G093,-0.0050943187,-1
G057,G004,-0.0051001254,-1
G029,G011,-0.005101389,-1
G098,G025,-0.005101446,-1
G046,G062,-0.0051053916,-1
G060,G015,-0.005111183,-1
G045,G033,-0.005112278,-1
G087,G002,-0.0051127356,-1
G002,G086,-0.0051205703,-1
G053,G096,-0.0051217815,-1
G089,G071,-0.005129723,-1
G054,G093,-0.005131831,-1
G024,G007,-0.005132542,-1
G032,G099,-0.0051326933,-1
G089,G020,-0.0051361574,-1
G081,G072,-0.0051376247,-1
G033,G077,-0.0051400294,-1
G046,G008,-0.0051417933,-1
G095,G085,-0.0051434543,-1
G047,G096,-0.005143614,-1
G077,G063,-0.005145404,-1
G042,G084,-0.005146248,-1
G055,G013,-0.0051463107,-1
G038,G005,-0.0051476955,-1
G011,G023,-0.0051497645,-1
G040,G061,-0.00515001,-1
G055,G022,-0.0051592253,-1
G063,G039,-0.005161459,-1
G053,G003,-0.0051650107,-1
G071,G003,-0.005165456,-1
G050,G070,-0.0051656393,-1
G039,G062,-0.0051692897,-1
G098,G064,-0.005169588,-1
G098,G097,-0.005170081,-1
G083,G069,-0.0051758145,-1
G096,G082,-0.005176165,-1
G018,G010,-0.005177152,-1
G092,G071,-0.0051776036,-1
G059,G035,-0.005178755,-1
G035,G049,-0.005180036,-1
G015,G023,-0.005181187,-1
G025,G036,-0.005183897,-1
G093,G050,-0.0051880665,-1
G077,G062,-0.0051904563,-1
G077,G053,-0.005197497,-1
G089,G059,-0.0051998114,-1
G016,G035,-0.005201999,-1
G011,G013,-0.005202554,-1
G075,G016,-0.0052050166,-1
G044,G054,-0.005207534,-1
G048,G093,-0.005210827,-1
G039,G028,-0.0052155117,-1
G008,G049,-0.0052157217,-1
G037,G025,-0.005229493,-1
G053,G014,-0.005232931,-1
G056,G019,-0.0052359337,-1
G056,G068,-0.005237808,-1
G087,G093,-0.0052397265,-1
G062,G090,-0.0052398522,-1
G089,G028,-0.005240515,-1
G072,G007,-0.005245381,-1
G029,G009,-0.005245584,-1
G048,G033,-0.005247303,-1
G009,G051,-0.005250321,-1
G100,G059,-0.0052554947,-1
G042,G034,-0.0052595255,-1
G029,G066,-0.0052601425,-1
G034,G092,-0.005262948,-1
G083,G034,-0.005263895,-1
G092,G020,-0.0052640485,-1
G009,G042,-0.00526567,-1
G034,G070,-0.0052678417,-1
G086,G029,-0.005277605,-1
G100,G067,-0.005283263,-1
G020,G054,-0.005288194,-1
G004,G076,-0.005290065,-1
G098,G053,-0.00529235,-1
G006,G060,-0.0053061033,-1
G014,G006,-0.005307254,-1
G063,G083,-0.0053104865,-1
G018,G100,-0.005313577,-1
G030,G031,-0.005321232,-1
G085,G009,-0.005335453,-1
G081,G098,-0.0053372444,-1
G060,G007,-0.0053373654,-1
G028,G024,-0.0053413874,-1
G066,G048,-0.0053437958,-1
G034,G033,-0.0053515653,-1
G004,G035,-0.0053534876,-1
G053,G074,-0.005354238,-1
G074,G083,-0.0053556724,-1
G025,G009,-0.0053560627,-1
G057,G084,-0.0053573623,-1
G052,G099,-0.0053668343,-1
G073,G026,-0.005366874,-1
G016,G066,-0.0053676865,-1
G012,G087,-0.005370268,-1
G052,G019,-0.005375627,-1
G025,G095,-0.0053798687,-1
G015,G052,-0.0053851623,-1
G073,G025,-0.0053949556,-1
G021,G051,-0.005395911,-1
G014,G013,-0.005400905,-1
G098,G050,-0.005401824,-1
G080,G079,-0.0054060016,-1
G035,G018,-0.005407349,-1
G077,G080,-0.0054089376,-1
G087,G095,-0.005410896,-1
G046,G087,-0.0054150983,-1
G043,G016,-0.005415148,-1
G069,G004,-0.0054218364,-1
G085,G052,-0.005422627,-1
G020,G098,-0.0054245545,-1
G071,G030,-0.0054276953,-1
G012,G011,-0.0054287976,-1
G035,G066,-0.0054313582,-1
G062,G045,-0.005431413,-1
G087,G067,-0.0054440773,-1
G025,G061,-0.005444421,-1
G034,G057,-0.005450188,-1
G092,G094,-0.005450875,-1
G069,G032,-0.0054518264,-1
G065,G022,-0.0054551414,-1
G030,G072,-0.005461007,-1
G055,G100,-0.0054656435,-1
G100,G013,-0.0054657697,-1
G077,G029,-0.0054703723,-1
G045,G028,-0.0054725595,-1
G071,G096,-0.005473174,-1
G091,G084,-0.005473267,-1
G038,G050,-0.0054799416,-1
G083,G099,-0.005483589,-1
G017,G068,-0.005485344,-1
G071,G034,-0.00548575,-1
G033,G093,-0.0054870546,-1
G073,G096,-0.0054873116,-1
G056,G046,-0.0054895594,-1
G052,G097,-0.0054910295,-1
G005,G032,-0.0054921377,-1
G006,G062,-0.005493509,-1
G075,G009,-0.0054964577,-1
G080,G077,-0.005499742,-1
G079,G007,-0.005501067,-1
G070,G014,-0.005501316,-1
G054,G022,-0.005501689,-1
G061,G040,-0.0055067814,-1
G087,G025,-0.0055097523,-1
G020,G004,-0.005511675,-1
G094,G091,-0.0055116843,-1
G025,G045,-0.0055134837,-1
G037,G004,-0.005514704,-1
G080,G072,-0.00551676,-1
G048,G039,-0.0055174995,-1
G040,G020,-0.0055186218,-1
G017,G067,-0.0055207945,-1
G099,G084,-0.0055228313,-1
G071,G016,-0.0055252775,-1
G027,G038,-0.0055263094,-1
G016,G014,-0.005533089,-1
G035,G023,-0.0055402583,-1
G002,G075,-0.0055423034,-1
G043,G093,-0.0055467905,-1
G056,G032,-0.005552044,-1
G052,G082,-0.0055612563,-1
G001,G047,-0.005562788,-1
G005,G002,-0.0055661756,-1
G073,G048,-0.005568716,-1
G071,G063,-0.0055691306,-1
G012,G020,-0.0055696485,-1
G049,G093,-0.0055815144,-1
G098,G035,-0.005583105,-1
G084,G093,-0.0055859974,-1
G049,G001,-0.0055902847,-1
G100,G093,-0.005594376,-1
G072,G083,-0.0055985027,-1
G014,G041,-0.00559871,-1
G027,G059,-0.00560798,-1
G035,G090,-0.005609012,-1
G012,G092,-0.005609066,-1
G024,G054,-0.005610026,-1
G090,G087,-0.005615653,-1
G049,G005,-0.0056195124,-1
G039,G069,-0.0056209913,-1
G090,G060,-0.0056235245,-1
G033,G041,-0.0056288373,-1
G008,G099,-0.0056299777,-1
G063,G061,-0.005637609,-1
G005,G041,-0.005637746,-1
G011,G062,-0.005639254,-1
G005,G082,-0.005639471,-1
G034,G071,-0.005639933,-1
G072,G070,-0.0056483475,-1
G077,G009,-0.0056489585,-1
G039,G055,-0.005650018,-1
G065,G082,-0.005650817,-1
G014,G065,-0.00565325,-1
G052,G031,-0.00565458,-1
G089,G038,-0.0056551853,-1
G077,G028,-0.005656298,-1
G094,G024,-0.005669619,-1
G012,G004,-0.0056746136,-1
G066,G061,-0.0056782085,-1
G076,G089,-0.0056854733,-1
G041,G010,-0.0056925807,-1
G100,G099,-0.0056935376,-1
G020,G097,-0.005695461,-1
G096,G019,-0.005696623,-1
G052,G064,-0.005697205,-1
G041,G091,-0.0056982543,-1
G028,G006,-0.0056982767,-1
G021,G080,-0.0056987195,-1
G068,G087,-0.005702865,-1
G063,G093,-0.005708276,-1
G090,G025,-0.0057146885,-1
G065,G074,-0.005724454,-1
G074,G089,-0.0057254722,-1
G085,G097,-0.005726719,-1
G019,G038,-0.005727478,-1
G001,G062,-0.005738709,-1
G041,G006,-0.005738859,-1
G052,G037,-0.0057433997,-1
G058,G088,-0.005745526,-1
G057,G052,-0.005746456,-1
G036,G087,-0.0057550506,-1
G073,G079,-0.0057555316,-1
G083,G097,-0.005756962,-1
G053,G012,-0.0057570785,-1
G058,G010,-0.005759049,-1
G024,G057,-0.0057609226,-1
G029,G079,-0.005766185,-1
G025,G056,-0.0057676565,-1
G010,G013,-0.005771838,-1
G013,G079,-0.005775116,-1
G079,G078,-0.005776786,-1
G062,G026,-0.005777545,-1
G078,G097,-0.005778219,-1
G072,G015,-0.005779215,-1
G080,G034,-0.0057823625,-1
G084,G018,-0.0057830876,-1
G016,G075,-0.0057842648,-1
G050,G032,-0.0057845046,-1
G062,G033,-0.0057850457,-1
G006,G007,-0.005791071,-1
G024,G022,-0.0057913573,-1
G064,G056,-0.005792469,-1
G069,G024,-0.0058000972,-1
G006,G099,-0.0058011254,-1
G032,G002,-0.0058027203,-1
G073,G088,-0.0058041816,-1
G005,G052,-0.0058115264,-1
G074,G023,-0.005818654,-1
G033,G060,-0.0058193523,-1
G085,G017,-0.0058194147,-1
G017,G071,-0.005823557,-1
G076,G027,-0.005825256,-1
G020,G073,-0.005826375,-1
G096,G074,-0.005838004,-1
G085,G027,-0.0058468278,-1
G063,G028,-0.0058475626,-1
G099,G059,-0.0058481973,-1
G028,G012,-0.00585112,-1
G030,G008,-0.0058515826,-1
G050,G052,-0.005852348,-1
G006,G026,-0.00586055,-1
G057,G043,-0.0058607585,-1
G094,G093,-0.005861332,-1
G026,G015,-0.005866452,-1
G095,G039,-0.0058669834,-1
G001,G020,-0.0058670733,-1
G100,G078,-0.005871672,-1
G084,G047,-0.005877159,-1
G044,G079,-0.0058806567,-1
G059,G062,-0.005883827,-1
G069,G015,-0.005884376,-1
G017,G037,-0.00589085,-1
G063,G069,-0.0059040044,-1
G078,G083,-0.0059068883,-1
G028,G096,-0.0059112976,-1
G006,G061,-0.0059145493,-1
G057,G038,-0.005917406,-1
G040,G002,-0.0059225457,-1
G031,G024,-0.005922703,-1
G051,G062,-0.005924267,-1
G008,G091,-0.0059278156,-1
G011,G053,-0.00592934,-1
G006,G021,-0.00593418,-1
G026,G003,-0.0059391162,-1
G090,G008,-0.00594478,-1
G002,G005,-0.005957901,-1
G048,G007,-0.0059616365,-1
G100,G041,-0.005967282,-1
G095,G100,-0.005976242,-1
G058,G091,-0.0059796656,-1
G071,G015,-0.005982711,-1
G050,G025,-0.005983323,-1
G094,G033,-0.0059853485,-1
G044,G002,-0.005987973,-1
G075,G053,-0.0059908503,-1
G089,G086,-0.00599119,-1
G007,G078,-0.0059926766,-1
G037,G015,-0.005992873,-1
G064,G012,-0.005995653,-1
G082,G003,-0.005998662,-1
G008,G071,-0.0060005058,-1
G050,G007,-0.00600144,-1
G025,G092,-0.0060075847,-1
G043,G002,-0.006008532,-1
G009,G022,-0.006012752,-1
G007,G089,-0.0060166987,-1
G071,G052,-0.0060168207,-1
G055,G095,-0.006019164,-1
G003,G061,-0.006019346,-1
G053,G024,-0.006022171,-1
G049,G089,-0.0060222307,-1
G013,G026,-0.006028411,-1
G038,G091,-0.006028496,-1
G073,G092,-0.006029154,-1
G071,G097,-0.0060376753,-1
G055,G029,-0.0060397354,-1
G036,G059,-0.0060398807,-1
G011,G003,-0.0060457774,-1
G065,G083,-0.006045913,-1
G093,G070,-0.006046697,-1
G099,G065,-0.006048073,-1
G069,G019,-0.0060514202,-1
G003,G009,-0.0060580336,-1
G010,G091,-0.006059434,-1
G083,G084,-0.0060615223,-1
G012,G030,-0.0060730944,-1
G040,G074,-0.0060739745,-1
G058,G021,-0.006076565,-1
G022,G066,-0.0060767783,-1
G028,G077,-0.0060805585,-1
G088,G076,-0.0060852603,-1
G036,G063,-0.0060861385,-1
G034,G031,-0.006087034,-1
G081,G004,-0.006099309,-1
G046,G006,-0.0061025377,-1
G067,G037,-0.0061065643,-1
G021,G011,-0.0061111026,-1
G018,G029,-0.0061141104,-1
G036,G056,-0.00611492,-1
G013,G091,-0.006115795,-1
G069,G005,-0.0061158575,-1
G067,G071,-0.0061244266,-1
G076,G025,-0.0061296243,-1
G005,G003,-0.006141971,-1
G074,G009,-0.0061449152,-1
G055,G032,-0.0061454056,-1
G057,G096,-0.006149265,-1
G040,G016,-0.00615483,-1
G013,G089,-0.006161685,-1
G003,G020,-0.0061619594,-1
G056,G096,-0.006167418,-1
G047,G074,-0.0061758086,-1
G008,G023,-0.0061796606,-1
G088,G029,-0.0061814496,-1
G074,G098,-0.0061839405,-1
G060,G011,-0.0061853803,-1
G094,G086,-0.0061994786,-1
G085,G084,-0.006200164,-1
G069,G084,-0.0062045697,-1
G088,G078,-0.0062080086,-1
G015,G007,-0.006216569,-1
G028,G078,-0.006223133,-1
G030,G074,-0.0062263696,-1
G054,G065,-0.0062266947,-1
G081,G095,-0.006230679,-1
G069,G014,-0.0062318114,-1
G021,G058,-0.0062326537,-1
G041,G003,-0.006233954,-1
G035,G027,-0.006234187,-1
G071,G039,-0.0062348726,-1
G007,G045,-0.006239717,-1
G081,G011,-0.0062465617,-1
G041,G083,-0.0062483484,-1
G061,G015,-0.006251396,-1
G003,G017,-0.0062545426,-1
G080,G036,-0.0062628775,-1
G050,G043,-0.006265728,-1
G053,G038,-0.006266705,-1
G084,G049,-0.006267397,-1
G039,G078,-0.0062700445,-1
G073,G027,-0.006270854,-1
G068,G062,-0.0062723,-1
G091,G007,-0.0062761386,-1
G023,G075,-0.006278095,-1
G057,G044,-0.00628032,-1
G030,G063,-0.0062855524,-1
G032,G067,-0.006288033,-1
G035,G092,-0.0062904865,-1
G100,G001,-0.006294931,-1
G064,G046,-0.006300662,-1
G021,G036,-0.006312695,-1
G099,G056,-0.0063224905,-1
G083,G022,-0.0063285893,-1
G093,G065,-0.0063322424,-1
G026,G091,-0.006334504,-1
G028,G040,-0.0063349395,-1
G050,G008,-0.006335576,-1
G087,G089,-0.006336489,-1
G049,G030,-0.0063373996,-1
G090,G011,-0.0063411356,-1
G072,G035,-0.0063439924,-1
G056,G098,-0.0063459333,-1
G083,G005,-0.006346382,-1
G085,G065,-0.006349227,-1
G046,G051,-0.006350584,-1
G004,G089,-0.006350922,-1
G050,G027,-0.006356826,-1
G094,G071,-0.0063597383,-1
G036,G040,-0.006360148,-1
G082,G009,-0.00637688,-1
G009,G095,-0.0063806125,-1
G030,G026,-0.0063831112,-1
G060,G018,-0.00638377,-1
G085,G083,-0.006392264,-1
G048,G074,-0.0063928445,-1
G041,G036,-0.00640644,-1
G046,G039,-0.00640924,-1
G094,G087,-0.0064092637,-1
G080,G055,-0.006411227,-1
G012,G007,-0.0064126924,-1
G057,G099,-0.0064161923,-1
G001,G051,-0.006420508,-1
G035,G034,-0.006422319,-1
G021,G068,-0.0064229183,-1
G074,G001,-0.0064240247,-1
G055,G090,-0.0064290203,-1
G070,G026,-0.006429753,-1
G033,G039,-0.0064368118,-1
G035,G086,-0.0064387172,-1
G057,G097,-0.006443815,-1
G033,G058,-0.0064506247,-1
G087,G024,-0.006450917,-1
G006,G028,-0.006452409,-1
G019,G030,-0.006453957,-1
G070,G064,-0.0064543015,-1
G097,G043,-0.0064582853,-1
G030,G010,-0.0064589567,-1
G074,G037,-0.006459521,-1
G038,G029,-0.006460578,-1
G026,G061,-0.006466738,-1
G029,G045,-0.0064699226,-1
G009,G034,-0.006473047,-1
G042,G061,-0.0064791143,-1
G041,G071,-0.0064795734,-1
G095,G019,-0.006481372,-1
G084,G034,-0.006491941,-1
G051,G093,-0.006494511,-1
G019,G075,-0.0064955605,-1
G084,G044,-0.0064990246,-1
G014,G031,-0.0065005794,-1
G093,G046,-0.0065007787,-1
G082,G077,-0.0065085483,-1
G001,G037,-0.0065087965,-1
G071,G055,-0.0065099853,-1
G018,G054,-0.006511725,-1
G029,G056,-0.0065132403,-1
G034,G076,-0.0065168594,-1
G058,G087,-0.0065187397,-1
G053,G065,-0.0065200296,-1
G084,G013,-0.0065204017,-1
G012,G040,-0.0065324167,-1
G025,G002,-0.006532544,-1
G025,G010,-0.006542115,-1
G053,G028,-0.0065485947,-1
G005,G092,-0.006550805,-1
G034,G051,-0.0065529165,-1
G076,G016,-0.006558174,-1
G058,G057,-0.006562237,-1
G017,G020,-0.006566863,-1
G070,G059,-0.0065729422,-1
G068,G024,-0.0065730875,-1
G038,G010,-0.006575281,-1
G017,G031,-0.006584631,-1
G092,G043,-0.006588058,-1
G023,G031,-0.006588265,-1
G023,G073,-0.0066001667,-1
G037,G099,-0.006602041,-1
G013,G005,-0.006607951,-1
G061,G097,-0.0066119735,-1
G011,G039,-0.0066132275,-1
G098,G081,-0.0066132573,-1
G041,G044,-0.0066133873,-1
G072,G063,-0.006614332,-1
G009,G055,-0.0066168294,-1
G062,G058,-0.0066177263,-1
G035,G050,-0.0066189365,-1
G080,G071,-0.0066231033,-1
G037,G020,-0.006630773,-1
G026,G073,-0.0066311946,-1
G055,G091,-0.0066378233,-1
G077,G025,-0.00663859,-1
G043,G040,-0.006640534,-1
G009,G069,-0.006641189,-1
G074,G031,-0.006642738,-1
G091,G031,-0.0066443747,-1
G082,G011,-0.0066446546,-1
G094,G055,-0.006650633,-1
G054,G027,-0.0066551794,-1
G090,G064,-0.006659279,-1
G048,G086,-0.006661637,-1
G072,G029,-0.00666397,-1
G022,G015,-0.006672785,-1
G094,G061,-0.006673484,-1
G081,G023,-0.0066744154,-1
G057,G020,-0.0066747875,-1
G087,G059,-0.0066779493,-1
G100,G008,-0.006680446,-1
G090,G058,-0.0066826106,-1
G055,G041,-0.006685498,-1
G014,G021,-0.006686858,-1
G080,G008,-0.0066956356,-1
G045,G078,-0.0066984934,-1
G085,G091,-0.0067051845,-1
G028,G013,-0.0067052813,-1
G040,G052,-0.006707954,-1
G001,G090,-0.006710626,-1
G022,G021,-0.006712114,-1
G081,G039,-0.0067137093,-1
G100,G086,-0.0067207627,-1
G092,G029,-0.006720886,-1
G048,G071,-0.006729613,-1
G022,G034,-0.0067334846,-1
G074,G072,-0.0067345607,-1
G084,G094,-0.006739181,-1
G089,G076,-0.006750627,-1
G088,G015,-0.0067534954,-1
G025,G014,-0.006755269,-1
G093,G059,-0.006759352,-1
G042,G097,-0.0067598377,-1
G074,G081,-0.006760082,-1
G087,G010,-0.006762952,-1
G010,G002,-0.006764036,-1
G076,G066,-0.0067742066,-1
G032,G094,-0.006788054,-1
G015,G028,-0.006791663,-1
G093,G071,-0.0068004997,-1
G025,G048,-0.0068008997,-1
G043,G024,-0.006807646,-1
G026,G085,-0.006808481,-1
G053,G036,-0.0068189283,-1
G099,G085,-0.006829374,-1
G068,G052,-0.006831231,-1
G077,G012,-0.0068374146,-1
G001,G035,-0.0068408586,-1
G011,G041,-0.0068412707,-1
G013,G067,-0.0068446957,-1
G015,G060,-0.006845653,-1
G076,G094,-0.006849602,-1
G086,G083,-0.006857051,-1
G090,G004,-0.0068606962,-1
G029,G059,-0.006866999,-1
G024,G078,-0.0068672523,-1
G002,G009,-0.0068686223,-1
G088,G008,-0.0068695094,-1
G008,G087,-0.006876944,-1
G006,G013,-0.006884649,-1
G055,G028,-0.0068847365,-1
G023,G056,-0.0068876585,-1
G003,G033,-0.006891797,-1
G035,G015,-0.0068947314,-1
G006,G093,-0.006898791,-1
G028,G075,-0.0068997587,-1
G074,G024,-0.006902339,-1
G084,G069,-0.0069030616,-1
G076,G023,-0.006908589,-1
G024,G042,-0.006911854,-1
G009,G021,-0.0069224895,-1
G049,G010,-0.006923786,-1
G062,G020,-0.006927817,-1
G065,G098,-0.006945999,-1
G027,G057,-0.006948193,-1
G099,G087,-0.006950291,-1
G064,G095,-0.006958282,-1
G029,G086,-0.0069605387,-1
G014,G023,-0.0069636274,-1
G038,G035,-0.0069638584,-1
G034,G077,-0.0069662714,-1
G065,G026,-0.0069716424,-1
G009,G099,-0.0069722203,-1
G079,G055,-0.0069735157,-1
G047,G092,-0.006974778,-1
G030,G096,-0.006977155,-1
G052,G042,-0.006978679,-1
G042,G016,-0.006984833,-1
G089,G054,-0.00699041,-1
G082,G014,-0.006992942,-1
G001,G057,-0.006999386,-1
G100,G011,-0.007002961,-1
G089,G039,-0.007003185,-1
G009,G007,-0.007008315,-1
G080,G070,-0.0070123393,-1
G029,G071,-0.007016436,-1
G033,G029,-0.0070165815,-1
G039,G060,-0.0070181536,-1
G019,G013,-0.007021774,-1
G007,G064,-0.007025604,-1
G051,G084,-0.007034129,-1
G026,G070,-0.007036893,-1
G080,G035,-0.007037785,-1
G078,G074,-0.0070427847,-1
G059,G100,-0.007046804,-1
G087,G092,-0.0070474134,-1
G008,G033,-0.0070502004,-1
G054,G042,-0.00705527,-1
G074,G011,-0.007057111,-1
G096,G059,-0.0070593962,-1
G091,G044,-0.007060794,-1
G073,G005,-0.0070667174,-1
G067,G006,-0.0070669353,-1
G060,G064,-0.0070746853,-1
G079,G006,-0.0070787845,-1
G008,G036,-0.007084952,-1
G002,G089,-0.007086955,-1
G086,G047,-0.0070965546,-1
G098,G039,-0.007098354,-1
G005,G040,-0.007100527,-1
G087,G085,-0.0071034706,-1
G078,G047,-0.0071095377,-1
G055,G036,-0.007114289,-1
G002,G024,-0.007118303,-1
G019,G097,-0.007151353,-1
G005,G086,-0.007151388,-1
G051,G050,-0.007157597,-1
G041,G016,-0.0071633914,-1
G020,G063,-0.007189727,-1
G040,G071,-0.0071914084,-1
G058,G070,-0.0071991635,-1
G057,G074,-0.007199965,-1
G026,G076,-0.007204185,-1
G077,G083,-0.0072095636,-1
G084,G030,-0.007210636,-1
G037,G003,-0.007222268,-1
G081,G005,-0.007225618,-1
G011,G085,-0.007230356,-1
G096,G044,-0.0072323037,-1
G056,G065,-0.0072383373,-1
G057,G088,-0.00724865,-1
G084,G068,-0.0072489167,-1
G060,G023,-0.0072506606,-1
G081,G088,-0.007251986,-1
G086,G065,-0.0072520804,-1
G073,G047,-0.0072565265,-1
G099,G045,-0.0072741364,-1
G018,G017,-0.0072776303,-1
G046,G045,-0.0072784186,-1
G082,G053,-0.0072889104,-1
G078,G053,-0.007297953,-1
G012,G056,-0.0073035574,-1
G064,G057,-0.0073040207,-1
G098,G051,-0.007308449,-1
G022,G031,-0.0073085804,-1
G060,G039,-0.007309064,-1
G031,G088,-0.007312805,-1
G022,G044,-0.0073245773,-1
G014,G043,-0.007331079,-1
G031,G044,-0.007335024,-1
G083,G073,-0.00733604,-1
G005,G022,-0.0073463246,-1
G027,G076,-0.0073508867,-1
G091,G079,-0.0073540136,-1
G008,G002,-0.0073555037,-1
G062,G019,-0.0073568425,-1
G064,G093,-0.0073587545,-1
G075,G003,-0.0073590376,-1
G098,G067,-0.007366017,-1
G001,G040,-0.007373757,-1
G046,G049,-0.0073746736,-1
G059,G041,-0.007375298,-1
G001,G083,-0.00738409,-1
G027,G099,-0.007389539,-1
G023,G019,-0.0073911417,-1
G012,G050,-0.0073935334,-1
G023,G090,-0.007400953,-1
G054,G099,-0.0074013104,-1
G092,G010,-0.007415241,-1
G054,G033,-0.00741921,-1
G013,G021,-0.0074208532,-1
G033,G018,-0.0074209045,-1
G030,G048,-0.0074286847,-1
G099,G086,-0.00743031,-1
G070,G073,-0.007433528,-1
G019,G005,-0.007437406,-1
G094,G003,-0.0074385223,-1
G025,G089,-0.0074416315,-1
G062,G083,-0.007454803,-1
G059,G038,-0.0074551594,-1
G063,G068,-0.007463818,-1
G025,G099,-0.007465424,-1
G032,G036,-0.007479738,-1
G027,G073,-0.007486581,-1
G081,G077,-0.0074883485,-1
G009,G048,-0.007492086,-1
G083,G053,-0.0074950904,-1
G099,G034,-0.0075014923,-1
G054,G056,-0.0075024897,-1
G043,G076,-0.0075037954,-1
G093,G027,-0.007504812,-1
G086,G009,-0.0075054797,-1
G013,G037,-0.007509519,-1
G052,G078,-0.0075107333,-1
G014,G099,-0.0075107613,-1
G096,G100,-0.007519626,-1
G043,G045,-0.0075205825,-1
G002,G092,-0.0075328094,-1
G086,G081,-0.0075365715,-1
G063,G055,-0.0075464123,-1
G082,G029,-0.0075486246,-1
G037,G018,-0.007554201,-1
G065,G058,-0.0075599514,-1
G020,G099,-0.0075613866,-1
G010,G017,-0.007562268,-1
G065,G043,-0.0075789755,-1
G089,G049,-0.0075795194,-1
G033,G028,-0.0075814924,-1
G021,G095,-0.0075850138,-1
G057,G012,-0.0075889085,-1
G059,G004,-0.007591669,-1
G088,G035,-0.007598359,-1
G070,G009,-0.0075994376,-1
G044,G007,-0.007608257,-1
G010,G004,-0.00761251,-1
G053,G061,-0.0076130615,-1
G046,G005,-0.007614856,-1
G079,G042,-0.0076181637,-1
G091,G090,-0.0076232785,-1
G062,G017,-0.0076399064,-1
G066,G088,-0.0076430496,-1
G078,G026,-0.0076512164,-1
G025,G035,-0.0076610195,-1
G095,G054,-0.0076688854,-1
G086,G050,-0.007672626,-1
G018,G032,-0.007673693,-1
G040,G046,-0.007673899,-1
G046,G052,-0.007676235,-1
G021,G020,-0.0076846024,-1
G066,G075,-0.007689056,-1
G091,G035,-0.0076936656,-1
G067,G086,-0.007694296,-1
G071,G054,-0.007695621,-1
G009,G087,-0.0076971143,-1
G046,G068,-0.0077002123,-1
G095,G072,-0.0077098818,-1
G083,G019,-0.0077173472,-1
G015,G009,-0.007722964,-1
G033,G030,-0.0077355886,-1
G086,G052,-0.007735895,-1
G068,G054,-0.00773628,-1
G015,G046,-0.0077366037,-1
G099,G050,-0.00773923,-1
G072,G009,-0.007742226,-1
G004,G001,-0.0077462075,-1
G052,G021,-0.007753468,-1
G083,G010,-0.0077598677,-1
G012,G045,-0.007760863,-1
G052,G020,-0.0077641457,-1
G047,G046,-0.0077772,-1
G019,G063,-0.007781551,-1
G028,G042,-0.0077894945,-1
G055,G059,-0.0077920733,-1
G015,G004,-0.007812841,-1
G004,G018,-0.00781759,-1
G047,G087,-0.007822919,-1
G048,G013,-0.007826614,-1
G066,G041,-0.007828417,-1
G016,G039,-0.007829347,-1
G051,G011,-0.007829484,-1
G024,G014,-0.007835038,-1
G072,G010,-0.007837358,-1
G066,G056,-0.007840419,-1
G044,G074,-0.007852398,-1
G056,G086,-0.007858649,-1
G078,G092,-0.007866734,-1
G025,G016,-0.007867598,-1
G058,G046,-0.007873653,-1
G035,G091,-0.007876749,-1
G100,G014,-0.007879876,-1
G075,G038,-0.007883347,-1
G076,G075,-0.007901878,-1
G088,G094,-0.007901884,-1
G079,G013,-0.007904904,-1
G048,G032,-0.00790812,-1
G047,G089,-0.007908254,-1
G093,G054,-0.00791861,-1
G069,G013,-0.007919528,-1
G089,G100,-0.007937532,-1
G040,G083,-0.007942877,-1
G046,G056,-0.007944746,-1
G092,G042,-0.007957426,-1
G089,G047,-0.007979828,-1
G050,G057,-0.007981189,-1
G093,G006,-0.007985194,-1
G051,G063,-0.0079874275,-1
G001,G038,-0.007995582,-1
G007,G008,-0.007998322,-1
G033,G006,-0.008013611,-1
G088,G012,-0.008018117,-1
G079,G098,-0.008018302,-1
G007,G016,-0.008020077,-1
G076,G054,-0.008025401,-1
G056,G027,-0.008026397,-1
G023,G010,-0.008036982,-1
G019,G089,-0.008054808,-1
G087,G018,-0.008060776,-1
G058,G003,-0.008072233,-1
G013,G072,-0.008081177,-1
G053,G007,-0.008086657,-1
G016,G079,-0.008087393,-1
G018,G026,-0.0080939345,-1
G018,G096,-0.008094994,-1
G017,G097,-0.008095235,-1
G046,G082,-0.00810418,-1
G076,G081,-0.008109631,-1
G020,G055,-0.008113679,-1
G058,G012,-0.0081152925,-1
G092,G073,-0.008126115,-1
G021,G039,-0.00812743,-1
G010,G082,-0.008148975,-1
G080,G050,-0.00815138,-1
G032,G025,-0.008152094,-1
G047,G085,-0.008154911,-1
G068,G048,-0.008162004,-1
G012,G047,-0.0081627155,-1
G059,G033,-0.0081634335,-1
G078,G044,-0.0081678815,-1
G089,G063,-0.008175133,-1
G001,G021,-0.0081817545,-1
G055,G024,-0.008188334,-1
G073,G050,-0.008198112,-1
G081,G063,-0.008199764,-1
G063,G092,-0.0082046725,-1
G008,G095,-0.008215065,-1
G034,G080,-0.0082366485,-1
G085,G068,-0.00823729,-1
G058,G025,-0.008243559,-1
G043,G008,-0.008244132,-1
G065,G040,-0.00825179,-1
G092,G006,-0.008251989,-1
G002,G028,-0.00825479,-1
G029,G010,-0.008255936,-1
G091,G022,-0.0082637165,-1
G025,G017,-0.008269538,-1
G081,G012,-0.008289253,-1
G087,G057,-0.008296147,-1
G024,G098,-0.008299269,-1
G013,G080,-0.008310172,-1
G085,G026,-0.008310932,-1
G096,G053,-0.008316089,-1
G067,G016,-0.008320484,-1
G046,G029,-0.008322317,-1
G040,G010,-0.00832694,-1
G059,G090,-0.008327746,-1
G083,G028,-0.008344195,-1
G010,G055,-0.008347642,-1
G035,G046,-0.008359996,-1
G011,G056,-0.008386349,-1
G094,G072,-0.008395403,-1
G081,G078,-0.008399157,-1
G018,G057,-0.008400202,-1
G052,G010,-0.008407421,-1
G094,G010,-0.008411202,-1
G058,G085,-0.008411518,-1
G027,G025,-0.008415707,-1
G022,G093,-0.008417974,-1
G069,G098,-0.0084288735,-1
G057,G047,-0.008429124,-1
G094,G006,-0.008439055,-1
G063,G070,-0.008443588,-1
G010,G083,-0.008447007,-1
G077,G033,-0.008453124,-1
G100,G034,-0.008466064,-1
G032,G030,-0.008471553,-1
G054,G095,-0.008474642,-1
G079,G068,-0.008482431,-1
G031,G023,-0.008485031,-1
G066,G050,-0.008487114,-1
G008,G077,-0.008488725,-1
G084,G079,-0.008493593,-1
G063,G062,-0.008494597,-1
G003,G093,-0.008500581,-1
G081,G083,-0.008502422,-1
G020,G091,-0.008527599,-1
G056,G035,-0.008530347,-1
G095,G032,-0.008530483,-1
G076,G079,-0.00853146,-1
G086,G015,-0.008531541,-1
G024,G046,-0.008539114,-1
G036,G027,-0.008539324,-1
G029,G017,-0.008549855,-1
G079,G046,-0.00855151,-1
G028,G089,-0.008554909,-1
G042,G050,-0.008560087,-1
G047,G065,-0.008570713,-1
G045,G070,-0.008584718,-1
G026,G058,-0.008590084,-1
G024,G064,-0.008596725,-1
G001,G079,-0.008603162,-1
G093,G099,-0.008607314,-1
G067,G023,-0.008608435,-1
G056,G044,-0.008615395,-1
G041,G052,-0.00861665,-1
G030,G038,-0.008619185,-1
G088,G014,-0.008623844,-1
G023,G026,-0.008628266,-1
G056,G057,-0.008633039,-1
G033,G082,-0.008643751,-1
G056,G097,-0.00864388,-1
G095,G080,-0.008651021,-1
G029,G008,-0.008652436,-1
G010,G088,-0.008664457,-1
G092,G008,-0.008665388,-1
G046,G028,-0.008681676,-1
G090,G078,-0.00868502,-1
G047,G038,-0.008694229,-1
G040,G037,-0.008694827,-1
G053,G026,-0.008711019,-1
G074,G051,-0.008715964,-1
G022,G018,-0.008716492,-1
G016,G037,-0.008718872,-1
G001,G063,-0.008718961,-1
G022,G004,-0.008724466,-1
G085,G010,-0.008737384,-1
G062,G029,-0.008740161,-1
G079,G047,-0.0087435795,-1
G061,G092,-0.008744357,-1
G099,G016,-0.0087455325,-1
G074,G036,-0.008761044,-1
G056,G013,-0.008765898,-1
G026,G100,-0.008778595,-1
G033,G053,-0.008779248,-1
G064,G058,-0.008786235,-1
G063,G089,-0.008793264,-1
G097,G030,-0.008802111,-1
G035,G011,-0.008812604,-1
G070,G038,-0.008816719,-1
G030,G049,-0.00882187,-1
G020,G060,-0.008830064,-1
G097,G065,-0.008847026,-1
G024,G001,-0.008848284,-1
G057,G087,-0.008860998,-1
G100,G084,-0.008863831,-1
G100,G081,-0.008864069,-1
G001,G058,-0.0088715805,-1
G086,G022,-0.008872774,-1
G045,G090,-0.008888759,-1
G042,G035,-0.008893454,-1
G058,G086,-0.00890422,-1
G018,G003,-0.008905947,-1
G076,G011,-0.008915921,-1
G064,G049,-0.008928598,-1
G096,G099,-0.008931427,-1
G086,G077,-0.008933087,-1
G046,G035,-0.008936656,-1
G004,G087,-0.00894569,-1
G085,G031,-0.008952449,-1
G064,G090,-0.008952571,-1
G099,G053,-0.008952718,-1
G030,G018,-0.008954322,-1
G038,G086,-0.008956567,-1
G057,G002,-0.00895745,-1
G040,G048,-0.008959112,-1
G014,G063,-0.008975365,-1
G078,G016,-0.008978694,-1
G089,G090,-0.008979948,-1
G065,G025,-0.008986583,-1
G064,G001,-0.008990523,-1
G092,G022,-0.008996611,-1
G062,G089,-0.00899876,-1
G059,G097,-0.009002767,-1
G055,G092,-0.009006296,-1
G047,G022,-0.009018513,-1
G045,G053,-0.00901892,-1
G070,G080,-0.009055376,-1
G092,G088,-0.00905576,-1
G055,G067,-0.009060783,-1
G018,G047,-0.009062305,-1
G023,G037,-0.009066047,-1
G085,G048,-0.009066869,-1
G039,G025,-0.009070334,-1
G025,G091,-0.009077832,-1
G094,G019,-0.009081002,-1
G072,G040,-0.009081197,-1
G043,G065,-0.009092947,-1
G039,G090,-0.009097134,-1
G033,G005,-0.009138038,-1
G048,G011,-0.009144671,-1
G071,G049,-0.009169862,-1
G055,G053,-0.009173566,-1
G025,G098,-0.009180266,-1
G074,G008,-0.0091952905,-1
G056,G084,-0.009207169,-1
G094,G045,-0.009210143,-1
G032,G071,-0.009221876,-1
G047,G015,-0.009232417,-1
G054,G088,-0.009236369,-1
G049,G064,-0.009242847,-1
G079,G049,-0.009247345,-1
G030,G066,-0.009256256,-1
G096,G050,-0.009261924,-1
G057,G033,-0.009265229,-1
G037,G072,-0.0092731565,-1
G072,G002,-0.009276994,-1
G034,G032,-0.00927935,-1
G059,G015,-0.009299876,-1
G062,G100,-0.00930613,-1
G075,G097,-0.009331123,-1
G069,G026,-0.009336416,-1
G028,G056,-0.00934476,-1
G066,G099,-0.009346709,-1
G041,G077,-0.00935241,-1
G055,G027,-0.009360905,-1
G053,G019,-0.009370457,-1
G041,G037,-0.009373538,-1
G067,G041,-0.0093808975,-1
G059,G095,-0.009384257,-1
G095,G008,-0.00938911,-1
G026,G083,-0.009391242,-1
G094,G081,-0.009392684,-1
G021,G022,-0.009394655,-1
G013,G094,-0.009402563,-1
G096,G094,-0.0094074,-1
G013,G053,-0.009425678,-1
G095,G093,-0.009430292,-1
G030,G062,-0.009432536,-1
G036,G098,-0.009440521,-1
G007,G080,-0.009441748,-1
G001,G071,-0.009445719,-1
G079,G064,-0.009449534,-1
G040,G006,-0.009460559,-1
G096,G020,-0.009463327,-1
G061,G025,-0.009466271,-1
G052,G081,-0.009469851,-1
G034,G061,-0.009471056,-1
G052,G073,-0.009471187,-1
G019,G035,-0.009472047,-1
G070,G049,-0.009487674,-1
G081,G084,-0.009496274,-1
G033,G011,-0.009514426,-1
G080,G097,-0.00951582,-1
G080,G078,-0.009516111,-1
G078,G098,-0.00952185,-1
G049,G034,-0.009528456,-1
G070,G005,-0.009529212,-1
G083,G009,-0.009531436,-1
G093,G010,-0.009539723,-1
G052,G085,-0.009544098,-1
G060,G055,-0.009564948,-1
G040,G029,-0.009566652,-1
G080,G062,-0.00956905,-1
G043,G089,-0.009576219,-1
G063,G001,-0.009585468,-1
G074,G054,-0.009595108,-1
G043,G094,-0.009598528,-1
G005,G017,-0.00959983,-1
G076,G044,-0.009600185,-1
G036,G016,-0.009600729,-1
G006,G085,-0.0096009495,-1
G077,G058,-0.009602793,-1
G052,G006,-0.009611187,-1
G066,G081,-0.009614504,-1
G015,G080,-0.009633067,-1
G036,G039,-0.009634671,-1
G038,G028,-0.009661221,-1
G017,G003,-0.009665571,-1
G080,G085,-0.009673118,-1
G085,G073,-0.009675064,-1
G045,G088,-0.00968182,-1
G093,G014,-0.009693173,-1
G084,G010,-0.009695434,-1
G004,G012,-0.009706954,-1
G096,G088,-0.0097075,-1
G055,G017,-0.009734714,-1
G027,G066,-0.009737731,-1
G082,G096,-0.009739696,-1
G009,G036,-0.009740831,-1
G092,G019,-0.009742439,-1
G002,G079,-0.009763415,-1
G085,G044,-0.00978829,-1
G072,G047,-0.009793417,-1
G075,G063,-0.009816511,-1
G006,G069,-0.009818879,-1
G074,G041,-0.009819782,-1
G020,G033,-0.009821518,-1
G072,G087,-0.009823502,-1
G005,G060,-0.009823896,-1
G025,G012,-0.009831068,-1
G007,G010,-0.009833128,-1
G040,G008,-0.009837013,-1
G016,G074,-0.009854432,-1
G012,G093,-0.009865313,-1
G023,G003,-0.009872927,-1
G030,G005,-0.009891356,-1
G072,G088,-0.009893359,-1
G075,G048,-0.009896894,-1
G061,G080,-0.009900005,-1
G056,G085,-0.00991132,-1
G023,G045,-0.00992775,-1
G061,G065,-0.009931483,-1
G006,G067,-0.009931531,-1
G050,G016,-0.009934189,-1
G009,G090,-0.009939669,-1
G034,G026,-0.0099474285,-1
G018,G038,-0.009955093,-1
G012,G002,-0.009960451,-1
G011,G007,-0.009962204,-1
G003,G088,-0.009962811,-1
G023,G057,-0.009969299,-1
G056,G034,-0.009974959,-1
G021,G006,-0.009999588,-1
G082,G089,-0.010007017,-1
G003,G058,-0.010019327,-1
G097,G076,-0.0100196935,-1
G090,G038,-0.010021348,-1
G066,G071,-0.010025288,-1
G007,G004,-0.010031209,-1
G099,G043,-0.010037315,-1
G029,G087,-0.010053973,-1
G065,G035,-0.010065386,-1
G055,G070,-0.010072292,-1
G010,G024,-0.010074274,-1
G037,G056,-0.010075468,-1
G004,G074,-0.010084292,-1
G010,G028,-0.010089492,-1
G028,G050,-0.01010067,-1
G034,G072,-0.010101034,-1
G069,G049,-0.010104392,-1
G038,G002,-0.010129248,-1
G057,G090,-0.010140365,-1
G080,G001,-0.010142907,-1
G071,G082,-0.010155827,-1
G067,G048,-0.010156708,-1
G064,G091,-0.010161767,-1
G064,G016,-0.0101631805,-1
G022,G081,-0.010165203,-1
G020,G067,-0.010168118,-1
G011,G089,-0.0101743685,-1
G059,G064,-0.010175334,-1
G021,G077,-0.010225842,-1
G069,G055,-0.010260062,-1
G091,G048,-0.01026822,-1
G011,G012,-0.010274974,-1
G003,G007,-0.0102754,-1
G025,G033,-0.010293655,-1
G015,G024,-0.010295163,-1
G016,G043,-0.010309335,-1
G031,G063,-0.010314742,-1
G096,G095,-0.010334751,-1
G024,G061,-0.01034859,-1
G018,G025,-0.010350342,-1
G007,G084,-0.010354843,-1
G025,G022,-0.010355713,-1
G016,G011,-0.010356225,-1
G051,G067,-0.010363104,-1
G098,G048,-0.0103697935,-1
G075,G096,-0.010370469,-1
G007,G029,-0.010372008,-1
G014,G011,-0.010372071,-1
G040,G060,-0.010393201,-1
G065,G079,-0.010398397,-1
G001,G050,-0.010398895,-1
G080,G081,-0.0104144,-1
G098,G005,-0.010420745,-1
G100,G095,-0.010426217,-1
G039,G059,-0.010428964,-1
G021,G016,-0.010440786,-1
G046,G081,-0.010441659,-1
G060,G029,-0.010472796,-1
G082,G100,-0.010507229,-1
G082,G008,-0.010521616,-1
G061,G085,-0.010529474,-1
G083,G095,-0.0105420975,-1
G038,G053,-0.010548533,-1
G012,G046,-0.010553546,-1
G050,G030,-0.010561199,-1
G084,G063,-0.010578558,-1
G017,G090,-0.010579076,-1
G078,G057,-0.01058582,-1
G092,G075,-0.01059689,-1
G071,G044,-0.010605787,-1
G089,G073,-0.0106082065,-1
G034,G017,-0.010609487,-1
G053,G047,-0.010620457,-1
G015,G055,-0.010641766,-1
G058,G040,-0.010643282,-1
G048,G027,-0.010644328,-1
G075,G062,-0.010644969,-1
G056,G079,-0.010657282,-1
G057,G068,-0.010712165,-1
G048,G018,-0.010712647,-1
G049,G025,-0.01072638,-1
G072,G045,-0.010754559,-1
G089,G053,-0.010767631,-1
G071,G098,-0.010770242,-1
G062,G070,-0.0107707465,-1
G001,G023,-0.010779048,-1
G091,G047,-0.010790419,-1
G081,G024,-0.010834822,-1
G071,G074,-0.010845412,-1
G045,G024,-0.010845566,-1
G003,G018,-0.010891448,-1
G020,G068,-0.010909274,-1
G050,G068,-0.010921479,-1
G084,G082,-0.010921915,-1
G088,G021,-0.010928559,-1
G029,G092,-0.010933973,-1
G018,G004,-0.010934643,-1
G040,G055,-0.010937889,-1
G030,G004,-0.010953432,-1
G042,G012,-0.0109616015,-1
G047,G075,-0.010963421,-1
G048,G053,-0.010989342,-1
G063,G081,-0.011002297,-1
G029,G032,-0.011005461,-1
G043,G039,-0.011049284,-1
G085,G078,-0.011058893,-1
G023,G028,-0.011061529,-1
G034,G042,-0.011065121,-1
G005,G056,-0.011069627,-1
G049,G008,-0.011079624,-1
G034,G030,-0.011092899,-1
G005,G081,-0.011100991,-1
G075,G011,-0.011102562,-1
G002,G094,-0.011114679,-1
G035,G057,-0.011128617,-1
G040,G030,-0.011135626,-1
G013,G085,-0.011155016,-1
G017,G011,-0.011155192,-1
G082,G066,-0.011161369,-1
G008,G080,-0.0111633735,-1
G056,G009,-0.011168843,-1
G019,G090,-0.01118001,-1
G097,G058,-0.011188439,-1
G046,G088,-0.011195939,-1
G013,G070,-0.011199096,-1
G044,G013,-0.0112492535,-1
G010,G040,-0.011261243,-1
G066,G069,-0.011299866,-1
G044,G057,-0.011305875,-1
G019,G012,-0.011309593,-1
G005,G064,-0.01134836,-1
G082,G095,-0.011352662,-1
G019,G082,-0.011357918,-1
G050,G037,-0.011358517,-1
G038,G094,-0.01136229,-1
G070,G031,-0.0113697965,-1
G013,G044,-0.011378203,-1
G027,G088,-0.011379563,-1
G015,G090,-0.0113923205,-1
G034,G037,-0.011399632,-1
G063,G051,-0.011409433,-1
G059,G069,-0.0114266705,-1
G097,G062,-0.011428282,-1
G057,G062,-0.0114417225,-1
G061,G058,-0.011515373,-1
G023,G078,-0.011520912,-1
G038,G063,-0.01154355,-1
G024,G049,-0.01154531,-1
G084,G035,-0.0115473615,-1
G014,G080,-0.011550387,-1
G082,G044,-0.011556893,-1
G028,G035,-0.011564247,-1
G007,G009,-0.0115663735,-1
G021,G100,-0.0116123855,-1
G003,G015,-0.01162131,-1
G074,G048,-0.0116307475,-1
G007,G018,-0.011631844,-1
G032,G100,-0.01163529,-1
G049,G095,-0.011661853,-1
G025,G100,-0.011665128,-1
G003,G035,-0.011666721,-1
G038,G082,-0.011700566,-1
G033,G043,-0.011722546,-1
G027,G094,-0.0117239,-1
G008,G001,-0.01172422,-1
G031,G100,-0.011769579,-1
G011,G080,-0.011781829,-1
G074,G079,-0.011786698,-1
G085,G071,-0.011793157,-1
G033,G015,-0.011800853,-1
G092,G016,-0.011802366,-1
G028,G037,-0.011871625,-1
G042,G046,-0.011878784,-1
G061,G002,-0.011880639,-1
G066,G030,-0.011881733,-1
G062,G079,-0.011892039,-1
G002,G055,-0.011928727,-1
G003,G030,-0.011952834,-1
G070,G054,-0.0119679095,-1
G033,G096,-0.0119737405,-1
G057,G060,-0.011991171,-1
G028,G029,-0.012009764,-1
G094,G031,-0.0120232655,-1
G057,G005,-0.012047766,-1
G067,G074,-0.012073783,-1
G077,G093,-0.012079528,-1
G100,G002,-0.012098799,-1
G007,G072,-0.012122165,-1
G069,G017,-0.012134424,-1
G091,G040,-0.012168014,-1
G087,G068,-0.012170695,-1
G003,G066,-0.01217178,-1
G064,G097,-0.012179138,-1
G098,G057,-0.012214238,-1
G027,G016,-0.012264327,-1
G019,G059,-0.012268311,-1
G021,G099,-0.012268329,-1
G054,G057,-0.012273437,-1
G090,G042,-0.01230448,-1
G026,G030,-0.012320991,-1
G086,G010,-0.012359313,-1
G049,G069,-0.0123825595,-1
G083,G033,-0.012388686,-1
G089,G046,-0.012389239,-1
G001,G036,-0.012397231,-1
G035,G003,-0.012435581,-1
G097,G099,-0.012446285,-1
G066,G084,-0.012463675,-1
G034,G058,-0.0124716945,-1
G076,G002,-0.012483966,-1
G073,G095,-0.012490828,-1
G050,G033,-0.012500037,-1
G018,G001,-0.012502259,-1
G012,G021,-0.012507736,-1
G074,G025,-0.012530365,-1
G030,G068,-0.0125672035,-1
G069,G064,-0.01258096,-1
G038,G020,-0.012581688,-1
G082,G048,-0.012598574,-1
G019,G037,-0.012618485,-1
G008,G094,-0.0126242,-1
G056,G074,-0.012626548,-1
G054,G080,-0.012706753,-1
G018,G039,-0.012765484,-1
G032,G022,-0.012778355,-1
G038,G098,-0.012801129,-1
G064,G022,-0.012810639,-1
G002,G034,-0.012816787,-1
G059,G067,-0.012883598,-1
G030,G073,-0.012914403,-1
G032,G086,-0.012966821,-1
G026,G052,-0.012969217,-1
G078,G051,-0.012973403,-1
G012,G083,-0.01303134,-1
G060,G062,-0.013038608,-1
G081,G008,-0.013074294,-1
G075,G007,-0.013076471,-1
G056,G002,-0.013087129,-1
G043,G059,-0.01309672,-1
G016,G091,-0.013128825,-1
G022,G062,-0.013138804,-1
G087,G055,-0.013154551,-1
G063,G087,-0.013155571,-1
G058,G081,-0.013164075,-1
G089,G091,-0.013177941,-1
G025,G028,-0.013211575,-1
G004,G059,-0.013249838,-1
G048,G052,-0.013268361,-1
G049,G004,-0.013268381,-1
G081,G041,-0.013277533,-1
G082,G026,-0.013282885,-1
G020,G028,-0.013308844,-1
G080,G021,-0.013311488,-1
G029,G061,-0.013323216,-1
G065,G004,-0.013326901,-1
G049,G026,-0.013356032,-1
G013,G007,-0.013365661,-1
G029,G076,-0.013375225,-1
G058,G098,-0.013386563,-1
G003,G090,-0.013392442,-1
G057,G070,-0.013425113,-1
G053,G067,-0.013483647,-1
G071,G069,-0.013505727,-1
G031,G032,-0.013570512,-1
G032,G003,-0.013578475,-1
G039,G095,-0.013627703,-1
G073,G098,-0.013653713,-1
G014,G040,-0.013695432,-1
G090,G070,-0.013722609,-1
G086,G070,-0.013799861,-1
G078,G014,-0.013842813,-1
G089,G005,-0.013858887,-1
G011,G066,-0.013861324,-1
G010,G042,-0.013863569,-1
G009,G045,-0.01389264,-1
G050,G076,-0.013901796,-1
G002,G012,-0.013942682,-1
G061,G072,-0.013975304,-1
G016,G099,-0.013979231,-1
G022,G100,-0.014051111,-1
G092,G027,-0.01408362,-1
G061,G018,-0.014108257,-1
G042,G058,-0.0142072085,-1
G040,G039,-0.014228516,-1
G100,G042,-0.014238896,-1
G055,G006,-0.014245243,-1
G028,G003,-0.014252188,-1
G004,G075,-0.014260624,-1
G040,G076,-0.014296177,-1
G022,G076,-0.014316202,-1
G094,G088,-0.014331598,-1
G021,G061,-0.0143487975,-1
G094,G012,-0.014349927,-1
G018,G015,-0.014358149,-1
G032,G043,-0.014412032,-1
G085,G030,-0.014418449,-1
G032,G097,-0.014501377,-1
G055,G011,-0.0145014655,-1
G076,G031,-0.014536279,-1
G043,G049,-0.014556006,-1
G047,G020,-0.014563869,-1
G054,G074,-0.014604148,-1
G042,G070,-0.014609609,-1
G014,G060,-0.014618498,-1
G068,G049,-0.014647311,-1
G087,G046,-0.014783148,-1
G044,G066,-0.014881085,-1
G005,G094,-0.01496156,-1
G065,G017,-0.014996834,-1
G003,G008,-0.01506586,-1
G050,G097,-0.015077628,-1
G050,G013,-0.015113125,-1
G004,G023,-0.015127055,-1
G013,G077,-0.015139738,-1
G047,G049,-0.015202092,-1
G057,G014,-0.015250259,-1
G004,G040,-0.015313761,-1
G016,G001,-0.015351455,-1
G056,G076,-0.015379902,-1
G095,G069,-0.015478158,-1
G004,G014,-0.015643477,-1
G031,G045,-0.015723027,-1
G069,G065,-0.0157803,-1
G071,G017,-0.015812468,-1
G012,G031,-0.015819013,-1
G030,G036,-0.015915746,-1
G068,G045,-0.015999783,-1
G059,G071,-0.016019098,-1
G067,G033,-0.016108908,-1
G013,G036,-0.01622738,-1
G039,G081,-0.016344955,-1
G010,G037,-0.016745694,-1
G002,G060,-0.016828585,-1
G055,G034,-0.016940346,-1
G042,G055,-0.016983006,-1
G066,G044,-0.017010305,-1
G053,G030,-0.017014584,-1
G056,G058,-0.01704555,-1
G031,G034,-0.01729133,-1
G078,G038,-0.017455049,-1
G031,G064,-0.017495034,-1
G058,G076,-0.017525928,-1
G011,G096,-0.017549057,-1
G069,G079,-0.01767219,-1
G029,G072,-0.017919708,-1
G075,G035,-0.017928403,-1
G081,G087,-0.017972952,-1
G027,G075,-0.018379884,-1
G080,G074,-0.018386614,-1
G018,G046,-0.018605597,-1
G079,G099,-0.018819133,-1
G016,G056,-0.018888844,-1
G078,G052,-0.019027257,-1
G008,G063,-0.019579152,-1
G039,G072,-0.019866519,-1
G066,G093,-0.020200696,-1
G082,G085,-0.020613387,-1
G032,G018,-0.020880627,-1
G023,G007,-0.021250928,-1
G042,G067,-0.021563692,-1
G074,G019,-0.022067057,-1
G015,G021,-0.023166094,-1
G096,G023,-0.029707659,-1
