Regulator,Target,Weight,Sign
G096,G055,0.023791885,1
G073,G057,0.02198379,1
G060,G091,0.020928748,1
G031,G045,0.020459056,1
G026,G047,0.020030469,1
G054,G039,0.01949087,1
G048,G036,0.019239662,1
G056,G074,0.019233327,1
G012,G005,0.018913496,1
G053,G060,0.018454606,1
G033,G016,0.018214878,1
G088,G080,0.017981065,1
G074,G069,0.017963242,1
G001,G095,0.017644128,1
G025,G040,0.017407157,1
G006,G079,0.017108472,1
G087,G091,0.01702843,1
G043,G014,0.017004358,1
G088,G100,0.016671348,1
G058,G070,0.016640589,1
G093,G046,0.016011743,1
G097,G049,0.015877327,1
G082,G001,0.015849015,1
G073,G054,0.015844272,1
G021,G003,0.015760453,1
G022,G069,0.015688648,1
G081,G097,0.015439113,1
G002,G073,0.015338107,1
G078,G093,0.015256633,1
G046,G001,0.015210775,1
G069,G035,0.015159312,1
G059,G010,0.015109647,1
G017,G085,0.015038285,1
G095,G043,0.014989898,1
G049,G050,0.014900143,1
G035,G073,0.01487979,1
G014,G013,0.014849819,1
G055,G003,0.014442888,1
G039,G091,0.014348073,1
G094,G020,0.014282741,1
G029,G088,0.0141446935,1
G089,G077,0.014097776,1
G032,G098,0.014086627,1
G053,G071,0.014080979,1
G018,G087,0.014031094,1
G091,G022,0.013868472,1
G053,G097,0.013665575,1
G026,G014,0.013661362,1
G042,G048,0.013654314,1
G011,G072,0.013588476,1
G035,G056,0.013569841,1
G003,G059,0.013462464,1
G093,G006,0.013425646,1
G003,G079,0.0133458385,1
G002,G004,0.013278323,1
G010,G071,0.0132740345,1
G077,G061,0.013225934,1
G012,G006,0.013172446,1
G001,G061,0.013114267,1
G091,G088,0.013091939,1
G012,G054,0.013090724,1
G083,G008,0.013028184,1
G086,G066,0.012988464,1
G009,G089,0.012971319,1
G025,G053,0.012962589,1
G060,G100,0.012940906,1
G034,G057,0.012920309,1
G025,G089,0.012914839,1
G064,G028,0.012894874,1
G086,G071,0.012876964,1
G025,G060,0.012875031,1
G083,G003,0.012836137,1
G057,G025,0.012800764,1
G066,G002,0.0127628045,1
G032,G035,0.0127535425,1
G007,G008,0.012750731,1
G021,G059,0.012724191,1
G070,G005,0.012672132,1
G043,G028,0.012655569,1
G065,G057,0.01264031,1
G017,G019,0.012585799,1
G017,G068,0.012565233,1
G096,G036,0.012565046,1
G093,G058,0.012560737,1
G081,G063,0.012451944,1
G034,G003,0.012401573,1
G006,G090,0.01239731,1
G056,G098,0.012377969,1
G006,G084,0.012373988,1
G051,G097,0.012369816,1
G020,G100,0.012364228,1
G021,G017,0.012346485,1
G089,G028,0.012343428,1
G010,G044,0.012315514,1
G059,G069,0.012284434,1
G027,G085,0.012274741,1
G042,G100,0.012225308,1
G005,G074,0.012202976,1
G003,G070,0.012199977,1
G018,G024,0.012183744,1
G042,G008,0.012166344,1
G005,G027,0.012140839,1
G030,G073,0.012105189,1
G071,G037,0.012085125,1
G021,G028,0.012072937,1
G089,G081,0.012063441,1
G086,G047,0.0120544955,1
G001,G046,0.012046287,1
G080,G095,0.012030581,1
G070,G094,0.012021421,1
G085,G060,0.011983388,1
G017,G094,0.011926614,1
G083,G006,0.011911446,1
G094,G002,0.01186235,1
G019,G030,0.011831543,1
G005,G082,0.011805865,1
G009,G015,0.011799477,1
G074,G100,0.011776405,1
G059,G006,0.011773888,1
G055,G095,0.011761504,1
G030,G057,0.011749781,1
G024,G045,0.011740369,1
G091,G070,0.011712631,1
G092,G030,0.011701748,1
G003,G084,0.011693814,1
G071,G005,0.011673283,1
G064,G094,0.011635837,1
G080,G075,0.011610559,1
G053,G092,0.011590719,1
G030,G039,0.011578232,1
G051,G082,0.011564161,1
G002,G074,0.011552986,1
G033,G026,0.011548512,1
G015,G088,0.01151212,1
G032,G007,0.011488988,1
G019,G014,0.011487996,1
G077,G001,0.011481454,1
G089,G001,0.011471413,1
G067,G020,0.01146503,1
G036,G077,0.011452259,1
G043,G062,0.0114387,1
G065,G018,0.011403831,1
G026,G097,0.011382948,1
G068,G060,0.011379024,1
G013,G009,0.011377333,1
G001,G040,0.011370802,1
G008,G092,0.0113078635,1
G033,G058,0.011290723,1
G079,G081,0.0112853525,1
G022,G047,0.011284531,1
G017,G082,0.011266343,1
G033,G048,0.011248444,1
G002,G070,0.011237609,1
G016,G084,0.011236433,1
G033,G029,0.011230439,1
G098,G070,0.011227173,1
G056,G097,0.011211303,1
G045,G032,0.011156965,1
G026,G095,0.011131042,1
G037,G085,0.011122731,1
G001,G073,0.011110244,1
G097,G026,0.011068104,1
G064,G087,0.011065262,1
G019,G090,0.011055888,1
G096,G041,0.0110455835,1
G031,G093,0.011014695,1
G042,G046,0.011009844,1
G022,G021,0.011003115,1
G099,G100,0.01098777,1
G026,G068,0.010980343,1
G076,G053,0.010972787,1
G089,G079,0.010952447,1
G057,G051,0.010946223,1
G023,G017,0.010937967,1
G067,G058,0.010927649,1
G002,G072,0.010909247,1
G090,G087,0.010900502,1
G008,G033,0.010900251,1
G078,G026,0.010895562,1
G076,G063,0.010895099,1
G088,G003,0.010892537,1
G082,G053,0.010866483,1
G011,G079,0.01085609,1
G024,G011,0.010809962,1
G053,G033,0.010804253,1
G019,G027,0.010771553,1
G019,G009,0.010757258,1
G091,G032,0.010753561,1
G080,G074,0.010713763,1
G001,G006,0.010694846,1
G027,G076,0.010678777,1
G005,G011,0.0106565785,1
G019,G005,0.01065594,1
G029,G092,0.010650386,1
G090,G035,0.010646633,1
G076,G059,0.010627095,1
G017,G014,0.010622566,1
G081,G093,0.010617692,1
G054,G064,0.010598385,1
G079,G064,0.0105584245,1
G095,G088,0.0105508,1
G070,G007,0.010546938,1
G012,G051,0.010537751,1
G047,G098,0.010526002,1
G023,G045,0.010511142,1
G060,G031,0.010484904,1
G092,G078,0.010480984,1
G016,G078,0.010478853,1
G070,G031,0.010463745,1
G067,G056,0.010463322,1
G066,G026,0.010462959,1
G012,G011,0.010460059,1
G048,G080,0.010457693,1
G025,G003,0.010413798,1
G073,G077,0.010395081,1
G085,G040,0.01039223,1
G099,G083,0.010383613,1
G052,G070,0.010373992,1
G023,G055,0.010347092,1
G094,G066,0.010344798,1
G060,G065,0.010324027,1
G039,G032,0.010307788,1
G031,G092,0.010300677,1
G037,G093,0.0102874655,1
G038,G034,0.010274323,1
G017,G072,0.010271884,1
G029,G071,0.010267842,1
G010,G085,0.010240321,1
G091,G100,0.010238049,1
G062,G072,0.010236525,1
G004,G064,0.010225971,1
G082,G029,0.0102220625,1
G035,G081,0.010215857,1
G007,G019,0.010204802,1
G030,G068,0.010201876,1
G053,G004,0.010182205,1
G044,G032,0.010173774,1
G051,G073,0.010171024,1
G024,G080,0.010170657,1
G020,G024,0.010152834,1
G002,G022,0.0101488475,1
G027,G001,0.01014323,1
G006,G080,0.010143137,1
G029,G026,0.010133979,1
G088,G022,0.010130273,1
G049,G094,0.010129005,1
G060,G042,0.010116643,1
G097,G030,0.010113548,1
G026,G073,0.0101056,1
G062,G055,0.01010371,1
G035,G070,0.0100968825,1
G017,G041,0.010095777,1
G060,G028,0.010085627,1
G078,G058,0.010053241,1
G095,G040,0.010046727,1
G038,G024,0.010042753,1
G056,G096,0.010025019,1
G016,G068,0.010013889,1
G013,G063,0.010007801,1
G084,G027,0.009992332,1
G001,G017,0.009966004,1
G050,G006,0.009960571,1
G007,G090,0.00995012,1
G046,G034,0.009943457,1
G014,G096,0.009940205,1
G013,G086,0.0099296905,1
G070,G013,0.009928604,1
G032,G020,0.009920744,1
G033,G084,0.009920629,1
G002,G045,0.0099196285,1
G084,G034,0.009908834,1
G030,G052,0.009885242,1
G018,G064,0.009879948,1
G084,G032,0.009868232,1
G073,G044,0.00986194,1
G044,G038,0.009846417,1
G089,G051,0.009825331,1
G040,G075,0.009819585,1
G024,G010,0.009800191,1
G008,G040,0.009787064,1
G032,G009,0.009786242,1
G062,G031,0.009783761,1
G070,G009,0.009775335,1
G014,G066,0.009774246,1
G085,G083,0.009770935,1
G020,G040,0.00976301,1
G062,G086,0.0097464165,1
G006,G026,0.009741471,1
G049,G057,0.009736838,1
G066,G035,0.009736132,1
G057,G032,0.009734402,1
G012,G094,0.00972142,1
G069,G080,0.009710311,1
G040,G055,0.009705219,1
G003,G048,0.009679628,1
G009,G036,0.009678141,1
G089,G030,0.009660825,1
G021,G015,0.009659559,1
G093,G036,0.009629606,1
G065,G073,0.009620897,1
G038,G013,0.0096114725,1
G060,G052,0.009609521,1
G005,G014,0.009605002,1
G082,G026,0.009593154,1
G090,G007,0.009584486,1
G032,G075,0.009583362,1
G036,G054,0.009574102,1
G063,G007,0.009570872,1
G027,G026,0.0095536215,1
G049,G012,0.00954983,1
G099,G089,0.0095479945,1
G077,G025,0.0095449835,1
G084,G048,0.009529021,1
G019,G018,0.009526797,1
G021,G081,0.009521597,1
G086,G028,0.009520136,1
G072,G057,0.009508594,1
G053,G081,0.009493249,1
G043,G056,0.009486717,1
G028,G033,0.0094858045,1
G002,G027,0.009473527,1
G043,G030,0.009466446,1
G030,G043,0.009462507,1
G061,G027,0.009460398,1
G006,G054,0.009457242,1
G079,G083,0.009452395,1
G064,G011,0.009420607,1
G098,G059,0.009406982,1
G021,G027,0.009406408,1
G003,G050,0.009385511,1
G031,G014,0.009381269,1
G048,G055,0.009381066,1
G008,G066,0.009379802,1
G019,G069,0.009376079,1
G086,G018,0.00936202,1
G085,G077,0.009354648,1
G049,G029,0.00933809,1
G071,G070,0.009334464,1
G056,G063,0.009322909,1
G001,G043,0.009315093,1
G008,G024,0.009303817,1
G005,G087,0.0093001835,1
G091,G029,0.009299564,1
G027,G030,0.009294837,1
G091,G090,0.009291396,1
G096,G054,0.009289261,1
G027,G099,0.009280332,1
G025,G026,0.009272849,1
G037,G098,0.00926714,1
G002,G012,0.009263307,1
G048,G099,0.009258882,1
G079,G009,0.009258461,1
G004,G044,0.00924375,1
G065,G071,0.00924246,1
G099,G006,0.009236699,1
G067,G019,0.0092319455,1
G085,G062,0.009224149,1
G039,G088,0.009203453,1
G010,G076,0.009201103,1
G061,G065,0.009187202,1
G042,G001,0.009168954,1
G029,G015,0.009161288,1
G033,G040,0.009156921,1
G017,G092,0.009148329,1
G085,G026,0.009142161,1
G062,G006,0.009141839,1
G022,G076,0.009119786,1
G060,G025,0.009119395,1
G083,G065,0.009119071,1
G069,G033,0.009115353,1
G081,G042,0.009111613,1
G010,G017,0.009110684,1
G067,G009,0.009099367,1
G034,G030,0.009095858,1
G047,G053,0.009091663,1
G097,G013,0.009086894,1
G057,G041,0.0090803,1
G011,G065,0.009079483,1
G041,G081,0.009070464,1
G099,G038,0.009065609,1
G049,G039,0.009065539,1
G031,G021,0.009062807,1
G013,G047,0.0090307025,1
G052,G001,0.00903059,1
G031,G054,0.009028971,1
G065,G031,0.009022521,1
G029,G013,0.009017022,1
G040,G068,0.009012856,1
G008,G057,0.009010077,1
G023,G050,0.009008235,1
G092,G041,0.009003893,1
G068,G005,0.009002863,1
G066,G082,0.008991744,1
G042,G029,0.008964484,1
G008,G088,0.00894771,1
G054,G021,0.008939612,1
G004,G048,0.008934927,1
G078,G082,0.008927771,1
G030,G085,0.008922055,1
G060,G096,0.008908319,1
G034,G012,0.008891094,1
G097,G016,0.008886164,1
G035,G059,0.008883528,1
G055,G086,0.008875112,1
G019,G061,0.008865474,1
G058,G075,0.008865106,1
G058,G083,0.008860912,1
G091,G043,0.008859273,1
G004,G094,0.008840823,1
G074,G033,0.008837502,1
G023,G084,0.008830115,1
G021,G032,0.008824433,1
G092,G089,0.008815198,1
G046,G092,0.00880556,1
G036,G080,0.008800563,1
G096,G065,0.008797685,1
G029,G028,0.008797492,1
G077,G072,0.008791429,1
G055,G098,0.008786754,1
G020,G089,0.008780816,1
G043,G081,0.008771917,1
G054,G024,0.00876969,1
G028,G058,0.008767969,1
G001,G076,0.008757891,1
G050,G033,0.0087348595,1
G074,G038,0.008727383,1
G006,G042,0.008718842,1
G028,G031,0.008712868,1
G041,G042,0.00870619,1
G071,G007,0.008696976,1
G018,G068,0.008693537,1
G037,G057,0.008692656,1
G083,G062,0.008688817,1
G049,G044,0.008684006,1
G031,G060,0.008679548,1
G008,G082,0.008677739,1
G051,G023,0.008676005,1
G084,G019,0.008675163,1
G010,G057,0.0086692,1
G094,G073,0.008667132,1
G054,G046,0.008665693,1
G040,G034,0.008656041,1
G061,G016,0.008654535,1
G036,G030,0.008610256,1
G051,G036,0.008608846,1
G047,G090,0.008596855,1
G049,G027,0.008593177,1
G099,G024,0.008587056,1
G031,G006,0.008584923,1
G073,G006,0.008584761,1
G029,G023,0.008571803,1
G088,G056,0.008561214,1
G071,G042,0.008559141,1
G056,G066,0.008556738,1
G040,G041,0.008538711,1
G054,G043,0.008536935,1
G087,G065,0.0085352985,1
G007,G086,0.008528973,1
G065,G077,0.008516539,1
G014,G046,0.008514986,1
G014,G015,0.008513078,1
G015,G042,0.008504126,1
G005,G092,0.008499269,1
G016,G064,0.008495024,1
G087,G010,0.008484427,1
G051,G050,0.008477512,1
G035,G031,0.0084748715,1
G099,G039,0.0084722685,1
G014,G083,0.008471951,1
G012,G027,0.008453747,1
G097,G067,0.008452421,1
G053,G037,0.008451927,1
G049,G043,0.008448569,1
G008,G036,0.008448167,1
G034,G068,0.008425855,1
G075,G032,0.008422103,1
G100,G060,0.008410392,1
G065,G076,0.008404729,1
G032,G010,0.008393403,1
G021,G038,0.008387904,1
G065,G087,0.008385734,1
G041,G087,0.008369064,1
G099,G095,0.008354528,1
G023,G040,0.008352702,1
G081,G036,0.008348795,1
G043,G055,0.008345575,1
G030,G055,0.008343772,1
G097,G023,0.008334492,1
G057,G099,0.008334204,1
G086,G041,0.008334099,1
G038,G052,0.008332606,1
G021,G013,0.008328534,1
G042,G058,0.00832538,1
G041,G040,0.008324582,1
G078,G084,0.008323332,1
G050,G039,0.008322581,1
G052,G095,0.008320308,1
G012,G098,0.008313516,1
G042,G065,0.008313375,1
G039,G020,0.008313105,1
G054,G094,0.008270512,1
G002,G034,0.008264875,1
G062,G094,0.008261472,1
G048,G054,0.008243264,1
G051,G078,0.008242349,1
G066,G044,0.00824228,1
G041,G029,0.008234971,1
G030,G047,0.008234724,1
G021,G053,0.008226011,1
G042,G078,0.008225592,1
G027,G018,0.008220122,1
G050,G083,0.00821951,1
G082,G036,0.008218385,1
G039,G026,0.008217394,1
G098,G011,0.0082136905,1
G071,G073,0.008206711,1
G059,G041,0.00820576,1
G032,G018,0.008192946,1
G041,G043,0.008191254,1
G080,G064,0.008185044,1
G091,G055,0.008181651,1
G068,G100,0.008160686,1
G081,G057,0.0081584705,1
G017,G054,0.008140019,1
G058,G079,0.008131377,1
G071,G058,0.008129399,1
G066,G038,0.008123025,1
G051,G052,0.008120541,1
G032,G049,0.008116229,1
G025,G008,0.008114238,1
G013,G038,0.008113857,1
G075,G013,0.00810928,1
G051,G076,0.008106877,1
G062,G036,0.008105268,1
G032,G059,0.008093674,1
G058,G027,0.008081305,1
G032,G028,0.008074346,1
G058,G095,0.00806577,1
G080,G048,0.008058468,1
G023,G009,0.008056905,1
G051,G006,0.00805653,1
G008,G012,0.008051363,1
G088,G084,0.008043446,1
G080,G019,0.008042326,1
G031,G022,0.008039095,1
G090,G062,0.008034928,1
G071,G078,0.008022428,1
G061,G023,0.008018263,1
G065,G016,0.008017166,1
G087,G046,0.007996569,1
G036,G044,0.007994498,1
G078,G051,0.007979012,1
G029,G031,0.007972036,1
G006,G097,0.007961212,1
G033,G035,0.007959365,1
G052,G041,0.007957533,1
G055,G036,0.007949449,1
G003,G056,0.007936166,1
G052,G007,0.007925457,1
G008,G023,0.007924658,1
G011,G017,0.007916253,1
G076,G019,0.007911132,1
G046,G024,0.007901322,1
G046,G067,0.00789778,1
G092,G061,0.007897325,1
G060,G002,0.00789125,1
G028,G073,0.007888653,1
G041,G011,0.007861502,1
G071,G077,0.007860565,1
G054,G090,0.007859093,1
G010,G050,0.007856304,1
G046,G038,0.007848051,1
G081,G039,0.0078474535,1
G039,G080,0.007844924,1
G033,G046,0.007843507,1
G005,G003,0.007843436,1
G098,G061,0.007840593,1
G043,G023,0.007832103,1
G082,G075,0.00782521,1
G051,G079,0.007823725,1
G081,G031,0.007811627,1
G045,G025,0.007808004,1
G010,G008,0.007799298,1
G013,G003,0.007799235,1
G041,G037,0.007797144,1
G055,G039,0.0077828886,1
G022,G012,0.0077721467,1
G059,G099,0.0077649327,1
G020,G097,0.0077486513,1
G093,G073,0.0077455114,1
G089,G066,0.007741028,1
G064,G081,0.007737014,1
G024,G086,0.007736492,1
G057,G090,0.0077353884,1
G066,G092,0.007729253,1
G032,G016,0.0077200704,1
G006,G033,0.007718728,1
G081,G094,0.007713999,1
G059,G080,0.00770684,1
G090,G093,0.007680996,1
G041,G095,0.007672926,1
G071,G040,0.007669815,1
G030,G082,0.0076642525,1
G020,G009,0.007654322,1
G029,G084,0.0076521244,1
G002,G040,0.00765004,1
G019,G070,0.007642547,1
G027,G092,0.007641377,1
G072,G070,0.0076390128,1
G094,G055,0.0076357247,1
G003,G052,0.0076334677,1
G044,G057,0.0076327072,1
G053,G025,0.007628134,1
G061,G092,0.0076200506,1
G063,G092,0.0076139104,1
G016,G049,0.007584675,1
G060,G059,0.0075781727,1
G067,G082,0.0075777858,1
G008,G049,0.007574733,1
G098,G025,0.0075638024,1
G043,G076,0.007560177,1
G043,G070,0.007547631,1
G056,G016,0.0075447233,1
G029,G030,0.007536804,1
G057,G012,0.0075366315,1
G018,G076,0.0075338916,1
G024,G030,0.0075285966,1
G098,G096,0.0075282427,1
G013,G036,0.0075255972,1
G084,G025,0.0075216615,1
G033,G030,0.0075190607,1
G002,G032,0.0075188703,1
G077,G080,0.007517849,1
G097,G070,0.0074991733,1
G021,G080,0.0074778046,1
G085,G093,0.0074741226,1
G087,G099,0.00747014,1
G073,G011,0.007464309,1
G065,G097,0.0074617537,1
G084,G023,0.0074569094,1
G088,G046,0.0074550654,1
G027,G091,0.007442892,1
G095,G041,0.007439015,1
G058,G018,0.0074387314,1
G041,G067,0.00742511,1
G094,G021,0.007417989,1
G085,G029,0.0074145985,1
G001,G088,0.007408038,1
G018,G079,0.0073991236,1
G087,G063,0.007385118,1
G079,G046,0.0073739034,1
G001,G082,0.0073736147,1
G012,G063,0.0073559145,1
G063,G077,0.007353216,1
G063,G005,0.0073502026,1
G009,G031,0.0073455237,1
G078,G079,0.007336794,1
G085,G072,0.0073243645,1
G098,G068,0.00732025,1
G064,G037,0.007317479,1
G053,G048,0.0073123584,1
G060,G019,0.0073073893,1
G080,G017,0.007306091,1
G098,G046,0.007304767,1
G048,G096,0.0072939275,1
G004,G062,0.0072827577,1
G035,G046,0.0072812242,1
G057,G078,0.007278186,1
G086,G098,0.0072760647,1
G070,G069,0.0072736237,1
G022,G093,0.0072696917,1
G085,G051,0.0072656916,1
G088,G010,0.0072559714,1
G035,G004,0.007255508,1
G083,G038,0.007251046,1
G024,G042,0.0072407117,1
G015,G061,0.007239528,1
G067,G091,0.0072367406,1
G066,G078,0.0072332723,1
G063,G026,0.0072285715,1
G038,G062,0.007222541,1
G061,G002,0.007211558,1
G006,G049,0.007206586,1
G013,G032,0.0072064246,1
G091,G020,0.0072039254,1
G053,G091,0.0071783112,1
G050,G051,0.007171242,1
G066,G086,0.0071708323,1
G052,G063,0.007163207,1
G015,G085,0.0071617262,1
G008,G013,0.007160649,1
G026,G022,0.007150834,1
G097,G028,0.0071500973,1
G041,G031,0.0071425904,1
G011,G095,0.007138704,1
G040,G059,0.007136833,1
G007,G055,0.007127989,1
G052,G032,0.007125207,1
G092,G087,0.0071226573,1
G086,G064,0.007122176,1
G100,G024,0.00711984,1
G073,G082,0.0071184062,1
G063,G037,0.0071125105,1
G058,G007,0.0071114404,1
G073,G099,0.0071107415,1
G050,G074,0.0071102264,1
G065,G010,0.007104591,1
G059,G043,0.0070942296,1
G063,G006,0.0070894687,1
G005,G053,0.007085477,1
G010,G026,0.0070749847,1
G023,G073,0.007074959,1
G030,G009,0.00707123,1
G006,G095,0.007063167,1
G005,G081,0.007056674,1
G029,G008,0.007056042,1
G077,G063,0.0070534223,1
G009,G068,0.0070508122,1
G087,G032,0.007042733,1
G073,G075,0.007039914,1
G058,G053,0.007031368,1
G083,G005,0.007006742,1
G095,G087,0.0070048687,1
G067,G049,0.0070022983,1
G084,G081,0.006987636,1
G071,G079,0.00697644,1
G092,G036,0.006960485,1
G032,G051,0.0069575883,1
G057,G061,0.0069570364,1
G075,G094,0.0069510643,1
G055,G017,0.006949929,1
G023,G078,0.0069496636,1
G048,G042,0.0069477903,1
G004,G042,0.006944884,1
G084,G028,0.006937663,1
G072,G008,0.006928333,1
G078,G056,0.006927166,1
G030,G084,0.0069237505,1
G063,G084,0.006920497,1
G013,G089,0.006918943,1
G043,G053,0.00691597,1
G061,G046,0.006915493,1
G008,G034,0.006910271,1
G048,G045,0.006908414,1
G064,G004,0.006905729,1
G069,G047,0.006903504,1
G046,G017,0.0069027166,1
G092,G044,0.0068976693,1
G064,G029,0.0068965736,1
G073,G066,0.0068957736,1
G060,G062,0.0068950215,1
G021,G004,0.00688878,1
G060,G020,0.0068884348,1
G072,G009,0.0068722344,1
G057,G013,0.006871852,1
G035,G092,0.0068692244,1
G024,G012,0.0068636667,1
G067,G014,0.0068606613,1
G042,G039,0.006859524,1
G077,G053,0.006853208,1
G092,G011,0.0068473197,1
G079,G041,0.006845406,1
G069,G096,0.0068351887,1
G017,G073,0.0068329074,1
G068,G029,0.0068229474,1
G067,G025,0.0068213753,1
G015,G066,0.0068165967,1
G088,G037,0.006814487,1
G058,G002,0.0068097967,1
G066,G043,0.006806425,1
G062,G023,0.0068022395,1
G040,G100,0.006797687,1
G062,G004,0.006794912,1
G095,G086,0.006786928,1
G051,G021,0.0067823324,1
G034,G020,0.0067808614,1
G009,G027,0.006770743,1
G002,G055,0.006767395,1
G041,G065,0.006763288,1
G001,G039,0.0067630056,1
G021,G084,0.006759998,1
G088,G027,0.0067575504,1
G044,G037,0.006753118,1
G056,G071,0.006747581,1
G076,G061,0.0067465375,1
G064,G070,0.0067419023,1
G079,G020,0.006738351,1
G077,G059,0.0067381524,1
G029,G054,0.006737117,1
G031,G038,0.0067366525,1
G036,G097,0.0067264047,1
G088,G061,0.006723646,1
G079,G062,0.0067180595,1
G021,G069,0.0067158826,1
G097,G018,0.0067144586,1
G086,G078,0.00670988,1
G010,G012,0.0067089167,1
G075,G005,0.006707536,1
G092,G097,0.0067021702,1
G100,G094,0.006700352,1
G076,G024,0.006699303,1
G071,G060,0.006695535,1
G055,G042,0.006692368,1
G042,G023,0.0066916742,1
G006,G041,0.006689438,1
G064,G012,0.0066807787,1
G006,G003,0.0066732755,1
G043,G025,0.0066719963,1
G056,G064,0.006661163,1
G065,G064,0.0066552395,1
G092,G007,0.006654114,1
G013,G065,0.006651262,1
G087,G030,0.006637565,1
G047,G082,0.0066325567,1
G060,G030,0.006629803,1
G047,G040,0.0066262833,1
G091,G016,0.006623065,1
G052,G073,0.006618369,1
G080,G076,0.00661755,1
G020,G028,0.0066123195,1
G069,G064,0.0066075386,1
G072,G080,0.006604517,1
G030,G063,0.006602741,1
G094,G042,0.0066006905,1
G055,G047,0.0065977415,1
G043,G058,0.0065949108,1
G083,G039,0.006582847,1
G100,G052,0.0065820166,1
G038,G058,0.0065783425,1
G050,G075,0.006576103,1
G022,G051,0.006551076,1
G019,G060,0.0065478003,1
G085,G008,0.0065457174,1
G067,G083,0.006543891,1
G073,G015,0.0065433187,1
G067,G022,0.0065427176,1
G003,G008,0.0065232893,1
G053,G055,0.006517071,1
G082,G089,0.006514084,1
G099,G007,0.0065125166,1
G012,G072,0.006511414,1
G079,G071,0.0065063513,1
G024,G025,0.006503766,1
G036,G090,0.0064985333,1
G045,G071,0.0064873206,1
G086,G001,0.0064872447,1
G071,G095,0.0064863036,1
G051,G044,0.0064847134,1
G090,G084,0.0064737154,1
G035,G089,0.006470992,1
G069,G093,0.006468506,1
G082,G098,0.006468349,1
G003,G072,0.0064587668,1
G069,G040,0.0064557954,1
G012,G040,0.006455358,1
G036,G058,0.0064503695,1
G066,G025,0.0064501273,1
G087,G035,0.0064477054,1
G075,G010,0.0064468286,1
G009,G034,0.006446413,1
G057,G016,0.006445298,1
G047,G066,0.0064430693,1
G083,G093,0.0064413794,1
G094,G030,0.006436972,1
G016,G002,0.006436218,1
G054,G086,0.006427562,1
G017,G093,0.006421589,1
G100,G004,0.0064158514,1
G023,G063,0.0064138724,1
G091,G073,0.0064120437,1
G016,G065,0.00640917,1
G016,G054,0.0064062015,1
G007,G052,0.006398917,1
G050,G070,0.006397997,1
G081,G001,0.0063952114,1
G004,G074,0.0063922303,1
G100,G032,0.006390099,1
G088,G018,0.006386528,1
G062,G080,0.0063852062,1
G024,G026,0.0063836114,1
G036,G087,0.0063801464,1
G081,G075,0.0063735493,1
G059,G020,0.0063732686,1
G003,G086,0.006370046,1
G100,G002,0.006363685,1
G099,G080,0.0063603804,1
G014,G002,0.006348183,1
G075,G078,0.006345269,1
G019,G038,0.006337664,1
G074,G022,0.006324206,1
G009,G039,0.006322656,1
G067,G026,0.006320476,1
G085,G055,0.0063198726,1
G070,G059,0.006316689,1
G072,G001,0.0063147247,1
G003,G051,0.0063129547,1
G090,G066,0.006309046,1
G063,G090,0.0063070687,1
G044,G013,0.0063059246,1
G047,G036,0.0063056643,1
G068,G001,0.0063033104,1
G082,G085,0.006297985,1
G075,G036,0.0062950416,1
G037,G011,0.0062942617,1
G047,G088,0.0062915008,1
G094,G024,0.0062865685,1
G043,G068,0.0062856707,1
G085,G089,0.00628562,1
G091,G072,0.0062844497,1
G044,G086,0.0062842905,1
G081,G076,0.006281424,1
G002,G008,0.00627447,1
G095,G005,0.0062724226,1
G064,G003,0.006268836,1
G061,G098,0.006263237,1
G099,G009,0.0062628035,1
G077,G003,0.006261765,1
G089,G072,0.0062599205,1
G088,G068,0.0062561366,1
G080,G094,0.00625368,1
G027,G050,0.0062529757,1
G048,G025,0.006240166,1
G075,G074,0.0062345527,1
G037,G056,0.0062339776,1
G015,G079,0.006230634,1
G071,G068,0.006229268,1
G006,G052,0.0062245848,1
G008,G098,0.006224316,1
G057,G038,0.0062226444,1
G010,G098,0.0062118703,1
G039,G028,0.006211176,1
G034,G067,0.006210078,1
G033,G002,0.006204973,1
G030,G065,0.006203157,1
G086,G061,0.006199865,1
G029,G035,0.0061990726,1
G006,G075,0.0061894143,1
G044,G029,0.006180381,1
G079,G065,0.00617362,1
G059,G050,0.0061698295,1
G093,G072,0.006166204,1
G043,G007,0.006163679,1
G069,G087,0.006155464,1
G043,G098,0.006153401,1
G024,G001,0.0061496575,1
G098,G034,0.0061474517,1
G009,G038,0.006142504,1
G061,G086,0.006126087,1
G081,G082,0.0061245565,1
G088,G048,0.0061213323,1
G082,G007,0.0061126426,1
G022,G065,0.0061114496,1
G068,G094,0.006102707,1
G041,G016,0.0060972334,1
G064,G019,0.0060944227,1
G087,G040,0.0060874354,1
G020,G078,0.0060848463,1
G028,G066,0.0060831136,1
G003,G047,0.006081768,1
G029,G069,0.0060656564,1
G070,G018,0.0060651833,1
G100,G005,0.006058093,1
G099,G050,0.0060437806,1
G089,G015,0.0060414406,1
G056,G087,0.006040045,1
G075,G028,0.006039869,1
G036,G023,0.006037123,1
G054,G085,0.0060366304,1
G087,G094,0.006033688,1
G003,G068,0.006030677,1
G057,G084,0.006030434,1
G035,G014,0.006029748,1
G035,G079,0.006023975,1
G064,G075,0.006022616,1
G041,G046,0.006022296,1
G038,G097,0.00601998,1
G086,G067,0.006019969,1
G035,G065,0.006017956,1
G088,G070,0.00601431,1
G022,G083,0.00600837,1
G043,G037,0.0060076714,1
G020,G026,0.006005353,1
G001,G074,0.006001832,1
G059,G018,0.005990603,1
G047,G033,0.0059852204,1
G020,G005,0.0059817084,1
G005,G068,0.0059774094,1
G015,G032,0.0059759784,1
G074,G089,0.0059757284,1
G011,G058,0.0059711756,1
G053,G005,0.0059693884,1
G065,G080,0.0059692073,1
G072,G047,0.0059614717,1
G028,G056,0.0059604887,1
G057,G008,0.005959536,1
G100,G064,0.0059571792,1
G009,G026,0.0059567443,1
G052,G037,0.005956102,1
G074,G041,0.0059501696,1
G044,G076,0.0059478977,1
G052,G015,0.005946224,1
G005,G065,0.005934508,1
G061,G083,0.005932892,1
G087,G075,0.005929539,1
G087,G066,0.0059249625,1
G028,G013,0.0059241652,1
G075,G072,0.0059199026,1
G018,G042,0.0059184455,1
G070,G065,0.005915972,1
G040,G078,0.0059110923,1
G082,G093,0.0059028906,1
G033,G001,0.0059016463,1
G085,G066,0.00589411,1
G051,G018,0.0058929706,1
G069,G019,0.0058892868,1
G072,G019,0.005888048,1
G012,G085,0.005885175,1
G074,G058,0.0058842096,1
G062,G093,0.005879452,1
G002,G017,0.0058641043,1
G029,G025,0.0058593364,1
G020,G047,0.0058576018,1
G091,G095,0.005850912,1
G052,G048,0.0058421623,1
G089,G047,0.0058414037,1
G054,G070,0.0058362396,1
G011,G067,0.0058357134,1
G039,G089,0.0058354298,1
G004,G078,0.0058350526,1
G080,G039,0.005832272,1
G040,G091,0.005823605,1
G077,G091,0.0058233007,1
G057,G089,0.0058013494,1
G007,G083,0.005799687,1
G049,G099,0.0057982537,1
G014,G036,0.0057956506,1
G030,G024,0.0057942327,1
G045,G050,0.005792765,1
G081,G045,0.0057889665,1
G023,G100,0.0057885093,1
G060,G071,0.005787933,1
G079,G085,0.005781949,1
G086,G022,0.0057773115,1
G042,G062,0.00577125,1
G059,G076,0.005765223,1
G036,G041,0.005763582,1
G044,G047,0.0057619982,1
G026,G086,0.005760842,1
G091,G082,0.0057599796,1
G060,G013,0.0057505886,1
G074,G034,0.005739926,1
G013,G100,0.005737385,1
G099,G056,0.005735949,1
G062,G014,0.0057343165,1
G016,G057,0.0057328595,1
G036,G068,0.005730536,1
G043,G008,0.0057298383,1
G043,G083,0.0057295547,1
G008,G072,0.00572702,1
G072,G099,0.0057255323,1
G012,G032,0.0057249204,1
G008,G081,0.0057248436,1
G031,G019,0.0057229525,1
G059,G046,0.005717162,1
G045,G002,0.0057122232,1
G055,G034,0.0057117157,1
G077,G090,0.0057108747,1
G026,G096,0.00570268,1
G100,G014,0.0056968257,1
G064,G051,0.0056961584,1
G013,G014,0.005695737,1
G019,G098,0.0056924457,1
G023,G036,0.0056917802,1
G025,G035,0.005691263,1
G012,G091,0.0056891283,1
G057,G069,0.0056827776,1
G034,G092,0.0056816447,1
G003,G023,0.005680932,1
G035,G010,0.005677134,1
G006,G043,0.005676545,1
G034,G042,0.0056753256,1
G038,G060,0.005674348,1
G045,G087,0.005674038,1
G046,G053,0.005673875,1
G073,G060,0.0056699365,1
G007,G091,0.005668521,1
G034,G001,0.005668505,1
G017,G050,0.0056670676,1
G030,G035,0.005666127,1
G063,G011,0.005665673,1
G071,G030,0.005665629,1
G017,G034,0.0056641875,1
G032,G046,0.0056577404,1
G028,G096,0.005656617,1
G048,G095,0.0056550857,1
G045,G007,0.005654762,1
G062,G044,0.0056484393,1
G083,G032,0.0056477166,1
G089,G024,0.0056471233,1
G028,G051,0.0056412127,1
G068,G055,0.0056396383,1
G042,G035,0.0056374706,1
G011,G071,0.0056345453,1
G031,G077,0.0056331316,1
G081,G025,0.0056326003,1
G097,G081,0.0056318347,1
G080,G063,0.0056304857,1
G099,G002,0.0056261313,1
G018,G032,0.0056224847,1
G025,G018,0.005613866,1
G045,G095,0.0056123063,1
G091,G010,0.0056118444,1
G010,G041,0.005604684,1
G036,G049,0.0056029106,1
G037,G082,0.005601961,1
G026,G087,0.0055929106,1
G041,G002,0.0055927145,1
G084,G002,0.00559142,1
G009,G056,0.005581547,1
G079,G040,0.0055719684,1
G090,G023,0.005571533,1
G037,G074,0.005570126,1
G056,G041,0.0055643306,1
G039,G090,0.0055624517,1
G001,G049,0.005560484,1
G044,G055,0.005552748,1
G060,G083,0.005547751,1
G099,G036,0.005541225,1
G082,G063,0.005538672,1
G046,G058,0.0055354196,1
G077,G023,0.0055352305,1
G098,G008,0.0055345315,1
G019,G010,0.005534284,1
G093,G022,0.0055340677,1
G099,G014,0.005533137,1
G097,G015,0.005524944,1
G040,G007,0.0055221315,1
G065,G033,0.0055177324,1
G079,G002,0.0055152015,1
G085,G036,0.0055129714,1
G064,G016,0.005506089,1
G086,G029,0.0055025406,1
G082,G045,0.005497827,1
G047,G079,0.00549273,1
G066,G010,0.0054864935,1
G007,G043,0.005484706,1
G051,G047,0.0054814764,1
G024,G046,0.0054805833,1
G087,G047,0.005471881,1
G056,G005,0.0054551107,1
G001,G071,0.005453383,1
G039,G014,0.0054412973,1
G082,G052,0.005439508,1
G090,G081,0.005437173,1
G016,G067,0.0054364386,1
G053,G011,0.00543308,1
G097,G017,0.0054323394,1
G043,G072,0.0054313396,1
G057,G029,0.005429927,1
G032,G033,0.005428442,1
G031,G032,0.0054257605,1
G037,G042,0.005422432,1
G014,G090,0.005419611,1
G049,G093,0.0054132207,1
G060,G026,0.005412167,1
G077,G078,0.0054095094,1
G016,G010,0.005406474,1
G010,G028,0.0053993473,1
G061,G039,0.0053854557,1
G009,G048,0.0053847744,1
G067,G035,0.0053786207,1
G048,G001,0.005370377,1
G039,G082,0.005368498,1
G024,G063,0.0053659603,1
G054,G001,0.005358468,1
G077,G002,0.005358372,1
G028,G039,0.0053582843,1
G058,G033,0.005356023,1
G045,G085,0.005348806,1
G051,G081,0.005347361,1
G040,G077,0.00534663,1
G066,G095,0.0053403573,1
G007,G073,0.005335594,1
G033,G047,0.005328323,1
G057,G070,0.005327792,1
G016,G017,0.0053268573,1
G074,G021,0.0053260233,1
G092,G075,0.0053240885,1
G099,G057,0.0053239726,1
G047,G045,0.0053237504,1
G013,G010,0.0053208335,1
G027,G052,0.005313108,1
G094,G098,0.0053105652,1
G036,G059,0.0053002564,1
G008,G035,0.005299302,1
G017,G037,0.005299016,1
G049,G086,0.005294386,1
G090,G013,0.0052826726,1
G010,G095,0.005278575,1
G053,G028,0.005278248,1
G007,G082,0.0052774544,1
G080,G092,0.005275095,1
G016,G047,0.005273377,1
G010,G021,0.005269318,1
G001,G008,0.0052630827,1
G077,G085,0.005262593,1
G060,G012,0.005254381,1
G064,G026,0.0052527436,1
G048,G098,0.005252472,1
G084,G096,0.0052521545,1
G088,G039,0.0052472157,1
G060,G055,0.005246704,1
G031,G090,0.0052454346,1
G042,G006,0.005244529,1
G092,G062,0.0052411887,1
G006,G013,0.0052334927,1
G007,G015,0.0052321902,1
G060,G044,0.005231695,1
G024,G017,0.005231125,1
G067,G032,0.0052308775,1
G015,G031,0.005228064,1
G010,G096,0.005222974,1
G008,G056,0.0052226125,1
G036,G028,0.005197188,1
G071,G033,0.005196547,1
G047,G022,0.0051960186,1
G021,G036,0.005186064,1
G040,G031,0.0051856344,1
G003,G087,0.0051854663,1
G060,G040,0.005175885,1
G087,G072,0.0051736017,1
G051,G099,0.00517195,1
G034,G028,0.0051706163,1
G074,G026,0.005167473,1
G076,G027,0.0051673623,1
G010,G094,0.0051668584,1
G078,G085,0.0051662745,1
G079,G057,0.0051658875,1
G049,G063,0.0051569855,1
G001,G004,0.0051538856,1
G001,G079,0.005145403,1
G016,G039,0.00513656,1
G090,G015,0.0051347907,1
G049,G074,0.005133352,1
G010,G068,0.0051326444,1
G013,G091,0.0051310617,1
G046,G036,0.0051263208,1
G050,G004,0.005122978,1
G017,G062,0.005119625,1
G029,G016,0.0051161046,1
G056,G042,0.0051151346,1
G013,G035,0.0051146676,1
G020,G096,0.005100176,1
G033,G012,0.0050973594,1
G030,G015,0.0050949752,1
G027,G095,0.005091609,1
G007,G096,0.0050875894,1
G085,G090,0.0050806953,1
G094,G033,0.0050799344,1
G088,G096,0.005078348,1
G006,G028,0.005076359,1
G011,G066,0.005076355,1
G018,G088,0.005074606,1
G034,G090,0.00506999,1
G068,G093,0.0050642444,1
G034,G053,0.005061202,1
G073,G061,0.0050564017,1
G021,G055,0.0050510364,1
G079,G028,0.0050418135,1
G099,G051,0.0050357683,1
G050,G082,0.0050355196,1
G092,G032,0.005034845,1
G025,G077,0.0050337072,1
G083,G030,0.0050314283,1
G016,G005,0.0050286073,1
G096,G045,0.005021114,1
G094,G053,0.0050183996,1
G009,G044,0.0050176755,1
G090,G029,0.005012028,1
G050,G085,0.00501137,1
G049,G045,0.0050043543,1
G010,G036,0.005001935,1
G061,G029,0.005001462,1
G025,G072,0.004994951,1
G035,G067,0.004994394,1
G028,G088,0.004994045,1
G045,G082,0.0049932566,1
G011,G069,0.004991333,1
G059,G022,0.0049878876,1
G048,G009,0.004986878,1
G038,G007,0.0049849716,1
G053,G066,0.004983874,1
G045,G073,0.004975578,1
G073,G040,0.00497545,1
G050,G066,0.0049728192,1
G032,G002,0.004960071,1
G021,G026,0.004957507,1
G094,G044,0.004949056,1
G053,G080,0.0049466835,1
G073,G079,0.0049461457,1
G020,G062,0.0049456074,1
G098,G031,0.0049424595,1
G020,G016,0.004942389,1
G054,G032,0.004938862,1
G023,G022,0.0049386416,1
G083,G033,0.004937646,1
G027,G031,0.004932662,1
G065,G044,0.004932462,1
G038,G053,0.004925081,1
G036,G056,0.0049217204,1
G004,G010,0.004921565,1
G055,G027,0.0049206405,1
G008,G071,0.0049201767,1
G003,G081,0.0049179136,1
G050,G013,0.004912775,1
G092,G033,0.004911791,1
G008,G039,0.0049090576,1
G051,G012,0.004902986,1
G058,G081,0.00490197,1
G064,G053,0.0049011977,1
G002,G005,0.004896702,1
G050,G015,0.0048944703,1
G083,G047,0.00489221,1
G030,G056,0.0048839566,1
G045,G053,0.004875366,1
G081,G058,0.004874814,1
G014,G089,0.0048734434,1
G013,G040,0.004871272,1
G059,G071,0.0048693498,1
G036,G003,0.004867538,1
G098,G045,0.004867102,1
G091,G058,0.0048667034,1
G036,G025,0.0048652864,1
G040,G095,0.0048652375,1
G003,G073,0.0048632044,1
G086,G044,0.0048559885,1
G059,G074,0.0048549413,1
G051,G086,0.0048528165,1
G087,G057,0.0048509752,1
G065,G046,0.0048407135,1
G037,G066,0.00483939,1
G078,G045,0.004832029,1
G099,G042,0.0048299194,1
G087,G059,0.0048295213,1
G009,G082,0.004824203,1
G052,G088,0.004823946,1
G084,G091,0.0048225997,1
G083,G050,0.004821977,1
G033,G045,0.004814251,1
G052,G029,0.0048038084,1
G069,G046,0.004799431,1
G004,G086,0.00479434,1
G060,G004,0.0047911378,1
G069,G007,0.0047844793,1
G025,G093,0.004783616,1
G004,G001,0.0047834995,1
G042,G011,0.0047822674,1
G010,G056,0.0047815163,1
G050,G046,0.0047814255,1
G090,G044,0.004765293,1
G038,G022,0.004763855,1
G022,G017,0.004758759,1
G066,G087,0.004749093,1
G011,G048,0.0047421632,1
G025,G066,0.0047326107,1
G093,G096,0.004732161,1
G030,G013,0.0047289045,1
G073,G027,0.0047285752,1
G093,G005,0.0047281333,1
G089,G067,0.004727609,1
G006,G023,0.004727115,1
G049,G072,0.0047222264,1
G069,G025,0.0047186906,1
G096,G018,0.004714462,1
G053,G044,0.004710732,1
G087,G058,0.004702066,1
G036,G062,0.004697165,1
G066,G077,0.004695464,1
G087,G043,0.004694108,1
G095,G084,0.004693932,1
G096,G088,0.0046875128,1
G065,G006,0.0046862834,1
G063,G049,0.004682659,1
G013,G092,0.0046814564,1
G047,G068,0.004680002,1
G026,G028,0.00467925,1
G084,G050,0.004677165,1
G040,G094,0.0046746363,1
G092,G039,0.00467397,1
G066,G036,0.004673357,1
G037,G045,0.004673143,1
G014,G010,0.004668737,1
G100,G061,0.0046685846,1
G029,G038,0.004660903,1
G030,G076,0.0046595186,1
G070,G034,0.0046554306,1
G099,G058,0.004652167,1
G044,G027,0.0046488605,1
G087,G038,0.0046399557,1
G062,G073,0.0046367026,1
G091,G077,0.004633464,1
G097,G091,0.004633417,1
G034,G023,0.0046311496,1
G089,G034,0.0046305098,1
G098,G020,0.0046219677,1
G045,G001,0.004621945,1
G061,G059,0.004620069,1
G018,G074,0.0046179257,1
G050,G064,0.004616243,1
G074,G009,0.004614786,1
G077,G097,0.004614475,1
G055,G072,0.0046118656,1
G047,G048,0.0046112165,1
G016,G060,0.0046104975,1
G079,G074,0.004604871,1
G040,G026,0.004603759,1
G033,G063,0.004603661,1
G051,G080,0.004601953,1
G056,G008,0.004601047,1
G031,G040,0.0045994804,1
G062,G057,0.004598423,1
G032,G068,0.0045947446,1
G091,G085,0.0045938636,1
G004,G084,0.0045868116,1
G038,G073,0.0045792563,1
G065,G075,0.004579208,1
G007,G100,0.0045787063,1
G054,G004,0.0045709712,1
G047,G016,0.004570321,1
G019,G042,0.0045643314,1
G039,G006,0.0045630895,1
G071,G051,0.0045550317,1
G091,G025,0.0045543355,1
G044,G005,0.0045524733,1
G023,G049,0.0045446176,1
G042,G002,0.0045429617,1
G002,G085,0.0045427913,1
G081,G089,0.004540407,1
G013,G071,0.004538876,1
G088,G015,0.004535378,1
G073,G016,0.0045323255,1
G010,G009,0.0045321886,1
G061,G096,0.004531421,1
G067,G012,0.0045310594,1
G028,G097,0.004530349,1
G052,G016,0.0045270007,1
G090,G067,0.004526475,1
G029,G096,0.0045206733,1
G056,G095,0.0045192163,1
G068,G066,0.0045178165,1
G067,G060,0.0045167245,1
G079,G013,0.0045133405,1
G004,G026,0.004510935,1
G001,G048,0.0045106183,1
G069,G044,0.004509708,1
G088,G090,0.004508649,1
G021,G088,0.00450574,1
G046,G012,0.004504633,1
G031,G056,0.0045046057,1
G089,G075,0.0045002294,1
G029,G014,0.004499245,1
G012,G060,0.004498714,1
G025,G011,0.0044981167,1
G016,G046,0.004492203,1
G013,G027,0.004491744,1
G002,G036,0.004489604,1
G090,G060,0.004487921,1
G045,G012,0.0044876756,1
G079,G006,0.00448646,1
G055,G064,0.004483712,1
G037,G031,0.004483431,1
G026,G059,0.004482457,1
G085,G042,0.0044801924,1
G014,G048,0.004478947,1
G063,G032,0.004478697,1
G026,G003,0.0044752834,1
G071,G043,0.00447244,1
G096,G058,0.0044720545,1
G001,G007,0.004471089,1
G008,G007,0.0044705407,1
G020,G027,0.0044690706,1
G007,G035,0.004467947,1
G074,G072,0.004459872,1
G083,G046,0.0044594044,1
G029,G047,0.0044517335,1
G049,G058,0.004447935,1
G065,G024,0.004447093,1
G060,G023,0.0044431994,1
G052,G100,0.0044346354,1
G085,G014,0.00443368,1
G042,G049,0.0044274246,1
G096,G057,0.0044227843,1
G076,G075,0.0044211205,1
G078,G043,0.0044208188,1
G010,G061,0.004410505,1
G072,G048,0.0044101863,1
G035,G038,0.0044094617,1
G026,G079,0.004408752,1
G056,G003,0.0044031767,1
G098,G053,0.0043997336,1
G080,G020,0.0043909866,1
G059,G082,0.0043901824,1
G037,G054,0.0043891934,1
G080,G032,0.0043885456,1
G063,G053,0.004387959,1
G029,G036,0.004385004,1
G059,G008,0.004382736,1
G024,G059,0.004379345,1
G056,G091,0.004377429,1
G061,G052,0.0043764664,1
G082,G021,0.004376082,1
G079,G053,0.0043747816,1
G053,G021,0.004372841,1
G029,G057,0.004367511,1
G082,G076,0.0043638987,1
G081,G100,0.0043631843,1
G083,G092,0.0043553663,1
G075,G098,0.004349297,1
G041,G005,0.004349186,1
G025,G014,0.004345747,1
G009,G023,0.0043454682,1
G013,G075,0.004343524,1
G032,G043,0.004337456,1
G085,G027,0.0043315734,1
G061,G062,0.00432826,1
G011,G006,0.0043263016,1
G040,G014,0.004317171,1
G012,G089,0.0043149185,1
G079,G055,0.004314455,1
G029,G005,0.00431226,1
G085,G001,0.004310027,1
G027,G029,0.0043078484,1
G050,G044,0.004306143,1
G014,G072,0.0043060975,1
G096,G050,0.004298999,1
G088,G050,0.0042943303,1
G084,G020,0.004293368,1
G078,G050,0.0042878133,1
G019,G086,0.0042795623,1
G070,G056,0.004276301,1
G003,G002,0.004266184,1
G051,G020,0.004263882,1
G072,G025,0.0042535956,1
G052,G089,0.004253149,1
G046,G081,0.0042519537,1
G061,G060,0.004251273,1
G048,G081,0.0042507667,1
G068,G077,0.0042471546,1
G078,G088,0.004246724,1
G066,G003,0.0042463904,1
G036,G001,0.0042452347,1
G053,G085,0.0042377217,1
G094,G081,0.0042353645,1
G085,G084,0.004234529,1
G039,G043,0.0042332415,1
G042,G014,0.004233031,1
G043,G010,0.00423275,1
G012,G035,0.004222552,1
G010,G090,0.004222273,1
G016,G074,0.0042176796,1
G020,G083,0.00421378,1
G037,G033,0.0042132055,1
G085,G067,0.004205991,1
G011,G052,0.0042042593,1
G017,G097,0.0042023496,1
G097,G043,0.0042007407,1
G047,G085,0.0041939667,1
G089,G096,0.0041932156,1
G028,G018,0.00419028,1
G077,G011,0.004188674,1
G028,G009,0.004183216,1
G016,G023,0.004182243,1
G006,G008,0.0041782805,1
G046,G018,0.004175024,1
G055,G029,0.0041740187,1
G018,G072,0.0041730236,1
G044,G069,0.004172727,1
G097,G090,0.0041684606,1
G028,G015,0.0041667125,1
G033,G064,0.0041661877,1
G071,G017,0.004165736,1
G045,G016,0.0041589383,1
G072,G013,0.0041584275,1
G009,G070,0.0041570836,1
G067,G010,0.0041568857,1
G004,G073,0.004149351,1
G043,G004,0.0041488498,1
G067,G087,0.00414343,1
G022,G100,0.0041424385,1
G032,G034,0.004141308,1
G029,G007,0.0041402,1
G068,G059,0.004139908,1
G078,G089,0.0041319793,1
G033,G003,0.004131688,1
G085,G010,0.004129634,1
G098,G077,0.004129024,1
G057,G004,0.00412756,1
G023,G006,0.004124586,1
G048,G044,0.004122114,1
G005,G019,0.004118219,1
G098,G047,0.0041117934,1
G050,G016,0.004107687,1
G052,G014,0.0041050506,1
G026,G072,0.0041039283,1
G089,G012,0.0041021984,1
G075,G085,0.0041016834,1
G011,G080,0.00409796,1
G096,G024,0.0040961807,1
G067,G047,0.0040954635,1
G043,G099,0.0040952004,1
G093,G021,0.004085257,1
G016,G013,0.004079234,1
G062,G091,0.0040788054,1
G048,G077,0.004078518,1
G038,G072,0.0040744874,1
G002,G024,0.0040698852,1
G081,G035,0.004068859,1
G044,G028,0.0040682866,1
G003,G037,0.0040674745,1
G073,G032,0.0040638144,1
G026,G062,0.00406374,1
G004,G003,0.004052332,1
G086,G069,0.0040520383,1
G020,G065,0.0040519293,1
G017,G057,0.0040516914,1
G042,G075,0.004051101,1
G023,G037,0.0040486655,1
G093,G001,0.004047835,1
G017,G049,0.0040470976,1
G023,G026,0.0040452974,1
G095,G038,0.0040428177,1
G014,G065,0.004039758,1
G036,G084,0.0040335013,1
G044,G080,0.0040268786,1
G005,G078,0.004025029,1
G063,G009,0.0040211924,1
G060,G016,0.0040183766,1
G018,G069,0.004012446,1
G056,G047,0.004009171,1
G039,G087,0.004006908,1
G029,G087,0.004006258,1
G087,G041,0.00400493,1
G005,G073,0.0039992365,1
G032,G060,0.003997606,1
G088,G004,0.0039908392,1
G097,G020,0.0039864574,1
G047,G099,0.003979412,1
G059,G016,0.0039771167,1
G070,G035,0.0039743944,1
G014,G029,0.0039740643,1
G094,G051,0.003973621,1
G097,G071,0.003962752,1
G091,G018,0.003959847,1
G076,G030,0.0039560623,1
G079,G049,0.003956031,1
G027,G038,0.0039558737,1
G052,G062,0.003952253,1
G063,G057,0.0039519155,1
G059,G024,0.003951625,1
G092,G079,0.0039512864,1
G094,G076,0.0039511155,1
G049,G025,0.003948591,1
G055,G094,0.003947315,1
G049,G051,0.0039454703,1
G036,G007,0.0039437646,1
G086,G021,0.003942386,1
G025,G030,0.003940951,1
G023,G001,0.0039406572,1
G092,G096,0.003940259,1
G034,G071,0.0039379857,1
G026,G081,0.0039351815,1
G017,G074,0.00393371,1
G013,G051,0.00393202,1
G099,G091,0.0039278427,1
G049,G026,0.003926659,1
G097,G083,0.003925791,1
G014,G025,0.0039244844,1
G077,G013,0.0039229593,1
G075,G035,0.003922179,1
G077,G027,0.003921585,1
G071,G025,0.0039213295,1
G009,G085,0.003920822,1
G023,G064,0.0039193733,1
G018,G066,0.0039187693,1
G066,G050,0.003918014,1
G082,G062,0.003917339,1
G041,G061,0.003917315,1
G082,G072,0.003916865,1
G014,G020,0.0039037545,1
G013,G041,0.0038973358,1
G005,G004,0.0038968509,1
G019,G036,0.0038966374,1
G013,G070,0.0038963943,1
G014,G004,0.0038954143,1
G031,G065,0.0038922692,1
G005,G018,0.0038901598,1
G032,G050,0.0038875092,1
G091,G019,0.0038770132,1
G049,G022,0.003875449,1
G013,G008,0.0038752807,1
G056,G062,0.003874323,1
G022,G029,0.0038741971,1
G059,G084,0.0038693205,1
G036,G015,0.0038655426,1
G084,G053,0.0038653126,1
G031,G052,0.0038638122,1
G087,G086,0.0038576596,1
G005,G001,0.003853935,1
G016,G032,0.0038520652,1
G069,G027,0.003847121,1
G039,G012,0.0038459317,1
G050,G079,0.0038447466,1
G064,G061,0.003844569,1
G012,G079,0.0038419152,1
G025,G074,0.0038397775,1
G049,G097,0.0038374455,1
G065,G005,0.0038368595,1
G071,G003,0.0038342027,1
G068,G019,0.0038326303,1
G067,G054,0.0038324564,1
G057,G034,0.0038322983,1
G020,G071,0.0038304783,1
G030,G018,0.003829209,1
G027,G023,0.0038218321,1
G013,G004,0.0038190393,1
G083,G023,0.0038171413,1
G086,G072,0.0038168565,1
G070,G044,0.0038111575,1
G006,G005,0.0038097354,1
G077,G056,0.0038091901,1
G021,G039,0.0038076392,1
G071,G031,0.003804374,1
G040,G011,0.0038040432,1
G047,G032,0.003801318,1
G091,G080,0.0038013,1
G073,G020,0.0037997267,1
G020,G043,0.003799381,1
G015,G060,0.0037976997,1
G053,G084,0.0037949292,1
G090,G069,0.0037852013,1
G084,G041,0.003780128,1
G069,G075,0.0037772907,1
G087,G056,0.003769391,1
G061,G032,0.0037692962,1
G010,G078,0.003768564,1
G073,G049,0.0037651141,1
G065,G034,0.0037609383,1
G005,G083,0.0037587427,1
G074,G002,0.0037551683,1
G033,G090,0.0037544908,1
G004,G050,0.0037516544,1
G092,G045,0.0037494265,1
G020,G035,0.0037482178,1
G075,G060,0.0037480206,1
G072,G100,0.0037428192,1
G060,G081,0.0037410941,1
G034,G047,0.0037403882,1
G082,G079,0.0037398564,1
G079,G056,0.0037394974,1
G057,G006,0.003738696,1
G077,G022,0.0037379584,1
G011,G062,0.0037373265,1
G042,G096,0.0037319935,1
G050,G096,0.003731625,1
G041,G009,0.0037296338,1
G045,G018,0.0037221815,1
G092,G008,0.003720501,1
G069,G010,0.003720105,1
G018,G048,0.0037196,1
G088,G025,0.0037100092,1
G029,G085,0.003709875,1
G034,G021,0.0037082091,1
G095,G052,0.0037068941,1
G062,G032,0.0037058957,1
G027,G056,0.0037055516,1
G080,G079,0.0037041341,1
G085,G096,0.0037001595,1
G096,G089,0.003699443,1
G021,G076,0.0036992868,1
G068,G090,0.0036925452,1
G038,G050,0.003691713,1
G044,G004,0.0036916777,1
G023,G005,0.003690858,1
G067,G031,0.0036888246,1
G037,G024,0.003687579,1
G087,G051,0.0036852374,1
G100,G098,0.003683349,1
G052,G049,0.0036806276,1
G088,G063,0.0036801181,1
G062,G028,0.0036733458,1
G066,G017,0.0036713176,1
G015,G099,0.0036709143,1
G048,G041,0.00366678,1
G011,G018,0.003663162,1
G085,G073,0.0036624023,1
G088,G041,0.0036595175,1
G100,G016,0.0036592053,1
G091,G035,0.003653425,1
G029,G074,0.0036505696,1
G090,G034,0.0036503517,1
G057,G075,0.0036496846,1
G016,G018,0.0036459793,1
G096,G012,0.0036451875,1
G077,G092,0.003644886,1
G073,G065,0.0036411046,1
G010,G063,0.0036377048,1
G073,G062,0.003629792,1
G061,G012,0.0036284828,1
G009,G072,0.0036266432,1
G074,G051,0.0036152953,1
G066,G088,0.0036136822,1
G015,G038,0.0036125653,1
G090,G002,0.0036124378,1
G053,G009,0.0036096426,1
G022,G019,0.0036095087,1
G018,G099,0.003608121,1
G074,G047,0.0036076966,1
G094,G007,0.0036067865,1
G096,G072,0.0036050193,1
G084,G004,0.003603492,1
G038,G086,0.003601037,1
G060,G077,0.0036006381,1
G038,G047,0.0035996917,1
G026,G006,0.0035982812,1
G032,G024,0.0035963156,1
G024,G055,0.0035901624,1
G014,G006,0.003587929,1
G047,G023,0.003587435,1
G076,G026,0.0035870983,1
G016,G038,0.0035861211,1
G048,G038,0.00358537,1
G053,G076,0.0035835449,1
G091,G059,0.0035835234,1
G070,G047,0.0035810664,1
G099,G019,0.003576456,1
G031,G002,0.0035739485,1
G082,G055,0.0035686973,1
G058,G051,0.0035676733,1
G029,G077,0.003564822,1
G069,G068,0.003564249,1
G015,G003,0.0035641368,1
G086,G084,0.003563162,1
G092,G027,0.003562852,1
G091,G096,0.0035626295,1
G028,G025,0.0035626201,1
G089,G019,0.0035573656,1
G009,G075,0.003556481,1
G019,G083,0.003553088,1
G071,G087,0.003548907,1
G042,G080,0.0035464477,1
G023,G067,0.0035464359,1
G093,G034,0.0035455322,1
G057,G071,0.0035452128,1
G081,G022,0.0035408908,1
G038,G096,0.0035372195,1
G077,G067,0.0035367797,1
G071,G006,0.0035367203,1
G099,G064,0.0035366698,1
G019,G077,0.0035345599,1
G042,G020,0.003534339,1
G009,G067,0.0035329761,1
G093,G018,0.003532194,1
G058,G068,0.0035315016,1
G041,G048,0.0035314183,1
G070,G086,0.0035238783,1
G056,G100,0.0035218396,1
G028,G092,0.0035197763,1
G031,G051,0.003518424,1
G036,G075,0.0035146116,1
G041,G088,0.003511473,1
G021,G077,0.003509589,1
G083,G058,0.0035057827,1
G029,G046,0.0035026323,1
G010,G052,0.0035017212,1
G041,G025,0.0034994727,1
G063,G072,0.003497417,1
G085,G081,0.003490617,1
G012,G064,0.0034882834,1
G090,G094,0.0034867425,1
G100,G036,0.0034841197,1
G036,G069,0.0034837185,1
G020,G037,0.0034832032,1
G092,G069,0.0034753936,1
G097,G007,0.0034725,1
G025,G044,0.0034694367,1
G025,G043,0.0034679445,1
G064,G008,0.003467616,1
G096,G034,0.0034654795,1
G032,G067,0.003464561,1
G073,G093,0.0034625193,1
G085,G021,0.0034613248,1
G016,G094,0.0034610243,1
G076,G029,0.0034607162,1
G061,G058,0.0034587586,1
G047,G027,0.0034542715,1
G008,G091,0.0034542235,1
G075,G021,0.0034534617,1
G048,G087,0.003452146,1
G049,G100,0.003449428,1
G020,G070,0.0034477902,1
G084,G006,0.0034449873,1
G048,G008,0.0034441398,1
G052,G012,0.003438026,1
G066,G011,0.00343766,1
G027,G022,0.0034374837,1
G022,G049,0.0034350965,1
G099,G017,0.0034334688,1
G023,G047,0.0034305996,1
G059,G015,0.0034302687,1
G083,G088,0.0034252442,1
G028,G029,0.003424748,1
G033,G062,0.0034221562,1
G048,G017,0.0034220729,1
G021,G051,0.0034215546,1
G099,G093,0.0034210335,1
G035,G076,0.003420258,1
G081,G041,0.0034164307,1
G093,G047,0.0034085913,1
G007,G045,0.0034065985,1
G072,G005,0.0034058965,1
G024,G091,0.003405272,1
G087,G055,0.003405097,1
G026,G091,0.003403822,1
G012,G016,0.003403369,1
G075,G020,0.0034031037,1
G064,G067,0.0034009703,1
G077,G029,0.0033998545,1
G094,G093,0.003398985,1
G037,G089,0.0033890177,1
G012,G003,0.0033867145,1
G085,G011,0.0033836376,1
G058,G052,0.0033802595,1
G091,G003,0.003379319,1
G020,G004,0.0033792718,1
G043,G035,0.0033770616,1
G082,G056,0.0033769482,1
G034,G040,0.0033750345,1
G082,G066,0.003374968,1
G030,G045,0.0033722338,1
G022,G073,0.0033701495,1
G040,G038,0.0033700753,1
G051,G071,0.003369021,1
G078,G001,0.0033655236,1
G062,G083,0.0033592153,1
G054,G052,0.0033589625,1
G048,G063,0.0033544053,1
G065,G028,0.003345662,1
G054,G074,0.0033453377,1
G082,G017,0.003344626,1
G060,G094,0.0033417193,1
G038,G065,0.0033412077,1
G005,G024,0.0033396436,1
G094,G049,0.0033377449,1
G035,G082,0.003337349,1
G063,G089,0.0033355113,1
G045,G039,0.0033343325,1
G057,G094,0.0033315353,1
G009,G071,0.0033284244,1
G080,G031,0.0033218185,1
G065,G053,0.0033192248,1
G025,G073,0.003318749,1
G010,G014,0.0033168732,1
G073,G083,0.0033158972,1
G065,G079,0.003310114,1
G076,G060,0.0033074107,1
G062,G050,0.0033027802,1
G059,G044,0.0033017397,1
G079,G058,0.0032998824,1
G019,G056,0.003299792,1
G099,G027,0.0032991346,1
G044,G019,0.0032990677,1
G010,G022,0.0032974686,1
G074,G084,0.0032973832,1
G016,G090,0.0032970002,1
G096,G069,0.0032940593,1
G051,G061,0.0032927243,1
G070,G041,0.0032922428,1
G059,G092,0.003290909,1
G030,G095,0.00329005,1
G073,G069,0.0032896914,1
G012,G084,0.0032877042,1
G072,G038,0.003283282,1
G014,G016,0.0032778184,1
G090,G021,0.003276123,1
G078,G046,0.003275249,1
G075,G080,0.0032743192,1
G059,G089,0.003273976,1
G018,G022,0.0032738736,1
G032,G048,0.0032725087,1
G052,G093,0.003271675,1
G100,G046,0.0032671082,1
G080,G002,0.003266687,1
G096,G064,0.0032647382,1
G041,G083,0.003264241,1
G029,G037,0.003263481,1
G076,G014,0.0032632444,1
G073,G087,0.0032599191,1
G027,G003,0.003252348,1
G023,G077,0.0032521642,1
G019,G021,0.0032471414,1
G006,G099,0.003245475,1
G042,G040,0.0032434626,1
G067,G066,0.0032433649,1
G005,G033,0.0032415164,1
G057,G068,0.0032405835,1
G051,G056,0.003240145,1
G054,G003,0.0032397113,1
G027,G065,0.0032333739,1
G026,G046,0.003232289,1
G064,G056,0.003227944,1
G069,G020,0.0032271622,1
G081,G059,0.0032270479,1
G023,G092,0.0032255459,1
G010,G011,0.003216072,1
G072,G045,0.0032132235,1
G059,G085,0.003213054,1
G058,G067,0.0032129993,1
G076,G090,0.00321213,1
G093,G044,0.0032119383,1
G090,G051,0.0032062784,1
G042,G077,0.0032046959,1
G057,G091,0.0032024828,1
G078,G041,0.003201318,1
G051,G040,0.0031952143,1
G100,G006,0.003194914,1
G048,G062,0.0031936772,1
G051,G037,0.0031912578,1
G079,G015,0.0031877947,1
G072,G052,0.0031867623,1
G097,G059,0.0031837213,1
G098,G086,0.003179518,1
G098,G072,0.00317401,1
G071,G065,0.0031729408,1
G079,G069,0.0031724568,1
G006,G076,0.0031708335,1
G043,G082,0.0031704681,1
G033,G014,0.0031689499,1
G002,G023,0.0031662001,1
G092,G043,0.003162769,1
G027,G033,0.0031594692,1
G051,G100,0.0031569663,1
G029,G019,0.0031550818,1
G024,G061,0.0031540396,1
G066,G027,0.0031539123,1
G076,G049,0.0031533805,1
G001,G016,0.0031533297,1
G039,G062,0.003151974,1
G037,G097,0.0031498442,1
G038,G028,0.0031479741,1
G006,G074,0.0031416656,1
G053,G089,0.0031381033,1
G041,G051,0.003136279,1
G008,G099,0.0031362234,1
G013,G048,0.003134198,1
G088,G097,0.0031311722,1
G066,G091,0.0031268867,1
G097,G075,0.0031254771,1
G038,G008,0.0031235702,1
G069,G001,0.0031220384,1
G048,G089,0.0031174792,1
G100,G069,0.003116033,1
G017,G051,0.0031159201,1
G004,G029,0.0031145513,1
G033,G053,0.0031133334,1
G046,G045,0.0031132533,1
G041,G059,0.0031118828,1
G094,G090,0.0031118793,1
G023,G019,0.0031110973,1
G079,G010,0.003110166,1
G052,G026,0.0031071464,1
G009,G054,0.003104191,1
G024,G028,0.0031022197,1
G095,G023,0.0031002779,1
G096,G074,0.0030999533,1
G049,G088,0.0030960373,1
G040,G047,0.0030942445,1
G059,G025,0.0030922638,1
G070,G088,0.0030916126,1
G066,G005,0.0030874442,1
G087,G003,0.0030863828,1
G068,G009,0.0030849061,1
G083,G068,0.003082491,1
G081,G074,0.0030805056,1
G034,G026,0.0030784437,1
G055,G049,0.0030769708,1
G066,G004,0.003073019,1
G036,G037,0.0030721382,1
G026,G075,0.0030637295,1
G005,G023,0.003063259,1
G060,G049,0.0030624087,1
G034,G031,0.0030620287,1
G053,G072,0.0030580843,1
G098,G076,0.0030567413,1
G061,G048,0.003055829,1
G029,G017,0.0030541476,1
G020,G095,0.0030522489,1
G063,G021,0.0030521597,1
G057,G017,0.0030488558,1
G014,G064,0.0030487746,1
G091,G011,0.003048502,1
G096,G010,0.0030482893,1
G093,G011,0.0030479,1
G083,G099,0.0030458665,1
G045,G024,0.0030428586,1
G045,G038,0.003040539,1
G012,G034,0.0030376136,1
G099,G028,0.0030350941,1
G090,G039,0.0030336818,1
G082,G100,0.0030296997,1
G082,G091,0.003027598,1
G095,G003,0.0030273974,1
G068,G048,0.003020854,1
G092,G002,0.003019525,1
G088,G058,0.0030190658,1
G004,G023,0.0030189257,1
G057,G085,0.0030155387,1
G045,G041,0.003015075,1
G005,G096,0.0030148926,1
G061,G066,0.003013646,1
G056,G060,0.0030122413,1
G055,G045,0.0030083344,1
G020,G077,0.0030073517,1
G069,G024,0.0030060748,1
G093,G067,0.003003321,1
G082,G065,0.0029961967,1
G036,G061,0.0029950414,1
G088,G030,0.0029945082,1
G014,G042,0.0029944887,1
G061,G089,0.0029941709,1
G062,G092,0.0029879238,1
G055,G069,0.0029872933,1
G076,G037,0.0029841173,1
G004,G054,0.0029838926,1
G076,G018,0.0029820136,1
G051,G007,0.0029820001,1
G084,G014,0.0029801743,1
G045,G011,0.0029791885,1
G020,G075,0.0029783642,1
G066,G013,0.0029739568,1
G065,G035,0.0029732375,1
G020,G087,0.0029717698,1
G086,G100,0.002971425,1
G025,G017,0.0029671895,1
G063,G036,0.0029658559,1
G041,G022,0.0029652852,1
G095,G012,0.0029651194,1
G001,G033,0.002963284,1
G012,G055,0.002961738,1
G046,G097,0.0029601005,1
G041,G077,0.0029598288,1
G054,G058,0.0029571825,1
G007,G099,0.0029565878,1
G060,G006,0.0029539622,1
G090,G025,0.0029531342,1
G068,G020,0.0029518912,1
G031,G049,0.002950555,1
G091,G037,0.0029477482,1
G014,G079,0.0029448436,1
G037,G013,0.0029431554,1
G095,G024,0.0029427968,1
G025,G015,0.0029402878,1
G092,G081,0.0029400557,1
G006,G068,0.0029384096,1
G039,G033,0.0029378417,1
G037,G065,0.002937091,1
G038,G009,0.0029320656,1
G037,G067,0.002930689,1
G011,G073,0.0029304961,1
G062,G053,0.002930168,1
G028,G078,0.0029297879,1
G053,G095,0.0029242546,1
G095,G046,0.002922982,1
G096,G067,0.0029214583,1
G026,G069,0.0029194397,1
G001,G038,0.0029156662,1
G046,G077,0.0029152483,1
G056,G050,0.0029135817,1
G049,G089,0.0029121728,1
G080,G038,0.002911106,1
G097,G098,0.002909033,1
G099,G021,0.0029080552,1
G074,G059,0.002907069,1
G049,G060,0.0029038026,1
G015,G047,0.0029033253,1
G013,G053,0.0029030778,1
G022,G011,0.0029024747,1
G004,G007,0.0028988875,1
G065,G038,0.0028977038,1
G020,G059,0.00289726,1
G009,G094,0.002895134,1
G063,G066,0.0028950754,1
G008,G076,0.002894695,1
G057,G018,0.0028925585,1
G078,G042,0.0028915508,1
G035,G048,0.0028910218,1
G003,G077,0.0028902397,1
G072,G040,0.002890115,1
G078,G074,0.0028886374,1
G038,G094,0.0028854802,1
G068,G008,0.002883437,1
G040,G085,0.0028771283,1
G073,G058,0.0028753837,1
G023,G029,0.0028706663,1
G068,G070,0.002869178,1
G007,G004,0.002868616,1
G085,G016,0.002867855,1
G026,G076,0.0028674565,1
G087,G033,0.0028672398,1
G069,G023,0.0028641992,1
G039,G003,0.0028602313,1
G023,G065,0.0028569726,1
G097,G099,0.0028566266,1
G034,G004,0.002854066,1
G048,G088,0.002852603,1
G068,G041,0.002852436,1
G028,G076,0.0028504992,1
G082,G047,0.0028500939,1
G039,G013,0.0028488077,1
G026,G078,0.0028475397,1
G068,G099,0.0028439995,1
G059,G068,0.002838544,1
G017,G066,0.0028377688,1
G039,G069,0.0028366523,1
G070,G014,0.0028347531,1
G099,G096,0.0028306858,1
G017,G038,0.0028287657,1
G017,G081,0.0028250946,1
G036,G043,0.0028234734,1
G062,G029,0.002819667,1
G014,G074,0.0028183185,1
G018,G036,0.0028171684,1
G020,G080,0.0028166068,1
G092,G060,0.0028148007,1
G043,G050,0.002811783,1
G010,G092,0.0028116743,1
G004,G099,0.0028090284,1
G075,G034,0.0028032681,1
G070,G084,0.002799031,1
G027,G062,0.0027973694,1
G096,G029,0.0027954464,1
G070,G045,0.0027931724,1
G045,G083,0.0027923,1
G081,G083,0.0027914974,1
G087,G004,0.0027888238,1
G063,G100,0.00278798,1
G066,G058,0.002786406,1
G050,G034,0.0027796775,1
G008,G017,0.0027787765,1
G029,G090,0.002776754,1
G043,G084,0.0027760628,1
G060,G076,0.0027739066,1
G026,G048,0.0027729024,1
G080,G014,0.0027717664,1
G010,G100,0.00276702,1
G010,G030,0.0027552801,1
G099,G084,0.002753802,1
G030,G004,0.0027529108,1
G068,G035,0.0027494144,1
G080,G041,0.002748324,1
G044,G048,0.0027479671,1
G011,G010,0.0027471902,1
G099,G001,0.002747132,1
G067,G002,0.002746222,1
G013,G007,0.0027364555,1
G099,G092,0.0027362856,1
G030,G089,0.002735774,1
G064,G022,0.0027340588,1
G004,G030,0.0027305419,1
G066,G009,0.0027301593,1
G073,G039,0.0027276436,1
G061,G094,0.0027274392,1
G052,G094,0.002726805,1
G067,G003,0.002725503,1
G062,G045,0.002725272,1
G064,G078,0.0027183453,1
G074,G079,0.0027157427,1
G099,G043,0.0027148307,1
G085,G076,0.002713998,1
G097,G073,0.0027128467,1
G019,G007,0.002712841,1
G031,G061,0.0027126926,1
G020,G072,0.0027097622,1
G063,G064,0.0027060388,1
G015,G016,0.00270545,1
G057,G046,0.002703528,1
G031,G033,0.0026975935,1
G023,G044,0.002693683,1
G046,G005,0.0026930796,1
G020,G066,0.002690116,1
G096,G046,0.0026886445,1
G076,G095,0.002688338,1
G099,G004,0.002686742,1
G024,G016,0.0026866253,1
G084,G047,0.0026848158,1
G034,G048,0.002678918,1
G059,G019,0.0026779973,1
G066,G074,0.0026777352,1
G034,G035,0.0026758986,1
G083,G094,0.0026756471,1
G086,G024,0.0026730332,1
G052,G097,0.0026717884,1
G065,G082,0.002668038,1
G097,G084,0.0026649367,1
G016,G019,0.0026649043,1
G019,G057,0.00266432,1
G013,G067,0.0026605271,1
G087,G008,0.0026542398,1
G047,G004,0.0026541653,1
G079,G059,0.0026533618,1
G045,G044,0.0026494854,1
G081,G085,0.0026485445,1
G068,G017,0.0026451617,1
G008,G085,0.0026417717,1
G068,G078,0.0026415617,1
G079,G045,0.0026357756,1
G015,G053,0.002630519,1
G061,G028,0.0026300712,1
G056,G055,0.0026298498,1
G034,G056,0.0026264985,1
G057,G062,0.002626068,1
G034,G045,0.0026252987,1
G095,G098,0.0026243727,1
G089,G020,0.0026241455,1
G083,G031,0.0026236242,1
G059,G031,0.0026229885,1
G004,G012,0.0026203557,1
G033,G025,0.0026182125,1
G002,G014,0.0026173946,1
G021,G042,0.002617285,1
G019,G051,0.002615606,1
G029,G042,0.0026154406,1
G040,G032,0.0026152555,1
G001,G091,0.0026136094,1
G036,G063,0.0026116252,1
G009,G074,0.0026096967,1
G072,G071,0.0026079942,1
G052,G071,0.002607872,1
G047,G074,0.002606876,1
G061,G014,0.002602638,1
G083,G087,0.002590091,1
G025,G031,0.0025891503,1
G015,G010,0.0025887948,1
G010,G091,0.0025877522,1
G044,G002,0.0025826362,1
G097,G034,0.0025816683,1
G028,G094,0.0025799626,1
G062,G025,0.0025795824,1
G020,G030,0.0025794301,1
G046,G022,0.002577993,1
G024,G092,0.0025769733,1
G054,G034,0.0025763365,1
G025,G065,0.0025702096,1
G022,G068,0.0025658116,1
G040,G033,0.002565088,1
G035,G021,0.0025625767,1
G069,G054,0.002561058,1
G073,G043,0.0025504055,1
G083,G049,0.0025467437,1
G065,G085,0.0025442627,1
G075,G027,0.002544201,1
G069,G066,0.0025424513,1
G028,G070,0.002541172,1
G066,G068,0.00253869,1
G037,G062,0.0025376924,1
G084,G013,0.0025371823,1
G090,G052,0.002537078,1
G055,G031,0.002536301,1
G026,G034,0.0025340186,1
G068,G003,0.0025312926,1
G046,G084,0.0025297485,1
G023,G081,0.0025296365,1
G040,G015,0.0025288868,1
G059,G032,0.0025288146,1
G031,G018,0.0025204124,1
G076,G087,0.0025184758,1
G051,G013,0.0025165437,1
G096,G091,0.002514381,1
G014,G059,0.002512994,1
G074,G081,0.0025105537,1
G049,G098,0.0025096687,1
G066,G059,0.0025091663,1
G064,G085,0.002506547,1
G059,G038,0.0025054,1
G021,G057,0.0025039043,1
G033,G099,0.0025023725,1
G061,G019,0.0025022847,1
G066,G034,0.0025022076,1
G079,G098,0.0025009862,1
G029,G053,0.0024959338,1
G054,G014,0.0024917596,1
G076,G091,0.0024906625,1
G059,G055,0.002489219,1
G092,G093,0.0024847297,1
G054,G056,0.0024836678,1
G065,G021,0.002483203,1
G062,G019,0.0024818953,1
G056,G053,0.0024767292,1
G052,G022,0.0024764275,1
G099,G047,0.0024735664,1
G038,G011,0.002472613,1
G010,G034,0.002472483,1
G027,G043,0.0024660549,1
G094,G077,0.002464631,1
G070,G095,0.0024645184,1
G071,G001,0.0024623869,1
G035,G020,0.0024609515,1
G097,G054,0.0024601754,1
G084,G068,0.0024597975,1
G078,G007,0.0024593053,1
G082,G037,0.0024568946,1
G021,G100,0.0024560168,1
G072,G093,0.0024536988,1
G054,G042,0.0024515812,1
G050,G009,0.00245106,1
G040,G052,0.0024476668,1
G043,G071,0.0024473697,1
G085,G034,0.0024426163,1
G015,G082,0.0024403855,1
G046,G013,0.0024400207,1
G013,G061,0.0024387976,1
G086,G048,0.002438556,1
G091,G048,0.002434624,1
G008,G068,0.0024289582,1
G008,G070,0.0024251828,1
G043,G069,0.0024246795,1
G041,G063,0.0024225542,1
G088,G093,0.002420741,1
G065,G047,0.002420295,1
G027,G045,0.0024196198,1
G085,G078,0.0024165139,1
G030,G071,0.002416407,1
G096,G004,0.0024158685,1
G058,G088,0.0024157886,1
G035,G050,0.0024109439,1
G044,G024,0.0024106032,1
G010,G015,0.0024051585,1
G025,G075,0.0024050265,1
G072,G064,0.002402834,1
G058,G098,0.0024003778,1
G068,G018,0.0023982986,1
G043,G032,0.0023968965,1
G020,G033,0.0023900962,1
G100,G097,0.0023900815,1
G026,G012,0.002387608,1
G080,G040,0.0023868068,1
G051,G088,0.0023856058,1
G093,G049,0.0023818063,1
G029,G079,0.0023799904,1
G087,G097,0.002377029,1
G017,G020,0.0023738027,1
G046,G042,0.0023725803,1
G067,G080,0.0023725792,1
G055,G022,0.0023719026,1
G090,G058,0.002369303,1
G067,G001,0.0023669896,1
G003,G014,0.002365997,1
G014,G024,0.002364154,1
G072,G011,0.0023638702,1
G098,G013,0.0023618424,1
G035,G063,0.002361129,1
G099,G098,0.002360715,1
G088,G012,0.0023596415,1
G084,G037,0.0023594468,1
G056,G037,0.002358137,1
G049,G028,0.0023573565,1
G030,G097,0.0023570152,1
G067,G050,0.0023535122,1
G014,G041,0.0023447946,1
G089,G017,0.002343826,1
G062,G027,0.0023430602,1
G013,G011,0.0023364981,1
G085,G047,0.0023363123,1
G019,G026,0.0023356206,1
G058,G022,0.0023342592,1
G023,G079,0.002330947,1
G052,G025,0.002329816,1
G043,G041,0.002327748,1
G029,G021,0.0023264505,1
G068,G075,0.0023262647,1
G090,G095,0.0023184572,1
G027,G071,0.0023178284,1
G061,G017,0.0023154835,1
G064,G077,0.0023103447,1
G092,G003,0.0023101359,1
G015,G040,0.0023000734,1
G042,G027,0.0022981132,1
G039,G067,0.0022969965,1
G081,G020,0.0022944086,1
G050,G037,0.0022932747,1
G051,G019,0.0022910647,1
G023,G086,0.002290868,1
G002,G099,0.0022901958,1
G035,G080,0.0022900407,1
G051,G069,0.002284266,1
G044,G011,0.0022841769,1
G067,G068,0.0022826733,1
G004,G075,0.0022823769,1
G042,G047,0.0022773854,1
G040,G051,0.0022720613,1
G017,G030,0.002271236,1
G093,G019,0.0022696,1
G025,G045,0.002268433,1
G064,G091,0.0022684194,1
G024,G035,0.0022663716,1
G034,G010,0.00226603,1
G058,G046,0.0022650969,1
G041,G004,0.0022647297,1
G068,G061,0.0022644296,1
G021,G095,0.002262728,1
G056,G099,0.0022576835,1
G025,G039,0.0022558991,1
G094,G001,0.002255789,1
G011,G040,0.0022523766,1
G084,G015,0.002251326,1
G093,G030,0.0022499235,1
G006,G001,0.0022490395,1
G053,G058,0.0022468714,1
G082,G064,0.0022460236,1
G084,G056,0.002245404,1
G008,G062,0.0022452273,1
G087,G019,0.0022442155,1
G085,G045,0.002244073,1
G051,G067,0.0022432168,1
G011,G019,0.0022423698,1
G097,G096,0.0022405435,1
G048,G043,0.0022393023,1
G061,G013,0.002237473,1
G100,G018,0.0022365353,1
G029,G049,0.00223544,1
G019,G039,0.0022314799,1
G097,G037,0.0022275145,1
G052,G010,0.0022219515,1
G097,G047,0.002221032,1
G015,G049,0.0022197107,1
G053,G041,0.0022187673,1
G003,G039,0.0022180043,1
G061,G081,0.002209085,1
G093,G059,0.0022085004,1
G076,G082,0.002208003,1
G068,G074,0.0022053106,1
G029,G099,0.0022042424,1
G041,G036,0.0022025157,1
G064,G052,0.002199843,1
G017,G013,0.0021975997,1
G049,G073,0.0021961639,1
G052,G080,0.002195582,1
G001,G037,0.0021952642,1
G082,G013,0.002192986,1
G098,G084,0.0021928723,1
G037,G068,0.0021926984,1
G033,G052,0.002192036,1
G087,G084,0.00219056,1
G028,G077,0.0021901897,1
G094,G092,0.0021899675,1
G025,G063,0.0021897224,1
G079,G097,0.0021887533,1
G026,G007,0.002184454,1
G088,G089,0.0021836597,1
G027,G011,0.0021833489,1
G069,G086,0.0021815898,1
G024,G074,0.0021800313,1
G079,G017,0.002177678,1
G031,G035,0.002173601,1
G075,G097,0.002170523,1
G038,G075,0.002164986,1
G039,G074,0.0021531128,1
G067,G051,0.002151742,1
G075,G082,0.0021517277,1
G066,G052,0.0021504727,1
G062,G035,0.0021474585,1
G100,G022,0.0021451549,1
G052,G085,0.002144479,1
G066,G062,0.002144128,1
G034,G075,0.0021425784,1
G082,G095,0.0021386212,1
G060,G010,0.0021368484,1
G035,G007,0.0021325855,1
G087,G049,0.002132008,1
G004,G018,0.0021317478,1
G054,G068,0.0021314416,1
G058,G044,0.0021313655,1
G034,G055,0.0021296497,1
G068,G045,0.0021291808,1
G051,G053,0.0021239326,1
G007,G034,0.002123792,1
G080,G097,0.0021219952,1
G054,G092,0.0021171707,1
G005,G048,0.0021161726,1
G041,G027,0.0021112233,1
G082,G023,0.0021102105,1
G033,G055,0.0021092058,1
G091,G007,0.0021023233,1
G096,G038,0.0021002695,1
G076,G070,0.0020940888,1
G095,G082,0.0020940243,1
G016,G001,0.0020924644,1
G022,G075,0.0020923421,1
G098,G100,0.002089353,1
G077,G065,0.002087196,1
G040,G021,0.0020812538,1
G084,G043,0.0020809048,1
G060,G057,0.002078122,1
G095,G083,0.0020751967,1
G054,G020,0.0020728933,1
G089,G025,0.0020717622,1
G009,G088,0.0020687948,1
G040,G039,0.0020661068,1
G002,G064,0.0020660053,1
G046,G043,0.002065502,1
G019,G001,0.0020611498,1
G030,G022,0.0020596124,1
G032,G091,0.0020594364,1
G038,G093,0.0020573335,1
G002,G079,0.002057244,1
G080,G016,0.002056703,1
G030,G038,0.0020526461,1
G051,G010,0.002051463,1
G029,G003,0.0020513425,1
G031,G008,0.0020498263,1
G085,G094,0.0020481788,1
G055,G060,0.0020460126,1
G056,G075,0.0020422523,1
G019,G074,0.0020415229,1
G057,G092,0.0020398549,1
G043,G027,0.0020382649,1
G061,G080,0.0020344134,1
G073,G007,0.0020301295,1
G093,G075,0.002022896,1
G010,G084,0.0020203316,1
G091,G061,0.002018281,1
G006,G012,0.0020173332,1
G072,G004,0.0020160677,1
G076,G072,0.0020143318,1
G045,G055,0.0020092383,1
G089,G037,0.0020075322,1
G094,G022,0.0020069864,1
G030,G008,0.0020047,1
G004,G049,0.0020016434,1
G081,G086,0.0019998595,1
G046,G087,0.001998069,1
G090,G085,0.0019965102,1
G045,G029,0.0019963037,1
G090,G017,0.0019808346,1
G063,G013,0.001978466,1
G052,G018,0.0019729775,1
G078,G023,0.0019692949,1
G089,G065,0.0019678595,1
G062,G095,0.0019661218,1
G005,G063,0.001965411,1
G058,G094,0.001963094,1
G062,G049,0.0019599455,1
G066,G020,0.0019573888,1
G082,G067,0.0019567811,1
G031,G064,0.001956643,1
G063,G045,0.0019551518,1
G036,G045,0.0019507428,1
G034,G087,0.0019500061,1
G091,G026,0.0019493633,1
G078,G065,0.0019477087,1
G053,G082,0.0019464507,1
G054,G084,0.0019462785,1
G057,G056,0.001945416,1
G020,G076,0.0019445112,1
G018,G010,0.0019443989,1
G003,G033,0.0019375966,1
G031,G046,0.00193536,1
G094,G059,0.0019318563,1
G036,G016,0.0019299585,1
G085,G049,0.0019269275,1
G037,G050,0.0019259345,1
G092,G085,0.0019169176,1
G008,G069,0.0019138459,1
G058,G055,0.0019135114,1
G049,G078,0.001913439,1
G085,G019,0.0019134143,1
G060,G075,0.0019099552,1
G012,G058,0.0019092656,1
G061,G001,0.0019082376,1
G021,G041,0.0019025516,1
G090,G049,0.0019023255,1
G065,G015,0.0018998097,1
G003,G092,0.0018995032,1
G069,G084,0.0018988815,1
G096,G040,0.0018984864,1
G065,G054,0.0018957262,1
G060,G007,0.00189071,1
G099,G030,0.0018906618,1
G061,G099,0.0018886892,1
G082,G018,0.0018878685,1
G046,G015,0.0018854538,1
G055,G043,0.0018824468,1
G077,G005,0.0018791909,1
G017,G089,0.0018791273,1
G002,G006,0.0018771273,1
G098,G002,0.0018750048,1
G094,G088,0.0018692571,1
G088,G011,0.0018677622,1
G025,G076,0.0018639211,1
G048,G007,0.001860662,1
G030,G011,0.0018590223,1
G052,G051,0.0018483952,1
G098,G012,0.0018482158,1
G090,G026,0.0018472945,1
G057,G042,0.001847232,1
G059,G052,0.0018431068,1
G051,G084,0.0018417008,1
G035,G095,0.0018410607,1
G032,G077,0.0018328468,1
G003,G049,0.0018303376,1
G067,G021,0.0018281651,1
G011,G023,0.0018253218,1
G033,G011,0.0018218781,1
G016,G030,0.0018213087,1
G042,G022,0.0018206384,1
G038,G088,0.0018195452,1
G093,G027,0.0018192835,1
G070,G030,0.0018177385,1
G037,G015,0.0018148868,1
G083,G067,0.0018124867,1
G019,G054,0.0018107955,1
G023,G093,0.0018012932,1
G017,G006,0.0017985967,1
G091,G021,0.001795701,1
G068,G013,0.0017943968,1
G005,G054,0.0017895504,1
G086,G091,0.0017862512,1
G053,G014,0.0017857949,1
G100,G091,0.0017852951,1
G077,G068,0.0017806859,1
G021,G067,0.0017803187,1
G047,G029,0.0017801792,1
G080,G010,0.0017797353,1
G043,G009,0.0017739732,1
G063,G061,0.0017737006,1
G096,G042,0.0017729803,1
G054,G082,0.0017721516,1
G028,G035,0.0017711074,1
G051,G004,0.0017684583,1
G055,G018,0.0017641656,1
G094,G006,0.0017621081,1
G025,G086,0.0017614426,1
G048,G015,0.001758031,1
G053,G086,0.0017505485,1
G006,G096,0.0017490531,1
G080,G054,0.0017486835,1
G057,G031,0.0017459182,1
G032,G072,0.0017397088,1
G002,G015,0.001737955,1
G086,G004,0.0017362846,1
G038,G014,0.0017338095,1
G096,G003,0.0017311389,1
G072,G078,0.0017309396,1
G056,G079,0.0017307174,1
G097,G008,0.001729775,1
G018,G067,0.0017293434,1
G058,G010,0.0017211156,1
G009,G093,0.0017181844,1
G031,G041,0.0017168788,1
G090,G003,0.0017138363,1
G024,G099,0.0017130956,1
G089,G016,0.0017122802,1
G020,G018,0.0017114899,1
G097,G051,0.0017092552,1
G054,G035,0.0017076995,1
G038,G021,0.0017074421,1
G096,G020,0.0016994029,1
G088,G060,0.0016985124,1
G080,G013,0.0016960775,1
G028,G067,0.0016933007,1
G095,G057,0.0016926765,1
G070,G090,0.0016918428,1
G025,G079,0.0016918199,1
G098,G093,0.0016907563,1
G082,G027,0.0016905094,1
G035,G039,0.0016887701,1
G090,G031,0.0016859199,1
G079,G072,0.0016856567,1
G062,G074,0.001684068,1
G038,G081,0.0016815673,1
G042,G031,0.0016800974,1
G085,G044,0.001679718,1
G022,G033,0.0016764194,1
G043,G097,0.0016762865,1
G030,G037,0.0016725342,1
G007,G027,0.0016676922,1
G004,G063,0.0016616588,1
G016,G021,0.001657541,1
G071,G089,0.0016569657,1
G082,G043,0.0016566697,1
G037,G039,0.001649247,1
G074,G064,0.0016484805,1
G076,G015,0.00164718,1
G060,G086,0.0016452518,1
G076,G079,0.0016433179,1
G059,G067,0.0016424962,1
G033,G009,0.0016422685,1
G057,G044,0.0016410828,1
G001,G070,0.0016394643,1
G061,G003,0.0016338121,1
G070,G064,0.0016337397,1
G042,G032,0.0016308631,1
G029,G009,0.0016305847,1
G093,G086,0.0016284538,1
G079,G047,0.0016276637,1
G072,G077,0.0016266728,1
G042,G005,0.0016246247,1
G049,G047,0.0016236812,1
G044,G001,0.001620031,1
G095,G089,0.0016185513,1
G046,G091,0.0016177569,1
G053,G020,0.0016141165,1
G043,G091,0.00161388,1
G056,G078,0.0016116106,1
G051,G060,0.0016110116,1
G047,G100,0.0016078814,1
G066,G051,0.0016078455,1
G054,G007,0.0016066213,1
G097,G044,0.0016063253,1
G095,G010,0.0016054998,1
G033,G070,0.0016051262,1
G020,G058,0.0016048981,1
G086,G087,0.0016023433,1
G073,G098,0.0015993532,1
G059,G004,0.0015990097,1
G032,G099,0.0015989799,1
G057,G045,0.0015984245,1
G090,G061,0.0015984132,1
G011,G098,0.0015963372,1
G080,G073,0.0015963243,1
G054,G031,0.0015945415,1
G094,G046,0.0015945055,1
G081,G021,0.0015916147,1
G083,G056,0.0015914512,1
G020,G055,0.0015909971,1
G059,G035,0.0015873277,1
G006,G092,0.0015858538,1
G039,G007,0.0015844651,1
G013,G058,0.0015826162,1
G086,G077,0.0015822035,1
G057,G035,0.0015811122,1
G002,G028,0.0015797454,1
G053,G002,0.0015784532,1
G058,G029,0.0015733344,1
G022,G015,0.0015727852,1
G081,G027,0.0015718631,1
G062,G075,0.0015718504,1
G099,G026,0.0015682353,1
G058,G005,0.0015670345,1
G048,G010,0.0015667775,1
G095,G061,0.0015658335,1
G087,G074,0.0015636588,1
G030,G050,0.0015615032,1
G081,G008,0.0015591285,1
G027,G084,0.0015567984,1
G095,G079,0.0015538209,1
G072,G069,0.0015483835,1
G028,G048,0.0015453907,1
G084,G009,0.0015447055,1
G058,G065,0.0015420865,1
G086,G060,0.0015405564,1
G083,G071,0.0015377203,1
G023,G003,0.0015370003,1
G011,G015,0.0015363598,1
G019,G097,0.0015339259,1
G069,G013,0.0015335823,1
G070,G025,0.0015328245,1
G065,G100,0.0015326277,1
G079,G078,0.0015300118,1
G038,G090,0.0015284889,1
G064,G039,0.0015273567,1
G016,G079,0.0015254699,1
G016,G050,0.0015231597,1
G063,G015,0.001511825,1
G034,G044,0.0015082165,1
G084,G005,0.0015067278,1
G047,G097,0.0015062967,1
G037,G016,0.0015041673,1
G056,G077,0.0015039695,1
G029,G063,0.0015034708,1
G039,G036,0.0015028354,1
G067,G016,0.0015026189,1
G025,G012,0.0015018405,1
G039,G053,0.0015007674,1
G023,G011,0.0014989072,1
G044,G061,0.0014960899,1
G033,G071,0.0014954102,1
G066,G030,0.0014952288,1
G090,G096,0.0014944094,1
G034,G059,0.0014925797,1
G090,G024,0.0014906845,1
G080,G060,0.0014906432,1
G058,G057,0.0014859246,1
G090,G004,0.0014847546,1
G024,G078,0.0014809279,1
G019,G049,0.0014784688,1
G072,G021,0.0014752736,1
G079,G001,0.0014743566,1
G048,G067,0.0014729933,1
G043,G064,0.0014729798,1
G039,G004,0.0014721608,1
G035,G097,0.0014706413,1
G054,G053,0.0014697482,1
G096,G021,0.0014695053,1
G049,G031,0.0014659384,1
G087,G062,0.0014636673,1
G049,G041,0.0014634199,1
G091,G074,0.001462486,1
G031,G068,0.0014619352,1
G034,G060,0.0014614204,1
G085,G086,0.001461385,1
G094,G040,0.001457208,1
G034,G016,0.0014543708,1
G028,G099,0.0014527468,1
G098,G036,0.0014501247,1
G017,G096,0.0014455316,1
G097,G082,0.0014444923,1
G058,G030,0.0014443347,1
G078,G077,0.0014436356,1
G004,G028,0.0014432997,1
G058,G086,0.0014415338,1
G012,G067,0.0014401037,1
G027,G097,0.0014376527,1
G020,G034,0.0014362647,1
G052,G083,0.0014360031,1
G018,G030,0.0014236177,1
G026,G098,0.0014167111,1
G021,G045,0.0014159358,1
G012,G048,0.0014133811,1
G047,G067,0.0014090597,1
G092,G009,0.0014079919,1
G040,G099,0.0014075708,1
G044,G068,0.0014071057,1
G065,G041,0.0014059956,1
G055,G084,0.0014042065,1
G095,G029,0.0014038514,1
G082,G086,0.0014034079,1
G069,G029,0.0014025827,1
G039,G066,0.0014009001,1
G088,G066,0.001400239,1
G031,G067,0.0013967983,1
G079,G087,0.0013961815,1
G048,G053,0.001394778,1
G075,G071,0.0013915778,1
G030,G048,0.0013911806,1
G088,G031,0.0013911027,1
G002,G037,0.0013910402,1
G085,G020,0.0013901265,1
G091,G081,0.0013899164,1
G041,G091,0.0013888149,1
G040,G008,0.0013883602,1
G064,G041,0.001387945,1
G095,G021,0.0013877294,1
G077,G074,0.0013821477,1
G044,G021,0.0013819514,1
G041,G060,0.0013818628,1
G091,G075,0.0013808938,1
G028,G065,0.00137676,1
G028,G043,0.0013718337,1
G070,G072,0.0013693396,1
G073,G055,0.0013681402,1
G098,G021,0.0013680761,1
G098,G057,0.0013669839,1
G026,G036,0.001366619,1
G050,G021,0.0013656508,1
G022,G060,0.0013656452,1
G099,G075,0.001364747,1
G074,G007,0.001364244,1
G040,G089,0.0013598062,1
G061,G069,0.0013590985,1
G049,G014,0.0013586225,1
G062,G087,0.0013582025,1
G016,G087,0.0013581743,1
G095,G049,0.0013559292,1
G088,G062,0.001353903,1
G002,G009,0.0013530258,1
G056,G028,0.0013518409,1
G045,G042,0.0013507605,1
G039,G029,0.0013498387,1
G044,G089,0.0013483525,1
G078,G087,0.0013425776,1
G065,G063,0.0013392501,1
G023,G056,0.0013384423,1
G021,G012,0.0013370703,1
G021,G086,0.0013367009,1
G007,G012,0.0013366954,1
G012,G092,0.0013330647,1
G025,G050,0.0013329281,1
G076,G065,0.0013312014,1
G054,G057,0.0013268868,1
G100,G068,0.001325925,1
G043,G100,0.0013223115,1
G077,G009,0.0013191759,1
G072,G094,0.0013190829,1
G087,G061,0.0013189297,1
G054,G073,0.0013187195,1
G004,G093,0.0013177566,1
G089,G078,0.0013169808,1
G070,G097,0.0013126363,1
G034,G036,0.0013084229,1
G022,G008,0.00130811,1
G079,G091,0.0013033099,1
G040,G063,0.001299268,1
G049,G038,0.0012957347,1
G025,G022,0.0012944101,1
G076,G058,0.0012933956,1
G019,G065,0.0012925818,1
G095,G036,0.0012919466,1
G021,G037,0.0012894319,1
G013,G015,0.0012889609,1
G066,G019,0.001288676,1
G085,G050,0.0012869693,1
G011,G082,0.0012833392,1
G055,G076,0.0012815534,1
G035,G017,0.0012799368,1
G034,G088,0.0012772402,1
G045,G080,0.0012763641,1
G081,G064,0.0012742956,1
G080,G045,0.0012736208,1
G009,G033,0.0012701637,1
G044,G095,0.001269814,1
G077,G035,0.0012686158,1
G024,G050,0.0012681155,1
G073,G045,0.0012650015,1
G083,G091,0.0012629348,1
G024,G019,0.0012623173,1
G012,G044,0.0012617285,1
G057,G095,0.0012590429,1
G029,G073,0.0012588238,1
G036,G086,0.0012552221,1
G060,G085,0.0012552193,1
G004,G040,0.0012438501,1
G040,G028,0.0012429968,1
G037,G099,0.0012418425,1
G056,G027,0.0012351539,1
G069,G006,0.0012337051,1
G038,G044,0.0012250193,1
G036,G013,0.0012194577,1
G061,G082,0.0012139413,1
G088,G013,0.0012134756,1
G031,G071,0.0012047066,1
G020,G017,0.0012040946,1
G041,G064,0.0012031,1
G016,G027,0.0012023535,1
G009,G004,0.0012015974,1
G014,G051,0.001200135,1
G024,G048,0.0011992136,1
G010,G077,0.0011987236,1
G039,G095,0.0011985537,1
G012,G036,0.0011950986,1
G038,G051,0.0011925336,1
G073,G094,0.0011915374,1
G065,G055,0.0011906287,1
G076,G043,0.0011879407,1
G006,G078,0.0011862166,1
G083,G010,0.0011846505,1
G022,G001,0.0011828878,1
G030,G083,0.0011811196,1
G094,G096,0.0011796516,1
G093,G033,0.0011782335,1
G048,G069,0.0011752403,1
G019,G082,0.0011669417,1
G026,G030,0.0011648219,1
G080,G084,0.0011640883,1
G086,G055,0.0011637671,1
G070,G010,0.0011626601,1
G092,G099,0.0011619022,1
G038,G033,0.0011551492,1
G081,G052,0.001149723,1
G016,G097,0.0011492127,1
G031,G088,0.001147015,1
G003,G060,0.0011412165,1
G099,G068,0.001139288,1
G046,G072,0.0011374161,1
G077,G079,0.0011358986,1
G043,G088,0.0011336157,1
G055,G065,0.0011318037,1
G073,G053,0.0011306058,1
G080,G089,0.0011299035,1
G039,G022,0.0011272326,1
G072,G041,0.001121752,1
G010,G018,0.0011202361,1
G063,G027,0.0011184998,1
G052,G046,0.0011157242,1
G042,G024,0.001114516,1
G042,G087,0.0011118246,1
G096,G076,0.0011101819,1
G024,G075,0.0011098918,1
G018,G092,0.0011095582,1
G086,G073,0.001107713,1
G061,G025,0.0011053836,1
G030,G054,0.0011028883,1
G063,G080,0.0011019678,1
G025,G068,0.0011003823,1
G010,G069,0.001099824,1
G006,G067,0.0010988332,1
G037,G005,0.0010933382,1
G035,G055,0.001092763,1
G008,G042,0.0010907134,1
G038,G056,0.0010902405,1
G071,G088,0.0010862866,1
G030,G051,0.0010846937,1
G015,G080,0.001082092,1
G094,G005,0.0010811791,1
G056,G073,0.0010810288,1
G013,G024,0.0010794519,1
G050,G055,0.001078317,1
G051,G001,0.0010766907,1
G005,G013,0.0010753205,1
G060,G043,0.0010671153,1
G097,G005,0.0010664955,1
G059,G056,0.0010583688,1
G086,G097,0.0010574393,1
G037,G012,0.0010527158,1
G048,G051,0.0010526807,1
G009,G040,0.0010473114,1
G002,G060,0.0010466349,1
G033,G008,0.0010456078,1
G026,G037,0.0010437012,1
G042,G028,0.0010436904,1
G052,G067,0.0010421245,1
G036,G027,0.0010396292,1
G011,G013,0.0010290153,1
G093,G032,0.0010252908,1
G084,G016,0.0010232466,1
G001,G093,0.001020961,1
G070,G080,0.0010189046,1
G097,G060,0.0010185126,1
G057,G083,0.0010106139,1
G083,G035,0.0010102065,1
G098,G026,0.0010098779,1
G055,G092,0.001004777,1
G076,G083,0.0010042844,1
G023,G035,0.0010023324,1
G020,G090,0.0010022263,1
G056,G019,0.0010022208,1
G053,G012,0.0010019444,1
G041,G054,0.0010010037,1
G064,G025,0.001000437,1
G069,G022,0.0009968017,1
G054,G072,0.0009951178,1
G088,G002,0.0009950672,1
G001,G055,0.0009948475,1
G037,G059,0.0009931371,1
G007,G030,0.0009906923,1
G056,G020,0.0009877499,1
G060,G048,0.0009869052,1
G091,G084,0.0009863711,1
G079,G096,0.0009832578,1
G097,G042,0.0009829338,1
G041,G080,0.0009809675,1
G071,G012,0.000979192,1
G054,G037,0.000974529,1
G072,G053,0.00097241375,1
G058,G069,0.0009721033,1
G044,G079,0.00096985657,1
G021,G078,0.0009686691,1
G060,G088,0.0009685181,1
G036,G093,0.00096188247,1
G021,G075,0.00095831294,1
G037,G018,0.00095557387,1
G037,G008,0.0009551811,1
G018,G061,0.0009549232,1
G055,G051,0.00095435436,1
G091,G083,0.0009514318,1
G067,G059,0.0009489754,1
G054,G025,0.0009472515,1
G072,G017,0.0009455821,1
G092,G028,0.00094417675,1
G007,G062,0.0009436859,1
G080,G027,0.00094013754,1
G077,G058,0.0009393755,1
G043,G096,0.00093937316,1
G031,G078,0.0009383796,1
G100,G096,0.0009357589,1
G023,G052,0.00093356875,1
G006,G024,0.00093309116,1
G038,G063,0.0009300794,1
G093,G043,0.0009294101,1
G003,G026,0.000929114,1
G016,G025,0.00091933995,1
G092,G058,0.0009112713,1
G006,G019,0.00091092766,1
G098,G004,0.0009075172,1
G008,G019,0.0009036001,1
G069,G037,0.00090359215,1
G024,G015,0.00089945545,1
G056,G054,0.0008990049,1
G095,G028,0.0008970572,1
G074,G043,0.0008956035,1
G036,G026,0.0008950633,1
G034,G095,0.0008927306,1
G042,G097,0.00088970124,1
G097,G032,0.000888525,1
G040,G054,0.0008882142,1
G007,G046,0.00088761136,1
G085,G004,0.0008790874,1
G056,G043,0.00087833725,1
G005,G085,0.00087766105,1
G098,G079,0.0008765158,1
G047,G054,0.0008732966,1
G005,G071,0.00087239104,1
G004,G089,0.00086947455,1
G076,G035,0.0008671347,1
G003,G098,0.000866199,1
G069,G034,0.00086618814,1
G033,G031,0.0008645775,1
G026,G085,0.00086401845,1
G009,G016,0.00086251466,1
G070,G057,0.00086022366,1
G011,G049,0.000859444,1
G068,G064,0.0008587001,1
G076,G068,0.0008586756,1
G076,G002,0.00084984023,1
G077,G039,0.0008467997,1
G025,G064,0.0008456566,1
G067,G071,0.0008436889,1
G008,G011,0.00084080367,1
G014,G049,0.0008387739,1
G068,G026,0.00083855103,1
G089,G086,0.0008371058,1
G063,G096,0.0008339915,1
G049,G004,0.00083317206,1
G023,G091,0.00083234836,1
G100,G031,0.0008307084,1
G058,G071,0.0008287668,1
G002,G056,0.0008284149,1
G016,G007,0.0008283431,1
G057,G073,0.00082684675,1
G059,G036,0.0008265782,1
G041,G057,0.0008252446,1
G097,G050,0.0008252373,1
G038,G006,0.000824289,1
G018,G035,0.0008197869,1
G027,G044,0.0008172044,1
G098,G052,0.0008167881,1
G036,G009,0.00081394706,1
G064,G015,0.0008119111,1
G032,G023,0.0008112839,1
G099,G087,0.00081125734,1
G012,G082,0.0008088624,1
G001,G002,0.00080648414,1
G018,G005,0.00080513925,1
G058,G036,0.0008045021,1
G044,G071,0.0008032854,1
G011,G051,0.0007981932,1
G092,G072,0.0007936139,1
G070,G042,0.00079337327,1
G028,G098,0.000792102,1
G056,G093,0.0007897022,1
G074,G067,0.0007885514,1
G064,G035,0.00078837684,1
G047,G031,0.0007861148,1
G098,G015,0.0007847336,1
G068,G072,0.00078361516,1
G021,G061,0.0007833191,1
G086,G010,0.0007810454,1
G058,G085,0.0007804101,1
G046,G060,0.0007796648,1
G089,G029,0.00077822147,1
G001,G026,0.0007769397,1
G095,G032,0.000776933,1
G029,G061,0.0007767652,1
G046,G037,0.00077607384,1
G045,G094,0.0007745117,1
G002,G030,0.0007730776,1
G027,G088,0.0007713845,1
G034,G080,0.0007708795,1
G081,G016,0.0007694968,1
G057,G088,0.00076851295,1
G070,G054,0.0007683092,1
G001,G062,0.00076825,1
G085,G100,0.00076755584,1
G051,G014,0.00076642964,1
G084,G033,0.0007655272,1
G087,G027,0.00076409767,1
G003,G080,0.0007597842,1
G071,G080,0.00075708935,1
G036,G088,0.0007566712,1
G047,G035,0.0007554311,1
G096,G083,0.00075521925,1
G017,G071,0.0007498646,1
G041,G099,0.00074854225,1
G033,G082,0.0007477303,1
G059,G040,0.00074701395,1
G020,G053,0.0007467228,1
G019,G015,0.0007453204,1
G097,G019,0.00074449956,1
G099,G067,0.0007422145,1
G048,G050,0.0007377916,1
G007,G076,0.0007373571,1
G083,G009,0.0007351473,1
G076,G040,0.00073407876,1
G091,G069,0.0007334054,1
G063,G025,0.0007271866,1
G100,G078,0.0007266425,1
G073,G056,0.00072584645,1
G023,G082,0.0007234257,1
G097,G080,0.00072261324,1
G075,G058,0.000721209,1
G036,G073,0.00071770843,1
G048,G028,0.00071523245,1
G005,G020,0.0007119994,1
G018,G028,0.00071196485,1
G078,G010,0.0007098112,1
G078,G025,0.00070580444,1
G100,G083,0.0007010429,1
G075,G052,0.0006975372,1
G021,G087,0.0006959115,1
G046,G061,0.0006940823,1
G100,G012,0.00069358974,1
G080,G082,0.000692145,1
G020,G006,0.00068804086,1
G074,G057,0.00067815697,1
G016,G008,0.00067808566,1
G043,G031,0.00067763746,1
G015,G096,0.0006768539,1
G097,G063,0.0006754114,1
G004,G035,0.00067190593,1
G034,G018,0.0006715364,1
G047,G008,0.00066761876,1
G087,G082,0.000666176,1
G049,G017,0.0006652447,1
G034,G037,0.0006645215,1
G028,G054,0.00066247047,1
G016,G053,0.0006621484,1
G028,G021,0.0006615981,1
G021,G052,0.0006593944,1
G086,G034,0.0006589109,1
G085,G068,0.00065860373,1
G052,G002,0.0006543518,1
G026,G031,0.0006542402,1
G022,G004,0.00065211416,1
G064,G005,0.0006520851,1
G022,G090,0.00065104873,1
G067,G081,0.00064762397,1
G003,G096,0.0006459205,1
G016,G083,0.0006450336,1
G012,G093,0.0006424048,1
G027,G049,0.0006410595,1
G082,G046,0.000638996,1
G093,G035,0.00063320965,1
G016,G042,0.00063283043,1
G011,G084,0.0006322915,1
G069,G077,0.00063088565,1
G096,G059,0.00062947994,1
G056,G057,0.0006271903,1
G018,G009,0.0006261412,1
G042,G021,0.0006253079,1
G054,G011,0.00062471523,1
G026,G061,0.0006243771,1
G088,G017,0.0006221784,1
G060,G079,0.00061794807,1
G039,G016,0.00061729667,1
G094,G099,0.0006144063,1
G083,G097,0.0006140712,1
G049,G024,0.0006136016,1
G098,G001,0.00060980517,1
G084,G092,0.00060901674,1
G032,G056,0.00060746016,1
G021,G070,0.00060473435,1
G064,G046,0.00060435943,1
G090,G059,0.0006037757,1
G021,G054,0.0006034733,1
G030,G021,0.0006020023,1
G054,G010,0.00060196384,1
G010,G049,0.0005998868,1
G072,G096,0.0005981203,1
G017,G024,0.00059804233,1
G023,G088,0.00059263135,1
G010,G097,0.0005925965,1
G013,G099,0.0005914913,1
G035,G049,0.0005899993,1
G054,G067,0.0005895648,1
G089,G018,0.00058816886,1
G067,G043,0.00058709615,1
G085,G013,0.00058647036,1
G036,G060,0.0005860007,1
G080,G077,0.00058587024,1
G017,G078,0.00058061845,1
G067,G008,0.00057998975,1
G019,G079,0.00057783944,1
G096,G063,0.00057625485,1
G058,G009,0.0005758184,1
G061,G067,0.0005752146,1
G022,G023,0.0005724048,1
G067,G094,0.0005714277,1
G050,G025,0.00057104434,1
G089,G049,0.00056985597,1
G002,G069,0.0005698063,1
G098,G023,0.0005697919,1
G060,G003,0.0005697849,1
G015,G014,0.0005680715,1
G055,G080,0.0005676768,1
G027,G089,0.0005671635,1
G015,G030,0.0005650104,1
G027,G020,0.00056357135,1
G059,G072,0.0005628524,1
G078,G034,0.00056072674,1
G064,G076,0.0005607263,1
G034,G100,0.000560569,1
G093,G079,0.0005589429,1
G069,G030,0.0005588769,1
G057,G030,0.0005586947,1
G100,G054,0.0005584433,1
G065,G093,0.00055836036,1
G012,G052,0.000558335,1
G017,G031,0.0005581328,1
G086,G074,0.00055807084,1
G059,G003,0.0005569711,1
G060,G098,0.0005567788,1
G066,G063,0.0005566482,1
G088,G023,0.0005564451,1
G003,G085,0.0005534284,1
G028,G082,0.0005533925,1
G063,G043,0.0005505849,1
G039,G024,0.0005497289,1
G090,G048,0.00054806913,1
G100,G051,0.0005467138,1
G010,G039,0.00054611947,1
G057,G072,0.00054439896,1
G073,G096,0.0005442643,1
G020,G049,0.00054410513,1
G029,G058,0.0005437823,1
G043,G045,0.0005429794,1
G053,G067,0.0005420555,1
G059,G048,0.0005391599,1
G061,G075,0.0005389678,1
G006,G040,0.0005352524,1
G050,G012,0.00053274975,1
G033,G019,0.00053099706,1
G067,G011,0.00052914995,1
G013,G042,0.0005282566,1
G044,G008,0.00052522065,1
G024,G058,0.00052108936,1
G089,G087,0.0005200771,1
G065,G049,0.0005193274,1
G028,G044,0.0005170258,1
G064,G071,0.0005112266,1
G015,G004,0.0005111575,1
G088,G085,0.00050544814,1
G068,G088,0.0005051282,1
G016,G006,0.0005047517,1
G068,G007,0.00050406664,1
G045,G098,0.0004996522,1
G079,G063,0.0004984444,1
G057,G043,0.0004982948,1
G025,G049,0.00049580465,1
G091,G092,0.0004938053,1
G089,G022,0.0004902329,1
G066,G072,0.0004898102,1
G016,G015,0.0004897849,1
G002,G089,0.0004896835,1
G012,G056,0.00048881804,1
G074,G044,0.00048777752,1
G039,G051,0.00048776093,1
G016,G088,0.00048733855,1
G049,G003,0.00048701037,1
G087,G018,0.00048682233,1
G062,G015,0.00048640135,1
G009,G077,0.0004859078,1
G050,G086,0.0004855158,1
G005,G057,0.00048547777,1
G090,G057,0.00048272463,1
G075,G042,0.00048228298,1
G087,G001,0.0004814311,1
G089,G045,0.00047779968,1
G015,G098,0.0004771248,1
G026,G083,0.00047607103,1
G096,G047,0.0004749109,1
G034,G015,0.00047465554,1
G069,G053,0.00047464776,1
G031,G095,0.00047315986,1
G057,G093,0.00047008696,1
G052,G092,0.00046909743,1
G046,G071,0.00046721526,1
G065,G059,0.0004664853,1
G054,G098,0.00046586024,1
G068,G081,0.00046559706,1
G077,G073,0.0004652643,1
G009,G062,0.00046469903,1
G041,G033,0.00046302087,1
G093,G041,0.0004615745,1
G069,G039,0.00046134816,1
G055,G066,0.00045922084,1
G031,G030,0.00045879622,1
G032,G039,0.00045874878,1
G050,G038,0.00045851723,1
G037,G091,0.00045846906,1
G039,G009,0.00045766024,1
G044,G064,0.0004557219,1
G008,G025,0.00045568796,1
G036,G006,0.00045491027,1
G095,G090,0.00045377875,1
G066,G033,0.00045369836,1
G030,G023,0.00045306934,1
G058,G023,0.00045242885,1
G049,G034,0.0004522335,1
G077,G038,0.0004521407,1
G040,G029,0.00044985,1
G018,G040,0.00044921992,1
G005,G035,0.000448185,1
G073,G047,0.00044789322,1
G036,G071,0.00044704071,1
G039,G052,0.0004462452,1
G092,G057,0.00044322418,1
G037,G007,0.0004425075,1
G022,G009,0.00044196087,1
G072,G037,0.00044183724,1
G099,G037,0.00044059503,1
G071,G049,0.00044034544,1
G053,G032,0.0004401971,1
G027,G075,0.0004389289,1
G023,G062,0.00043702428,1
G050,G019,0.00043275647,1
G056,G061,0.00043213405,1
G064,G065,0.00043007193,1
G032,G064,0.00042932457,1
G004,G036,0.0004287768,1
G010,G016,0.00042680354,1
G072,G020,0.00042550187,1
G004,G043,0.00042539363,1
G052,G036,0.00042521316,1
G067,G030,0.0004248913,1
G010,G033,0.00042403952,1
G076,G039,0.0004232058,1
G079,G008,0.0004231714,1
G008,G002,0.0004231182,1
G084,G011,0.0004226978,1
G057,G048,0.00042260645,1
G078,G021,0.0004220111,1
G068,G082,0.0004219278,1
G016,G071,0.00042136209,1
G055,G041,0.00042079273,1
G051,G062,0.00042045364,1
G018,G081,0.0004199028,1
G055,G054,0.00041970605,1
G064,G096,0.00041832041,1
G070,G028,0.0004176118,1
G017,G025,0.00041584237,1
G007,G016,0.00041481396,1
G007,G010,0.00041331272,1
G075,G079,0.00041233745,1
G024,G047,0.00041183547,1
G031,G034,0.00041173387,1
G040,G090,0.00040952637,1
G026,G020,0.00040630173,1
G012,G077,0.00040578604,1
G066,G031,0.00040554392,1
G084,G079,0.0004043861,1
G050,G071,0.00040086423,1
G083,G069,0.00040032648,1
G039,G018,0.0003995885,1
G058,G016,0.00039827972,1
G056,G023,0.00039780184,1
G093,G017,0.00039712572,1
G098,G050,0.00039573532,1
G086,G040,0.00039505065,1
G068,G062,0.00039442477,1
G009,G020,0.00039383117,1
G093,G007,0.00039121398,1
G019,G011,0.00038892592,1
G041,G085,0.0003879438,1
G013,G084,0.00038779128,1
G005,G021,0.0003875958,1
G021,G079,0.00038637922,1
G025,G083,0.00038566138,1
G022,G058,0.0003852037,1
G068,G046,0.0003841249,1
G099,G040,0.00037955164,1
G087,G054,0.0003793053,1
G079,G022,0.00037907393,1
G030,G046,0.00037896947,1
G066,G049,0.00037887067,1
G092,G082,0.00037799633,1
G050,G080,0.0003761171,1
G014,G087,0.0003760845,1
G050,G097,0.00037363442,1
G099,G061,0.00037118944,1
G030,G080,0.00037063417,1
G097,G010,0.0003694656,1
G082,G083,0.00036806276,1
G052,G081,0.0003670249,1
G072,G031,0.00036686918,1
G009,G049,0.0003668158,1
G011,G008,0.00036642962,1
G041,G049,0.00036640227,1
G069,G038,0.00036626638,1
G051,G033,0.00036561064,1
G057,G002,0.00036559542,1
G001,G034,0.00036517857,1
G096,G023,0.0003647904,1
G013,G062,0.00036474917,1
G078,G098,0.00036423627,1
G086,G070,0.0003628889,1
G060,G038,0.00036260596,1
G087,G006,0.00036118127,1
G001,G051,0.0003611211,1
G088,G034,0.00036006895,1
G027,G060,0.00035920943,1
G075,G047,0.00035917156,1
G084,G030,0.0003587449,1
G026,G089,0.00035842985,1
G072,G087,0.0003578772,1
G063,G079,0.00035571007,1
G061,G050,0.000354996,1
G064,G098,0.0003516113,1
G002,G093,0.00035004943,1
G017,G090,0.00034992618,1
G014,G044,0.00034888394,1
G065,G037,0.00034720736,1
G033,G094,0.00034615776,1
G042,G016,0.00034613456,1
G036,G094,0.00034511287,1
G023,G070,0.0003443208,1
G036,G046,0.00034263058,1
G100,G039,0.0003419384,1
G002,G080,0.0003419237,1
G067,G065,0.00034140595,1
G033,G020,0.0003411579,1
G088,G052,0.000340418,1
G041,G020,0.00034004508,1
G090,G018,0.00033742093,1
G075,G031,0.00033741674,1
G004,G098,0.00033638318,1
G066,G100,0.00033619674,1
G050,G043,0.0003352295,1
G057,G097,0.0003342895,1
G051,G027,0.00033358432,1
G086,G017,0.00033299514,1
G015,G044,0.00033291057,1
G084,G039,0.0003322965,1
G001,G023,0.00033217896,1
G032,G045,0.00033131795,1
G092,G052,0.00033094446,1
G030,G078,0.00033029995,1
G085,G074,0.00033013182,1
G084,G065,0.00033008595,1
G013,G081,0.0003300859,1
G028,G057,0.00032917748,1
G018,G038,0.00032901278,1
G010,G045,0.0003275718,1
G048,G012,0.00032659143,1
G026,G002,0.00032514002,1
G072,G034,0.0003224725,1
G082,G031,0.00032194977,1
G039,G092,0.00032105786,1
G039,G050,0.00032096924,1
G052,G086,0.00032073897,1
G075,G100,0.0003203839,1
G099,G060,0.00032036268,1
G070,G092,0.00031880802,1
G044,G088,0.00031857277,1
G027,G034,0.00031830062,1
G012,G099,0.00031825132,1
G090,G050,0.00031772727,1
G064,G088,0.0003175747,1
G057,G027,0.00031620602,1
G080,G037,0.00031603113,1
G001,G014,0.00031577554,1
G087,G078,0.00031380646,1
G036,G014,0.0003137385,1
G039,G072,0.00031342462,1
G090,G033,0.0003122862,1
G008,G052,0.00031185048,1
G072,G079,0.00031173322,1
G073,G052,0.00031090208,1
G015,G039,0.00031056785,1
G013,G016,0.0003101942,1
G017,G087,0.0003095375,1
G031,G037,0.000309467,1
G036,G031,0.00030937235,1
G035,G030,0.00030896245,1
G018,G090,0.00030697542,1
G059,G007,0.00030638545,1
G015,G093,0.00030637035,1
G036,G074,0.00030581342,1
G070,G017,0.00030528617,1
G091,G068,0.00030503847,1
G052,G059,0.0003050231,1
G022,G052,0.0003045589,1
G046,G028,0.00030453253,1
G067,G072,0.00030416055,1
G058,G091,0.0003029781,1
G008,G079,0.00030247134,1
G014,G085,0.00030228138,1
G093,G037,0.00030223193,1
G018,G085,0.0003018911,1
G037,G060,0.00030011256,1
G011,G053,0.0002991713,1
G017,G003,0.00029909916,1
G011,G088,0.00029909707,1
G085,G095,0.00029748623,1
G087,G012,0.000296828,1
G003,G082,0.0002962324,1
G045,G054,0.0002952059,1
G010,G067,0.00029371434,1
G010,G099,0.00029330843,1
G088,G053,0.0002930878,1
G052,G074,0.00029240298,1
G031,G066,0.000292245,1
G077,G071,0.00029163147,1
G084,G094,0.00029152373,1
G096,G037,0.00028969217,1
G040,G065,0.00028906277,1
G047,G072,0.00028855543,1
G005,G069,0.00028828156,1
G004,G006,0.0002876795,1
G092,G024,0.00028640055,1
G073,G002,0.00028627663,1
G016,G037,0.00028599222,1
G058,G042,0.00028546335,1
G082,G044,0.0002841699,1
G059,G039,0.0002825568,1
G017,G088,0.00028193634,1
G002,G020,0.00028159644,1
G024,G031,0.0002809622,1
G061,G095,0.00028087478,1
G094,G019,0.00028081166,1
G031,G024,0.00028067155,1
G028,G010,0.00028028365,1
G079,G012,0.00028004966,1
G065,G061,0.0002797949,1
G007,G025,0.0002788932,1
G069,G042,0.0002779809,1
G010,G086,0.0002778554,1
G081,G024,0.00027758582,1
G065,G027,0.00027721038,1
G096,G099,0.00027633394,1
G034,G069,0.00027586106,1
G075,G067,0.0002757237,1
G009,G029,0.00027567285,1
G042,G093,0.00027530573,1
G032,G096,0.000274686,1
G010,G040,0.0002741388,1
G005,G060,0.0002737661,1
G048,G040,0.0002729275,1
G001,G083,0.00027271576,1
G054,G061,0.0002727112,1
G099,G086,0.0002725615,1
G069,G100,0.00027240693,1
G081,G049,0.00027215946,1
G074,G078,0.0002718269,1
G084,G100,0.00027165076,1
G004,G097,0.0002702205,1
G048,G068,0.00026995345,1
G030,G058,0.00026943223,1
G081,G032,0.00026892082,1
G077,G052,0.00026888525,1
G036,G022,0.00026832844,1
G015,G019,0.00026711868,1
G010,G006,0.00026707465,1
G083,G011,0.00026693862,1
G099,G074,0.0002665217,1
G018,G075,0.0002664163,1
G027,G055,0.0002646749,1
G026,G023,0.00026467483,1
G016,G048,0.00026451855,1
G001,G028,0.00026446587,1
G012,G047,0.00026408065,1
G051,G057,0.00026253465,1
G024,G005,0.00026235823,1
G022,G025,0.00026106543,1
G022,G057,0.0002601833,1
G001,G059,0.00025989854,1
G083,G004,0.00025925727,1
G089,G046,0.000258955,1
G015,G033,0.00025884857,1
G035,G088,0.00025821134,1
G053,G049,0.00025769827,1
G037,G080,0.0002574526,1
G023,G012,0.00025720123,1
G044,G094,0.00025706692,1
G006,G051,0.0002568993,1
G011,G026,0.00025687015,1
G073,G013,0.00025686374,1
G077,G006,0.0002560395,1
G075,G053,0.00025486582,1
G010,G060,0.00025435654,1
G063,G082,0.0002542493,1
G058,G004,0.00025409932,1
G075,G090,0.0002532633,1
G036,G035,0.00025248257,1
G038,G016,0.00025196644,1
G077,G042,0.00025173902,1
G050,G061,0.0002508919,1
G081,G069,0.00025071183,1
G023,G058,0.00025043052,1
G043,G022,0.00025029556,1
G072,G089,0.0002498049,1
G056,G076,0.00024954957,1
G080,G046,0.00024938452,1
G080,G022,0.00024856525,1
G058,G011,0.0002477624,1
G016,G076,0.00024714068,1
G065,G036,0.00024689274,1
G043,G021,0.00024615542,1
G041,G069,0.00024604783,1
G091,G066,0.00024547166,1
G027,G100,0.00024470082,1
G073,G009,0.00024457969,1
G080,G035,0.00024350389,1
G039,G085,0.00024290768,1
G032,G017,0.00024284278,1
G088,G079,0.00024177817,1
G033,G083,0.00024147188,1
G096,G044,0.00024125531,1
G011,G050,0.00024124025,1
G066,G041,0.0002411772,1
G086,G039,0.00024107342,1
G066,G024,0.00024099521,1
G055,G057,0.00024069221,1
G031,G053,0.00024050259,1
G036,G078,0.00024040019,1
G029,G002,0.00024026918,1
G015,G072,0.00024010993,1
G004,G096,0.00023931239,1
G006,G093,0.00023836755,1
G083,G055,0.00023810552,1
G017,G055,0.00023781222,1
G053,G056,0.0002363336,1
G041,G003,0.00023520617,1
G005,G093,0.00023511132,1
G084,G029,0.00023496397,1
G038,G055,0.0002342032,1
G035,G057,0.00023379455,1
G034,G062,0.00023334888,1
G028,G045,0.00023276867,1
G045,G049,0.0002311449,1
G076,G094,0.00023078777,1
G047,G001,0.00023066626,1
G037,G084,0.00022952477,1
G051,G009,0.00022944318,1
G073,G068,0.00022839362,1
G007,G028,0.00022805583,1
G029,G066,0.00022783999,1
G035,G074,0.00022777486,1
G007,G017,0.00022737877,1
G081,G040,0.00022722808,1
G019,G089,0.00022709997,1
G012,G013,0.00022608582,1
G093,G088,0.0002260046,1
G069,G070,0.00022563785,1
G016,G028,0.00022506257,1
G068,G089,0.00022475045,1
G053,G001,0.00022465973,1
G040,G009,0.00022447147,1
G022,G041,0.00022408714,1
G085,G099,0.00022345141,1
G039,G057,0.00022339064,1
G054,G065,0.0002227826,1
G008,G080,0.00022174032,1
G022,G054,0.00022162433,1
G008,G074,0.00022136809,1
G070,G075,0.0002211259,1
G055,G023,0.00022099735,1
G028,G020,0.00022067496,1
G021,G098,0.00022048125,1
G063,G074,0.00021997002,1
G087,G037,0.0002199557,1
G008,G015,0.00021949713,1
G025,G092,0.00021911359,1
G026,G056,0.00021723007,1
G032,G073,0.00021680741,1
G076,G062,0.0002164361,1
G041,G058,0.00021563064,1
G042,G060,0.0002147643,1
G066,G047,0.00021364221,1
G043,G033,0.00021337661,1
G074,G055,0.00021242423,1
G039,G048,0.00021142433,1
G096,G085,0.00021116425,1
G001,G075,0.00021104958,1
G022,G071,0.00021072435,1
G011,G030,0.00021069346,1
G066,G039,0.00021040482,1
G009,G097,0.00020982031,1
G069,G011,0.00020946705,1
G090,G086,0.00020926249,1
G061,G040,0.00020912607,1
G050,G048,0.00020900193,1
G047,G043,0.00020842359,1
G089,G013,0.00020839738,1
G007,G049,0.00020821475,1
G005,G051,0.00020779608,1
G004,G013,0.00020678766,1
G095,G050,0.00020616586,1
G036,G020,0.00020509156,1
G056,G025,0.00020383194,1
G018,G049,0.00020382366,1
G015,G026,0.00020358924,1
G006,G088,0.00020355578,1
G095,G053,0.00020344228,1
G034,G083,0.00020275229,1
G093,G003,0.00020253894,1
G021,G066,0.00020214482,1
G035,G069,0.00020201715,1
G091,G056,0.00020199154,1
G032,G055,0.00020187336,1
G059,G049,0.00020181722,1
G095,G075,0.00020169288,1
G074,G099,0.0002016152,1
G073,G021,0.00020148091,1
G038,G019,0.00019988744,1
G003,G058,0.00019979732,1
G073,G041,0.00019806113,1
G044,G078,0.00019748484,1
G077,G016,0.00019739887,1
G007,G089,0.0001971907,1
G095,G042,0.00019688555,1
G083,G053,0.00019668342,1
G075,G037,0.00019640964,1
G071,G048,0.00019598365,1
G042,G017,0.00019592533,1
G044,G062,0.0001955477,1
G014,G018,0.00019535013,1
G051,G092,0.0001947878,1
G026,G094,0.00019473869,1
G059,G053,0.00019440148,1
G077,G028,0.00019434748,1
G081,G013,0.00019313648,1
G054,G018,0.00019233691,1
G060,G039,0.00019197764,1
G099,G005,0.00019178222,1
G071,G013,0.0001913023,1
G090,G071,0.00019076797,1
G006,G045,0.00019050436,1
G034,G081,0.00019040257,1
G061,G057,0.00019030145,1
G012,G043,0.00019015625,1
G081,G080,0.00018987224,1
G084,G093,0.00018973426,1
G017,G018,0.00018954053,1
G096,G026,0.00018936973,1
G017,G063,0.0001881881,1
G024,G022,0.00018817758,1
G053,G079,0.00018793852,1
G065,G088,0.00018746263,1
G021,G089,0.00018732698,1
G065,G019,0.00018732631,1
G038,G091,0.00018726481,1
G098,G071,0.0001867987,1
G007,G057,0.00018576237,1
G072,G066,0.0001854121,1
G047,G021,0.00018454125,1
G062,G046,0.00018412959,1
G019,G078,0.00018375262,1
G011,G032,0.00018346433,1
G061,G053,0.00018342407,1
G082,G030,0.00018325643,1
G022,G062,0.00018268886,1
G039,G065,0.00018247549,1
G086,G014,0.0001823931,1
G099,G033,0.00018219526,1
G041,G044,0.00018204084,1
G038,G042,0.00018182062,1
G052,G034,0.00018170128,1
G042,G063,0.00018154923,1
G092,G067,0.00018129141,1
G039,G093,0.00018109549,1
G092,G018,0.00018046644,1
G080,G078,0.00018021974,1
G004,G052,0.0001798422,1
G044,G066,0.00017920873,1
G054,G076,0.0001788893,1
G069,G081,0.00017879058,1
G064,G040,0.00017790441,1
G084,G055,0.00017781423,1
G044,G075,0.00017758676,1
G100,G041,0.00017743665,1
G010,G013,0.0001772679,1
G088,G076,0.00017698685,1
G014,G052,0.00017667508,1
G021,G065,0.00017619532,1
G077,G098,0.00017438062,1
G099,G079,0.00017418292,1
G069,G057,0.00017352159,1
G061,G007,0.00017286923,1
G100,G062,0.00017277223,1
G011,G003,0.00017274889,1
G001,G011,0.00017271213,1
G036,G064,0.00017270322,1
G041,G050,0.00017189575,1
G012,G050,0.00017173907,1
G018,G050,0.0001713638,1
G042,G051,0.00017107086,1
G015,G012,0.0001706021,1
G026,G005,0.00017015175,1
G037,G017,0.0001698367,1
G037,G052,0.00016938685,1
G075,G022,0.00016905939,1
G028,G090,0.00016900776,1
G051,G070,0.00016864711,1
G030,G064,0.00016851517,1
G046,G090,0.00016845584,1
G012,G039,0.00016808734,1
G075,G006,0.00016804453,1
G033,G067,0.00016799898,1
G043,G054,0.00016726206,1
G095,G008,0.00016618964,1
G010,G024,0.00016598028,1
G062,G024,0.00016593898,1
G046,G010,0.000165541,1
G057,G015,0.00016539346,1
G040,G098,0.000165384,1
G038,G039,0.00016503876,1
G003,G057,0.00016420464,1
G058,G064,0.00016390781,1
G092,G001,0.00016368243,1
G033,G005,0.0001635859,1
G039,G078,0.00016302765,1
G062,G090,0.00016263605,1
G020,G023,0.00016261906,1
G004,G059,0.00016237094,1
G053,G094,0.00016222948,1
G021,G007,0.00016219699,1
G098,G078,0.00016213405,1
G082,G099,0.00016199335,1
G002,G047,0.00016168326,1
G024,G070,0.00016124894,1
G078,G060,0.00016099324,1
G096,G084,0.00016045554,1
G092,G066,0.00015983908,1
G081,G007,0.00015956632,1
G049,G005,0.00015918066,1
G033,G013,0.00015893934,1
G026,G092,0.00015856253,1
G045,G091,0.00015721723,1
G078,G070,0.00015714916,1
G011,G038,0.00015714024,1
G029,G070,0.00015710344,1
G100,G084,0.00015701013,1
G033,G086,0.00015672656,1
G083,G073,0.00015661804,1
G065,G081,0.00015629889,1
G027,G017,0.00015628127,1
G046,G004,0.00015610403,1
G074,G010,0.0001555255,1
G017,G052,0.000155324,1
G001,G005,0.00015530891,1
G026,G010,0.0001550854,1
G017,G002,0.00015507852,1
G028,G004,0.00015501142,1
G048,G014,0.00015486329,1
G088,G001,0.00015462188,1
G043,G048,0.00015324849,1
G061,G064,0.00015280137,1
G025,G020,0.00015245988,1
G018,G060,0.00015177974,1
G057,G050,0.00015170984,1
G045,G019,0.00015068114,1
G033,G049,0.00014933666,1
G046,G014,0.00014888465,1
G044,G026,0.00014880844,1
G028,G002,0.00014858393,1
G042,G092,0.0001482917,1
G078,G057,0.00014811741,1
G014,G055,0.00014774663,1
G091,G034,0.00014763647,1
G001,G053,0.00014748298,1
G007,G048,0.00014702941,1
G059,G021,0.00014603956,1
G014,G012,0.00014602492,1
G026,G058,0.00014596706,1
G033,G023,0.00014592522,1
G098,G017,0.00014567029,1
G083,G098,0.00014565767,1
G001,G009,0.00014524539,1
G093,G016,0.00014511475,1
G032,G086,0.0001446996,1
G068,G050,0.00014454883,1
G031,G084,0.00014344178,1
G066,G006,0.0001433303,1
G024,G032,0.00014307923,1
G009,G096,0.00014268524,1
G032,G001,0.00014254365,1
G006,G015,0.00014249382,1
G052,G044,0.00014239257,1
G009,G008,0.00014211902,1
G012,G070,0.00014211102,1
G003,G089,0.00014062884,1
G098,G060,0.00014025641,1
G003,G044,0.00014025037,1
G099,G022,0.00013945407,1
G055,G081,0.00013943989,1
G006,G046,0.0001393007,1
G099,G085,0.00013919208,1
G085,G097,0.00013912475,1
G082,G016,0.00013850367,1
G025,G038,0.00013837918,1
G016,G091,0.00013820124,1
G002,G088,0.00013816977,1
G086,G002,0.00013746237,1
G098,G091,0.0001371504,1
G071,G063,0.00013629686,1
G021,G023,0.00013608902,1
G003,G032,0.00013605229,1
G066,G021,0.00013584856,1
G052,G055,0.00013560138,1
G010,G089,0.00013542284,1
G037,G034,0.00013513461,1
G014,G035,0.00013497032,1
G032,G003,0.00013481817,1
G056,G045,0.00013448486,1
G017,G035,0.00013443072,1
G006,G034,0.00013355789,1
G090,G009,0.00013326797,1
G004,G065,0.00013315206,1
G080,G088,0.00013283371,1
G067,G007,0.00013265637,1
G036,G076,0.00013259523,1
G042,G004,0.00013202829,1
G080,G061,0.00013187953,1
G066,G069,0.00013142839,1
G009,G064,0.00013141667,1
G039,G077,0.00013104238,1
G042,G026,0.00013039343,1
G096,G098,0.00013039229,1
G059,G058,0.00013030852,1
G031,G062,0.00012977267,1
G032,G036,0.00012926925,1
G082,G057,0.00012912166,1
G100,G055,0.00012903182,1
G070,G039,0.0001286946,1
G035,G040,0.00012824486,1
G073,G035,0.00012804345,1
G012,G090,0.00012788796,1
G093,G071,0.00012769057,1
G003,G076,0.00012756293,1
G089,G063,0.0001274038,1
G095,G045,0.00012728348,1
G078,G024,0.00012691543,1
G093,G025,0.00012646876,1
G012,G071,0.00012642622,1
G047,G062,0.00012598229,1
G043,G029,0.0001258366,1
G050,G093,0.00012574148,1
G022,G063,0.00012548555,1
G093,G084,0.00012533623,1
G053,G077,0.00012497342,1
G082,G005,0.00012488815,1
G049,G052,0.00012476883,1
G096,G053,0.00012420586,1
G035,G060,0.00012343375,1
G063,G028,0.00012319336,1
G009,G024,0.00012292947,1
G067,G078,0.00012286716,1
G020,G098,0.00012272975,1
G066,G018,0.00012225681,1
G082,G084,0.000122028636,1
G047,G087,0.00012187418,1
G022,G092,0.00012173914,1
G021,G096,0.00012088926,1
G068,G063,0.00012041112,1
G041,G023,0.00012036463,1
G044,G030,0.00011988272,1
G020,G008,0.0001197844,1
G078,G016,0.000119172204,1
G085,G057,0.00011885445,1
G097,G033,0.00011835277,1
G075,G061,0.0001181586,1
G065,G014,0.00011782674,1
G025,G097,0.000117437376,1
G003,G097,0.0001170048,1
G056,G009,0.00011663416,1
G003,G053,0.00011651881,1
G092,G021,0.00011601178,1
G015,G027,0.0001156063,1
G028,G003,0.000115451476,1
G042,G034,0.00011541474,1
G045,G081,0.000115238836,1
G026,G004,0.00011517835,1
G007,G047,0.00011482288,1
G050,G053,0.00011477615,1
G045,G051,0.00011476507,1
G086,G012,0.00011463668,1
G041,G008,0.000114497976,1
G089,G073,0.00011393884,1
G044,G045,0.00011383358,1
G049,G055,0.00011377544,1
G087,G005,0.00011376905,1
G063,G018,0.00011376192,1
G076,G099,0.00011357727,1
G043,G086,0.00011319149,1
G049,G035,0.000113020484,1
G081,G044,0.000112973554,1
G067,G088,0.00011221735,1
G081,G056,0.00011163482,1
G044,G072,0.00011161877,1
G070,G089,0.0001110191,1
G016,G055,0.000110887304,1
G028,G068,0.00011061278,1
G060,G087,0.00011058133,1
G049,G095,0.000110426234,1
G056,G059,0.00010978661,1
G036,G083,0.00010956945,1
G035,G023,0.00010902791,1
G016,G036,0.0001082075,1
G057,G098,0.00010817845,1
G085,G009,0.00010808477,1
G033,G097,0.00010804374,1
G045,G086,0.00010780006,1
G033,G068,0.00010763723,1
G037,G030,0.000107139735,1
G082,G060,0.000107043394,1
G083,G051,0.000107040985,1
G055,G024,0.00010688371,1
G002,G077,0.00010634255,1
G008,G100,0.00010609538,1
G021,G043,0.00010583057,1
G024,G049,0.00010570352,1
G002,G057,0.000105541236,1
G006,G009,0.000105255436,1
G036,G040,0.000105159415,1
G025,G061,0.000104880484,1
G043,G012,0.00010473355,1
G027,G053,0.00010471841,1
G019,G059,0.00010453848,1
G057,G036,0.00010418331,1
G031,G016,0.00010395072,1
G074,G030,0.00010382461,1
G048,G093,0.00010367771,1
G057,G096,0.00010348111,1
G016,G066,0.00010343664,1
G015,G064,0.000103011604,1
G044,G014,0.00010259487,1
G072,G059,0.00010250037,1
G030,G059,0.00010249412,1
G062,G078,0.00010239215,1
G076,G010,0.00010196962,1
G007,G098,0.000101946076,1
G022,G048,0.00010182935,1
G076,G052,0.000101806116,1
G067,G076,0.00010177892,1
G080,G062,0.000101501784,1
G094,G035,0.000101261125,1
G073,G072,0.000100720325,1
G032,G038,0.0001005859,1
G084,G007,0.00010007208,1
G085,G053,9.9559016e-05,1
G041,G078,9.931025e-05,1
G088,G082,9.909219e-05,1
G054,G087,9.78758e-05,1
G071,G083,9.753509e-05,1
G069,G079,9.750612e-05,1
G085,G065,9.734382e-05,1
G094,G013,9.7270575e-05,1
G018,G062,9.72108e-05,1
G089,G004,9.713985e-05,1
G048,G097,9.669521e-05,1
G062,G067,9.669218e-05,1
G015,G045,9.660351e-05,1
G074,G015,9.649773e-05,1
G015,G092,9.6332515e-05,1
G040,G067,9.6163145e-05,1
G054,G079,9.5635885e-05,1
G012,G061,9.542339e-05,1
G089,G050,9.521823e-05,1
G067,G042,9.47705e-05,1
G099,G020,9.435643e-05,1
G070,G061,9.424364e-05,1
G028,G037,9.400588e-05,1
G011,G028,9.3963885e-05,1
G052,G045,9.367407e-05,1
G040,G043,9.343778e-05,1
G073,G030,9.322254e-05,1
G005,G067,9.3181145e-05,1
G006,G087,9.292249e-05,1
G010,G080,9.2815746e-05,1
G011,G076,9.260317e-05,1
G067,G024,9.2025584e-05,1
G018,G019,9.1220514e-05,1
G022,G099,9.1156966e-05,1
G076,G041,9.093633e-05,1
G027,G093,9.090083e-05,1
G014,G034,9.0023954e-05,1
G021,G094,8.989258e-05,1
G087,G007,8.9654575e-05,1
G047,G076,8.94932e-05,1
G078,G018,8.933686e-05,1
G045,G090,8.932228e-05,1
G096,G086,8.907405e-05,1
G052,G019,8.878628e-05,1
G044,G050,8.871391e-05,1
G027,G059,8.8602734e-05,1
G003,G029,8.850736e-05,1
G069,G050,8.843662e-05,1
G020,G038,8.8223234e-05,1
G041,G079,8.8193745e-05,1
G005,G052,8.814032e-05,1
G062,G009,8.803971e-05,1
G083,G034,8.789141e-05,1
G023,G039,8.7868764e-05,1
G052,G075,8.772348e-05,1
G097,G079,8.765003e-05,1
G008,G054,8.7223605e-05,1
G041,G028,8.717858e-05,1
G081,G010,8.716407e-05,1
G083,G042,8.686153e-05,1
G089,G100,8.679954e-05,1
G053,G015,8.607929e-05,1
G042,G085,8.585622e-05,1
G033,G076,8.5834006e-05,1
G007,G092,8.537365e-05,1
G005,G031,8.496552e-05,1
G055,G062,8.491178e-05,1
G015,G094,8.4197505e-05,1
G058,G031,8.3907835e-05,1
G090,G047,8.379779e-05,1
G072,G095,8.370345e-05,1
G051,G072,8.362301e-05,1
G090,G012,8.335709e-05,1
G092,G050,8.331769e-05,1
G067,G004,8.3186445e-05,1
G097,G092,8.268715e-05,1
G009,G052,8.262801e-05,1
G008,G031,8.2589286e-05,1
G059,G012,8.255252e-05,1
G012,G021,8.2492516e-05,1
G085,G031,8.2435596e-05,1
G013,G093,8.2288054e-05,1
G072,G015,8.1741135e-05,1
G024,G029,8.164447e-05,1
G049,G011,8.157738e-05,1
G023,G076,8.145719e-05,1
G056,G069,8.11517e-05,1
G072,G054,8.091219e-05,1
G039,G047,8.082802e-05,1
G049,G077,8.026859e-05,1
G071,G044,8.022447e-05,1
G048,G013,8.02219e-05,1
G089,G092,8.019781e-05,1
G065,G040,7.983979e-05,1
G055,G002,7.977738e-05,1
G010,G003,7.955384e-05,1
G033,G081,7.948133e-05,1
G089,G095,7.919342e-05,1
G010,G054,7.911891e-05,1
G033,G006,7.878015e-05,1
G089,G042,7.8607845e-05,1
G055,G063,7.833023e-05,1
G053,G062,7.810542e-05,1
G055,G058,7.800311e-05,1
G092,G025,7.7803044e-05,1
G029,G034,7.7570876e-05,1
G020,G015,7.7218014e-05,1
G018,G077,7.714795e-05,1
G030,G017,7.710528e-05,1
G025,G095,7.6567376e-05,1
G010,G047,7.6470154e-05,1
G083,G007,7.643976e-05,1
G050,G035,7.6123215e-05,1
G056,G026,7.594508e-05,1
G070,G096,7.5802614e-05,1
G084,G064,7.571566e-05,1
G058,G047,7.539342e-05,1
G076,G036,7.512751e-05,1
G055,G100,7.4811265e-05,1
G023,G028,7.474575e-05,1
G046,G080,7.471532e-05,1
G062,G081,7.455821e-05,1
G044,G090,7.4358555e-05,1
G050,G017,7.4244635e-05,1
G056,G018,7.385521e-05,1
G095,G020,7.2821094e-05,1
G026,G064,7.23671e-05,1
G062,G037,7.213017e-05,1
G092,G048,7.171845e-05,1
G041,G039,7.15852e-05,1
G046,G057,7.153003e-05,1
G056,G010,7.152183e-05,1
G097,G001,7.1207345e-05,1
G048,G026,7.087943e-05,1
G028,G032,7.075261e-05,1
G065,G091,7.0742586e-05,1
G007,G037,7.056559e-05,1
G079,G075,7.0447364e-05,1
G088,G008,7.0409e-05,1
G018,G012,7.016285e-05,1
G078,G048,6.98758e-05,1
G087,G077,6.942717e-05,1
G076,G021,6.938591e-05,1
G086,G051,6.9337955e-05,1
G034,G089,6.9335176e-05,1
G005,G015,6.923914e-05,1
G008,G096,6.84686e-05,1
G082,G061,6.8309004e-05,1
G096,G052,6.798093e-05,1
G068,G014,6.756395e-05,1
G023,G090,6.7296205e-05,1
G022,G016,6.7102825e-05,1
G088,G024,6.682259e-05,1
G002,G026,6.6768065e-05,1
G099,G029,6.675531e-05,1
G032,G069,6.658573e-05,1
G018,G029,6.657375e-05,1
G011,G100,6.651125e-05,1
G028,G053,6.6492146e-05,1
G025,G010,6.614516e-05,1
G093,G063,6.611568e-05,1
G011,G081,6.602299e-05,1
G021,G064,6.583625e-05,1
G030,G060,6.513669e-05,1
G036,G047,6.5114706e-05,1
G011,G036,6.506282e-05,1
G045,G004,6.498786e-05,1
G098,G035,6.483972e-05,1
G012,G081,6.427436e-05,1
G035,G094,6.419137e-05,1
G092,G088,6.409713e-05,1
G083,G066,6.39367e-05,1
G037,G036,6.357761e-05,1
G047,G028,6.2584026e-05,1
G044,G056,6.257767e-05,1
G002,G078,6.243623e-05,1
G045,G097,6.232481e-05,1
G079,G051,6.1944236e-05,1
G058,G089,6.186714e-05,1
G037,G038,6.156937e-05,1
G012,G053,6.1333856e-05,1
G087,G076,6.127232e-05,1
G081,G060,6.121719e-05,1
G096,G019,6.0962426e-05,1
G078,G019,6.09093e-05,1
G045,G077,6.0337054e-05,1
G044,G036,6.0154467e-05,1
G055,G006,6.009555e-05,1
G088,G081,5.9949267e-05,1
G009,G046,5.990588e-05,1
G069,G014,5.983194e-05,1
G074,G068,5.961981e-05,1
G084,G099,5.925658e-05,1
G002,G066,5.910486e-05,1
G069,G049,5.8960926e-05,1
G043,G066,5.872001e-05,1
G017,G001,5.864495e-05,1
G034,G027,5.8640257e-05,1
G011,G090,5.8325608e-05,1
G070,G100,5.8215308e-05,1
G085,G006,5.819245e-05,1
G094,G067,5.7992194e-05,1
G048,G049,5.731055e-05,1
G070,G006,5.6927947e-05,1
G043,G078,5.6370314e-05,1
G030,G005,5.623914e-05,1
G062,G011,5.604258e-05,1
G066,G053,5.582306e-05,1
G047,G026,5.537261e-05,1
G058,G034,5.5158394e-05,1
G001,G057,5.5080032e-05,1
G071,G047,5.4909295e-05,1
G020,G011,5.4838478e-05,1
G069,G021,5.4412667e-05,1
G030,G061,5.4188014e-05,1
G029,G060,5.4153894e-05,1
G018,G052,5.4059074e-05,1
G095,G015,5.3855587e-05,1
G016,G040,5.3433134e-05,1
G013,G002,5.328773e-05,1
G081,G096,5.3100346e-05,1
G002,G087,5.287725e-05,1
G023,G007,5.2826643e-05,1
G063,G088,5.2791056e-05,1
G054,G006,5.2327658e-05,1
G095,G011,5.2246993e-05,1
G071,G096,5.2223317e-05,1
G057,G060,5.171653e-05,1
G031,G079,5.1177376e-05,1
G084,G089,5.0997798e-05,1
G082,G092,5.0892526e-05,1
G022,G074,5.0698676e-05,1
G010,G002,5.041688e-05,1
G044,G098,5.0376148e-05,1
G014,G099,5.0058403e-05,1
G045,G036,4.9910523e-05,1
G031,G072,4.9753406e-05,1
G065,G023,4.9741546e-05,1
G081,G014,4.9548504e-05,1
G081,G030,4.9030386e-05,1
G081,G038,4.9005313e-05,1
G069,G067,4.879188e-05,1
G086,G054,4.858763e-05,1
G057,G039,4.8399135e-05,1
G080,G030,4.8345857e-05,1
G043,G042,4.8046906e-05,1
G063,G071,4.7984533e-05,1
G015,G048,4.7897964e-05,1
G095,G022,4.7869213e-05,1
G079,G092,4.7640242e-05,1
G038,G095,4.717877e-05,1
G002,G042,4.5530676e-05,1
G098,G041,4.5452933e-05,1
G040,G035,4.5390072e-05,1
G002,G046,4.524516e-05,1
G050,G060,4.5228426e-05,1
G006,G081,4.516085e-05,1
G025,G047,4.4961234e-05,1
G039,G015,4.491675e-05,1
G049,G021,4.448134e-05,1
G098,G006,4.4020657e-05,1
G035,G005,4.3972985e-05,1
G037,G061,4.3755932e-05,1
G075,G003,4.33494e-05,1
G030,G093,4.3305972e-05,1
G020,G002,4.3004708e-05,1
G031,G098,4.284454e-05,1
G001,G094,4.280726e-05,1
G008,G083,4.280091e-05,1
G011,G059,4.2578493e-05,1
G074,G077,4.241089e-05,1
G058,G006,4.2333857e-05,1
G046,G068,4.229768e-05,1
G092,G071,4.225011e-05,1
G095,G056,4.2130127e-05,1
G053,G087,4.1629737e-05,1
G021,G029,4.1171814e-05,1
G061,G074,4.0449268e-05,1
G091,G044,4.043335e-05,1
G086,G056,4.0409534e-05,1
G096,G009,4.031837e-05,1
G067,G038,3.9934243e-05,1
G013,G043,3.9830775e-05,1
G065,G017,3.9463364e-05,1
G037,G028,3.9209976e-05,1
G084,G086,3.89646e-05,1
G036,G100,3.8912647e-05,1
G016,G004,3.843424e-05,1
G013,G095,3.8322887e-05,1
G012,G095,3.8177954e-05,1
G058,G072,3.7884158e-05,1
G096,G016,3.7655984e-05,1
G085,G033,3.743557e-05,1
G076,G031,3.7383423e-05,1
G016,G095,3.704392e-05,1
G069,G043,3.700314e-05,1
G076,G051,3.6720045e-05,1
G043,G059,3.6402264e-05,1
G091,G098,3.6323818e-05,1
G048,G011,3.6187517e-05,1
G066,G085,3.581126e-05,1
G070,G002,3.4622914e-05,1
G070,G016,3.3869397e-05,1
G052,G005,3.376588e-05,1
G026,G054,3.3729255e-05,1
G032,G084,3.3686683e-05,1
G022,G007,3.3247416e-05,1
G046,G096,3.3194334e-05,1
G044,G012,3.2184067e-05,1
G041,G045,3.1826e-05,1
G004,G031,3.1668384e-05,1
G062,G042,3.1628228e-05,1
G015,G068,3.149513e-05,1
G064,G086,3.1468222e-05,1
G014,G039,3.138983e-05,1
G036,G098,3.1379284e-05,1
G052,G024,3.137916e-05,1
G053,G090,3.1298754e-05,1
G007,G071,3.0833744e-05,1
G087,G052,3.076425e-05,1
G041,G098,3.0545336e-05,1
G096,G031,3.0324414e-05,1
G074,G050,3.02301e-05,1
G057,G020,2.9800734e-05,1
G045,G059,2.965443e-05,1
G032,G090,2.9263574e-05,1
G020,G012,2.9244255e-05,1
G023,G014,2.8994316e-05,1
G078,G029,2.8934368e-05,1
G082,G009,2.8789875e-05,1
G080,G098,2.842047e-05,1
G013,G090,2.83338e-05,1
G090,G005,2.8245788e-05,1
G018,G100,2.8168453e-05,1
G040,G080,2.7798505e-05,1
G074,G029,2.7788361e-05,1
G063,G076,2.6848378e-05,1
G092,G006,2.6787657e-05,1
G003,G019,2.6330055e-05,1
G044,G003,2.5992807e-05,1
G023,G075,2.5991823e-05,1
G013,G094,2.5699574e-05,1
G020,G010,2.5634576e-05,1
G032,G040,2.5534777e-05,1
G047,G044,2.5426372e-05,1
G054,G078,2.5385056e-05,1
G058,G096,2.521624e-05,1
G096,G077,2.5115154e-05,1
G042,G061,2.4838662e-05,1
G015,G022,2.4745292e-05,1
G065,G078,2.4667483e-05,1
G013,G056,2.4659163e-05,1
G042,G054,2.455005e-05,1
G006,G016,2.3991333e-05,1
G025,G019,2.386052e-05,1
G044,G039,2.3573928e-05,1
G074,G090,2.3274331e-05,1
G022,G050,2.2964894e-05,1
G023,G071,2.2950486e-05,1
G091,G099,2.2443242e-05,1
G019,G034,2.2264088e-05,1
G001,G086,2.223113e-05,1
G075,G095,2.2117365e-05,1
G018,G063,2.1848049e-05,1
G049,G008,2.1792652e-05,1
G089,G090,2.1559179e-05,1
G086,G099,2.1373442e-05,1
G093,G076,2.1231672e-05,1
G092,G013,2.0873273e-05,1
G075,G069,2.087003e-05,1
G037,G075,2.0740978e-05,1
G057,G054,2.0504676e-05,1
G066,G045,2.0351668e-05,1
G035,G022,1.9587105e-05,1
G025,G096,1.9433686e-05,1
G035,G025,1.9274436e-05,1
G004,G041,1.8879982e-05,1
G048,G061,1.8379797e-05,1
G043,G006,1.796411e-05,1
G061,G024,1.786038e-05,1
G099,G059,1.7806915e-05,1
G091,G097,1.775941e-05,1
G087,G011,1.7611372e-05,1
G066,G012,1.7563805e-05,1
G068,G027,1.7552937e-05,1
G055,G033,1.7463479e-05,1
G079,G016,1.7339999e-05,1
G005,G043,1.7285618e-05,1
G089,G099,1.6921465e-05,1
G004,G095,1.6870417e-05,1
G007,G002,1.6798627e-05,1
G087,G096,1.6788961e-05,1
G079,G030,1.6656057e-05,1
G047,G018,1.6601625e-05,1
G097,G029,1.6530294e-05,1
G066,G070,1.6488055e-05,1
G092,G059,1.6271331e-05,1
G080,G065,1.6183227e-05,1
G060,G074,1.6091304e-05,1
G031,G042,1.576446e-05,1
G100,G073,1.5753036e-05,1
G031,G091,1.5738775e-05,1
G046,G026,1.5639429e-05,1
G023,G032,1.5543445e-05,1
G071,G062,1.5428934e-05,1
G069,G071,1.5359925e-05,1
G091,G053,1.5330996e-05,1
G049,G085,1.5240414e-05,1
G032,G011,1.5004271e-05,1
G062,G058,1.485023e-05,1
G025,G036,1.4795864e-05,1
G068,G044,1.4460372e-05,1
G028,G014,1.43697835e-05,1
G078,G100,1.4364007e-05,1
G021,G001,1.4138755e-05,1
G073,G084,1.3890525e-05,1
G045,G009,1.2878614e-05,1
G056,G092,1.2871557e-05,1
G047,G030,1.2628627e-05,1
G082,G010,1.2543884e-05,1
G098,G003,1.2374198e-05,1
G007,G064,1.2341395e-05,1
G017,G048,1.2044054e-05,1
G060,G036,1.1938046e-05,1
G085,G037,1.142565e-05,1
G048,G084,1.1331883e-05,1
G074,G095,1.11932995e-05,1
G010,G005,1.1191224e-05,1
G030,G074,1.0963485e-05,1
G045,G078,1.082206e-05,1
G018,G007,1.0641944e-05,1
G076,G013,1.0143843e-05,1
G007,G013,1.0106766e-05,1
G043,G063,1.0068463e-05,1
G009,G081,9.71885e-06,1
G086,G075,9.590708e-06,1
G084,G022,9.482237e-06,1
G007,G063,8.0089e-06,1
G094,G034,7.978999e-06,1
G031,G074,7.8775465e-06,1
G057,G065,7.843895e-06,1
G014,G056,7.749519e-06,1
G007,G085,7.748172e-06,1
G033,G089,7.6129027e-06,1
G038,G012,7.6108972e-06,1
G088,G028,7.414344e-06,1
G070,G004,6.9682796e-06,1
G027,G035,6.8064332e-06,1
G005,G059,6.0670313e-06,1
G051,G063,5.7081234e-06,1
G016,G070,5.668733e-06,1
G028,G050,5.545358e-06,1
G029,G072,5.5180944e-06,1
G023,G059,5.2657756e-06,1
G017,G004,5.172109e-06,1
G067,G057,4.5380484e-06,1
G002,G048,4.476443e-06,1
G037,G096,4.426018e-06,1
G057,G058,4.3099676e-06,1
G096,G039,4.290304e-06,1
G019,G040,4.207193e-06,1
G068,G076,4.1285493e-06,1
G022,G056,4.0953964e-06,1
G003,G054,4.0054683e-06,1
G088,G040,3.989947e-06,1
G067,G055,3.8989992e-06,1
G028,G080,3.7995821e-06,1
G038,G083,3.3341862e-06,1
G058,G050,3.0757349e-06,1
G072,G084,2.986062e-06,1
G055,G071,2.8627717e-06,1
G038,G001,2.7640767e-06,1
G074,G027,2.1454669e-06,1
G079,G018,1.9112972e-06,1
G088,G054,1.8143023e-06,1
G064,G073,1.8094611e-06,1
G001,G069,1.5417204e-06,1
G035,G062,1.517721e-06,1
G085,G092,1.51183e-06,1
G047,G084,1.2531833e-06,1
G060,G024,1.2157664e-06,1
G058,G038,1.0736301e-06,1
G035,G036,1.024141e-06,1
G053,G042,9.2831124e-07,1
G028,G091,8.813249e-07,1
G098,G005,8.195062e-07,1
G088,G099,6.590004e-07,1
G031,G069,-7.442117e-07,-1
G096,G048,-1.0168444e-06,-1
G013,G088,-1.1828442e-06,-1
G009,G001,-1.2418908e-06,-1
G097,G040,-1.2491664e-06,-1
G092,G015,-1.4928336e-06,-1
G087,G050,-1.6506086e-06,-1
G045,G030,-1.9351285e-06,-1
G035,G042,-2.1731767e-06,-1
G060,G022,-2.3456735e-06,-1
G032,G078,-2.6918358e-06,-1
G082,G073,-2.8985996e-06,-1
G044,G052,-2.9458429e-06,-1
G025,G037,-3.2553958e-06,-1
G079,G095,-3.604148e-06,-1
G039,G086,-3.6773429e-06,-1
G034,G082,-3.889177e-06,-1
G048,G047,-4.1650983e-06,-1
G035,G100,-4.443423e-06,-1
G047,G061,-4.578013e-06,-1
G061,G038,-4.748654e-06,-1
G063,G010,-4.755341e-06,-1
G012,G020,-4.937198e-06,-1
G025,G033,-5.0076287e-06,-1
G023,G031,-5.0754343e-06,-1
G039,G042,-5.1655657e-06,-1
G042,G082,-5.274802e-06,-1
G007,G038,-5.5514383e-06,-1
G048,G092,-5.578733e-06,-1
G007,G080,-5.9717563e-06,-1
G079,G094,-6.2988042e-06,-1
G069,G089,-6.7568294e-06,-1
G015,G069,-7.034157e-06,-1
G044,G033,-7.1096915e-06,-1
G072,G016,-7.3157016e-06,-1
G096,G015,-7.5361136e-06,-1
G049,G092,-7.544627e-06,-1
G062,G003,-7.5710063e-06,-1
G015,G078,-7.672029e-06,-1
G027,G032,-7.697836e-06,-1
G007,G061,-8.073931e-06,-1
G075,G091,-8.139352e-06,-1
G058,G074,-8.60177e-06,-1
G046,G076,-8.827384e-06,-1
G072,G032,-8.896124e-06,-1
G048,G082,-8.905411e-06,-1
G058,G037,-9.0001995e-06,-1
G005,G006,-9.576701e-06,-1
G020,G029,-9.860598e-06,-1
G062,G066,-1.0072013e-05,-1
G084,G080,-1.03355005e-05,-1
G074,G094,-1.0426045e-05,-1
G051,G075,-1.0505677e-05,-1
G063,G052,-1.0532783e-05,-1
G085,G038,-1.0674318e-05,-1
G092,G005,-1.1328336e-05,-1
G014,G037,-1.1565281e-05,-1
G068,G004,-1.1626875e-05,-1
G097,G012,-1.1665731e-05,-1
G019,G092,-1.1839734e-05,-1
G043,G017,-1.1939767e-05,-1
G062,G012,-1.2470247e-05,-1
G051,G015,-1.2548007e-05,-1
G016,G061,-1.25920715e-05,-1
G074,G087,-1.3096536e-05,-1
G025,G021,-1.3836924e-05,-1
G009,G098,-1.410936e-05,-1
G047,G094,-1.4128393e-05,-1
G047,G024,-1.4233161e-05,-1
G007,G044,-1.431437e-05,-1
G015,G017,-1.4705539e-05,-1
G041,G013,-1.4953378e-05,-1
G055,G004,-1.5121656e-05,-1
G094,G069,-1.5230351e-05,-1
G018,G086,-1.5918786e-05,-1
G036,G066,-1.6141385e-05,-1
G079,G039,-1.639506e-05,-1
G067,G023,-1.6657194e-05,-1
G069,G082,-1.6839404e-05,-1
G063,G056,-1.6956988e-05,-1
G041,G030,-1.704494e-05,-1
G005,G077,-1.7250897e-05,-1
G047,G056,-1.7392635e-05,-1
G023,G054,-1.779637e-05,-1
G078,G069,-1.7916802e-05,-1
G062,G100,-1.854749e-05,-1
G069,G002,-1.8681283e-05,-1
G042,G045,-1.910285e-05,-1
G044,G041,-1.9107154e-05,-1
G006,G035,-1.9188908e-05,-1
G081,G099,-1.9307354e-05,-1
G060,G063,-1.9504541e-05,-1
G061,G055,-1.9658171e-05,-1
G001,G035,-1.9767174e-05,-1
G019,G071,-1.9872303e-05,-1
G053,G065,-2.087964e-05,-1
G085,G059,-2.1212378e-05,-1
G012,G007,-2.1249976e-05,-1
G012,G022,-2.1359287e-05,-1
G041,G021,-2.1589412e-05,-1
G029,G086,-2.1643267e-05,-1
G100,G059,-2.1673903e-05,-1
G057,G081,-2.1696622e-05,-1
G078,G071,-2.1880365e-05,-1
G077,G044,-2.2131282e-05,-1
G004,G008,-2.230087e-05,-1
G067,G015,-2.2538687e-05,-1
G034,G009,-2.2646902e-05,-1
G050,G020,-2.2649372e-05,-1
G050,G069,-2.2698843e-05,-1
G019,G016,-2.2952274e-05,-1
G062,G043,-2.3035114e-05,-1
G060,G084,-2.3086293e-05,-1
G055,G061,-2.3091312e-05,-1
G022,G020,-2.3093888e-05,-1
G020,G085,-2.3120601e-05,-1
G085,G022,-2.3576584e-05,-1
G015,G083,-2.3601411e-05,-1
G046,G033,-2.388939e-05,-1
G055,G088,-2.4268735e-05,-1
G020,G056,-2.4360212e-05,-1
G072,G065,-2.477948e-05,-1
G042,G057,-2.4799489e-05,-1
G021,G030,-2.4858402e-05,-1
G001,G054,-2.4920435e-05,-1
G025,G071,-2.5151561e-05,-1
G078,G035,-2.5302117e-05,-1
G097,G085,-2.5361012e-05,-1
G033,G027,-2.542089e-05,-1
G077,G041,-2.5588672e-05,-1
G012,G010,-2.5649824e-05,-1
G091,G036,-2.5780299e-05,-1
G021,G033,-2.5801886e-05,-1
G005,G041,-2.60147e-05,-1
G081,G073,-2.6084652e-05,-1
G075,G048,-2.61072e-05,-1
G081,G071,-2.6120626e-05,-1
G029,G020,-2.6472102e-05,-1
G046,G027,-2.6651403e-05,-1
G084,G010,-2.6744316e-05,-1
G027,G096,-2.7173088e-05,-1
G047,G052,-2.734631e-05,-1
G017,G099,-2.7684933e-05,-1
G041,G066,-2.7921373e-05,-1
G091,G038,-2.8209019e-05,-1
G042,G037,-2.8250133e-05,-1
G014,G001,-2.8278477e-05,-1
G070,G062,-2.8289352e-05,-1
G075,G068,-2.8445076e-05,-1
G006,G098,-2.8514416e-05,-1
G042,G053,-2.8559853e-05,-1
G071,G008,-2.8694967e-05,-1
G022,G003,-2.8728096e-05,-1
G097,G088,-2.8944894e-05,-1
G001,G042,-2.9073923e-05,-1
G001,G100,-2.9122291e-05,-1
G095,G013,-2.9208146e-05,-1
G087,G083,-2.9471743e-05,-1
G008,G044,-2.9544786e-05,-1
G095,G074,-2.959269e-05,-1
G010,G079,-2.973325e-05,-1
G026,G082,-2.9842353e-05,-1
G043,G039,-2.996577e-05,-1
G051,G077,-3.0032375e-05,-1
G057,G080,-3.0043366e-05,-1
G027,G005,-3.0470888e-05,-1
G074,G008,-3.067811e-05,-1
G004,G056,-3.102897e-05,-1
G020,G045,-3.1898286e-05,-1
G011,G064,-3.2014887e-05,-1
G035,G083,-3.22257e-05,-1
G014,G097,-3.2479264e-05,-1
G092,G055,-3.272096e-05,-1
G006,G065,-3.2752523e-05,-1
G094,G017,-3.2768992e-05,-1
G093,G009,-3.3044624e-05,-1
G017,G032,-3.3247914e-05,-1
G015,G028,-3.333238e-05,-1
G010,G019,-3.3360375e-05,-1
G012,G042,-3.3568645e-05,-1
G030,G036,-3.393721e-05,-1
G081,G068,-3.4021145e-05,-1
G023,G042,-3.435122e-05,-1
G055,G019,-3.4496035e-05,-1
G093,G064,-3.4637473e-05,-1
G009,G073,-3.4681685e-05,-1
G085,G054,-3.4756777e-05,-1
G070,G066,-3.480149e-05,-1
G006,G100,-3.5391608e-05,-1
G010,G025,-3.5392048e-05,-1
G062,G068,-3.5564935e-05,-1
G069,G018,-3.585343e-05,-1
G047,G064,-3.6004527e-05,-1
G050,G031,-3.6023106e-05,-1
G057,G086,-3.6116362e-05,-1
G041,G072,-3.6292095e-05,-1
G006,G061,-3.6724512e-05,-1
G055,G030,-3.6931975e-05,-1
G080,G066,-3.703039e-05,-1
G028,G095,-3.7133996e-05,-1
G089,G069,-3.7175538e-05,-1
G005,G075,-3.72507e-05,-1
G068,G006,-3.7597823e-05,-1
G064,G042,-3.7823727e-05,-1
G047,G051,-3.8045775e-05,-1
G020,G052,-3.8200513e-05,-1
G012,G009,-3.820166e-05,-1
G087,G045,-3.823532e-05,-1
G085,G061,-3.8957507e-05,-1
G012,G083,-3.906073e-05,-1
G079,G034,-3.9371862e-05,-1
G078,G095,-3.9435283e-05,-1
G026,G013,-3.9542287e-05,-1
G030,G014,-3.9573337e-05,-1
G038,G041,-3.9584145e-05,-1
G034,G072,-3.9701514e-05,-1
G071,G076,-4.0007748e-05,-1
G078,G022,-4.0024763e-05,-1
G070,G015,-4.0206378e-05,-1
G085,G039,-4.0316074e-05,-1
G061,G037,-4.0445146e-05,-1
G083,G060,-4.047616e-05,-1
G069,G095,-4.0653435e-05,-1
G071,G018,-4.081147e-05,-1
G035,G047,-4.08399e-05,-1
G097,G025,-4.0902032e-05,-1
G014,G069,-4.1090567e-05,-1
G090,G083,-4.1335687e-05,-1
G097,G021,-4.134566e-05,-1
G079,G019,-4.1374038e-05,-1
G033,G038,-4.143136e-05,-1
G073,G090,-4.1487354e-05,-1
G059,G093,-4.157874e-05,-1
G038,G064,-4.1795694e-05,-1
G054,G100,-4.1805517e-05,-1
G063,G055,-4.196316e-05,-1
G004,G090,-4.2079693e-05,-1
G019,G043,-4.2207248e-05,-1
G029,G041,-4.237582e-05,-1
G067,G033,-4.2523014e-05,-1
G001,G072,-4.2532505e-05,-1
G057,G001,-4.2578176e-05,-1
G014,G008,-4.2591982e-05,-1
G035,G019,-4.271142e-05,-1
G051,G035,-4.3199387e-05,-1
G025,G069,-4.3659285e-05,-1
G014,G070,-4.3751694e-05,-1
G061,G071,-4.382149e-05,-1
G010,G083,-4.3869823e-05,-1
G085,G018,-4.416988e-05,-1
G025,G046,-4.4347846e-05,-1
G065,G007,-4.457718e-05,-1
G037,G003,-4.4611184e-05,-1
G007,G003,-4.47945e-05,-1
G073,G091,-4.4991506e-05,-1
G054,G096,-4.523256e-05,-1
G076,G088,-4.535304e-05,-1
G059,G077,-4.5640714e-05,-1
G049,G082,-4.5689907e-05,-1
G066,G090,-4.618882e-05,-1
G025,G078,-4.6841575e-05,-1
G076,G089,-4.7065365e-05,-1
G049,G064,-4.736381e-05,-1
G094,G070,-4.7504163e-05,-1
G064,G027,-4.7919402e-05,-1
G087,G044,-4.8017537e-05,-1
G048,G090,-4.804168e-05,-1
G015,G052,-4.814583e-05,-1
G026,G021,-4.883712e-05,-1
G002,G052,-4.8864968e-05,-1
G063,G099,-4.89867e-05,-1
G072,G014,-4.9801412e-05,-1
G061,G070,-5.0008202e-05,-1
G073,G003,-5.0169656e-05,-1
G034,G084,-5.028889e-05,-1
G012,G069,-5.0847313e-05,-1
G100,G063,-5.0894818e-05,-1
G085,G007,-5.174092e-05,-1
G078,G092,-5.1786985e-05,-1
G046,G050,-5.1854855e-05,-1
G052,G056,-5.2118357e-05,-1
G050,G095,-5.2293537e-05,-1
G073,G012,-5.2320676e-05,-1
G083,G017,-5.2328283e-05,-1
G005,G091,-5.287482e-05,-1
G014,G021,-5.327975e-05,-1
G073,G086,-5.341557e-05,-1
G079,G031,-5.405007e-05,-1
G003,G012,-5.4880922e-05,-1
G096,G061,-5.4993154e-05,-1
G072,G039,-5.5045595e-05,-1
G039,G081,-5.531515e-05,-1
G029,G064,-5.5414133e-05,-1
G064,G017,-5.5475037e-05,-1
G059,G083,-5.5719287e-05,-1
G040,G002,-5.5893153e-05,-1
G086,G037,-5.6010114e-05,-1
G044,G082,-5.6190074e-05,-1
G031,G082,-5.622193e-05,-1
G060,G078,-5.6318528e-05,-1
G007,G011,-5.6933877e-05,-1
G070,G029,-5.70864e-05,-1
G014,G022,-5.757494e-05,-1
G001,G065,-5.7823672e-05,-1
G005,G064,-5.7829147e-05,-1
G044,G031,-5.785911e-05,-1
G046,G051,-5.7984453e-05,-1
G088,G087,-5.8002122e-05,-1
G024,G065,-5.8216447e-05,-1
G014,G053,-5.8326823e-05,-1
G029,G100,-5.8686634e-05,-1
G037,G071,-5.87553e-05,-1
G063,G031,-5.90619e-05,-1
G009,G010,-5.9087157e-05,-1
G092,G070,-5.9158898e-05,-1
G071,G004,-5.9201968e-05,-1
G012,G002,-5.942314e-05,-1
G017,G045,-5.9468373e-05,-1
G041,G090,-5.95561e-05,-1
G041,G076,-5.976163e-05,-1
G064,G084,-5.986643e-05,-1
G029,G024,-6.0048547e-05,-1
G081,G048,-6.007652e-05,-1
G016,G077,-6.010659e-05,-1
G054,G017,-6.0190163e-05,-1
G061,G093,-6.0336984e-05,-1
G087,G089,-6.0338607e-05,-1
G061,G087,-6.063418e-05,-1
G005,G076,-6.0833147e-05,-1
G100,G040,-6.0861512e-05,-1
G063,G086,-6.0875518e-05,-1
G036,G091,-6.154971e-05,-1
G018,G073,-6.1653445e-05,-1
G006,G064,-6.202261e-05,-1
G040,G046,-6.230197e-05,-1
G088,G043,-6.242989e-05,-1
G062,G061,-6.247454e-05,-1
G051,G024,-6.247464e-05,-1
G066,G023,-6.248859e-05,-1
G044,G020,-6.2530664e-05,-1
G099,G063,-6.263124e-05,-1
G008,G020,-6.263427e-05,-1
G053,G093,-6.274138e-05,-1
G054,G075,-6.359448e-05,-1
G088,G033,-6.367704e-05,-1
G037,G088,-6.403708e-05,-1
G090,G027,-6.4338026e-05,-1
G070,G026,-6.445259e-05,-1
G013,G074,-6.491324e-05,-1
G054,G027,-6.494899e-05,-1
G027,G006,-6.55502e-05,-1
G056,G083,-6.6519846e-05,-1
G051,G029,-6.6684835e-05,-1
G015,G035,-6.671362e-05,-1
G029,G051,-6.683246e-05,-1
G064,G010,-6.7401415e-05,-1
G082,G028,-6.759106e-05,-1
G096,G082,-6.774656e-05,-1
G022,G088,-6.775135e-05,-1
G071,G067,-6.7836336e-05,-1
G053,G031,-6.818348e-05,-1
G082,G087,-6.832709e-05,-1
G001,G010,-6.8348956e-05,-1
G095,G072,-6.8392386e-05,-1
G095,G094,-6.8491565e-05,-1
G070,G046,-6.860835e-05,-1
G078,G052,-6.874245e-05,-1
G089,G021,-6.876389e-05,-1
G080,G023,-6.918504e-05,-1
G018,G001,-6.942349e-05,-1
G047,G017,-6.982127e-05,-1
G064,G097,-7.0056114e-05,-1
G079,G068,-7.029005e-05,-1
G047,G070,-7.0655304e-05,-1
G080,G051,-7.074168e-05,-1
G088,G083,-7.078504e-05,-1
G095,G009,-7.1008064e-05,-1
G090,G078,-7.126435e-05,-1
G090,G080,-7.1311486e-05,-1
G024,G039,-7.1453156e-05,-1
G061,G031,-7.147076e-05,-1
G053,G050,-7.150397e-05,-1
G066,G099,-7.151426e-05,-1
G075,G084,-7.176946e-05,-1
G048,G020,-7.223316e-05,-1
G012,G068,-7.2417126e-05,-1
G025,G091,-7.25022e-05,-1
G024,G040,-7.251334e-05,-1
G055,G009,-7.286243e-05,-1
G058,G054,-7.287734e-05,-1
G031,G075,-7.3323055e-05,-1
G014,G005,-7.333441e-05,-1
G040,G022,-7.333788e-05,-1
G024,G044,-7.3436306e-05,-1
G007,G078,-7.379014e-05,-1
G065,G090,-7.39558e-05,-1
G074,G024,-7.4287396e-05,-1
G076,G098,-7.4466276e-05,-1
G052,G079,-7.470062e-05,-1
G021,G091,-7.490774e-05,-1
G062,G047,-7.499678e-05,-1
G035,G064,-7.504032e-05,-1
G084,G044,-7.580786e-05,-1
G068,G071,-7.58338e-05,-1
G087,G028,-7.595064e-05,-1
G052,G006,-7.618131e-05,-1
G035,G078,-7.656854e-05,-1
G070,G008,-7.6758006e-05,-1
G083,G081,-7.7106706e-05,-1
G066,G067,-7.789248e-05,-1
G015,G021,-7.813494e-05,-1
G068,G032,-7.820593e-05,-1
G022,G045,-7.822836e-05,-1
G035,G085,-7.831133e-05,-1
G020,G050,-7.844555e-05,-1
G080,G025,-7.880536e-05,-1
G062,G022,-7.918724e-05,-1
G050,G073,-7.934405e-05,-1
G065,G072,-7.965249e-05,-1
G069,G097,-8.0203055e-05,-1
G062,G008,-8.028027e-05,-1
G083,G013,-8.03832e-05,-1
G059,G063,-8.057231e-05,-1
G058,G012,-8.10015e-05,-1
G033,G028,-8.1003745e-05,-1
G080,G069,-8.118788e-05,-1
G021,G016,-8.120698e-05,-1
G095,G017,-8.142282e-05,-1
G002,G094,-8.193594e-05,-1
G040,G082,-8.242178e-05,-1
G084,G077,-8.2754756e-05,-1
G050,G042,-8.27705e-05,-1
G025,G001,-8.282958e-05,-1
G019,G041,-8.290968e-05,-1
G060,G058,-8.299617e-05,-1
G029,G075,-8.313379e-05,-1
G098,G083,-8.3202576e-05,-1
G003,G075,-8.336005e-05,-1
G078,G066,-8.3377294e-05,-1
G019,G004,-8.42053e-05,-1
G054,G051,-8.5360574e-05,-1
G022,G031,-8.5547676e-05,-1
G038,G029,-8.633171e-05,-1
G013,G039,-8.637136e-05,-1
G080,G004,-8.713728e-05,-1
G051,G045,-8.720935e-05,-1
G072,G098,-8.726014e-05,-1
G090,G019,-8.7415276e-05,-1
G015,G065,-8.795337e-05,-1
G074,G054,-8.799726e-05,-1
G086,G008,-8.804497e-05,-1
G063,G046,-8.812677e-05,-1
G082,G032,-8.8286084e-05,-1
G092,G083,-8.8401e-05,-1
G002,G063,-8.8624656e-05,-1
G037,G035,-8.930083e-05,-1
G075,G046,-8.9430396e-05,-1
G055,G008,-8.9466295e-05,-1
G082,G058,-8.9744e-05,-1
G001,G085,-8.976611e-05,-1
G057,G074,-8.9783935e-05,-1
G012,G076,-9.014578e-05,-1
G028,G063,-9.026511e-05,-1
G065,G020,-9.0332964e-05,-1
G061,G084,-9.0378686e-05,-1
G088,G006,-9.040177e-05,-1
G089,G076,-9.0744375e-05,-1
G025,G041,-9.0905196e-05,-1
G089,G083,-9.10784e-05,-1
G076,G097,-9.110799e-05,-1
G047,G025,-9.1314105e-05,-1
G045,G062,-9.1326765e-05,-1
G032,G021,-9.135571e-05,-1
G044,G063,-9.15919e-05,-1
G010,G035,-9.200409e-05,-1
G037,G048,-9.219006e-05,-1
G078,G094,-9.250906e-05,-1
G057,G067,-9.272606e-05,-1
G067,G090,-9.273331e-05,-1
G019,G093,-9.275389e-05,-1
G099,G097,-9.286415e-05,-1
G054,G026,-9.287128e-05,-1
G092,G063,-9.2926886e-05,-1
G012,G045,-9.360398e-05,-1
G006,G055,-9.378044e-05,-1
G023,G034,-9.379588e-05,-1
G077,G020,-9.4345334e-05,-1
G020,G054,-9.437807e-05,-1
G066,G037,-9.505484e-05,-1
G063,G017,-9.536751e-05,-1
G001,G067,-9.544077e-05,-1
G059,G023,-9.555901e-05,-1
G075,G018,-9.576233e-05,-1
G047,G037,-9.587e-05,-1
G092,G042,-9.637805e-05,-1
G019,G031,-9.643975e-05,-1
G053,G088,-9.6638134e-05,-1
G073,G067,-9.7257616e-05,-1
G047,G038,-9.759103e-05,-1
G081,G066,-9.795812e-05,-1
G029,G010,-9.801392e-05,-1
G038,G005,-9.809095e-05,-1
G033,G078,-9.833704e-05,-1
G003,G090,-9.846637e-05,-1
G046,G040,-9.857231e-05,-1
G058,G080,-9.861726e-05,-1
G045,G033,-9.877046e-05,-1
G058,G014,-9.893097e-05,-1
G006,G027,-9.896183e-05,-1
G033,G066,-9.9244135e-05,-1
G032,G042,-9.945771e-05,-1
G056,G006,-9.9551005e-05,-1
G014,G007,-9.9581586e-05,-1
G021,G046,-9.970165e-05,-1
G061,G056,-0.00010000561,-1
G096,G051,-0.0001000316,-1
G042,G069,-0.00010016101,-1
G064,G045,-0.000100488345,-1
G094,G074,-0.00010128977,-1
G055,G040,-0.00010155148,-1
G056,G032,-0.00010214767,-1
G088,G035,-0.00010278239,-1
G032,G031,-0.00010305389,-1
G074,G052,-0.00010366215,-1
G074,G075,-0.00010606624,-1
G070,G048,-0.000106694904,-1
G089,G003,-0.00010689336,-1
G015,G070,-0.00010693558,-1
G007,G097,-0.00010717806,-1
G041,G062,-0.000108090906,-1
G046,G029,-0.00010811204,-1
G031,G026,-0.00010817913,-1
G013,G018,-0.000108328284,-1
G027,G079,-0.00010834826,-1
G094,G075,-0.000108468164,-1
G065,G009,-0.000108672946,-1
G061,G042,-0.000108857996,-1
G005,G058,-0.0001090665,-1
G085,G075,-0.00010933865,-1
G001,G032,-0.00010936819,-1
G010,G004,-0.000109478904,-1
G015,G006,-0.00010956542,-1
G081,G088,-0.00010968652,-1
G100,G099,-0.000110127316,-1
G071,G069,-0.00011022534,-1
G009,G017,-0.000110825655,-1
G051,G028,-0.00011087279,-1
G094,G011,-0.0001111467,-1
G087,G036,-0.00011129681,-1
G043,G085,-0.00011137811,-1
G055,G070,-0.00011144776,-1
G093,G042,-0.00011235698,-1
G074,G025,-0.00011250983,-1
G008,G038,-0.00011258633,-1
G056,G021,-0.00011274971,-1
G052,G098,-0.00011290626,-1
G005,G012,-0.00011306086,-1
G038,G032,-0.00011321163,-1
G082,G019,-0.00011349036,-1
G034,G041,-0.00011372983,-1
G019,G052,-0.00011424283,-1
G082,G034,-0.000114890085,-1
G090,G036,-0.00011548137,-1
G045,G079,-0.00011632443,-1
G029,G045,-0.000116915726,-1
G047,G013,-0.00011739814,-1
G027,G061,-0.00011740337,-1
G044,G087,-0.00011757154,-1
G027,G073,-0.00011777027,-1
G027,G077,-0.000118022566,-1
G098,G022,-0.00011821102,-1
G052,G077,-0.00011859311,-1
G068,G086,-0.000119316384,-1
G048,G005,-0.000120284785,-1
G100,G048,-0.00012039548,-1
G047,G077,-0.00012145456,-1
G053,G017,-0.00012154199,-1
G055,G097,-0.00012200954,-1
G083,G044,-0.00012227627,-1
G010,G029,-0.00012229626,-1
G032,G085,-0.00012229932,-1
G015,G029,-0.00012298877,-1
G025,G098,-0.00012302761,-1
G070,G098,-0.00012312765,-1
G011,G074,-0.0001235959,-1
G031,G073,-0.00012359614,-1
G099,G070,-0.00012380938,-1
G081,G033,-0.00012473168,-1
G095,G078,-0.00012474928,-1
G100,G058,-0.00012507506,-1
G091,G017,-0.00012507846,-1
G009,G051,-0.0001252622,-1
G077,G051,-0.00012543442,-1
G008,G047,-0.0001254915,-1
G002,G097,-0.0001264062,-1
G023,G021,-0.00012666946,-1
G079,G054,-0.00012694712,-1
G021,G073,-0.00012732449,-1
G062,G060,-0.00012742849,-1
G029,G065,-0.00012791184,-1
G058,G043,-0.00012806125,-1
G080,G055,-0.00012820447,-1
G079,G038,-0.00012821099,-1
G034,G064,-0.00012822499,-1
G096,G081,-0.00012825562,-1
G025,G099,-0.00012826337,-1
G048,G046,-0.00012924077,-1
G021,G071,-0.00012986713,-1
G016,G033,-0.00013006556,-1
G019,G100,-0.00013011062,-1
G063,G030,-0.00013017378,-1
G005,G094,-0.00013091031,-1
G018,G083,-0.00013114183,-1
G039,G002,-0.00013139984,-1
G002,G021,-0.0001315881,-1
G003,G013,-0.0001319607,-1
G072,G042,-0.00013208351,-1
G089,G048,-0.00013302073,-1
G034,G011,-0.0001330453,-1
G067,G079,-0.00013307222,-1
G064,G033,-0.00013392771,-1
G001,G087,-0.00013400514,-1
G068,G067,-0.00013411567,-1
G025,G067,-0.00013479803,-1
G056,G031,-0.00013495168,-1
G047,G080,-0.00013496327,-1
G038,G059,-0.00013516856,-1
G047,G058,-0.00013524822,-1
G009,G066,-0.00013555083,-1
G020,G073,-0.00013584757,-1
G011,G045,-0.00013586086,-1
G083,G020,-0.00013613974,-1
G060,G054,-0.00013648257,-1
G053,G070,-0.00013657275,-1
G093,G024,-0.00013683394,-1
G077,G081,-0.00013690507,-1
G062,G098,-0.00013714013,-1
G061,G043,-0.00013726242,-1
G005,G040,-0.00013728945,-1
G081,G005,-0.0001374449,-1
G011,G097,-0.00013753751,-1
G081,G006,-0.00013778261,-1
G095,G093,-0.00013778347,-1
G081,G043,-0.00013793664,-1
G092,G086,-0.00013814952,-1
G100,G049,-0.00013880795,-1
G019,G008,-0.00013892881,-1
G064,G083,-0.00013942685,-1
G076,G093,-0.00013958296,-1
G052,G057,-0.00013989062,-1
G072,G033,-0.00014004935,-1
G091,G005,-0.00014010332,-1
G039,G046,-0.00014070596,-1
G073,G076,-0.00014079224,-1
G061,G036,-0.00014099489,-1
G091,G023,-0.000141025,-1
G059,G060,-0.00014106414,-1
G074,G032,-0.00014145016,-1
G088,G075,-0.00014173161,-1
G023,G046,-0.00014181926,-1
G024,G094,-0.00014220188,-1
G043,G034,-0.00014220667,-1
G058,G041,-0.00014267126,-1
G055,G096,-0.00014353661,-1
G030,G007,-0.00014497085,-1
G037,G086,-0.00014527261,-1
G063,G044,-0.00014572631,-1
G014,G092,-0.00014572786,-1
G026,G001,-0.0001463586,-1
G089,G008,-0.00014637657,-1
G081,G003,-0.00014674076,-1
G048,G024,-0.00014718021,-1
G059,G095,-0.00014734469,-1
G064,G068,-0.00014767962,-1
G083,G052,-0.00014798997,-1
G091,G012,-0.00014825624,-1
G025,G027,-0.00014892533,-1
G003,G016,-0.00014899398,-1
G055,G087,-0.0001490814,-1
G069,G078,-0.00014951364,-1
G029,G094,-0.00014955187,-1
G073,G034,-0.00014955648,-1
G022,G067,-0.00014988455,-1
G063,G060,-0.00015012914,-1
G077,G064,-0.00015015485,-1
G064,G043,-0.00015018847,-1
G010,G082,-0.000151004,-1
G013,G078,-0.00015115298,-1
G021,G005,-0.00015123271,-1
G001,G012,-0.0001517982,-1
G023,G020,-0.0001518816,-1
G016,G069,-0.00015198218,-1
G053,G016,-0.00015209803,-1
G006,G062,-0.00015212655,-1
G090,G064,-0.0001522473,-1
G083,G076,-0.000152608,-1
G060,G015,-0.00015297347,-1
G065,G050,-0.00015321666,-1
G075,G025,-0.0001532708,-1
G045,G010,-0.00015449719,-1
G012,G074,-0.00015451679,-1
G075,G086,-0.00015523733,-1
G019,G091,-0.00015594636,-1
G007,G032,-0.00015634489,-1
G093,G052,-0.00015657679,-1
G096,G070,-0.00015668286,-1
G098,G029,-0.00015697237,-1
G074,G085,-0.0001572697,-1
G008,G048,-0.00015730331,-1
G003,G066,-0.00015827063,-1
G048,G034,-0.00015833465,-1
G070,G051,-0.00015834226,-1
G055,G013,-0.00015861199,-1
G063,G087,-0.00015892928,-1
G038,G054,-0.00015905824,-1
G048,G091,-0.00015931709,-1
G090,G089,-0.00015959998,-1
G046,G085,-0.00015971449,-1
G089,G007,-0.00016113927,-1
G010,G087,-0.00016168627,-1
G075,G092,-0.00016187574,-1
G072,G010,-0.00016258862,-1
G016,G086,-0.00016291936,-1
G038,G025,-0.00016306546,-1
G007,G074,-0.00016313417,-1
G090,G042,-0.00016333857,-1
G023,G048,-0.0001633822,-1
G026,G042,-0.00016342044,-1
G075,G055,-0.00016354574,-1
G018,G006,-0.00016359908,-1
G099,G032,-0.00016440074,-1
G054,G077,-0.00016440576,-1
G030,G025,-0.00016451952,-1
G060,G027,-0.00016466212,-1
G059,G087,-0.00016478167,-1
G011,G031,-0.00016481098,-1
G010,G066,-0.00016515475,-1
G071,G072,-0.00016573853,-1
G052,G053,-0.0001659461,-1
G019,G062,-0.000166256,-1
G012,G097,-0.00016640604,-1
G072,G090,-0.0001665194,-1
G024,G052,-0.00016664082,-1
G072,G050,-0.00016668678,-1
G045,G035,-0.00016740513,-1
G017,G021,-0.00016749694,-1
G080,G007,-0.000167533,-1
G060,G067,-0.00016772308,-1
G033,G018,-0.00016791534,-1
G027,G040,-0.00016804134,-1
G004,G019,-0.00016888736,-1
G069,G008,-0.00016948281,-1
G017,G023,-0.00017101692,-1
G065,G068,-0.00017140282,-1
G048,G016,-0.00017157244,-1
G048,G071,-0.00017182712,-1
G021,G099,-0.00017193393,-1
G075,G017,-0.00017227433,-1
G009,G084,-0.00017241755,-1
G068,G010,-0.000172439,-1
G058,G045,-0.00017248564,-1
G057,G026,-0.00017255133,-1
G017,G069,-0.00017271542,-1
G084,G008,-0.00017323345,-1
G010,G093,-0.0001733669,-1
G044,G083,-0.00017377836,-1
G098,G073,-0.00017401995,-1
G052,G054,-0.0001741269,-1
G086,G026,-0.00017441716,-1
G006,G050,-0.00017511424,-1
G062,G070,-0.00017557488,-1
G100,G053,-0.00017581032,-1
G023,G074,-0.00017584885,-1
G005,G050,-0.00017614584,-1
G015,G095,-0.00017618638,-1
G074,G023,-0.00017692076,-1
G004,G068,-0.00017731501,-1
G031,G063,-0.00017781103,-1
G081,G002,-0.00017823745,-1
G039,G017,-0.00017857223,-1
G041,G018,-0.00017859455,-1
G015,G018,-0.00017871041,-1
G010,G062,-0.00017945933,-1
G017,G009,-0.00017977382,-1
G028,G001,-0.00017995229,-1
G070,G012,-0.00018018995,-1
G048,G031,-0.00018043429,-1
G031,G096,-0.00018051207,-1
G084,G088,-0.00018058998,-1
G096,G079,-0.0001808942,-1
G058,G028,-0.00018130367,-1
G068,G028,-0.0001813221,-1
G059,G037,-0.00018193328,-1
G095,G019,-0.00018218435,-1
G063,G001,-0.00018230808,-1
G055,G056,-0.00018257712,-1
G056,G085,-0.0001825914,-1
G071,G099,-0.00018267051,-1
G061,G068,-0.00018303387,-1
G062,G039,-0.00018342833,-1
G073,G088,-0.00018343408,-1
G068,G051,-0.00018374521,-1
G100,G087,-0.00018415088,-1
G086,G019,-0.00018531638,-1
G054,G002,-0.00018577167,-1
G038,G100,-0.00018596672,-1
G032,G065,-0.0001863309,-1
G036,G067,-0.00018645903,-1
G064,G030,-0.00018668255,-1
G072,G056,-0.00018689,-1
G064,G014,-0.00018745425,-1
G095,G068,-0.00018782406,-1
G038,G068,-0.00018833831,-1
G089,G006,-0.00018868213,-1
G074,G062,-0.00018875266,-1
G038,G002,-0.0001887538,-1
G050,G067,-0.00018880676,-1
G052,G008,-0.00018899843,-1
G049,G032,-0.00019010047,-1
G047,G046,-0.000190375,-1
G095,G073,-0.00019051367,-1
G035,G096,-0.0001907286,-1
G094,G064,-0.00019138324,-1
G087,G100,-0.00019162265,-1
G028,G075,-0.00019245416,-1
G060,G093,-0.00019268444,-1
G016,G072,-0.00019374758,-1
G084,G063,-0.00019386066,-1
G050,G054,-0.00019467795,-1
G045,G057,-0.0001948913,-1
G021,G040,-0.00019525581,-1
G083,G089,-0.00019552147,-1
G062,G085,-0.0001957551,-1
G064,G050,-0.0001958976,-1
G003,G018,-0.00019619003,-1
G058,G056,-0.00019644495,-1
G058,G090,-0.00019648831,-1
G023,G089,-0.00019725546,-1
G047,G049,-0.00019815414,-1
G077,G033,-0.00019817652,-1
G024,G038,-0.00019844889,-1
G074,G053,-0.00019874472,-1
G051,G048,-0.00019891604,-1
G044,G070,-0.00019972156,-1
G002,G083,-0.00019975676,-1
G043,G075,-0.00020105985,-1
G053,G061,-0.00020166986,-1
G001,G056,-0.00020170886,-1
G094,G097,-0.00020214201,-1
G035,G033,-0.00020222539,-1
G084,G046,-0.0002026649,-1
G043,G046,-0.00020314811,-1
G040,G079,-0.00020364414,-1
G094,G004,-0.00020407005,-1
G033,G096,-0.00020470019,-1
G040,G088,-0.00020498222,-1
G061,G033,-0.00020538713,-1
G054,G022,-0.0002055067,-1
G003,G093,-0.00020600938,-1
G091,G015,-0.00020602568,-1
G006,G089,-0.00020607159,-1
G095,G014,-0.00020694078,-1
G094,G029,-0.00020741581,-1
G024,G071,-0.00020757748,-1
G072,G082,-0.00020882822,-1
G006,G053,-0.00020887953,-1
G048,G079,-0.00020943263,-1
G064,G055,-0.00020980944,-1
G046,G094,-0.00020983741,-1
G040,G061,-0.00021025295,-1
G028,G038,-0.00021055668,-1
G073,G026,-0.00021078823,-1
G045,G092,-0.00021111367,-1
G079,G036,-0.00021135992,-1
G030,G034,-0.00021165199,-1
G042,G044,-0.00021219304,-1
G079,G048,-0.00021273199,-1
G011,G041,-0.00021285428,-1
G083,G022,-0.00021313816,-1
G082,G033,-0.0002132678,-1
G030,G019,-0.00021327677,-1
G034,G019,-0.00021399664,-1
G024,G062,-0.00021441487,-1
G045,G017,-0.0002151593,-1
G097,G087,-0.00021581062,-1
G093,G039,-0.00021608351,-1
G079,G027,-0.00021630054,-1
G067,G061,-0.00021637691,-1
G086,G030,-0.00021648956,-1
G077,G040,-0.0002166644,-1
G039,G060,-0.0002171945,-1
G039,G099,-0.00021755777,-1
G100,G070,-0.00021757987,-1
G094,G078,-0.0002177501,-1
G066,G028,-0.00021796278,-1
G024,G054,-0.00021865177,-1
G094,G100,-0.00021876821,-1
G058,G062,-0.00021908258,-1
G002,G033,-0.00021966394,-1
G051,G098,-0.00021972046,-1
G080,G070,-0.00021998907,-1
G080,G085,-0.00022094783,-1
G016,G100,-0.00022141021,-1
G078,G083,-0.00022177154,-1
G050,G099,-0.00022203976,-1
G057,G019,-0.00022292616,-1
G044,G006,-0.00022387247,-1
G013,G097,-0.00022445558,-1
G080,G049,-0.00022469068,-1
G084,G082,-0.00022472988,-1
G009,G053,-0.00022523024,-1
G051,G055,-0.00022600332,-1
G049,G069,-0.00022627617,-1
G059,G081,-0.00022671605,-1
G062,G089,-0.00022738219,-1
G051,G096,-0.00022772413,-1
G042,G076,-0.00022779564,-1
G007,G053,-0.00022868726,-1
G090,G022,-0.00023011873,-1
G058,G082,-0.0002305782,-1
G082,G020,-0.00023099763,-1
G031,G070,-0.00023099895,-1
G038,G080,-0.00023282212,-1
G060,G064,-0.00023382546,-1
G026,G099,-0.00023415066,-1
G089,G088,-0.00023518232,-1
G039,G055,-0.00023547845,-1
G086,G020,-0.00023627875,-1
G049,G033,-0.00023702267,-1
G099,G054,-0.00023728839,-1
G005,G086,-0.000237545,-1
G066,G007,-0.0002377503,-1
G001,G013,-0.00023782536,-1
G004,G025,-0.00023961536,-1
G044,G099,-0.00024033438,-1
G057,G055,-0.00024044064,-1
G048,G032,-0.00024075208,-1
G027,G016,-0.00024120539,-1
G087,G090,-0.00024196052,-1
G027,G074,-0.00024234777,-1
G012,G019,-0.00024487881,-1
G071,G066,-0.000245243,-1
G090,G030,-0.0002458617,-1
G068,G083,-0.00024625967,-1
G071,G074,-0.0002463242,-1
G081,G070,-0.00024744324,-1
G058,G063,-0.0002483161,-1
G066,G065,-0.0002499494,-1
G100,G050,-0.0002502213,-1
G093,G091,-0.00025092825,-1
G073,G081,-0.000251227,-1
G049,G007,-0.00025152246,-1
G094,G043,-0.00025182532,-1
G093,G066,-0.00025204543,-1
G077,G048,-0.0002522194,-1
G012,G029,-0.0002526453,-1
G078,G086,-0.0002528721,-1
G018,G044,-0.00025321625,-1
G006,G073,-0.00025366584,-1
G030,G088,-0.00025400647,-1
G049,G083,-0.00025424303,-1
G065,G022,-0.0002555779,-1
G089,G043,-0.00025635803,-1
G057,G077,-0.00025641295,-1
G089,G097,-0.00025686197,-1
G073,G014,-0.0002575661,-1
G094,G009,-0.0002582843,-1
G030,G092,-0.00025889205,-1
G056,G070,-0.00025895462,-1
G082,G004,-0.00025922593,-1
G026,G039,-0.00025933422,-1
G032,G088,-0.00025995262,-1
G088,G032,-0.0002603911,-1
G042,G070,-0.0002604199,-1
G005,G088,-0.00026079486,-1
G025,G094,-0.00026222956,-1
G016,G062,-0.00026246018,-1
G090,G075,-0.00026346944,-1
G007,G065,-0.00026410128,-1
G020,G061,-0.00026439194,-1
G085,G023,-0.00026456208,-1
G099,G023,-0.00026456427,-1
G076,G057,-0.0002647186,-1
G047,G005,-0.00026505563,-1
G032,G015,-0.00026506852,-1
G095,G051,-0.0002655053,-1
G092,G100,-0.000266683,-1
G027,G002,-0.00026671513,-1
G001,G027,-0.00026697814,-1
G075,G033,-0.00026748193,-1
G062,G079,-0.0002677126,-1
G077,G024,-0.00026793993,-1
G018,G003,-0.00026827183,-1
G099,G011,-0.00026828924,-1
G063,G023,-0.0002684641,-1
G076,G077,-0.00026846572,-1
G053,G047,-0.00026850426,-1
G098,G038,-0.00026862966,-1
G051,G008,-0.00026876162,-1
G084,G076,-0.000269073,-1
G008,G018,-0.00026941998,-1
G065,G056,-0.00026979923,-1
G094,G050,-0.00027011856,-1
G049,G010,-0.00027016838,-1
G043,G051,-0.0002703395,-1
G014,G045,-0.0002704033,-1
G078,G030,-0.00027144182,-1
G005,G025,-0.00027190163,-1
G026,G049,-0.00027426067,-1
G077,G010,-0.00027431085,-1
G038,G045,-0.0002758359,-1
G019,G024,-0.0002767153,-1
G096,G011,-0.0002775211,-1
G100,G065,-0.00027772386,-1
G045,G063,-0.00027897072,-1
G075,G093,-0.00027917576,-1
G044,G051,-0.00027941857,-1
G088,G057,-0.0002796377,-1
G011,G007,-0.0002806523,-1
G076,G048,-0.00028104737,-1
G036,G039,-0.00028140924,-1
G029,G006,-0.00028146428,-1
G074,G093,-0.00028171943,-1
G075,G023,-0.00028246173,-1
G007,G067,-0.0002826068,-1
G087,G002,-0.00028293493,-1
G090,G063,-0.00028299232,-1
G038,G037,-0.0002830069,-1
G097,G052,-0.0002832609,-1
G011,G012,-0.00028340943,-1
G063,G069,-0.00028395385,-1
G071,G098,-0.00028407684,-1
G028,G061,-0.0002851154,-1
G002,G058,-0.00028545575,-1
G050,G030,-0.0002858343,-1
G087,G085,-0.00028588154,-1
G038,G048,-0.00028608378,-1
G007,G077,-0.0002870809,-1
G018,G004,-0.0002879799,-1
G013,G085,-0.00028812073,-1
G042,G073,-0.00028907653,-1
G047,G057,-0.00028968527,-1
G030,G002,-0.00029034802,-1
G034,G022,-0.00029043306,-1
G015,G005,-0.00029126115,-1
G002,G001,-0.00029187414,-1
G032,G030,-0.00029247228,-1
G018,G034,-0.00029305674,-1
G014,G060,-0.0002931004,-1
G082,G054,-0.00029359604,-1
G054,G023,-0.00029410803,-1
G056,G090,-0.0002945912,-1
G015,G062,-0.00029482663,-1
G089,G027,-0.00029505193,-1
G018,G016,-0.00029524235,-1
G059,G094,-0.00029575868,-1
G045,G089,-0.00029578916,-1
G083,G027,-0.00029613232,-1
G003,G025,-0.00029699397,-1
G093,G045,-0.0002975235,-1
G100,G017,-0.0002984576,-1
G089,G064,-0.00029943546,-1
G013,G066,-0.0002998182,-1
G009,G013,-0.00030036422,-1
G009,G005,-0.0003006958,-1
G006,G002,-0.00030126373,-1
G016,G029,-0.00030315414,-1
G036,G029,-0.00030359605,-1
G097,G066,-0.00030402414,-1
G020,G074,-0.0003046472,-1
G070,G040,-0.0003055973,-1
G064,G080,-0.00030618362,-1
G029,G011,-0.00030631982,-1
G065,G025,-0.00030652015,-1
G060,G017,-0.00030680114,-1
G071,G019,-0.00030688717,-1
G074,G035,-0.0003083895,-1
G075,G050,-0.00030865765,-1
G068,G012,-0.0003090822,-1
G086,G027,-0.00031029317,-1
G031,G087,-0.00031113712,-1
G032,G026,-0.00031288218,-1
G051,G005,-0.0003131078,-1
G023,G061,-0.0003141072,-1
G049,G066,-0.00031501096,-1
G027,G024,-0.00031504783,-1
G050,G007,-0.00031584027,-1
G021,G050,-0.00031670975,-1
G033,G057,-0.00031701796,-1
G059,G017,-0.00031871087,-1
G095,G096,-0.0003188733,-1
G001,G063,-0.00032081743,-1
G012,G049,-0.00032097613,-1
G054,G059,-0.00032245403,-1
G020,G081,-0.00032251026,-1
G029,G032,-0.0003235471,-1
G084,G095,-0.00032376504,-1
G022,G095,-0.000323775,-1
G017,G043,-0.00032468903,-1
G100,G072,-0.00032500416,-1
G045,G068,-0.0003259807,-1
G031,G100,-0.00032685325,-1
G030,G077,-0.00032687242,-1
G052,G043,-0.00032734105,-1
G022,G089,-0.0003288903,-1
G002,G062,-0.00032890122,-1
G043,G015,-0.00032932722,-1
G049,G087,-0.00033001372,-1
G056,G044,-0.0003315941,-1
G008,G050,-0.00033254884,-1
G020,G032,-0.00033352774,-1
G033,G075,-0.000334174,-1
G092,G029,-0.000334427,-1
G007,G029,-0.0003346575,-1
G010,G070,-0.00033506172,-1
G016,G052,-0.00033507863,-1
G058,G001,-0.00033520925,-1
G029,G081,-0.00033569208,-1
G072,G029,-0.00033650114,-1
G069,G098,-0.00033671063,-1
G014,G058,-0.00033741034,-1
G037,G022,-0.0003378443,-1
G076,G084,-0.00033787137,-1
G003,G083,-0.00033804556,-1
G051,G090,-0.00033914464,-1
G100,G021,-0.00034005215,-1
G091,G006,-0.0003407927,-1
G013,G023,-0.00034091892,-1
G023,G080,-0.00034157743,-1
G004,G080,-0.00034186835,-1
G031,G086,-0.00034206902,-1
G099,G076,-0.00034327235,-1
G066,G073,-0.00034364033,-1
G050,G091,-0.00034423132,-1
G040,G083,-0.0003448058,-1
G074,G013,-0.00034543005,-1
G017,G086,-0.0003455141,-1
G002,G082,-0.0003460485,-1
G062,G026,-0.00034692875,-1
G075,G007,-0.00034800044,-1
G036,G021,-0.00034818816,-1
G067,G069,-0.00034819386,-1
G004,G076,-0.00034832009,-1
G037,G043,-0.00034842506,-1
G022,G086,-0.00034998663,-1
G049,G018,-0.00035064953,-1
G044,G025,-0.00035126862,-1
G040,G097,-0.00035127054,-1
G063,G014,-0.0003516454,-1
G042,G089,-0.00035269433,-1
G035,G012,-0.00035284995,-1
G003,G005,-0.0003534233,-1
G001,G015,-0.0003539953,-1
G031,G013,-0.00035495957,-1
G028,G100,-0.00035598362,-1
G042,G041,-0.00035614052,-1
G100,G009,-0.00035747665,-1
G087,G048,-0.00035825136,-1
G079,G088,-0.00035841615,-1
G065,G032,-0.00035858975,-1
G019,G080,-0.00035894656,-1
G057,G059,-0.0003591541,-1
G019,G046,-0.00035997463,-1
G060,G008,-0.00036090854,-1
G032,G053,-0.00036130173,-1
G095,G026,-0.0003613738,-1
G024,G056,-0.0003616982,-1
G053,G100,-0.00036269723,-1
G061,G049,-0.0003629814,-1
G048,G021,-0.00036390583,-1
G064,G002,-0.0003649167,-1
G041,G015,-0.0003652529,-1
G065,G042,-0.00036619764,-1
G008,G075,-0.00036621792,-1
G007,G014,-0.00036690533,-1
G035,G053,-0.0003691209,-1
G028,G019,-0.00036959272,-1
G055,G099,-0.0003699454,-1
G100,G056,-0.0003701186,-1
G042,G064,-0.000370389,-1
G056,G067,-0.0003704118,-1
G094,G038,-0.0003706661,-1
G094,G091,-0.00037099328,-1
G043,G047,-0.00037126718,-1
G015,G086,-0.0003716587,-1
G100,G003,-0.00037337613,-1
G063,G024,-0.00037378693,-1
G018,G059,-0.00037394723,-1
G011,G002,-0.00037424403,-1
G052,G064,-0.00037656154,-1
G077,G018,-0.0003777907,-1
G024,G081,-0.00037974733,-1
G071,G064,-0.0003798508,-1
G048,G083,-0.00037988657,-1
G014,G093,-0.0003823455,-1
G078,G044,-0.00038242905,-1
G086,G093,-0.00038282463,-1
G077,G087,-0.00038398997,-1
G098,G064,-0.00038525436,-1
G011,G009,-0.00038577802,-1
G100,G080,-0.00038595538,-1
G047,G071,-0.00038646616,-1
G005,G080,-0.000387654,-1
G011,G043,-0.00038976982,-1
G069,G052,-0.00039049558,-1
G070,G023,-0.00039191835,-1
G027,G014,-0.00039250575,-1
G035,G075,-0.0003929944,-1
G038,G027,-0.0003943436,-1
G058,G087,-0.00039657886,-1
G019,G063,-0.00039697127,-1
G065,G008,-0.00039782067,-1
G045,G040,-0.00039806688,-1
G034,G046,-0.0003996767,-1
G003,G100,-0.0004005423,-1
G065,G067,-0.0004010157,-1
G058,G003,-0.0004017301,-1
G008,G086,-0.00040209072,-1
G056,G036,-0.00040216412,-1
G067,G086,-0.00040251735,-1
G001,G097,-0.00040252032,-1
G081,G037,-0.00040370412,-1
G098,G097,-0.00040404018,-1
G059,G009,-0.00040422697,-1
G078,G005,-0.00040477226,-1
G057,G053,-0.00040508682,-1
G055,G074,-0.00040537867,-1
G093,G008,-0.00040640097,-1
G080,G067,-0.00040712,-1
G077,G031,-0.00040725485,-1
G095,G030,-0.00040737254,-1
G094,G057,-0.00040742714,-1
G017,G029,-0.00040782904,-1
G073,G048,-0.00040832674,-1
G084,G012,-0.00040862974,-1
G043,G087,-0.00040946368,-1
G006,G020,-0.00041007155,-1
G019,G088,-0.0004103255,-1
G048,G075,-0.00041359663,-1
G020,G044,-0.00041406607,-1
G028,G023,-0.00041417644,-1
G082,G040,-0.00041424096,-1
G099,G034,-0.0004142811,-1
G100,G038,-0.00041553102,-1
G050,G059,-0.00041659846,-1
G057,G063,-0.00041729424,-1
G022,G010,-0.00041748054,-1
G072,G073,-0.0004182838,-1
G048,G058,-0.00041830132,-1
G081,G018,-0.00041857373,-1
G055,G085,-0.00041870523,-1
G089,G098,-0.00041888037,-1
G071,G034,-0.00041909757,-1
G001,G041,-0.00042340672,-1
G046,G031,-0.0004238678,-1
G018,G013,-0.0004240187,-1
G084,G061,-0.00042445026,-1
G098,G062,-0.000425597,-1
G045,G014,-0.00042585895,-1
G070,G083,-0.0004266667,-1
G074,G098,-0.00042754778,-1
G066,G075,-0.0004279942,-1
G086,G059,-0.00042838752,-1
G025,G009,-0.00042924672,-1
G017,G061,-0.00042970586,-1
G002,G011,-0.00042971713,-1
G019,G066,-0.00042989888,-1
G068,G023,-0.00043078154,-1
G087,G060,-0.0004308085,-1
G072,G049,-0.0004336747,-1
G045,G043,-0.0004373141,-1
G087,G068,-0.00043757766,-1
G082,G002,-0.00043785476,-1
G057,G024,-0.00043855983,-1
G093,G070,-0.00043950716,-1
G009,G050,-0.0004398113,-1
G029,G022,-0.00044081415,-1
G006,G039,-0.00044142755,-1
G004,G082,-0.00044194036,-1
G067,G048,-0.00044204117,-1
G001,G081,-0.0004423263,-1
G051,G031,-0.0004432094,-1
G086,G023,-0.00044600808,-1
G087,G014,-0.00044636277,-1
G078,G059,-0.00044749954,-1
G024,G097,-0.00044787556,-1
G093,G015,-0.00044894285,-1
G024,G008,-0.00044971867,-1
G006,G011,-0.00044994394,-1
G048,G065,-0.00045023352,-1
G037,G047,-0.0004511677,-1
G077,G094,-0.00045180562,-1
G076,G004,-0.0004519219,-1
G048,G064,-0.00045194742,-1
G004,G100,-0.00045333273,-1
G059,G054,-0.00045375968,-1
G077,G093,-0.00045402875,-1
G084,G073,-0.00045406728,-1
G099,G041,-0.00045414848,-1
G099,G069,-0.00045421024,-1
G034,G038,-0.00045560458,-1
G044,G097,-0.00045627292,-1
G059,G079,-0.0004585841,-1
G016,G012,-0.00045924337,-1
G037,G046,-0.0004593788,-1
G006,G022,-0.00045976913,-1
G093,G099,-0.0004609351,-1
G043,G061,-0.00046116166,-1
G014,G067,-0.00046125695,-1
G080,G029,-0.00046352885,-1
G042,G081,-0.00046497036,-1
G014,G071,-0.00046537342,-1
G039,G019,-0.00046581126,-1
G037,G094,-0.0004673702,-1
G038,G017,-0.0004687213,-1
G059,G086,-0.00047051415,-1
G011,G083,-0.0004716459,-1
G036,G010,-0.00047218916,-1
G074,G083,-0.0004731568,-1
G038,G023,-0.00047372992,-1
G082,G022,-0.0004738575,-1
G087,G070,-0.00047537885,-1
G013,G006,-0.00047883356,-1
G061,G090,-0.00047910793,-1
G011,G057,-0.0004797691,-1
G036,G002,-0.00048102575,-1
G006,G021,-0.000483359,-1
G011,G055,-0.0004839593,-1
G064,G054,-0.00048406396,-1
G002,G086,-0.00048452144,-1
G068,G080,-0.0004851806,-1
G036,G019,-0.00048627343,-1
G066,G093,-0.00048748555,-1
G034,G063,-0.00048912776,-1
G019,G033,-0.00049001706,-1
G024,G041,-0.0004906156,-1
G053,G069,-0.00049121556,-1
G100,G034,-0.00049131055,-1
G013,G060,-0.00049277494,-1
G048,G094,-0.00049333274,-1
G037,G001,-0.00049727905,-1
G028,G069,-0.0004980143,-1
G016,G082,-0.0004986097,-1
G015,G074,-0.000499111,-1
G057,G076,-0.0004994839,-1
G035,G093,-0.0005005535,-1
G069,G092,-0.0005009059,-1
G028,G083,-0.0005017264,-1
G075,G015,-0.00050225545,-1
G078,G097,-0.0005028417,-1
G076,G025,-0.00050827593,-1
G033,G085,-0.0005116637,-1
G006,G058,-0.00051627203,-1
G092,G053,-0.000516291,-1
G075,G012,-0.00051831047,-1
G065,G012,-0.0005187325,-1
G017,G058,-0.0005193643,-1
G004,G038,-0.000520914,-1
G081,G023,-0.0005227263,-1
G037,G078,-0.0005248531,-1
G042,G066,-0.00052597397,-1
G028,G046,-0.00052652066,-1
G092,G047,-0.0005281986,-1
G009,G042,-0.0005309498,-1
G019,G029,-0.0005312216,-1
G078,G068,-0.00053385796,-1
G042,G043,-0.00053414406,-1
G011,G061,-0.0005355318,-1
G057,G049,-0.0005373755,-1
G082,G003,-0.0005376022,-1
G072,G060,-0.0005382204,-1
G053,G054,-0.0005384755,-1
G058,G093,-0.0005423866,-1
G076,G056,-0.0005426358,-1
G088,G044,-0.00054424815,-1
G051,G087,-0.0005461915,-1
G074,G001,-0.0005466473,-1
G095,G092,-0.0005505262,-1
G035,G058,-0.00055055565,-1
G062,G063,-0.00055087515,-1
G056,G017,-0.00055226614,-1
G059,G028,-0.00055560935,-1
G033,G022,-0.00055575406,-1
G040,G092,-0.00055692164,-1
G031,G012,-0.00055785564,-1
G008,G055,-0.0005629152,-1
G088,G086,-0.00056471943,-1
G005,G008,-0.0005687843,-1
G095,G025,-0.0005690964,-1
G067,G089,-0.00057159073,-1
G034,G093,-0.0005718721,-1
G078,G072,-0.0005740308,-1
G077,G086,-0.0005740846,-1
G017,G060,-0.0005753912,-1
G006,G044,-0.00057734986,-1
G067,G092,-0.00057778636,-1
G043,G080,-0.00057861855,-1
G040,G071,-0.00057906326,-1
G078,G002,-0.0005791277,-1
G014,G026,-0.00058133865,-1
G067,G013,-0.00058173784,-1
G099,G072,-0.0005818589,-1
G059,G061,-0.0005820055,-1
G040,G072,-0.00058227644,-1
G062,G076,-0.0005840263,-1
G006,G048,-0.00058714394,-1
G018,G084,-0.00059134717,-1
G013,G012,-0.00059173006,-1
G009,G060,-0.0005932023,-1
G082,G059,-0.00059400016,-1
G092,G049,-0.00059660245,-1
G023,G004,-0.00059700536,-1
G002,G059,-0.0005973396,-1
G098,G028,-0.0005990993,-1
G079,G043,-0.0005993794,-1
G069,G090,-0.00059988064,-1
G078,G099,-0.0006001413,-1
G098,G095,-0.0006017206,-1
G084,G078,-0.0006024421,-1
G043,G077,-0.00060610706,-1
G017,G008,-0.0006079608,-1
G080,G100,-0.0006114573,-1
G088,G069,-0.00061180105,-1
G024,G037,-0.0006128951,-1
G098,G032,-0.00061409944,-1
G044,G035,-0.00061842834,-1
G062,G017,-0.0006195361,-1
G002,G076,-0.0006209757,-1
G024,G098,-0.0006215693,-1
G050,G100,-0.0006230084,-1
G003,G024,-0.0006230873,-1
G096,G068,-0.0006299301,-1
G004,G069,-0.00063099514,-1
G093,G090,-0.00063313206,-1
G077,G055,-0.0006346314,-1
G070,G091,-0.0006356107,-1
G082,G074,-0.000635639,-1
G061,G010,-0.00063804555,-1
G094,G016,-0.00063879404,-1
G073,G024,-0.0006388737,-1
G032,G063,-0.00063895213,-1
G083,G054,-0.00063905265,-1
G034,G065,-0.0006393068,-1
G062,G010,-0.00064223603,-1
G077,G070,-0.00064387755,-1
G037,G009,-0.0006439981,-1
G079,G007,-0.00064656656,-1
G089,G044,-0.0006505894,-1
G005,G056,-0.0006545797,-1
G092,G017,-0.00065577816,-1
G007,G093,-0.0006560884,-1
G045,G096,-0.0006566104,-1
G001,G024,-0.00065677386,-1
G079,G033,-0.000656869,-1
G097,G074,-0.00065713696,-1
G073,G064,-0.0006605558,-1
G002,G054,-0.0006633161,-1
G054,G005,-0.00066338247,-1
G051,G011,-0.00066426524,-1
G029,G083,-0.0006647754,-1
G055,G093,-0.00066548545,-1
G088,G029,-0.00066958787,-1
G039,G045,-0.00067146396,-1
G029,G097,-0.000671772,-1
G028,G087,-0.00067324925,-1
G036,G011,-0.0006781637,-1
G094,G014,-0.0006786945,-1
G099,G053,-0.00067882636,-1
G024,G002,-0.0006801237,-1
G049,G019,-0.0006827016,-1
G093,G087,-0.0006830616,-1
G083,G063,-0.0006838756,-1
G092,G026,-0.00068773597,-1
G032,G006,-0.00069004967,-1
G013,G054,-0.0006913983,-1
G014,G011,-0.0006957306,-1
G004,G066,-0.0006980993,-1
G074,G097,-0.000700175,-1
G042,G010,-0.0007004359,-1
G052,G033,-0.0007025325,-1
G009,G057,-0.0007044167,-1
G038,G040,-0.00070466456,-1
G011,G094,-0.00070509786,-1
G082,G042,-0.000706918,-1
G082,G081,-0.00070797885,-1
G018,G023,-0.0007102757,-1
G089,G011,-0.00071069726,-1
G032,G071,-0.00071166724,-1
G023,G013,-0.00071536016,-1
G057,G082,-0.0007158264,-1
G089,G091,-0.0007180183,-1
G028,G055,-0.0007197057,-1
G027,G009,-0.00072292716,-1
G088,G067,-0.00072359515,-1
G097,G014,-0.0007320454,-1
G061,G011,-0.0007344265,-1
G031,G025,-0.00073607004,-1
G071,G024,-0.00073694746,-1
G046,G021,-0.0007377177,-1
G021,G056,-0.00074491353,-1
G096,G092,-0.0007466156,-1
G080,G033,-0.0007475813,-1
G071,G039,-0.0007485845,-1
G038,G066,-0.0007497739,-1
G025,G042,-0.000750159,-1
G050,G010,-0.00075081905,-1
G022,G098,-0.0007517572,-1
G042,G030,-0.00075205625,-1
G061,G073,-0.00075214094,-1
G054,G009,-0.0007589371,-1
G074,G037,-0.0007598188,-1
G073,G037,-0.000760951,-1
G085,G069,-0.000763455,-1
G064,G047,-0.0007643448,-1
G045,G003,-0.0007708315,-1
G043,G020,-0.0007719738,-1
G054,G063,-0.0007763127,-1
G013,G029,-0.0007763246,-1
G026,G016,-0.0007770217,-1
G014,G084,-0.0007772467,-1
G071,G061,-0.0007784414,-1
G066,G060,-0.00077897747,-1
G040,G023,-0.0007796367,-1
G021,G008,-0.00078071246,-1
G096,G056,-0.00078228896,-1
G062,G030,-0.00078408676,-1
G003,G043,-0.0007844107,-1
G044,G096,-0.0007876149,-1
G032,G079,-0.00079006434,-1
G091,G079,-0.000791429,-1
G056,G088,-0.0007915121,-1
G056,G015,-0.0007927093,-1
G026,G033,-0.0007933372,-1
G085,G079,-0.00079335965,-1
G098,G099,-0.0007954836,-1
G012,G078,-0.00079668424,-1
G077,G096,-0.0007977298,-1
G038,G004,-0.0007987281,-1
G009,G018,-0.0008010721,-1
G020,G099,-0.0008050543,-1
G068,G095,-0.0008065407,-1
G080,G087,-0.0008124555,-1
G063,G085,-0.00081287435,-1
G087,G020,-0.00081357686,-1
G064,G090,-0.00081377715,-1
G019,G058,-0.00081415585,-1
G021,G025,-0.00081507885,-1
G033,G093,-0.00081536546,-1
G073,G028,-0.0008167116,-1
G028,G085,-0.0008167189,-1
G057,G064,-0.0008167935,-1
G082,G008,-0.0008168757,-1
G049,G016,-0.00081740745,-1
G054,G071,-0.00081810215,-1
G059,G033,-0.0008245139,-1
G019,G025,-0.000825719,-1
G003,G038,-0.0008267047,-1
G022,G014,-0.0008279073,-1
G008,G059,-0.00082935515,-1
G031,G085,-0.0008293573,-1
G052,G078,-0.0008308609,-1
G091,G001,-0.000833458,-1
G007,G069,-0.00083444215,-1
G060,G050,-0.000840131,-1
G013,G017,-0.0008454284,-1
G100,G033,-0.000846677,-1
G046,G078,-0.000847184,-1
G094,G027,-0.0008480199,-1
G075,G014,-0.00084943784,-1
G009,G080,-0.0008496318,-1
G081,G090,-0.000854993,-1
G088,G098,-0.0008566914,-1
G018,G098,-0.00085771945,-1
G015,G034,-0.00085878547,-1
G083,G040,-0.00085919845,-1
G019,G081,-0.00086043647,-1
G084,G075,-0.00086073915,-1
G096,G094,-0.0008622099,-1
G010,G058,-0.00086504035,-1
G024,G082,-0.0008659503,-1
G092,G098,-0.000868717,-1
G017,G064,-0.0008709554,-1
G068,G043,-0.00087111996,-1
G086,G025,-0.0008725973,-1
G038,G015,-0.0008736209,-1
G053,G034,-0.0008745944,-1
G025,G100,-0.00087574555,-1
G044,G084,-0.00087773846,-1
G018,G095,-0.00087859255,-1
G021,G092,-0.0008798023,-1
G061,G008,-0.00088052585,-1
G053,G083,-0.00088104,-1
G011,G020,-0.00088392565,-1
G054,G091,-0.0008845376,-1
G098,G049,-0.000884687,-1
G007,G040,-0.00088594045,-1
G066,G046,-0.000886802,-1
G087,G022,-0.0008919014,-1
G086,G063,-0.0008955411,-1
G023,G016,-0.00089565915,-1
G011,G001,-0.00089606695,-1
G010,G059,-0.0008990233,-1
G002,G096,-0.00089922093,-1
G060,G029,-0.0008998018,-1
G060,G080,-0.00090261904,-1
G044,G042,-0.0009057388,-1
G013,G072,-0.0009065062,-1
G020,G031,-0.0009080864,-1
G085,G024,-0.0009086242,-1
G004,G051,-0.0009088369,-1
G005,G095,-0.0009149457,-1
G100,G025,-0.00091673946,-1
G064,G020,-0.00091796723,-1
G007,G031,-0.00091825466,-1
G068,G015,-0.0009210313,-1
G023,G096,-0.00092207827,-1
G043,G040,-0.0009226069,-1
G086,G068,-0.00092282635,-1
G035,G016,-0.0009241342,-1
G032,G083,-0.0009241456,-1
G089,G062,-0.00092416926,-1
G046,G064,-0.0009243846,-1
G031,G076,-0.0009252662,-1
G026,G035,-0.00092630135,-1
G099,G045,-0.00092670444,-1
G071,G016,-0.0009300179,-1
G070,G038,-0.00093063555,-1
G008,G084,-0.0009314582,-1
G056,G058,-0.0009339393,-1
G004,G021,-0.0009363811,-1
G059,G098,-0.0009371036,-1
G076,G042,-0.00093820534,-1
G058,G040,-0.0009406984,-1
G046,G054,-0.000940824,-1
G024,G051,-0.00094530586,-1
G016,G089,-0.0009454258,-1
G035,G013,-0.000945559,-1
G100,G001,-0.0009470939,-1
G082,G069,-0.0009500395,-1
G007,G041,-0.0009512053,-1
G023,G060,-0.00095167727,-1
G051,G066,-0.00095279276,-1
G089,G036,-0.00095296133,-1
G094,G072,-0.00095519633,-1
G037,G092,-0.0009565399,-1
G051,G025,-0.00095700374,-1
G088,G045,-0.0009584367,-1
G058,G066,-0.00096114795,-1
G010,G027,-0.0009621241,-1
G015,G055,-0.0009634652,-1
G096,G043,-0.00096446165,-1
G031,G081,-0.00096480746,-1
G065,G004,-0.00097004033,-1
G001,G019,-0.0009707753,-1
G097,G057,-0.00097129587,-1
G049,G054,-0.0009724149,-1
G097,G036,-0.0009730051,-1
G005,G009,-0.00097321975,-1
G090,G076,-0.0009733795,-1
G052,G061,-0.00097350765,-1
G075,G059,-0.0009750135,-1
G050,G002,-0.00097502786,-1
G070,G019,-0.0009789757,-1
G006,G082,-0.0009790417,-1
G077,G084,-0.0009791955,-1
G010,G065,-0.000979526,-1
G083,G015,-0.0009805872,-1
G064,G100,-0.0009818712,-1
G047,G014,-0.0009822081,-1
G082,G011,-0.0009825566,-1
G097,G045,-0.0009839215,-1
G089,G053,-0.000984085,-1
G020,G088,-0.0009844685,-1
G065,G062,-0.000986342,-1
G057,G023,-0.0009866161,-1
G039,G049,-0.0009925131,-1
G072,G003,-0.0009926757,-1
G005,G016,-0.0009948631,-1
G049,G076,-0.0009978533,-1
G089,G032,-0.0009984446,-1
G075,G024,-0.0009989658,-1
G014,G047,-0.001007938,-1
G100,G011,-0.001010031,-1
G045,G048,-0.0010106006,-1
G038,G036,-0.001011296,-1
G002,G067,-0.001011496,-1
G029,G076,-0.0010145138,-1
G030,G075,-0.0010151695,-1
G032,G044,-0.0010153588,-1
G091,G057,-0.0010169208,-1
G072,G083,-0.0010179688,-1
G073,G033,-0.0010262656,-1
G070,G063,-0.0010270154,-1
G044,G022,-0.001027648,-1
G024,G023,-0.0010288693,-1
G023,G097,-0.0010305858,-1
G076,G008,-0.0010311044,-1
G021,G049,-0.0010353097,-1
G073,G080,-0.0010384264,-1
G002,G007,-0.0010449481,-1
G011,G005,-0.0010478888,-1
G092,G094,-0.0010502655,-1
G047,G002,-0.0010519692,-1
G043,G003,-0.0010522621,-1
G078,G053,-0.0010546522,-1
G017,G010,-0.0010580253,-1
G020,G022,-0.0010586225,-1
G091,G093,-0.0010590046,-1
G055,G044,-0.0010600397,-1
G088,G007,-0.001061575,-1
G096,G066,-0.0010629727,-1
G100,G007,-0.0010640377,-1
G043,G052,-0.0010659894,-1
G050,G023,-0.0010667223,-1
G046,G052,-0.0010683218,-1
G011,G077,-0.0010687691,-1
G091,G064,-0.001074462,-1
G063,G033,-0.0010781718,-1
G046,G079,-0.0010802397,-1
G067,G017,-0.0010807705,-1
G001,G030,-0.001082407,-1
G045,G100,-0.0010836603,-1
G043,G093,-0.0010856438,-1
G044,G093,-0.0010856627,-1
G027,G054,-0.0010895308,-1
G066,G016,-0.0010936044,-1
G099,G025,-0.0010957152,-1
G038,G061,-0.0010973398,-1
G049,G079,-0.001098935,-1
G098,G056,-0.0010993591,-1
G002,G091,-0.0011028753,-1
G053,G052,-0.0011037113,-1
G084,G087,-0.0011038419,-1
G080,G093,-0.0011045892,-1
G063,G078,-0.0011054368,-1
G042,G013,-0.0011061128,-1
G019,G002,-0.001106192,-1
G055,G035,-0.0011098165,-1
G039,G084,-0.0011111863,-1
G024,G088,-0.0011116946,-1
G039,G035,-0.001112653,-1
G043,G095,-0.0011129436,-1
G040,G058,-0.0011149694,-1
G013,G077,-0.0011218241,-1
G064,G095,-0.0011223352,-1
G081,G077,-0.0011229977,-1
G095,G039,-0.0011243481,-1
G071,G085,-0.0011250202,-1
G024,G095,-0.0011252791,-1
G031,G050,-0.0011253929,-1
G073,G038,-0.0011285206,-1
G047,G042,-0.0011320605,-1
G025,G059,-0.0011347835,-1
G075,G065,-0.0011350182,-1
G007,G084,-0.0011366276,-1
G068,G096,-0.0011369709,-1
G046,G069,-0.0011382347,-1
G052,G072,-0.0011382662,-1
G043,G079,-0.0011383957,-1
G019,G099,-0.001138983,-1
G026,G044,-0.0011391183,-1
G006,G056,-0.0011408722,-1
G093,G050,-0.0011413109,-1
G018,G014,-0.0011421563,-1
G075,G019,-0.0011431593,-1
G011,G070,-0.001145962,-1
G030,G081,-0.0011532707,-1
G041,G010,-0.0011544946,-1
G040,G016,-0.0011592548,-1
G067,G096,-0.0011595077,-1
G032,G094,-0.0011596797,-1
G004,G022,-0.0011597442,-1
G036,G032,-0.001159958,-1
G023,G024,-0.0011600466,-1
G097,G093,-0.0011625643,-1
G002,G075,-0.00116261,-1
G028,G022,-0.0011658876,-1
G020,G086,-0.0011675713,-1
G009,G099,-0.0011682058,-1
G047,G010,-0.0011702147,-1
G089,G010,-0.001175837,-1
G017,G033,-0.0011762149,-1
G037,G069,-0.0011791253,-1
G045,G021,-0.0011833867,-1
G066,G001,-0.0011860331,-1
G039,G034,-0.0011860583,-1
G027,G039,-0.0011866706,-1
G047,G003,-0.0011872697,-1
G078,G054,-0.0011883106,-1
G006,G025,-0.001190113,-1
G022,G077,-0.0011912634,-1
G033,G088,-0.0011929419,-1
G053,G046,-0.0011931438,-1
G056,G013,-0.0011960509,-1
G022,G013,-0.0011985399,-1
G052,G039,-0.001199889,-1
G021,G024,-0.0012019157,-1
G030,G090,-0.0012027032,-1
G003,G040,-0.0012046747,-1
G040,G081,-0.001205859,-1
G077,G019,-0.0012087926,-1
G086,G009,-0.0012096455,-1
G088,G020,-0.0012108053,-1
G037,G029,-0.0012151008,-1
G046,G009,-0.0012156001,-1
G095,G058,-0.0012189418,-1
G013,G033,-0.0012189442,-1
G055,G083,-0.0012200746,-1
G081,G015,-0.0012218502,-1
G025,G058,-0.001223874,-1
G050,G056,-0.0012267611,-1
G033,G021,-0.0012273535,-1
G068,G097,-0.0012297416,-1
G046,G055,-0.001229772,-1
G073,G022,-0.0012317966,-1
G013,G076,-0.0012345313,-1
G041,G092,-0.0012360426,-1
G089,G038,-0.0012367328,-1
G034,G074,-0.0012389853,-1
G082,G014,-0.0012429697,-1
G052,G011,-0.0012440318,-1
G050,G076,-0.0012444104,-1
G050,G090,-0.0012462622,-1
G032,G089,-0.0012510285,-1
G080,G018,-0.0012517174,-1
G049,G080,-0.0012543133,-1
G017,G070,-0.0012571174,-1
G041,G035,-0.0012572177,-1
G038,G043,-0.0012595209,-1
G086,G003,-0.0012622268,-1
G087,G080,-0.0012646759,-1
G043,G002,-0.0012703596,-1
G001,G003,-0.0012708724,-1
G002,G068,-0.0012721019,-1
G079,G090,-0.0012723875,-1
G040,G062,-0.0012730155,-1
G029,G056,-0.0012737591,-1
G092,G065,-0.0012738038,-1
G008,G090,-0.0012752975,-1
G024,G068,-0.0012764898,-1
G039,G071,-0.0012774483,-1
G079,G073,-0.0012779187,-1
G064,G089,-0.0012789618,-1
G059,G091,-0.0012801406,-1
G094,G010,-0.0012841534,-1
G048,G073,-0.0012844376,-1
G097,G041,-0.0012855285,-1
G058,G060,-0.0012865469,-1
G051,G026,-0.0012881337,-1
G004,G039,-0.0012899077,-1
G075,G004,-0.0012900477,-1
G100,G008,-0.0012926941,-1
G001,G066,-0.0012933218,-1
G054,G029,-0.0012960703,-1
G022,G096,-0.0012979277,-1
G080,G081,-0.0012980012,-1
G059,G001,-0.0012985155,-1
G009,G041,-0.0012987806,-1
G076,G011,-0.0013042156,-1
G036,G085,-0.0013047603,-1
G035,G029,-0.0013133761,-1
G071,G020,-0.0013159771,-1
G069,G026,-0.0013167987,-1
G019,G064,-0.0013177383,-1
G095,G054,-0.0013192532,-1
G083,G078,-0.0013232997,-1
G015,G077,-0.0013251739,-1
G018,G091,-0.0013258549,-1
G078,G091,-0.0013283882,-1
G012,G024,-0.0013312448,-1
G076,G034,-0.0013326355,-1
G064,G069,-0.0013353548,-1
G082,G015,-0.0013392676,-1
G096,G090,-0.0013396988,-1
G075,G089,-0.0013411075,-1
G081,G047,-0.0013419428,-1
G075,G009,-0.0013450311,-1
G093,G023,-0.0013452909,-1
G026,G043,-0.0013525982,-1
G096,G078,-0.0013533643,-1
G051,G089,-0.0013537635,-1
G030,G094,-0.0013597507,-1
G095,G033,-0.0013610092,-1
G093,G061,-0.0013616728,-1
G023,G068,-0.0013625647,-1
G014,G098,-0.0013632305,-1
G021,G020,-0.0013638176,-1
G067,G073,-0.0013638879,-1
G083,G019,-0.0013654287,-1
G058,G020,-0.0013748659,-1
G027,G094,-0.0013810928,-1
G077,G007,-0.0013812508,-1
G012,G014,-0.0013838174,-1
G065,G083,-0.0013843452,-1
G070,G043,-0.001384649,-1
G005,G090,-0.001388214,-1
G021,G062,-0.0013892116,-1
G024,G060,-0.0013899512,-1
G056,G046,-0.0013912866,-1
G040,G076,-0.001392355,-1
G044,G018,-0.001392465,-1
G069,G091,-0.0013945802,-1
G055,G026,-0.0013977897,-1
G034,G099,-0.0013993672,-1
G076,G005,-0.0014020313,-1
G076,G067,-0.0014022295,-1
G087,G073,-0.0014027792,-1
G037,G019,-0.0014032813,-1
G099,G031,-0.0014090172,-1
G084,G071,-0.001412274,-1
G065,G095,-0.0014134621,-1
G001,G096,-0.0014147068,-1
G005,G097,-0.0014154712,-1
G060,G041,-0.0014188824,-1
G089,G052,-0.0014228203,-1
G008,G065,-0.0014233054,-1
G048,G066,-0.0014300408,-1
G015,G100,-0.0014317307,-1
G039,G073,-0.0014343545,-1
G084,G042,-0.0014382118,-1
G031,G017,-0.0014401086,-1
G086,G085,-0.0014403678,-1
G073,G070,-0.0014417006,-1
G012,G065,-0.0014442944,-1
G054,G044,-0.0014482987,-1
G075,G088,-0.0014484142,-1
G051,G017,-0.0014519839,-1
G017,G059,-0.0014554851,-1
G091,G024,-0.001455561,-1
G094,G031,-0.0014568961,-1
G027,G066,-0.0014578213,-1
G099,G078,-0.0014588815,-1
G061,G047,-0.0014604615,-1
G011,G054,-0.0014608615,-1
G072,G027,-0.0014616674,-1
G071,G041,-0.0014624214,-1
G032,G052,-0.0014641883,-1
G042,G009,-0.0014642017,-1
G039,G079,-0.0014666324,-1
G006,G069,-0.0014672843,-1
G020,G007,-0.0014678509,-1
G033,G017,-0.0014706088,-1
G003,G099,-0.0014707048,-1
G038,G031,-0.0014726059,-1
G039,G063,-0.001472869,-1
G087,G029,-0.0014732633,-1
G080,G009,-0.0014735829,-1
G020,G064,-0.0014739727,-1
G077,G066,-0.0014748774,-1
G079,G044,-0.0014771553,-1
G022,G087,-0.001477372,-1
G092,G004,-0.0014853557,-1
G041,G034,-0.0014869442,-1
G059,G070,-0.0014899498,-1
G054,G019,-0.0014903788,-1
G037,G041,-0.0014979473,-1
G078,G008,-0.0014982714,-1
G026,G011,-0.0014983565,-1
G091,G009,-0.0014998962,-1
G019,G053,-0.0015008268,-1
G014,G061,-0.0015063632,-1
G090,G054,-0.001506544,-1
G030,G026,-0.0015070674,-1
G058,G100,-0.0015072315,-1
G009,G043,-0.0015079002,-1
G015,G059,-0.0015138752,-1
G053,G074,-0.0015143079,-1
G023,G008,-0.0015182791,-1
G054,G060,-0.0015211427,-1
G073,G051,-0.0015244113,-1
G003,G042,-0.0015260276,-1
G078,G003,-0.0015271318,-1
G021,G060,-0.0015281992,-1
G017,G011,-0.0015292846,-1
G050,G011,-0.00152998,-1
G051,G058,-0.001532211,-1
G067,G018,-0.0015368608,-1
G081,G067,-0.001537403,-1
G018,G058,-0.0015381275,-1
G071,G082,-0.0015386953,-1
G089,G080,-0.0015400425,-1
G053,G019,-0.0015406423,-1
G096,G075,-0.001544821,-1
G062,G018,-0.0015465063,-1
G024,G053,-0.0015475175,-1
G036,G070,-0.0015493848,-1
G098,G040,-0.0015500225,-1
G081,G091,-0.0015526313,-1
G038,G085,-0.001552982,-1
G091,G002,-0.0015530908,-1
G012,G066,-0.0015532392,-1
G065,G070,-0.001555853,-1
G056,G033,-0.0015558888,-1
G097,G039,-0.0015579124,-1
G025,G051,-0.0015581781,-1
G005,G044,-0.0015605871,-1
G001,G092,-0.0015607532,-1
G083,G036,-0.0015636648,-1
G072,G055,-0.0015712521,-1
G006,G066,-0.0015713901,-1
G055,G073,-0.0015737191,-1
G073,G074,-0.0015740988,-1
G014,G095,-0.0015764072,-1
G067,G064,-0.0015775204,-1
G058,G059,-0.0015787161,-1
G054,G012,-0.0015796581,-1
G062,G084,-0.0015813983,-1
G016,G014,-0.0015887807,-1
G057,G066,-0.0015898149,-1
G027,G048,-0.0015907489,-1
G100,G047,-0.0015907518,-1
G060,G018,-0.0015908324,-1
G070,G037,-0.0015946509,-1
G019,G072,-0.0015966601,-1
G077,G021,-0.0015971634,-1
G046,G039,-0.001597351,-1
G051,G083,-0.0015978613,-1
G064,G021,-0.001597877,-1
G063,G098,-0.0016076056,-1
G003,G094,-0.0016081989,-1
G079,G089,-0.0016094468,-1
G067,G006,-0.0016116429,-1
G049,G090,-0.0016156583,-1
G064,G074,-0.0016184772,-1
G030,G070,-0.0016186028,-1
G050,G018,-0.0016186083,-1
G039,G097,-0.0016190987,-1
G037,G002,-0.0016204838,-1
G098,G085,-0.0016220026,-1
G020,G057,-0.0016225283,-1
G050,G052,-0.001622829,-1
G004,G024,-0.0016252565,-1
G029,G059,-0.0016263367,-1
G027,G098,-0.0016284286,-1
G092,G019,-0.0016319001,-1
G092,G068,-0.0016327157,-1
G042,G099,-0.0016354618,-1
G095,G060,-0.0016375931,-1
G027,G042,-0.0016446916,-1
G018,G025,-0.0016469959,-1
G013,G064,-0.0016487986,-1
G052,G028,-0.0016520388,-1
G065,G029,-0.0016535146,-1
G062,G020,-0.0016542439,-1
G097,G089,-0.0016546332,-1
G065,G096,-0.001654692,-1
G055,G077,-0.0016555535,-1
G095,G076,-0.0016556339,-1
G074,G031,-0.0016575763,-1
G014,G100,-0.0016617553,-1
G049,G020,-0.0016634371,-1
G037,G072,-0.0016707922,-1
G053,G018,-0.0016728385,-1
G004,G092,-0.0016728626,-1
G008,G058,-0.0016729411,-1
G047,G041,-0.0016751469,-1
G072,G024,-0.0016751499,-1
G086,G079,-0.0016761704,-1
G054,G048,-0.0016765796,-1
G058,G039,-0.0016777613,-1
G082,G039,-0.0016791407,-1
G093,G098,-0.0016801502,-1
G074,G086,-0.0016831146,-1
G040,G070,-0.0016836321,-1
G028,G086,-0.0016836623,-1
G030,G100,-0.0016841232,-1
G013,G001,-0.0016861085,-1
G086,G013,-0.0016865701,-1
G011,G056,-0.0016918773,-1
G083,G084,-0.0016924054,-1
G018,G065,-0.0016945587,-1
G061,G006,-0.0016999645,-1
G063,G091,-0.001701311,-1
G008,G014,-0.0017021843,-1
G006,G004,-0.0017045619,-1
G008,G001,-0.0017048015,-1
G042,G052,-0.0017060554,-1
G034,G094,-0.0017075022,-1
G012,G037,-0.0017077528,-1
G066,G032,-0.0017090717,-1
G091,G041,-0.0017102049,-1
G072,G036,-0.0017107904,-1
G057,G011,-0.001712837,-1
G098,G082,-0.0017146795,-1
G033,G037,-0.0017152636,-1
G095,G097,-0.0017167785,-1
G077,G008,-0.0017169019,-1
G024,G073,-0.0017174174,-1
G026,G009,-0.0017210332,-1
G040,G084,-0.0017214977,-1
G013,G069,-0.0017221877,-1
G003,G064,-0.0017225489,-1
G025,G052,-0.0017234784,-1
G020,G094,-0.0017257035,-1
G089,G054,-0.0017292307,-1
G046,G011,-0.0017313104,-1
G048,G060,-0.0017314355,-1
G010,G042,-0.0017317327,-1
G073,G071,-0.0017324806,-1
G080,G058,-0.001735761,-1
G015,G087,-0.0017359756,-1
G058,G048,-0.0017359906,-1
G003,G041,-0.0017403405,-1
G026,G100,-0.0017450271,-1
G019,G028,-0.0017469415,-1
G023,G053,-0.0017470233,-1
G086,G015,-0.0017472071,-1
G029,G033,-0.0017527149,-1
G034,G025,-0.0017547585,-1
G083,G043,-0.0017569517,-1
G090,G020,-0.0017573229,-1
G092,G080,-0.0017579783,-1
G097,G062,-0.001759862,-1
G035,G041,-0.001760849,-1
G028,G006,-0.0017618393,-1
G054,G016,-0.0017712465,-1
G069,G004,-0.0017802358,-1
G039,G041,-0.0017818069,-1
G100,G095,-0.0017849403,-1
G100,G010,-0.0017850149,-1
G040,G010,-0.0017875927,-1
G008,G043,-0.0017894084,-1
G038,G070,-0.0017900957,-1
G004,G058,-0.001792051,-1
G026,G063,-0.0017967665,-1
G013,G021,-0.0017990656,-1
G022,G044,-0.0018015311,-1
G040,G086,-0.0018026225,-1
G087,G092,-0.0018050902,-1
G046,G088,-0.0018058456,-1
G098,G009,-0.0018059332,-1
G064,G059,-0.0018073384,-1
G006,G085,-0.001809744,-1
G071,G021,-0.001811272,-1
G055,G021,-0.0018122268,-1
G095,G007,-0.001814198,-1
G094,G052,-0.0018169162,-1
G011,G035,-0.0018198665,-1
G080,G006,-0.001821093,-1
G022,G055,-0.0018213175,-1
G044,G100,-0.0018225515,-1
G016,G043,-0.0018233679,-1
G004,G060,-0.0018260902,-1
G076,G020,-0.001826914,-1
G054,G041,-0.0018271909,-1
G079,G099,-0.0018276465,-1
G072,G097,-0.0018312309,-1
G045,G020,-0.0018369936,-1
G094,G065,-0.0018371175,-1
G035,G026,-0.0018386373,-1
G042,G050,-0.0018415129,-1
G030,G099,-0.0018419119,-1
G059,G034,-0.0018420117,-1
G030,G096,-0.0018423412,-1
G078,G076,-0.0018443262,-1
G069,G063,-0.0018466923,-1
G056,G094,-0.0018481221,-1
G048,G022,-0.0018486534,-1
G038,G089,-0.0018492995,-1
G098,G065,-0.0018509461,-1
G017,G079,-0.0018523011,-1
G051,G085,-0.0018534401,-1
G014,G081,-0.0018543747,-1
G012,G046,-0.0018548009,-1
G070,G074,-0.0018548564,-1
G059,G014,-0.0018593895,-1
G087,G053,-0.0018596763,-1
G084,G040,-0.0018621322,-1
G076,G066,-0.0018622683,-1
G024,G084,-0.0018624595,-1
G058,G024,-0.0018632644,-1
G086,G094,-0.0018678008,-1
G067,G005,-0.0018695414,-1
G036,G042,-0.0018698731,-1
G019,G044,-0.0018733147,-1
G005,G045,-0.0018744881,-1
G079,G021,-0.0018753463,-1
G076,G017,-0.0018797948,-1
G035,G068,-0.0018823989,-1
G040,G044,-0.0018835048,-1
G044,G040,-0.0018887453,-1
G006,G094,-0.001890565,-1
G003,G030,-0.0018930002,-1
G090,G010,-0.001894326,-1
G053,G036,-0.0018956112,-1
G036,G096,-0.0018977795,-1
G040,G074,-0.0019018415,-1
G058,G078,-0.0019068689,-1
G060,G066,-0.0019080568,-1
G045,G026,-0.0019114378,-1
G054,G038,-0.0019116892,-1
G076,G074,-0.0019120246,-1
G070,G024,-0.0019158832,-1
G053,G096,-0.0019165264,-1
G007,G058,-0.0019173058,-1
G056,G029,-0.0019215398,-1
G007,G024,-0.001926388,-1
G082,G096,-0.0019265531,-1
G086,G083,-0.001927802,-1
G086,G090,-0.0019321104,-1
G024,G003,-0.0019350341,-1
G017,G036,-0.001935717,-1
G068,G024,-0.0019368945,-1
G003,G015,-0.0019412128,-1
G045,G099,-0.001942106,-1
G015,G063,-0.0019442299,-1
G060,G053,-0.0019450048,-1
G060,G001,-0.0019452596,-1
G025,G029,-0.0019472999,-1
G049,G053,-0.0019478857,-1
G015,G090,-0.001951335,-1
G015,G043,-0.0019546158,-1
G058,G092,-0.0019574405,-1
G099,G090,-0.0019619914,-1
G043,G019,-0.00196282,-1
G022,G046,-0.0019637088,-1
G048,G070,-0.0019691158,-1
G027,G010,-0.0019717743,-1
G036,G052,-0.0019737263,-1
G024,G027,-0.001977823,-1
G029,G080,-0.001980012,-1
G084,G024,-0.0019822367,-1
G056,G065,-0.0019826663,-1
G039,G027,-0.0019836081,-1
G075,G039,-0.0019838382,-1
G010,G032,-0.0019840382,-1
G036,G099,-0.0019855571,-1
G097,G046,-0.0019861476,-1
G036,G065,-0.001988314,-1
G039,G094,-0.0019907306,-1
G033,G060,-0.0019911253,-1
G076,G078,-0.0019959458,-1
G039,G005,-0.0019970343,-1
G021,G068,-0.0019972813,-1
G039,G070,-0.0019981463,-1
G013,G082,-0.0019990345,-1
G045,G052,-0.0020007312,-1
G078,G073,-0.0020009154,-1
G046,G020,-0.0020013927,-1
G036,G055,-0.002001787,-1
G053,G003,-0.002006115,-1
G071,G026,-0.0020113552,-1
G093,G056,-0.0020114954,-1
G048,G003,-0.002011702,-1
G080,G056,-0.002012551,-1
G047,G096,-0.00201298,-1
G036,G082,-0.0020133948,-1
G031,G004,-0.0020138833,-1
G071,G059,-0.002021418,-1
G001,G031,-0.0020288902,-1
G019,G013,-0.0020341352,-1
G015,G056,-0.0020342914,-1
G002,G071,-0.0020378183,-1
G011,G089,-0.002037992,-1
G037,G076,-0.0020405757,-1
G033,G039,-0.002044402,-1
G037,G026,-0.0020486778,-1
G030,G066,-0.0020487888,-1
G026,G024,-0.0020488447,-1
G052,G040,-0.002048977,-1
G072,G026,-0.0020500668,-1
G012,G008,-0.0020509886,-1
G093,G077,-0.0020531716,-1
G057,G021,-0.002055172,-1
G044,G054,-0.0020562694,-1
G085,G032,-0.0020563875,-1
G075,G049,-0.0020590848,-1
G053,G063,-0.0020606315,-1
G100,G020,-0.0020651247,-1
G032,G070,-0.0020655943,-1
G096,G062,-0.0020664432,-1
G048,G052,-0.002070344,-1
G016,G056,-0.0020720016,-1
G003,G067,-0.0020740319,-1
G091,G033,-0.002082797,-1
G076,G081,-0.0020831535,-1
G094,G015,-0.0020883763,-1
G048,G027,-0.0020885093,-1
G043,G049,-0.0020935086,-1
G041,G093,-0.002093669,-1
G080,G012,-0.0020946306,-1
G076,G047,-0.002095351,-1
G062,G054,-0.0020957268,-1
G056,G040,-0.002097389,-1
G052,G087,-0.002098297,-1
G087,G031,-0.0021001045,-1
G033,G034,-0.002102801,-1
G023,G010,-0.002103179,-1
G038,G078,-0.002103407,-1
G042,G083,-0.002106173,-1
G015,G091,-0.0021093634,-1
G090,G032,-0.002110667,-1
G040,G057,-0.0021108838,-1
G087,G021,-0.0021139956,-1
G087,G093,-0.0021146804,-1
G058,G025,-0.0021153805,-1
G004,G081,-0.0021162091,-1
G011,G039,-0.0021181752,-1
G066,G089,-0.002123689,-1
G061,G004,-0.0021251785,-1
G015,G051,-0.0021256066,-1
G057,G100,-0.002131362,-1
G093,G055,-0.0021331105,-1
G055,G089,-0.0021368158,-1
G024,G083,-0.002137391,-1
G039,G025,-0.0021399118,-1
G019,G050,-0.0021429171,-1
G092,G046,-0.0021433095,-1
G071,G035,-0.002148232,-1
G078,G081,-0.0021483633,-1
G046,G025,-0.002150898,-1
G052,G091,-0.0021528497,-1
G003,G078,-0.0021581792,-1
G033,G100,-0.0021604015,-1
G084,G060,-0.0021620658,-1
G079,G011,-0.0021636242,-1
G072,G007,-0.0021648032,-1
G064,G032,-0.0021650523,-1
G051,G003,-0.0021662132,-1
G086,G081,-0.002170946,-1
G058,G076,-0.0021727448,-1
G083,G037,-0.0021737537,-1
G001,G050,-0.0021748883,-1
G086,G088,-0.0021758692,-1
G094,G048,-0.0021759898,-1
G078,G006,-0.0021761404,-1
G053,G007,-0.0021764645,-1
G084,G003,-0.002178605,-1
G078,G036,-0.0021799142,-1
G091,G050,-0.002180251,-1
G091,G063,-0.0021811354,-1
G091,G049,-0.0021873417,-1
G034,G049,-0.0021879156,-1
G072,G046,-0.0021937513,-1
G084,G001,-0.00219376,-1
G039,G098,-0.0021995336,-1
G005,G049,-0.0021997576,-1
G025,G023,-0.0022008456,-1
G040,G018,-0.002203254,-1
G033,G074,-0.002203781,-1
G007,G060,-0.0022044887,-1
G071,G023,-0.0022050352,-1
G056,G024,-0.0022056655,-1
G030,G053,-0.002207486,-1
G015,G041,-0.0022077106,-1
G075,G029,-0.0022114126,-1
G077,G015,-0.0022121323,-1
G079,G035,-0.0022156332,-1
G048,G018,-0.0022170746,-1
G093,G051,-0.0022171575,-1
G092,G034,-0.0022190132,-1
G087,G042,-0.0022255625,-1
G055,G016,-0.0022262903,-1
G053,G010,-0.0022297201,-1
G018,G097,-0.0022297294,-1
G063,G095,-0.0022311807,-1
G005,G055,-0.0022321648,-1
G083,G026,-0.0022324591,-1
G066,G076,-0.0022327418,-1
G042,G007,-0.0022330491,-1
G094,G054,-0.002233754,-1
G034,G043,-0.0022354242,-1
G073,G097,-0.0022365653,-1
G059,G078,-0.0022375225,-1
G069,G061,-0.002244498,-1
G011,G029,-0.0022453927,-1
G006,G077,-0.002246868,-1
G033,G051,-0.0022490595,-1
G055,G078,-0.0022512781,-1
G071,G022,-0.0022521946,-1
G084,G035,-0.002252754,-1
G026,G077,-0.0022529238,-1
G004,G053,-0.0022536933,-1
G043,G001,-0.0022559743,-1
G055,G011,-0.002257801,-1
G098,G075,-0.002259336,-1
G100,G090,-0.0022597893,-1
G097,G058,-0.0022616999,-1
G015,G023,-0.0022632347,-1
G057,G037,-0.0022664242,-1
G008,G005,-0.0022672727,-1
G019,G017,-0.0022709402,-1
G003,G028,-0.002274078,-1
G070,G076,-0.002275365,-1
G085,G064,-0.0022774534,-1
G020,G069,-0.0022810213,-1
G046,G006,-0.0022852616,-1
G039,G011,-0.0022881057,-1
G035,G098,-0.0022886347,-1
G004,G079,-0.002288694,-1
G076,G080,-0.0022915637,-1
G028,G064,-0.0022936913,-1
G028,G042,-0.00229833,-1
G015,G071,-0.002299561,-1
G090,G079,-0.002301484,-1
G075,G063,-0.00230291,-1
G027,G041,-0.0023029929,-1
G045,G056,-0.0023050313,-1
G035,G003,-0.0023065042,-1
G069,G058,-0.0023096793,-1
G034,G091,-0.0023122814,-1
G060,G069,-0.0023124353,-1
G065,G099,-0.0023140188,-1
G071,G054,-0.0023143396,-1
G022,G027,-0.0023169941,-1
G033,G050,-0.002318076,-1
G091,G087,-0.0023223436,-1
G052,G038,-0.002325015,-1
G085,G063,-0.0023273113,-1
G048,G074,-0.002328003,-1
G075,G062,-0.00232858,-1
G052,G065,-0.0023290648,-1
G058,G097,-0.002333096,-1
G065,G094,-0.0023338273,-1
G074,G082,-0.002334814,-1
G081,G061,-0.0023348543,-1
G039,G023,-0.0023373966,-1
G043,G024,-0.002337917,-1
G041,G074,-0.0023384707,-1
G002,G038,-0.0023399997,-1
G088,G059,-0.0023409398,-1
G088,G078,-0.002341191,-1
G074,G046,-0.0023421904,-1
G088,G071,-0.0023435035,-1
G009,G061,-0.0023459808,-1
G050,G087,-0.0023461718,-1
G067,G052,-0.0023470859,-1
G030,G079,-0.0023479012,-1
G078,G033,-0.0023483317,-1
G092,G010,-0.0023512756,-1
G028,G072,-0.0023557933,-1
G058,G017,-0.0023594256,-1
G086,G058,-0.0023599525,-1
G051,G065,-0.0023602026,-1
G050,G003,-0.0023608678,-1
G074,G028,-0.0023617644,-1
G032,G041,-0.0023630788,-1
G019,G055,-0.0023646348,-1
G070,G079,-0.0023649773,-1
G003,G063,-0.0023665715,-1
G091,G052,-0.0023675973,-1
G051,G068,-0.0023703307,-1
G029,G091,-0.0023784505,-1
G033,G056,-0.0023798782,-1
G090,G040,-0.002381897,-1
G009,G059,-0.0023856852,-1
G052,G050,-0.0023869511,-1
G027,G036,-0.0023872445,-1
G078,G028,-0.002388029,-1
G040,G037,-0.0023890694,-1
G035,G054,-0.0023905828,-1
G004,G037,-0.0023909006,-1
G034,G078,-0.0023909728,-1
G090,G072,-0.0023926254,-1
G039,G044,-0.0023929717,-1
G059,G026,-0.002395892,-1
G091,G065,-0.0023967521,-1
G057,G014,-0.0024003016,-1
G044,G067,-0.0024011105,-1
G045,G074,-0.002402252,-1
G041,G032,-0.0024037333,-1
G090,G068,-0.0024039974,-1
G044,G023,-0.0024054132,-1
G084,G038,-0.002405498,-1
G082,G094,-0.0024057738,-1
G017,G056,-0.0024064027,-1
G095,G037,-0.0024066954,-1
G042,G056,-0.002408909,-1
G086,G050,-0.0024096477,-1
G071,G084,-0.0024114214,-1
G044,G085,-0.0024127476,-1
G047,G083,-0.002414094,-1
G096,G017,-0.0024142815,-1
G027,G057,-0.0024149076,-1
G010,G081,-0.002416654,-1
G062,G051,-0.0024169246,-1
G039,G058,-0.002417732,-1
G006,G036,-0.0024182526,-1
G014,G057,-0.0024184443,-1
G004,G015,-0.0024192834,-1
G090,G100,-0.002420211,-1
G055,G014,-0.0024215095,-1
G098,G088,-0.0024226145,-1
G088,G047,-0.0024228613,-1
G018,G078,-0.002428457,-1
G092,G040,-0.0024322737,-1
G090,G099,-0.0024325505,-1
G008,G029,-0.002434469,-1
G036,G051,-0.0024363007,-1
G010,G037,-0.0024371843,-1
G008,G003,-0.0024374032,-1
G026,G074,-0.002438846,-1
G090,G074,-0.0024399154,-1
G003,G020,-0.0024413366,-1
G048,G086,-0.0024418146,-1
G036,G048,-0.0024422416,-1
G048,G030,-0.0024445164,-1
G007,G079,-0.0024445348,-1
G085,G071,-0.0024453104,-1
G047,G034,-0.002446473,-1
G034,G077,-0.002448154,-1
G074,G080,-0.002448445,-1
G043,G060,-0.002452048,-1
G001,G047,-0.0024576301,-1
G074,G005,-0.0024579067,-1
G092,G064,-0.0024580504,-1
G089,G085,-0.002460707,-1
G086,G046,-0.0024613186,-1
G065,G048,-0.0024630686,-1
G070,G093,-0.002463583,-1
G080,G090,-0.0024638232,-1
G076,G032,-0.0024662141,-1
G050,G094,-0.0024689755,-1
G066,G061,-0.0024708672,-1
G056,G051,-0.00247173,-1
G032,G037,-0.0024727173,-1
G003,G022,-0.0024728493,-1
G059,G090,-0.002478148,-1
G025,G081,-0.0024813348,-1
G029,G055,-0.002482038,-1
G064,G082,-0.0024826338,-1
G008,G095,-0.002484525,-1
G068,G092,-0.0024857263,-1
G060,G035,-0.0024909195,-1
G087,G024,-0.002495482,-1
G066,G054,-0.0024971596,-1
G022,G066,-0.0024995063,-1
G022,G038,-0.0025007722,-1
G067,G100,-0.0025021238,-1
G040,G005,-0.0025022014,-1
G064,G066,-0.0025030763,-1
G085,G002,-0.0025039571,-1
G015,G075,-0.0025049252,-1
G003,G091,-0.002508713,-1
G045,G023,-0.0025135847,-1
G098,G048,-0.0025171144,-1
G056,G001,-0.00252015,-1
G012,G018,-0.002521209,-1
G088,G014,-0.0025213265,-1
G030,G049,-0.0025272893,-1
G097,G068,-0.0025318924,-1
G069,G051,-0.0025365853,-1
G050,G027,-0.0025393004,-1
G081,G034,-0.0025423612,-1
G062,G059,-0.0025444592,-1
G056,G002,-0.0025461135,-1
G004,G071,-0.0025505647,-1
G068,G037,-0.002553346,-1
G041,G089,-0.0025536183,-1
G040,G050,-0.0025562963,-1
G069,G083,-0.0025602332,-1
G066,G056,-0.002560906,-1
G009,G087,-0.002561412,-1
G050,G026,-0.0025627534,-1
G042,G018,-0.002564018,-1
G057,G033,-0.0025647508,-1
G084,G057,-0.002565892,-1
G049,G023,-0.0025693688,-1
G065,G039,-0.0025703711,-1
G009,G011,-0.0025728086,-1
G022,G005,-0.0025734745,-1
G067,G097,-0.002574824,-1
G049,G070,-0.0025752399,-1
G089,G002,-0.0025769777,-1
G055,G015,-0.0025800075,-1
G024,G004,-0.002582863,-1
G098,G014,-0.0025849335,-1
G035,G037,-0.0025863557,-1
G074,G017,-0.0025894644,-1
G022,G043,-0.0025899839,-1
G056,G011,-0.0025940333,-1
G065,G030,-0.0025965953,-1
G022,G034,-0.0025986412,-1
G038,G026,-0.0026004424,-1
G083,G041,-0.0026009947,-1
G070,G099,-0.0026076976,-1
G024,G013,-0.0026077675,-1
G098,G016,-0.0026082972,-1
G022,G080,-0.0026110206,-1
G085,G080,-0.002612874,-1
G093,G081,-0.0026129908,-1
G006,G070,-0.0026137005,-1
G066,G048,-0.0026168963,-1
G090,G065,-0.002621094,-1
G079,G100,-0.0026216372,-1
G004,G070,-0.0026240011,-1
G081,G087,-0.0026240768,-1
G030,G041,-0.0026247422,-1
G093,G054,-0.0026259827,-1
G086,G057,-0.0026301483,-1
G061,G076,-0.0026328685,-1
G047,G065,-0.0026358776,-1
G042,G003,-0.0026362673,-1
G046,G030,-0.0026378096,-1
G046,G095,-0.0026378967,-1
G066,G040,-0.002638851,-1
G099,G071,-0.0026419503,-1
G061,G077,-0.0026422078,-1
G019,G020,-0.0026422725,-1
G014,G078,-0.0026426842,-1
G078,G017,-0.0026474989,-1
G076,G054,-0.002648091,-1
G030,G067,-0.0026491657,-1
G070,G060,-0.0026498195,-1
G060,G021,-0.0026531136,-1
G063,G067,-0.0026570607,-1
G064,G024,-0.0026596652,-1
G012,G057,-0.0026654187,-1
G004,G072,-0.002670524,-1
G067,G046,-0.0026736234,-1
G072,G022,-0.00267752,-1
G041,G006,-0.0026793818,-1
G032,G057,-0.0026814246,-1
G075,G066,-0.0026915714,-1
G063,G097,-0.0026932792,-1
G020,G051,-0.0026969628,-1
G015,G057,-0.0027027617,-1
G099,G077,-0.002704406,-1
G033,G069,-0.0027047507,-1
G013,G049,-0.0027061559,-1
G069,G072,-0.0027076711,-1
G091,G067,-0.002712443,-1
G023,G002,-0.002714512,-1
G040,G024,-0.0027169844,-1
G026,G093,-0.0027171073,-1
G001,G044,-0.0027172521,-1
G061,G051,-0.0027190284,-1
G063,G042,-0.0027196538,-1
G030,G010,-0.0027206282,-1
G074,G073,-0.002721455,-1
G060,G073,-0.0027244855,-1
G051,G091,-0.0027245667,-1
G019,G012,-0.002725819,-1
G023,G057,-0.002727213,-1
G054,G047,-0.002728069,-1
G026,G027,-0.0027303582,-1
G032,G027,-0.0027312841,-1
G076,G069,-0.0027335344,-1
G067,G093,-0.0027340995,-1
G012,G031,-0.0027352776,-1
G089,G041,-0.0027384157,-1
G034,G066,-0.0027390327,-1
G010,G046,-0.0027413995,-1
G042,G084,-0.0027438966,-1
G046,G002,-0.0027453445,-1
G056,G052,-0.002748967,-1
G057,G005,-0.0027531534,-1
G007,G081,-0.0027536359,-1
G018,G055,-0.0027541982,-1
G082,G088,-0.002755676,-1
G003,G065,-0.0027602424,-1
G007,G033,-0.0027603046,-1
G079,G004,-0.0027607249,-1
G013,G022,-0.002761284,-1
G035,G028,-0.0027656234,-1
G100,G037,-0.0027657088,-1
G100,G067,-0.002770762,-1
G075,G008,-0.0027711862,-1
G033,G077,-0.0027812512,-1
G053,G059,-0.002782792,-1
G090,G046,-0.0027891651,-1
G031,G044,-0.0027933018,-1
G002,G049,-0.0027961954,-1
G093,G062,-0.0027962094,-1
G093,G012,-0.002796389,-1
G079,G026,-0.0027977992,-1
G048,G035,-0.002802777,-1
G076,G009,-0.0028042227,-1
G011,G044,-0.0028088558,-1
G031,G015,-0.0028094908,-1
G074,G019,-0.0028100067,-1
G059,G045,-0.0028111665,-1
G093,G014,-0.002811932,-1
G060,G045,-0.0028121555,-1
G072,G091,-0.0028125772,-1
G073,G059,-0.0028131816,-1
G035,G061,-0.0028153153,-1
G011,G034,-0.002816799,-1
G008,G087,-0.0028178943,-1
G087,G069,-0.0028193092,-1
G034,G051,-0.0028224802,-1
G079,G082,-0.0028267843,-1
G023,G018,-0.0028298202,-1
G060,G095,-0.002833037,-1
G068,G091,-0.0028330553,-1
G047,G011,-0.0028348626,-1
G085,G003,-0.0028354332,-1
G046,G093,-0.0028361958,-1
G041,G038,-0.0028391203,-1
G008,G009,-0.0028404775,-1
G041,G086,-0.0028414761,-1
G068,G069,-0.0028447092,-1
G094,G036,-0.0028461874,-1
G046,G074,-0.0028484133,-1
G069,G036,-0.0028497064,-1
G062,G097,-0.0028508669,-1
G022,G037,-0.0028554539,-1
G004,G055,-0.0028581617,-1
G056,G049,-0.002859664,-1
G092,G073,-0.002862877,-1
G076,G045,-0.002865047,-1
G010,G031,-0.002865594,-1
G025,G005,-0.0028677331,-1
G041,G070,-0.0028729336,-1
G051,G038,-0.002873555,-1
G007,G020,-0.0028765458,-1
G072,G075,-0.0028807393,-1
G095,G031,-0.002883423,-1
G075,G041,-0.002883562,-1
G052,G058,-0.0028840827,-1
G074,G018,-0.002885901,-1
G090,G082,-0.0028862318,-1
G032,G087,-0.002886612,-1
G029,G004,-0.0028866918,-1
G040,G017,-0.002892356,-1
G094,G084,-0.0028927117,-1
G045,G008,-0.0028938537,-1
G061,G035,-0.0028940665,-1
G004,G034,-0.0028953128,-1
G016,G020,-0.0028959115,-1
G001,G080,-0.0028982416,-1
G053,G064,-0.002898511,-1
G088,G073,-0.0029030002,-1
G043,G005,-0.0029084976,-1
G055,G005,-0.0029087418,-1
G021,G093,-0.0029099062,-1
G092,G090,-0.002911751,-1
G011,G060,-0.0029118645,-1
G045,G076,-0.0029121772,-1
G050,G040,-0.002919299,-1
G092,G074,-0.0029225382,-1
G085,G082,-0.002922556,-1
G035,G015,-0.0029225727,-1
G081,G054,-0.002926919,-1
G049,G037,-0.002928664,-1
G096,G002,-0.0029315194,-1
G052,G027,-0.0029325876,-1
G018,G039,-0.002936828,-1
G067,G084,-0.0029371649,-1
G057,G003,-0.0029377234,-1
G044,G073,-0.002939565,-1
G002,G019,-0.0029417032,-1
G019,G094,-0.002946268,-1
G023,G087,-0.0029464825,-1
G065,G002,-0.0029479305,-1
G098,G074,-0.002951967,-1
G026,G050,-0.0029523424,-1
G067,G095,-0.0029531913,-1
G018,G002,-0.0029632144,-1
G098,G063,-0.0029669928,-1
G055,G053,-0.002971681,-1
G033,G079,-0.00297383,-1
G013,G045,-0.0029750054,-1
G016,G041,-0.0029792676,-1
G040,G049,-0.0029829438,-1
G038,G077,-0.0029851017,-1
G061,G018,-0.0029852376,-1
G077,G099,-0.0029904814,-1
G089,G082,-0.0029919483,-1
G022,G028,-0.0029926435,-1
G020,G025,-0.0029930405,-1
G035,G009,-0.0029940184,-1
G063,G012,-0.0029995425,-1
G001,G099,-0.0030022117,-1
G031,G023,-0.0030066045,-1
G078,G055,-0.003008797,-1
G091,G031,-0.0030094427,-1
G061,G020,-0.003010508,-1
G083,G029,-0.0030150726,-1
G077,G088,-0.0030196006,-1
G003,G062,-0.0030203348,-1
G002,G100,-0.0030215639,-1
G026,G052,-0.003022115,-1
G033,G091,-0.003023769,-1
G045,G061,-0.003024687,-1
G011,G027,-0.003025745,-1
G061,G044,-0.0030269898,-1
G029,G062,-0.0030293437,-1
G079,G032,-0.003031141,-1
G066,G096,-0.0030352734,-1
G043,G094,-0.0030355076,-1
G053,G008,-0.0030384206,-1
G034,G002,-0.0030408509,-1
G077,G054,-0.0030440707,-1
G047,G093,-0.003044868,-1
G074,G042,-0.0030514426,-1
G014,G043,-0.0030523168,-1
G007,G088,-0.003053538,-1
G053,G099,-0.0030563935,-1
G039,G008,-0.0030571977,-1
G059,G013,-0.0030581085,-1
G023,G098,-0.0030609418,-1
G051,G002,-0.0030672138,-1
G094,G087,-0.0030694644,-1
G078,G080,-0.0030708183,-1
G034,G070,-0.0030709554,-1
G048,G078,-0.0030741,-1
G071,G100,-0.0030773245,-1
G092,G012,-0.0030803252,-1
G050,G028,-0.003083972,-1
G013,G026,-0.003086659,-1
G088,G051,-0.0030871213,-1
G032,G005,-0.0030889336,-1
G017,G095,-0.0030891944,-1
G028,G093,-0.003097284,-1
G041,G012,-0.003097713,-1
G008,G046,-0.003098467,-1
G007,G059,-0.003099744,-1
G085,G046,-0.0031009985,-1
G056,G048,-0.0031012984,-1
G034,G052,-0.0031014376,-1
G026,G025,-0.0031035582,-1
G094,G047,-0.0031037237,-1
G004,G077,-0.003107725,-1
G026,G088,-0.0031080672,-1
G077,G017,-0.0031093122,-1
G031,G007,-0.0031147478,-1
G080,G015,-0.003115548,-1
G070,G022,-0.0031178987,-1
G078,G032,-0.0031190575,-1
G081,G072,-0.0031196924,-1
G045,G093,-0.0031203206,-1
G012,G025,-0.0031204133,-1
G075,G045,-0.00312163,-1
G055,G001,-0.0031217649,-1
G026,G067,-0.0031235544,-1
G078,G011,-0.00312484,-1
G027,G015,-0.0031252084,-1
G016,G059,-0.0031252112,-1
G042,G015,-0.0031282983,-1
G064,G009,-0.0031286885,-1
G030,G087,-0.0031300087,-1
G043,G090,-0.0031300238,-1
G096,G027,-0.0031305652,-1
G062,G071,-0.0031313242,-1
G078,G013,-0.0031323552,-1
G004,G057,-0.0031336024,-1
G044,G009,-0.0031377906,-1
G002,G053,-0.003138041,-1
G094,G062,-0.0031411191,-1
G013,G050,-0.0031418665,-1
G023,G099,-0.0031429469,-1
G064,G063,-0.003149301,-1
G005,G042,-0.0031513264,-1
G009,G022,-0.003156303,-1
G023,G015,-0.0031624609,-1
G084,G074,-0.0031635214,-1
G066,G015,-0.0031636104,-1
G013,G037,-0.0031639014,-1
G086,G065,-0.0031649326,-1
G018,G046,-0.0031699114,-1
G034,G024,-0.003171993,-1
G032,G080,-0.0031751008,-1
G079,G061,-0.0031758535,-1
G040,G087,-0.0031760847,-1
G082,G012,-0.0031763117,-1
G046,G098,-0.0031776743,-1
G035,G002,-0.0031801667,-1
G095,G002,-0.0031820484,-1
G063,G002,-0.0031821595,-1
G041,G047,-0.0031893551,-1
G018,G021,-0.003193519,-1
G023,G083,-0.00319512,-1
G062,G033,-0.0031969403,-1
G097,G048,-0.003199276,-1
G084,G031,-0.003199905,-1
G096,G028,-0.0032000109,-1
G032,G014,-0.003200774,-1
G034,G085,-0.0032027492,-1
G001,G018,-0.0032056784,-1
G011,G086,-0.0032061606,-1
G046,G065,-0.0032089853,-1
G063,G051,-0.0032111898,-1
G011,G087,-0.0032153258,-1
G034,G006,-0.0032169928,-1
G040,G045,-0.0032171481,-1
G096,G014,-0.003218985,-1
G076,G023,-0.0032241358,-1
G096,G097,-0.003224924,-1
G045,G015,-0.0032274271,-1
G057,G028,-0.0032300611,-1
G012,G059,-0.0032356589,-1
G072,G023,-0.0032406293,-1
G085,G043,-0.0032415427,-1
G024,G100,-0.0032423886,-1
G067,G034,-0.0032556255,-1
G058,G035,-0.0032569547,-1
G020,G003,-0.0032580951,-1
G063,G050,-0.0032582057,-1
G020,G092,-0.003258338,-1
G099,G016,-0.0032586458,-1
G071,G002,-0.0032594458,-1
G009,G058,-0.0032604272,-1
G091,G028,-0.0032610802,-1
G019,G048,-0.0032620581,-1
G046,G023,-0.0032623808,-1
G009,G007,-0.0032630074,-1
G031,G055,-0.00326639,-1
G086,G049,-0.0032707634,-1
G072,G058,-0.0032727167,-1
G004,G017,-0.0032776466,-1
G057,G079,-0.0032778818,-1
G039,G076,-0.003279019,-1
G064,G079,-0.003280098,-1
G026,G066,-0.0032830306,-1
G029,G001,-0.0032861684,-1
G051,G093,-0.0032863421,-1
G093,G082,-0.0032913429,-1
G064,G072,-0.0032975234,-1
G024,G033,-0.0032986696,-1
G032,G097,-0.0032997287,-1
G063,G004,-0.0033001662,-1
G045,G006,-0.0033019392,-1
G017,G047,-0.0033019728,-1
G094,G025,-0.0033054033,-1
G003,G031,-0.0033081905,-1
G032,G054,-0.0033099942,-1
G016,G022,-0.003310443,-1
G002,G095,-0.003311197,-1
G005,G037,-0.0033120017,-1
G098,G030,-0.0033130432,-1
G075,G030,-0.0033140471,-1
G044,G034,-0.0033201263,-1
G067,G037,-0.0033267005,-1
G045,G058,-0.0033270898,-1
G022,G006,-0.0033279222,-1
G092,G016,-0.0033291022,-1
G053,G024,-0.0033331919,-1
G084,G054,-0.0033388096,-1
G080,G096,-0.0033394129,-1
G084,G051,-0.003343434,-1
G064,G092,-0.0033441468,-1
G045,G028,-0.0033443987,-1
G040,G019,-0.003345184,-1
G090,G091,-0.003347045,-1
G071,G038,-0.0033492479,-1
G084,G058,-0.0033507429,-1
G018,G017,-0.0033514937,-1
G052,G017,-0.0033521506,-1
G084,G021,-0.0033566512,-1
G078,G062,-0.003358204,-1
G017,G091,-0.0033598817,-1
G076,G086,-0.003360959,-1
G022,G084,-0.0033622622,-1
G021,G014,-0.0033634051,-1
G057,G047,-0.0033663483,-1
G036,G038,-0.003366733,-1
G045,G005,-0.0033715395,-1
G080,G003,-0.0033732634,-1
G069,G041,-0.0033739153,-1
G091,G030,-0.0033768108,-1
G017,G042,-0.0033774453,-1
G034,G014,-0.0033779468,-1
G094,G032,-0.0033793997,-1
G043,G016,-0.0033807491,-1
G004,G091,-0.0033838418,-1
G080,G036,-0.003385929,-1
G014,G088,-0.0033883043,-1
G059,G027,-0.003389012,-1
G094,G095,-0.0033981088,-1
G039,G100,-0.0033998382,-1
G081,G092,-0.0034021258,-1
G008,G028,-0.0034055545,-1
G060,G061,-0.0034057836,-1
G047,G039,-0.0034084,-1
G075,G076,-0.0034084998,-1
G004,G011,-0.0034101077,-1
G080,G044,-0.0034108274,-1
G090,G038,-0.003412633,-1
G002,G061,-0.003413353,-1
G097,G072,-0.003414641,-1
G097,G038,-0.0034150605,-1
G005,G100,-0.003415609,-1
G093,G004,-0.0034160672,-1
G039,G096,-0.003422009,-1
G003,G007,-0.0034221753,-1
G089,G056,-0.0034225322,-1
G017,G026,-0.0034238312,-1
G064,G044,-0.003429166,-1
G030,G044,-0.0034307917,-1
G056,G080,-0.0034385328,-1
G081,G012,-0.0034388623,-1
G018,G026,-0.0034389833,-1
G071,G015,-0.0034393058,-1
G011,G021,-0.0034403931,-1
G005,G032,-0.003448675,-1
G037,G025,-0.003451005,-1
G008,G022,-0.0034512542,-1
G065,G092,-0.0034512782,-1
G001,G090,-0.003454165,-1
G032,G093,-0.0034555842,-1
G088,G064,-0.0034585807,-1
G084,G069,-0.0034592564,-1
G080,G028,-0.0034593262,-1
G037,G049,-0.003463361,-1
G080,G068,-0.0034684106,-1
G018,G015,-0.003469905,-1
G023,G041,-0.0034731228,-1
G047,G055,-0.003478714,-1
G048,G002,-0.003482289,-1
G009,G045,-0.0034826943,-1
G063,G048,-0.0034844156,-1
G028,G089,-0.0034902603,-1
G031,G089,-0.0034918464,-1
G095,G070,-0.0034975999,-1
G076,G033,-0.0035021415,-1
G030,G032,-0.0035023596,-1
G063,G008,-0.003508034,-1
G092,G022,-0.0035099126,-1
G018,G011,-0.0035162396,-1
G086,G033,-0.0035173201,-1
G039,G031,-0.0035184212,-1
G032,G061,-0.0035249235,-1
G083,G072,-0.0035301412,-1
G065,G069,-0.0035317282,-1
G035,G077,-0.003535509,-1
G042,G098,-0.0035365585,-1
G018,G031,-0.003537205,-1
G083,G014,-0.003537779,-1
G028,G012,-0.0035395762,-1
G095,G064,-0.003540586,-1
G054,G062,-0.003541153,-1
G066,G064,-0.0035447467,-1
G009,G095,-0.0035475101,-1
G048,G057,-0.0035480892,-1
G037,G027,-0.003548542,-1
G061,G022,-0.0035493902,-1
G093,G095,-0.0035518524,-1
G009,G014,-0.003553291,-1
G020,G048,-0.0035557272,-1
G054,G088,-0.0035592117,-1
G042,G033,-0.0035624995,-1
G023,G038,-0.00356436,-1
G049,G065,-0.003564733,-1
G076,G022,-0.0035649308,-1
G082,G006,-0.003573619,-1
G024,G069,-0.0035748684,-1
G063,G029,-0.0035753956,-1
G014,G077,-0.0035760773,-1
G063,G038,-0.0035785374,-1
G074,G066,-0.003579905,-1
G097,G061,-0.0035804345,-1
G082,G024,-0.00358423,-1
G067,G029,-0.0035844082,-1
G097,G094,-0.0035866823,-1
G001,G064,-0.003587975,-1
G067,G045,-0.0035935196,-1
G069,G045,-0.0035962274,-1
G061,G072,-0.0035977617,-1
G008,G021,-0.0035986986,-1
G028,G017,-0.0036017813,-1
G021,G034,-0.003604088,-1
G068,G079,-0.0036056344,-1
G041,G082,-0.0036072442,-1
G039,G040,-0.0036075483,-1
G093,G100,-0.0036108014,-1
G094,G026,-0.0036134338,-1
G085,G005,-0.0036190269,-1
G060,G051,-0.0036198485,-1
G043,G067,-0.0036216925,-1
G012,G030,-0.0036217347,-1
G016,G009,-0.003622765,-1
G026,G019,-0.0036237834,-1
G008,G016,-0.0036238562,-1
G068,G053,-0.003624233,-1
G089,G039,-0.0036248383,-1
G043,G089,-0.0036255606,-1
G095,G091,-0.0036275878,-1
G070,G067,-0.003637556,-1
G075,G070,-0.0036409507,-1
G050,G024,-0.003645203,-1
G022,G018,-0.0036468767,-1
G023,G043,-0.0036483028,-1
G079,G086,-0.0036542863,-1
G085,G088,-0.0036555936,-1
G016,G096,-0.0036595014,-1
G062,G013,-0.003672643,-1
G069,G032,-0.0036784536,-1
G093,G060,-0.003678543,-1
G006,G060,-0.0036786445,-1
G088,G019,-0.0036814814,-1
G007,G009,-0.0036835873,-1
G088,G077,-0.00368473,-1
G055,G090,-0.003691419,-1
G052,G023,-0.0036920416,-1
G091,G042,-0.0036949357,-1
G061,G026,-0.0036969362,-1
G070,G011,-0.0036977264,-1
G042,G038,-0.003699517,-1
G025,G006,-0.0037044848,-1
G072,G067,-0.0037045106,-1
G092,G095,-0.0037071384,-1
G022,G042,-0.0037073556,-1
G009,G021,-0.0037091293,-1
G079,G084,-0.0037094047,-1
G028,G026,-0.0037120094,-1
G049,G081,-0.0037154756,-1
G047,G059,-0.003720459,-1
G046,G070,-0.0037207548,-1
G041,G019,-0.0037221774,-1
G019,G037,-0.003723699,-1
G087,G017,-0.0037281876,-1
G097,G004,-0.003728352,-1
G089,G023,-0.003730369,-1
G076,G055,-0.0037316768,-1
G083,G086,-0.0037329046,-1
G080,G024,-0.0037333174,-1
G096,G087,-0.0037336852,-1
G064,G058,-0.0037349474,-1
G092,G038,-0.0037356222,-1
G058,G032,-0.0037366892,-1
G099,G066,-0.0037370003,-1
G073,G031,-0.0037399544,-1
G072,G062,-0.003745612,-1
G079,G029,-0.0037461328,-1
G001,G089,-0.0037524817,-1
G049,G068,-0.0037536088,-1
G019,G032,-0.0037537862,-1
G040,G093,-0.0037569809,-1
G034,G007,-0.0037593052,-1
G090,G028,-0.0037657376,-1
G046,G089,-0.0037692497,-1
G099,G081,-0.0037729004,-1
G054,G008,-0.0037760625,-1
G026,G071,-0.0037795447,-1
G041,G056,-0.0037807787,-1
G083,G077,-0.0037821843,-1
G087,G081,-0.0037823168,-1
G026,G029,-0.0037839834,-1
G035,G099,-0.0037841918,-1
G073,G078,-0.0037855688,-1
G012,G062,-0.00378879,-1
G007,G075,-0.0037889862,-1
G013,G096,-0.0037905022,-1
G009,G078,-0.0037927346,-1
G025,G082,-0.0037931472,-1
G069,G017,-0.003795279,-1
G013,G080,-0.003796063,-1
G054,G083,-0.0038000848,-1
G041,G068,-0.0038014778,-1
G024,G066,-0.0038046222,-1
G100,G076,-0.0038052031,-1
G053,G029,-0.003805423,-1
G097,G009,-0.003806937,-1
G056,G035,-0.0038071985,-1
G007,G095,-0.0038112428,-1
G082,G078,-0.0038168298,-1
G066,G014,-0.003817626,-1
G084,G045,-0.0038201103,-1
G050,G078,-0.0038264906,-1
G015,G081,-0.0038268042,-1
G066,G094,-0.00382836,-1
G027,G086,-0.0038298895,-1
G006,G063,-0.0038305412,-1
G025,G056,-0.0038311875,-1
G027,G037,-0.0038317288,-1
G077,G082,-0.0038326131,-1
G083,G045,-0.0038333836,-1
G057,G022,-0.0038395305,-1
G070,G050,-0.0038405843,-1
G062,G077,-0.0038454696,-1
G074,G039,-0.0038504484,-1
G096,G022,-0.0038533784,-1
G039,G054,-0.0038549828,-1
G032,G022,-0.003855435,-1
G051,G041,-0.0038570042,-1
G080,G005,-0.003857206,-1
G093,G085,-0.0038616976,-1
G023,G027,-0.0038618012,-1
G100,G057,-0.0038641263,-1
G031,G097,-0.0038691305,-1
G015,G002,-0.0038713866,-1
G011,G022,-0.003871799,-1
G071,G045,-0.0038720183,-1
G034,G054,-0.0038723387,-1
G074,G065,-0.0038744926,-1
G054,G030,-0.003874899,-1
G026,G032,-0.0038750565,-1
G046,G008,-0.0038760107,-1
G032,G076,-0.0038779033,-1
G029,G039,-0.0038812305,-1
G007,G094,-0.003881592,-1
G078,G063,-0.0038839928,-1
G040,G003,-0.003884911,-1
G083,G095,-0.0038852475,-1
G003,G011,-0.0038862159,-1
G036,G092,-0.0038869556,-1
G020,G001,-0.0038928483,-1
G046,G082,-0.0038973028,-1
G034,G050,-0.0039052865,-1
G002,G018,-0.0039077117,-1
G052,G066,-0.003908475,-1
G089,G009,-0.003912463,-1
G041,G052,-0.003912506,-1
G080,G021,-0.0039138463,-1
G043,G057,-0.0039158575,-1
G045,G022,-0.003916231,-1
G088,G049,-0.0039168657,-1
G028,G084,-0.0039170054,-1
G030,G031,-0.003921887,-1
G044,G007,-0.003922129,-1
G028,G060,-0.003922163,-1
G061,G034,-0.003922815,-1
G059,G042,-0.0039283847,-1
G030,G040,-0.0039319852,-1
G070,G055,-0.003934328,-1
G037,G064,-0.003936019,-1
G090,G056,-0.0039381073,-1
G017,G076,-0.0039394223,-1
G059,G064,-0.003941114,-1
G088,G074,-0.0039412715,-1
G082,G070,-0.0039414717,-1
G062,G041,-0.0039432137,-1
G092,G031,-0.0039462703,-1
G017,G098,-0.0039501647,-1
G028,G027,-0.0039569647,-1
G046,G086,-0.0039583356,-1
G098,G055,-0.0039583775,-1
G100,G089,-0.0039597065,-1
G030,G003,-0.00395995,-1
G013,G073,-0.0039611547,-1
G072,G076,-0.0039630346,-1
G025,G013,-0.0039643245,-1
G013,G068,-0.003965462,-1
G075,G051,-0.0039718803,-1
G048,G033,-0.003973987,-1
G072,G012,-0.00397831,-1
G049,G084,-0.0039844983,-1
G045,G047,-0.0039896234,-1
G028,G071,-0.0039905156,-1
G029,G068,-0.003990673,-1
G089,G059,-0.003994486,-1
G075,G077,-0.003996031,-1
G037,G087,-0.0040009734,-1
G063,G039,-0.0040040365,-1
G052,G068,-0.004007126,-1
G039,G083,-0.004014867,-1
G100,G066,-0.004015685,-1
G093,G083,-0.0040162397,-1
G008,G089,-0.004017657,-1
G044,G043,-0.0040193414,-1
G080,G008,-0.004025778,-1
G017,G040,-0.004027136,-1
G077,G037,-0.0040282407,-1
G094,G008,-0.00402989,-1
G076,G006,-0.0040315464,-1
G062,G052,-0.004033534,-1
G031,G001,-0.0040337644,-1
G022,G085,-0.004037478,-1
G076,G073,-0.0040381746,-1
G037,G040,-0.004038631,-1
G033,G092,-0.0040406855,-1
G006,G037,-0.004041584,-1
G009,G047,-0.00404161,-1
G008,G063,-0.004049226,-1
G008,G077,-0.0040494665,-1
G052,G076,-0.0040497673,-1
G013,G055,-0.004050026,-1
G002,G081,-0.0040537855,-1
G094,G018,-0.004061642,-1
G035,G001,-0.0040619816,-1
G058,G084,-0.0040626572,-1
G037,G081,-0.0040640854,-1
G002,G031,-0.0040664985,-1
G017,G100,-0.0040687,-1
G015,G001,-0.004070756,-1
G089,G014,-0.0040724245,-1
G076,G046,-0.004073195,-1
G050,G077,-0.004075983,-1
G021,G018,-0.004078325,-1
G015,G024,-0.004078371,-1
G074,G061,-0.0040828492,-1
G010,G001,-0.004086425,-1
G028,G079,-0.0040885177,-1
G066,G084,-0.004094644,-1
G022,G053,-0.004099098,-1
G052,G096,-0.0041010645,-1
G038,G099,-0.004102647,-1
G011,G024,-0.0041027837,-1
G094,G045,-0.00410459,-1
G096,G006,-0.0041069128,-1
G016,G098,-0.004110003,-1
G082,G090,-0.0041105784,-1
G022,G059,-0.0041113705,-1
G010,G073,-0.0041123177,-1
G092,G077,-0.0041126097,-1
G015,G076,-0.0041130153,-1
G060,G082,-0.004113089,-1
G055,G007,-0.004118176,-1
G016,G085,-0.004118957,-1
G080,G001,-0.0041197464,-1
G033,G004,-0.00412146,-1
G039,G037,-0.0041219583,-1
G033,G080,-0.004124006,-1
G026,G045,-0.0041242777,-1
G046,G044,-0.0041260975,-1
G021,G035,-0.0041273246,-1
G090,G001,-0.0041295527,-1
G055,G046,-0.004130167,-1
G022,G030,-0.004130616,-1
G084,G036,-0.0041306335,-1
G032,G092,-0.0041349838,-1
G062,G038,-0.004135654,-1
G033,G095,-0.004136219,-1
G015,G037,-0.00413716,-1
G003,G069,-0.0041428655,-1
G046,G019,-0.004146116,-1
G011,G004,-0.0041465983,-1
G012,G038,-0.0041492796,-1
G074,G091,-0.0041494765,-1
G041,G017,-0.0041508907,-1
G004,G067,-0.0041524773,-1
G050,G057,-0.0041534016,-1
G002,G041,-0.0041562314,-1
G009,G019,-0.0041562426,-1
G077,G046,-0.0041575627,-1
G020,G041,-0.004161843,-1
G086,G032,-0.0041682683,-1
G043,G011,-0.0041710287,-1
G011,G063,-0.004177017,-1
G069,G085,-0.0041781734,-1
G081,G095,-0.004179803,-1
G017,G028,-0.0041819084,-1
G086,G006,-0.0041845297,-1
G008,G037,-0.004187349,-1
G025,G028,-0.0041966476,-1
G024,G006,-0.004200876,-1
G100,G030,-0.0042019426,-1
G053,G078,-0.0042045712,-1
G006,G038,-0.0042104884,-1
G080,G099,-0.004212608,-1
G047,G092,-0.0042134942,-1
G099,G052,-0.0042137275,-1
G025,G007,-0.004215003,-1
G058,G077,-0.00422005,-1
G084,G070,-0.004220708,-1
G022,G070,-0.0042214803,-1
G056,G084,-0.004223418,-1
G071,G055,-0.004225761,-1
G086,G062,-0.004231466,-1
G057,G087,-0.004231784,-1
G008,G073,-0.0042322865,-1
G100,G035,-0.0042323614,-1
G089,G060,-0.0042339265,-1
G015,G013,-0.0042353957,-1
G067,G041,-0.0042360625,-1
G073,G050,-0.0042385943,-1
G056,G081,-0.0042388476,-1
G097,G011,-0.004238881,-1
G052,G042,-0.004240585,-1
G037,G006,-0.0042430153,-1
G095,G066,-0.004247233,-1
G028,G059,-0.0042473977,-1
G024,G036,-0.004250798,-1
G070,G071,-0.004252297,-1
G100,G092,-0.004252609,-1
G084,G085,-0.0042534336,-1
G032,G029,-0.004255765,-1
G099,G055,-0.004256653,-1
G031,G005,-0.004258986,-1
G083,G059,-0.004259016,-1
G019,G003,-0.00426199,-1
G020,G021,-0.0042636725,-1
G096,G073,-0.0042644343,-1
G080,G057,-0.0042655664,-1
G072,G043,-0.00426656,-1
G085,G028,-0.004267417,-1
G091,G051,-0.0042690025,-1
G046,G003,-0.004269426,-1
G074,G004,-0.00426976,-1
G030,G006,-0.0042712013,-1
G088,G026,-0.004271231,-1
G053,G013,-0.004273438,-1
G100,G043,-0.004276142,-1
G052,G090,-0.004276494,-1
G022,G002,-0.0042767855,-1
G004,G033,-0.0042769127,-1
G031,G003,-0.004277643,-1
G051,G054,-0.004282127,-1
G025,G054,-0.004283061,-1
G051,G059,-0.004283148,-1
G046,G100,-0.004285429,-1
G050,G081,-0.004286206,-1
G070,G033,-0.004286455,-1
G055,G075,-0.0042912583,-1
G041,G097,-0.004293154,-1
G025,G090,-0.0042932252,-1
G056,G068,-0.004296385,-1
G025,G016,-0.0043070796,-1
G084,G049,-0.0043073427,-1
G077,G030,-0.0043143905,-1
G077,G004,-0.0043168357,-1
G009,G092,-0.004318916,-1
G064,G038,-0.0043205433,-1
G016,G063,-0.0043211184,-1
G028,G074,-0.004321566,-1
G090,G053,-0.0043253647,-1
G011,G033,-0.004327404,-1
G004,G027,-0.0043297936,-1
G084,G067,-0.004332878,-1
G019,G035,-0.0043335427,-1
G053,G043,-0.004335798,-1
G077,G045,-0.004339292,-1
G094,G061,-0.004346529,-1
G012,G073,-0.0043499637,-1
G016,G075,-0.0043504355,-1
G032,G047,-0.004352946,-1
G025,G084,-0.00435569,-1
G071,G056,-0.0043594595,-1
G071,G032,-0.004361579,-1
G014,G050,-0.004362341,-1
G099,G012,-0.0043769996,-1
G062,G040,-0.004381564,-1
G041,G007,-0.004383114,-1
G040,G006,-0.0043840874,-1
G004,G005,-0.004389288,-1
G031,G011,-0.004393385,-1
G098,G037,-0.0043942714,-1
G069,G055,-0.00439622,-1
G015,G020,-0.0043967753,-1
G009,G028,-0.004400817,-1
G059,G002,-0.0044068904,-1
G085,G048,-0.004407464,-1
G019,G085,-0.0044104294,-1
G073,G018,-0.004410811,-1
G091,G040,-0.004413913,-1
G020,G084,-0.004417145,-1
G042,G095,-0.004417157,-1
G094,G041,-0.004418699,-1
G097,G064,-0.004420887,-1
G015,G036,-0.0044239033,-1
G005,G030,-0.004424104,-1
G042,G019,-0.0044263583,-1
G063,G059,-0.0044277296,-1
G085,G030,-0.0044296724,-1
G068,G039,-0.0044302675,-1
G048,G037,-0.004430319,-1
G010,G055,-0.0044340463,-1
G031,G083,-0.004434387,-1
G071,G091,-0.004434827,-1
G059,G096,-0.0044363276,-1
G023,G094,-0.004447097,-1
G068,G038,-0.0044477526,-1
G011,G037,-0.0044494076,-1
G099,G062,-0.0044496283,-1
G036,G034,-0.0044516535,-1
G027,G064,-0.0044526346,-1
G095,G081,-0.0044552684,-1
G001,G084,-0.004455353,-1
G030,G072,-0.004457491,-1
G035,G008,-0.004459004,-1
G067,G028,-0.0044654896,-1
G001,G098,-0.0044659358,-1
G070,G081,-0.0044690194,-1
G061,G079,-0.004473443,-1
G020,G067,-0.00447598,-1
G032,G081,-0.0044765663,-1
G004,G020,-0.004477512,-1
G009,G065,-0.0044779996,-1
G083,G002,-0.0044843177,-1
G050,G072,-0.0044907304,-1
G002,G065,-0.004492522,-1
G060,G090,-0.004493595,-1
G091,G054,-0.004494329,-1
G018,G033,-0.004495657,-1
G063,G019,-0.0044976263,-1
G053,G051,-0.004500083,-1
G049,G001,-0.0045001907,-1
G072,G030,-0.004500706,-1
G054,G097,-0.0045015393,-1
G011,G014,-0.0045024413,-1
G049,G067,-0.0045047654,-1
G093,G010,-0.0045061475,-1
G077,G050,-0.004510856,-1
G017,G027,-0.004511229,-1
G076,G096,-0.004513153,-1
G054,G015,-0.004515051,-1
G026,G038,-0.0045192614,-1
G099,G018,-0.004521764,-1
G045,G066,-0.0045260685,-1
G099,G065,-0.0045289877,-1
G010,G074,-0.004541322,-1
G060,G089,-0.0045420635,-1
G071,G081,-0.0045434367,-1
G059,G047,-0.004543836,-1
G042,G059,-0.004545447,-1
G047,G081,-0.0045524673,-1
G051,G032,-0.004552487,-1
G030,G029,-0.0045530777,-1
G081,G004,-0.004556133,-1
G055,G038,-0.004558854,-1
G077,G026,-0.0045600547,-1
G040,G042,-0.004569752,-1
G068,G057,-0.00457062,-1
G050,G047,-0.0045720134,-1
G100,G071,-0.0045736395,-1
G062,G064,-0.0045756497,-1
G018,G056,-0.00457963,-1
G093,G065,-0.004579816,-1
G051,G094,-0.004588048,-1
G049,G061,-0.004589898,-1
G032,G066,-0.0045994124,-1
G045,G060,-0.004599467,-1
G085,G052,-0.004601443,-1
G017,G016,-0.0046046367,-1
G063,G073,-0.0046102824,-1
G050,G041,-0.004611244,-1
G078,G020,-0.0046128756,-1
G067,G075,-0.0046133343,-1
G074,G014,-0.0046141883,-1
G056,G082,-0.004614689,-1
G045,G075,-0.004615706,-1
G052,G082,-0.0046161283,-1
G028,G062,-0.004619054,-1
G067,G098,-0.0046192193,-1
G069,G016,-0.0046195663,-1
G005,G062,-0.0046196505,-1
G055,G067,-0.004622031,-1
G027,G012,-0.004626764,-1
G031,G020,-0.004630269,-1
G015,G054,-0.004633303,-1
G073,G029,-0.0046333107,-1
G052,G069,-0.004634435,-1
G086,G007,-0.004636411,-1
G088,G095,-0.004638582,-1
G038,G087,-0.004655003,-1
G077,G069,-0.004655108,-1
G076,G001,-0.004655572,-1
G021,G031,-0.004657266,-1
G033,G065,-0.0046608755,-1
G078,G038,-0.00466188,-1
G031,G028,-0.0046623894,-1
G029,G052,-0.0046624383,-1
G027,G051,-0.0046665547,-1
G014,G009,-0.004667563,-1
G033,G054,-0.0046704877,-1
G008,G032,-0.004672474,-1
G100,G045,-0.0046878695,-1
G005,G022,-0.004690907,-1
G039,G068,-0.004692464,-1
G078,G075,-0.0046926327,-1
G086,G095,-0.0046937317,-1
G063,G016,-0.00469761,-1
G066,G008,-0.004698528,-1
G013,G059,-0.004702249,-1
G078,G049,-0.0047030663,-1
G029,G018,-0.0047046077,-1
G094,G023,-0.004705774,-1
G017,G083,-0.004709895,-1
G007,G001,-0.004713639,-1
G008,G060,-0.004715504,-1
G028,G005,-0.004718923,-1
G081,G028,-0.0047189468,-1
G005,G098,-0.0047248364,-1
G069,G074,-0.004729559,-1
G066,G080,-0.0047310153,-1
G089,G061,-0.0047311853,-1
G064,G034,-0.0047329897,-1
G069,G099,-0.0047331946,-1
G083,G080,-0.0047340617,-1
G009,G091,-0.0047343085,-1
G051,G095,-0.004744908,-1
G090,G098,-0.0047476185,-1
G049,G042,-0.004749485,-1
G085,G012,-0.0047567454,-1
G013,G020,-0.004758229,-1
G084,G026,-0.004760437,-1
G025,G004,-0.0047653327,-1
G052,G031,-0.004766465,-1
G096,G030,-0.0047677793,-1
G022,G094,-0.004775475,-1
G048,G100,-0.004775489,-1
G012,G075,-0.0047755647,-1
G074,G011,-0.0047769044,-1
G029,G089,-0.004789936,-1
G059,G057,-0.004790856,-1
G039,G056,-0.0047909804,-1
G062,G001,-0.004796973,-1
G073,G017,-0.0048049693,-1
G095,G016,-0.004806945,-1
G066,G042,-0.0048072105,-1
G096,G025,-0.004807973,-1
G011,G025,-0.0048080957,-1
G033,G073,-0.0048093293,-1
G074,G088,-0.004810308,-1
G061,G078,-0.004810319,-1
G061,G045,-0.0048165754,-1
G052,G099,-0.004818582,-1
G089,G005,-0.004818944,-1
G063,G022,-0.0048193024,-1
G009,G055,-0.0048273224,-1
G017,G012,-0.004830469,-1
G068,G034,-0.004830677,-1
G028,G036,-0.004832629,-1
G049,G040,-0.004837419,-1
G071,G090,-0.0048377644,-1
G043,G044,-0.0048407908,-1
G098,G018,-0.004842582,-1
G092,G056,-0.004844044,-1
G026,G018,-0.00484514,-1
G073,G036,-0.0048498013,-1
G085,G058,-0.004856399,-1
G021,G048,-0.004857731,-1
G072,G061,-0.004859854,-1
G095,G077,-0.0048629832,-1
G005,G047,-0.004864365,-1
G083,G090,-0.004864601,-1
G006,G086,-0.0048692073,-1
G035,G066,-0.0048700473,-1
G027,G008,-0.0048709223,-1
G082,G038,-0.0048742946,-1
G097,G031,-0.004876534,-1
G016,G011,-0.004882985,-1
G011,G092,-0.0048833424,-1
G070,G001,-0.0048840763,-1
G017,G046,-0.0048848023,-1
G057,G009,-0.004891169,-1
G093,G028,-0.00489309,-1
G054,G040,-0.004896915,-1
G047,G006,-0.0048985505,-1
G008,G053,-0.0048989463,-1
G076,G007,-0.004902543,-1
G084,G066,-0.0049090423,-1
G014,G032,-0.004909389,-1
G080,G086,-0.0049095387,-1
G060,G005,-0.004909894,-1
G077,G012,-0.004909994,-1
G028,G040,-0.0049103494,-1
G018,G020,-0.0049153347,-1
G089,G070,-0.004915336,-1
G099,G094,-0.0049287067,-1
G042,G071,-0.004928861,-1
G037,G058,-0.00493071,-1
G055,G012,-0.0049319956,-1
G045,G037,-0.004933601,-1
G022,G078,-0.004942145,-1
G027,G090,-0.004944343,-1
G010,G023,-0.0049451133,-1
G078,G015,-0.0049455315,-1
G035,G034,-0.00495331,-1
G076,G044,-0.0049538463,-1
G079,G024,-0.004956256,-1
G007,G066,-0.0049597025,-1
G027,G007,-0.004962122,-1
G031,G057,-0.0049634795,-1
G091,G062,-0.004970288,-1
G025,G080,-0.004985892,-1
G002,G044,-0.0049860203,-1
G083,G001,-0.004989146,-1
G042,G068,-0.0049911095,-1
G027,G019,-0.0049937805,-1
G036,G012,-0.005004079,-1
G075,G016,-0.0050046686,-1
G091,G060,-0.0050095064,-1
G068,G065,-0.005009838,-1
G022,G040,-0.0050122193,-1
G023,G095,-0.0050142957,-1
G032,G074,-0.0050188755,-1
G004,G085,-0.005023811,-1
G052,G009,-0.0050240024,-1
G097,G069,-0.005025514,-1
G011,G093,-0.005033264,-1
G032,G008,-0.00503365,-1
G079,G077,-0.00503479,-1
G090,G008,-0.005034833,-1
G040,G069,-0.005041403,-1
G022,G091,-0.00504352,-1
G089,G055,-0.0050438372,-1
G063,G020,-0.005044633,-1
G018,G057,-0.0050461143,-1
G005,G028,-0.005047347,-1
G028,G007,-0.0050481,-1
G039,G064,-0.0050491295,-1
G053,G035,-0.005050664,-1
G026,G084,-0.0050506652,-1
G078,G039,-0.00505211,-1
G003,G035,-0.0050600274,-1
G063,G070,-0.0050607864,-1
G030,G016,-0.0050609508,-1
G049,G013,-0.005063324,-1
G092,G091,-0.0050635603,-1
G036,G081,-0.005064384,-1
G068,G040,-0.0050646896,-1
G070,G003,-0.0050647804,-1
G061,G009,-0.00506837,-1
G062,G056,-0.0050696214,-1
G078,G067,-0.0050729266,-1
G057,G010,-0.0050740507,-1
G048,G019,-0.0050752116,-1
G004,G083,-0.005078493,-1
G022,G081,-0.005080655,-1
G038,G098,-0.005082656,-1
G052,G003,-0.0050896727,-1
G069,G073,-0.0050961557,-1
G090,G041,-0.0050982446,-1
G021,G022,-0.0051012207,-1
G084,G062,-0.0051021036,-1
G089,G058,-0.005106213,-1
G007,G087,-0.005106993,-1
G072,G092,-0.005107257,-1
G046,G066,-0.0051078196,-1
G081,G050,-0.0051090852,-1
G064,G018,-0.005109341,-1
G019,G068,-0.005114786,-1
G031,G094,-0.005115977,-1
G014,G075,-0.0051161773,-1
G037,G079,-0.005117667,-1
G028,G034,-0.0051209694,-1
G091,G014,-0.0051230835,-1
G084,G018,-0.0051242937,-1
G045,G070,-0.005128705,-1
G050,G014,-0.0051340316,-1
G090,G016,-0.00513533,-1
G033,G007,-0.005138635,-1
G093,G029,-0.0051419754,-1
G005,G007,-0.0051461784,-1
G050,G062,-0.005148879,-1
G085,G025,-0.0051490515,-1
G037,G014,-0.005149338,-1
G081,G078,-0.005151998,-1
G016,G035,-0.0051525505,-1
G085,G035,-0.0051544798,-1
G099,G073,-0.0051550143,-1
G070,G027,-0.005155979,-1
G095,G034,-0.005160512,-1
G071,G029,-0.0051613655,-1
G048,G076,-0.0051614945,-1
G056,G089,-0.005163319,-1
G046,G047,-0.0051670857,-1
G064,G048,-0.0051687723,-1
G050,G036,-0.005169378,-1
G030,G069,-0.005170982,-1
G096,G049,-0.005178494,-1
G041,G075,-0.0051885094,-1
G068,G084,-0.005190587,-1
G099,G048,-0.005199794,-1
G001,G022,-0.0052108723,-1
G043,G013,-0.005212227,-1
G097,G076,-0.0052141314,-1
G009,G006,-0.0052148253,-1
G046,G056,-0.0052169976,-1
G020,G063,-0.0052179154,-1
G037,G077,-0.0052220174,-1
G092,G084,-0.0052306657,-1
G050,G008,-0.0052346615,-1
G069,G060,-0.005239184,-1
G025,G034,-0.005243819,-1
G022,G082,-0.0052454737,-1
G099,G013,-0.0052497745,-1
G090,G073,-0.0052529974,-1
G027,G083,-0.0052537243,-1
G025,G032,-0.005253865,-1
G041,G084,-0.005255577,-1
G092,G051,-0.005256801,-1
G086,G042,-0.0052598906,-1
G031,G058,-0.005260068,-1
G012,G023,-0.0052645383,-1
G091,G078,-0.0052646166,-1
G092,G076,-0.005267899,-1
G049,G009,-0.0052688993,-1
G080,G083,-0.0052692913,-1
G020,G036,-0.0052726907,-1
G035,G084,-0.005274664,-1
G088,G016,-0.005277005,-1
G098,G043,-0.0052819736,-1
G081,G084,-0.0052830554,-1
G009,G012,-0.005286142,-1
G015,G007,-0.0052879895,-1
G035,G086,-0.0052939225,-1
G063,G065,-0.005297944,-1
G005,G084,-0.0053019887,-1
G076,G016,-0.005304701,-1
G047,G019,-0.0053049135,-1
G073,G100,-0.005305185,-1
G069,G009,-0.005305702,-1
G074,G036,-0.005310107,-1
G018,G027,-0.0053126495,-1
G078,G037,-0.005316924,-1
G076,G050,-0.005319562,-1
G030,G098,-0.0053204847,-1
G094,G060,-0.0053214515,-1
G079,G037,-0.005322093,-1
G099,G082,-0.005322762,-1
G008,G027,-0.005325198,-1
G100,G079,-0.005327581,-1
G029,G082,-0.0053318096,-1
G099,G015,-0.005334183,-1
G026,G041,-0.00534033,-1
G015,G058,-0.0053409548,-1
G063,G062,-0.005342026,-1
G100,G028,-0.005346703,-1
G095,G062,-0.005349212,-1
G093,G048,-0.00535186,-1
G036,G004,-0.00535262,-1
G080,G043,-0.0053561064,-1
G024,G064,-0.0053570718,-1
G020,G046,-0.00535794,-1
G005,G070,-0.005358854,-1
G045,G027,-0.005359503,-1
G083,G061,-0.005360974,-1
G100,G085,-0.005362156,-1
G010,G075,-0.005363157,-1
G046,G059,-0.0053653624,-1
G026,G080,-0.0053713843,-1
G074,G063,-0.0053757867,-1
G035,G071,-0.005378912,-1
G009,G032,-0.0053815916,-1
G075,G038,-0.0053904178,-1
G002,G035,-0.0053910087,-1
G090,G070,-0.005392275,-1
G095,G067,-0.0053927,-1
G040,G012,-0.0053934427,-1
G062,G016,-0.00539913,-1
G001,G036,-0.005400724,-1
G015,G050,-0.005401218,-1
G098,G081,-0.005401583,-1
G021,G009,-0.0054056505,-1
G050,G001,-0.0054106945,-1
G013,G044,-0.0054112845,-1
G037,G010,-0.0054115695,-1
G041,G024,-0.0054151705,-1
G085,G091,-0.0054179733,-1
G066,G098,-0.0054180375,-1
G085,G087,-0.0054206476,-1
G072,G068,-0.005420658,-1
G079,G080,-0.0054237233,-1
G091,G086,-0.0054247957,-1
G072,G018,-0.005426797,-1
G040,G064,-0.005429681,-1
G065,G003,-0.005433826,-1
G003,G006,-0.0054358896,-1
G040,G025,-0.0054363287,-1
G070,G049,-0.005436791,-1
G082,G025,-0.005438844,-1
G092,G054,-0.005440062,-1
G002,G092,-0.0054419604,-1
G027,G068,-0.005445663,-1
G062,G002,-0.0054459143,-1
G100,G013,-0.0054513435,-1
G095,G048,-0.0054524424,-1
G085,G017,-0.005462368,-1
G054,G099,-0.005464072,-1
G014,G073,-0.005466001,-1
G096,G100,-0.0054660947,-1
G095,G059,-0.0054662405,-1
G005,G046,-0.005467306,-1
G083,G012,-0.0054724794,-1
G040,G056,-0.005472937,-1
G086,G038,-0.005476611,-1
G026,G090,-0.0054792054,-1
G037,G053,-0.005483725,-1
G080,G034,-0.0054867603,-1
G065,G058,-0.0054909866,-1
G050,G022,-0.005492765,-1
G060,G047,-0.0054990253,-1
G011,G078,-0.0055052927,-1
G014,G027,-0.0055064736,-1
G094,G037,-0.005508153,-1
G014,G082,-0.005509027,-1
G035,G052,-0.005514662,-1
G071,G036,-0.0055152955,-1
G090,G088,-0.0055193435,-1
G048,G029,-0.00552832,-1
G006,G083,-0.0055294833,-1
G037,G055,-0.0055322745,-1
G090,G055,-0.0055348976,-1
G011,G096,-0.0055386187,-1
G044,G046,-0.005540774,-1
G070,G021,-0.0055422783,-1
G007,G070,-0.0055424473,-1
G024,G021,-0.0055557177,-1
G064,G031,-0.0055573047,-1
G005,G099,-0.00555932,-1
G071,G010,-0.0055617667,-1
G003,G009,-0.005563916,-1
G099,G044,-0.0055674994,-1
G034,G032,-0.0055703926,-1
G094,G058,-0.005570603,-1
G068,G030,-0.005571663,-1
G009,G037,-0.005573412,-1
G080,G072,-0.005574113,-1
G089,G057,-0.0055766837,-1
G029,G095,-0.0055856677,-1
G030,G020,-0.0055864784,-1
G033,G061,-0.005587104,-1
G001,G021,-0.0055871564,-1
G017,G077,-0.0055877822,-1
G091,G039,-0.005588796,-1
G022,G026,-0.0055925725,-1
G019,G075,-0.005593174,-1
G016,G044,-0.0055944338,-1
G008,G067,-0.005594947,-1
G041,G026,-0.005598821,-1
G068,G087,-0.005600515,-1
G020,G093,-0.0056050397,-1
G086,G052,-0.0056052203,-1
G067,G063,-0.0056053796,-1
G071,G046,-0.0056112665,-1
G062,G048,-0.0056125154,-1
G088,G092,-0.0056138025,-1
G083,G028,-0.005615247,-1
G091,G089,-0.0056162635,-1
G002,G050,-0.0056228656,-1
G003,G036,-0.0056234896,-1
G046,G007,-0.0056390367,-1
G032,G100,-0.005639932,-1
G087,G015,-0.0056413035,-1
G023,G072,-0.0056421673,-1
G044,G059,-0.005645802,-1
G095,G035,-0.0056527825,-1
G093,G092,-0.005655649,-1
G021,G074,-0.0056582917,-1
G008,G026,-0.0056607295,-1
G003,G074,-0.005667329,-1
G067,G027,-0.005668067,-1
G096,G007,-0.0056693517,-1
G095,G044,-0.0056802947,-1
G031,G036,-0.005681354,-1
G077,G034,-0.005684237,-1
G074,G070,-0.0056850514,-1
G077,G095,-0.0056866594,-1
G080,G042,-0.005686977,-1
G027,G067,-0.005689227,-1
G084,G083,-0.0056901537,-1
G016,G026,-0.0056914724,-1
G091,G046,-0.0056979232,-1
G017,G084,-0.0056992033,-1
G029,G067,-0.00569931,-1
G076,G071,-0.0057016225,-1
G043,G036,-0.005708099,-1
G030,G062,-0.0057095983,-1
G038,G003,-0.005710122,-1
G008,G051,-0.0057124053,-1
G098,G051,-0.0057147373,-1
G063,G093,-0.005714805,-1
G022,G036,-0.0057196016,-1
G052,G004,-0.005723876,-1
G098,G092,-0.00573156,-1
G068,G073,-0.0057344562,-1
G100,G077,-0.005734894,-1
G088,G072,-0.005744452,-1
G071,G094,-0.0057446472,-1
G079,G093,-0.005745652,-1
G077,G083,-0.005746262,-1
G036,G017,-0.0057463106,-1
G001,G025,-0.0057558324,-1
G068,G033,-0.0057585817,-1
G006,G031,-0.005763997,-1
G057,G052,-0.005764298,-1
G087,G023,-0.005764956,-1
G088,G036,-0.0057651633,-1
G098,G058,-0.005767489,-1
G012,G088,-0.0057692626,-1
G065,G089,-0.0057779173,-1
G069,G076,-0.005783206,-1
G098,G033,-0.005787187,-1
G014,G062,-0.0057903267,-1
G047,G060,-0.0057936017,-1
G061,G054,-0.0057966528,-1
G091,G047,-0.00580016,-1
G082,G035,-0.005800337,-1
G054,G089,-0.005800651,-1
G070,G020,-0.0058040493,-1
G087,G034,-0.00580472,-1
G006,G057,-0.0058062426,-1
G036,G050,-0.0058151414,-1
G054,G036,-0.0058174003,-1
G075,G083,-0.005818682,-1
G042,G091,-0.0058187773,-1
G057,G040,-0.005822938,-1
G030,G042,-0.005823116,-1
G024,G093,-0.005824114,-1
G058,G049,-0.0058269836,-1
G079,G067,-0.0058339285,-1
G015,G046,-0.005835753,-1
G100,G082,-0.005846516,-1
G076,G012,-0.0058489977,-1
G011,G047,-0.005856997,-1
G024,G043,-0.0058580013,-1
G083,G064,-0.005863164,-1
G074,G049,-0.005865305,-1
G059,G030,-0.0058742207,-1
G072,G063,-0.005881713,-1
G094,G089,-0.0058871545,-1
G060,G092,-0.0058897925,-1
G029,G098,-0.0058899764,-1
G060,G009,-0.0058923154,-1
G033,G010,-0.0058949105,-1
G070,G073,-0.005903857,-1
G081,G017,-0.005913749,-1
G055,G068,-0.005914368,-1
G012,G041,-0.0059213797,-1
G096,G080,-0.0059223,-1
G055,G032,-0.005923302,-1
G025,G048,-0.0059271795,-1
G062,G034,-0.005928877,-1
G031,G080,-0.005929114,-1
G065,G026,-0.005930469,-1
G070,G077,-0.005935642,-1
G070,G087,-0.0059362273,-1
G067,G039,-0.0059370836,-1
G012,G080,-0.005937973,-1
G093,G089,-0.005938261,-1
G064,G062,-0.005940213,-1
G037,G070,-0.005940424,-1
G007,G006,-0.0059438767,-1
G062,G096,-0.0059484616,-1
G027,G025,-0.0059489356,-1
G048,G085,-0.005952023,-1
G060,G068,-0.0059550297,-1
G093,G013,-0.00595692,-1
G093,G080,-0.0059715426,-1
G031,G043,-0.0059876465,-1
G065,G011,-0.005990738,-1
G096,G001,-0.005992439,-1
G100,G081,-0.0059933662,-1
G100,G023,-0.005995221,-1
G086,G043,-0.005998324,-1
G093,G031,-0.0060015856,-1
G010,G072,-0.006008071,-1
G027,G021,-0.006012757,-1
G069,G028,-0.00602194,-1
G041,G001,-0.0060347435,-1
G019,G096,-0.006042162,-1
G021,G083,-0.006047583,-1
G050,G029,-0.0060499874,-1
G049,G046,-0.0060500912,-1
G011,G085,-0.006053134,-1
G018,G045,-0.0060570664,-1
G040,G001,-0.0060588694,-1
G053,G045,-0.0060604294,-1
G046,G016,-0.00606323,-1
G081,G046,-0.0060667056,-1
G008,G006,-0.0060673933,-1
G031,G099,-0.006072934,-1
G004,G016,-0.0060812663,-1
G080,G091,-0.0060816226,-1
G096,G060,-0.006082671,-1
G075,G043,-0.0060834507,-1
G012,G001,-0.006084486,-1
G085,G041,-0.006086831,-1
G001,G077,-0.00609157,-1
G022,G064,-0.0060992204,-1
G038,G074,-0.006100514,-1
G087,G095,-0.0061028614,-1
G094,G086,-0.0061037582,-1
G065,G098,-0.0061081685,-1
G089,G093,-0.0061099855,-1
G035,G032,-0.006110722,-1
G005,G089,-0.0061131977,-1
G008,G030,-0.0061147423,-1
G037,G090,-0.0061193807,-1
G063,G034,-0.0061249,-1
G098,G090,-0.006126584,-1
G098,G039,-0.006127702,-1
G063,G081,-0.006128785,-1
G020,G014,-0.0061383597,-1
G024,G085,-0.006138392,-1
G027,G028,-0.0061402842,-1
G060,G056,-0.0061443616,-1
G064,G093,-0.006148712,-1
G065,G066,-0.0061503015,-1
G068,G025,-0.0061522285,-1
G097,G022,-0.0061539463,-1
G078,G096,-0.0061559733,-1
G089,G031,-0.0061798203,-1
G068,G011,-0.0061801104,-1
G054,G066,-0.0061802883,-1
G043,G038,-0.0061843814,-1
G039,G038,-0.006187446,-1
G055,G010,-0.006190444,-1
G076,G064,-0.0061927806,-1
G080,G059,-0.006194879,-1
G097,G002,-0.006196085,-1
G030,G033,-0.0061973715,-1
G074,G016,-0.00620041,-1
G067,G099,-0.006200689,-1
G014,G091,-0.006200957,-1
G002,G090,-0.0062032165,-1
G018,G053,-0.006204208,-1
G036,G033,-0.0062109097,-1
G003,G046,-0.0062122443,-1
G100,G088,-0.00621433,-1
G086,G005,-0.0062187077,-1
G001,G068,-0.0062299627,-1
G032,G062,-0.006236801,-1
G093,G040,-0.006239418,-1
G048,G006,-0.006241183,-1
G013,G057,-0.0062415185,-1
G018,G054,-0.0062448913,-1
G091,G004,-0.0062472243,-1
G044,G058,-0.0062501337,-1
G071,G053,-0.006252879,-1
G030,G027,-0.0062528863,-1
G010,G038,-0.006253008,-1
G014,G023,-0.0062544877,-1
G089,G084,-0.006259932,-1
G040,G020,-0.0062625203,-1
G081,G019,-0.0062645846,-1
G079,G070,-0.006269061,-1
G047,G095,-0.006270194,-1
G058,G013,-0.0062778704,-1
G038,G069,-0.006278344,-1
G017,G053,-0.006278386,-1
G096,G093,-0.0062848143,-1
G075,G096,-0.006291393,-1
G024,G077,-0.0062920293,-1
G037,G020,-0.006293099,-1
G029,G012,-0.0062955776,-1
G087,G064,-0.006299657,-1
G031,G010,-0.0063012694,-1
G058,G073,-0.0063043344,-1
G027,G087,-0.0063064955,-1
G032,G025,-0.0063117505,-1
G023,G051,-0.006317316,-1
G090,G077,-0.0063192747,-1
G084,G059,-0.0063219843,-1
G098,G089,-0.006325582,-1
G021,G085,-0.0063257148,-1
G003,G061,-0.0063290754,-1
G063,G068,-0.006331562,-1
G080,G026,-0.0063329404,-1
G033,G015,-0.0063403025,-1
G025,G055,-0.0063418485,-1
G049,G096,-0.0063515063,-1
G046,G073,-0.006352701,-1
G007,G056,-0.0063536055,-1
G002,G098,-0.0063559227,-1
G061,G097,-0.0063614203,-1
G012,G096,-0.006371699,-1
G022,G072,-0.0063789915,-1
G094,G079,-0.0063807517,-1
G097,G086,-0.0063835867,-1
G086,G031,-0.0063859597,-1
G049,G059,-0.006387025,-1
G052,G013,-0.006388403,-1
G014,G068,-0.006393684,-1
G047,G086,-0.00639792,-1
G009,G086,-0.0063982615,-1
G093,G094,-0.006400193,-1
G089,G035,-0.0064018024,-1
G096,G008,-0.0064029037,-1
G047,G069,-0.006404446,-1
G001,G045,-0.0064071724,-1
G065,G045,-0.0064098453,-1
G028,G049,-0.0064129573,-1
G045,G034,-0.006412969,-1
G073,G046,-0.0064136465,-1
G024,G076,-0.0064140656,-1
G018,G051,-0.006417538,-1
G078,G047,-0.006418212,-1
G050,G088,-0.0064266315,-1
G050,G092,-0.0064319912,-1
G055,G082,-0.006433361,-1
G070,G078,-0.006435305,-1
G063,G083,-0.0064428314,-1
G056,G039,-0.006442935,-1
G056,G072,-0.0064451382,-1
G095,G063,-0.0064453147,-1
G042,G086,-0.00644731,-1
G087,G013,-0.006450517,-1
G002,G039,-0.0064536347,-1
G077,G043,-0.006460804,-1
G044,G081,-0.0064615547,-1
G004,G009,-0.006462626,-1
G090,G092,-0.0064712367,-1
G026,G070,-0.006475196,-1
G046,G063,-0.0064762654,-1
G036,G095,-0.006478105,-1
G021,G058,-0.0064801374,-1
G008,G045,-0.0064821034,-1
G010,G020,-0.0064825583,-1
G094,G085,-0.006486423,-1
G050,G032,-0.006487342,-1
G005,G002,-0.0064882613,-1
G074,G060,-0.0064909393,-1
G099,G010,-0.006491845,-1
G033,G043,-0.006492239,-1
G047,G050,-0.006495211,-1
G047,G012,-0.006496719,-1
G068,G052,-0.0065003675,-1
G097,G027,-0.0065029347,-1
G083,G016,-0.006509957,-1
G015,G009,-0.0065153237,-1
G039,G059,-0.006516174,-1
G060,G011,-0.0065255007,-1
G026,G057,-0.0065255323,-1
G046,G099,-0.0065263584,-1
G052,G020,-0.006529377,-1
G055,G059,-0.0065308437,-1
G064,G099,-0.0065349415,-1
G018,G080,-0.0065384833,-1
G093,G038,-0.0065385043,-1
G080,G011,-0.006540297,-1
G081,G009,-0.0065407613,-1
G066,G057,-0.006542547,-1
G015,G073,-0.0065488927,-1
G007,G005,-0.0065523665,-1
G026,G053,-0.006557307,-1
G040,G060,-0.006559755,-1
G055,G037,-0.0065683303,-1
G071,G050,-0.0065755066,-1
G055,G091,-0.0065772003,-1
G095,G004,-0.006579926,-1
G010,G053,-0.0065811034,-1
G040,G013,-0.0065872227,-1
G016,G092,-0.00659229,-1
G098,G042,-0.006603376,-1
G013,G083,-0.0066089313,-1
G066,G071,-0.006610251,-1
G034,G073,-0.006611544,-1
G059,G073,-0.0066144173,-1
G047,G063,-0.0066160834,-1
G017,G039,-0.0066219787,-1
G009,G069,-0.0066221114,-1
G035,G044,-0.0066251163,-1
G036,G024,-0.0066282107,-1
G093,G078,-0.0066288165,-1
G003,G027,-0.006631571,-1
G068,G098,-0.006631874,-1
G015,G097,-0.006632336,-1
G095,G071,-0.006634543,-1
G089,G068,-0.006640949,-1
G062,G065,-0.006668728,-1
G072,G085,-0.006674553,-1
G036,G079,-0.006679634,-1
G074,G048,-0.006689611,-1
G069,G088,-0.0066917655,-1
G045,G013,-0.0066987737,-1
G010,G007,-0.006700235,-1
G039,G001,-0.0067038992,-1
G014,G017,-0.0067054695,-1
G014,G030,-0.0067083887,-1
G038,G030,-0.006708502,-1
G037,G032,-0.0067120804,-1
G048,G056,-0.006714372,-1
G083,G025,-0.006714413,-1
G087,G025,-0.006717298,-1
G003,G021,-0.006718251,-1
G004,G047,-0.0067234873,-1
G049,G048,-0.0067247017,-1
G050,G068,-0.0067318715,-1
G050,G089,-0.0067328126,-1
G034,G061,-0.0067332103,-1
G074,G045,-0.006736369,-1
G034,G076,-0.00673888,-1
G070,G032,-0.0067405757,-1
G082,G050,-0.0067471964,-1
G003,G071,-0.006750581,-1
G006,G059,-0.006754925,-1
G017,G080,-0.006755319,-1
G004,G002,-0.0067570074,-1
G023,G030,-0.0067772535,-1
G056,G030,-0.006777766,-1
G079,G060,-0.006777826,-1
G049,G056,-0.006780862,-1
G073,G085,-0.006791249,-1
G074,G006,-0.0067980434,-1
G087,G079,-0.00679975,-1
G098,G094,-0.006800243,-1
G025,G062,-0.0068020606,-1
G002,G003,-0.006803416,-1
G037,G004,-0.00680568,-1
G070,G053,-0.0068060183,-1
G045,G046,-0.0068150666,-1
G033,G024,-0.0068161404,-1
G081,G051,-0.006816674,-1
G006,G091,-0.006819047,-1
G080,G047,-0.0068196636,-1
G040,G036,-0.006823632,-1
G014,G040,-0.0068245316,-1
G100,G029,-0.0068263095,-1
G084,G098,-0.006833625,-1
G040,G027,-0.0068407264,-1
G016,G099,-0.0068564904,-1
G060,G034,-0.0068572653,-1
G018,G008,-0.0068719345,-1
G062,G021,-0.006874477,-1
G054,G080,-0.0068814103,-1
G061,G021,-0.0068831844,-1
G078,G014,-0.006887087,-1
G098,G080,-0.0068874652,-1
G056,G014,-0.0068936558,-1
G092,G035,-0.0068937703,-1
G032,G095,-0.006899215,-1
G094,G063,-0.006902479,-1
G064,G060,-0.006906539,-1
G038,G067,-0.006915903,-1
G038,G079,-0.0069187353,-1
G060,G033,-0.0069254087,-1
G050,G098,-0.0069286823,-1
G060,G014,-0.0069332905,-1
G060,G099,-0.0069364486,-1
G025,G070,-0.0069439504,-1
G006,G032,-0.0069458243,-1
G088,G042,-0.006948167,-1
G060,G072,-0.0069539193,-1
G032,G004,-0.006960898,-1
G091,G071,-0.006961772,-1
G009,G076,-0.006967178,-1
G044,G060,-0.006967555,-1
G026,G015,-0.006975474,-1
G027,G058,-0.006982973,-1
G079,G023,-0.0069869296,-1
G097,G095,-0.0069905045,-1
G074,G020,-0.006992262,-1
G054,G081,-0.00699343,-1
G091,G094,-0.0069969846,-1
G060,G032,-0.0070018154,-1
G052,G035,-0.0070193056,-1
G085,G015,-0.0070211394,-1
G027,G047,-0.0070294314,-1
G080,G071,-0.007032452,-1
G077,G014,-0.0070332093,-1
G049,G015,-0.0070339805,-1
G074,G012,-0.0070413677,-1
G003,G001,-0.007047726,-1
G053,G022,-0.0070542563,-1
G043,G073,-0.0070547154,-1
G059,G011,-0.0070569036,-1
G072,G051,-0.0070599667,-1
G094,G083,-0.00706061,-1
G026,G065,-0.007065013,-1
G068,G054,-0.0070763472,-1
G016,G034,-0.007078857,-1
G078,G040,-0.007079624,-1
G065,G052,-0.0070832893,-1
G088,G021,-0.007084641,-1
G099,G035,-0.0070861336,-1
G069,G012,-0.0070866365,-1
G070,G036,-0.007097413,-1
G024,G089,-0.0071083955,-1
G080,G052,-0.0071165934,-1
G088,G065,-0.007121026,-1
G058,G021,-0.0071450775,-1
G013,G046,-0.007146558,-1
G016,G058,-0.007153683,-1
G017,G015,-0.007158795,-1
G093,G002,-0.007161066,-1
G060,G070,-0.0071646185,-1
G036,G008,-0.007168313,-1
G046,G048,-0.0071793934,-1
G013,G034,-0.007184503,-1
G035,G087,-0.007196254,-1
G047,G089,-0.007204658,-1
G088,G038,-0.0072160433,-1
G023,G066,-0.007216743,-1
G030,G086,-0.0072241435,-1
G075,G011,-0.007229771,-1
G003,G017,-0.007229862,-1
G005,G066,-0.0072306637,-1
G045,G067,-0.007237598,-1
G020,G013,-0.007239105,-1
G098,G054,-0.0072433916,-1
G052,G047,-0.007251862,-1
G086,G053,-0.0072536413,-1
G017,G065,-0.007253839,-1
G049,G062,-0.0072540953,-1
G083,G021,-0.007255778,-1
G083,G057,-0.007255948,-1
G040,G048,-0.007272874,-1
G094,G003,-0.0072739813,-1
G090,G097,-0.0072742607,-1
G050,G058,-0.007280715,-1
G025,G057,-0.007286883,-1
G046,G049,-0.007287029,-1
G037,G100,-0.007287494,-1
G009,G030,-0.0072906013,-1
G059,G075,-0.007302658,-1
G081,G026,-0.007308616,-1
G059,G051,-0.0073097525,-1
G021,G019,-0.007310493,-1
G065,G084,-0.007316232,-1
G045,G084,-0.0073184073,-1
G051,G046,-0.007322863,-1
G017,G005,-0.0073345513,-1
G032,G082,-0.007341552,-1
G008,G004,-0.0073443204,-1
G094,G012,-0.0073457314,-1
G070,G058,-0.0073498385,-1
G004,G045,-0.0073507894,-1
G071,G009,-0.0073509933,-1
G050,G045,-0.0073511666,-1
G054,G045,-0.007352733,-1
G088,G005,-0.007357967,-1
G042,G067,-0.007364156,-1
G072,G006,-0.0073784557,-1
G016,G051,-0.0073795635,-1
G075,G044,-0.0073831454,-1
G059,G065,-0.007383704,-1
G018,G071,-0.0073849303,-1
G089,G033,-0.0073864795,-1
G068,G022,-0.007389074,-1
G039,G030,-0.007391435,-1
G069,G048,-0.0073959623,-1
G089,G074,-0.007403099,-1
G095,G099,-0.0074045644,-1
G011,G042,-0.007417849,-1
G012,G086,-0.0074179163,-1
G040,G004,-0.0074191,-1
G027,G013,-0.007421984,-1
G071,G028,-0.007431587,-1
G083,G074,-0.0074378895,-1
G055,G050,-0.0074389824,-1
G081,G053,-0.0074425833,-1
G096,G005,-0.007444048,-1
G071,G086,-0.0074447277,-1
G026,G008,-0.007449065,-1
G071,G052,-0.007449706,-1
G075,G002,-0.0074504185,-1
G049,G002,-0.0074517885,-1
G049,G006,-0.007457398,-1
G079,G052,-0.0074596177,-1
G053,G038,-0.0074615576,-1
G075,G099,-0.007470193,-1
G052,G084,-0.0074701994,-1
G022,G097,-0.007478169,-1
G003,G034,-0.007496578,-1
G045,G064,-0.007496998,-1
G081,G062,-0.0074973633,-1
G018,G070,-0.007500107,-1
G097,G065,-0.007505816,-1
G053,G039,-0.0075059654,-1
G038,G071,-0.00750776,-1
G014,G033,-0.00751141,-1
G050,G063,-0.0075115697,-1
G081,G011,-0.0075141266,-1
G005,G026,-0.00752279,-1
G046,G083,-0.007526295,-1
G030,G028,-0.0075284974,-1
G013,G030,-0.007533139,-1
G063,G058,-0.0075344755,-1
G053,G073,-0.0075372355,-1
G087,G039,-0.007538147,-1
G005,G034,-0.007539406,-1
G060,G097,-0.007544971,-1
G014,G076,-0.007546178,-1
G071,G014,-0.007547133,-1
G036,G057,-0.007549918,-1
G071,G092,-0.007560619,-1
G069,G015,-0.00756334,-1
G038,G035,-0.0075669326,-1
G100,G015,-0.0075683077,-1
G063,G094,-0.007576681,-1
G068,G056,-0.0075835395,-1
G006,G030,-0.0075859493,-1
G044,G016,-0.0075974925,-1
G027,G063,-0.0076095853,-1
G018,G096,-0.007623895,-1
G017,G075,-0.007627356,-1
G090,G011,-0.0076317084,-1
G066,G029,-0.007635008,-1
G019,G006,-0.007636379,-1
G046,G035,-0.0076464005,-1
G033,G087,-0.0076487428,-1
G086,G035,-0.0076535293,-1
G001,G029,-0.007655281,-1
G076,G038,-0.0076576443,-1
G030,G012,-0.007665266,-1
G065,G043,-0.0076676803,-1
G087,G016,-0.0076678656,-1
G073,G001,-0.0076723825,-1
G016,G024,-0.00767441,-1
G014,G003,-0.0076802815,-1
G039,G010,-0.007681064,-1
G034,G029,-0.0076865214,-1
G059,G088,-0.0076933,-1
G067,G044,-0.007694449,-1
G007,G022,-0.0076980772,-1
G020,G091,-0.0077083576,-1
G004,G014,-0.007709697,-1
G072,G088,-0.0077137053,-1
G081,G098,-0.007719376,-1
G010,G088,-0.0077283154,-1
G024,G007,-0.0077343043,-1
G031,G059,-0.0077350885,-1
G066,G022,-0.0077429605,-1
G069,G005,-0.007749985,-1
G021,G011,-0.0077610845,-1
G076,G100,-0.0077621676,-1
G042,G079,-0.007774636,-1
G010,G048,-0.0077871294,-1
G003,G045,-0.007799962,-1
G042,G012,-0.0078017553,-1
G087,G071,-0.0078085223,-1
G043,G018,-0.007816341,-1
G048,G072,-0.007818986,-1
G098,G067,-0.007826534,-1
G007,G054,-0.007832967,-1
G074,G040,-0.0078337,-1
G085,G056,-0.007837875,-1
G044,G074,-0.007838154,-1
G068,G002,-0.00783862,-1
G035,G024,-0.007840745,-1
G063,G047,-0.007845667,-1
G037,G044,-0.007853645,-1
G028,G052,-0.007860656,-1
G020,G068,-0.007862411,-1
G009,G063,-0.007864845,-1
G038,G046,-0.007869424,-1
G100,G086,-0.007873274,-1
G089,G026,-0.0078762835,-1
G072,G002,-0.00788418,-1
G098,G027,-0.007902456,-1
G045,G031,-0.007921767,-1
G021,G044,-0.007923173,-1
G019,G022,-0.007928328,-1
G037,G063,-0.007931461,-1
G012,G004,-0.007936375,-1
G005,G036,-0.00793817,-1
G063,G003,-0.007942936,-1
G062,G099,-0.007947841,-1
G071,G057,-0.007949629,-1
G094,G082,-0.007950076,-1
G086,G011,-0.007953824,-1
G036,G053,-0.007961018,-1
G016,G093,-0.007962057,-1
G073,G095,-0.007966273,-1
G034,G097,-0.0079695145,-1
G024,G090,-0.00797228,-1
G035,G027,-0.007981446,-1
G018,G041,-0.007982418,-1
G020,G042,-0.007987274,-1
G032,G013,-0.007987896,-1
G006,G014,-0.007991452,-1
G044,G015,-0.007991962,-1
G024,G079,-0.00799295,-1
G100,G027,-0.007994619,-1
G006,G010,-0.007996178,-1
G019,G087,-0.007996909,-1
G060,G046,-0.008002346,-1
G024,G009,-0.008010751,-1
G049,G075,-0.008016589,-1
G100,G093,-0.008020922,-1
G068,G047,-0.008021001,-1
G071,G011,-0.008031795,-1
G064,G007,-0.008035217,-1
G096,G013,-0.008045948,-1
G094,G071,-0.008054115,-1
G054,G050,-0.008054121,-1
G029,G048,-0.008054846,-1
G041,G053,-0.008056892,-1
G013,G028,-0.008064376,-1
G041,G100,-0.008070504,-1
G024,G057,-0.008071208,-1
G075,G064,-0.008076201,-1
G038,G076,-0.008092014,-1
G069,G062,-0.008092597,-1
G037,G073,-0.008097446,-1
G054,G013,-0.0081180055,-1
G024,G067,-0.008129182,-1
G019,G067,-0.008144402,-1
G006,G047,-0.008154684,-1
G007,G051,-0.008160478,-1
G025,G002,-0.008171055,-1
G045,G088,-0.008174556,-1
G013,G005,-0.00818046,-1
G026,G017,-0.008184021,-1
G087,G098,-0.008185822,-1
G086,G082,-0.008187052,-1
G094,G056,-0.0081879245,-1
G078,G009,-0.008190305,-1
G066,G097,-0.008192081,-1
G073,G023,-0.008195,-1
G048,G059,-0.008201534,-1
G004,G061,-0.008204528,-1
G051,G043,-0.008211911,-1
G054,G055,-0.008212681,-1
G014,G054,-0.008214292,-1
G024,G014,-0.00821549,-1
G024,G072,-0.008215739,-1
G034,G033,-0.008218197,-1
G027,G069,-0.008222357,-1
G097,G056,-0.008224937,-1
G068,G016,-0.008225265,-1
G023,G069,-0.008230149,-1
G081,G055,-0.0082379915,-1
G090,G006,-0.0082491655,-1
G078,G027,-0.0082539255,-1
G053,G026,-0.008266289,-1
G089,G071,-0.008267593,-1
G035,G090,-0.008268878,-1
G027,G078,-0.008269033,-1
G012,G100,-0.008276699,-1
G029,G093,-0.008279388,-1
G028,G024,-0.008285786,-1
G024,G020,-0.008288524,-1
G002,G025,-0.008293937,-1
G020,G060,-0.008295619,-1
G026,G051,-0.00829808,-1
G047,G015,-0.008310164,-1
G096,G071,-0.008310867,-1
G067,G040,-0.008318297,-1
G038,G020,-0.008326834,-1
G073,G010,-0.008329559,-1
G077,G075,-0.0083306,-1
G053,G057,-0.008331801,-1
G050,G005,-0.0083517125,-1
G072,G044,-0.008355245,-1
G005,G029,-0.008360817,-1
G098,G044,-0.008364878,-1
G043,G092,-0.008372432,-1
G004,G032,-0.008378196,-1
G023,G025,-0.008381911,-1
G100,G044,-0.008397663,-1
G044,G091,-0.008411837,-1
G002,G029,-0.008446714,-1
G085,G098,-0.008451372,-1
G059,G100,-0.008462725,-1
G074,G096,-0.008471733,-1
G067,G074,-0.008478876,-1
G083,G085,-0.008478952,-1
G045,G065,-0.008485445,-1
G021,G097,-0.008494958,-1
G055,G028,-0.008501415,-1
G099,G046,-0.008502291,-1
G079,G005,-0.008503094,-1
G001,G052,-0.008518377,-1
G011,G068,-0.008528507,-1
G074,G056,-0.008530229,-1
G088,G091,-0.008541544,-1
G069,G094,-0.008544684,-1
G037,G051,-0.008545874,-1
G067,G077,-0.008552461,-1
G043,G065,-0.008553938,-1
G062,G007,-0.008562024,-1
G020,G039,-0.008572651,-1
G026,G060,-0.008574018,-1
G037,G083,-0.008575447,-1
G086,G092,-0.008579326,-1
G075,G073,-0.008588885,-1
G009,G079,-0.008590088,-1
G098,G024,-0.00859316,-1
G007,G026,-0.008603779,-1
G024,G096,-0.008604003,-1
G001,G058,-0.0086048,-1
G047,G075,-0.008609171,-1
G009,G003,-0.008614986,-1
G075,G057,-0.008619306,-1
G001,G078,-0.008655576,-1
G075,G087,-0.008662187,-1
G078,G012,-0.008663499,-1
G002,G010,-0.008664215,-1
G046,G041,-0.008669492,-1
G016,G045,-0.008681171,-1
G079,G042,-0.008686279,-1
G061,G030,-0.008691041,-1
G034,G008,-0.008700828,-1
G068,G049,-0.008701124,-1
G051,G022,-0.008711409,-1
G005,G039,-0.008715638,-1
G092,G014,-0.008723036,-1
G075,G081,-0.008731694,-1
G038,G084,-0.008737896,-1
G034,G079,-0.008739075,-1
G051,G049,-0.008754565,-1
G082,G051,-0.008755145,-1
G019,G076,-0.00876266,-1
G013,G079,-0.008764947,-1
G020,G019,-0.008771454,-1
G049,G030,-0.008772556,-1
G097,G053,-0.008778517,-1
G023,G085,-0.008787286,-1
G091,G045,-0.008797543,-1
G002,G051,-0.00879851,-1
G027,G072,-0.008824637,-1
G066,G079,-0.0088247415,-1
G094,G039,-0.008845984,-1
G003,G088,-0.008851485,-1
G099,G049,-0.00885378,-1
G009,G035,-0.008864191,-1
G088,G094,-0.008867219,-1
G083,G082,-0.008874384,-1
G079,G050,-0.008877547,-1
G073,G008,-0.008878362,-1
G058,G061,-0.008884972,-1
G084,G097,-0.008888253,-1
G042,G090,-0.008893177,-1
G007,G042,-0.008908755,-1
G053,G023,-0.008913523,-1
G088,G009,-0.008918596,-1
G036,G072,-0.008918969,-1
G056,G022,-0.0089201275,-1
G074,G076,-0.008924233,-1
G064,G006,-0.00893646,-1
G033,G036,-0.00893816,-1
G049,G036,-0.008940669,-1
G077,G049,-0.008947549,-1
G021,G006,-0.008950832,-1
G033,G072,-0.008966931,-1
G010,G051,-0.00896938,-1
G085,G070,-0.0089813955,-1
G095,G100,-0.0089846505,-1
G005,G017,-0.00899229,-1
G025,G087,-0.008993733,-1
G056,G034,-0.00900108,-1
G038,G092,-0.009001913,-1
G008,G093,-0.009003833,-1
G001,G020,-0.009004388,-1
G066,G083,-0.009017858,-1
G096,G035,-0.009022694,-1
G073,G004,-0.009051212,-1
G047,G009,-0.009052419,-1
G039,G021,-0.009052971,-1
G031,G039,-0.009056884,-1
G075,G054,-0.009064464,-1
G058,G019,-0.009071833,-1
G027,G080,-0.009073122,-1
G055,G025,-0.00907533,-1
G034,G086,-0.009082619,-1
G007,G072,-0.009091175,-1
G042,G088,-0.009093206,-1
G007,G039,-0.009101429,-1
G086,G016,-0.009104271,-1
G064,G036,-0.009104924,-1
G091,G076,-0.009112041,-1
G016,G003,-0.009112261,-1
G077,G089,-0.009116021,-1
G066,G055,-0.0091179265,-1
G095,G069,-0.009120641,-1
G040,G053,-0.009128295,-1
G056,G086,-0.009152178,-1
G086,G089,-0.009159414,-1
G095,G018,-0.009161432,-1
G007,G068,-0.009161795,-1
G031,G029,-0.009162676,-1
G012,G026,-0.009171263,-1
G095,G080,-0.009199277,-1
G006,G029,-0.009202048,-1
G041,G073,-0.0092250435,-1
G051,G064,-0.00922921,-1
G094,G028,-0.009231506,-1
G037,G023,-0.009242803,-1
G033,G042,-0.009250484,-1
G036,G089,-0.0092539145,-1
G067,G053,-0.009266531,-1
G009,G002,-0.009271612,-1
G002,G016,-0.009288125,-1
G055,G079,-0.009297411,-1
G022,G061,-0.0092999535,-1
G100,G074,-0.009308287,-1
G070,G085,-0.009311878,-1
G034,G005,-0.009316215,-1
G015,G025,-0.009319179,-1
G006,G017,-0.009319944,-1
G038,G082,-0.009333039,-1
G035,G072,-0.009340234,-1
G029,G043,-0.009344996,-1
G050,G049,-0.009363989,-1
G019,G047,-0.009368007,-1
G021,G010,-0.009368397,-1
G065,G086,-0.009373045,-1
G088,G055,-0.009373834,-1
G056,G004,-0.009375928,-1
G067,G062,-0.009376164,-1
G047,G073,-0.009385965,-1
G033,G098,-0.009386952,-1
G070,G082,-0.009389619,-1
G065,G074,-0.009389892,-1
G046,G075,-0.009394376,-1
G098,G069,-0.009395472,-1
G033,G044,-0.009409485,-1
G044,G092,-0.009414202,-1
G013,G052,-0.009414858,-1
G074,G071,-0.009418878,-1
G071,G093,-0.00943437,-1
G008,G097,-0.009437712,-1
G077,G032,-0.009439371,-1
G044,G077,-0.009452617,-1
G064,G023,-0.009459559,-1
G051,G016,-0.009460666,-1
G019,G045,-0.009487332,-1
G045,G069,-0.009498831,-1
G009,G025,-0.009509114,-1
G035,G006,-0.009514952,-1
G052,G060,-0.009517391,-1
G049,G071,-0.009530491,-1
G029,G050,-0.009538142,-1
G041,G096,-0.009540383,-1
G098,G019,-0.009542089,-1
G077,G100,-0.009542348,-1
G021,G047,-0.009544244,-1
G067,G085,-0.009546317,-1
G061,G085,-0.009554788,-1
G094,G080,-0.009557419,-1
G042,G094,-0.00956176,-1
G056,G038,-0.009562771,-1
G007,G021,-0.009565272,-1
G092,G037,-0.009582178,-1
G077,G057,-0.009592773,-1
G063,G054,-0.009592888,-1
G038,G010,-0.00961614,-1
G098,G087,-0.009624678,-1
G097,G100,-0.009627974,-1
G059,G062,-0.009644291,-1
G006,G018,-0.009645801,-1
G077,G047,-0.009651075,-1
G022,G032,-0.009665707,-1
G013,G098,-0.009670826,-1
G073,G005,-0.009691568,-1
G052,G030,-0.009695783,-1
G082,G071,-0.009708055,-1
G083,G024,-0.009711497,-1
G033,G059,-0.009722757,-1
G007,G036,-0.009730979,-1
G058,G026,-0.009737033,-1
G091,G027,-0.009744349,-1
G027,G070,-0.0097465245,-1
G030,G091,-0.009748228,-1
G020,G079,-0.009750177,-1
G069,G031,-0.009766744,-1
G069,G003,-0.009767955,-1
G018,G093,-0.009769389,-1
G098,G007,-0.009773607,-1
G005,G038,-0.009780072,-1
G020,G082,-0.009786175,-1
G087,G067,-0.009787266,-1
G084,G052,-0.00979468,-1
G061,G015,-0.00979574,-1
G086,G096,-0.009808501,-1
G061,G091,-0.009813174,-1
G071,G027,-0.009834453,-1
G050,G065,-0.009847807,-1
G017,G022,-0.0098814145,-1
G011,G099,-0.009895479,-1
G098,G010,-0.009897091,-1
G090,G037,-0.009904065,-1
G054,G069,-0.009905695,-1
G059,G005,-0.009909414,-1
G074,G092,-0.009916771,-1
G009,G083,-0.009917861,-1
G043,G074,-0.009920888,-1
G021,G090,-0.00992223,-1
G079,G025,-0.009922738,-1
G034,G096,-0.009933331,-1
G008,G094,-0.009938953,-1
G083,G096,-0.009958408,-1
G095,G085,-0.009974161,-1
G038,G018,-0.009977839,-1
G095,G027,-0.009985043,-1
G096,G033,-0.009994864,-1
G004,G088,-0.009997711,-1
G035,G045,-0.010013521,-1
G018,G037,-0.010015223,-1
G042,G055,-0.010019484,-1
G063,G035,-0.010029138,-1
G058,G015,-0.010047951,-1
G068,G042,-0.010071055,-1
G010,G064,-0.01009038,-1
G068,G021,-0.010090987,-1
G023,G033,-0.010101721,-1
G063,G040,-0.010120571,-1
G063,G075,-0.01012393,-1
G090,G043,-0.010129318,-1
G056,G007,-0.010139896,-1
G015,G011,-0.010177909,-1
G050,G084,-0.010192944,-1
G021,G082,-0.010203228,-1
G019,G073,-0.010218386,-1
G032,G012,-0.010228433,-1
G041,G094,-0.010243735,-1
G002,G043,-0.010249158,-1
G081,G065,-0.010256838,-1
G090,G014,-0.010278773,-1
G100,G075,-0.010304073,-1
G075,G040,-0.010317381,-1
G082,G068,-0.010317534,-1
G014,G038,-0.010342239,-1
G043,G026,-0.010345306,-1
G021,G063,-0.01035378,-1
G090,G045,-0.010363717,-1
G084,G072,-0.010370233,-1
G028,G081,-0.010391321,-1
G024,G087,-0.010391322,-1
G040,G073,-0.010399048,-1
G044,G017,-0.010415887,-1
G040,G096,-0.010420276,-1
G027,G004,-0.010432541,-1
G017,G007,-0.01044156,-1
G041,G055,-0.0104518095,-1
G046,G062,-0.010456149,-1
G008,G064,-0.010458037,-1
G034,G039,-0.010472983,-1
G097,G035,-0.010489519,-1
G013,G087,-0.010498543,-1
G008,G041,-0.010526115,-1
G081,G029,-0.010550744,-1
G016,G081,-0.010551157,-1
G069,G065,-0.010565937,-1
G097,G078,-0.01057243,-1
G095,G065,-0.0105936555,-1
G037,G095,-0.010594923,-1
G008,G078,-0.010600506,-1
G048,G004,-0.010602678,-1
G015,G089,-0.010615466,-1
G061,G063,-0.010619635,-1
G099,G003,-0.0106529575,-1
G027,G082,-0.010665273,-1
G016,G080,-0.010667567,-1
G078,G090,-0.0106894085,-1
G100,G042,-0.010705709,-1
G012,G028,-0.010725554,-1
G042,G074,-0.01072639,-1
G079,G066,-0.010730877,-1
G061,G005,-0.010755789,-1
G087,G026,-0.01076359,-1
G004,G046,-0.010785805,-1
G068,G085,-0.010795633,-1
G073,G025,-0.010800527,-1
G017,G044,-0.01080687,-1
G062,G088,-0.010820916,-1
G029,G044,-0.010824223,-1
G087,G088,-0.010850864,-1
G014,G031,-0.010858682,-1
G073,G042,-0.010866515,-1
G012,G087,-0.010872697,-1
G083,G018,-0.010901678,-1
G061,G100,-0.010911714,-1
G033,G032,-0.010912186,-1
G035,G051,-0.010915874,-1
G035,G043,-0.010920276,-1
G062,G069,-0.010920828,-1
G029,G027,-0.010927148,-1
G095,G006,-0.010938671,-1
G044,G065,-0.010939071,-1
G009,G090,-0.010943349,-1
G065,G013,-0.010948551,-1
G008,G061,-0.010951937,-1
G034,G058,-0.010969957,-1
G049,G091,-0.010974636,-1
G086,G080,-0.01099298,-1
G042,G072,-0.011030115,-1
G008,G010,-0.01104053,-1
G027,G081,-0.011064328,-1
G077,G076,-0.011078751,-1
G028,G011,-0.011113132,-1
G031,G027,-0.011114977,-1
G095,G047,-0.01112641,-1
G067,G036,-0.011139394,-1
G086,G076,-0.011144549,-1
G047,G007,-0.01115116,-1
G012,G017,-0.011154328,-1
G044,G010,-0.011158271,-1
G022,G024,-0.011160387,-1
G047,G020,-0.011174844,-1
G072,G086,-0.011193918,-1
G055,G020,-0.011199584,-1
G093,G020,-0.011200308,-1
G062,G005,-0.011222753,-1
G097,G024,-0.01126689,-1
G018,G047,-0.011276253,-1
G051,G030,-0.011287091,-1
G011,G075,-0.011334976,-1
G014,G080,-0.011362054,-1
G060,G037,-0.0113690635,-1
G019,G095,-0.011412369,-1
G065,G051,-0.011414464,-1
G037,G021,-0.011427943,-1
G001,G060,-0.011444648,-1
G005,G079,-0.011449578,-1
G083,G075,-0.011451154,-1
G013,G031,-0.01145209,-1
G093,G057,-0.011452689,-1
G095,G001,-0.011485822,-1
G036,G005,-0.011491056,-1
G093,G097,-0.011494808,-1
G035,G091,-0.011504426,-1
G006,G007,-0.011507996,-1
G059,G097,-0.011511511,-1
G031,G048,-0.011517313,-1
G099,G088,-0.011530347,-1
G097,G003,-0.011544589,-1
G066,G081,-0.011589481,-1
G018,G082,-0.011595881,-1
G053,G068,-0.011598636,-1
G082,G048,-0.0116038835,-1
G093,G074,-0.011619047,-1
G053,G030,-0.011635584,-1
G094,G068,-0.011697751,-1
G015,G008,-0.011704982,-1
G076,G085,-0.011719162,-1
G014,G086,-0.011735297,-1
G082,G097,-0.011752426,-1
G053,G027,-0.0117720375,-1
G006,G071,-0.011792364,-1
G042,G025,-0.011816875,-1
G079,G014,-0.011822321,-1
G092,G020,-0.0118478015,-1
G025,G085,-0.011874068,-1
G035,G011,-0.011877096,-1
G012,G033,-0.0119290855,-1
G073,G089,-0.011931135,-1
G024,G034,-0.011933175,-1
G078,G061,-0.011940577,-1
G016,G073,-0.011966748,-1
G086,G036,-0.011967172,-1
G055,G052,-0.011970771,-1
G055,G048,-0.01203223,-1
G052,G021,-0.012046732,-1
G097,G055,-0.012048842,-1
G044,G049,-0.012054412,-1
G093,G069,-0.012080867,-1
G099,G008,-0.012121573,-1
G021,G002,-0.012123269,-1
G100,G026,-0.01213998,-1
G035,G018,-0.012152831,-1
G061,G088,-0.012154591,-1
G051,G034,-0.012155692,-1
G070,G052,-0.012157438,-1
G064,G049,-0.01216012,-1
G098,G066,-0.012183046,-1
G014,G028,-0.012204683,-1
G002,G084,-0.012212528,-1
G032,G019,-0.012250883,-1
G078,G004,-0.012259655,-1
G010,G043,-0.012264696,-1
G033,G041,-0.012296153,-1
G040,G030,-0.012318802,-1
G006,G072,-0.012329508,-1
G005,G010,-0.01233863,-1
G031,G009,-0.012340638,-1
G073,G063,-0.012368722,-1
G056,G012,-0.012400502,-1
G069,G056,-0.012406939,-1
G053,G098,-0.012419295,-1
G057,G007,-0.012451133,-1
G051,G039,-0.012477619,-1
G071,G075,-0.012485254,-1
G080,G053,-0.012508579,-1
G025,G088,-0.012522748,-1
G038,G057,-0.012549249,-1
G082,G080,-0.0125533715,-1
G011,G046,-0.012557842,-1
G082,G077,-0.012614116,-1
G047,G078,-0.012663985,-1
G100,G019,-0.012677484,-1
G054,G049,-0.012684012,-1
G089,G094,-0.012686245,-1
G084,G017,-0.012733445,-1
G036,G018,-0.012735144,-1
G074,G003,-0.012744157,-1
G059,G066,-0.012747392,-1
G082,G049,-0.01276967,-1
G034,G017,-0.012789068,-1
G005,G061,-0.01279422,-1
G028,G041,-0.012808547,-1
G079,G076,-0.012825181,-1
G091,G013,-0.01284904,-1
G013,G019,-0.01285244,-1
G083,G079,-0.01286547,-1
G026,G040,-0.012874661,-1
G063,G041,-0.012876531,-1
G024,G018,-0.012888929,-1
G029,G078,-0.012903599,-1
G021,G072,-0.012910113,-1
G025,G024,-0.01291335,-1
G072,G035,-0.012971881,-1
G083,G100,-0.013039054,-1
G092,G023,-0.013074798,-1
G003,G004,-0.01307657,-1
G087,G009,-0.0130891325,-1
G007,G018,-0.013123459,-1
G045,G072,-0.013134077,-1
G015,G067,-0.013136285,-1
G051,G042,-0.013138853,-1
G083,G070,-0.013146226,-1
G053,G075,-0.01315848,-1
G007,G023,-0.013172925,-1
G053,G040,-0.013178473,-1
G026,G055,-0.013199046,-1
G073,G092,-0.013199455,-1
G013,G025,-0.013210574,-1
G086,G045,-0.013226742,-1
G053,G006,-0.013266758,-1
G015,G084,-0.013270399,-1
G083,G048,-0.013277416,-1
G012,G015,-0.0132820215,-1
G003,G095,-0.013346248,-1
G070,G068,-0.013360336,-1
G028,G030,-0.013389008,-1
G031,G047,-0.013428159,-1
G041,G071,-0.013464115,-1
G076,G028,-0.013504556,-1
G028,G008,-0.0135253575,-1
G041,G014,-0.013629994,-1
G075,G001,-0.013648428,-1
G082,G041,-0.013652684,-1
G011,G091,-0.013665566,-1
G014,G094,-0.013680496,-1
G047,G091,-0.013682458,-1
G093,G026,-0.013709312,-1
G091,G008,-0.013809002,-1
G080,G050,-0.013818461,-1
G077,G060,-0.013841121,-1
G069,G059,-0.013898677,-1
G072,G081,-0.013925843,-1
G034,G013,-0.014010485,-1
G061,G041,-0.014063886,-1
G065,G060,-0.0142268175,-1
G077,G036,-0.014295891,-1
G064,G013,-0.014312727,-1
G067,G070,-0.014376676,-1
G075,G026,-0.01439975,-1
G068,G031,-0.014406341,-1
G030,G001,-0.014417769,-1
G068,G058,-0.014445215,-1
G009,G100,-0.014538588,-1
G081,G079,-0.014585136,-1
G034,G098,-0.01458727,-1
G097,G006,-0.0146061145,-1
G027,G046,-0.014608111,-1
G059,G029,-0.014627247,-1
G003,G055,-0.014654967,-1
G002,G013,-0.014688569,-1
G064,G001,-0.014711722,-1
G072,G028,-0.014779611,-1
G058,G099,-0.014799858,-1
G054,G028,-0.014828112,-1
G048,G039,-0.014846376,-1
G017,G067,-0.014904499,-1
G042,G036,-0.014943146,-1
G014,G019,-0.014959679,-1
G014,G063,-0.0150637645,-1
G004,G087,-0.015073094,-1
G003,G010,-0.015083376,-1
G054,G093,-0.015088952,-1
G018,G089,-0.015113671,-1
G071,G097,-0.0151220625,-1
G022,G039,-0.0151222125,-1
G048,G023,-0.015159614,-1
G054,G095,-0.0152671365,-1
G078,G031,-0.015402124,-1
G054,G033,-0.0155912535,-1
G078,G064,-0.015636731,-1
G019,G023,-0.015661208,-1
G007,G050,-0.015666952,-1
G096,G032,-0.01567457,-1
G077,G062,-0.015710847,-1
G040,G066,-0.015762748,-1
G068,G036,-0.01584919,-1
G096,G095,-0.015866289,-1
G028,G016,-0.015908573,-1
G097,G077,-0.016073659,-1
G076,G003,-0.016117753,-1
G039,G075,-0.016128749,-1
G022,G035,-0.016346507,-1
G046,G032,-0.016474705,-1
G064,G057,-0.016641185,-1
G011,G016,-0.016689487,-1
G079,G003,-0.01706924,-1
G089,G040,-0.017138734,-1
G051,G074,-0.017185597,-1
G093,G053,-0.0172271,-1
G018,G043,-0.017332925,-1
G058,G008,-0.017472638,-1
G019,G084,-0.017520765,-1
G039,G061,-0.017720483,-1
G032,G058,-0.017918268,-1
G044,G053,-0.017944066,-1
G016,G031,-0.018033423,-1
G005,G072,-0.018103098,-1
G084,G090,-0.018277338,-1
G073,G019,-0.018318912,-1
G022,G079,-0.018451115,-1
G018,G094,-0.018774679,-1
G038,G049,-0.019079462,-1
G075,G056,-0.019136643,-1
G028,G047,-0.019155158,-1
G072,G074,-0.019658303,-1
G093,G068,-0.020153195,-1
G076,G092,-0.020440701,-1
G095,G055,-0.021635532,-1
G065,G001,-0.021733774,-1
G029,G040,-0.02216166,-1
G062,G082,-0.022311619,-1
