Regulator,Target,Weight,Sign
G055,G095,0.06983757,1
G094,G018,0.068938635,1
G006,G097,0.06845234,1
G041,G033,0.062636554,1
G084,G005,0.061680753,1
G019,G013,0.06145504,1
G082,G062,0.060994618,1
G080,G018,0.060927033,1
G043,G010,0.060835153,1
G011,G003,0.058052383,1
G024,G025,0.057948273,1
G074,G072,0.057775985,1
G091,G061,0.05493413,1
G058,G032,0.048915677,1
G073,G047,0.048747472,1
G016,G028,0.048664875,1
G091,G100,0.04836835,1
G036,G042,0.047489174,1
G028,G013,0.046633404,1
G010,G003,0.046555478,1
G065,G043,0.046016622,1
G068,G007,0.04524009,1
G057,G064,0.0449679,1
G072,G005,0.044371493,1
G061,G039,0.044371456,1
G086,G072,0.044151764,1
G040,G029,0.04303537,1
G014,G006,0.04244409,1
G035,G022,0.04240169,1
G096,G041,0.042056978,1
G001,G075,0.041792747,1
G018,G036,0.041447263,1
G092,G076,0.03975922,1
G097,G007,0.03940297,1
G053,G071,0.037913576,1
G031,G016,0.037250612,1
G078,G007,0.036694523,1
G007,G017,0.035998277,1
G003,G024,0.034998935,1
G007,G006,0.034876786,1
G053,G060,0.03398138,1
G047,G001,0.033530854,1
G095,G096,0.03325093,1
G026,G043,0.033199776,1
G036,G007,0.03271185,1
G053,G093,0.032447767,1
G007,G033,0.03225096,1
G001,G030,0.031786833,1
G079,G022,0.030731574,1
G016,G031,0.030700041,1
G001,G064,0.03038338,1
G090,G084,0.030189248,1
G051,G026,0.029479979,1
G036,G031,0.029018708,1
G060,G003,0.027576312,1
G001,G100,0.027508818,1
G007,G009,0.027298858,1
G026,G087,0.027272694,1
G061,G001,0.027152123,1
G032,G046,0.026962066,1
G036,G094,0.026903236,1
G016,G070,0.026506487,1
G032,G096,0.026205732,1
G018,G024,0.025921874,1
G018,G015,0.025026228,1
G005,G074,0.02494615,1
G036,G018,0.024393562,1
G074,G019,0.024086308,1
G031,G007,0.023713317,1
G007,G042,0.023363788,1
G001,G053,0.02285404,1
G032,G050,0.022803497,1
G007,G026,0.021815836,1
G006,G079,0.021514256,1
G018,G083,0.021113342,1
G036,G001,0.021063197,1
G068,G088,0.021061577,1
G036,G080,0.020781154,1
G007,G046,0.020761678,1
G015,G008,0.020028377,1
G010,G026,0.020027516,1
G019,G027,0.01962963,1
G095,G055,0.019359155,1
G061,G091,0.019218499,1
G039,G091,0.019160822,1
G095,G036,0.018150194,1
G073,G013,0.016187416,1
G005,G001,0.016132113,1
G023,G037,0.01580088,1
G048,G040,0.015719553,1
G096,G055,0.01553755,1
G023,G081,0.014657131,1
G040,G067,0.014123534,1
G029,G066,0.014008685,1
G029,G023,0.013941226,1
G051,G081,0.013854661,1
G028,G031,0.013816961,1
G001,G095,0.013722614,1
G001,G023,0.013603617,1
G068,G026,0.013475582,1
G013,G007,0.01332508,1
G005,G018,0.012744542,1
G014,G018,0.01262514,1
G001,G059,0.012412996,1
G062,G047,0.012357702,1
G080,G086,0.012319092,1
G005,G072,0.012310989,1
G060,G088,0.012048778,1
G072,G099,0.011843472,1
G023,G063,0.011766957,1
G078,G058,0.011585828,1
G097,G006,0.011514644,1
G025,G075,0.011502327,1
G005,G075,0.011276005,1
G013,G058,0.01091856,1
G005,G036,0.010680921,1
G003,G053,0.010276356,1
G099,G026,0.010247996,1
G072,G047,0.0102166105,1
G028,G001,0.010043118,1
G007,G054,0.009828138,1
G028,G025,0.009739144,1
G010,G044,0.009584031,1
G018,G094,0.0094734775,1
G006,G032,0.009387221,1
G006,G077,0.00936897,1
G072,G027,0.009336809,1
G076,G053,0.009332486,1
G078,G023,0.009326908,1
G081,G036,0.009322952,1
G096,G026,0.009117978,1
G066,G095,0.009061718,1
G060,G007,0.008954866,1
G005,G030,0.008910426,1
G031,G034,0.008876176,1
G027,G001,0.008682363,1
G071,G037,0.00855597,1
G039,G068,0.0084400615,1
G007,G053,0.008374879,1
G068,G023,0.008303065,1
G005,G064,0.008256074,1
G003,G077,0.008189521,1
G008,G012,0.00815476,1
G065,G073,0.007994539,1
G026,G093,0.00795231,1
G007,G066,0.007904408,1
G003,G097,0.0078865625,1
G097,G089,0.007885399,1
G022,G003,0.007875017,1
G025,G003,0.007873649,1
G028,G080,0.007845093,1
G001,G026,0.007836372,1
G056,G074,0.007580935,1
G029,G080,0.007538388,1
G097,G014,0.0073797316,1
G007,G095,0.0073111383,1
G031,G006,0.0072565437,1
G027,G036,0.00722878,1
G088,G090,0.007077355,1
G072,G019,0.0070485207,1
G006,G022,0.0070427884,1
G040,G068,0.0070316265,1
G088,G016,0.0069004456,1
G043,G026,0.0068435837,1
G069,G040,0.006735322,1
G032,G098,0.0065994263,1
G003,G007,0.0065988214,1
G018,G068,0.0065894267,1
G015,G047,0.006562394,1
G100,G016,0.0064131613,1
G002,G006,0.0063818395,1
G008,G001,0.006358423,1
G033,G025,0.00633497,1
G024,G006,0.0062855347,1
G014,G058,0.0061586993,1
G014,G036,0.006084481,1
G010,G065,0.005935201,1
G044,G071,0.0059184167,1
G094,G005,0.005896996,1
G078,G032,0.0058246655,1
G088,G073,0.005770711,1
G089,G079,0.0057491334,1
G039,G052,0.0057394314,1
G036,G045,0.0057267738,1
G016,G036,0.005680925,1
G003,G008,0.005674002,1
G022,G001,0.005646559,1
G005,G053,0.0056302324,1
G005,G086,0.005564773,1
G008,G009,0.0055275485,1
G007,G031,0.005360623,1
G068,G059,0.0053380514,1
G028,G050,0.0053171436,1
G061,G008,0.0052373037,1
G086,G070,0.005205522,1
G028,G045,0.005187135,1
G001,G055,0.0051348344,1
G005,G024,0.0051225126,1
G039,G027,0.005101887,1
G036,G068,0.005069292,1
G022,G032,0.005067552,1
G077,G016,0.0050531244,1
G037,G051,0.0050369455,1
G053,G091,0.004967162,1
G044,G057,0.004924555,1
G052,G001,0.00492172,1
G050,G007,0.0049213837,1
G075,G068,0.004917658,1
G060,G061,0.0048921485,1
G001,G043,0.004880017,1
G001,G017,0.0048727198,1
G025,G018,0.004842387,1
G045,G053,0.004815402,1
G018,G062,0.00481518,1
G045,G006,0.0047821496,1
G003,G014,0.004720578,1
G013,G001,0.0047133416,1
G006,G053,0.0046818564,1
G003,G076,0.0046470817,1
G005,G090,0.0046153385,1
G068,G043,0.004614844,1
G064,G073,0.004612865,1
G087,G040,0.0046072095,1
G001,G096,0.0045806463,1
G015,G001,0.004576361,1
G007,G083,0.0045070928,1
G036,G055,0.004503354,1
G025,G029,0.0044865943,1
G010,G087,0.004470896,1
G044,G035,0.0044124685,1
G005,G083,0.0043953415,1
G002,G097,0.0043614847,1
G006,G008,0.0043279207,1
G043,G007,0.0043015545,1
G060,G079,0.0042907577,1
G039,G061,0.004288026,1
G024,G089,0.004263246,1
G007,G059,0.0042112255,1
G083,G013,0.004207428,1
G099,G043,0.004207369,1
G026,G092,0.0041763205,1
G008,G039,0.0041728145,1
G013,G036,0.004157107,1
G075,G091,0.004141537,1
G040,G052,0.0041135657,1
G033,G096,0.0041089337,1
G081,G042,0.004106173,1
G018,G048,0.0040740245,1
G007,G048,0.0039909794,1
G013,G074,0.0039694733,1
G048,G036,0.0039008262,1
G092,G066,0.0038417014,1
G068,G075,0.003751268,1
G057,G013,0.0037390664,1
G030,G057,0.0036859654,1
G027,G075,0.0036807023,1
G065,G047,0.0036622172,1
G033,G001,0.0036543512,1
G007,G025,0.0036463137,1
G024,G094,0.0036201025,1
G036,G075,0.0036172888,1
G036,G050,0.0035918278,1
G044,G096,0.0035849784,1
G033,G068,0.0035803549,1
G044,G046,0.0035658618,1
G027,G024,0.003537511,1
G036,G013,0.0035238157,1
G005,G039,0.0035225858,1
G072,G056,0.0035043033,1
G066,G096,0.003499166,1
G053,G008,0.0034163909,1
G027,G030,0.003402423,1
G087,G075,0.0034005842,1
G025,G040,0.003389204,1
G045,G017,0.003379353,1
G029,G025,0.003370913,1
G024,G003,0.0033681535,1
G001,G037,0.0033456106,1
G018,G076,0.0033306435,1
G027,G088,0.0033091523,1
G028,G018,0.0032926688,1
G064,G014,0.0032748906,1
G030,G068,0.003255153,1
G093,G066,0.003239047,1
G012,G007,0.003196525,1
G002,G005,0.0031965186,1
G014,G024,0.003162577,1
G069,G029,0.0031513874,1
G068,G087,0.0031133275,1
G053,G068,0.0031130118,1
G045,G026,0.0031118458,1
G007,G028,0.0030855185,1
G006,G045,0.003056653,1
G015,G013,0.0030404658,1
G084,G007,0.0030386634,1
G028,G014,0.0030380029,1
G036,G053,0.0030338138,1
G036,G030,0.0030195971,1
G040,G027,0.0030145904,1
G057,G018,0.0030095538,1
G081,G007,0.003001689,1
G010,G093,0.0029895485,1
G029,G007,0.0029483987,1
G029,G087,0.0029460068,1
G083,G094,0.002943659,1
G075,G052,0.0029351695,1
G088,G028,0.002912082,1
G027,G083,0.0029009099,1
G036,G086,0.0028897843,1
G029,G069,0.0028521575,1
G100,G028,0.0028450591,1
G001,G025,0.002833828,1
G077,G028,0.0028311727,1
G044,G098,0.0028235926,1
G048,G042,0.0028163341,1
G033,G013,0.0028032167,1
G007,G091,0.0027934087,1
G036,G026,0.0027790533,1
G014,G015,0.0027415287,1
G073,G064,0.002737123,1
G007,G056,0.0027019025,1
G042,G018,0.002696606,1
G006,G076,0.0026584044,1
G073,G091,0.0026460015,1
G068,G030,0.002645039,1
G013,G015,0.002609844,1
G014,G083,0.002605853,1
G027,G064,0.0026051574,1
G014,G032,0.0025997136,1
G097,G071,0.0025504357,1
G067,G025,0.0025456492,1
G003,G031,0.0025417279,1
G015,G094,0.0025383618,1
G020,G005,0.002532002,1
G019,G014,0.0025308847,1
G090,G091,0.002530215,1
G064,G068,0.0025252444,1
G099,G087,0.0025084603,1
G007,G044,0.0025068186,1
G097,G093,0.0024592425,1
G047,G065,0.002449043,1
G072,G002,0.0024411848,1
G066,G036,0.0024396058,1
G042,G048,0.002439461,1
G087,G029,0.0024248566,1
G083,G027,0.0024188329,1
G007,G055,0.0024177753,1
G047,G085,0.0024096123,1
G040,G008,0.0023595393,1
G045,G009,0.0023559523,1
G027,G084,0.0023476928,1
G047,G013,0.0023471094,1
G043,G066,0.0023437769,1
G001,G087,0.002339086,1
G013,G028,0.0023358625,1
G044,G078,0.0023307186,1
G039,G015,0.00232481,1
G006,G001,0.0023163492,1
G031,G017,0.0023137687,1
G071,G053,0.0023029991,1
G017,G001,0.0022756872,1
G068,G064,0.0022458895,1
G007,G099,0.0022255515,1
G087,G001,0.002178813,1
G033,G016,0.0021763726,1
G068,G090,0.0021762052,1
G073,G057,0.002163625,1
G060,G077,0.0021620726,1
G027,G018,0.002153772,1
G069,G075,0.002151659,1
G001,G009,0.0021397665,1
G053,G002,0.002133771,1
G027,G015,0.0021261722,1
G041,G028,0.0021245608,1
G093,G001,0.0021090014,1
G050,G044,0.0020899165,1
G060,G089,0.0020839376,1
G028,G012,0.0020603314,1
G081,G031,0.0020584092,1
G037,G001,0.0020512785,1
G007,G081,0.0020201618,1
G096,G044,0.0020128882,1
G047,G035,0.0020127676,1
G066,G043,0.0020078446,1
G097,G060,0.001990301,1
G004,G001,0.0019889458,1
G089,G024,0.001987187,1
G096,G047,0.001983532,1
G044,G050,0.0019773636,1
G044,G037,0.0019723736,1
G047,G032,0.0019715514,1
G017,G045,0.001965194,1
G007,G023,0.0019636052,1
G037,G078,0.0019543238,1
G067,G087,0.001953481,1
G044,G032,0.0019468784,1
G003,G045,0.001942679,1
G013,G002,0.0019385333,1
G052,G088,0.0019354316,1
G018,G081,0.0019333556,1
G033,G045,0.0019192018,1
G046,G044,0.0019142671,1
G044,G013,0.001912371,1
G010,G092,0.001899291,1
G067,G069,0.0018817167,1
G047,G078,0.0018765234,1
G044,G022,0.0018764171,1
G006,G035,0.0018535496,1
G045,G007,0.0018351728,1
G029,G030,0.0018277221,1
G027,G053,0.0018163932,1
G073,G015,0.0018056808,1
G001,G033,0.0017870619,1
G025,G036,0.0017869606,1
G087,G066,0.0017720594,1
G009,G001,0.0017718687,1
G001,G040,0.00175931,1
G047,G046,0.0017585366,1
G068,G093,0.0017454904,1
G061,G007,0.0017442073,1
G068,G053,0.0017344623,1
G016,G042,0.0017181153,1
G032,G078,0.0017176856,1
G001,G046,0.001717279,1
G001,G073,0.0016940159,1
G025,G067,0.0016857379,1
G043,G031,0.0016851086,1
G036,G064,0.0016804736,1
G001,G006,0.0016672335,1
G017,G050,0.0016651719,1
G030,G052,0.0016594898,1
G033,G050,0.0016528612,1
G028,G077,0.0016421713,1
G039,G026,0.0016374937,1
G024,G013,0.0016346981,1
G063,G051,0.0016282601,1
G027,G072,0.0016120936,1
G047,G096,0.0015945301,1
G089,G022,0.0015885974,1
G001,G090,0.0015761293,1
G052,G030,0.0015644088,1
G007,G051,0.0015588155,1
G001,G092,0.0015559837,1
G050,G047,0.00154375,1
G045,G025,0.0015376069,1
G045,G046,0.0015298683,1
G013,G032,0.001494224,1
G039,G004,0.0014865006,1
G048,G031,0.0014683,1
G068,G092,0.0014593076,1
G042,G001,0.0014590895,1
G057,G058,0.0014525716,1
G003,G017,0.0014426133,1
G045,G083,0.0014278905,1
G052,G075,0.0014183703,1
G056,G005,0.001392485,1
G052,G064,0.0013858355,1
G010,G006,0.0013850444,1
G078,G037,0.0013831678,1
G001,G063,0.0013822392,1
G001,G042,0.0013805476,1
G073,G019,0.0013640764,1
G090,G001,0.0013565641,1
G070,G031,0.0013525365,1
G010,G079,0.0013509624,1
G013,G083,0.0013458381,1
G096,G058,0.0013449226,1
G069,G067,0.0013443443,1
G001,G081,0.0013306959,1
G099,G093,0.0013289235,1
G060,G091,0.0013282514,1
G042,G081,0.0013249526,1
G008,G075,0.0012933082,1
G046,G047,0.0012638101,1
G047,G098,0.001257063,1
G001,G093,0.0012486813,1
G075,G001,0.0012455541,1
G100,G070,0.0012434205,1
G068,G017,0.001238042,1
G075,G066,0.0012360058,1
G094,G027,0.0012337995,1
G082,G018,0.0012196385,1
G066,G055,0.0012160526,1
G025,G026,0.0012033202,1
G046,G058,0.0012020826,1
G048,G068,0.0012010413,1
G084,G019,0.0011968996,1
G024,G080,0.0011853876,1
G068,G037,0.0011754443,1
G021,G003,0.0011750713,1
G077,G007,0.0011702093,1
G010,G055,0.0011290441,1
G010,G032,0.0011274046,1
G060,G006,0.0011222246,1
G056,G072,0.0010986533,1
G054,G032,0.0010962859,1
G001,G083,0.001093413,1
G008,G030,0.001091964,1
G077,G070,0.0010787535,1
G003,G043,0.0010747896,1
G019,G056,0.0010614946,1
G003,G009,0.0010611849,1
G009,G050,0.0010587545,1
G027,G026,0.0010581361,1
G064,G052,0.0010450234,1
G067,G034,0.0010441458,1
G043,G044,0.0010416,1
G066,G087,0.0010325082,1
G026,G078,0.0010151683,1
G015,G080,0.0010134169,1
G046,G001,0.0010093173,1
G028,G057,0.0009913157,1
G042,G050,0.0009906711,1
G045,G059,0.0009865254,1
G053,G066,0.0009836523,1
G097,G021,0.0009829083,1
G023,G036,0.0009790143,1
G001,G054,0.0009788569,1
G003,G032,0.00097322953,1
G015,G027,0.00096480496,1
G001,G044,0.0009639779,1
G050,G054,0.0009598591,1
G093,G099,0.0009581891,1
G092,G001,0.00095576886,1
G010,G077,0.00094129494,1
G086,G028,0.00093911716,1
G003,G026,0.0009236643,1
G024,G027,0.0009204129,1
G024,G011,0.0009109542,1
G009,G045,0.00090936915,1
G068,G073,0.00090898294,1
G018,G029,0.00090091315,1
G068,G025,0.0008986702,1
G010,G043,0.0008951119,1
G052,G053,0.00089266594,1
G036,G014,0.0008861929,1
G023,G050,0.0008805328,1
G091,G030,0.0008792961,1
G019,G057,0.00087140995,1
G029,G051,0.00086856703,1
G013,G056,0.0008661452,1
G050,G033,0.00086456275,1
G050,G017,0.0008617537,1
G089,G077,0.00085291883,1
G060,G053,0.00084788195,1
G072,G020,0.0008451145,1
G068,G042,0.0008433191,1
G047,G068,0.0008109924,1
G033,G040,0.00080648775,1
G048,G013,0.00080610544,1
G068,G015,0.00080418127,1
G001,G048,0.0008041734,1
G057,G007,0.0007995573,1
G032,G035,0.00079700124,1
G001,G065,0.0007892831,1
G005,G051,0.00078452297,1
G027,G007,0.0007824944,1
G007,G096,0.0007747617,1
G006,G068,0.00076744397,1
G087,G067,0.00076468306,1
G068,G046,0.0007612766,1
G016,G017,0.0007562615,1
G091,G075,0.00074438384,1
G008,G024,0.00073648134,1
G027,G028,0.0007301705,1
G097,G002,0.00072224514,1
G073,G028,0.00071733794,1
G036,G012,0.00071513007,1
G050,G009,0.0007126095,1
G053,G052,0.00070001883,1
G017,G012,0.0006976903,1
G075,G027,0.00069718144,1
G078,G063,0.0006811928,1
G061,G026,0.00067997735,1
G005,G091,0.0006780785,1
G045,G033,0.0006741443,1
G050,G042,0.00066867203,1
G068,G063,0.00066208764,1
G006,G050,0.0006598981,1
G075,G051,0.0006596263,1
G007,G014,0.00065657217,1
G073,G007,0.00065402285,1
G027,G059,0.0006422918,1
G029,G068,0.0006409074,1
G050,G026,0.0006398756,1
G063,G001,0.0006380395,1
G008,G060,0.0006371638,1
G083,G080,0.0006366329,1
G039,G059,0.0006342089,1
G036,G059,0.00063167734,1
G029,G052,0.00062931475,1
G005,G015,0.00061500684,1
G099,G092,0.0006139067,1
G045,G089,0.00061363744,1
G063,G078,0.0006111757,1
G068,G055,0.00060862675,1
G025,G001,0.00060068636,1
G050,G006,0.0006000634,1
G017,G068,0.00058953447,1
G012,G033,0.00058567914,1
G060,G090,0.00058104907,1
G010,G051,0.00057842385,1
G016,G007,0.0005777315,1
G068,G006,0.00057357154,1
G030,G027,0.0005678475,1
G043,G051,0.0005651713,1
G033,G078,0.00056490663,1
G057,G036,0.0005637937,1
G025,G042,0.00056295755,1
G007,G052,0.00055020413,1
G045,G048,0.00054641184,1
G003,G033,0.0005312371,1
G042,G015,0.00052690087,1
G084,G027,0.0005218294,1
G001,G049,0.00051283307,1
G045,G056,0.0005044861,1
G060,G022,0.00050422444,1
G057,G015,0.00050344947,1
G068,G096,0.0005033685,1
G091,G090,0.00050277595,1
G025,G030,0.000502591,1
G040,G015,0.0005000797,1
G047,G050,0.00049906137,1
G051,G048,0.0004978981,1
G015,G057,0.0004948768,1
G004,G030,0.0004937431,1
G029,G086,0.00049333245,1
G025,G064,0.0004888306,1
G051,G066,0.00048758494,1
G051,G037,0.00048572154,1
G086,G029,0.00048415008,1
G005,G069,0.00048235906,1
G068,G033,0.0004818429,1
G036,G069,0.00047944312,1
G060,G008,0.0004761074,1
G048,G069,0.00046947625,1
G012,G096,0.00046927133,1
G092,G099,0.0004684144,1
G048,G027,0.00046534013,1
G001,G079,0.0004639999,1
G091,G064,0.00046368127,1
G078,G096,0.00046047536,1
G051,G063,0.00045832706,1
G039,G088,0.000457435,1
G083,G059,0.00045503135,1
G041,G095,0.0004545664,1
G025,G097,0.00045106275,1
G072,G001,0.00045084846,1
G012,G017,0.00044348455,1
G077,G033,0.00044142632,1
G033,G084,0.00044046642,1
G068,G083,0.0004387676,1
G064,G015,0.00043852165,1
G085,G096,0.00043375656,1
G028,G053,0.00043118393,1
G028,G069,0.000427644,1
G024,G040,0.00042714848,1
G036,G025,0.00042559922,1
G048,G025,0.00042417657,1
G001,G005,0.0004210617,1
G077,G096,0.0004182865,1
G027,G023,0.00041716298,1
G004,G079,0.00041525564,1
G069,G096,0.00041520898,1
G088,G053,0.00041366866,1
G046,G045,0.00041091393,1
G050,G066,0.0004094367,1
G029,G096,0.00040793407,1
G075,G008,0.00040728503,1
G007,G018,0.00040553248,1
G008,G069,0.0004043614,1
G010,G089,0.00040410543,1
G029,G081,0.00040270106,1
G045,G066,0.00040213036,1
G025,G011,0.00040163423,1
G064,G058,0.0004016223,1
G036,G056,0.0004011068,1
G013,G029,0.00040108754,1
G056,G068,0.0003982201,1
G083,G096,0.00039805728,1
G021,G096,0.00039759834,1
G081,G096,0.0003961679,1
G010,G042,0.00039590953,1
G010,G025,0.0003951172,1
G011,G079,0.000395005,1
G015,G030,0.0003901594,1
G089,G096,0.00038940395,1
G029,G061,0.00038651156,1
G056,G096,0.00038488617,1
G017,G061,0.0003846773,1
G059,G096,0.0003840708,1
G044,G068,0.00038386887,1
G056,G036,0.00038376023,1
G045,G042,0.000383109,1
G039,G023,0.00038100805,1
G015,G096,0.00037907346,1
G012,G046,0.00037801528,1
G006,G044,0.00037707988,1
G008,G096,0.00037598322,1
G012,G042,0.0003754376,1
G020,G069,0.00037478466,1
G055,G026,0.00037472125,1
G029,G036,0.00037468656,1
G090,G096,0.0003728319,1
G008,G011,0.0003725064,1
G015,G069,0.00037173234,1
G005,G066,0.0003678936,1
G012,G026,0.00036638265,1
G098,G096,0.00036621123,1
G039,G096,0.0003655791,1
G052,G096,0.0003641786,1
G091,G073,0.000361792,1
G083,G058,0.0003616728,1
G004,G096,0.00035949887,1
G054,G023,0.000359042,1
G091,G069,0.0003576867,1
G078,G069,0.0003576083,1
G042,G066,0.00035536484,1
G098,G058,0.0003549919,1
G010,G023,0.0003511783,1
G056,G099,0.00035094685,1
G042,G023,0.00035088492,1
G010,G067,0.00035052196,1
G059,G068,0.0003502181,1
G061,G053,0.00034622027,1
G025,G017,0.0003456151,1
G025,G078,0.00034477666,1
G044,G033,0.0003436428,1
G033,G088,0.00034320477,1
G009,G069,0.00034320328,1
G066,G046,0.00034294833,1
G008,G014,0.00034293206,1
G049,G096,0.00034290564,1
G033,G097,0.00034269982,1
G001,G086,0.00034218756,1
G095,G048,0.00034101482,1
G044,G030,0.0003408334,1
G064,G069,0.00034054302,1
G005,G058,0.00034029435,1
G052,G023,0.00033883867,1
G054,G096,0.00033702157,1
G076,G011,0.00033627704,1
G013,G072,0.0003360436,1
G024,G014,0.000334115,1
G047,G026,0.00033179866,1
G021,G026,0.0003300756,1
G012,G009,0.00032990967,1
G087,G099,0.00032980138,1
G020,G096,0.00032971252,1
G056,G058,0.00032846938,1
G038,G030,0.0003275732,1
G032,G008,0.00032642882,1
G095,G051,0.0003250616,1
G031,G008,0.0003244913,1
G049,G023,0.00032354912,1
G088,G061,0.00032347176,1
G005,G080,0.0003215298,1
G052,G069,0.00031964522,1
G077,G011,0.00031887915,1
G047,G052,0.00031823688,1
G095,G043,0.00031713658,1
G027,G069,0.0003169719,1
G038,G096,0.00031600508,1
G073,G096,0.00031590732,1
G048,G082,0.0003155783,1
G045,G044,0.00031494861,1
G054,G078,0.00031493825,1
G059,G046,0.00031241542,1
G089,G066,0.0003117277,1
G039,G033,0.00031161317,1
G001,G067,0.0003114851,1
G069,G030,0.00031147542,1
G056,G027,0.00031101578,1
G008,G064,0.0003110035,1
G030,G011,0.0003107943,1
G098,G069,0.0003105021,1
G031,G048,0.00030978268,1
G065,G066,0.000306259,1
G044,G026,0.0003061481,1
G051,G095,0.00030585506,1
G010,G030,0.0003058159,1
G071,G096,0.00030580207,1
G010,G017,0.0003053252,1
G083,G068,0.00030414303,1
G046,G081,0.00030387042,1
G067,G096,0.00030332402,1
G036,G077,0.0003030726,1
G010,G033,0.00030276267,1
G096,G079,0.00030274777,1
G066,G093,0.0003014554,1
G052,G066,0.00030107543,1
G093,G068,0.00029959297,1
G027,G029,0.0002990145,1
G099,G096,0.00029852483,1
G038,G011,0.0002985045,1
G023,G045,0.0002982387,1
G091,G096,0.00029814197,1
G081,G025,0.0002975591,1
G074,G051,0.00029728905,1
G100,G019,0.00029724263,1
G094,G019,0.00029698253,1
G085,G069,0.00029618188,1
G033,G014,0.00029595042,1
G096,G066,0.00029474954,1
G004,G023,0.00029442998,1
G093,G058,0.00029401394,1
G033,G029,0.00029348893,1
G010,G081,0.00029322554,1
G087,G046,0.00029272545,1
G005,G050,0.00029263386,1
G097,G017,0.00029246675,1
G046,G067,0.00029239416,1
G083,G046,0.00029175845,1
G038,G046,0.00029169527,1
G020,G081,0.0002913287,1
G098,G046,0.0002903784,1
G009,G012,0.0002899423,1
G017,G069,0.00028984612,1
G091,G053,0.00028982342,1
G056,G066,0.00028958754,1
G052,G067,0.00028923858,1
G015,G079,0.0002885387,1
G047,G023,0.00028849565,1
G073,G055,0.00028835144,1
G076,G069,0.00028665544,1
G008,G066,0.00028646115,1
G006,G012,0.0002859413,1
G059,G069,0.00028463028,1
G017,G048,0.00028452105,1
G015,G014,0.00028424917,1
G030,G058,0.00028398706,1
G001,G069,0.0002835042,1
G049,G068,0.00028259886,1
G005,G013,0.0002825121,1
G025,G015,0.00028189205,1
G091,G046,0.0002812623,1
G071,G069,0.00028118998,1
G017,G084,0.00028040406,1
G093,G036,0.000279921,1
G005,G078,0.00027949596,1
G062,G096,0.0002791825,1
G078,G055,0.00027908958,1
G078,G066,0.00027878775,1
G077,G017,0.00027824982,1
G025,G051,0.00027793684,1
G005,G048,0.0002774928,1
G049,G046,0.00027729044,1
G068,G040,0.00027694018,1
G054,G011,0.00027634227,1
G051,G096,0.00027598254,1
G064,G036,0.00027509872,1
G085,G036,0.00027470887,1
G030,G078,0.0002745957,1
G051,G011,0.00027437214,1
G029,G048,0.00027428305,1
G030,G036,0.00027354533,1
G009,G081,0.00027345255,1
G060,G096,0.00027336352,1
G073,G094,0.00027292475,1
G096,G054,0.0002728065,1
G033,G060,0.00027226933,1
G056,G030,0.0002722334,1
G004,G053,0.00027191773,1
G071,G002,0.00027188694,1
G068,G009,0.00027119098,1
G099,G079,0.00027071155,1
G071,G046,0.0002702161,1
G090,G081,0.00026994786,1
G002,G067,0.0002695389,1
G085,G055,0.00026886354,1
G077,G046,0.00026872288,1
G098,G068,0.00026871948,1
G034,G069,0.00026866974,1
G065,G096,0.00026805332,1
G019,G058,0.00026748862,1
G064,G061,0.00026732043,1
G083,G081,0.0002669544,1
G002,G046,0.0002669374,1
G088,G051,0.00026660805,1
G067,G079,0.00026586995,1
G048,G046,0.000265832,1
G045,G096,0.0002654079,1
G048,G066,0.0002651467,1
G085,G068,0.0002646075,1
G070,G026,0.0002629712,1
G033,G061,0.00026262598,1
G073,G023,0.0002618119,1
G056,G017,0.00026138328,1
G056,G069,0.00026022765,1
G089,G008,0.00026011452,1
G025,G088,0.00026000402,1
G008,G025,0.0002597539,1
G010,G040,0.00025935902,1
G081,G079,0.00025927828,1
G076,G030,0.00025867988,1
G077,G069,0.00025793494,1
G073,G046,0.0002571935,1
G070,G077,0.0002571742,1
G066,G067,0.0002567925,1
G010,G016,0.0002567286,1
G051,G058,0.0002564624,1
G038,G069,0.0002561973,1
G017,G014,0.00025605847,1
G010,G046,0.0002556537,1
G027,G096,0.00025564976,1
G056,G011,0.00025542278,1
G037,G068,0.00025510963,1
G050,G069,0.00025506268,1
G051,G067,0.0002544239,1
G091,G058,0.00025439519,1
G025,G046,0.00025424382,1
G044,G036,0.00025387097,1
G014,G048,0.00025313583,1
G036,G027,0.0002531025,1
G004,G069,0.00025274063,1
G048,G055,0.0002524581,1
G056,G046,0.00025211362,1
G020,G030,0.00025201333,1
G056,G033,0.00025196586,1
G080,G051,0.0002518387,1
G001,G035,0.00025146123,1
G066,G063,0.00025144426,1
G049,G067,0.00025137188,1
G056,G023,0.0002511343,1
G002,G025,0.0002505536,1
G081,G055,0.00024978264,1
G045,G055,0.00024974067,1
G048,G023,0.00024960368,1
G099,G030,0.00024937425,1
G054,G063,0.000248979,1
G056,G067,0.00024886747,1
G063,G046,0.00024740922,1
G060,G063,0.00024718605,1
G069,G051,0.0002469936,1
G048,G026,0.00024690782,1
G096,G019,0.00024687406,1
G090,G069,0.0002466288,1
G099,G040,0.00024656564,1
G084,G056,0.0002464998,1
G025,G041,0.00024639143,1
G021,G066,0.0002460001,1
G087,G011,0.0002458079,1
G042,G083,0.0002455513,1
G022,G069,0.0002447032,1
G064,G066,0.0002446448,1
G054,G067,0.00024460518,1
G099,G046,0.00024449365,1
G014,G080,0.0002442998,1
G078,G030,0.00024418588,1
G033,G036,0.00024404239,1
G078,G067,0.00024384592,1
G049,G058,0.00024364515,1
G068,G067,0.0002431867,1
G041,G055,0.00024317617,1
G027,G062,0.00024298376,1
G056,G081,0.00024272392,1
G002,G096,0.0002424804,1
G066,G058,0.00024176696,1
G096,G069,0.00024149798,1
G011,G006,0.00024120232,1
G054,G058,0.00024112813,1
G073,G079,0.00023965261,1
G054,G046,0.00023950593,1
G052,G079,0.00023937954,1
G051,G079,0.00023884389,1
G087,G020,0.0002383112,1
G002,G017,0.00023827412,1
G036,G005,0.00023812219,1
G033,G012,0.00023797138,1
G038,G058,0.00023784202,1
G056,G026,0.00023757141,1
G044,G067,0.00023713238,1
G049,G036,0.00023690933,1
G010,G075,0.00023656023,1
G051,G061,0.00023575588,1
G015,G081,0.00023573979,1
G018,G089,0.00023528142,1
G008,G023,0.00023469272,1
G060,G086,0.00023456196,1
G067,G036,0.00023381431,1
G001,G003,0.00023336415,1
G095,G068,0.00023314268,1
G048,G075,0.00023306471,1
G030,G004,0.00023295812,1
G015,G066,0.00023293273,1
G073,G067,0.00023221767,1
G034,G096,0.00023221302,1
G008,G058,0.00023213636,1
G059,G033,0.00023202233,1
G096,G006,0.00023191157,1
G038,G067,0.00023172086,1
G071,G068,0.00023162752,1
G091,G066,0.00023074604,1
G059,G058,0.00023054713,1
G001,G076,0.000229067,1
G021,G081,0.00022848578,1
G059,G078,0.00022842432,1
G016,G051,0.00022728754,1
G063,G096,0.00022674211,1
G046,G036,0.00022654627,1
G027,G017,0.00022653623,1
G069,G058,0.00022632034,1
G063,G011,0.00022566631,1
G066,G079,0.00022559814,1
G067,G081,0.00022558897,1
G059,G081,0.00022543118,1
G029,G004,0.00022536505,1
G062,G036,0.00022514998,1
G030,G015,0.00022439045,1
G018,G066,0.00022425567,1
G049,G051,0.0002242145,1
G072,G015,0.00022416298,1
G098,G066,0.00022366195,1
G043,G099,0.00022343788,1
G002,G030,0.0002227866,1
G066,G068,0.00022276156,1
G099,G025,0.00022260308,1
G064,G011,0.00022256085,1
G034,G016,0.00022252936,1
G035,G046,0.0002224543,1
G020,G046,0.0002220199,1
G021,G048,0.0002218023,1
G020,G078,0.0002217877,1
G025,G053,0.00022173992,1
G059,G036,0.00022156439,1
G069,G011,0.00022118104,1
G018,G069,0.00022098911,1
G090,G036,0.00022074721,1
G062,G011,0.0002204439,1
G078,G079,0.00022038988,1
G042,G051,0.00022037815,1
G071,G051,0.00022033854,1
G033,G072,0.00022018608,1
G015,G016,0.00022013747,1
G011,G053,0.00021972501,1
G015,G023,0.00021872028,1
G049,G066,0.00021867633,1
G025,G080,0.00021847965,1
G008,G067,0.00021844647,1
G048,G033,0.00021822823,1
G020,G025,0.00021805259,1
G014,G069,0.0002180007,1
G065,G016,0.00021757728,1
G068,G079,0.00021749745,1
G041,G025,0.00021748769,1
G099,G067,0.00021739097,1
G034,G036,0.00021738344,1
G090,G055,0.00021697975,1
G095,G033,0.00021692572,1
G074,G055,0.0002167234,1
G021,G004,0.0002155683,1
G017,G067,0.00021550272,1
G056,G078,0.00021549495,1
G085,G066,0.0002154163,1
G042,G094,0.0002152759,1
G052,G058,0.00021496938,1
G049,G026,0.00021453209,1
G060,G067,0.00021314497,1
G085,G078,0.00021309755,1
G083,G033,0.00021277914,1
G042,G089,0.00021272211,1
G066,G033,0.00021262662,1
G020,G058,0.00021233676,1
G010,G008,0.00021178953,1
G076,G046,0.00021151685,1
G022,G068,0.0002114839,1
G089,G058,0.00021111337,1
G044,G069,0.00021094791,1
G085,G026,0.00021067099,1
G070,G023,0.00021017247,1
G030,G084,0.00020990365,1
G004,G058,0.00020984026,1
G096,G068,0.00020961813,1
G048,G058,0.00020938105,1
G005,G067,0.00020885967,1
G011,G096,0.00020883975,1
G038,G063,0.00020799524,1
G021,G058,0.00020773092,1
G049,G011,0.00020764422,1
G006,G024,0.00020722732,1
G036,G070,0.00020701255,1
G070,G046,0.00020666985,1
G052,G046,0.00020643952,1
G070,G079,0.00020614876,1
G052,G026,0.00020515505,1
G025,G094,0.00020478142,1
G020,G011,0.00020356041,1
G020,G068,0.00020352995,1
G030,G096,0.00020346836,1
G089,G004,0.00020344272,1
G078,G025,0.00020311613,1
G062,G078,0.00020249367,1
G062,G030,0.00020248319,1
G044,G042,0.00020235156,1
G067,G004,0.00020199092,1
G004,G046,0.00020192111,1
G091,G081,0.00020174246,1
G037,G058,0.00020157115,1
G085,G051,0.00020156197,1
G010,G086,0.00020104612,1
G075,G004,0.00020085434,1
G023,G069,0.00020081985,1
G089,G069,0.00020079954,1
G060,G066,0.00020023056,1
G078,G011,0.0002001994,1
G098,G036,0.00020019454,1
G070,G096,0.00020018965,1
G042,G096,0.00019975266,1
G061,G030,0.00019951988,1
G048,G030,0.00019889002,1
G067,G061,0.00019851743,1
G063,G004,0.0001982267,1
G046,G069,0.00019809623,1
G099,G051,0.00019802543,1
G099,G019,0.00019788006,1
G003,G042,0.00019736997,1
G089,G086,0.00019720674,1
G049,G063,0.00019696334,1
G009,G061,0.00019692031,1
G082,G036,0.00019678369,1
G002,G011,0.00019660083,1
G098,G026,0.00019640957,1
G083,G067,0.00019583394,1
G021,G068,0.00019574279,1
G046,G068,0.00019562352,1
G073,G069,0.0001955565,1
G036,G089,0.00019540446,1
G063,G058,0.00019486752,1
G085,G079,0.0001947849,1
G066,G030,0.00019472819,1
G015,G017,0.00019458821,1
G046,G004,0.00019442094,1
G085,G058,0.00019440756,1
G049,G030,0.00019437428,1
G022,G023,0.0001942825,1
G034,G058,0.00019414263,1
G062,G094,0.00019395052,1
G048,G096,0.00019393067,1
G020,G055,0.00019378387,1
G089,G067,0.00019373269,1
G016,G053,0.00019365175,1
G028,G086,0.0001934669,1
G034,G066,0.00019309306,1
G021,G030,0.00019308348,1
G090,G068,0.00019288626,1
G087,G081,0.00019284822,1
G054,G081,0.00019278309,1
G087,G061,0.00019235337,1
G009,G055,0.00019139158,1
G037,G096,0.00019133798,1
G078,G048,0.00019108958,1
G056,G079,0.00019094019,1
G071,G058,0.00019079882,1
G084,G017,0.00019060532,1
G063,G061,0.00019051685,1
G071,G078,0.00019050918,1
G054,G036,0.000190293,1
G022,G066,0.00019026319,1
G013,G020,0.00019023195,1
G004,G055,0.00019013051,1
G009,G077,0.00018987378,1
G021,G069,0.00018949827,1
G009,G030,0.00018928792,1
G065,G069,0.00018917737,1
G078,G004,0.00018888066,1
G002,G069,0.00018879902,1
G066,G011,0.00018876066,1
G073,G011,0.00018776565,1
G070,G051,0.00018773906,1
G065,G058,0.00018756968,1
G028,G100,0.00018724216,1
G062,G068,0.00018696651,1
G030,G055,0.00018683492,1
G034,G055,0.00018683173,1
G021,G023,0.00018682638,1
G072,G069,0.00018672396,1
G068,G069,0.00018667262,1
G083,G086,0.00018628943,1
G069,G046,0.00018624788,1
G056,G014,0.00018611141,1
G048,G079,0.00018608091,1
G054,G066,0.00018605393,1
G047,G036,0.00018562622,1
G036,G044,0.00018559373,1
G073,G027,0.00018540729,1
G003,G046,0.00018539722,1
G036,G034,0.00018535637,1
G020,G004,0.00018523379,1
G081,G001,0.00018523105,1
G038,G055,0.00018521538,1
G048,G051,0.00018507881,1
G062,G069,0.00018499984,1
G012,G067,0.00018475998,1
G012,G030,0.00018465305,1
G015,G040,0.00018451636,1
G034,G068,0.00018426434,1
G085,G063,0.00018368647,1
G057,G066,0.00018359318,1
G087,G030,0.0001834208,1
G089,G076,0.00018308296,1
G086,G061,0.00018279432,1
G069,G055,0.00018276548,1
G001,G074,0.00018252252,1
G017,G036,0.00018156071,1
G052,G063,0.00018141812,1
G010,G096,0.0001813532,1
G083,G069,0.00018120141,1
G002,G004,0.00018106311,1
G049,G079,0.00018065723,1
G099,G086,0.00018060842,1
G071,G066,0.00018030117,1
G076,G036,0.00018015332,1
G054,G084,0.00018014011,1
G081,G068,0.0001801107,1
G066,G094,0.0001796542,1
G014,G061,0.00017956649,1
G063,G067,0.00017951617,1
G015,G055,0.00017920742,1
G015,G046,0.00017872137,1
G051,G014,0.00017859381,1
G073,G001,0.00017857365,1
G025,G058,0.00017857006,1
G070,G094,0.0001783973,1
G079,G053,0.00017817685,1
G071,G017,0.00017796626,1
G098,G079,0.00017795364,1
G076,G096,0.00017791508,1
G048,G011,0.00017784894,1
G011,G092,0.00017763794,1
G078,G086,0.00017759357,1
G099,G055,0.00017735788,1
G042,G080,0.00017724099,1
G054,G079,0.00017706871,1
G020,G079,0.00017700628,1
G070,G069,0.00017691344,1
G042,G069,0.00017684538,1
G067,G066,0.00017664401,1
G045,G051,0.00017644672,1
G002,G016,0.00017570252,1
G013,G053,0.00017564114,1
G060,G004,0.00017563648,1
G091,G055,0.00017511747,1
G064,G023,0.00017510941,1
G033,G058,0.00017499742,1
G065,G011,0.0001749953,1
G089,G046,0.00017473483,1
G081,G082,0.00017467253,1
G100,G033,0.00017438806,1
G076,G068,0.00017431713,1
G038,G066,0.0001739987,1
G085,G023,0.00017378957,1
G044,G017,0.00017360659,1
G100,G046,0.00017341388,1
G070,G088,0.00017339207,1
G084,G033,0.00017326638,1
G050,G067,0.00017294542,1
G002,G027,0.00017286466,1
G002,G066,0.00017283627,1
G038,G068,0.00017240214,1
G083,G078,0.00017239667,1
G046,G097,0.00017236256,1
G063,G025,0.00017234802,1
G084,G051,0.00017207293,1
G059,G063,0.00017186614,1
G002,G026,0.0001717897,1
G021,G079,0.00017178225,1
G066,G078,0.00017150509,1
G073,G078,0.00017132318,1
G089,G014,0.00017099803,1
G017,G096,0.0001707567,1
G062,G046,0.0001706993,1
G067,G011,0.00017041535,1
G070,G001,0.00016967299,1
G091,G048,0.00016938079,1
G089,G036,0.0001693203,1
G065,G048,0.00016917019,1
G027,G033,0.00016914259,1
G066,G089,0.00016896323,1
G089,G017,0.0001687553,1
G015,G026,0.00016873554,1
G089,G081,0.00016854798,1
G020,G026,0.00016834495,1
G017,G081,0.00016831463,1
G065,G067,0.00016812599,1
G098,G081,0.0001680386,1
G064,G051,0.00016783581,1
G089,G068,0.00016776315,1
G005,G097,0.00016770129,1
G028,G048,0.0001676669,1
G065,G079,0.00016747082,1
G051,G069,0.00016732386,1
G065,G055,0.00016711165,1
G065,G084,0.00016705398,1
G042,G079,0.00016676653,1
G046,G023,0.00016664862,1
G073,G080,0.00016633542,1
G062,G015,0.00016625803,1
G017,G011,0.00016601599,1
G062,G048,0.00016598201,1
G093,G061,0.00016597366,1
G010,G069,0.00016584572,1
G007,G057,0.00016571235,1
G097,G001,0.00016559382,1
G067,G030,0.00016558862,1
G002,G068,0.00016556655,1
G098,G051,0.00016549061,1
G017,G041,0.00016534177,1
G028,G055,0.00016504605,1
G087,G058,0.00016501754,1
G020,G067,0.00016479919,1
G099,G036,0.00016454312,1
G090,G067,0.00016454002,1
G067,G088,0.00016453088,1
G041,G078,0.00016426327,1
G074,G069,0.00016401947,1
G004,G067,0.0001638662,1
G004,G017,0.00016317566,1
G091,G011,0.00016314258,1
G085,G067,0.00016307857,1
G010,G063,0.00016263801,1
G054,G051,0.00016257427,1
G083,G097,0.00016217757,1
G038,G036,0.00016186717,1
G044,G073,0.00016128972,1
G041,G068,0.00016119963,1
G046,G086,0.00016110939,1
G044,G048,0.00016107429,1
G092,G068,0.00016088728,1
G087,G079,0.00016072564,1
G027,G081,0.00016066231,1
G064,G004,0.00016051436,1
G089,G037,0.00016045316,1
G042,G077,0.0001602943,1
G077,G051,0.00016026663,1
G021,G036,0.00016025676,1
G030,G051,0.00016019223,1
G021,G078,0.00015999288,1
G039,G036,0.00015995964,1
G063,G036,0.00015982853,1
G038,G081,0.00015957365,1
G004,G011,0.0001595279,1
G046,G063,0.00015943144,1
G097,G008,0.00015940568,1
G034,G030,0.00015939097,1
G037,G079,0.00015916016,1
G019,G069,0.00015906901,1
G057,G051,0.0001589552,1
G027,G048,0.00015892646,1
G090,G026,0.00015871973,1
G099,G081,0.00015858401,1
G090,G058,0.00015849111,1
G099,G069,0.00015848964,1
G095,G017,0.0001581697,1
G070,G014,0.00015799829,1
G012,G066,0.00015788675,1
G010,G053,0.0001576714,1
G071,G025,0.0001575513,1
G012,G051,0.00015754011,1
G046,G094,0.00015741074,1
G091,G078,0.00015733043,1
G065,G004,0.00015718372,1
G025,G010,0.00015708414,1
G046,G011,0.00015706243,1
G064,G078,0.00015694583,1
G030,G060,0.00015691527,1
G020,G036,0.00015686982,1
G042,G067,0.00015668677,1
G066,G012,0.00015666525,1
G085,G081,0.00015663926,1
G038,G033,0.00015634269,1
G067,G068,0.00015620996,1
G081,G026,0.00015582393,1
G028,G088,0.00015568097,1
G059,G030,0.0001555999,1
G082,G067,0.00015554049,1
G010,G019,0.0001553993,1
G022,G078,0.00015499527,1
G052,G033,0.00015468989,1
G046,G061,0.00015467303,1
G093,G096,0.00015457509,1
G020,G023,0.00015452047,1
G018,G026,0.00015390172,1
G098,G061,0.0001536894,1
G078,G046,0.00015359934,1
G042,G012,0.00015347227,1
G068,G031,0.00015339743,1
G003,G028,0.00015338215,1
G054,G050,0.00015335048,1
G090,G016,0.00015331162,1
G038,G023,0.00015326201,1
G020,G051,0.00015325897,1
G066,G081,0.00015308407,1
G071,G004,0.00015270157,1
G064,G008,0.00015267788,1
G071,G036,0.00015247655,1
G022,G036,0.0001523363,1
G025,G068,0.00015200251,1
G085,G011,0.00015195132,1
G038,G052,0.00015176962,1
G044,G063,0.00015173062,1
G059,G023,0.00015139313,1
G039,G007,0.0001513892,1
G063,G079,0.00015133288,1
G004,G026,0.00015122272,1
G067,G026,0.00015103964,1
G031,G089,0.00015094326,1
G041,G053,0.00015091317,1
G022,G081,0.00015082114,1
G004,G040,0.00015062872,1
G022,G061,0.00015055003,1
G010,G090,0.00015048827,1
G024,G021,0.00015046296,1
G089,G033,0.00015038975,1
G004,G003,0.00015038792,1
G084,G048,0.00015026619,1
G015,G082,0.00014991494,1
G009,G011,0.0001499114,1
G030,G013,0.000149422,1
G067,G058,0.00014928583,1
G066,G084,0.00014928187,1
G050,G079,0.00014921032,1
G053,G078,0.0001491461,1
G091,G067,0.00014891996,1
G063,G048,0.00014878552,1
G063,G026,0.00014871566,1
G076,G081,0.00014861728,1
G052,G036,0.00014849962,1
G068,G049,0.00014829557,1
G009,G089,0.00014798435,1
G009,G052,0.00014793882,1
G073,G005,0.00014784187,1
G020,G040,0.00014778982,1
G076,G067,0.00014771556,1
G015,G075,0.00014767685,1
G064,G018,0.00014696516,1
G085,G048,0.00014649825,1
G066,G097,0.00014606702,1
G062,G058,0.00014602493,1
G031,G009,0.0001456752,1
G083,G082,0.00014563501,1
G054,G069,0.0001454567,1
G017,G023,0.0001454221,1
G060,G058,0.00014527788,1
G025,G096,0.0001451747,1
G098,G078,0.00014508949,1
G085,G061,0.00014499444,1
G055,G053,0.0001449051,1
G004,G025,0.00014486474,1
G065,G013,0.00014445416,1
G071,G033,0.00014444013,1
G069,G066,0.00014413938,1
G030,G008,0.00014392487,1
G091,G031,0.00014389429,1
G032,G068,0.00014365753,1
G059,G026,0.00014364699,1
G099,G033,0.00014338914,1
G005,G096,0.00014323741,1
G063,G068,0.00014320914,1
G005,G045,0.0001430453,1
G065,G036,0.00014303258,1
G097,G069,0.00014289342,1
G020,G033,0.00014284626,1
G100,G086,0.00014262788,1
G089,G023,0.00014257446,1
G086,G069,0.00014236299,1
G025,G014,0.00014231802,1
G044,G016,0.0001420329,1
G059,G066,0.00014181092,1
G063,G069,0.00014175045,1
G056,G097,0.0001415575,1
G018,G023,0.00014133929,1
G065,G030,0.00014124294,1
G014,G055,0.00014073313,1
G005,G063,0.00014057006,1
G012,G079,0.00014030839,1
G081,G014,0.00014005107,1
G093,G069,0.00014001982,1
G059,G097,0.00013990726,1
G021,G067,0.0001396569,1
G039,G017,0.00013948837,1
G009,G036,0.00013946177,1
G038,G026,0.0001392248,1
G085,G017,0.00013920742,1
G082,G069,0.00013911889,1
G089,G026,0.00013910524,1
G034,G023,0.00013905007,1
G073,G033,0.0001389863,1
G067,G033,0.00013894802,1
G089,G003,0.00013893377,1
G052,G081,0.0001389109,1
G069,G017,0.00013887175,1
G002,G089,0.00013869895,1
G002,G081,0.0001386049,1
G014,G081,0.00013841281,1
G069,G063,0.00013836227,1
G060,G025,0.00013835983,1
G093,G078,0.0001383519,1
G003,G030,0.00013770758,1
G022,G067,0.00013765604,1
G098,G067,0.00013735934,1
G009,G096,0.00013734629,1
G073,G026,0.00013676242,1
G052,G078,0.00013658157,1
G074,G058,0.00013649567,1
G076,G058,0.00013640837,1
G090,G011,0.00013546331,1
G083,G023,0.00013531782,1
G077,G066,0.00013508995,1
G029,G079,0.00013501453,1
G070,G066,0.00013499662,1
G044,G081,0.00013492937,1
G068,G011,0.00013478062,1
G058,G055,0.00013451626,1
G060,G073,0.00013418915,1
G015,G067,0.00013414062,1
G050,G048,0.00013411425,1
G014,G066,0.00013408386,1
G054,G068,0.00013394498,1
G060,G055,0.00013381355,1
G034,G017,0.00013353403,1
G010,G058,0.0001334656,1
G002,G055,0.00013345106,1
G038,G025,0.00013341813,1
G090,G023,0.00013323528,1
G015,G058,0.0001331459,1
G054,G004,0.00013275717,1
G078,G076,0.00013261555,1
G066,G004,0.00013260005,1
G071,G048,0.00013240943,1
G081,G011,0.00013218979,1
G085,G030,0.00013199849,1
G003,G066,0.00013199438,1
G048,G061,0.0001318937,1
G034,G097,0.00013186806,1
G005,G011,0.00013186192,1
G044,G079,0.0001317929,1
G030,G067,0.00013176221,1
G030,G072,0.00013173049,1
G025,G043,0.00013169837,1
G007,G049,0.00013167635,1
G092,G072,0.00013150569,1
G021,G033,0.00013132475,1
G065,G081,0.0001313219,1
G009,G004,0.00013126053,1
G049,G033,0.00013115031,1
G083,G011,0.00013113246,1
G069,G086,0.00013102984,1
G062,G014,0.00013075952,1
G025,G009,0.00013044532,1
G049,G078,0.00013036143,1
G083,G026,0.0001303395,1
G017,G058,0.00013028333,1
G010,G004,0.00012998842,1
G081,G069,0.0001299149,1
G014,G086,0.00012982063,1
G051,G030,0.00012976819,1
G048,G014,0.00012973913,1
G070,G004,0.00012946645,1
G087,G086,0.0001291367,1
G002,G036,0.00012894963,1
G041,G072,0.00012884068,1
G015,G086,0.00012800797,1
G016,G006,0.00012795704,1
G037,G069,0.00012793674,1
G011,G061,0.00012780719,1
G085,G046,0.00012780617,1
G086,G079,0.00012765915,1
G008,G053,0.0001274034,1
G100,G011,0.0001270869,1
G004,G016,0.00012707463,1
G054,G061,0.00012705539,1
G008,G040,0.00012687982,1
G050,G025,0.00012680766,1
G054,G014,0.00012656914,1
G038,G051,0.00012640291,1
G015,G025,0.00012607618,1
G005,G055,0.0001257602,1
G090,G079,0.00012562814,1
G077,G086,0.00012550945,1
G078,G026,0.00012544342,1
G025,G081,0.00012532457,1
G014,G094,0.00012528917,1
G046,G080,0.00012500965,1
G010,G076,0.00012494938,1
G049,G017,0.00012493398,1
G051,G097,0.00012479861,1
G073,G066,0.00012472081,1
G008,G081,0.00012459862,1
G015,G065,0.00012400205,1
G079,G082,0.00012382417,1
G069,G004,0.00012377184,1
G020,G017,0.0001237377,1
G086,G026,0.00012370855,1
G089,G063,0.0001236332,1
G042,G059,0.00012340976,1
G050,G081,0.00012338968,1
G044,G061,0.00012336952,1
G050,G016,0.00012335792,1
G012,G011,0.00012315398,1
G096,G078,0.00012307805,1
G002,G051,0.0001229539,1
G010,G070,0.00012250069,1
G019,G036,0.00012240848,1
G047,G088,0.00012224662,1
G089,G048,0.00012221158,1
G091,G097,0.0001221336,1
G036,G084,0.00012212702,1
G028,G059,0.00012175378,1
G084,G026,0.00012169413,1
G089,G043,0.00012162135,1
G080,G011,0.00012141676,1
G025,G039,0.00012133829,1
G028,G036,0.0001209021,1
G069,G014,0.00012069574,1
G028,G092,0.00012068326,1
G039,G081,0.000120432596,1
G014,G088,0.000120381024,1
G070,G052,0.00012028174,1
G057,G005,0.00012022292,1
G062,G067,0.0001199963,1
G036,G051,0.000119990436,1
G004,G066,0.00011989129,1
G038,G061,0.00011985956,1
G024,G053,0.00011975092,1
G004,G097,0.00011970865,1
G025,G063,0.00011941315,1
G076,G097,0.00011930319,1
G022,G017,0.00011914423,1
G044,G097,0.00011913563,1
G042,G086,0.00011853089,1
G054,G055,0.00011853022,1
G017,G097,0.00011835025,1
G070,G068,0.00011830947,1
G017,G078,0.0001182445,1
G021,G001,0.00011823557,1
G009,G067,0.0001180688,1
G036,G065,0.0001179565,1
G009,G078,0.00011791715,1
G035,G068,0.00011774652,1
G030,G066,0.00011774476,1
G073,G068,0.00011770088,1
G093,G004,0.00011744091,1
G005,G014,0.00011733602,1
G009,G079,0.00011725052,1
G023,G097,0.0001171932,1
G080,G019,0.00011714644,1
G017,G094,0.00011711273,1
G027,G063,0.00011700547,1
G025,G023,0.000116585936,1
G065,G017,0.00011657167,1
G023,G089,0.00011647849,1
G075,G078,0.000116339084,1
G085,G033,0.000116065756,1
G078,G094,0.00011567584,1
G011,G089,0.000115467956,1
G052,G029,0.000115154864,1
G081,G063,0.00011514957,1
G049,G069,0.00011514792,1
G096,G086,0.00011506764,1
G044,G066,0.00011501941,1
G004,G036,0.00011495828,1
G070,G100,0.00011491241,1
G015,G011,0.00011468043,1
G069,G068,0.00011467107,1
G022,G046,0.00011465095,1
G062,G066,0.00011460283,1
G077,G055,0.00011445377,1
G092,G069,0.000114186616,1
G067,G063,0.00011414316,1
G015,G077,0.00011407359,1
G086,G066,0.00011390328,1
G098,G011,0.0001138761,1
G073,G012,0.00011381082,1
G070,G081,0.00011379988,1
G060,G040,0.00011375868,1
G057,G069,0.00011375512,1
G091,G079,0.00011310416,1
G009,G048,0.00011257935,1
G008,G051,0.00011230955,1
G064,G079,0.00011216108,1
G067,G023,0.00011203004,1
G078,G061,0.000111949375,1
G078,G019,0.000111612484,1
G035,G051,0.00011160967,1
G066,G069,0.000111569134,1
G089,G061,0.00011139221,1
G084,G002,0.000111353445,1
G039,G006,0.000111334375,1
G096,G003,0.00011132094,1
G037,G036,0.00011131217,1
G059,G079,0.00011116433,1
G063,G014,0.00011028643,1
G087,G078,0.00011027878,1
G010,G052,0.00011023318,1
G071,G088,0.00011007002,1
G014,G026,0.000110014334,1
G093,G033,0.00010985382,1
G085,G025,0.000109852626,1
G050,G090,0.0001096663,1
G027,G087,0.0001095959,1
G050,G023,0.000109573855,1
G049,G016,0.000109508954,1
G052,G025,0.000109090404,1
G098,G023,0.00010881367,1
G021,G097,0.000108716165,1
G046,G088,0.00010830796,1
G049,G076,0.0001082603,1
G085,G016,0.00010820784,1
G021,G086,0.00010789834,1
G087,G063,0.00010780282,1
G049,G081,0.00010770403,1
G019,G011,0.00010735004,1
G076,G078,0.00010705896,1
G090,G004,0.00010684617,1
G039,G046,0.000106762775,1
G049,G055,0.000106680505,1
G065,G046,0.00010649935,1
G034,G040,0.00010628637,1
G035,G058,0.00010620439,1
G049,G097,0.00010617136,1
G004,G033,0.000105870866,1
G025,G019,0.0001058161,1
G086,G033,0.00010576947,1
G096,G097,0.00010533904,1
G021,G016,0.000105327534,1
G048,G078,0.00010518549,1
G020,G052,0.000104791165,1
G022,G026,0.00010477753,1
G099,G048,0.00010472172,1
G087,G097,0.00010471029,1
G044,G001,0.00010463155,1
G057,G048,0.000104552484,1
G046,G051,0.00010439981,1
G038,G086,0.00010398553,1
G062,G081,0.00010397547,1
G059,G086,0.000103341765,1
G086,G011,0.00010331892,1
G028,G044,0.00010321508,1
G054,G019,0.00010309623,1
G042,G004,0.00010306165,1
G092,G088,0.000103013066,1
G067,G046,0.000102987775,1
G067,G001,0.00010292127,1
G023,G030,0.00010287513,1
G060,G021,0.00010270106,1
G059,G055,0.000102536964,1
G096,G017,0.0001021195,1
G015,G003,0.00010164698,1
G069,G081,0.000101461585,1
G089,G053,0.00010104313,1
G097,G048,0.00010098863,1
G029,G027,0.000100917256,1
G068,G070,0.00010073956,1
G001,G029,0.000100576886,1
G070,G036,0.000100569596,1
G037,G084,0.00010056895,1
G098,G057,0.00010051948,1
G079,G019,0.00010051452,1
G034,G019,0.00010047292,1
G069,G042,9.99375e-05,1
G060,G030,9.984388e-05,1
G004,G078,9.9837715e-05,1
G006,G078,9.983298e-05,1
G062,G016,9.977172e-05,1
G014,G063,9.947003e-05,1
G070,G078,9.9428806e-05,1
G087,G080,9.940165e-05,1
G011,G036,9.93199e-05,1
G021,G080,9.923296e-05,1
G021,G094,9.9201345e-05,1
G082,G068,9.91586e-05,1
G083,G066,9.914094e-05,1
G010,G021,9.909331e-05,1
G098,G019,9.865809e-05,1
G070,G058,9.864799e-05,1
G059,G017,9.858731e-05,1
G077,G025,9.8550474e-05,1
G047,G030,9.8432974e-05,1
G062,G035,9.830737e-05,1
G034,G078,9.8271674e-05,1
G089,G097,9.784166e-05,1
G021,G025,9.7654345e-05,1
G008,G086,9.742141e-05,1
G054,G026,9.721727e-05,1
G037,G033,9.714218e-05,1
G054,G048,9.6960226e-05,1
G062,G065,9.693369e-05,1
G068,G034,9.68741e-05,1
G008,G050,9.682161e-05,1
G056,G013,9.675827e-05,1
G002,G054,9.670008e-05,1
G010,G009,9.664027e-05,1
G035,G089,9.654028e-05,1
G014,G068,9.634368e-05,1
G039,G003,9.632861e-05,1
G012,G061,9.6099975e-05,1
G063,G081,9.562473e-05,1
G056,G051,9.56128e-05,1
G039,G048,9.5588584e-05,1
G001,G077,9.553041e-05,1
G072,G023,9.517679e-05,1
G089,G052,9.51457e-05,1
G082,G051,9.491503e-05,1
G001,G089,9.4903386e-05,1
G012,G023,9.483637e-05,1
G008,G097,9.4758616e-05,1
G063,G057,9.474663e-05,1
G005,G047,9.463799e-05,1
G089,G051,9.463753e-05,1
G030,G047,9.4410265e-05,1
G090,G048,9.4368654e-05,1
G028,G008,9.432292e-05,1
G034,G094,9.4260606e-05,1
G077,G026,9.400631e-05,1
G087,G065,9.392866e-05,1
G057,G052,9.389688e-05,1
G070,G055,9.370949e-05,1
G012,G048,9.364603e-05,1
G077,G053,9.360658e-05,1
G044,G004,9.352181e-05,1
G039,G043,9.348375e-05,1
G099,G004,9.3353476e-05,1
G086,G094,9.305743e-05,1
G052,G086,9.303783e-05,1
G008,G084,9.303233e-05,1
G076,G026,9.297352e-05,1
G073,G085,9.2962284e-05,1
G018,G078,9.277193e-05,1
G091,G040,9.2633745e-05,1
G051,G016,9.2447604e-05,1
G036,G073,9.244322e-05,1
G005,G079,9.2333226e-05,1
G067,G097,9.2238886e-05,1
G033,G073,9.2225106e-05,1
G032,G002,9.204872e-05,1
G069,G026,9.2046765e-05,1
G087,G090,9.199219e-05,1
G080,G001,9.198364e-05,1
G084,G006,9.190524e-05,1
G009,G068,9.18005e-05,1
G030,G097,9.178452e-05,1
G009,G080,9.1626345e-05,1
G044,G009,9.153443e-05,1
G035,G019,9.149756e-05,1
G051,G084,9.12226e-05,1
G028,G073,9.11308e-05,1
G054,G015,9.100755e-05,1
G020,G097,9.0755544e-05,1
G086,G025,9.0517286e-05,1
G066,G086,9.038844e-05,1
G097,G055,9.0189664e-05,1
G051,G068,9.007129e-05,1
G092,G052,9.004624e-05,1
G018,G052,8.989731e-05,1
G015,G021,8.971563e-05,1
G015,G097,8.9648354e-05,1
G052,G011,8.964617e-05,1
G089,G078,8.964252e-05,1
G091,G057,8.9589776e-05,1
G070,G067,8.957611e-05,1
G002,G061,8.951676e-05,1
G081,G061,8.9331465e-05,1
G023,G084,8.920721e-05,1
G052,G070,8.9189445e-05,1
G044,G052,8.881597e-05,1
G048,G001,8.843634e-05,1
G072,G052,8.8292654e-05,1
G090,G094,8.821956e-05,1
G081,G040,8.800375e-05,1
G091,G076,8.786009e-05,1
G008,G063,8.7789034e-05,1
G034,G046,8.768108e-05,1
G060,G046,8.7554254e-05,1
G056,G048,8.753369e-05,1
G089,G030,8.748549e-05,1
G042,G016,8.7193315e-05,1
G085,G065,8.7155466e-05,1
G054,G001,8.6931315e-05,1
G081,G053,8.67489e-05,1
G032,G001,8.6362714e-05,1
G068,G003,8.627428e-05,1
G036,G057,8.608021e-05,1
G064,G081,8.600046e-05,1
G026,G091,8.5972075e-05,1
G069,G019,8.569175e-05,1
G030,G094,8.552472e-05,1
G063,G052,8.547495e-05,1
G076,G072,8.5387626e-05,1
G083,G003,8.5377054e-05,1
G021,G017,8.508869e-05,1
G030,G061,8.502765e-05,1
G008,G026,8.4675405e-05,1
G073,G100,8.464558e-05,1
G066,G092,8.461633e-05,1
G087,G023,8.4590996e-05,1
G089,G013,8.449636e-05,1
G050,G051,8.446531e-05,1
G087,G068,8.432744e-05,1
G039,G019,8.430202e-05,1
G078,G033,8.392448e-05,1
G008,G017,8.390672e-05,1
G051,G010,8.390194e-05,1
G030,G069,8.382573e-05,1
G093,G094,8.3593026e-05,1
G025,G055,8.35671e-05,1
G078,G070,8.3384075e-05,1
G091,G089,8.337664e-05,1
G004,G051,8.3071296e-05,1
G072,G031,8.27806e-05,1
G021,G061,8.256691e-05,1
G027,G040,8.252148e-05,1
G042,G011,8.2385544e-05,1
G019,G051,8.224494e-05,1
G038,G004,8.212869e-05,1
G087,G052,8.1777405e-05,1
G048,G067,8.1770355e-05,1
G069,G031,8.160502e-05,1
G063,G033,8.147834e-05,1
G041,G036,8.1392005e-05,1
G098,G040,8.1202044e-05,1
G046,G048,8.11655e-05,1
G005,G089,8.1074846e-05,1
G027,G089,8.104685e-05,1
G044,G051,8.090428e-05,1
G044,G090,8.067266e-05,1
G029,G026,8.0484715e-05,1
G086,G068,8.04115e-05,1
G048,G090,8.0354956e-05,1
G042,G055,8.024423e-05,1
G093,G046,8.015806e-05,1
G047,G008,8.013031e-05,1
G044,G023,8.002095e-05,1
G009,G086,7.990433e-05,1
G073,G008,7.978882e-05,1
G100,G051,7.9771475e-05,1
G060,G048,7.948952e-05,1
G099,G003,7.9399935e-05,1
G008,G079,7.932027e-05,1
G030,G033,7.931022e-05,1
G054,G097,7.915609e-05,1
G059,G067,7.910146e-05,1
G013,G016,7.870585e-05,1
G025,G066,7.861241e-05,1
G043,G014,7.8456906e-05,1
G021,G019,7.8430865e-05,1
G049,G025,7.824542e-05,1
G012,G078,7.824171e-05,1
G043,G001,7.821829e-05,1
G044,G043,7.817525e-05,1
G035,G053,7.813538e-05,1
G046,G041,7.7761935e-05,1
G062,G026,7.772201e-05,1
G005,G016,7.756875e-05,1
G019,G004,7.724658e-05,1
G069,G078,7.709426e-05,1
G048,G019,7.692214e-05,1
G044,G003,7.6920456e-05,1
G081,G019,7.658131e-05,1
G081,G004,7.6414246e-05,1
G008,G078,7.638635e-05,1
G033,G008,7.6261356e-05,1
G076,G080,7.620079e-05,1
G021,G055,7.598841e-05,1
G077,G052,7.5927375e-05,1
G056,G021,7.581973e-05,1
G004,G057,7.578199e-05,1
G089,G001,7.5585835e-05,1
G032,G051,7.538393e-05,1
G016,G067,7.5324344e-05,1
G002,G048,7.515311e-05,1
G004,G072,7.487854e-05,1
G034,G011,7.486385e-05,1
G010,G039,7.484326e-05,1
G015,G089,7.470172e-05,1
G086,G055,7.462142e-05,1
G037,G097,7.4599964e-05,1
G038,G079,7.4510346e-05,1
G089,G055,7.438406e-05,1
G013,G008,7.431453e-05,1
G071,G055,7.407699e-05,1
G051,G094,7.403776e-05,1
G091,G051,7.401264e-05,1
G086,G067,7.370303e-05,1
G024,G055,7.367868e-05,1
G090,G078,7.3532865e-05,1
G095,G053,7.347535e-05,1
G011,G055,7.327261e-05,1
G099,G058,7.3152034e-05,1
G071,G100,7.3119205e-05,1
G070,G080,7.304701e-05,1
G065,G094,7.303036e-05,1
G095,G025,7.253528e-05,1
G099,G023,7.224479e-05,1
G014,G001,7.223691e-05,1
G015,G088,7.21861e-05,1
G052,G040,7.207767e-05,1
G064,G067,7.185228e-05,1
G091,G077,7.157817e-05,1
G041,G079,7.155667e-05,1
G086,G046,7.138081e-05,1
G073,G097,7.130733e-05,1
G001,G014,7.129179e-05,1
G086,G051,7.117891e-05,1
G046,G066,7.114675e-05,1
G060,G036,7.101011e-05,1
G078,G040,7.1002716e-05,1
G014,G030,7.085443e-05,1
G091,G013,7.0813476e-05,1
G031,G026,7.0780814e-05,1
G081,G088,7.073937e-05,1
G041,G040,7.0700924e-05,1
G091,G086,7.045124e-05,1
G021,G038,7.025231e-05,1
G070,G017,7.021532e-05,1
G074,G078,6.991441e-05,1
G044,G008,6.97686e-05,1
G071,G061,6.971031e-05,1
G015,G100,6.967805e-05,1
G034,G079,6.940474e-05,1
G093,G052,6.930555e-05,1
G067,G048,6.930102e-05,1
G060,G081,6.916447e-05,1
G048,G057,6.913718e-05,1
G065,G076,6.911156e-05,1
G065,G068,6.9061076e-05,1
G073,G081,6.902166e-05,1
G087,G017,6.8981935e-05,1
G037,G006,6.881557e-05,1
G015,G063,6.863079e-05,1
G021,G052,6.861876e-05,1
G040,G004,6.8590954e-05,1
G039,G057,6.8442416e-05,1
G060,G023,6.833949e-05,1
G054,G057,6.822791e-05,1
G001,G034,6.799992e-05,1
G022,G052,6.794399e-05,1
G050,G078,6.788761e-05,1
G012,G069,6.7874134e-05,1
G015,G078,6.78544e-05,1
G077,G042,6.766052e-05,1
G029,G070,6.746401e-05,1
G037,G026,6.7451816e-05,1
G065,G078,6.718848e-05,1
G069,G097,6.6943096e-05,1
G095,G081,6.685565e-05,1
G036,G079,6.6852765e-05,1
G015,G051,6.683688e-05,1
G012,G016,6.6607514e-05,1
G069,G023,6.6601206e-05,1
G076,G066,6.6532324e-05,1
G023,G019,6.643919e-05,1
G037,G061,6.636447e-05,1
G054,G025,6.63424e-05,1
G031,G033,6.632686e-05,1
G029,G055,6.631504e-05,1
G049,G065,6.627964e-05,1
G051,G018,6.627734e-05,1
G008,G046,6.617684e-05,1
G080,G031,6.607876e-05,1
G091,G014,6.606218e-05,1
G022,G055,6.6008244e-05,1
G012,G094,6.579476e-05,1
G066,G061,6.573994e-05,1
G005,G041,6.553688e-05,1
G020,G050,6.553038e-05,1
G070,G007,6.542214e-05,1
G097,G051,6.5232714e-05,1
G051,G013,6.516949e-05,1
G099,G014,6.469036e-05,1
G021,G046,6.460705e-05,1
G087,G072,6.450981e-05,1
G052,G094,6.435058e-05,1
G077,G094,6.4267886e-05,1
G027,G090,6.4214924e-05,1
G070,G097,6.4186475e-05,1
G042,G088,6.398329e-05,1
G060,G082,6.393813e-05,1
G039,G067,6.378474e-05,1
G025,G100,6.369784e-05,1
G027,G046,6.356002e-05,1
G090,G080,6.352927e-05,1
G022,G088,6.346095e-05,1
G038,G078,6.318583e-05,1
G099,G053,6.306189e-05,1
G050,G058,6.2689585e-05,1
G009,G094,6.2620944e-05,1
G081,G073,6.251548e-05,1
G006,G015,6.240992e-05,1
G089,G094,6.236655e-05,1
G052,G090,6.233878e-05,1
G083,G009,6.232655e-05,1
G002,G012,6.224412e-05,1
G009,G072,6.220055e-05,1
G087,G033,6.190399e-05,1
G042,G043,6.180634e-05,1
G096,G051,6.179571e-05,1
G042,G053,6.176835e-05,1
G098,G094,6.154363e-05,1
G099,G089,6.113703e-05,1
G025,G062,6.108173e-05,1
G080,G078,6.091072e-05,1
G075,G056,6.085573e-05,1
G091,G036,6.079394e-05,1
G014,G100,6.0464932e-05,1
G100,G030,6.0457678e-05,1
G011,G019,6.0435083e-05,1
G068,G048,6.0389044e-05,1
G008,G072,6.0388866e-05,1
G010,G005,6.0384325e-05,1
G034,G051,6.0357397e-05,1
G063,G030,6.025741e-05,1
G017,G080,6.0238424e-05,1
G093,G080,6.0164053e-05,1
G008,G036,6.0033854e-05,1
G065,G063,5.9973827e-05,1
G095,G094,5.9910446e-05,1
G012,G006,5.9891147e-05,1
G078,G016,5.9785343e-05,1
G095,G058,5.9696154e-05,1
G014,G079,5.959219e-05,1
G038,G097,5.9293965e-05,1
G098,G004,5.9281996e-05,1
G036,G058,5.913836e-05,1
G060,G002,5.9097027e-05,1
G019,G073,5.8928425e-05,1
G093,G017,5.891812e-05,1
G090,G033,5.8913716e-05,1
G017,G088,5.888553e-05,1
G076,G084,5.8833175e-05,1
G008,G013,5.8809852e-05,1
G060,G019,5.8778736e-05,1
G001,G057,5.8656573e-05,1
G098,G006,5.8624264e-05,1
G035,G048,5.8620775e-05,1
G072,G051,5.8561407e-05,1
G002,G014,5.8519057e-05,1
G086,G096,5.8473284e-05,1
G004,G081,5.7992518e-05,1
G039,G025,5.789209e-05,1
G059,G016,5.779222e-05,1
G064,G050,5.7633824e-05,1
G065,G052,5.7375393e-05,1
G027,G097,5.7222325e-05,1
G028,G056,5.7208857e-05,1
G073,G051,5.7075613e-05,1
G078,G044,5.7073754e-05,1
G006,G052,5.6967645e-05,1
G025,G086,5.6655063e-05,1
G008,G033,5.663815e-05,1
G080,G014,5.6412653e-05,1
G085,G072,5.61815e-05,1
G076,G094,5.6148274e-05,1
G027,G073,5.6147546e-05,1
G062,G061,5.613985e-05,1
G007,G030,5.5995857e-05,1
G096,G053,5.598175e-05,1
G088,G070,5.594422e-05,1
G077,G049,5.5875073e-05,1
G025,G016,5.5872228e-05,1
G095,G003,5.5735552e-05,1
G052,G014,5.573088e-05,1
G015,G033,5.57204e-05,1
G029,G078,5.557694e-05,1
G050,G030,5.556678e-05,1
G029,G094,5.5337332e-05,1
G086,G058,5.5256336e-05,1
G069,G079,5.522132e-05,1
G029,G046,5.4951e-05,1
G025,G090,5.4665175e-05,1
G070,G082,5.458521e-05,1
G092,G008,5.440268e-05,1
G062,G079,5.4345634e-05,1
G046,G006,5.4332915e-05,1
G039,G005,5.425004e-05,1
G028,G010,5.4201984e-05,1
G090,G046,5.4174605e-05,1
G036,G040,5.4125954e-05,1
G065,G072,5.4041313e-05,1
G002,G058,5.3999425e-05,1
G003,G078,5.3996704e-05,1
G037,G019,5.3953005e-05,1
G020,G063,5.3877593e-05,1
G086,G063,5.3869808e-05,1
G083,G040,5.3790307e-05,1
G028,G083,5.3638018e-05,1
G052,G013,5.3623826e-05,1
G087,G094,5.354676e-05,1
G017,G004,5.3500895e-05,1
G001,G038,5.3492346e-05,1
G029,G019,5.349113e-05,1
G005,G012,5.336492e-05,1
G069,G084,5.3353404e-05,1
G096,G048,5.324236e-05,1
G073,G052,5.322202e-05,1
G038,G084,5.3167823e-05,1
G072,G079,5.3135973e-05,1
G017,G089,5.3105698e-05,1
G044,G021,5.304756e-05,1
G042,G040,5.299502e-05,1
G004,G073,5.259181e-05,1
G044,G082,5.253037e-05,1
G028,G058,5.2263604e-05,1
G085,G089,5.214672e-05,1
G017,G077,5.187062e-05,1
G051,G086,5.1862473e-05,1
G038,G017,5.180685e-05,1
G066,G077,5.1706254e-05,1
G051,G076,5.1334515e-05,1
G063,G013,5.129059e-05,1
G087,G048,5.1209336e-05,1
G018,G001,5.11869e-05,1
G064,G025,5.111582e-05,1
G005,G060,5.108352e-05,1
G098,G084,5.1040806e-05,1
G089,G009,5.0987495e-05,1
G006,G051,5.095141e-05,1
G085,G008,5.0930663e-05,1
G099,G078,5.0769915e-05,1
G086,G078,5.0750834e-05,1
G019,G061,5.061628e-05,1
G025,G004,5.04884e-05,1
G036,G011,5.0124512e-05,1
G046,G082,5.0068025e-05,1
G077,G056,4.9973238e-05,1
G052,G016,4.967715e-05,1
G091,G072,4.9664788e-05,1
G090,G061,4.9636034e-05,1
G041,G082,4.9465118e-05,1
G056,G087,4.9389677e-05,1
G073,G086,4.938575e-05,1
G002,G038,4.934819e-05,1
G081,G058,4.91951e-05,1
G029,G053,4.917178e-05,1
G029,G063,4.9148435e-05,1
G038,G090,4.913552e-05,1
G002,G078,4.9012768e-05,1
G083,G079,4.8904632e-05,1
G044,G025,4.888123e-05,1
G069,G082,4.8857262e-05,1
G090,G082,4.883197e-05,1
G039,G055,4.874677e-05,1
G098,G016,4.8730493e-05,1
G041,G084,4.870731e-05,1
G083,G014,4.8545317e-05,1
G062,G004,4.8309703e-05,1
G078,G084,4.827225e-05,1
G090,G017,4.816079e-05,1
G046,G016,4.803374e-05,1
G052,G097,4.796296e-05,1
G064,G055,4.785187e-05,1
G056,G039,4.7691778e-05,1
G067,G084,4.7629284e-05,1
G024,G051,4.762157e-05,1
G066,G082,4.7594345e-05,1
G078,G049,4.7577232e-05,1
G052,G076,4.7264166e-05,1
G038,G016,4.7246456e-05,1
G085,G040,4.7035795e-05,1
G060,G069,4.7014444e-05,1
G010,G097,4.7001453e-05,1
G081,G033,4.696012e-05,1
G080,G058,4.67447e-05,1
G066,G100,4.6739588e-05,1
G078,G029,4.6724814e-05,1
G038,G048,4.6722747e-05,1
G057,G068,4.6616446e-05,1
G058,G081,4.6559755e-05,1
G008,G029,4.6427424e-05,1
G012,G058,4.6382946e-05,1
G052,G055,4.633465e-05,1
G071,G001,4.6264227e-05,1
G099,G011,4.626314e-05,1
G017,G100,4.6229994e-05,1
G017,G015,4.6214212e-05,1
G004,G076,4.6194233e-05,1
G005,G038,4.5900506e-05,1
G071,G094,4.5513178e-05,1
G085,G094,4.5483346e-05,1
G009,G097,4.5386067e-05,1
G017,G024,4.5358545e-05,1
G080,G040,4.5354456e-05,1
G017,G079,4.4998404e-05,1
G078,G082,4.4877965e-05,1
G066,G040,4.4667737e-05,1
G097,G009,4.461656e-05,1
G029,G059,4.452387e-05,1
G093,G088,4.4489694e-05,1
G020,G090,4.441879e-05,1
G009,G058,4.4380708e-05,1
G068,G021,4.4370146e-05,1
G067,G057,4.427702e-05,1
G083,G017,4.4186872e-05,1
G050,G080,4.4162072e-05,1
G069,G080,4.4140164e-05,1
G039,G069,4.3958713e-05,1
G082,G066,4.3860327e-05,1
G004,G088,4.3831635e-05,1
G011,G082,4.379792e-05,1
G008,G055,4.3714215e-05,1
G099,G077,4.3649627e-05,1
G030,G091,4.360704e-05,1
G012,G019,4.3590353e-05,1
G004,G077,4.3546108e-05,1
G074,G060,4.3444907e-05,1
G010,G018,4.3398388e-05,1
G087,G013,4.339025e-05,1
G015,G084,4.3312233e-05,1
G038,G040,4.328759e-05,1
G002,G013,4.321624e-05,1
G058,G044,4.321563e-05,1
G100,G067,4.3163887e-05,1
G058,G089,4.312795e-05,1
G091,G034,4.3089778e-05,1
G073,G063,4.305696e-05,1
G062,G025,4.3055228e-05,1
G035,G078,4.3048003e-05,1
G058,G068,4.295015e-05,1
G043,G052,4.293289e-05,1
G064,G096,4.2915475e-05,1
G053,G044,4.2872412e-05,1
G056,G061,4.283403e-05,1
G050,G061,4.2718e-05,1
G072,G061,4.2711767e-05,1
G081,G016,4.251522e-05,1
G035,G082,4.241683e-05,1
G073,G025,4.2386684e-05,1
G025,G047,4.2248943e-05,1
G057,G004,4.219771e-05,1
G038,G082,4.2145974e-05,1
G070,G048,4.2096897e-05,1
G070,G011,4.1970026e-05,1
G009,G057,4.1807238e-05,1
G018,G008,4.17738e-05,1
G049,G088,4.1629424e-05,1
G029,G003,4.161811e-05,1
G018,G053,4.1500818e-05,1
G090,G025,4.136624e-05,1
G050,G095,4.125271e-05,1
G037,G052,4.1251194e-05,1
G017,G055,4.102006e-05,1
G064,G048,4.0924453e-05,1
G096,G094,4.0776213e-05,1
G091,G084,4.0693612e-05,1
G028,G004,4.0421568e-05,1
G002,G032,4.0396837e-05,1
G084,G069,4.0388742e-05,1
G069,G012,4.037767e-05,1
G037,G082,4.026239e-05,1
G074,G079,4.025013e-05,1
G096,G076,4.0160663e-05,1
G032,G053,4.0052997e-05,1
G098,G072,3.98978e-05,1
G039,G016,3.9813563e-05,1
G054,G013,3.9792754e-05,1
G078,G100,3.977445e-05,1
G038,G019,3.9747076e-05,1
G048,G004,3.9747072e-05,1
G054,G094,3.9746214e-05,1
G002,G029,3.9697316e-05,1
G023,G031,3.959364e-05,1
G078,G012,3.9541916e-05,1
G034,G003,3.9379673e-05,1
G067,G094,3.930954e-05,1
G009,G038,3.9247483e-05,1
G087,G084,3.9015104e-05,1
G008,G057,3.898152e-05,1
G068,G014,3.8603983e-05,1
G038,G054,3.853212e-05,1
G038,G014,3.850511e-05,1
G049,G061,3.842702e-05,1
G017,G030,3.841517e-05,1
G062,G051,3.8356222e-05,1
G060,G049,3.8232618e-05,1
G069,G072,3.8131577e-05,1
G085,G013,3.8047e-05,1
G083,G053,3.803382e-05,1
G066,G048,3.798107e-05,1
G054,G077,3.7979586e-05,1
G068,G089,3.7956917e-05,1
G009,G003,3.7851205e-05,1
G078,G065,3.7732923e-05,1
G010,G012,3.7714086e-05,1
G090,G063,3.770151e-05,1
G020,G065,3.763298e-05,1
G038,G057,3.7582264e-05,1
G065,G053,3.7567894e-05,1
G048,G097,3.7490423e-05,1
G062,G086,3.747766e-05,1
G042,G084,3.728217e-05,1
G063,G017,3.7234568e-05,1
G069,G034,3.7214875e-05,1
G081,G100,3.7182937e-05,1
G050,G094,3.7150938e-05,1
G063,G097,3.678424e-05,1
G080,G053,3.677974e-05,1
G001,G028,3.677648e-05,1
G059,G087,3.661753e-05,1
G098,G033,3.644307e-05,1
G099,G080,3.6439207e-05,1
G054,G082,3.636099e-05,1
G098,G082,3.6124464e-05,1
G014,G003,3.6022277e-05,1
G059,G053,3.6008136e-05,1
G003,G071,3.6003683e-05,1
G067,G055,3.5974947e-05,1
G066,G016,3.5868907e-05,1
G062,G055,3.5842364e-05,1
G086,G031,3.5759258e-05,1
G096,G080,3.5662295e-05,1
G034,G053,3.561297e-05,1
G069,G033,3.5390633e-05,1
G058,G094,3.52484e-05,1
G090,G097,3.51892e-05,1
G067,G016,3.5165707e-05,1
G049,G014,3.5133606e-05,1
G047,G031,3.5076995e-05,1
G002,G079,3.490079e-05,1
G100,G061,3.4857494e-05,1
G063,G066,3.479194e-05,1
G083,G051,3.4763256e-05,1
G054,G089,3.4689983e-05,1
G050,G063,3.4666136e-05,1
G002,G043,3.465931e-05,1
G089,G080,3.4575107e-05,1
G039,G079,3.4544348e-05,1
G042,G061,3.4535668e-05,1
G085,G001,3.438797e-05,1
G099,G016,3.433083e-05,1
G020,G076,3.4240886e-05,1
G087,G088,3.420248e-05,1
G096,G063,3.4117464e-05,1
G068,G057,3.4040535e-05,1
G002,G090,3.401657e-05,1
G082,G058,3.396968e-05,1
G083,G025,3.3941153e-05,1
G014,G029,3.389378e-05,1
G073,G082,3.3813714e-05,1
G096,G001,3.3808337e-05,1
G063,G016,3.3779055e-05,1
G050,G040,3.3688306e-05,1
G028,G024,3.3539298e-05,1
G012,G053,3.3538807e-05,1
G098,G080,3.351793e-05,1
G063,G086,3.3484455e-05,1
G073,G004,3.3463344e-05,1
G073,G017,3.33885e-05,1
G078,G053,3.3232845e-05,1
G004,G075,3.3195025e-05,1
G078,G089,3.2977416e-05,1
G009,G016,3.2900793e-05,1
G057,G088,3.2770105e-05,1
G042,G065,3.276698e-05,1
G079,G069,3.2711643e-05,1
G071,G080,3.2659056e-05,1
G010,G074,3.2362714e-05,1
G087,G057,3.2348235e-05,1
G092,G060,3.2196866e-05,1
G038,G094,3.2181728e-05,1
G089,G088,3.2117707e-05,1
G076,G061,3.210702e-05,1
G054,G060,3.2058204e-05,1
G059,G082,3.2049164e-05,1
G045,G028,3.1945317e-05,1
G095,G006,3.1879285e-05,1
G087,G054,3.1857195e-05,1
G085,G097,3.1839085e-05,1
G060,G051,3.1683525e-05,1
G029,G073,3.1500447e-05,1
G064,G027,3.143851e-05,1
G058,G023,3.1374144e-05,1
G001,G018,3.1245807e-05,1
G063,G055,3.1236017e-05,1
G097,G031,3.1207397e-05,1
G042,G082,3.1166514e-05,1
G021,G011,3.1130192e-05,1
G086,G023,3.1090814e-05,1
G069,G094,3.1083422e-05,1
G044,G086,3.1028892e-05,1
G070,G089,3.097799e-05,1
G048,G086,3.0878353e-05,1
G012,G082,3.086847e-05,1
G050,G055,3.052602e-05,1
G020,G013,3.0492074e-05,1
G039,G063,3.0459452e-05,1
G093,G023,3.0433755e-05,1
G078,G080,3.0395004e-05,1
G099,G007,3.0365842e-05,1
G006,G057,3.0291852e-05,1
G020,G082,3.0286383e-05,1
G028,G051,3.00765e-05,1
G047,G055,3.0062012e-05,1
G010,G082,2.9948744e-05,1
G051,G072,2.9934865e-05,1
G051,G060,2.9906292e-05,1
G099,G008,2.98959e-05,1
G011,G067,2.9826562e-05,1
G034,G025,2.978358e-05,1
G085,G082,2.9776194e-05,1
G059,G013,2.9692907e-05,1
G048,G088,2.9621675e-05,1
G078,G038,2.957456e-05,1
G004,G094,2.9511802e-05,1
G058,G048,2.9080764e-05,1
G073,G050,2.894185e-05,1
G061,G031,2.8910488e-05,1
G052,G048,2.8839208e-05,1
G065,G025,2.876985e-05,1
G076,G063,2.8736285e-05,1
G050,G019,2.868262e-05,1
G066,G057,2.8622748e-05,1
G005,G081,2.8616523e-05,1
G054,G070,2.8530845e-05,1
G066,G013,2.848053e-05,1
G047,G033,2.8473753e-05,1
G066,G025,2.8430806e-05,1
G013,G088,2.8428098e-05,1
G066,G003,2.837595e-05,1
G085,G053,2.8364191e-05,1
G087,G034,2.8120103e-05,1
G063,G088,2.8047863e-05,1
G020,G072,2.7955051e-05,1
G070,G061,2.7870297e-05,1
G033,G089,2.7854214e-05,1
G077,G048,2.7805063e-05,1
G004,G008,2.7749526e-05,1
G065,G061,2.7747692e-05,1
G049,G053,2.7646036e-05,1
G068,G029,2.7639795e-05,1
G008,G048,2.7513908e-05,1
G020,G008,2.750877e-05,1
G012,G072,2.7479642e-05,1
G079,G084,2.7441152e-05,1
G082,G048,2.7333575e-05,1
G009,G082,2.7218244e-05,1
G004,G043,2.7136384e-05,1
G067,G014,2.7110782e-05,1
G012,G040,2.7081345e-05,1
G076,G082,2.7076523e-05,1
G004,G084,2.7072148e-05,1
G036,G049,2.6910806e-05,1
G044,G080,2.6852915e-05,1
G093,G086,2.6745358e-05,1
G067,G078,2.6706228e-05,1
G022,G014,2.6557282e-05,1
G049,G090,2.652563e-05,1
G081,G017,2.6489353e-05,1
G004,G086,2.640811e-05,1
G083,G060,2.6351663e-05,1
G042,G063,2.6288306e-05,1
G071,G040,2.6156285e-05,1
G059,G094,2.614833e-05,1
G015,G039,2.6148058e-05,1
G066,G072,2.599834e-05,1
G034,G082,2.5979933e-05,1
G085,G003,2.5928271e-05,1
G085,G080,2.5834186e-05,1
G062,G080,2.5719024e-05,1
G008,G073,2.571143e-05,1
G078,G017,2.5657657e-05,1
G042,G072,2.565324e-05,1
G077,G084,2.560863e-05,1
G002,G088,2.5563111e-05,1
G012,G060,2.5554908e-05,1
G022,G072,2.5539688e-05,1
G082,G078,2.5518757e-05,1
G058,G080,2.5494879e-05,1
G089,G070,2.5313984e-05,1
G045,G014,2.5241317e-05,1
G059,G019,2.5135392e-05,1
G072,G068,2.5081257e-05,1
G067,G086,2.5052996e-05,1
G078,G052,2.504714e-05,1
G034,G043,2.490581e-05,1
G042,G052,2.4803549e-05,1
G081,G080,2.4656392e-05,1
G100,G026,2.4609366e-05,1
G089,G016,2.4445959e-05,1
G014,G046,2.444452e-05,1
G095,G082,2.4392333e-05,1
G065,G014,2.4305611e-05,1
G082,G019,2.414397e-05,1
G064,G060,2.4114039e-05,1
G002,G057,2.4049199e-05,1
G070,G072,2.3965848e-05,1
G025,G072,2.3956753e-05,1
G004,G089,2.3954613e-05,1
G002,G086,2.3714512e-05,1
G001,G062,2.3567492e-05,1
G025,G084,2.351714e-05,1
G023,G010,2.3409228e-05,1
G008,G094,2.338922e-05,1
G072,G055,2.336608e-05,1
G041,G094,2.3336657e-05,1
G051,G090,2.3119894e-05,1
G051,G057,2.3025344e-05,1
G020,G048,2.3017088e-05,1
G050,G084,2.2940281e-05,1
G068,G038,2.2885808e-05,1
G100,G069,2.288374e-05,1
G022,G094,2.2814931e-05,1
G051,G038,2.2714095e-05,1
G083,G030,2.2620263e-05,1
G070,G053,2.261094e-05,1
G038,G013,2.2606797e-05,1
G078,G003,2.25437e-05,1
G042,G097,2.2336404e-05,1
G098,G097,2.2270104e-05,1
G047,G061,2.226798e-05,1
G065,G082,2.221078e-05,1
G049,G094,2.2207534e-05,1
G072,G046,2.219158e-05,1
G045,G049,2.2159551e-05,1
G044,G094,2.2040265e-05,1
G062,G084,2.2034392e-05,1
G020,G018,2.201872e-05,1
G090,G052,2.1974009e-05,1
G069,G045,2.1967795e-05,1
G056,G090,2.1880343e-05,1
G016,G056,2.1852386e-05,1
G011,G094,2.1847018e-05,1
G062,G097,2.1836928e-05,1
G082,G061,2.1806933e-05,1
G048,G016,2.1806805e-05,1
G009,G084,2.1731235e-05,1
G076,G057,2.1655287e-05,1
G002,G080,2.1576221e-05,1
G049,G013,2.1530192e-05,1
G087,G014,2.1425987e-05,1
G014,G049,2.1269308e-05,1
G086,G065,2.0943797e-05,1
G009,G025,2.0855856e-05,1
G046,G072,2.0836424e-05,1
G029,G008,2.0690295e-05,1
G086,G057,2.0641604e-05,1
G042,G100,2.0619762e-05,1
G066,G014,2.0599487e-05,1
G019,G025,2.0520665e-05,1
G002,G094,2.0515607e-05,1
G083,G061,2.0506068e-05,1
G030,G046,2.037405e-05,1
G056,G040,2.0349942e-05,1
G046,G087,2.0334643e-05,1
G045,G016,2.0319168e-05,1
G059,G051,2.0285546e-05,1
G037,G072,2.0183352e-05,1
G002,G023,2.0169558e-05,1
G042,G041,2.0169266e-05,1
G074,G053,2.0124793e-05,1
G063,G065,2.005901e-05,1
G037,G081,1.9968433e-05,1
G043,G053,1.9959865e-05,1
G023,G072,1.987892e-05,1
G050,G082,1.9824458e-05,1
G069,G061,1.9777508e-05,1
G077,G072,1.9752259e-05,1
G059,G084,1.9665857e-05,1
G071,G057,1.9636347e-05,1
G099,G012,1.9635729e-05,1
G009,G041,1.9557068e-05,1
G029,G005,1.9549409e-05,1
G071,G016,1.947504e-05,1
G041,G043,1.9466015e-05,1
G060,G057,1.942772e-05,1
G089,G084,1.9424713e-05,1
G090,G053,1.9349669e-05,1
G085,G086,1.903605e-05,1
G005,G077,1.8803938e-05,1
G015,G019,1.8761253e-05,1
G034,G004,1.8685247e-05,1
G046,G084,1.8684455e-05,1
G020,G057,1.8565317e-05,1
G082,G016,1.8554592e-05,1
G099,G061,1.8537401e-05,1
G017,G082,1.8389519e-05,1
G087,G082,1.8299022e-05,1
G035,G069,1.8254046e-05,1
G019,G060,1.8219427e-05,1
G012,G081,1.8140701e-05,1
G046,G008,1.7907558e-05,1
G063,G019,1.7781782e-05,1
G022,G025,1.7644426e-05,1
G091,G003,1.7493743e-05,1
G100,G082,1.743428e-05,1
G021,G072,1.7427017e-05,1
G005,G062,1.7249764e-05,1
G017,G073,1.7223636e-05,1
G060,G050,1.7172659e-05,1
G091,G094,1.717186e-05,1
G099,G056,1.7158416e-05,1
G001,G032,1.6953218e-05,1
G025,G008,1.6925726e-05,1
G087,G019,1.6919897e-05,1
G090,G086,1.6904496e-05,1
G092,G061,1.6815911e-05,1
G037,G094,1.6779415e-05,1
G021,G057,1.6755499e-05,1
G052,G059,1.6708065e-05,1
G085,G088,1.6705106e-05,1
G013,G069,1.670309e-05,1
G047,G048,1.6687338e-05,1
G084,G053,1.6546157e-05,1
G057,G053,1.6535789e-05,1
G078,G093,1.6412123e-05,1
G051,G046,1.6369577e-05,1
G050,G057,1.6287317e-05,1
G034,G033,1.6248141e-05,1
G059,G008,1.608857e-05,1
G020,G061,1.5933489e-05,1
G078,G050,1.5901604e-05,1
G060,G014,1.5858292e-05,1
G095,G079,1.5854876e-05,1
G074,G057,1.5841633e-05,1
G056,G038,1.5696776e-05,1
G034,G086,1.5615115e-05,1
G022,G006,1.5609772e-05,1
G052,G057,1.5608573e-05,1
G075,G014,1.557504e-05,1
G081,G003,1.542014e-05,1
G036,G099,1.5243469e-05,1
G091,G062,1.5177087e-05,1
G020,G084,1.5159766e-05,1
G086,G081,1.514926e-05,1
G036,G067,1.505148e-05,1
G038,G065,1.4684475e-05,1
G078,G077,1.46539405e-05,1
G081,G045,1.4641656e-05,1
G098,G025,1.4606527e-05,1
G030,G063,1.459001e-05,1
G021,G043,1.4564955e-05,1
G078,G072,1.4559806e-05,1
G058,G014,1.4475511e-05,1
G059,G065,1.4064307e-05,1
G029,G065,1.3885188e-05,1
G001,G094,1.3880337e-05,1
G068,G086,1.3821453e-05,1
G087,G070,1.37690895e-05,1
G100,G079,1.3450193e-05,1
G044,G076,1.34440115e-05,1
G052,G043,1.3390716e-05,1
G081,G092,1.3357268e-05,1
G090,G072,1.328566e-05,1
G094,G053,1.3191933e-05,1
G099,G082,1.3092212e-05,1
G072,G014,1.3070161e-05,1
G069,G090,1.3027603e-05,1
G020,G003,1.2923012e-05,1
G083,G100,1.2893064e-05,1
G069,G038,1.2835284e-05,1
G093,G072,1.2670358e-05,1
G072,G011,1.2507915e-05,1
G014,G043,1.2501396e-05,1
G009,G034,1.2343896e-05,1
G009,G090,1.2277921e-05,1
G084,G014,1.2238236e-05,1
G037,G053,1.2225888e-05,1
G082,G073,1.2224496e-05,1
G076,G055,1.2203489e-05,1
G090,G066,1.21032e-05,1
G074,G036,1.2089311e-05,1
G097,G046,1.2032627e-05,1
G010,G014,1.20313525e-05,1
G070,G013,1.2006662e-05,1
G014,G053,1.1876636e-05,1
G020,G043,1.1829903e-05,1
G071,G079,1.1723138e-05,1
G056,G070,1.1702608e-05,1
G065,G097,1.1623808e-05,1
G049,G084,1.1412919e-05,1
G093,G048,1.1401399e-05,1
G006,G088,1.1324705e-05,1
G035,G014,1.1317742e-05,1
G085,G012,1.125919e-05,1
G090,G008,1.1148105e-05,1
G064,G100,1.1143269e-05,1
G069,G010,1.1091276e-05,1
G099,G075,1.1049412e-05,1
G060,G080,1.0980326e-05,1
G025,G054,1.0863829e-05,1
G087,G076,1.0851659e-05,1
G099,G074,1.0765007e-05,1
G008,G010,1.0741224e-05,1
G021,G065,1.0724729e-05,1
G086,G034,1.05960535e-05,1
G077,G023,1.0381856e-05,1
G083,G090,1.0298758e-05,1
G034,G080,1.0191656e-05,1
G073,G061,1.0180625e-05,1
G068,G076,1.0129177e-05,1
G073,G031,1.0097394e-05,1
G086,G097,1.0051127e-05,1
G030,G048,1.00436455e-05,1
G018,G028,1.00394145e-05,1
G051,G052,9.80493e-06,1
G014,G090,9.770179e-06,1
G099,G094,9.755619e-06,1
G073,G043,9.601816e-06,1
G059,G003,9.585327e-06,1
G009,G043,9.542571e-06,1
G021,G051,9.515509e-06,1
G063,G080,9.44204e-06,1
G044,G012,9.41419e-06,1
G079,G094,9.359124e-06,1
G048,G053,9.340441e-06,1
G091,G099,9.284999e-06,1
G038,G043,9.237034e-06,1
G097,G025,8.9472305e-06,1
G013,G024,8.947026e-06,1
G002,G021,8.871587e-06,1
G052,G009,8.759675e-06,1
G009,G040,8.699843e-06,1
G071,G014,8.68337e-06,1
G002,G040,8.5705e-06,1
G038,G053,8.552875e-06,1
G009,G013,8.438836e-06,1
G081,G030,8.387183e-06,1
G079,G011,8.38443e-06,1
G060,G094,8.354504e-06,1
G050,G052,8.340277e-06,1
G013,G048,8.168329e-06,1
G066,G034,8.165341e-06,1
G068,G013,8.10449e-06,1
G071,G090,8.0653535e-06,1
G073,G006,7.969e-06,1
G057,G024,7.959187e-06,1
G022,G084,7.929199e-06,1
G086,G014,7.790586e-06,1
G056,G055,7.5862863e-06,1
G004,G099,7.543809e-06,1
G096,G077,7.5361186e-06,1
G077,G081,7.484665e-06,1
G060,G031,7.4462587e-06,1
G087,G024,7.3903598e-06,1
G027,G079,7.3590472e-06,1
G046,G089,7.30664e-06,1
G098,G055,7.2891294e-06,1
G042,G078,7.2622574e-06,1
G065,G051,7.20539e-06,1
G069,G008,7.169754e-06,1
G006,G061,7.159571e-06,1
G049,G001,7.0695423e-06,1
G057,G031,6.9977946e-06,1
G034,G061,6.9339003e-06,1
G002,G070,6.7343003e-06,1
G019,G031,6.7020933e-06,1
G018,G019,6.695137e-06,1
G099,G005,6.636738e-06,1
G085,G043,6.585235e-06,1
G068,G065,6.4121677e-06,1
G051,G099,6.4048145e-06,1
G089,G082,6.3608877e-06,1
G071,G081,6.2288477e-06,1
G041,G050,6.201024e-06,1
G039,G082,6.171623e-06,1
G049,G019,6.1684145e-06,1
G046,G057,6.1562537e-06,1
G081,G093,6.1536834e-06,1
G096,G082,6.1438573e-06,1
G077,G060,6.1338937e-06,1
G010,G056,6.0374286e-06,1
G012,G090,6.004327e-06,1
G068,G094,5.9931886e-06,1
G071,G086,5.95175e-06,1
G049,G072,5.9048243e-06,1
G056,G073,5.7220027e-06,1
G067,G073,5.7001193e-06,1
G042,G073,5.699651e-06,1
G085,G014,5.697994e-06,1
G036,G021,5.673257e-06,1
G042,G049,5.6190975e-06,1
G062,G063,5.603016e-06,1
G052,G082,5.528453e-06,1
G010,G080,5.3258927e-06,1
G087,G053,5.237086e-06,1
G008,G016,5.093808e-06,1
G100,G090,5.093505e-06,1
G085,G073,4.9368305e-06,1
G053,G001,4.757764e-06,1
G093,G057,4.7572607e-06,1
G051,G089,4.642256e-06,1
G004,G013,4.6358496e-06,1
G089,G095,4.6316172e-06,1
G070,G084,4.615543e-06,1
G078,G034,4.6121554e-06,1
G059,G091,4.5934294e-06,1
G044,G011,4.5834104e-06,1
G050,G014,4.399057e-06,1
G017,G013,4.386989e-06,1
G064,G016,4.26851e-06,1
G036,G074,4.2611596e-06,1
G027,G043,4.2309657e-06,1
G056,G057,4.142309e-06,1
G029,G050,4.0854034e-06,1
G010,G083,4.016257e-06,1
G063,G060,3.9665215e-06,1
G050,G086,3.9405404e-06,1
G060,G041,3.9131737e-06,1
G098,G043,3.877833e-06,1
G021,G063,3.8407293e-06,1
G068,G018,3.796274e-06,1
G042,G019,3.7467034e-06,1
G091,G025,3.654056e-06,1
G017,G060,3.553148e-06,1
G070,G003,3.5235234e-06,1
G099,G050,3.442216e-06,1
G002,G008,3.4202403e-06,1
G080,G082,3.3422334e-06,1
G022,G057,3.2888113e-06,1
G008,G043,3.2855648e-06,1
G067,G053,3.2763382e-06,1
G044,G038,3.1952866e-06,1
G086,G045,2.813309e-06,1
G049,G085,2.7392343e-06,1
G035,G084,2.6650857e-06,1
G067,G051,2.6529915e-06,1
G083,G057,2.634234e-06,1
G069,G053,2.5777958e-06,1
G100,G025,2.4986016e-06,1
G022,G048,2.459266e-06,1
G096,G023,2.3550044e-06,1
G014,G065,2.3087175e-06,1
G044,G072,2.2833713e-06,1
G062,G019,2.25042e-06,1
G022,G053,2.1192232e-06,1
G099,G057,2.0959078e-06,1
G017,G043,2.0591865e-06,1
G056,G063,2.0195012e-06,1
G073,G060,2.0079647e-06,1
G059,G048,1.9876973e-06,1
G054,G033,1.8899685e-06,1
G036,G020,1.877041e-06,1
G025,G083,1.8061902e-06,1
G014,G042,1.8038656e-06,1
G021,G082,1.7623678e-06,1
G045,G081,1.6606173e-06,1
G050,G097,1.6447467e-06,1
G070,G057,1.6002061e-06,1
G048,G009,1.475676e-06,1
G100,G043,1.3817886e-06,1
G052,G099,1.3762498e-06,1
G068,G082,1.3609218e-06,1
G056,G025,1.3222661e-06,1
G091,G009,1.303648e-06,1
G086,G084,1.2800328e-06,1
G086,G036,1.2572424e-06,1
G014,G076,1.2288392e-06,1
G054,G021,1.175449e-06,1
G098,G065,1.1311747e-06,1
G078,G073,9.539658e-07,1
G002,G065,9.126467e-07,1
G041,G052,8.916263e-07,1
G048,G092,8.889523e-07,1
G022,G089,8.7484426e-07,1
G042,G021,8.043825e-07,1
G068,G085,7.4505357e-07,1
G014,G050,7.1160576e-07,1
G071,G011,6.955452e-07,1
G042,G057,6.2731704e-07,1
G025,G060,3.886609e-07,1
G044,G084,3.6516374e-07,1
G078,G087,3.428106e-07,1
G034,G026,1.984265e-07,1
G065,G018,1.743272e-07,1
G049,G057,6.0794186e-08,1
G037,G003,-2.7471287e-08,-1
G074,G050,-4.828381e-08,-1
G095,G019,-5.5833244e-08,-1
G052,G084,-9.1742926e-08,-1
G093,G079,-1.3155297e-07,-1
G022,G043,-1.7582828e-07,-1
G062,G053,-1.7973322e-07,-1
G083,G004,-1.9539316e-07,-1
G023,G080,-2.414406e-07,-1
G029,G082,-2.5099493e-07,-1
G048,G087,-2.6194712e-07,-1
G023,G057,-2.6806305e-07,-1
G076,G087,-3.3054098e-07,-1
G071,G019,-3.9179716e-07,-1
G082,G003,-5.6467223e-07,-1
G013,G051,-5.8948353e-07,-1
G048,G073,-5.9801425e-07,-1
G081,G077,-6.144101e-07,-1
G072,G078,-6.7798607e-07,-1
G021,G014,-9.77637e-07,-1
G020,G001,-1.1702807e-06,-1
G011,G046,-1.1974465e-06,-1
G009,G063,-1.2163003e-06,-1
G038,G001,-1.3247433e-06,-1
G010,G027,-1.3873315e-06,-1
G052,G017,-1.3924302e-06,-1
G006,G084,-1.4471204e-06,-1
G063,G043,-1.4567177e-06,-1
G074,G004,-1.5755995e-06,-1
G047,G004,-1.635829e-06,-1
G094,G011,-1.7159132e-06,-1
G027,G100,-1.7622752e-06,-1
G058,G036,-1.8950188e-06,-1
G075,G061,-1.9676995e-06,-1
G085,G060,-2.0141e-06,-1
G065,G060,-2.0573548e-06,-1
G052,G095,-2.0591742e-06,-1
G038,G080,-2.064941e-06,-1
G029,G043,-2.0690247e-06,-1
G072,G043,-2.0939824e-06,-1
G085,G021,-2.2095733e-06,-1
G051,G065,-2.28099e-06,-1
G092,G073,-2.4127385e-06,-1
G089,G099,-2.513718e-06,-1
G082,G011,-2.540782e-06,-1
G096,G029,-2.5527327e-06,-1
G062,G038,-2.5738539e-06,-1
G074,G043,-2.6349142e-06,-1
G023,G053,-2.778479e-06,-1
G100,G053,-2.8120783e-06,-1
G048,G043,-2.9307569e-06,-1
G100,G081,-2.9326304e-06,-1
G091,G050,-2.9378589e-06,-1
G020,G089,-2.9613066e-06,-1
G009,G088,-3.0385147e-06,-1
G066,G080,-3.0406045e-06,-1
G054,G080,-3.1076547e-06,-1
G045,G030,-3.2195753e-06,-1
G042,G024,-3.2607345e-06,-1
G018,G050,-3.3271626e-06,-1
G044,G019,-3.3429383e-06,-1
G036,G060,-3.426353e-06,-1
G049,G003,-3.4967752e-06,-1
G042,G014,-3.570501e-06,-1
G040,G061,-3.6206932e-06,-1
G056,G053,-3.6256788e-06,-1
G022,G063,-3.6415593e-06,-1
G036,G019,-3.917624e-06,-1
G060,G087,-4.07452e-06,-1
G076,G070,-4.1595704e-06,-1
G094,G078,-4.166376e-06,-1
G099,G017,-4.274128e-06,-1
G029,G017,-4.551972e-06,-1
G094,G082,-4.5996617e-06,-1
G034,G052,-4.662223e-06,-1
G011,G066,-4.771007e-06,-1
G009,G023,-4.9005725e-06,-1
G044,G020,-4.924138e-06,-1
G052,G073,-4.950619e-06,-1
G046,G030,-5.051965e-06,-1
G021,G088,-5.0953245e-06,-1
G076,G014,-5.101929e-06,-1
G011,G025,-5.1697275e-06,-1
G095,G087,-5.2282144e-06,-1
G039,G001,-5.2646783e-06,-1
G034,G089,-5.2727314e-06,-1
G081,G057,-5.399247e-06,-1
G082,G001,-5.4147827e-06,-1
G053,G027,-5.4914485e-06,-1
G058,G053,-5.505681e-06,-1
G056,G016,-5.5078744e-06,-1
G046,G015,-5.659172e-06,-1
G037,G031,-5.735738e-06,-1
G057,G082,-5.7770176e-06,-1
G029,G015,-5.847815e-06,-1
G037,G046,-5.8790392e-06,-1
G035,G023,-5.8964856e-06,-1
G027,G021,-5.948752e-06,-1
G073,G089,-5.959219e-06,-1
G022,G095,-6.035682e-06,-1
G004,G063,-6.041729e-06,-1
G078,G015,-6.0821617e-06,-1
G017,G072,-6.139142e-06,-1
G093,G053,-6.2108793e-06,-1
G037,G066,-6.3327093e-06,-1
G089,G045,-6.3419416e-06,-1
G089,G057,-6.5161407e-06,-1
G004,G092,-6.5463114e-06,-1
G029,G093,-6.588397e-06,-1
G051,G017,-6.6447374e-06,-1
G056,G082,-6.6983334e-06,-1
G038,G089,-6.7073843e-06,-1
G018,G091,-6.721648e-06,-1
G092,G014,-6.7257565e-06,-1
G068,G005,-6.83015e-06,-1
G087,G038,-6.8724485e-06,-1
G071,G043,-6.8814784e-06,-1
G055,G019,-6.887841e-06,-1
G027,G067,-7.0135993e-06,-1
G036,G082,-7.0479246e-06,-1
G097,G019,-7.0640954e-06,-1
G091,G045,-7.124736e-06,-1
G022,G082,-7.1248187e-06,-1
G093,G089,-7.1405675e-06,-1
G021,G009,-7.1419067e-06,-1
G083,G065,-7.2393277e-06,-1
G071,G042,-7.2457797e-06,-1
G002,G060,-7.305188e-06,-1
G034,G092,-7.5426774e-06,-1
G004,G048,-7.566636e-06,-1
G048,G008,-7.585194e-06,-1
G086,G001,-7.6047645e-06,-1
G085,G057,-7.6605675e-06,-1
G049,G054,-7.667972e-06,-1
G052,G072,-7.676777e-06,-1
G056,G008,-7.728179e-06,-1
G002,G076,-7.77122e-06,-1
G036,G003,-7.882208e-06,-1
G021,G053,-7.8899575e-06,-1
G027,G078,-7.909058e-06,-1
G082,G084,-8.1785165e-06,-1
G024,G058,-8.195354e-06,-1
G051,G075,-8.200314e-06,-1
G060,G038,-8.299584e-06,-1
G037,G055,-8.30798e-06,-1
G073,G053,-8.323238e-06,-1
G017,G057,-8.396415e-06,-1
G027,G099,-8.617757e-06,-1
G065,G050,-8.662667e-06,-1
G030,G023,-8.694499e-06,-1
G086,G009,-8.707275e-06,-1
G049,G082,-8.726235e-06,-1
G021,G073,-8.765765e-06,-1
G035,G025,-8.805746e-06,-1
G003,G019,-9.152361e-06,-1
G100,G089,-9.192927e-06,-1
G054,G053,-9.195107e-06,-1
G059,G072,-9.251942e-06,-1
G038,G072,-9.309399e-06,-1
G041,G057,-9.409618e-06,-1
G005,G034,-9.434454e-06,-1
G050,G075,-9.447954e-06,-1
G002,G053,-9.526391e-06,-1
G085,G009,-9.573905e-06,-1
G079,G014,-9.6023305e-06,-1
G062,G090,-9.84765e-06,-1
G076,G073,-1.0093599e-05,-1
G070,G025,-1.0242105e-05,-1
G098,G014,-1.0277442e-05,-1
G002,G099,-1.0304898e-05,-1
G057,G045,-1.0437464e-05,-1
G038,G070,-1.0652635e-05,-1
G084,G046,-1.0680659e-05,-1
G021,G084,-1.0716146e-05,-1
G039,G093,-1.0750626e-05,-1
G051,G004,-1.0753947e-05,-1
G100,G006,-1.0753987e-05,-1
G001,G071,-1.0758404e-05,-1
G063,G053,-1.07788055e-05,-1
G067,G100,-1.079384e-05,-1
G014,G060,-1.0823622e-05,-1
G069,G057,-1.0879872e-05,-1
G090,G092,-1.0897575e-05,-1
G036,G039,-1.0959057e-05,-1
G049,G052,-1.1093363e-05,-1
G008,G034,-1.1233224e-05,-1
G085,G052,-1.1259643e-05,-1
G058,G072,-1.13482465e-05,-1
G027,G076,-1.1418744e-05,-1
G021,G085,-1.1491627e-05,-1
G077,G004,-1.1514538e-05,-1
G022,G100,-1.15238745e-05,-1
G022,G011,-1.1618203e-05,-1
G050,G003,-1.16672745e-05,-1
G010,G034,-1.1790725e-05,-1
G028,G065,-1.1817782e-05,-1
G018,G047,-1.1826655e-05,-1
G069,G016,-1.1832564e-05,-1
G012,G095,-1.1927678e-05,-1
G098,G048,-1.1993738e-05,-1
G010,G061,-1.2053209e-05,-1
G059,G042,-1.20574305e-05,-1
G063,G094,-1.2063957e-05,-1
G042,G056,-1.208863e-05,-1
G058,G069,-1.2090821e-05,-1
G054,G016,-1.209231e-05,-1
G046,G073,-1.211744e-05,-1
G002,G100,-1.21773855e-05,-1
G056,G018,-1.22352185e-05,-1
G012,G084,-1.2275173e-05,-1
G021,G070,-1.2306466e-05,-1
G062,G043,-1.2323397e-05,-1
G096,G031,-1.2343569e-05,-1
G049,G004,-1.2406682e-05,-1
G046,G024,-1.2412579e-05,-1
G014,G062,-1.2434018e-05,-1
G045,G019,-1.2456417e-05,-1
G046,G029,-1.2530359e-05,-1
G084,G009,-1.2571131e-05,-1
G035,G096,-1.275417e-05,-1
G002,G009,-1.2801661e-05,-1
G050,G060,-1.2803495e-05,-1
G039,G073,-1.283568e-05,-1
G051,G050,-1.2876032e-05,-1
G055,G033,-1.2895535e-05,-1
G093,G014,-1.29216705e-05,-1
G090,G100,-1.29611435e-05,-1
G073,G038,-1.2994821e-05,-1
G014,G023,-1.3026325e-05,-1
G066,G073,-1.3082223e-05,-1
G036,G091,-1.3131296e-05,-1
G034,G014,-1.3164373e-05,-1
G056,G009,-1.333076e-05,-1
G078,G014,-1.3396592e-05,-1
G009,G100,-1.3453015e-05,-1
G027,G016,-1.3475891e-05,-1
G062,G077,-1.3489905e-05,-1
G096,G009,-1.3575593e-05,-1
G022,G090,-1.3615162e-05,-1
G036,G032,-1.3662279e-05,-1
G086,G017,-1.3735768e-05,-1
G091,G021,-1.38338e-05,-1
G035,G072,-1.3867214e-05,-1
G030,G086,-1.39232e-05,-1
G071,G072,-1.403894e-05,-1
G050,G099,-1.4133407e-05,-1
G069,G052,-1.4138436e-05,-1
G069,G043,-1.4216688e-05,-1
G087,G073,-1.4353662e-05,-1
G020,G053,-1.440744e-05,-1
G015,G043,-1.4450181e-05,-1
G005,G057,-1.4469182e-05,-1
G050,G010,-1.4473666e-05,-1
G047,G017,-1.45288395e-05,-1
G063,G040,-1.4631472e-05,-1
G022,G044,-1.4697791e-05,-1
G052,G003,-1.4728425e-05,-1
G049,G070,-1.4925782e-05,-1
G074,G089,-1.5015065e-05,-1
G072,G082,-1.5064555e-05,-1
G078,G047,-1.5192088e-05,-1
G087,G051,-1.5244746e-05,-1
G014,G033,-1.5277279e-05,-1
G076,G033,-1.5304999e-05,-1
G093,G073,-1.5329328e-05,-1
G073,G034,-1.5358482e-05,-1
G071,G065,-1.541463e-05,-1
G002,G052,-1.5420073e-05,-1
G091,G087,-1.5634027e-05,-1
G005,G021,-1.5671347e-05,-1
G038,G073,-1.5676604e-05,-1
G039,G095,-1.5747117e-05,-1
G050,G011,-1.5759357e-05,-1
G012,G092,-1.5773692e-05,-1
G008,G082,-1.5811995e-05,-1
G051,G025,-1.5844056e-05,-1
G083,G073,-1.5902362e-05,-1
G066,G088,-1.596861e-05,-1
G083,G001,-1.596936e-05,-1
G048,G045,-1.6003276e-05,-1
G090,G043,-1.600755e-05,-1
G078,G043,-1.601067e-05,-1
G009,G065,-1.6239677e-05,-1
G044,G088,-1.6408885e-05,-1
G094,G001,-1.64184e-05,-1
G014,G077,-1.6491274e-05,-1
G028,G084,-1.6562795e-05,-1
G090,G057,-1.657946e-05,-1
G066,G090,-1.6648142e-05,-1
G022,G096,-1.6662781e-05,-1
G044,G065,-1.6676475e-05,-1
G076,G016,-1.6843442e-05,-1
G047,G053,-1.6864573e-05,-1
G009,G087,-1.6870263e-05,-1
G068,G077,-1.6891467e-05,-1
G096,G061,-1.6916914e-05,-1
G077,G040,-1.6972843e-05,-1
G077,G058,-1.7004046e-05,-1
G062,G033,-1.7023194e-05,-1
G020,G086,-1.7065433e-05,-1
G064,G056,-1.7209752e-05,-1
G083,G016,-1.7237944e-05,-1
G020,G080,-1.7260256e-05,-1
G086,G060,-1.726653e-05,-1
G082,G043,-1.7269615e-05,-1
G004,G061,-1.7305721e-05,-1
G083,G043,-1.7433591e-05,-1
G072,G048,-1.745531e-05,-1
G074,G046,-1.7469822e-05,-1
G019,G089,-1.7656734e-05,-1
G089,G025,-1.7732742e-05,-1
G092,G031,-1.774517e-05,-1
G022,G016,-1.7823819e-05,-1
G071,G082,-1.7858878e-05,-1
G031,G053,-1.8016563e-05,-1
G091,G012,-1.81425e-05,-1
G060,G012,-1.8142926e-05,-1
G093,G090,-1.8181448e-05,-1
G077,G092,-1.8244977e-05,-1
G090,G009,-1.824954e-05,-1
G054,G072,-1.8351153e-05,-1
G094,G051,-1.8401895e-05,-1
G063,G095,-1.8406983e-05,-1
G081,G067,-1.8474886e-05,-1
G011,G097,-1.8483415e-05,-1
G087,G100,-1.8525652e-05,-1
G005,G031,-1.8574237e-05,-1
G077,G061,-1.861246e-05,-1
G020,G054,-1.8621717e-05,-1
G100,G055,-1.866037e-05,-1
G074,G011,-1.8850584e-05,-1
G015,G053,-1.8880417e-05,-1
G051,G053,-1.896491e-05,-1
G042,G070,-1.8977298e-05,-1
G009,G053,-1.900827e-05,-1
G060,G068,-1.9021423e-05,-1
G046,G053,-1.9067293e-05,-1
G064,G062,-1.912938e-05,-1
G089,G072,-1.9144443e-05,-1
G073,G009,-1.9157063e-05,-1
G069,G050,-1.9199002e-05,-1
G046,G043,-1.9342417e-05,-1
G062,G023,-1.9343322e-05,-1
G091,G023,-1.9440358e-05,-1
G056,G065,-1.9516012e-05,-1
G058,G084,-1.9603245e-05,-1
G065,G086,-1.9638117e-05,-1
G069,G093,-1.9639041e-05,-1
G009,G073,-1.9639201e-05,-1
G038,G015,-1.975227e-05,-1
G089,G020,-1.9755065e-05,-1
G081,G006,-1.9786028e-05,-1
G054,G045,-1.9808906e-05,-1
G082,G026,-1.9816594e-05,-1
G018,G088,-1.9892615e-05,-1
G008,G062,-1.9950938e-05,-1
G086,G090,-2.0005287e-05,-1
G049,G042,-2.0261388e-05,-1
G048,G052,-2.0312707e-05,-1
G044,G014,-2.0337344e-05,-1
G022,G051,-2.0375179e-05,-1
G022,G080,-2.0440095e-05,-1
G058,G016,-2.0495308e-05,-1
G060,G054,-2.0503061e-05,-1
G063,G072,-2.0528016e-05,-1
G008,G076,-2.0608271e-05,-1
G002,G062,-2.0615635e-05,-1
G082,G053,-2.067297e-05,-1
G012,G014,-2.0673695e-05,-1
G056,G077,-2.0698071e-05,-1
G029,G077,-2.073572e-05,-1
G056,G080,-2.07448e-05,-1
G042,G008,-2.0788702e-05,-1
G018,G021,-2.0828542e-05,-1
G060,G072,-2.086933e-05,-1
G058,G091,-2.0943611e-05,-1
G072,G070,-2.1019938e-05,-1
G019,G053,-2.1045575e-05,-1
G010,G054,-2.1074937e-05,-1
G039,G094,-2.11271e-05,-1
G009,G093,-2.122096e-05,-1
G060,G065,-2.1249643e-05,-1
G054,G052,-2.126002e-05,-1
G020,G014,-2.1337675e-05,-1
G073,G003,-2.1359989e-05,-1
G072,G053,-2.1367186e-05,-1
G085,G092,-2.1382197e-05,-1
G059,G090,-2.1397567e-05,-1
G017,G065,-2.1474269e-05,-1
G051,G070,-2.152161e-05,-1
G057,G062,-2.1614665e-05,-1
G082,G004,-2.163029e-05,-1
G015,G070,-2.1711101e-05,-1
G015,G056,-2.174185e-05,-1
G071,G003,-2.1822105e-05,-1
G059,G006,-2.1869495e-05,-1
G034,G072,-2.18796e-05,-1
G090,G050,-2.191093e-05,-1
G042,G038,-2.1966945e-05,-1
G010,G038,-2.2060829e-05,-1
G010,G088,-2.2061928e-05,-1
G020,G094,-2.2076163e-05,-1
G046,G052,-2.2108024e-05,-1
G090,G077,-2.2116323e-05,-1
G029,G006,-2.2207994e-05,-1
G078,G021,-2.2222144e-05,-1
G099,G070,-2.2366268e-05,-1
G002,G073,-2.2369035e-05,-1
G062,G052,-2.2485796e-05,-1
G077,G019,-2.2566433e-05,-1
G054,G065,-2.2566936e-05,-1
G008,G080,-2.2812508e-05,-1
G046,G077,-2.2949765e-05,-1
G084,G091,-2.302825e-05,-1
G041,G001,-2.3068242e-05,-1
G070,G043,-2.3158087e-05,-1
G078,G099,-2.3178516e-05,-1
G035,G057,-2.3209144e-05,-1
G087,G009,-2.3209628e-05,-1
G008,G087,-2.3295268e-05,-1
G087,G007,-2.3509663e-05,-1
G067,G089,-2.3568102e-05,-1
G002,G015,-2.3587432e-05,-1
G083,G042,-2.3663924e-05,-1
G098,G053,-2.3698292e-05,-1
G072,G003,-2.3719189e-05,-1
G049,G048,-2.372189e-05,-1
G094,G052,-2.3763274e-05,-1
G047,G028,-2.386483e-05,-1
G096,G052,-2.3978064e-05,-1
G089,G065,-2.4042729e-05,-1
G009,G070,-2.41494e-05,-1
G059,G052,-2.4188746e-05,-1
G049,G020,-2.4247229e-05,-1
G011,G057,-2.425574e-05,-1
G082,G028,-2.4289991e-05,-1
G097,G057,-2.4332192e-05,-1
G036,G002,-2.4351168e-05,-1
G062,G072,-2.4439043e-05,-1
G062,G003,-2.4451456e-05,-1
G004,G082,-2.452023e-05,-1
G019,G055,-2.4533107e-05,-1
G036,G010,-2.4571076e-05,-1
G091,G026,-2.458697e-05,-1
G097,G082,-2.4638457e-05,-1
G060,G070,-2.4684434e-05,-1
G024,G007,-2.472198e-05,-1
G087,G010,-2.4723215e-05,-1
G011,G051,-2.4882202e-05,-1
G078,G088,-2.488329e-05,-1
G008,G021,-2.4955421e-05,-1
G012,G055,-2.4991412e-05,-1
G023,G011,-2.504713e-05,-1
G058,G047,-2.5049303e-05,-1
G093,G065,-2.5127314e-05,-1
G086,G004,-2.5131108e-05,-1
G047,G002,-2.5146444e-05,-1
G093,G010,-2.5203655e-05,-1
G046,G079,-2.5204345e-05,-1
G002,G082,-2.5259425e-05,-1
G087,G042,-2.5276491e-05,-1
G023,G086,-2.5409288e-05,-1
G083,G020,-2.5422152e-05,-1
G058,G029,-2.5423573e-05,-1
G089,G085,-2.542671e-05,-1
G050,G076,-2.5469597e-05,-1
G029,G060,-2.547324e-05,-1
G095,G072,-2.5607687e-05,-1
G030,G079,-2.562902e-05,-1
G068,G056,-2.5703692e-05,-1
G050,G088,-2.5736044e-05,-1
G059,G080,-2.5788073e-05,-1
G073,G020,-2.5830903e-05,-1
G081,G005,-2.5883879e-05,-1
G076,G010,-2.5918875e-05,-1
G004,G080,-2.596695e-05,-1
G100,G003,-2.6005138e-05,-1
G038,G034,-2.6011148e-05,-1
G085,G084,-2.6065292e-05,-1
G071,G077,-2.6164218e-05,-1
G083,G088,-2.6265001e-05,-1
G022,G038,-2.6268282e-05,-1
G093,G084,-2.628488e-05,-1
G057,G010,-2.6331305e-05,-1
G036,G038,-2.6352793e-05,-1
G056,G062,-2.6363456e-05,-1
G045,G023,-2.636798e-05,-1
G063,G054,-2.6380663e-05,-1
G080,G088,-2.6450061e-05,-1
G049,G043,-2.6470017e-05,-1
G085,G070,-2.6492573e-05,-1
G055,G072,-2.6524276e-05,-1
G078,G090,-2.6550677e-05,-1
G029,G011,-2.6577964e-05,-1
G081,G034,-2.6608504e-05,-1
G082,G021,-2.6619764e-05,-1
G012,G086,-2.6638161e-05,-1
G081,G038,-2.6645524e-05,-1
G087,G089,-2.6669875e-05,-1
G098,G001,-2.6694159e-05,-1
G005,G087,-2.6705038e-05,-1
G001,G011,-2.6758993e-05,-1
G085,G062,-2.6770733e-05,-1
G006,G069,-2.6971933e-05,-1
G021,G076,-2.7096637e-05,-1
G065,G093,-2.7121518e-05,-1
G049,G040,-2.7161444e-05,-1
G014,G051,-2.7183318e-05,-1
G039,G020,-2.7209648e-05,-1
G054,G087,-2.728109e-05,-1
G072,G089,-2.7303438e-05,-1
G006,G031,-2.7394637e-05,-1
G015,G090,-2.7500462e-05,-1
G078,G006,-2.7519774e-05,-1
G098,G003,-2.7548205e-05,-1
G048,G072,-2.7598064e-05,-1
G027,G009,-2.7824248e-05,-1
G050,G053,-2.7867347e-05,-1
G057,G089,-2.7887496e-05,-1
G049,G038,-2.799904e-05,-1
G002,G003,-2.808218e-05,-1
G073,G021,-2.8085367e-05,-1
G017,G021,-2.8131943e-05,-1
G085,G050,-2.817696e-05,-1
G023,G071,-2.8264263e-05,-1
G016,G069,-2.8289383e-05,-1
G070,G050,-2.8298873e-05,-1
G057,G055,-2.830553e-05,-1
G018,G051,-2.8327153e-05,-1
G066,G019,-2.8332883e-05,-1
G069,G009,-2.8350301e-05,-1
G002,G039,-2.84017e-05,-1
G018,G065,-2.8401799e-05,-1
G076,G017,-2.8431137e-05,-1
G092,G057,-2.8600005e-05,-1
G064,G077,-2.8678403e-05,-1
G059,G077,-2.8686383e-05,-1
G077,G065,-2.877189e-05,-1
G030,G017,-2.8800468e-05,-1
G093,G100,-2.8920655e-05,-1
G068,G080,-2.8965516e-05,-1
G093,G019,-2.8974873e-05,-1
G034,G006,-2.908384e-05,-1
G009,G015,-2.9162044e-05,-1
G046,G092,-2.9176077e-05,-1
G099,G063,-2.9208233e-05,-1
G051,G020,-2.9308048e-05,-1
G004,G087,-2.9317203e-05,-1
G030,G020,-2.9394867e-05,-1
G071,G073,-2.9466157e-05,-1
G058,G012,-2.9592113e-05,-1
G073,G045,-2.9652003e-05,-1
G090,G014,-2.9668225e-05,-1
G085,G004,-2.9720337e-05,-1
G086,G082,-2.9733084e-05,-1
G059,G043,-2.9751238e-05,-1
G014,G004,-2.9846758e-05,-1
G098,G008,-2.9907627e-05,-1
G034,G013,-2.9943069e-05,-1
G081,G050,-3.0277384e-05,-1
G067,G080,-3.0278741e-05,-1
G085,G099,-3.0285522e-05,-1
G009,G014,-3.0313811e-05,-1
G046,G100,-3.0341276e-05,-1
G085,G019,-3.0407e-05,-1
G029,G014,-3.0487989e-05,-1
G011,G084,-3.056746e-05,-1
G089,G087,-3.0610714e-05,-1
G073,G036,-3.0667266e-05,-1
G082,G014,-3.0820036e-05,-1
G044,G100,-3.0833493e-05,-1
G038,G087,-3.0924577e-05,-1
G063,G082,-3.0930514e-05,-1
G054,G003,-3.0985182e-05,-1
G074,G094,-3.1024065e-05,-1
G083,G091,-3.1152733e-05,-1
G021,G099,-3.1265103e-05,-1
G010,G048,-3.1289837e-05,-1
G099,G038,-3.1365442e-05,-1
G077,G038,-3.1539832e-05,-1
G081,G043,-3.1602514e-05,-1
G056,G043,-3.1621345e-05,-1
G034,G001,-3.1658354e-05,-1
G085,G006,-3.1808657e-05,-1
G025,G091,-3.181123e-05,-1
G080,G043,-3.1832165e-05,-1
G028,G087,-3.184991e-05,-1
G087,G004,-3.1958778e-05,-1
G091,G018,-3.1979223e-05,-1
G066,G009,-3.1986714e-05,-1
G038,G009,-3.198776e-05,-1
G098,G087,-3.2054348e-05,-1
G066,G053,-3.2062755e-05,-1
G014,G095,-3.2074353e-05,-1
G077,G009,-3.209028e-05,-1
G051,G019,-3.2132837e-05,-1
G091,G020,-3.2138978e-05,-1
G004,G009,-3.2254313e-05,-1
G068,G074,-3.2290907e-05,-1
G081,G094,-3.23003e-05,-1
G098,G038,-3.253322e-05,-1
G048,G100,-3.259216e-05,-1
G080,G026,-3.2702017e-05,-1
G068,G035,-3.274197e-05,-1
G069,G013,-3.2746873e-05,-1
G083,G021,-3.283542e-05,-1
G017,G008,-3.288032e-05,-1
G057,G043,-3.2964974e-05,-1
G009,G076,-3.2969052e-05,-1
G018,G072,-3.3009965e-05,-1
G049,G099,-3.3089535e-05,-1
G047,G060,-3.3155608e-05,-1
G081,G086,-3.317469e-05,-1
G009,G099,-3.3264078e-05,-1
G008,G047,-3.330156e-05,-1
G089,G073,-3.3326916e-05,-1
G081,G056,-3.3363944e-05,-1
G012,G043,-3.340573e-05,-1
G020,G066,-3.3417153e-05,-1
G015,G076,-3.3475997e-05,-1
G047,G006,-3.350214e-05,-1
G071,G009,-3.355753e-05,-1
G034,G084,-3.3663997e-05,-1
G042,G003,-3.377511e-05,-1
G020,G034,-3.3821983e-05,-1
G047,G089,-3.3841367e-05,-1
G078,G005,-3.386386e-05,-1
G019,G087,-3.388943e-05,-1
G039,G080,-3.390463e-05,-1
G058,G003,-3.3937245e-05,-1
G093,G082,-3.4016746e-05,-1
G091,G065,-3.4039727e-05,-1
G029,G049,-3.4072153e-05,-1
G064,G076,-3.4075707e-05,-1
G012,G013,-3.4081408e-05,-1
G046,G055,-3.4195506e-05,-1
G022,G092,-3.420236e-05,-1
G069,G006,-3.422073e-05,-1
G010,G022,-3.4224126e-05,-1
G006,G047,-3.4338496e-05,-1
G066,G075,-3.4382854e-05,-1
G034,G077,-3.4391876e-05,-1
G056,G089,-3.4437642e-05,-1
G021,G013,-3.4574314e-05,-1
G050,G029,-3.4616147e-05,-1
G063,G077,-3.461786e-05,-1
G076,G088,-3.4644374e-05,-1
G089,G062,-3.4650995e-05,-1
G035,G094,-3.468595e-05,-1
G030,G025,-3.471548e-05,-1
G021,G092,-3.471993e-05,-1
G077,G057,-3.478322e-05,-1
G070,G006,-3.480722e-05,-1
G082,G088,-3.4978166e-05,-1
G070,G019,-3.5051307e-05,-1
G077,G014,-3.5066245e-05,-1
G059,G004,-3.515889e-05,-1
G017,G070,-3.5181354e-05,-1
G003,G051,-3.525318e-05,-1
G008,G042,-3.5286612e-05,-1
G047,G003,-3.5324872e-05,-1
G057,G083,-3.5330155e-05,-1
G098,G090,-3.5334757e-05,-1
G062,G070,-3.539173e-05,-1
G008,G004,-3.5460995e-05,-1
G042,G090,-3.5531684e-05,-1
G096,G016,-3.5552257e-05,-1
G064,G086,-3.5679805e-05,-1
G062,G060,-3.573196e-05,-1
G054,G090,-3.584885e-05,-1
G042,G092,-3.592706e-05,-1
G056,G010,-3.5967136e-05,-1
G072,G004,-3.599594e-05,-1
G085,G075,-3.6013866e-05,-1
G078,G009,-3.6019956e-05,-1
G059,G073,-3.6021804e-05,-1
G035,G073,-3.6127793e-05,-1
G005,G092,-3.6140707e-05,-1
G002,G064,-3.615279e-05,-1
G044,G070,-3.6163627e-05,-1
G020,G009,-3.619691e-05,-1
G097,G028,-3.629353e-05,-1
G048,G060,-3.63477e-05,-1
G086,G053,-3.635456e-05,-1
G048,G089,-3.6404013e-05,-1
G051,G033,-3.64531e-05,-1
G074,G048,-3.6468027e-05,-1
G021,G077,-3.646976e-05,-1
G052,G021,-3.6532252e-05,-1
G097,G033,-3.6560727e-05,-1
G021,G090,-3.6579102e-05,-1
G073,G077,-3.658744e-05,-1
G004,G014,-3.6628695e-05,-1
G052,G056,-3.6677608e-05,-1
G068,G032,-3.6677862e-05,-1
G083,G077,-3.668111e-05,-1
G071,G028,-3.6709018e-05,-1
G087,G060,-3.679581e-05,-1
G082,G072,-3.6835652e-05,-1
G093,G002,-3.6958063e-05,-1
G014,G073,-3.6967198e-05,-1
G083,G019,-3.7082737e-05,-1
G049,G010,-3.721077e-05,-1
G054,G010,-3.728734e-05,-1
G054,G073,-3.7303755e-05,-1
G077,G080,-3.738378e-05,-1
G052,G065,-3.7484933e-05,-1
G016,G044,-3.752439e-05,-1
G030,G050,-3.756139e-05,-1
G001,G080,-3.7595735e-05,-1
G052,G054,-3.7648395e-05,-1
G063,G070,-3.7690133e-05,-1
G090,G060,-3.7697286e-05,-1
G025,G002,-3.770405e-05,-1
G038,G010,-3.7715174e-05,-1
G093,G016,-3.777323e-05,-1
G005,G017,-3.7878784e-05,-1
G059,G014,-3.7881648e-05,-1
G058,G051,-3.7970534e-05,-1
G056,G093,-3.8009643e-05,-1
G008,G054,-3.8023423e-05,-1
G099,G065,-3.803024e-05,-1
G056,G088,-3.8044443e-05,-1
G027,G038,-3.8148213e-05,-1
G098,G086,-3.8237995e-05,-1
G060,G043,-3.826686e-05,-1
G098,G073,-3.8326543e-05,-1
G094,G069,-3.8444883e-05,-1
G070,G063,-3.8453305e-05,-1
G062,G076,-3.8613864e-05,-1
G012,G004,-3.8640366e-05,-1
G057,G025,-3.870871e-05,-1
G014,G008,-3.8786544e-05,-1
G073,G070,-3.8795486e-05,-1
G064,G065,-3.889852e-05,-1
G051,G073,-3.9200117e-05,-1
G082,G006,-3.9226037e-05,-1
G076,G001,-3.9238006e-05,-1
G022,G077,-3.932246e-05,-1
G083,G002,-3.932791e-05,-1
G044,G077,-3.9382136e-05,-1
G049,G006,-3.950467e-05,-1
G038,G076,-3.9599294e-05,-1
G005,G022,-3.967349e-05,-1
G078,G097,-3.967581e-05,-1
G072,G066,-3.968335e-05,-1
G060,G052,-3.977538e-05,-1
G054,G030,-3.982484e-05,-1
G052,G100,-3.9861698e-05,-1
G085,G087,-3.9862734e-05,-1
G078,G045,-3.9896302e-05,-1
G075,G003,-4.008406e-05,-1
G027,G025,-4.0118324e-05,-1
G015,G009,-4.0127743e-05,-1
G010,G078,-4.020751e-05,-1
G069,G085,-4.0248047e-05,-1
G052,G089,-4.0257815e-05,-1
G094,G008,-4.0265622e-05,-1
G063,G008,-4.038724e-05,-1
G085,G093,-4.040687e-05,-1
G020,G029,-4.0417563e-05,-1
G076,G086,-4.0458217e-05,-1
G072,G006,-4.0644903e-05,-1
G017,G063,-4.080119e-05,-1
G091,G093,-4.0802704e-05,-1
G059,G020,-4.081827e-05,-1
G024,G004,-4.0834217e-05,-1
G027,G058,-4.0866365e-05,-1
G041,G092,-4.1184216e-05,-1
G091,G043,-4.1265946e-05,-1
G082,G023,-4.1412794e-05,-1
G027,G006,-4.1536812e-05,-1
G078,G085,-4.1675154e-05,-1
G041,G006,-4.1726336e-05,-1
G067,G092,-4.1833766e-05,-1
G037,G014,-4.183892e-05,-1
G030,G041,-4.185166e-05,-1
G011,G072,-4.1870306e-05,-1
G071,G084,-4.1896856e-05,-1
G086,G073,-4.196071e-05,-1
G100,G048,-4.199527e-05,-1
G054,G092,-4.204024e-05,-1
G067,G072,-4.2206757e-05,-1
G056,G085,-4.230305e-05,-1
G051,G012,-4.2356696e-05,-1
G074,G099,-4.237361e-05,-1
G090,G015,-4.252292e-05,-1
G011,G028,-4.2551324e-05,-1
G049,G089,-4.2582487e-05,-1
G100,G040,-4.26982e-05,-1
G064,G043,-4.273134e-05,-1
G035,G066,-4.274945e-05,-1
G076,G090,-4.2757067e-05,-1
G015,G020,-4.28019e-05,-1
G034,G063,-4.28334e-05,-1
G056,G034,-4.284309e-05,-1
G023,G094,-4.2868447e-05,-1
G066,G065,-4.2877033e-05,-1
G011,G033,-4.288449e-05,-1
G046,G070,-4.2896147e-05,-1
G054,G043,-4.3119402e-05,-1
G078,G057,-4.3119904e-05,-1
G049,G080,-4.3132957e-05,-1
G068,G054,-4.3134838e-05,-1
G047,G066,-4.3201508e-05,-1
G081,G089,-4.3215507e-05,-1
G081,G060,-4.326405e-05,-1
G051,G047,-4.326521e-05,-1
G084,G095,-4.3294724e-05,-1
G071,G005,-4.3304695e-05,-1
G060,G099,-4.3367458e-05,-1
G017,G010,-4.340183e-05,-1
G095,G092,-4.34407e-05,-1
G004,G006,-4.345111e-05,-1
G099,G039,-4.360878e-05,-1
G071,G008,-4.3652046e-05,-1
G020,G038,-4.3686265e-05,-1
G098,G050,-4.3753305e-05,-1
G076,G019,-4.3763463e-05,-1
G062,G040,-4.3778513e-05,-1
G051,G100,-4.3791268e-05,-1
G078,G075,-4.3870426e-05,-1
G010,G047,-4.4037675e-05,-1
G022,G060,-4.410839e-05,-1
G014,G067,-4.418815e-05,-1
G060,G016,-4.4249056e-05,-1
G038,G003,-4.428745e-05,-1
G099,G002,-4.429976e-05,-1
G029,G056,-4.430326e-05,-1
G030,G065,-4.4306085e-05,-1
G033,G031,-4.4488454e-05,-1
G027,G057,-4.461382e-05,-1
G042,G075,-4.4618017e-05,-1
G076,G004,-4.4668974e-05,-1
G002,G010,-4.4718734e-05,-1
G048,G070,-4.476984e-05,-1
G092,G094,-4.4786037e-05,-1
G065,G006,-4.479943e-05,-1
G069,G099,-4.4891374e-05,-1
G018,G006,-4.490154e-05,-1
G021,G008,-4.5008714e-05,-1
G056,G042,-4.5043587e-05,-1
G062,G087,-4.5047513e-05,-1
G020,G021,-4.5086315e-05,-1
G082,G089,-4.5177127e-05,-1
G099,G068,-4.5207395e-05,-1
G074,G003,-4.525968e-05,-1
G062,G001,-4.53633e-05,-1
G039,G018,-4.5370984e-05,-1
G008,G031,-4.53869e-05,-1
G049,G086,-4.540264e-05,-1
G046,G065,-4.544847e-05,-1
G002,G033,-4.5464934e-05,-1
G072,G036,-4.549699e-05,-1
G014,G044,-4.5509674e-05,-1
G044,G055,-4.5527577e-05,-1
G012,G057,-4.563331e-05,-1
G096,G072,-4.5634315e-05,-1
G094,G089,-4.5649598e-05,-1
G010,G050,-4.565259e-05,-1
G008,G065,-4.5677843e-05,-1
G099,G006,-4.5712706e-05,-1
G033,G094,-4.5716442e-05,-1
G065,G023,-4.574087e-05,-1
G017,G090,-4.5746943e-05,-1
G060,G084,-4.5793404e-05,-1
G070,G093,-4.5824625e-05,-1
G065,G089,-4.582713e-05,-1
G002,G087,-4.583946e-05,-1
G039,G087,-4.58467e-05,-1
G057,G061,-4.585512e-05,-1
G030,G089,-4.6033547e-05,-1
G091,G038,-4.6036177e-05,-1
G082,G093,-4.6070138e-05,-1
G074,G052,-4.6104207e-05,-1
G063,G073,-4.61137e-05,-1
G020,G100,-4.6170248e-05,-1
G094,G028,-4.6289748e-05,-1
G034,G088,-4.6324876e-05,-1
G022,G073,-4.6357727e-05,-1
G010,G062,-4.635821e-05,-1
G041,G014,-4.6373563e-05,-1
G004,G019,-4.6398363e-05,-1
G049,G075,-4.6421585e-05,-1
G087,G006,-4.6578207e-05,-1
G020,G077,-4.6582052e-05,-1
G082,G056,-4.6593457e-05,-1
G080,G092,-4.670417e-05,-1
G042,G095,-4.670617e-05,-1
G068,G062,-4.6735648e-05,-1
G021,G087,-4.6816876e-05,-1
G010,G071,-4.6863082e-05,-1
G095,G014,-4.7009627e-05,-1
G021,G054,-4.7033194e-05,-1
G059,G057,-4.7108573e-05,-1
G029,G090,-4.7125835e-05,-1
G069,G089,-4.7137743e-05,-1
G077,G082,-4.7250694e-05,-1
G022,G015,-4.7276433e-05,-1
G083,G005,-4.727697e-05,-1
G019,G008,-4.7315672e-05,-1
G070,G060,-4.7347658e-05,-1
G096,G067,-4.746974e-05,-1
G054,G005,-4.750224e-05,-1
G059,G038,-4.7844038e-05,-1
G017,G066,-4.7899048e-05,-1
G074,G068,-4.78999e-05,-1
G096,G088,-4.7905894e-05,-1
G022,G020,-4.7915513e-05,-1
G014,G045,-4.794036e-05,-1
G019,G015,-4.7980517e-05,-1
G018,G041,-4.8053138e-05,-1
G090,G013,-4.807631e-05,-1
G028,G061,-4.81159e-05,-1
G048,G010,-4.8128408e-05,-1
G062,G093,-4.8146958e-05,-1
G003,G054,-4.818536e-05,-1
G020,G006,-4.8221013e-05,-1
G040,G056,-4.8262882e-05,-1
G081,G046,-4.8276892e-05,-1
G058,G018,-4.828351e-05,-1
G100,G096,-4.8290847e-05,-1
G054,G086,-4.8312995e-05,-1
G005,G009,-4.831881e-05,-1
G052,G019,-4.8361035e-05,-1
G082,G008,-4.8401063e-05,-1
G021,G020,-4.8416787e-05,-1
G089,G093,-4.8425947e-05,-1
G058,G031,-4.851878e-05,-1
G062,G017,-4.870113e-05,-1
G010,G094,-4.8807953e-05,-1
G004,G100,-4.8832255e-05,-1
G069,G003,-4.8852708e-05,-1
G051,G021,-4.8927497e-05,-1
G081,G085,-4.895867e-05,-1
G017,G086,-4.9053844e-05,-1
G006,G036,-4.91001e-05,-1
G039,G009,-4.9120405e-05,-1
G010,G049,-4.917432e-05,-1
G001,G031,-4.9246697e-05,-1
G080,G057,-4.933831e-05,-1
G023,G091,-4.93412e-05,-1
G030,G014,-4.9346065e-05,-1
G077,G030,-4.935802e-05,-1
G034,G060,-4.94082e-05,-1
G093,G063,-4.9505616e-05,-1
G087,G031,-4.950886e-05,-1
G099,G052,-4.9538634e-05,-1
G008,G070,-4.9616854e-05,-1
G010,G057,-4.9757466e-05,-1
G052,G080,-4.9771337e-05,-1
G011,G014,-4.9817405e-05,-1
G046,G019,-4.9914754e-05,-1
G078,G060,-4.994448e-05,-1
G076,G043,-5.000596e-05,-1
G022,G065,-5.0055554e-05,-1
G069,G015,-5.0058217e-05,-1
G058,G043,-5.0133418e-05,-1
G002,G077,-5.0137674e-05,-1
G091,G029,-5.0186365e-05,-1
G015,G004,-5.0309405e-05,-1
G059,G039,-5.03095e-05,-1
G067,G013,-5.0400653e-05,-1
G072,G008,-5.0511735e-05,-1
G077,G006,-5.051415e-05,-1
G050,G065,-5.059451e-05,-1
G081,G065,-5.0609207e-05,-1
G082,G025,-5.0753108e-05,-1
G052,G012,-5.0826366e-05,-1
G063,G087,-5.0875384e-05,-1
G098,G060,-5.087899e-05,-1
G100,G018,-5.0894523e-05,-1
G046,G012,-5.0974006e-05,-1
G082,G076,-5.10851e-05,-1
G062,G009,-5.12865e-05,-1
G047,G051,-5.134659e-05,-1
G040,G078,-5.136475e-05,-1
G021,G100,-5.1369017e-05,-1
G037,G080,-5.1426883e-05,-1
G081,G049,-5.144154e-05,-1
G067,G043,-5.146015e-05,-1
G082,G046,-5.157136e-05,-1
G012,G099,-5.1607884e-05,-1
G051,G071,-5.1627187e-05,-1
G027,G092,-5.1725146e-05,-1
G065,G040,-5.187521e-05,-1
G022,G004,-5.2003397e-05,-1
G034,G090,-5.2096784e-05,-1
G025,G092,-5.2100462e-05,-1
G050,G072,-5.210574e-05,-1
G065,G003,-5.2296327e-05,-1
G043,G017,-5.2349e-05,-1
G004,G065,-5.243887e-05,-1
G021,G040,-5.2471536e-05,-1
G012,G015,-5.2572665e-05,-1
G049,G073,-5.266745e-05,-1
G062,G089,-5.2696825e-05,-1
G024,G001,-5.270406e-05,-1
G033,G057,-5.2772048e-05,-1
G071,G091,-5.2804535e-05,-1
G039,G002,-5.2902105e-05,-1
G038,G018,-5.2904226e-05,-1
G008,G088,-5.2909287e-05,-1
G064,G089,-5.2951786e-05,-1
G081,G072,-5.2952204e-05,-1
G032,G026,-5.3001655e-05,-1
G091,G074,-5.303782e-05,-1
G027,G054,-5.306863e-05,-1
G065,G070,-5.3083866e-05,-1
G100,G058,-5.3094373e-05,-1
G038,G021,-5.3095555e-05,-1
G050,G038,-5.3103748e-05,-1
G067,G099,-5.3109365e-05,-1
G086,G006,-5.323508e-05,-1
G086,G019,-5.324478e-05,-1
G069,G073,-5.3270964e-05,-1
G055,G082,-5.3272684e-05,-1
G022,G013,-5.3303855e-05,-1
G054,G034,-5.3308122e-05,-1
G039,G074,-5.3342756e-05,-1
G089,G049,-5.3397383e-05,-1
G059,G011,-5.3467546e-05,-1
G068,G028,-5.3559703e-05,-1
G064,G012,-5.3598596e-05,-1
G050,G004,-5.3608113e-05,-1
G049,G009,-5.3639847e-05,-1
G083,G006,-5.3675947e-05,-1
G009,G051,-5.369602e-05,-1
G050,G100,-5.3818116e-05,-1
G067,G019,-5.3822412e-05,-1
G031,G078,-5.3884232e-05,-1
G015,G085,-5.3924803e-05,-1
G015,G006,-5.3991145e-05,-1
G054,G017,-5.411871e-05,-1
G098,G009,-5.412761e-05,-1
G058,G006,-5.418086e-05,-1
G069,G054,-5.4193053e-05,-1
G048,G063,-5.4199973e-05,-1
G054,G088,-5.4277756e-05,-1
G091,G019,-5.430429e-05,-1
G001,G082,-5.4362616e-05,-1
G063,G084,-5.443918e-05,-1
G015,G064,-5.4526885e-05,-1
G064,G063,-5.4701057e-05,-1
G054,G076,-5.4712054e-05,-1
G056,G003,-5.4717246e-05,-1
G030,G081,-5.4803055e-05,-1
G010,G002,-5.480832e-05,-1
G048,G003,-5.4933204e-05,-1
G072,G033,-5.5033604e-05,-1
G012,G052,-5.5063778e-05,-1
G058,G001,-5.5182867e-05,-1
G029,G016,-5.5232034e-05,-1
G011,G086,-5.525334e-05,-1
G086,G010,-5.5293207e-05,-1
G078,G008,-5.5298817e-05,-1
G076,G095,-5.5302255e-05,-1
G085,G077,-5.540107e-05,-1
G017,G087,-5.5419132e-05,-1
G051,G040,-5.5431883e-05,-1
G014,G007,-5.5439858e-05,-1
G004,G018,-5.5479457e-05,-1
G098,G089,-5.5514603e-05,-1
G058,G063,-5.560725e-05,-1
G091,G092,-5.561281e-05,-1
G020,G012,-5.5627985e-05,-1
G025,G020,-5.5671386e-05,-1
G048,G020,-5.567432e-05,-1
G099,G028,-5.5717195e-05,-1
G022,G019,-5.5801167e-05,-1
G042,G005,-5.5806297e-05,-1
G096,G028,-5.5855067e-05,-1
G083,G084,-5.5858804e-05,-1
G044,G028,-5.5863253e-05,-1
G051,G077,-5.5870085e-05,-1
G086,G052,-5.587043e-05,-1
G060,G028,-5.588802e-05,-1
G062,G029,-5.593723e-05,-1
G078,G056,-5.6112007e-05,-1
G090,G051,-5.614404e-05,-1
G087,G021,-5.618152e-05,-1
G058,G025,-5.6190882e-05,-1
G059,G025,-5.6243665e-05,-1
G056,G001,-5.6278495e-05,-1
G015,G038,-5.628765e-05,-1
G077,G010,-5.6310626e-05,-1
G035,G031,-5.633734e-05,-1
G015,G061,-5.6345438e-05,-1
G017,G093,-5.636045e-05,-1
G050,G034,-5.636411e-05,-1
G089,G038,-5.638452e-05,-1
G023,G079,-5.6389326e-05,-1
G045,G054,-5.644883e-05,-1
G041,G051,-5.6468274e-05,-1
G018,G084,-5.6468532e-05,-1
G068,G019,-5.661302e-05,-1
G002,G050,-5.6637182e-05,-1
G056,G076,-5.6643235e-05,-1
G090,G019,-5.6662902e-05,-1
G010,G085,-5.6693407e-05,-1
G011,G077,-5.672582e-05,-1
G089,G012,-5.6810528e-05,-1
G084,G074,-5.6816407e-05,-1
G039,G086,-5.682711e-05,-1
G004,G050,-5.6874236e-05,-1
G073,G084,-5.6895162e-05,-1
G012,G080,-5.6917434e-05,-1
G017,G053,-5.6943893e-05,-1
G015,G031,-5.698312e-05,-1
G014,G031,-5.7025434e-05,-1
G062,G050,-5.7089208e-05,-1
G057,G006,-5.7125475e-05,-1
G052,G051,-5.715586e-05,-1
G074,G006,-5.72046e-05,-1
G029,G089,-5.7217312e-05,-1
G029,G031,-5.7306803e-05,-1
G063,G093,-5.7341553e-05,-1
G069,G060,-5.734487e-05,-1
G019,G006,-5.7364494e-05,-1
G065,G077,-5.7586385e-05,-1
G074,G023,-5.7597365e-05,-1
G033,G023,-5.771439e-05,-1
G080,G073,-5.7792513e-05,-1
G058,G061,-5.7821122e-05,-1
G098,G030,-5.784432e-05,-1
G083,G038,-5.7947014e-05,-1
G014,G093,-5.7967256e-05,-1
G048,G065,-5.8133926e-05,-1
G012,G065,-5.8155612e-05,-1
G076,G060,-5.8167727e-05,-1
G090,G003,-5.8189857e-05,-1
G067,G009,-5.834429e-05,-1
G058,G088,-5.8434824e-05,-1
G081,G074,-5.8458074e-05,-1
G084,G066,-5.8477486e-05,-1
G090,G038,-5.863723e-05,-1
G017,G052,-5.866837e-05,-1
G062,G092,-5.8799014e-05,-1
G074,G031,-5.8825935e-05,-1
G056,G029,-5.8935544e-05,-1
G015,G054,-5.8949405e-05,-1
G090,G021,-5.9004964e-05,-1
G042,G045,-5.9009246e-05,-1
G091,G085,-5.9135433e-05,-1
G100,G008,-5.918e-05,-1
G054,G062,-5.9181126e-05,-1
G100,G065,-5.92134e-05,-1
G038,G006,-5.9240934e-05,-1
G081,G052,-5.9277598e-05,-1
G098,G017,-5.955245e-05,-1
G048,G005,-5.9715927e-05,-1
G076,G045,-5.972028e-05,-1
G010,G100,-5.977581e-05,-1
G030,G099,-5.977739e-05,-1
G057,G008,-5.9783913e-05,-1
G028,G060,-5.987758e-05,-1
G054,G006,-5.98834e-05,-1
G076,G048,-5.9916587e-05,-1
G100,G005,-5.996974e-05,-1
G020,G085,-6.0015947e-05,-1
G030,G082,-6.0021328e-05,-1
G060,G005,-6.0038e-05,-1
G063,G090,-6.0158156e-05,-1
G010,G028,-6.0266313e-05,-1
G035,G003,-6.028342e-05,-1
G048,G006,-6.036423e-05,-1
G059,G075,-6.0499868e-05,-1
G021,G075,-6.064142e-05,-1
G070,G020,-6.071756e-05,-1
G017,G051,-6.0719303e-05,-1
G021,G012,-6.0869283e-05,-1
G059,G021,-6.0876402e-05,-1
G067,G021,-6.0887734e-05,-1
G096,G038,-6.0957558e-05,-1
G047,G027,-6.0963248e-05,-1
G030,G019,-6.099241e-05,-1
G005,G065,-6.110625e-05,-1
G020,G062,-6.1220286e-05,-1
G089,G090,-6.136323e-05,-1
G009,G066,-6.136794e-05,-1
G100,G050,-6.153926e-05,-1
G069,G076,-6.15515e-05,-1
G036,G063,-6.163043e-05,-1
G086,G095,-6.163928e-05,-1
G009,G049,-6.176891e-05,-1
G039,G040,-6.179675e-05,-1
G089,G040,-6.1873376e-05,-1
G100,G066,-6.1880266e-05,-1
G019,G052,-6.19278e-05,-1
G091,G017,-6.198069e-05,-1
G042,G028,-6.1981795e-05,-1
G037,G043,-6.2045205e-05,-1
G056,G006,-6.211505e-05,-1
G021,G050,-6.2115534e-05,-1
G093,G008,-6.212518e-05,-1
G066,G076,-6.216635e-05,-1
G011,G073,-6.221192e-05,-1
G076,G023,-6.222797e-05,-1
G083,G052,-6.227384e-05,-1
G088,G066,-6.234734e-05,-1
G034,G076,-6.237317e-05,-1
G020,G073,-6.240678e-05,-1
G009,G060,-6.242456e-05,-1
G022,G029,-6.2557825e-05,-1
G094,G031,-6.269466e-05,-1
G043,G068,-6.2740284e-05,-1
G074,G008,-6.276082e-05,-1
G076,G051,-6.276122e-05,-1
G008,G092,-6.2807776e-05,-1
G069,G001,-6.3011736e-05,-1
G067,G003,-6.30775e-05,-1
G094,G056,-6.309679e-05,-1
G094,G006,-6.310356e-05,-1
G077,G085,-6.316901e-05,-1
G044,G006,-6.3211075e-05,-1
G054,G029,-6.335747e-05,-1
G024,G005,-6.3388085e-05,-1
G054,G100,-6.3473926e-05,-1
G015,G041,-6.347542e-05,-1
G044,G087,-6.3643805e-05,-1
G011,G026,-6.366273e-05,-1
G046,G013,-6.366361e-05,-1
G100,G004,-6.371277e-05,-1
G020,G092,-6.387929e-05,-1
G091,G063,-6.3880536e-05,-1
G069,G024,-6.406119e-05,-1
G099,G047,-6.410238e-05,-1
G046,G014,-6.423886e-05,-1
G047,G018,-6.445389e-05,-1
G050,G073,-6.447187e-05,-1
G069,G065,-6.453879e-05,-1
G014,G052,-6.458468e-05,-1
G089,G039,-6.459761e-05,-1
G086,G048,-6.462271e-05,-1
G021,G095,-6.463827e-05,-1
G095,G028,-6.46937e-05,-1
G085,G100,-6.474275e-05,-1
G052,G062,-6.4782245e-05,-1
G025,G012,-6.481466e-05,-1
G049,G008,-6.484298e-05,-1
G049,G005,-6.496692e-05,-1
G083,G093,-6.503135e-05,-1
G074,G018,-6.507033e-05,-1
G095,G040,-6.5241176e-05,-1
G020,G027,-6.525612e-05,-1
G008,G090,-6.530296e-05,-1
G095,G023,-6.538581e-05,-1
G041,G048,-6.5433196e-05,-1
G076,G025,-6.552795e-05,-1
G080,G008,-6.554549e-05,-1
G074,G091,-6.554664e-05,-1
G060,G027,-6.556055e-05,-1
G087,G003,-6.562001e-05,-1
G038,G050,-6.569876e-05,-1
G065,G099,-6.5769e-05,-1
G009,G019,-6.5866436e-05,-1
G005,G076,-6.586747e-05,-1
G047,G069,-6.589183e-05,-1
G028,G091,-6.5973254e-05,-1
G047,G009,-6.60746e-05,-1
G074,G061,-6.607517e-05,-1
G002,G093,-6.617416e-05,-1
G070,G065,-6.621491e-05,-1
G001,G070,-6.630522e-05,-1
G035,G092,-6.6403314e-05,-1
G073,G093,-6.64857e-05,-1
G077,G090,-6.651317e-05,-1
G005,G003,-6.655089e-05,-1
G076,G009,-6.660574e-05,-1
G038,G092,-6.662347e-05,-1
G080,G068,-6.663273e-05,-1
G068,G044,-6.66534e-05,-1
G086,G099,-6.677189e-05,-1
G058,G008,-6.692836e-05,-1
G071,G052,-6.696093e-05,-1
G077,G078,-6.712363e-05,-1
G087,G062,-6.716472e-05,-1
G039,G077,-6.7186615e-05,-1
G035,G067,-6.730289e-05,-1
G038,G020,-6.744497e-05,-1
G047,G100,-6.7461995e-05,-1
G044,G089,-6.7513734e-05,-1
G042,G020,-6.7529036e-05,-1
G020,G031,-6.7579225e-05,-1
G090,G070,-6.765774e-05,-1
G089,G042,-6.777387e-05,-1
G015,G087,-6.781052e-05,-1
G100,G056,-6.7833476e-05,-1
G062,G099,-6.7960296e-05,-1
G058,G002,-6.8034155e-05,-1
G086,G056,-6.808799e-05,-1
G012,G063,-6.8142916e-05,-1
G071,G038,-6.814362e-05,-1
G086,G016,-6.8174566e-05,-1
G098,G070,-6.826293e-05,-1
G069,G047,-6.837419e-05,-1
G092,G089,-6.8426896e-05,-1
G090,G006,-6.864211e-05,-1
G071,G020,-6.875604e-05,-1
G001,G016,-6.8798145e-05,-1
G003,G040,-6.88368e-05,-1
G082,G086,-6.898405e-05,-1
G005,G029,-6.8987014e-05,-1
G038,G088,-6.901486e-05,-1
G021,G042,-6.904728e-05,-1
G039,G078,-6.908507e-05,-1
G058,G019,-6.9124006e-05,-1
G089,G029,-6.913596e-05,-1
G080,G061,-6.9143105e-05,-1
G063,G009,-6.915316e-05,-1
G034,G029,-6.9183894e-05,-1
G030,G039,-6.919366e-05,-1
G063,G015,-6.9208974e-05,-1
G037,G086,-6.92326e-05,-1
G094,G014,-6.925425e-05,-1
G066,G091,-6.932474e-05,-1
G020,G070,-6.9341826e-05,-1
G089,G100,-6.939978e-05,-1
G035,G052,-6.940545e-05,-1
G075,G019,-6.950104e-05,-1
G080,G048,-6.9521826e-05,-1
G014,G012,-6.953655e-05,-1
G008,G041,-6.955242e-05,-1
G060,G034,-6.958228e-05,-1
G094,G055,-6.958417e-05,-1
G028,G027,-6.965094e-05,-1
G052,G087,-6.967567e-05,-1
G081,G078,-6.968827e-05,-1
G076,G052,-6.9729846e-05,-1
G096,G084,-6.9791204e-05,-1
G083,G070,-6.982934e-05,-1
G059,G045,-6.98308e-05,-1
G063,G002,-6.985041e-05,-1
G044,G040,-6.993794e-05,-1
G002,G042,-7.004607e-05,-1
G067,G017,-7.0051596e-05,-1
G054,G040,-7.013609e-05,-1
G015,G048,-7.015181e-05,-1
G062,G006,-7.022798e-05,-1
G052,G018,-7.026377e-05,-1
G063,G099,-7.028178e-05,-1
G099,G027,-7.029711e-05,-1
G080,G072,-7.03033e-05,-1
G049,G077,-7.0315524e-05,-1
G034,G048,-7.0321556e-05,-1
G047,G025,-7.038018e-05,-1
G087,G005,-7.039061e-05,-1
G062,G056,-7.051989e-05,-1
G062,G021,-7.052437e-05,-1
G052,G050,-7.0568516e-05,-1
G005,G010,-7.057644e-05,-1
G042,G093,-7.0620925e-05,-1
G084,G082,-7.064359e-05,-1
G071,G021,-7.065045e-05,-1
G001,G021,-7.065762e-05,-1
G022,G076,-7.066007e-05,-1
G071,G063,-7.071799e-05,-1
G059,G018,-7.082745e-05,-1
G099,G073,-7.084434e-05,-1
G079,G055,-7.084643e-05,-1
G063,G100,-7.0931725e-05,-1
G039,G089,-7.1022296e-05,-1
G065,G080,-7.103649e-05,-1
G060,G015,-7.120466e-05,-1
G035,G097,-7.121641e-05,-1
G048,G028,-7.1236296e-05,-1
G048,G054,-7.141102e-05,-1
G044,G039,-7.1426606e-05,-1
G067,G090,-7.143169e-05,-1
G043,G078,-7.148626e-05,-1
G074,G026,-7.155261e-05,-1
G054,G018,-7.1619426e-05,-1
G004,G064,-7.164571e-05,-1
G099,G029,-7.165824e-05,-1
G002,G044,-7.171156e-05,-1
G030,G010,-7.1723814e-05,-1
G023,G021,-7.175719e-05,-1
G065,G041,-7.176119e-05,-1
G085,G034,-7.179445e-05,-1
G057,G012,-7.1822134e-05,-1
G005,G073,-7.184479e-05,-1
G049,G018,-7.185786e-05,-1
G083,G072,-7.186896e-05,-1
G095,G078,-7.193383e-05,-1
G071,G099,-7.195138e-05,-1
G039,G056,-7.203393e-05,-1
G014,G056,-7.218198e-05,-1
G059,G089,-7.220683e-05,-1
G074,G016,-7.235166e-05,-1
G004,G062,-7.244781e-05,-1
G099,G090,-7.246972e-05,-1
G083,G075,-7.252886e-05,-1
G025,G005,-7.254306e-05,-1
G004,G042,-7.262545e-05,-1
G025,G038,-7.264186e-05,-1
G034,G057,-7.267594e-05,-1
G096,G030,-7.271812e-05,-1
G091,G006,-7.27607e-05,-1
G020,G088,-7.278438e-05,-1
G052,G077,-7.2804054e-05,-1
G054,G008,-7.2831135e-05,-1
G068,G071,-7.2894916e-05,-1
G100,G078,-7.293931e-05,-1
G071,G050,-7.302308e-05,-1
G002,G063,-7.314882e-05,-1
G076,G089,-7.3230374e-05,-1
G056,G091,-7.3237854e-05,-1
G077,G043,-7.326925e-05,-1
G069,G077,-7.32925e-05,-1
G066,G031,-7.332477e-05,-1
G025,G034,-7.332644e-05,-1
G060,G017,-7.336181e-05,-1
G062,G074,-7.338068e-05,-1
G015,G012,-7.3457304e-05,-1
G004,G029,-7.348291e-05,-1
G083,G087,-7.3515635e-05,-1
G089,G054,-7.361503e-05,-1
G002,G085,-7.362093e-05,-1
G066,G021,-7.364354e-05,-1
G009,G062,-7.369236e-05,-1
G008,G038,-7.376712e-05,-1
G059,G088,-7.38098e-05,-1
G067,G070,-7.387642e-05,-1
G024,G056,-7.387914e-05,-1
G041,G008,-7.393063e-05,-1
G066,G047,-7.412e-05,-1
G072,G065,-7.416766e-05,-1
G030,G093,-7.4178126e-05,-1
G049,G034,-7.418304e-05,-1
G065,G021,-7.4204996e-05,-1
G059,G061,-7.43314e-05,-1
G050,G049,-7.4511125e-05,-1
G060,G056,-7.4617725e-05,-1
G057,G050,-7.466007e-05,-1
G052,G006,-7.4661235e-05,-1
G012,G021,-7.475137e-05,-1
G063,G006,-7.475282e-05,-1
G005,G049,-7.4860654e-05,-1
G082,G065,-7.495537e-05,-1
G009,G029,-7.4964366e-05,-1
G069,G092,-7.4990225e-05,-1
G015,G050,-7.501401e-05,-1
G067,G052,-7.502051e-05,-1
G019,G078,-7.509356e-05,-1
G071,G015,-7.513679e-05,-1
G022,G008,-7.514481e-05,-1
G011,G093,-7.515224e-05,-1
G098,G092,-7.5335454e-05,-1
G082,G033,-7.545685e-05,-1
G052,G093,-7.555997e-05,-1
G017,G092,-7.564507e-05,-1
G058,G028,-7.566635e-05,-1
G099,G062,-7.572461e-05,-1
G099,G018,-7.591789e-05,-1
G049,G060,-7.5999196e-05,-1
G042,G062,-7.6050106e-05,-1
G064,G006,-7.6071774e-05,-1
G081,G066,-7.613873e-05,-1
G056,G044,-7.61851e-05,-1
G040,G088,-7.621894e-05,-1
G086,G092,-7.622943e-05,-1
G084,G025,-7.653921e-05,-1
G035,G055,-7.658372e-05,-1
G042,G087,-7.6594035e-05,-1
G084,G028,-7.662003e-05,-1
G039,G090,-7.67421e-05,-1
G038,G008,-7.678883e-05,-1
G011,G052,-7.6822325e-05,-1
G051,G041,-7.6822966e-05,-1
G085,G076,-7.6825716e-05,-1
G034,G008,-7.68801e-05,-1
G014,G035,-7.694906e-05,-1
G089,G019,-7.697258e-05,-1
G086,G088,-7.6974124e-05,-1
G069,G070,-7.697641e-05,-1
G098,G021,-7.710852e-05,-1
G018,G061,-7.714228e-05,-1
G029,G062,-7.720053e-05,-1
G004,G052,-7.739286e-05,-1
G073,G054,-7.7476754e-05,-1
G043,G048,-7.7609024e-05,-1
G030,G021,-7.762518e-05,-1
G014,G089,-7.763551e-05,-1
G099,G085,-7.764696e-05,-1
G080,G013,-7.7728684e-05,-1
G071,G089,-7.778943e-05,-1
G046,G085,-7.78185e-05,-1
G029,G058,-7.782275e-05,-1
G060,G045,-7.788786e-05,-1
G073,G048,-7.797313e-05,-1
G054,G012,-7.811081e-05,-1
G067,G082,-7.820588e-05,-1
G015,G005,-7.833126e-05,-1
G095,G009,-7.835201e-05,-1
G002,G018,-7.839437e-05,-1
G049,G087,-7.8406665e-05,-1
G029,G057,-7.8429846e-05,-1
G089,G064,-7.855192e-05,-1
G050,G083,-7.8605735e-05,-1
G082,G055,-7.862846e-05,-1
G098,G063,-7.871256e-05,-1
G042,G044,-7.872037e-05,-1
G023,G014,-7.877819e-05,-1
G016,G008,-7.8787925e-05,-1
G028,G020,-7.8809615e-05,-1
G078,G054,-7.882825e-05,-1
G076,G065,-7.885614e-05,-1
G059,G029,-7.892933e-05,-1
G020,G042,-7.900338e-05,-1
G056,G075,-7.9031546e-05,-1
G064,G003,-7.907665e-05,-1
G056,G028,-7.91671e-05,-1
G054,G093,-7.9376165e-05,-1
G008,G100,-7.9389814e-05,-1
G012,G100,-7.939851e-05,-1
G015,G022,-7.945074e-05,-1
G011,G043,-7.947285e-05,-1
G002,G049,-7.958129e-05,-1
G054,G009,-7.978102e-05,-1
G025,G070,-7.97874e-05,-1
G004,G012,-7.9885984e-05,-1
G002,G095,-7.9940146e-05,-1
G014,G005,-8.003316e-05,-1
G050,G087,-8.006138e-05,-1
G029,G076,-8.009111e-05,-1
G058,G010,-8.010906e-05,-1
G099,G064,-8.013515e-05,-1
G082,G029,-8.017905e-05,-1
G096,G005,-8.019254e-05,-1
G055,G068,-8.022715e-05,-1
G095,G069,-8.023297e-05,-1
G067,G006,-8.0308026e-05,-1
G086,G043,-8.03535e-05,-1
G019,G068,-8.048752e-05,-1
G014,G021,-8.0541904e-05,-1
G082,G020,-8.063933e-05,-1
G016,G014,-8.0643265e-05,-1
G027,G055,-8.064538e-05,-1
G052,G039,-8.068397e-05,-1
G098,G062,-8.069647e-05,-1
G022,G087,-8.070455e-05,-1
G090,G089,-8.074042e-05,-1
G023,G092,-8.076642e-05,-1
G074,G029,-8.079806e-05,-1
G093,G041,-8.08243e-05,-1
G054,G049,-8.097466e-05,-1
G072,G028,-8.102551e-05,-1
G014,G010,-8.11301e-05,-1
G002,G047,-8.113047e-05,-1
G022,G099,-8.1200684e-05,-1
G099,G021,-8.123703e-05,-1
G093,G028,-8.126405e-05,-1
G057,G060,-8.1391634e-05,-1
G066,G070,-8.142632e-05,-1
G020,G039,-8.144242e-05,-1
G011,G058,-8.1456375e-05,-1
G098,G093,-8.149092e-05,-1
G069,G062,-8.1497485e-05,-1
G081,G075,-8.150001e-05,-1
G015,G091,-8.157585e-05,-1
G074,G014,-8.1633785e-05,-1
G081,G028,-8.168898e-05,-1
G012,G038,-8.1893224e-05,-1
G093,G003,-8.194831e-05,-1
G036,G041,-8.195635e-05,-1
G099,G037,-8.198374e-05,-1
G052,G042,-8.198534e-05,-1
G022,G070,-8.199756e-05,-1
G100,G094,-8.210991e-05,-1
G029,G012,-8.2151826e-05,-1
G059,G002,-8.2187034e-05,-1
G017,G038,-8.2266095e-05,-1
G070,G095,-8.230617e-05,-1
G078,G071,-8.2342514e-05,-1
G091,G022,-8.238542e-05,-1
G012,G056,-8.2415645e-05,-1
G004,G085,-8.244996e-05,-1
G057,G086,-8.245994e-05,-1
G004,G038,-8.262652e-05,-1
G059,G054,-8.273519e-05,-1
G033,G070,-8.2766644e-05,-1
G033,G010,-8.294753e-05,-1
G054,G027,-8.310341e-05,-1
G086,G089,-8.32605e-05,-1
G090,G093,-8.335118e-05,-1
G046,G093,-8.335329e-05,-1
G052,G092,-8.336742e-05,-1
G063,G092,-8.357805e-05,-1
G013,G025,-8.3607425e-05,-1
G086,G008,-8.36663e-05,-1
G054,G038,-8.367167e-05,-1
G096,G008,-8.3786595e-05,-1
G022,G056,-8.392308e-05,-1
G002,G075,-8.3926796e-05,-1
G084,G042,-8.412213e-05,-1
G076,G015,-8.412323e-05,-1
G034,G093,-8.416016e-05,-1
G059,G100,-8.416837e-05,-1
G059,G074,-8.428046e-05,-1
G069,G021,-8.428505e-05,-1
G070,G021,-8.429817e-05,-1
G037,G048,-8.432149e-05,-1
G020,G010,-8.4388026e-05,-1
G050,G089,-8.454103e-05,-1
G056,G054,-8.455038e-05,-1
G022,G021,-8.4568775e-05,-1
G080,G091,-8.4624495e-05,-1
G081,G084,-8.4631654e-05,-1
G002,G035,-8.468298e-05,-1
G085,G090,-8.468662e-05,-1
G043,G088,-8.4892854e-05,-1
G008,G045,-8.49004e-05,-1
G064,G097,-8.492034e-05,-1
G046,G038,-8.508316e-05,-1
G055,G066,-8.509501e-05,-1
G048,G038,-8.5095126e-05,-1
G010,G068,-8.512453e-05,-1
G046,G031,-8.533565e-05,-1
G014,G087,-8.534235e-05,-1
G066,G028,-8.539874e-05,-1
G012,G025,-8.545535e-05,-1
G067,G065,-8.562029e-05,-1
G022,G018,-8.563062e-05,-1
G022,G062,-8.563746e-05,-1
G066,G064,-8.5670814e-05,-1
G066,G050,-8.568317e-05,-1
G079,G028,-8.569767e-05,-1
G081,G059,-8.573797e-05,-1
G070,G038,-8.574664e-05,-1
G063,G018,-8.5779386e-05,-1
G079,G010,-8.602726e-05,-1
G006,G072,-8.61139e-05,-1
G046,G054,-8.617027e-05,-1
G015,G092,-8.649518e-05,-1
G021,G093,-8.6504246e-05,-1
G099,G088,-8.653974e-05,-1
G075,G012,-8.6591e-05,-1
G035,G050,-8.660178e-05,-1
G089,G005,-8.660535e-05,-1
G057,G003,-8.672641e-05,-1
G050,G028,-8.684631e-05,-1
G048,G012,-8.687931e-05,-1
G099,G013,-8.6977816e-05,-1
G015,G042,-8.7043445e-05,-1
G035,G028,-8.717364e-05,-1
G021,G005,-8.718768e-05,-1
G082,G038,-8.72416e-05,-1
G084,G086,-8.7268236e-05,-1
G011,G031,-8.7300185e-05,-1
G051,G034,-8.745898e-05,-1
G012,G089,-8.7476365e-05,-1
G066,G008,-8.770868e-05,-1
G074,G012,-8.778069e-05,-1
G013,G087,-8.79432e-05,-1
G021,G024,-8.797966e-05,-1
G077,G074,-8.803814e-05,-1
G063,G042,-8.8089895e-05,-1
G100,G057,-8.8177156e-05,-1
G100,G080,-8.8206805e-05,-1
G029,G083,-8.8285335e-05,-1
G012,G054,-8.829989e-05,-1
G063,G003,-8.837445e-05,-1
G015,G074,-8.839384e-05,-1
G095,G080,-8.8437766e-05,-1
G001,G056,-8.843845e-05,-1
G064,G084,-8.8594956e-05,-1
G089,G031,-8.875339e-05,-1
G002,G092,-8.8764136e-05,-1
G024,G060,-8.877996e-05,-1
G023,G013,-8.897612e-05,-1
G051,G062,-8.899977e-05,-1
G064,G021,-8.901131e-05,-1
G089,G018,-8.92638e-05,-1
G046,G090,-8.9461355e-05,-1
G087,G077,-8.9518595e-05,-1
G078,G041,-8.952504e-05,-1
G039,G092,-8.953653e-05,-1
G060,G020,-8.958885e-05,-1
G063,G021,-8.96602e-05,-1
G044,G005,-8.967589e-05,-1
G027,G093,-8.9731526e-05,-1
G074,G025,-8.9748435e-05,-1
G001,G013,-8.9843954e-05,-1
G038,G042,-9.0114096e-05,-1
G089,G050,-9.0115485e-05,-1
G078,G018,-9.014647e-05,-1
G020,G049,-9.016435e-05,-1
G080,G084,-9.0255984e-05,-1
G083,G048,-9.035003e-05,-1
G020,G045,-9.041613e-05,-1
G038,G062,-9.048616e-05,-1
G037,G088,-9.058142e-05,-1
G071,G012,-9.0878006e-05,-1
G073,G074,-9.088341e-05,-1
G087,G050,-9.08843e-05,-1
G054,G091,-9.0935304e-05,-1
G050,G036,-9.09523e-05,-1
G060,G075,-9.10837e-05,-1
G056,G092,-9.110215e-05,-1
G078,G020,-9.111959e-05,-1
G090,G029,-9.1338334e-05,-1
G063,G074,-9.143218e-05,-1
G012,G068,-9.1738744e-05,-1
G023,G012,-9.198072e-05,-1
G058,G097,-9.198735e-05,-1
G046,G021,-9.201015e-05,-1
G029,G084,-9.204659e-05,-1
G017,G020,-9.225514e-05,-1
G048,G077,-9.2279784e-05,-1
G030,G070,-9.2327246e-05,-1
G085,G054,-9.236344e-05,-1
G067,G042,-9.247778e-05,-1
G085,G005,-9.2487484e-05,-1
G041,G089,-9.2618466e-05,-1
G009,G092,-9.2623704e-05,-1
G015,G072,-9.27372e-05,-1
G067,G076,-9.2750546e-05,-1
G081,G027,-9.287697e-05,-1
G029,G074,-9.293854e-05,-1
G008,G099,-9.305045e-05,-1
G014,G038,-9.322859e-05,-1
G034,G073,-9.326607e-05,-1
G028,G081,-9.329154e-05,-1
G096,G071,-9.33215e-05,-1
G027,G095,-9.338141e-05,-1
G081,G013,-9.339799e-05,-1
G046,G028,-9.3485105e-05,-1
G067,G077,-9.349822e-05,-1
G042,G085,-9.358915e-05,-1
G029,G092,-9.359832e-05,-1
G027,G070,-9.364648e-05,-1
G098,G028,-9.374855e-05,-1
G012,G070,-9.394093e-05,-1
G030,G022,-9.397946e-05,-1
G087,G041,-9.409026e-05,-1
G005,G054,-9.41058e-05,-1
G015,G045,-9.412027e-05,-1
G090,G076,-9.413745e-05,-1
G049,G021,-9.416679e-05,-1
G071,G085,-9.419364e-05,-1
G062,G075,-9.428453e-05,-1
G065,G088,-9.429645e-05,-1
G085,G018,-9.430967e-05,-1
G051,G002,-9.454967e-05,-1
G062,G049,-9.458512e-05,-1
G086,G100,-9.463444e-05,-1
G060,G044,-9.481638e-05,-1
G067,G095,-9.4827905e-05,-1
G012,G073,-9.48971e-05,-1
G068,G081,-9.4933726e-05,-1
G100,G036,-9.5047326e-05,-1
G072,G026,-9.515737e-05,-1
G082,G052,-9.531022e-05,-1
G093,G005,-9.531043e-05,-1
G050,G085,-9.540947e-05,-1
G095,G093,-9.551032e-05,-1
G039,G011,-9.556512e-05,-1
G078,G074,-9.561479e-05,-1
G049,G093,-9.5623065e-05,-1
G035,G036,-9.566508e-05,-1
G074,G027,-9.567069e-05,-1
G074,G082,-9.5840565e-05,-1
G017,G034,-9.5915086e-05,-1
G085,G027,-9.5998665e-05,-1
G023,G062,-9.606419e-05,-1
G070,G091,-9.623086e-05,-1
G035,G061,-9.626303e-05,-1
G020,G075,-9.640154e-05,-1
G073,G040,-9.641864e-05,-1
G065,G092,-9.644308e-05,-1
G029,G021,-9.645856e-05,-1
G065,G049,-9.646485e-05,-1
G066,G045,-9.649291e-05,-1
G052,G008,-9.6563e-05,-1
G060,G078,-9.657092e-05,-1
G071,G013,-9.663972e-05,-1
G022,G093,-9.666749e-05,-1
G091,G049,-9.666798e-05,-1
G070,G073,-9.668258e-05,-1
G039,G071,-9.66827e-05,-1
G027,G065,-9.6858545e-05,-1
G090,G049,-9.6859374e-05,-1
G048,G050,-9.6937336e-05,-1
G074,G028,-9.703282e-05,-1
G037,G067,-9.704499e-05,-1
G077,G018,-9.712982e-05,-1
G008,G056,-9.7136355e-05,-1
G099,G034,-9.718303e-05,-1
G072,G007,-9.722729e-05,-1
G048,G085,-9.72892e-05,-1
G012,G010,-9.736406e-05,-1
G046,G003,-9.747417e-05,-1
G065,G034,-9.75947e-05,-1
G070,G005,-9.7645745e-05,-1
G085,G010,-9.771592e-05,-1
G012,G087,-9.774586e-05,-1
G047,G087,-9.787919e-05,-1
G019,G088,-9.794847e-05,-1
G099,G015,-9.7986005e-05,-1
G064,G009,-9.8189455e-05,-1
G034,G028,-9.8308294e-05,-1
G021,G060,-9.836968e-05,-1
G059,G010,-9.8383345e-05,-1
G077,G047,-9.840945e-05,-1
G050,G056,-9.847825e-05,-1
G064,G072,-9.8634366e-05,-1
G059,G070,-9.864987e-05,-1
G085,G020,-9.876831e-05,-1
G015,G029,-9.883716e-05,-1
G004,G090,-9.887448e-05,-1
G007,G002,-9.887901e-05,-1
G059,G009,-9.892185e-05,-1
G058,G041,-9.899305e-05,-1
G017,G019,-9.9047174e-05,-1
G030,G009,-9.909093e-05,-1
G038,G100,-9.909912e-05,-1
G011,G080,-9.915917e-05,-1
G059,G040,-9.926707e-05,-1
G089,G092,-9.927504e-05,-1
G051,G015,-9.9285244e-05,-1
G042,G074,-9.932243e-05,-1
G012,G062,-9.9334546e-05,-1
G059,G085,-9.94346e-05,-1
G034,G047,-9.947825e-05,-1
G013,G089,-9.968642e-05,-1
G008,G089,-9.970944e-05,-1
G065,G075,-9.9777666e-05,-1
G021,G027,-0.00010001449,-1
G095,G031,-0.00010004629,-1
G077,G099,-0.00010009413,-1
G033,G091,-0.00010010827,-1
G062,G028,-0.00010025492,-1
G100,G039,-0.00010037633,-1
G062,G085,-0.000100397636,-1
G046,G034,-0.00010039848,-1
G062,G010,-0.00010040814,-1
G059,G092,-0.00010041271,-1
G093,G020,-0.00010044692,-1
G054,G064,-0.000100451485,-1
G064,G074,-0.00010047421,-1
G098,G034,-0.00010047518,-1
G067,G008,-0.000100534664,-1
G096,G070,-0.00010073881,-1
G008,G074,-0.00010077903,-1
G056,G060,-0.00010082537,-1
G069,G049,-0.00010082952,-1
G092,G018,-0.000100909514,-1
G045,G082,-0.000101000056,-1
G018,G055,-0.00010101102,-1
G039,G062,-0.000101094505,-1
G062,G054,-0.0001011356,-1
G074,G096,-0.000101186095,-1
G069,G091,-0.000101189784,-1
G005,G035,-0.00010122021,-1
G025,G099,-0.00010125555,-1
G049,G015,-0.00010126002,-1
G021,G029,-0.00010144119,-1
G029,G038,-0.000101510166,-1
G041,G003,-0.00010152733,-1
G010,G036,-0.00010160911,-1
G032,G031,-0.00010163609,-1
G048,G017,-0.00010170941,-1
G066,G038,-0.00010175056,-1
G011,G001,-0.00010177748,-1
G012,G097,-0.00010182583,-1
G001,G085,-0.00010190812,-1
G041,G019,-0.00010194898,-1
G097,G088,-0.000101976824,-1
G050,G064,-0.000101986596,-1
G092,G065,-0.00010215824,-1
G097,G056,-0.000102164966,-1
G044,G075,-0.00010219928,-1
G067,G060,-0.000102217,-1
G017,G003,-0.00010231624,-1
G096,G043,-0.00010242943,-1
G022,G040,-0.00010246677,-1
G080,G027,-0.00010253044,-1
G050,G005,-0.00010253906,-1
G058,G086,-0.000102553364,-1
G048,G074,-0.00010261992,-1
G070,G041,-0.00010272929,-1
G029,G013,-0.00010275351,-1
G058,G015,-0.00010288093,-1
G093,G042,-0.000102892445,-1
G012,G020,-0.000102915954,-1
G043,G072,-0.00010295971,-1
G056,G071,-0.00010296396,-1
G082,G060,-0.00010303679,-1
G070,G087,-0.00010305742,-1
G045,G086,-0.00010311481,-1
G041,G045,-0.000103140716,-1
G041,G073,-0.00010321846,-1
G081,G097,-0.00010338971,-1
G052,G038,-0.00010341273,-1
G096,G062,-0.0001034486,-1
G058,G087,-0.0001034838,-1
G002,G074,-0.00010354823,-1
G068,G008,-0.00010365983,-1
G029,G045,-0.00010367855,-1
G037,G009,-0.00010377806,-1
G086,G087,-0.000103905426,-1
G098,G077,-0.000104044135,-1
G038,G074,-0.000104203136,-1
G084,G096,-0.00010422181,-1
G074,G049,-0.00010430996,-1
G002,G034,-0.00010432838,-1
G004,G021,-0.00010434447,-1
G071,G074,-0.00010448988,-1
G067,G038,-0.000104562045,-1
G078,G064,-0.0001046007,-1
G099,G083,-0.00010461169,-1
G096,G090,-0.00010463494,-1
G081,G070,-0.000104641345,-1
G096,G011,-0.000104659564,-1
G065,G019,-0.00010469918,-1
G047,G082,-0.000104770625,-1
G056,G004,-0.00010480059,-1
G041,G088,-0.000104813225,-1
G078,G027,-0.00010486365,-1
G004,G028,-0.00010493631,-1
G064,G020,-0.00010505835,-1
G021,G031,-0.0001053028,-1
G055,G031,-0.000105352636,-1
G071,G054,-0.000105405685,-1
G044,G092,-0.00010542431,-1
G009,G005,-0.000105434396,-1
G095,G054,-0.000105492654,-1
G038,G099,-0.000105506086,-1
G020,G099,-0.00010557733,-1
G049,G029,-0.000105617226,-1
G048,G093,-0.000105656734,-1
G043,G091,-0.00010572016,-1
G039,G065,-0.00010581804,-1
G098,G075,-0.00010590231,-1
G009,G028,-0.00010592851,-1
G064,G031,-0.00010597314,-1
G073,G076,-0.000105987914,-1
G065,G095,-0.000106037405,-1
G072,G092,-0.00010617919,-1
G001,G058,-0.000106259315,-1
G090,G012,-0.000106331085,-1
G079,G078,-0.00010633374,-1
G071,G075,-0.000106335196,-1
G089,G047,-0.00010637454,-1
G023,G034,-0.00010664084,-1
G021,G044,-0.000106707295,-1
G061,G069,-0.0001067767,-1
G008,G018,-0.00010683179,-1
G025,G065,-0.000106849824,-1
G064,G038,-0.00010697477,-1
G075,G050,-0.00010702126,-1
G015,G093,-0.00010721102,-1
G078,G039,-0.00010728938,-1
G019,G007,-0.00010729358,-1
G014,G092,-0.000107327,-1
G040,G089,-0.0001074301,-1
G063,G089,-0.00010747858,-1
G015,G049,-0.00010758211,-1
G095,G047,-0.00010758927,-1
G049,G027,-0.000107642496,-1
G081,G002,-0.000107750806,-1
G024,G033,-0.00010787284,-1
G025,G095,-0.000107926724,-1
G083,G054,-0.00010795478,-1
G039,G070,-0.0001080178,-1
G022,G086,-0.00010802453,-1
G014,G059,-0.000108090855,-1
G038,G077,-0.000108202505,-1
G076,G074,-0.000108225955,-1
G091,G010,-0.0001083745,-1
G022,G012,-0.00010841446,-1
G073,G039,-0.000108456945,-1
G091,G007,-0.00010847107,-1
G038,G056,-0.00010849196,-1
G087,G064,-0.000108503984,-1
G027,G003,-0.000108504595,-1
G051,G088,-0.000108676504,-1
G071,G027,-0.0001087092,-1
G048,G084,-0.00010878768,-1
G091,G041,-0.000108793916,-1
G017,G031,-0.00010883719,-1
G002,G091,-0.00010886038,-1
G051,G006,-0.000108887354,-1
G063,G005,-0.000108887456,-1
G061,G003,-0.00010889889,-1
G021,G034,-0.00010903244,-1
G097,G005,-0.00010918347,-1
G069,G018,-0.000109216235,-1
G086,G049,-0.00010923263,-1
G022,G005,-0.000109257424,-1
G050,G070,-0.00010925829,-1
G066,G006,-0.00010927927,-1
G027,G011,-0.00010932442,-1
G030,G018,-0.00010947973,-1
G051,G009,-0.000109551176,-1
G037,G018,-0.00010958496,-1
G047,G010,-0.00010960409,-1
G083,G074,-0.00010962272,-1
G050,G020,-0.00010965832,-1
G066,G017,-0.00010967091,-1
G059,G028,-0.00010981849,-1
G063,G020,-0.00010987816,-1
G049,G056,-0.000110008,-1
G098,G005,-0.00011002482,-1
G056,G012,-0.00011006191,-1
G089,G034,-0.00011009191,-1
G012,G018,-0.00011018633,-1
G035,G026,-0.00011037409,-1
G092,G020,-0.00011042847,-1
G088,G078,-0.000110434106,-1
G077,G044,-0.000110550485,-1
G038,G005,-0.00011073137,-1
G042,G058,-0.00011074449,-1
G058,G082,-0.000110852256,-1
G044,G095,-0.00011090368,-1
G084,G078,-0.00011094093,-1
G035,G056,-0.00011097559,-1
G050,G021,-0.00011117029,-1
G034,G050,-0.00011127016,-1
G093,G081,-0.00011131226,-1
G060,G062,-0.00011131651,-1
G020,G037,-0.000111352994,-1
G049,G028,-0.000111459354,-1
G098,G012,-0.00011149801,-1
G020,G060,-0.0001115628,-1
G011,G016,-0.000111591056,-1
G016,G052,-0.000111694106,-1
G050,G015,-0.000111803114,-1
G096,G089,-0.00011181709,-1
G069,G039,-0.00011188693,-1
G086,G021,-0.00011198254,-1
G037,G004,-0.00011199018,-1
G066,G054,-0.00011216004,-1
G040,G075,-0.00011221651,-1
G024,G082,-0.00011226183,-1
G092,G006,-0.00011252076,-1
G069,G002,-0.000112540176,-1
G089,G027,-0.00011255651,-1
G019,G026,-0.00011267236,-1
G048,G056,-0.00011285141,-1
G066,G049,-0.00011292039,-1
G009,G037,-0.000112939946,-1
G086,G050,-0.000113027505,-1
G014,G009,-0.000113034024,-1
G009,G085,-0.00011328707,-1
G065,G008,-0.00011338806,-1
G035,G008,-0.00011360943,-1
G051,G092,-0.000113615635,-1
G094,G048,-0.0001136321,-1
G096,G099,-0.000113699396,-1
G011,G029,-0.00011371216,-1
G044,G027,-0.00011371751,-1
G045,G032,-0.00011389843,-1
G068,G072,-0.000113949,-1
G023,G065,-0.00011395969,-1
G005,G025,-0.00011398082,-1
G081,G090,-0.00011411975,-1
G051,G056,-0.000114147064,-1
G093,G027,-0.00011417145,-1
G008,G093,-0.000114173024,-1
G042,G060,-0.00011427886,-1
G015,G034,-0.0001142929,-1
G050,G091,-0.000114331895,-1
G086,G077,-0.00011433751,-1
G076,G006,-0.00011435361,-1
G081,G010,-0.00011438276,-1
G037,G002,-0.00011439588,-1
G043,G009,-0.00011440408,-1
G046,G095,-0.000114579074,-1
G059,G047,-0.00011463434,-1
G062,G013,-0.00011480797,-1
G091,G042,-0.00011495941,-1
G063,G028,-0.00011512609,-1
G099,G084,-0.00011522917,-1
G030,G100,-0.000115235925,-1
G052,G074,-0.0001152402,-1
G054,G039,-0.00011541106,-1
G035,G018,-0.0001154677,-1
G011,G048,-0.00011559769,-1
G012,G049,-0.00011559879,-1
G092,G010,-0.00011583851,-1
G074,G066,-0.00011597585,-1
G038,G075,-0.000116053394,-1
G050,G027,-0.00011607006,-1
G033,G051,-0.00011610508,-1
G079,G051,-0.00011656206,-1
G067,G093,-0.000116569645,-1
G086,G038,-0.00011663617,-1
G066,G052,-0.00011669369,-1
G022,G031,-0.000117121155,-1
G083,G010,-0.000117214775,-1
G020,G087,-0.00011752354,-1
G064,G090,-0.00011756856,-1
G077,G034,-0.00011758308,-1
G037,G065,-0.00011759289,-1
G083,G089,-0.000117662734,-1
G085,G038,-0.00011774374,-1
G065,G062,-0.00011778146,-1
G060,G018,-0.00011786169,-1
G080,G023,-0.00011789333,-1
G067,G075,-0.00011792858,-1
G034,G021,-0.00011796742,-1
G067,G056,-0.00011796851,-1
G091,G071,-0.00011796887,-1
G022,G074,-0.00011825172,-1
G097,G066,-0.00011826658,-1
G100,G020,-0.000118324024,-1
G076,G038,-0.00011845218,-1
G061,G014,-0.00011848008,-1
G090,G054,-0.00011852582,-1
G041,G007,-0.00011871962,-1
G021,G039,-0.00011880625,-1
G052,G020,-0.00011882168,-1
G049,G062,-0.0001189169,-1
G059,G093,-0.00011892277,-1
G073,G092,-0.00011897106,-1
G093,G062,-0.000118975084,-1
G062,G091,-0.00011904389,-1
G067,G054,-0.000119095246,-1
G036,G037,-0.000119111355,-1
G010,G013,-0.000119124954,-1
G057,G087,-0.00011914179,-1
G063,G050,-0.00011923894,-1
G064,G093,-0.00011935885,-1
G091,G059,-0.00011941656,-1
G071,G010,-0.000119427576,-1
G049,G002,-0.00011943341,-1
G035,G090,-0.00011945347,-1
G020,G028,-0.000119533455,-1
G015,G060,-0.00011961788,-1
G045,G018,-0.00011962106,-1
G069,G005,-0.00011962502,-1
G038,G093,-0.00011967814,-1
G085,G049,-0.00011969469,-1
G029,G097,-0.00011975564,-1
G052,G034,-0.00011983701,-1
G047,G038,-0.00011987698,-1
G064,G070,-0.00011989472,-1
G057,G011,-0.00011997047,-1
G070,G049,-0.00011998567,-1
G008,G049,-0.00012014035,-1
G099,G044,-0.00012031612,-1
G023,G099,-0.00012036347,-1
G020,G047,-0.00012040765,-1
G051,G003,-0.00012059819,-1
G082,G063,-0.0001208494,-1
G003,G082,-0.00012095686,-1
G038,G060,-0.00012101065,-1
G009,G021,-0.00012103035,-1
G028,G089,-0.00012109735,-1
G077,G037,-0.0001211619,-1
G083,G039,-0.000121168065,-1
G010,G037,-0.0001212417,-1
G023,G020,-0.00012131636,-1
G014,G054,-0.000121365454,-1
G052,G005,-0.00012137483,-1
G070,G090,-0.00012140865,-1
G030,G012,-0.00012142954,-1
G011,G065,-0.00012153841,-1
G100,G073,-0.00012156272,-1
G055,G001,-0.00012176746,-1
G012,G003,-0.00012184507,-1
G066,G037,-0.00012194408,-1
G046,G060,-0.00012200077,-1
G030,G092,-0.0001220339,-1
G078,G092,-0.00012205547,-1
G063,G027,-0.000122060104,-1
G096,G057,-0.00012206062,-1
G037,G057,-0.00012214537,-1
G092,G082,-0.00012217935,-1
G069,G020,-0.00012220204,-1
G100,G072,-0.00012223684,-1
G095,G091,-0.00012231414,-1
G003,G048,-0.00012236343,-1
G055,G061,-0.00012246435,-1
G084,G020,-0.00012273956,-1
G030,G043,-0.00012277397,-1
G059,G060,-0.0001227855,-1
G003,G013,-0.00012291386,-1
G019,G003,-0.00012308684,-1
G091,G082,-0.00012315252,-1
G058,G071,-0.00012323505,-1
G099,G049,-0.00012352072,-1
G023,G082,-0.00012353907,-1
G071,G070,-0.0001236134,-1
G066,G085,-0.00012370694,-1
G008,G019,-0.00012379,-1
G099,G097,-0.00012386024,-1
G085,G091,-0.00012394627,-1
G083,G008,-0.00012400879,-1
G062,G020,-0.00012402749,-1
G044,G002,-0.0001242231,-1
G074,G054,-0.00012427868,-1
G045,G057,-0.00012428574,-1
G083,G063,-0.00012431633,-1
G037,G042,-0.00012439833,-1
G063,G045,-0.0001243994,-1
G091,G005,-0.00012452502,-1
G034,G049,-0.00012460197,-1
G059,G005,-0.00012467541,-1
G049,G074,-0.00012468596,-1
G096,G013,-0.00012469567,-1
G081,G044,-0.00012477314,-1
G049,G050,-0.00012479276,-1
G065,G020,-0.00012482969,-1
G012,G083,-0.00012487563,-1
G046,G027,-0.00012504023,-1
G041,G061,-0.0001251125,-1
G011,G068,-0.00012541327,-1
G076,G091,-0.00012541693,-1
G087,G045,-0.00012542446,-1
G072,G096,-0.00012548223,-1
G037,G060,-0.0001255146,-1
G042,G039,-0.00012577904,-1
G055,G094,-0.00012585857,-1
G034,G018,-0.00012585906,-1
G033,G079,-0.00012594531,-1
G044,G062,-0.00012598089,-1
G022,G033,-0.00012611145,-1
G082,G097,-0.00012635534,-1
G070,G040,-0.000126376,-1
G058,G067,-0.00012638928,-1
G054,G056,-0.00012642384,-1
G061,G028,-0.0001264815,-1
G094,G068,-0.00012657866,-1
G012,G091,-0.0001266225,-1
G009,G008,-0.00012664085,-1
G054,G085,-0.000126711,-1
G066,G023,-0.0001267477,-1
G051,G082,-0.00012679344,-1
G080,G060,-0.00012708016,-1
G022,G010,-0.00012709034,-1
G069,G041,-0.00012727159,-1
G049,G064,-0.00012730641,-1
G090,G085,-0.00012739767,-1
G076,G085,-0.0001274674,-1
G090,G040,-0.00012769125,-1
G044,G034,-0.00012782982,-1
G025,G031,-0.00012789815,-1
G065,G087,-0.00012801115,-1
G100,G075,-0.00012805824,-1
G076,G040,-0.00012806249,-1
G037,G017,-0.00012820076,-1
G023,G018,-0.00012845767,-1
G006,G098,-0.00012851757,-1
G001,G098,-0.00012861067,-1
G030,G085,-0.00012874659,-1
G073,G071,-0.00012881207,-1
G073,G029,-0.00012883746,-1
G082,G050,-0.00012900008,-1
G063,G085,-0.00012900544,-1
G096,G004,-0.00012905043,-1
G046,G099,-0.00012908815,-1
G008,G028,-0.00012915018,-1
G057,G092,-0.00012917297,-1
G071,G034,-0.00012934303,-1
G085,G045,-0.00012936522,-1
G069,G100,-0.00012940736,-1
G085,G074,-0.0001295198,-1
G009,G035,-0.00012952404,-1
G057,G035,-0.00012953261,-1
G073,G087,-0.0001296246,-1
G071,G030,-0.0001296798,-1
G085,G042,-0.0001297308,-1
G099,G045,-0.00012978347,-1
G077,G067,-0.00012990869,-1
G076,G056,-0.00013002247,-1
G077,G005,-0.00013009418,-1
G033,G052,-0.00013009793,-1
G069,G083,-0.00013011387,-1
G012,G028,-0.00013017288,-1
G044,G099,-0.00013043455,-1
G027,G049,-0.00013043854,-1
G081,G021,-0.00013052921,-1
G034,G041,-0.00013066918,-1
G086,G042,-0.0001308292,-1
G100,G044,-0.0001310375,-1
G042,G037,-0.0001310558,-1
G078,G036,-0.00013111354,-1
G043,G069,-0.00013118028,-1
G046,G062,-0.0001312025,-1
G070,G076,-0.00013121795,-1
G020,G041,-0.00013125756,-1
G030,G038,-0.00013130468,-1
G072,G045,-0.00013144234,-1
G024,G086,-0.00013144883,-1
G086,G030,-0.00013155326,-1
G034,G056,-0.00013169755,-1
G081,G071,-0.00013174234,-1
G049,G012,-0.00013187394,-1
G020,G093,-0.00013192379,-1
G049,G100,-0.00013193929,-1
G024,G088,-0.00013196908,-1
G041,G060,-0.00013201925,-1
G014,G034,-0.00013206508,-1
G045,G095,-0.00013212538,-1
G043,G006,-0.00013215808,-1
G008,G005,-0.00013228311,-1
G083,G031,-0.00013231745,-1
G038,G027,-0.00013237349,-1
G064,G034,-0.0001324736,-1
G081,G037,-0.00013250117,-1
G058,G093,-0.0001325579,-1
G050,G071,-0.00013257934,-1
G017,G099,-0.00013266332,-1
G069,G056,-0.0001327508,-1
G095,G088,-0.0001327715,-1
G074,G001,-0.00013283754,-1
G064,G002,-0.0001329665,-1
G057,G001,-0.00013306296,-1
G073,G056,-0.00013310187,-1
G089,G041,-0.00013316028,-1
G076,G029,-0.00013330167,-1
G063,G062,-0.00013335206,-1
G062,G037,-0.00013339313,-1
G062,G095,-0.00013341941,-1
G054,G095,-0.00013358882,-1
G076,G099,-0.00013362835,-1
G082,G091,-0.00013379079,-1
G023,G095,-0.00013410744,-1
G048,G076,-0.00013424648,-1
G009,G071,-0.00013448817,-1
G021,G064,-0.00013460817,-1
G037,G093,-0.0001346854,-1
G012,G047,-0.00013468746,-1
G069,G088,-0.00013479723,-1
G100,G007,-0.00013487636,-1
G039,G014,-0.00013489557,-1
G072,G017,-0.00013497598,-1
G092,G019,-0.00013503215,-1
G082,G049,-0.0001350818,-1
G074,G038,-0.00013511804,-1
G037,G005,-0.00013521049,-1
G004,G039,-0.00013526657,-1
G081,G099,-0.00013544683,-1
G011,G081,-0.00013548757,-1
G023,G060,-0.00013555988,-1
G068,G024,-0.00013562564,-1
G085,G022,-0.00013568396,-1
G091,G008,-0.00013568529,-1
G084,G065,-0.00013572142,-1
G028,G032,-0.0001357822,-1
G054,G031,-0.00013586051,-1
G092,G003,-0.0001361048,-1
G009,G056,-0.00013618468,-1
G004,G041,-0.00013627857,-1
G042,G071,-0.00013630785,-1
G065,G012,-0.00013634078,-1
G021,G002,-0.00013635085,-1
G011,G041,-0.0001365733,-1
G063,G029,-0.00013664791,-1
G011,G063,-0.00013676904,-1
G069,G059,-0.00013700115,-1
G039,G044,-0.00013724125,-1
G065,G090,-0.00013725842,-1
G023,G073,-0.00013745835,-1
G081,G008,-0.000137478,-1
G024,G031,-0.000137511,-1
G090,G065,-0.0001375674,-1
G047,G074,-0.00013756898,-1
G048,G021,-0.00013768593,-1
G009,G083,-0.00013770875,-1
G049,G095,-0.00013781337,-1
G042,G047,-0.00013786682,-1
G082,G081,-0.00013800875,-1
G097,G026,-0.00013802061,-1
G065,G056,-0.00013804226,-1
G079,G031,-0.00013804498,-1
G022,G047,-0.00013807244,-1
G037,G054,-0.00013810981,-1
G096,G065,-0.00013811843,-1
G009,G018,-0.00013819158,-1
G080,G066,-0.00013845501,-1
G036,G090,-0.00013847166,-1
G056,G052,-0.00013858613,-1
G059,G034,-0.00013867025,-1
G065,G057,-0.00013868113,-1
G004,G005,-0.00013870437,-1
G076,G034,-0.00013900989,-1
G091,G002,-0.00013906807,-1
G067,G018,-0.00013908712,-1
G088,G031,-0.00013925995,-1
G098,G056,-0.00013931868,-1
G012,G002,-0.00013934338,-1
G090,G074,-0.00013934696,-1
G100,G063,-0.0001393784,-1
G058,G035,-0.00013951067,-1
G070,G056,-0.00013959782,-1
G006,G027,-0.00013967785,-1
G067,G050,-0.00013973858,-1
G004,G059,-0.00013977545,-1
G060,G037,-0.00013987,-1
G076,G050,-0.00013987588,-1
G029,G088,-0.00013989749,-1
G067,G020,-0.00013992516,-1
G097,G073,-0.00013997224,-1
G093,G029,-0.00013999842,-1
G044,G018,-0.0001400225,-1
G034,G005,-0.0001400824,-1
G015,G099,-0.00014021678,-1
G078,G081,-0.00014040923,-1
G054,G099,-0.0001405368,-1
G030,G040,-0.00014064496,-1
G048,G099,-0.00014065336,-1
G017,G062,-0.00014069764,-1
G064,G029,-0.00014073309,-1
G058,G065,-0.00014074266,-1
G078,G062,-0.0001407607,-1
G085,G029,-0.00014077678,-1
G091,G054,-0.00014087676,-1
G008,G077,-0.00014092431,-1
G007,G020,-0.00014095056,-1
G082,G092,-0.000141051,-1
G063,G044,-0.00014106421,-1
G058,G045,-0.00014107428,-1
G063,G056,-0.00014113981,-1
G081,G087,-0.00014127699,-1
G052,G085,-0.0001413877,-1
G076,G047,-0.00014141157,-1
G072,G088,-0.00014156417,-1
G063,G010,-0.00014159319,-1
G022,G071,-0.00014162039,-1
G071,G062,-0.00014168919,-1
G082,G074,-0.000141692,-1
G072,G038,-0.00014178478,-1
G024,G019,-0.00014186426,-1
G017,G005,-0.00014191767,-1
G094,G088,-0.00014200607,-1
G059,G095,-0.00014204314,-1
G069,G048,-0.00014216066,-1
G090,G018,-0.00014220104,-1
G086,G085,-0.00014225872,-1
G022,G028,-0.00014230356,-1
G090,G039,-0.00014247185,-1
G036,G092,-0.0001424727,-1
G090,G062,-0.00014251618,-1
G046,G002,-0.00014273348,-1
G059,G056,-0.00014275529,-1
G047,G022,-0.00014279888,-1
G024,G002,-0.00014287666,-1
G096,G100,-0.00014290924,-1
G021,G010,-0.0001430355,-1
G062,G073,-0.00014313798,-1
G070,G092,-0.00014316771,-1
G090,G028,-0.00014329143,-1
G090,G027,-0.0001434964,-1
G009,G020,-0.00014354131,-1
G096,G020,-0.00014357976,-1
G096,G081,-0.00014362232,-1
G050,G092,-0.00014368532,-1
G025,G073,-0.00014381818,-1
G018,G071,-0.00014385313,-1
G009,G074,-0.00014390355,-1
G021,G089,-0.00014394293,-1
G097,G044,-0.00014406958,-1
G051,G044,-0.00014416728,-1
G084,G018,-0.00014419334,-1
G050,G035,-0.00014423729,-1
G050,G074,-0.00014424183,-1
G098,G039,-0.00014428848,-1
G024,G010,-0.00014439854,-1
G004,G049,-0.00014446062,-1
G005,G085,-0.00014446437,-1
G021,G045,-0.00014447077,-1
G063,G034,-0.00014451054,-1
G010,G029,-0.0001446135,-1
G054,G020,-0.0001446659,-1
G015,G002,-0.00014478598,-1
G056,G094,-0.00014494496,-1
G003,G056,-0.0001451561,-1
G023,G025,-0.0001452267,-1
G077,G095,-0.00014526035,-1
G065,G085,-0.00014528527,-1
G002,G071,-0.00014532603,-1
G054,G028,-0.00014543213,-1
G100,G060,-0.000145507,-1
G067,G074,-0.00014560338,-1
G056,G064,-0.00014568365,-1
G096,G025,-0.00014573363,-1
G070,G015,-0.00014587381,-1
G037,G028,-0.00014593283,-1
G011,G069,-0.00014600281,-1
G062,G034,-0.00014605875,-1
G094,G013,-0.00014606358,-1
G070,G009,-0.00014612231,-1
G062,G064,-0.00014639425,-1
G021,G049,-0.00014650178,-1
G094,G002,-0.00014653539,-1
G076,G012,-0.0001466122,-1
G037,G090,-0.00014661328,-1
G073,G002,-0.00014689528,-1
G039,G066,-0.0001470522,-1
G096,G018,-0.0001471012,-1
G047,G063,-0.00014710121,-1
G071,G018,-0.00014711422,-1
G066,G071,-0.00014716796,-1
G029,G002,-0.00014719063,-1
G007,G019,-0.00014720974,-1
G038,G028,-0.00014735461,-1
G059,G064,-0.00014749668,-1
G074,G065,-0.00014751974,-1
G070,G064,-0.00014755262,-1
G063,G038,-0.00014768605,-1
G041,G065,-0.00014770257,-1
G050,G062,-0.00014770988,-1
G070,G099,-0.00014771611,-1
G064,G040,-0.00014799298,-1
G067,G028,-0.00014805293,-1
G023,G087,-0.00014832536,-1
G045,G008,-0.00014833752,-1
G052,G045,-0.00014834301,-1
G024,G078,-0.00014837022,-1
G037,G021,-0.00014860596,-1
G008,G095,-0.00014867962,-1
G095,G013,-0.00014886468,-1
G076,G039,-0.00014891248,-1
G050,G018,-0.00014891905,-1
G076,G054,-0.00014896435,-1
G049,G047,-0.0001490147,-1
G092,G091,-0.00014928928,-1
G077,G024,-0.00014953688,-1
G015,G095,-0.00014959005,-1
G072,G018,-0.0001499325,-1
G014,G040,-0.00014994634,-1
G067,G085,-0.0001501203,-1
G036,G085,-0.00015014895,-1
G074,G100,-0.00015020999,-1
G073,G049,-0.00015028291,-1
G041,G031,-0.00015028827,-1
G034,G009,-0.00015037207,-1
G054,G037,-0.00015042977,-1
G100,G054,-0.00015053448,-1
G046,G005,-0.00015055238,-1
G050,G077,-0.00015055676,-1
G022,G027,-0.00015060282,-1
G037,G008,-0.00015060593,-1
G093,G054,-0.00015064763,-1
G100,G021,-0.00015072645,-1
G085,G039,-0.00015087264,-1
G086,G076,-0.00015089435,-1
G071,G095,-0.00015093513,-1
G010,G084,-0.00015103273,-1
G065,G009,-0.00015108696,-1
G077,G093,-0.00015110672,-1
G059,G071,-0.0001511181,-1
G065,G074,-0.00015112579,-1
G012,G024,-0.00015127129,-1
G009,G010,-0.00015133382,-1
G052,G049,-0.00015157476,-1
G049,G022,-0.00015164299,-1
G030,G002,-0.0001516798,-1
G069,G044,-0.00015200747,-1
G065,G038,-0.00015207779,-1
G025,G013,-0.00015207913,-1
G046,G010,-0.00015215183,-1
G062,G002,-0.00015226945,-1
G090,G047,-0.00015229786,-1
G100,G095,-0.00015238207,-1
G058,G077,-0.00015240807,-1
G072,G057,-0.00015259346,-1
G080,G016,-0.00015262244,-1
G096,G034,-0.00015273926,-1
G041,G018,-0.00015283996,-1
G065,G042,-0.000152849,-1
G048,G049,-0.00015288625,-1
G011,G040,-0.00015291212,-1
G076,G028,-0.00015292049,-1
G082,G070,-0.00015309299,-1
G058,G095,-0.00015313546,-1
G085,G028,-0.00015315779,-1
G009,G002,-0.00015317011,-1
G082,G015,-0.00015320323,-1
G006,G091,-0.00015342455,-1
G098,G029,-0.00015348905,-1
G089,G074,-0.000153621,-1
G044,G056,-0.00015364622,-1
G070,G029,-0.00015367637,-1
G062,G012,-0.00015372103,-1
G066,G022,-0.00015375734,-1
G045,G074,-0.0001539564,-1
G034,G087,-0.00015395953,-1
G010,G072,-0.00015400344,-1
G100,G084,-0.00015409545,-1
G065,G005,-0.00015419167,-1
G078,G024,-0.00015438689,-1
G017,G029,-0.00015461784,-1
G062,G041,-0.00015481038,-1
G019,G066,-0.000155042,-1
G034,G020,-0.00015507171,-1
G011,G099,-0.0001551552,-1
G048,G071,-0.00015528794,-1
G039,G037,-0.00015531546,-1
G019,G065,-0.00015533886,-1
G082,G041,-0.00015556725,-1
G027,G014,-0.00015565628,-1
G098,G076,-0.00015567918,-1
G075,G002,-0.0001557014,-1
G099,G059,-0.00015581328,-1
G038,G012,-0.00015583138,-1
G021,G037,-0.00015622658,-1
G086,G093,-0.00015638517,-1
G095,G056,-0.0001563873,-1
G011,G018,-0.0001565678,-1
G007,G072,-0.00015657666,-1
G049,G092,-0.00015662146,-1
G034,G054,-0.00015665965,-1
G037,G070,-0.00015686026,-1
G004,G070,-0.00015694916,-1
G023,G055,-0.0001569901,-1
G062,G044,-0.00015703792,-1
G094,G091,-0.00015705808,-1
G083,G044,-0.00015706172,-1
G049,G031,-0.00015727156,-1
G027,G010,-0.00015734986,-1
G042,G025,-0.00015743819,-1
G045,G091,-0.00015747226,-1
G075,G045,-0.00015749162,-1
G023,G085,-0.00015751779,-1
G067,G049,-0.00015752282,-1
G085,G044,-0.00015757904,-1
G002,G041,-0.00015762285,-1
G014,G039,-0.00015768585,-1
G084,G089,-0.00015780336,-1
G051,G024,-0.0001578569,-1
G059,G062,-0.00015786178,-1
G019,G091,-0.00015788455,-1
G093,G031,-0.00015812524,-1
G021,G028,-0.00015816645,-1
G093,G018,-0.00015819343,-1
G070,G083,-0.00015825774,-1
G099,G071,-0.0001582726,-1
G011,G021,-0.00015827811,-1
G003,G065,-0.00015835096,-1
G100,G068,-0.00015844223,-1
G078,G035,-0.00015845073,-1
G089,G002,-0.0001584514,-1
G076,G031,-0.00015848536,-1
G020,G022,-0.00015849895,-1
G072,G035,-0.00015852251,-1
G097,G094,-0.00015878014,-1
G076,G044,-0.00015884936,-1
G083,G056,-0.0001588909,-1
G017,G040,-0.00015902378,-1
G023,G003,-0.00015902883,-1
G087,G035,-0.00015925082,-1
G066,G005,-0.00015929945,-1
G096,G002,-0.0001593804,-1
G081,G020,-0.00015938141,-1
G048,G039,-0.00015970181,-1
G074,G067,-0.00015981798,-1
G100,G041,-0.0001600839,-1
G062,G100,-0.00016010056,-1
G051,G039,-0.000160102,-1
G075,G044,-0.00016030204,-1
G083,G076,-0.00016052528,-1
G065,G033,-0.00016061253,-1
G077,G097,-0.00016062056,-1
G096,G092,-0.0001606784,-1
G024,G091,-0.00016071544,-1
G043,G015,-0.00016088817,-1
G071,G056,-0.00016098877,-1
G030,G026,-0.00016100402,-1
G086,G054,-0.00016104986,-1
G030,G054,-0.0001610819,-1
G005,G071,-0.00016117154,-1
G012,G005,-0.00016127239,-1
G047,G094,-0.0001613229,-1
G033,G011,-0.00016145036,-1
G096,G039,-0.00016160663,-1
G079,G007,-0.00016178109,-1
G057,G091,-0.00016185555,-1
G087,G044,-0.00016186375,-1
G066,G060,-0.00016194461,-1
G063,G076,-0.00016199671,-1
G082,G096,-0.00016205707,-1
G058,G098,-0.00016217522,-1
G099,G035,-0.00016226486,-1
G098,G095,-0.00016238239,-1
G073,G010,-0.00016251749,-1
G025,G021,-0.00016252763,-1
G026,G008,-0.00016268538,-1
G008,G007,-0.00016297922,-1
G089,G056,-0.00016305446,-1
G078,G031,-0.0001631609,-1
G029,G044,-0.00016321261,-1
G089,G071,-0.00016333099,-1
G051,G083,-0.0001634146,-1
G055,G078,-0.0001634496,-1
G064,G049,-0.00016346904,-1
G024,G044,-0.00016348169,-1
G005,G040,-0.0001635011,-1
G093,G012,-0.0001635697,-1
G071,G049,-0.00016358019,-1
G079,G018,-0.00016381442,-1
G034,G038,-0.00016386068,-1
G079,G072,-0.00016413302,-1
G076,G100,-0.00016413769,-1
G098,G015,-0.00016415647,-1
G035,G001,-0.00016415662,-1
G042,G099,-0.00016419361,-1
G083,G055,-0.00016428942,-1
G047,G042,-0.00016431778,-1
G038,G085,-0.0001644858,-1
G055,G060,-0.00016452395,-1
G071,G067,-0.00016456401,-1
G087,G008,-0.00016461461,-1
G014,G085,-0.00016471423,-1
G022,G009,-0.00016478011,-1
G030,G006,-0.00016493209,-1
G015,G035,-0.00016505297,-1
G067,G005,-0.00016506316,-1
G011,G017,-0.00016510845,-1
G045,G002,-0.00016525571,-1
G066,G010,-0.00016529884,-1
G039,G028,-0.0001654639,-1
G020,G064,-0.00016570551,-1
G093,G070,-0.00016571503,-1
G054,G071,-0.00016583489,-1
G070,G085,-0.00016590494,-1
G072,G063,-0.00016614136,-1
G085,G071,-0.00016618299,-1
G082,G031,-0.0001661999,-1
G004,G007,-0.00016620451,-1
G077,G062,-0.00016623043,-1
G056,G100,-0.00016624741,-1
G047,G020,-0.00016625306,-1
G065,G100,-0.00016641786,-1
G025,G056,-0.00016649823,-1
G034,G081,-0.00016652887,-1
G081,G009,-0.00016669458,-1
G087,G049,-0.00016669472,-1
G019,G081,-0.00016678205,-1
G062,G039,-0.00016678942,-1
G044,G015,-0.00016689344,-1
G062,G045,-0.00016700219,-1
G076,G008,-0.0001670185,-1
G039,G031,-0.000167023,-1
G041,G080,-0.00016710788,-1
G067,G010,-0.00016731172,-1
G098,G049,-0.00016742529,-1
G083,G099,-0.00016748013,-1
G078,G028,-0.00016750082,-1
G066,G015,-0.00016777082,-1
G085,G095,-0.00016778293,-1
G077,G054,-0.00016779444,-1
G096,G073,-0.00016780106,-1
G029,G010,-0.00016797482,-1
G091,G044,-0.000168058,-1
G066,G002,-0.00016816864,-1
G081,G054,-0.00016820383,-1
G066,G062,-0.00016827857,-1
G067,G015,-0.00016848874,-1
G030,G080,-0.00016855843,-1
G056,G037,-0.00016867423,-1
G066,G044,-0.00016887019,-1
G043,G008,-0.00016899414,-1
G058,G052,-0.00016923877,-1
G023,G040,-0.00016924604,-1
G081,G064,-0.00016927897,-1
G091,G095,-0.00016931759,-1
G070,G074,-0.0001693415,-1
G094,G003,-0.00016952457,-1
G035,G043,-0.0001696605,-1
G052,G031,-0.00016986477,-1
G073,G059,-0.00016986934,-1
G064,G091,-0.0001699229,-1
G072,G060,-0.00017010137,-1
G085,G037,-0.0001701883,-1
G058,G040,-0.00017023481,-1
G098,G099,-0.00017032852,-1
G099,G100,-0.00017033801,-1
G083,G012,-0.00017050485,-1
G086,G013,-0.00017073563,-1
G067,G044,-0.00017088256,-1
G076,G020,-0.0001708956,-1
G039,G051,-0.0001709,-1
G025,G044,-0.00017115595,-1
G010,G059,-0.0001712562,-1
G032,G014,-0.0001712786,-1
G086,G003,-0.00017152555,-1
G040,G031,-0.00017158096,-1
G064,G045,-0.00017161231,-1
G056,G045,-0.0001717424,-1
G086,G012,-0.00017180628,-1
G025,G093,-0.00017182001,-1
G060,G095,-0.00017194459,-1
G083,G092,-0.00017220444,-1
G056,G031,-0.00017255105,-1
G008,G083,-0.00017258067,-1
G087,G028,-0.00017259942,-1
G092,G078,-0.00017260363,-1
G050,G008,-0.00017260622,-1
G070,G062,-0.00017263484,-1
G057,G093,-0.00017265638,-1
G025,G048,-0.00017276042,-1
G041,G097,-0.00017278605,-1
G012,G076,-0.00017283623,-1
G094,G007,-0.00017297122,-1
G037,G073,-0.00017304935,-1
G050,G037,-0.00017320678,-1
G072,G085,-0.00017342318,-1
G015,G032,-0.00017347744,-1
G022,G049,-0.00017349179,-1
G052,G044,-0.00017351916,-1
G049,G044,-0.00017365506,-1
G051,G031,-0.00017377135,-1
G008,G037,-0.00017377798,-1
G052,G002,-0.00017378748,-1
G012,G036,-0.00017387468,-1
G038,G039,-0.00017395578,-1
G077,G020,-0.00017407819,-1
G021,G062,-0.00017408216,-1
G047,G019,-0.00017413186,-1
G069,G074,-0.00017426576,-1
G035,G017,-0.00017431861,-1
G059,G099,-0.00017456643,-1
G021,G018,-0.00017458366,-1
G070,G002,-0.00017464391,-1
G010,G064,-0.00017467033,-1
G039,G049,-0.00017467585,-1
G029,G035,-0.00017491727,-1
G060,G035,-0.00017500561,-1
G030,G042,-0.00017508386,-1
G094,G041,-0.00017512964,-1
G020,G071,-0.00017525835,-1
G078,G095,-0.0001752833,-1
G076,G021,-0.00017530164,-1
G080,G070,-0.00017538166,-1
G012,G085,-0.00017545455,-1
G030,G003,-0.000175585,-1
G046,G039,-0.00017569424,-1
G096,G021,-0.0001757269,-1
G058,G049,-0.00017574242,-1
G066,G039,-0.00017583506,-1
G051,G045,-0.00017616124,-1
G003,G088,-0.00017625678,-1
G090,G056,-0.00017628935,-1
G078,G042,-0.00017639542,-1
G077,G039,-0.00017642908,-1
G049,G041,-0.00017654814,-1
G034,G065,-0.00017661772,-1
G065,G044,-0.00017687044,-1
G050,G039,-0.00017689313,-1
G065,G029,-0.00017704723,-1
G084,G003,-0.00017705096,-1
G023,G096,-0.00017717892,-1
G038,G031,-0.00017732255,-1
G070,G047,-0.00017755845,-1
G011,G004,-0.00017755885,-1
G096,G027,-0.00017760746,-1
G088,G019,-0.0001778463,-1
G059,G015,-0.00017799034,-1
G084,G052,-0.00017809721,-1
G066,G018,-0.00017811164,-1
G009,G095,-0.00017814084,-1
G089,G028,-0.00017815597,-1
G056,G049,-0.00017815977,-1
G034,G091,-0.00017831064,-1
G095,G086,-0.0001783507,-1
G064,G095,-0.0001784687,-1
G018,G002,-0.00017847441,-1
G013,G068,-0.00017867344,-1
G087,G037,-0.00017869963,-1
G010,G015,-0.00017891463,-1
G022,G045,-0.00017893703,-1
G066,G027,-0.00017898658,-1
G060,G074,-0.00017901117,-1
G063,G049,-0.0001791923,-1
G087,G047,-0.00017919618,-1
G020,G095,-0.00017920212,-1
G017,G085,-0.00017970399,-1
G077,G087,-0.0001797292,-1
G030,G005,-0.00017973274,-1
G095,G008,-0.00017974117,-1
G038,G029,-0.00017980285,-1
G014,G096,-0.00017982261,-1
G051,G080,-0.00018002746,-1
G083,G085,-0.0001800937,-1
G059,G044,-0.00018025772,-1
G081,G076,-0.00018053573,-1
G002,G084,-0.00018055867,-1
G072,G025,-0.00018077048,-1
G065,G054,-0.00018087267,-1
G080,G089,-0.00018095791,-1
G072,G034,-0.0001809809,-1
G004,G015,-0.00018101987,-1
G039,G085,-0.00018132501,-1
G057,G065,-0.00018146315,-1
G025,G074,-0.0001815714,-1
G063,G059,-0.00018171356,-1
G069,G028,-0.00018184716,-1
G051,G008,-0.00018195035,-1
G060,G085,-0.00018205777,-1
G051,G085,-0.00018206249,-1
G022,G002,-0.0001820979,-1
G067,G047,-0.0001822834,-1
G030,G090,-0.00018233198,-1
G100,G038,-0.00018236056,-1
G028,G002,-0.00018267099,-1
G063,G039,-0.00018269394,-1
G037,G087,-0.0001827404,-1
G058,G020,-0.0001829491,-1
G042,G030,-0.00018323537,-1
G096,G042,-0.00018342312,-1
G081,G047,-0.00018344926,-1
G064,G010,-0.00018357487,-1
G096,G040,-0.00018357538,-1
G052,G010,-0.00018382973,-1
G012,G071,-0.00018385162,-1
G024,G026,-0.00018390077,-1
G062,G031,-0.00018398858,-1
G019,G048,-0.0001841006,-1
G082,G071,-0.00018420348,-1
G021,G091,-0.00018435204,-1
G078,G091,-0.00018442122,-1
G097,G091,-0.00018442518,-1
G042,G035,-0.0001844882,-1
G029,G071,-0.00018461364,-1
G085,G056,-0.00018461933,-1
G069,G064,-0.00018464161,-1
G076,G024,-0.00018470101,-1
G037,G092,-0.00018472831,-1
G004,G020,-0.00018479198,-1
G001,G024,-0.0001848872,-1
G062,G008,-0.00018510087,-1
G015,G037,-0.00018515451,-1
G065,G039,-0.00018517744,-1
G051,G005,-0.0001851994,-1
G052,G037,-0.00018537583,-1
G058,G056,-0.00018543038,-1
G080,G055,-0.00018546171,-1
G009,G027,-0.00018550096,-1
G047,G084,-0.00018559757,-1
G066,G020,-0.00018577966,-1
G017,G027,-0.00018585834,-1
G059,G012,-0.00018599204,-1
G022,G054,-0.00018606732,-1
G025,G061,-0.00018624557,-1
G024,G052,-0.00018631326,-1
G054,G035,-0.00018631897,-1
G034,G100,-0.0001865077,-1
G062,G005,-0.00018657002,-1
G055,G052,-0.00018660186,-1
G084,G055,-0.0001867763,-1
G083,G071,-0.00018680173,-1
G077,G073,-0.00018684917,-1
G065,G015,-0.00018686833,-1
G046,G049,-0.00018695509,-1
G090,G020,-0.00018697248,-1
G004,G056,-0.00018700123,-1
G057,G049,-0.00018700908,-1
G091,G033,-0.00018714287,-1
G033,G043,-0.00018736768,-1
G056,G095,-0.00018739745,-1
G100,G092,-0.00018748427,-1
G030,G031,-0.0001875218,-1
G078,G083,-0.00018780988,-1
G038,G064,-0.000187979,-1
G034,G010,-0.00018809711,-1
G049,G091,-0.00018836548,-1
G065,G064,-0.00018837734,-1
G011,G030,-0.00018838042,-1
G050,G024,-0.00018846024,-1
G098,G052,-0.00018861216,-1
G083,G034,-0.00018869703,-1
G018,G059,-0.00018879128,-1
G085,G031,-0.00018896126,-1
G022,G041,-0.0001890296,-1
G039,G083,-0.00018910014,-1
G072,G050,-0.00018921791,-1
G086,G044,-0.00018926538,-1
G082,G054,-0.00018931359,-1
G042,G029,-0.00018936783,-1
G038,G095,-0.0001893844,-1
G074,G084,-0.00018957065,-1
G096,G010,-0.00018968218,-1
G023,G039,-0.00018980744,-1
G029,G095,-0.000189937,-1
G098,G018,-0.00019005901,-1
G075,G089,-0.00019017397,-1
G072,G071,-0.00019028176,-1
G086,G020,-0.00019071242,-1
G021,G056,-0.00019073657,-1
G052,G022,-0.00019089898,-1
G081,G051,-0.00019096246,-1
G035,G065,-0.00019116026,-1
G005,G006,-0.00019131527,-1
G059,G022,-0.00019135962,-1
G087,G018,-0.00019137406,-1
G056,G020,-0.00019140948,-1
G093,G095,-0.00019141131,-1
G004,G095,-0.00019144006,-1
G061,G060,-0.00019148899,-1
G030,G049,-0.00019151375,-1
G052,G004,-0.00019173774,-1
G037,G040,-0.00019207863,-1
G046,G018,-0.0001923394,-1
G005,G044,-0.00019272351,-1
G054,G074,-0.00019274333,-1
G070,G039,-0.00019293286,-1
G038,G002,-0.0001929645,-1
G087,G039,-0.00019298663,-1
G090,G073,-0.00019310966,-1
G017,G039,-0.00019311545,-1
G011,G008,-0.00019314594,-1
G099,G054,-0.00019330745,-1
G008,G044,-0.00019365737,-1
G048,G044,-0.00019378535,-1
G004,G034,-0.00019383796,-1
G034,G075,-0.00019394448,-1
G002,G022,-0.00019400124,-1
G077,G091,-0.00019428646,-1
G001,G072,-0.00019430161,-1
G057,G032,-0.0001944121,-1
G087,G027,-0.00019446021,-1
G002,G083,-0.00019450528,-1
G069,G095,-0.00019476948,-1
G024,G073,-0.00019484857,-1
G034,G062,-0.00019488073,-1
G093,G049,-0.00019491762,-1
G017,G076,-0.00019492698,-1
G069,G027,-0.00019506835,-1
G096,G074,-0.00019514904,-1
G041,G029,-0.00019515074,-1
G038,G044,-0.00019521188,-1
G017,G059,-0.00019523829,-1
G090,G042,-0.00019530262,-1
G072,G067,-0.00019533318,-1
G071,G029,-0.0001954125,-1
G076,G079,-0.00019555537,-1
G070,G030,-0.00019559814,-1
G002,G037,-0.00019569106,-1
G020,G044,-0.00019572387,-1
G002,G045,-0.00019582393,-1
G058,G054,-0.00019603595,-1
G030,G034,-0.00019627396,-1
G077,G079,-0.00019643076,-1
G084,G073,-0.00019668981,-1
G060,G083,-0.00019674348,-1
G004,G074,-0.0001970401,-1
G010,G031,-0.0001971353,-1
G018,G004,-0.00019713555,-1
G055,G084,-0.00019729466,-1
G093,G050,-0.00019736984,-1
G092,G017,-0.00019775591,-1
G080,G069,-0.00019777223,-1
G066,G056,-0.00019785116,-1
G058,G011,-0.00019787328,-1
G029,G020,-0.00019795302,-1
G004,G054,-0.00019795903,-1
G083,G028,-0.00019797224,-1
G003,G094,-0.00019805245,-1
G007,G032,-0.00019808795,-1
G014,G025,-0.00019809083,-1
G060,G009,-0.00019821756,-1
G042,G002,-0.0001983604,-1
G014,G047,-0.00019840324,-1
G078,G002,-0.00019850848,-1
G067,G071,-0.00019853865,-1
G020,G074,-0.0001985692,-1
G074,G092,-0.00019862567,-1
G037,G027,-0.00019872452,-1
G056,G022,-0.0001988226,-1
G069,G022,-0.0001990078,-1
G096,G024,-0.00019906955,-1
G093,G038,-0.00019911678,-1
G098,G042,-0.00019942678,-1
G063,G041,-0.00019975103,-1
G014,G064,-0.00019980202,-1
G019,G070,-0.0002000322,-1
G090,G007,-0.0002000433,-1
G020,G083,-0.00020007984,-1
G064,G071,-0.00020018853,-1
G047,G092,-0.00020024728,-1
G074,G095,-0.00020042034,-1
G098,G027,-0.00020048417,-1
G015,G098,-0.00020052893,-1
G023,G077,-0.00020057784,-1
G051,G035,-0.00020061588,-1
G052,G041,-0.00020066526,-1
G018,G012,-0.00020073308,-1
G081,G091,-0.00020090169,-1
G014,G082,-0.00020093293,-1
G067,G062,-0.00020127649,-1
G035,G060,-0.00020133346,-1
G068,G098,-0.00020140488,-1
G066,G074,-0.00020148218,-1
G060,G033,-0.00020153218,-1
G038,G049,-0.00020172271,-1
G074,G087,-0.00020173106,-1
G041,G004,-0.00020184813,-1
G086,G062,-0.00020187967,-1
G052,G028,-0.0002019545,-1
G049,G039,-0.00020202725,-1
G099,G041,-0.00020202826,-1
G055,G080,-0.00020205446,-1
G074,G073,-0.00020222194,-1
G074,G045,-0.00020233743,-1
G096,G093,-0.00020240656,-1
G012,G064,-0.00020248999,-1
G033,G069,-0.00020273728,-1
G098,G085,-0.00020283346,-1
G005,G043,-0.00020289871,-1
G038,G045,-0.0002029908,-1
G067,G027,-0.00020301079,-1
G037,G034,-0.00020306557,-1
G070,G024,-0.00020332799,-1
G087,G002,-0.00020333372,-1
G089,G044,-0.00020393473,-1
G071,G047,-0.00020433345,-1
G061,G019,-0.00020437285,-1
G051,G074,-0.00020448497,-1
G011,G076,-0.000204514,-1
G064,G083,-0.00020457259,-1
G058,G007,-0.0002047117,-1
G016,G033,-0.00020475137,-1
G056,G024,-0.00020476163,-1
G011,G044,-0.00020477608,-1
G091,G080,-0.00020478164,-1
G004,G060,-0.00020496894,-1
G082,G007,-0.00020498427,-1
G019,G009,-0.00020507803,-1
G082,G010,-0.00020521141,-1
G017,G091,-0.00020523385,-1
G002,G028,-0.00020525888,-1
G023,G008,-0.00020530175,-1
G072,G012,-0.00020539717,-1
G042,G034,-0.00020548842,-1
G062,G088,-0.00020550383,-1
G062,G083,-0.00020552856,-1
G015,G010,-0.00020563752,-1
G037,G011,-0.00020601106,-1
G056,G019,-0.00020605385,-1
G067,G012,-0.00020606302,-1
G077,G035,-0.00020613142,-1
G048,G034,-0.00020631237,-1
G076,G042,-0.00020638417,-1
G021,G015,-0.00020650857,-1
G100,G076,-0.0002065232,-1
G059,G031,-0.00020653056,-1
G017,G044,-0.0002065578,-1
G050,G093,-0.00020656655,-1
G045,G094,-0.00020660619,-1
G077,G008,-0.00020687029,-1
G016,G026,-0.00020706694,-1
G022,G085,-0.00020707717,-1
G077,G083,-0.0002070925,-1
G080,G006,-0.000207097,-1
G027,G085,-0.00020727592,-1
G095,G016,-0.00020739963,-1
G088,G014,-0.00020757421,-1
G067,G037,-0.00020771445,-1
G009,G031,-0.00020775653,-1
G091,G035,-0.00020817261,-1
G095,G021,-0.00020829293,-1
G079,G044,-0.00020839283,-1
G065,G091,-0.00020843672,-1
G072,G083,-0.00020844479,-1
G075,G015,-0.00020844763,-1
G095,G044,-0.00020861458,-1
G058,G079,-0.00020908074,-1
G044,G049,-0.00020927134,-1
G009,G044,-0.00020930456,-1
G098,G020,-0.00020938636,-1
G085,G015,-0.00020946162,-1
G095,G011,-0.00020948223,-1
G100,G097,-0.00020948319,-1
G045,G073,-0.00020952517,-1
G009,G022,-0.00020971532,-1
G002,G007,-0.00020987475,-1
G044,G064,-0.00020987581,-1
G074,G090,-0.00021005812,-1
G082,G099,-0.0002100795,-1
G080,G025,-0.00021035939,-1
G052,G083,-0.00021040211,-1
G034,G099,-0.0002104737,-1
G038,G047,-0.00021052294,-1
G055,G008,-0.00021069488,-1
G063,G031,-0.00021072598,-1
G036,G022,-0.0002110158,-1
G013,G091,-0.00021127114,-1
G007,G040,-0.00021138813,-1
G072,G032,-0.00021147374,-1
G050,G059,-0.00021150213,-1
G046,G056,-0.0002115531,-1
G044,G031,-0.00021162155,-1
G005,G046,-0.00021169642,-1
G073,G037,-0.0002118681,-1
G023,G044,-0.00021221398,-1
G034,G039,-0.00021225454,-1
G094,G057,-0.00021232181,-1
G022,G050,-0.00021233491,-1
G093,G025,-0.00021250425,-1
G066,G035,-0.00021264477,-1
G057,G047,-0.0002126518,-1
G081,G041,-0.00021278657,-1
G032,G028,-0.00021278892,-1
G020,G035,-0.00021282007,-1
G039,G038,-0.00021287429,-1
G098,G074,-0.00021301101,-1
G089,G035,-0.00021312061,-1
G044,G074,-0.00021318918,-1
G100,G009,-0.00021341724,-1
G074,G042,-0.00021350365,-1
G023,G064,-0.00021353528,-1
G011,G078,-0.00021361263,-1
G070,G018,-0.00021365997,-1
G003,G073,-0.00021370749,-1
G099,G022,-0.00021384291,-1
G011,G023,-0.00021384373,-1
G014,G098,-0.00021396356,-1
G082,G100,-0.00021400185,-1
G047,G059,-0.00021405928,-1
G047,G090,-0.00021421546,-1
G065,G035,-0.00021423634,-1
G051,G028,-0.00021437739,-1
G016,G019,-0.00021439597,-1
G012,G037,-0.0002145583,-1
G004,G027,-0.00021472745,-1
G021,G074,-0.000214888,-1
G087,G071,-0.00021497691,-1
G063,G064,-0.00021503962,-1
G082,G045,-0.00021562057,-1
G051,G022,-0.00021615997,-1
G034,G044,-0.00021621177,-1
G093,G034,-0.00021625032,-1
G084,G001,-0.00021641442,-1
G080,G005,-0.0002165405,-1
G019,G021,-0.00021657866,-1
G099,G020,-0.00021688161,-1
G034,G015,-0.00021691433,-1
G073,G032,-0.00021697934,-1
G081,G029,-0.00021701684,-1
G027,G039,-0.00021703195,-1
G004,G045,-0.00021707731,-1
G076,G062,-0.00021719377,-1
G042,G064,-0.00021722606,-1
G045,G035,-0.00021724257,-1
G041,G011,-0.00021730734,-1
G092,G071,-0.000217406,-1
G077,G088,-0.00021744297,-1
G035,G033,-0.00021747516,-1
G088,G056,-0.0002175825,-1
G092,G048,-0.0002176808,-1
G055,G014,-0.00021769482,-1
G073,G035,-0.0002179391,-1
G029,G072,-0.00021801298,-1
G016,G078,-0.0002180444,-1
G084,G092,-0.00021812449,-1
G009,G059,-0.00021832717,-1
G082,G035,-0.00021840386,-1
G087,G022,-0.0002184228,-1
G030,G071,-0.00021845587,-1
G058,G026,-0.00021846697,-1
G007,G003,-0.00021848916,-1
G033,G082,-0.00021877798,-1
G019,G079,-0.0002188169,-1
G041,G063,-0.00021882377,-1
G024,G048,-0.00021887379,-1
G009,G047,-0.00021901433,-1
G089,G015,-0.00021928306,-1
G051,G091,-0.00021929668,-1
G082,G034,-0.00021934618,-1
G095,G073,-0.000219417,-1
G025,G085,-0.00021942564,-1
G012,G075,-0.00021945698,-1
G079,G048,-0.00021954147,-1
G074,G080,-0.00021959757,-1
G097,G004,-0.00021961448,-1
G087,G015,-0.00021969072,-1
G038,G041,-0.00021994092,-1
G048,G002,-0.0002200342,-1
G100,G087,-0.00022004003,-1
G027,G051,-0.00022019118,-1
G046,G025,-0.00022019226,-1
G086,G002,-0.00022036472,-1
G086,G040,-0.0002204586,-1
G052,G071,-0.0002205555,-1
G083,G049,-0.00022083594,-1
G045,G088,-0.00022107207,-1
G046,G076,-0.0002211635,-1
G034,G070,-0.0002213499,-1
G041,G069,-0.00022137571,-1
G014,G037,-0.00022167455,-1
G093,G009,-0.00022172429,-1
G072,G009,-0.00022178497,-1
G086,G015,-0.00022183772,-1
G099,G042,-0.00022190128,-1
G090,G041,-0.00022192174,-1
G008,G035,-0.00022218948,-1
G022,G091,-0.00022219027,-1
G080,G034,-0.00022240133,-1
G039,G058,-0.0002224617,-1
G067,G064,-0.00022250728,-1
G091,G047,-0.00022259651,-1
G020,G015,-0.00022264042,-1
G091,G083,-0.00022272638,-1
G044,G085,-0.00022280005,-1
G041,G015,-0.000222897,-1
G096,G015,-0.00022303536,-1
G084,G081,-0.00022304292,-1
G020,G091,-0.00022307195,-1
G057,G080,-0.00022322474,-1
G004,G037,-0.00022351791,-1
G069,G071,-0.00022352816,-1
G057,G059,-0.00022355275,-1
G062,G022,-0.00022372266,-1
G070,G035,-0.00022374411,-1
G082,G030,-0.00022386623,-1
G072,G077,-0.00022392707,-1
G047,G079,-0.00022397857,-1
G027,G034,-0.00022419238,-1
G082,G005,-0.00022420447,-1
G048,G064,-0.00022425636,-1
G054,G041,-0.00022434196,-1
G080,G004,-0.00022444499,-1
G023,G047,-0.00022459065,-1
G008,G020,-0.00022460672,-1
G010,G073,-0.00022461625,-1
G082,G037,-0.00022465129,-1
G018,G060,-0.00022474198,-1
G042,G010,-0.00022485344,-1
G066,G041,-0.00022497277,-1
G014,G075,-0.00022522072,-1
G084,G031,-0.0002253063,-1
G082,G095,-0.00022556403,-1
G029,G034,-0.00022561917,-1
G098,G002,-0.00022597439,-1
G079,G060,-0.00022609808,-1
G025,G082,-0.00022625296,-1
G017,G002,-0.00022628394,-1
G073,G022,-0.00022630731,-1
G084,G015,-0.0002263213,-1
G080,G052,-0.00022637082,-1
G071,G064,-0.00022642069,-1
G008,G022,-0.00022646422,-1
G079,G092,-0.000226565,-1
G082,G044,-0.00022663803,-1
G060,G013,-0.00022672275,-1
G093,G011,-0.0002267972,-1
G093,G015,-0.00022701613,-1
G070,G054,-0.00022733753,-1
G056,G041,-0.00022738961,-1
G054,G022,-0.00022739371,-1
G012,G093,-0.0002274856,-1
G048,G059,-0.00022750518,-1
G079,G032,-0.00022759128,-1
G043,G033,-0.00022779201,-1
G019,G010,-0.00022782122,-1
G075,G036,-0.00022785398,-1
G004,G083,-0.00022799803,-1
G064,G087,-0.00022804648,-1
G099,G091,-0.00022820574,-1
G090,G099,-0.00022822329,-1
G098,G045,-0.00022843704,-1
G048,G029,-0.00022862965,-1
G087,G091,-0.00022866111,-1
G090,G037,-0.00022871324,-1
G095,G004,-0.00022872192,-1
G087,G085,-0.00022877344,-1
G021,G071,-0.0002289979,-1
G010,G020,-0.00022906259,-1
G096,G056,-0.00022912856,-1
G030,G095,-0.0002292398,-1
G004,G071,-0.00022944818,-1
G030,G024,-0.00022984104,-1
G012,G044,-0.00022998947,-1
G009,G032,-0.00023002246,-1
G086,G039,-0.00023010845,-1
G074,G070,-0.00023047403,-1
G049,G045,-0.0002305415,-1
G055,G051,-0.0002307335,-1
G033,G065,-0.00023076296,-1
G057,G056,-0.00023080324,-1
G071,G026,-0.00023094112,-1
G066,G042,-0.00023097047,-1
G084,G044,-0.00023100372,-1
G077,G021,-0.00023143589,-1
G048,G041,-0.0002315058,-1
G082,G077,-0.00023152385,-1
G002,G098,-0.00023159168,-1
G022,G034,-0.00023164993,-1
G064,G053,-0.00023182493,-1
G069,G037,-0.0002318966,-1
G077,G075,-0.00023189714,-1
G099,G031,-0.0002322163,-1
G090,G031,-0.00023236436,-1
G071,G087,-0.00023269912,-1
G070,G044,-0.00023272312,-1
G097,G054,-0.00023286736,-1
G041,G091,-0.00023291916,-1
G092,G002,-0.00023321433,-1
G074,G002,-0.00023324846,-1
G082,G090,-0.00023352948,-1
G047,G071,-0.00023353705,-1
G011,G038,-0.0002338455,-1
G067,G039,-0.0002340882,-1
G011,G050,-0.00023441139,-1
G071,G039,-0.00023449598,-1
G015,G059,-0.00023455072,-1
G022,G097,-0.00023459416,-1
G022,G007,-0.00023460528,-1
G085,G035,-0.00023467524,-1
G077,G059,-0.00023475097,-1
G041,G086,-0.00023485838,-1
G042,G022,-0.00023492785,-1
G063,G035,-0.00023501097,-1
G028,G015,-0.00023532762,-1
G072,G049,-0.00023541095,-1
G095,G002,-0.00023570056,-1
G051,G054,-0.00023572167,-1
G089,G091,-0.00023577549,-1
G074,G040,-0.00023587813,-1
G011,G070,-0.0002359751,-1
G074,G033,-0.00023605568,-1
G012,G027,-0.00023607501,-1
G019,G076,-0.00023613113,-1
G004,G093,-0.00023620366,-1
G090,G095,-0.00023641973,-1
G100,G010,-0.00023655563,-1
G034,G027,-0.00023668508,-1
G010,G035,-0.00023674518,-1
G081,G012,-0.00023682015,-1
G012,G074,-0.00023704267,-1
G064,G044,-0.00023723891,-1
G093,G091,-0.0002373083,-1
G007,G073,-0.00023741164,-1
G014,G070,-0.00023742959,-1
G037,G038,-0.00023749289,-1
G070,G010,-0.00023754813,-1
G030,G045,-0.00023790008,-1
G062,G057,-0.0002381495,-1
G024,G057,-0.0002381743,-1
G011,G047,-0.00023836835,-1
G042,G032,-0.00023870297,-1
G036,G035,-0.00023903423,-1
G025,G049,-0.0002391467,-1
G021,G035,-0.00023915991,-1
G015,G052,-0.00023916937,-1
G066,G051,-0.00023923641,-1
G100,G002,-0.00023927315,-1
G073,G095,-0.00023942799,-1
G034,G085,-0.00023949204,-1
G096,G060,-0.00023962792,-1
G086,G035,-0.0002398346,-1
G082,G079,-0.00024026194,-1
G027,G031,-0.00024031123,-1
G065,G031,-0.00024034645,-1
G080,G003,-0.00024041854,-1
G030,G077,-0.00024043681,-1
G089,G059,-0.0002405658,-1
G023,G004,-0.00024067554,-1
G012,G088,-0.00024074141,-1
G084,G010,-0.00024077293,-1
G099,G060,-0.00024084254,-1
G072,G091,-0.00024085744,-1
G089,G075,-0.00024093575,-1
G092,G063,-0.00024095397,-1
G051,G087,-0.00024116154,-1
G097,G018,-0.00024118279,-1
G090,G030,-0.00024120118,-1
G041,G067,-0.00024128951,-1
G087,G074,-0.00024143983,-1
G047,G011,-0.00024150618,-1
G063,G047,-0.0002415721,-1
G090,G034,-0.00024157256,-1
G014,G071,-0.00024162665,-1
G080,G065,-0.00024164167,-1
G014,G020,-0.00024167674,-1
G074,G088,-0.00024189493,-1
G006,G073,-0.00024191751,-1
G091,G028,-0.00024203902,-1
G094,G004,-0.00024230697,-1
G021,G047,-0.00024238879,-1
G051,G064,-0.00024270207,-1
G028,G072,-0.00024297071,-1
G085,G064,-0.00024307589,-1
G083,G029,-0.00024316765,-1
G089,G007,-0.00024321559,-1
G047,G081,-0.00024339733,-1
G052,G061,-0.00024341838,-1
G057,G023,-0.0002434553,-1
G009,G075,-0.00024347303,-1
G070,G012,-0.00024362445,-1
G097,G081,-0.00024377581,-1
G005,G093,-0.0002443468,-1
G022,G037,-0.00024444555,-1
G044,G091,-0.00024449534,-1
G030,G035,-0.0002445751,-1
G004,G091,-0.0002448021,-1
G035,G004,-0.00024481973,-1
G092,G015,-0.00024499375,-1
G035,G015,-0.00024507608,-1
G085,G024,-0.000245131,-1
G017,G049,-0.00024513624,-1
G081,G039,-0.00024524855,-1
G088,G057,-0.00024531872,-1
G017,G056,-0.00024568653,-1
G065,G045,-0.00024573045,-1
G050,G002,-0.00024585053,-1
G037,G056,-0.00024594128,-1
G017,G095,-0.0002459531,-1
G048,G037,-0.00024595912,-1
G004,G002,-0.0002459753,-1
G094,G071,-0.0002459937,-1
G011,G005,-0.00024604864,-1
G082,G012,-0.0002462539,-1
G050,G031,-0.00024629929,-1
G072,G042,-0.00024637746,-1
G090,G002,-0.00024643342,-1
G062,G042,-0.00024643927,-1
G055,G011,-0.00024692208,-1
G038,G035,-0.00024693453,-1
G077,G029,-0.00024722653,-1
G068,G002,-0.000247296,-1
G017,G037,-0.0002473399,-1
G040,G028,-0.00024734714,-1
G028,G003,-0.0002475946,-1
G029,G054,-0.00024812898,-1
G084,G083,-0.00024865897,-1
G015,G007,-0.00024878126,-1
G023,G093,-0.00024896886,-1
G033,G077,-0.00024905035,-1
G065,G022,-0.0002490551,-1
G027,G060,-0.00024915705,-1
G063,G075,-0.00024918074,-1
G028,G017,-0.00024919523,-1
G011,G042,-0.0002492936,-1
G054,G024,-0.00024931596,-1
G017,G064,-0.0002493186,-1
G018,G032,-0.00024942236,-1
G054,G075,-0.00024993793,-1
G035,G040,-0.00025002964,-1
G057,G097,-0.00025006646,-1
G006,G086,-0.00025018776,-1
G050,G041,-0.00025030517,-1
G036,G098,-0.00025031331,-1
G100,G014,-0.00025041247,-1
G004,G031,-0.00025075345,-1
G062,G071,-0.00025077813,-1
G100,G001,-0.00025084728,-1
G076,G005,-0.00025118768,-1
G085,G002,-0.00025122444,-1
G011,G045,-0.00025126338,-1
G016,G091,-0.00025127607,-1
G060,G032,-0.00025143768,-1
G052,G035,-0.00025150663,-1
G028,G095,-0.00025158984,-1
G081,G035,-0.0002516783,-1
G036,G071,-0.0002517631,-1
G091,G056,-0.0002521448,-1
G074,G035,-0.00025215824,-1
G082,G087,-0.0002521648,-1
G083,G095,-0.00025225023,-1
G079,G091,-0.00025225713,-1
G015,G062,-0.00025248752,-1
G096,G012,-0.00025329084,-1
G030,G062,-0.00025334893,-1
G040,G014,-0.00025341715,-1
G049,G071,-0.00025344203,-1
G023,G075,-0.00025359337,-1
G005,G095,-0.00025370825,-1
G092,G044,-0.00025388267,-1
G041,G012,-0.0002540861,-1
G082,G009,-0.00025418354,-1
G041,G021,-0.00025426448,-1
G039,G029,-0.0002545224,-1
G029,G033,-0.00025453116,-1
G050,G098,-0.00025454548,-1
G051,G049,-0.0002545775,-1
G042,G046,-0.00025466876,-1
G045,G072,-0.00025497936,-1
G039,G042,-0.00025506713,-1
G058,G066,-0.00025529988,-1
G098,G010,-0.00025538148,-1
G086,G007,-0.00025547054,-1
G040,G019,-0.0002556766,-1
G086,G041,-0.00025572817,-1
G008,G085,-0.0002558964,-1
G100,G045,-0.0002559341,-1
G010,G041,-0.0002559695,-1
G058,G022,-0.00025656197,-1
G068,G016,-0.00025669794,-1
G050,G022,-0.00025672434,-1
G065,G002,-0.00025680143,-1
G063,G012,-0.00025681703,-1
G067,G041,-0.00025713877,-1
G084,G008,-0.00025717382,-1
G087,G012,-0.00025741587,-1
G037,G015,-0.00025757853,-1
G027,G066,-0.00025764003,-1
G051,G055,-0.0002580232,-1
G072,G044,-0.00025807176,-1
G093,G074,-0.0002582441,-1
G096,G014,-0.00025830267,-1
G048,G007,-0.00025873593,-1
G054,G002,-0.00025881585,-1
G064,G047,-0.00025882808,-1
G073,G041,-0.0002590141,-1
G047,G012,-0.00025933495,-1
G030,G074,-0.00025946833,-1
G100,G029,-0.00025949185,-1
G006,G065,-0.00026018504,-1
G067,G007,-0.0002601967,-1
G084,G079,-0.00026023845,-1
G006,G020,-0.0002602638,-1
G023,G070,-0.00026026898,-1
G067,G091,-0.0002604713,-1
G035,G020,-0.00026055603,-1
G017,G071,-0.00026058115,-1
G005,G032,-0.0002606104,-1
G024,G067,-0.00026072352,-1
G029,G085,-0.00026088566,-1
G030,G028,-0.0002609349,-1
G086,G047,-0.0002609358,-1
G081,G015,-0.0002612744,-1
G098,G091,-0.00026144984,-1
G071,G031,-0.0002614642,-1
G059,G041,-0.00026188488,-1
G034,G012,-0.00026197036,-1
G010,G091,-0.00026198348,-1
G028,G068,-0.0002620919,-1
G096,G045,-0.00026224102,-1
G028,G066,-0.0002623578,-1
G024,G090,-0.00026239158,-1
G037,G010,-0.00026263326,-1
G097,G059,-0.00026268518,-1
G010,G098,-0.00026269615,-1
G066,G024,-0.00026277325,-1
G042,G098,-0.00026278483,-1
G075,G031,-0.0002628729,-1
G048,G062,-0.00026303084,-1
G097,G083,-0.00026338003,-1
G079,G088,-0.00026358047,-1
G046,G071,-0.00026358064,-1
G094,G087,-0.0002637345,-1
G063,G091,-0.00026387695,-1
G065,G007,-0.0002638911,-1
G013,G044,-0.00026400556,-1
G052,G024,-0.00026414302,-1
G084,G036,-0.00026422177,-1
G096,G064,-0.0002643628,-1
G037,G047,-0.0002644403,-1
G022,G042,-0.0002650712,-1
G082,G002,-0.00026512615,-1
G071,G041,-0.00026624362,-1
G074,G010,-0.00026673605,-1
G041,G010,-0.00026690005,-1
G011,G007,-0.00026702334,-1
G095,G057,-0.00026705064,-1
G074,G017,-0.00026709944,-1
G006,G048,-0.00026740032,-1
G094,G029,-0.00026763792,-1
G086,G022,-0.00026770245,-1
G011,G090,-0.0002678801,-1
G038,G091,-0.00026794308,-1
G091,G004,-0.00026803382,-1
G051,G027,-0.00026816138,-1
G014,G091,-0.0002681669,-1
G093,G024,-0.0002683538,-1
G037,G100,-0.0002683543,-1
G095,G071,-0.00026835705,-1
G039,G072,-0.00026896838,-1
G094,G044,-0.00026901183,-1
G074,G063,-0.00026918686,-1
G076,G083,-0.0002692828,-1
G100,G071,-0.00026951337,-1
G052,G007,-0.00026971655,-1
G018,G010,-0.0002698555,-1
G100,G023,-0.0002703257,-1
G058,G059,-0.00027032956,-1
G020,G007,-0.00027053925,-1
G030,G056,-0.00027116504,-1
G024,G074,-0.00027128286,-1
G005,G070,-0.00027128597,-1
G060,G064,-0.00027166185,-1
G021,G007,-0.00027175547,-1
G096,G049,-0.00027196217,-1
G077,G027,-0.00027197835,-1
G016,G015,-0.0002721364,-1
G085,G083,-0.0002721763,-1
G011,G015,-0.00027239358,-1
G086,G075,-0.00027262885,-1
G048,G091,-0.0002731277,-1
G002,G020,-0.0002735146,-1
G030,G064,-0.00027354763,-1
G039,G021,-0.00027377272,-1
G015,G028,-0.00027389603,-1
G029,G047,-0.00027393678,-1
G017,G074,-0.00027403017,-1
G098,G031,-0.00027413748,-1
G055,G069,-0.0002742265,-1
G086,G091,-0.00027424667,-1
G005,G042,-0.00027427234,-1
G084,G011,-0.00027431842,-1
G076,G002,-0.0002747423,-1
G099,G009,-0.00027476694,-1
G081,G083,-0.00027494924,-1
G098,G013,-0.00027512028,-1
G087,G092,-0.00027517133,-1
G068,G097,-0.00027538053,-1
G003,G075,-0.00027538062,-1
G072,G010,-0.00027553664,-1
G006,G071,-0.00027568822,-1
G019,G099,-0.00027573245,-1
G092,G033,-0.00027606473,-1
G008,G071,-0.00027623988,-1
G017,G018,-0.00027635132,-1
G080,G020,-0.00027648086,-1
G002,G031,-0.00027671427,-1
G078,G098,-0.00027678334,-1
G072,G095,-0.00027694454,-1
G045,G037,-0.00027697993,-1
G092,G009,-0.0002774652,-1
G074,G007,-0.0002775366,-1
G078,G010,-0.0002776225,-1
G067,G035,-0.00027770334,-1
G027,G012,-0.00027783273,-1
G086,G083,-0.0002778339,-1
G079,G057,-0.00027793663,-1
G073,G099,-0.0002782468,-1
G092,G042,-0.00027826996,-1
G058,G057,-0.00027849496,-1
G033,G093,-0.0002786131,-1
G074,G083,-0.00027865605,-1
G026,G053,-0.0002786592,-1
G015,G071,-0.00027869528,-1
G027,G035,-0.0002788647,-1
G074,G021,-0.00027897567,-1
G034,G095,-0.00027905047,-1
G019,G018,-0.00027931386,-1
G100,G049,-0.00027996703,-1
G095,G029,-0.00028034236,-1
G019,G080,-0.00028052018,-1
G029,G037,-0.00028073956,-1
G079,G036,-0.00028116602,-1
G100,G064,-0.00028120974,-1
G063,G022,-0.00028155072,-1
G004,G010,-0.00028171946,-1
G088,G003,-0.0002817224,-1
G070,G027,-0.00028190142,-1
G057,G090,-0.00028192627,-1
G070,G071,-0.0002819731,-1
G037,G095,-0.00028227913,-1
G025,G045,-0.00028244406,-1
G077,G064,-0.00028249453,-1
G009,G054,-0.0002825385,-1
G057,G038,-0.00028255736,-1
G025,G052,-0.00028266694,-1
G092,G004,-0.00028293382,-1
G032,G056,-0.00028293693,-1
G057,G076,-0.00028363304,-1
G090,G024,-0.00028374506,-1
G011,G035,-0.00028402204,-1
G037,G013,-0.00028410254,-1
G009,G091,-0.00028429658,-1
G076,G007,-0.00028435784,-1
G025,G035,-0.00028441934,-1
G034,G007,-0.00028448112,-1
G034,G035,-0.00028454344,-1
G083,G064,-0.00028462068,-1
G068,G095,-0.00028475787,-1
G086,G024,-0.00028481093,-1
G006,G087,-0.00028488445,-1
G100,G034,-0.00028499606,-1
G035,G029,-0.00028506984,-1
G073,G042,-0.00028514306,-1
G079,G068,-0.00028523087,-1
G045,G021,-0.00028545535,-1
G042,G076,-0.00028550313,-1
G012,G034,-0.00028560177,-1
G050,G013,-0.00028561955,-1
G043,G019,-0.00028564373,-1
G027,G050,-0.00028564502,-1
G076,G041,-0.00028573736,-1
G036,G072,-0.0002858363,-1
G018,G077,-0.0002860005,-1
G076,G027,-0.00028641423,-1
G011,G039,-0.0002864232,-1
G057,G034,-0.00028649054,-1
G021,G022,-0.00028678472,-1
G017,G035,-0.0002869362,-1
G060,G029,-0.0002869426,-1
G037,G020,-0.0002869611,-1
G080,G012,-0.00028720254,-1
G038,G022,-0.00028721246,-1
G098,G054,-0.0002873952,-1
G021,G041,-0.00028749718,-1
G049,G037,-0.00028760935,-1
G058,G070,-0.0002876594,-1
G024,G061,-0.0002877185,-1
G038,G037,-0.00028780827,-1
G002,G059,-0.00028790464,-1
G080,G010,-0.00028793214,-1
G086,G027,-0.00028848805,-1
G058,G085,-0.00028863217,-1
G047,G070,-0.00028866075,-1
G100,G012,-0.0002888674,-1
G033,G004,-0.000288871,-1
G081,G062,-0.00028906463,-1
G035,G005,-0.00028906556,-1
G014,G011,-0.00028914915,-1
G035,G007,-0.00028951504,-1
G004,G035,-0.0002898272,-1
G062,G007,-0.00029070102,-1
G047,G099,-0.00029084456,-1
G093,G067,-0.00029113513,-1
G054,G042,-0.00029122736,-1
G029,G032,-0.00029135944,-1
G099,G095,-0.0002913628,-1
G034,G074,-0.0002914344,-1
G077,G068,-0.00029159946,-1
G039,G054,-0.0002917103,-1
G022,G030,-0.00029171433,-1
G023,G041,-0.00029180924,-1
G059,G027,-0.0002922847,-1
G006,G055,-0.00029238476,-1
G011,G012,-0.00029248756,-1
G033,G015,-0.0002925055,-1
G009,G024,-0.00029259958,-1
G077,G031,-0.00029297368,-1
G057,G063,-0.0002931288,-1
G072,G081,-0.00029314015,-1
G083,G045,-0.00029316702,-1
G066,G083,-0.00029320928,-1
G008,G006,-0.00029323765,-1
G090,G059,-0.0002935595,-1
G011,G085,-0.0002935952,-1
G094,G066,-0.00029396944,-1
G027,G042,-0.0002940513,-1
G058,G004,-0.00029420183,-1
G011,G056,-0.00029423233,-1
G039,G012,-0.00029426505,-1
G069,G035,-0.00029457203,-1
G043,G028,-0.00029457337,-1
G057,G037,-0.00029457695,-1
G066,G059,-0.00029458167,-1
G092,G028,-0.0002946188,-1
G089,G083,-0.00029462442,-1
G090,G083,-0.0002947716,-1
G059,G049,-0.0002949401,-1
G078,G059,-0.00029539928,-1
G013,G055,-0.00029553485,-1
G057,G002,-0.00029569937,-1
G038,G071,-0.00029587504,-1
G072,G100,-0.00029625595,-1
G035,G021,-0.0002963058,-1
G018,G016,-0.00029658835,-1
G007,G037,-0.0002967296,-1
G096,G091,-0.00029711708,-1
G064,G085,-0.00029721015,-1
G035,G086,-0.00029732674,-1
G067,G045,-0.00029735419,-1
G076,G035,-0.00029766667,-1
G039,G076,-0.00029800305,-1
G098,G071,-0.00029815186,-1
G028,G052,-0.00029815256,-1
G067,G002,-0.0002984632,-1
G095,G030,-0.0002986958,-1
G074,G076,-0.0002989446,-1
G011,G020,-0.00029908543,-1
G035,G010,-0.0002993524,-1
G047,G016,-0.00029944576,-1
G059,G050,-0.0002995583,-1
G057,G041,-0.00029967964,-1
G093,G021,-0.00030000095,-1
G006,G074,-0.00030015918,-1
G081,G022,-0.00030024335,-1
G029,G091,-0.0003009632,-1
G097,G074,-0.00030100255,-1
G011,G002,-0.00030100343,-1
G016,G089,-0.00030123032,-1
G046,G040,-0.00030165527,-1
G003,G023,-0.00030225024,-1
G012,G029,-0.00030259357,-1
G003,G069,-0.0003026299,-1
G056,G035,-0.0003028451,-1
G035,G091,-0.00030293717,-1
G063,G007,-0.00030365714,-1
G022,G024,-0.00030394236,-1
G074,G041,-0.0003040157,-1
G054,G047,-0.00030404583,-1
G097,G078,-0.00030416882,-1
G014,G022,-0.0003042546,-1
G011,G087,-0.00030442068,-1
G046,G064,-0.0003044838,-1
G045,G065,-0.00030449932,-1
G064,G037,-0.00030496067,-1
G021,G059,-0.00030540387,-1
G071,G024,-0.00030610693,-1
G017,G047,-0.0003063406,-1
G091,G037,-0.0003063884,-1
G090,G044,-0.00030645923,-1
G093,G051,-0.0003064706,-1
G078,G068,-0.00030679294,-1
G082,G040,-0.00030696558,-1
G034,G037,-0.00030725758,-1
G044,G029,-0.00030728168,-1
G048,G095,-0.0003076256,-1
G031,G088,-0.0003076884,-1
G011,G027,-0.00030774123,-1
G070,G032,-0.00030812068,-1
G008,G002,-0.0003081296,-1
G037,G049,-0.00030813715,-1
G043,G060,-0.00030856652,-1
G019,G041,-0.00030917028,-1
G033,G067,-0.0003092161,-1
G042,G091,-0.0003094081,-1
G029,G039,-0.00030956775,-1
G094,G026,-0.00030959598,-1
G047,G056,-0.00030960306,-1
G074,G020,-0.00031003027,-1
G017,G022,-0.00031011473,-1
G100,G093,-0.000310273,-1
G077,G089,-0.00031093677,-1
G019,G082,-0.00031096465,-1
G057,G071,-0.00031117993,-1
G057,G081,-0.00031135778,-1
G080,G049,-0.00031140467,-1
G074,G044,-0.00031150976,-1
G027,G022,-0.0003119636,-1
G096,G075,-0.00031202994,-1
G065,G071,-0.00031221984,-1
G065,G028,-0.00031234327,-1
G008,G059,-0.0003126442,-1
G037,G041,-0.0003127181,-1
G080,G045,-0.00031287142,-1
G086,G064,-0.00031372078,-1
G084,G004,-0.00031383743,-1
G093,G013,-0.00031404576,-1
G074,G077,-0.0003142344,-1
G038,G024,-0.00031458098,-1
G090,G010,-0.00031460336,-1
G001,G022,-0.000314649,-1
G060,G047,-0.00031479818,-1
G093,G040,-0.00031492108,-1
G083,G050,-0.00031532286,-1
G079,G015,-0.00031541692,-1
G005,G037,-0.00031600884,-1
G041,G087,-0.00031601742,-1
G037,G099,-0.0003161076,-1
G090,G045,-0.0003161482,-1
G058,G039,-0.00031655145,-1
G041,G038,-0.00031673224,-1
G049,G035,-0.00031676967,-1
G068,G058,-0.00031678233,-1
G086,G071,-0.00031683553,-1
G030,G044,-0.0003168938,-1
G060,G059,-0.00031734485,-1
G082,G083,-0.00031766057,-1
G016,G073,-0.00031774055,-1
G035,G011,-0.00031778487,-1
G080,G097,-0.00031781557,-1
G061,G006,-0.00031788473,-1
G064,G054,-0.00031805644,-1
G033,G021,-0.0003180837,-1
G079,G056,-0.00031841476,-1
G019,G085,-0.0003187748,-1
G072,G087,-0.0003188552,-1
G063,G071,-0.00031896745,-1
G100,G042,-0.00031905892,-1
G034,G083,-0.00031913992,-1
G077,G015,-0.0003195323,-1
G035,G038,-0.00031960238,-1
G075,G060,-0.00031976154,-1
G058,G090,-0.00031986932,-1
G070,G034,-0.00032019045,-1
G077,G012,-0.00032021556,-1
G059,G035,-0.00032029956,-1
G100,G015,-0.00032036362,-1
G090,G087,-0.00032038253,-1
G077,G071,-0.00032042104,-1
G044,G045,-0.00032058326,-1
G030,G037,-0.00032065544,-1
G080,G054,-0.00032104185,-1
G029,G009,-0.00032105308,-1
G021,G083,-0.0003211327,-1
G052,G015,-0.0003214085,-1
G048,G035,-0.00032155303,-1
G064,G030,-0.000321743,-1
G080,G087,-0.00032190018,-1
G058,G005,-0.00032219078,-1
G038,G083,-0.0003224308,-1
G002,G024,-0.0003228323,-1
G014,G099,-0.0003229486,-1
G057,G040,-0.00032302618,-1
G077,G063,-0.00032304283,-1
G016,G002,-0.00032391585,-1
G003,G095,-0.00032393748,-1
G077,G076,-0.00032440916,-1
G079,G061,-0.00032465465,-1
G011,G034,-0.00032467785,-1
G072,G041,-0.00032469773,-1
G072,G021,-0.00032489927,-1
G085,G041,-0.0003249468,-1
G092,G079,-0.00032496414,-1
G060,G042,-0.00032496723,-1
G025,G032,-0.00032520393,-1
G079,G080,-0.00032527174,-1
G011,G083,-0.00032537937,-1
G091,G070,-0.00032553825,-1
G034,G042,-0.0003257082,-1
G074,G009,-0.0003260958,-1
G035,G063,-0.00032648628,-1
G065,G027,-0.00032658118,-1
G029,G041,-0.00032659736,-1
G039,G035,-0.00032680779,-1
G035,G088,-0.00032683427,-1
G070,G042,-0.00032685694,-1
G012,G059,-0.00032719917,-1
G073,G098,-0.00032737933,-1
G072,G054,-0.00032762936,-1
G084,G080,-0.0003294928,-1
G027,G044,-0.0003306957,-1
G084,G060,-0.0003308413,-1
G097,G072,-0.00033123067,-1
G080,G021,-0.00033135037,-1
G072,G059,-0.0003314351,-1
G055,G088,-0.0003314762,-1
G034,G071,-0.00033199834,-1
G078,G022,-0.00033216944,-1
G004,G044,-0.00033257864,-1
G090,G035,-0.00033258792,-1
G100,G047,-0.00033262535,-1
G039,G034,-0.00033262756,-1
G057,G077,-0.00033278277,-1
G047,G034,-0.00033311057,-1
G095,G075,-0.0003331141,-1
G032,G091,-0.00033349814,-1
G072,G016,-0.00033352754,-1
G027,G077,-0.0003336444,-1
G029,G098,-0.00033386366,-1
G030,G032,-0.00033422385,-1
G061,G048,-0.0003342503,-1
G019,G071,-0.00033435095,-1
G028,G074,-0.00033455252,-1
G097,G023,-0.0003348914,-1
G062,G032,-0.00033533247,-1
G013,G031,-0.00033547956,-1
G023,G024,-0.00033594947,-1
G023,G028,-0.00033596027,-1
G099,G032,-0.0003359736,-1
G065,G024,-0.00033597447,-1
G037,G074,-0.00033635442,-1
G084,G071,-0.00033658725,-1
G052,G047,-0.00033671912,-1
G019,G044,-0.00033678836,-1
G058,G062,-0.00033686255,-1
G070,G037,-0.00033729948,-1
G097,G065,-0.00033744008,-1
G052,G060,-0.00033763022,-1
G003,G098,-0.00033768066,-1
G033,G003,-0.00033793613,-1
G063,G083,-0.00033855278,-1
G039,G010,-0.00033863875,-1
G074,G062,-0.0003386602,-1
G019,G086,-0.00033892356,-1
G030,G076,-0.0003393627,-1
G008,G032,-0.00033954575,-1
G022,G098,-0.0003397013,-1
G030,G087,-0.00033989895,-1
G004,G024,-0.00034012567,-1
G058,G017,-0.00034059395,-1
G082,G032,-0.00034073825,-1
G083,G035,-0.00034075242,-1
G063,G024,-0.0003410048,-1
G059,G037,-0.00034105484,-1
G059,G076,-0.00034126666,-1
G034,G064,-0.00034143834,-1
G087,G056,-0.0003415156,-1
G069,G007,-0.00034172827,-1
G037,G045,-0.000341917,-1
G053,G031,-0.00034206436,-1
G100,G032,-0.00034224108,-1
G006,G056,-0.00034227074,-1
G065,G032,-0.0003427551,-1
G076,G049,-0.00034354453,-1
G058,G038,-0.00034355052,-1
G084,G032,-0.00034358984,-1
G062,G027,-0.00034367884,-1
G035,G002,-0.00034374924,-1
G020,G024,-0.00034384822,-1
G006,G040,-0.00034409508,-1
G056,G047,-0.00034451665,-1
G094,G073,-0.0003445323,-1
G041,G081,-0.00034456654,-1
G044,G060,-0.0003453335,-1
G047,G007,-0.00034593436,-1
G055,G028,-0.00034595904,-1
G033,G035,-0.0003462844,-1
G046,G059,-0.00034630424,-1
G027,G037,-0.00034630756,-1
G087,G083,-0.00034642208,-1
G035,G012,-0.0003467734,-1
G054,G083,-0.00034711533,-1
G084,G024,-0.00034715794,-1
G080,G095,-0.0003474751,-1
G025,G037,-0.00034764627,-1
G058,G021,-0.00034778725,-1
G082,G024,-0.00034820885,-1
G064,G042,-0.00034845682,-1
G089,G010,-0.0003484695,-1
G022,G059,-0.0003487708,-1
G087,G059,-0.00034896244,-1
G044,G093,-0.00034911526,-1
G056,G050,-0.0003497296,-1
G004,G022,-0.0003498363,-1
G083,G022,-0.0003501355,-1
G077,G002,-0.00035036524,-1
G017,G083,-0.00035077438,-1
G027,G041,-0.0003511212,-1
G003,G080,-0.00035166548,-1
G028,G037,-0.0003518746,-1
G037,G091,-0.00035201904,-1
G057,G026,-0.00035229034,-1
G100,G022,-0.00035269363,-1
G093,G044,-0.0003532133,-1
G070,G075,-0.0003534419,-1
G006,G092,-0.00035382697,-1
G055,G091,-0.00035387947,-1
G068,G022,-0.00035398427,-1
G092,G021,-0.00035414213,-1
G014,G016,-0.00035417557,-1
G092,G058,-0.00035440893,-1
G038,G007,-0.000354438,-1
G011,G091,-0.00035453643,-1
G011,G049,-0.00035478157,-1
G093,G035,-0.00035486955,-1
G035,G074,-0.00035516018,-1
G009,G039,-0.00035538073,-1
G100,G035,-0.00035585577,-1
G100,G017,-0.00035625746,-1
G019,G092,-0.00035641887,-1
G012,G035,-0.00035648228,-1
G092,G007,-0.00035650068,-1
G045,G040,-0.00035655996,-1
G038,G059,-0.00035681098,-1
G070,G059,-0.0003569146,-1
G033,G038,-0.000357142,-1
G048,G047,-0.00035734478,-1
G024,G016,-0.00035771495,-1
G025,G071,-0.00035805634,-1
G066,G032,-0.00035815363,-1
G079,G026,-0.0003581863,-1
G097,G015,-0.00035837365,-1
G035,G080,-0.00035839126,-1
G003,G047,-0.00035850573,-1
G098,G024,-0.00035854656,-1
G046,G020,-0.0003589311,-1
G060,G039,-0.00035901717,-1
G045,G067,-0.00035907267,-1
G094,G060,-0.00035928056,-1
G001,G002,-0.00035935408,-1
G045,G005,-0.0003594223,-1
G024,G065,-0.00035967023,-1
G011,G054,-0.0003599598,-1
G082,G085,-0.00036020315,-1
G057,G021,-0.00036079297,-1
G029,G100,-0.0003608671,-1
G014,G002,-0.00036089952,-1
G079,G052,-0.00036107513,-1
G085,G007,-0.0003611906,-1
G003,G055,-0.00036131087,-1
G023,G005,-0.00036138852,-1
G067,G059,-0.00036176815,-1
G046,G074,-0.00036201184,-1
G019,G039,-0.0003622104,-1
G067,G022,-0.00036274068,-1
G090,G071,-0.0003627957,-1
G064,G024,-0.00036400894,-1
G015,G044,-0.00036410382,-1
G005,G098,-0.00036481564,-1
G057,G067,-0.0003657826,-1
G086,G059,-0.0003658462,-1
G033,G034,-0.0003658492,-1
G013,G006,-0.00036633736,-1
G047,G067,-0.00036639156,-1
G023,G100,-0.00036641213,-1
G095,G052,-0.0003665389,-1
G011,G022,-0.00036676961,-1
G055,G092,-0.0003672524,-1
G067,G031,-0.00036730425,-1
G098,G064,-0.00036796564,-1
G079,G089,-0.00036810804,-1
G025,G059,-0.00036811922,-1
G071,G045,-0.00036817728,-1
G050,G012,-0.0003682277,-1
G046,G050,-0.0003684317,-1
G045,G069,-0.00036860464,-1
G037,G012,-0.00036863628,-1
G071,G059,-0.0003686915,-1
G093,G085,-0.0003687185,-1
G089,G021,-0.00036877123,-1
G012,G031,-0.00036917484,-1
G081,G095,-0.00036922065,-1
G023,G076,-0.00036929123,-1
G011,G037,-0.00036941373,-1
G094,G097,-0.0003696856,-1
G004,G047,-0.00037015165,-1
G094,G074,-0.00037126348,-1
G016,G025,-0.0003713888,-1
G094,G023,-0.00037161127,-1
G057,G085,-0.00037244946,-1
G016,G055,-0.00037257344,-1
G074,G015,-0.00037298663,-1
G092,G038,-0.00037309487,-1
G033,G063,-0.00037421516,-1
G093,G077,-0.00037456263,-1
G095,G060,-0.00037487672,-1
G044,G024,-0.00037496057,-1
G080,G047,-0.0003751606,-1
G020,G059,-0.00037521156,-1
G041,G023,-0.00037522122,-1
G043,G032,-0.00037533452,-1
G090,G064,-0.00037548936,-1
G061,G078,-0.00037561997,-1
G003,G001,-0.00037601363,-1
G080,G067,-0.00037619483,-1
G035,G042,-0.00037625767,-1
G055,G065,-0.00037644253,-1
G054,G059,-0.00037661937,-1
G052,G098,-0.00037690156,-1
G025,G022,-0.00037702327,-1
G093,G055,-0.00037707476,-1
G047,G093,-0.0003775922,-1
G046,G091,-0.00037822872,-1
G072,G090,-0.00037827084,-1
G027,G045,-0.00037837855,-1
G048,G022,-0.00037854197,-1
G096,G037,-0.0003785521,-1
G092,G023,-0.00037863207,-1
G090,G022,-0.00037867404,-1
G022,G083,-0.00037875134,-1
G089,G032,-0.00037907035,-1
G023,G066,-0.00037922405,-1
G080,G074,-0.0003797014,-1
G019,G016,-0.00037987862,-1
G080,G056,-0.00037988462,-1
G076,G064,-0.00038005903,-1
G043,G020,-0.00038010054,-1
G028,G082,-0.00038010874,-1
G100,G052,-0.00038037088,-1
G096,G085,-0.00038047993,-1
G047,G095,-0.00038065098,-1
G025,G057,-0.00038091754,-1
G093,G045,-0.00038139874,-1
G092,G005,-0.00038155544,-1
G058,G083,-0.0003821293,-1
G080,G062,-0.00038217363,-1
G011,G088,-0.00038272125,-1
G021,G032,-0.0003828718,-1
G012,G041,-0.0003831227,-1
G084,G054,-0.00038353394,-1
G067,G083,-0.00038388828,-1
G037,G035,-0.00038409812,-1
G095,G038,-0.00038424332,-1
G016,G003,-0.00038446955,-1
G016,G030,-0.00038454472,-1
G023,G032,-0.00038459772,-1
G005,G082,-0.0003848812,-1
G083,G041,-0.00038495765,-1
G070,G033,-0.00038519443,-1
G047,G086,-0.00038524452,-1
G011,G062,-0.00038565786,-1
G099,G098,-0.0003858692,-1
G041,G093,-0.0003861467,-1
G037,G085,-0.0003862013,-1
G069,G032,-0.00038643417,-1
G017,G098,-0.00038658225,-1
G032,G089,-0.0003867133,-1
G043,G094,-0.00038674803,-1
G074,G085,-0.00038696107,-1
G018,G038,-0.00038710813,-1
G055,G041,-0.00038730074,-1
G064,G022,-0.00038735603,-1
G063,G032,-0.0003873983,-1
G095,G005,-0.00038748904,-1
G065,G037,-0.00038795796,-1
G057,G084,-0.0003880064,-1
G064,G082,-0.0003881509,-1
G033,G087,-0.00038820133,-1
G041,G070,-0.0003883329,-1
G037,G029,-0.00038883078,-1
G073,G083,-0.00038893204,-1
G019,G046,-0.00038896233,-1
G071,G035,-0.00039008525,-1
G097,G049,-0.00039017177,-1
G043,G018,-0.0003903166,-1
G035,G095,-0.00039034343,-1
G057,G020,-0.0003905973,-1
G049,G083,-0.00039124757,-1
G085,G059,-0.00039149952,-1
G055,G015,-0.0003916934,-1
G062,G024,-0.00039214842,-1
G037,G059,-0.00039215127,-1
G051,G001,-0.0003922325,-1
G080,G044,-0.0003923803,-1
G072,G022,-0.0003932438,-1
G011,G074,-0.00039358842,-1
G037,G076,-0.0003937209,-1
G006,G004,-0.00039427856,-1
G044,G041,-0.0003953036,-1
G057,G029,-0.00039537714,-1
G043,G002,-0.00039580266,-1
G056,G015,-0.00039591847,-1
G072,G076,-0.00039601262,-1
G096,G087,-0.00039602484,-1
G003,G072,-0.00039679284,-1
G013,G045,-0.0003969004,-1
G002,G001,-0.0003969216,-1
G018,G044,-0.00039722826,-1
G080,G035,-0.00039803726,-1
G095,G061,-0.00039817885,-1
G041,G016,-0.00039867702,-1
G050,G043,-0.0003986837,-1
G035,G070,-0.0003994491,-1
G073,G090,-0.00039985363,-1
G081,G032,-0.00040028268,-1
G054,G044,-0.00040091146,-1
G064,G028,-0.00040145818,-1
G011,G009,-0.0004020656,-1
G092,G084,-0.00040233825,-1
G024,G072,-0.00040244596,-1
G080,G071,-0.0004028812,-1
G055,G018,-0.00040308633,-1
G044,G059,-0.00040323718,-1
G023,G049,-0.00040365107,-1
G084,G057,-0.00040411015,-1
G074,G039,-0.00040417138,-1
G009,G098,-0.00040421428,-1
G062,G059,-0.00040463288,-1
G076,G037,-0.0004051575,-1
G073,G062,-0.00040591822,-1
G080,G002,-0.0004061084,-1
G018,G074,-0.00040614506,-1
G019,G054,-0.00040653907,-1
G094,G020,-0.00040677367,-1
G058,G033,-0.00040694547,-1
G033,G099,-0.0004070292,-1
G049,G024,-0.0004072393,-1
G097,G020,-0.0004077709,-1
G046,G037,-0.00040793192,-1
G064,G099,-0.00040797578,-1
G095,G090,-0.00040803207,-1
G079,G073,-0.00040865992,-1
G077,G036,-0.0004087497,-1
G084,G067,-0.0004089265,-1
G052,G032,-0.0004091884,-1
G079,G020,-0.00041019847,-1
G056,G032,-0.0004102101,-1
G073,G044,-0.00041040502,-1
G034,G022,-0.00041045618,-1
G035,G071,-0.00041057772,-1
G091,G098,-0.00041069143,-1
G088,G069,-0.00041076526,-1
G080,G017,-0.00041126972,-1
G082,G057,-0.00041160482,-1
G100,G083,-0.00041178064,-1
G041,G066,-0.00041179155,-1
G065,G083,-0.0004123571,-1
G058,G027,-0.00041235753,-1
G092,G032,-0.00041276813,-1
G023,G038,-0.00041281636,-1
G072,G098,-0.00041290472,-1
G087,G032,-0.00041318606,-1
G023,G016,-0.00041319165,-1
G064,G035,-0.0004139822,-1
G079,G087,-0.0004139838,-1
G047,G083,-0.00041406546,-1
G040,G002,-0.0004143119,-1
G055,G089,-0.00041477382,-1
G082,G017,-0.0004156838,-1
G079,G025,-0.00041656604,-1
G024,G050,-0.00041657698,-1
G077,G032,-0.000416665,-1
G076,G075,-0.00041749093,-1
G080,G096,-0.00041770094,-1
G042,G054,-0.00041777067,-1
G100,G074,-0.00041785394,-1
G054,G098,-0.0004181691,-1
G011,G071,-0.00041862458,-1
G055,G006,-0.0004194075,-1
G041,G062,-0.00041969313,-1
G097,G086,-0.00041980276,-1
G018,G092,-0.00042009642,-1
G030,G007,-0.00042055536,-1
G068,G084,-0.00042083487,-1
G076,G032,-0.00042093673,-1
G074,G097,-0.00042131532,-1
G039,G099,-0.00042208112,-1
G023,G035,-0.0004221114,-1
G034,G002,-0.00042220284,-1
G076,G093,-0.00042313794,-1
G068,G020,-0.00042355238,-1
G011,G059,-0.00042362823,-1
G095,G085,-0.00042402046,-1
G030,G098,-0.00042424715,-1
G013,G052,-0.00042429258,-1
G011,G060,-0.0004244915,-1
G035,G081,-0.00042460562,-1
G027,G032,-0.0004246957,-1
G082,G039,-0.00042475085,-1
G037,G083,-0.0004248381,-1
G059,G032,-0.0004248543,-1
G100,G085,-0.00042485812,-1
G080,G079,-0.0004253733,-1
G035,G054,-0.00042554675,-1
G033,G019,-0.00042590656,-1
G024,G032,-0.0004259552,-1
G097,G080,-0.0004268138,-1
G074,G022,-0.00042724833,-1
G017,G032,-0.0004277193,-1
G023,G022,-0.00042783146,-1
G100,G062,-0.00042879398,-1
G098,G041,-0.00042884468,-1
G093,G047,-0.00042885618,-1
G036,G047,-0.00042904454,-1
G085,G032,-0.00042917216,-1
G099,G076,-0.0004298863,-1
G024,G068,-0.0004302883,-1
G097,G036,-0.00043109866,-1
G041,G044,-0.0004313043,-1
G020,G002,-0.00043135072,-1
G094,G092,-0.00043214447,-1
G067,G032,-0.00043306215,-1
G019,G017,-0.0004332858,-1
G075,G028,-0.00043330685,-1
G039,G045,-0.0004333538,-1
G094,G025,-0.0004336198,-1
G098,G044,-0.00043363412,-1
G018,G090,-0.0004337536,-1
G041,G005,-0.00043378628,-1
G095,G027,-0.00043426495,-1
G039,G022,-0.0004343139,-1
G058,G060,-0.000434434,-1
G064,G017,-0.00043465974,-1
G012,G077,-0.00043475797,-1
G080,G046,-0.0004348629,-1
G083,G047,-0.00043490567,-1
G090,G032,-0.00043531653,-1
G045,G099,-0.00043598656,-1
G086,G037,-0.00043606578,-1
G025,G050,-0.00043651377,-1
G073,G075,-0.00043664817,-1
G047,G040,-0.00043671933,-1
G022,G075,-0.00043680068,-1
G027,G047,-0.00043697268,-1
G043,G056,-0.00043728668,-1
G043,G057,-0.00043738616,-1
G036,G043,-0.0004378796,-1
G074,G034,-0.00043793037,-1
G094,G093,-0.00043838288,-1
G086,G032,-0.0004385025,-1
G030,G083,-0.00043864193,-1
G095,G065,-0.00043869377,-1
G020,G032,-0.00043881417,-1
G016,G020,-0.00043956414,-1
G028,G021,-0.00043959776,-1
G045,G080,-0.00043979098,-1
G099,G024,-0.00043994572,-1
G098,G083,-0.0004400036,-1
G025,G028,-0.00044003545,-1
G055,G003,-0.00044044913,-1
G035,G087,-0.00044051948,-1
G010,G045,-0.00044059064,-1
G010,G060,-0.0004405974,-1
G019,G093,-0.00044115548,-1
G094,G021,-0.00044137624,-1
G097,G032,-0.00044171966,-1
G043,G046,-0.00044219027,-1
G072,G024,-0.00044232947,-1
G058,G092,-0.00044262604,-1
G071,G083,-0.0004429671,-1
G037,G062,-0.0004441769,-1
G094,G090,-0.00044517187,-1
G019,G063,-0.00044523273,-1
G028,G067,-0.0004458047,-1
G098,G100,-0.00044657185,-1
G033,G002,-0.00044673792,-1
G074,G024,-0.00044674482,-1
G019,G042,-0.00044679805,-1
G045,G092,-0.0004471065,-1
G035,G041,-0.0004472667,-1
G019,G083,-0.00044744776,-1
G094,G010,-0.00044768731,-1
G064,G032,-0.00044784567,-1
G100,G099,-0.00044821907,-1
G061,G087,-0.00044870755,-1
G034,G024,-0.0004492076,-1
G046,G083,-0.0004497187,-1
G051,G032,-0.00044980878,-1
G094,G065,-0.00044986978,-1
G062,G098,-0.0004498791,-1
G034,G059,-0.00045008073,-1
G092,G055,-0.00045035337,-1
G018,G033,-0.00045106836,-1
G097,G037,-0.00045114825,-1
G080,G042,-0.00045184256,-1
G094,G012,-0.00045184887,-1
G019,G024,-0.00045195202,-1
G012,G022,-0.00045196232,-1
G080,G041,-0.00045208682,-1
G070,G022,-0.00045212588,-1
G003,G093,-0.00045285973,-1
G095,G063,-0.0004532975,-1
G048,G032,-0.00045331402,-1
G036,G008,-0.00045352645,-1
G024,G020,-0.0004537809,-1
G042,G006,-0.00045498786,-1
G097,G030,-0.00045512425,-1
G094,G061,-0.00045610947,-1
G073,G072,-0.00045617536,-1
G037,G025,-0.00045702604,-1
G012,G032,-0.00045720875,-1
G068,G060,-0.00045740377,-1
G095,G020,-0.00045745404,-1
G094,G063,-0.00045801036,-1
G013,G081,-0.00045808151,-1
G076,G022,-0.00045822823,-1
G098,G007,-0.00045835125,-1
G092,G056,-0.00045896228,-1
G033,G071,-0.00045929584,-1
G076,G013,-0.00046005566,-1
G080,G050,-0.00046027385,-1
G094,G050,-0.0004605667,-1
G093,G039,-0.0004606782,-1
G008,G098,-0.0004606983,-1
G097,G095,-0.00046145986,-1
G011,G095,-0.00046156836,-1
G041,G020,-0.0004617438,-1
G051,G043,-0.00046196397,-1
G072,G080,-0.00046229127,-1
G023,G067,-0.00046367705,-1
G055,G004,-0.0004640169,-1
G092,G086,-0.00046406005,-1
G017,G025,-0.00046422338,-1
G041,G049,-0.0004643196,-1
G079,G071,-0.0004644485,-1
G018,G011,-0.00046463634,-1
G066,G001,-0.00046465374,-1
G041,G032,-0.0004651313,-1
G093,G030,-0.00046515776,-1
G080,G032,-0.00046555424,-1
G082,G059,-0.00046578932,-1
G001,G020,-0.000466116,-1
G069,G098,-0.000466743,-1
G074,G032,-0.00046797591,-1
G004,G032,-0.0004682598,-1
G093,G056,-0.00046932977,-1
G034,G032,-0.00047034383,-1
G098,G022,-0.00047078516,-1
G044,G083,-0.00047104634,-1
G079,G004,-0.00047136756,-1
G029,G024,-0.00047228954,-1
G083,G032,-0.00047242528,-1
G041,G058,-0.00047457384,-1
G039,G041,-0.0004752169,-1
G074,G059,-0.0004752985,-1
G095,G089,-0.00047576125,-1
G064,G059,-0.00047585228,-1
G011,G032,-0.00047627586,-1
G039,G084,-0.00047655904,-1
G058,G037,-0.00047675296,-1
G084,G061,-0.00047720192,-1
G056,G086,-0.00047759112,-1
G071,G022,-0.0004782167,-1
G011,G013,-0.00047850452,-1
G089,G098,-0.00047876855,-1
G011,G064,-0.00047894934,-1
G055,G073,-0.00047900903,-1
G082,G098,-0.00048039586,-1
G066,G098,-0.00048054344,-1
G067,G024,-0.00048091554,-1
G032,G073,-0.00048141938,-1
G003,G086,-0.00048192457,-1
G041,G085,-0.00048200172,-1
G047,G049,-0.00048338313,-1
G092,G100,-0.00048364475,-1
G082,G042,-0.00048364978,-1
G091,G024,-0.0004846758,-1
G045,G060,-0.0004847999,-1
G039,G032,-0.00048489752,-1
G045,G020,-0.0004854577,-1
G093,G059,-0.00048567748,-1
G099,G010,-0.0004858587,-1
G093,G007,-0.00048604273,-1
G074,G081,-0.00048651968,-1
G084,G088,-0.00048758066,-1
G092,G054,-0.00048769775,-1
G049,G032,-0.0004890757,-1
G076,G071,-0.00048955553,-1
G037,G039,-0.00048962794,-1
G056,G083,-0.00049017573,-1
G032,G069,-0.00049049733,-1
G055,G044,-0.0004914778,-1
G019,G043,-0.0004915749,-1
G088,G089,-0.00049218873,-1
G093,G022,-0.00049225247,-1
G080,G009,-0.00049277104,-1
G058,G073,-0.00049283484,-1
G005,G100,-0.0004930978,-1
G094,G043,-0.0004932089,-1
G095,G074,-0.00049322104,-1
G060,G026,-0.0004933976,-1
G079,G097,-0.0004936055,-1
G092,G027,-0.0004937268,-1
G041,G027,-0.0004937613,-1
G041,G056,-0.0004938854,-1
G094,G040,-0.0004939184,-1
G051,G093,-0.0004949124,-1
G092,G051,-0.0004951045,-1
G076,G059,-0.0004957606,-1
G098,G059,-0.00049595174,-1
G058,G034,-0.00049741997,-1
G045,G015,-0.00049835816,-1
G077,G041,-0.00049864023,-1
G028,G071,-0.00049868756,-1
G023,G074,-0.00049877353,-1
G082,G022,-0.00049916,-1
G003,G081,-0.0004998902,-1
G091,G032,-0.00050002325,-1
G096,G059,-0.00050011557,-1
G049,G059,-0.00050036795,-1
G039,G024,-0.0005007094,-1
G018,G087,-0.00050083693,-1
G072,G040,-0.0005023441,-1
G065,G059,-0.0005048747,-1
G023,G056,-0.00050518755,-1
G094,G059,-0.0005058317,-1
G041,G035,-0.0005063848,-1
G035,G016,-0.0005081544,-1
G047,G024,-0.00050818187,-1
G003,G074,-0.0005092115,-1
G064,G092,-0.00050929567,-1
G067,G098,-0.00050947705,-1
G084,G040,-0.00050965464,-1
G080,G007,-0.000509884,-1
G090,G005,-0.0005100516,-1
G079,G065,-0.0005111885,-1
G079,G001,-0.0005114015,-1
G033,G027,-0.0005117997,-1
G033,G092,-0.0005118978,-1
G072,G029,-0.00051190774,-1
G061,G056,-0.00051219354,-1
G041,G054,-0.00051244185,-1
G100,G013,-0.0005124446,-1
G059,G098,-0.0005126251,-1
G055,G002,-0.0005133045,-1
G023,G002,-0.00051421043,-1
G096,G083,-0.0005143095,-1
G095,G034,-0.00051548856,-1
G077,G001,-0.00051625946,-1
G094,G038,-0.00051774015,-1
G018,G049,-0.00051808066,-1
G057,G070,-0.0005186869,-1
G077,G050,-0.00051872735,-1
G022,G039,-0.00051878137,-1
G077,G098,-0.00052017666,-1
G060,G098,-0.000520833,-1
G100,G098,-0.00052095804,-1
G058,G042,-0.00052149204,-1
G038,G032,-0.0005223427,-1
G057,G098,-0.0005224476,-1
G043,G089,-0.00052512443,-1
G097,G096,-0.0005252038,-1
G017,G075,-0.0005252459,-1
G018,G035,-0.00052578247,-1
G076,G098,-0.0005258258,-1
G019,G033,-0.0005259617,-1
G047,G076,-0.00052767585,-1
G033,G074,-0.0005287644,-1
G014,G017,-0.0005298335,-1
G085,G098,-0.00053027406,-1
G023,G043,-0.0005314772,-1
G033,G062,-0.00053169014,-1
G043,G023,-0.00053231587,-1
G079,G045,-0.0005347674,-1
G082,G064,-0.000535755,-1
G080,G038,-0.0005359224,-1
G090,G098,-0.0005359798,-1
G079,G023,-0.0005369969,-1
G033,G098,-0.00053712865,-1
G065,G098,-0.0005379856,-1
G017,G054,-0.00053800846,-1
G048,G015,-0.0005381601,-1
G084,G035,-0.0005383512,-1
G035,G009,-0.0005387326,-1
G072,G097,-0.0005388927,-1
G097,G090,-0.0005389906,-1
G055,G056,-0.0005398509,-1
G092,G074,-0.0005411708,-1
G084,G049,-0.00054130383,-1
G092,G036,-0.0005420914,-1
G004,G068,-0.0005425258,-1
G056,G059,-0.0005440827,-1
G023,G054,-0.00054444064,-1
G095,G097,-0.0005444526,-1
G071,G098,-0.0005454853,-1
G019,G023,-0.0005458071,-1
G080,G077,-0.0005464985,-1
G001,G041,-0.0005467559,-1
G047,G021,-0.0005470768,-1
G098,G047,-0.00054716575,-1
G021,G006,-0.000548007,-1
G058,G074,-0.00054802356,-1
G094,G067,-0.0005486,-1
G024,G066,-0.0005487554,-1
G023,G015,-0.000548895,-1
G032,G088,-0.00054896314,-1
G001,G010,-0.00054924324,-1
G057,G100,-0.0005495337,-1
G035,G075,-0.00054967415,-1
G068,G012,-0.00054969516,-1
G051,G098,-0.0005501917,-1
G031,G014,-0.0005505522,-1
G075,G048,-0.0005505666,-1
G057,G042,-0.00055074797,-1
G035,G085,-0.0005508181,-1
G084,G023,-0.0005508181,-1
G009,G064,-0.00055098394,-1
G080,G063,-0.00055106333,-1
G094,G032,-0.00055187393,-1
G021,G098,-0.00055248896,-1
G019,G032,-0.00055276614,-1
G087,G098,-0.00055313035,-1
G046,G078,-0.00055362267,-1
G079,G017,-0.00055368047,-1
G092,G080,-0.00055384065,-1
G001,G084,-0.00055459037,-1
G018,G067,-0.0005554463,-1
G032,G052,-0.00055552943,-1
G089,G060,-0.0005557822,-1
G056,G098,-0.00055614905,-1
G036,G093,-0.0005562915,-1
G095,G070,-0.0005565689,-1
G020,G098,-0.0005569012,-1
G029,G099,-0.0005573351,-1
G057,G079,-0.0005575612,-1
G025,G098,-0.0005579624,-1
G100,G027,-0.0005592478,-1
G041,G071,-0.0005593153,-1
G094,G045,-0.00055983657,-1
G037,G022,-0.00056045054,-1
G094,G035,-0.00056212686,-1
G029,G022,-0.0005632097,-1
G094,G033,-0.000563471,-1
G079,G038,-0.00056418893,-1
G098,G037,-0.0005661753,-1
G084,G099,-0.0005666636,-1
G041,G002,-0.0005677267,-1
G037,G030,-0.0005683308,-1
G061,G002,-0.00056855666,-1
G012,G039,-0.00056881824,-1
G033,G086,-0.0005691039,-1
G094,G086,-0.000569104,-1
G066,G026,-0.00056951283,-1
G027,G098,-0.00056972157,-1
G019,G077,-0.0005704057,-1
G005,G033,-0.000570432,-1
G072,G062,-0.0005711483,-1
G095,G049,-0.0005711798,-1
G005,G028,-0.00057177315,-1
G095,G084,-0.0005727549,-1
G084,G062,-0.00057326927,-1
G033,G047,-0.00057362235,-1
G073,G024,-0.00057365315,-1
G022,G064,-0.0005737643,-1
G100,G037,-0.0005745407,-1
G074,G071,-0.0005747044,-1
G038,G098,-0.0005777836,-1
G079,G062,-0.0005783646,-1
G079,G050,-0.0005790639,-1
G013,G004,-0.00057955296,-1
G080,G093,-0.00058027287,-1
G018,G093,-0.00058048416,-1
G036,G087,-0.00058070937,-1
G059,G024,-0.0005810163,-1
G064,G046,-0.00058110163,-1
G074,G030,-0.0005817364,-1
G024,G069,-0.00058281305,-1
G035,G099,-0.00058294827,-1
G094,G081,-0.0005841594,-1
G055,G058,-0.0005844782,-1
G035,G083,-0.00058525876,-1
G018,G100,-0.0005860196,-1
G035,G044,-0.0005862189,-1
G042,G013,-0.00058713567,-1
G048,G098,-0.0005878675,-1
G095,G064,-0.00058861665,-1
G045,G036,-0.00058916066,-1
G035,G093,-0.00059114053,-1
G083,G098,-0.0005912346,-1
G094,G077,-0.00059189234,-1
G041,G076,-0.0005919922,-1
G035,G076,-0.0005924016,-1
G052,G091,-0.00059408246,-1
G092,G070,-0.0005957495,-1
G090,G075,-0.0005985532,-1
G028,G049,-0.000599862,-1
G075,G020,-0.00059995474,-1
G006,G019,-0.0006005211,-1
G066,G099,-0.00060052844,-1
G072,G093,-0.00060070376,-1
G071,G023,-0.0006011239,-1
G006,G082,-0.00060188747,-1
G055,G021,-0.0006019834,-1
G061,G032,-0.00060210814,-1
G086,G098,-0.0006026676,-1
G045,G011,-0.0006030071,-1
G091,G015,-0.0006051379,-1
G061,G089,-0.0006057541,-1
G013,G050,-0.00060607074,-1
G097,G052,-0.00060689007,-1
G006,G063,-0.0006072641,-1
G095,G077,-0.00060865557,-1
G045,G052,-0.00060866843,-1
G011,G100,-0.00060876604,-1
G061,G075,-0.0006087702,-1
G097,G067,-0.0006091924,-1
G055,G099,-0.00060954393,-1
G092,G035,-0.0006103283,-1
G094,G009,-0.0006106967,-1
G024,G081,-0.00061076856,-1
G019,G096,-0.0006119932,-1
G061,G023,-0.0006122669,-1
G100,G031,-0.00061437476,-1
G081,G098,-0.0006152932,-1
G014,G041,-0.0006161485,-1
G031,G056,-0.0006167915,-1
G094,G049,-0.00061688205,-1
G064,G041,-0.00061710365,-1
G011,G075,-0.0006179056,-1
G018,G043,-0.0006180365,-1
G079,G008,-0.0006181322,-1
G055,G020,-0.00061905273,-1
G079,G043,-0.00061954866,-1
G044,G054,-0.0006198402,-1
G074,G093,-0.00062071043,-1
G068,G041,-0.00062080624,-1
G084,G058,-0.0006210191,-1
G035,G100,-0.00062118424,-1
G063,G098,-0.0006221035,-1
G013,G035,-0.0006223846,-1
G035,G049,-0.0006228478,-1
G055,G042,-0.0006235034,-1
G077,G013,-0.00062375725,-1
G019,G067,-0.0006237613,-1
G058,G099,-0.0006241624,-1
G024,G063,-0.0006251505,-1
G023,G048,-0.00062517397,-1
G033,G085,-0.00062529015,-1
G002,G072,-0.0006258236,-1
G070,G098,-0.00062590785,-1
G077,G022,-0.00062643545,-1
G028,G035,-0.000626549,-1
G004,G098,-0.00062751456,-1
G041,G083,-0.0006287183,-1
G063,G037,-0.0006288678,-1
G035,G045,-0.0006290437,-1
G037,G032,-0.0006296778,-1
G095,G039,-0.0006312198,-1
G051,G059,-0.0006315859,-1
G035,G027,-0.00063287065,-1
G064,G039,-0.0006340023,-1
G080,G085,-0.00063444447,-1
G010,G024,-0.00063445076,-1
G057,G016,-0.00063454255,-1
G037,G044,-0.0006356205,-1
G040,G007,-0.00063644705,-1
G023,G090,-0.00063665066,-1
G019,G062,-0.0006368238,-1
G057,G054,-0.0006369329,-1
G030,G059,-0.0006369499,-1
G049,G098,-0.00063870585,-1
G084,G038,-0.00063885003,-1
G035,G030,-0.00063980574,-1
G084,G021,-0.000639906,-1
G079,G024,-0.00064139644,-1
G043,G054,-0.0006415332,-1
G041,G022,-0.00064251816,-1
G019,G035,-0.00064297195,-1
G013,G012,-0.0006434731,-1
G024,G023,-0.0006435236,-1
G041,G047,-0.00064497226,-1
G084,G039,-0.0006450767,-1
G079,G029,-0.0006458146,-1
G041,G077,-0.00064611924,-1
G058,G009,-0.00064642855,-1
G093,G083,-0.00064674363,-1
G019,G097,-0.00064694474,-1
G094,G017,-0.0006478922,-1
G079,G066,-0.000649807,-1
G088,G008,-0.0006522304,-1
G084,G063,-0.00065319875,-1
G079,G002,-0.0006533293,-1
G050,G046,-0.00065437827,-1
G093,G032,-0.0006546971,-1
G058,G050,-0.0006550904,-1
G019,G095,-0.00065740757,-1
G018,G086,-0.0006576073,-1
G081,G024,-0.00065865734,-1
G039,G050,-0.00065983617,-1
G072,G037,-0.0006614276,-1
G092,G090,-0.0006633053,-1
G100,G024,-0.0006643154,-1
G092,G085,-0.0006658926,-1
G071,G032,-0.00066603173,-1
G047,G041,-0.0006662376,-1
G057,G009,-0.00066693616,-1
G079,G074,-0.0006671062,-1
G094,G085,-0.0006686708,-1
G075,G099,-0.00066965783,-1
G031,G044,-0.0006697367,-1
G080,G059,-0.00067037385,-1
G097,G042,-0.00067088165,-1
G036,G016,-0.0006725718,-1
G084,G030,-0.000672919,-1
G031,G018,-0.00067408127,-1
G006,G029,-0.0006741404,-1
G083,G037,-0.00067621033,-1
G064,G098,-0.00067732413,-1
G047,G014,-0.00067736476,-1
G019,G030,-0.0006785865,-1
G012,G098,-0.00067922444,-1
G080,G081,-0.0006829267,-1
G077,G045,-0.0006832827,-1
G011,G098,-0.00068328803,-1
G072,G058,-0.00068387453,-1
G055,G048,-0.00068477914,-1
G055,G071,-0.0006848659,-1
G055,G054,-0.00068547967,-1
G023,G061,-0.00068687205,-1
G073,G016,-0.0006870478,-1
G027,G071,-0.0006870686,-1
G079,G054,-0.0006890519,-1
G016,G009,-0.0006895233,-1
G053,G056,-0.000690968,-1
G036,G088,-0.0006910631,-1
G043,G081,-0.0006924061,-1
G037,G098,-0.00069282914,-1
G041,G059,-0.0006937634,-1
G034,G098,-0.00069435517,-1
G100,G059,-0.00069471396,-1
G006,G094,-0.00069507037,-1
G035,G077,-0.0006951069,-1
G084,G034,-0.0006961873,-1
G024,G012,-0.0006962688,-1
G095,G067,-0.0006964193,-1
G006,G081,-0.0006964518,-1
G003,G020,-0.0006970119,-1
G097,G040,-0.00069754146,-1
G019,G022,-0.00069782423,-1
G092,G012,-0.0006980223,-1
G029,G042,-0.0006989481,-1
G079,G083,-0.00070001895,-1
G019,G050,-0.0007000625,-1
G074,G064,-0.0007001619,-1
G041,G090,-0.00070025405,-1
G074,G075,-0.00070111995,-1
G046,G042,-0.00070156425,-1
G003,G099,-0.0007081056,-1
G041,G039,-0.00070825015,-1
G065,G010,-0.0007100829,-1
G043,G080,-0.0007111263,-1
G080,G090,-0.000712199,-1
G057,G094,-0.00071327307,-1
G011,G024,-0.0007150226,-1
G096,G033,-0.0007151091,-1
G045,G004,-0.0007151599,-1
G037,G024,-0.0007165704,-1
G084,G059,-0.00071692356,-1
G043,G004,-0.00071736955,-1
G097,G063,-0.00071903935,-1
G039,G013,-0.00071959844,-1
G092,G011,-0.00072348904,-1
G088,G007,-0.0007236365,-1
G084,G085,-0.0007239278,-1
G033,G022,-0.00072413567,-1
G018,G020,-0.0007244995,-1
G080,G039,-0.0007248236,-1
G051,G023,-0.0007254202,-1
G009,G046,-0.00072602247,-1
G006,G090,-0.00072666706,-1
G084,G076,-0.0007275201,-1
G047,G043,-0.00073156116,-1
G079,G081,-0.00073176477,-1
G041,G099,-0.0007328975,-1
G012,G001,-0.0007330625,-1
G079,G086,-0.00073340547,-1
G016,G080,-0.00073461916,-1
G095,G059,-0.0007356274,-1
G007,G069,-0.000735649,-1
G094,G046,-0.0007369562,-1
G087,G016,-0.00073861895,-1
G016,G087,-0.000738841,-1
G036,G078,-0.0007390266,-1
G028,G079,-0.00074092177,-1
G035,G039,-0.00074208557,-1
G088,G002,-0.0007421406,-1
G094,G042,-0.00074291904,-1
G033,G020,-0.0007429441,-1
G019,G012,-0.00074308284,-1
G033,G076,-0.0007431242,-1
G092,G081,-0.0007433897,-1
G086,G005,-0.00074384647,-1
G003,G090,-0.000744449,-1
G037,G050,-0.0007482142,-1
G043,G086,-0.000748278,-1
G046,G075,-0.00074828893,-1
G041,G074,-0.00074837514,-1
G082,G094,-0.0007489721,-1
G043,G074,-0.0007501183,-1
G019,G059,-0.00075201056,-1
G024,G059,-0.00075274665,-1
G024,G038,-0.00075354386,-1
G023,G098,-0.0007543637,-1
G018,G056,-0.00075479713,-1
G041,G098,-0.0007549556,-1
G079,G047,-0.00075531565,-1
G097,G077,-0.0007557035,-1
G019,G034,-0.0007578716,-1
G092,G025,-0.0007606514,-1
G041,G046,-0.00076166796,-1
G028,G038,-0.0007627914,-1
G047,G045,-0.00076334964,-1
G006,G080,-0.00076423574,-1
G079,G041,-0.000765143,-1
G037,G077,-0.0007653135,-1
G094,G062,-0.0007655035,-1
G024,G092,-0.0007659148,-1
G057,G022,-0.00076656364,-1
G006,G067,-0.0007670196,-1
G028,G098,-0.0007677672,-1
G028,G076,-0.0007683043,-1
G079,G021,-0.0007688824,-1
G084,G029,-0.0007696625,-1
G094,G054,-0.0007702085,-1
G074,G098,-0.0007702403,-1
G042,G068,-0.0007713725,-1
G095,G076,-0.00077226345,-1
G074,G037,-0.0007749474,-1
G011,G010,-0.00077533873,-1
G084,G087,-0.00077572395,-1
G002,G056,-0.00077822123,-1
G023,G088,-0.0007782961,-1
G028,G011,-0.00077845145,-1
G015,G068,-0.0007787173,-1
G079,G095,-0.00077927916,-1
G079,G090,-0.00078126264,-1
G018,G073,-0.0007814206,-1
G057,G033,-0.00078153046,-1
G068,G010,-0.0007818615,-1
G094,G095,-0.00078207464,-1
G097,G038,-0.00078251265,-1
G028,G085,-0.0007826275,-1
G072,G073,-0.00078475324,-1
G045,G090,-0.0007849915,-1
G057,G095,-0.0007853651,-1
G043,G073,-0.0007861135,-1
G080,G099,-0.00078699406,-1
G092,G067,-0.00078704854,-1
G035,G064,-0.00078835274,-1
G097,G099,-0.0007884875,-1
G018,G063,-0.00078936835,-1
G033,G005,-0.00079024344,-1
G043,G011,-0.00079042447,-1
G079,G034,-0.0007938954,-1
G042,G027,-0.00079428084,-1
G022,G058,-0.0007966147,-1
G036,G100,-0.0007978392,-1
G079,G009,-0.00079958775,-1
G068,G004,-0.00080022274,-1
G055,G057,-0.0008016432,-1
G079,G040,-0.0008020015,-1
G042,G017,-0.00080336165,-1
G033,G081,-0.00080435997,-1
G092,G041,-0.0008046744,-1
G057,G078,-0.0008066521,-1
G092,G077,-0.0008075035,-1
G094,G099,-0.0008082627,-1
G008,G052,-0.00081240706,-1
G082,G075,-0.0008132558,-1
G024,G087,-0.0008134893,-1
G040,G003,-0.00081377156,-1
G080,G030,-0.0008139274,-1
G032,G066,-0.00081451144,-1
G028,G063,-0.0008149157,-1
G080,G076,-0.00081497914,-1
G057,G099,-0.00081560225,-1
G018,G085,-0.0008159528,-1
G094,G058,-0.0008161406,-1
G040,G051,-0.00081706827,-1
G064,G026,-0.00081803073,-1
G051,G078,-0.0008198763,-1
G075,G032,-0.0008205447,-1
G019,G049,-0.00082115835,-1
G018,G099,-0.00082130835,-1
G094,G096,-0.00082139083,-1
G016,G018,-0.0008217385,-1
G026,G045,-0.0008218262,-1
G017,G028,-0.0008247753,-1
G043,G071,-0.0008263099,-1
G019,G045,-0.0008272908,-1
G019,G038,-0.0008296313,-1
G092,G046,-0.0008297368,-1
G045,G071,-0.000831596,-1
G033,G044,-0.0008335716,-1
G033,G090,-0.00083586766,-1
G045,G038,-0.00083617057,-1
G061,G051,-0.00083667884,-1
G028,G093,-0.00083730096,-1
G016,G032,-0.0008375738,-1
G087,G093,-0.00083895447,-1
G053,G051,-0.00084184785,-1
G003,G064,-0.0008424146,-1
G061,G057,-0.0008450834,-1
G066,G007,-0.0008454112,-1
G068,G050,-0.0008459595,-1
G095,G010,-0.0008460348,-1
G080,G022,-0.0008483411,-1
G095,G022,-0.00084870873,-1
G028,G016,-0.00085040514,-1
G057,G039,-0.0008506034,-1
G041,G034,-0.0008509917,-1
G055,G010,-0.00085127424,-1
G047,G080,-0.00085218286,-1
G027,G082,-0.0008528201,-1
G088,G065,-0.000854429,-1
G023,G083,-0.00085516507,-1
G016,G004,-0.0008555517,-1
G084,G068,-0.000859605,-1
G016,G066,-0.0008598416,-1
G009,G006,-0.0008599165,-1
G076,G077,-0.00086054107,-1
G033,G100,-0.00086186803,-1
G039,G097,-0.0008630122,-1
G003,G038,-0.00086344755,-1
G045,G085,-0.0008658711,-1
G013,G059,-0.0008660746,-1
G057,G096,-0.0008678941,-1
G025,G077,-0.0008685011,-1
G097,G087,-0.00087214814,-1
G072,G094,-0.00087230466,-1
G095,G046,-0.00087300694,-1
G003,G049,-0.00087382423,-1
G033,G030,-0.0008741549,-1
G009,G017,-0.00087440317,-1
G093,G037,-0.0008754322,-1
G072,G030,-0.00087570347,-1
G097,G062,-0.000876858,-1
G024,G029,-0.0008781588,-1
G080,G064,-0.000882717,-1
G092,G059,-0.00088277645,-1
G055,G027,-0.00088290847,-1
G003,G067,-0.0008830246,-1
G055,G081,-0.0008840115,-1
G005,G007,-0.0008844574,-1
G095,G015,-0.0008847514,-1
G041,G100,-0.00088559865,-1
G075,G029,-0.00088581664,-1
G084,G100,-0.0008860906,-1
G093,G064,-0.0008875877,-1
G035,G034,-0.0008878598,-1
G035,G059,-0.00088864064,-1
G088,G044,-0.00088994857,-1
G079,G005,-0.0008904056,-1
G095,G062,-0.000890618,-1
G079,G042,-0.00089221884,-1
G043,G034,-0.000892235,-1
G083,G062,-0.00089364924,-1
G024,G046,-0.0008936633,-1
G003,G063,-0.0008947207,-1
G055,G087,-0.00089565426,-1
G046,G026,-0.0008958995,-1
G047,G029,-0.0008961584,-1
G003,G034,-0.0008964095,-1
G031,G002,-0.00089697156,-1
G100,G091,-0.00089725666,-1
G006,G085,-0.0008976272,-1
G043,G042,-0.0008982844,-1
G031,G052,-0.000899693,-1
G048,G083,-0.00089986814,-1
G094,G079,-0.00090010895,-1
G092,G016,-0.0009009791,-1
G007,G074,-0.00090188166,-1
G061,G044,-0.0009037485,-1
G064,G005,-0.0009038417,-1
G026,G050,-0.00090427615,-1
G079,G049,-0.000905991,-1
G013,G011,-0.0009063191,-1
G092,G049,-0.00090686925,-1
G036,G054,-0.000907023,-1
G013,G060,-0.00090731727,-1
G082,G027,-0.00090764055,-1
G058,G030,-0.0009088897,-1
G029,G040,-0.0009089794,-1
G082,G047,-0.00091033947,-1
G025,G027,-0.0009105401,-1
G047,G091,-0.00091119425,-1
G018,G045,-0.00091398135,-1
G024,G070,-0.0009159922,-1
G024,G049,-0.0009162059,-1
G055,G017,-0.0009219229,-1
G018,G039,-0.000922218,-1
G025,G076,-0.0009231014,-1
G020,G016,-0.0009231625,-1
G036,G097,-0.0009249293,-1
G018,G054,-0.00092576264,-1
G058,G024,-0.00092942495,-1
G006,G041,-0.0009295475,-1
G079,G006,-0.00093026535,-1
G003,G057,-0.00093027845,-1
G051,G042,-0.0009304318,-1
G079,G093,-0.00093073654,-1
G097,G085,-0.00093184464,-1
G006,G028,-0.00093686365,-1
G018,G046,-0.00093771674,-1
G018,G030,-0.0009422797,-1
G058,G076,-0.00094338483,-1
G061,G059,-0.0009434813,-1
G097,G039,-0.00094394747,-1
G018,G005,-0.00094436586,-1
G080,G100,-0.00094472046,-1
G092,G034,-0.0009459219,-1
G075,G077,-0.0009462602,-1
G065,G026,-0.0009487665,-1
G095,G035,-0.0009493668,-1
G055,G079,-0.00095041463,-1
G088,G048,-0.0009508634,-1
G033,G054,-0.0009510668,-1
G080,G033,-0.00095133483,-1
G079,G063,-0.00095279585,-1
G047,G039,-0.0009530477,-1
G095,G012,-0.00095453777,-1
G050,G068,-0.0009545981,-1
G095,G042,-0.0009576982,-1
G079,G085,-0.00095777895,-1
G055,G036,-0.00095818617,-1
G094,G034,-0.00095830136,-1
G098,G035,-0.0009587098,-1
G024,G085,-0.000958893,-1
G035,G037,-0.00096038054,-1
G028,G043,-0.00096187444,-1
G079,G070,-0.0009622519,-1
G079,G012,-0.0009629746,-1
G006,G100,-0.00096399983,-1
G019,G029,-0.0009643697,-1
G086,G074,-0.00096462807,-1
G094,G076,-0.00096480007,-1
G039,G098,-0.00096508174,-1
G030,G053,-0.0009658314,-1
G035,G047,-0.00096640753,-1
G042,G026,-0.00096782146,-1
G055,G009,-0.00096814515,-1
G024,G041,-0.0009703149,-1
G045,G029,-0.000970897,-1
G024,G096,-0.0009709171,-1
G041,G030,-0.000972786,-1
G024,G028,-0.00097308314,-1
G024,G054,-0.0009733814,-1
G047,G077,-0.0009749096,-1
G094,G039,-0.0009755529,-1
G082,G080,-0.000979359,-1
G084,G094,-0.0009797595,-1
G031,G051,-0.0009811737,-1
G074,G047,-0.0009836568,-1
G024,G071,-0.000985426,-1
G075,G071,-0.0009917468,-1
G084,G070,-0.00099454,-1
G024,G084,-0.0009957956,-1
G013,G062,-0.0009977748,-1
G079,G099,-0.0009981527,-1
G013,G070,-0.0010008091,-1
G055,G032,-0.0010016315,-1
G033,G039,-0.001004205,-1
G013,G071,-0.0010046827,-1
G027,G074,-0.001005725,-1
G042,G009,-0.0010057495,-1
G031,G066,-0.0010077824,-1
G064,G094,-0.001008313,-1
G092,G062,-0.0010117578,-1
G024,G035,-0.0010132734,-1
G047,G054,-0.0010135884,-1
G079,G039,-0.0010169395,-1
G055,G063,-0.0010177788,-1
G003,G029,-0.0010179087,-1
G068,G045,-0.0010201302,-1
G024,G099,-0.001020451,-1
G045,G075,-0.0010204746,-1
G040,G044,-0.0010230307,-1
G056,G084,-0.00102408,-1
G095,G100,-0.0010243168,-1
G091,G001,-0.0010296925,-1
G055,G090,-0.0010302407,-1
G045,G010,-0.0010318891,-1
G079,G096,-0.0010348186,-1
G079,G046,-0.0010354733,-1
G055,G085,-0.0010360383,-1
G007,G075,-0.0010363063,-1
G006,G038,-0.0010380571,-1
G017,G046,-0.0010390932,-1
G018,G079,-0.001040545,-1
G019,G037,-0.0010406103,-1
G016,G054,-0.0010408618,-1
G093,G098,-0.0010413611,-1
G043,G025,-0.0010414441,-1
G027,G008,-0.0010448382,-1
G097,G100,-0.0010456184,-1
G032,G027,-0.0010466803,-1
G055,G038,-0.0010473841,-1
G028,G062,-0.001048287,-1
G084,G043,-0.0010488911,-1
G075,G081,-0.0010497192,-1
G053,G015,-0.0010513676,-1
G055,G047,-0.0010515507,-1
G072,G039,-0.0010522155,-1
G003,G070,-0.0010537186,-1
G046,G009,-0.0010558044,-1
G010,G011,-0.0010569642,-1
G093,G075,-0.0010610634,-1
G055,G062,-0.0010618276,-1
G028,G090,-0.0010623895,-1
G094,G015,-0.001063085,-1
G013,G092,-0.0010630926,-1
G079,G067,-0.0010645264,-1
G040,G032,-0.0010647965,-1
G028,G022,-0.0010649866,-1
G091,G027,-0.0010664389,-1
G045,G076,-0.0010687384,-1
G084,G041,-0.0010712146,-1
G088,G098,-0.0010717268,-1
G092,G029,-0.0010721971,-1
G084,G022,-0.0010740439,-1
G068,G039,-0.0010745354,-1
G054,G007,-0.0010752785,-1
G028,G039,-0.0010774712,-1
G024,G047,-0.0010872995,-1
G006,G034,-0.0010873309,-1
G031,G054,-0.0010876622,-1
G045,G087,-0.0010884793,-1
G024,G030,-0.0010897419,-1
G055,G049,-0.0010924361,-1
G091,G052,-0.001092755,-1
G024,G075,-0.0010931992,-1
G056,G002,-0.001093612,-1
G055,G023,-0.0010938665,-1
G003,G100,-0.0010948769,-1
G097,G070,-0.001096961,-1
G097,G029,-0.0010975985,-1
G045,G062,-0.0010997953,-1
G033,G066,-0.0011019396,-1
G043,G082,-0.001104602,-1
G092,G037,-0.0011049743,-1
G020,G056,-0.0011051232,-1
G024,G100,-0.0011051769,-1
G023,G046,-0.0011069871,-1
G094,G084,-0.0011072751,-1
G055,G067,-0.0011073723,-1
G097,G034,-0.0011079223,-1
G033,G049,-0.0011126733,-1
G057,G074,-0.0011128109,-1
G055,G029,-0.0011145817,-1
G003,G085,-0.001114725,-1
G013,G021,-0.001118752,-1
G092,G040,-0.0011194109,-1
G047,G037,-0.0011206017,-1
G003,G059,-0.0011237407,-1
G082,G013,-0.0011238896,-1
G055,G046,-0.0011240656,-1
G014,G074,-0.001124634,-1
G055,G025,-0.0011248466,-1
G024,G034,-0.0011288626,-1
G041,G037,-0.0011321488,-1
G036,G004,-0.0011336876,-1
G094,G047,-0.0011337679,-1
G023,G052,-0.00113496,-1
G003,G005,-0.0011389497,-1
G024,G093,-0.0011409878,-1
G095,G037,-0.0011429769,-1
G012,G045,-0.001143517,-1
G061,G094,-0.0011435298,-1
G094,G070,-0.0011444963,-1
G088,G030,-0.0011476227,-1
G061,G055,-0.0011503809,-1
G055,G086,-0.0011507452,-1
G037,G075,-0.0011508138,-1
G079,G100,-0.0011539903,-1
G018,G070,-0.0011568072,-1
G006,G049,-0.0011596405,-1
G025,G079,-0.0011636523,-1
G031,G069,-0.001169189,-1
G055,G034,-0.001170725,-1
G007,G089,-0.0011714774,-1
G079,G027,-0.0011720312,-1
G013,G003,-0.0011732434,-1
G019,G098,-0.0011739802,-1
G061,G065,-0.001175049,-1
G045,G063,-0.0011752263,-1
G074,G086,-0.0011752478,-1
G057,G046,-0.001176466,-1
G007,G008,-0.0011786285,-1
G084,G047,-0.0011795415,-1
G033,G048,-0.0011818296,-1
G042,G031,-0.0011829487,-1
G046,G033,-0.0011841415,-1
G097,G075,-0.0011843382,-1
G079,G033,-0.0011846938,-1
G040,G071,-0.0011912644,-1
G019,G040,-0.0011912958,-1
G084,G077,-0.0011930633,-1
G024,G009,-0.0011937231,-1
G014,G097,-0.0011999779,-1
G051,G029,-0.0012029415,-1
G043,G061,-0.0012030514,-1
G079,G059,-0.0012035375,-1
G013,G065,-0.001203917,-1
G097,G043,-0.0012055814,-1
G006,G066,-0.0012084456,-1
G047,G097,-0.0012084768,-1
G045,G039,-0.0012122414,-1
G007,G011,-0.0012122465,-1
G016,G068,-0.0012127861,-1
G097,G084,-0.0012143336,-1
G027,G020,-0.0012155536,-1
G072,G013,-0.0012168771,-1
G043,G027,-0.0012175428,-1
G035,G024,-0.0012183747,-1
G001,G012,-0.001219134,-1
G024,G043,-0.0012209726,-1
G084,G093,-0.0012217603,-1
G088,G050,-0.001223929,-1
G018,G058,-0.0012245972,-1
G037,G064,-0.0012254795,-1
G013,G047,-0.0012263737,-1
G097,G061,-0.0012276047,-1
G079,G098,-0.0012291844,-1
G006,G093,-0.0012292417,-1
G068,G100,-0.0012309162,-1
G006,G054,-0.0012314157,-1
G024,G095,-0.0012320263,-1
G027,G086,-0.0012321426,-1
G013,G019,-0.0012331723,-1
G024,G037,-0.001234977,-1
G058,G100,-0.0012369646,-1
G095,G099,-0.0012375532,-1
G094,G100,-0.0012380233,-1
G041,G024,-0.0012387995,-1
G016,G065,-0.0012412154,-1
G018,G017,-0.0012421367,-1
G055,G070,-0.0012433518,-1
G024,G042,-0.0012438875,-1
G064,G080,-0.0012439877,-1
G018,G040,-0.0012453134,-1
G068,G061,-0.0012455791,-1
G019,G100,-0.0012460104,-1
G023,G009,-0.0012518612,-1
G043,G041,-0.0012533788,-1
G041,G009,-0.0012543056,-1
G016,G086,-0.0012550729,-1
G094,G016,-0.0012554447,-1
G013,G010,-0.0012555729,-1
G019,G028,-0.0012590924,-1
G042,G033,-0.0012599744,-1
G088,G020,-0.0012602186,-1
G003,G027,-0.0012621818,-1
G088,G021,-0.0012625494,-1
G013,G073,-0.0012628643,-1
G095,G007,-0.001263869,-1
G043,G085,-0.0012646561,-1
G055,G005,-0.0012651256,-1
G007,G078,-0.0012657229,-1
G087,G036,-0.0012677703,-1
G080,G075,-0.0012697511,-1
G055,G012,-0.001271291,-1
G029,G028,-0.0012730196,-1
G079,G016,-0.0012748649,-1
G033,G053,-0.00127492,-1
G097,G041,-0.0012754562,-1
G091,G016,-0.0012767707,-1
G058,G064,-0.001277431,-1
G003,G062,-0.0012801348,-1
G061,G020,-0.0012812843,-1
G088,G006,-0.0012837357,-1
G097,G098,-0.0012902186,-1
G023,G068,-0.0012938168,-1
G016,G060,-0.0012952936,-1
G079,G030,-0.001295652,-1
G006,G023,-0.0012972828,-1
G025,G089,-0.0012998958,-1
G055,G097,-0.0013000942,-1
G018,G007,-0.0013011579,-1
G001,G097,-0.0013028268,-1
G045,G070,-0.0013029365,-1
G043,G063,-0.0013061396,-1
G075,G053,-0.0013072387,-1
G092,G050,-0.0013080111,-1
G080,G015,-0.0013104787,-1
G051,G007,-0.0013109243,-1
G097,G010,-0.0013126747,-1
G024,G017,-0.0013174273,-1
G046,G017,-0.0013178459,-1
G097,G047,-0.0013180919,-1
G006,G021,-0.00131845,-1
G007,G065,-0.0013186862,-1
G055,G083,-0.0013199162,-1
G057,G072,-0.0013204059,-1
G041,G075,-0.001326023,-1
G061,G092,-0.0013287911,-1
G023,G006,-0.0013342239,-1
G018,G097,-0.001334725,-1
G080,G098,-0.0013350553,-1
G094,G030,-0.0013356433,-1
G060,G076,-0.0013356834,-1
G031,G073,-0.0013369281,-1
G075,G069,-0.0013370679,-1
G094,G098,-0.0013377045,-1
G075,G047,-0.0013386682,-1
G061,G015,-0.0013403409,-1
G080,G037,-0.0013435675,-1
G057,G044,-0.0013450213,-1
G074,G005,-0.0013456831,-1
G012,G050,-0.0013468263,-1
G094,G064,-0.0013476587,-1
G024,G039,-0.0013482693,-1
G092,G047,-0.0013503751,-1
G018,G009,-0.001351116,-1
G007,G082,-0.0013516741,-1
G028,G099,-0.0013517451,-1
G006,G043,-0.0013528564,-1
G095,G001,-0.0013549002,-1
G088,G015,-0.0013550896,-1
G043,G003,-0.0013562876,-1
G075,G065,-0.0013595106,-1
G003,G037,-0.001360572,-1
G096,G007,-0.0013614622,-1
G018,G022,-0.0013636186,-1
G026,G014,-0.001365305,-1
G045,G064,-0.0013659127,-1
G033,G056,-0.0013674918,-1
G066,G029,-0.0013676793,-1
G095,G024,-0.0013711316,-1
G005,G059,-0.001371159,-1
G079,G058,-0.0013739038,-1
G072,G064,-0.0013747985,-1
G043,G021,-0.0013754184,-1
G084,G097,-0.0013782232,-1
G064,G088,-0.0013804301,-1
G084,G012,-0.001381324,-1
G040,G091,-0.0013828577,-1
G055,G050,-0.0013851058,-1
G005,G023,-0.001385903,-1
G075,G057,-0.0013879328,-1
G055,G074,-0.001388186,-1
G006,G062,-0.0013891489,-1
G070,G045,-0.0013893247,-1
G061,G010,-0.001390763,-1
G014,G084,-0.0013949396,-1
G055,G016,-0.0013978082,-1
G043,G040,-0.0013978773,-1
G092,G013,-0.0013979434,-1
G020,G019,-0.0014011344,-1
G058,G046,-0.0014050406,-1
G008,G027,-0.0014103478,-1
G013,G066,-0.0014106628,-1
G035,G013,-0.0014107289,-1
G057,G027,-0.0014133021,-1
G094,G037,-0.0014134396,-1
G013,G061,-0.0014145072,-1
G013,G076,-0.0014156981,-1
G035,G098,-0.0014170024,-1
G037,G063,-0.0014174097,-1
G094,G022,-0.0014179144,-1
G045,G022,-0.00141794,-1
G050,G001,-0.0014183979,-1
G016,G083,-0.0014192184,-1
G092,G098,-0.0014215074,-1
G092,G039,-0.0014231328,-1
G043,G029,-0.0014248668,-1
G058,G075,-0.0014254098,-1
G018,G014,-0.0014266213,-1
G016,G057,-0.0014276698,-1
G052,G027,-0.0014277387,-1
G032,G019,-0.0014278176,-1
G095,G098,-0.0014313939,-1
G045,G079,-0.0014314854,-1
G050,G096,-0.0014315712,-1
G075,G073,-0.0014330823,-1
G045,G098,-0.0014339375,-1
G024,G045,-0.0014342391,-1
G043,G035,-0.0014351298,-1
G036,G083,-0.0014370265,-1
G023,G042,-0.0014375497,-1
G092,G045,-0.0014383378,-1
G003,G096,-0.0014392071,-1
G018,G098,-0.001441088,-1
G006,G059,-0.0014412957,-1
G009,G042,-0.0014423227,-1
G003,G052,-0.0014445784,-1
G018,G037,-0.0014478527,-1
G081,G018,-0.0014483072,-1
G088,G094,-0.0014489796,-1
G061,G021,-0.0014490918,-1
G005,G026,-0.0014491114,-1
G045,G047,-0.001449845,-1
G055,G077,-0.0014508099,-1
G057,G075,-0.0014563766,-1
G092,G022,-0.0014565574,-1
G084,G064,-0.001459723,-1
G075,G021,-0.0014598576,-1
G046,G032,-0.001461107,-1
G058,G096,-0.0014647633,-1
G094,G072,-0.0014692156,-1
G043,G070,-0.0014698051,-1
G092,G083,-0.0014699617,-1
G045,G100,-0.0014780686,-1
G055,G039,-0.0014784348,-1
G055,G040,-0.0014799051,-1
G088,G040,-0.0014813545,-1
G072,G075,-0.0014814445,-1
G041,G017,-0.0014877974,-1
G033,G075,-0.0014879486,-1
G043,G067,-0.0014887288,-1
G007,G035,-0.0014903034,-1
G006,G070,-0.0014906981,-1
G055,G035,-0.0014919468,-1
G048,G080,-0.001492077,-1
G018,G034,-0.0014945756,-1
G095,G066,-0.0014967478,-1
G033,G064,-0.0014978193,-1
G055,G098,-0.0014988923,-1
G048,G024,-0.0014996433,-1
G088,G012,-0.0015019019,-1
G013,G077,-0.001502578,-1
G035,G079,-0.0015057885,-1
G073,G030,-0.0015085748,-1
G039,G047,-0.0015140196,-1
G016,G021,-0.0015162057,-1
G040,G073,-0.0015174525,-1
G015,G083,-0.0015227118,-1
G043,G038,-0.0015240099,-1
G075,G100,-0.0015241941,-1
G007,G039,-0.001526038,-1
G079,G037,-0.0015262543,-1
G003,G016,-0.0015278552,-1
G043,G090,-0.0015326114,-1
G041,G064,-0.0015326582,-1
G060,G010,-0.0015328956,-1
G001,G099,-0.0015372754,-1
G055,G030,-0.0015405704,-1
G084,G037,-0.0015418474,-1
G007,G067,-0.0015484217,-1
G018,G057,-0.0015503825,-1
G016,G010,-0.0015530307,-1
G015,G073,-0.0015536901,-1
G016,G046,-0.0015553746,-1
G055,G100,-0.0015577495,-1
G061,G081,-0.0015624745,-1
G028,G078,-0.0015624762,-1
G092,G096,-0.0015644048,-1
G097,G016,-0.0015652304,-1
G034,G045,-0.0015655603,-1
G079,G064,-0.001565575,-1
G092,G024,-0.0015662163,-1
G029,G067,-0.0015669208,-1
G092,G030,-0.001567533,-1
G087,G096,-0.0015698281,-1
G061,G018,-0.0015715098,-1
G077,G100,-0.0015744591,-1
G036,G076,-0.0015754835,-1
G079,G076,-0.0015759552,-1
G016,G023,-0.0015760647,-1
G024,G098,-0.0015788523,-1
G006,G083,-0.001585786,-1
G057,G017,-0.0015887464,-1
G055,G076,-0.001589003,-1
G016,G094,-0.0015917157,-1
G088,G032,-0.0015923039,-1
G009,G026,-0.0015944495,-1
G100,G077,-0.0015976883,-1
G041,G013,-0.0015979101,-1
G043,G024,-0.0015980508,-1
G095,G083,-0.0015994102,-1
G053,G014,-0.0016006246,-1
G061,G071,-0.0016009853,-1
G097,G012,-0.0016034802,-1
G027,G091,-0.0016059338,-1
G084,G075,-0.0016067252,-1
G029,G064,-0.0016067901,-1
G061,G066,-0.0016104662,-1
G055,G059,-0.0016147769,-1
G088,G080,-0.0016155028,-1
G043,G005,-0.0016164359,-1
G043,G083,-0.0016177592,-1
G013,G098,-0.0016179733,-1
G014,G072,-0.0016218998,-1
G030,G088,-0.0016295961,-1
G028,G040,-0.0016334072,-1
G073,G018,-0.0016342823,-1
G075,G067,-0.0016378964,-1
G006,G099,-0.0016380644,-1
G016,G049,-0.0016394772,-1
G045,G058,-0.0016396603,-1
G003,G015,-0.0016433089,-1
G001,G039,-0.0016464362,-1
G075,G086,-0.0016600981,-1
G084,G098,-0.0016638789,-1
G028,G005,-0.0016647001,-1
G055,G024,-0.0016685913,-1
G040,G006,-0.0016690939,-1
G019,G094,-0.0016698923,-1
G095,G050,-0.0016724751,-1
G007,G038,-0.0016728112,-1
G007,G086,-0.0016745509,-1
G045,G093,-0.0016745668,-1
G088,G058,-0.001675862,-1
G088,G049,-0.0016760074,-1
G061,G054,-0.0016775826,-1
G055,G045,-0.0016794642,-1
G050,G045,-0.0016809155,-1
G061,G074,-0.0016849758,-1
G005,G088,-0.0016859302,-1
G043,G049,-0.0016871699,-1
G027,G056,-0.001687504,-1
G097,G058,-0.0016903192,-1
G017,G006,-0.0016931273,-1
G027,G004,-0.0016939006,-1
G055,G013,-0.0016961679,-1
G061,G064,-0.0016975276,-1
G084,G016,-0.0016997927,-1
G041,G042,-0.0017066342,-1
G007,G085,-0.001709298,-1
G088,G011,-0.0017100502,-1
G016,G074,-0.0017145622,-1
G045,G061,-0.0017207263,-1
G019,G090,-0.0017227678,-1
G003,G087,-0.0017244484,-1
G089,G011,-0.0017287732,-1
G043,G084,-0.0017303613,-1
G023,G027,-0.0017311681,-1
G061,G009,-0.0017314306,-1
G029,G001,-0.0017341317,-1
G008,G068,-0.0017356755,-1
G097,G064,-0.0017368009,-1
G075,G094,-0.0017370519,-1
G061,G080,-0.0017410795,-1
G032,G048,-0.001743271,-1
G007,G076,-0.0017501169,-1
G088,G071,-0.0017506639,-1
G017,G042,-0.0017532296,-1
G009,G033,-0.0017550151,-1
G033,G037,-0.0017563419,-1
G013,G090,-0.0017593338,-1
G053,G069,-0.0017614911,-1
G068,G027,-0.0017621779,-1
G043,G059,-0.0017635528,-1
G061,G086,-0.001764475,-1
G028,G097,-0.0017644895,-1
G017,G009,-0.0017661807,-1
G040,G065,-0.0017663748,-1
G024,G062,-0.0017671883,-1
G028,G094,-0.0017692026,-1
G048,G081,-0.0017698915,-1
G010,G095,-0.0017853811,-1
G028,G047,-0.0017865092,-1
G041,G026,-0.0017946251,-1
G016,G038,-0.0018002377,-1
G079,G013,-0.0018051311,-1
G006,G039,-0.0018056586,-1
G075,G058,-0.0018080163,-1
G031,G019,-0.001809827,-1
G061,G049,-0.001809835,-1
G068,G099,-0.0018100966,-1
G075,G049,-0.0018110757,-1
G013,G023,-0.0018186246,-1
G016,G071,-0.0018201736,-1
G032,G003,-0.0018391071,-1
G013,G038,-0.0018394842,-1
G013,G085,-0.0018429838,-1
G019,G075,-0.0018433899,-1
G074,G013,-0.0018437364,-1
G043,G098,-0.0018451493,-1
G040,G066,-0.0018466292,-1
G006,G016,-0.001848039,-1
G036,G023,-0.0018505462,-1
G061,G043,-0.0018515734,-1
G007,G098,-0.0018542291,-1
G045,G078,-0.0018585811,-1
G027,G002,-0.0018592589,-1
G001,G007,-0.0018657482,-1
G027,G061,-0.0018704411,-1
G088,G085,-0.0018720247,-1
G055,G022,-0.0018767626,-1
G095,G045,-0.0018786672,-1
G007,G004,-0.0018812048,-1
G016,G095,-0.001881453,-1
G044,G053,-0.0018839792,-1
G075,G084,-0.0018847354,-1
G036,G046,-0.001889852,-1
G075,G038,-0.0018946902,-1
G055,G093,-0.0019088063,-1
G001,G036,-0.0019089101,-1
G043,G062,-0.0019123972,-1
G088,G086,-0.0019126327,-1
G048,G094,-0.0019170472,-1
G019,G064,-0.0019172974,-1
G061,G025,-0.0019201777,-1
G040,G021,-0.0019215087,-1
G023,G017,-0.0019264623,-1
G006,G018,-0.0019264874,-1
G064,G019,-0.0019283986,-1
G073,G058,-0.0019305595,-1
G040,G057,-0.0019311171,-1
G007,G034,-0.001931999,-1
G037,G016,-0.001935674,-1
G079,G075,-0.0019397986,-1
G032,G015,-0.0019403027,-1
G088,G064,-0.0019413476,-1
G088,G010,-0.0019421324,-1
G016,G099,-0.0019480634,-1
G061,G012,-0.0019482406,-1
G032,G004,-0.0019557225,-1
G043,G058,-0.0019563432,-1
G016,G088,-0.0019563641,-1
G031,G081,-0.0019583497,-1
G007,G021,-0.0019649358,-1
G016,G011,-0.0019661942,-1
G031,G091,-0.0019678776,-1
G061,G017,-0.001968063,-1
G088,G081,-0.0019727189,-1
G013,G063,-0.001976122,-1
G075,G082,-0.0019761468,-1
G080,G083,-0.0019765552,-1
G097,G011,-0.001983184,-1
G016,G061,-0.0019843113,-1
G087,G026,-0.0019879113,-1
G031,G023,-0.0019894028,-1
G088,G099,-0.0019898838,-1
G097,G050,-0.001990361,-1
G016,G082,-0.0019913164,-1
G013,G067,-0.0019939297,-1
G061,G040,-0.0019972906,-1
G016,G027,-0.0019974587,-1
G079,G077,-0.0019976106,-1
G016,G001,-0.0020053808,-1
G001,G091,-0.0020167427,-1
G075,G083,-0.0020170836,-1
G019,G020,-0.0020171378,-1
G007,G060,-0.002025295,-1
G018,G031,-0.0020266892,-1
G033,G026,-0.0020267218,-1
G013,G054,-0.0020297316,-1
G061,G011,-0.0020331098,-1
G088,G004,-0.0020456556,-1
G024,G097,-0.0020472067,-1
G043,G076,-0.0020476254,-1
G016,G092,-0.0020500429,-1
G094,G075,-0.0020553519,-1
G026,G031,-0.0020615088,-1
G088,G087,-0.0020637535,-1
G003,G041,-0.0020637899,-1
G016,G059,-0.0020717613,-1
G088,G074,-0.002072327,-1
G001,G050,-0.0020724225,-1
G088,G045,-0.0020789271,-1
G023,G033,-0.002081073,-1
G043,G079,-0.0020856455,-1
G040,G005,-0.0020896697,-1
G075,G011,-0.0020913205,-1
G026,G003,-0.0020933282,-1
G061,G070,-0.0020938765,-1
G026,G068,-0.0020957175,-1
G024,G064,-0.0020993554,-1
G006,G095,-0.0021001205,-1
G093,G006,-0.0021013755,-1
G013,G026,-0.0021089122,-1
G064,G007,-0.002109579,-1
G040,G053,-0.0021113108,-1
G003,G058,-0.0021127462,-1
G061,G082,-0.002122896,-1
G007,G015,-0.002123166,-1
G061,G041,-0.0021241487,-1
G006,G058,-0.002124635,-1
G075,G085,-0.002126024,-1
G088,G038,-0.002128494,-1
G040,G081,-0.0021295869,-1
G026,G056,-0.0021342505,-1
G003,G044,-0.0021362233,-1
G003,G084,-0.002137449,-1
G003,G083,-0.0021378105,-1
G055,G037,-0.0021402533,-1
G075,G010,-0.0021406305,-1
G088,G054,-0.002142597,-1
G091,G068,-0.0021452017,-1
G096,G095,-0.0021455428,-1
G043,G077,-0.0021528245,-1
G016,G085,-0.002153991,-1
G003,G039,-0.002158699,-1
G040,G060,-0.0021603808,-1
G061,G067,-0.0021637506,-1
G075,G074,-0.0021793304,-1
G055,G064,-0.0021803584,-1
G084,G050,-0.0021814848,-1
G045,G043,-0.002183962,-1
G013,G049,-0.0021877917,-1
G061,G016,-0.0021896549,-1
G055,G043,-0.002191441,-1
G061,G063,-0.0021945597,-1
G043,G039,-0.0021960093,-1
G040,G020,-0.0021990777,-1
G087,G043,-0.002200108,-1
G096,G050,-0.002204166,-1
G061,G033,-0.002208154,-1
G061,G038,-0.0022188376,-1
G051,G036,-0.0022198374,-1
G017,G026,-0.0022228085,-1
G092,G095,-0.0022262577,-1
G046,G096,-0.0022284337,-1
G018,G064,-0.002233102,-1
G064,G033,-0.0022384312,-1
G025,G006,-0.0022486544,-1
G088,G082,-0.0022553126,-1
G006,G030,-0.0022553862,-1
G080,G036,-0.0022573762,-1
G016,G047,-0.002261451,-1
G061,G083,-0.0022622268,-1
G070,G008,-0.0022628978,-1
G018,G096,-0.0022637777,-1
G088,G029,-0.0022646047,-1
G018,G075,-0.0022666233,-1
G006,G005,-0.002269443,-1
G092,G064,-0.002270699,-1
G046,G098,-0.0022731472,-1
G043,G037,-0.0022733754,-1
G033,G032,-0.0022783424,-1
G087,G069,-0.0022804441,-1
G026,G044,-0.00228082,-1
G007,G029,-0.0022819298,-1
G096,G022,-0.0022851375,-1
G061,G085,-0.0022932338,-1
G040,G085,-0.0022932885,-1
G045,G027,-0.0022958897,-1
G043,G047,-0.0023123326,-1
G013,G043,-0.0023133894,-1
G032,G057,-0.0023179145,-1
G094,G083,-0.0023190384,-1
G043,G100,-0.0023197653,-1
G001,G045,-0.002336796,-1
G016,G063,-0.0023394513,-1
G007,G070,-0.0023444311,-1
G045,G084,-0.0023467666,-1
G010,G007,-0.0023534747,-1
G033,G080,-0.0023546303,-1
G003,G012,-0.0023585993,-1
G047,G005,-0.0023696378,-1
G028,G030,-0.0023705096,-1
G061,G046,-0.0023779066,-1
G019,G047,-0.0023785015,-1
G079,G035,-0.0023871257,-1
G088,G075,-0.0023884394,-1
G055,G075,-0.0023909293,-1
G040,G054,-0.0023969244,-1
G061,G034,-0.0023977258,-1
G052,G068,-0.0024004306,-1
G088,G063,-0.0024043203,-1
G088,G041,-0.0024048295,-1
G002,G019,-0.0024051575,-1
G016,G072,-0.0024060702,-1
G084,G045,-0.0024127653,-1
G097,G027,-0.0024210268,-1
G088,G084,-0.0024240657,-1
G013,G079,-0.0024248145,-1
G061,G050,-0.0024282988,-1
G053,G004,-0.0024352565,-1
G016,G037,-0.002435932,-1
G047,G075,-0.0024404747,-1
G006,G037,-0.0024416163,-1
G013,G093,-0.0024447304,-1
G007,G079,-0.0024492953,-1
G095,G041,-0.0024537304,-1
G013,G082,-0.0024550918,-1
G088,G097,-0.0024607815,-1
G088,G018,-0.002461926,-1
G032,G087,-0.0024628458,-1
G080,G024,-0.0024655068,-1
G088,G025,-0.0024664968,-1
G095,G018,-0.0024676188,-1
G088,G055,-0.0024702833,-1
G031,G100,-0.0024750775,-1
G026,G089,-0.002475509,-1
G088,G072,-0.0024825402,-1
G032,G020,-0.0024944185,-1
G016,G035,-0.002496502,-1
G031,G020,-0.0025008384,-1
G075,G054,-0.0025034759,-1
G088,G067,-0.002504414,-1
G096,G046,-0.002509789,-1
G043,G016,-0.0025176262,-1
G061,G084,-0.0025227116,-1
G007,G062,-0.0025331022,-1
G001,G019,-0.0025346964,-1
G069,G087,-0.0025372023,-1
G013,G040,-0.002540062,-1
G043,G012,-0.0025425008,-1
G039,G100,-0.002545754,-1
G061,G072,-0.0025474147,-1
G017,G033,-0.0025474357,-1
G061,G077,-0.0025488704,-1
G088,G034,-0.0025497274,-1
G003,G035,-0.0025511493,-1
G072,G074,-0.0025520693,-1
G060,G024,-0.002560331,-1
G040,G059,-0.002565614,-1
G075,G080,-0.0025713134,-1
G045,G034,-0.0025715206,-1
G088,G083,-0.0025845761,-1
G043,G030,-0.0025867487,-1
G084,G072,-0.0025947466,-1
G030,G073,-0.002596535,-1
G045,G041,-0.002600261,-1
G088,G092,-0.0026059744,-1
G007,G047,-0.0026073332,-1
G015,G024,-0.0026132953,-1
G071,G006,-0.0026136667,-1
G031,G004,-0.0026142225,-1
G087,G025,-0.0026147368,-1
G096,G032,-0.0026249283,-1
G075,G063,-0.0026269318,-1
G030,G075,-0.0026408904,-1
G028,G023,-0.0026420513,-1
G043,G045,-0.0026455857,-1
G061,G004,-0.0026458737,-1
G046,G022,-0.0026480616,-1
G040,G012,-0.0026490176,-1
G026,G007,-0.0026511487,-1
G043,G013,-0.0026555473,-1
G040,G086,-0.0026582435,-1
G016,G040,-0.0026640699,-1
G075,G034,-0.0026664713,-1
G040,G049,-0.002668863,-1
G075,G055,-0.0026689928,-1
G036,G061,-0.0026705086,-1
G032,G081,-0.0026756234,-1
G088,G036,-0.0026825806,-1
G014,G078,-0.0026837608,-1
G032,G099,-0.0026846728,-1
G033,G046,-0.0026955542,-1
G016,G058,-0.0027006245,-1
G013,G022,-0.0027057894,-1
G088,G052,-0.0027197895,-1
G036,G066,-0.0027203383,-1
G040,G082,-0.002721504,-1
G032,G065,-0.0027216426,-1
G023,G007,-0.002731072,-1
G040,G080,-0.0027337945,-1
G064,G075,-0.0027349594,-1
G068,G078,-0.002741586,-1
G008,G091,-0.0027496428,-1
G075,G039,-0.0027505546,-1
G032,G021,-0.002750754,-1
G092,G093,-0.0027509371,-1
G039,G053,-0.0027631351,-1
G016,G079,-0.0027666118,-1
G007,G064,-0.0027724518,-1
G061,G035,-0.002775749,-1
G069,G036,-0.002777787,-1
G016,G084,-0.0027866303,-1
G007,G094,-0.0027927414,-1
G006,G025,-0.0027951791,-1
G013,G034,-0.0027971193,-1
G053,G073,-0.0028047601,-1
G033,G083,-0.002805852,-1
G068,G052,-0.0028079506,-1
G018,G025,-0.0028107166,-1
G061,G099,-0.002815493,-1
G061,G095,-0.002816296,-1
G040,G063,-0.002824441,-1
G095,G032,-0.0028259724,-1
G010,G099,-0.0028280923,-1
G087,G055,-0.0028302495,-1
G080,G094,-0.0028351264,-1
G007,G080,-0.0028357785,-1
G061,G079,-0.0028422922,-1
G040,G038,-0.0028507037,-1
G013,G037,-0.0028519146,-1
G094,G024,-0.0028522618,-1
G028,G054,-0.002852311,-1
G026,G002,-0.0028593468,-1
G093,G087,-0.0028602523,-1
G061,G029,-0.002861224,-1
G061,G036,-0.002869038,-1
G094,G036,-0.0028718817,-1
G032,G086,-0.002873034,-1
G016,G098,-0.002886299,-1
G071,G007,-0.0028881768,-1
G067,G029,-0.0028932604,-1
G016,G039,-0.002902042,-1
G053,G048,-0.0029032577,-1
G075,G041,-0.0029043257,-1
G043,G022,-0.0029166637,-1
G036,G009,-0.0029177603,-1
G040,G026,-0.002919977,-1
G013,G030,-0.0029218993,-1
G044,G047,-0.0029243561,-1
G088,G009,-0.0029292803,-1
G075,G018,-0.0029300062,-1
G075,G070,-0.0029353632,-1
G016,G090,-0.002936214,-1
G016,G012,-0.002953855,-1
G088,G047,-0.0029598952,-1
G061,G062,-0.00296046,-1
G061,G042,-0.0029711716,-1
G088,G033,-0.002975671,-1
G013,G099,-0.0029802388,-1
G005,G004,-0.0029832546,-1
G055,G096,-0.0029877063,-1
G008,G015,-0.0029892116,-1
G045,G077,-0.0029899296,-1
G060,G011,-0.0029923976,-1
G040,G050,-0.003001103,-1
G033,G059,-0.00300246,-1
G043,G050,-0.0030087337,-1
G094,G080,-0.0030096308,-1
G061,G096,-0.0030108697,-1
G053,G099,-0.00301103,-1
G043,G092,-0.0030355647,-1
G014,G027,-0.0030368115,-1
G033,G018,-0.0030485808,-1
G061,G076,-0.0030548824,-1
G023,G026,-0.0030687528,-1
G013,G084,-0.003071975,-1
G016,G093,-0.003084574,-1
G013,G097,-0.0030897977,-1
G019,G002,-0.0030928424,-1
G036,G017,-0.0030955859,-1
G033,G017,-0.0030985638,-1
G026,G028,-0.0030989524,-1
G036,G006,-0.0031054225,-1
G001,G060,-0.003117998,-1
G007,G063,-0.0031183022,-1
G075,G062,-0.0031207397,-1
G046,G007,-0.0031213632,-1
G040,G074,-0.0031302965,-1
G097,G035,-0.0031413073,-1
G028,G019,-0.0031419443,-1
G036,G062,-0.0031447962,-1
G007,G022,-0.003151755,-1
G001,G066,-0.0031546424,-1
G040,G099,-0.0031558534,-1
G033,G009,-0.0031614178,-1
G007,G090,-0.003162136,-1
G045,G003,-0.0031639787,-1
G007,G071,-0.0031717047,-1
G092,G075,-0.0031732114,-1
G061,G058,-0.003174492,-1
G053,G089,-0.0031766077,-1
G088,G035,-0.0031940604,-1
G031,G021,-0.003195649,-1
G007,G100,-0.003203328,-1
G013,G064,-0.003209154,-1
G081,G048,-0.0032354675,-1
G016,G062,-0.0032423679,-1
G043,G097,-0.0032441195,-1
G088,G062,-0.0032447258,-1
G016,G024,-0.0032538688,-1
G005,G008,-0.0032543505,-1
G078,G013,-0.0032550078,-1
G098,G088,-0.0032609985,-1
G026,G069,-0.0032681338,-1
G032,G012,-0.0032685937,-1
G028,G064,-0.0032791654,-1
G013,G086,-0.003279404,-1
G088,G023,-0.0032804129,-1
G032,G038,-0.0032833915,-1
G033,G042,-0.0032858413,-1
G013,G009,-0.0032905706,-1
G032,G060,-0.0032998733,-1
G075,G072,-0.0033025893,-1
G013,G039,-0.0033066156,-1
G016,G076,-0.003312984,-1
G040,G023,-0.0033136809,-1
G043,G064,-0.0033143475,-1
G028,G070,-0.0033157007,-1
G028,G029,-0.0033208907,-1
G031,G099,-0.0033311797,-1
G003,G068,-0.0033321744,-1
G040,G077,-0.003335764,-1
G061,G098,-0.0033406864,-1
G099,G001,-0.0033580235,-1
G088,G046,-0.0033629213,-1
G069,G025,-0.0033667155,-1
G031,G015,-0.0033681644,-1
G075,G006,-0.0033780278,-1
G047,G062,-0.003379816,-1
G075,G016,-0.003386272,-1
G096,G036,-0.0033871317,-1
G061,G097,-0.0033893825,-1
G006,G089,-0.0033901797,-1
G047,G044,-0.0033947579,-1
G075,G095,-0.0034086127,-1
G096,G098,-0.0034113554,-1
G045,G013,-0.003432224,-1
G099,G066,-0.0034364627,-1
G084,G013,-0.0034441885,-1
G088,G017,-0.0034472162,-1
G016,G005,-0.0034491275,-1
G026,G073,-0.0034516915,-1
G061,G037,-0.0034633642,-1
G024,G015,-0.0034648736,-1
G061,G005,-0.0034658953,-1
G033,G006,-0.0034683917,-1
G075,G079,-0.0034714614,-1
G032,G077,-0.003472855,-1
G032,G085,-0.0034836081,-1
G032,G040,-0.0034873355,-1
G040,G009,-0.003490473,-1
G016,G043,-0.0035034972,-1
G016,G029,-0.003504889,-1
G060,G100,-0.0035064437,-1
G088,G076,-0.003508386,-1
G032,G049,-0.0035137972,-1
G061,G093,-0.0035169944,-1
G007,G005,-0.003520849,-1
G013,G095,-0.0035227628,-1
G013,G027,-0.0035462603,-1
G019,G001,-0.0035531295,-1
G014,G057,-0.0035558569,-1
G088,G077,-0.0035634206,-1
G032,G071,-0.0035679138,-1
G060,G093,-0.003577497,-1
G088,G059,-0.0035916136,-1
G040,G011,-0.0036050982,-1
G018,G095,-0.0036078554,-1
G075,G090,-0.003612972,-1
G040,G090,-0.0036145917,-1
G025,G069,-0.0036152683,-1
G092,G097,-0.0036168795,-1
G083,G015,-0.003619974,-1
G040,G010,-0.00362233,-1
G075,G096,-0.0036299864,-1
G063,G023,-0.0036447046,-1
G040,G055,-0.0036452676,-1
G092,G087,-0.003647697,-1
G031,G077,-0.0036499081,-1
G088,G079,-0.0036518215,-1
G032,G082,-0.0036561585,-1
G026,G012,-0.0036577699,-1
G045,G012,-0.003660716,-1
G078,G001,-0.0036618125,-1
G031,G046,-0.0036657995,-1
G053,G061,-0.0036695148,-1
G061,G052,-0.0036772494,-1
G040,G094,-0.0036932246,-1
G075,G005,-0.0036933345,-1
G031,G087,-0.0037063693,-1
G040,G070,-0.0037143957,-1
G016,G048,-0.0037171587,-1
G040,G034,-0.0037241564,-1
G016,G041,-0.0037242768,-1
G006,G064,-0.0037299811,-1
G060,G071,-0.003743846,-1
G075,G025,-0.00375053,-1
G032,G034,-0.0037531746,-1
G032,G063,-0.0037538235,-1
G033,G024,-0.0037726876,-1
G088,G096,-0.0037904058,-1
G027,G019,-0.0037919814,-1
G061,G045,-0.0037935853,-1
G088,G037,-0.003797215,-1
G006,G026,-0.0038030539,-1
G070,G028,-0.0038033489,-1
G045,G024,-0.003803634,-1
G053,G088,-0.0038055128,-1
G016,G096,-0.003813261,-1
G071,G060,-0.0038158959,-1
G093,G071,-0.0038334148,-1
G025,G087,-0.003842218,-1
G026,G019,-0.003842378,-1
G053,G020,-0.0038466135,-1
G013,G100,-0.0038469813,-1
G075,G035,-0.0038532654,-1
G013,G041,-0.0038538484,-1
G007,G016,-0.0038559674,-1
G071,G093,-0.003857013,-1
G015,G036,-0.003859988,-1
G016,G050,-0.0038670741,-1
G075,G076,-0.0038679831,-1
G028,G075,-0.0038700104,-1
G031,G071,-0.0038715017,-1
G006,G075,-0.0038748384,-1
G088,G093,-0.0038780265,-1
G043,G055,-0.0038928,-1
G032,G009,-0.0038931696,-1
G023,G058,-0.003913277,-1
G006,G096,-0.003921725,-1
G032,G023,-0.00393142,-1
G036,G052,-0.0039340877,-1
G075,G098,-0.0039346307,-1
G031,G065,-0.0039413944,-1
G016,G081,-0.0039470806,-1
G064,G001,-0.0039536897,-1
G053,G019,-0.0039591915,-1
G068,G066,-0.0039613754,-1
G015,G018,-0.0039626663,-1
G097,G079,-0.003966949,-1
G061,G022,-0.0039784173,-1
G088,G042,-0.003999037,-1
G093,G060,-0.0040079476,-1
G003,G025,-0.004020986,-1
G040,G036,-0.00402263,-1
G026,G048,-0.0040245336,-1
G018,G003,-0.004026572,-1
G068,G051,-0.004029973,-1
G047,G073,-0.0040440145,-1
G032,G067,-0.0040468723,-1
G043,G075,-0.004050109,-1
G006,G009,-0.0040534283,-1
G024,G083,-0.004060043,-1
G088,G068,-0.004070544,-1
G007,G061,-0.0040778066,-1
G061,G013,-0.004081739,-1
G003,G036,-0.0040893354,-1
G007,G027,-0.004096886,-1
G032,G094,-0.0041051875,-1
G016,G022,-0.004109183,-1
G075,G059,-0.0041270326,-1
G007,G010,-0.0041273087,-1
G088,G027,-0.004127955,-1
G024,G076,-0.004135475,-1
G016,G097,-0.0041407845,-1
G043,G087,-0.0041456553,-1
G032,G090,-0.0041499003,-1
G032,G017,-0.00415306,-1
G040,G017,-0.0041542253,-1
G097,G022,-0.0041573397,-1
G061,G024,-0.0041638752,-1
G027,G052,-0.004192303,-1
G040,G100,-0.0041977656,-1
G047,G072,-0.0042098984,-1
G093,G076,-0.004212455,-1
G040,G046,-0.0042150305,-1
G061,G047,-0.0042258142,-1
G083,G024,-0.004250204,-1
G007,G024,-0.004270755,-1
G043,G093,-0.004275854,-1
G040,G058,-0.0042836103,-1
G032,G025,-0.004292776,-1
G007,G092,-0.0042939726,-1
G003,G091,-0.0043034493,-1
G003,G004,-0.0043104226,-1
G032,G011,-0.0043165754,-1
G028,G034,-0.0043536597,-1
G088,G024,-0.0043828106,-1
G023,G029,-0.0043905242,-1
G040,G098,-0.0043960745,-1
G086,G018,-0.004402732,-1
G089,G006,-0.0044125575,-1
G040,G045,-0.004418778,-1
G031,G042,-0.0044189836,-1
G006,G042,-0.004420422,-1
G013,G046,-0.004424867,-1
G075,G024,-0.0044464082,-1
G037,G089,-0.0044501047,-1
G032,G042,-0.0044696713,-1
G075,G097,-0.0044925953,-1
G088,G039,-0.004505098,-1
G040,G083,-0.0045106676,-1
G040,G084,-0.004521443,-1
G031,G060,-0.004523691,-1
G001,G078,-0.004529947,-1
G028,G096,-0.004534675,-1
G097,G068,-0.004536695,-1
G093,G043,-0.0045485403,-1
G031,G038,-0.0045637623,-1
G031,G094,-0.0045656287,-1
G031,G085,-0.0045690145,-1
G013,G042,-0.0045846943,-1
G016,G075,-0.0045900173,-1
G075,G037,-0.0046006353,-1
G024,G077,-0.0046173614,-1
G097,G013,-0.0046277135,-1
G061,G073,-0.0046350327,-1
G031,G049,-0.0046361242,-1
G073,G088,-0.0046508037,-1
G075,G013,-0.00469375,-1
G031,G030,-0.0046979855,-1
G032,G055,-0.0047066174,-1
G032,G059,-0.004712998,-1
G071,G076,-0.004717149,-1
G088,G005,-0.0047186962,-1
G026,G015,-0.004737755,-1
G031,G057,-0.0047461973,-1
G036,G028,-0.004748438,-1
G075,G093,-0.0047525577,-1
G075,G046,-0.0047560735,-1
G075,G087,-0.004768661,-1
G003,G010,-0.0047839866,-1
G040,G042,-0.004789996,-1
G031,G086,-0.004795573,-1
G003,G050,-0.0048057497,-1
G032,G013,-0.004821958,-1
G013,G096,-0.004826318,-1
G005,G084,-0.004839141,-1
G065,G001,-0.004847358,-1
G036,G015,-0.0048627374,-1
G032,G080,-0.0048668263,-1
G042,G036,-0.0048907213,-1
G040,G013,-0.0048923856,-1
G088,G095,-0.004899837,-1
G075,G009,-0.0049051167,-1
G053,G065,-0.00490672,-1
G040,G093,-0.0049102656,-1
G003,G002,-0.004933555,-1
G040,G092,-0.004935864,-1
G040,G079,-0.004937574,-1
G040,G035,-0.004953666,-1
G075,G092,-0.004966501,-1
G053,G077,-0.004972048,-1
G016,G064,-0.004972132,-1
G032,G074,-0.0049732127,-1
G013,G075,-0.0050125634,-1
G088,G013,-0.0050294064,-1
G040,G047,-0.0050332127,-1
G088,G022,-0.0050418507,-1
G096,G035,-0.005046705,-1
G068,G047,-0.0050543686,-1
G032,G070,-0.0050544017,-1
G078,G051,-0.005068869,-1
G003,G060,-0.005071883,-1
G026,G040,-0.005076235,-1
G090,G088,-0.0050795865,-1
G040,G048,-0.0050939303,-1
G097,G076,-0.0051096007,-1
G006,G017,-0.0051435046,-1
G036,G024,-0.0051442953,-1
G026,G088,-0.005145276,-1
G028,G046,-0.0051455344,-1
G040,G041,-0.0051731328,-1
G032,G061,-0.0051949243,-1
G046,G035,-0.0052012107,-1
G053,G012,-0.005211288,-1
G040,G076,-0.0052184565,-1
G088,G026,-0.005224546,-1
G026,G077,-0.0052245683,-1
G031,G063,-0.0052275355,-1
G032,G083,-0.005227985,-1
G032,G010,-0.00523887,-1
G032,G022,-0.0052400124,-1
G061,G027,-0.00524474,-1
G036,G033,-0.0052478597,-1
G018,G080,-0.0052485187,-1
G053,G028,-0.0052585793,-1
G029,G018,-0.005265465,-1
G033,G055,-0.005273813,-1
G057,G028,-0.00527698,-1
G040,G062,-0.0053133713,-1
G045,G001,-0.005320537,-1
G032,G084,-0.0053247446,-1
G053,G057,-0.0053250347,-1
G040,G037,-0.005330487,-1
G031,G025,-0.0053635715,-1
G097,G045,-0.005372991,-1
G088,G043,-0.005392572,-1
G006,G013,-0.0053962525,-1
G031,G032,-0.005397602,-1
G032,G045,-0.0054059355,-1
G075,G022,-0.0054083113,-1
G031,G040,-0.005411675,-1
G013,G017,-0.0054272395,-1
G033,G095,-0.0054366575,-1
G044,G058,-0.0054446193,-1
G045,G050,-0.005447426,-1
G040,G016,-0.005491215,-1
G060,G001,-0.0055106813,-1
G006,G060,-0.0055188583,-1
G031,G083,-0.0055409414,-1
G088,G060,-0.0055434527,-1
G006,G046,-0.0056202216,-1
G031,G027,-0.005648114,-1
G026,G052,-0.005665668,-1
G053,G081,-0.005672733,-1
G040,G072,-0.005675208,-1
G053,G050,-0.005681164,-1
G009,G007,-0.005689474,-1
G047,G058,-0.0057442095,-1
G032,G033,-0.0057556625,-1
G040,G096,-0.0057603717,-1
G031,G080,-0.005760407,-1
G027,G068,-0.005762374,-1
G031,G011,-0.0057760403,-1
G030,G001,-0.0057864226,-1
G053,G021,-0.00579498,-1
G032,G079,-0.005824849,-1
G006,G033,-0.005868923,-1
G023,G059,-0.0058742873,-1
G064,G057,-0.005889127,-1
G035,G062,-0.0059021944,-1
G039,G064,-0.0059373877,-1
G032,G076,-0.0059441547,-1
G075,G017,-0.0059461305,-1
G032,G030,-0.0059467163,-1
G036,G029,-0.0059663327,-1
G061,G068,-0.005967501,-1
G039,G030,-0.00598534,-1
G024,G022,-0.005988044,-1
G003,G018,-0.005989072,-1
G032,G036,-0.0059913243,-1
G032,G100,-0.006010132,-1
G031,G074,-0.0060113333,-1
G018,G082,-0.0060212365,-1
G053,G092,-0.00603468,-1
G007,G013,-0.006057916,-1
G036,G096,-0.006064379,-1
G026,G060,-0.006094263,-1
G003,G092,-0.006094735,-1
G031,G029,-0.006105082,-1
G032,G092,-0.0061225262,-1
G040,G039,-0.0061477344,-1
G006,G010,-0.006154531,-1
G040,G043,-0.0061598495,-1
G026,G004,-0.00616401,-1
G053,G054,-0.006192392,-1
G010,G066,-0.0062012384,-1
G013,G078,-0.0062049483,-1
G003,G061,-0.006209655,-1
G031,G098,-0.006223377,-1
G032,G093,-0.0062750806,-1
G028,G009,-0.0063014347,-1
G031,G090,-0.006301527,-1
G060,G092,-0.0063221343,-1
G053,G086,-0.0063336603,-1
G031,G082,-0.006408492,-1
G053,G003,-0.0064283763,-1
G027,G080,-0.006446808,-1
G053,G038,-0.0064806174,-1
G032,G062,-0.006480946,-1
G075,G023,-0.006484677,-1
G035,G006,-0.0064964406,-1
G061,G090,-0.0065060197,-1
G075,G042,-0.006523743,-1
G026,G081,-0.006525005,-1
G032,G037,-0.006539722,-1
G032,G016,-0.006566107,-1
G053,G040,-0.006573567,-1
G092,G043,-0.0065742563,-1
G040,G024,-0.0065846094,-1
G031,G058,-0.006600496,-1
G026,G021,-0.0066325306,-1
G027,G013,-0.0066407677,-1
G053,G049,-0.006662649,-1
G040,G033,-0.006673482,-1
G083,G036,-0.0066939904,-1
G053,G085,-0.0067003346,-1
G031,G010,-0.00672404,-1
G093,G097,-0.006728167,-1
G026,G051,-0.006746303,-1
G040,G095,-0.0067530535,-1
G017,G007,-0.006796934,-1
G031,G036,-0.006819943,-1
G086,G080,-0.0068248995,-1
G032,G072,-0.0068268105,-1
G031,G059,-0.006846517,-1
G026,G065,-0.0068469313,-1
G007,G041,-0.006857722,-1
G032,G039,-0.006871575,-1
G067,G040,-0.0069022784,-1
G033,G007,-0.0069357515,-1
G040,G097,-0.006936623,-1
G053,G037,-0.0069435225,-1
G007,G088,-0.0069467374,-1
G053,G045,-0.006954747,-1
G007,G058,-0.006959356,-1
G025,G024,-0.006961798,-1
G031,G047,-0.0069623413,-1
G026,G032,-0.007019726,-1
G031,G055,-0.007032844,-1
G032,G041,-0.007062233,-1
G050,G032,-0.0070638787,-1
G087,G095,-0.007108056,-1
G070,G016,-0.007114569,-1
G031,G035,-0.0071628345,-1
G048,G018,-0.0071848356,-1
G026,G057,-0.007256309,-1
G001,G015,-0.0072599803,-1
G006,G014,-0.007277116,-1
G031,G067,-0.007283356,-1
G031,G003,-0.007295152,-1
G031,G079,-0.0073145325,-1
G016,G013,-0.0073238225,-1
G026,G086,-0.0073247026,-1
G075,G033,-0.0073580216,-1
G060,G097,-0.007370512,-1
G028,G006,-0.0073735267,-1
G040,G018,-0.0074348757,-1
G040,G022,-0.0074379533,-1
G007,G093,-0.0074506416,-1
G026,G029,-0.007465577,-1
G005,G094,-0.007467734,-1
G026,G084,-0.0074783545,-1
G091,G039,-0.007506827,-1
G010,G001,-0.0075417277,-1
G042,G007,-0.0076264446,-1
G053,G067,-0.007636348,-1
G008,G061,-0.007643378,-1
G026,G071,-0.0076474445,-1
G024,G018,-0.0076684877,-1
G053,G029,-0.0077081695,-1
G073,G014,-0.0077280863,-1
G053,G063,-0.007761773,-1
G026,G027,-0.0077903033,-1
G031,G061,-0.00779575,-1
G024,G036,-0.007821887,-1
G026,G038,-0.007841495,-1
G047,G064,-0.007868251,-1
G031,G037,-0.007921792,-1
G031,G041,-0.007949239,-1
G075,G030,-0.007950623,-1
G014,G028,-0.007968898,-1
G075,G007,-0.008014281,-1
G075,G043,-0.008018163,-1
G033,G041,-0.008101992,-1
G053,G082,-0.008116349,-1
G026,G036,-0.0081209075,-1
G026,G094,-0.008125712,-1
G045,G097,-0.008138778,-1
G072,G084,-0.008141908,-1
G032,G043,-0.008161594,-1
G053,G010,-0.008166036,-1
G053,G025,-0.008167413,-1
G001,G051,-0.008173816,-1
G053,G090,-0.0081911655,-1
G061,G100,-0.008211335,-1
G032,G024,-0.008225259,-1
G071,G097,-0.008238013,-1
G053,G059,-0.008242441,-1
G026,G049,-0.008247532,-1
G031,G068,-0.008259366,-1
G053,G079,-0.008343382,-1
G031,G012,-0.008379233,-1
G053,G023,-0.0084064,-1
G031,G092,-0.008409427,-1
G005,G099,-0.00842799,-1
G053,G087,-0.008430149,-1
G026,G085,-0.008430631,-1
G032,G064,-0.008456722,-1
G083,G018,-0.008501341,-1
G039,G075,-0.008527928,-1
G032,G075,-0.008528184,-1
G026,G067,-0.008549713,-1
G032,G006,-0.008561599,-1
G039,G060,-0.008566879,-1
G059,G083,-0.008574588,-1
G053,G034,-0.008582037,-1
G032,G005,-0.008587178,-1
G053,G074,-0.008636586,-1
G026,G082,-0.008653324,-1
G062,G082,-0.008676201,-1
G005,G061,-0.008712705,-1
G032,G018,-0.008718894,-1
G018,G042,-0.008731715,-1
G026,G011,-0.008756503,-1
G043,G036,-0.008828242,-1
G053,G100,-0.008952833,-1
G005,G052,-0.008965023,-1
G031,G076,-0.009000867,-1
G031,G062,-0.009077055,-1
G053,G080,-0.009091056,-1
G026,G034,-0.009093514,-1
G001,G047,-0.009102784,-1
G057,G019,-0.009126737,-1
G053,G036,-0.00915471,-1
G071,G092,-0.009175831,-1
G093,G026,-0.00920126,-1
G031,G095,-0.0092218,-1
G040,G030,-0.009253869,-1
G053,G084,-0.009268708,-1
G007,G036,-0.009291624,-1
G045,G068,-0.009303629,-1
G053,G094,-0.009308158,-1
G026,G054,-0.009329621,-1
G007,G087,-0.009343078,-1
G093,G092,-0.009365365,-1
G053,G070,-0.009384177,-1
G053,G032,-0.009416747,-1
G053,G098,-0.009454389,-1
G026,G074,-0.009458151,-1
G053,G076,-0.009468243,-1
G026,G063,-0.009484601,-1
G053,G058,-0.0095002875,-1
G031,G093,-0.009554386,-1
G031,G039,-0.009564221,-1
G026,G047,-0.009570805,-1
G053,G047,-0.009594197,-1
G057,G014,-0.009595145,-1
G003,G022,-0.009597298,-1
G027,G094,-0.009685827,-1
G026,G080,-0.009718087,-1
G031,G096,-0.009772224,-1
G026,G030,-0.009777569,-1
G053,G035,-0.009792909,-1
G031,G084,-0.00994748,-1
G026,G058,-0.010024165,-1
G053,G009,-0.010037874,-1
G037,G023,-0.010040896,-1
G064,G013,-0.010051493,-1
G075,G064,-0.010114766,-1
G031,G072,-0.0101448735,-1
G053,G083,-0.010193155,-1
G026,G090,-0.0103373565,-1
G031,G075,-0.010428598,-1
G075,G088,-0.010430697,-1
G031,G024,-0.010431358,-1
G031,G001,-0.010432293,-1
G053,G011,-0.010435981,-1
G026,G096,-0.010442632,-1
G028,G026,-0.0104820235,-1
G032,G058,-0.010484976,-1
G026,G010,-0.010522589,-1
G032,G029,-0.010598624,-1
G031,G097,-0.010704699,-1
G022,G035,-0.01072617,-1
G036,G095,-0.010779847,-1
G001,G088,-0.0109134875,-1
G053,G041,-0.010951504,-1
G026,G098,-0.010957634,-1
G084,G090,-0.01099756,-1
G024,G008,-0.010998155,-1
G097,G092,-0.011009227,-1
G031,G022,-0.011017893,-1
G001,G008,-0.011084021,-1
G026,G020,-0.011086771,-1
G026,G070,-0.011175319,-1
G022,G079,-0.011178843,-1
G031,G064,-0.011215804,-1
G032,G097,-0.0113403415,-1
G053,G007,-0.011372279,-1
G097,G024,-0.011385409,-1
G053,G055,-0.011438093,-1
G092,G026,-0.0114871515,-1
G003,G011,-0.011515717,-1
G026,G100,-0.011631761,-1
G026,G041,-0.011716393,-1
G003,G021,-0.011727024,-1
G043,G096,-0.011876733,-1
G041,G096,-0.011930759,-1
G034,G067,-0.011944644,-1
G013,G018,-0.011949971,-1
G053,G017,-0.011966437,-1
G026,G083,-0.012085458,-1
G026,G025,-0.012135501,-1
G014,G013,-0.012139148,-1
G040,G064,-0.012152585,-1
G026,G035,-0.012164022,-1
G001,G004,-0.012311628,-1
G053,G062,-0.012322692,-1
G017,G016,-0.012528981,-1
G053,G046,-0.01255382,-1
G031,G005,-0.012573216,-1
G053,G042,-0.012574648,-1
G026,G013,-0.012687014,-1
G072,G086,-0.012697948,-1
G005,G027,-0.012709213,-1
G029,G075,-0.012714944,-1
G026,G059,-0.012742999,-1
G024,G079,-0.0128723085,-1
G026,G097,-0.012924661,-1
G053,G072,-0.013054795,-1
G007,G068,-0.013110166,-1
G026,G023,-0.013115509,-1
G053,G016,-0.0131426295,-1
G043,G065,-0.013201345,-1
G026,G072,-0.013214732,-1
G006,G007,-0.013313041,-1
G031,G070,-0.0133288745,-1
G053,G030,-0.013356379,-1
G031,G050,-0.013425646,-1
G047,G057,-0.013506378,-1
G026,G006,-0.013586453,-1
G031,G013,-0.013649783,-1
G031,G028,-0.013682126,-1
G005,G068,-0.013715082,-1
G026,G062,-0.013834329,-1
G026,G079,-0.013873418,-1
G053,G039,-0.013903698,-1
G068,G091,-0.0139154205,-1
G053,G013,-0.014006306,-1
G006,G011,-0.0140257655,-1
G014,G019,-0.01405261,-1
G032,G007,-0.014204879,-1
G053,G024,-0.014529937,-1
G007,G097,-0.014572924,-1
G005,G020,-0.0146235,-1
G026,G037,-0.014627439,-1
G075,G026,-0.014643548,-1
G026,G001,-0.014690374,-1
G053,G022,-0.0146936895,-1
G026,G061,-0.0148331635,-1
G007,G084,-0.014849936,-1
G053,G096,-0.0148510765,-1
G026,G016,-0.014946821,-1
G032,G095,-0.015007849,-1
G007,G077,-0.01505501,-1
G030,G016,-0.015104787,-1
G031,G043,-0.015133311,-1
G026,G039,-0.015308578,-1
G007,G043,-0.015323338,-1
G013,G033,-0.015399534,-1
G053,G005,-0.0154416505,-1
G068,G001,-0.015535195,-1
G013,G094,-0.015554989,-1
G019,G074,-0.015594424,-1
G026,G075,-0.015771575,-1
G053,G033,-0.01579774,-1
G026,G076,-0.015896663,-1
G076,G092,-0.016344512,-1
G032,G054,-0.01637985,-1
G026,G005,-0.016448064,-1
G026,G009,-0.01666273,-1
G026,G064,-0.016732108,-1
G019,G084,-0.016898261,-1
G057,G030,-0.01698279,-1
G053,G095,-0.017240215,-1
G026,G024,-0.017373385,-1
G013,G080,-0.01762404,-1
G053,G097,-0.017763082,-1
G055,G007,-0.018329188,-1
G026,G022,-0.018358376,-1
G049,G007,-0.018482633,-1
G085,G047,-0.018709011,-1
G026,G046,-0.018851452,-1
G053,G018,-0.01890884,-1
G076,G018,-0.019095736,-1
G003,G079,-0.019555716,-1
G040,G001,-0.01968364,-1
G053,G064,-0.0197735,-1
G026,G017,-0.019914437,-1
G016,G077,-0.020268641,-1
G026,G042,-0.020314334,-1
G037,G007,-0.020443302,-1
G053,G075,-0.02054064,-1
G016,G034,-0.02058669,-1
G026,G018,-0.020595636,-1
G080,G029,-0.0207224,-1
G001,G061,-0.020904312,-1
G088,G100,-0.021677658,-1
G019,G072,-0.021871667,-1
G028,G042,-0.02207365,-1
G019,G005,-0.022139035,-1
G013,G005,-0.022270357,-1
G007,G012,-0.022569679,-1
G053,G043,-0.022575753,-1
G080,G028,-0.023119139,-1
G097,G003,-0.023938086,-1
G016,G100,-0.024518227,-1
G005,G002,-0.024697348,-1
G026,G033,-0.024896149,-1
G070,G086,-0.024958586,-1
G053,G026,-0.02498909,-1
G023,G078,-0.02634283,-1
G028,G033,-0.026417864,-1
G001,G027,-0.026712969,-1
G043,G095,-0.027020048,-1
G006,G002,-0.027429592,-1
G053,G006,-0.027561642,-1
G028,G041,-0.027670234,-1
G030,G029,-0.028510598,-1
G056,G007,-0.028576752,-1
G073,G065,-0.028759474,-1
G028,G007,-0.029010767,-1
G091,G088,-0.029178262,-1
G031,G045,-0.02949828,-1
G036,G081,-0.029632762,-1
G062,G018,-0.03073846,-1
G061,G088,-0.0308046,-1
G018,G027,-0.03086324,-1
G026,G099,-0.031249264,-1
G006,G003,-0.032029606,-1
G058,G013,-0.03207895,-1
G001,G052,-0.03305442,-1
G023,G001,-0.03314598,-1
G059,G001,-0.033232756,-1
G044,G007,-0.037297715,-1
G074,G056,-0.037505362,-1
G026,G095,-0.03846861,-1
G007,G050,-0.0389048,-1
G003,G089,-0.03965997,-1
G005,G056,-0.0401506,-1
G008,G003,-0.040377382,-1
G032,G044,-0.04058254,-1
G040,G069,-0.04076496,-1
G088,G001,-0.041716788,-1
G032,G047,-0.041742086,-1
G016,G045,-0.041979577,-1
G058,G078,-0.04218435,-1
G025,G007,-0.042303666,-1
G036,G048,-0.042948194,-1
G040,G087,-0.043637708,-1
G059,G007,-0.043747663,-1
G005,G019,-0.043781724,-1
G018,G013,-0.044392794,-1
G012,G008,-0.04461178,-1
G007,G001,-0.046262193,-1
G003,G006,-0.046592616,-1
G083,G007,-0.047105793,-1
G091,G060,-0.047757413,-1
G071,G044,-0.047782663,-1
G076,G003,-0.047924656,-1
G044,G010,-0.04806121,-1
G099,G072,-0.048259582,-1
G025,G033,-0.049348164,-1
G047,G015,-0.049594924,-1
G007,G045,-0.05040009,-1
G039,G008,-0.05068783,-1
G026,G066,-0.051502403,-1
G081,G023,-0.053075653,-1
G001,G068,-0.053142644,-1
G088,G091,-0.05344086,-1
G040,G025,-0.05403937,-1
G095,G026,-0.05490618,-1
G013,G057,-0.055029694,-1
G092,G053,-0.05561886,-1
G026,G055,-0.055923365,-1
G034,G031,-0.057116594,-1
G023,G051,-0.058429383,-1
G037,G071,-0.058885306,-1
G077,G003,-0.05935857,-1
G068,G036,-0.060072117,-1
G035,G032,-0.061068363,-1
G057,G073,-0.06128616,-1
G097,G053,-0.0629841,-1
G098,G032,-0.06345297,-1
G027,G005,-0.06615232,-1
G013,G014,-0.06637153,-1
G079,G003,-0.06823076,-1
G033,G028,-0.072292544,-1
G075,G040,-0.073120415,-1
G045,G031,-0.073897205,-1
G100,G088,-0.08187499,-1
