Regulator,Target,Weight,Sign
G013,G032,0.71156585,1
G003,G032,0.2680064,1
G013,G014,0.12962279,1
G013,G085,0.12866268,1
G045,G048,0.12444526,1
G003,G013,0.11056222,1
G071,G032,0.0960019,1
G016,G014,0.091550566,1
G085,G032,0.08313119,1
G071,G013,0.082908966,1
G003,G085,0.07845499,1
G085,G013,0.07705324,1
G042,G043,0.0729846,1
G013,G015,0.06464017,1
G008,G032,0.06432141,1
G048,G045,0.06419356,1
G036,G035,0.06259677,1
G038,G033,0.061163712,1
G013,G006,0.05950344,1
G003,G014,0.056553848,1
G006,G083,0.05604555,1
G028,G031,0.055969007,1
G008,G013,0.05568548,1
G073,G072,0.053767826,1
G013,G033,0.05292442,1
G013,G049,0.05211322,1
G013,G003,0.050651636,1
G023,G083,0.04902514,1
G083,G006,0.045801852,1
G051,G052,0.04574359,1
G025,G024,0.042925194,1
G085,G072,0.041914765,1
G031,G028,0.04089009,1
G013,G008,0.040475234,1
G015,G049,0.040212218,1
G043,G042,0.03778037,1
G035,G036,0.037572987,1
G010,G011,0.03643762,1
G008,G071,0.035796836,1
G020,G019,0.034731157,1
G028,G071,0.03235634,1
G085,G003,0.03232867,1
G015,G013,0.031586986,1
G081,G080,0.029869048,1
G013,G016,0.026630409,1
G018,G017,0.026551092,1
G016,G049,0.02594437,1
G076,G072,0.025613619,1
G008,G003,0.024983013,1
G071,G003,0.023997273,1
G065,G063,0.02365744,1
G049,G045,0.022898935,1
G003,G033,0.022865104,1
G003,G008,0.02270576,1
G043,G041,0.021881413,1
G003,G006,0.021783859,1
G033,G032,0.020985875,1
G083,G062,0.020490544,1
G083,G064,0.019804467,1
G071,G033,0.018925937,1
G022,G023,0.018855428,1
G045,G014,0.018376125,1
G007,G003,0.018218348,1
G071,G085,0.018209971,1
G085,G070,0.017922347,1
G033,G013,0.017187556,1
G085,G033,0.016917327,1
G082,G078,0.016577171,1
G031,G071,0.016491314,1
G085,G023,0.016111096,1
G063,G083,0.015839266,1
G010,G012,0.0156128835,1
G071,G045,0.015499162,1
G053,G017,0.015387015,1
G043,G044,0.015255894,1
G015,G006,0.015218131,1
G085,G008,0.01496413,1
G007,G071,0.014955126,1
G067,G083,0.014826244,1
G047,G045,0.014510367,1
G078,G085,0.01450752,1
G018,G072,0.014474057,1
G028,G012,0.014099113,1
G082,G085,0.014018994,1
G045,G085,0.0140040135,1
G083,G023,0.013388203,1
G085,G071,0.013137692,1
G085,G031,0.01289203,1
G078,G079,0.012608717,1
G015,G083,0.012383653,1
G016,G013,0.0123558175,1
G003,G015,0.012062812,1
G068,G067,0.011932389,1
G022,G045,0.01155594,1
G049,G017,0.011385837,1
G032,G085,0.011281127,1
G014,G006,0.010945073,1
G010,G013,0.010917309,1
G085,G083,0.01087506,1
G049,G006,0.010483152,1
G028,G029,0.010417687,1
G016,G045,0.010244074,1
G085,G010,0.010122231,1
G032,G013,0.009682682,1
G072,G085,0.00964805,1
G085,G076,0.009483246,1
G071,G005,0.009438189,1
G083,G065,0.0092525035,1
G085,G012,0.009075937,1
G085,G045,0.009066002,1
G018,G021,0.008979038,1
G071,G031,0.008507114,1
G085,G065,0.008316859,1
G071,G006,0.008067373,1
G008,G033,0.00799266,1
G015,G045,0.00794189,1
G014,G083,0.0076223016,1
G010,G024,0.0075037656,1
G071,G083,0.007430116,1
G052,G085,0.0073813885,1
G007,G085,0.007348063,1
G072,G041,0.0070387465,1
G085,G088,0.0070281494,1
G082,G032,0.006979968,1
G017,G083,0.006816557,1
G084,G083,0.0065744426,1
G071,G022,0.006407811,1
G033,G072,0.006274847,1
G078,G080,0.0062460545,1
G033,G003,0.0061680083,1
G031,G012,0.0061559994,1
G074,G072,0.0060698306,1
G085,G037,0.0060075745,1
G085,G048,0.005954174,1
G049,G083,0.005890752,1
G071,G012,0.005833188,1
G064,G063,0.005792172,1
G045,G015,0.0056537595,1
G031,G029,0.0055988366,1
G015,G017,0.0054388205,1
G085,G011,0.0053930595,1
G016,G032,0.005324743,1
G028,G003,0.0051257582,1
G016,G017,0.004946961,1
G057,G055,0.0048179845,1
G024,G011,0.0046656886,1
G085,G073,0.0042546084,1
G017,G014,0.0041885097,1
G049,G032,0.0039651287,1
G071,G023,0.0038555993,1
G033,G038,0.0038382309,1
G035,G033,0.0037070215,1
G096,G097,0.0035699517,1
G041,G003,0.003485873,1
G014,G028,0.0033768758,1
G085,G087,0.0033683558,1
G006,G032,0.0033560288,1
G067,G062,0.0031318576,1
G037,G033,0.0030455785,1
G032,G003,0.0029307706,1
G067,G064,0.0027715946,1
G085,G096,0.0027255153,1
G085,G099,0.0026869627,1
G085,G063,0.0026002924,1
G003,G082,0.002574134,1
G071,G072,0.0025734378,1
G085,G080,0.0025528779,1
G005,G045,0.0024972805,1
G073,G003,0.0024853263,1
G013,G082,0.0023303956,1
G044,G042,0.002298267,1
G040,G039,0.0022680748,1
G015,G010,0.0022467517,1
G091,G092,0.0022167456,1
G037,G072,0.002121998,1
G067,G022,0.0020909656,1
G015,G028,0.002089979,1
G085,G041,0.0020570278,1
G058,G067,0.001883854,1
G016,G072,0.0018816257,1
G072,G078,0.001863863,1
G062,G053,0.0018620094,1
G085,G002,0.0018124422,1
G011,G085,0.0018074936,1
G100,G032,0.0017632188,1
G071,G002,0.0017050602,1
G085,G093,0.0016334978,1
G085,G005,0.0015848159,1
G048,G032,0.001571854,1
G031,G045,0.0015590264,1
G078,G003,0.0015584319,1
G072,G073,0.0015568213,1
G053,G072,0.0015424396,1
G036,G032,0.0015338706,1
G028,G045,0.0014974973,1
G083,G022,0.0014812122,1
G085,G079,0.001376797,1
G042,G032,0.0013440537,1
G016,G003,0.0013130045,1
G006,G022,0.0013121738,1
G076,G003,0.0012997515,1
G038,G085,0.0012896892,1
G079,G032,0.0012887369,1
G005,G032,0.0012242417,1
G004,G005,0.001216342,1
G023,G072,0.0011749581,1
G044,G085,0.0011536571,1
G085,G091,0.0011498037,1
G085,G043,0.0011152,1
G016,G010,0.0011073535,1
G085,G090,0.0011061005,1
G094,G032,0.001030407,1
G085,G068,0.001006454,1
G029,G032,0.001002757,1
G018,G085,0.00097605935,1
G038,G037,0.00094523554,1
G023,G032,0.00091546937,1
G080,G032,0.00086953776,1
G016,G033,0.0008444013,1
G083,G014,0.0008067241,1
G051,G032,0.00080000365,1
G085,G069,0.0007880999,1
G073,G041,0.0007844579,1
G085,G035,0.0007746145,1
G085,G021,0.00075969676,1
G014,G010,0.00074840925,1
G022,G032,0.0007350767,1
G006,G085,0.0007304167,1
G049,G016,0.00071571406,1
G085,G097,0.0007049383,1
G015,G030,0.00069838803,1
G085,G027,0.0006966632,1
G085,G062,0.0006788297,1
G016,G023,0.00065911416,1
G085,G039,0.00063772243,1
G041,G071,0.00063733227,1
G085,G077,0.0006214166,1
G002,G032,0.00061510055,1
G085,G089,0.00061500707,1
G085,G055,0.0005971663,1
G085,G001,0.0005847337,1
G085,G024,0.0005800143,1
G033,G012,0.00057810487,1
G044,G032,0.0005726132,1
G081,G078,0.0005683965,1
G085,G019,0.00056712463,1
G085,G040,0.0005599416,1
G014,G030,0.00055312586,1
G085,G056,0.00054894947,1
G033,G008,0.0005459558,1
G043,G062,0.0005440366,1
G020,G012,0.00054355996,1
G004,G030,0.00054224464,1
G016,G019,0.0005376626,1
G058,G030,0.0005370484,1
G088,G030,0.0005369341,1
G016,G011,0.00052943424,1
G026,G030,0.0005276213,1
G047,G077,0.00052701094,1
G072,G028,0.00052267406,1
G040,G069,0.0005217212,1
G053,G083,0.00052099314,1
G016,G044,0.0005098367,1
G024,G030,0.0005095838,1
G089,G030,0.0005070601,1
G006,G064,0.0005048288,1
G016,G005,0.00050465664,1
G085,G044,0.00050119584,1
G085,G066,0.00049924327,1
G085,G064,0.00049840024,1
G043,G012,0.00049501914,1
G085,G057,0.00049471983,1
G030,G032,0.00049465464,1
G010,G072,0.00049350044,1
G083,G068,0.0004927349,1
G087,G077,0.0004907908,1
G025,G077,0.00048607052,1
G083,G028,0.00048492794,1
G024,G077,0.0004824276,1
G078,G077,0.00048106813,1
G085,G061,0.0004796146,1
G062,G032,0.00047838487,1
G034,G030,0.00047387258,1
G092,G030,0.000473768,1
G053,G030,0.00047305028,1
G015,G011,0.0004719187,1
G016,G030,0.00046716395,1
G043,G077,0.00046500616,1
G002,G030,0.00046494737,1
G094,G003,0.00046071396,1
G095,G030,0.00045932442,1
G016,G069,0.00045802802,1
G035,G037,0.0004573844,1
G091,G077,0.0004555036,1
G074,G077,0.00045295907,1
G096,G072,0.0004484231,1
G066,G030,0.00044658227,1
G021,G077,0.00044630698,1
G073,G077,0.0004458611,1
G005,G030,0.0004394156,1
G022,G030,0.00043939767,1
G085,G058,0.0004390774,1
G098,G077,0.00043891603,1
G010,G030,0.00043706934,1
G066,G077,0.00043516225,1
G029,G030,0.00043430692,1
G040,G083,0.00042898883,1
G009,G030,0.00042851057,1
G039,G077,0.0004279408,1
G018,G083,0.00042611235,1
G055,G077,0.00042200746,1
G056,G077,0.00042198822,1
G006,G062,0.00042017197,1
G016,G021,0.0004200326,1
G070,G020,0.00041970212,1
G064,G069,0.00041904554,1
G042,G044,0.0004189025,1
G087,G030,0.00041832752,1
G060,G030,0.000417636,1
G019,G069,0.0004175888,1
G070,G032,0.00041619717,1
G015,G062,0.0004136798,1
G085,G053,0.00041343577,1
G083,G030,0.00041270713,1
G097,G077,0.00041173512,1
G016,G067,0.00041161638,1
G096,G030,0.0004112333,1
G096,G069,0.00041087484,1
G068,G077,0.00040899529,1
G064,G077,0.00040877413,1
G085,G009,0.0004057235,1
G086,G077,0.000405095,1
G078,G083,0.00040471728,1
G016,G077,0.00040366745,1
G085,G095,0.00040169308,1
G043,G030,0.0004016296,1
G097,G030,0.0004015223,1
G072,G077,0.00040098032,1
G043,G083,0.00040092296,1
G023,G064,0.0004008367,1
G031,G077,0.00039842757,1
G017,G062,0.0003980403,1
G059,G077,0.000395927,1
G007,G077,0.0003951018,1
G038,G077,0.0003946908,1
G004,G077,0.00039362093,1
G078,G062,0.00039311373,1
G007,G069,0.00039145272,1
G019,G062,0.00038893128,1
G039,G081,0.00038871658,1
G098,G030,0.00038866734,1
G095,G062,0.00038707448,1
G064,G030,0.0003867044,1
G026,G077,0.00038459155,1
G078,G069,0.00038438942,1
G049,G085,0.00038286718,1
G095,G069,0.00038222922,1
G040,G030,0.00038163236,1
G052,G069,0.00038157406,1
G069,G081,0.00038050782,1
G032,G014,0.00037979605,1
G095,G077,0.00037924084,1
G052,G083,0.00037923077,1
G041,G083,0.00037801123,1
G007,G005,0.0003771522,1
G063,G062,0.00037588665,1
G021,G062,0.0003751552,1
G037,G077,0.00037488493,1
G078,G030,0.00037432433,1
G001,G030,0.00037428338,1
G065,G032,0.00037321623,1
G022,G077,0.00037218735,1
G081,G030,0.0003719579,1
G057,G083,0.00037070672,1
G034,G062,0.00037007485,1
G019,G030,0.0003697652,1
G054,G077,0.00036894294,1
G039,G030,0.00036817577,1
G016,G037,0.00036798467,1
G098,G069,0.00036710303,1
G031,G030,0.00036696508,1
G060,G032,0.00036650943,1
G057,G069,0.00036631987,1
G096,G083,0.0003647934,1
G062,G030,0.00036469035,1
G059,G030,0.00036458837,1
G062,G077,0.00036362605,1
G054,G030,0.00036349994,1
G035,G030,0.0003634261,1
G093,G069,0.0003632982,1
G023,G062,0.0003626325,1
G043,G005,0.00036220145,1
G093,G083,0.00036133517,1
G020,G083,0.00036088418,1
G059,G069,0.00036085243,1
G046,G062,0.00036052734,1
G021,G083,0.00036045408,1
G053,G032,0.00035934887,1
G021,G069,0.00035900075,1
G019,G003,0.0003574316,1
G002,G077,0.00035733404,1
G022,G069,0.0003567464,1
G057,G062,0.00035658007,1
G085,G034,0.00035647122,1
G056,G069,0.0003557735,1
G039,G083,0.0003554623,1
G060,G069,0.0003551058,1
G078,G020,0.00035437604,1
G091,G083,0.00035412906,1
G058,G077,0.00035323977,1
G068,G030,0.00035320656,1
G053,G021,0.00035179028,1
G099,G069,0.0003512224,1
G024,G062,0.00035109313,1
G085,G050,0.00035060555,1
G001,G077,0.000350601,1
G099,G083,0.00035059018,1
G016,G012,0.00035053797,1
G069,G077,0.00035047825,1
G087,G069,0.00035017438,1
G097,G061,0.00034982094,1
G054,G069,0.0003492121,1
G061,G030,0.00034812084,1
G097,G083,0.0003474405,1
G024,G085,0.00034743742,1
G018,G032,0.00034691105,1
G075,G077,0.0003468067,1
G014,G077,0.00034549218,1
G057,G044,0.0003441804,1
G055,G030,0.00034394837,1
G088,G077,0.00034382148,1
G052,G030,0.00034370553,1
G010,G069,0.00034355346,1
G021,G033,0.00034326984,1
G074,G062,0.00034285645,1
G029,G077,0.00034282266,1
G085,G060,0.00034231762,1
G047,G030,0.00034126788,1
G068,G069,0.00033964583,1
G043,G066,0.00033867927,1
G084,G081,0.00033818162,1
G063,G030,0.00033800665,1
G072,G045,0.00033689244,1
G015,G077,0.00033605096,1
G078,G044,0.0003347081,1
G086,G069,0.00033449027,1
G053,G077,0.00033434606,1
G039,G045,0.0003342931,1
G092,G069,0.00033423916,1
G007,G022,0.00033398764,1
G011,G069,0.00033350431,1
G015,G020,0.0003326018,1
G004,G081,0.00033209173,1
G029,G081,0.00033178236,1
G081,G077,0.00033168352,1
G001,G083,0.00033160456,1
G043,G069,0.0003311905,1
G075,G030,0.00033045473,1
G039,G043,0.00033020563,1
G034,G083,0.0003301104,1
G088,G081,0.00033000475,1
G006,G065,0.0003298823,1
G057,G077,0.00032979518,1
G024,G083,0.000329412,1
G093,G066,0.00032930146,1
G084,G069,0.00032882838,1
G090,G069,0.00032817954,1
G076,G077,0.0003281276,1
G086,G083,0.00032808163,1
G090,G077,0.00032773873,1
G085,G067,0.00032730473,1
G050,G083,0.0003268971,1
G015,G099,0.00032667958,1
G090,G030,0.00032609465,1
G071,G077,0.0003246796,1
G078,G005,0.00032460716,1
G058,G069,0.00032430975,1
G046,G030,0.00032422718,1
G087,G062,0.00032390025,1
G075,G069,0.00032282626,1
G050,G030,0.00032262,1
G014,G062,0.00032247507,1
G094,G081,0.0003222846,1
G097,G062,0.0003213575,1
G020,G005,0.00032129587,1
G074,G030,0.00032094296,1
G077,G083,0.0003206295,1
G035,G081,0.00031797643,1
G083,G099,0.00031636024,1
G063,G077,0.00031607854,1
G054,G062,0.00031604213,1
G009,G062,0.0003158458,1
G099,G030,0.00031580782,1
G054,G099,0.00031445376,1
G086,G030,0.0003142986,1
G066,G069,0.00031400012,1
G064,G099,0.00031387582,1
G041,G005,0.00031352663,1
G067,G003,0.000313314,1
G075,G039,0.0003127972,1
G055,G069,0.00031253023,1
G020,G077,0.00031176166,1
G026,G039,0.00031161206,1
G083,G077,0.00031105443,1
G057,G030,0.00031094145,1
G043,G019,0.00031087032,1
G051,G077,0.00031011057,1
G030,G077,0.00030985838,1
G019,G077,0.0003098494,1
G084,G030,0.0003097502,1
G068,G062,0.000309565,1
G091,G030,0.00030877025,1
G025,G030,0.00030837895,1
G016,G070,0.0003083182,1
G001,G081,0.00030809082,1
G043,G037,0.00030725094,1
G093,G003,0.00030653883,1
G060,G077,0.00030605425,1
G097,G081,0.00030551234,1
G083,G069,0.00030489036,1
G093,G081,0.00030356448,1
G047,G062,0.00030323808,1
G084,G062,0.00030252917,1
G100,G081,0.00030208676,1
G027,G069,0.00030163515,1
G047,G069,0.00030083544,1
G037,G062,0.00030031215,1
G081,G083,0.0002999813,1
G040,G065,0.00029992935,1
G001,G062,0.00029959425,1
G015,G081,0.00029896377,1
G055,G081,0.00029872416,1
G007,G039,0.00029872276,1
G043,G050,0.00029810844,1
G087,G045,0.00029804962,1
G084,G077,0.00029734513,1
G025,G039,0.00029722162,1
G091,G062,0.0002971487,1
G087,G072,0.00029657548,1
G030,G062,0.0002965649,1
G002,G069,0.00029530347,1
G050,G005,0.00029528435,1
G031,G083,0.00029448315,1
G099,G062,0.00029428385,1
G076,G030,0.0002938197,1
G030,G069,0.00029344895,1
G051,G062,0.00029336213,1
G014,G069,0.00029290243,1
G061,G037,0.00029159515,1
G051,G030,0.00029133333,1
G004,G071,0.00029101383,1
G043,G003,0.00029078394,1
G060,G062,0.00029066092,1
G016,G040,0.00029038725,1
G052,G077,0.00029038277,1
G012,G030,0.00028972822,1
G027,G030,0.00028966094,1
G055,G005,0.00028903066,1
G096,G032,0.0002876727,1
G065,G081,0.00028764977,1
G092,G062,0.00028653519,1
G038,G069,0.00028644234,1
G047,G043,0.0002862475,1
G056,G083,0.00028583585,1
G017,G030,0.0002857701,1
G089,G077,0.00028490266,1
G015,G024,0.00028455077,1
G093,G077,0.00028451587,1
G018,G030,0.00028444384,1
G026,G069,0.00028433296,1
G026,G083,0.00028417725,1
G040,G070,0.00028417265,1
G074,G069,0.00028407728,1
G068,G081,0.0002838615,1
G012,G069,0.00028368557,1
G043,G035,0.00028344584,1
G087,G083,0.0002833664,1
G004,G069,0.0002832808,1
G043,G061,0.00028292733,1
G056,G045,0.00028288524,1
G043,G081,0.00028275957,1
G001,G031,0.00028257727,1
G067,G065,0.00028192284,1
G009,G039,0.00028172697,1
G069,G030,0.00028165872,1
G075,G062,0.00028162074,1
G094,G031,0.0002808061,1
G041,G062,0.0002808006,1
G086,G037,0.00028065877,1
G031,G081,0.00028023293,1
G074,G083,0.0002799394,1
G009,G069,0.0002793483,1
G078,G071,0.0002792876,1
G096,G045,0.00027907122,1
G054,G005,0.0002782001,1
G085,G030,0.00027799225,1
G031,G069,0.0002779817,1
G090,G031,0.00027797552,1
G016,G041,0.00027789772,1
G046,G032,0.00027754038,1
G012,G077,0.00027744682,1
G027,G077,0.00027708634,1
G030,G083,0.00027679154,1
G054,G037,0.0002766247,1
G046,G077,0.00027591025,1
G046,G081,0.0002758978,1
G086,G005,0.000274955,1
G069,G005,0.00027455098,1
G093,G039,0.00027438908,1
G047,G031,0.00027424432,1
G085,G004,0.00027313392,1
G022,G031,0.000273112,1
G059,G005,0.0002723602,1
G092,G031,0.00027168237,1
G051,G083,0.00027154,1
G096,G031,0.00027144994,1
G092,G045,0.00027133877,1
G025,G081,0.00027082182,1
G035,G083,0.00027063797,1
G009,G081,0.0002706318,1
G070,G077,0.0002703347,1
G004,G083,0.00027006774,1
G092,G042,0.0002697123,1
G014,G081,0.000269576,1
G083,G005,0.00026860056,1
G034,G099,0.00026832215,1
G081,G032,0.00026798248,1
G046,G071,0.0002669306,1
G095,G044,0.00026689583,1
G089,G069,0.00026652758,1
G040,G061,0.00026563287,1
G039,G066,0.0002647269,1
G064,G081,0.00026470138,1
G050,G077,0.00026458,1
G077,G061,0.00026417887,1
G085,G098,0.00026410053,1
G066,G083,0.00026297674,1
G026,G043,0.0002628643,1
G016,G081,0.00026267965,1
G096,G081,0.00026200115,1
G017,G064,0.00026196355,1
G075,G037,0.0002619286,1
G083,G081,0.00026184702,1
G091,G040,0.00026128822,1
G085,G054,0.00026100685,1
G063,G032,0.0002608043,1
G089,G062,0.00026076412,1
G030,G043,0.00026053382,1
G074,G032,0.00025997564,1
G098,G081,0.00025993888,1
G043,G099,0.0002594787,1
G007,G062,0.00025944327,1
G095,G005,0.000258734,1
G007,G037,0.000258503,1
G024,G045,0.000258225,1
G090,G083,0.00025795732,1
G096,G077,0.00025790068,1
G097,G045,0.0002575611,1
G089,G081,0.00025731168,1
G050,G032,0.0002572285,1
G069,G032,0.0002570264,1
G050,G069,0.00025678863,1
G004,G037,0.00025677466,1
G091,G031,0.00025671013,1
G011,G032,0.0002562749,1
G026,G044,0.00025624418,1
G043,G040,0.00025624305,1
G051,G069,0.00025611155,1
G020,G030,0.00025540104,1
G058,G061,0.00025536615,1
G046,G066,0.00025523826,1
G015,G021,0.00025471247,1
G088,G083,0.00025424446,1
G039,G032,0.00025395065,1
G014,G018,0.00025378907,1
G100,G031,0.0002537039,1
G062,G069,0.00025365964,1
G074,G039,0.00025347798,1
G019,G044,0.00025328028,1
G022,G062,0.0002527104,1
G066,G062,0.000252267,1
G074,G081,0.00025213938,1
G054,G083,0.00025201362,1
G060,G083,0.0002519612,1
G047,G037,0.00025177724,1
G078,G100,0.00025131594,1
G041,G030,0.00025104798,1
G009,G045,0.00025102712,1
G080,G083,0.0002508519,1
G015,G090,0.0002507564,1
G091,G005,0.0002507379,1
G015,G053,0.00025062874,1
G011,G005,0.00024991247,1
G043,G046,0.00024982993,1
G085,G075,0.00024953997,1
G019,G083,0.0002494132,1
G055,G062,0.00024933112,1
G095,G081,0.00024932972,1
G099,G044,0.00024930123,1
G061,G020,0.0002492373,1
G040,G055,0.00024923412,1
G077,G039,0.0002491357,1
G098,G042,0.0002482444,1
G027,G083,0.00024767694,1
G077,G069,0.00024756603,1
G020,G062,0.00024727377,1
G089,G066,0.00024717202,1
G092,G004,0.0002471198,1
G009,G031,0.00024680555,1
G099,G032,0.00024651966,1
G078,G037,0.00024643115,1
G015,G044,0.00024642475,1
G018,G077,0.00024615193,1
G068,G032,0.0002460715,1
G064,G066,0.0002451595,1
G063,G067,0.00024512736,1
G076,G037,0.00024492247,1
G020,G044,0.00024456042,1
G098,G003,0.00024366194,1
G080,G003,0.00024328988,1
G063,G069,0.00024311486,1
G025,G011,0.00024294619,1
G050,G037,0.00024282253,1
G075,G005,0.00024262877,1
G097,G003,0.00024181868,1
G026,G037,0.00024181405,1
G021,G039,0.00024163871,1
G083,G053,0.00024161268,1
G085,G081,0.00024067874,1
G040,G077,0.00024048674,1
G006,G031,0.00024036932,1
G093,G045,0.00024031429,1
G061,G032,0.00024023297,1
G047,G020,0.0002400936,1
G065,G045,0.00023993822,1
G074,G031,0.00023963688,1
G024,G066,0.00023959625,1
G040,G037,0.00023947997,1
G019,G012,0.00023944995,1
G078,G039,0.00023944586,1
G027,G099,0.00023939084,1
G009,G077,0.00023937324,1
G053,G005,0.00023919388,1
G086,G081,0.00023890605,1
G085,G046,0.00023888529,1
G069,G037,0.00023878076,1
G088,G062,0.00023877273,1
G046,G005,0.00023872456,1
G011,G037,0.00023863195,1
G057,G005,0.0002384028,1
G051,G037,0.00023804679,1
G055,G066,0.00023803425,1
G055,G043,0.00023792917,1
G016,G062,0.0002370775,1
G025,G069,0.00023694448,1
G097,G060,0.00023691104,1
G043,G045,0.00023677347,1
G056,G066,0.00023673037,1
G077,G030,0.00023629735,1
G075,G083,0.00023626006,1
G068,G005,0.00023567413,1
G059,G062,0.00023560098,1
G072,G030,0.00023541566,1
G086,G044,0.00023494361,1
G029,G005,0.00023455561,1
G084,G039,0.00023408557,1
G008,G006,0.00023399132,1
G081,G003,0.00023399011,1
G007,G030,0.00023389573,1
G022,G044,0.00023387039,1
G047,G081,0.00023382736,1
G097,G099,0.00023310177,1
G007,G083,0.00023303532,1
G028,G038,0.0002329432,1
G084,G003,0.00023270867,1
G054,G032,0.00023258886,1
G040,G044,0.00023224093,1
G087,G081,0.00023180532,1
G007,G023,0.00023141764,1
G051,G020,0.00023114297,1
G061,G044,0.00023107727,1
G090,G037,0.00023074518,1
G018,G081,0.0002301354,1
G093,G037,0.0002298889,1
G083,G061,0.0002298787,1
G026,G062,0.00022952206,1
G072,G069,0.00022903309,1
G089,G031,0.00022884936,1
G078,G043,0.00022852434,1
G034,G033,0.00022830178,1
G004,G031,0.00022734562,1
G038,G045,0.00022733577,1
G022,G081,0.00022671671,1
G036,G028,0.00022630685,1
G007,G081,0.00022616942,1
G059,G044,0.00022615855,1
G002,G062,0.00022597915,1
G020,G081,0.00022596835,1
G052,G050,0.00022592772,1
G019,G035,0.00022584047,1
G034,G044,0.00022566481,1
G034,G061,0.00022549454,1
G033,G045,0.00022537165,1
G083,G060,0.00022431619,1
G073,G071,0.00022381163,1
G025,G062,0.00022360112,1
G027,G003,0.00022333082,1
G034,G037,0.00022299514,1
G019,G081,0.00022295682,1
G030,G044,0.00022281423,1
G063,G081,0.00022259282,1
G075,G032,0.00022218688,1
G027,G062,0.00022163562,1
G076,G031,0.00022161566,1
G001,G037,0.00022151072,1
G062,G039,0.00022150486,1
G034,G031,0.00022145918,1
G022,G033,0.0002214239,1
G026,G066,0.00022125685,1
G075,G044,0.00022110791,1
G021,G030,0.00022102741,1
G053,G069,0.00022085218,1
G021,G037,0.00022069168,1
G020,G045,0.00022047205,1
G089,G044,0.0002204251,1
G018,G062,0.00022024124,1
G043,G033,0.00021974574,1
G037,G069,0.00021936023,1
G057,G003,0.00021903052,1
G070,G030,0.00021898658,1
G010,G066,0.00021855145,1
G029,G042,0.0002184999,1
G051,G039,0.0002184696,1
G029,G044,0.0002179742,1
G022,G040,0.00021775744,1
G014,G066,0.00021732424,1
G015,G069,0.00021731817,1
G074,G037,0.00021721792,1
G021,G089,0.0002168221,1
G084,G033,0.00021658679,1
G001,G045,0.00021633247,1
G047,G044,0.00021625505,1
G016,G099,0.00021619555,1
G035,G044,0.00021585949,1
G098,G099,0.00021566878,1
G096,G039,0.00021551173,1
G095,G083,0.00021501421,1
G083,G045,0.00021498222,1
G039,G005,0.00021484423,1
G061,G039,0.00021473765,1
G097,G037,0.0002144662,1
G051,G081,0.00021407263,1
G046,G042,0.00021398932,1
G089,G043,0.00021391135,1
G043,G075,0.00021353067,1
G064,G037,0.00021349483,1
G017,G069,0.0002134077,1
G093,G030,0.0002127916,1
G076,G069,0.00021269581,1
G077,G081,0.00021266041,1
G059,G083,0.00021255457,1
G090,G081,0.00021247986,1
G017,G037,0.00021235165,1
G004,G032,0.00021211465,1
G034,G070,0.00021183056,1
G075,G081,0.00021147754,1
G043,G090,0.00021138813,1
G068,G044,0.0002110452,1
G059,G031,0.0002110026,1
G083,G066,0.00021089791,1
G037,G030,0.00021088519,1
G019,G037,0.00021024722,1
G058,G062,0.00021015451,1
G004,G061,0.00021012803,1
G088,G032,0.00021002152,1
G070,G081,0.00021001941,1
G089,G005,0.00020998062,1
G098,G032,0.00020994914,1
G041,G069,0.00020983857,1
G027,G031,0.00020980004,1
G008,G022,0.00020975278,1
G002,G045,0.00020955605,1
G075,G066,0.00020815797,1
G017,G039,0.00020814691,1
G022,G060,0.00020780669,1
G072,G042,0.00020780085,1
G040,G031,0.00020746494,1
G072,G060,0.00020734328,1
G095,G043,0.00020725747,1
G001,G069,0.00020635412,1
G085,G059,0.00020629892,1
G010,G081,0.00020625276,1
G068,G031,0.00020613906,1
G002,G060,0.0002060974,1
G056,G031,0.00020597363,1
G043,G029,0.00020565606,1
G009,G070,0.00020560274,1
G047,G032,0.00020549356,1
G091,G032,0.00020510267,1
G047,G039,0.00020498804,1
G009,G003,0.00020495632,1
G097,G066,0.00020491894,1
G064,G031,0.00020489264,1
G066,G031,0.00020440196,1
G040,G020,0.00020431538,1
G096,G044,0.00020397463,1
G018,G069,0.00020328141,1
G059,G088,0.00020312172,1
G085,G086,0.00020281714,1
G098,G066,0.00020275035,1
G097,G032,0.00020269646,1
G099,G057,0.00020254587,1
G034,G050,0.0002022675,1
G095,G039,0.0002022231,1
G005,G069,0.00020188611,1
G057,G037,0.00020170433,1
G014,G011,0.00020153663,1
G021,G003,0.00020152521,1
G089,G020,0.00020084623,1
G090,G062,0.00020079038,1
G087,G032,0.00020040876,1
G010,G062,0.0002003036,1
G012,G085,0.00020027148,1
G079,G031,0.00019982432,1
G084,G066,0.00019924414,1
G093,G062,0.0001992309,1
G065,G069,0.00019917836,1
G017,G032,0.00019899597,1
G087,G044,0.00019881305,1
G054,G045,0.00019874756,1
G024,G031,0.00019861419,1
G057,G040,0.0001983998,1
G005,G081,0.00019825797,1
G083,G044,0.00019819447,1
G050,G097,0.00019801503,1
G095,G032,0.00019801388,1
G068,G043,0.00019800988,1
G034,G066,0.00019798162,1
G074,G005,0.00019790606,1
G021,G053,0.00019787367,1
G059,G040,0.00019776217,1
G059,G081,0.000197616,1
G089,G039,0.0001973034,1
G034,G045,0.00019728128,1
G061,G081,0.00019723314,1
G086,G045,0.0001972228,1
G083,G088,0.00019719005,1
G021,G061,0.00019713075,1
G016,G031,0.0001970614,1
G088,G005,0.00019679162,1
G031,G066,0.00019654693,1
G006,G028,0.00019616315,1
G051,G040,0.00019605715,1
G053,G081,0.00019595755,1
G047,G033,0.0001959102,1
G075,G060,0.00019588279,1
G059,G039,0.00019586005,1
G086,G032,0.00019562873,1
G035,G045,0.00019541719,1
G077,G031,0.00019532375,1
G039,G035,0.00019430093,1
G002,G061,0.00019425167,1
G086,G070,0.00019423109,1
G056,G044,0.00019422708,1
G009,G008,0.00019411519,1
G099,G077,0.00019408978,1
G061,G062,0.00019405778,1
G024,G005,0.00019393224,1
G016,G087,0.00019391628,1
G038,G012,0.00019348129,1
G100,G003,0.00019342503,1
G096,G062,0.00019324849,1
G027,G040,0.0001930537,1
G053,G066,0.00019259176,1
G088,G069,0.000192519,1
G035,G032,0.00019248872,1
G009,G044,0.0001922629,1
G098,G045,0.00019221837,1
G046,G044,0.00019210634,1
G046,G057,0.00019206517,1
G010,G060,0.00019187975,1
G022,G008,0.00019184148,1
G024,G035,0.0001918165,1
G065,G031,0.00019174008,1
G070,G031,0.00019129441,1
G040,G050,0.00019103914,1
G044,G069,0.00019101566,1
G052,G081,0.00019087017,1
G061,G083,0.00019055414,1
G098,G031,0.00019045219,1
G091,G046,0.0001904367,1
G029,G060,0.00019013994,1
G057,G039,0.00019005389,1
G027,G005,0.00019001926,1
G035,G069,0.00018998132,1
G078,G012,0.0001897581,1
G011,G081,0.00018960926,1
G044,G077,0.0001896089,1
G085,G092,0.00018949015,1
G018,G039,0.00018946682,1
G015,G060,0.0001892496,1
G016,G071,0.00018919444,1
G057,G043,0.00018893386,1
G087,G099,0.00018889536,1
G033,G081,0.00018870765,1
G016,G039,0.00018868447,1
G087,G039,0.0001886771,1
G058,G099,0.00018834553,1
G027,G044,0.00018800283,1
G057,G081,0.00018799597,1
G054,G044,0.00018738757,1
G009,G037,0.00018720904,1
G092,G077,0.00018717707,1
G058,G046,0.0001871416,1
G001,G033,0.00018687315,1
G046,G083,0.00018677089,1
G083,G001,0.00018645772,1
G015,G029,0.00018635156,1
G095,G066,0.00018629192,1
G050,G066,0.000186249,1
G055,G031,0.00018617585,1
G058,G081,0.00018608761,1
G052,G037,0.0001860745,1
G093,G032,0.00018583174,1
G031,G037,0.00018560828,1
G083,G011,0.00018559882,1
G085,G029,0.00018532861,1
G056,G040,0.00018518978,1
G036,G081,0.00018502749,1
G014,G029,0.00018488658,1
G039,G070,0.00018484704,1
G065,G066,0.00018479787,1
G098,G035,0.00018455544,1
G011,G030,0.00018454199,1
G085,G042,0.00018409203,1
G031,G044,0.00018357989,1
G027,G060,0.00018329019,1
G080,G030,0.00018295448,1
G039,G033,0.00018294106,1
G015,G066,0.00018285151,1
G014,G039,0.00018281733,1
G043,G011,0.00018238174,1
G041,G040,0.00018230623,1
G024,G039,0.000182292,1
G092,G037,0.00018210956,1
G084,G064,0.00018202295,1
G055,G045,0.0001818734,1
G060,G039,0.00018181233,1
G024,G088,0.00018137593,1
G069,G066,0.00018129614,1
G070,G003,0.00018123948,1
G020,G069,0.00018096236,1
G025,G083,0.00018015828,1
G039,G044,0.00018014073,1
G043,G065,0.00018004386,1
G056,G062,0.00018001052,1
G056,G039,0.00017998657,1
G014,G060,0.00017992007,1
G058,G037,0.00017991707,1
G061,G077,0.00017990201,1
G041,G022,0.00017934637,1
G061,G069,0.00017901477,1
G088,G031,0.00017895084,1
G037,G081,0.00017857282,1
G004,G060,0.00017820064,1
G053,G044,0.00017788846,1
G070,G069,0.00017785681,1
G010,G071,0.00017784047,1
G016,G097,0.00017773932,1
G052,G062,0.00017753485,1
G085,G074,0.00017749993,1
G026,G005,0.00017747162,1
G029,G062,0.00017737596,1
G009,G086,0.00017721092,1
G084,G037,0.00017715384,1
G090,G032,0.00017687005,1
G067,G030,0.0001768622,1
G097,G057,0.00017662739,1
G066,G045,0.00017656885,1
G005,G028,0.00017646013,1
G020,G066,0.00017645789,1
G041,G020,0.00017632106,1
G004,G044,0.00017629373,1
G096,G066,0.0001761479,1
G085,G047,0.00017599444,1
G001,G066,0.00017561656,1
G012,G083,0.0001755189,1
G030,G003,0.00017549924,1
G098,G012,0.0001753342,1
G044,G039,0.00017520208,1
G088,G040,0.00017509471,1
G089,G083,0.00017502782,1
G010,G044,0.00017483454,1
G083,G035,0.00017462527,1
G069,G083,0.00017417176,1
G012,G060,0.00017415224,1
G029,G066,0.00017388455,1
G048,G014,0.00017381596,1
G056,G003,0.00017348934,1
G020,G094,0.00017346595,1
G022,G039,0.00017341219,1
G059,G066,0.0001733563,1
G078,G011,0.00017324086,1
G047,G035,0.00017309423,1
G021,G065,0.00017304436,1
G098,G044,0.00017301108,1
G012,G097,0.00017281454,1
G044,G083,0.00017224485,1
G005,G077,0.0001721087,1
G067,G032,0.00017198257,1
G047,G090,0.00017157412,1
G065,G030,0.00017132047,1
G022,G046,0.00017126749,1
G012,G081,0.00017113777,1
G043,G053,0.00017084838,1
G043,G070,0.00017084589,1
G063,G099,0.00017078256,1
G098,G060,0.00017063413,1
G081,G069,0.00017052819,1
G092,G039,0.00017044783,1
G074,G040,0.00017044634,1
G064,G062,0.0001702729,1
G014,G046,0.00016999201,1
G005,G031,0.0001696692,1
G052,G005,0.00016942255,1
G018,G031,0.00016937598,1
G009,G033,0.00016912862,1
G038,G043,0.00016909529,1
G054,G031,0.00016899804,1
G012,G066,0.00016862756,1
G074,G044,0.00016838028,1
G017,G005,0.00016813663,1
G043,G060,0.00016732882,1
G007,G066,0.00016732464,1
G061,G031,0.00016718253,1
G033,G040,0.00016707383,1
G077,G032,0.00016705593,1
G087,G037,0.00016704913,1
G015,G041,0.0001670381,1
G034,G011,0.00016684236,1
G056,G043,0.00016678078,1
G064,G032,0.00016666159,1
G030,G070,0.00016663843,1
G064,G023,0.00016650475,1
G022,G061,0.00016638392,1
G001,G065,0.0001663469,1
G085,G026,0.00016625228,1
G063,G037,0.00016613487,1
G089,G003,0.00016609748,1
G054,G039,0.00016597944,1
G086,G043,0.00016595217,1
G088,G066,0.00016575954,1
G027,G039,0.00016552648,1
G046,G039,0.00016533973,1
G011,G077,0.00016533694,1
G017,G066,0.00016513845,1
G037,G039,0.00016509523,1
G029,G088,0.0001647575,1
G014,G005,0.0001647457,1
G017,G065,0.00016436001,1
G027,G045,0.00016435438,1
G099,G061,0.00016419741,1
G068,G045,0.00016411171,1
G015,G061,0.00016407619,1
G002,G099,0.00016388079,1
G025,G085,0.00016378333,1
G043,G018,0.00016373003,1
G094,G030,0.00016369429,1
G084,G031,0.0001635462,1
G089,G060,0.00016345769,1
G016,G065,0.000163098,1
G037,G031,0.00016308314,1
G095,G097,0.00016293311,1
G071,G081,0.0001629146,1
G098,G050,0.0001626764,1
G064,G012,0.00016264217,1
G047,G012,0.00016238936,1
G047,G083,0.00016236077,1
G036,G003,0.00016233869,1
G044,G037,0.00016196375,1
G021,G066,0.00016181754,1
G070,G037,0.00016180359,1
G069,G045,0.00016140121,1
G016,G088,0.00016134918,1
G092,G085,0.00016134825,1
G007,G011,0.00016131038,1
G041,G081,0.00016119772,1
G033,G031,0.00016093849,1
G007,G043,0.00016089797,1
G083,G040,0.0001608728,1
G034,G042,0.00016081006,1
G078,G050,0.00016074543,1
G029,G069,0.0001604343,1
G026,G081,0.0001603218,1
G090,G039,0.00016032043,1
G082,G003,0.00016024831,1
G032,G015,0.00016024323,1
G092,G097,0.00015974113,1
G063,G005,0.00015967712,1
G050,G031,0.00015958014,1
G017,G020,0.00015955436,1
G015,G035,0.00015952629,1
G034,G085,0.00015951722,1
G078,G099,0.00015932259,1
G096,G037,0.00015929711,1
G051,G066,0.00015926186,1
G078,G060,0.00015904216,1
G093,G011,0.0001590192,1
G047,G046,0.00015875955,1
G064,G061,0.00015856208,1
G016,G020,0.00015845124,1
G074,G045,0.00015840899,1
G014,G044,0.00015830198,1
G090,G066,0.00015819295,1
G001,G099,0.00015803768,1
G027,G012,0.00015786669,1
G087,G066,0.00015779717,1
G064,G046,0.00015771655,1
G020,G085,0.00015763628,1
G051,G012,0.00015763445,1
G079,G037,0.00015754241,1
G037,G029,0.00015724446,1
G047,G099,0.00015723093,1
G086,G039,0.00015719878,1
G056,G030,0.00015703696,1
G052,G032,0.00015698538,1
G042,G020,0.00015697637,1
G092,G005,0.00015678178,1
G069,G043,0.00015677948,1
G018,G044,0.00015662205,1
G091,G039,0.00015654495,1
G046,G061,0.00015647977,1
G036,G083,0.00015646238,1
G066,G070,0.00015645116,1
G097,G005,0.00015595646,1
G091,G042,0.00015580379,1
G078,G061,0.00015576954,1
G069,G062,0.00015576076,1
G073,G081,0.0001556298,1
G056,G065,0.00015562617,1
G096,G061,0.00015558726,1
G012,G039,0.0001555771,1
G080,G037,0.00015518621,1
G054,G066,0.00015502234,1
G002,G033,0.00015462472,1
G053,G031,0.00015461037,1
G046,G097,0.00015460473,1
G075,G033,0.00015456266,1
G029,G039,0.00015451059,1
G055,G085,0.0001542691,1
G026,G040,0.0001542193,1
G011,G044,0.00015413205,1
G064,G039,0.0001540594,1
G059,G097,0.00015404072,1
G040,G085,0.0001540239,1
G077,G035,0.000153883,1
G039,G031,0.00015375194,1
G012,G008,0.00015339079,1
G009,G085,0.00015325825,1
G038,G039,0.0001530718,1
G089,G035,0.00015304229,1
G087,G060,0.00015299393,1
G078,G029,0.00015299243,1
G044,G028,0.00015298075,1
G050,G062,0.00015291954,1
G009,G046,0.00015275144,1
G050,G044,0.00015270195,1
G040,G003,0.00015266375,1
G066,G044,0.00015256392,1
G024,G081,0.00015189456,1
G077,G037,0.00015151236,1
G090,G044,0.00015138934,1
G022,G065,0.00015125828,1
G076,G032,0.00015097333,1
G020,G071,0.00015092203,1
G095,G099,0.00015058758,1
G011,G050,0.00015028413,1
G074,G029,0.00015010007,1
G003,G022,0.00015008537,1
G055,G046,0.0001498025,1
G053,G033,0.00014976373,1
G012,G044,0.00014957094,1
G065,G077,0.00014955936,1
G096,G005,0.00014951712,1
G091,G044,0.0001494174,1
G070,G044,0.00014929076,1
G066,G003,0.00014924504,1
G080,G045,0.00014898875,1
G034,G081,0.00014888842,1
G089,G070,0.00014873807,1
G016,G060,0.0001487159,1
G097,G053,0.00014866098,1
G076,G046,0.00014836373,1
G072,G031,0.0001483088,1
G038,G029,0.00014828576,1
G039,G069,0.00014814618,1
G050,G070,0.00014792678,1
G091,G069,0.00014786384,1
G067,G005,0.00014778618,1
G034,G077,0.00014776265,1
G025,G045,0.00014774788,1
G062,G045,0.00014761763,1
G056,G070,0.00014760547,1
G068,G039,0.00014757639,1
G027,G061,0.00014754971,1
G016,G079,0.00014737369,1
G060,G005,0.00014729792,1
G037,G045,0.00014727344,1
G091,G099,0.00014721505,1
G018,G037,0.00014714063,1
G026,G097,0.00014713466,1
G039,G037,0.00014710233,1
G066,G037,0.00014707101,1
G098,G005,0.00014689329,1
G043,G088,0.00014688497,1
G017,G081,0.0001467742,1
G083,G037,0.00014647395,1
G060,G037,0.00014642175,1
G061,G050,0.00014615593,1
G016,G057,0.00014614305,1
G031,G073,0.00014609429,1
G016,G050,0.00014578033,1
G075,G035,0.00014558608,1
G087,G033,0.00014552251,1
G054,G097,0.00014549527,1
G060,G045,0.00014539243,1
G078,G033,0.00014519307,1
G004,G070,0.00014514274,1
G011,G045,0.00014508524,1
G056,G099,0.00014496065,1
G070,G062,0.00014492065,1
G002,G044,0.00014468635,1
G052,G066,0.00014404432,1
G015,G046,0.00014397554,1
G047,G005,0.00014396355,1
G017,G097,0.00014389493,1
G095,G026,0.00014382933,1
G004,G066,0.00014357503,1
G012,G048,0.00014354118,1
G083,G002,0.0001430965,1
G055,G037,0.000142793,1
G053,G064,0.0001427877,1
G019,G099,0.0001425726,1
G091,G088,0.0001424201,1
G022,G099,0.00014225215,1
G076,G071,0.00014221531,1
G040,G024,0.0001421801,1
G043,G002,0.00014190115,1
G027,G070,0.00014174379,1
G020,G088,0.00014161487,1
G001,G088,0.0001413811,1
G018,G065,0.00014136032,1
G057,G065,0.00014119719,1
G080,G066,0.00014103277,1
G027,G088,0.00014102466,1
G090,G097,0.00014079915,1
G026,G032,0.0001406138,1
G015,G037,0.00014041808,1
G071,G044,0.00014038169,1
G074,G066,0.00014025188,1
G055,G073,0.00014023531,1
G100,G072,0.00014019861,1
G055,G099,0.00014014135,1
G075,G031,0.00013991033,1
G088,G018,0.00013974373,1
G053,G037,0.00013944897,1
G071,G069,0.00013926554,1
G057,G045,0.00013911276,1
G026,G033,0.00013897283,1
G088,G097,0.0001389348,1
G009,G011,0.00013893262,1
G014,G064,0.00013890168,1
G091,G037,0.00013883843,1
G053,G062,0.0001388047,1
G084,G008,0.00013865597,1
G027,G033,0.00013844106,1
G041,G044,0.00013841124,1
G057,G060,0.00013840798,1
G076,G044,0.0001383306,1
G058,G040,0.00013829098,1
G033,G030,0.00013793093,1
G015,G005,0.00013764715,1
G016,G002,0.0001373614,1
G098,G039,0.00013699435,1
G024,G044,0.00013686743,1
G062,G031,0.00013660581,1
G051,G044,0.00013597845,1
G065,G023,0.00013592798,1
G030,G045,0.00013588443,1
G015,G043,0.00013578638,1
G066,G063,0.00013572423,1
G071,G037,0.00013562986,1
G096,G035,0.00013551948,1
G065,G039,0.00013550077,1
G016,G061,0.00013523272,1
G016,G053,0.00013464845,1
G034,G005,0.00013461686,1
G018,G070,0.00013430924,1
G009,G018,0.0001341679,1
G057,G090,0.00013406645,1
G063,G039,0.00013405296,1
G051,G050,0.00013400124,1
G053,G035,0.00013386694,1
G015,G039,0.00013377258,1
G067,G085,0.00013308835,1
G088,G039,0.00013304321,1
G052,G033,0.00013299304,1
G022,G012,0.00013273348,1
G004,G040,0.00013249951,1
G083,G058,0.00013237326,1
G058,G060,0.00013235759,1
G025,G044,0.00013232295,1
G043,G031,0.00013222842,1
G078,G065,0.00013202975,1
G025,G032,0.00013196087,1
G054,G003,0.00013192213,1
G047,G011,0.00013190712,1
G069,G031,0.00013181155,1
G095,G060,0.00013155199,1
G026,G060,0.00013146448,1
G090,G005,0.00013108803,1
G088,G044,0.00013098732,1
G051,G061,0.00013090808,1
G019,G070,0.00013078502,1
G027,G081,0.00013068714,1
G021,G040,0.00013067629,1
G047,G003,0.00013051208,1
G099,G003,0.00013045901,1
G004,G033,0.0001304367,1
G006,G008,0.0001302233,1
G055,G083,0.0001301995,1
G025,G066,0.0001298033,1
G019,G085,0.00012975452,1
G024,G061,0.00012974243,1
G092,G073,0.00012964978,1
G099,G045,0.00012957104,1
G022,G037,0.00012954992,1
G079,G083,0.00012949391,1
G062,G099,0.00012943875,1
G001,G061,0.00012941058,1
G054,G011,0.00012891715,1
G005,G073,0.00012887831,1
G099,G029,0.00012879363,1
G083,G046,0.00012878828,1
G039,G029,0.00012876053,1
G038,G083,0.0001286875,1
G002,G042,0.0001286309,1
G091,G045,0.00012855037,1
G064,G070,0.00012845891,1
G027,G037,0.00012838806,1
G073,G005,0.00012827407,1
G098,G062,0.00012788796,1
G012,G062,0.00012732213,1
G025,G061,0.00012728253,1
G055,G070,0.00012724542,1
G021,G024,0.00012723177,1
G093,G099,0.00012721757,1
G056,G081,0.00012719461,1
G075,G046,0.00012707243,1
G050,G045,0.00012701904,1
G043,G054,0.00012682343,1
G025,G035,0.00012664843,1
G025,G099,0.00012652249,1
G031,G039,0.00012645607,1
G011,G099,0.000126341,1
G034,G069,0.0001262845,1
G078,G018,0.00012621979,1
G001,G039,0.00012616933,1
G039,G011,0.00012609012,1
G038,G097,0.00012594245,1
G054,G081,0.00012566464,1
G021,G096,0.00012565605,1
G093,G065,0.00012563138,1
G092,G046,0.00012550241,1
G049,G028,0.0001252657,1
G004,G088,0.00012486389,1
G098,G065,0.00012476613,1
G046,G090,0.00012451257,1
G018,G045,0.00012437298,1
G016,G043,0.00012428664,1
G004,G065,0.00012413724,1
G041,G066,0.00012402683,1
G018,G005,0.00012397721,1
G076,G039,0.00012385176,1
G089,G012,0.00012373015,1
G069,G044,0.00012353325,1
G084,G050,0.00012351992,1
G096,G065,0.0001234978,1
G041,G037,0.00012339528,1
G077,G099,0.00012331424,1
G022,G018,0.00012330622,1
G097,G073,0.00012329353,1
G034,G040,0.00012329235,1
G015,G042,0.00012314653,1
G017,G077,0.00012299382,1
G086,G012,0.00012299376,1
G092,G060,0.00012283855,1
G055,G033,0.00012276052,1
G099,G046,0.00012275264,1
G029,G083,0.00012267167,1
G068,G037,0.00012260056,1
G059,G070,0.00012222576,1
G037,G044,0.00012193105,1
G057,G032,0.000121905796,1
G084,G065,0.000121882054,1
G073,G006,0.00012180901,1
G057,G061,0.00012173822,1
G047,G061,0.00012172968,1
G099,G081,0.0001215914,1
G017,G085,0.000121484394,1
G059,G045,0.00012103644,1
G096,G046,0.000120908444,1
G016,G066,0.00012076561,1
G024,G070,0.00012070787,1
G069,G012,0.00012051733,1
G027,G026,0.000120512654,1
G095,G031,0.00012030967,1
G075,G042,0.00012026508,1
G034,G064,0.00012009137,1
G019,G011,0.00011999666,1
G005,G042,0.0001199178,1
G057,G033,0.0001197817,1
G078,G097,0.0001197447,1
G050,G088,0.00011962754,1
G074,G061,0.000119402685,1
G075,G050,0.00011937472,1
G062,G006,0.00011930156,1
G058,G088,0.00011919637,1
G069,G033,0.000119050004,1
G095,G037,0.000118973,1
G011,G033,0.000118956326,1
G024,G090,0.00011888207,1
G014,G040,0.000118880045,1
G014,G037,0.00011883523,1
G029,G097,0.00011874597,1
G063,G045,0.00011852983,1
G085,G017,0.00011852554,1
G043,G087,0.00011843459,1
G002,G037,0.00011842975,1
G058,G050,0.000118364514,1
G046,G020,0.00011834466,1
G029,G090,0.00011833787,1
G024,G037,0.00011832609,1
G068,G090,0.00011831096,1
G078,G035,0.0001182695,1
G020,G035,0.000118191936,1
G076,G099,0.00011815647,1
G098,G083,0.00011784382,1
G068,G029,0.000117620286,1
G062,G018,0.00011761306,1
G072,G081,0.000117485186,1
G004,G020,0.00011723989,1
G029,G037,0.0001172133,1
G009,G088,0.00011714409,1
G020,G063,0.00011707568,1
G020,G003,0.00011704876,1
G086,G085,0.00011685979,1
G075,G012,0.00011684015,1
G014,G065,0.00011679024,1
G064,G005,0.00011665315,1
G016,G001,0.000116633084,1
G046,G069,0.00011654846,1
G011,G040,0.00011654051,1
G007,G065,0.000116482544,1
G016,G076,0.000116374445,1
G097,G093,0.000116107345,1
G046,G070,0.00011609051,1
G058,G045,0.000115928655,1
G063,G011,0.00011587153,1
G088,G037,0.00011572408,1
G033,G062,0.000115695206,1
G005,G008,0.000115345036,1
G022,G043,0.00011479533,1
G092,G011,0.000114662274,1
G029,G046,0.00011463304,1
G068,G070,0.00011458847,1
G059,G035,0.00011453685,1
G043,G020,0.000114316616,1
G040,G045,0.000114199225,1
G019,G050,0.000114151626,1
G001,G043,0.000114134404,1
G076,G065,0.000114009075,1
G054,G061,0.00011371937,1
G025,G037,0.0001136038,1
G039,G061,0.00011332127,1
G059,G012,0.000113289454,1
G055,G012,0.00011312122,1
G098,G029,0.00011311173,1
G030,G018,0.000112913505,1
G072,G090,0.00011280456,1
G076,G081,0.000112658,1
G064,G088,0.00011249826,1
G034,G065,0.00011229995,1
G055,G039,0.00011226588,1
G012,G065,0.000112003945,1
G014,G050,0.00011186082,1
G043,G073,0.000111806294,1
G062,G003,0.00011172644,1
G091,G073,0.00011162654,1
G083,G039,0.00011148533,1
G002,G081,0.00011144761,1
G076,G083,0.00011142013,1
G061,G043,0.00011131968,1
G035,G043,0.00011118826,1
G035,G085,0.00011111517,1
G070,G083,0.000111098794,1
G066,G081,0.00011105351,1
G024,G099,0.000111047084,1
G075,G045,0.00011058274,1
G039,G012,0.000110506255,1
G009,G066,0.000110393165,1
G086,G028,0.00011013064,1
G074,G060,0.0001098545,1
G068,G012,0.000109765344,1
G063,G085,0.000109653294,1
G015,G097,0.000109633846,1
G091,G081,0.00010961961,1
G026,G035,0.00010960936,1
G043,G071,0.000109412926,1
G065,G043,0.000109218425,1
G025,G060,0.00010912752,1
G004,G085,0.000109059125,1
G020,G040,0.00010879909,1
G075,G065,0.00010863212,1
G056,G060,0.000108462256,1
G051,G033,0.0001084264,1
G077,G044,0.00010837082,1
G076,G045,0.000108349624,1
G093,G031,0.000108279244,1
G084,G097,0.00010818922,1
G052,G043,0.00010809176,1
G099,G037,0.00010796034,1
G050,G035,0.00010782687,1
G059,G026,0.00010756614,1
G074,G090,0.00010753284,1
G040,G051,0.00010742566,1
G038,G003,0.00010728933,1
G064,G033,0.00010722454,1
G072,G037,0.000107074826,1
G022,G029,0.00010706896,1
G090,G035,0.00010702426,1
G046,G040,0.00010699931,1
G068,G003,0.000106962994,1
G046,G037,0.000106806016,1
G046,G063,0.00010673195,1
G064,G090,0.00010667452,1
G014,G024,0.00010654784,1
G016,G086,0.000106359636,1
G014,G043,0.00010612393,1
G076,G005,0.0001060722,1
G099,G012,0.0001057979,1
G093,G005,0.00010567918,1
G030,G035,0.000105658895,1
G011,G031,0.00010553636,1
G096,G057,0.0001053023,1
G052,G071,0.00010522324,1
G051,G005,0.00010520584,1
G077,G042,0.000105093706,1
G078,G046,0.000105061044,1
G040,G097,0.000105028965,1
G040,G032,0.00010490365,1
G015,G065,0.00010482447,1
G009,G083,0.00010478279,1
G060,G099,0.00010473873,1
G099,G033,0.0001043141,1
G025,G073,0.00010411875,1
G010,G026,0.000103938975,1
G056,G035,0.00010389404,1
G027,G008,0.000103870705,1
G002,G088,0.00010385843,1
G057,G099,0.00010382104,1
G095,G003,0.000103624916,1
G046,G099,0.00010359411,1
G034,G035,0.000103361,1
G004,G062,0.00010328411,1
G092,G044,0.00010311584,1
G046,G060,0.00010288127,1
G058,G085,0.0001027305,1
G047,G066,0.00010270777,1
G014,G073,0.00010260973,1
G027,G043,0.00010254769,1
G025,G070,0.000102306476,1
G052,G046,0.000102183,1
G092,G024,0.000102149934,1
G001,G018,0.00010212851,1
G024,G073,0.00010190257,1
G063,G003,0.000101736216,1
G051,G029,0.00010173056,1
G090,G003,0.00010155505,1
G060,G003,0.000101484526,1
G044,G036,0.00010146297,1
G043,G098,0.000101267025,1
G037,G083,0.00010114111,1
G058,G044,0.000101075864,1
G052,G044,0.000100774836,1
G061,G005,0.000100439436,1
G052,G003,0.000100434685,1
G061,G071,0.00010034733,1
G062,G081,0.00010033145,1
G004,G029,0.00010029283,1
G078,G090,0.000100012476,1
G077,G062,9.97439e-05,1
G002,G012,9.9716584e-05,1
G062,G005,9.969493e-05,1
G043,G057,9.9360695e-05,1
G089,G037,9.931109e-05,1
G021,G005,9.915194e-05,1
G051,G042,9.898644e-05,1
G016,G068,9.880842e-05,1
G019,G026,9.88064e-05,1
G051,G045,9.844165e-05,1
G084,G044,9.8391654e-05,1
G026,G045,9.825125e-05,1
G099,G035,9.8210985e-05,1
G086,G062,9.815793e-05,1
G058,G097,9.8114004e-05,1
G017,G022,9.794856e-05,1
G002,G053,9.7903045e-05,1
G053,G060,9.78827e-05,1
G078,G094,9.784689e-05,1
G027,G032,9.780105e-05,1
G077,G019,9.765632e-05,1
G039,G073,9.7360105e-05,1
G055,G044,9.733797e-05,1
G099,G060,9.723027e-05,1
G034,G073,9.706638e-05,1
G092,G029,9.6912474e-05,1
G031,G035,9.6891665e-05,1
G007,G035,9.675567e-05,1
G016,G058,9.6744785e-05,1
G014,G061,9.670759e-05,1
G043,G086,9.670039e-05,1
G022,G063,9.660376e-05,1
G041,G011,9.651496e-05,1
G054,G033,9.650107e-05,1
G066,G046,9.640059e-05,1
G068,G065,9.6269796e-05,1
G088,G011,9.619562e-05,1
G058,G005,9.609433e-05,1
G012,G061,9.59977e-05,1
G083,G097,9.593593e-05,1
G066,G060,9.593554e-05,1
G030,G037,9.578411e-05,1
G078,G088,9.565118e-05,1
G042,G037,9.5617084e-05,1
G084,G040,9.5592404e-05,1
G077,G005,9.555822e-05,1
G081,G026,9.5453084e-05,1
G072,G046,9.5346295e-05,1
G057,G088,9.519907e-05,1
G038,G073,9.5195996e-05,1
G019,G033,9.509461e-05,1
G066,G039,9.5061754e-05,1
G062,G066,9.499708e-05,1
G010,G031,9.495192e-05,1
G052,G039,9.4841474e-05,1
G093,G012,9.467667e-05,1
G058,G039,9.441815e-05,1
G041,G048,9.4321316e-05,1
G091,G060,9.431575e-05,1
G040,G089,9.411204e-05,1
G019,G032,9.3854665e-05,1
G010,G045,9.38517e-05,1
G043,G064,9.377152e-05,1
G021,G073,9.3680035e-05,1
G069,G024,9.360991e-05,1
G001,G003,9.360513e-05,1
G091,G061,9.3576025e-05,1
G077,G050,9.352512e-05,1
G092,G019,9.3514915e-05,1
G053,G099,9.3491624e-05,1
G072,G039,9.348604e-05,1
G087,G031,9.3367344e-05,1
G035,G073,9.3334114e-05,1
G050,G061,9.3310155e-05,1
G035,G071,9.327671e-05,1
G090,G020,9.316112e-05,1
G082,G015,9.29746e-05,1
G065,G003,9.29588e-05,1
G007,G033,9.2941955e-05,1
G069,G020,9.285267e-05,1
G050,G003,9.2838796e-05,1
G047,G088,9.27444e-05,1
G016,G090,9.2738264e-05,1
G091,G097,9.2657094e-05,1
G015,G088,9.265002e-05,1
G069,G070,9.255403e-05,1
G053,G065,9.252824e-05,1
G031,G046,9.246983e-05,1
G064,G044,9.2384376e-05,1
G040,G071,9.228932e-05,1
G068,G061,9.220391e-05,1
G035,G070,9.208129e-05,1
G035,G005,9.201304e-05,1
G052,G099,9.188072e-05,1
G037,G005,9.18425e-05,1
G100,G030,9.1812755e-05,1
G056,G037,9.1749185e-05,1
G009,G032,9.1594775e-05,1
G043,G097,9.150708e-05,1
G053,G029,9.144685e-05,1
G060,G043,9.143113e-05,1
G006,G100,9.136535e-05,1
G005,G062,9.125416e-05,1
G024,G003,9.122023e-05,1
G040,G043,9.11547e-05,1
G069,G018,9.083477e-05,1
G004,G099,9.073949e-05,1
G090,G065,9.062347e-05,1
G090,G040,9.054725e-05,1
G026,G029,9.031515e-05,1
G074,G012,9.030189e-05,1
G017,G044,9.029904e-05,1
G091,G020,9.022005e-05,1
G077,G018,9.018276e-05,1
G017,G088,9.010741e-05,1
G051,G031,9.010429e-05,1
G012,G073,9.000402e-05,1
G019,G061,8.983422e-05,1
G039,G003,8.9729925e-05,1
G076,G040,8.9720466e-05,1
G011,G046,8.9606525e-05,1
G097,G033,8.958289e-05,1
G026,G046,8.9411194e-05,1
G068,G033,8.940259e-05,1
G092,G086,8.9322224e-05,1
G097,G018,8.9168396e-05,1
G052,G035,8.8802415e-05,1
G057,G035,8.871077e-05,1
G012,G032,8.864429e-05,1
G002,G026,8.8592096e-05,1
G076,G061,8.858701e-05,1
G023,G065,8.856461e-05,1
G016,G009,8.852983e-05,1
G005,G040,8.829869e-05,1
G010,G077,8.829097e-05,1
G059,G020,8.797108e-05,1
G078,G022,8.789868e-05,1
G090,G099,8.787362e-05,1
G023,G047,8.754298e-05,1
G052,G012,8.746061e-05,1
G027,G046,8.743769e-05,1
G055,G071,8.736789e-05,1
G039,G024,8.734696e-05,1
G019,G060,8.7206325e-05,1
G021,G090,8.706036e-05,1
G034,G003,8.698768e-05,1
G030,G081,8.6960084e-05,1
G043,G009,8.691193e-05,1
G022,G090,8.677879e-05,1
G059,G043,8.667043e-05,1
G066,G032,8.6602035e-05,1
G096,G018,8.6517786e-05,1
G056,G012,8.641384e-05,1
G069,G099,8.637568e-05,1
G043,G056,8.633278e-05,1
G099,G088,8.619492e-05,1
G029,G040,8.594285e-05,1
G066,G024,8.5907115e-05,1
G096,G033,8.57798e-05,1
G026,G012,8.5635336e-05,1
G083,G050,8.5625e-05,1
G044,G097,8.558999e-05,1
G024,G020,8.545643e-05,1
G053,G088,8.5408465e-05,1
G037,G065,8.493641e-05,1
G087,G040,8.487564e-05,1
G031,G062,8.481952e-05,1
G054,G088,8.481135e-05,1
G019,G094,8.4778694e-05,1
G056,G090,8.4728825e-05,1
G020,G026,8.470667e-05,1
G040,G033,8.469971e-05,1
G070,G073,8.453099e-05,1
G059,G003,8.444885e-05,1
G064,G045,8.427866e-05,1
G009,G043,8.424365e-05,1
G074,G046,8.423018e-05,1
G097,G042,8.420288e-05,1
G059,G085,8.4193605e-05,1
G057,G046,8.4171275e-05,1
G083,G041,8.415835e-05,1
G066,G061,8.387716e-05,1
G052,G040,8.386908e-05,1
G030,G046,8.38689e-05,1
G002,G097,8.3810555e-05,1
G021,G047,8.380496e-05,1
G085,G020,8.375402e-05,1
G052,G065,8.3745996e-05,1
G005,G012,8.371724e-05,1
G044,G065,8.344415e-05,1
G088,G073,8.3413935e-05,1
G020,G100,8.3207065e-05,1
G077,G045,8.313952e-05,1
G055,G026,8.308341e-05,1
G018,G099,8.305371e-05,1
G037,G046,8.291126e-05,1
G012,G099,8.277e-05,1
G090,G045,8.2741026e-05,1
G058,G073,8.26549e-05,1
G078,G021,8.2638006e-05,1
G029,G099,8.262948e-05,1
G037,G060,8.260744e-05,1
G054,G020,8.257853e-05,1
G080,G077,8.233173e-05,1
G077,G097,8.2260216e-05,1
G024,G050,8.217529e-05,1
G097,G009,8.1921164e-05,1
G017,G033,8.1792015e-05,1
G066,G005,8.177189e-05,1
G085,G084,8.162841e-05,1
G010,G042,8.153491e-05,1
G047,G029,8.151972e-05,1
G043,G016,8.1465434e-05,1
G055,G086,8.127733e-05,1
G034,G024,8.111456e-05,1
G078,G040,8.109719e-05,1
G058,G031,8.062846e-05,1
G017,G073,8.051884e-05,1
G054,G035,8.048025e-05,1
G077,G033,8.0345206e-05,1
G081,G005,8.024546e-05,1
G010,G090,8.0169724e-05,1
G026,G050,8.008726e-05,1
G033,G065,8.007306e-05,1
G026,G085,8.001665e-05,1
G068,G035,7.976079e-05,1
G018,G033,7.956937e-05,1
G044,G066,7.955001e-05,1
G001,G060,7.929248e-05,1
G092,G056,7.9131794e-05,1
G012,G035,7.9099496e-05,1
G034,G046,7.9017285e-05,1
G081,G088,7.8910685e-05,1
G033,G044,7.837462e-05,1
G015,G063,7.8242396e-05,1
G093,G044,7.812541e-05,1
G043,G026,7.811652e-05,1
G090,G060,7.806259e-05,1
G069,G039,7.8055244e-05,1
G063,G044,7.790868e-05,1
G097,G069,7.779526e-05,1
G031,G099,7.751672e-05,1
G086,G011,7.72798e-05,1
G061,G060,7.727335e-05,1
G054,G024,7.714033e-05,1
G048,G036,7.691015e-05,1
G002,G008,7.690694e-05,1
G018,G008,7.684944e-05,1
G066,G099,7.676637e-05,1
G053,G039,7.6715565e-05,1
G021,G029,7.6695476e-05,1
G054,G029,7.656436e-05,1
G095,G018,7.6524004e-05,1
G098,G073,7.6430966e-05,1
G037,G032,7.640869e-05,1
G084,G011,7.635026e-05,1
G065,G046,7.6349075e-05,1
G061,G040,7.6178585e-05,1
G002,G066,7.6171236e-05,1
G086,G090,7.57813e-05,1
G055,G024,7.5646356e-05,1
G024,G032,7.555606e-05,1
G021,G031,7.5534466e-05,1
G011,G066,7.5281365e-05,1
G043,G024,7.508456e-05,1
G015,G050,7.507354e-05,1
G029,G033,7.501179e-05,1
G009,G061,7.499006e-05,1
G018,G020,7.4784424e-05,1
G046,G033,7.4395655e-05,1
G089,G061,7.438231e-05,1
G058,G020,7.404199e-05,1
G066,G090,7.399423e-05,1
G087,G043,7.3875235e-05,1
G074,G070,7.37409e-05,1
G010,G083,7.3634794e-05,1
G031,G082,7.3612595e-05,1
G042,G048,7.334821e-05,1
G041,G031,7.328137e-05,1
G007,G044,7.3158924e-05,1
G066,G008,7.315715e-05,1
G064,G043,7.307695e-05,1
G068,G066,7.3071096e-05,1
G049,G031,7.306694e-05,1
G022,G028,7.3060386e-05,1
G075,G026,7.2959345e-05,1
G018,G060,7.293096e-05,1
G066,G088,7.286769e-05,1
G095,G050,7.280967e-05,1
G091,G026,7.276945e-05,1
G016,G093,7.2636896e-05,1
G017,G071,7.254461e-05,1
G057,G031,7.253384e-05,1
G047,G050,7.214959e-05,1
G034,G039,7.211141e-05,1
G071,G066,7.193803e-05,1
G069,G071,7.188673e-05,1
G066,G043,7.1878036e-05,1
G018,G097,7.159066e-05,1
G056,G029,7.156993e-05,1
G075,G040,7.099113e-05,1
G023,G028,7.0849754e-05,1
G015,G064,7.076343e-05,1
G077,G060,7.074017e-05,1
G027,G035,7.0729635e-05,1
G035,G062,7.0719136e-05,1
G061,G045,7.0701535e-05,1
G095,G011,7.0593465e-05,1
G026,G070,7.0559654e-05,1
G069,G046,7.0333175e-05,1
G016,G026,7.008459e-05,1
G059,G065,6.999607e-05,1
G027,G097,6.997429e-05,1
G095,G029,6.995573e-05,1
G046,G073,6.9953116e-05,1
G081,G044,6.9843976e-05,1
G027,G066,6.9796515e-05,1
G022,G026,6.9699505e-05,1
G051,G071,6.953334e-05,1
G001,G097,6.9530346e-05,1
G053,G045,6.9483554e-05,1
G001,G040,6.941534e-05,1
G081,G024,6.924173e-05,1
G068,G097,6.92367e-05,1
G038,G030,6.923636e-05,1
G022,G088,6.8955094e-05,1
G020,G099,6.8918904e-05,1
G027,G073,6.888216e-05,1
G012,G020,6.884661e-05,1
G059,G061,6.881478e-05,1
G076,G036,6.874598e-05,1
G097,G065,6.8604975e-05,1
G055,G050,6.8399575e-05,1
G025,G040,6.8379566e-05,1
G014,G088,6.828659e-05,1
G063,G035,6.8258094e-05,1
G100,G060,6.823048e-05,1
G055,G011,6.809802e-05,1
G002,G031,6.801932e-05,1
G078,G093,6.793156e-05,1
G061,G088,6.791339e-05,1
G050,G020,6.778348e-05,1
G099,G071,6.774591e-05,1
G061,G070,6.753742e-05,1
G092,G053,6.747658e-05,1
G010,G051,6.742518e-05,1
G002,G065,6.7367364e-05,1
G040,G005,6.7321744e-05,1
G041,G077,6.71924e-05,1
G011,G042,6.706866e-05,1
G055,G032,6.696993e-05,1
G016,G089,6.696933e-05,1
G098,G070,6.6927125e-05,1
G010,G039,6.667656e-05,1
G068,G018,6.660352e-05,1
G009,G023,6.655373e-05,1
G027,G020,6.639961e-05,1
G056,G008,6.626538e-05,1
G009,G050,6.625095e-05,1
G031,G005,6.617396e-05,1
G093,G060,6.610407e-05,1
G052,G073,6.5833425e-05,1
G058,G070,6.5726585e-05,1
G060,G031,6.5592554e-05,1
G001,G012,6.557324e-05,1
G099,G024,6.553734e-05,1
G055,G020,6.5526656e-05,1
G004,G048,6.5409105e-05,1
G099,G005,6.5334476e-05,1
G086,G031,6.5319e-05,1
G007,G045,6.531795e-05,1
G096,G012,6.5277614e-05,1
G017,G061,6.5111526e-05,1
G006,G040,6.4969216e-05,1
G084,G099,6.4806554e-05,1
G092,G035,6.4723354e-05,1
G070,G040,6.4687345e-05,1
G036,G030,6.441892e-05,1
G038,G026,6.4261185e-05,1
G044,G053,6.423893e-05,1
G001,G008,6.415117e-05,1
G040,G057,6.3975414e-05,1
G069,G097,6.37089e-05,1
G086,G033,6.369186e-05,1
G065,G044,6.3666834e-05,1
G037,G099,6.343589e-05,1
G052,G045,6.337064e-05,1
G005,G099,6.333417e-05,1
G056,G050,6.319319e-05,1
G039,G099,6.312219e-05,1
G095,G065,6.2723535e-05,1
G030,G028,6.257946e-05,1
G037,G010,6.2436324e-05,1
G004,G039,6.234763e-05,1
G088,G090,6.226801e-05,1
G086,G053,6.224278e-05,1
G016,G004,6.2161846e-05,1
G018,G094,6.206383e-05,1
G002,G005,6.1926214e-05,1
G064,G050,6.190312e-05,1
G078,G031,6.1838684e-05,1
G072,G066,6.1741324e-05,1
G056,G032,6.150327e-05,1
G090,G061,6.144399e-05,1
G022,G035,6.1443985e-05,1
G016,G008,6.132147e-05,1
G079,G003,6.1312516e-05,1
G066,G085,6.1017538e-05,1
G036,G018,6.0932445e-05,1
G057,G097,6.0893308e-05,1
G022,G097,6.0865445e-05,1
G039,G071,6.086191e-05,1
G065,G099,6.0692877e-05,1
G029,G085,6.0672086e-05,1
G088,G029,6.065905e-05,1
G052,G011,6.054104e-05,1
G043,G022,6.0514878e-05,1
G069,G026,6.049796e-05,1
G021,G056,6.039773e-05,1
G011,G083,6.0391463e-05,1
G090,G033,6.026107e-05,1
G058,G066,6.0003676e-05,1
G005,G018,5.9923146e-05,1
G060,G026,5.9857513e-05,1
G001,G090,5.9835915e-05,1
G092,G083,5.977081e-05,1
G033,G060,5.973154e-05,1
G087,G018,5.9726037e-05,1
G054,G065,5.9413767e-05,1
G078,G024,5.9355138e-05,1
G016,G024,5.93468e-05,1
G031,G050,5.9324204e-05,1
G094,G017,5.9268456e-05,1
G064,G008,5.9212023e-05,1
G022,G042,5.90588e-05,1
G054,G042,5.9056463e-05,1
G062,G040,5.897241e-05,1
G058,G011,5.885094e-05,1
G015,G055,5.8772595e-05,1
G047,G018,5.8762063e-05,1
G088,G099,5.8645634e-05,1
G092,G003,5.8605146e-05,1
G055,G097,5.8592126e-05,1
G067,G049,5.8518428e-05,1
G016,G055,5.847942e-05,1
G097,G031,5.8376387e-05,1
G063,G071,5.806492e-05,1
G049,G072,5.789928e-05,1
G030,G031,5.7867e-05,1
G075,G073,5.779531e-05,1
G069,G003,5.7703182e-05,1
G091,G065,5.752737e-05,1
G025,G031,5.751845e-05,1
G027,G085,5.7514826e-05,1
G097,G019,5.7426278e-05,1
G096,G042,5.7419347e-05,1
G065,G029,5.7249006e-05,1
G099,G065,5.7244164e-05,1
G001,G011,5.7126406e-05,1
G064,G040,5.7101242e-05,1
G030,G040,5.704052e-05,1
G069,G067,5.7023237e-05,1
G025,G005,5.6897825e-05,1
G090,G043,5.6507208e-05,1
G061,G097,5.645052e-05,1
G066,G018,5.6423807e-05,1
G068,G026,5.6361747e-05,1
G056,G033,5.6306664e-05,1
G009,G097,5.6224813e-05,1
G058,G043,5.6122466e-05,1
G095,G046,5.611778e-05,1
G081,G066,5.606619e-05,1
G096,G060,5.602604e-05,1
G030,G050,5.5784887e-05,1
G027,G042,5.5614182e-05,1
G030,G090,5.5598473e-05,1
G034,G012,5.5465123e-05,1
G065,G062,5.5420052e-05,1
G035,G039,5.5358774e-05,1
G036,G061,5.5334556e-05,1
G072,G097,5.526543e-05,1
G088,G046,5.525702e-05,1
G011,G051,5.5197805e-05,1
G061,G018,5.4993376e-05,1
G052,G090,5.494159e-05,1
G097,G040,5.4914362e-05,1
G052,G020,5.4800697e-05,1
G086,G088,5.472845e-05,1
G059,G071,5.459312e-05,1
G063,G060,5.4478896e-05,1
G005,G066,5.4436732e-05,1
G034,G097,5.4386288e-05,1
G044,G088,5.423891e-05,1
G031,G036,5.411923e-05,1
G032,G008,5.4074055e-05,1
G092,G066,5.4043012e-05,1
G059,G018,5.395772e-05,1
G056,G026,5.3719166e-05,1
G014,G026,5.3583546e-05,1
G001,G026,5.3551124e-05,1
G089,G032,5.3467807e-05,1
G021,G088,5.3281496e-05,1
G043,G092,5.317142e-05,1
G089,G033,5.302611e-05,1
G078,G048,5.2920313e-05,1
G085,G006,5.2824962e-05,1
G001,G035,5.277181e-05,1
G001,G046,5.2759086e-05,1
G063,G070,5.2705687e-05,1
G094,G073,5.2676947e-05,1
G021,G048,5.2662093e-05,1
G057,G018,5.2653762e-05,1
G017,G024,5.2436713e-05,1
G058,G024,5.243662e-05,1
G059,G008,5.236125e-05,1
G024,G060,5.2293435e-05,1
G054,G012,5.2279553e-05,1
G083,G043,5.2203024e-05,1
G066,G040,5.213354e-05,1
G091,G018,5.2125564e-05,1
G029,G061,5.2010524e-05,1
G018,G100,5.1754196e-05,1
G027,G029,5.1739164e-05,1
G050,G039,5.172939e-05,1
G098,G026,5.1653555e-05,1
G054,G051,5.164617e-05,1
G066,G035,5.1639247e-05,1
G056,G018,5.1621184e-05,1
G046,G026,5.154682e-05,1
G015,G040,5.1495655e-05,1
G095,G088,5.1494535e-05,1
G076,G060,5.1345294e-05,1
G035,G003,5.1306302e-05,1
G084,G045,5.12265e-05,1
G019,G040,5.1109375e-05,1
G088,G024,5.0707284e-05,1
G006,G033,5.0571172e-05,1
G078,G066,5.0468076e-05,1
G091,G066,5.046576e-05,1
G075,G018,5.0429164e-05,1
G041,G050,5.0395356e-05,1
G083,G029,5.0374358e-05,1
G086,G050,5.03358e-05,1
G050,G042,5.0271625e-05,1
G012,G043,5.0240174e-05,1
G007,G006,5.0212297e-05,1
G036,G008,5.0201972e-05,1
G002,G040,5.0037856e-05,1
G099,G042,5.001911e-05,1
G098,G037,4.990142e-05,1
G058,G003,4.9725946e-05,1
G029,G065,4.965763e-05,1
G001,G050,4.964271e-05,1
G033,G020,4.9631588e-05,1
G087,G029,4.9554783e-05,1
G046,G085,4.955266e-05,1
G097,G024,4.9350594e-05,1
G069,G029,4.9332895e-05,1
G018,G040,4.92868e-05,1
G049,G008,4.9222712e-05,1
G050,G011,4.9031107e-05,1
G016,G063,4.8955917e-05,1
G079,G066,4.873727e-05,1
G035,G028,4.8696023e-05,1
G009,G090,4.856935e-05,1
G070,G029,4.8534966e-05,1
G086,G065,4.8472408e-05,1
G046,G031,4.8469417e-05,1
G055,G088,4.8383168e-05,1
G092,G008,4.8374026e-05,1
G020,G004,4.8356716e-05,1
G043,G091,4.8296646e-05,1
G089,G050,4.825925e-05,1
G098,G061,4.8215843e-05,1
G073,G060,4.81844e-05,1
G068,G099,4.8168757e-05,1
G016,G036,4.804377e-05,1
G019,G031,4.7754223e-05,1
G075,G057,4.771368e-05,1
G057,G020,4.7690188e-05,1
G086,G029,4.7609334e-05,1
G010,G005,4.7536036e-05,1
G006,G051,4.7533882e-05,1
G095,G061,4.7457066e-05,1
G034,G019,4.7158923e-05,1
G030,G073,4.7110036e-05,1
G083,G070,4.700492e-05,1
G018,G041,4.683327e-05,1
G020,G065,4.675452e-05,1
G084,G043,4.6741756e-05,1
G025,G003,4.6580863e-05,1
G079,G015,4.6420242e-05,1
G016,G074,4.6252757e-05,1
G022,G066,4.620395e-05,1
G064,G085,4.6058318e-05,1
G029,G020,4.6028115e-05,1
G077,G066,4.5910798e-05,1
G083,G038,4.582474e-05,1
G050,G012,4.5760888e-05,1
G095,G045,4.559085e-05,1
G087,G035,4.557579e-05,1
G050,G099,4.5241806e-05,1
G059,G099,4.5220735e-05,1
G092,G088,4.517213e-05,1
G060,G028,4.498913e-05,1
G098,G046,4.4854034e-05,1
G074,G050,4.476989e-05,1
G015,G009,4.476954e-05,1
G047,G073,4.4722e-05,1
G083,G090,4.4646018e-05,1
G017,G090,4.464018e-05,1
G030,G065,4.4591605e-05,1
G007,G029,4.4530858e-05,1
G055,G094,4.4439945e-05,1
G002,G024,4.438289e-05,1
G019,G028,4.437959e-05,1
G026,G031,4.4344964e-05,1
G056,G011,4.4289518e-05,1
G051,G018,4.4116197e-05,1
G079,G081,4.4066663e-05,1
G097,G039,4.4029817e-05,1
G091,G033,4.3857763e-05,1
G066,G073,4.366732e-05,1
G017,G008,4.3648328e-05,1
G012,G005,4.3617678e-05,1
G033,G097,4.3391035e-05,1
G041,G051,4.3333246e-05,1
G094,G026,4.3252465e-05,1
G022,G051,4.322787e-05,1
G092,G094,4.321885e-05,1
G022,G024,4.312934e-05,1
G016,G096,4.3100295e-05,1
G050,G081,4.30593e-05,1
G100,G029,4.2996562e-05,1
G086,G003,4.288463e-05,1
G061,G042,4.2780608e-05,1
G064,G011,4.264418e-05,1
G068,G051,4.25705e-05,1
G020,G033,4.2555992e-05,1
G052,G070,4.2356067e-05,1
G077,G065,4.2295524e-05,1
G054,G040,4.2291183e-05,1
G052,G063,4.2205767e-05,1
G060,G051,4.2045267e-05,1
G055,G090,4.2010583e-05,1
G007,G040,4.1923482e-05,1
G040,G029,4.1901483e-05,1
G053,G071,4.18539e-05,1
G077,G040,4.1814597e-05,1
G077,G012,4.1764662e-05,1
G016,G056,4.1757987e-05,1
G099,G028,4.1723528e-05,1
G061,G033,4.1706684e-05,1
G027,G050,4.1644565e-05,1
G032,G016,4.1599073e-05,1
G065,G037,4.1535008e-05,1
G024,G033,4.143661e-05,1
G050,G043,4.1264335e-05,1
G039,G060,4.124488e-05,1
G081,G043,4.12016e-05,1
G022,G020,4.1152307e-05,1
G060,G044,4.1082356e-05,1
G050,G065,4.10341e-05,1
G093,G050,4.1007766e-05,1
G087,G020,4.0936124e-05,1
G033,G026,4.090223e-05,1
G017,G070,4.0699e-05,1
G058,G042,4.0656047e-05,1
G092,G018,4.064179e-05,1
G041,G018,4.042673e-05,1
G002,G039,4.019132e-05,1
G043,G076,4.0159506e-05,1
G016,G054,4.0154562e-05,1
G028,G006,3.992149e-05,1
G081,G039,3.9879826e-05,1
G042,G024,3.98284e-05,1
G093,G020,3.981327e-05,1
G010,G097,3.9806124e-05,1
G080,G005,3.976188e-05,1
G012,G070,3.970489e-05,1
G011,G100,3.966786e-05,1
G072,G040,3.9654322e-05,1
G019,G008,3.9584957e-05,1
G031,G042,3.947076e-05,1
G088,G020,3.936197e-05,1
G091,G003,3.931934e-05,1
G062,G004,3.9310664e-05,1
G018,G061,3.9227907e-05,1
G086,G073,3.9150385e-05,1
G014,G097,3.9113835e-05,1
G051,G097,3.9053408e-05,1
G065,G018,3.8995877e-05,1
G026,G073,3.896371e-05,1
G070,G060,3.882437e-05,1
G077,G073,3.8822494e-05,1
G052,G088,3.8810813e-05,1
G054,G046,3.864018e-05,1
G012,G018,3.853573e-05,1
G009,G005,3.8501912e-05,1
G001,G085,3.8417522e-05,1
G034,G088,3.8382364e-05,1
G030,G005,3.8227863e-05,1
G081,G035,3.813303e-05,1
G030,G097,3.8036902e-05,1
G011,G094,3.8001745e-05,1
G062,G042,3.7945407e-05,1
G029,G007,3.7897447e-05,1
G017,G046,3.7787486e-05,1
G089,G063,3.778224e-05,1
G075,G088,3.7773978e-05,1
G088,G061,3.772606e-05,1
G075,G061,3.7663875e-05,1
G095,G090,3.7651967e-05,1
G084,G073,3.756726e-05,1
G024,G018,3.7499332e-05,1
G098,G040,3.7468835e-05,1
G038,G051,3.7452977e-05,1
G068,G011,3.743532e-05,1
G037,G008,3.7430378e-05,1
G014,G020,3.735631e-05,1
G084,G029,3.722086e-05,1
G059,G037,3.7112914e-05,1
G035,G046,3.7103826e-05,1
G099,G051,3.710101e-05,1
G087,G061,3.688677e-05,1
G094,G058,3.6840745e-05,1
G038,G056,3.6754638e-05,1
G071,G039,3.661086e-05,1
G041,G032,3.6563073e-05,1
G069,G060,3.646547e-05,1
G058,G018,3.6406433e-05,1
G035,G060,3.6326728e-05,1
G091,G071,3.6211375e-05,1
G002,G018,3.6100486e-05,1
G080,G040,3.5985926e-05,1
G089,G051,3.5890174e-05,1
G074,G097,3.57895e-05,1
G059,G033,3.576088e-05,1
G022,G011,3.555352e-05,1
G026,G065,3.552095e-05,1
G020,G086,3.541304e-05,1
G063,G043,3.5290534e-05,1
G038,G036,3.5246092e-05,1
G040,G008,3.524212e-05,1
G016,G052,3.51522e-05,1
G062,G038,3.5141467e-05,1
G025,G043,3.5062716e-05,1
G049,G010,3.5019548e-05,1
G002,G020,3.4837165e-05,1
G024,G043,3.4702975e-05,1
G042,G040,3.4650348e-05,1
G079,G073,3.4605622e-05,1
G047,G024,3.4591987e-05,1
G094,G060,3.4533536e-05,1
G092,G026,3.4485638e-05,1
G073,G099,3.4387536e-05,1
G035,G065,3.4375582e-05,1
G078,G032,3.4260127e-05,1
G011,G026,3.4231944e-05,1
G098,G033,3.4098077e-05,1
G047,G067,3.4058674e-05,1
G059,G050,3.4016633e-05,1
G041,G035,3.387298e-05,1
G035,G099,3.3532462e-05,1
G074,G035,3.347097e-05,1
G029,G073,3.3400072e-05,1
G059,G073,3.3397668e-05,1
G031,G063,3.3224078e-05,1
G025,G008,3.3202687e-05,1
G092,G100,3.3196367e-05,1
G035,G042,3.3181874e-05,1
G019,G039,3.3055345e-05,1
G037,G063,3.3044853e-05,1
G092,G040,3.3020828e-05,1
G060,G081,3.2950935e-05,1
G053,G003,3.2947824e-05,1
G022,G073,3.2901946e-05,1
G016,G075,3.289635e-05,1
G059,G060,3.289364e-05,1
G087,G070,3.2625703e-05,1
G040,G035,3.2568994e-05,1
G084,G051,3.252813e-05,1
G096,G020,3.240196e-05,1
G052,G031,3.2316097e-05,1
G027,G094,3.2037497e-05,1
G024,G094,3.1987653e-05,1
G012,G046,3.179212e-05,1
G016,G035,3.1702737e-05,1
G096,G040,3.1461146e-05,1
G098,G051,3.096856e-05,1
G016,G080,3.0944426e-05,1
G021,G020,3.093507e-05,1
G036,G005,3.0932562e-05,1
G083,G009,3.085476e-05,1
G062,G073,3.078815e-05,1
G017,G060,3.064824e-05,1
G005,G065,3.0603147e-05,1
G078,G070,3.0515872e-05,1
G006,G048,3.0451598e-05,1
G063,G031,3.0354335e-05,1
G087,G046,3.027404e-05,1
G081,G018,3.01791e-05,1
G050,G008,3.0136207e-05,1
G089,G073,3.0035246e-05,1
G081,G038,2.9928526e-05,1
G034,G096,2.9878678e-05,1
G038,G018,2.9878234e-05,1
G006,G043,2.9837842e-05,1
G040,G034,2.981964e-05,1
G086,G051,2.975615e-05,1
G033,G042,2.9707002e-05,1
G012,G076,2.9420842e-05,1
G085,G018,2.93808e-05,1
G079,G043,2.9371611e-05,1
G057,G024,2.9355288e-05,1
G026,G061,2.9349725e-05,1
G001,G051,2.9321936e-05,1
G071,G065,2.9314026e-05,1
G097,G044,2.91428e-05,1
G058,G008,2.9039762e-05,1
G080,G050,2.9030574e-05,1
G002,G035,2.8903167e-05,1
G060,G061,2.8837034e-05,1
G099,G040,2.8835075e-05,1
G084,G054,2.8834436e-05,1
G074,G020,2.8751312e-05,1
G070,G066,2.8675524e-05,1
G083,G019,2.8602803e-05,1
G033,G069,2.8499184e-05,1
G083,G024,2.8477692e-05,1
G058,G065,2.8385757e-05,1
G027,G090,2.8368597e-05,1
G001,G029,2.833974e-05,1
G052,G042,2.8309198e-05,1
G063,G012,2.8301274e-05,1
G055,G076,2.8256925e-05,1
G077,G067,2.8189601e-05,1
G060,G097,2.8109347e-05,1
G035,G061,2.7912887e-05,1
G010,G053,2.789321e-05,1
G082,G016,2.7849064e-05,1
G029,G008,2.7837197e-05,1
G087,G003,2.781694e-05,1
G081,G060,2.7774375e-05,1
G037,G067,2.770764e-05,1
G076,G018,2.7575255e-05,1
G051,G024,2.7554699e-05,1
G008,G005,2.755041e-05,1
G046,G045,2.751226e-05,1
G071,G040,2.7450258e-05,1
G055,G098,2.7342963e-05,1
G059,G051,2.728618e-05,1
G025,G053,2.7285947e-05,1
G091,G035,2.7238679e-05,1
G040,G098,2.7193955e-05,1
G089,G071,2.6971677e-05,1
G062,G044,2.6827865e-05,1
G029,G011,2.6730959e-05,1
G022,G052,2.6659089e-05,1
G062,G090,2.6502976e-05,1
G011,G043,2.6496344e-05,1
G089,G029,2.64406e-05,1
G007,G046,2.6423098e-05,1
G010,G029,2.6421289e-05,1
G080,G046,2.6400608e-05,1
G086,G066,2.6366939e-05,1
G074,G071,2.6316466e-05,1
G051,G011,2.6258793e-05,1
G003,G078,2.6230762e-05,1
G059,G042,2.6215554e-05,1
G069,G085,2.6204254e-05,1
G042,G073,2.6184909e-05,1
G012,G040,2.6133841e-05,1
G095,G070,2.6125246e-05,1
G009,G073,2.6083773e-05,1
G019,G064,2.6052263e-05,1
G092,G032,2.5993031e-05,1
G090,G012,2.5981139e-05,1
G047,G097,2.597177e-05,1
G019,G098,2.5902465e-05,1
G026,G018,2.5880261e-05,1
G006,G094,2.5850264e-05,1
G067,G069,2.5832209e-05,1
G052,G008,2.581602e-05,1
G079,G036,2.579732e-05,1
G018,G063,2.5745743e-05,1
G070,G045,2.5731364e-05,1
G077,G008,2.5724523e-05,1
G021,G015,2.5711219e-05,1
G026,G024,2.5675667e-05,1
G100,G051,2.5669999e-05,1
G064,G003,2.563926e-05,1
G027,G024,2.563571e-05,1
G069,G051,2.5505818e-05,1
G092,G071,2.5382435e-05,1
G080,G036,2.5285695e-05,1
G058,G032,2.4971949e-05,1
G091,G012,2.4949528e-05,1
G061,G099,2.4947389e-05,1
G073,G043,2.4930257e-05,1
G058,G033,2.4930076e-05,1
G018,G035,2.4837162e-05,1
G012,G051,2.4754821e-05,1
G083,G059,2.4743871e-05,1
G056,G020,2.460303e-05,1
G055,G018,2.4588782e-05,1
G002,G019,2.439761e-05,1
G092,G058,2.433574e-05,1
G033,G088,2.4204815e-05,1
G004,G094,2.417557e-05,1
G038,G088,2.4147554e-05,1
G048,G008,2.4135014e-05,1
G030,G060,2.4112655e-05,1
G007,G002,2.4025187e-05,1
G057,G012,2.397239e-05,1
G059,G090,2.3950108e-05,1
G062,G063,2.378129e-05,1
G051,G070,2.3768414e-05,1
G001,G044,2.3757435e-05,1
G035,G063,2.3752316e-05,1
G048,G016,2.3616023e-05,1
G075,G071,2.3606752e-05,1
G007,G026,2.3564518e-05,1
G083,G052,2.3544533e-05,1
G073,G067,2.3507751e-05,1
G043,G063,2.3490533e-05,1
G079,G046,2.3457838e-05,1
G005,G044,2.3448598e-05,1
G007,G097,2.3447476e-05,1
G089,G045,2.3381534e-05,1
G022,G076,2.3255894e-05,1
G036,G089,2.3220906e-05,1
G034,G063,2.3211149e-05,1
G002,G086,2.2975762e-05,1
G092,G051,2.2848282e-05,1
G020,G091,2.2839706e-05,1
G095,G067,2.2809718e-05,1
G059,G032,2.2783748e-05,1
G066,G097,2.2641218e-05,1
G025,G026,2.2615646e-05,1
G063,G040,2.259791e-05,1
G030,G066,2.2582279e-05,1
G011,G062,2.2497796e-05,1
G081,G029,2.2435268e-05,1
G015,G086,2.2428727e-05,1
G092,G090,2.2420649e-05,1
G095,G073,2.2404187e-05,1
G036,G065,2.2353604e-05,1
G054,G090,2.2335265e-05,1
G083,G057,2.2250668e-05,1
G072,G051,2.2248225e-05,1
G024,G069,2.2243174e-05,1
G088,G051,2.2132188e-05,1
G009,G053,2.2016911e-05,1
G031,G097,2.2012893e-05,1
G050,G063,2.194542e-05,1
G018,G071,2.191107e-05,1
G034,G090,2.189395e-05,1
G002,G067,2.1890284e-05,1
G054,G073,2.1808055e-05,1
G088,G042,2.1790895e-05,1
G007,G088,2.1734833e-05,1
G092,G033,2.1440026e-05,1
G010,G061,2.1371303e-05,1
G096,G041,2.1362035e-05,1
G083,G004,2.136148e-05,1
G041,G097,2.1308375e-05,1
G068,G085,2.1305148e-05,1
G057,G028,2.1226208e-05,1
G074,G008,2.1175405e-05,1
G025,G089,2.1115422e-05,1
G060,G046,2.1051139e-05,1
G097,G054,2.102065e-05,1
G009,G060,2.0992622e-05,1
G095,G033,2.0963527e-05,1
G076,G041,2.0946149e-05,1
G100,G052,2.0939924e-05,1
G001,G009,2.0879334e-05,1
G033,G018,2.0862146e-05,1
G067,G043,2.0809019e-05,1
G078,G089,2.0626487e-05,1
G052,G097,2.0582638e-05,1
G058,G051,2.058165e-05,1
G065,G024,2.0568625e-05,1
G062,G035,2.0486532e-05,1
G083,G016,2.0482801e-05,1
G092,G023,2.0444038e-05,1
G055,G053,2.0313379e-05,1
G021,G035,2.0209774e-05,1
G047,G053,2.0008125e-05,1
G011,G097,1.9988818e-05,1
G084,G088,1.9974708e-05,1
G077,G003,1.993737e-05,1
G076,G012,1.9929632e-05,1
G041,G024,1.987525e-05,1
G089,G011,1.9736874e-05,1
G046,G054,1.9673364e-05,1
G011,G008,1.9630645e-05,1
G089,G054,1.9602898e-05,1
G023,G049,1.955317e-05,1
G024,G097,1.9541545e-05,1
G093,G073,1.9526206e-05,1
G100,G078,1.9424539e-05,1
G025,G012,1.9350931e-05,1
G089,G002,1.9268704e-05,1
G072,G036,1.9246447e-05,1
G088,G003,1.9191752e-05,1
G043,G059,1.9143916e-05,1
G041,G088,1.9093302e-05,1
G002,G052,1.9077017e-05,1
G040,G011,1.9059786e-05,1
G020,G025,1.905868e-05,1
G060,G050,1.899088e-05,1
G020,G050,1.8977014e-05,1
G094,G020,1.8951207e-05,1
G007,G051,1.8856843e-05,1
G022,G056,1.8852415e-05,1
G062,G061,1.8746425e-05,1
G094,G043,1.8699411e-05,1
G015,G001,1.8664394e-05,1
G017,G015,1.8638359e-05,1
G005,G050,1.8585852e-05,1
G098,G085,1.8569817e-05,1
G070,G012,1.8566818e-05,1
G092,G054,1.8539546e-05,1
G076,G053,1.8419914e-05,1
G043,G096,1.8339866e-05,1
G017,G043,1.8331608e-05,1
G004,G093,1.8324143e-05,1
G050,G024,1.8204897e-05,1
G038,G050,1.8149043e-05,1
G044,G072,1.8092214e-05,1
G098,G088,1.8054821e-05,1
G046,G012,1.7836604e-05,1
G005,G061,1.7800452e-05,1
G034,G010,1.7694849e-05,1
G038,G095,1.7655719e-05,1
G041,G033,1.758477e-05,1
G098,G053,1.7529617e-05,1
G094,G044,1.7472814e-05,1
G070,G011,1.7456425e-05,1
G068,G050,1.7379818e-05,1
G014,G099,1.7319737e-05,1
G027,G065,1.724082e-05,1
G086,G024,1.7178947e-05,1
G004,G018,1.707368e-05,1
G030,G019,1.6963255e-05,1
G026,G088,1.689123e-05,1
G002,G076,1.6825717e-05,1
G088,G026,1.6785138e-05,1
G002,G046,1.6764141e-05,1
G097,G056,1.674718e-05,1
G099,G066,1.6514292e-05,1
G038,G025,1.6487715e-05,1
G053,G086,1.6485908e-05,1
G010,G091,1.636061e-05,1
G017,G054,1.6349282e-05,1
G081,G020,1.6288805e-05,1
G058,G054,1.6189415e-05,1
G060,G033,1.6135433e-05,1
G011,G029,1.6132597e-05,1
G006,G016,1.6113983e-05,1
G076,G097,1.6092356e-05,1
G025,G065,1.6060083e-05,1
G074,G088,1.6018408e-05,1
G055,G060,1.6015667e-05,1
G041,G053,1.5883048e-05,1
G035,G097,1.5668053e-05,1
G073,G031,1.5654703e-05,1
G041,G065,1.5456506e-05,1
G042,G041,1.5368254e-05,1
G089,G018,1.5351858e-05,1
G054,G060,1.5301488e-05,1
G055,G061,1.52004595e-05,1
G030,G020,1.5181479e-05,1
G074,G018,1.5169535e-05,1
G078,G026,1.513126e-05,1
G031,G067,1.50361e-05,1
G012,G094,1.4941629e-05,1
G033,G077,1.4915193e-05,1
G069,G063,1.4880189e-05,1
G094,G016,1.48752515e-05,1
G069,G008,1.4864516e-05,1
G050,G086,1.4695498e-05,1
G034,G100,1.4640172e-05,1
G092,G063,1.4637001e-05,1
G086,G020,1.4586891e-05,1
G088,G050,1.4558103e-05,1
G018,G046,1.4537103e-05,1
G044,G005,1.4527944e-05,1
G069,G088,1.4513433e-05,1
G061,G090,1.4501573e-05,1
G006,G007,1.44798405e-05,1
G047,G060,1.4360781e-05,1
G019,G042,1.4357895e-05,1
G083,G051,1.4279662e-05,1
G059,G011,1.4242149e-05,1
G058,G094,1.4226799e-05,1
G088,G045,1.42171075e-05,1
G001,G032,1.4132813e-05,1
G041,G046,1.4094517e-05,1
G079,G016,1.4073003e-05,1
G092,G061,1.40206785e-05,1
G056,G054,1.4011313e-05,1
G065,G006,1.3993823e-05,1
G011,G035,1.3967795e-05,1
G064,G076,1.3957293e-05,1
G065,G033,1.3933325e-05,1
G050,G033,1.3858407e-05,1
G086,G026,1.3713503e-05,1
G047,G008,1.3635494e-05,1
G026,G008,1.3606278e-05,1
G001,G005,1.3590545e-05,1
G058,G076,1.3566481e-05,1
G038,G062,1.3557443e-05,1
G055,G040,1.34627935e-05,1
G077,G046,1.3414078e-05,1
G046,G002,1.3412106e-05,1
G012,G100,1.3313974e-05,1
G059,G023,1.3295884e-05,1
G065,G025,1.3286928e-05,1
G004,G084,1.3269133e-05,1
G057,G050,1.323734e-05,1
G031,G088,1.32043315e-05,1
G017,G028,1.3157754e-05,1
G099,G039,1.3126414e-05,1
G087,G041,1.3099767e-05,1
G012,G037,1.3090579e-05,1
G100,G053,1.3054207e-05,1
G090,G011,1.3043326e-05,1
G099,G017,1.2889018e-05,1
G084,G061,1.2848067e-05,1
G098,G082,1.2809471e-05,1
G086,G042,1.2796849e-05,1
G080,G072,1.2774974e-05,1
G062,G012,1.2723489e-05,1
G083,G021,1.2719832e-05,1
G093,G097,1.2667766e-05,1
G099,G020,1.2667199e-05,1
G051,G085,1.2640795e-05,1
G038,G054,1.26009245e-05,1
G021,G060,1.2552709e-05,1
G088,G063,1.254803e-05,1
G091,G024,1.2537138e-05,1
G070,G035,1.2534142e-05,1
G086,G061,1.2475658e-05,1
G062,G029,1.2407972e-05,1
G007,G099,1.2393047e-05,1
G060,G020,1.2369763e-05,1
G064,G002,1.228672e-05,1
G030,G012,1.2258018e-05,1
G051,G076,1.2020865e-05,1
G010,G057,1.2008604e-05,1
G100,G019,1.1960906e-05,1
G090,G088,1.191177e-05,1
G019,G054,1.1888774e-05,1
G074,G099,1.1811921e-05,1
G014,G051,1.1795911e-05,1
G099,G026,1.1780503e-05,1
G097,G046,1.1762848e-05,1
G033,G054,1.1685878e-05,1
G081,G040,1.1573449e-05,1
G034,G086,1.1563661e-05,1
G093,G035,1.15484545e-05,1
G091,G086,1.1482284e-05,1
G016,G094,1.1465855e-05,1
G050,G040,1.1261415e-05,1
G064,G018,1.1238907e-05,1
G057,G073,1.1138969e-05,1
G096,G051,1.11230065e-05,1
G068,G024,1.1103832e-05,1
G029,G048,1.1095547e-05,1
G052,G067,1.1077953e-05,1
G035,G040,1.0983692e-05,1
G039,G097,1.0977478e-05,1
G083,G007,1.0976925e-05,1
G090,G018,1.0937734e-05,1
G057,G085,1.0837467e-05,1
G090,G050,1.07968235e-05,1
G094,G015,1.0767135e-05,1
G015,G057,1.0750557e-05,1
G083,G095,1.073393e-05,1
G043,G084,1.0694728e-05,1
G037,G097,1.0613725e-05,1
G077,G043,1.0580392e-05,1
G067,G040,1.0533751e-05,1
G026,G100,1.0508272e-05,1
G075,G063,1.043933e-05,1
G053,G020,1.0296032e-05,1
G030,G085,1.0295755e-05,1
G036,G044,1.0091925e-05,1
G007,G060,1.0079928e-05,1
G052,G018,1.002062e-05,1
G042,G028,9.995198e-06,1
G100,G018,9.980152e-06,1
G083,G091,9.861088e-06,1
G016,G085,9.824046e-06,1
G063,G020,9.821822e-06,1
G049,G021,9.80239e-06,1
G083,G056,9.74605e-06,1
G073,G037,9.73934e-06,1
G010,G043,9.730031e-06,1
G004,G012,9.621028e-06,1
G038,G068,9.6205695e-06,1
G018,G052,9.60078e-06,1
G090,G029,9.498493e-06,1
G006,G070,9.388995e-06,1
G055,G065,9.363335e-06,1
G001,G002,9.362004e-06,1
G098,G020,9.327806e-06,1
G034,G032,9.291062e-06,1
G096,G003,9.154575e-06,1
G046,G036,9.145026e-06,1
G058,G035,9.045498e-06,1
G039,G018,9.037119e-06,1
G093,G018,9.016456e-06,1
G098,G004,9.002701e-06,1
G041,G042,8.995692e-06,1
G017,G086,8.972022e-06,1
G097,G094,8.9631485e-06,1
G063,G033,8.953654e-06,1
G069,G040,8.944375e-06,1
G046,G056,8.92907e-06,1
G060,G052,8.899949e-06,1
G072,G099,8.702417e-06,1
G058,G002,8.6653e-06,1
G093,G090,8.64869e-06,1
G095,G035,8.635246e-06,1
G042,G030,8.610013e-06,1
G052,G029,8.6087175e-06,1
G075,G019,8.522274e-06,1
G027,G076,8.412257e-06,1
G026,G020,8.404337e-06,1
G043,G004,8.379095e-06,1
G019,G086,8.267915e-06,1
G038,G023,8.258228e-06,1
G064,G026,8.214574e-06,1
G025,G009,8.173904e-06,1
G066,G042,8.160335e-06,1
G060,G024,8.104694e-06,1
G051,G075,8.081559e-06,1
G026,G076,8.080432e-06,1
G093,G052,8.079659e-06,1
G035,G012,8.0492455e-06,1
G081,G097,7.96266e-06,1
G089,G065,7.95702e-06,1
G065,G012,7.873012e-06,1
G007,G012,7.832305e-06,1
G064,G060,7.688735e-06,1
G048,G015,7.640109e-06,1
G021,G052,7.541468e-06,1
G099,G075,7.5093385e-06,1
G067,G077,7.4702093e-06,1
G053,G052,7.455096e-06,1
G012,G088,7.448471e-06,1
G017,G031,7.4269287e-06,1
G091,G076,7.409219e-06,1
G057,G002,7.4003033e-06,1
G092,G067,7.2801195e-06,1
G097,G004,7.261367e-06,1
G018,G066,7.2118323e-06,1
G024,G063,7.150279e-06,1
G077,G057,7.1405593e-06,1
G050,G002,7.1331388e-06,1
G059,G017,7.131308e-06,1
G097,G070,7.09612e-06,1
G018,G064,7.0403685e-06,1
G079,G057,7.02796e-06,1
G100,G057,7.0266897e-06,1
G046,G094,7.0121737e-06,1
G083,G015,7.0003393e-06,1
G062,G050,6.900139e-06,1
G099,G063,6.8874415e-06,1
G022,G070,6.848068e-06,1
G074,G055,6.8166705e-06,1
G021,G085,6.6677185e-06,1
G100,G015,6.5776744e-06,1
G031,G060,6.527837e-06,1
G069,G065,6.461077e-06,1
G002,G017,6.370725e-06,1
G084,G091,6.318498e-06,1
G027,G017,6.299092e-06,1
G050,G093,6.293112e-06,1
G053,G051,6.2610234e-06,1
G026,G098,6.221162e-06,1
G006,G018,6.218933e-06,1
G025,G033,6.1943842e-06,1
G046,G029,6.1131987e-06,1
G055,G029,6.0214866e-06,1
G051,G082,5.9760673e-06,1
G046,G086,5.8938795e-06,1
G008,G012,5.83404e-06,1
G031,G065,5.7904344e-06,1
G038,G099,5.786524e-06,1
G080,G042,5.651881e-06,1
G025,G076,5.605266e-06,1
G070,G046,5.559906e-06,1
G078,G004,5.4962584e-06,1
G058,G012,5.4819234e-06,1
G059,G076,5.477861e-06,1
G018,G098,5.354804e-06,1
G024,G051,5.2771265e-06,1
G063,G026,5.226723e-06,1
G061,G035,5.2184173e-06,1
G087,G086,5.17275e-06,1
G035,G002,5.109918e-06,1
G006,G068,5.099912e-06,1
G065,G020,5.0998997e-06,1
G012,G042,5.09446e-06,1
G053,G043,5.086949e-06,1
G073,G032,5.0029403e-06,1
G025,G029,4.9978935e-06,1
G015,G076,4.9559567e-06,1
G043,G089,4.8778916e-06,1
G006,G015,4.844191e-06,1
G094,G089,4.746737e-06,1
G083,G012,4.7417075e-06,1
G051,G098,4.6886425e-06,1
G011,G003,4.6159676e-06,1
G100,G061,4.602824e-06,1
G058,G052,4.5782294e-06,1
G070,G042,4.563169e-06,1
G034,G029,4.554695e-06,1
G096,G076,4.4419653e-06,1
G070,G053,4.422482e-06,1
G075,G097,4.4054837e-06,1
G087,G065,4.3941745e-06,1
G037,G018,4.3787877e-06,1
G068,G023,4.340844e-06,1
G094,G018,4.3311425e-06,1
G062,G043,4.317002e-06,1
G053,G097,4.3142127e-06,1
G035,G051,4.309135e-06,1
G053,G046,4.292057e-06,1
G091,G054,4.2577453e-06,1
G075,G008,4.2323013e-06,1
G095,G085,4.216627e-06,1
G043,G001,4.2069546e-06,1
G095,G063,4.1105823e-06,1
G073,G030,4.0706386e-06,1
G022,G015,4.0601863e-06,1
G061,G073,4.048873e-06,1
G063,G094,4.036915e-06,1
G096,G008,4.0250593e-06,1
G025,G088,4.0111568e-06,1
G092,G020,3.891402e-06,1
G090,G026,3.7931102e-06,1
G020,G060,3.6187264e-06,1
G042,G069,3.59559e-06,1
G017,G016,3.5506089e-06,1
G099,G089,3.544529e-06,1
G002,G029,3.4963546e-06,1
G090,G052,3.4913635e-06,1
G016,G073,3.3401445e-06,1
G057,G067,3.309101e-06,1
G016,G018,3.2933008e-06,1
G056,G051,3.2906378e-06,1
G084,G060,3.1977384e-06,1
G059,G094,3.1892152e-06,1
G035,G066,3.1712066e-06,1
G011,G060,3.1543038e-06,1
G068,G088,3.1524335e-06,1
G063,G088,3.1306474e-06,1
G005,G035,3.0742906e-06,1
G024,G059,2.9727303e-06,1
G074,G063,2.9472972e-06,1
G010,G098,2.9189841e-06,1
G038,G020,2.8318962e-06,1
G056,G046,2.7875194e-06,1
G077,G085,2.783504e-06,1
G020,G067,2.7684166e-06,1
G005,G097,2.7458802e-06,1
G051,G003,2.6968262e-06,1
G100,G086,2.6484213e-06,1
G059,G063,2.6242735e-06,1
G017,G057,2.6144037e-06,1
G062,G019,2.526639e-06,1
G084,G053,2.4460612e-06,1
G036,G009,2.4124301e-06,1
G024,G040,2.4100505e-06,1
G002,G043,2.3588477e-06,1
G083,G054,2.3581492e-06,1
G050,G060,2.3375376e-06,1
G038,G008,2.3323676e-06,1
G036,G073,2.298717e-06,1
G072,G005,2.2395234e-06,1
G071,G043,2.1352425e-06,1
G038,G058,2.0584391e-06,1
G094,G083,2.0412429e-06,1
G067,G015,1.9391682e-06,1
G078,G010,1.9252764e-06,1
G095,G012,1.9249294e-06,1
G094,G086,1.9046124e-06,1
G089,G024,1.9029568e-06,1
G018,G082,1.8838521e-06,1
G058,G009,1.8792396e-06,1
G010,G063,1.7054033e-06,1
G074,G033,1.5186187e-06,1
G011,G023,1.371557e-06,1
G011,G039,1.3693985e-06,1
G054,G086,1.3412006e-06,1
G054,G075,1.3237503e-06,1
G038,G089,1.3101754e-06,1
G019,G046,1.2450928e-06,1
G069,G035,1.2285557e-06,1
G063,G028,1.2194756e-06,1
G075,G070,1.2114474e-06,1
G041,G085,1.206542e-06,1
G031,G020,1.1795532e-06,1
G064,G097,1.1003275e-06,1
G063,G073,1.0765523e-06,1
G075,G099,1.0738627e-06,1
G073,G017,1.0053129e-06,1
G079,G089,9.841042e-07,1
G018,G076,9.800007e-07,1
G052,G100,9.768332e-07,1
G029,G050,9.133762e-07,1
G091,G029,8.3343934e-07,1
G095,G042,7.661149e-07,1
G058,G075,7.5402704e-07,1
G053,G094,7.147543e-07,1
G092,G059,6.89725e-07,1
G083,G098,6.66599e-07,1
G002,G028,6.2168596e-07,1
G084,G004,5.46352e-07,1
G076,G002,5.2451446e-07,1
G095,G086,4.584805e-07,1
G073,G044,4.2806835e-07,1
G044,G030,4.2719532e-07,1
G093,G026,4.0454748e-07,1
G036,G062,4.0077458e-07,1
G035,G018,3.8877087e-07,1
G056,G085,3.8476503e-07,1
G095,G040,3.8249132e-07,1
G088,G033,3.79188e-07,1
G087,G026,3.7139833e-07,1
G031,G026,3.2360055e-07,1
G036,G085,1.7462321e-07,1
G056,G017,1.5472463e-07,1
G041,G009,-4.0391406e-09,-1
G072,G063,-3.4914432e-08,-1
G067,G086,-1.4925543e-07,-1
G076,G019,-1.7505359e-07,-1
G066,G020,-1.7574388e-07,-1
G043,G015,-1.9969298e-07,-1
G083,G089,-2.0127096e-07,-1
G051,G090,-2.0415891e-07,-1
G050,G046,-2.2859942e-07,-1
G085,G051,-2.7521287e-07,-1
G074,G026,-3.061362e-07,-1
G001,G098,-4.1665766e-07,-1
G026,G063,-4.182225e-07,-1
G081,G031,-4.5189873e-07,-1
G011,G076,-4.789261e-07,-1
G098,G043,-5.0703954e-07,-1
G027,G084,-5.1831586e-07,-1
G100,G058,-5.482712e-07,-1
G037,G042,-6.7866125e-07,-1
G069,G073,-7.5084176e-07,-1
G098,G084,-8.508608e-07,-1
G011,G090,-8.6415184e-07,-1
G021,G032,-8.677889e-07,-1
G080,G051,-8.765706e-07,-1
G098,G063,-9.0409304e-07,-1
G093,G086,-9.225617e-07,-1
G004,G043,-9.2545656e-07,-1
G073,G036,-9.3951206e-07,-1
G092,G081,-9.595469e-07,-1
G019,G084,-9.668395e-07,-1
G055,G067,-9.737863e-07,-1
G079,G085,-9.74278e-07,-1
G084,G046,-1.0622842e-06,-1
G083,G079,-1.1180551e-06,-1
G067,G018,-1.158929e-06,-1
G024,G046,-1.2003701e-06,-1
G086,G040,-1.2617595e-06,-1
G070,G084,-1.2645752e-06,-1
G038,G044,-1.295738e-06,-1
G004,G091,-1.3166228e-06,-1
G018,G089,-1.327499e-06,-1
G017,G012,-1.3957606e-06,-1
G026,G003,-1.4198547e-06,-1
G081,G050,-1.5544821e-06,-1
G031,G090,-1.6233481e-06,-1
G060,G011,-1.636575e-06,-1
G071,G088,-1.661815e-06,-1
G016,G059,-1.675301e-06,-1
G036,G094,-1.6830495e-06,-1
G100,G065,-1.6942646e-06,-1
G014,G054,-1.711541e-06,-1
G026,G067,-1.7350598e-06,-1
G021,G045,-1.7931468e-06,-1
G059,G029,-1.8162374e-06,-1
G043,G067,-1.8516695e-06,-1
G024,G027,-1.8717619e-06,-1
G087,G004,-1.9094005e-06,-1
G094,G064,-2.1546662e-06,-1
G092,G052,-2.226661e-06,-1
G022,G007,-2.2646302e-06,-1
G011,G018,-2.2937438e-06,-1
G043,G058,-2.3237162e-06,-1
G064,G086,-2.3505904e-06,-1
G025,G063,-2.376605e-06,-1
G096,G029,-2.4045687e-06,-1
G025,G004,-2.4173185e-06,-1
G023,G036,-2.4485419e-06,-1
G056,G024,-2.455204e-06,-1
G080,G026,-2.51078e-06,-1
G001,G017,-2.5508923e-06,-1
G069,G050,-2.566131e-06,-1
G086,G067,-2.6948042e-06,-1
G020,G018,-2.7832912e-06,-1
G053,G008,-2.8229188e-06,-1
G091,G014,-2.8302854e-06,-1
G004,G057,-2.833279e-06,-1
G025,G051,-2.8494521e-06,-1
G018,G057,-2.911667e-06,-1
G086,G097,-2.963625e-06,-1
G087,G008,-2.966231e-06,-1
G069,G002,-3.0051788e-06,-1
G024,G100,-3.0286621e-06,-1
G035,G052,-3.1079633e-06,-1
G095,G024,-3.1319885e-06,-1
G068,G071,-3.175144e-06,-1
G011,G065,-3.240218e-06,-1
G030,G008,-3.3014069e-06,-1
G093,G088,-3.3596843e-06,-1
G035,G100,-3.3760855e-06,-1
G017,G094,-3.426278e-06,-1
G098,G011,-3.43499e-06,-1
G004,G024,-3.4420048e-06,-1
G098,G002,-3.4542077e-06,-1
G027,G067,-3.4889374e-06,-1
G052,G057,-3.4942843e-06,-1
G039,G090,-3.5067164e-06,-1
G086,G060,-3.5160938e-06,-1
G063,G046,-3.6564488e-06,-1
G011,G020,-3.678259e-06,-1
G099,G090,-3.797634e-06,-1
G095,G089,-3.8007995e-06,-1
G076,G043,-3.8251274e-06,-1
G094,G069,-3.8292037e-06,-1
G033,G036,-3.860867e-06,-1
G033,G061,-3.865179e-06,-1
G047,G026,-3.874188e-06,-1
G024,G067,-3.897986e-06,-1
G083,G018,-3.925088e-06,-1
G075,G003,-3.9495512e-06,-1
G088,G060,-3.9681668e-06,-1
G099,G002,-3.9898405e-06,-1
G046,G021,-3.99586e-06,-1
G093,G046,-4.014219e-06,-1
G056,G073,-4.108324e-06,-1
G062,G011,-4.113688e-06,-1
G004,G042,-4.1193584e-06,-1
G021,G016,-4.184118e-06,-1
G038,G061,-4.2048823e-06,-1
G081,G046,-4.20881e-06,-1
G010,G064,-4.2797697e-06,-1
G073,G065,-4.2892652e-06,-1
G049,G042,-4.332675e-06,-1
G054,G026,-4.3592786e-06,-1
G029,G070,-4.389997e-06,-1
G021,G022,-4.4695907e-06,-1
G100,G043,-4.4991384e-06,-1
G020,G031,-4.5361057e-06,-1
G043,G094,-4.614863e-06,-1
G038,G090,-4.6235814e-06,-1
G001,G019,-4.6552864e-06,-1
G068,G046,-4.747194e-06,-1
G055,G017,-4.7622616e-06,-1
G064,G006,-4.762554e-06,-1
G010,G016,-4.890298e-06,-1
G060,G054,-4.9510522e-06,-1
G063,G008,-4.9851833e-06,-1
G062,G026,-5.1199077e-06,-1
G023,G048,-5.1398765e-06,-1
G097,G035,-5.196997e-06,-1
G093,G091,-5.2624014e-06,-1
G084,G018,-5.297041e-06,-1
G021,G050,-5.2977407e-06,-1
G031,G086,-5.3738054e-06,-1
G084,G032,-5.39783e-06,-1
G093,G033,-5.494872e-06,-1
G002,G075,-5.5533114e-06,-1
G026,G071,-5.586012e-06,-1
G071,G020,-5.5936175e-06,-1
G005,G085,-5.6248073e-06,-1
G014,G004,-5.6548342e-06,-1
G092,G075,-5.689324e-06,-1
G042,G025,-5.7023312e-06,-1
G046,G065,-5.7561906e-06,-1
G036,G037,-5.782273e-06,-1
G083,G094,-5.8341293e-06,-1
G067,G016,-5.8553696e-06,-1
G014,G057,-5.86169e-06,-1
G091,G004,-5.9033578e-06,-1
G001,G052,-5.90373e-06,-1
G016,G100,-5.9352706e-06,-1
G074,G007,-5.952936e-06,-1
G037,G003,-5.9740382e-06,-1
G051,G035,-6.0184807e-06,-1
G049,G100,-6.0658326e-06,-1
G033,G099,-6.185052e-06,-1
G078,G063,-6.2074314e-06,-1
G016,G064,-6.211408e-06,-1
G009,G094,-6.2347685e-06,-1
G086,G046,-6.2531335e-06,-1
G080,G028,-6.2700956e-06,-1
G074,G089,-6.334352e-06,-1
G042,G081,-6.3400585e-06,-1
G012,G050,-6.3436146e-06,-1
G083,G025,-6.363842e-06,-1
G056,G063,-6.4320484e-06,-1
G070,G088,-6.52928e-06,-1
G080,G076,-6.5754043e-06,-1
G010,G021,-6.5890545e-06,-1
G083,G074,-6.678627e-06,-1
G086,G018,-6.7919623e-06,-1
G064,G093,-6.9446373e-06,-1
G041,G052,-6.9591533e-06,-1
G021,G043,-7.013683e-06,-1
G067,G029,-7.0520573e-06,-1
G038,G076,-7.0538244e-06,-1
G066,G026,-7.0998276e-06,-1
G090,G008,-7.127399e-06,-1
G024,G008,-7.135956e-06,-1
G012,G038,-7.152362e-06,-1
G087,G050,-7.3033634e-06,-1
G080,G043,-7.3045917e-06,-1
G093,G063,-7.374682e-06,-1
G094,G075,-7.409504e-06,-1
G091,G011,-7.4458812e-06,-1
G096,G055,-7.5549656e-06,-1
G051,G093,-7.593723e-06,-1
G004,G053,-7.6179963e-06,-1
G056,G052,-7.644203e-06,-1
G087,G076,-7.712714e-06,-1
G093,G024,-7.813378e-06,-1
G018,G086,-7.815313e-06,-1
G065,G050,-7.817584e-06,-1
G070,G061,-7.837858e-06,-1
G024,G026,-7.849958e-06,-1
G018,G090,-7.858895e-06,-1
G051,G022,-7.886561e-06,-1
G022,G054,-8.007536e-06,-1
G058,G026,-8.041844e-06,-1
G098,G097,-8.158431e-06,-1
G039,G051,-8.221369e-06,-1
G020,G076,-8.246744e-06,-1
G018,G054,-8.284112e-06,-1
G081,G099,-8.374523e-06,-1
G083,G093,-8.397565e-06,-1
G029,G056,-8.402208e-06,-1
G040,G090,-8.498745e-06,-1
G077,G084,-8.555488e-06,-1
G051,G053,-8.576953e-06,-1
G001,G053,-8.603295e-06,-1
G007,G024,-8.6075415e-06,-1
G057,G074,-8.61539e-06,-1
G041,G086,-8.662661e-06,-1
G039,G086,-8.665588e-06,-1
G039,G088,-8.667187e-06,-1
G017,G056,-8.693654e-06,-1
G088,G067,-8.791652e-06,-1
G093,G089,-8.799645e-06,-1
G022,G053,-8.843746e-06,-1
G015,G073,-8.904094e-06,-1
G015,G070,-8.920715e-06,-1
G056,G053,-8.934827e-06,-1
G002,G084,-9.006189e-06,-1
G083,G026,-9.050135e-06,-1
G046,G023,-9.20958e-06,-1
G057,G056,-9.257878e-06,-1
G053,G042,-9.271601e-06,-1
G031,G038,-9.320092e-06,-1
G065,G086,-9.324564e-06,-1
G054,G002,-9.354316e-06,-1
G095,G082,-9.409394e-06,-1
G034,G004,-9.416531e-06,-1
G009,G040,-9.425759e-06,-1
G073,G040,-9.442158e-06,-1
G038,G016,-9.44451e-06,-1
G087,G005,-9.549629e-06,-1
G090,G070,-9.551386e-06,-1
G073,G051,-9.568059e-06,-1
G071,G061,-9.577149e-06,-1
G055,G008,-9.596728e-06,-1
G038,G098,-9.723953e-06,-1
G100,G016,-9.7260245e-06,-1
G064,G042,-9.729581e-06,-1
G052,G022,-9.744849e-06,-1
G062,G046,-9.750595e-06,-1
G075,G098,-9.768625e-06,-1
G004,G100,-9.847527e-06,-1
G089,G084,-9.877447e-06,-1
G029,G052,-9.895921e-06,-1
G031,G075,-9.8988385e-06,-1
G099,G050,-9.948491e-06,-1
G086,G100,-1.0031352e-05,-1
G048,G028,-1.0128066e-05,-1
G006,G013,-1.0182932e-05,-1
G010,G056,-1.0227936e-05,-1
G075,G002,-1.0239377e-05,-1
G026,G051,-1.0313219e-05,-1
G097,G036,-1.032084e-05,-1
G034,G017,-1.0366407e-05,-1
G030,G057,-1.0387606e-05,-1
G038,G053,-1.044169e-05,-1
G069,G094,-1.0464467e-05,-1
G022,G057,-1.046605e-05,-1
G030,G061,-1.0482999e-05,-1
G049,G064,-1.0494238e-05,-1
G050,G073,-1.0511542e-05,-1
G043,G025,-1.0562751e-05,-1
G047,G059,-1.0573452e-05,-1
G064,G071,-1.06052985e-05,-1
G058,G063,-1.06125235e-05,-1
G024,G004,-1.0630047e-05,-1
G082,G014,-1.0683232e-05,-1
G062,G023,-1.0713225e-05,-1
G053,G012,-1.0734026e-05,-1
G022,G050,-1.0803961e-05,-1
G058,G086,-1.0810346e-05,-1
G072,G086,-1.0821347e-05,-1
G086,G075,-1.0829347e-05,-1
G092,G098,-1.0836976e-05,-1
G021,G081,-1.084222e-05,-1
G074,G019,-1.0865565e-05,-1
G087,G011,-1.0959226e-05,-1
G037,G082,-1.1016024e-05,-1
G075,G085,-1.1107122e-05,-1
G011,G073,-1.1123482e-05,-1
G088,G065,-1.1128204e-05,-1
G078,G009,-1.113212e-05,-1
G014,G053,-1.1162829e-05,-1
G066,G017,-1.1228224e-05,-1
G068,G040,-1.128267e-05,-1
G068,G020,-1.1283098e-05,-1
G035,G094,-1.1344053e-05,-1
G015,G052,-1.1348308e-05,-1
G096,G050,-1.1384806e-05,-1
G084,G036,-1.13988135e-05,-1
G051,G057,-1.1445991e-05,-1
G095,G020,-1.1469328e-05,-1
G030,G099,-1.1531667e-05,-1
G006,G037,-1.1547836e-05,-1
G082,G013,-1.1650805e-05,-1
G030,G051,-1.1669317e-05,-1
G076,G016,-1.17396075e-05,-1
G025,G086,-1.1765505e-05,-1
G095,G053,-1.1802103e-05,-1
G014,G091,-1.182649e-05,-1
G080,G024,-1.185309e-05,-1
G072,G012,-1.1870171e-05,-1
G038,G086,-1.1877446e-05,-1
G028,G022,-1.1924237e-05,-1
G076,G056,-1.1929414e-05,-1
G002,G073,-1.20151835e-05,-1
G020,G057,-1.2058228e-05,-1
G038,G046,-1.2115954e-05,-1
G084,G052,-1.2118369e-05,-1
G071,G062,-1.2171931e-05,-1
G042,G003,-1.217863e-05,-1
G006,G077,-1.2199304e-05,-1
G088,G043,-1.2241666e-05,-1
G055,G054,-1.22465535e-05,-1
G097,G008,-1.2255179e-05,-1
G026,G099,-1.2258844e-05,-1
G002,G003,-1.2353926e-05,-1
G058,G038,-1.2406344e-05,-1
G002,G004,-1.2446568e-05,-1
G037,G070,-1.2604215e-05,-1
G086,G004,-1.2624078e-05,-1
G086,G071,-1.26316545e-05,-1
G017,G040,-1.2666977e-05,-1
G054,G076,-1.2669441e-05,-1
G067,G044,-1.2672955e-05,-1
G021,G044,-1.2723787e-05,-1
G040,G018,-1.2757687e-05,-1
G009,G100,-1.2796682e-05,-1
G010,G052,-1.2802204e-05,-1
G094,G038,-1.2865126e-05,-1
G047,G063,-1.2903062e-05,-1
G076,G063,-1.2906079e-05,-1
G012,G026,-1.2906093e-05,-1
G091,G019,-1.2917773e-05,-1
G040,G094,-1.293982e-05,-1
G044,G081,-1.29517975e-05,-1
G081,G051,-1.3232681e-05,-1
G024,G089,-1.3233883e-05,-1
G057,G051,-1.3248651e-05,-1
G019,G024,-1.3273331e-05,-1
G005,G043,-1.3371865e-05,-1
G024,G002,-1.33815465e-05,-1
G050,G067,-1.3437652e-05,-1
G082,G043,-1.3458058e-05,-1
G078,G008,-1.35109485e-05,-1
G016,G098,-1.35514865e-05,-1
G060,G084,-1.3583199e-05,-1
G019,G052,-1.3670499e-05,-1
G061,G063,-1.3845651e-05,-1
G068,G072,-1.3861003e-05,-1
G072,G067,-1.39200465e-05,-1
G096,G075,-1.3930465e-05,-1
G014,G056,-1.3935691e-05,-1
G002,G051,-1.3982709e-05,-1
G043,G034,-1.4139966e-05,-1
G056,G057,-1.42057015e-05,-1
G100,G006,-1.420686e-05,-1
G095,G009,-1.42232275e-05,-1
G073,G057,-1.4236854e-05,-1
G016,G048,-1.4306549e-05,-1
G097,G028,-1.4322627e-05,-1
G098,G018,-1.434541e-05,-1
G062,G070,-1.4355987e-05,-1
G077,G063,-1.4361408e-05,-1
G031,G011,-1.4458678e-05,-1
G092,G084,-1.4494343e-05,-1
G063,G010,-1.4530425e-05,-1
G025,G090,-1.4581301e-05,-1
G091,G064,-1.4597653e-05,-1
G094,G014,-1.4609994e-05,-1
G034,G008,-1.4631758e-05,-1
G070,G004,-1.4708166e-05,-1
G055,G059,-1.4711446e-05,-1
G091,G056,-1.4753663e-05,-1
G084,G072,-1.4828255e-05,-1
G041,G098,-1.4832425e-05,-1
G052,G060,-1.4867021e-05,-1
G095,G072,-1.4876095e-05,-1
G051,G046,-1.494195e-05,-1
G029,G018,-1.4970224e-05,-1
G057,G026,-1.4970507e-05,-1
G083,G075,-1.5033584e-05,-1
G027,G018,-1.5107488e-05,-1
G001,G086,-1.5113172e-05,-1
G021,G010,-1.5124879e-05,-1
G031,G025,-1.5164217e-05,-1
G072,G062,-1.5243937e-05,-1
G081,G085,-1.5252033e-05,-1
G093,G067,-1.5262358e-05,-1
G006,G081,-1.537681e-05,-1
G004,G050,-1.5377955e-05,-1
G074,G065,-1.539824e-05,-1
G071,G097,-1.5413481e-05,-1
G023,G042,-1.5492047e-05,-1
G084,G012,-1.5504116e-05,-1
G020,G024,-1.5552008e-05,-1
G086,G017,-1.5603191e-05,-1
G081,G073,-1.5629807e-05,-1
G083,G020,-1.565912e-05,-1
G087,G015,-1.5681784e-05,-1
G035,G088,-1.5687116e-05,-1
G030,G033,-1.5696156e-05,-1
G097,G084,-1.5745396e-05,-1
G070,G065,-1.5798356e-05,-1
G011,G088,-1.5810081e-05,-1
G089,G099,-1.5851201e-05,-1
G100,G020,-1.5873386e-05,-1
G011,G021,-1.5930553e-05,-1
G089,G085,-1.5939271e-05,-1
G027,G096,-1.594124e-05,-1
G046,G084,-1.5962572e-05,-1
G021,G009,-1.597842e-05,-1
G014,G090,-1.602204e-05,-1
G027,G091,-1.6053411e-05,-1
G001,G084,-1.6066306e-05,-1
G099,G055,-1.6084081e-05,-1
G077,G088,-1.6087075e-05,-1
G039,G016,-1.6160051e-05,-1
G088,G012,-1.6181311e-05,-1
G061,G085,-1.6194414e-05,-1
G079,G071,-1.6226211e-05,-1
G076,G070,-1.6241625e-05,-1
G099,G018,-1.6293046e-05,-1
G063,G090,-1.6354867e-05,-1
G017,G082,-1.6370093e-05,-1
G042,G083,-1.6420809e-05,-1
G058,G014,-1.6423486e-05,-1
G086,G010,-1.6431854e-05,-1
G063,G042,-1.6484471e-05,-1
G012,G056,-1.6548855e-05,-1
G086,G084,-1.6564583e-05,-1
G001,G073,-1.6571415e-05,-1
G014,G063,-1.660584e-05,-1
G081,G028,-1.6623017e-05,-1
G063,G064,-1.6677972e-05,-1
G015,G004,-1.6684995e-05,-1
G099,G004,-1.6778044e-05,-1
G091,G036,-1.6779124e-05,-1
G073,G023,-1.6981568e-05,-1
G097,G012,-1.7025328e-05,-1
G095,G008,-1.7038112e-05,-1
G066,G086,-1.7039072e-05,-1
G099,G043,-1.7077069e-05,-1
G052,G023,-1.7128714e-05,-1
G037,G020,-1.7134824e-05,-1
G095,G016,-1.7147968e-05,-1
G059,G019,-1.717295e-05,-1
G057,G084,-1.7199849e-05,-1
G078,G017,-1.7204362e-05,-1
G073,G083,-1.7216546e-05,-1
G046,G004,-1.7352562e-05,-1
G074,G094,-1.7385892e-05,-1
G074,G043,-1.7419065e-05,-1
G087,G053,-1.744658e-05,-1
G015,G078,-1.7453081e-05,-1
G069,G036,-1.7523891e-05,-1
G076,G064,-1.753636e-05,-1
G080,G053,-1.7540267e-05,-1
G043,G074,-1.7655822e-05,-1
G087,G063,-1.7733943e-05,-1
G063,G091,-1.7741067e-05,-1
G100,G091,-1.7779414e-05,-1
G014,G068,-1.7808828e-05,-1
G093,G007,-1.7864468e-05,-1
G007,G009,-1.7935317e-05,-1
G038,G082,-1.7951164e-05,-1
G067,G100,-1.8045579e-05,-1
G005,G033,-1.8072955e-05,-1
G015,G051,-1.8099638e-05,-1
G066,G091,-1.8169314e-05,-1
G041,G025,-1.824384e-05,-1
G012,G067,-1.8246057e-05,-1
G087,G097,-1.8320541e-05,-1
G083,G078,-1.8343522e-05,-1
G084,G026,-1.8356552e-05,-1
G006,G091,-1.8383602e-05,-1
G079,G076,-1.8447903e-05,-1
G009,G057,-1.8454413e-05,-1
G095,G004,-1.8468669e-05,-1
G041,G089,-1.8476645e-05,-1
G094,G099,-1.8525172e-05,-1
G039,G020,-1.8529425e-05,-1
G055,G084,-1.8587789e-05,-1
G070,G074,-1.8618062e-05,-1
G061,G004,-1.8634024e-05,-1
G066,G019,-1.8647976e-05,-1
G073,G035,-1.8789016e-05,-1
G019,G074,-1.8866378e-05,-1
G087,G042,-1.8987099e-05,-1
G041,G074,-1.9005754e-05,-1
G040,G038,-1.9019184e-05,-1
G062,G088,-1.9058978e-05,-1
G073,G070,-1.9110557e-05,-1
G068,G042,-1.922339e-05,-1
G036,G042,-1.9226223e-05,-1
G095,G054,-1.9235285e-05,-1
G041,G038,-1.9243176e-05,-1
G020,G073,-1.9252411e-05,-1
G084,G090,-1.9264338e-05,-1
G038,G059,-1.9297428e-05,-1
G007,G090,-1.9327203e-05,-1
G088,G056,-1.940243e-05,-1
G059,G024,-1.946635e-05,-1
G091,G098,-1.9491215e-05,-1
G094,G004,-1.9523886e-05,-1
G052,G089,-1.9551077e-05,-1
G046,G003,-1.9587531e-05,-1
G076,G029,-1.9617883e-05,-1
G029,G026,-1.9622941e-05,-1
G052,G024,-1.9638423e-05,-1
G097,G020,-1.9671052e-05,-1
G027,G002,-1.9675577e-05,-1
G099,G073,-1.9704466e-05,-1
G007,G053,-1.970556e-05,-1
G071,G035,-1.9716234e-05,-1
G018,G042,-1.9777079e-05,-1
G057,G094,-1.9812702e-05,-1
G024,G054,-1.9889323e-05,-1
G074,G053,-1.9910758e-05,-1
G010,G096,-1.9947243e-05,-1
G025,G016,-1.9981468e-05,-1
G061,G023,-1.9998643e-05,-1
G035,G029,-2.0036798e-05,-1
G088,G052,-2.0112144e-05,-1
G076,G042,-2.0112766e-05,-1
G076,G057,-2.017048e-05,-1
G026,G004,-2.0216461e-05,-1
G035,G064,-2.0217301e-05,-1
G096,G071,-2.0218264e-05,-1
G097,G052,-2.0264091e-05,-1
G059,G054,-2.0272302e-05,-1
G099,G016,-2.028102e-05,-1
G021,G067,-2.0283624e-05,-1
G073,G066,-2.031334e-05,-1
G063,G082,-2.0350068e-05,-1
G096,G011,-2.0461004e-05,-1
G093,G040,-2.0491372e-05,-1
G035,G054,-2.0523592e-05,-1
G093,G043,-2.0554453e-05,-1
G087,G009,-2.0580934e-05,-1
G004,G035,-2.0617117e-05,-1
G089,G057,-2.06364e-05,-1
G078,G052,-2.0671627e-05,-1
G034,G091,-2.0745154e-05,-1
G004,G022,-2.07531e-05,-1
G040,G100,-2.0832502e-05,-1
G067,G037,-2.0846865e-05,-1
G055,G003,-2.0895908e-05,-1
G053,G024,-2.090254e-05,-1
G066,G033,-2.097425e-05,-1
G034,G051,-2.1e-05,-1
G063,G052,-2.1028462e-05,-1
G083,G073,-2.112324e-05,-1
G077,G026,-2.1143154e-05,-1
G053,G050,-2.1266824e-05,-1
G004,G008,-2.1267833e-05,-1
G015,G067,-2.1287275e-05,-1
G077,G052,-2.1363892e-05,-1
G021,G049,-2.1483485e-05,-1
G009,G004,-2.1490901e-05,-1
G004,G076,-2.1550662e-05,-1
G089,G058,-2.1585362e-05,-1
G065,G052,-2.1629161e-05,-1
G060,G040,-2.1657326e-05,-1
G068,G008,-2.1716472e-05,-1
G009,G054,-2.1797043e-05,-1
G070,G071,-2.1812599e-05,-1
G075,G052,-2.182012e-05,-1
G084,G005,-2.1846403e-05,-1
G081,G070,-2.1851407e-05,-1
G015,G058,-2.1859605e-05,-1
G052,G064,-2.189877e-05,-1
G057,G008,-2.1900532e-05,-1
G068,G094,-2.1916952e-05,-1
G054,G056,-2.1929849e-05,-1
G019,G073,-2.1941643e-05,-1
G002,G074,-2.1973501e-05,-1
G031,G093,-2.199417e-05,-1
G091,G090,-2.1997177e-05,-1
G056,G088,-2.2015904e-05,-1
G081,G033,-2.2057167e-05,-1
G004,G036,-2.2066775e-05,-1
G086,G082,-2.2106915e-05,-1
G041,G057,-2.2146342e-05,-1
G088,G054,-2.218803e-05,-1
G064,G073,-2.2210388e-05,-1
G062,G056,-2.2229651e-05,-1
G058,G017,-2.2252345e-05,-1
G062,G065,-2.2393579e-05,-1
G060,G088,-2.241267e-05,-1
G006,G059,-2.2440496e-05,-1
G030,G063,-2.2441365e-05,-1
G043,G027,-2.2519058e-05,-1
G055,G004,-2.2538457e-05,-1
G087,G067,-2.2575963e-05,-1
G060,G071,-2.2577124e-05,-1
G079,G019,-2.2601302e-05,-1
G087,G054,-2.2663206e-05,-1
G089,G094,-2.268244e-05,-1
G043,G079,-2.2794096e-05,-1
G014,G086,-2.280678e-05,-1
G080,G054,-2.2879227e-05,-1
G092,G065,-2.2899341e-05,-1
G057,G093,-2.2909935e-05,-1
G070,G055,-2.291383e-05,-1
G022,G027,-2.2926355e-05,-1
G030,G039,-2.2943075e-05,-1
G006,G021,-2.2984821e-05,-1
G004,G086,-2.2989456e-05,-1
G056,G005,-2.3018978e-05,-1
G018,G007,-2.3081002e-05,-1
G038,G052,-2.3117633e-05,-1
G051,G026,-2.3119464e-05,-1
G044,G008,-2.322841e-05,-1
G055,G027,-2.3311184e-05,-1
G043,G052,-2.3371631e-05,-1
G022,G093,-2.3380479e-05,-1
G029,G057,-2.339384e-05,-1
G070,G090,-2.340047e-05,-1
G024,G093,-2.3424542e-05,-1
G075,G010,-2.3483937e-05,-1
G041,G082,-2.3505401e-05,-1
G010,G074,-2.3517912e-05,-1
G009,G024,-2.3518003e-05,-1
G070,G002,-2.354929e-05,-1
G077,G009,-2.359266e-05,-1
G090,G073,-2.3608101e-05,-1
G086,G008,-2.368246e-05,-1
G098,G059,-2.3691302e-05,-1
G056,G064,-2.3761648e-05,-1
G031,G054,-2.3779254e-05,-1
G035,G020,-2.3814828e-05,-1
G041,G058,-2.3894052e-05,-1
G020,G009,-2.39409e-05,-1
G086,G063,-2.3949326e-05,-1
G070,G043,-2.3950139e-05,-1
G021,G059,-2.3955456e-05,-1
G043,G082,-2.3955841e-05,-1
G093,G056,-2.3988661e-05,-1
G068,G086,-2.399143e-05,-1
G054,G009,-2.400523e-05,-1
G092,G099,-2.4078541e-05,-1
G040,G022,-2.4127454e-05,-1
G034,G060,-2.417162e-05,-1
G065,G017,-2.4183744e-05,-1
G098,G091,-2.4219438e-05,-1
G025,G064,-2.4231686e-05,-1
G088,G002,-2.4262037e-05,-1
G088,G082,-2.4286604e-05,-1
G084,G098,-2.4294211e-05,-1
G084,G024,-2.4318324e-05,-1
G080,G057,-2.4323817e-05,-1
G100,G083,-2.4335159e-05,-1
G074,G024,-2.4349267e-05,-1
G062,G097,-2.446683e-05,-1
G058,G090,-2.4489573e-05,-1
G093,G002,-2.4538807e-05,-1
G010,G004,-2.4609217e-05,-1
G066,G076,-2.4635836e-05,-1
G009,G051,-2.4656136e-05,-1
G076,G089,-2.4681018e-05,-1
G079,G065,-2.469655e-05,-1
G021,G084,-2.472488e-05,-1
G019,G100,-2.473896e-05,-1
G096,G090,-2.4743467e-05,-1
G074,G042,-2.474909e-05,-1
G010,G017,-2.4756291e-05,-1
G076,G017,-2.4846708e-05,-1
G060,G066,-2.4867762e-05,-1
G005,G076,-2.4875173e-05,-1
G072,G082,-2.489401e-05,-1
G038,G074,-2.4902529e-05,-1
G080,G069,-2.490315e-05,-1
G029,G009,-2.4927545e-05,-1
G098,G016,-2.4966368e-05,-1
G050,G026,-2.4985891e-05,-1
G038,G014,-2.498739e-05,-1
G072,G020,-2.5004278e-05,-1
G053,G002,-2.5027373e-05,-1
G014,G075,-2.5049789e-05,-1
G002,G059,-2.5065767e-05,-1
G076,G024,-2.508094e-05,-1
G083,G055,-2.5095072e-05,-1
G019,G045,-2.5095325e-05,-1
G034,G084,-2.5120553e-05,-1
G050,G076,-2.5126106e-05,-1
G056,G093,-2.5139638e-05,-1
G064,G072,-2.5140589e-05,-1
G038,G065,-2.5143163e-05,-1
G047,G051,-2.517618e-05,-1
G092,G072,-2.5183175e-05,-1
G043,G014,-2.5183801e-05,-1
G053,G090,-2.520078e-05,-1
G098,G074,-2.5223942e-05,-1
G059,G089,-2.5254438e-05,-1
G002,G070,-2.5264926e-05,-1
G055,G075,-2.5270469e-05,-1
G097,G067,-2.5282481e-05,-1
G075,G053,-2.5300424e-05,-1
G051,G078,-2.5332254e-05,-1
G054,G017,-2.5420457e-05,-1
G087,G027,-2.5496201e-05,-1
G014,G042,-2.5525695e-05,-1
G054,G070,-2.5539417e-05,-1
G006,G073,-2.5556974e-05,-1
G029,G089,-2.5567295e-05,-1
G019,G088,-2.5595693e-05,-1
G021,G078,-2.5671194e-05,-1
G073,G042,-2.5690746e-05,-1
G058,G089,-2.5701154e-05,-1
G054,G018,-2.5742185e-05,-1
G034,G018,-2.5860016e-05,-1
G072,G092,-2.5861786e-05,-1
G008,G023,-2.587965e-05,-1
G081,G010,-2.5909225e-05,-1
G081,G054,-2.5993384e-05,-1
G090,G024,-2.6022748e-05,-1
G095,G023,-2.6029413e-05,-1
G034,G078,-2.603546e-05,-1
G010,G002,-2.6053018e-05,-1
G006,G053,-2.606971e-05,-1
G024,G075,-2.6083979e-05,-1
G081,G027,-2.6109543e-05,-1
G050,G075,-2.6129574e-05,-1
G037,G053,-2.6188272e-05,-1
G066,G012,-2.6425683e-05,-1
G053,G084,-2.6521531e-05,-1
G095,G036,-2.6596834e-05,-1
G078,G023,-2.6603515e-05,-1
G077,G054,-2.660586e-05,-1
G070,G017,-2.6692258e-05,-1
G047,G009,-2.6743997e-05,-1
G007,G050,-2.6758442e-05,-1
G021,G098,-2.6767657e-05,-1
G061,G011,-2.6813623e-05,-1
G040,G073,-2.6816013e-05,-1
G060,G009,-2.6834647e-05,-1
G061,G056,-2.6858077e-05,-1
G040,G093,-2.697231e-05,-1
G093,G021,-2.7070293e-05,-1
G079,G014,-2.7071424e-05,-1
G093,G061,-2.711484e-05,-1
G055,G052,-2.713375e-05,-1
G094,G029,-2.7139402e-05,-1
G091,G084,-2.7171867e-05,-1
G059,G004,-2.720504e-05,-1
G086,G099,-2.7278928e-05,-1
G021,G063,-2.7297048e-05,-1
G064,G052,-2.732041e-05,-1
G042,G090,-2.7469478e-05,-1
G004,G051,-2.7526932e-05,-1
G061,G066,-2.7539341e-05,-1
G058,G100,-2.7567465e-05,-1
G071,G070,-2.7575057e-05,-1
G093,G054,-2.75825e-05,-1
G005,G046,-2.7622962e-05,-1
G092,G002,-2.7629818e-05,-1
G019,G029,-2.7767515e-05,-1
G060,G019,-2.7843138e-05,-1
G070,G024,-2.7870321e-05,-1
G077,G051,-2.7920361e-05,-1
G017,G052,-2.7930442e-05,-1
G084,G056,-2.7954462e-05,-1
G042,G071,-2.7990978e-05,-1
G081,G008,-2.8009725e-05,-1
G001,G072,-2.8027236e-05,-1
G088,G089,-2.8027913e-05,-1
G063,G074,-2.8044942e-05,-1
G084,G059,-2.8246051e-05,-1
G056,G009,-2.826826e-05,-1
G001,G058,-2.8282071e-05,-1
G061,G036,-2.8300174e-05,-1
G079,G045,-2.8329512e-05,-1
G051,G065,-2.8331644e-05,-1
G010,G084,-2.8343891e-05,-1
G076,G088,-2.8346813e-05,-1
G080,G035,-2.8418946e-05,-1
G070,G005,-2.8445787e-05,-1
G056,G074,-2.8458155e-05,-1
G034,G020,-2.8494947e-05,-1
G063,G061,-2.8543189e-05,-1
G074,G100,-2.85464e-05,-1
G081,G049,-2.8549453e-05,-1
G077,G029,-2.8561892e-05,-1
G091,G007,-2.856224e-05,-1
G046,G035,-2.8620709e-05,-1
G010,G075,-2.8656174e-05,-1
G093,G025,-2.8688468e-05,-1
G053,G057,-2.8728215e-05,-1
G027,G057,-2.8753153e-05,-1
G033,G025,-2.8763112e-05,-1
G056,G084,-2.8777707e-05,-1
G087,G088,-2.879646e-05,-1
G034,G068,-2.8818453e-05,-1
G014,G076,-2.881999e-05,-1
G086,G059,-2.883388e-05,-1
G004,G026,-2.8855118e-05,-1
G074,G085,-2.8869126e-05,-1
G064,G074,-2.8920542e-05,-1
G057,G096,-2.900743e-05,-1
G057,G004,-2.9013281e-05,-1
G065,G051,-2.9030369e-05,-1
G029,G074,-2.9174023e-05,-1
G060,G073,-2.9248255e-05,-1
G046,G059,-2.934356e-05,-1
G041,G063,-2.9380364e-05,-1
G068,G002,-2.9401417e-05,-1
G050,G029,-2.9401675e-05,-1
G046,G067,-2.9425664e-05,-1
G024,G065,-2.9447296e-05,-1
G041,G090,-2.9476309e-05,-1
G055,G063,-2.9480114e-05,-1
G030,G011,-2.9486451e-05,-1
G091,G067,-2.9491302e-05,-1
G050,G038,-2.960295e-05,-1
G040,G025,-2.9605153e-05,-1
G041,G094,-2.969167e-05,-1
G036,G064,-2.9700286e-05,-1
G004,G054,-2.9715051e-05,-1
G076,G096,-2.9724377e-05,-1
G055,G036,-2.977796e-05,-1
G074,G051,-2.9778983e-05,-1
G029,G002,-2.98328e-05,-1
G009,G084,-2.9908946e-05,-1
G025,G067,-2.9962142e-05,-1
G080,G033,-3.0039617e-05,-1
G031,G018,-3.0042467e-05,-1
G025,G050,-3.0051797e-05,-1
G068,G009,-3.0055991e-05,-1
G074,G022,-3.0071213e-05,-1
G091,G050,-3.0126548e-05,-1
G051,G056,-3.0324958e-05,-1
G043,G055,-3.0392903e-05,-1
G068,G076,-3.0420006e-05,-1
G009,G099,-3.0428057e-05,-1
G031,G070,-3.048017e-05,-1
G083,G027,-3.0487317e-05,-1
G062,G037,-3.0588548e-05,-1
G025,G020,-3.0611372e-05,-1
G083,G034,-3.0627853e-05,-1
G086,G093,-3.0670395e-05,-1
G021,G058,-3.0674753e-05,-1
G063,G022,-3.0709136e-05,-1
G066,G057,-3.0719722e-05,-1
G033,G024,-3.0722942e-05,-1
G022,G055,-3.0739724e-05,-1
G021,G064,-3.0761283e-05,-1
G078,G073,-3.07967e-05,-1
G017,G027,-3.080278e-05,-1
G014,G070,-3.081819e-05,-1
G089,G090,-3.0896696e-05,-1
G040,G002,-3.090464e-05,-1
G018,G024,-3.090984e-05,-1
G078,G086,-3.0924293e-05,-1
G065,G060,-3.0929466e-05,-1
G092,G012,-3.097777e-05,-1
G043,G017,-3.100369e-05,-1
G045,G082,-3.102694e-05,-1
G074,G041,-3.10731e-05,-1
G098,G057,-3.1091367e-05,-1
G037,G089,-3.1123654e-05,-1
G029,G035,-3.1172644e-05,-1
G042,G050,-3.1209882e-05,-1
G031,G017,-3.1312375e-05,-1
G024,G071,-3.133279e-05,-1
G022,G096,-3.134745e-05,-1
G076,G082,-3.1378855e-05,-1
G006,G012,-3.1381445e-05,-1
G018,G088,-3.1381507e-05,-1
G022,G014,-3.1385967e-05,-1
G038,G092,-3.1404536e-05,-1
G083,G082,-3.143975e-05,-1
G011,G074,-3.1480136e-05,-1
G093,G004,-3.1480937e-05,-1
G026,G056,-3.1492888e-05,-1
G095,G075,-3.1528292e-05,-1
G028,G085,-3.153012e-05,-1
G029,G067,-3.1538566e-05,-1
G066,G028,-3.1568197e-05,-1
G056,G089,-3.162538e-05,-1
G080,G031,-3.1672414e-05,-1
G027,G051,-3.1682164e-05,-1
G004,G046,-3.170242e-05,-1
G017,G010,-3.174787e-05,-1
G076,G015,-3.1752745e-05,-1
G060,G076,-3.176132e-05,-1
G017,G025,-3.178808e-05,-1
G009,G082,-3.1841977e-05,-1
G087,G064,-3.1853837e-05,-1
G097,G059,-3.18592e-05,-1
G049,G038,-3.1863226e-05,-1
G051,G091,-3.1908417e-05,-1
G058,G056,-3.194453e-05,-1
G009,G035,-3.198698e-05,-1
G070,G086,-3.202532e-05,-1
G034,G093,-3.204284e-05,-1
G075,G027,-3.2113854e-05,-1
G055,G001,-3.21401e-05,-1
G055,G016,-3.2192373e-05,-1
G017,G036,-3.221311e-05,-1
G007,G018,-3.2233445e-05,-1
G087,G012,-3.226431e-05,-1
G039,G065,-3.2302978e-05,-1
G015,G072,-3.2354117e-05,-1
G056,G058,-3.239598e-05,-1
G089,G026,-3.24253e-05,-1
G009,G074,-3.2506727e-05,-1
G060,G053,-3.251199e-05,-1
G097,G085,-3.252055e-05,-1
G046,G082,-3.2576103e-05,-1
G017,G007,-3.2607266e-05,-1
G088,G084,-3.2636945e-05,-1
G014,G059,-3.2666714e-05,-1
G060,G036,-3.269912e-05,-1
G068,G093,-3.2708576e-05,-1
G091,G016,-3.2732136e-05,-1
G091,G051,-3.274849e-05,-1
G053,G085,-3.2762728e-05,-1
G098,G089,-3.2835636e-05,-1
G029,G049,-3.2921365e-05,-1
G009,G063,-3.2962304e-05,-1
G051,G063,-3.2964675e-05,-1
G093,G082,-3.3009102e-05,-1
G024,G055,-3.3097644e-05,-1
G037,G043,-3.3120654e-05,-1
G093,G019,-3.312236e-05,-1
G063,G100,-3.3122367e-05,-1
G026,G054,-3.313061e-05,-1
G044,G018,-3.3149594e-05,-1
G044,G060,-3.3159606e-05,-1
G070,G057,-3.3208136e-05,-1
G090,G067,-3.331955e-05,-1
G014,G098,-3.337001e-05,-1
G040,G060,-3.338362e-05,-1
G052,G098,-3.341538e-05,-1
G024,G053,-3.342552e-05,-1
G052,G002,-3.344517e-05,-1
G097,G063,-3.3478544e-05,-1
G022,G074,-3.349221e-05,-1
G080,G098,-3.3564134e-05,-1
G100,G014,-3.3621112e-05,-1
G098,G024,-3.3632456e-05,-1
G022,G086,-3.3656383e-05,-1
G050,G071,-3.385215e-05,-1
G072,G056,-3.3863245e-05,-1
G002,G054,-3.3927998e-05,-1
G065,G067,-3.3954013e-05,-1
G064,G024,-3.4062956e-05,-1
G057,G007,-3.407441e-05,-1
G076,G062,-3.407623e-05,-1
G089,G074,-3.4116852e-05,-1
G069,G004,-3.414334e-05,-1
G092,G050,-3.4168672e-05,-1
G061,G003,-3.419749e-05,-1
G024,G029,-3.4234374e-05,-1
G068,G100,-3.4234658e-05,-1
G040,G074,-3.428334e-05,-1
G053,G058,-3.430663e-05,-1
G084,G093,-3.4309243e-05,-1
G016,G091,-3.437915e-05,-1
G090,G071,-3.4440593e-05,-1
G030,G009,-3.457355e-05,-1
G020,G092,-3.457809e-05,-1
G072,G098,-3.460149e-05,-1
G078,G034,-3.461852e-05,-1
G059,G002,-3.465035e-05,-1
G052,G056,-3.4656805e-05,-1
G090,G042,-3.4716126e-05,-1
G083,G042,-3.47327e-05,-1
G064,G020,-3.4752633e-05,-1
G040,G081,-3.4763314e-05,-1
G001,G059,-3.4792036e-05,-1
G016,G084,-3.47989e-05,-1
G054,G082,-3.488194e-05,-1
G063,G038,-3.491084e-05,-1
G041,G075,-3.4933477e-05,-1
G009,G052,-3.493636e-05,-1
G075,G093,-3.4976143e-05,-1
G046,G050,-3.503075e-05,-1
G096,G063,-3.5060286e-05,-1
G076,G035,-3.5065004e-05,-1
G060,G018,-3.5257952e-05,-1
G029,G025,-3.5283832e-05,-1
G034,G057,-3.52866e-05,-1
G075,G082,-3.5293702e-05,-1
G035,G009,-3.5323952e-05,-1
G022,G016,-3.543357e-05,-1
G021,G057,-3.5459372e-05,-1
G053,G022,-3.5466168e-05,-1
G056,G091,-3.549039e-05,-1
G076,G068,-3.552243e-05,-1
G079,G029,-3.5597524e-05,-1
G096,G017,-3.561287e-05,-1
G057,G019,-3.5692607e-05,-1
G092,G025,-3.5737357e-05,-1
G094,G078,-3.5779365e-05,-1
G087,G019,-3.5834386e-05,-1
G040,G017,-3.5834822e-05,-1
G083,G076,-3.583906e-05,-1
G016,G029,-3.591795e-05,-1
G054,G008,-3.5919733e-05,-1
G072,G058,-3.5931378e-05,-1
G052,G054,-3.6119563e-05,-1
G015,G007,-3.612038e-05,-1
G010,G009,-3.6172067e-05,-1
G009,G026,-3.6182755e-05,-1
G042,G038,-3.618286e-05,-1
G025,G082,-3.622899e-05,-1
G040,G080,-3.624198e-05,-1
G067,G061,-3.6242458e-05,-1
G066,G050,-3.6278685e-05,-1
G068,G016,-3.635472e-05,-1
G090,G098,-3.638015e-05,-1
G052,G094,-3.6429694e-05,-1
G010,G087,-3.6446705e-05,-1
G024,G056,-3.6470698e-05,-1
G093,G051,-3.6525667e-05,-1
G088,G049,-3.653058e-05,-1
G093,G074,-3.6564787e-05,-1
G100,G082,-3.658193e-05,-1
G027,G023,-3.661227e-05,-1
G024,G052,-3.6616686e-05,-1
G065,G088,-3.665823e-05,-1
G073,G052,-3.6665704e-05,-1
G001,G070,-3.6670273e-05,-1
G096,G067,-3.672918e-05,-1
G040,G012,-3.6795725e-05,-1
G081,G012,-3.682292e-05,-1
G092,G068,-3.694189e-05,-1
G040,G046,-3.69559e-05,-1
G063,G024,-3.7023114e-05,-1
G039,G054,-3.70232e-05,-1
G096,G094,-3.704581e-05,-1
G063,G054,-3.7121343e-05,-1
G063,G089,-3.716695e-05,-1
G039,G067,-3.717144e-05,-1
G044,G031,-3.717297e-05,-1
G063,G059,-3.72264e-05,-1
G009,G091,-3.7227077e-05,-1
G010,G058,-3.7240876e-05,-1
G068,G073,-3.725242e-05,-1
G014,G001,-3.725607e-05,-1
G039,G064,-3.7259117e-05,-1
G088,G071,-3.7261976e-05,-1
G033,G043,-3.7346515e-05,-1
G046,G051,-3.7359427e-05,-1
G072,G050,-3.73811e-05,-1
G093,G029,-3.742315e-05,-1
G024,G064,-3.750116e-05,-1
G099,G096,-3.750295e-05,-1
G006,G082,-3.75066e-05,-1
G019,G009,-3.7527185e-05,-1
G036,G082,-3.7565052e-05,-1
G043,G068,-3.7587055e-05,-1
G015,G098,-3.7660284e-05,-1
G068,G087,-3.7747446e-05,-1
G091,G049,-3.7767455e-05,-1
G079,G018,-3.7811806e-05,-1
G054,G063,-3.783063e-05,-1
G099,G097,-3.785658e-05,-1
G001,G074,-3.786169e-05,-1
G059,G093,-3.7948445e-05,-1
G067,G094,-3.795401e-05,-1
G071,G064,-3.797974e-05,-1
G044,G007,-3.799569e-05,-1
G089,G017,-3.8020535e-05,-1
G089,G053,-3.8166963e-05,-1
G027,G021,-3.8181704e-05,-1
G037,G026,-3.8220696e-05,-1
G022,G091,-3.829702e-05,-1
G091,G059,-3.8301598e-05,-1
G094,G082,-3.8314043e-05,-1
G070,G097,-3.832994e-05,-1
G060,G064,-3.833622e-05,-1
G038,G100,-3.8365266e-05,-1
G072,G007,-3.838258e-05,-1
G029,G054,-3.84607e-05,-1
G081,G048,-3.8508377e-05,-1
G066,G009,-3.8523645e-05,-1
G046,G008,-3.8571034e-05,-1
G092,G074,-3.8598366e-05,-1
G072,G014,-3.8607363e-05,-1
G064,G029,-3.8638947e-05,-1
G081,G076,-3.8746166e-05,-1
G040,G095,-3.8806225e-05,-1
G014,G078,-3.8960803e-05,-1
G012,G021,-3.8965354e-05,-1
G065,G036,-3.8973136e-05,-1
G054,G074,-3.8974416e-05,-1
G086,G076,-3.8998583e-05,-1
G059,G100,-3.912042e-05,-1
G046,G053,-3.912152e-05,-1
G100,G054,-3.915965e-05,-1
G074,G075,-3.9205297e-05,-1
G042,G031,-3.922351e-05,-1
G024,G086,-3.922992e-05,-1
G018,G043,-3.923219e-05,-1
G021,G093,-3.9239847e-05,-1
G029,G063,-3.924789e-05,-1
G081,G091,-3.9295563e-05,-1
G001,G096,-3.931271e-05,-1
G038,G094,-3.937703e-05,-1
G022,G075,-3.9377155e-05,-1
G012,G053,-3.9381168e-05,-1
G063,G050,-3.9390205e-05,-1
G086,G036,-3.9412702e-05,-1
G059,G084,-3.9422514e-05,-1
G073,G069,-3.9453575e-05,-1
G015,G026,-3.94596e-05,-1
G086,G054,-3.9488295e-05,-1
G021,G011,-3.949934e-05,-1
G039,G053,-3.9523173e-05,-1
G044,G038,-3.9557726e-05,-1
G100,G024,-3.9598493e-05,-1
G096,G009,-3.9648592e-05,-1
G080,G058,-3.9710143e-05,-1
G005,G029,-3.975788e-05,-1
G075,G054,-3.9765404e-05,-1
G054,G052,-3.9780807e-05,-1
G027,G100,-3.983022e-05,-1
G010,G099,-3.9864717e-05,-1
G064,G065,-3.9892086e-05,-1
G025,G015,-3.9986782e-05,-1
G004,G017,-4.0005754e-05,-1
G072,G035,-4.0008952e-05,-1
G054,G091,-4.0059644e-05,-1
G090,G063,-4.0086084e-05,-1
G043,G093,-4.0086325e-05,-1
G050,G019,-4.0146297e-05,-1
G005,G063,-4.0153394e-05,-1
G080,G052,-4.016606e-05,-1
G058,G016,-4.0170347e-05,-1
G041,G006,-4.0180606e-05,-1
G062,G020,-4.02554e-05,-1
G046,G098,-4.0287083e-05,-1
G074,G003,-4.0290455e-05,-1
G055,G100,-4.032847e-05,-1
G050,G009,-4.0331386e-05,-1
G024,G009,-4.0332194e-05,-1
G001,G024,-4.037688e-05,-1
G076,G020,-4.0404477e-05,-1
G097,G064,-4.0409406e-05,-1
G060,G086,-4.0448936e-05,-1
G039,G063,-4.045713e-05,-1
G006,G076,-4.0464598e-05,-1
G009,G025,-4.0528455e-05,-1
G054,G071,-4.0574272e-05,-1
G038,G015,-4.05891e-05,-1
G078,G025,-4.061007e-05,-1
G046,G019,-4.061007e-05,-1
G090,G084,-4.0631992e-05,-1
G097,G086,-4.0704086e-05,-1
G096,G099,-4.075452e-05,-1
G047,G058,-4.077103e-05,-1
G060,G055,-4.0783005e-05,-1
G095,G076,-4.0784205e-05,-1
G051,G067,-4.078491e-05,-1
G012,G084,-4.081508e-05,-1
G100,G075,-4.0817125e-05,-1
G041,G060,-4.0828272e-05,-1
G099,G093,-4.0844534e-05,-1
G089,G096,-4.0868632e-05,-1
G031,G007,-4.0882824e-05,-1
G002,G058,-4.0905205e-05,-1
G019,G063,-4.0961073e-05,-1
G017,G092,-4.0964922e-05,-1
G026,G017,-4.0970215e-05,-1
G037,G054,-4.0987718e-05,-1
G081,G065,-4.103362e-05,-1
G096,G089,-4.1038424e-05,-1
G056,G082,-4.1081374e-05,-1
G089,G059,-4.1086158e-05,-1
G047,G091,-4.1102117e-05,-1
G051,G016,-4.114799e-05,-1
G071,G090,-4.1180298e-05,-1
G092,G047,-4.1183346e-05,-1
G069,G090,-4.1226678e-05,-1
G055,G096,-4.1273073e-05,-1
G067,G033,-4.1308012e-05,-1
G025,G059,-4.1324285e-05,-1
G086,G052,-4.135941e-05,-1
G080,G056,-4.137354e-05,-1
G084,G055,-4.1400286e-05,-1
G021,G075,-4.1437917e-05,-1
G015,G095,-4.146132e-05,-1
G023,G031,-4.1465584e-05,-1
G051,G088,-4.147745e-05,-1
G063,G018,-4.147859e-05,-1
G046,G016,-4.148603e-05,-1
G018,G096,-4.1495347e-05,-1
G097,G011,-4.150808e-05,-1
G073,G039,-4.1508818e-05,-1
G052,G009,-4.1542833e-05,-1
G080,G097,-4.1546453e-05,-1
G017,G098,-4.156268e-05,-1
G090,G075,-4.1562744e-05,-1
G056,G059,-4.157302e-05,-1
G087,G024,-4.1579184e-05,-1
G062,G060,-4.1620686e-05,-1
G065,G070,-4.162353e-05,-1
G059,G046,-4.1635758e-05,-1
G024,G082,-4.1673004e-05,-1
G068,G060,-4.168402e-05,-1
G087,G057,-4.171263e-05,-1
G061,G012,-4.1839732e-05,-1
G033,G050,-4.187148e-05,-1
G039,G010,-4.1880623e-05,-1
G091,G015,-4.2036165e-05,-1
G018,G010,-4.2059186e-05,-1
G098,G008,-4.206123e-05,-1
G069,G053,-4.206967e-05,-1
G007,G070,-4.2120802e-05,-1
G043,G051,-4.2132004e-05,-1
G018,G074,-4.213227e-05,-1
G080,G091,-4.218757e-05,-1
G092,G093,-4.219693e-05,-1
G083,G086,-4.2224638e-05,-1
G081,G017,-4.232065e-05,-1
G068,G052,-4.2385585e-05,-1
G046,G018,-4.2444655e-05,-1
G050,G057,-4.2453983e-05,-1
G064,G054,-4.2500364e-05,-1
G077,G011,-4.2506716e-05,-1
G091,G053,-4.2518717e-05,-1
G052,G096,-4.2525735e-05,-1
G007,G057,-4.2527594e-05,-1
G074,G054,-4.2541014e-05,-1
G005,G060,-4.254977e-05,-1
G036,G020,-4.2628173e-05,-1
G069,G011,-4.265851e-05,-1
G019,G017,-4.27517e-05,-1
G027,G053,-4.2756077e-05,-1
G077,G053,-4.2780463e-05,-1
G053,G061,-4.280847e-05,-1
G001,G087,-4.2844746e-05,-1
G029,G100,-4.2901553e-05,-1
G100,G017,-4.2931104e-05,-1
G022,G094,-4.2945947e-05,-1
G002,G007,-4.2972e-05,-1
G063,G051,-4.2975007e-05,-1
G095,G001,-4.3030355e-05,-1
G024,G057,-4.311168e-05,-1
G086,G002,-4.3125634e-05,-1
G022,G084,-4.3127802e-05,-1
G091,G070,-4.3141492e-05,-1
G064,G036,-4.317875e-05,-1
G024,G076,-4.323742e-05,-1
G059,G016,-4.325233e-05,-1
G014,G016,-4.3267446e-05,-1
G052,G026,-4.327192e-05,-1
G058,G096,-4.334376e-05,-1
G087,G051,-4.3461292e-05,-1
G030,G091,-4.35003e-05,-1
G094,G040,-4.354514e-05,-1
G093,G075,-4.3563432e-05,-1
G031,G052,-4.3633507e-05,-1
G070,G058,-4.3644963e-05,-1
G057,G076,-4.376249e-05,-1
G017,G059,-4.376812e-05,-1
G050,G017,-4.3778426e-05,-1
G090,G051,-4.3784163e-05,-1
G037,G012,-4.378641e-05,-1
G036,G086,-4.3792294e-05,-1
G053,G054,-4.3792865e-05,-1
G088,G036,-4.385601e-05,-1
G027,G082,-4.3859363e-05,-1
G065,G089,-4.387667e-05,-1
G072,G070,-4.3896678e-05,-1
G034,G094,-4.3941545e-05,-1
G075,G067,-4.3949858e-05,-1
G088,G057,-4.3981312e-05,-1
G021,G091,-4.3984877e-05,-1
G064,G094,-4.3994318e-05,-1
G064,G004,-4.4005872e-05,-1
G021,G014,-4.4053693e-05,-1
G081,G016,-4.4119235e-05,-1
G012,G064,-4.4122004e-05,-1
G039,G008,-4.412354e-05,-1
G091,G087,-4.413533e-05,-1
G050,G089,-4.419851e-05,-1
G074,G004,-4.420206e-05,-1
G090,G053,-4.4212902e-05,-1
G095,G096,-4.426959e-05,-1
G017,G068,-4.4330896e-05,-1
G012,G089,-4.433138e-05,-1
G100,G013,-4.4340315e-05,-1
G021,G071,-4.434417e-05,-1
G057,G017,-4.446194e-05,-1
G020,G056,-4.4483666e-05,-1
G098,G052,-4.4506738e-05,-1
G002,G089,-4.4547964e-05,-1
G043,G078,-4.4636112e-05,-1
G025,G094,-4.4643984e-05,-1
G001,G100,-4.4668253e-05,-1
G052,G084,-4.4676923e-05,-1
G093,G036,-4.4714947e-05,-1
G017,G099,-4.4761822e-05,-1
G076,G067,-4.4861063e-05,-1
G004,G073,-4.4883283e-05,-1
G065,G090,-4.490152e-05,-1
G078,G056,-4.490409e-05,-1
G076,G006,-4.491702e-05,-1
G096,G070,-4.4921486e-05,-1
G009,G067,-4.4952692e-05,-1
G050,G004,-4.4961238e-05,-1
G072,G061,-4.5062392e-05,-1
G056,G076,-4.50962e-05,-1
G002,G050,-4.5098768e-05,-1
G022,G001,-4.5192883e-05,-1
G096,G002,-4.525874e-05,-1
G066,G067,-4.525982e-05,-1
G057,G054,-4.5299148e-05,-1
G022,G082,-4.5301786e-05,-1
G099,G084,-4.5303394e-05,-1
G046,G088,-4.532476e-05,-1
G042,G077,-4.536756e-05,-1
G066,G094,-4.5488512e-05,-1
G025,G052,-4.5532728e-05,-1
G074,G067,-4.5613262e-05,-1
G035,G011,-4.563533e-05,-1
G080,G096,-4.567865e-05,-1
G084,G063,-4.577791e-05,-1
G058,G084,-4.578999e-05,-1
G047,G074,-4.5795412e-05,-1
G024,G084,-4.582455e-05,-1
G069,G054,-4.5875353e-05,-1
G007,G017,-4.5920882e-05,-1
G056,G094,-4.6095796e-05,-1
G095,G034,-4.615198e-05,-1
G041,G056,-4.618032e-05,-1
G056,G097,-4.6212277e-05,-1
G034,G054,-4.6263372e-05,-1
G091,G025,-4.6306588e-05,-1
G095,G017,-4.632292e-05,-1
G073,G012,-4.6395075e-05,-1
G074,G057,-4.6440844e-05,-1
G044,G100,-4.647213e-05,-1
G067,G036,-4.647742e-05,-1
G079,G064,-4.649467e-05,-1
G007,G073,-4.6513527e-05,-1
G080,G044,-4.6516976e-05,-1
G027,G055,-4.652927e-05,-1
G005,G083,-4.657094e-05,-1
G072,G016,-4.657126e-05,-1
G054,G016,-4.6577665e-05,-1
G007,G052,-4.658016e-05,-1
G012,G054,-4.6601235e-05,-1
G034,G074,-4.660984e-05,-1
G093,G098,-4.661473e-05,-1
G025,G100,-4.6647612e-05,-1
G074,G093,-4.664859e-05,-1
G051,G074,-4.666836e-05,-1
G093,G076,-4.669239e-05,-1
G060,G012,-4.6720652e-05,-1
G070,G078,-4.6745485e-05,-1
G061,G053,-4.6755405e-05,-1
G073,G047,-4.6755653e-05,-1
G080,G015,-4.6775167e-05,-1
G006,G001,-4.677633e-05,-1
G057,G015,-4.6900004e-05,-1
G053,G040,-4.6916004e-05,-1
G098,G054,-4.693705e-05,-1
G014,G035,-4.69871e-05,-1
G034,G059,-4.701093e-05,-1
G010,G038,-4.7052315e-05,-1
G088,G016,-4.7058595e-05,-1
G091,G052,-4.706934e-05,-1
G011,G036,-4.7094334e-05,-1
G083,G087,-4.709862e-05,-1
G031,G053,-4.71135e-05,-1
G038,G027,-4.7196972e-05,-1
G073,G054,-4.721335e-05,-1
G047,G016,-4.72312e-05,-1
G024,G038,-4.724446e-05,-1
G096,G016,-4.7258407e-05,-1
G090,G017,-4.7339487e-05,-1
G096,G087,-4.7395657e-05,-1
G070,G039,-4.745453e-05,-1
G058,G028,-4.7558064e-05,-1
G061,G008,-4.7573285e-05,-1
G030,G026,-4.7586327e-05,-1
G087,G056,-4.7670626e-05,-1
G035,G084,-4.7693822e-05,-1
G084,G035,-4.7748723e-05,-1
G071,G063,-4.774949e-05,-1
G089,G004,-4.7765425e-05,-1
G027,G056,-4.7766378e-05,-1
G012,G063,-4.785062e-05,-1
G051,G004,-4.789506e-05,-1
G009,G042,-4.7899288e-05,-1
G060,G067,-4.7901787e-05,-1
G065,G040,-4.7905276e-05,-1
G004,G002,-4.7915724e-05,-1
G062,G085,-4.791836e-05,-1
G078,G091,-4.7924146e-05,-1
G010,G020,-4.7977945e-05,-1
G091,G043,-4.802296e-05,-1
G012,G057,-4.8033475e-05,-1
G046,G043,-4.805292e-05,-1
G038,G063,-4.814508e-05,-1
G083,G072,-4.8184906e-05,-1
G063,G053,-4.8185477e-05,-1
G053,G048,-4.8186226e-05,-1
G065,G071,-4.826437e-05,-1
G040,G059,-4.8292382e-05,-1
G016,G027,-4.8294925e-05,-1
G018,G053,-4.829945e-05,-1
G024,G017,-4.8304348e-05,-1
G039,G041,-4.83078e-05,-1
G015,G034,-4.8329563e-05,-1
G083,G096,-4.8346665e-05,-1
G066,G096,-4.8360587e-05,-1
G066,G011,-4.8370504e-05,-1
G007,G094,-4.837091e-05,-1
G058,G053,-4.8389335e-05,-1
G007,G056,-4.8401504e-05,-1
G034,G072,-4.8470964e-05,-1
G017,G058,-4.84967e-05,-1
G069,G055,-4.8500762e-05,-1
G080,G018,-4.8597492e-05,-1
G096,G053,-4.864013e-05,-1
G078,G049,-4.86921e-05,-1
G091,G096,-4.8786602e-05,-1
G096,G043,-4.880503e-05,-1
G026,G094,-4.8831935e-05,-1
G037,G066,-4.885099e-05,-1
G064,G009,-4.886343e-05,-1
G038,G067,-4.8893166e-05,-1
G004,G009,-4.8919424e-05,-1
G094,G046,-4.8920494e-05,-1
G038,G060,-4.8926213e-05,-1
G089,G056,-4.894596e-05,-1
G089,G086,-4.8988557e-05,-1
G020,G016,-4.900795e-05,-1
G022,G021,-4.9022256e-05,-1
G037,G004,-4.9022783e-05,-1
G061,G029,-4.9077727e-05,-1
G019,G058,-4.9086648e-05,-1
G054,G057,-4.9093265e-05,-1
G015,G080,-4.911357e-05,-1
G031,G043,-4.9113674e-05,-1
G061,G051,-4.911896e-05,-1
G046,G017,-4.912403e-05,-1
G016,G022,-4.9124676e-05,-1
G002,G009,-4.915963e-05,-1
G080,G008,-4.923195e-05,-1
G027,G086,-4.924869e-05,-1
G034,G076,-4.925804e-05,-1
G010,G050,-4.9296963e-05,-1
G059,G052,-4.930409e-05,-1
G098,G019,-4.9313054e-05,-1
G052,G082,-4.933883e-05,-1
G059,G057,-4.9339724e-05,-1
G022,G019,-4.9446357e-05,-1
G100,G036,-4.945664e-05,-1
G009,G020,-4.948094e-05,-1
G014,G074,-4.9544848e-05,-1
G041,G054,-4.954724e-05,-1
G096,G025,-4.95841e-05,-1
G064,G035,-4.9595776e-05,-1
G050,G018,-4.9639813e-05,-1
G023,G003,-4.9658036e-05,-1
G027,G054,-4.9667025e-05,-1
G020,G008,-4.9689395e-05,-1
G021,G086,-4.9693976e-05,-1
G069,G042,-4.9744103e-05,-1
G018,G050,-4.980347e-05,-1
G014,G055,-4.9814196e-05,-1
G017,G042,-4.981564e-05,-1
G033,G046,-4.9826824e-05,-1
G026,G090,-4.9828195e-05,-1
G007,G100,-4.987209e-05,-1
G057,G053,-4.9878872e-05,-1
G058,G007,-4.987974e-05,-1
G075,G024,-4.9915005e-05,-1
G075,G023,-4.994099e-05,-1
G073,G002,-4.9971855e-05,-1
G010,G035,-4.99932e-05,-1
G084,G002,-5.0031562e-05,-1
G019,G087,-5.0037735e-05,-1
G057,G091,-5.004142e-05,-1
G030,G094,-5.005722e-05,-1
G060,G091,-5.0059272e-05,-1
G016,G051,-5.0092694e-05,-1
G017,G093,-5.0108556e-05,-1
G010,G034,-5.011515e-05,-1
G009,G028,-5.0122886e-05,-1
G027,G098,-5.013274e-05,-1
G098,G090,-5.0161354e-05,-1
G025,G058,-5.021853e-05,-1
G090,G054,-5.03153e-05,-1
G053,G076,-5.0318467e-05,-1
G041,G061,-5.033638e-05,-1
G015,G079,-5.0346775e-05,-1
G046,G048,-5.0378214e-05,-1
G071,G052,-5.037882e-05,-1
G067,G071,-5.047463e-05,-1
G099,G091,-5.0477112e-05,-1
G014,G027,-5.0520703e-05,-1
G027,G015,-5.0531882e-05,-1
G011,G082,-5.0597417e-05,-1
G086,G007,-5.0636714e-05,-1
G015,G091,-5.067827e-05,-1
G018,G012,-5.087825e-05,-1
G075,G064,-5.0906707e-05,-1
G075,G020,-5.0913324e-05,-1
G064,G053,-5.1000326e-05,-1
G045,G078,-5.1077743e-05,-1
G044,G052,-5.1123654e-05,-1
G057,G064,-5.115231e-05,-1
G084,G020,-5.1167437e-05,-1
G030,G029,-5.1178227e-05,-1
G091,G009,-5.1179224e-05,-1
G054,G043,-5.1194627e-05,-1
G057,G075,-5.1194766e-05,-1
G043,G100,-5.1211777e-05,-1
G015,G087,-5.1229625e-05,-1
G089,G040,-5.127194e-05,-1
G020,G022,-5.1276995e-05,-1
G026,G009,-5.128577e-05,-1
G072,G015,-5.139729e-05,-1
G026,G087,-5.1502626e-05,-1
G066,G084,-5.154193e-05,-1
G047,G052,-5.1591556e-05,-1
G046,G089,-5.1612453e-05,-1
G009,G029,-5.164191e-05,-1
G026,G089,-5.1667714e-05,-1
G072,G088,-5.1681487e-05,-1
G006,G099,-5.180282e-05,-1
G090,G046,-5.1832692e-05,-1
G014,G089,-5.1872194e-05,-1
G020,G051,-5.1874587e-05,-1
G068,G054,-5.1931038e-05,-1
G079,G093,-5.1968724e-05,-1
G054,G059,-5.1975218e-05,-1
G061,G065,-5.2009713e-05,-1
G036,G024,-5.2034782e-05,-1
G004,G082,-5.207264e-05,-1
G017,G100,-5.207313e-05,-1
G038,G040,-5.2111714e-05,-1
G022,G072,-5.221488e-05,-1
G076,G038,-5.2219028e-05,-1
G015,G056,-5.222464e-05,-1
G015,G084,-5.223856e-05,-1
G020,G032,-5.2330142e-05,-1
G067,G060,-5.235233e-05,-1
G095,G093,-5.243299e-05,-1
G095,G055,-5.253219e-05,-1
G024,G028,-5.2545274e-05,-1
G030,G025,-5.2592215e-05,-1
G060,G065,-5.2604842e-05,-1
G005,G088,-5.2613606e-05,-1
G074,G076,-5.2637566e-05,-1
G004,G097,-5.2641582e-05,-1
G095,G056,-5.2663276e-05,-1
G060,G082,-5.2680167e-05,-1
G095,G074,-5.269942e-05,-1
G073,G029,-5.269991e-05,-1
G041,G002,-5.2738684e-05,-1
G089,G067,-5.2760883e-05,-1
G031,G016,-5.2831027e-05,-1
G060,G035,-5.2866326e-05,-1
G056,G096,-5.2892206e-05,-1
G027,G089,-5.2929645e-05,-1
G068,G063,-5.297106e-05,-1
G089,G091,-5.297794e-05,-1
G031,G002,-5.298471e-05,-1
G046,G028,-5.300585e-05,-1
G091,G074,-5.310146e-05,-1
G050,G027,-5.3135667e-05,-1
G004,G096,-5.313908e-05,-1
G011,G019,-5.3200918e-05,-1
G089,G088,-5.3214386e-05,-1
G071,G060,-5.3216252e-05,-1
G010,G054,-5.322749e-05,-1
G021,G002,-5.3286436e-05,-1
G019,G078,-5.3292715e-05,-1
G075,G051,-5.3311564e-05,-1
G065,G026,-5.3394182e-05,-1
G086,G019,-5.3394797e-05,-1
G055,G058,-5.341855e-05,-1
G031,G064,-5.3430093e-05,-1
G022,G009,-5.34812e-05,-1
G065,G054,-5.3481665e-05,-1
G043,G013,-5.3497446e-05,-1
G058,G059,-5.3561587e-05,-1
G017,G091,-5.358423e-05,-1
G014,G084,-5.3626733e-05,-1
G074,G025,-5.363658e-05,-1
G002,G082,-5.371241e-05,-1
G026,G052,-5.3722113e-05,-1
G033,G051,-5.373525e-05,-1
G084,G015,-5.375207e-05,-1
G061,G046,-5.3859745e-05,-1
G092,G095,-5.3862455e-05,-1
G091,G089,-5.3877116e-05,-1
G015,G059,-5.3918884e-05,-1
G007,G020,-5.3944284e-05,-1
G096,G088,-5.397738e-05,-1
G086,G016,-5.3978736e-05,-1
G007,G054,-5.3999815e-05,-1
G065,G035,-5.4009524e-05,-1
G059,G009,-5.4019212e-05,-1
G046,G024,-5.403718e-05,-1
G021,G095,-5.4063825e-05,-1
G074,G091,-5.408635e-05,-1
G057,G016,-5.409768e-05,-1
G021,G019,-5.420425e-05,-1
G035,G008,-5.424691e-05,-1
G048,G003,-5.4388645e-05,-1
G089,G016,-5.443743e-05,-1
G020,G043,-5.444346e-05,-1
G067,G008,-5.4471533e-05,-1
G093,G070,-5.4479566e-05,-1
G079,G051,-5.4515545e-05,-1
G096,G056,-5.4530174e-05,-1
G071,G041,-5.4625696e-05,-1
G074,G002,-5.4654978e-05,-1
G073,G053,-5.4677148e-05,-1
G039,G087,-5.4724e-05,-1
G063,G004,-5.4751687e-05,-1
G058,G015,-5.4818312e-05,-1
G068,G056,-5.486909e-05,-1
G034,G026,-5.486936e-05,-1
G038,G024,-5.4885608e-05,-1
G034,G055,-5.489241e-05,-1
G057,G063,-5.4916974e-05,-1
G047,G070,-5.4935786e-05,-1
G017,G011,-5.495494e-05,-1
G070,G007,-5.4962537e-05,-1
G053,G070,-5.4966662e-05,-1
G068,G089,-5.4984357e-05,-1
G087,G093,-5.5016735e-05,-1
G074,G011,-5.505463e-05,-1
G097,G088,-5.507287e-05,-1
G069,G100,-5.5107404e-05,-1
G017,G051,-5.514808e-05,-1
G066,G100,-5.5154745e-05,-1
G066,G027,-5.517222e-05,-1
G052,G061,-5.5185148e-05,-1
G058,G029,-5.5229557e-05,-1
G068,G004,-5.5308246e-05,-1
G080,G099,-5.5380588e-05,-1
G041,G070,-5.538353e-05,-1
G017,G002,-5.548643e-05,-1
G046,G010,-5.549329e-05,-1
G098,G023,-5.5569762e-05,-1
G091,G063,-5.5625478e-05,-1
G068,G082,-5.5641518e-05,-1
G099,G025,-5.5643577e-05,-1
G002,G096,-5.5662298e-05,-1
G099,G019,-5.5795972e-05,-1
G087,G001,-5.581793e-05,-1
G004,G021,-5.5845958e-05,-1
G063,G029,-5.5900833e-05,-1
G088,G053,-5.5921973e-05,-1
G038,G034,-5.5949346e-05,-1
G053,G096,-5.5971595e-05,-1
G078,G053,-5.5988614e-05,-1
G053,G063,-5.6048033e-05,-1
G001,G020,-5.6123532e-05,-1
G064,G100,-5.6145847e-05,-1
G001,G094,-5.6146815e-05,-1
G044,G024,-5.6202516e-05,-1
G030,G024,-5.6215908e-05,-1
G072,G093,-5.6241974e-05,-1
G047,G085,-5.626609e-05,-1
G029,G096,-5.626706e-05,-1
G086,G057,-5.6277033e-05,-1
G041,G096,-5.6294823e-05,-1
G006,G002,-5.6296412e-05,-1
G030,G004,-5.64595e-05,-1
G019,G049,-5.646287e-05,-1
G007,G092,-5.6463283e-05,-1
G009,G076,-5.6482193e-05,-1
G056,G061,-5.6551515e-05,-1
G023,G018,-5.657497e-05,-1
G091,G057,-5.6623725e-05,-1
G094,G024,-5.674083e-05,-1
G064,G056,-5.6749763e-05,-1
G065,G009,-5.675015e-05,-1
G025,G054,-5.680747e-05,-1
G016,G082,-5.68515e-05,-1
G088,G070,-5.685216e-05,-1
G027,G093,-5.6895584e-05,-1
G055,G015,-5.6906734e-05,-1
G064,G057,-5.6913803e-05,-1
G011,G053,-5.6914054e-05,-1
G050,G051,-5.6914945e-05,-1
G047,G075,-5.6941935e-05,-1
G069,G057,-5.697916e-05,-1
G097,G051,-5.6984856e-05,-1
G078,G047,-5.6998804e-05,-1
G011,G084,-5.7020763e-05,-1
G029,G053,-5.712113e-05,-1
G053,G093,-5.715661e-05,-1
G072,G029,-5.7182304e-05,-1
G022,G013,-5.721207e-05,-1
G071,G009,-5.7224333e-05,-1
G076,G011,-5.7229885e-05,-1
G039,G059,-5.7244262e-05,-1
G094,G006,-5.7288547e-05,-1
G098,G017,-5.731377e-05,-1
G035,G024,-5.732629e-05,-1
G065,G091,-5.738484e-05,-1
G019,G053,-5.748097e-05,-1
G015,G093,-5.7524194e-05,-1
G019,G018,-5.752683e-05,-1
G067,G054,-5.759537e-05,-1
G098,G072,-5.761366e-05,-1
G098,G093,-5.7619014e-05,-1
G070,G063,-5.763596e-05,-1
G019,G065,-5.7704045e-05,-1
G033,G058,-5.7827743e-05,-1
G031,G009,-5.7833033e-05,-1
G027,G009,-5.7834655e-05,-1
G012,G023,-5.785402e-05,-1
G019,G056,-5.785493e-05,-1
G052,G091,-5.7905494e-05,-1
G001,G057,-5.7907313e-05,-1
G040,G084,-5.7945002e-05,-1
G067,G070,-5.7960955e-05,-1
G093,G064,-5.800933e-05,-1
G074,G064,-5.8028003e-05,-1
G087,G068,-5.8041307e-05,-1
G017,G076,-5.80761e-05,-1
G050,G021,-5.8091813e-05,-1
G096,G098,-5.809585e-05,-1
G041,G012,-5.818009e-05,-1
G030,G067,-5.8212976e-05,-1
G038,G087,-5.823506e-05,-1
G035,G077,-5.8250516e-05,-1
G077,G094,-5.825796e-05,-1
G031,G024,-5.8265963e-05,-1
G089,G100,-5.8301066e-05,-1
G056,G001,-5.8355803e-05,-1
G006,G057,-5.8394056e-05,-1
G021,G027,-5.842577e-05,-1
G057,G086,-5.8432262e-05,-1
G016,G046,-5.8438472e-05,-1
G097,G087,-5.844436e-05,-1
G039,G046,-5.8455975e-05,-1
G094,G059,-5.849432e-05,-1
G010,G046,-5.852332e-05,-1
G076,G091,-5.8524358e-05,-1
G037,G086,-5.857554e-05,-1
G068,G006,-5.8583875e-05,-1
G087,G036,-5.8584817e-05,-1
G024,G068,-5.8605852e-05,-1
G021,G074,-5.8705475e-05,-1
G067,G081,-5.8712456e-05,-1
G075,G086,-5.8729107e-05,-1
G005,G010,-5.8790418e-05,-1
G094,G025,-5.887077e-05,-1
G040,G072,-5.888335e-05,-1
G047,G040,-5.893258e-05,-1
G075,G011,-5.897105e-05,-1
G072,G052,-5.8995163e-05,-1
G018,G011,-5.899986e-05,-1
G040,G091,-5.9011058e-05,-1
G047,G002,-5.903163e-05,-1
G012,G033,-5.905172e-05,-1
G064,G021,-5.905978e-05,-1
G057,G089,-5.908306e-05,-1
G029,G091,-5.9164046e-05,-1
G011,G007,-5.9181366e-05,-1
G086,G056,-5.921718e-05,-1
G077,G071,-5.927731e-05,-1
G070,G089,-5.932476e-05,-1
G065,G084,-5.9361813e-05,-1
G006,G024,-5.9366375e-05,-1
G073,G082,-5.9378573e-05,-1
G036,G046,-5.9399797e-05,-1
G092,G057,-5.9411574e-05,-1
G093,G096,-5.9448397e-05,-1
G049,G043,-5.948217e-05,-1
G024,G015,-5.9502967e-05,-1
G019,G076,-5.950519e-05,-1
G069,G086,-5.9514066e-05,-1
G074,G086,-5.951925e-05,-1
G004,G023,-5.9534315e-05,-1
G060,G059,-5.9545087e-05,-1
G034,G009,-5.9587823e-05,-1
G009,G075,-5.9608104e-05,-1
G075,G056,-5.962043e-05,-1
G060,G029,-5.9635215e-05,-1
G081,G098,-5.964498e-05,-1
G066,G051,-5.9656337e-05,-1
G067,G009,-5.966312e-05,-1
G018,G059,-5.9718775e-05,-1
G053,G011,-5.9737416e-05,-1
G090,G091,-5.9763737e-05,-1
G093,G016,-5.978254e-05,-1
G047,G054,-5.9784812e-05,-1
G065,G011,-5.9880436e-05,-1
G076,G022,-5.9900205e-05,-1
G026,G019,-5.9904814e-05,-1
G084,G070,-5.9930015e-05,-1
G072,G054,-5.9959264e-05,-1
G057,G066,-5.997626e-05,-1
G062,G054,-5.9980808e-05,-1
G009,G055,-6.0026774e-05,-1
G095,G057,-6.0034326e-05,-1
G007,G098,-6.0074206e-05,-1
G075,G043,-6.01515e-05,-1
G043,G047,-6.0190327e-05,-1
G052,G016,-6.0265862e-05,-1
G029,G084,-6.030545e-05,-1
G010,G023,-6.0352937e-05,-1
G011,G089,-6.0373557e-05,-1
G001,G064,-6.0382285e-05,-1
G077,G076,-6.0414546e-05,-1
G093,G057,-6.0606173e-05,-1
G056,G004,-6.0606642e-05,-1
G020,G096,-6.0644285e-05,-1
G009,G016,-6.0680566e-05,-1
G022,G041,-6.0716113e-05,-1
G099,G053,-6.071747e-05,-1
G076,G086,-6.078336e-05,-1
G004,G011,-6.0786842e-05,-1
G031,G076,-6.0787996e-05,-1
G034,G015,-6.07953e-05,-1
G055,G064,-6.083964e-05,-1
G012,G047,-6.0842864e-05,-1
G068,G091,-6.0920345e-05,-1
G036,G060,-6.0958802e-05,-1
G095,G059,-6.096849e-05,-1
G002,G063,-6.0985305e-05,-1
G078,G096,-6.1004128e-05,-1
G056,G028,-6.1020535e-05,-1
G085,G082,-6.107157e-05,-1
G080,G061,-6.109042e-05,-1
G025,G018,-6.110088e-05,-1
G039,G052,-6.1115825e-05,-1
G010,G018,-6.114138e-05,-1
G064,G017,-6.115649e-05,-1
G036,G029,-6.1198254e-05,-1
G010,G003,-6.120348e-05,-1
G078,G027,-6.1234874e-05,-1
G022,G087,-6.1246625e-05,-1
G070,G018,-6.124692e-05,-1
G050,G022,-6.1259125e-05,-1
G098,G071,-6.138891e-05,-1
G053,G068,-6.141132e-05,-1
G099,G068,-6.151212e-05,-1
G038,G091,-6.151564e-05,-1
G010,G037,-6.15176e-05,-1
G075,G091,-6.152437e-05,-1
G070,G054,-6.152534e-05,-1
G033,G083,-6.154625e-05,-1
G054,G001,-6.1564824e-05,-1
G007,G027,-6.159132e-05,-1
G040,G047,-6.164255e-05,-1
G089,G076,-6.174986e-05,-1
G059,G027,-6.1758736e-05,-1
G039,G092,-6.176949e-05,-1
G060,G090,-6.1833285e-05,-1
G079,G070,-6.1951025e-05,-1
G037,G051,-6.196129e-05,-1
G053,G019,-6.197941e-05,-1
G080,G075,-6.19797e-05,-1
G001,G068,-6.1992396e-05,-1
G027,G016,-6.199397e-05,-1
G068,G053,-6.199961e-05,-1
G021,G100,-6.201368e-05,-1
G061,G054,-6.203674e-05,-1
G025,G046,-6.2105726e-05,-1
G047,G042,-6.2147876e-05,-1
G070,G076,-6.2149215e-05,-1
G010,G019,-6.2154075e-05,-1
G089,G097,-6.221538e-05,-1
G060,G063,-6.2285624e-05,-1
G001,G016,-6.228566e-05,-1
G092,G021,-6.235008e-05,-1
G095,G051,-6.2395324e-05,-1
G035,G026,-6.24864e-05,-1
G054,G093,-6.25091e-05,-1
G011,G002,-6.251544e-05,-1
G036,G043,-6.25485e-05,-1
G050,G054,-6.260715e-05,-1
G096,G054,-6.261628e-05,-1
G100,G071,-6.262513e-05,-1
G076,G023,-6.264107e-05,-1
G017,G050,-6.271161e-05,-1
G027,G072,-6.271686e-05,-1
G021,G008,-6.271914e-05,-1
G058,G071,-6.2738654e-05,-1
G019,G043,-6.2784224e-05,-1
G054,G025,-6.286574e-05,-1
G033,G086,-6.2896004e-05,-1
G063,G087,-6.289989e-05,-1
G096,G024,-6.29244e-05,-1
G057,G082,-6.2952626e-05,-1
G065,G076,-6.299375e-05,-1
G033,G063,-6.308651e-05,-1
G062,G024,-6.310446e-05,-1
G012,G025,-6.316004e-05,-1
G038,G071,-6.316336e-05,-1
G049,G062,-6.3176005e-05,-1
G098,G067,-6.3211424e-05,-1
G029,G076,-6.322903e-05,-1
G052,G076,-6.325413e-05,-1
G052,G004,-6.329688e-05,-1
G025,G097,-6.329818e-05,-1
G059,G067,-6.341279e-05,-1
G058,G004,-6.341351e-05,-1
G004,G049,-6.343017e-05,-1
G084,G082,-6.348546e-05,-1
G050,G053,-6.351198e-05,-1
G051,G038,-6.352763e-05,-1
G010,G065,-6.3572596e-05,-1
G022,G058,-6.358463e-05,-1
G092,G076,-6.367761e-05,-1
G031,G057,-6.372122e-05,-1
G030,G071,-6.3810265e-05,-1
G099,G082,-6.386121e-05,-1
G087,G052,-6.386426e-05,-1
G029,G094,-6.389528e-05,-1
G054,G084,-6.393031e-05,-1
G094,G051,-6.3941305e-05,-1
G015,G096,-6.397103e-05,-1
G027,G063,-6.3985295e-05,-1
G067,G057,-6.399592e-05,-1
G020,G072,-6.404965e-05,-1
G092,G070,-6.408971e-05,-1
G027,G010,-6.409667e-05,-1
G089,G022,-6.410034e-05,-1
G001,G056,-6.4224994e-05,-1
G053,G074,-6.426314e-05,-1
G021,G076,-6.427499e-05,-1
G076,G051,-6.4293876e-05,-1
G021,G025,-6.432215e-05,-1
G061,G010,-6.432245e-05,-1
G014,G052,-6.434122e-05,-1
G097,G068,-6.43538e-05,-1
G021,G054,-6.4390035e-05,-1
G074,G017,-6.447795e-05,-1
G090,G025,-6.454601e-05,-1
G064,G051,-6.454897e-05,-1
G023,G038,-6.455034e-05,-1
G100,G099,-6.46742e-05,-1
G099,G059,-6.472053e-05,-1
G029,G064,-6.472616e-05,-1
G056,G002,-6.4854e-05,-1
G010,G059,-6.4856365e-05,-1
G002,G087,-6.4903434e-05,-1
G066,G038,-6.495711e-05,-1
G078,G059,-6.498477e-05,-1
G019,G075,-6.503424e-05,-1
G057,G029,-6.505397e-05,-1
G001,G093,-6.513662e-05,-1
G056,G092,-6.5202075e-05,-1
G075,G009,-6.5204615e-05,-1
G016,G047,-6.5232e-05,-1
G059,G056,-6.534281e-05,-1
G080,G016,-6.537855e-05,-1
G080,G087,-6.540031e-05,-1
G073,G093,-6.540386e-05,-1
G095,G100,-6.545127e-05,-1
G014,G022,-6.560023e-05,-1
G098,G095,-6.564266e-05,-1
G002,G016,-6.570005e-05,-1
G043,G021,-6.573807e-05,-1
G081,G075,-6.574794e-05,-1
G029,G043,-6.577162e-05,-1
G061,G026,-6.5818196e-05,-1
G090,G056,-6.587849e-05,-1
G036,G051,-6.589601e-05,-1
G034,G087,-6.591135e-05,-1
G012,G017,-6.5945045e-05,-1
G020,G075,-6.600206e-05,-1
G038,G031,-6.6020104e-05,-1
G090,G076,-6.608912e-05,-1
G068,G019,-6.611107e-05,-1
G088,G086,-6.611313e-05,-1
G046,G100,-6.615193e-05,-1
G053,G041,-6.618676e-05,-1
G027,G041,-6.619398e-05,-1
G039,G085,-6.621037e-05,-1
G095,G058,-6.626534e-05,-1
G055,G035,-6.632733e-05,-1
G060,G017,-6.633687e-05,-1
G067,G053,-6.638341e-05,-1
G063,G097,-6.6384186e-05,-1
G087,G058,-6.641332e-05,-1
G010,G093,-6.6471206e-05,-1
G059,G074,-6.6481516e-05,-1
G046,G022,-6.6491375e-05,-1
G089,G082,-6.649216e-05,-1
G073,G086,-6.6549874e-05,-1
G054,G085,-6.659743e-05,-1
G024,G042,-6.6613655e-05,-1
G059,G098,-6.664257e-05,-1
G058,G057,-6.6647444e-05,-1
G051,G073,-6.666292e-05,-1
G074,G058,-6.666756e-05,-1
G083,G100,-6.667092e-05,-1
G014,G007,-6.6676366e-05,-1
G039,G058,-6.669291e-05,-1
G040,G054,-6.673947e-05,-1
G008,G036,-6.6752575e-05,-1
G025,G098,-6.675744e-05,-1
G051,G096,-6.687236e-05,-1
G031,G051,-6.690066e-05,-1
G100,G041,-6.6906796e-05,-1
G084,G089,-6.692656e-05,-1
G093,G008,-6.6938046e-05,-1
G064,G055,-6.6955814e-05,-1
G083,G080,-6.6987646e-05,-1
G053,G082,-6.7013265e-05,-1
G002,G098,-6.704248e-05,-1
G017,G004,-6.706896e-05,-1
G099,G009,-6.707981e-05,-1
G002,G055,-6.711273e-05,-1
G063,G002,-6.7113564e-05,-1
G061,G009,-6.712321e-05,-1
G078,G002,-6.712577e-05,-1
G084,G057,-6.712946e-05,-1
G097,G025,-6.71557e-05,-1
G010,G095,-6.73535e-05,-1
G018,G051,-6.738733e-05,-1
G005,G090,-6.7409426e-05,-1
G034,G095,-6.7428744e-05,-1
G049,G053,-6.750432e-05,-1
G055,G089,-6.752046e-05,-1
G067,G082,-6.753365e-05,-1
G009,G064,-6.755527e-05,-1
G023,G051,-6.7652254e-05,-1
G053,G015,-6.767164e-05,-1
G066,G074,-6.7675435e-05,-1
G018,G026,-6.7700865e-05,-1
G025,G093,-6.7711626e-05,-1
G060,G057,-6.7718895e-05,-1
G085,G016,-6.789076e-05,-1
G078,G054,-6.7923116e-05,-1
G001,G055,-6.792316e-05,-1
G037,G087,-6.7944144e-05,-1
G090,G057,-6.795004e-05,-1
G016,G034,-6.797778e-05,-1
G020,G098,-6.800623e-05,-1
G092,G027,-6.8013076e-05,-1
G074,G015,-6.8013906e-05,-1
G085,G025,-6.8058056e-05,-1
G029,G051,-6.808713e-05,-1
G070,G033,-6.81073e-05,-1
G034,G082,-6.815141e-05,-1
G038,G084,-6.8187626e-05,-1
G050,G090,-6.821996e-05,-1
G056,G055,-6.822559e-05,-1
G077,G090,-6.8240915e-05,-1
G019,G038,-6.827452e-05,-1
G061,G091,-6.842455e-05,-1
G077,G027,-6.8480054e-05,-1
G092,G007,-6.8497444e-05,-1
G062,G016,-6.850579e-05,-1
G022,G059,-6.851211e-05,-1
G002,G090,-6.853651e-05,-1
G054,G094,-6.8545174e-05,-1
G019,G082,-6.856162e-05,-1
G072,G057,-6.865249e-05,-1
G077,G070,-6.866463e-05,-1
G019,G005,-6.8716e-05,-1
G065,G097,-6.874558e-05,-1
G077,G017,-6.880114e-05,-1
G005,G026,-6.8816415e-05,-1
G097,G026,-6.882432e-05,-1
G061,G074,-6.884976e-05,-1
G067,G028,-6.8857255e-05,-1
G065,G059,-6.890747e-05,-1
G009,G087,-6.8931215e-05,-1
G025,G084,-6.8932095e-05,-1
G046,G087,-6.895073e-05,-1
G053,G009,-6.895441e-05,-1
G100,G077,-6.8959416e-05,-1
G036,G033,-6.896928e-05,-1
G076,G004,-6.8975154e-05,-1
G018,G025,-6.8995374e-05,-1
G034,G053,-6.9017566e-05,-1
G067,G073,-6.90377e-05,-1
G004,G090,-6.908904e-05,-1
G037,G088,-6.910821e-05,-1
G012,G059,-6.913473e-05,-1
G095,G071,-6.915215e-05,-1
G064,G028,-6.9283094e-05,-1
G075,G028,-6.929897e-05,-1
G014,G058,-6.930405e-05,-1
G075,G059,-6.9317415e-05,-1
G084,G087,-6.9333626e-05,-1
G001,G075,-6.94025e-05,-1
G079,G008,-6.940639e-05,-1
G064,G089,-6.944928e-05,-1
G029,G023,-6.94535e-05,-1
G037,G024,-6.946151e-05,-1
G087,G074,-6.95237e-05,-1
G038,G057,-6.952927e-05,-1
G057,G049,-6.954633e-05,-1
G093,G095,-6.959215e-05,-1
G073,G022,-6.968956e-05,-1
G086,G025,-6.969821e-05,-1
G015,G018,-6.976766e-05,-1
G044,G058,-6.977427e-05,-1
G079,G056,-6.978142e-05,-1
G053,G026,-6.982958e-05,-1
G039,G062,-6.988537e-05,-1
G095,G084,-6.990603e-05,-1
G052,G078,-6.999969e-05,-1
G019,G023,-7.009412e-05,-1
G091,G002,-7.0145885e-05,-1
G005,G024,-7.027247e-05,-1
G040,G021,-7.0356546e-05,-1
G021,G099,-7.038811e-05,-1
G011,G098,-7.0456925e-05,-1
G030,G088,-7.04908e-05,-1
G036,G052,-7.049535e-05,-1
G089,G087,-7.05788e-05,-1
G046,G058,-7.057931e-05,-1
G071,G050,-7.0654154e-05,-1
G058,G023,-7.080425e-05,-1
G011,G025,-7.0813694e-05,-1
G063,G025,-7.083149e-05,-1
G057,G042,-7.086661e-05,-1
G019,G004,-7.09772e-05,-1
G059,G001,-7.098087e-05,-1
G047,G076,-7.105751e-05,-1
G074,G052,-7.1071416e-05,-1
G072,G095,-7.10929e-05,-1
G055,G009,-7.12016e-05,-1
G068,G027,-7.120608e-05,-1
G034,G098,-7.1277034e-05,-1
G040,G062,-7.129834e-05,-1
G073,G063,-7.1298404e-05,-1
G026,G011,-7.130035e-05,-1
G096,G086,-7.13155e-05,-1
G018,G093,-7.133248e-05,-1
G066,G007,-7.1370196e-05,-1
G092,G017,-7.1420756e-05,-1
G015,G002,-7.1439885e-05,-1
G095,G002,-7.145838e-05,-1
G076,G055,-7.14795e-05,-1
G079,G038,-7.1494724e-05,-1
G072,G024,-7.150622e-05,-1
G046,G072,-7.153069e-05,-1
G065,G061,-7.154496e-05,-1
G031,G015,-7.157399e-05,-1
G055,G091,-7.1602095e-05,-1
G081,G001,-7.1634946e-05,-1
G098,G078,-7.165473e-05,-1
G078,G006,-7.168052e-05,-1
G014,G082,-7.170606e-05,-1
G018,G091,-7.1714116e-05,-1
G065,G038,-7.176681e-05,-1
G002,G036,-7.1805494e-05,-1
G084,G022,-7.18148e-05,-1
G067,G002,-7.1863346e-05,-1
G076,G066,-7.1867325e-05,-1
G099,G086,-7.190145e-05,-1
G057,G100,-7.193948e-05,-1
G010,G082,-7.1955306e-05,-1
G099,G058,-7.1959614e-05,-1
G047,G004,-7.198348e-05,-1
G037,G040,-7.198987e-05,-1
G079,G002,-7.202317e-05,-1
G053,G004,-7.2049195e-05,-1
G035,G055,-7.2169154e-05,-1
G058,G049,-7.2349634e-05,-1
G084,G042,-7.242215e-05,-1
G009,G056,-7.247765e-05,-1
G037,G011,-7.252159e-05,-1
G072,G089,-7.252697e-05,-1
G046,G052,-7.257802e-05,-1
G081,G021,-7.261192e-05,-1
G054,G038,-7.271169e-05,-1
G075,G096,-7.272438e-05,-1
G096,G091,-7.281796e-05,-1
G099,G027,-7.284998e-05,-1
G095,G041,-7.285833e-05,-1
G095,G092,-7.292186e-05,-1
G010,G086,-7.2974326e-05,-1
G022,G017,-7.2985706e-05,-1
G019,G090,-7.306923e-05,-1
G059,G086,-7.3079944e-05,-1
G007,G075,-7.308781e-05,-1
G093,G009,-7.31245e-05,-1
G036,G093,-7.3182026e-05,-1
G056,G042,-7.318519e-05,-1
G100,G004,-7.3195886e-05,-1
G046,G074,-7.3240124e-05,-1
G024,G016,-7.326351e-05,-1
G026,G086,-7.330006e-05,-1
G074,G009,-7.334796e-05,-1
G094,G076,-7.3422234e-05,-1
G094,G061,-7.346774e-05,-1
G066,G010,-7.3467854e-05,-1
G066,G016,-7.3471834e-05,-1
G025,G028,-7.353497e-05,-1
G065,G093,-7.364494e-05,-1
G089,G008,-7.3654664e-05,-1
G092,G064,-7.372331e-05,-1
G038,G011,-7.3724856e-05,-1
G066,G002,-7.3816234e-05,-1
G092,G055,-7.3848074e-05,-1
G075,G016,-7.3878036e-05,-1
G041,G068,-7.3887364e-05,-1
G078,G084,-7.391494e-05,-1
G096,G052,-7.394167e-05,-1
G033,G053,-7.3949304e-05,-1
G055,G074,-7.396612e-05,-1
G067,G038,-7.399089e-05,-1
G059,G082,-7.4002906e-05,-1
G001,G042,-7.401453e-05,-1
G038,G004,-7.4099786e-05,-1
G064,G092,-7.41466e-05,-1
G061,G052,-7.414971e-05,-1
G090,G082,-7.4183845e-05,-1
G009,G093,-7.423491e-05,-1
G015,G054,-7.424186e-05,-1
G067,G076,-7.4318166e-05,-1
G029,G024,-7.4347685e-05,-1
G084,G049,-7.434839e-05,-1
G098,G075,-7.439159e-05,-1
G027,G092,-7.4406584e-05,-1
G098,G094,-7.442859e-05,-1
G039,G094,-7.445355e-05,-1
G089,G049,-7.451356e-05,-1
G001,G004,-7.455813e-05,-1
G053,G016,-7.463166e-05,-1
G071,G024,-7.464431e-05,-1
G086,G035,-7.470919e-05,-1
G081,G045,-7.471723e-05,-1
G059,G022,-7.480589e-05,-1
G025,G055,-7.482164e-05,-1
G084,G009,-7.4832256e-05,-1
G090,G089,-7.483823e-05,-1
G002,G057,-7.484819e-05,-1
G020,G059,-7.487853e-05,-1
G092,G082,-7.4919706e-05,-1
G024,G087,-7.4922726e-05,-1
G089,G047,-7.4925294e-05,-1
G002,G011,-7.496164e-05,-1
G056,G067,-7.4963784e-05,-1
G009,G068,-7.4968055e-05,-1
G084,G016,-7.4987474e-05,-1
G021,G055,-7.4992415e-05,-1
G047,G093,-7.500215e-05,-1
G007,G087,-7.5008786e-05,-1
G064,G091,-7.501055e-05,-1
G072,G084,-7.501981e-05,-1
G011,G058,-7.512994e-05,-1
G089,G048,-7.518532e-05,-1
G016,G095,-7.526007e-05,-1
G060,G089,-7.526535e-05,-1
G076,G026,-7.533467e-05,-1
G056,G071,-7.535934e-05,-1
G070,G082,-7.53747e-05,-1
G011,G056,-7.5385484e-05,-1
G087,G059,-7.53953e-05,-1
G066,G053,-7.541074e-05,-1
G060,G093,-7.542393e-05,-1
G027,G011,-7.5458716e-05,-1
G065,G016,-7.54703e-05,-1
G057,G052,-7.550179e-05,-1
G039,G017,-7.550984e-05,-1
G068,G057,-7.5623444e-05,-1
G026,G022,-7.562584e-05,-1
G065,G005,-7.5708675e-05,-1
G038,G028,-7.5738135e-05,-1
G079,G100,-7.5754004e-05,-1
G060,G098,-7.577605e-05,-1
G095,G049,-7.57805e-05,-1
G027,G052,-7.579428e-05,-1
G030,G002,-7.588304e-05,-1
G055,G056,-7.591036e-05,-1
G044,G051,-7.593719e-05,-1
G053,G059,-7.5952754e-05,-1
G029,G010,-7.59587e-05,-1
G012,G009,-7.596276e-05,-1
G041,G016,-7.598911e-05,-1
G050,G082,-7.599028e-05,-1
G015,G068,-7.601675e-05,-1
G093,G053,-7.603271e-05,-1
G020,G084,-7.6068856e-05,-1
G070,G075,-7.608741e-05,-1
G083,G092,-7.612193e-05,-1
G052,G058,-7.613198e-05,-1
G002,G049,-7.613689e-05,-1
G087,G075,-7.617841e-05,-1
G001,G076,-7.618359e-05,-1
G014,G036,-7.622387e-05,-1
G011,G016,-7.625329e-05,-1
G094,G091,-7.626291e-05,-1
G025,G091,-7.627957e-05,-1
G060,G042,-7.628372e-05,-1
G040,G063,-7.635253e-05,-1
G001,G054,-7.635493e-05,-1
G044,G045,-7.636039e-05,-1
G009,G065,-7.657624e-05,-1
G093,G059,-7.664161e-05,-1
G073,G026,-7.673221e-05,-1
G011,G061,-7.6962926e-05,-1
G054,G019,-7.6999044e-05,-1
G005,G025,-7.7086646e-05,-1
G069,G061,-7.709035e-05,-1
G040,G078,-7.710489e-05,-1
G054,G053,-7.7113036e-05,-1
G076,G009,-7.722084e-05,-1
G044,G062,-7.725901e-05,-1
G014,G002,-7.728778e-05,-1
G047,G094,-7.7288394e-05,-1
G052,G074,-7.730215e-05,-1
G064,G007,-7.734268e-05,-1
G047,G082,-7.735774e-05,-1
G012,G007,-7.738943e-05,-1
G092,G001,-7.7394274e-05,-1
G089,G015,-7.7456796e-05,-1
G059,G087,-7.750682e-05,-1
G072,G065,-7.750716e-05,-1
G069,G076,-7.753251e-05,-1
G060,G058,-7.756047e-05,-1
G047,G015,-7.756529e-05,-1
G088,G035,-7.7583405e-05,-1
G037,G016,-7.76084e-05,-1
G086,G091,-7.765267e-05,-1
G097,G072,-7.7694254e-05,-1
G089,G098,-7.772215e-05,-1
G019,G016,-7.775751e-05,-1
G092,G043,-7.782102e-05,-1
G058,G091,-7.7828285e-05,-1
G002,G027,-7.784328e-05,-1
G034,G056,-7.786764e-05,-1
G009,G058,-7.790788e-05,-1
G022,G078,-7.7910256e-05,-1
G068,G084,-7.7997574e-05,-1
G054,G068,-7.79978e-05,-1
G054,G015,-7.807508e-05,-1
G065,G042,-7.812106e-05,-1
G080,G063,-7.812142e-05,-1
G009,G098,-7.812956e-05,-1
G054,G027,-7.815408e-05,-1
G059,G007,-7.8190125e-05,-1
G090,G009,-7.8201294e-05,-1
G067,G012,-7.8334546e-05,-1
G021,G028,-7.835793e-05,-1
G058,G082,-7.8360135e-05,-1
G017,G063,-7.849093e-05,-1
G004,G068,-7.853061e-05,-1
G077,G049,-7.855348e-05,-1
G097,G090,-7.857705e-05,-1
G050,G085,-7.858543e-05,-1
G001,G067,-7.8625875e-05,-1
G014,G085,-7.8639794e-05,-1
G043,G006,-7.865099e-05,-1
G081,G011,-7.8663004e-05,-1
G063,G096,-7.8670295e-05,-1
G099,G022,-7.869755e-05,-1
G001,G015,-7.8728895e-05,-1
G014,G019,-7.877288e-05,-1
G091,G075,-7.880578e-05,-1
G033,G041,-7.881546e-05,-1
G061,G076,-7.8845944e-05,-1
G091,G055,-7.890201e-05,-1
G004,G063,-7.892123e-05,-1
G075,G090,-7.901745e-05,-1
G056,G086,-7.907444e-05,-1
G053,G089,-7.9082594e-05,-1
G078,G076,-7.908934e-05,-1
G096,G001,-7.9096775e-05,-1
G089,G028,-7.911184e-05,-1
G067,G020,-7.911531e-05,-1
G055,G022,-7.918654e-05,-1
G087,G091,-7.9330865e-05,-1
G047,G065,-7.938295e-05,-1
G004,G052,-7.941487e-05,-1
G002,G056,-7.945068e-05,-1
G095,G098,-7.957094e-05,-1
G035,G076,-7.961757e-05,-1
G033,G090,-7.967633e-05,-1
G038,G032,-7.970996e-05,-1
G087,G071,-7.974585e-05,-1
G059,G058,-7.976878e-05,-1
G056,G098,-7.9824174e-05,-1
G092,G009,-7.9838544e-05,-1
G074,G082,-7.98789e-05,-1
G064,G075,-7.9970436e-05,-1
G050,G055,-7.997704e-05,-1
G021,G051,-8.008284e-05,-1
G094,G012,-8.0111175e-05,-1
G099,G067,-8.0195234e-05,-1
G041,G100,-8.020084e-05,-1
G075,G029,-8.020447e-05,-1
G026,G053,-8.022081e-05,-1
G084,G021,-8.0271595e-05,-1
G081,G025,-8.028136e-05,-1
G061,G067,-8.032644e-05,-1
G015,G019,-8.033633e-05,-1
G086,G089,-8.036069e-05,-1
G075,G058,-8.039414e-05,-1
G009,G012,-8.046936e-05,-1
G026,G058,-8.0489e-05,-1
G087,G084,-8.051238e-05,-1
G065,G073,-8.0590755e-05,-1
G067,G056,-8.060129e-05,-1
G059,G025,-8.073178e-05,-1
G012,G052,-8.073425e-05,-1
G094,G062,-8.079795e-05,-1
G064,G084,-8.082585e-05,-1
G046,G076,-8.091572e-05,-1
G047,G041,-8.104111e-05,-1
G022,G004,-8.108827e-05,-1
G098,G009,-8.112484e-05,-1
G012,G091,-8.116023e-05,-1
G012,G016,-8.122999e-05,-1
G084,G027,-8.125963e-05,-1
G068,G025,-8.128782e-05,-1
G078,G075,-8.129074e-05,-1
G018,G029,-8.1292186e-05,-1
G057,G011,-8.134932e-05,-1
G086,G094,-8.139556e-05,-1
G040,G099,-8.140398e-05,-1
G093,G072,-8.141666e-05,-1
G035,G016,-8.1464495e-05,-1
G074,G059,-8.152146e-05,-1
G069,G009,-8.153332e-05,-1
G097,G029,-8.154293e-05,-1
G037,G055,-8.1668426e-05,-1
G031,G010,-8.1690225e-05,-1
G086,G098,-8.1703205e-05,-1
G057,G021,-8.1706e-05,-1
G020,G037,-8.1714395e-05,-1
G058,G078,-8.175533e-05,-1
G067,G099,-8.175746e-05,-1
G041,G026,-8.184665e-05,-1
G091,G078,-8.1913255e-05,-1
G059,G028,-8.192069e-05,-1
G047,G057,-8.2062754e-05,-1
G086,G041,-8.212427e-05,-1
G084,G058,-8.2135826e-05,-1
G081,G096,-8.214619e-05,-1
G020,G054,-8.217198e-05,-1
G037,G041,-8.2189705e-05,-1
G098,G086,-8.221002e-05,-1
G072,G009,-8.228307e-05,-1
G062,G008,-8.232549e-05,-1
G076,G027,-8.244293e-05,-1
G015,G082,-8.251528e-05,-1
G039,G050,-8.2559374e-05,-1
G075,G095,-8.2632294e-05,-1
G059,G096,-8.266754e-05,-1
G052,G053,-8.269468e-05,-1
G080,G082,-8.271661e-05,-1
G088,G087,-8.276555e-05,-1
G093,G058,-8.279566e-05,-1
G047,G056,-8.286585e-05,-1
G061,G016,-8.286835e-05,-1
G089,G072,-8.287846e-05,-1
G029,G045,-8.2999395e-05,-1
G002,G068,-8.300813e-05,-1
G014,G034,-8.309552e-05,-1
G024,G001,-8.312136e-05,-1
G066,G082,-8.314816e-05,-1
G070,G051,-8.319363e-05,-1
G098,G010,-8.3258696e-05,-1
G067,G011,-8.331233e-05,-1
G090,G016,-8.335524e-05,-1
G041,G073,-8.341089e-05,-1
G056,G100,-8.343919e-05,-1
G041,G029,-8.344754e-05,-1
G040,G053,-8.347575e-05,-1
G057,G009,-8.3483246e-05,-1
G059,G064,-8.357741e-05,-1
G017,G035,-8.358855e-05,-1
G010,G055,-8.359252e-05,-1
G072,G053,-8.3623105e-05,-1
G041,G015,-8.3651496e-05,-1
G030,G076,-8.3736144e-05,-1
G039,G082,-8.373911e-05,-1
G098,G076,-8.379234e-05,-1
G046,G093,-8.384436e-05,-1
G042,G066,-8.38584e-05,-1
G012,G090,-8.3917366e-05,-1
G044,G090,-8.393067e-05,-1
G010,G040,-8.395814e-05,-1
G064,G019,-8.402706e-05,-1
G084,G100,-8.4072395e-05,-1
G004,G016,-8.409709e-05,-1
G012,G015,-8.414438e-05,-1
G027,G004,-8.4181396e-05,-1
G025,G038,-8.4214036e-05,-1
G097,G076,-8.423834e-05,-1
G042,G010,-8.4277206e-05,-1
G070,G049,-8.4289546e-05,-1
G066,G064,-8.4316176e-05,-1
G046,G011,-8.437094e-05,-1
G087,G007,-8.445239e-05,-1
G068,G021,-8.445997e-05,-1
G041,G076,-8.4518215e-05,-1
G097,G098,-8.4520165e-05,-1
G026,G092,-8.452855e-05,-1
G026,G028,-8.456078e-05,-1
G036,G039,-8.461081e-05,-1
G007,G064,-8.4612286e-05,-1
G055,G002,-8.4612366e-05,-1
G066,G078,-8.4658655e-05,-1
G073,G090,-8.46635e-05,-1
G068,G074,-8.468677e-05,-1
G084,G075,-8.4708394e-05,-1
G057,G027,-8.471754e-05,-1
G076,G084,-8.476324e-05,-1
G018,G002,-8.479048e-05,-1
G062,G009,-8.484807e-05,-1
G081,G086,-8.488798e-05,-1
G019,G057,-8.5043386e-05,-1
G080,G070,-8.507895e-05,-1
G080,G014,-8.50915e-05,-1
G039,G002,-8.511433e-05,-1
G044,G025,-8.521548e-05,-1
G072,G087,-8.5445434e-05,-1
G055,G021,-8.5467305e-05,-1
G036,G012,-8.548359e-05,-1
G087,G028,-8.553648e-05,-1
G034,G089,-8.554136e-05,-1
G051,G028,-8.558257e-05,-1
G081,G053,-8.559427e-05,-1
G002,G047,-8.561505e-05,-1
G014,G009,-8.56279e-05,-1
G084,G076,-8.566104e-05,-1
G096,G026,-8.570392e-05,-1
G018,G055,-8.5746746e-05,-1
G009,G079,-8.578325e-05,-1
G006,G047,-8.5820335e-05,-1
G053,G007,-8.594745e-05,-1
G055,G093,-8.608646e-05,-1
G080,G007,-8.6089596e-05,-1
G037,G094,-8.61047e-05,-1
G079,G020,-8.6105894e-05,-1
G086,G049,-8.6134656e-05,-1
G076,G059,-8.621565e-05,-1
G034,G016,-8.622765e-05,-1
G093,G055,-8.623465e-05,-1
G062,G093,-8.644243e-05,-1
G007,G025,-8.644583e-05,-1
G033,G071,-8.645309e-05,-1
G077,G086,-8.649959e-05,-1
G065,G019,-8.6518994e-05,-1
G015,G074,-8.652608e-05,-1
G050,G087,-8.652715e-05,-1
G010,G067,-8.6570806e-05,-1
G078,G058,-8.6629145e-05,-1
G047,G086,-8.669164e-05,-1
G047,G098,-8.677013e-05,-1
G033,G002,-8.680657e-05,-1
G008,G082,-8.683096e-05,-1
G095,G052,-8.6848355e-05,-1
G034,G043,-8.6917666e-05,-1
G071,G051,-8.6939865e-05,-1
G046,G025,-8.699223e-05,-1
G051,G059,-8.702473e-05,-1
G021,G034,-8.705022e-05,-1
G018,G022,-8.705347e-05,-1
G071,G089,-8.706401e-05,-1
G056,G016,-8.708068e-05,-1
G021,G004,-8.7082306e-05,-1
G043,G049,-8.710417e-05,-1
G015,G038,-8.716761e-05,-1
G004,G072,-8.719702e-05,-1
G025,G027,-8.722977e-05,-1
G080,G010,-8.7265995e-05,-1
G063,G068,-8.726643e-05,-1
G100,G042,-8.728436e-05,-1
G075,G017,-8.731723e-05,-1
G017,G003,-8.732889e-05,-1
G057,G034,-8.7338405e-05,-1
G007,G086,-8.7397406e-05,-1
G020,G023,-8.741239e-05,-1
G054,G021,-8.74603e-05,-1
G056,G025,-8.746696e-05,-1
G020,G068,-8.748735e-05,-1
G012,G093,-8.751026e-05,-1
G092,G016,-8.751776e-05,-1
G009,G034,-8.752876e-05,-1
G055,G082,-8.755364e-05,-1
G001,G063,-8.756563e-05,-1
G064,G001,-8.7567656e-05,-1
G022,G034,-8.7601235e-05,-1
G009,G019,-8.7610424e-05,-1
G097,G091,-8.765438e-05,-1
G089,G064,-8.7728484e-05,-1
G066,G015,-8.779252e-05,-1
G025,G002,-8.781095e-05,-1
G072,G004,-8.7820445e-05,-1
G041,G059,-8.784404e-05,-1
G062,G096,-8.7870474e-05,-1
G064,G098,-8.788524e-05,-1
G012,G001,-8.7918925e-05,-1
G025,G071,-8.7922235e-05,-1
G029,G016,-8.792371e-05,-1
G081,G072,-8.796746e-05,-1
G094,G057,-8.797686e-05,-1
G095,G068,-8.8055254e-05,-1
G080,G084,-8.808539e-05,-1
G062,G089,-8.8120374e-05,-1
G086,G022,-8.81482e-05,-1
G062,G071,-8.820714e-05,-1
G020,G064,-8.824004e-05,-1
G018,G056,-8.824655e-05,-1
G038,G002,-8.832914e-05,-1
G091,G082,-8.834144e-05,-1
G075,G089,-8.8428016e-05,-1
G044,G011,-8.847996e-05,-1
G095,G094,-8.8520435e-05,-1
G095,G091,-8.864357e-05,-1
G070,G026,-8.86461e-05,-1
G066,G056,-8.864756e-05,-1
G074,G048,-8.866068e-05,-1
G080,G090,-8.866304e-05,-1
G036,G097,-8.866837e-05,-1
G021,G094,-8.8690475e-05,-1
G098,G055,-8.8700486e-05,-1
G035,G017,-8.876152e-05,-1
G004,G058,-8.8764595e-05,-1
G018,G009,-8.877248e-05,-1
G022,G002,-8.885702e-05,-1
G009,G002,-8.89016e-05,-1
G016,G042,-8.892049e-05,-1
G089,G006,-8.892388e-05,-1
G025,G057,-8.8927496e-05,-1
G087,G090,-8.894519e-05,-1
G075,G087,-8.9039015e-05,-1
G035,G025,-8.90472e-05,-1
G100,G012,-8.9056106e-05,-1
G017,G075,-8.911555e-05,-1
G031,G087,-8.91176e-05,-1
G057,G001,-8.915067e-05,-1
G069,G089,-8.921122e-05,-1
G095,G022,-8.923061e-05,-1
G062,G084,-8.92392e-05,-1
G006,G069,-8.9334775e-05,-1
G089,G046,-8.938093e-05,-1
G054,G079,-8.942071e-05,-1
G047,G071,-8.965828e-05,-1
G058,G095,-8.966306e-05,-1
G009,G041,-8.966373e-05,-1
G065,G058,-8.9726076e-05,-1
G089,G041,-8.973182e-05,-1
G025,G056,-8.973836e-05,-1
G046,G009,-8.979276e-05,-1
G035,G031,-8.981548e-05,-1
G037,G076,-8.984498e-05,-1
G027,G058,-8.990712e-05,-1
G081,G090,-8.99157e-05,-1
G059,G075,-8.99415e-05,-1
G074,G016,-9.000052e-05,-1
G039,G089,-9.002499e-05,-1
G019,G096,-9.002765e-05,-1
G089,G027,-9.007244e-05,-1
G089,G042,-9.01079e-05,-1
G025,G096,-9.0112735e-05,-1
G096,G059,-9.017767e-05,-1
G089,G052,-9.0182824e-05,-1
G007,G010,-9.018368e-05,-1
G049,G094,-9.0274596e-05,-1
G037,G019,-9.029487e-05,-1
G001,G082,-9.04279e-05,-1
G050,G078,-9.047373e-05,-1
G026,G082,-9.053009e-05,-1
G041,G001,-9.0537746e-05,-1
G001,G089,-9.053976e-05,-1
G027,G075,-9.057103e-05,-1
G027,G071,-9.0651025e-05,-1
G037,G093,-9.067689e-05,-1
G071,G042,-9.0683454e-05,-1
G098,G007,-9.070723e-05,-1
G019,G027,-9.071556e-05,-1
G041,G084,-9.074517e-05,-1
G093,G042,-9.07723e-05,-1
G029,G019,-9.0845824e-05,-1
G022,G098,-9.085924e-05,-1
G076,G098,-9.0860776e-05,-1
G080,G039,-9.086422e-05,-1
G088,G074,-9.0871144e-05,-1
G033,G067,-9.0876856e-05,-1
G094,G048,-9.090138e-05,-1
G034,G058,-9.09905e-05,-1
G092,G087,-9.103189e-05,-1
G027,G064,-9.1037946e-05,-1
G086,G096,-9.105714e-05,-1
G088,G093,-9.1058966e-05,-1
G062,G076,-9.106575e-05,-1
G030,G042,-9.1073e-05,-1
G099,G015,-9.115337e-05,-1
G007,G061,-9.1158516e-05,-1
G074,G087,-9.116832e-05,-1
G075,G074,-9.118038e-05,-1
G092,G038,-9.118726e-05,-1
G031,G004,-9.119531e-05,-1
G080,G089,-9.1203765e-05,-1
G095,G027,-9.120783e-05,-1
G035,G086,-9.1213675e-05,-1
G067,G088,-9.125226e-05,-1
G056,G068,-9.138162e-05,-1
G012,G049,-9.140507e-05,-1
G059,G053,-9.1413975e-05,-1
G074,G056,-9.144407e-05,-1
G070,G050,-9.147847e-05,-1
G015,G075,-9.14811e-05,-1
G064,G096,-9.148681e-05,-1
G093,G015,-9.150621e-05,-1
G074,G084,-9.150862e-05,-1
G094,G055,-9.164778e-05,-1
G075,G055,-9.165652e-05,-1
G014,G048,-9.167724e-05,-1
G047,G064,-9.169334e-05,-1
G064,G014,-9.1698195e-05,-1
G022,G025,-9.170696e-05,-1
G040,G004,-9.174909e-05,-1
G051,G043,-9.182177e-05,-1
G007,G016,-9.1915004e-05,-1
G068,G017,-9.191521e-05,-1
G022,G092,-9.1925634e-05,-1
G065,G055,-9.19383e-05,-1
G091,G068,-9.195088e-05,-1
G087,G082,-9.198427e-05,-1
G088,G009,-9.200347e-05,-1
G096,G074,-9.2115864e-05,-1
G009,G007,-9.2175775e-05,-1
G039,G076,-9.2195485e-05,-1
G090,G027,-9.221851e-05,-1
G018,G084,-9.222597e-05,-1
G041,G049,-9.224739e-05,-1
G021,G082,-9.2346e-05,-1
G031,G074,-9.2426766e-05,-1
G089,G034,-9.249416e-05,-1
G034,G071,-9.252329e-05,-1
G031,G061,-9.258931e-05,-1
G069,G068,-9.2645954e-05,-1
G062,G082,-9.271666e-05,-1
G064,G041,-9.2744674e-05,-1
G090,G094,-9.2746144e-05,-1
G037,G096,-9.2847025e-05,-1
G033,G074,-9.2895236e-05,-1
G076,G049,-9.30274e-05,-1
G012,G027,-9.303525e-05,-1
G088,G038,-9.303691e-05,-1
G037,G068,-9.30392e-05,-1
G058,G068,-9.307751e-05,-1
G039,G007,-9.311343e-05,-1
G094,G067,-9.311353e-05,-1
G088,G091,-9.3120434e-05,-1
G068,G041,-9.3144095e-05,-1
G011,G096,-9.3154806e-05,-1
G011,G004,-9.3336814e-05,-1
G095,G087,-9.337473e-05,-1
G075,G022,-9.339542e-05,-1
G007,G004,-9.3405266e-05,-1
G015,G027,-9.349736e-05,-1
G061,G093,-9.3660536e-05,-1
G051,G089,-9.373905e-05,-1
G086,G064,-9.384464e-05,-1
G099,G007,-9.387203e-05,-1
G100,G044,-9.3893184e-05,-1
G051,G017,-9.395101e-05,-1
G064,G082,-9.395132e-05,-1
G088,G047,-9.395849e-05,-1
G037,G064,-9.39743e-05,-1
G093,G047,-9.403095e-05,-1
G006,G061,-9.414707e-05,-1
G026,G091,-9.417789e-05,-1
G002,G072,-9.417796e-05,-1
G075,G094,-9.426433e-05,-1
G036,G088,-9.427359e-05,-1
G007,G082,-9.453206e-05,-1
G088,G068,-9.4543866e-05,-1
G066,G098,-9.456944e-05,-1
G026,G002,-9.458552e-05,-1
G072,G026,-9.460749e-05,-1
G042,G065,-9.466573e-05,-1
G080,G012,-9.472127e-05,-1
G016,G078,-9.476396e-05,-1
G006,G030,-9.4793766e-05,-1
G068,G022,-9.481038e-05,-1
G012,G087,-9.4837495e-05,-1
G074,G068,-9.4864896e-05,-1
G004,G027,-9.492174e-05,-1
G063,G057,-9.4997646e-05,-1
G047,G084,-9.509666e-05,-1
G071,G011,-9.5210184e-05,-1
G001,G025,-9.5226846e-05,-1
G037,G057,-9.5294425e-05,-1
G088,G096,-9.5297786e-05,-1
G077,G028,-9.530589e-05,-1
G062,G033,-9.54005e-05,-1
G077,G091,-9.541258e-05,-1
G072,G068,-9.5416704e-05,-1
G022,G089,-9.544079e-05,-1
G039,G026,-9.5455434e-05,-1
G062,G074,-9.546336e-05,-1
G051,G015,-9.550019e-05,-1
G052,G075,-9.551869e-05,-1
G027,G014,-9.556205e-05,-1
G093,G080,-9.558187e-05,-1
G037,G061,-9.5602474e-05,-1
G051,G084,-9.5623895e-05,-1
G057,G010,-9.563748e-05,-1
G011,G070,-9.569685e-05,-1
G096,G082,-9.569865e-05,-1
G035,G010,-9.5712065e-05,-1
G002,G015,-9.571724e-05,-1
G040,G086,-9.5814146e-05,-1
G072,G075,-9.581584e-05,-1
G088,G015,-9.588904e-05,-1
G051,G086,-9.601619e-05,-1
G065,G056,-9.621213e-05,-1
G018,G092,-9.6215124e-05,-1
G033,G011,-9.623559e-05,-1
G073,G019,-9.626051e-05,-1
G099,G054,-9.62997e-05,-1
G091,G079,-9.632147e-05,-1
G009,G017,-9.6334144e-05,-1
G055,G019,-9.6406286e-05,-1
G025,G075,-9.649064e-05,-1
G086,G068,-9.650628e-05,-1
G026,G042,-9.651311e-05,-1
G081,G047,-9.656976e-05,-1
G084,G085,-9.657925e-05,-1
G018,G036,-9.659279e-05,-1
G073,G001,-9.659578e-05,-1
G055,G042,-9.66414e-05,-1
G081,G100,-9.667635e-05,-1
G066,G029,-9.6679076e-05,-1
G010,G078,-9.66889e-05,-1
G021,G087,-9.678721e-05,-1
G063,G021,-9.681752e-05,-1
G064,G015,-9.686454e-05,-1
G019,G055,-9.68948e-05,-1
G044,G071,-9.692451e-05,-1
G078,G074,-9.697738e-05,-1
G007,G038,-9.698201e-05,-1
G037,G049,-9.699153e-05,-1
G047,G072,-9.700762e-05,-1
G091,G022,-9.706433e-05,-1
G015,G094,-9.710507e-05,-1
G014,G025,-9.715096e-05,-1
G056,G087,-9.716391e-05,-1
G084,G068,-9.717882e-05,-1
G029,G055,-9.722401e-05,-1
G017,G087,-9.725618e-05,-1
G072,G064,-9.74074e-05,-1
G044,G050,-9.755687e-05,-1
G007,G063,-9.7558936e-05,-1
G017,G074,-9.756103e-05,-1
G026,G036,-9.76234e-05,-1
G037,G025,-9.765035e-05,-1
G096,G068,-9.77193e-05,-1
G058,G019,-9.777813e-05,-1
G060,G068,-9.780263e-05,-1
G084,G086,-9.781101e-05,-1
G029,G036,-9.781928e-05,-1
G066,G025,-9.784324e-05,-1
G024,G074,-9.790522e-05,-1
G098,G025,-9.795634e-05,-1
G086,G034,-9.7974276e-05,-1
G100,G055,-9.803781e-05,-1
G088,G058,-9.814607e-05,-1
G027,G001,-9.820264e-05,-1
G006,G075,-9.8203185e-05,-1
G037,G028,-9.822901e-05,-1
G078,G067,-9.842297e-05,-1
G064,G034,-9.844279e-05,-1
G068,G058,-9.8511904e-05,-1
G007,G032,-9.853594e-05,-1
G054,G022,-9.854607e-05,-1
G088,G027,-9.8561715e-05,-1
G037,G084,-9.8622106e-05,-1
G092,G036,-9.864925e-05,-1
G037,G059,-9.8651064e-05,-1
G043,G095,-9.8673896e-05,-1
G098,G100,-9.86744e-05,-1
G049,G051,-9.873855e-05,-1
G080,G088,-9.874171e-05,-1
G011,G015,-9.879735e-05,-1
G021,G012,-9.8835124e-05,-1
G079,G024,-9.8837125e-05,-1
G097,G021,-9.897298e-05,-1
G070,G092,-9.901034e-05,-1
G044,G040,-9.905975e-05,-1
G092,G034,-9.910244e-05,-1
G029,G038,-9.911983e-05,-1
G030,G074,-9.9135024e-05,-1
G031,G058,-9.9175515e-05,-1
G058,G055,-9.924765e-05,-1
G091,G093,-9.9248515e-05,-1
G058,G074,-9.9250785e-05,-1
G035,G093,-9.928672e-05,-1
G081,G042,-9.9313e-05,-1
G095,G064,-9.938193e-05,-1
G043,G023,-9.944672e-05,-1
G014,G038,-9.9514655e-05,-1
G051,G058,-9.952564e-05,-1
G007,G059,-9.955485e-05,-1
G004,G019,-9.9567966e-05,-1
G062,G051,-9.957067e-05,-1
G019,G092,-9.9606434e-05,-1
G017,G013,-9.963478e-05,-1
G061,G027,-9.9712146e-05,-1
G077,G004,-9.971299e-05,-1
G070,G093,-9.972656e-05,-1
G097,G034,-9.985097e-05,-1
G047,G001,-9.987402e-05,-1
G070,G099,-9.989811e-05,-1
G049,G036,-9.98994e-05,-1
G095,G021,-9.9999226e-05,-1
G002,G010,-0.00010001222,-1
G037,G017,-0.00010003609,-1
G063,G076,-0.000100047364,-1
G087,G089,-0.000100062425,-1
G093,G027,-0.00010016153,-1
G057,G072,-0.0001001878,-1
G060,G016,-0.00010018923,-1
G075,G048,-0.000100210586,-1
G096,G058,-0.00010026604,-1
G050,G084,-0.0001003713,-1
G090,G093,-0.00010038018,-1
G077,G089,-0.00010040913,-1
G052,G059,-0.000100445846,-1
G068,G095,-0.00010049823,-1
G051,G094,-0.00010051812,-1
G072,G019,-0.000100544254,-1
G059,G095,-0.00010059087,-1
G096,G007,-0.00010067209,-1
G055,G087,-0.00010067306,-1
G084,G079,-0.000100718964,-1
G060,G027,-0.00010073096,-1
G022,G068,-0.0001007713,-1
G027,G022,-0.00010084585,-1
G020,G087,-0.000100924444,-1
G078,G098,-0.00010105933,-1
G089,G014,-0.00010115083,-1
G019,G048,-0.00010115755,-1
G078,G042,-0.000101173384,-1
G087,G034,-0.00010122098,-1
G063,G034,-0.00010128175,-1
G006,G029,-0.00010130226,-1
G026,G084,-0.0001013266,-1
G100,G045,-0.00010134748,-1
G051,G064,-0.000101387144,-1
G050,G028,-0.000101400154,-1
G001,G071,-0.00010146028,-1
G050,G098,-0.00010149722,-1
G050,G072,-0.00010151531,-1
G070,G091,-0.00010151899,-1
G068,G098,-0.00010152135,-1
G071,G036,-0.00010153205,-1
G057,G059,-0.0001015406,-1
G047,G027,-0.00010159191,-1
G042,G036,-0.000101628604,-1
G090,G002,-0.00010163506,-1
G038,G078,-0.00010165276,-1
G012,G019,-0.00010168676,-1
G050,G074,-0.00010168696,-1
G055,G051,-0.000101696256,-1
G056,G015,-0.000101799786,-1
G007,G019,-0.00010187916,-1
G039,G015,-0.000101902435,-1
G077,G024,-0.00010193086,-1
G039,G027,-0.00010201534,-1
G088,G059,-0.00010207164,-1
G059,G015,-0.00010212825,-1
G046,G001,-0.00010222395,-1
G064,G087,-0.0001022755,-1
G099,G076,-0.00010230056,-1
G058,G041,-0.00010232463,-1
G062,G052,-0.0001023488,-1
G023,G099,-0.000102365484,-1
G100,G026,-0.0001024043,-1
G058,G072,-0.00010241516,-1
G073,G078,-0.0001024801,-1
G039,G084,-0.0001025113,-1
G052,G086,-0.00010254883,-1
G085,G015,-0.00010256565,-1
G050,G059,-0.000102639344,-1
G046,G068,-0.000102662096,-1
G005,G051,-0.00010267999,-1
G090,G015,-0.00010270281,-1
G051,G060,-0.00010278012,-1
G051,G072,-0.00010279961,-1
G031,G092,-0.000102858336,-1
G027,G059,-0.00010294602,-1
G054,G089,-0.00010296255,-1
G015,G089,-0.00010303733,-1
G087,G096,-0.000103040744,-1
G069,G058,-0.000103058126,-1
G066,G089,-0.00010312117,-1
G078,G064,-0.00010314095,-1
G036,G016,-0.00010314235,-1
G001,G014,-0.000103181774,-1
G084,G094,-0.000103191756,-1
G094,G007,-0.00010323326,-1
G100,G049,-0.00010325739,-1
G017,G029,-0.00010326197,-1
G071,G054,-0.00010329588,-1
G038,G005,-0.00010330524,-1
G092,G028,-0.000103335,-1
G100,G007,-0.00010337016,-1
G024,G091,-0.00010339547,-1
G025,G013,-0.00010343152,-1
G007,G096,-0.000103564846,-1
G006,G025,-0.00010357715,-1
G005,G052,-0.00010360581,-1
G002,G078,-0.0001036167,-1
G089,G007,-0.00010363588,-1
G081,G055,-0.00010366977,-1
G054,G058,-0.000103671264,-1
G064,G095,-0.000103691214,-1
G066,G072,-0.00010374549,-1
G005,G084,-0.000103803955,-1
G091,G038,-0.00010383747,-1
G053,G095,-0.000103879676,-1
G057,G095,-0.0001038974,-1
G098,G064,-0.00010403979,-1
G095,G014,-0.00010417784,-1
G070,G025,-0.00010418609,-1
G053,G087,-0.000104212806,-1
G002,G064,-0.000104216844,-1
G029,G017,-0.00010424067,-1
G006,G058,-0.00010457573,-1
G073,G056,-0.00010461171,-1
G040,G076,-0.00010463779,-1
G054,G034,-0.00010463958,-1
G070,G052,-0.00010465819,-1
G012,G096,-0.0001046869,-1
G033,G066,-0.00010472455,-1
G083,G047,-0.000104863255,-1
G004,G075,-0.00010492038,-1
G040,G016,-0.000104926155,-1
G080,G059,-0.00010496232,-1
G024,G098,-0.000104984036,-1
G081,G023,-0.00010499257,-1
G002,G091,-0.00010499996,-1
G014,G047,-0.000105093764,-1
G079,G059,-0.00010515402,-1
G053,G075,-0.00010531144,-1
G064,G016,-0.00010535084,-1
G066,G054,-0.00010535885,-1
G081,G063,-0.00010541215,-1
G030,G100,-0.00010541264,-1
G026,G025,-0.000105464474,-1
G084,G096,-0.000105578096,-1
G096,G034,-0.00010572416,-1
G062,G027,-0.00010581968,-1
G033,G075,-0.00010585411,-1
G065,G015,-0.00010585608,-1
G040,G052,-0.00010591082,-1
G052,G007,-0.000105917,-1
G056,G038,-0.0001059828,-1
G100,G038,-0.00010598927,-1
G012,G022,-0.00010601698,-1
G058,G098,-0.00010612778,-1
G095,G047,-0.00010616049,-1
G040,G036,-0.000106219166,-1
G037,G036,-0.00010628619,-1
G047,G025,-0.00010633948,-1
G034,G052,-0.00010640568,-1
G058,G093,-0.00010644356,-1
G092,G041,-0.0001065011,-1
G062,G075,-0.000106518346,-1
G067,G014,-0.000106528314,-1
G036,G034,-0.000106588835,-1
G034,G002,-0.00010659253,-1
G040,G023,-0.00010660443,-1
G050,G025,-0.0001066701,-1
G033,G023,-0.000106677435,-1
G011,G086,-0.00010671417,-1
G056,G021,-0.000106716274,-1
G092,G015,-0.0001067381,-1
G007,G042,-0.00010675023,-1
G096,G093,-0.000106753425,-1
G077,G064,-0.000106755484,-1
G092,G096,-0.000106757245,-1
G098,G087,-0.00010684211,-1
G029,G098,-0.00010690075,-1
G097,G014,-0.00010694405,-1
G012,G034,-0.00010695875,-1
G063,G015,-0.000107198175,-1
G073,G020,-0.00010720499,-1
G100,G046,-0.00010720926,-1
G039,G042,-0.00010726354,-1
G036,G075,-0.000107264306,-1
G084,G047,-0.00010728464,-1
G071,G082,-0.00010741251,-1
G095,G028,-0.00010741541,-1
G037,G050,-0.00010741912,-1
G057,G058,-0.00010743018,-1
G096,G064,-0.00010744689,-1
G034,G027,-0.00010748529,-1
G097,G071,-0.00010755322,-1
G061,G100,-0.00010765752,-1
G005,G053,-0.00010772588,-1
G006,G098,-0.00010775274,-1
G064,G059,-0.00010775372,-1
G047,G087,-0.00010784427,-1
G011,G022,-0.00010784878,-1
G039,G100,-0.00010786047,-1
G087,G021,-0.000107911466,-1
G078,G045,-0.00010793378,-1
G089,G093,-0.000108094755,-1
G039,G057,-0.0001081847,-1
G066,G065,-0.000108207074,-1
G061,G028,-0.00010825701,-1
G010,G036,-0.00010826047,-1
G016,G025,-0.00010828335,-1
G067,G051,-0.00010838748,-1
G077,G016,-0.00010840871,-1
G017,G009,-0.000108426655,-1
G072,G091,-0.00010842912,-1
G097,G089,-0.00010844646,-1
G037,G009,-0.000108505934,-1
G084,G034,-0.00010858,-1
G005,G070,-0.00010858003,-1
G014,G093,-0.0001085829,-1
G059,G072,-0.00010861839,-1
G058,G027,-0.00010867002,-1
G048,G042,-0.0001087679,-1
G088,G092,-0.0001087802,-1
G076,G047,-0.00010879907,-1
G037,G052,-0.000108879365,-1
G061,G059,-0.00010893973,-1
G074,G038,-0.00010894358,-1
G027,G047,-0.00010894949,-1
G051,G054,-0.0001090716,-1
G037,G056,-0.00010907964,-1
G039,G075,-0.00010914086,-1
G004,G087,-0.000109144836,-1
G053,G091,-0.00010915858,-1
G004,G001,-0.00010921354,-1
G044,G026,-0.0001093271,-1
G097,G058,-0.00010945917,-1
G051,G041,-0.00010953427,-1
G079,G088,-0.000109612345,-1
G075,G001,-0.000109694374,-1
G019,G059,-0.00010973774,-1
G041,G021,-0.00010974593,-1
G066,G058,-0.00010977264,-1
G002,G041,-0.00010984657,-1
G090,G058,-0.00010996645,-1
G001,G036,-0.0001100039,-1
G090,G007,-0.000110035784,-1
G015,G100,-0.00011004148,-1
G075,G076,-0.000110091554,-1
G030,G038,-0.000110128334,-1
G081,G052,-0.00011013175,-1
G063,G093,-0.0001102175,-1
G005,G074,-0.000110258174,-1
G024,G096,-0.00011028545,-1
G066,G071,-0.000110285895,-1
G076,G058,-0.00011030222,-1
G099,G074,-0.000110360554,-1
G025,G041,-0.00011042159,-1
G087,G013,-0.00011045026,-1
G050,G100,-0.00011046267,-1
G078,G095,-0.00011053095,-1
G061,G022,-0.00011068798,-1
G038,G081,-0.00011068934,-1
G058,G079,-0.00011071114,-1
G060,G022,-0.00011073052,-1
G081,G089,-0.00011075205,-1
G068,G014,-0.00011077028,-1
G084,G007,-0.00011078548,-1
G065,G087,-0.00011097046,-1
G005,G039,-0.00011110046,-1
G080,G086,-0.000111115995,-1
G010,G027,-0.00011116202,-1
G014,G087,-0.000111170106,-1
G087,G016,-0.000111194466,-1
G019,G041,-0.000111241905,-1
G017,G089,-0.00011124369,-1
G055,G095,-0.00011127547,-1
G069,G001,-0.00011142683,-1
G027,G034,-0.00011163806,-1
G029,G095,-0.000111641966,-1
G076,G052,-0.000111706715,-1
G069,G052,-0.000111722635,-1
G061,G086,-0.000111729685,-1
G095,G079,-0.00011178986,-1
G084,G071,-0.00011179987,-1
G081,G058,-0.00011183589,-1
G087,G017,-0.00011189777,-1
G041,G055,-0.000111936584,-1
G079,G022,-0.0001119879,-1
G056,G075,-0.00011206964,-1
G047,G095,-0.000112073845,-1
G044,G010,-0.00011209122,-1
G040,G048,-0.0001121185,-1
G051,G087,-0.0001121256,-1
G065,G010,-0.00011229468,-1
G031,G068,-0.000112310794,-1
G002,G095,-0.0001123171,-1
G088,G025,-0.000112326095,-1
G016,G092,-0.0001123688,-1
G077,G075,-0.000112475755,-1
G094,G049,-0.000112488284,-1
G063,G075,-0.00011252875,-1
G030,G084,-0.000112573456,-1
G010,G089,-0.000112581874,-1
G044,G009,-0.000112601505,-1
G061,G084,-0.00011260996,-1
G027,G087,-0.00011265079,-1
G041,G064,-0.000112657326,-1
G027,G028,-0.000112698144,-1
G002,G023,-0.00011273934,-1
G004,G089,-0.00011279433,-1
G071,G026,-0.00011283558,-1
G031,G019,-0.000112857095,-1
G001,G049,-0.000112896254,-1
G018,G015,-0.000112907,-1
G010,G092,-0.000112923975,-1
G055,G014,-0.00011294219,-1
G056,G027,-0.000112989495,-1
G004,G056,-0.000112993905,-1
G058,G022,-0.00011299581,-1
G029,G075,-0.00011301301,-1
G020,G029,-0.00011308984,-1
G014,G092,-0.0001130924,-1
G073,G038,-0.00011314786,-1
G093,G087,-0.00011323524,-1
G094,G053,-0.0001132416,-1
G007,G076,-0.000113253525,-1
G001,G091,-0.00011326184,-1
G004,G007,-0.00011338768,-1
G022,G100,-0.00011350235,-1
G076,G078,-0.000113573806,-1
G097,G100,-0.000113799746,-1
G061,G048,-0.00011383555,-1
G057,G068,-0.00011389829,-1
G030,G007,-0.00011395115,-1
G069,G091,-0.0001139551,-1
G012,G086,-0.000113997325,-1
G024,G012,-0.00011414322,-1
G087,G055,-0.00011419004,-1
G052,G021,-0.00011431716,-1
G070,G056,-0.00011433371,-1
G076,G054,-0.000114348295,-1
G081,G082,-0.00011436715,-1
G040,G056,-0.00011450265,-1
G076,G093,-0.0001146191,-1
G053,G025,-0.00011471508,-1
G072,G002,-0.00011472083,-1
G098,G068,-0.00011472729,-1
G025,G034,-0.00011474127,-1
G036,G100,-0.000114761686,-1
G075,G084,-0.0001147697,-1
G001,G013,-0.0001147828,-1
G084,G078,-0.00011484656,-1
G033,G006,-0.00011489256,-1
G020,G007,-0.000114904564,-1
G097,G022,-0.00011493398,-1
G024,G095,-0.00011493652,-1
G001,G034,-0.00011497281,-1
G074,G095,-0.00011498317,-1
G039,G001,-0.00011501246,-1
G061,G015,-0.000115130635,-1
G010,G041,-0.00011516656,-1
G037,G035,-0.00011518035,-1
G037,G090,-0.000115192925,-1
G056,G007,-0.00011520248,-1
G080,G002,-0.00011522283,-1
G033,G091,-0.000115242634,-1
G061,G002,-0.00011525968,-1
G098,G079,-0.00011533333,-1
G070,G001,-0.00011540482,-1
G075,G025,-0.0001155189,-1
G088,G004,-0.00011553043,-1
G078,G092,-0.00011554139,-1
G077,G095,-0.00011557314,-1
G050,G052,-0.00011561468,-1
G053,G055,-0.00011561536,-1
G084,G074,-0.00011564581,-1
G060,G002,-0.000115650786,-1
G041,G091,-0.00011567764,-1
G034,G047,-0.00011570827,-1
G026,G059,-0.00011572517,-1
G050,G091,-0.0001157257,-1
G020,G042,-0.0001157422,-1
G018,G047,-0.00011588688,-1
G029,G004,-0.00011589174,-1
G068,G059,-0.00011589359,-1
G052,G087,-0.00011599974,-1
G007,G084,-0.00011607457,-1
G036,G072,-0.00011608649,-1
G040,G015,-0.0001160989,-1
G091,G017,-0.0001161859,-1
G005,G100,-0.000116197545,-1
G037,G058,-0.00011619789,-1
G006,G074,-0.00011620485,-1
G010,G070,-0.00011621138,-1
G011,G017,-0.00011622024,-1
G064,G038,-0.00011629109,-1
G054,G095,-0.00011629424,-1
G098,G038,-0.00011629779,-1
G026,G064,-0.00011636244,-1
G004,G014,-0.000116420524,-1
G068,G075,-0.00011645303,-1
G092,G080,-0.000116478004,-1
G070,G036,-0.00011654356,-1
G010,G022,-0.00011660579,-1
G054,G050,-0.000116611365,-1
G034,G075,-0.00011666966,-1
G073,G015,-0.00011669785,-1
G086,G055,-0.00011674104,-1
G034,G092,-0.00011676456,-1
G098,G006,-0.00011677554,-1
G079,G047,-0.000116813964,-1
G001,G095,-0.00011686468,-1
G057,G098,-0.0001168713,-1
G018,G087,-0.00011698082,-1
G065,G021,-0.000117125186,-1
G018,G027,-0.000117138654,-1
G087,G025,-0.00011714516,-1
G040,G010,-0.00011715249,-1
G074,G010,-0.000117168966,-1
G074,G098,-0.000117196156,-1
G078,G016,-0.000117269985,-1
G076,G021,-0.000117383934,-1
G033,G017,-0.000117449235,-1
G099,G014,-0.000117451076,-1
G089,G009,-0.000117541946,-1
G041,G004,-0.00011755341,-1
G090,G023,-0.000117571515,-1
G052,G093,-0.00011762953,-1
G050,G094,-0.00011764669,-1
G052,G017,-0.00011765555,-1
G007,G058,-0.000117711075,-1
G037,G015,-0.000117795535,-1
G011,G075,-0.00011787547,-1
G055,G025,-0.000117895535,-1
G078,G015,-0.00011793035,-1
G042,G008,-0.00011795231,-1
G037,G091,-0.000117968564,-1
G018,G028,-0.00011801215,-1
G089,G075,-0.000118034375,-1
G024,G019,-0.00011807579,-1
G002,G093,-0.000118137556,-1
G031,G059,-0.000118196396,-1
G097,G055,-0.00011820166,-1
G007,G067,-0.00011820643,-1
G077,G002,-0.00011823274,-1
G038,G006,-0.000118311786,-1
G096,G019,-0.000118319935,-1
G001,G021,-0.000118345924,-1
G060,G038,-0.00011839075,-1
G070,G038,-0.00011845262,-1
G019,G006,-0.0001184811,-1
G054,G072,-0.00011849794,-1
G049,G033,-0.00011852102,-1
G018,G016,-0.000118625765,-1
G043,G032,-0.00011863008,-1
G081,G094,-0.00011865819,-1
G084,G014,-0.00011865856,-1
G080,G071,-0.00011865861,-1
G066,G052,-0.000118705444,-1
G001,G027,-0.00011878157,-1
G009,G095,-0.00011883409,-1
G024,G047,-0.00011884642,-1
G009,G015,-0.00011894369,-1
G042,G067,-0.00011907099,-1
G027,G074,-0.0001191558,-1
G098,G058,-0.00011919968,-1
G077,G020,-0.000119232056,-1
G036,G068,-0.00011939243,-1
G063,G016,-0.00011940232,-1
G094,G056,-0.00011957536,-1
G090,G074,-0.000119576485,-1
G026,G038,-0.000119634504,-1
G052,G015,-0.00011965516,-1
G033,G095,-0.00011966394,-1
G066,G068,-0.0001196809,-1
G011,G071,-0.000119687444,-1
G075,G041,-0.000119810706,-1
G042,G012,-0.00011987047,-1
G001,G041,-0.00011990963,-1
G090,G068,-0.00012003653,-1
G040,G042,-0.00012005399,-1
G055,G013,-0.000120069366,-1
G087,G092,-0.00012007499,-1
G098,G015,-0.000120100165,-1
G009,G047,-0.00012011669,-1
G090,G064,-0.00012029741,-1
G084,G017,-0.00012032122,-1
G002,G025,-0.00012034741,-1
G074,G027,-0.00012035935,-1
G066,G075,-0.00012041113,-1
G068,G055,-0.00012043456,-1
G027,G007,-0.00012043601,-1
G061,G075,-0.00012058801,-1
G093,G028,-0.000120726974,-1
G097,G041,-0.00012073052,-1
G066,G092,-0.000120814235,-1
G073,G004,-0.00012082289,-1
G080,G029,-0.000120904886,-1
G088,G001,-0.00012094863,-1
G023,G014,-0.00012099256,-1
G027,G068,-0.00012100153,-1
G054,G096,-0.00012114458,-1
G001,G007,-0.000121215984,-1
G069,G017,-0.00012123242,-1
G090,G072,-0.0001212465,-1
G080,G041,-0.00012125042,-1
G080,G011,-0.00012127186,-1
G039,G068,-0.000121310295,-1
G084,G001,-0.000121441546,-1
G097,G082,-0.00012150108,-1
G009,G089,-0.00012151425,-1
G034,G014,-0.00012153708,-1
G021,G097,-0.00012161368,-1
G093,G038,-0.00012164011,-1
G073,G089,-0.00012168262,-1
G004,G074,-0.000121687895,-1
G006,G087,-0.000121708734,-1
G019,G034,-0.0001217657,-1
G046,G015,-0.00012180894,-1
G061,G094,-0.000121809004,-1
G056,G072,-0.00012181751,-1
G025,G074,-0.00012189892,-1
G077,G068,-0.00012190668,-1
G007,G047,-0.00012192498,-1
G088,G019,-0.000121936806,-1
G077,G087,-0.00012201587,-1
G018,G058,-0.00012203031,-1
G035,G050,-0.00012214191,-1
G059,G055,-0.00012220873,-1
G033,G057,-0.00012224137,-1
G072,G059,-0.00012224745,-1
G007,G055,-0.0001222636,-1
G030,G072,-0.00012228369,-1
G070,G064,-0.000122292,-1
G047,G092,-0.00012234792,-1
G080,G009,-0.00012247599,-1
G060,G075,-0.0001224866,-1
G037,G098,-0.00012251618,-1
G099,G031,-0.00012254046,-1
G080,G062,-0.0001225948,-1
G009,G059,-0.00012260333,-1
G035,G075,-0.0001226196,-1
G044,G094,-0.00012271486,-1
G052,G055,-0.00012279891,-1
G036,G077,-0.0001228156,-1
G086,G074,-0.00012288599,-1
G056,G036,-0.00012307425,-1
G025,G019,-0.00012310669,-1
G040,G068,-0.00012313416,-1
G049,G092,-0.00012314756,-1
G058,G064,-0.00012316245,-1
G089,G038,-0.0001232435,-1
G047,G089,-0.00012333074,-1
G026,G016,-0.00012335129,-1
G050,G001,-0.00012336094,-1
G036,G084,-0.00012350705,-1
G097,G074,-0.00012352446,-1
G060,G078,-0.00012367914,-1
G023,G015,-0.00012369486,-1
G053,G014,-0.000123761,-1
G088,G064,-0.00012379886,-1
G069,G072,-0.00012404936,-1
G033,G092,-0.00012411496,-1
G088,G055,-0.00012416094,-1
G028,G005,-0.00012428455,-1
G005,G087,-0.00012433408,-1
G034,G001,-0.0001243387,-1
G058,G047,-0.00012438116,-1
G069,G056,-0.00012440885,-1
G058,G036,-0.00012441262,-1
G006,G014,-0.00012449505,-1
G040,G096,-0.00012459095,-1
G040,G014,-0.00012460399,-1
G081,G061,-0.00012469223,-1
G020,G028,-0.00012477336,-1
G090,G096,-0.00012482842,-1
G060,G070,-0.00012489028,-1
G009,G010,-0.00012489624,-1
G053,G001,-0.00012514988,-1
G094,G093,-0.0001251702,-1
G047,G100,-0.0001252055,-1
G067,G004,-0.0001252721,-1
G080,G055,-0.0001253396,-1
G065,G096,-0.00012539777,-1
G031,G091,-0.00012541203,-1
G029,G047,-0.00012545702,-1
G086,G015,-0.00012546171,-1
G066,G059,-0.0001254835,-1
G052,G048,-0.00012554553,-1
G011,G095,-0.00012557872,-1
G061,G057,-0.00012559547,-1
G089,G001,-0.00012574787,-1
G069,G007,-0.00012576923,-1
G037,G023,-0.00012591136,-1
G065,G027,-0.00012596058,-1
G093,G071,-0.00012611385,-1
G081,G092,-0.0001261779,-1
G030,G059,-0.00012623655,-1
G047,G096,-0.00012629312,-1
G031,G089,-0.00012630448,-1
G015,G092,-0.00012631826,-1
G059,G034,-0.00012632088,-1
G017,G019,-0.0001264429,-1
G054,G100,-0.00012644613,-1
G070,G067,-0.00012651306,-1
G029,G087,-0.00012653753,-1
G099,G052,-0.00012657179,-1
G091,G027,-0.00012658635,-1
G077,G056,-0.00012662538,-1
G031,G084,-0.00012662869,-1
G065,G053,-0.0001266298,-1
G061,G038,-0.00012669904,-1
G054,G092,-0.00012674359,-1
G068,G096,-0.00012679513,-1
G075,G047,-0.00012679516,-1
G094,G084,-0.00012687055,-1
G052,G028,-0.00012690149,-1
G041,G036,-0.00012690357,-1
G030,G001,-0.00012692774,-1
G063,G086,-0.00012697832,-1
G097,G016,-0.00012709278,-1
G081,G056,-0.0001270938,-1
G076,G014,-0.00012710385,-1
G051,G068,-0.00012717568,-1
G027,G078,-0.00012717921,-1
G091,G058,-0.00012725295,-1
G068,G049,-0.00012725423,-1
G036,G002,-0.00012726229,-1
G031,G098,-0.0001273001,-1
G080,G060,-0.000127356,-1
G050,G064,-0.00012740884,-1
G097,G017,-0.00012741779,-1
G019,G089,-0.00012744738,-1
G029,G021,-0.00012767244,-1
G098,G027,-0.00012775332,-1
G038,G064,-0.00012777733,-1
G059,G091,-0.00012778839,-1
G017,G026,-0.00012779624,-1
G075,G092,-0.00012785575,-1
G014,G096,-0.00012785889,-1
G090,G047,-0.00012795388,-1
G054,G014,-0.00012796737,-1
G075,G007,-0.00012806304,-1
G004,G010,-0.0001281036,-1
G012,G098,-0.00012810629,-1
G047,G034,-0.00012814342,-1
G060,G004,-0.00012814756,-1
G079,G026,-0.00012830444,-1
G011,G057,-0.00012839625,-1
G081,G004,-0.00012841394,-1
G007,G091,-0.00012841895,-1
G035,G074,-0.00012848793,-1
G065,G057,-0.00012849241,-1
G024,G072,-0.00012856419,-1
G019,G015,-0.000128626,-1
G076,G075,-0.0001286564,-1
G061,G089,-0.00012865974,-1
G026,G049,-0.00012867594,-1
G004,G064,-0.0001286779,-1
G031,G034,-0.0001286817,-1
G039,G098,-0.00012873569,-1
G068,G047,-0.00012873835,-1
G054,G055,-0.00012880255,-1
G061,G024,-0.0001288312,-1
G075,G068,-0.00012889826,-1
G044,G086,-0.00012890463,-1
G066,G014,-0.00012897224,-1
G029,G093,-0.00012898936,-1
G097,G015,-0.00012913875,-1
G038,G010,-0.00012915865,-1
G081,G022,-0.00012918047,-1
G010,G007,-0.00012921004,-1
G069,G093,-0.00012945673,-1
G011,G009,-0.00012954084,-1
G019,G001,-0.00012958718,-1
G093,G014,-0.00012970142,-1
G043,G007,-0.000129705,-1
G023,G074,-0.00012973984,-1
G090,G038,-0.0001297452,-1
G065,G028,-0.00012975215,-1
G047,G017,-0.00012982788,-1
G019,G022,-0.00012987231,-1
G098,G096,-0.00012989399,-1
G019,G051,-0.00012990288,-1
G093,G049,-0.00012993783,-1
G077,G055,-0.00012997967,-1
G033,G005,-0.00013005272,-1
G059,G041,-0.00013020392,-1
G079,G027,-0.00013021783,-1
G092,G014,-0.00013024549,-1
G051,G095,-0.00013037481,-1
G004,G047,-0.00013048644,-1
G007,G021,-0.00013049181,-1
G047,G055,-0.00013057778,-1
G065,G007,-0.00013060839,-1
G007,G034,-0.00013061908,-1
G053,G098,-0.00013062017,-1
G020,G001,-0.00013070124,-1
G072,G027,-0.00013074567,-1
G039,G074,-0.00013075491,-1
G056,G095,-0.00013075845,-1
G090,G001,-0.00013076016,-1
G063,G098,-0.00013087156,-1
G037,G027,-0.00013088303,-1
G047,G019,-0.00013091127,-1
G081,G037,-0.00013095034,-1
G021,G042,-0.000130981,-1
G053,G047,-0.00013098192,-1
G012,G058,-0.00013101746,-1
G007,G074,-0.00013102972,-1
G012,G002,-0.00013119205,-1
G007,G068,-0.00013120852,-1
G065,G082,-0.0001312721,-1
G088,G017,-0.00013132443,-1
G041,G099,-0.00013138569,-1
G075,G036,-0.00013140129,-1
G061,G082,-0.00013147833,-1
G096,G038,-0.0001314848,-1
G058,G048,-0.00013150183,-1
G059,G078,-0.00013155173,-1
G019,G014,-0.00013155607,-1
G051,G034,-0.00013155804,-1
G032,G033,-0.00013159309,-1
G017,G034,-0.00013160193,-1
G060,G025,-0.00013160463,-1
G029,G058,-0.00013161934,-1
G065,G074,-0.00013164093,-1
G075,G100,-0.00013165265,-1
G056,G014,-0.00013165547,-1
G075,G078,-0.00013176422,-1
G035,G053,-0.00013186717,-1
G086,G058,-0.00013194917,-1
G047,G078,-0.00013202225,-1
G011,G093,-0.00013212055,-1
G035,G059,-0.00013213311,-1
G052,G010,-0.00013218948,-1
G099,G001,-0.00013219618,-1
G037,G021,-0.00013230798,-1
G020,G055,-0.00013236098,-1
G084,G028,-0.00013237086,-1
G014,G079,-0.00013241645,-1
G069,G027,-0.00013244081,-1
G030,G027,-0.00013246524,-1
G067,G035,-0.00013248877,-1
G046,G034,-0.00013250363,-1
G068,G064,-0.00013251041,-1
G054,G098,-0.00013251188,-1
G030,G054,-0.00013255527,-1
G044,G093,-0.00013258068,-1
G050,G007,-0.00013260242,-1
G090,G022,-0.00013264357,-1
G090,G004,-0.0001326617,-1
G041,G027,-0.0001327869,-1
G070,G028,-0.0001329161,-1
G080,G023,-0.00013292306,-1
G056,G013,-0.00013300026,-1
G096,G004,-0.00013300577,-1
G057,G087,-0.0001330261,-1
G061,G021,-0.00013311607,-1
G005,G067,-0.0001331548,-1
G068,G079,-0.00013333831,-1
G070,G021,-0.00013335439,-1
G081,G064,-0.00013336256,-1
G026,G072,-0.00013336612,-1
G052,G027,-0.00013352223,-1
G093,G017,-0.00013356352,-1
G062,G086,-0.00013357951,-1
G054,G010,-0.00013359287,-1
G072,G022,-0.0001336086,-1
G092,G022,-0.0001336658,-1
G053,G010,-0.00013369352,-1
G018,G038,-0.00013374448,-1
G007,G036,-0.00013376179,-1
G046,G095,-0.00013384159,-1
G033,G019,-0.00013388383,-1
G044,G061,-0.00013390066,-1
G097,G001,-0.00013398833,-1
G069,G025,-0.00013400347,-1
G021,G007,-0.00013403698,-1
G002,G013,-0.00013404434,-1
G063,G048,-0.00013412275,-1
G002,G014,-0.00013416207,-1
G033,G082,-0.00013426582,-1
G023,G016,-0.00013426632,-1
G036,G096,-0.00013427112,-1
G090,G087,-0.00013427323,-1
G090,G049,-0.00013432138,-1
G006,G046,-0.00013443039,-1
G070,G016,-0.00013454199,-1
G099,G070,-0.0001346003,-1
G077,G082,-0.00013461182,-1
G088,G008,-0.00013461203,-1
G080,G034,-0.00013463548,-1
G068,G036,-0.00013465695,-1
G074,G014,-0.0001346817,-1
G063,G095,-0.00013475642,-1
G034,G028,-0.00013493033,-1
G064,G027,-0.00013507537,-1
G073,G049,-0.000135117,-1
G068,G001,-0.00013513125,-1
G035,G089,-0.00013521184,-1
G098,G049,-0.00013523524,-1
G080,G095,-0.00013527658,-1
G059,G010,-0.0001352926,-1
G061,G098,-0.00013531429,-1
G063,G055,-0.00013539713,-1
G005,G017,-0.00013544786,-1
G036,G010,-0.00013557974,-1
G034,G049,-0.00013566755,-1
G066,G036,-0.00013567365,-1
G078,G041,-0.00013569785,-1
G100,G069,-0.00013594111,-1
G086,G027,-0.00013602646,-1
G039,G021,-0.00013604067,-1
G009,G038,-0.00013616425,-1
G090,G092,-0.00013620309,-1
G017,G096,-0.00013623181,-1
G018,G049,-0.00013625623,-1
G006,G004,-0.0001362663,-1
G081,G071,-0.00013639167,-1
G051,G099,-0.00013645604,-1
G005,G038,-0.00013658065,-1
G011,G001,-0.00013661514,-1
G069,G059,-0.00013665661,-1
G090,G059,-0.00013668218,-1
G096,G015,-0.00013674147,-1
G081,G095,-0.0001368073,-1
G011,G063,-0.00013683853,-1
G097,G038,-0.0001368516,-1
G012,G092,-0.00013692291,-1
G053,G028,-0.0001369882,-1
G099,G064,-0.00013699078,-1
G038,G070,-0.0001370562,-1
G095,G078,-0.00013717607,-1
G036,G070,-0.00013718505,-1
G036,G015,-0.00013719061,-1
G026,G057,-0.0001372588,-1
G011,G055,-0.00013745674,-1
G019,G002,-0.00013751171,-1
G065,G014,-0.00013760464,-1
G042,G018,-0.0001376319,-1
G085,G036,-0.0001376538,-1
G044,G002,-0.00013783778,-1
G073,G016,-0.00013785361,-1
G093,G084,-0.0001379959,-1
G056,G041,-0.00013807454,-1
G077,G022,-0.00013808589,-1
G049,G097,-0.00013816125,-1
G077,G100,-0.0001381821,-1
G012,G068,-0.00013821064,-1
G009,G027,-0.00013826342,-1
G077,G059,-0.00013827787,-1
G075,G004,-0.00013833218,-1
G039,G022,-0.00013834746,-1
G092,G079,-0.00013834804,-1
G018,G075,-0.0001384262,-1
G005,G034,-0.00013842901,-1
G057,G025,-0.0001385734,-1
G078,G057,-0.00013867668,-1
G095,G025,-0.00013868239,-1
G021,G072,-0.00013869964,-1
G055,G041,-0.00013871094,-1
G029,G001,-0.00013874141,-1
G043,G036,-0.00013876389,-1
G064,G047,-0.0001387712,-1
G037,G006,-0.00013877137,-1
G075,G015,-0.00013878592,-1
G063,G036,-0.0001388573,-1
G029,G082,-0.0001388807,-1
G077,G058,-0.00013895096,-1
G072,G001,-0.00013897795,-1
G090,G078,-0.00013918635,-1
G005,G037,-0.00013920423,-1
G012,G045,-0.00013925458,-1
G070,G023,-0.00013929718,-1
G088,G078,-0.00013937902,-1
G075,G049,-0.00013950572,-1
G004,G055,-0.00013950856,-1
G055,G007,-0.00013961829,-1
G065,G092,-0.0001396852,-1
G066,G095,-0.00013978526,-1
G050,G016,-0.00013983787,-1
G061,G017,-0.0001398444,-1
G073,G091,-0.00013985355,-1
G077,G015,-0.00013989642,-1
G084,G095,-0.00013990448,-1
G041,G078,-0.00013992228,-1
G090,G019,-0.00013996163,-1
G060,G041,-0.00014010258,-1
G084,G013,-0.00014011495,-1
G046,G047,-0.000140186,-1
G057,G022,-0.00014019953,-1
G057,G014,-0.00014020795,-1
G037,G002,-0.00014025139,-1
G020,G082,-0.00014033967,-1
G056,G078,-0.00014067722,-1
G001,G022,-0.00014070957,-1
G011,G059,-0.00014072018,-1
G066,G047,-0.00014072731,-1
G005,G056,-0.00014076571,-1
G006,G078,-0.00014077836,-1
G068,G034,-0.00014080663,-1
G064,G058,-0.00014089492,-1
G075,G021,-0.00014090088,-1
G014,G080,-0.00014094662,-1
G060,G072,-0.00014105055,-1
G066,G041,-0.0001411854,-1
G024,G021,-0.00014124736,-1
G025,G047,-0.00014128427,-1
G071,G074,-0.00014138977,-1
G040,G075,-0.00014146478,-1
G005,G007,-0.00014147053,-1
G034,G022,-0.00014161458,-1
G019,G091,-0.00014165688,-1
G020,G058,-0.00014177815,-1
G094,G052,-0.0001417967,-1
G087,G080,-0.00014180237,-1
G090,G021,-0.00014182286,-1
G039,G093,-0.000141827,-1
G050,G096,-0.00014197023,-1
G091,G095,-0.00014199525,-1
G074,G036,-0.00014209154,-1
G084,G041,-0.00014210849,-1
G074,G096,-0.00014216674,-1
G051,G025,-0.00014218736,-1
G040,G087,-0.00014227362,-1
G053,G036,-0.00014236243,-1
G055,G023,-0.00014238032,-1
G071,G017,-0.00014241762,-1
G007,G089,-0.00014245528,-1
G047,G068,-0.00014249995,-1
G099,G041,-0.00014254061,-1
G072,G006,-0.00014255541,-1
G069,G022,-0.00014256484,-1
G079,G084,-0.00014276343,-1
G063,G009,-0.00014276686,-1
G025,G087,-0.00014277623,-1
G064,G068,-0.0001430515,-1
G060,G021,-0.000143065,-1
G004,G095,-0.0001431574,-1
G079,G042,-0.00014322868,-1
G094,G063,-0.00014323073,-1
G058,G087,-0.00014345467,-1
G054,G078,-0.00014345591,-1
G024,G058,-0.00014351112,-1
G019,G095,-0.00014352905,-1
G071,G004,-0.00014356314,-1
G071,G059,-0.00014362377,-1
G065,G075,-0.0001436448,-1
G056,G049,-0.00014373468,-1
G044,G048,-0.00014383442,-1
G055,G092,-0.0001439347,-1
G069,G092,-0.00014393886,-1
G087,G002,-0.0001439392,-1
G057,G078,-0.00014399615,-1
G069,G074,-0.0001440387,-1
G068,G078,-0.00014406485,-1
G062,G041,-0.00014420878,-1
G091,G034,-0.00014421399,-1
G086,G048,-0.00014422351,-1
G015,G025,-0.00014427684,-1
G010,G068,-0.00014435036,-1
G038,G093,-0.0001443545,-1
G029,G015,-0.00014442061,-1
G078,G038,-0.00014442774,-1
G051,G027,-0.00014445334,-1
G006,G036,-0.0001445167,-1
G034,G079,-0.00014452066,-1
G031,G085,-0.00014456738,-1
G017,G079,-0.00014460189,-1
G036,G025,-0.00014462168,-1
G088,G098,-0.00014467056,-1
G067,G010,-0.00014474182,-1
G067,G050,-0.00014476967,-1
G050,G068,-0.00014481338,-1
G009,G022,-0.00014495713,-1
G060,G074,-0.000145047,-1
G066,G022,-0.00014504897,-1
G035,G067,-0.0001450577,-1
G039,G004,-0.00014508628,-1
G023,G010,-0.0001451255,-1
G047,G013,-0.00014526084,-1
G058,G010,-0.00014529716,-1
G098,G034,-0.00014535159,-1
G004,G015,-0.00014541706,-1
G001,G079,-0.00014548193,-1
G071,G053,-0.00014556752,-1
G039,G034,-0.00014560147,-1
G026,G075,-0.00014576461,-1
G044,G003,-0.00014586243,-1
G081,G041,-0.00014586812,-1
G017,G047,-0.00014595268,-1
G034,G041,-0.00014597707,-1
G062,G059,-0.00014599183,-1
G012,G074,-0.0001460517,-1
G026,G015,-0.00014613211,-1
G059,G068,-0.00014629541,-1
G092,G010,-0.00014632088,-1
G090,G095,-0.00014639285,-1
G004,G041,-0.00014641145,-1
G079,G013,-0.0001464393,-1
G061,G049,-0.00014650844,-1
G065,G002,-0.00014656069,-1
G048,G072,-0.00014699165,-1
G051,G014,-0.00014700132,-1
G031,G096,-0.00014706055,-1
G039,G095,-0.00014708338,-1
G086,G038,-0.00014716438,-1
G070,G009,-0.00014723415,-1
G081,G059,-0.00014730814,-1
G075,G013,-0.00014744658,-1
G087,G095,-0.00014753273,-1
G063,G001,-0.00014768206,-1
G057,G041,-0.00014776066,-1
G068,G015,-0.00014779238,-1
G005,G075,-0.00014782992,-1
G069,G034,-0.00014793187,-1
G021,G026,-0.00014797346,-1
G051,G023,-0.0001480109,-1
G063,G056,-0.00014812135,-1
G073,G096,-0.0001481694,-1
G058,G013,-0.00014819464,-1
G021,G023,-0.00014827368,-1
G017,G048,-0.00014831773,-1
G035,G098,-0.0001483507,-1
G076,G050,-0.00014837804,-1
G077,G072,-0.00014840464,-1
G029,G059,-0.00014842933,-1
G061,G092,-0.00014851218,-1
G046,G027,-0.00014853479,-1
G026,G047,-0.00014858054,-1
G031,G055,-0.00014862405,-1
G009,G021,-0.00014862436,-1
G007,G015,-0.00014872893,-1
G057,G036,-0.00014874415,-1
G081,G036,-0.00014876186,-1
G036,G099,-0.00014884786,-1
G030,G087,-0.00014892218,-1
G029,G027,-0.0001489448,-1
G073,G075,-0.00014896544,-1
G080,G064,-0.00014901324,-1
G022,G080,-0.0001490573,-1
G068,G007,-0.00014913012,-1
G051,G007,-0.00014917228,-1
G063,G007,-0.00014924539,-1
G066,G093,-0.0001492734,-1
G009,G001,-0.000149378,-1
G046,G055,-0.00014945527,-1
G058,G021,-0.00014952241,-1
G035,G001,-0.00014954321,-1
G069,G082,-0.00014965833,-1
G019,G021,-0.00014967553,-1
G030,G023,-0.00014983625,-1
G001,G047,-0.00014986115,-1
G026,G074,-0.00014987534,-1
G073,G068,-0.00014993439,-1
G076,G095,-0.00014995353,-1
G049,G099,-0.00014996117,-1
G053,G078,-0.00014998749,-1
G023,G078,-0.00014999213,-1
G006,G066,-0.00014999436,-1
G011,G067,-0.000150029,-1
G059,G092,-0.00015006136,-1
G044,G076,-0.00015011242,-1
G007,G048,-0.00015039594,-1
G073,G050,-0.00015043093,-1
G066,G034,-0.00015044845,-1
G084,G048,-0.00015047674,-1
G027,G025,-0.00015050042,-1
G094,G009,-0.00015054921,-1
G053,G027,-0.00015058537,-1
G100,G023,-0.00015061429,-1
G073,G046,-0.00015063027,-1
G035,G091,-0.00015063035,-1
G062,G098,-0.00015065612,-1
G088,G006,-0.00015067398,-1
G025,G014,-0.00015072439,-1
G050,G058,-0.00015074419,-1
G046,G006,-0.00015079328,-1
G065,G068,-0.00015085064,-1
G054,G064,-0.00015086985,-1
G028,G036,-0.00015109508,-1
G099,G034,-0.00015113853,-1
G036,G063,-0.00015115262,-1
G026,G055,-0.0001511808,-1
G095,G006,-0.00015135195,-1
G091,G001,-0.00015139439,-1
G002,G021,-0.00015143087,-1
G063,G027,-0.00015145105,-1
G044,G064,-0.0001515726,-1
G022,G006,-0.00015157495,-1
G055,G072,-0.00015161962,-1
G056,G006,-0.00015172771,-1
G052,G025,-0.00015173163,-1
G081,G015,-0.00015182205,-1
G024,G078,-0.0001518243,-1
G019,G067,-0.00015187776,-1
G071,G057,-0.00015191078,-1
G022,G036,-0.00015192751,-1
G053,G034,-0.00015210485,-1
G081,G007,-0.000152178,-1
G014,G041,-0.00015229997,-1
G017,G038,-0.000152338,-1
G050,G056,-0.00015239602,-1
G060,G092,-0.00015243865,-1
G062,G055,-0.00015245363,-1
G087,G014,-0.00015247133,-1
G035,G058,-0.00015257958,-1
G044,G033,-0.0001526671,-1
G050,G092,-0.00015269406,-1
G080,G068,-0.00015270445,-1
G059,G038,-0.00015272238,-1
G054,G004,-0.00015276285,-1
G027,G079,-0.00015281228,-1
G080,G019,-0.00015294652,-1
G071,G086,-0.0001530173,-1
G079,G007,-0.00015318033,-1
G002,G079,-0.00015338704,-1
G004,G013,-0.00015340574,-1
G009,G014,-0.0001534173,-1
G079,G060,-0.00015342634,-1
G073,G009,-0.00015346537,-1
G073,G027,-0.00015347559,-1
G030,G049,-0.00015356892,-1
G055,G078,-0.00015364216,-1
G098,G041,-0.00015366708,-1
G095,G019,-0.00015367368,-1
G080,G027,-0.0001537427,-1
G070,G022,-0.00015379088,-1
G044,G082,-0.00015379279,-1
G054,G023,-0.00015381786,-1
G037,G074,-0.00015384743,-1
G050,G006,-0.00015387936,-1
G096,G084,-0.00015392445,-1
G035,G082,-0.00015398674,-1
G033,G056,-0.00015401814,-1
G069,G019,-0.00015402873,-1
G088,G075,-0.0001541936,-1
G029,G068,-0.00015426242,-1
G039,G091,-0.00015428735,-1
G062,G025,-0.00015429698,-1
G070,G096,-0.0001543168,-1
G069,G084,-0.00015444627,-1
G097,G027,-0.00015476385,-1
G043,G080,-0.00015476882,-1
G029,G072,-0.00015483961,-1
G011,G028,-0.00015485864,-1
G020,G095,-0.00015497074,-1
G096,G022,-0.00015503004,-1
G018,G068,-0.00015508503,-1
G099,G095,-0.00015508624,-1
G020,G002,-0.00015520555,-1
G079,G099,-0.00015530923,-1
G026,G034,-0.00015546435,-1
G023,G041,-0.00015547182,-1
G002,G080,-0.00015551149,-1
G012,G024,-0.00015562588,-1
G094,G054,-0.00015577763,-1
G100,G025,-0.00015583172,-1
G025,G072,-0.0001558673,-1
G026,G001,-0.00015589895,-1
G005,G015,-0.00015596084,-1
G098,G014,-0.0001561253,-1
G050,G047,-0.00015620801,-1
G051,G013,-0.00015620961,-1
G066,G055,-0.00015623635,-1
G096,G021,-0.00015637244,-1
G095,G048,-0.00015647981,-1
G087,G023,-0.00015652431,-1
G091,G047,-0.00015662058,-1
G030,G017,-0.00015674162,-1
G073,G058,-0.00015677005,-1
G062,G072,-0.00015680293,-1
G005,G020,-0.0001568713,-1
G033,G078,-0.00015698146,-1
G071,G025,-0.00015705425,-1
G050,G015,-0.00015712813,-1
G026,G021,-0.00015721263,-1
G011,G091,-0.00015731661,-1
G088,G034,-0.00015732646,-1
G068,G092,-0.00015733264,-1
G033,G068,-0.00015734982,-1
G096,G014,-0.00015738356,-1
G026,G078,-0.0001576325,-1
G061,G055,-0.00015764427,-1
G053,G079,-0.00015778744,-1
G020,G010,-0.00015785985,-1
G039,G019,-0.00015807847,-1
G046,G092,-0.00015810672,-1
G018,G019,-0.00015816488,-1
G030,G052,-0.0001581873,-1
G002,G094,-0.00015824128,-1
G011,G087,-0.00015827011,-1
G037,G014,-0.0001583543,-1
G019,G079,-0.000158399,-1
G067,G090,-0.00015853137,-1
G080,G074,-0.00015854613,-1
G095,G015,-0.0001585773,-1
G072,G025,-0.00015861011,-1
G062,G092,-0.00015864197,-1
G063,G072,-0.00015865716,-1
G021,G092,-0.00015872452,-1
G061,G087,-0.00015880598,-1
G088,G022,-0.00015885141,-1
G012,G004,-0.00015890844,-1
G012,G055,-0.00015897064,-1
G025,G095,-0.00015902215,-1
G079,G096,-0.00015904603,-1
G036,G054,-0.00015912524,-1
G086,G021,-0.00015917273,-1
G097,G047,-0.00015920149,-1
G047,G007,-0.00015928841,-1
G033,G089,-0.00015931235,-1
G060,G079,-0.00015936518,-1
G048,G085,-0.0001593719,-1
G061,G047,-0.00015943019,-1
G006,G089,-0.00015957444,-1
G092,G006,-0.0001596496,-1
G074,G047,-0.00015965088,-1
G055,G048,-0.00015977546,-1
G031,G021,-0.00015980376,-1
G086,G087,-0.00015985347,-1
G051,G008,-0.00015991353,-1
G080,G013,-0.00015994596,-1
G071,G038,-0.00016003965,-1
G007,G093,-0.00016009244,-1
G031,G056,-0.00016011078,-1
G030,G068,-0.00016013173,-1
G087,G022,-0.00016020445,-1
G042,G026,-0.00016020448,-1
G011,G048,-0.0001602963,-1
G029,G078,-0.00016029732,-1
G099,G011,-0.00016031109,-1
G036,G014,-0.0001603561,-1
G062,G028,-0.00016035848,-1
G037,G047,-0.00016039214,-1
G044,G022,-0.00016041665,-1
G088,G095,-0.00016042964,-1
G086,G014,-0.00016056676,-1
G021,G013,-0.00016065926,-1
G036,G071,-0.00016093814,-1
G023,G026,-0.00016094542,-1
G098,G013,-0.00016108055,-1
G027,G036,-0.00016123326,-1
G053,G100,-0.00016135286,-1
G019,G080,-0.00016140901,-1
G072,G055,-0.00016143637,-1
G062,G015,-0.0001615177,-1
G007,G041,-0.0001615557,-1
G018,G067,-0.00016174147,-1
G063,G058,-0.00016175299,-1
G058,G034,-0.00016180307,-1
G002,G034,-0.00016183456,-1
G059,G079,-0.00016185202,-1
G024,G022,-0.00016194866,-1
G093,G092,-0.00016200564,-1
G065,G004,-0.00016210486,-1
G079,G040,-0.00016219464,-1
G066,G001,-0.00016224445,-1
G031,G095,-0.00016226641,-1
G046,G096,-0.00016231189,-1
G061,G014,-0.00016240307,-1
G093,G068,-0.00016258865,-1
G035,G004,-0.00016280932,-1
G059,G014,-0.00016282816,-1
G086,G047,-0.00016292349,-1
G051,G047,-0.00016293184,-1
G060,G056,-0.00016299021,-1
G037,G075,-0.00016300334,-1
G044,G004,-0.00016302864,-1
G009,G072,-0.00016314797,-1
G029,G014,-0.00016317361,-1
G065,G098,-0.00016323393,-1
G071,G068,-0.00016344944,-1
G033,G055,-0.00016349943,-1
G006,G092,-0.00016365759,-1
G098,G021,-0.00016369924,-1
G036,G013,-0.00016385935,-1
G019,G068,-0.00016397111,-1
G093,G001,-0.00016398766,-1
G050,G095,-0.00016409445,-1
G039,G006,-0.00016414512,-1
G097,G075,-0.00016421231,-1
G021,G070,-0.00016422478,-1
G018,G014,-0.00016422533,-1
G037,G071,-0.00016423149,-1
G091,G021,-0.00016423232,-1
G020,G093,-0.00016424528,-1
G051,G055,-0.00016427817,-1
G060,G034,-0.00016432031,-1
G025,G068,-0.00016443268,-1
G006,G088,-0.00016461273,-1
G021,G079,-0.00016463261,-1
G038,G001,-0.0001647073,-1
G091,G028,-0.00016485574,-1
G077,G074,-0.00016509417,-1
G071,G016,-0.00016530832,-1
G067,G097,-0.00016531567,-1
G075,G038,-0.00016532355,-1
G021,G001,-0.00016536986,-1
G040,G041,-0.00016539871,-1
G039,G079,-0.00016543099,-1
G100,G068,-0.00016545989,-1
G051,G001,-0.00016546166,-1
G077,G047,-0.00016546826,-1
G033,G004,-0.00016549349,-1
G086,G072,-0.00016561631,-1
G005,G093,-0.00016570298,-1
G069,G023,-0.00016574841,-1
G066,G049,-0.00016588498,-1
G052,G019,-0.00016593336,-1
G051,G019,-0.0001660335,-1
G037,G048,-0.00016621711,-1
G060,G096,-0.00016623245,-1
G065,G049,-0.00016636736,-1
G084,G019,-0.0001665015,-1
G087,G098,-0.00016652801,-1
G027,G049,-0.00016655798,-1
G036,G049,-0.000166597,-1
G030,G047,-0.00016659944,-1
G005,G082,-0.00016664901,-1
G006,G027,-0.00016667321,-1
G046,G091,-0.00016669407,-1
G061,G007,-0.00016674856,-1
G011,G072,-0.00016684385,-1
G062,G036,-0.0001668638,-1
G035,G057,-0.00016691399,-1
G018,G004,-0.00016695079,-1
G070,G015,-0.00016698391,-1
G069,G075,-0.00016704641,-1
G010,G015,-0.00016714571,-1
G095,G038,-0.00016717112,-1
G089,G068,-0.00016717594,-1
G071,G058,-0.00016727966,-1
G022,G005,-0.00016742398,-1
G089,G023,-0.00016744001,-1
G047,G021,-0.00016765899,-1
G069,G028,-0.00016768365,-1
G058,G006,-0.00016780729,-1
G076,G013,-0.00016785617,-1
G093,G041,-0.00016794534,-1
G018,G095,-0.0001679972,-1
G076,G087,-0.00016814227,-1
G081,G068,-0.00016828417,-1
G034,G013,-0.00016841525,-1
G070,G098,-0.00016841746,-1
G020,G014,-0.00016842301,-1
G086,G078,-0.00016842487,-1
G017,G041,-0.00016844338,-1
G067,G048,-0.00016846377,-1
G048,G038,-0.00016849632,-1
G002,G006,-0.00016862876,-1
G020,G039,-0.00016866079,-1
G069,G021,-0.0001687129,-1
G068,G010,-0.00016885519,-1
G002,G092,-0.00016887859,-1
G078,G001,-0.00016893122,-1
G100,G028,-0.00016894768,-1
G005,G009,-0.00016897195,-1
G054,G041,-0.00016910273,-1
G063,G049,-0.00016913471,-1
G006,G038,-0.00016919545,-1
G062,G007,-0.00016927408,-1
G030,G086,-0.00016942227,-1
G068,G013,-0.00016958834,-1
G065,G078,-0.00016964924,-1
G009,G096,-0.0001698115,-1
G012,G036,-0.00016996848,-1
G046,G038,-0.00016999149,-1
G012,G082,-0.0001699951,-1
G076,G033,-0.00017004227,-1
G087,G078,-0.00017015517,-1
G074,G078,-0.00017040364,-1
G037,G007,-0.00017058496,-1
G005,G091,-0.000170643,-1
G060,G047,-0.00017067445,-1
G098,G056,-0.00017070342,-1
G098,G028,-0.00017071032,-1
G020,G046,-0.00017075556,-1
G006,G010,-0.00017076114,-1
G089,G010,-0.00017089576,-1
G095,G007,-0.00017092776,-1
G090,G028,-0.00017094299,-1
G039,G056,-0.00017115721,-1
G026,G093,-0.00017117428,-1
G036,G021,-0.00017121286,-1
G074,G049,-0.00017135261,-1
G055,G047,-0.00017143982,-1
G023,G091,-0.00017144257,-1
G011,G092,-0.00017145193,-1
G054,G087,-0.00017168776,-1
G009,G092,-0.00017194581,-1
G035,G095,-0.00017201927,-1
G035,G090,-0.0001720321,-1
G052,G001,-0.00017213504,-1
G047,G014,-0.00017220237,-1
G062,G002,-0.00017221076,-1
G094,G077,-0.00017228785,-1
G030,G016,-0.0001722967,-1
G020,G053,-0.0001723958,-1
G033,G084,-0.00017239814,-1
G010,G076,-0.0001724086,-1
G033,G070,-0.00017243566,-1
G033,G093,-0.00017246166,-1
G052,G034,-0.0001726815,-1
G039,G028,-0.00017279566,-1
G060,G001,-0.0001728029,-1
G098,G001,-0.00017283486,-1
G042,G006,-0.00017285979,-1
G080,G065,-0.00017288917,-1
G035,G022,-0.00017298767,-1
G035,G027,-0.00017306283,-1
G033,G064,-0.00017317435,-1
G062,G001,-0.00017324828,-1
G089,G095,-0.00017336688,-1
G087,G049,-0.00017342357,-1
G036,G055,-0.00017345947,-1
G026,G096,-0.00017361184,-1
G024,G041,-0.0001737246,-1
G052,G095,-0.00017378226,-1
G019,G007,-0.00017388037,-1
G052,G014,-0.00017392433,-1
G017,G095,-0.00017395186,-1
G070,G059,-0.00017395763,-1
G098,G080,-0.00017396607,-1
G090,G036,-0.00017409564,-1
G076,G007,-0.00017410956,-1
G097,G092,-0.00017414721,-1
G080,G004,-0.00017417003,-1
G059,G049,-0.00017428581,-1
G033,G016,-0.00017432538,-1
G046,G007,-0.0001743402,-1
G100,G062,-0.00017438243,-1
G038,G066,-0.00017452854,-1
G016,G038,-0.00017455114,-1
G078,G087,-0.00017456355,-1
G012,G075,-0.00017477557,-1
G017,G067,-0.00017487562,-1
G067,G072,-0.00017519429,-1
G051,G048,-0.00017521302,-1
G066,G087,-0.0001752195,-1
G078,G051,-0.00017528226,-1
G057,G070,-0.0001753038,-1
G080,G020,-0.0001754283,-1
G074,G034,-0.00017558104,-1
G051,G049,-0.00017567855,-1
G018,G003,-0.00017583474,-1
G081,G084,-0.00017585556,-1
G062,G058,-0.00017587202,-1
G005,G036,-0.00017592625,-1
G057,G071,-0.0001759474,-1
G076,G034,-0.0001760474,-1
G059,G036,-0.0001760876,-1
G011,G052,-0.0001761478,-1
G091,G013,-0.0001761949,-1
G087,G038,-0.00017624504,-1
G025,G078,-0.0001762917,-1
G039,G049,-0.00017635763,-1
G041,G023,-0.00017640299,-1
G004,G098,-0.00017643391,-1
G035,G023,-0.00017647007,-1
G090,G080,-0.00017650361,-1
G099,G021,-0.00017652287,-1
G044,G099,-0.00017665591,-1
G008,G043,-0.00017666156,-1
G071,G055,-0.00017666601,-1
G041,G092,-0.00017671696,-1
G025,G036,-0.00017683723,-1
G050,G049,-0.00017685593,-1
G056,G010,-0.00017686076,-1
G030,G095,-0.00017686281,-1
G086,G080,-0.0001768979,-1
G054,G036,-0.00017709917,-1
G027,G095,-0.00017711904,-1
G080,G038,-0.00017719352,-1
G036,G004,-0.00017725152,-1
G017,G055,-0.00017729674,-1
G089,G079,-0.00017732136,-1
G051,G021,-0.00017742957,-1
G062,G057,-0.00017748143,-1
G053,G056,-0.00017748849,-1
G074,G092,-0.00017750963,-1
G020,G027,-0.0001775309,-1
G099,G098,-0.00017754236,-1
G089,G092,-0.00017758153,-1
G090,G055,-0.00017765343,-1
G036,G022,-0.00017773439,-1
G062,G080,-0.00017775051,-1
G030,G093,-0.00017779117,-1
G098,G092,-0.0001778291,-1
G057,G079,-0.00017794351,-1
G036,G087,-0.0001781783,-1
G100,G089,-0.00017833078,-1
G084,G038,-0.0001787659,-1
G051,G010,-0.00017884978,-1
G063,G017,-0.00017886741,-1
G099,G087,-0.00017892965,-1
G088,G014,-0.00017898188,-1
G089,G055,-0.00017919073,-1
G057,G048,-0.00017931774,-1
G061,G034,-0.00017938337,-1
G100,G009,-0.00017947306,-1
G052,G068,-0.00017952184,-1
G040,G026,-0.00017954661,-1
G008,G015,-0.00017955079,-1
G011,G047,-0.00017960017,-1
G084,G025,-0.00017961301,-1
G054,G049,-0.00017973955,-1
G075,G014,-0.0001797482,-1
G093,G022,-0.0001797676,-1
G090,G034,-0.00017996397,-1
G073,G048,-0.000180003,-1
G068,G038,-0.00018017221,-1
G056,G022,-0.00018021221,-1
G060,G015,-0.00018027982,-1
G059,G080,-0.00018035076,-1
G081,G009,-0.00018035213,-1
G031,G079,-0.00018051213,-1
G070,G019,-0.00018061897,-1
G044,G091,-0.00018085327,-1
G081,G057,-0.0001809038,-1
G079,G005,-0.00018113841,-1
G079,G097,-0.00018115815,-1
G042,G016,-0.00018126224,-1
G010,G001,-0.00018127915,-1
G099,G048,-0.00018136461,-1
G057,G038,-0.00018149134,-1
G092,G013,-0.0001815029,-1
G077,G041,-0.00018154581,-1
G065,G001,-0.0001816065,-1
G096,G092,-0.00018164096,-1
G076,G001,-0.0001817134,-1
G088,G048,-0.00018174532,-1
G079,G017,-0.00018197524,-1
G061,G072,-0.00018209322,-1
G004,G067,-0.00018217854,-1
G005,G001,-0.00018245573,-1
G089,G021,-0.00018255584,-1
G088,G076,-0.00018257802,-1
G067,G047,-0.00018267521,-1
G077,G093,-0.0001827139,-1
G059,G013,-0.000182814,-1
G030,G053,-0.0001828638,-1
G024,G014,-0.00018292706,-1
G061,G068,-0.00018295225,-1
G035,G092,-0.00018315512,-1
G042,G060,-0.00018320841,-1
G061,G041,-0.00018322005,-1
G041,G087,-0.00018325227,-1
G084,G092,-0.00018326784,-1
G044,G089,-0.00018328484,-1
G096,G079,-0.00018339591,-1
G088,G021,-0.00018354313,-1
G026,G041,-0.00018355774,-1
G091,G010,-0.00018358174,-1
G090,G100,-0.00018362004,-1
G042,G099,-0.00018380942,-1
G091,G008,-0.00018383068,-1
G033,G027,-0.00018403563,-1
G018,G013,-0.00018410337,-1
G011,G038,-0.00018416403,-1
G050,G036,-0.00018419101,-1
G081,G074,-0.00018423653,-1
G099,G036,-0.00018428448,-1
G039,G025,-0.00018441846,-1
G071,G100,-0.00018445743,-1
G098,G022,-0.0001845723,-1
G094,G023,-0.00018458348,-1
G011,G078,-0.00018482559,-1
G081,G014,-0.00018491701,-1
G057,G092,-0.00018491954,-1
G001,G028,-0.00018499752,-1
G039,G055,-0.00018509944,-1
G022,G095,-0.00018517773,-1
G051,G002,-0.00018527757,-1
G056,G023,-0.00018529678,-1
G030,G078,-0.00018542595,-1
G050,G048,-0.00018548414,-1
G073,G097,-0.00018568721,-1
G071,G056,-0.00018576534,-1
G094,G074,-0.00018579853,-1
G049,G012,-0.00018581316,-1
G095,G080,-0.0001860072,-1
G006,G060,-0.0001861469,-1
G074,G023,-0.00018617655,-1
G073,G062,-0.00018618183,-1
G091,G080,-0.00018629181,-1
G030,G056,-0.00018672418,-1
G033,G015,-0.0001867273,-1
G056,G019,-0.0001868735,-1
G074,G013,-0.00018688635,-1
G044,G047,-0.0001872248,-1
G036,G038,-0.00018727151,-1
G059,G048,-0.00018735394,-1
G061,G058,-0.00018743241,-1
G073,G024,-0.0001878143,-1
G088,G028,-0.0001880839,-1
G073,G087,-0.00018821975,-1
G009,G006,-0.00018825583,-1
G066,G013,-0.00018828915,-1
G069,G096,-0.00018837646,-1
G067,G046,-0.00018845653,-1
G061,G095,-0.00018853454,-1
G054,G080,-0.00018854429,-1
G077,G096,-0.00018867596,-1
G071,G034,-0.0001887209,-1
G022,G010,-0.0001887432,-1
G031,G078,-0.0001888579,-1
G023,G024,-0.00018889074,-1
G074,G079,-0.00018905057,-1
G097,G095,-0.00018909395,-1
G064,G013,-0.0001892024,-1
G057,G047,-0.00018937202,-1
G025,G021,-0.00018959946,-1
G001,G092,-0.0001896404,-1
G042,G061,-0.00018982888,-1
G099,G006,-0.0001899439,-1
G066,G079,-0.00019010459,-1
G011,G014,-0.00019014966,-1
G007,G031,-0.00019031925,-1
G036,G074,-0.00019035634,-1
G023,G068,-0.00019060897,-1
G036,G098,-0.00019076177,-1
G073,G061,-0.0001907623,-1
G047,G022,-0.00019076676,-1
G030,G010,-0.0001907669,-1
G065,G047,-0.00019080652,-1
G040,G092,-0.00019090014,-1
G076,G010,-0.0001909413,-1
G038,G096,-0.00019094237,-1
G071,G018,-0.00019100339,-1
G001,G038,-0.0001910106,-1
G081,G093,-0.00019106007,-1
G100,G067,-0.00019107455,-1
G063,G019,-0.00019112446,-1
G018,G034,-0.0001911751,-1
G070,G014,-0.00019123625,-1
G029,G092,-0.00019146039,-1
G069,G048,-0.00019161079,-1
G080,G006,-0.0001919655,-1
G063,G047,-0.00019198794,-1
G072,G049,-0.00019201264,-1
G077,G048,-0.00019208253,-1
G066,G021,-0.00019208825,-1
G011,G027,-0.00019221888,-1
G033,G001,-0.00019222278,-1
G030,G058,-0.00019230253,-1
G078,G055,-0.00019232802,-1
G038,G019,-0.00019241782,-1
G081,G002,-0.00019245115,-1
G046,G064,-0.00019269742,-1
G004,G079,-0.00019274716,-1
G039,G009,-0.00019275238,-1
G030,G022,-0.00019279848,-1
G072,G034,-0.00019294434,-1
G031,G001,-0.00019296767,-1
G050,G014,-0.00019334383,-1
G030,G064,-0.00019341389,-1
G055,G010,-0.00019352601,-1
G011,G054,-0.00019353665,-1
G077,G079,-0.00019362466,-1
G026,G023,-0.0001938012,-1
G074,G021,-0.00019384421,-1
G035,G068,-0.00019418892,-1
G090,G014,-0.00019424969,-1
G011,G064,-0.00019426655,-1
G033,G087,-0.000194347,-1
G060,G080,-0.00019436733,-1
G022,G049,-0.00019449729,-1
G081,G062,-0.00019456797,-1
G096,G047,-0.00019468444,-1
G053,G038,-0.00019479742,-1
G032,G082,-0.00019487021,-1
G094,G036,-0.00019491502,-1
G033,G096,-0.00019492187,-1
G062,G087,-0.00019510252,-1
G036,G056,-0.00019511624,-1
G074,G001,-0.00019512806,-1
G090,G010,-0.00019530156,-1
G075,G079,-0.00019536004,-1
G064,G010,-0.00019536994,-1
G071,G094,-0.00019542167,-1
G023,G043,-0.00019552694,-1
G079,G077,-0.00019564484,-1
G077,G098,-0.00019573202,-1
G018,G048,-0.00019587993,-1
G075,G034,-0.00019591663,-1
G004,G059,-0.00019628392,-1
G031,G022,-0.00019629368,-1
G098,G047,-0.00019631653,-1
G010,G047,-0.00019644013,-1
G005,G016,-0.00019654976,-1
G020,G048,-0.0001966134,-1
G078,G019,-0.00019669377,-1
G061,G096,-0.0001968358,-1
G029,G013,-0.00019693258,-1
G044,G092,-0.0001969919,-1
G038,G055,-0.00019704674,-1
G066,G023,-0.00019711358,-1
G031,G040,-0.00019716736,-1
G067,G093,-0.00019717247,-1
G014,G067,-0.00019719604,-1
G096,G027,-0.00019732605,-1
G047,G006,-0.0001973999,-1
G060,G008,-0.00019757646,-1
G098,G036,-0.00019758678,-1
G012,G014,-0.00019772215,-1
G026,G014,-0.0001979111,-1
G055,G079,-0.00019792475,-1
G026,G048,-0.00019794321,-1
G030,G089,-0.0001979615,-1
G055,G068,-0.0001984245,-1
G052,G049,-0.00019842519,-1
G026,G068,-0.00019842663,-1
G030,G036,-0.00019856008,-1
G064,G025,-0.00019866921,-1
G075,G072,-0.00019877485,-1
G007,G078,-0.00019880003,-1
G095,G010,-0.00019882504,-1
G088,G079,-0.00019885763,-1
G061,G019,-0.00019901119,-1
G020,G097,-0.00019911754,-1
G081,G019,-0.00019915942,-1
G079,G025,-0.0001992665,-1
G074,G028,-0.00019933366,-1
G044,G073,-0.00019944053,-1
G007,G095,-0.00019946111,-1
G076,G092,-0.00019950971,-1
G079,G068,-0.00019951195,-1
G099,G010,-0.00019974796,-1
G095,G013,-0.00019982031,-1
G041,G034,-0.00019982766,-1
G036,G069,-0.00019984783,-1
G054,G007,-0.00020003742,-1
G039,G072,-0.0002000873,-1
G062,G048,-0.00020014362,-1
G028,G037,-0.00020041276,-1
G020,G049,-0.00020042971,-1
G026,G007,-0.00020060886,-1
G060,G013,-0.00020061107,-1
G036,G040,-0.00020062509,-1
G097,G048,-0.00020066742,-1
G093,G010,-0.0002007406,-1
G005,G027,-0.00020088143,-1
G070,G006,-0.0002009441,-1
G080,G001,-0.00020095421,-1
G078,G036,-0.00020100156,-1
G005,G058,-0.00020104361,-1
G033,G059,-0.0002010595,-1
G081,G067,-0.00020128797,-1
G023,G082,-0.0002013277,-1
G090,G041,-0.00020160338,-1
G081,G087,-0.00020166309,-1
G021,G036,-0.000201672,-1
G066,G004,-0.00020177399,-1
G038,G080,-0.0002019276,-1
G093,G013,-0.00020200337,-1
G005,G094,-0.00020208092,-1
G047,G038,-0.00020212666,-1
G008,G078,-0.00020230447,-1
G018,G079,-0.00020233325,-1
G062,G094,-0.00020244672,-1
G027,G038,-0.00020245324,-1
G041,G095,-0.00020250033,-1
G035,G056,-0.00020253392,-1
G043,G039,-0.00020267515,-1
G011,G049,-0.00020275902,-1
G019,G013,-0.00020278305,-1
G052,G047,-0.00020309162,-1
G060,G095,-0.0002030917,-1
G086,G001,-0.00020314306,-1
G037,G092,-0.0002031566,-1
G050,G010,-0.00020321835,-1
G040,G088,-0.00020337486,-1
G067,G019,-0.00020343698,-1
G027,G013,-0.00020354267,-1
G096,G073,-0.00020366008,-1
G033,G079,-0.00020383419,-1
G082,G071,-0.00020420628,-1
G021,G080,-0.00020426943,-1
G077,G038,-0.00020436116,-1
G086,G009,-0.00020455229,-1
G073,G028,-0.00020455281,-1
G022,G038,-0.00020460536,-1
G025,G022,-0.00020463938,-1
G052,G041,-0.00020475737,-1
G079,G021,-0.00020476042,-1
G010,G088,-0.00020486384,-1
G005,G092,-0.00020486586,-1
G039,G096,-0.00020488331,-1
G087,G079,-0.00020489868,-1
G069,G016,-0.0002049727,-1
G100,G040,-0.00020515702,-1
G089,G013,-0.00020520246,-1
G041,G047,-0.00020539484,-1
G026,G010,-0.00020546064,-1
G056,G047,-0.00020558282,-1
G089,G019,-0.00020559163,-1
G060,G049,-0.0002058309,-1
G062,G100,-0.00020585874,-1
G080,G073,-0.00020593368,-1
G061,G064,-0.00020604373,-1
G021,G017,-0.00020607199,-1
G037,G001,-0.00020617995,-1
G022,G064,-0.00020632257,-1
G029,G041,-0.00020650114,-1
G084,G067,-0.00020656182,-1
G022,G079,-0.0002065773,-1
G036,G026,-0.00020660691,-1
G086,G095,-0.00020683579,-1
G064,G022,-0.00020689993,-1
G054,G048,-0.00020706748,-1
G061,G001,-0.00020725977,-1
G034,G007,-0.00020726284,-1
G077,G092,-0.00020727799,-1
G051,G006,-0.00020738463,-1
G088,G007,-0.00020754205,-1
G086,G006,-0.00020755228,-1
G006,G005,-0.00020757574,-1
G044,G016,-0.00020763544,-1
G042,G051,-0.00020771952,-1
G015,G022,-0.00020783127,-1
G087,G094,-0.00020791352,-1
G043,G008,-0.0002080023,-1
G035,G034,-0.00020807287,-1
G036,G057,-0.00020814188,-1
G065,G072,-0.00020822624,-1
G054,G028,-0.00020829268,-1
G076,G074,-0.0002083984,-1
G059,G021,-0.00020847823,-1
G030,G055,-0.00020848289,-1
G077,G010,-0.00020870255,-1
G068,G048,-0.0002087208,-1
G001,G048,-0.00020896706,-1
G034,G025,-0.00020897834,-1
G065,G041,-0.00020899033,-1
G057,G080,-0.00020902575,-1
G005,G068,-0.00020904138,-1
G033,G009,-0.00020916911,-1
G010,G079,-0.00020924602,-1
G077,G014,-0.00020929359,-1
G069,G015,-0.00020945608,-1
G042,G035,-0.00020952256,-1
G099,G047,-0.0002095716,-1
G005,G019,-0.00020958706,-1
G023,G035,-0.00020966733,-1
G060,G007,-0.00020989413,-1
G029,G006,-0.00021023213,-1
G057,G013,-0.00021024166,-1
G041,G093,-0.000210707,-1
G093,G078,-0.0002108723,-1
G056,G034,-0.00021089918,-1
G088,G041,-0.00021101072,-1
G088,G013,-0.00021102259,-1
G093,G006,-0.00021108262,-1
G036,G059,-0.00021112441,-1
G055,G006,-0.00021149525,-1
G035,G021,-0.00021163224,-1
G069,G098,-0.00021165222,-1
G023,G012,-0.00021174728,-1
G069,G079,-0.00021192979,-1
G069,G049,-0.0002124377,-1
G033,G034,-0.00021254944,-1
G058,G025,-0.00021288641,-1
G027,G019,-0.0002129509,-1
G031,G023,-0.00021306555,-1
G035,G015,-0.0002130753,-1
G073,G018,-0.00021310292,-1
G025,G042,-0.00021320171,-1
G073,G034,-0.00021324624,-1
G043,G048,-0.00021332181,-1
G019,G097,-0.00021345356,-1
G061,G025,-0.00021365524,-1
G096,G013,-0.00021371346,-1
G026,G027,-0.00021382746,-1
G033,G098,-0.00021395762,-1
G005,G059,-0.00021412311,-1
G020,G015,-0.0002142725,-1
G094,G028,-0.00021431029,-1
G023,G030,-0.00021437157,-1
G025,G023,-0.00021443583,-1
G086,G013,-0.0002144486,-1
G089,G036,-0.00021448953,-1
G099,G038,-0.00021454008,-1
G067,G066,-0.0002145502,-1
G068,G080,-0.00021471771,-1
G063,G084,-0.00021472567,-1
G030,G048,-0.00021475134,-1
G094,G098,-0.00021516593,-1
G015,G036,-0.00021516747,-1
G037,G022,-0.00021519266,-1
G016,G007,-0.00021519526,-1
G042,G019,-0.00021520849,-1
G028,G016,-0.00021522549,-1
G081,G013,-0.00021561443,-1
G007,G014,-0.00021588473,-1
G090,G048,-0.00021592662,-1
G079,G053,-0.00021606282,-1
G070,G027,-0.00021606676,-1
G059,G006,-0.00021611703,-1
G030,G075,-0.00021615834,-1
G014,G021,-0.0002161696,-1
G017,G078,-0.00021625173,-1
G073,G055,-0.00021628755,-1
G079,G052,-0.00021631568,-1
G079,G094,-0.00021640965,-1
G017,G084,-0.00021680679,-1
G065,G034,-0.0002168419,-1
G077,G007,-0.00021685082,-1
G025,G048,-0.0002169503,-1
G031,G027,-0.00021704048,-1
G011,G068,-0.00021714764,-1
G097,G007,-0.00021722168,-1
G040,G067,-0.00021750206,-1
G079,G072,-0.00021763926,-1
G070,G068,-0.0002177394,-1
G044,G096,-0.00021805483,-1
G050,G034,-0.00021805808,-1
G069,G087,-0.00021820104,-1
G089,G078,-0.00021821985,-1
G065,G008,-0.00021822975,-1
G050,G041,-0.00021836572,-1
G009,G049,-0.0002185375,-1
G006,G056,-0.00021856534,-1
G076,G025,-0.0002186105,-1
G100,G048,-0.0002187781,-1
G094,G045,-0.00021883093,-1
G009,G013,-0.00021901331,-1
G071,G010,-0.00021918987,-1
G028,G043,-0.000219273,-1
G023,G034,-0.0002193131,-1
G026,G095,-0.00021949803,-1
G012,G078,-0.00021954672,-1
G030,G034,-0.00021979056,-1
G056,G080,-0.00021993648,-1
G019,G071,-0.00021994299,-1
G020,G034,-0.00022011389,-1
G071,G027,-0.00022020872,-1
G080,G025,-0.00022033794,-1
G076,G090,-0.0002203762,-1
G072,G047,-0.000220452,-1
G005,G054,-0.00022058046,-1
G031,G080,-0.00022065552,-1
G093,G048,-0.00022078102,-1
G067,G042,-0.0002208699,-1
G046,G041,-0.00022087649,-1
G063,G041,-0.00022099876,-1
G044,G023,-0.00022110116,-1
G037,G095,-0.00022114384,-1
G035,G041,-0.0002212104,-1
G097,G013,-0.00022129272,-1
G006,G042,-0.00022190998,-1
G077,G025,-0.00022209891,-1
G012,G041,-0.00022220642,-1
G070,G048,-0.000222375,-1
G042,G078,-0.00022252691,-1
G055,G038,-0.0002226101,-1
G064,G079,-0.0002226958,-1
G009,G078,-0.00022270439,-1
G042,G085,-0.00022287332,-1
G052,G079,-0.00022303857,-1
G069,G064,-0.00022307679,-1
G031,G072,-0.0002234728,-1
G005,G086,-0.00022347484,-1
G036,G058,-0.00022356388,-1
G035,G087,-0.000223616,-1
G029,G034,-0.00022404338,-1
G088,G080,-0.00022416677,-1
G027,G006,-0.0002242577,-1
G032,G043,-0.00022445663,-1
G024,G034,-0.00022450864,-1
G021,G046,-0.00022463057,-1
G054,G047,-0.0002247219,-1
G034,G067,-0.00022499586,-1
G051,G036,-0.00022501135,-1
G041,G017,-0.00022507132,-1
G005,G095,-0.00022521851,-1
G004,G025,-0.00022528386,-1
G035,G096,-0.00022537156,-1
G080,G067,-0.00022541903,-1
G049,G035,-0.00022549948,-1
G060,G014,-0.00022553951,-1
G001,G023,-0.00022559665,-1
G025,G017,-0.00022572128,-1
G010,G080,-0.0002257402,-1
G029,G086,-0.0002257883,-1
G021,G038,-0.00022601163,-1
G067,G025,-0.00022620002,-1
G047,G036,-0.0002262136,-1
G023,G013,-0.00022655628,-1
G044,G012,-0.00022676066,-1
G044,G021,-0.00022684236,-1
G041,G019,-0.00022727584,-1
G033,G021,-0.00022729,-1
G023,G037,-0.00022736788,-1
G039,G023,-0.0002274412,-1
G081,G034,-0.00022760678,-1
G094,G065,-0.00022761177,-1
G044,G063,-0.00022764351,-1
G088,G100,-0.00022777481,-1
G007,G049,-0.00022779049,-1
G058,G080,-0.00022779214,-1
G077,G001,-0.0002279877,-1
G090,G013,-0.00022802844,-1
G036,G053,-0.00022814018,-1
G094,G037,-0.00022842282,-1
G036,G019,-0.00022854283,-1
G094,G034,-0.00022870285,-1
G090,G006,-0.00022901477,-1
G086,G023,-0.0002290703,-1
G038,G079,-0.00022931553,-1
G028,G023,-0.00022939316,-1
G083,G048,-0.00022944159,-1
G067,G024,-0.00022946594,-1
G002,G100,-0.00022947903,-1
G002,G038,-0.00022964735,-1
G039,G047,-0.00022978026,-1
G093,G034,-0.00022996229,-1
G051,G009,-0.00022998618,-1
G051,G100,-0.00023008563,-1
G012,G095,-0.00023035154,-1
G011,G006,-0.0002303761,-1
G065,G095,-0.00023066091,-1
G039,G014,-0.0002306639,-1
G015,G047,-0.00023066803,-1
G002,G022,-0.0002306791,-1
G078,G068,-0.00023088454,-1
G009,G048,-0.00023111992,-1
G079,G055,-0.00023116756,-1
G055,G080,-0.00023117589,-1
G044,G035,-0.00023141979,-1
G001,G010,-0.00023150347,-1
G030,G015,-0.00023152442,-1
G069,G095,-0.00023167711,-1
G073,G064,-0.00023177112,-1
G089,G025,-0.00023193505,-1
G044,G027,-0.00023229387,-1
G058,G092,-0.00023275112,-1
G069,G010,-0.00023276106,-1
G005,G014,-0.00023287843,-1
G057,G023,-0.00023302034,-1
G093,G023,-0.00023305435,-1
G097,G002,-0.00023320566,-1
G038,G035,-0.00023328204,-1
G039,G078,-0.0002334004,-1
G004,G078,-0.00023340258,-1
G096,G078,-0.00023387476,-1
G071,G096,-0.00023394139,-1
G094,G068,-0.00023401978,-1
G055,G028,-0.0002341432,-1
G073,G014,-0.00023417355,-1
G065,G079,-0.00023434166,-1
G071,G075,-0.00023438079,-1
G044,G075,-0.00023445218,-1
G040,G058,-0.00023449729,-1
G062,G068,-0.00023452092,-1
G019,G010,-0.00023461635,-1
G020,G061,-0.00023468699,-1
G071,G046,-0.00023474568,-1
G046,G075,-0.00023497142,-1
G096,G095,-0.00023506617,-1
G034,G080,-0.00023521807,-1
G061,G006,-0.00023539913,-1
G071,G098,-0.00023542193,-1
G047,G010,-0.00023548728,-1
G051,G092,-0.00023554405,-1
G053,G049,-0.00023566977,-1
G058,G001,-0.00023576245,-1
G065,G013,-0.0002360768,-1
G049,G090,-0.00023608338,-1
G047,G080,-0.00023619526,-1
G036,G078,-0.00023644471,-1
G048,G078,-0.000236524,-1
G023,G025,-0.0002367252,-1
G050,G023,-0.0002368052,-1
G080,G022,-0.00023683616,-1
G062,G034,-0.00023688033,-1
G055,G049,-0.00023725399,-1
G042,G009,-0.00023747241,-1
G094,G013,-0.00023756396,-1
G071,G015,-0.00023760037,-1
G062,G095,-0.0002376492,-1
G051,G079,-0.00023805228,-1
G048,G071,-0.00023852105,-1
G073,G079,-0.00023864237,-1
G022,G047,-0.0002389022,-1
G037,G080,-0.00023897164,-1
G053,G067,-0.00023898578,-1
G073,G010,-0.00023913408,-1
G045,G016,-0.0002393127,-1
G067,G078,-0.0002396695,-1
G009,G036,-0.00023990186,-1
G062,G010,-0.0002399869,-1
G040,G064,-0.00024012258,-1
G030,G021,-0.00024024892,-1
G034,G021,-0.00024056605,-1
G060,G087,-0.0002406172,-1
G020,G017,-0.00024080079,-1
G093,G100,-0.00024098466,-1
G033,G052,-0.00024116182,-1
G041,G014,-0.0002412536,-1
G024,G079,-0.00024127208,-1
G024,G036,-0.00024132276,-1
G008,G016,-0.00024137678,-1
G001,G078,-0.00024141157,-1
G067,G087,-0.00024149976,-1
G079,G004,-0.0002415192,-1
G053,G080,-0.00024181111,-1
G071,G019,-0.00024196993,-1
G067,G098,-0.00024217703,-1
G040,G028,-0.00024221129,-1
G097,G050,-0.00024227687,-1
G012,G072,-0.00024239365,-1
G067,G021,-0.00024261439,-1
G086,G079,-0.00024276739,-1
G096,G028,-0.00024294946,-1
G042,G070,-0.0002431511,-1
G092,G048,-0.00024333446,-1
G036,G011,-0.000243568,-1
G077,G021,-0.0002436522,-1
G006,G044,-0.00024370139,-1
G044,G029,-0.00024395387,-1
G083,G036,-0.00024411688,-1
G006,G054,-0.00024412239,-1
G093,G079,-0.0002443422,-1
G023,G046,-0.0002443552,-1
G092,G049,-0.00024436717,-1
G052,G036,-0.0002445362,-1
G088,G010,-0.00024454246,-1
G004,G034,-0.0002446146,-1
G069,G041,-0.00024465704,-1
G077,G034,-0.0002448034,-1
G079,G028,-0.00024487654,-1
G040,G013,-0.00024491473,-1
G055,G034,-0.00024521083,-1
G030,G098,-0.00024549474,-1
G071,G079,-0.00024586532,-1
G056,G079,-0.0002462478,-1
G024,G007,-0.00024657504,-1
G069,G047,-0.0002466074,-1
G037,G073,-0.00024672985,-1
G090,G079,-0.00024694524,-1
G079,G086,-0.00024698384,-1
G037,G013,-0.00024707607,-1
G072,G021,-0.0002470946,-1
G068,G028,-0.00024713253,-1
G098,G048,-0.00024713803,-1
G043,G010,-0.0002472218,-1
G054,G013,-0.00024723986,-1
G091,G048,-0.00024731783,-1
G096,G010,-0.00024749324,-1
G031,G014,-0.00024757106,-1
G039,G038,-0.0002475897,-1
G026,G006,-0.0002476069,-1
G035,G080,-0.0002476083,-1
G063,G079,-0.0002480177,-1
G044,G079,-0.0002481471,-1
G064,G049,-0.00024822087,-1
G060,G048,-0.00024836994,-1
G046,G014,-0.00024851065,-1
G070,G080,-0.00024858638,-1
G082,G028,-0.00024860082,-1
G069,G078,-0.00024861723,-1
G080,G049,-0.00024869683,-1
G079,G033,-0.0002487501,-1
G069,G006,-0.000248772,-1
G062,G021,-0.00024888082,-1
G069,G014,-0.00024902768,-1
G019,G036,-0.0002491735,-1
G011,G034,-0.00024926662,-1
G038,G042,-0.00024948787,-1
G063,G014,-0.00024966567,-1
G046,G049,-0.00024971992,-1
G067,G031,-0.00024988846,-1
G073,G095,-0.0002500926,-1
G027,G080,-0.0002502109,-1
G066,G048,-0.00025031113,-1
G038,G047,-0.0002503273,-1
G030,G080,-0.00025034137,-1
G019,G047,-0.00025040426,-1
G005,G021,-0.00025062228,-1
G018,G078,-0.00025074944,-1
G035,G078,-0.00025079286,-1
G094,G047,-0.0002508306,-1
G072,G080,-0.00025085878,-1
G042,G056,-0.00025086003,-1
G080,G048,-0.00025098937,-1
G037,G079,-0.00025117712,-1
G073,G059,-0.00025138512,-1
G094,G042,-0.00025142258,-1
G024,G023,-0.00025152086,-1
G004,G028,-0.00025189473,-1
G030,G041,-0.00025191682,-1
G096,G100,-0.00025211013,-1
G028,G002,-0.00025220704,-1
G049,G087,-0.00025234593,-1
G023,G058,-0.00025245044,-1
G097,G078,-0.0002527084,-1
G033,G022,-0.00025284747,-1
G054,G067,-0.00025298086,-1
G038,G022,-0.00025325824,-1
G041,G010,-0.00025339721,-1
G078,G028,-0.00025349282,-1
G005,G078,-0.00025362047,-1
G011,G079,-0.0002540357,-1
G099,G079,-0.00025406212,-1
G035,G014,-0.00025415723,-1
G078,G014,-0.0002543041,-1
G011,G041,-0.00025441337,-1
G071,G093,-0.0002545973,-1
G025,G049,-0.0002546184,-1
G050,G013,-0.00025476114,-1
G004,G092,-0.0002547616,-1
G044,G068,-0.00025480994,-1
G097,G079,-0.00025497258,-1
G062,G091,-0.00025521585,-1
G034,G036,-0.00025526038,-1
G099,G056,-0.00025573475,-1
G070,G079,-0.00025593146,-1
G080,G047,-0.00025602366,-1
G087,G047,-0.00025619805,-1
G048,G013,-0.00025626886,-1
G072,G079,-0.0002566329,-1
G026,G079,-0.00025666796,-1
G030,G092,-0.00025666837,-1
G088,G023,-0.00025670495,-1
G042,G023,-0.00025696272,-1
G010,G028,-0.00025718368,-1
G007,G001,-0.00025724425,-1
G037,G078,-0.0002581115,-1
G044,G055,-0.00025840866,-1
G047,G023,-0.00025849952,-1
G052,G038,-0.00025868794,-1
G020,G090,-0.00025888302,-1
G034,G006,-0.00025954496,-1
G064,G078,-0.0002596976,-1
G032,G048,-0.0002597063,-1
G014,G095,-0.0002598332,-1
G027,G048,-0.00026012404,-1
G044,G074,-0.00026044578,-1
G044,G098,-0.00026052218,-1
G038,G021,-0.00026107643,-1
G099,G049,-0.00026121808,-1
G023,G069,-0.00026121995,-1
G046,G078,-0.00026163715,-1
G077,G036,-0.00026166314,-1
G099,G092,-0.00026198584,-1
G053,G092,-0.00026207886,-1
G044,G087,-0.0002623439,-1
G020,G038,-0.0002626063,-1
G079,G039,-0.00026279874,-1
G006,G011,-0.000262835,-1
G092,G078,-0.0002629863,-1
G042,G054,-0.0002634242,-1
G042,G062,-0.00026381924,-1
G005,G011,-0.0002639154,-1
G080,G085,-0.0002639405,-1
G040,G066,-0.00026406525,-1
G029,G022,-0.00026408857,-1
G062,G047,-0.0002640898,-1
G061,G079,-0.00026428147,-1
G070,G047,-0.00026429113,-1
G097,G080,-0.0002644635,-1
G042,G076,-0.00026471308,-1
G069,G038,-0.00026550837,-1
G026,G013,-0.0002655712,-1
G030,G082,-0.000265594,-1
G035,G049,-0.00026562775,-1
G039,G036,-0.00026588456,-1
G034,G048,-0.00026639196,-1
G094,G096,-0.00026659944,-1
G073,G088,-0.00026666667,-1
G036,G017,-0.00026667144,-1
G047,G079,-0.000266805,-1
G064,G048,-0.0002668238,-1
G028,G015,-0.00026699167,-1
G044,G017,-0.00026715756,-1
G094,G021,-0.00026717913,-1
G038,G007,-0.00026833196,-1
G023,G096,-0.00026845688,-1
G035,G013,-0.00026849215,-1
G033,G007,-0.00026898604,-1
G036,G045,-0.00026917562,-1
G036,G092,-0.00026934597,-1
G063,G078,-0.0002693684,-1
G077,G023,-0.00027045532,-1
G041,G079,-0.00027057424,-1
G032,G031,-0.0002708233,-1
G072,G044,-0.00027088047,-1
G031,G041,-0.00027088594,-1
G039,G080,-0.00027095998,-1
G059,G047,-0.0002713541,-1
G042,G034,-0.00027178004,-1
G096,G023,-0.0002718515,-1
G097,G043,-0.00027204055,-1
G071,G087,-0.00027206625,-1
G094,G010,-0.0002722604,-1
G032,G036,-0.00027250158,-1
G073,G084,-0.0002729056,-1
G084,G010,-0.00027324294,-1
G005,G098,-0.00027334405,-1
G060,G010,-0.00027343302,-1
G048,G082,-0.00027353654,-1
G067,G059,-0.00027370322,-1
G005,G096,-0.0002738985,-1
G057,G006,-0.00027392324,-1
G042,G015,-0.0002745627,-1
G033,G080,-0.00027456903,-1
G070,G095,-0.00027495224,-1
G044,G084,-0.0002749816,-1
G096,G049,-0.00027502395,-1
G052,G013,-0.00027525763,-1
G044,G080,-0.00027530783,-1
G039,G013,-0.00027540227,-1
G033,G010,-0.00027548402,-1
G067,G096,-0.0002756379,-1
G079,G035,-0.00027574733,-1
G005,G023,-0.00027595166,-1
G024,G092,-0.00027607402,-1
G030,G014,-0.0002766427,-1
G097,G010,-0.00027673357,-1
G035,G048,-0.00027687938,-1
G062,G079,-0.00027695918,-1
G004,G080,-0.0002769861,-1
G040,G007,-0.0002773363,-1
G025,G010,-0.00027752548,-1
G042,G021,-0.00027829426,-1
G075,G080,-0.00027834324,-1
G094,G019,-0.00027856787,-1
G009,G080,-0.00027886778,-1
G012,G079,-0.00027901935,-1
G063,G092,-0.00027924878,-1
G044,G015,-0.00027932168,-1
G087,G010,-0.0002795943,-1
G079,G011,-0.0002798615,-1
G019,G025,-0.00028013563,-1
G012,G080,-0.00028017032,-1
G049,G024,-0.0002802948,-1
G092,G089,-0.00028031736,-1
G044,G001,-0.00028075522,-1
G004,G006,-0.00028092432,-1
G086,G092,-0.0002809666,-1
G018,G001,-0.0002811224,-1
G052,G092,-0.00028132848,-1
G096,G036,-0.00028159833,-1
G049,G040,-0.00028175718,-1
G100,G050,-0.00028185282,-1
G078,G013,-0.00028189828,-1
G062,G049,-0.00028259866,-1
G099,G023,-0.00028287695,-1
G024,G049,-0.00028292285,-1
G071,G021,-0.00028298548,-1
G035,G019,-0.0002831313,-1
G081,G006,-0.0002835384,-1
G077,G013,-0.0002836936,-1
G076,G028,-0.00028374666,-1
G089,G080,-0.00028473127,-1
G024,G013,-0.00028486515,-1
G001,G080,-0.00028508698,-1
G050,G079,-0.00028520607,-1
G006,G035,-0.00028530377,-1
G048,G043,-0.00028533707,-1
G072,G096,-0.00028601877,-1
G020,G036,-0.0002860527,-1
G097,G023,-0.00028628888,-1
G094,G035,-0.0002864743,-1
G023,G020,-0.00028661866,-1
G026,G080,-0.00028662212,-1
G020,G089,-0.00028699765,-1
G091,G041,-0.0002872354,-1
G002,G083,-0.0002872652,-1
G036,G050,-0.00028779157,-1
G073,G025,-0.00028793403,-1
G025,G007,-0.00028803575,-1
G034,G023,-0.00028887807,-1
G032,G078,-0.00028900904,-1
G076,G079,-0.00028910654,-1
G100,G084,-0.00028913157,-1
G067,G013,-0.00028924074,-1
G023,G061,-0.00028929033,-1
G094,G011,-0.00028931882,-1
G065,G048,-0.0002894994,-1
G099,G013,-0.00028966367,-1
G040,G049,-0.00028986557,-1
G097,G006,-0.0002900752,-1
G100,G056,-0.000290082,-1
G071,G099,-0.00029025588,-1
G054,G006,-0.000290272,-1
G041,G028,-0.00029070827,-1
G036,G066,-0.0002910112,-1
G097,G049,-0.0002913068,-1
G076,G080,-0.0002917879,-1
G029,G079,-0.00029194352,-1
G100,G093,-0.0002922955,-1
G060,G006,-0.00029232615,-1
G006,G090,-0.00029234108,-1
G028,G078,-0.00029270252,-1
G079,G012,-0.0002927694,-1
G049,G065,-0.00029281544,-1
G096,G006,-0.00029291937,-1
G010,G006,-0.00029363064,-1
G073,G092,-0.00029365954,-1
G019,G093,-0.0002950556,-1
G023,G097,-0.00029517576,-1
G020,G013,-0.00029536607,-1
G070,G010,-0.00029537303,-1
G050,G080,-0.00029637554,-1
G006,G026,-0.0002965583,-1
G049,G081,-0.00029738975,-1
G044,G067,-0.00029739123,-1
G053,G013,-0.00029754208,-1
G049,G089,-0.00029762057,-1
G035,G007,-0.0002977335,-1
G005,G089,-0.0002978556,-1
G042,G033,-0.00029853097,-1
G041,G080,-0.00029867818,-1
G094,G027,-0.00029868324,-1
G091,G006,-0.00029886988,-1
G036,G027,-0.00029963918,-1
G063,G013,-0.00030019422,-1
G030,G079,-0.00030046952,-1
G061,G078,-0.00030079138,-1
G030,G006,-0.00030109382,-1
G049,G020,-0.00030184604,-1
G071,G095,-0.0003020778,-1
G028,G082,-0.00030208062,-1
G056,G048,-0.00030262183,-1
G071,G078,-0.00030265396,-1
G075,G006,-0.00030269104,-1
G007,G008,-0.00030285612,-1
G094,G092,-0.0003034507,-1
G062,G078,-0.00030356107,-1
G085,G049,-0.00030366605,-1
G023,G029,-0.00030373747,-1
G033,G014,-0.0003038654,-1
G044,G078,-0.00030421256,-1
G100,G096,-0.0003042992,-1
G064,G080,-0.00030432906,-1
G038,G049,-0.00030452438,-1
G035,G047,-0.00030469426,-1
G038,G041,-0.00030480037,-1
G002,G048,-0.0003049085,-1
G004,G038,-0.00030500008,-1
G042,G057,-0.00030508926,-1
G040,G082,-0.00030578946,-1
G005,G064,-0.00030610134,-1
G062,G014,-0.0003061133,-1
G040,G006,-0.00030623368,-1
G096,G080,-0.00030648292,-1
G049,G058,-0.00030691765,-1
G005,G057,-0.00030693418,-1
G040,G001,-0.00030734547,-1
G070,G087,-0.00030753255,-1
G083,G031,-0.00030845084,-1
G021,G041,-0.00030873297,-1
G018,G023,-0.00030873663,-1
G016,G083,-0.00030878533,-1
G080,G021,-0.0003088962,-1
G023,G089,-0.0003089462,-1
G062,G017,-0.00030901184,-1
G042,G074,-0.00030981147,-1
G074,G006,-0.00031006229,-1
G036,G006,-0.000310478,-1
G046,G013,-0.00031052576,-1
G066,G006,-0.0003106963,-1
G006,G093,-0.00031103718,-1
G065,G080,-0.00031104227,-1
G067,G091,-0.0003111514,-1
G035,G006,-0.00031168622,-1
G078,G007,-0.00031173695,-1
G067,G001,-0.00031192313,-1
G061,G013,-0.00031243748,-1
G042,G029,-0.00031298882,-1
G036,G076,-0.00031305128,-1
G072,G010,-0.000313283,-1
G030,G096,-0.00031362992,-1
G042,G022,-0.00031369936,-1
G023,G057,-0.00031384334,-1
G040,G019,-0.00031425428,-1
G066,G080,-0.00031441104,-1
G019,G072,-0.00031494742,-1
G007,G013,-0.00031532312,-1
G079,G034,-0.00031534204,-1
G052,G080,-0.0003155596,-1
G042,G084,-0.00031631297,-1
G023,G060,-0.0003164466,-1
G007,G080,-0.00031685107,-1
G070,G013,-0.00031697357,-1
G079,G049,-0.00031716732,-1
G094,G097,-0.00031734534,-1
G062,G022,-0.00031784727,-1
G077,G078,-0.00031803097,-1
G044,G056,-0.00031828432,-1
G042,G007,-0.0003186155,-1
G042,G059,-0.00031911253,-1
G036,G048,-0.0003209734,-1
G070,G034,-0.00032105987,-1
G100,G059,-0.00032115026,-1
G038,G009,-0.00032135323,-1
G083,G010,-0.00032142582,-1
G042,G053,-0.00032185938,-1
G080,G094,-0.00032200213,-1
G044,G057,-0.00032219506,-1
G067,G075,-0.00032219867,-1
G069,G013,-0.00032267673,-1
G079,G010,-0.00032305764,-1
G005,G013,-0.000323217,-1
G081,G079,-0.0003235003,-1
G014,G100,-0.0003235341,-1
G006,G034,-0.00032368995,-1
G010,G032,-0.0003239037,-1
G033,G047,-0.00032393733,-1
G036,G031,-0.00032404755,-1
G031,G047,-0.0003243284,-1
G079,G058,-0.0003245696,-1
G100,G002,-0.0003246863,-1
G060,G023,-0.00032534142,-1
G036,G067,-0.0003254058,-1
G019,G066,-0.0003261501,-1
G042,G063,-0.00032615277,-1
G025,G001,-0.0003289442,-1
G079,G054,-0.00032909706,-1
G041,G013,-0.0003296765,-1
G024,G048,-0.00033021535,-1
G073,G007,-0.00033027685,-1
G079,G062,-0.00033051558,-1
G023,G005,-0.00033078872,-1
G042,G039,-0.00033085208,-1
G094,G087,-0.0003318693,-1
G065,G064,-0.00033313865,-1
G029,G080,-0.00033327643,-1
G042,G046,-0.00033366674,-1
G017,G001,-0.0003347111,-1
G044,G049,-0.0003348614,-1
G028,G083,-0.00033487927,-1
G071,G084,-0.00033563655,-1
G071,G092,-0.00033583157,-1
G071,G047,-0.00033659392,-1
G074,G080,-0.00033705728,-1
G044,G054,-0.00033711336,-1
G073,G080,-0.00033746017,-1
G007,G079,-0.00033803764,-1
G091,G023,-0.00033932144,-1
G030,G013,-0.00033970314,-1
G044,G070,-0.00033981338,-1
G010,G048,-0.00034028565,-1
G021,G006,-0.00034114288,-1
G005,G004,-0.00034125854,-1
G049,G041,-0.00034248052,-1
G079,G069,-0.00034250823,-1
G043,G028,-0.00034252234,-1
G015,G023,-0.0003426362,-1
G067,G095,-0.00034283596,-1
G034,G038,-0.0003429296,-1
G080,G092,-0.0003431885,-1
G100,G064,-0.00034319103,-1
G087,G073,-0.00034344627,-1
G042,G082,-0.00034400713,-1
G017,G080,-0.00034401563,-1
G049,G091,-0.00034463263,-1
G052,G006,-0.0003448216,-1
G049,G037,-0.0003449197,-1
G044,G041,-0.0003451644,-1
G035,G079,-0.00034552548,-1
G093,G094,-0.00034586113,-1
G079,G087,-0.00034657927,-1
G067,G007,-0.00034713632,-1
G076,G048,-0.0003472748,-1
G020,G080,-0.00034743303,-1
G051,G080,-0.00034759907,-1
G067,G089,-0.00034814476,-1
G023,G086,-0.0003482754,-1
G047,G028,-0.00034835815,-1
G010,G073,-0.00034906066,-1
G032,G049,-0.0003495928,-1
G067,G052,-0.00034963695,-1
G087,G006,-0.00034977484,-1
G067,G039,-0.0003512956,-1
G018,G080,-0.00035161126,-1
G023,G056,-0.00035287213,-1
G049,G050,-0.00035290848,-1
G038,G017,-0.00035296305,-1
G042,G068,-0.0003530019,-1
G042,G045,-0.00035372414,-1
G033,G049,-0.0003537748,-1
G100,G037,-0.00035405142,-1
G042,G093,-0.00035452974,-1
G053,G073,-0.00035477785,-1
G025,G006,-0.00035530358,-1
G100,G034,-0.00035535134,-1
G094,G090,-0.00035649101,-1
G023,G001,-0.00035734015,-1
G077,G006,-0.00035766358,-1
G006,G096,-0.00035865727,-1
G067,G092,-0.00035869662,-1
G041,G067,-0.00035898853,-1
G042,G096,-0.00036023077,-1
G020,G006,-0.00036029852,-1
G062,G064,-0.00036029954,-1
G063,G080,-0.0003606885,-1
G071,G091,-0.0003608369,-1
G067,G027,-0.00036122868,-1
G025,G080,-0.00036161274,-1
G096,G048,-0.00036161995,-1
G053,G023,-0.00036201678,-1
G049,G068,-0.00036214117,-1
G080,G017,-0.00036313536,-1
G005,G049,-0.0003631846,-1
G046,G080,-0.0003633354,-1
G049,G074,-0.0003641283,-1
G024,G080,-0.00036419032,-1
G079,G098,-0.00036429707,-1
G012,G006,-0.00036444314,-1
G084,G080,-0.00036481954,-1
G073,G021,-0.0003648437,-1
G010,G049,-0.00036523692,-1
G079,G091,-0.00036527653,-1
G010,G033,-0.00036542316,-1
G072,G017,-0.00036553474,-1
G100,G066,-0.0003657871,-1
G094,G039,-0.0003659948,-1
G085,G052,-0.00036615704,-1
G023,G088,-0.00036648652,-1
G042,G001,-0.00036670963,-1
G028,G014,-0.00036736703,-1
G079,G092,-0.00036895953,-1
G062,G013,-0.00036989807,-1
G036,G095,-0.00037012066,-1
G044,G059,-0.0003703938,-1
G006,G052,-0.00037075387,-1
G011,G080,-0.00037113376,-1
G047,G049,-0.00037122963,-1
G079,G023,-0.00037189928,-1
G036,G007,-0.0003726174,-1
G008,G048,-0.00037340648,-1
G071,G080,-0.000373464,-1
G043,G038,-0.00037370416,-1
G094,G080,-0.00037378774,-1
G037,G034,-0.00037396548,-1
G099,G080,-0.0003741499,-1
G001,G006,-0.00037444662,-1
G023,G055,-0.00037453757,-1
G061,G080,-0.0003745434,-1
G046,G079,-0.0003746239,-1
G006,G055,-0.00037471848,-1
G025,G079,-0.0003754914,-1
G071,G067,-0.00037552378,-1
G042,G075,-0.00037553525,-1
G100,G035,-0.00037732272,-1
G006,G020,-0.00037732444,-1
G005,G080,-0.00037782342,-1
G005,G079,-0.00037829197,-1
G036,G047,-0.00037885606,-1
G006,G009,-0.00037922306,-1
G079,G048,-0.00037938898,-1
G038,G013,-0.00037970114,-1
G100,G047,-0.00038006195,-1
G060,G085,-0.0003803397,-1
G100,G098,-0.00038035348,-1
G023,G053,-0.00038196985,-1
G044,G014,-0.0003821501,-1
G100,G092,-0.00038226167,-1
G023,G009,-0.00038396954,-1
G044,G006,-0.0003845614,-1
G071,G014,-0.00038470974,-1
G006,G050,-0.00038516396,-1
G099,G072,-0.00038666872,-1
G005,G041,-0.0003871729,-1
G023,G050,-0.0003873898,-1
G023,G004,-0.00038740144,-1
G094,G022,-0.0003883516,-1
G040,G079,-0.0003887594,-1
G049,G030,-0.00038906833,-1
G099,G008,-0.00038987788,-1
G065,G022,-0.00039157082,-1
G023,G059,-0.0003920514,-1
G094,G095,-0.00039324246,-1
G094,G002,-0.00039356426,-1
G036,G023,-0.000393966,-1
G005,G055,-0.000394194,-1
G049,G069,-0.00039506858,-1
G020,G079,-0.00039582144,-1
G023,G040,-0.00039599187,-1
G025,G092,-0.0003969938,-1
G060,G100,-0.00039718943,-1
G006,G086,-0.0003974179,-1
G040,G009,-0.00039756627,-1
G099,G078,-0.00039791735,-1
G049,G046,-0.00039915045,-1
G006,G045,-0.00039952662,-1
G049,G025,-0.000399983,-1
G049,G078,-0.00040313168,-1
G084,G023,-0.00040358357,-1
G067,G034,-0.0004039923,-1
G005,G047,-0.00040405997,-1
G039,G048,-0.00040544252,-1
G049,G075,-0.00040612218,-1
G042,G017,-0.00040724274,-1
G067,G074,-0.00040746102,-1
G079,G063,-0.0004075523,-1
G020,G074,-0.0004085543,-1
G100,G063,-0.0004085972,-1
G044,G020,-0.00041067626,-1
G013,G083,-0.00041154367,-1
G042,G064,-0.0004117508,-1
G079,G067,-0.00041176716,-1
G042,G058,-0.00041212564,-1
G100,G070,-0.00041274301,-1
G094,G079,-0.00041475936,-1
G079,G044,-0.00041531553,-1
G100,G022,-0.00041555715,-1
G049,G022,-0.000415655,-1
G082,G048,-0.00041628434,-1
G100,G080,-0.00041643032,-1
G042,G086,-0.00041661685,-1
G036,G091,-0.00041661758,-1
G023,G092,-0.00041716875,-1
G087,G100,-0.00041739535,-1
G005,G022,-0.00041805496,-1
G094,G050,-0.0004181616,-1
G042,G089,-0.00041859978,-1
G042,G049,-0.00041932263,-1
G044,G046,-0.00041951667,-1
G042,G014,-0.00042049473,-1
G020,G078,-0.00042064188,-1
G023,G054,-0.00042084118,-1
G099,G100,-0.000421137,-1
G049,G044,-0.00042139232,-1
G044,G013,-0.00042200755,-1
G035,G038,-0.00042203872,-1
G049,G061,-0.00042295383,-1
G073,G074,-0.00042307543,-1
G031,G006,-0.00042355937,-1
G042,G087,-0.0004237498,-1
G079,G041,-0.0004255879,-1
G094,G066,-0.00042574064,-1
G024,G006,-0.00042672994,-1
G023,G019,-0.00042728323,-1
G042,G098,-0.00042784115,-1
G042,G027,-0.00042892006,-1
G033,G076,-0.00042901924,-1
G094,G071,-0.00042982306,-1
G069,G080,-0.00043029306,-1
G023,G066,-0.00043050825,-1
G042,G047,-0.00043348433,-1
G094,G005,-0.00043490477,-1
G023,G081,-0.00043672082,-1
G100,G074,-0.00043727076,-1
G040,G027,-0.00043795787,-1
G087,G048,-0.00043935454,-1
G070,G041,-0.0004393815,-1
G094,G088,-0.00044220072,-1
G100,G027,-0.00044406773,-1
G072,G011,-0.00044419733,-1
G036,G080,-0.00044451392,-1
G042,G097,-0.00044478825,-1
G100,G097,-0.00044641117,-1
G008,G083,-0.00044692223,-1
G031,G049,-0.00044735146,-1
G049,G088,-0.00044823703,-1
G005,G002,-0.00044931425,-1
G006,G095,-0.00044945482,-1
G014,G094,-0.00045060605,-1
G042,G052,-0.00045065433,-1
G079,G001,-0.00045161476,-1
G100,G090,-0.0004528713,-1
G028,G072,-0.0004528856,-1
G080,G079,-0.0004534688,-1
G100,G087,-0.0004562537,-1
G049,G057,-0.0004573172,-1
G028,G100,-0.0004583629,-1
G048,G010,-0.00045959707,-1
G079,G075,-0.00046048826,-1
G077,G080,-0.0004614463,-1
G020,G052,-0.00046260472,-1
G033,G048,-0.00046314267,-1
G023,G011,-0.00046379855,-1
G042,G013,-0.00046446646,-1
G073,G098,-0.00046491058,-1
G018,G073,-0.00046623946,-1
G074,G073,-0.00046706927,-1
G005,G006,-0.00046710277,-1
G023,G077,-0.000467994,-1
G042,G055,-0.00046829492,-1
G049,G096,-0.00046976458,-1
G042,G004,-0.00046994377,-1
G067,G026,-0.00047303847,-1
G038,G048,-0.0004740673,-1
G067,G058,-0.00047435073,-1
G094,G001,-0.00047760428,-1
G049,G027,-0.00047788574,-1
G079,G061,-0.00048001873,-1
G049,G019,-0.0004808165,-1
G037,G100,-0.0004831339,-1
G100,G039,-0.00048337746,-1
G071,G001,-0.00048360488,-1
G063,G023,-0.00048365264,-1
G033,G029,-0.00048412773,-1
G023,G021,-0.0004851025,-1
G067,G079,-0.0004851107,-1
G079,G050,-0.00048609416,-1
G049,G071,-0.00048610935,-1
G049,G077,-0.00048674594,-1
G079,G030,-0.00048786536,-1
G044,G095,-0.00048827322,-1
G010,G025,-0.00048957206,-1
G049,G055,-0.00049011875,-1
G014,G023,-0.00049091736,-1
G100,G001,-0.00049117935,-1
G042,G094,-0.00049259997,-1
G100,G079,-0.00049378606,-1
G080,G093,-0.00050058105,-1
G023,G090,-0.00050431775,-1
G008,G081,-0.00050487113,-1
G044,G034,-0.000504982,-1
G023,G044,-0.00050575094,-1
G017,G021,-0.0005069279,-1
G079,G090,-0.0005074231,-1
G036,G090,-0.00050812744,-1
G008,G002,-0.0005090991,-1
G091,G094,-0.0005098313,-1
G042,G091,-0.000510185,-1
G049,G070,-0.0005139004,-1
G042,G002,-0.000514593,-1
G042,G011,-0.00051580434,-1
G028,G051,-0.0005171545,-1
G049,G007,-0.00051770755,-1
G049,G009,-0.0005180201,-1
G049,G093,-0.00051893,-1
G006,G097,-0.0005193286,-1
G091,G072,-0.0005195767,-1
G023,G002,-0.00051959854,-1
G048,G051,-0.0005212417,-1
G049,G076,-0.0005229979,-1
G049,G052,-0.00052430836,-1
G042,G088,-0.0005253096,-1
G042,G092,-0.0005253573,-1
G042,G079,-0.00052577636,-1
G020,G011,-0.0005291688,-1
G042,G005,-0.00053042057,-1
G100,G095,-0.0005328404,-1
G079,G074,-0.0005340003,-1
G100,G010,-0.00053409155,-1
G049,G054,-0.00053564314,-1
G009,G071,-0.0005357245,-1
G042,G100,-0.0005362111,-1
G065,G094,-0.0005367079,-1
G085,G028,-0.0005383238,-1
G023,G095,-0.00053922925,-1
G049,G082,-0.00053999457,-1
G006,G039,-0.00054031686,-1
G031,G100,-0.00054183946,-1
G023,G098,-0.00054438575,-1
G036,G001,-0.00054518285,-1
G005,G072,-0.0005463478,-1
G049,G026,-0.00055015524,-1
G017,G023,-0.0005582911,-1
G053,G006,-0.0005599514,-1
G036,G041,-0.00056114706,-1
G044,G019,-0.0005632492,-1
G023,G045,-0.00056336465,-1
G049,G063,-0.0005651756,-1
G049,G029,-0.00056533155,-1
G049,G066,-0.000572537,-1
G038,G075,-0.0005726193,-1
G023,G007,-0.0005729373,-1
G018,G006,-0.0005738164,-1
G048,G073,-0.0005761729,-1
G067,G055,-0.00057671475,-1
G028,G094,-0.0005776824,-1
G036,G079,-0.0005781253,-1
G067,G080,-0.0005801674,-1
G008,G057,-0.0005803284,-1
G049,G059,-0.00058206037,-1
G073,G011,-0.0005825528,-1
G023,G075,-0.0005846638,-1
G012,G013,-0.0005877366,-1
G023,G070,-0.0005907021,-1
G094,G033,-0.00059290923,-1
G020,G021,-0.00059465447,-1
G028,G025,-0.0005947121,-1
G021,G068,-0.000596952,-1
G092,G091,-0.00059974386,-1
G079,G009,-0.0006025579,-1
G031,G003,-0.0006047284,-1
G023,G039,-0.00060606026,-1
G100,G005,-0.00060761155,-1
G049,G060,-0.0006119743,-1
G100,G076,-0.00061216095,-1
G041,G007,-0.00061624474,-1
G049,G086,-0.000617913,-1
G023,G052,-0.0006214626,-1
G042,G095,-0.0006241247,-1
G028,G088,-0.00062661344,-1
G100,G088,-0.0006302253,-1
G073,G013,-0.0006307143,-1
G079,G006,-0.00063160714,-1
G049,G056,-0.0006358362,-1
G023,G008,-0.00063617446,-1
G079,G095,-0.0006382231,-1
G031,G094,-0.0006441192,-1
G049,G002,-0.0006441994,-1
G010,G094,-0.0006452833,-1
G097,G096,-0.0006487622,-1
G049,G095,-0.0006527046,-1
G049,G073,-0.0006594532,-1
G008,G010,-0.00066252454,-1
G008,G051,-0.0006630994,-1
G013,G094,-0.0006640195,-1
G028,G081,-0.0006643488,-1
G006,G079,-0.00066855585,-1
G049,G003,-0.0006686058,-1
G049,G034,-0.0006758678,-1
G076,G094,-0.0006806458,-1
G049,G098,-0.00068169116,-1
G028,G010,-0.0006826625,-1
G008,G089,-0.000683006,-1
G048,G057,-0.00068386766,-1
G028,G042,-0.00068742887,-1
G099,G094,-0.00069186615,-1
G053,G018,-0.0006935106,-1
G006,G019,-0.0006946889,-1
G023,G080,-0.00069581263,-1
G049,G079,-0.0007055568,-1
G020,G047,-0.0007071191,-1
G042,G080,-0.00070850435,-1
G020,G070,-0.00071083574,-1
G033,G039,-0.0007134988,-1
G049,G039,-0.00071536796,-1
G041,G045,-0.000715899,-1
G041,G039,-0.000716981,-1
G006,G072,-0.0007209737,-1
G008,G025,-0.0007231017,-1
G049,G001,-0.00072525174,-1
G049,G080,-0.00072620367,-1
G007,G028,-0.0007320726,-1
G023,G087,-0.0007327744,-1
G016,G028,-0.0007351535,-1
G028,G024,-0.00073689915,-1
G067,G045,-0.0007399918,-1
G008,G042,-0.0007426779,-1
G088,G094,-0.0007493183,-1
G049,G084,-0.0007541103,-1
G094,G070,-0.00075903954,-1
G072,G083,-0.0007604734,-1
G023,G027,-0.00076104887,-1
G100,G033,-0.0007677252,-1
G071,G076,-0.000768539,-1
G067,G041,-0.000770756,-1
G035,G072,-0.0007748632,-1
G004,G003,-0.00077742693,-1
G010,G100,-0.0007859319,-1
G008,G018,-0.00078600575,-1
G048,G018,-0.0007872215,-1
G060,G094,-0.00079047907,-1
G023,G076,-0.0007944735,-1
G006,G084,-0.00079906057,-1
G006,G080,-0.0007992277,-1
G029,G003,-0.0007992527,-1
G002,G001,-0.000800332,-1
G032,G006,-0.00080103695,-1
G049,G004,-0.00080586236,-1
G023,G079,-0.00080643024,-1
G080,G100,-0.00080643146,-1
G065,G100,-0.00081416476,-1
G028,G073,-0.000814504,-1
G049,G011,-0.00081940147,-1
G067,G084,-0.00082088204,-1
G012,G011,-0.00082806783,-1
G028,G057,-0.0008353407,-1
G020,G041,-0.0008379195,-1
G049,G005,-0.00083967234,-1
G049,G047,-0.00084024074,-1
G100,G011,-0.0008490193,-1
G100,G021,-0.0008549452,-1
G041,G008,-0.00085681095,-1
G084,G006,-0.0008606578,-1
G008,G074,-0.0008662201,-1
G072,G038,-0.0008683211,-1
G073,G033,-0.00087013614,-1
G023,G033,-0.0008731062,-1
G072,G043,-0.0008733186,-1
G023,G093,-0.0008768823,-1
G048,G025,-0.0008856173,-1
G028,G065,-0.0008903268,-1
G091,G100,-0.00089966395,-1
G032,G071,-0.00090477563,-1
G021,G018,-0.00090509845,-1
G071,G030,-0.0009084382,-1
G071,G029,-0.00092090137,-1
G076,G008,-0.0009211577,-1
G072,G074,-0.00092329,-1
G008,G067,-0.0009253177,-1
G028,G018,-0.00092550094,-1
G023,G017,-0.0009324265,-1
G006,G063,-0.00093577907,-1
G100,G073,-0.00094082806,-1
G048,G030,-0.0009418695,-1
G090,G085,-0.0009479072,-1
G028,G040,-0.00095403794,-1
G048,G020,-0.0009580111,-1
G048,G077,-0.00096320617,-1
G028,G070,-0.00096803054,-1
G023,G084,-0.00097070803,-1
G008,G040,-0.0009838522,-1
G023,G063,-0.0009849989,-1
G022,G067,-0.0009952162,-1
G006,G017,-0.0009974045,-1
G008,G086,-0.0010042852,-1
G048,G088,-0.0010044312,-1
G028,G039,-0.0010076903,-1
G006,G041,-0.0010120072,-1
G033,G073,-0.0010132903,-1
G038,G072,-0.0010188433,-1
G028,G077,-0.0010195184,-1
G008,G077,-0.0010234746,-1
G008,G034,-0.0010269053,-1
G007,G072,-0.0010297543,-1
G073,G094,-0.0010315197,-1
G008,G095,-0.0010337691,-1
G028,G090,-0.001037798,-1
G048,G096,-0.0010463542,-1
G028,G060,-0.0010463833,-1
G008,G069,-0.0010497354,-1
G048,G023,-0.0010546669,-1
G048,G093,-0.0010580708,-1
G028,G061,-0.0010636011,-1
G048,G091,-0.0010710363,-1
G028,G069,-0.0010716167,-1
G008,G058,-0.0010760768,-1
G028,G001,-0.0010785424,-1
G008,G037,-0.0010795573,-1
G048,G098,-0.0010820754,-1
G048,G083,-0.0010845024,-1
G028,G068,-0.0010849824,-1
G008,G060,-0.0010876951,-1
G048,G100,-0.0010877727,-1
G008,G009,-0.0010895483,-1
G048,G090,-0.0010897409,-1
G048,G086,-0.0010923054,-1
G017,G006,-0.0010928782,-1
G028,G054,-0.0010965712,-1
G048,G050,-0.0010971772,-1
G048,G066,-0.001097752,-1
G048,G037,-0.0010980415,-1
G048,G024,-0.0010983574,-1
G031,G048,-0.0010990533,-1
G028,G074,-0.0011028406,-1
G048,G070,-0.0011032387,-1
G008,G056,-0.0011053568,-1
G048,G081,-0.0011067699,-1
G082,G008,-0.0011120507,-1
G008,G054,-0.001126892,-1
G032,G012,-0.0011327803,-1
G070,G008,-0.0011405776,-1
G017,G072,-0.0011470868,-1
G008,G047,-0.0011473085,-1
G008,G039,-0.0011474057,-1
G028,G053,-0.0011504253,-1
G008,G004,-0.0011508574,-1
G048,G009,-0.0011512854,-1
G008,G092,-0.0011567876,-1
G076,G100,-0.0011569031,-1
G028,G047,-0.0011587298,-1
G028,G034,-0.001162015,-1
G048,G084,-0.0011635395,-1
G049,G067,-0.0011684215,-1
G008,G061,-0.0011726362,-1
G048,G026,-0.0011730132,-1
G032,G028,-0.0011737545,-1
G067,G017,-0.0011742474,-1
G028,G098,-0.0011767624,-1
G048,G034,-0.0011780325,-1
G028,G097,-0.0011874874,-1
G028,G020,-0.0011894566,-1
G028,G096,-0.00119267,-1
G048,G006,-0.0011943365,-1
G028,G093,-0.0011948872,-1
G028,G009,-0.001195375,-1
G048,G035,-0.0011971497,-1
G008,G050,-0.0011979946,-1
G073,G045,-0.0012004629,-1
G048,G039,-0.0012026984,-1
G023,G073,-0.0012080377,-1
G028,G058,-0.0012087545,-1
G076,G073,-0.001209849,-1
G008,G024,-0.0012126971,-1
G048,G068,-0.0012134315,-1
G094,G041,-0.0012135155,-1
G032,G020,-0.0012172414,-1
G028,G055,-0.0012189143,-1
G048,G067,-0.001227358,-1
G008,G001,-0.0012278897,-1
G008,G098,-0.0012281053,-1
G008,G097,-0.001231927,-1
G048,G027,-0.0012352907,-1
G048,G041,-0.0012371069,-1
G048,G075,-0.0012376077,-1
G048,G031,-0.0012395479,-1
G048,G062,-0.0012409462,-1
G012,G029,-0.0012422892,-1
G008,G021,-0.0012429345,-1
G028,G087,-0.0012460974,-1
G028,G086,-0.0012462448,-1
G008,G035,-0.0012499864,-1
G048,G054,-0.0012514676,-1
G008,G068,-0.0012529654,-1
G079,G080,-0.0012535935,-1
G048,G060,-0.0012624476,-1
G008,G075,-0.0012651881,-1
G048,G069,-0.0012687331,-1
G048,G053,-0.0012721771,-1
G008,G066,-0.0012780896,-1
G028,G067,-0.0012781095,-1
G008,G026,-0.0012847342,-1
G028,G084,-0.0012921643,-1
G032,G072,-0.0012935776,-1
G048,G033,-0.0012942544,-1
G048,G058,-0.0012966358,-1
G029,G012,-0.0012995839,-1
G028,G064,-0.0013011469,-1
G028,G095,-0.0013031039,-1
G037,G038,-0.0013039524,-1
G008,G099,-0.0013061792,-1
G028,G021,-0.0013085875,-1
G008,G027,-0.0013132606,-1
G008,G063,-0.0013155369,-1
G008,G087,-0.0013213342,-1
G048,G056,-0.0013233486,-1
G028,G089,-0.0013314739,-1
G008,G062,-0.00133241,-1
G008,G055,-0.0013348354,-1
G048,G089,-0.0013351795,-1
G048,G065,-0.0013365839,-1
G028,G075,-0.0013403645,-1
G048,G044,-0.0013416953,-1
G008,G090,-0.0013435344,-1
G028,G056,-0.0013478481,-1
G048,G029,-0.0013488258,-1
G028,G046,-0.0013537545,-1
G008,G052,-0.0013581055,-1
G028,G063,-0.0013604276,-1
G028,G027,-0.0013618608,-1
G048,G076,-0.0013655785,-1
G008,G046,-0.0013667276,-1
G028,G099,-0.0013737333,-1
G048,G087,-0.0013751824,-1
G048,G099,-0.0013756426,-1
G028,G035,-0.0013806054,-1
G008,G020,-0.00138219,-1
G048,G012,-0.001385264,-1
G028,G030,-0.0013856777,-1
G008,G053,-0.0013867385,-1
G004,G045,-0.0013868243,-1
G073,G008,-0.0013936341,-1
G028,G066,-0.0013952758,-1
G028,G049,-0.001399595,-1
G042,G072,-0.0013997197,-1
G028,G076,-0.0014040279,-1
G048,G004,-0.0014054172,-1
G048,G007,-0.0014057093,-1
G048,G061,-0.0014123044,-1
G008,G064,-0.0014140974,-1
G028,G050,-0.0014143442,-1
G063,G006,-0.0014159136,-1
G048,G052,-0.001421963,-1
G008,G093,-0.0014272947,-1
G028,G052,-0.0014304026,-1
G008,G017,-0.0014332766,-1
G048,G019,-0.0014348166,-1
G032,G037,-0.0014370013,-1
G008,G096,-0.0014375697,-1
G048,G040,-0.0014469585,-1
G033,G094,-0.0014521814,-1
G028,G044,-0.0014542385,-1
G048,G094,-0.0014577146,-1
G048,G001,-0.0014616296,-1
G032,G042,-0.001467461,-1
G008,G011,-0.0014688219,-1
G048,G059,-0.0014721889,-1
G028,G059,-0.0014780295,-1
G048,G095,-0.0014874263,-1
G072,G094,-0.0014888978,-1
G008,G049,-0.0014900264,-1
G032,G057,-0.0015025977,-1
G028,G026,-0.0015123955,-1
G028,G062,-0.001513516,-1
G008,G038,-0.0015259768,-1
G008,G059,-0.0015298332,-1
G028,G004,-0.0015398572,-1
G048,G055,-0.0015447885,-1
G023,G094,-0.0015553369,-1
G028,G092,-0.0015583575,-1
G032,G038,-0.0015601205,-1
G008,G091,-0.0015656957,-1
G008,G019,-0.0015664607,-1
G067,G063,-0.0015861342,-1
G082,G040,-0.0015998431,-1
G017,G053,-0.0016069807,-1
G048,G046,-0.0016103392,-1
G008,G084,-0.0016108806,-1
G070,G094,-0.0016182136,-1
G100,G008,-0.0016191967,-1
G048,G097,-0.0016261433,-1
G032,G022,-0.0016306596,-1
G008,G073,-0.0016385613,-1
G028,G091,-0.001641017,-1
G008,G065,-0.0016432528,-1
G008,G030,-0.0016613246,-1
G015,G085,-0.0016619614,-1
G048,G002,-0.0016630808,-1
G082,G050,-0.001663733,-1
G048,G074,-0.0016706022,-1
G071,G008,-0.0016715782,-1
G048,G092,-0.0016720867,-1
G082,G049,-0.001687953,-1
G073,G076,-0.0016892143,-1
G048,G064,-0.0016922805,-1
G083,G033,-0.0016924703,-1
G008,G044,-0.0017077342,-1
G070,G100,-0.0017098457,-1
G013,G031,-0.0017121283,-1
G017,G045,-0.001712531,-1
G032,G047,-0.0017363549,-1
G033,G035,-0.001738581,-1
G048,G005,-0.0017750297,-1
G008,G080,-0.0017830365,-1
G014,G072,-0.0018142274,-1
G073,G100,-0.0018319401,-1
G082,G030,-0.0018322245,-1
G072,G023,-0.0018323438,-1
G082,G022,-0.0018404975,-1
G028,G079,-0.0018410379,-1
G032,G010,-0.0018513813,-1
G082,G057,-0.001882695,-1
G012,G003,-0.0018880789,-1
G032,G073,-0.0018909232,-1
G008,G079,-0.001893903,-1
G008,G088,-0.0019236224,-1
G032,G040,-0.0019293426,-1
G085,G007,-0.0019343774,-1
G085,G014,-0.0019353883,-1
G028,G011,-0.0019414563,-1
G008,G076,-0.0019415437,-1
G028,G017,-0.0019539057,-1
G058,G083,-0.001955254,-1
G032,G001,-0.0019558687,-1
G082,G090,-0.0019613523,-1
G032,G054,-0.001961892,-1
G008,G031,-0.001967814,-1
G028,G019,-0.0019802044,-1
G048,G011,-0.0019948322,-1
G028,G080,-0.0019962273,-1
G032,G018,-0.001999,-1
G011,G012,-0.0019997086,-1
G008,G007,-0.0020190873,-1
G032,G039,-0.002036248,-1
G032,G099,-0.002038721,-1
G048,G079,-0.0020454342,-1
G022,G083,-0.002046801,-1
G048,G063,-0.0020475483,-1
G082,G061,-0.0020615486,-1
G032,G096,-0.0020777143,-1
G032,G092,-0.002102238,-1
G033,G100,-0.0021022533,-1
G023,G100,-0.0021028246,-1
G032,G025,-0.0021144357,-1
G048,G017,-0.002114982,-1
G010,G014,-0.0021202036,-1
G032,G066,-0.0021217458,-1
G022,G085,-0.0021227743,-1
G032,G068,-0.0021315909,-1
G032,G076,-0.002138516,-1
G049,G023,-0.002145943,-1
G082,G037,-0.002147348,-1
G032,G098,-0.0021502879,-1
G048,G021,-0.0021509011,-1
G032,G051,-0.0021558725,-1
G032,G034,-0.0021567803,-1
G032,G024,-0.0021581228,-1
G082,G042,-0.0021688545,-1
G032,G095,-0.0022023467,-1
G008,G041,-0.0022158215,-1
G032,G091,-0.0022224565,-1
G082,G012,-0.0022227142,-1
G032,G070,-0.0022282952,-1
G049,G018,-0.0022296277,-1
G052,G072,-0.0022306063,-1
G083,G008,-0.0022312512,-1
G032,G021,-0.0022405835,-1
G032,G058,-0.0022449773,-1
G082,G047,-0.0022601532,-1
G082,G018,-0.0022613273,-1
G048,G080,-0.002261937,-1
G032,G009,-0.0022670974,-1
G082,G081,-0.0022706373,-1
G028,G033,-0.0022765796,-1
G082,G095,-0.0022932903,-1
G032,G081,-0.0022934568,-1
G082,G069,-0.0023006548,-1
G082,G074,-0.0023012885,-1
G032,G046,-0.0023049412,-1
G032,G097,-0.0023060488,-1
G008,G072,-0.0023154279,-1
G082,G053,-0.002322296,-1
G010,G008,-0.0023230822,-1
G082,G009,-0.0023261087,-1
G032,G093,-0.0023311838,-1
G032,G087,-0.0023377747,-1
G032,G089,-0.0023378665,-1
G082,G089,-0.0023433366,-1
G032,G053,-0.0023460796,-1
G082,G068,-0.002350817,-1
G032,G059,-0.002353447,-1
G011,G013,-0.002360457,-1
G008,G070,-0.0023629444,-1
G082,G075,-0.0023631097,-1
G082,G056,-0.0023643945,-1
G006,G067,-0.0023662539,-1
G032,G077,-0.002369917,-1
G028,G007,-0.0023704437,-1
G082,G046,-0.0023713289,-1
G082,G087,-0.0023747934,-1
G032,G029,-0.0023829427,-1
G068,G083,-0.0024023699,-1
G082,G020,-0.0024084412,-1
G082,G065,-0.002409181,-1
G013,G100,-0.002433119,-1
G032,G065,-0.0024359513,-1
G082,G036,-0.00244187,-1
G082,G077,-0.0024484738,-1
G032,G086,-0.002452692,-1
G082,G086,-0.0024611219,-1
G032,G090,-0.0024650686,-1
G082,G060,-0.0024694123,-1
G032,G027,-0.0024798675,-1
G032,G075,-0.0024821335,-1
G032,G061,-0.002495682,-1
G032,G088,-0.0024968076,-1
G082,G096,-0.0025000155,-1
G082,G099,-0.0025036081,-1
G082,G004,-0.002515565,-1
G028,G041,-0.0025180145,-1
G005,G003,-0.0025280502,-1
G049,G013,-0.0025450636,-1
G082,G058,-0.0025514914,-1
G082,G001,-0.0025700685,-1
G082,G031,-0.0025728813,-1
G082,G097,-0.002580511,-1
G032,G056,-0.0025805724,-1
G032,G069,-0.0025841703,-1
G082,G021,-0.0025944305,-1
G032,G004,-0.0025952407,-1
G032,G060,-0.0026003437,-1
G032,G035,-0.0026036862,-1
G048,G047,-0.002612533,-1
G032,G026,-0.0026159403,-1
G032,G074,-0.0026294328,-1
G082,G038,-0.0026354147,-1
G032,G094,-0.0026371398,-1
G015,G012,-0.002637266,-1
G082,G010,-0.0026421049,-1
G082,G039,-0.0026431242,-1
G032,G084,-0.0026541315,-1
G082,G076,-0.0026797005,-1
G032,G100,-0.00269136,-1
G082,G029,-0.0027023715,-1
G032,G002,-0.0027110705,-1
G032,G062,-0.002718346,-1
G032,G005,-0.0027191038,-1
G082,G026,-0.0027206077,-1
G032,G055,-0.0027245854,-1
G082,G093,-0.0027307714,-1
G072,G048,-0.0027343994,-1
G082,G059,-0.0027470558,-1
G005,G048,-0.0027531737,-1
G032,G050,-0.002757262,-1
G032,G023,-0.0027624546,-1
G083,G084,-0.0027626483,-1
G032,G067,-0.0027705315,-1
G082,G054,-0.0027832985,-1
G082,G091,-0.0027917041,-1
G082,G007,-0.0027992264,-1
G082,G034,-0.0028014812,-1
G082,G027,-0.0028268981,-1
G032,G030,-0.002831989,-1
G032,G064,-0.0028386516,-1
G008,G014,-0.0028496182,-1
G022,G048,-0.002850754,-1
G082,G088,-0.0028685087,-1
G082,G098,-0.0028696787,-1
G072,G018,-0.0028698149,-1
G082,G002,-0.0029056557,-1
G085,G022,-0.0029156853,-1
G048,G022,-0.0029263424,-1
G071,G073,-0.0029329201,-1
G028,G048,-0.0029592856,-1
G082,G070,-0.002967525,-1
G016,G006,-0.0029688159,-1
G082,G073,-0.0029766187,-1
G082,G055,-0.003030315,-1
G082,G066,-0.003038192,-1
G032,G019,-0.0030382085,-1
G094,G008,-0.0030401573,-1
G032,G007,-0.0030537536,-1
G003,G083,-0.0030630205,-1
G082,G092,-0.0030835608,-1
G047,G048,-0.003099488,-1
G032,G063,-0.003100939,-1
G024,G010,-0.0031126356,-1
G008,G029,-0.0031186107,-1
G072,G032,-0.0031326439,-1
G082,G051,-0.0031727864,-1
G082,G025,-0.0031779748,-1
G012,G010,-0.003180906,-1
G082,G062,-0.0031817106,-1
G043,G085,-0.003184962,-1
G082,G024,-0.0032202092,-1
G082,G006,-0.0032380917,-1
G082,G064,-0.003266825,-1
G032,G044,-0.0032977194,-1
G082,G033,-0.0033071437,-1
G071,G049,-0.0033381362,-1
G082,G005,-0.003391073,-1
G029,G071,-0.003410465,-1
G082,G100,-0.003445897,-1
G100,G094,-0.0034727175,-1
G032,G017,-0.0035859307,-1
G014,G012,-0.003592822,-1
G083,G017,-0.0035941754,-1
G090,G086,-0.003598381,-1
G082,G063,-0.0036219193,-1
G082,G084,-0.0036346724,-1
G067,G068,-0.0037065912,-1
G063,G066,-0.003725532,-1
G032,G045,-0.00377604,-1
G032,G079,-0.0037785245,-1
G082,G080,-0.0038031612,-1
G072,G013,-0.0038103003,-1
G032,G011,-0.003812741,-1
G078,G081,-0.0038148358,-1
G082,G023,-0.0038354094,-1
G032,G052,-0.0038378178,-1
G032,G083,-0.0038728553,-1
G031,G033,-0.0039015182,-1
G014,G017,-0.003976464,-1
G082,G044,-0.0039852425,-1
G045,G073,-0.0039929897,-1
G082,G067,-0.003994246,-1
G082,G019,-0.0040011145,-1
G082,G041,-0.004065573,-1
G032,G080,-0.0040671625,-1
G033,G028,-0.0040933574,-1
G082,G072,-0.004130479,-1
G082,G094,-0.004137702,-1
G088,G072,-0.0041464265,-1
G032,G041,-0.004149784,-1
G002,G085,-0.0041508186,-1
G063,G065,-0.004173482,-1
G072,G033,-0.0043615517,-1
G082,G035,-0.00443624,-1
G048,G049,-0.004439265,-1
G082,G052,-0.004458674,-1
G023,G067,-0.004521234,-1
G082,G011,-0.004657085,-1
G091,G085,-0.004703009,-1
G064,G067,-0.004732737,-1
G072,G008,-0.0048376382,-1
G003,G016,-0.0049008313,-1
G008,G045,-0.004941795,-1
G017,G018,-0.005009775,-1
G082,G017,-0.005078949,-1
G085,G078,-0.005081669,-1
G012,G071,-0.005334711,-1
G094,G100,-0.005361096,-1
G071,G007,-0.0054856674,-1
G045,G037,-0.005508873,-1
G045,G057,-0.0055115097,-1
G067,G023,-0.005525096,-1
G023,G071,-0.0055293934,-1
G062,G067,-0.005544447,-1
G082,G045,-0.00562108,-1
G083,G063,-0.005634807,-1
G045,G043,-0.005706996,-1
G045,G004,-0.005768128,-1
G029,G031,-0.0059385113,-1
G003,G072,-0.0059920633,-1
G083,G085,-0.0060213604,-1
G045,G007,-0.006117463,-1
G013,G037,-0.0061774096,-1
G015,G031,-0.006250542,-1
G093,G085,-0.006337714,-1
G045,G040,-0.006524641,-1
G022,G003,-0.006535549,-1
G031,G008,-0.0066064605,-1
G017,G049,-0.0066545242,-1
G045,G008,-0.006827242,-1
G045,G076,-0.006855102,-1
G014,G031,-0.0069709234,-1
G015,G048,-0.0069902837,-1
G045,G094,-0.0069964817,-1
G073,G085,-0.007080057,-1
G006,G023,-0.007160212,-1
G045,G086,-0.0071722646,-1
G003,G005,-0.00722405,-1
G045,G030,-0.007280536,-1
G045,G088,-0.00732341,-1
G045,G093,-0.0073376116,-1
G082,G083,-0.0073823584,-1
G045,G018,-0.0074055265,-1
G045,G070,-0.007549911,-1
G045,G009,-0.007559705,-1
G045,G095,-0.0075874804,-1
G045,G089,-0.0076141763,-1
G045,G050,-0.0076194396,-1
G045,G100,-0.007683113,-1
G045,G010,-0.0076931175,-1
G045,G046,-0.0077464343,-1
G045,G001,-0.0077815284,-1
G045,G091,-0.0078033484,-1
G045,G090,-0.007810193,-1
G085,G094,-0.0079508005,-1
G045,G060,-0.007951438,-1
G045,G026,-0.00796393,-1
G013,G078,-0.007971513,-1
G045,G066,-0.00797681,-1
G045,G096,-0.007986995,-1
G019,G020,-0.008010122,-1
G045,G065,-0.008052082,-1
G070,G072,-0.008088295,-1
G045,G061,-0.008107722,-1
G045,G084,-0.008109317,-1
G045,G081,-0.008188083,-1
G045,G034,-0.008209136,-1
G045,G068,-0.0082093375,-1
G028,G008,-0.008239697,-1
G045,G098,-0.008245135,-1
G045,G027,-0.008291612,-1
G045,G059,-0.008335739,-1
G045,G053,-0.008342869,-1
G012,G031,-0.008354596,-1
G045,G039,-0.008367335,-1
G045,G069,-0.008374074,-1
G045,G062,-0.008382119,-1
G045,G075,-0.008424085,-1
G045,G058,-0.008427665,-1
G045,G054,-0.00845058,-1
G045,G077,-0.008454885,-1
G045,G087,-0.008483934,-1
G071,G028,-0.008494426,-1
G029,G028,-0.008525774,-1
G045,G074,-0.008545497,-1
G045,G056,-0.008554044,-1
G008,G094,-0.008579925,-1
G045,G099,-0.008686865,-1
G045,G020,-0.008774421,-1
G045,G051,-0.008808036,-1
G099,G085,-0.008812411,-1
G045,G055,-0.008840173,-1
G049,G048,-0.008889414,-1
G023,G006,-0.008919539,-1
G045,G025,-0.0090647265,-1
G045,G021,-0.009074761,-1
G045,G042,-0.009076907,-1
G045,G024,-0.009089147,-1
G003,G049,-0.0091028595,-1
G045,G002,-0.009127077,-1
G003,G037,-0.009219316,-1
G003,G057,-0.00922585,-1
G045,G092,-0.009348184,-1
G045,G097,-0.009380617,-1
G045,G041,-0.009393502,-1
G003,G043,-0.009400431,-1
G072,G076,-0.009608389,-1
G008,G100,-0.009675804,-1
G045,G036,-0.009748392,-1
G052,G051,-0.009790171,-1
G045,G064,-0.009834457,-1
G024,G025,-0.009871821,-1
G078,G082,-0.009935429,-1
G067,G006,-0.010054139,-1
G080,G081,-0.010066074,-1
G071,G048,-0.010336912,-1
G096,G085,-0.010393994,-1
G003,G100,-0.01047931,-1
G013,G012,-0.01053071,-1
G094,G072,-0.010538135,-1
G083,G013,-0.010771573,-1
G003,G002,-0.010783071,-1
G003,G040,-0.010794775,-1
G003,G012,-0.010869223,-1
G045,G044,-0.0109952185,-1
G083,G049,-0.011097127,-1
G045,G038,-0.011179842,-1
G015,G033,-0.011270905,-1
G015,G008,-0.011393058,-1
G045,G063,-0.011438869,-1
G023,G085,-0.011447283,-1
G045,G019,-0.011503599,-1
G087,G085,-0.011702414,-1
G014,G045,-0.011707824,-1
G045,G079,-0.01172464,-1
G012,G028,-0.011744769,-1
G045,G080,-0.01193219,-1
G049,G015,-0.0119502945,-1
G045,G067,-0.012049098,-1
G083,G032,-0.012148924,-1
G011,G010,-0.012220724,-1
G045,G029,-0.012262262,-1
G014,G033,-0.012266312,-1
G003,G009,-0.01230177,-1
G003,G046,-0.012328028,-1
G003,G050,-0.01238305,-1
G003,G088,-0.012396469,-1
G003,G027,-0.012400952,-1
G003,G001,-0.012475595,-1
G003,G095,-0.012477711,-1
G003,G097,-0.012504004,-1
G003,G074,-0.01252455,-1
G085,G038,-0.012532161,-1
G003,G096,-0.012537622,-1
G003,G066,-0.012546728,-1
G003,G086,-0.012611097,-1
G003,G004,-0.012613791,-1
G072,G100,-0.012632114,-1
G003,G089,-0.012662018,-1
G003,G058,-0.012743259,-1
G003,G026,-0.0127797695,-1
G045,G072,-0.012786154,-1
G003,G047,-0.012833658,-1
G003,G068,-0.012864295,-1
G003,G091,-0.012866415,-1
G003,G018,-0.012892357,-1
G003,G075,-0.012912407,-1
G003,G056,-0.012917761,-1
G003,G087,-0.012925876,-1
G045,G052,-0.012952706,-1
G003,G034,-0.013035522,-1
G003,G054,-0.013064873,-1
G003,G069,-0.01308641,-1
G003,G039,-0.013095188,-1
G003,G099,-0.013200658,-1
G003,G071,-0.013202734,-1
G003,G094,-0.013216098,-1
G003,G023,-0.013276264,-1
G003,G061,-0.013340153,-1
G003,G090,-0.013368385,-1
G003,G093,-0.013470379,-1
G003,G098,-0.013526156,-1
G045,G011,-0.013582318,-1
G003,G065,-0.013680177,-1
G006,G071,-0.01374009,-1
G003,G021,-0.013743304,-1
G003,G070,-0.013753172,-1
G003,G077,-0.013817066,-1
G003,G055,-0.013828052,-1
G003,G053,-0.0138327265,-1
G003,G092,-0.013837077,-1
G003,G059,-0.013936125,-1
G072,G071,-0.014018613,-1
G078,G072,-0.01403027,-1
G003,G060,-0.014036715,-1
G003,G081,-0.014122859,-1
G014,G008,-0.014267268,-1
G003,G084,-0.014307911,-1
G003,G062,-0.01439892,-1
G013,G070,-0.014497684,-1
G015,G071,-0.014753995,-1
G008,G028,-0.015072115,-1
G003,G051,-0.015162933,-1
G003,G020,-0.015192056,-1
G003,G025,-0.015195437,-1
G083,G071,-0.0154127125,-1
G014,G071,-0.015566752,-1
G083,G067,-0.015756411,-1
G003,G064,-0.015788263,-1
G045,G003,-0.015858842,-1
G002,G071,-0.015964804,-1
G043,G072,-0.016046902,-1
G003,G048,-0.016102782,-1
G013,G072,-0.016187623,-1
G003,G076,-0.01632332,-1
G065,G083,-0.016426966,-1
G003,G030,-0.01645532,-1
G010,G085,-0.016552513,-1
G045,G035,-0.016700203,-1
G003,G024,-0.017007222,-1
G065,G085,-0.01701951,-1
G085,G100,-0.017113756,-1
G039,G040,-0.017522663,-1
G006,G049,-0.017698372,-1
G045,G023,-0.017703956,-1
G088,G085,-0.01797023,-1
G033,G085,-0.018273156,-1
G013,G022,-0.01827673,-1
G003,G044,-0.018328747,-1
G083,G003,-0.018488886,-1
G045,G017,-0.018532332,-1
G045,G071,-0.018845093,-1
G003,G017,-0.018952483,-1
G003,G067,-0.018994583,-1
G003,G063,-0.019062174,-1
G076,G085,-0.019456813,-1
G003,G042,-0.0194659,-1
G045,G005,-0.019762628,-1
G003,G036,-0.01982947,-1
G003,G019,-0.019975096,-1
G028,G032,-0.020333821,-1
G028,G013,-0.020348644,-1
G045,G012,-0.020413239,-1
G003,G079,-0.020963252,-1
G003,G038,-0.02104862,-1
G003,G031,-0.021125901,-1
G003,G080,-0.021185309,-1
G003,G052,-0.021314224,-1
G006,G003,-0.021784637,-1
G013,G043,-0.021979442,-1
G072,G003,-0.022141194,-1
G045,G022,-0.022928426,-1
G003,G029,-0.023150481,-1
G013,G057,-0.023546789,-1
G003,G041,-0.024249164,-1
G031,G013,-0.024779191,-1
G033,G037,-0.02492802,-1
G013,G076,-0.025184544,-1
G013,G065,-0.02540267,-1
G037,G085,-0.025619186,-1
G013,G088,-0.025916517,-1
G014,G013,-0.025968535,-1
G003,G011,-0.026515339,-1
G041,G043,-0.026668124,-1
G003,G010,-0.027055578,-1
G015,G003,-0.02735589,-1
G045,G028,-0.027782056,-1
G013,G040,-0.027890215,-1
G055,G057,-0.028024133,-1
G079,G078,-0.028167376,-1
G003,G073,-0.028352065,-1
G013,G023,-0.028599882,-1
G045,G047,-0.029205814,-1
G003,G035,-0.029316535,-1
G031,G032,-0.029656809,-1
G014,G003,-0.029746495,-1
G008,G085,-0.0297615,-1
G013,G096,-0.030016791,-1
G013,G002,-0.030471437,-1
G045,G033,-0.030523138,-1
G013,G087,-0.030747356,-1
G013,G099,-0.031368442,-1
G023,G022,-0.031381417,-1
G013,G050,-0.0319186,-1
G013,G091,-0.032070216,-1
G013,G046,-0.032205638,-1
G013,G093,-0.032235824,-1
G013,G086,-0.032366592,-1
G013,G066,-0.03253896,-1
G013,G005,-0.032756846,-1
G003,G007,-0.033190083,-1
G013,G027,-0.03326049,-1
G013,G047,-0.03326895,-1
G014,G049,-0.033393756,-1
G013,G039,-0.03344425,-1
G045,G049,-0.033449773,-1
G013,G068,-0.03346885,-1
G013,G089,-0.03347313,-1
G013,G075,-0.033621594,-1
G013,G058,-0.033647597,-1
G013,G056,-0.03368279,-1
G013,G098,-0.03375265,-1
G013,G009,-0.033789415,-1
G013,G074,-0.033791076,-1
G013,G095,-0.033827905,-1
G013,G097,-0.0339361,-1
G013,G034,-0.03400896,-1
G013,G026,-0.034249187,-1
G013,G090,-0.034288555,-1
G070,G085,-0.034298968,-1
G013,G054,-0.034327548,-1
G013,G001,-0.03441041,-1
G013,G004,-0.034607388,-1
G013,G021,-0.035043854,-1
G013,G061,-0.035134748,-1
G013,G069,-0.03544232,-1
G013,G059,-0.035599,-1
G013,G048,-0.035610013,-1
G013,G077,-0.035872627,-1
G013,G060,-0.035958562,-1
G013,G062,-0.036128625,-1
G013,G053,-0.03625409,-1
G013,G055,-0.036635015,-1
G013,G081,-0.036834083,-1
G013,G084,-0.036997247,-1
G013,G092,-0.037001252,-1
G013,G018,-0.037034277,-1
G045,G031,-0.037191622,-1
G064,G083,-0.037810974,-1
G013,G051,-0.038509503,-1
G045,G006,-0.038544178,-1
G013,G020,-0.039450012,-1
G062,G083,-0.0400878,-1
G013,G017,-0.040363144,-1
G003,G045,-0.040538535,-1
G013,G064,-0.040798265,-1
G013,G073,-0.04091799,-1
G013,G025,-0.04193128,-1
G013,G030,-0.042472053,-1
G015,G016,-0.043630034,-1
G045,G083,-0.045431092,-1
G013,G063,-0.045586526,-1
G013,G042,-0.045602802,-1
G011,G024,-0.04635425,-1
G005,G071,-0.04647106,-1
G014,G015,-0.046743944,-1
G013,G024,-0.04680519,-1
G022,G071,-0.047177654,-1
G013,G079,-0.04746695,-1
G013,G036,-0.04762557,-1
G013,G044,-0.049582396,-1
G013,G080,-0.049829766,-1
G013,G029,-0.050016403,-1
G013,G041,-0.0510815,-1
G013,G067,-0.051182464,-1
G013,G019,-0.05262524,-1
G045,G032,-0.053170975,-1
G041,G072,-0.054301772,-1
G015,G032,-0.055083,-1
G013,G052,-0.056121834,-1
G044,G043,-0.05623769,-1
G045,G013,-0.05625387,-1
G013,G045,-0.05740261,-1
G082,G079,-0.05819178,-1
G049,G014,-0.059248243,-1
G080,G078,-0.06042225,-1
G013,G007,-0.062215094,-1
G014,G032,-0.0632569,-1
G094,G085,-0.06383786,-1
G013,G011,-0.06478998,-1
G013,G010,-0.06557483,-1
G100,G085,-0.06660082,-1
G013,G038,-0.06763991,-1
G003,G028,-0.06949029,-1
G013,G035,-0.0720875,-1
G079,G082,-0.07252542,-1
G015,G014,-0.083997324,-1
G013,G071,-0.089997984,-1
G013,G028,-0.11310183,-1
G016,G015,-0.12999061,-1
