Regulator,Target,Weight,Sign
G012,G028,0.09456693,1
G033,G035,0.075894415,1
G083,G005,0.060919657,1
G043,G041,0.05790137,1
G058,G057,0.05726966,1
G005,G083,0.05701032,1
G035,G033,0.055825133,1
G009,G053,0.05337978,1
G028,G012,0.05017873,1
G033,G036,0.049090326,1
G036,G035,0.04524819,1
G001,G085,0.043611698,1
G073,G072,0.043310206,1
G047,G045,0.041660625,1
G068,G067,0.039683096,1
G038,G033,0.038747076,1
G065,G063,0.038687248,1
G051,G052,0.03730121,1
G057,G058,0.03495089,1
G016,G085,0.03442472,1
G072,G073,0.034221902,1
G012,G002,0.03348204,1
G050,G053,0.03338392,1
G073,G077,0.03219425,1
G062,G053,0.03124186,1
G048,G045,0.02685751,1
G041,G043,0.0257209,1
G074,G072,0.025289178,1
G012,G085,0.024961758,1
G009,G008,0.024190156,1
G064,G063,0.02349551,1
G016,G050,0.023291498,1
G028,G002,0.022308838,1
G022,G020,0.01954856,1
G085,G072,0.018830208,1
G026,G085,0.018631168,1
G046,G045,0.018482214,1
G069,G067,0.017344419,1
G083,G064,0.016698217,1
G072,G077,0.016448889,1
G085,G016,0.016427409,1
G042,G043,0.016330719,1
G057,G053,0.015950637,1
G041,G042,0.015345883,1
G016,G053,0.014856732,1
G033,G016,0.014543593,1
G088,G085,0.014249429,1
G068,G073,0.014059215,1
G072,G078,0.014028015,1
G085,G084,0.013995243,1
G085,G065,0.013746378,1
G085,G076,0.013741016,1
G071,G003,0.013460939,1
G085,G033,0.013425861,1
G092,G093,0.013247659,1
G085,G052,0.012755692,1
G043,G044,0.012556723,1
G010,G012,0.012293597,1
G083,G066,0.012251692,1
G072,G075,0.01158745,1
G012,G033,0.0107995225,1
G021,G053,0.010010262,1
G012,G029,0.009894902,1
G002,G005,0.009846575,1
G018,G017,0.009667333,1
G045,G085,0.0095719695,1
G001,G090,0.009027355,1
G085,G100,0.009019123,1
G072,G049,0.008783752,1
G063,G083,0.0087386165,1
G021,G019,0.0084636435,1
G067,G083,0.008450082,1
G085,G073,0.008366878,1
G001,G046,0.008285729,1
G032,G012,0.008187206,1
G085,G087,0.008168773,1
G066,G085,0.008024064,1
G072,G046,0.007922719,1
G063,G085,0.007856332,1
G025,G024,0.0075696562,1
G068,G077,0.0071581057,1
G085,G063,0.0070104897,1
G085,G008,0.0068600564,1
G008,G072,0.006812311,1
G028,G029,0.006781371,1
G072,G068,0.0067138746,1
G067,G021,0.0065572574,1
G085,G091,0.006436538,1
G085,G035,0.006434928,1
G049,G050,0.0063905586,1
G035,G039,0.00631617,1
G068,G085,0.00629996,1
G085,G074,0.0061964192,1
G078,G073,0.005966896,1
G088,G046,0.005896734,1
G044,G041,0.005870732,1
G072,G041,0.005846881,1
G072,G067,0.005815021,1
G085,G083,0.005766493,1
G085,G099,0.005618968,1
G084,G001,0.0055514295,1
G076,G016,0.0054804008,1
G056,G053,0.0054161493,1
G019,G053,0.0053339433,1
G075,G073,0.0053001153,1
G085,G060,0.005235792,1
G100,G001,0.0051876185,1
G065,G001,0.0050130626,1
G090,G016,0.0049469233,1
G085,G096,0.0048992983,1
G012,G003,0.0048646233,1
G046,G016,0.004798028,1
G053,G028,0.0047300365,1
G085,G075,0.004625406,1
G059,G060,0.0045478577,1
G085,G001,0.0045190016,1
G023,G024,0.004315317,1
G072,G043,0.004247913,1
G074,G068,0.0042318637,1
G076,G001,0.0041750167,1
G023,G091,0.0040359017,1
G094,G001,0.003993462,1
G023,G018,0.0039911675,1
G085,G077,0.00395137,1
G053,G049,0.0039120167,1
G035,G023,0.0038842263,1
G012,G068,0.0038790947,1
G002,G083,0.003845835,1
G001,G073,0.003776458,1
G019,G020,0.003725828,1
G057,G054,0.003703206,1
G100,G016,0.0036972663,1
G008,G001,0.0036570681,1
G016,G046,0.0036313096,1
G032,G033,0.0036236516,1
G072,G085,0.0035695452,1
G023,G086,0.0035664672,1
G061,G053,0.0035304113,1
G091,G072,0.0035011366,1
G032,G008,0.0035004364,1
G072,G052,0.0034907833,1
G023,G052,0.0034540158,1
G085,G003,0.0034409096,1
G098,G061,0.003403793,1
G019,G083,0.0033914398,1
G062,G067,0.0033698105,1
G070,G072,0.0033640445,1
G083,G028,0.0033557168,1
G020,G096,0.0033302885,1
G085,G053,0.0033266405,1
G016,G090,0.0033105058,1
G090,G001,0.0033072077,1
G071,G045,0.0032944337,1
G062,G021,0.003272367,1
G055,G058,0.0032556355,1
G021,G083,0.003244592,1
G068,G048,0.0032254234,1
G026,G005,0.0032152187,1
G084,G016,0.0032138778,1
G057,G021,0.0031665293,1
G091,G001,0.0030934017,1
G072,G033,0.0030901022,1
G033,G034,0.0030865471,1
G085,G078,0.0030712707,1
G033,G031,0.0030656816,1
G085,G017,0.003019615,1
G003,G065,0.0030160546,1
G007,G074,0.0029931292,1
G072,G045,0.0029580113,1
G068,G032,0.0028981054,1
G090,G068,0.00289639,1
G033,G086,0.0028907696,1
G027,G020,0.0028584162,1
G085,G080,0.0028206701,1
G005,G028,0.002807964,1
G023,G022,0.0027878394,1
G078,G080,0.0027597887,1
G071,G002,0.0027494808,1
G086,G074,0.0027320373,1
G026,G021,0.0027287968,1
G049,G033,0.0027253176,1
G018,G095,0.002672238,1
G082,G071,0.0026622452,1
G074,G016,0.0026502945,1
G085,G005,0.002537581,1
G020,G074,0.002526019,1
G015,G083,0.0025239668,1
G023,G073,0.0025238297,1
G096,G009,0.0024954106,1
G020,G043,0.0024787646,1
G045,G090,0.0024656216,1
G085,G021,0.0024260804,1
G055,G043,0.0024062197,1
G046,G001,0.0024048942,1
G033,G025,0.0023879954,1
G023,G028,0.002385127,1
G030,G019,0.002376819,1
G064,G048,0.0023635465,1
G068,G052,0.002348132,1
G089,G058,0.0023455785,1
G032,G016,0.0023437121,1
G009,G054,0.0023390912,1
G040,G094,0.0023376194,1
G012,G005,0.0023351794,1
G092,G002,0.0023209907,1
G081,G023,0.0023070518,1
G020,G088,0.0023041808,1
G050,G072,0.0022914968,1
G068,G017,0.0022861438,1
G048,G090,0.002283287,1
G092,G023,0.0022813582,1
G093,G018,0.0022804318,1
G034,G035,0.0022613578,1
G033,G054,0.0022585387,1
G052,G001,0.0022556959,1
G002,G038,0.0022491212,1
G085,G047,0.002243679,1
G040,G030,0.002235532,1
G040,G045,0.002231689,1
G053,G073,0.0022287038,1
G023,G006,0.0022197822,1
G033,G040,0.0022134883,1
G072,G065,0.002198697,1
G031,G100,0.0021980237,1
G025,G076,0.0021968742,1
G076,G072,0.0021952728,1
G076,G068,0.0021766874,1
G071,G087,0.0021676577,1
G085,G006,0.0021667075,1
G080,G015,0.0021445018,1
G072,G084,0.002143856,1
G035,G085,0.0021169346,1
G036,G072,0.0021151837,1
G007,G049,0.0021028174,1
G092,G088,0.0021027057,1
G053,G071,0.0020991513,1
G051,G037,0.0020981631,1
G037,G001,0.0020386225,1
G003,G050,0.0020311612,1
G017,G058,0.0020191518,1
G070,G016,0.0019936042,1
G064,G071,0.001989639,1
G001,G083,0.001958353,1
G042,G076,0.0019578661,1
G085,G050,0.0019400449,1
G028,G005,0.0019272984,1
G059,G032,0.0019188166,1
G006,G067,0.0019139212,1
G023,G099,0.0019059533,1
G014,G045,0.0019001827,1
G027,G023,0.0018996479,1
G003,G013,0.0018815662,1
G029,G054,0.0018769356,1
G072,G079,0.0018694034,1
G050,G054,0.001862558,1
G054,G028,0.0018610095,1
G082,G077,0.0018601915,1
G054,G012,0.0018593195,1
G097,G083,0.0018551422,1
G034,G077,0.0018548723,1
G085,G051,0.0018484722,1
G032,G001,0.001840427,1
G092,G057,0.0018369128,1
G080,G023,0.0018360404,1
G070,G037,0.0018301388,1
G064,G019,0.0018275063,1
G035,G090,0.0018198199,1
G085,G004,0.0018167883,1
G085,G069,0.0018150043,1
G023,G078,0.0018146685,1
G064,G062,0.001814016,1
G002,G003,0.0018032736,1
G003,G097,0.001798128,1
G008,G002,0.0017935782,1
G062,G028,0.001792842,1
G071,G009,0.0017860983,1
G085,G031,0.0017825495,1
G048,G066,0.0017771772,1
G042,G035,0.001773593,1
G097,G002,0.0017687838,1
G098,G092,0.001768239,1
G047,G023,0.0017545039,1
G072,G006,0.0017456332,1
G099,G053,0.0017329095,1
G003,G061,0.0017161339,1
G016,G021,0.0017145167,1
G036,G008,0.001712427,1
G099,G031,0.0017101387,1
G061,G016,0.0017082085,1
G071,G088,0.00170052,1
G040,G060,0.0016998332,1
G043,G068,0.0016976575,1
G071,G089,0.0016973171,1
G022,G050,0.0016970978,1
G071,G086,0.0016968525,1
G068,G065,0.0016916477,1
G052,G037,0.0016890552,1
G080,G074,0.0016728413,1
G088,G060,0.0016692256,1
G001,G074,0.0016661517,1
G044,G056,0.001659399,1
G082,G097,0.0016582294,1
G007,G039,0.0016538049,1
G011,G039,0.0016440316,1
G007,G055,0.0016275358,1
G046,G068,0.0016261713,1
G034,G009,0.0016176151,1
G085,G095,0.0016154669,1
G048,G013,0.0016134996,1
G002,G004,0.0016002153,1
G072,G014,0.0015866751,1
G081,G006,0.0015797471,1
G029,G038,0.0015781733,1
G095,G086,0.0015725961,1
G039,G100,0.0015679263,1
G029,G064,0.0015670303,1
G085,G092,0.0015656032,1
G026,G054,0.001562827,1
G045,G078,0.0015565731,1
G082,G064,0.0015552081,1
G071,G018,0.0015415914,1
G004,G069,0.0015405468,1
G064,G090,0.0015401624,1
G033,G053,0.0015391036,1
G080,G024,0.0015295994,1
G014,G042,0.0015193395,1
G068,G026,0.0015164188,1
G093,G023,0.0015159646,1
G080,G048,0.001507349,1
G058,G053,0.0015071661,1
G034,G091,0.0015063484,1
G097,G048,0.0015061651,1
G019,G038,0.0015018808,1
G083,G072,0.0014913878,1
G019,G075,0.0014888562,1
G042,G023,0.0014848395,1
G053,G040,0.0014825508,1
G034,G038,0.0014800533,1
G007,G006,0.0014770458,1
G082,G028,0.0014729282,1
G072,G069,0.001468254,1
G072,G018,0.001464363,1
G045,G019,0.0014630603,1
G072,G060,0.0014552062,1
G030,G054,0.0014549475,1
G033,G022,0.0014515497,1
G030,G020,0.0014513087,1
G021,G040,0.0014487702,1
G098,G047,0.0014470738,1
G082,G015,0.0014396044,1
G088,G091,0.0014289701,1
G050,G028,0.0014271487,1
G050,G025,0.0014262426,1
G049,G061,0.0014237642,1
G080,G070,0.0014225352,1
G024,G096,0.0014204772,1
G072,G001,0.0014183595,1
G074,G028,0.0014147708,1
G019,G056,0.0014125716,1
G039,G091,0.0014117896,1
G024,G008,0.0014061694,1
G048,G019,0.001404538,1
G031,G076,0.0013974331,1
G064,G072,0.001396162,1
G029,G034,0.0013940628,1
G020,G064,0.001388664,1
G079,G030,0.0013868031,1
G085,G041,0.001383122,1
G086,G060,0.001380827,1
G082,G068,0.0013665681,1
G089,G023,0.0013651451,1
G075,G074,0.0013614158,1
G072,G055,0.0013507146,1
G086,G005,0.0013478333,1
G079,G040,0.0013473614,1
G068,G055,0.0013462125,1
G023,G069,0.0013422276,1
G085,G019,0.0013349857,1
G098,G065,0.0013341805,1
G007,G100,0.0013261036,1
G024,G004,0.0013260229,1
G085,G037,0.0013199262,1
G020,G042,0.0013192643,1
G057,G065,0.0013132578,1
G004,G097,0.001308967,1
G085,G040,0.0013077812,1
G065,G016,0.0013053665,1
G085,G036,0.0012979613,1
G007,G076,0.0012938847,1
G041,G079,0.0012909076,1
G040,G077,0.001290652,1
G018,G060,0.0012882908,1
G011,G095,0.0012875578,1
G083,G067,0.0012874448,1
G090,G023,0.0012864595,1
G048,G043,0.0012858681,1
G016,G018,0.0012834567,1
G055,G018,0.0012801436,1
G040,G080,0.0012779589,1
G035,G037,0.0012763058,1
G043,G034,0.0012754982,1
G085,G030,0.0012753466,1
G070,G047,0.0012585897,1
G011,G004,0.0012578071,1
G092,G059,0.0012562316,1
G042,G018,0.0012536162,1
G081,G098,0.0012522608,1
G037,G097,0.0012516541,1
G001,G066,0.0012514689,1
G058,G028,0.0012506525,1
G069,G080,0.0012473769,1
G033,G001,0.0012424978,1
G019,G050,0.0012415955,1
G039,G095,0.0012403338,1
G075,G077,0.0012382999,1
G055,G069,0.0012380659,1
G040,G048,0.0012359007,1
G085,G094,0.0012343078,1
G006,G003,0.0012275554,1
G079,G046,0.0012265785,1
G036,G014,0.00122622,1
G039,G045,0.0012232615,1
G097,G039,0.0012215865,1
G098,G100,0.0012184138,1
G090,G088,0.001216246,1
G011,G094,0.0012146996,1
G077,G098,0.0012135234,1
G039,G092,0.0012131059,1
G081,G037,0.001210454,1
G023,G070,0.0012097568,1
G001,G021,0.0012087079,1
G085,G097,0.0012085447,1
G051,G094,0.0012017901,1
G094,G054,0.0011956167,1
G085,G055,0.0011945238,1
G020,G073,0.0011931129,1
G023,G004,0.0011926888,1
G011,G040,0.0011869986,1
G051,G028,0.0011865278,1
G033,G069,0.0011816298,1
G003,G080,0.0011767169,1
G011,G008,0.0011743103,1
G091,G064,0.0011730526,1
G060,G079,0.0011730011,1
G048,G060,0.0011717569,1
G033,G057,0.0011701565,1
G085,G089,0.0011700176,1
G085,G038,0.0011608062,1
G002,G058,0.001157298,1
G025,G022,0.0011566874,1
G020,G057,0.0011550233,1
G025,G068,0.0011453159,1
G081,G030,0.0011441836,1
G035,G071,0.0011390398,1
G050,G007,0.0011339225,1
G022,G040,0.0011305271,1
G076,G067,0.0011284017,1
G023,G085,0.001127891,1
G067,G086,0.0011248601,1
G041,G040,0.0011200499,1
G072,G017,0.0011195034,1
G091,G018,0.0011149206,1
G038,G098,0.0011148883,1
G040,G063,0.0011130077,1
G033,G088,0.001112674,1
G073,G016,0.0011121179,1
G071,G029,0.0011109273,1
G085,G014,0.0011106146,1
G068,G051,0.0011063553,1
G065,G071,0.0011045004,1
G100,G068,0.0011025207,1
G085,G067,0.0011019415,1
G097,G052,0.0010960462,1
G051,G090,0.0010936249,1
G034,G031,0.0010926728,1
G020,G072,0.0010914286,1
G014,G095,0.0010862377,1
G085,G098,0.0010842338,1
G071,G098,0.0010832499,1
G088,G052,0.0010824087,1
G024,G037,0.0010811967,1
G093,G034,0.0010790108,1
G043,G014,0.0010782776,1
G031,G060,0.0010758074,1
G086,G059,0.0010750929,1
G070,G011,0.0010725089,1
G091,G054,0.0010660988,1
G031,G040,0.0010627134,1
G004,G092,0.0010564873,1
G048,G020,0.0010563994,1
G047,G069,0.0010534247,1
G029,G004,0.0010482705,1
G069,G017,0.0010470034,1
G058,G018,0.0010440565,1
G023,G095,0.0010430863,1
G071,G079,0.0010370354,1
G052,G015,0.0010368518,1
G002,G007,0.001035949,1
G035,G091,0.0010320122,1
G007,G098,0.0010290345,1
G004,G048,0.0010275599,1
G078,G098,0.0010270863,1
G097,G063,0.0010247409,1
G007,G080,0.0010229131,1
G051,G040,0.0010157692,1
G071,G091,0.0010139279,1
G040,G005,0.0010139261,1
G047,G059,0.0010135021,1
G007,G021,0.0010127395,1
G094,G074,0.0010116232,1
G043,G038,0.0010108757,1
G020,G026,0.0010104777,1
G029,G017,0.0010067282,1
G037,G045,0.0010049329,1
G049,G054,0.0010014473,1
G091,G069,0.0010011815,1
G086,G099,0.0009984798,1
G085,G048,0.0009966306,1
G046,G018,0.0009937369,1
G018,G031,0.0009918148,1
G070,G093,0.0009912937,1
G023,G026,0.0009906429,1
G018,G036,0.0009894113,1
G006,G058,0.000988388,1
G096,G001,0.000986897,1
G088,G008,0.000986745,1
G036,G086,0.0009844541,1
G085,G056,0.000983823,1
G007,G072,0.0009820246,1
G085,G010,0.0009819266,1
G085,G070,0.0009808021,1
G037,G015,0.0009791399,1
G082,G008,0.0009766876,1
G040,G024,0.0009746971,1
G098,G059,0.00097466726,1
G079,G054,0.00096935977,1
G054,G064,0.00096908916,1
G034,G075,0.0009676204,1
G077,G074,0.0009643556,1
G034,G070,0.00096358795,1
G006,G069,0.00096293906,1
G024,G019,0.00096128916,1
G037,G080,0.00096032687,1
G033,G091,0.00096029066,1
G099,G082,0.0009597225,1
G030,G010,0.0009585586,1
G059,G081,0.0009562796,1
G004,G056,0.0009543463,1
G069,G013,0.0009537363,1
G039,G018,0.0009531045,1
G078,G095,0.00094994705,1
G023,G089,0.0009434145,1
G026,G090,0.00094258564,1
G059,G030,0.00094092806,1
G059,G029,0.0009407713,1
G018,G092,0.0009365916,1
G019,G040,0.0009358692,1
G011,G070,0.0009355447,1
G037,G016,0.0009351834,1
G030,G048,0.00093487854,1
G071,G077,0.00093185896,1
G040,G008,0.00093083124,1
G092,G042,0.0009298606,1
G042,G048,0.0009284973,1
G023,G059,0.00092765107,1
G020,G021,0.0009275328,1
G018,G080,0.00092527224,1
G062,G065,0.0009248051,1
G071,G054,0.0009244135,1
G032,G039,0.0009232489,1
G047,G090,0.000921598,1
G053,G015,0.0009189349,1
G009,G014,0.00091515644,1
G060,G004,0.0009132548,1
G013,G004,0.0009110158,1
G086,G082,0.0009103635,1
G014,G065,0.00090559426,1
G039,G028,0.0009032046,1
G009,G072,0.0009020337,1
G048,G024,0.0009015403,1
G040,G039,0.0009007327,1
G020,G077,0.0008961517,1
G009,G059,0.00089277147,1
G052,G028,0.00088998285,1
G041,G073,0.00088936335,1
G082,G052,0.00088770484,1
G004,G019,0.0008838163,1
G082,G009,0.0008819198,1
G002,G069,0.0008804041,1
G063,G025,0.0008797377,1
G080,G031,0.0008791913,1
G019,G060,0.00087809906,1
G022,G073,0.00087466015,1
G061,G022,0.00087258697,1
G082,G031,0.00087040523,1
G099,G030,0.0008696161,1
G047,G078,0.00086876575,1
G072,G038,0.0008657673,1
G013,G006,0.0008653961,1
G003,G100,0.0008642661,1
G010,G003,0.00086017523,1
G059,G062,0.00085938524,1
G086,G097,0.000857529,1
G006,G035,0.0008567347,1
G048,G095,0.0008557141,1
G042,G084,0.0008538844,1
G064,G066,0.0008538314,1
G003,G076,0.00085072266,1
G099,G019,0.000848577,1
G098,G074,0.0008475978,1
G017,G070,0.0008472844,1
G019,G049,0.0008426544,1
G004,G093,0.0008415168,1
G068,G004,0.0008409862,1
G043,G031,0.0008398885,1
G057,G095,0.0008393341,1
G082,G098,0.00083807815,1
G049,G035,0.00083801546,1
G060,G010,0.00083580165,1
G073,G019,0.00083433563,1
G051,G060,0.00083282706,1
G074,G042,0.0008322928,1
G023,G014,0.0008322079,1
G075,G041,0.00082930323,1
G093,G037,0.0008275952,1
G088,G080,0.0008274725,1
G070,G008,0.0008259502,1
G085,G086,0.0008246231,1
G050,G040,0.0008232394,1
G041,G014,0.0008180104,1
G072,G066,0.00081765145,1
G023,G098,0.0008174741,1
G099,G047,0.0008170023,1
G036,G023,0.00081667514,1
G044,G084,0.00081614003,1
G003,G095,0.0008150564,1
G037,G068,0.0008126797,1
G092,G060,0.0008114398,1
G025,G004,0.0008065538,1
G080,G096,0.0008061625,1
G029,G035,0.00080592436,1
G004,G077,0.0008052453,1
G072,G023,0.0008035527,1
G034,G079,0.00080143195,1
G009,G028,0.00079902296,1
G025,G060,0.0007962691,1
G051,G083,0.00079521845,1
G086,G056,0.00079346634,1
G050,G021,0.0007909901,1
G013,G070,0.0007893756,1
G071,G075,0.00078767946,1
G006,G060,0.0007875756,1
G033,G055,0.00078607205,1
G043,G028,0.0007860262,1
G025,G055,0.00078195665,1
G092,G019,0.00078187906,1
G053,G016,0.0007818114,1
G041,G020,0.0007814085,1
G003,G094,0.00078077597,1
G064,G060,0.0007792364,1
G014,G099,0.0007778749,1
G061,G087,0.00077706645,1
G057,G016,0.0007769755,1
G023,G056,0.00077656686,1
G004,G037,0.0007757899,1
G069,G061,0.00077490683,1
G085,G064,0.00077247375,1
G024,G095,0.0007715678,1
G008,G067,0.0007705841,1
G085,G012,0.00076933653,1
G013,G077,0.00076926575,1
G064,G039,0.00076751556,1
G091,G025,0.0007663301,1
G040,G071,0.00076238665,1
G018,G094,0.0007619037,1
G047,G082,0.0007614598,1
G042,G096,0.0007607651,1
G051,G014,0.0007600683,1
G021,G098,0.0007597572,1
G025,G020,0.00075556844,1
G050,G060,0.0007538859,1
G085,G025,0.0007526157,1
G095,G019,0.00075245183,1
G011,G098,0.00075117254,1
G080,G050,0.0007486044,1
G044,G060,0.00074830843,1
G055,G095,0.00074716384,1
G059,G031,0.00074532843,1
G040,G023,0.00074410025,1
G075,G015,0.0007436252,1
G096,G016,0.00074062176,1
G001,G070,0.0007389706,1
G027,G038,0.0007385048,1
G059,G086,0.00073630095,1
G098,G070,0.00073493854,1
G059,G064,0.0007348435,1
G068,G096,0.00073219585,1
G007,G009,0.00073180185,1
G002,G070,0.0007317939,1
G050,G066,0.000730727,1
G069,G100,0.00073006016,1
G081,G095,0.00072931824,1
G001,G052,0.00072870194,1
G042,G086,0.0007280157,1
G088,G090,0.0007265073,1
G077,G092,0.0007247097,1
G082,G075,0.00072062644,1
G008,G018,0.00072029943,1
G098,G037,0.0007185878,1
G084,G058,0.0007175979,1
G002,G014,0.00071743754,1
G006,G045,0.0007165304,1
G086,G004,0.0007137711,1
G081,G036,0.000713681,1
G064,G008,0.0007110017,1
G089,G006,0.0007107405,1
G074,G092,0.000705736,1
G097,G095,0.0007046934,1
G074,G062,0.00070390804,1
G071,G100,0.0007027805,1
G057,G003,0.00070231897,1
G039,G013,0.0007017928,1
G062,G038,0.00069887814,1
G072,G095,0.0006968395,1
G024,G011,0.0006941207,1
G017,G048,0.00069250615,1
G052,G094,0.0006906944,1
G090,G009,0.0006887672,1
G098,G028,0.0006887233,1
G089,G022,0.00068859314,1
G047,G075,0.0006885149,1
G098,G080,0.00068728934,1
G063,G090,0.00068553106,1
G085,G079,0.00068544305,1
G053,G043,0.00068525015,1
G041,G097,0.0006849691,1
G029,G096,0.00068488234,1
G013,G018,0.00068479165,1
G054,G086,0.0006832617,1
G086,G098,0.000682804,1
G092,G064,0.00068098085,1
G070,G092,0.00067958067,1
G098,G042,0.0006795052,1
G013,G057,0.0006774253,1
G031,G072,0.0006771626,1
G024,G041,0.0006771011,1
G072,G051,0.0006764714,1
G002,G077,0.00067609886,1
G076,G094,0.00067449803,1
G094,G088,0.0006743468,1
G030,G055,0.0006735204,1
G034,G058,0.0006711113,1
G008,G058,0.0006687759,1
G081,G048,0.00066836446,1
G069,G025,0.00066832715,1
G079,G005,0.00066628295,1
G018,G061,0.00066616415,1
G029,G053,0.000666142,1
G007,G034,0.0006651632,1
G023,G064,0.0006643491,1
G077,G035,0.0006612915,1
G024,G047,0.00065952697,1
G080,G017,0.00065943686,1
G018,G037,0.000659275,1
G021,G059,0.0006584158,1
G039,G081,0.0006582228,1
G071,G049,0.00065787905,1
G072,G019,0.0006577909,1
G040,G082,0.0006568341,1
G032,G058,0.0006561413,1
G069,G093,0.0006547482,1
G088,G086,0.00065467256,1
G085,G057,0.00065375655,1
G078,G066,0.00065198727,1
G003,G099,0.0006510363,1
G041,G092,0.00064976927,1
G061,G021,0.0006490078,1
G029,G051,0.000644328,1
G036,G054,0.0006421731,1
G092,G050,0.0006421634,1
G065,G066,0.00064173975,1
G051,G086,0.00063934404,1
G042,G024,0.00063904206,1
G001,G049,0.00063738093,1
G086,G054,0.0006323876,1
G077,G003,0.00063155935,1
G041,G064,0.0006308763,1
G037,G031,0.0006306427,1
G041,G034,0.0006299254,1
G039,G054,0.0006276638,1
G053,G007,0.0006253812,1
G019,G010,0.0006246984,1
G011,G015,0.000624633,1
G009,G005,0.00062459917,1
G017,G045,0.0006234414,1
G038,G056,0.0006211368,1
G001,G076,0.0006207918,1
G053,G012,0.00062000233,1
G033,G021,0.00061859516,1
G048,G009,0.00061745505,1
G079,G051,0.00061705185,1
G089,G029,0.00061667565,1
G072,G057,0.00061567256,1
G086,G053,0.0006154794,1
G089,G075,0.00061484653,1
G085,G029,0.0006141851,1
G033,G062,0.0006129319,1
G001,G099,0.0006125939,1
G013,G002,0.0006117675,1
G044,G028,0.0006102532,1
G044,G035,0.0006099594,1
G032,G093,0.00060960656,1
G066,G023,0.0006085356,1
G092,G029,0.0006083565,1
G082,G038,0.0006083454,1
G088,G076,0.00060687226,1
G024,G087,0.0006059002,1
G039,G058,0.00060449395,1
G078,G058,0.0006044612,1
G080,G034,0.0006038674,1
G055,G086,0.00060315424,1
G070,G043,0.0006013597,1
G031,G005,0.0006013045,1
G079,G091,0.0006000112,1
G008,G048,0.00059886515,1
G029,G037,0.0005984339,1
G064,G013,0.00059810345,1
G005,G073,0.0005977473,1
G050,G075,0.00059743866,1
G025,G036,0.00059668097,1
G080,G052,0.0005952874,1
G099,G017,0.0005945958,1
G088,G014,0.0005931819,1
G047,G086,0.000591499,1
G041,G100,0.0005904137,1
G050,G005,0.0005887244,1
G072,G031,0.00058818323,1
G071,G058,0.0005866476,1
G057,G006,0.00058629893,1
G093,G046,0.0005853931,1
G069,G011,0.00058442284,1
G081,G004,0.0005820932,1
G088,G098,0.00058172725,1
G003,G009,0.0005763215,1
G053,G067,0.0005756901,1
G002,G049,0.00057565264,1
G019,G054,0.00057539664,1
G066,G006,0.0005751797,1
G004,G087,0.00057347777,1
G087,G001,0.0005708168,1
G083,G037,0.00056876783,1
G095,G037,0.0005664853,1
G002,G056,0.00056627335,1
G098,G055,0.0005661918,1
G059,G077,0.00056605285,1
G057,G025,0.00056324824,1
G092,G075,0.0005625997,1
G069,G016,0.0005621471,1
G015,G070,0.00056193,1
G055,G087,0.0005614589,1
G040,G087,0.0005606063,1
G068,G079,0.0005602303,1
G071,G032,0.00055790605,1
G007,G056,0.0005569729,1
G057,G028,0.0005564149,1
G081,G019,0.0005558851,1
G079,G089,0.00055528386,1
G092,G069,0.0005544649,1
G080,G002,0.0005527806,1
G030,G085,0.00055276696,1
G080,G071,0.0005510602,1
G078,G037,0.00055094657,1
G099,G092,0.00055045704,1
G039,G064,0.0005500583,1
G069,G020,0.0005491073,1
G021,G037,0.0005488878,1
G008,G079,0.000548104,1
G059,G013,0.00054790376,1
G017,G066,0.0005476306,1
G018,G054,0.00054613996,1
G078,G064,0.00054477516,1
G045,G014,0.00054462,1
G057,G044,0.00054278935,1
G030,G089,0.00054157816,1
G048,G082,0.0005404762,1
G071,G043,0.00053965417,1
G041,G036,0.0005381759,1
G078,G076,0.00053725485,1
G087,G029,0.0005371891,1
G011,G061,0.0005367603,1
G004,G008,0.00053628796,1
G001,G045,0.00053549715,1
G042,G032,0.0005346786,1
G038,G023,0.000534647,1
G037,G042,0.00053426187,1
G041,G031,0.0005341822,1
G007,G025,0.0005333791,1
G010,G084,0.00053249946,1
G053,G026,0.0005317236,1
G002,G089,0.00053000497,1
G043,G005,0.0005298855,1
G071,G060,0.0005283648,1
G030,G024,0.00052730326,1
G055,G031,0.00052559655,1
G074,G023,0.00052380125,1
G087,G054,0.00052353676,1
G045,G059,0.00052293326,1
G007,G011,0.0005228377,1
G097,G035,0.00052078505,1
G051,G044,0.00051944476,1
G085,G062,0.000517809,1
G036,G043,0.0005171836,1
G075,G026,0.00051681255,1
G025,G035,0.00051656034,1
G088,G093,0.00051609596,1
G002,G084,0.00051563745,1
G072,G087,0.00051497016,1
G017,G009,0.00051430246,1
G019,G047,0.0005141882,1
G077,G019,0.00051405997,1
G014,G089,0.0005139034,1
G070,G055,0.0005134765,1
G072,G086,0.000513245,1
G089,G096,0.00051302643,1
G096,G031,0.00051221205,1
G018,G010,0.00051194115,1
G099,G080,0.0005116375,1
G059,G039,0.00050963694,1
G093,G066,0.0005096192,1
G096,G008,0.0005094056,1
G015,G064,0.00050893147,1
G040,G084,0.0005072327,1
G089,G047,0.00050593936,1
G008,G044,0.0005057543,1
G041,G062,0.000504822,1
G077,G054,0.00050408737,1
G028,G089,0.00050371315,1
G013,G019,0.0005019636,1
G022,G064,0.0005009043,1
G075,G012,0.0005008655,1
G037,G056,0.0005002946,1
G034,G006,0.0004988292,1
G092,G091,0.0004978777,1
G091,G060,0.00049707014,1
G066,G048,0.00049632887,1
G075,G064,0.000495531,1
G085,G020,0.0004947035,1
G037,G089,0.00049461547,1
G063,G054,0.0004938453,1
G055,G040,0.00049328513,1
G032,G054,0.00049328356,1
G014,G061,0.0004932383,1
G042,G099,0.00049288437,1
G085,G068,0.0004927755,1
G045,G100,0.0004926822,1
G017,G042,0.0004911516,1
G075,G027,0.00049091794,1
G077,G062,0.00049057725,1
G076,G032,0.0004899613,1
G014,G039,0.00048957573,1
G015,G089,0.0004884541,1
G076,G060,0.00048751972,1
G069,G087,0.00048718482,1
G037,G018,0.0004871473,1
G098,G097,0.00048709515,1
G017,G037,0.00048702135,1
G077,G029,0.0004870146,1
G069,G060,0.00048577308,1
G097,G080,0.00048517645,1
G085,G018,0.00048510174,1
G010,G081,0.00048483931,1
G011,G096,0.00048473038,1
G071,G036,0.00048347018,1
G055,G037,0.00048298045,1
G010,G068,0.00048280595,1
G045,G075,0.00048263994,1
G079,G055,0.00048243234,1
G083,G087,0.00048171324,1
G008,G003,0.00048116088,1
G075,G007,0.00048071292,1
G020,G002,0.0004792006,1
G033,G008,0.00047883688,1
G039,G089,0.00047846555,1
G042,G064,0.000478304,1
G040,G089,0.00047783254,1
G048,G074,0.0004758719,1
G070,G010,0.00047573916,1
G098,G014,0.00047470783,1
G030,G041,0.00047377596,1
G006,G054,0.0004736198,1
G057,G069,0.00047353064,1
G003,G038,0.00047308303,1
G098,G043,0.0004729889,1
G075,G035,0.00047263494,1
G098,G052,0.00047226466,1
G100,G008,0.0004721399,1
G078,G034,0.0004711995,1
G033,G075,0.0004711787,1
G009,G044,0.00047042064,1
G095,G016,0.00046909836,1
G013,G065,0.00046877487,1
G047,G008,0.00046856128,1
G035,G082,0.00046846384,1
G044,G045,0.00046827708,1
G018,G077,0.00046806852,1
G014,G031,0.00046734844,1
G066,G075,0.00046709972,1
G055,G076,0.00046694506,1
G066,G018,0.00046670364,1
G015,G086,0.00046650972,1
G069,G098,0.00046628917,1
G006,G062,0.00046590326,1
G060,G009,0.00046588207,1
G014,G094,0.00046579915,1
G033,G098,0.00046556297,1
G066,G099,0.00046548733,1
G051,G095,0.00046400752,1
G084,G009,0.0004635115,1
G071,G021,0.00046320955,1
G071,G055,0.00046270745,1
G030,G037,0.0004624154,1
G039,G008,0.00046221624,1
G068,G028,0.00046117976,1
G009,G064,0.00046029635,1
G076,G041,0.000459796,1
G071,G081,0.00045943062,1
G041,G028,0.00045929378,1
G036,G031,0.00045863012,1
G092,G078,0.00045689344,1
G093,G054,0.00045686605,1
G057,G081,0.00045666538,1
G025,G066,0.00045605362,1
G001,G041,0.00045466502,1
G022,G096,0.00045454837,1
G057,G091,0.00045451877,1
G011,G019,0.0004544539,1
G018,G044,0.00045438658,1
G089,G008,0.00045407863,1
G048,G023,0.00045253427,1
G025,G082,0.0004525223,1
G097,G006,0.00045236555,1
G034,G010,0.00045153272,1
G030,G014,0.00045102346,1
G076,G023,0.0004500674,1
G085,G066,0.000449929,1
G024,G076,0.00044842882,1
G053,G002,0.00044836657,1
G020,G081,0.00044786485,1
G077,G100,0.00044691574,1
G038,G064,0.0004465631,1
G089,G044,0.0004461175,1
G049,G092,0.00044467117,1
G099,G055,0.00044436118,1
G070,G100,0.00044324502,1
G059,G028,0.0004431009,1
G037,G071,0.00044291004,1
G030,G034,0.00044254237,1
G095,G008,0.00044247383,1
G027,G022,0.00044239094,1
G064,G005,0.00044219007,1
G014,G028,0.00044149728,1
G013,G014,0.0004413253,1
G064,G037,0.00044011947,1
G038,G075,0.0004378132,1
G020,G005,0.0004376738,1
G025,G096,0.00043748837,1
G035,G018,0.00043612797,1
G034,G016,0.0004356672,1
G061,G095,0.0004351953,1
G013,G031,0.00043423977,1
G082,G005,0.00043373584,1
G001,G005,0.00043269573,1
G002,G063,0.0004324634,1
G066,G038,0.00043126172,1
G030,G012,0.0004305389,1
G054,G010,0.00042773405,1
G039,G041,0.00042708367,1
G036,G040,0.00042681274,1
G042,G028,0.00042637327,1
G053,G094,0.00042623872,1
G092,G007,0.00042608287,1
G094,G086,0.00042554288,1
G055,G062,0.00042535816,1
G003,G049,0.00042478472,1
G062,G055,0.00042476752,1
G089,G038,0.00042453984,1
G067,G070,0.00042450157,1
G093,G041,0.00042435437,1
G004,G029,0.0004243008,1
G003,G037,0.00042403326,1
G088,G096,0.00042378806,1
G064,G098,0.00042250872,1
G052,G016,0.00042215263,1
G093,G028,0.00042211075,1
G053,G006,0.00042204163,1
G027,G085,0.0004210179,1
G004,G042,0.0004209967,1
G047,G013,0.00042062282,1
G085,G044,0.00042025727,1
G094,G067,0.0004195741,1
G081,G005,0.00041913573,1
G025,G064,0.0004187108,1
G007,G090,0.00041848657,1
G033,G010,0.0004182526,1
G071,G023,0.0004182154,1
G097,G053,0.00041821442,1
G086,G017,0.00041817123,1
G094,G097,0.0004179294,1
G031,G039,0.00041770592,1
G062,G035,0.00041767242,1
G018,G038,0.00041672093,1
G009,G065,0.0004163267,1
G053,G024,0.00041601816,1
G040,G064,0.00041566216,1
G091,G036,0.0004151129,1
G054,G092,0.00041433395,1
G070,G068,0.00041425717,1
G011,G028,0.00041409704,1
G068,G054,0.00041346787,1
G087,G019,0.00041161434,1
G004,G054,0.00040961432,1
G095,G040,0.0004093557,1
G014,G064,0.00040892573,1
G070,G039,0.00040888716,1
G063,G037,0.00040879598,1
G014,G003,0.00040834313,1
G052,G055,0.00040830945,1
G048,G059,0.00040800715,1
G056,G095,0.00040797834,1
G060,G023,0.0004077387,1
G085,G059,0.0004073272,1
G030,G060,0.00040683165,1
G022,G099,0.0004066084,1
G063,G096,0.0004050354,1
G003,G096,0.00040463873,1
G028,G054,0.0004029449,1
G007,G064,0.0004027144,1
G034,G095,0.00040108024,1
G003,G048,0.00040101726,1
G098,G099,0.00040048725,1
G029,G031,0.00040020948,1
G093,G064,0.00039929335,1
G086,G058,0.0003992795,1
G003,G043,0.00039904757,1
G010,G064,0.0003988731,1
G029,G089,0.0003976501,1
G088,G079,0.00039712412,1
G018,G029,0.00039691315,1
G097,G045,0.00039639324,1
G013,G010,0.000394926,1
G019,G095,0.0003945439,1
G011,G060,0.00039250313,1
G079,G001,0.0003920422,1
G096,G032,0.00039200034,1
G042,G006,0.00039071176,1
G048,G035,0.00039038336,1
G096,G054,0.00038971685,1
G011,G097,0.00038932182,1
G031,G030,0.00038836885,1
G022,G037,0.0003883134,1
G007,G045,0.00038804047,1
G001,G087,0.00038796195,1
G098,G045,0.00038734436,1
G006,G095,0.00038668103,1
G094,G096,0.00038570742,1
G071,G010,0.00038419894,1
G075,G032,0.00038390493,1
G040,G092,0.00038384,1
G010,G059,0.0003834521,1
G078,G074,0.00038267858,1
G060,G020,0.0003816529,1
G014,G027,0.00038139123,1
G021,G068,0.0003811706,1
G050,G042,0.0003811216,1
G004,G055,0.0003807493,1
G097,G058,0.00038040997,1
G014,G078,0.0003803533,1
G075,G040,0.00038032923,1
G087,G051,0.00038027353,1
G009,G095,0.00038017976,1
G013,G064,0.0003797602,1
G040,G006,0.00037952844,1
G025,G054,0.00037937736,1
G070,G084,0.0003793309,1
G085,G015,0.0003792316,1
G056,G054,0.000378745,1
G087,G039,0.00037864075,1
G057,G018,0.00037749283,1
G031,G054,0.00037745328,1
G097,G079,0.00037697438,1
G099,G010,0.00037656724,1
G081,G031,0.00037653046,1
G039,G025,0.00037632172,1
G015,G060,0.00037527265,1
G004,G028,0.00037500536,1
G055,G056,0.0003749337,1
G025,G095,0.0003747647,1
G061,G070,0.00037441283,1
G063,G028,0.00037398166,1
G010,G037,0.0003737291,1
G042,G062,0.0003737209,1
G083,G044,0.00037344053,1
G068,G015,0.00037336134,1
G070,G050,0.0003733536,1
G048,G052,0.00037318387,1
G013,G041,0.000373143,1
G030,G046,0.00037291268,1
G002,G074,0.0003727929,1
G095,G070,0.0003712664,1
G011,G086,0.00037109727,1
G052,G040,0.00037102372,1
G004,G065,0.0003709143,1
G085,G032,0.000370804,1
G035,G089,0.00037052433,1
G064,G085,0.0003695794,1
G010,G006,0.0003689801,1
G099,G071,0.00036875703,1
G002,G008,0.0003685152,1
G075,G100,0.0003673988,1
G062,G049,0.00036724203,1
G093,G042,0.00036656272,1
G053,G079,0.00036609895,1
G068,G088,0.00036591646,1
G040,G079,0.00036544976,1
G084,G002,0.00036499705,1
G047,G062,0.00036436153,1
G087,G070,0.0003640087,1
G076,G004,0.00036384232,1
G095,G089,0.0003637909,1
G025,G088,0.00036327043,1
G040,G055,0.00036315195,1
G061,G086,0.00036305914,1
G089,G003,0.00036289237,1
G043,G097,0.00036258835,1
G099,G081,0.00036258157,1
G011,G020,0.000362538,1
G055,G071,0.00036239278,1
G071,G047,0.00036237953,1
G011,G014,0.0003623522,1
G006,G005,0.00036186096,1
G075,G042,0.00036177217,1
G068,G083,0.00036169082,1
G013,G020,0.00036100252,1
G004,G031,0.0003607654,1
G087,G032,0.00036074952,1
G029,G040,0.00036038217,1
G023,G034,0.00036013004,1
G031,G066,0.00035942966,1
G086,G032,0.0003589943,1
G044,G020,0.00035897034,1
G018,G008,0.0003566193,1
G067,G060,0.00035629925,1
G029,G060,0.0003556426,1
G050,G037,0.00035499517,1
G097,G088,0.00035492287,1
G091,G056,0.0003547697,1
G029,G092,0.00035476126,1
G091,G067,0.00035465558,1
G051,G043,0.0003545059,1
G017,G008,0.00035376503,1
G042,G066,0.00035354955,1
G079,G080,0.0003534108,1
G082,G060,0.00035231665,1
G075,G008,0.00035228132,1
G023,G096,0.00035214683,1
G082,G081,0.00035120762,1
G059,G014,0.00035080116,1
G050,G099,0.00035074595,1
G011,G062,0.0003499786,1
G097,G062,0.00034990493,1
G088,G100,0.00034884637,1
G002,G064,0.00034848566,1
G089,G062,0.00034844122,1
G098,G072,0.00034803821,1
G097,G054,0.00034775966,1
G093,G035,0.00034684528,1
G092,G086,0.0003467032,1
G094,G023,0.00034544282,1
G062,G079,0.00034540435,1
G081,G096,0.00034525097,1
G034,G013,0.00034517463,1
G068,G023,0.00034418327,1
G051,G038,0.000344112,1
G075,G083,0.00034389517,1
G038,G068,0.00034303882,1
G078,G028,0.00034275997,1
G078,G009,0.0003425005,1
G057,G010,0.00034181087,1
G061,G023,0.00034159046,1
G014,G007,0.00034152844,1
G051,G088,0.0003413704,1
G076,G071,0.00034032256,1
G016,G072,0.00033969103,1
G092,G031,0.00033787778,1
G060,G035,0.00033744532,1
G020,G035,0.00033708577,1
G061,G058,0.00033708054,1
G069,G079,0.00033701345,1
G038,G085,0.00033605873,1
G045,G018,0.0003359803,1
G088,G087,0.00033590375,1
G034,G048,0.00033553253,1
G067,G074,0.0003344347,1
G039,G084,0.00033381677,1
G050,G095,0.00033376645,1
G031,G007,0.00033370586,1
G089,G042,0.0003332425,1
G035,G054,0.00033299724,1
G051,G064,0.0003328262,1
G055,G013,0.00033256444,1
G007,G005,0.00033115622,1
G077,G056,0.00033104292,1
G056,G064,0.0003303378,1
G083,G078,0.0003298949,1
G063,G031,0.00032985417,1
G020,G050,0.0003297953,1
G093,G098,0.00032968185,1
G088,G056,0.0003287196,1
G090,G039,0.00032860012,1
G010,G092,0.00032833478,1
G075,G003,0.0003272846,1
G054,G081,0.0003267607,1
G014,G026,0.00032665953,1
G070,G002,0.0003259517,1
G019,G093,0.000325848,1
G042,G044,0.0003253933,1
G060,G037,0.00032509957,1
G093,G014,0.00032481994,1
G019,G067,0.00032478516,1
G024,G056,0.00032478254,1
G070,G041,0.00032464386,1
G053,G044,0.00032395005,1
G008,G054,0.00032374822,1
G018,G062,0.00032329193,1
G099,G040,0.00032290522,1
G098,G031,0.00032268287,1
G053,G005,0.0003219784,1
G077,G055,0.0003218511,1
G087,G007,0.00032133548,1
G002,G023,0.00032117116,1
G030,G087,0.0003204107,1
G083,G074,0.0003200321,1
G085,G002,0.00031999138,1
G099,G002,0.00031982255,1
G063,G013,0.0003196416,1
G004,G079,0.00031947682,1
G005,G047,0.00031793595,1
G097,G087,0.00031790906,1
G010,G062,0.00031784523,1
G069,G062,0.00031775027,1
G072,G089,0.00031668512,1
G061,G083,0.00031654406,1
G098,G071,0.00031650157,1
G033,G006,0.00031638177,1
G007,G030,0.00031595657,1
G007,G085,0.00031547484,1
G024,G098,0.0003154219,1
G025,G078,0.00031516107,1
G019,G055,0.00031478752,1
G032,G023,0.0003137543,1
G061,G071,0.00031327066,1
G055,G047,0.0003121998,1
G066,G062,0.00031173253,1
G093,G031,0.0003114189,1
G100,G048,0.000311392,1
G077,G053,0.00031089425,1
G002,G062,0.0003108039,1
G075,G087,0.00030980227,1
G003,G004,0.00030975547,1
G068,G021,0.00030929505,1
G050,G008,0.00030924738,1
G006,G070,0.00030910532,1
G077,G010,0.00030906513,1
G088,G074,0.00030840735,1
G061,G082,0.00030822546,1
G062,G072,0.0003082045,1
G031,G016,0.0003081535,1
G003,G018,0.0003079635,1
G031,G020,0.00030765016,1
G071,G041,0.00030710586,1
G095,G062,0.00030702155,1
G089,G082,0.00030621467,1
G024,G072,0.0003058982,1
G078,G020,0.00030586196,1
G001,G084,0.00030535273,1
G022,G075,0.0003052234,1
G091,G024,0.00030490675,1
G029,G095,0.00030426515,1
G045,G076,0.00030425703,1
G074,G070,0.00030399568,1
G019,G068,0.00030381992,1
G034,G042,0.00030313974,1
G052,G006,0.00030310501,1
G055,G039,0.00030293732,1
G060,G001,0.000302794,1
G069,G005,0.00030264308,1
G094,G035,0.00030189872,1
G007,G067,0.0003014819,1
G065,G082,0.0003004676,1
G053,G098,0.00030045904,1
G060,G089,0.00030037688,1
G007,G086,0.00030010124,1
G061,G081,0.00030008084,1
G006,G082,0.00029982583,1
G011,G047,0.00029974972,1
G071,G017,0.00029964285,1
G097,G049,0.00029956503,1
G077,G076,0.0002995431,1
G028,G069,0.0002988211,1
G024,G010,0.0002986577,1
G100,G089,0.00029837407,1
G042,G072,0.00029761385,1
G007,G002,0.00029726676,1
G042,G001,0.00029600065,1
G003,G082,0.0002955066,1
G013,G056,0.00029523054,1
G088,G077,0.00029488272,1
G077,G030,0.00029466645,1
G066,G014,0.00029388847,1
G034,G062,0.000293817,1
G078,G090,0.00029373917,1
G099,G005,0.0002935538,1
G089,G067,0.00029335494,1
G008,G035,0.00029300537,1
G069,G045,0.00029262964,1
G008,G038,0.00029237533,1
G076,G019,0.00029236128,1
G066,G056,0.0002918338,1
G043,G079,0.00029176564,1
G079,G077,0.0002917597,1
G034,G099,0.0002913829,1
G017,G054,0.00029124305,1
G075,G061,0.00029121307,1
G086,G078,0.00029088778,1
G093,G045,0.00029081944,1
G075,G018,0.0002906944,1
G093,G058,0.00028987293,1
G047,G004,0.00028978073,1
G025,G072,0.00028970142,1
G015,G010,0.00028877554,1
G090,G043,0.00028860976,1
G061,G018,0.0002883438,1
G014,G035,0.00028817044,1
G039,G076,0.00028807457,1
G069,G073,0.00028764684,1
G037,G048,0.00028751013,1
G013,G040,0.0002873984,1
G023,G005,0.0002858506,1
G021,G028,0.00028561318,1
G039,G005,0.0002853925,1
G079,G011,0.0002853828,1
G019,G094,0.0002853757,1
G006,G080,0.00028533925,1
G041,G071,0.00028521562,1
G098,G009,0.00028519632,1
G064,G025,0.0002851249,1
G040,G002,0.00028413444,1
G002,G096,0.00028347241,1
G062,G037,0.0002834416,1
G078,G014,0.00028262733,1
G042,G080,0.00028235826,1
G081,G007,0.00028231938,1
G077,G080,0.0002820283,1
G074,G043,0.00028195482,1
G060,G042,0.00028164443,1
G044,G086,0.00028156803,1
G052,G010,0.00028146853,1
G012,G066,0.00028116294,1
G060,G041,0.00028087143,1
G087,G086,0.00028071165,1
G004,G010,0.00028043782,1
G077,G085,0.00028037222,1
G004,G006,0.00028025827,1
G055,G083,0.0002800886,1
G085,G081,0.00028003426,1
G071,G097,0.00027999788,1
G062,G006,0.00027998284,1
G070,G078,0.0002798911,1
G073,G038,0.00027948432,1
G091,G075,0.00027925294,1
G080,G083,0.00027922296,1
G045,G073,0.00027920306,1
G066,G076,0.0002787291,1
G009,G015,0.000278688,1
G080,G051,0.00027864898,1
G077,G083,0.00027835998,1
G003,G035,0.00027827898,1
G051,G024,0.00027810552,1
G009,G043,0.00027790145,1
G045,G062,0.00027739856,1
G048,G061,0.00027736052,1
G088,G064,0.0002771614,1
G066,G090,0.00027702315,1
G059,G061,0.00027690356,1
G077,G045,0.00027682565,1
G051,G062,0.0002765154,1
G042,G003,0.0002761988,1
G061,G100,0.00027615135,1
G098,G068,0.00027605964,1
G089,G098,0.0002757881,1
G089,G064,0.0002757469,1
G098,G057,0.0002754955,1
G020,G051,0.0002753259,1
G055,G090,0.00027487043,1
G004,G014,0.00027481068,1
G018,G043,0.00027425296,1
G081,G002,0.0002739909,1
G049,G038,0.00027361105,1
G079,G019,0.0002735517,1
G088,G024,0.00027318354,1
G039,G002,0.00027317257,1
G044,G021,0.0002731417,1
G036,G010,0.00027279733,1
G002,G040,0.00027216435,1
G031,G012,0.00027208874,1
G047,G085,0.0002719324,1
G010,G083,0.00027166927,1
G045,G041,0.0002711126,1
G044,G002,0.00027064103,1
G098,G002,0.00026992703,1
G045,G023,0.00026971192,1
G055,G020,0.00026936454,1
G055,G064,0.00026873438,1
G082,G094,0.00026850245,1
G096,G035,0.00026841537,1
G045,G013,0.00026835102,1
G094,G028,0.0002682997,1
G064,G097,0.00026790213,1
G031,G021,0.0002679013,1
G014,G049,0.00026698236,1
G079,G016,0.00026671254,1
G085,G011,0.00026656475,1
G050,G056,0.000266135,1
G070,G064,0.00026532318,1
G014,G071,0.00026414226,1
G055,G085,0.0002636328,1
G066,G087,0.00026348306,1
G015,G001,0.0002634589,1
G001,G077,0.00026335238,1
G043,G064,0.0002631506,1
G060,G016,0.00026277403,1
G058,G054,0.00026232572,1
G031,G035,0.00026228133,1
G091,G043,0.00026224187,1
G095,G060,0.00026222825,1
G074,G038,0.000261446,1
G004,G049,0.0002607625,1
G090,G077,0.0002606932,1
G072,G035,0.00026046738,1
G093,G032,0.00026037626,1
G088,G018,0.0002603364,1
G062,G007,0.0002600486,1
G052,G038,0.00025998353,1
G078,G061,0.00025953085,1
G031,G081,0.00025880465,1
G002,G041,0.0002587738,1
G091,G028,0.0002585038,1
G085,G027,0.0002577333,1
G043,G062,0.00025769038,1
G073,G035,0.00025719035,1
G071,G038,0.00025716083,1
G008,G010,0.0002568111,1
G028,G085,0.00025640635,1
G089,G019,0.00025626132,1
G034,G094,0.00025623888,1
G064,G003,0.0002561138,1
G098,G030,0.0002561126,1
G010,G008,0.00025604485,1
G002,G019,0.00025581082,1
G038,G018,0.0002556321,1
G066,G028,0.00025547328,1
G079,G082,0.00025530957,1
G030,G084,0.00025500086,1
G019,G034,0.00025461067,1
G032,G002,0.00025405246,1
G088,G063,0.0002536965,1
G078,G085,0.0002536695,1
G031,G045,0.0002535788,1
G095,G013,0.0002531536,1
G007,G014,0.00025306144,1
G068,G040,0.00025262547,1
G084,G064,0.00025202605,1
G080,G009,0.00025174205,1
G039,G079,0.0002516534,1
G053,G048,0.00025156335,1
G017,G065,0.0002515401,1
G019,G080,0.0002513791,1
G037,G040,0.00025124737,1
G040,G007,0.00025079315,1
G023,G032,0.00025074757,1
G081,G032,0.00025071285,1
G011,G037,0.00025061154,1
G013,G092,0.00025035514,1
G044,G004,0.00025022993,1
G042,G039,0.0002501335,1
G018,G085,0.00025011532,1
G078,G094,0.00024952288,1
G072,G028,0.00024934707,1
G056,G014,0.00024934154,1
G061,G063,0.00024933813,1
G030,G006,0.0002491554,1
G030,G005,0.00024831318,1
G001,G028,0.00024817607,1
G030,G090,0.00024741836,1
G025,G084,0.00024739926,1
G059,G087,0.00024725916,1
G093,G007,0.0002472268,1
G051,G033,0.00024719295,1
G004,G060,0.00024662298,1
G087,G079,0.00024636762,1
G032,G095,0.00024634093,1
G032,G047,0.00024584564,1
G051,G017,0.00024478685,1
G087,G005,0.0002447718,1
G067,G072,0.00024467654,1
G010,G035,0.00024464005,1
G006,G016,0.00024453012,1
G035,G021,0.00024430497,1
G060,G049,0.0002438306,1
G025,G083,0.00024346751,1
G004,G053,0.00024340535,1
G018,G090,0.000243233,1
G079,G028,0.0002431869,1
G095,G005,0.00024316048,1
G061,G032,0.00024309961,1
G076,G005,0.00024299808,1
G017,G021,0.0002429213,1
G095,G049,0.00024283398,1
G025,G009,0.00024272682,1
G087,G044,0.00024268137,1
G022,G086,0.00024222558,1
G024,G042,0.00024206558,1
G093,G049,0.00024206305,1
G008,G004,0.0002419817,1
G055,G002,0.00024185766,1
G100,G054,0.00024184058,1
G051,G065,0.00024182047,1
G024,G028,0.00024171693,1
G029,G090,0.0002415658,1
G054,G099,0.00024128078,1
G072,G004,0.00024102091,1
G096,G077,0.0002408908,1
G025,G034,0.0002407152,1
G015,G056,0.00024055626,1
G098,G008,0.00024047011,1
G070,G098,0.00024036146,1
G031,G004,0.00024035745,1
G075,G095,0.00024013492,1
G014,G008,0.00023976134,1
G094,G038,0.00023958547,1
G072,G099,0.00023938081,1
G030,G066,0.00023923207,1
G032,G011,0.00023915715,1
G044,G010,0.00023875588,1
G007,G068,0.00023859968,1
G053,G032,0.00023809876,1
G077,G014,0.00023803927,1
G059,G071,0.0002378898,1
G006,G079,0.0002376307,1
G095,G094,0.00023749314,1
G019,G003,0.00023734235,1
G032,G044,0.00023730949,1
G040,G054,0.00023591591,1
G019,G090,0.00023589868,1
G022,G047,0.0002356166,1
G007,G046,0.00023559172,1
G032,G003,0.00023554631,1
G023,G031,0.0002354187,1
G080,G044,0.00023523993,1
G071,G083,0.00023465192,1
G093,G021,0.0002341081,1
G099,G009,0.00023402572,1
G015,G002,0.00023362318,1
G098,G056,0.00023312973,1
G018,G096,0.00023289616,1
G088,G019,0.0002327522,1
G019,G058,0.00023270053,1
G036,G005,0.00023258067,1
G081,G079,0.0002316957,1
G015,G044,0.00023134609,1
G002,G053,0.00023134024,1
G056,G037,0.00023097674,1
G048,G025,0.00023091907,1
G081,G083,0.00023021271,1
G095,G002,0.00023019972,1
G032,G040,0.00022950431,1
G028,G073,0.00022947225,1
G079,G004,0.00022912657,1
G019,G089,0.00022908211,1
G021,G047,0.00022893566,1
G064,G057,0.000228891,1
G009,G085,0.00022845427,1
G003,G034,0.00022826347,1
G064,G088,0.00022825482,1
G022,G060,0.00022803366,1
G085,G028,0.00022801981,1
G086,G022,0.00022796832,1
G098,G085,0.00022769971,1
G006,G056,0.00022767662,1
G078,G077,0.00022751823,1
G022,G016,0.0002271575,1
G091,G098,0.00022649439,1
G011,G067,0.00022643962,1
G006,G031,0.00022634212,1
G088,G042,0.00022608679,1
G095,G068,0.00022566676,1
G038,G044,0.00022558014,1
G015,G035,0.00022556182,1
G088,G045,0.00022551189,1
G082,G003,0.00022542547,1
G084,G083,0.00022533594,1
G069,G096,0.00022517721,1
G095,G056,0.00022501007,1
G037,G033,0.00022465108,1
G092,G005,0.00022405594,1
G062,G080,0.00022394586,1
G064,G046,0.00022374313,1
G093,G006,0.00022336948,1
G077,G046,0.00022325122,1
G011,G002,0.00022323446,1
G095,G031,0.0002228147,1
G086,G069,0.00022235274,1
G032,G021,0.0002222237,1
G014,G010,0.00022214859,1
G080,G099,0.00022203874,1
G079,G010,0.00022191656,1
G006,G018,0.00022173896,1
G049,G073,0.00022162602,1
G092,G065,0.0002216187,1
G048,G028,0.00022140131,1
G087,G022,0.00022087138,1
G043,G023,0.00022055226,1
G059,G067,0.00021951857,1
G019,G084,0.00021928463,1
G048,G083,0.0002192722,1
G003,G028,0.00021917785,1
G025,G053,0.0002191286,1
G057,G038,0.00021890533,1
G086,G014,0.00021884144,1
G007,G096,0.00021867153,1
G024,G032,0.00021819914,1
G048,G096,0.00021760473,1
G022,G021,0.00021739636,1
G032,G053,0.00021696062,1
G097,G042,0.00021695746,1
G080,G043,0.00021673202,1
G073,G033,0.00021662851,1
G059,G072,0.0002163438,1
G093,G016,0.0002161143,1
G084,G014,0.00021562264,1
G004,G001,0.00021555262,1
G044,G016,0.00021485126,1
G024,G003,0.00021482109,1
G023,G010,0.0002147811,1
G018,G083,0.00021471968,1
G092,G081,0.00021429462,1
G010,G077,0.00021422566,1
G094,G002,0.00021419724,1
G041,G019,0.00021406855,1
G029,G055,0.00021405991,1
G039,G068,0.00021364354,1
G022,G008,0.00021297803,1
G096,G041,0.00021282144,1
G015,G096,0.00021280776,1
G030,G035,0.00021257716,1
G081,G044,0.00021249652,1
G082,G018,0.00021247298,1
G078,G068,0.00021238282,1
G029,G078,0.00021238171,1
G021,G092,0.00021226601,1
G043,G089,0.00021218725,1
G001,G059,0.00021200915,1
G072,G080,0.00021188111,1
G072,G053,0.00021185115,1
G089,G071,0.00021127392,1
G061,G089,0.00021120005,1
G079,G020,0.00021115036,1
G093,G087,0.00021113991,1
G061,G060,0.0002108146,1
G024,G084,0.00021013906,1
G040,G086,0.00021001941,1
G024,G055,0.00020924055,1
G067,G009,0.00020897381,1
G055,G017,0.00020871962,1
G018,G053,0.00020870523,1
G049,G070,0.00020843187,1
G095,G025,0.00020842977,1
G056,G060,0.00020835108,1
G085,G058,0.00020828971,1
G061,G051,0.00020813872,1
G023,G062,0.0002078324,1
G048,G002,0.0002077166,1
G069,G036,0.00020762779,1
G066,G002,0.00020751625,1
G041,G089,0.0002074931,1
G019,G079,0.00020744251,1
G061,G039,0.00020739564,1
G086,G083,0.00020728158,1
G024,G016,0.00020718868,1
G060,G028,0.00020717879,1
G034,G002,0.00020705601,1
G066,G044,0.00020693042,1
G022,G058,0.00020664242,1
G069,G038,0.00020648699,1
G051,G025,0.00020583962,1
G039,G073,0.00020566226,1
G086,G016,0.00020552291,1
G068,G063,0.0002053515,1
G077,G020,0.00020510609,1
G038,G048,0.00020508032,1
G020,G085,0.00020504191,1
G032,G060,0.00020481697,1
G029,G058,0.00020475085,1
G006,G061,0.00020471301,1
G089,G093,0.00020419652,1
G092,G001,0.00020393923,1
G052,G043,0.00020391145,1
G006,G015,0.0002038195,1
G054,G096,0.00020367019,1
G045,G050,0.00020353682,1
G055,G073,0.00020352787,1
G069,G090,0.00020313177,1
G064,G080,0.00020300264,1
G080,G032,0.00020290734,1
G099,G056,0.0002024315,1
G004,G064,0.00020162841,1
G071,G035,0.00020148084,1
G055,G096,0.00020145076,1
G065,G018,0.00020122371,1
G094,G014,0.00020112423,1
G074,G061,0.00020098778,1
G078,G008,0.00020095518,1
G018,G028,0.00020054984,1
G049,G051,0.00020051631,1
G045,G079,0.00020023031,1
G002,G042,0.00020013434,1
G072,G047,0.00019991134,1
G076,G081,0.00019981005,1
G008,G078,0.00019945536,1
G078,G035,0.0001993971,1
G059,G044,0.00019938247,1
G056,G028,0.00019903829,1
G019,G085,0.00019903347,1
G061,G004,0.00019896269,1
G047,G100,0.00019893379,1
G040,G078,0.00019865858,1
G004,G084,0.00019855311,1
G093,G094,0.00019841944,1
G061,G041,0.00019819332,1
G006,G028,0.0001981239,1
G080,G082,0.00019787227,1
G007,G060,0.00019767814,1
G099,G033,0.0001976766,1
G034,G072,0.0001965971,1
G041,G061,0.0001965866,1
G048,G078,0.000196567,1
G006,G093,0.00019613285,1
G036,G076,0.0001960702,1
G029,G022,0.00019568716,1
G030,G062,0.00019567485,1
G006,G020,0.00019549833,1
G031,G053,0.0001954218,1
G042,G038,0.00019521467,1
G056,G006,0.0001950811,1
G022,G063,0.00019495374,1
G048,G047,0.00019451973,1
G069,G052,0.00019447792,1
G034,G069,0.00019437281,1
G038,G010,0.00019416367,1
G022,G053,0.00019346552,1
G038,G031,0.00019332182,1
G075,G048,0.00019321677,1
G030,G058,0.00019321645,1
G033,G090,0.0001930574,1
G009,G047,0.0001929876,1
G019,G002,0.00019298297,1
G046,G036,0.00019267321,1
G095,G001,0.00019251683,1
G061,G072,0.00019234268,1
G024,G038,0.00019174744,1
G054,G080,0.00019151821,1
G010,G071,0.00019133194,1
G035,G066,0.00019127184,1
G071,G005,0.00019116979,1
G096,G038,0.00019112941,1
G054,G022,0.00019080956,1
G041,G013,0.00019067137,1
G056,G020,0.00019054668,1
G014,G032,0.00019042795,1
G058,G025,0.00019035181,1
G042,G069,0.00018975143,1
G081,G064,0.00018970069,1
G076,G028,0.00018969546,1
G053,G059,0.00018959079,1
G025,G081,0.00018949593,1
G002,G006,0.0001892581,1
G007,G075,0.00018911986,1
G096,G064,0.00018907926,1
G041,G070,0.00018885105,1
G078,G036,0.00018881825,1
G002,G060,0.00018879313,1
G023,G040,0.00018872213,1
G095,G080,0.00018870954,1
G042,G029,0.00018868709,1
G094,G009,0.0001886054,1
G092,G047,0.00018836684,1
G080,G037,0.00018813845,1
G001,G018,0.00018751319,1
G006,G030,0.00018728669,1
G045,G024,0.00018705183,1
G018,G074,0.00018701896,1
G054,G068,0.00018671031,1
G093,G063,0.00018650907,1
G051,G089,0.00018627064,1
G072,G092,0.00018616712,1
G023,G037,0.0001861181,1
G076,G088,0.00018606898,1
G006,G051,0.00018599347,1
G100,G028,0.00018571099,1
G029,G052,0.00018568925,1
G065,G023,0.00018564497,1
G064,G018,0.00018530415,1
G065,G035,0.00018518337,1
G056,G040,0.00018513655,1
G027,G066,0.0001851331,1
G091,G097,0.00018484482,1
G064,G076,0.0001848346,1
G013,G076,0.00018472134,1
G083,G085,0.00018470654,1
G078,G056,0.0001847057,1
G006,G002,0.00018464071,1
G082,G032,0.00018461327,1
G051,G096,0.00018404206,1
G063,G046,0.0001836698,1
G022,G100,0.00018365533,1
G055,G082,0.00018357305,1
G063,G035,0.00018281217,1
G070,G018,0.0001826122,1
G004,G041,0.00018221376,1
G051,G071,0.00018215524,1
G036,G028,0.00018205754,1
G089,G010,0.00018203243,1
G006,G096,0.00018176084,1
G039,G055,0.00018157522,1
G061,G031,0.00018146311,1
G009,G040,0.00018138597,1
G038,G046,0.00018123726,1
G063,G060,0.00018117056,1
G033,G042,0.00018109826,1
G059,G056,0.00018089126,1
G011,G085,0.00018082325,1
G067,G100,0.0001807836,1
G082,G062,0.00018076379,1
G025,G029,0.00018073815,1
G039,G019,0.00018052268,1
G078,G046,0.00018023796,1
G007,G040,0.00017977778,1
G057,G072,0.0001795169,1
G089,G084,0.00017935109,1
G042,G005,0.00017921883,1
G024,G081,0.00017921375,1
G095,G022,0.00017909078,1
G087,G068,0.00017887187,1
G095,G042,0.00017855203,1
G100,G011,0.00017830907,1
G050,G031,0.00017825491,1
G011,G035,0.00017818343,1
G093,G073,0.00017786633,1
G052,G036,0.00017777843,1
G064,G028,0.00017775755,1
G082,G002,0.00017764152,1
G047,G018,0.00017750773,1
G013,G089,0.00017749157,1
G006,G048,0.00017737952,1
G027,G028,0.00017723022,1
G029,G070,0.00017694701,1
G091,G011,0.00017668451,1
G088,G006,0.00017665676,1
G040,G043,0.00017615165,1
G097,G074,0.00017610221,1
G066,G080,0.00017608287,1
G021,G034,0.00017608223,1
G003,G019,0.0001760301,1
G047,G028,0.0001758626,1
G042,G075,0.00017582963,1
G042,G007,0.00017569213,1
G086,G044,0.0001752456,1
G060,G067,0.00017510138,1
G042,G077,0.00017505186,1
G036,G061,0.00017504001,1
G066,G008,0.00017497216,1
G010,G095,0.00017493831,1
G030,G009,0.00017474621,1
G061,G047,0.00017455121,1
G070,G088,0.00017441371,1
G050,G073,0.00017430865,1
G012,G072,0.00017413468,1
G019,G098,0.00017350347,1
G030,G078,0.00017327635,1
G041,G006,0.00017326165,1
G022,G004,0.00017323109,1
G033,G004,0.00017321813,1
G095,G077,0.00017303167,1
G079,G003,0.000172548,1
G003,G066,0.0001724656,1
G013,G011,0.00017239942,1
G014,G016,0.00017214239,1
G061,G097,0.00017192721,1
G094,G044,0.00017181964,1
G047,G093,0.00017173104,1
G077,G095,0.00017172303,1
G007,G093,0.00017098957,1
G056,G089,0.00017060096,1
G015,G066,0.00017056624,1
G039,G099,0.00017008033,1
G029,G065,0.00017002878,1
G086,G010,0.00016993002,1
G021,G069,0.00016978428,1
G055,G061,0.00016974854,1
G100,G056,0.00016957826,1
G047,G002,0.0001692102,1
G093,G013,0.00016917878,1
G025,G049,0.00016909283,1
G053,G100,0.00016893542,1
G049,G040,0.00016886895,1
G062,G070,0.00016849527,1
G036,G092,0.0001683892,1
G081,G062,0.00016836628,1
G044,G079,0.00016821799,1
G040,G035,0.00016744593,1
G009,G046,0.00016738662,1
G057,G031,0.00016729237,1
G002,G097,0.00016718399,1
G054,G042,0.00016702148,1
G020,G098,0.00016688072,1
G020,G032,0.0001666253,1
G061,G028,0.00016642729,1
G008,G093,0.00016601838,1
G011,G078,0.00016584646,1
G061,G037,0.00016576581,1
G007,G048,0.00016557988,1
G093,G020,0.0001655559,1
G009,G006,0.00016543911,1
G095,G028,0.00016525926,1
G015,G095,0.00016498435,1
G061,G052,0.00016488004,1
G079,G006,0.00016482583,1
G020,G067,0.000164627,1
G065,G002,0.00016438398,1
G020,G008,0.000163789,1
G087,G028,0.00016356626,1
G090,G028,0.000163521,1
G001,G062,0.00016338153,1
G095,G048,0.00016311431,1
G059,G016,0.000163103,1
G049,G031,0.00016297279,1
G079,G096,0.00016246854,1
G092,G062,0.00016212849,1
G054,G090,0.00016194198,1
G061,G017,0.00016182044,1
G089,G072,0.00016156204,1
G042,G061,0.0001615504,1
G057,G041,0.00016153429,1
G059,G068,0.00016126539,1
G025,G077,0.00016119854,1
G068,G005,0.0001610741,1
G063,G095,0.00016097659,1
G003,G017,0.00016055959,1
G002,G016,0.00016032335,1
G066,G061,0.00016029137,1
G010,G058,0.00016003127,1
G040,G059,0.00015972374,1
G001,G008,0.00015951476,1
G020,G075,0.00015944152,1
G037,G019,0.00015940487,1
G002,G018,0.00015931988,1
G010,G018,0.00015925604,1
G062,G010,0.0001592312,1
G084,G067,0.00015871582,1
G065,G083,0.00015847017,1
G092,G011,0.00015795862,1
G058,G085,0.00015790638,1
G088,G065,0.00015754037,1
G061,G078,0.00015739308,1
G083,G023,0.0001565938,1
G041,G096,0.00015658599,1
G081,G066,0.00015648633,1
G028,G043,0.00015632717,1
G043,G019,0.00015601449,1
G017,G005,0.00015598124,1
G074,G055,0.00015549886,1
G082,G021,0.0001552672,1
G068,G098,0.00015518516,1
G013,G033,0.00015457688,1
G018,G089,0.00015439808,1
G072,G039,0.00015396225,1
G069,G078,0.00015386668,1
G055,G097,0.00015365878,1
G034,G083,0.0001533322,1
G044,G031,0.00015333174,1
G078,G032,0.00015318487,1
G059,G006,0.00015307372,1
G028,G007,0.00015290604,1
G023,G039,0.00015276592,1
G071,G013,0.00015276416,1
G071,G070,0.0001526662,1
G077,G061,0.00015265917,1
G019,G096,0.00015233461,1
G030,G028,0.00015185654,1
G018,G052,0.00015166165,1
G058,G041,0.00015160246,1
G059,G097,0.00015137579,1
G029,G100,0.00015129136,1
G025,G087,0.00015105843,1
G093,G083,0.0001508939,1
G067,G089,0.00015074134,1
G064,G052,0.00015057765,1
G031,G022,0.00015045621,1
G044,G069,0.00015034991,1
G063,G073,0.000150301,1
G078,G007,0.00014965693,1
G025,G030,0.0001496252,1
G087,G020,0.00014918961,1
G021,G070,0.00014880908,1
G086,G003,0.00014880068,1
G061,G045,0.00014869736,1
G039,G066,0.00014853431,1
G030,G017,0.00014807763,1
G018,G065,0.00014785104,1
G081,G021,0.00014768829,1
G024,G045,0.00014752438,1
G088,G028,0.00014735357,1
G047,G042,0.00014731877,1
G088,G037,0.00014730995,1
G092,G052,0.00014715192,1
G100,G072,0.00014705358,1
G007,G082,0.00014674047,1
G037,G082,0.00014665388,1
G050,G081,0.00014632572,1
G045,G056,0.00014618548,1
G018,G020,0.00014606211,1
G088,G035,0.0001460058,1
G052,G014,0.00014590338,1
G059,G074,0.00014585581,1
G086,G035,0.00014569204,1
G083,G062,0.00014558944,1
G013,G037,0.00014525,1
G044,G054,0.00014491043,1
G088,G005,0.00014467494,1
G100,G082,0.00014465483,1
G045,G089,0.00014434895,1
G091,G020,0.00014430171,1
G078,G087,0.00014417183,1
G038,G090,0.0001438999,1
G018,G040,0.000143877,1
G030,G018,0.00014365786,1
G010,G038,0.00014348677,1
G052,G047,0.00014332928,1
G086,G043,0.00014308658,1
G024,G021,0.00014226977,1
G034,G063,0.00014198957,1
G036,G042,0.00014184478,1
G084,G006,0.00014155848,1
G059,G066,0.00014124144,1
G057,G083,0.0001412202,1
G025,G028,0.00014101547,1
G003,G055,0.00014078537,1
G031,G090,0.0001406639,1
G065,G077,0.00014028855,1
G055,G066,0.00014002464,1
G042,G054,0.00013983938,1
G086,G021,0.0001397124,1
G039,G065,0.00013957001,1
G029,G049,0.0001393449,1
G053,G020,0.00013926107,1
G097,G030,0.00013882673,1
G070,G094,0.00013882136,1
G017,G035,0.00013878754,1
G008,G071,0.00013864288,1
G075,G016,0.00013845082,1
G077,G084,0.00013829522,1
G029,G098,0.00013821753,1
G038,G009,0.0001379675,1
G045,G036,0.00013785742,1
G097,G056,0.00013778289,1
G098,G090,0.00013757432,1
G038,G080,0.0001369741,1
G045,G037,0.00013633496,1
G090,G097,0.00013629755,1
G002,G010,0.00013605418,1
G078,G082,0.00013594795,1
G047,G077,0.0001358904,1
G094,G045,0.00013571892,1
G047,G043,0.00013562682,1
G064,G081,0.00013554402,1
G061,G029,0.00013553191,1
G081,G086,0.00013501456,1
G071,G096,0.00013482013,1
G084,G018,0.00013462585,1
G037,G003,0.00013458067,1
G089,G055,0.00013449615,1
G053,G095,0.00013444322,1
G079,G087,0.0001343877,1
G059,G043,0.00013435654,1
G057,G029,0.00013420265,1
G032,G030,0.00013404059,1
G010,G039,0.00013399558,1
G056,G032,0.0001338017,1
G014,G086,0.00013379332,1
G011,G029,0.00013374808,1
G039,G052,0.00013370624,1
G054,G016,0.00013300416,1
G025,G032,0.00013291399,1
G034,G050,0.00013284635,1
G044,G055,0.00013278596,1
G010,G085,0.00013277352,1
G053,G076,0.00013255558,1
G056,G035,0.00013237864,1
G052,G020,0.00013227708,1
G019,G063,0.0001320591,1
G004,G099,0.00013204053,1
G084,G071,0.00013192382,1
G059,G075,0.00013186532,1
G067,G090,0.00013186346,1
G022,G085,0.0001318377,1
G060,G093,0.00013183401,1
G053,G085,0.00013177635,1
G066,G073,0.00013173191,1
G100,G020,0.0001315051,1
G070,G048,0.00013095804,1
G064,G041,0.00013079,1
G030,G071,0.00013075408,1
G050,G032,0.00013014805,1
G099,G001,0.00013010154,1
G039,G069,0.0001300473,1
G036,G080,0.00012996755,1
G038,G100,0.00012979655,1
G067,G043,0.00012974629,1
G041,G005,0.00012970208,1
G007,G047,0.0001296735,1
G021,G001,0.00012962017,1
G085,G043,0.00012890834,1
G040,G046,0.00012860012,1
G051,G042,0.00012852917,1
G095,G030,0.00012827262,1
G088,G066,0.00012824289,1
G064,G017,0.00012810469,1
G011,G053,0.00012809837,1
G098,G040,0.00012808235,1
G065,G038,0.00012801857,1
G047,G074,0.00012797149,1
G034,G049,0.00012786704,1
G055,G004,0.00012762497,1
G006,G050,0.00012746756,1
G031,G024,0.00012708628,1
G017,G046,0.00012684386,1
G049,G028,0.00012670872,1
G074,G067,0.00012611451,1
G100,G023,0.00012588651,1
G022,G097,0.00012571637,1
G088,G084,0.00012544171,1
G088,G067,0.00012531088,1
G019,G100,0.00012518074,1
G071,G062,0.00012490377,1
G067,G033,0.00012472953,1
G079,G035,0.00012432778,1
G060,G078,0.00012420703,1
G075,G010,0.00012400994,1
G001,G100,0.00012362498,1
G095,G050,0.00012338541,1
G050,G071,0.00012329269,1
G072,G081,0.00012300484,1
G035,G046,0.00012272921,1
G049,G042,0.00012269506,1
G016,G005,0.00012265329,1
G021,G095,0.00012198942,1
G082,G053,0.0001217688,1
G010,G046,0.00012151562,1
G032,G014,0.00012096123,1
G094,G071,0.00012086973,1
G031,G028,0.00012086272,1
G017,G041,0.00012047097,1
G022,G072,0.00012037202,1
G022,G066,0.000120349985,1
G083,G029,0.00012018724,1
G029,G067,0.00012013912,1
G097,G089,0.000120080025,1
G034,G028,0.00011949667,1
G055,G009,0.00011932807,1
G028,G099,0.00011879682,1
G056,G002,0.000118782445,1
G013,G098,0.00011875976,1
G097,G068,0.00011872879,1
G099,G058,0.00011857521,1
G081,G042,0.00011832658,1
G096,G005,0.00011794064,1
G037,G022,0.00011774163,1
G067,G042,0.00011730894,1
G011,G031,0.00011703352,1
G095,G047,0.000117025076,1
G007,G065,0.000116871204,1
G034,G096,0.000116708135,1
G025,G094,0.000116699885,1
G096,G037,0.0001166459,1
G064,G044,0.000116072326,1
G001,G033,0.00011593037,1
G076,G009,0.00011592162,1
G097,G071,0.00011590838,1
G010,G094,0.0001155397,1
G042,G053,0.00011536386,1
G009,G070,0.00011534598,1
G085,G042,0.00011517283,1
G091,G058,0.0001151051,1
G097,G016,0.0001147718,1
G010,G014,0.0001146242,1
G066,G024,0.000114102826,1
G039,G003,0.00011393465,1
G021,G020,0.00011385668,1
G081,G001,0.000113564456,1
G100,G086,0.00011348146,1
G097,G096,0.00011321085,1
G024,G040,0.00011310689,1
G047,G066,0.000113084716,1
G010,G080,0.000112929585,1
G045,G028,0.000112755624,1
G019,G046,0.00011259646,1
G025,G018,0.000112554044,1
G010,G100,0.00011254557,1
G071,G026,0.00011254296,1
G091,G065,0.00011237015,1
G043,G071,0.00011235744,1
G077,G050,0.000112274436,1
G095,G041,0.000112265625,1
G095,G038,0.00011209922,1
G022,G006,0.0001120223,1
G094,G066,0.000111831985,1
G010,G045,0.000111779285,1
G033,G014,0.00011113648,1
G047,G091,0.00011103205,1
G067,G062,0.00011082893,1
G064,G073,0.000110784815,1
G014,G073,0.00011076462,1
G049,G053,0.00011057713,1
G075,G009,0.000110465364,1
G037,G028,0.000110377565,1
G092,G028,0.00011037256,1
G086,G030,0.00011033975,1
G070,G028,0.000110191395,1
G013,G090,0.00011018532,1
G029,G015,0.00011016263,1
G010,G043,0.00011012334,1
G043,G008,0.00011001651,1
G048,G031,0.00010995806,1
G013,G066,0.000109853456,1
G020,G068,0.000109826266,1
G061,G090,0.00010973101,1
G050,G059,0.000109722285,1
G066,G016,0.00010966748,1
G011,G058,0.00010939596,1
G042,G046,0.00010905002,1
G020,G049,0.000108953245,1
G065,G028,0.000108902874,1
G055,G012,0.0001088945,1
G080,G077,0.000108608154,1
G096,G006,0.000108354696,1
G080,G067,0.0001082049,1
G031,G067,0.00010813168,1
G051,G100,0.00010774807,1
G011,G073,0.00010765058,1
G097,G050,0.00010763348,1
G041,G059,0.000107541084,1
G077,G006,0.00010717768,1
G082,G072,0.00010678045,1
G004,G035,0.0001067644,1
G015,G020,0.00010642846,1
G059,G088,0.00010626267,1
G080,G093,0.00010622225,1
G084,G035,0.00010589086,1
G067,G055,0.00010583996,1
G047,G089,0.000105699204,1
G025,G086,0.00010569918,1
G006,G083,0.00010561943,1
G018,G002,0.0001054852,1
G081,G022,0.00010534193,1
G074,G037,0.00010502872,1
G087,G047,0.00010467515,1
G021,G066,0.00010458773,1
G009,G033,0.0001045859,1
G024,G054,0.00010419838,1
G081,G065,0.00010418706,1
G069,G010,0.00010406292,1
G019,G032,0.00010401764,1
G076,G098,0.00010390998,1
G082,G074,0.000103782746,1
G018,G100,0.00010358076,1
G028,G046,0.00010348576,1
G034,G098,0.000103411025,1
G001,G044,0.000103361424,1
G057,G019,0.00010296117,1
G063,G058,0.00010290074,1
G037,G067,0.00010279948,1
G020,G024,0.00010270259,1
G004,G038,0.000102424354,1
G090,G011,0.00010229285,1
G010,G065,0.00010197694,1
G019,G025,0.00010197055,1
G018,G019,0.000101682985,1
G050,G012,0.000101630365,1
G017,G023,0.00010158953,1
G044,G052,0.00010138041,1
G018,G056,0.000101198704,1
G051,G073,0.000101159356,1
G095,G032,0.00010114991,1
G027,G048,0.000101139056,1
G057,G007,0.000101137826,1
G068,G035,0.00010103443,1
G069,G022,0.00010097639,1
G066,G071,0.0001009436,1
G052,G058,0.00010076347,1
G029,G086,0.0001006456,1
G050,G091,0.00010020291,1
G061,G001,0.00010008466,1
G064,G061,0.00010002596,1
G068,G072,9.962661e-05,1
G030,G093,9.9570534e-05,1
G015,G011,9.925132e-05,1
G009,G076,9.891617e-05,1
G011,G006,9.8899574e-05,1
G015,G019,9.887868e-05,1
G034,G082,9.885662e-05,1
G082,G044,9.87929e-05,1
G019,G035,9.875255e-05,1
G022,G093,9.875095e-05,1
G030,G100,9.871854e-05,1
G040,G066,9.861754e-05,1
G082,G004,9.8542456e-05,1
G029,G005,9.8462624e-05,1
G087,G010,9.844963e-05,1
G098,G076,9.8300145e-05,1
G069,G099,9.814226e-05,1
G035,G028,9.803207e-05,1
G061,G055,9.7965385e-05,1
G078,G040,9.790697e-05,1
G077,G002,9.774734e-05,1
G022,G043,9.769328e-05,1
G001,G048,9.768956e-05,1
G007,G031,9.747507e-05,1
G031,G085,9.742322e-05,1
G056,G086,9.7195865e-05,1
G043,G011,9.71368e-05,1
G018,G039,9.710182e-05,1
G080,G022,9.695266e-05,1
G034,G054,9.690716e-05,1
G024,G034,9.690297e-05,1
G017,G091,9.666226e-05,1
G066,G070,9.664596e-05,1
G013,G099,9.662024e-05,1
G014,G047,9.646002e-05,1
G008,G028,9.6399104e-05,1
G031,G046,9.618361e-05,1
G087,G066,9.6081814e-05,1
G022,G077,9.605999e-05,1
G068,G066,9.603597e-05,1
G098,G034,9.6034084e-05,1
G081,G008,9.6010226e-05,1
G068,G036,9.5804484e-05,1
G085,G071,9.578003e-05,1
G028,G066,9.577751e-05,1
G080,G062,9.5084026e-05,1
G005,G054,9.498098e-05,1
G081,G077,9.4962015e-05,1
G041,G065,9.455347e-05,1
G021,G010,9.452274e-05,1
G076,G069,9.450069e-05,1
G017,G049,9.415921e-05,1
G013,G046,9.3828356e-05,1
G083,G039,9.3749644e-05,1
G035,G022,9.35853e-05,1
G066,G010,9.354544e-05,1
G077,G028,9.3444156e-05,1
G045,G008,9.315893e-05,1
G060,G038,9.2929484e-05,1
G099,G098,9.291636e-05,1
G005,G074,9.2861665e-05,1
G092,G013,9.264093e-05,1
G072,G088,9.2549395e-05,1
G057,G014,9.23746e-05,1
G078,G089,9.2246664e-05,1
G069,G085,9.2183895e-05,1
G097,G028,9.217406e-05,1
G007,G084,9.187842e-05,1
G031,G006,9.170268e-05,1
G054,G038,9.157382e-05,1
G013,G094,9.140852e-05,1
G051,G055,9.122583e-05,1
G078,G096,9.119131e-05,1
G051,G030,9.1123075e-05,1
G070,G082,9.104536e-05,1
G041,G068,9.0997855e-05,1
G024,G017,9.081136e-05,1
G025,G080,9.075277e-05,1
G040,G050,9.074841e-05,1
G071,G072,9.0583926e-05,1
G043,G054,9.045445e-05,1
G039,G071,9.038221e-05,1
G087,G100,9.020375e-05,1
G039,G009,9.010352e-05,1
G079,G009,8.9962516e-05,1
G020,G003,8.993182e-05,1
G013,G100,8.971351e-05,1
G004,G034,8.9588204e-05,1
G020,G037,8.919869e-05,1
G062,G058,8.9047615e-05,1
G013,G085,8.8743815e-05,1
G015,G068,8.873172e-05,1
G080,G019,8.85456e-05,1
G025,G016,8.843583e-05,1
G064,G036,8.81294e-05,1
G068,G006,8.800018e-05,1
G055,G059,8.773741e-05,1
G008,G077,8.773335e-05,1
G043,G006,8.75338e-05,1
G060,G047,8.750597e-05,1
G063,G059,8.749671e-05,1
G014,G004,8.7374145e-05,1
G011,G089,8.718575e-05,1
G090,G071,8.71074e-05,1
G086,G045,8.702447e-05,1
G091,G059,8.6988584e-05,1
G015,G031,8.6801636e-05,1
G018,G086,8.679186e-05,1
G078,G022,8.666329e-05,1
G084,G023,8.6369764e-05,1
G050,G018,8.6351036e-05,1
G014,G079,8.6291744e-05,1
G057,G074,8.611643e-05,1
G055,G010,8.609905e-05,1
G021,G035,8.593436e-05,1
G088,G011,8.5734224e-05,1
G037,G014,8.5642605e-05,1
G061,G035,8.5314496e-05,1
G041,G098,8.507026e-05,1
G034,G093,8.499679e-05,1
G059,G002,8.482973e-05,1
G098,G046,8.46944e-05,1
G034,G046,8.441392e-05,1
G033,G007,8.44095e-05,1
G066,G072,8.432012e-05,1
G025,G037,8.427939e-05,1
G056,G005,8.425858e-05,1
G001,G096,8.398178e-05,1
G077,G081,8.317804e-05,1
G047,G065,8.302442e-05,1
G061,G092,8.287018e-05,1
G088,G073,8.271583e-05,1
G010,G007,8.267834e-05,1
G093,G081,8.2454324e-05,1
G009,G026,8.242912e-05,1
G048,G022,8.242272e-05,1
G032,G086,8.240944e-05,1
G074,G010,8.2329934e-05,1
G032,G099,8.205362e-05,1
G075,G011,8.190006e-05,1
G047,G073,8.187825e-05,1
G063,G072,8.1828584e-05,1
G020,G097,8.170551e-05,1
G060,G058,8.151109e-05,1
G055,G074,8.149389e-05,1
G043,G085,8.14461e-05,1
G010,G090,8.134351e-05,1
G081,G033,8.131484e-05,1
G050,G100,8.12928e-05,1
G007,G043,8.106442e-05,1
G017,G028,8.100141e-05,1
G021,G025,8.086312e-05,1
G042,G002,8.077684e-05,1
G017,G055,8.073222e-05,1
G022,G007,8.051661e-05,1
G090,G073,8.004439e-05,1
G031,G058,8.002375e-05,1
G006,G072,7.9837446e-05,1
G045,G052,7.9601785e-05,1
G047,G041,7.9213096e-05,1
G083,G073,7.906988e-05,1
G029,G043,7.90128e-05,1
G097,G032,7.89784e-05,1
G069,G082,7.897558e-05,1
G025,G040,7.892865e-05,1
G034,G085,7.870296e-05,1
G097,G023,7.868649e-05,1
G036,G069,7.8555546e-05,1
G042,G078,7.8529614e-05,1
G057,G047,7.838651e-05,1
G054,G085,7.8092744e-05,1
G030,G081,7.8038225e-05,1
G025,G089,7.777867e-05,1
G018,G009,7.771492e-05,1
G045,G094,7.7428274e-05,1
G065,G078,7.7155615e-05,1
G062,G012,7.7097655e-05,1
G056,G010,7.705584e-05,1
G055,G091,7.7002456e-05,1
G034,G088,7.698166e-05,1
G054,G055,7.6906e-05,1
G054,G089,7.688839e-05,1
G001,G065,7.668313e-05,1
G071,G093,7.6664146e-05,1
G052,G056,7.661545e-05,1
G051,G009,7.629231e-05,1
G004,G030,7.6246826e-05,1
G095,G069,7.619024e-05,1
G059,G003,7.6121825e-05,1
G037,G030,7.6089986e-05,1
G046,G028,7.6059456e-05,1
G064,G034,7.577224e-05,1
G070,G032,7.538188e-05,1
G078,G042,7.5311385e-05,1
G079,G086,7.484873e-05,1
G036,G100,7.4625474e-05,1
G041,G085,7.444075e-05,1
G007,G024,7.432319e-05,1
G003,G046,7.429682e-05,1
G057,G060,7.429079e-05,1
G027,G005,7.428271e-05,1
G056,G058,7.426125e-05,1
G037,G007,7.377824e-05,1
G032,G004,7.3429124e-05,1
G015,G032,7.3320145e-05,1
G018,G084,7.32222e-05,1
G091,G071,7.305823e-05,1
G010,G091,7.301432e-05,1
G077,G060,7.289881e-05,1
G013,G083,7.289805e-05,1
G030,G073,7.275729e-05,1
G023,G082,7.2324685e-05,1
G050,G084,7.208873e-05,1
G078,G099,7.175367e-05,1
G007,G059,7.129455e-05,1
G020,G028,7.123992e-05,1
G041,G037,7.115997e-05,1
G081,G058,7.096652e-05,1
G017,G016,7.0853894e-05,1
G025,G007,7.074502e-05,1
G017,G025,7.071979e-05,1
G082,G041,7.04821e-05,1
G086,G041,7.047273e-05,1
G044,G005,7.046183e-05,1
G099,G066,7.0455535e-05,1
G060,G013,7.013195e-05,1
G038,G032,7.006258e-05,1
G083,G070,6.9836075e-05,1
G059,G094,6.959361e-05,1
G045,G058,6.956308e-05,1
G100,G064,6.948299e-05,1
G045,G081,6.9359034e-05,1
G022,G002,6.9292575e-05,1
G053,G025,6.908119e-05,1
G035,G064,6.904327e-05,1
G089,G049,6.8584966e-05,1
G056,G090,6.849389e-05,1
G056,G031,6.8462534e-05,1
G097,G001,6.8272275e-05,1
G034,G090,6.815985e-05,1
G020,G039,6.8016976e-05,1
G044,G018,6.7718924e-05,1
G045,G042,6.766613e-05,1
G083,G041,6.7552566e-05,1
G066,G086,6.7425375e-05,1
G075,G028,6.7234025e-05,1
G084,G041,6.7211506e-05,1
G094,G058,6.7120425e-05,1
G098,G093,6.7068526e-05,1
G085,G039,6.6965105e-05,1
G067,G046,6.684209e-05,1
G094,G080,6.6663124e-05,1
G078,G003,6.6640256e-05,1
G051,G021,6.655361e-05,1
G072,G063,6.6443135e-05,1
G008,G019,6.642752e-05,1
G092,G014,6.6141656e-05,1
G051,G058,6.6112414e-05,1
G082,G067,6.6080924e-05,1
G045,G035,6.598854e-05,1
G086,G038,6.5611974e-05,1
G022,G081,6.5549524e-05,1
G045,G054,6.547598e-05,1
G086,G028,6.546651e-05,1
G022,G046,6.5418906e-05,1
G091,G053,6.5416716e-05,1
G033,G011,6.5411194e-05,1
G023,G007,6.5377506e-05,1
G030,G097,6.531062e-05,1
G061,G026,6.510409e-05,1
G003,G093,6.469325e-05,1
G005,G058,6.447379e-05,1
G010,G096,6.434485e-05,1
G062,G094,6.428028e-05,1
G024,G077,6.422736e-05,1
G013,G032,6.4085645e-05,1
G002,G068,6.368591e-05,1
G079,G064,6.366184e-05,1
G078,G079,6.339171e-05,1
G033,G061,6.331587e-05,1
G034,G017,6.3291285e-05,1
G022,G080,6.329128e-05,1
G099,G016,6.32464e-05,1
G032,G079,6.324016e-05,1
G051,G097,6.315198e-05,1
G050,G030,6.295089e-05,1
G052,G007,6.2735366e-05,1
G058,G038,6.256109e-05,1
G075,G020,6.243988e-05,1
G058,G065,6.240477e-05,1
G057,G024,6.227429e-05,1
G032,G005,6.2098334e-05,1
G075,G081,6.2095976e-05,1
G083,G043,6.2011124e-05,1
G037,G049,6.186314e-05,1
G013,G022,6.1686675e-05,1
G088,G061,6.149244e-05,1
G006,G059,6.145804e-05,1
G018,G068,6.138233e-05,1
G011,G076,6.1279214e-05,1
G033,G067,6.1030074e-05,1
G085,G054,6.0981638e-05,1
G001,G060,6.089995e-05,1
G039,G083,6.0645387e-05,1
G002,G030,6.0617633e-05,1
G077,G041,6.04642e-05,1
G033,G080,6.011464e-05,1
G090,G072,6.010198e-05,1
G048,G076,5.966658e-05,1
G015,G054,5.9611324e-05,1
G086,G006,5.956362e-05,1
G093,G079,5.9561018e-05,1
G024,G031,5.9440015e-05,1
G086,G055,5.9350717e-05,1
G057,G094,5.924917e-05,1
G039,G017,5.92399e-05,1
G031,G097,5.8960857e-05,1
G019,G011,5.8918868e-05,1
G031,G083,5.8844977e-05,1
G061,G008,5.8755013e-05,1
G056,G044,5.871281e-05,1
G025,G043,5.8582857e-05,1
G011,G009,5.836564e-05,1
G022,G084,5.8346002e-05,1
G070,G053,5.8181493e-05,1
G042,G079,5.812284e-05,1
G056,G021,5.8085196e-05,1
G023,G067,5.8052574e-05,1
G011,G010,5.8016958e-05,1
G062,G032,5.8010963e-05,1
G064,G069,5.7944144e-05,1
G073,G028,5.7860172e-05,1
G041,G067,5.7817644e-05,1
G077,G099,5.7720372e-05,1
G069,G046,5.760253e-05,1
G065,G008,5.724662e-05,1
G015,G028,5.7090427e-05,1
G013,G061,5.6796624e-05,1
G096,G058,5.6773504e-05,1
G014,G072,5.6756635e-05,1
G003,G047,5.666643e-05,1
G062,G014,5.639677e-05,1
G015,G038,5.632973e-05,1
G050,G058,5.626138e-05,1
G074,G029,5.609024e-05,1
G035,G041,5.6035347e-05,1
G014,G001,5.596725e-05,1
G081,G024,5.5839813e-05,1
G055,G065,5.5598535e-05,1
G056,G025,5.541276e-05,1
G017,G087,5.5300763e-05,1
G063,G078,5.5296525e-05,1
G022,G055,5.5201952e-05,1
G089,G050,5.4960015e-05,1
G099,G093,5.4766013e-05,1
G062,G016,5.448321e-05,1
G037,G041,5.4282165e-05,1
G022,G032,5.4256463e-05,1
G034,G065,5.4160653e-05,1
G056,G008,5.402831e-05,1
G036,G074,5.361288e-05,1
G020,G009,5.3607993e-05,1
G078,G084,5.3330226e-05,1
G067,G028,5.3275915e-05,1
G066,G005,5.316405e-05,1
G027,G058,5.309121e-05,1
G044,G012,5.3037165e-05,1
G080,G056,5.2948486e-05,1
G006,G100,5.294245e-05,1
G019,G086,5.2850406e-05,1
G071,G012,5.283411e-05,1
G015,G090,5.269625e-05,1
G051,G016,5.252211e-05,1
G055,G041,5.2436768e-05,1
G060,G005,5.230863e-05,1
G010,G017,5.2152005e-05,1
G087,G048,5.2116073e-05,1
G069,G021,5.2034426e-05,1
G039,G060,5.196822e-05,1
G044,G065,5.1903546e-05,1
G084,G073,5.1745632e-05,1
G036,G032,5.172092e-05,1
G056,G096,5.1585776e-05,1
G033,G078,5.15451e-05,1
G089,G057,5.1348994e-05,1
G004,G058,5.1200706e-05,1
G086,G089,5.114833e-05,1
G002,G099,5.1104176e-05,1
G056,G042,5.107551e-05,1
G014,G044,5.093165e-05,1
G031,G049,5.0884308e-05,1
G041,G018,5.080781e-05,1
G095,G099,5.0581773e-05,1
G033,G048,5.0346902e-05,1
G089,G028,5.033149e-05,1
G061,G066,5.014115e-05,1
G008,G062,4.9985738e-05,1
G015,G063,4.9918428e-05,1
G030,G026,4.9891973e-05,1
G012,G059,4.983142e-05,1
G092,G085,4.9831106e-05,1
G072,G096,4.9790866e-05,1
G011,G048,4.9637776e-05,1
G065,G036,4.963156e-05,1
G050,G085,4.959996e-05,1
G078,G005,4.9545502e-05,1
G050,G065,4.945251e-05,1
G015,G092,4.9390987e-05,1
G088,G015,4.924721e-05,1
G012,G089,4.9125e-05,1
G001,G030,4.9060785e-05,1
G079,G012,4.903775e-05,1
G073,G066,4.8696045e-05,1
G097,G008,4.86694e-05,1
G073,G002,4.849325e-05,1
G076,G035,4.848268e-05,1
G091,G002,4.8157803e-05,1
G003,G090,4.8118276e-05,1
G043,G022,4.8044625e-05,1
G057,G061,4.789364e-05,1
G045,G061,4.7700545e-05,1
G050,G043,4.7680252e-05,1
G015,G100,4.757095e-05,1
G039,G046,4.740957e-05,1
G050,G093,4.7403035e-05,1
G050,G078,4.7224326e-05,1
G018,G007,4.7182446e-05,1
G013,G026,4.712033e-05,1
G018,G078,4.7098863e-05,1
G040,G085,4.7056186e-05,1
G078,G010,4.6905392e-05,1
G009,G073,4.6631514e-05,1
G072,G029,4.6532416e-05,1
G055,G028,4.5919685e-05,1
G043,G058,4.5808945e-05,1
G076,G022,4.5774857e-05,1
G095,G066,4.5747638e-05,1
G091,G003,4.5704626e-05,1
G010,G009,4.566178e-05,1
G001,G020,4.5592948e-05,1
G026,G016,4.5521745e-05,1
G075,G021,4.5413475e-05,1
G004,G100,4.540097e-05,1
G091,G045,4.5356504e-05,1
G058,G007,4.5309152e-05,1
G042,G030,4.5199442e-05,1
G085,G009,4.498911e-05,1
G022,G035,4.487157e-05,1
G039,G048,4.476148e-05,1
G089,G081,4.474524e-05,1
G037,G004,4.4712688e-05,1
G073,G047,4.4524233e-05,1
G002,G031,4.4487057e-05,1
G079,G038,4.4475648e-05,1
G039,G032,4.4387572e-05,1
G034,G086,4.4363438e-05,1
G007,G037,4.3930962e-05,1
G015,G087,4.3668933e-05,1
G092,G030,4.3516036e-05,1
G010,G020,4.345492e-05,1
G017,G074,4.3451535e-05,1
G029,G083,4.3085518e-05,1
G007,G058,4.294077e-05,1
G069,G077,4.287537e-05,1
G001,G054,4.2842326e-05,1
G094,G027,4.2832424e-05,1
G069,G007,4.2654618e-05,1
G043,G061,4.249322e-05,1
G036,G085,4.2471725e-05,1
G047,G068,4.236155e-05,1
G017,G059,4.2255335e-05,1
G088,G083,4.217981e-05,1
G067,G058,4.2149084e-05,1
G052,G082,4.209299e-05,1
G034,G097,4.207761e-05,1
G061,G002,4.1940093e-05,1
G038,G030,4.1852894e-05,1
G094,G016,4.1359464e-05,1
G051,G056,4.134265e-05,1
G063,G055,4.1332656e-05,1
G061,G068,4.1215942e-05,1
G087,G031,4.110108e-05,1
G074,G014,4.1051073e-05,1
G077,G007,4.1044103e-05,1
G052,G035,4.0711384e-05,1
G021,G072,4.0645977e-05,1
G022,G074,4.060162e-05,1
G033,G058,4.0552517e-05,1
G053,G065,4.0539115e-05,1
G067,G017,4.048033e-05,1
G033,G063,4.0354014e-05,1
G081,G085,4.0330317e-05,1
G069,G081,4.0241022e-05,1
G072,G083,4.0126248e-05,1
G044,G007,4.0098854e-05,1
G088,G030,3.9880895e-05,1
G014,G060,3.9847964e-05,1
G080,G008,3.9834278e-05,1
G036,G097,3.980274e-05,1
G013,G091,3.942257e-05,1
G098,G073,3.9222938e-05,1
G081,G053,3.9178856e-05,1
G075,G062,3.917405e-05,1
G062,G044,3.9039594e-05,1
G019,G065,3.889624e-05,1
G020,G016,3.8797305e-05,1
G023,G083,3.871984e-05,1
G045,G084,3.8614307e-05,1
G013,G071,3.843135e-05,1
G072,G030,3.8429236e-05,1
G015,G034,3.8345966e-05,1
G045,G074,3.7913764e-05,1
G006,G097,3.780789e-05,1
G022,G029,3.7404727e-05,1
G021,G058,3.7279664e-05,1
G051,G085,3.7173304e-05,1
G015,G003,3.713481e-05,1
G022,G090,3.6952995e-05,1
G096,G074,3.6950663e-05,1
G049,G058,3.6565267e-05,1
G079,G022,3.6532318e-05,1
G057,G059,3.6516107e-05,1
G060,G012,3.6413083e-05,1
G087,G089,3.631581e-05,1
G041,G069,3.6159272e-05,1
G069,G070,3.5978966e-05,1
G070,G086,3.5905057e-05,1
G086,G050,3.584319e-05,1
G081,G028,3.5836292e-05,1
G010,G097,3.5568635e-05,1
G082,G050,3.544723e-05,1
G018,G013,3.543282e-05,1
G099,G062,3.537043e-05,1
G082,G090,3.5295485e-05,1
G062,G040,3.5190093e-05,1
G055,G038,3.517655e-05,1
G033,G005,3.5133296e-05,1
G082,G079,3.507063e-05,1
G014,G081,3.494978e-05,1
G036,G083,3.4942543e-05,1
G027,G065,3.4910037e-05,1
G041,G025,3.4882927e-05,1
G068,G009,3.484274e-05,1
G015,G024,3.4728022e-05,1
G096,G053,3.4651657e-05,1
G097,G021,3.4547407e-05,1
G034,G053,3.4511228e-05,1
G075,G058,3.4420635e-05,1
G022,G042,3.4225603e-05,1
G022,G048,3.3998e-05,1
G058,G040,3.3949094e-05,1
G059,G095,3.3862485e-05,1
G035,G005,3.3792217e-05,1
G091,G062,3.3665263e-05,1
G075,G080,3.3653418e-05,1
G055,G080,3.359431e-05,1
G071,G064,3.3573895e-05,1
G007,G008,3.35525e-05,1
G032,G064,3.3408516e-05,1
G018,G079,3.334555e-05,1
G020,G059,3.33035e-05,1
G059,G018,3.3087028e-05,1
G056,G100,3.3044696e-05,1
G001,G058,3.2834563e-05,1
G056,G047,3.2699558e-05,1
G099,G057,3.2667835e-05,1
G058,G069,3.264746e-05,1
G084,G022,3.243312e-05,1
G095,G087,3.241732e-05,1
G041,G095,3.2407435e-05,1
G078,G071,3.2111908e-05,1
G074,G065,3.209276e-05,1
G063,G050,3.2049124e-05,1
G066,G047,3.1981817e-05,1
G089,G032,3.1805328e-05,1
G100,G058,3.1508687e-05,1
G059,G022,3.1486823e-05,1
G068,G016,3.140893e-05,1
G077,G004,3.1372758e-05,1
G083,G026,3.131846e-05,1
G043,G036,3.1298012e-05,1
G034,G045,3.1276137e-05,1
G050,G046,3.1099702e-05,1
G053,G033,3.101177e-05,1
G098,G083,3.096547e-05,1
G080,G012,3.0825162e-05,1
G031,G048,3.0639374e-05,1
G050,G033,3.062389e-05,1
G094,G039,3.0497698e-05,1
G024,G058,3.031631e-05,1
G088,G026,3.0200436e-05,1
G007,G073,3.012839e-05,1
G045,G099,3.0080873e-05,1
G054,G073,3.0045134e-05,1
G059,G034,2.993475e-05,1
G049,G068,2.9878809e-05,1
G057,G035,2.9746503e-05,1
G003,G091,2.9741665e-05,1
G057,G100,2.97325e-05,1
G030,G023,2.9640883e-05,1
G062,G075,2.9526956e-05,1
G067,G039,2.9339946e-05,1
G089,G026,2.9303934e-05,1
G081,G054,2.9197614e-05,1
G056,G016,2.9094044e-05,1
G077,G088,2.9037132e-05,1
G013,G048,2.8859416e-05,1
G037,G010,2.8605882e-05,1
G045,G066,2.8402806e-05,1
G092,G058,2.8398299e-05,1
G007,G044,2.8272572e-05,1
G084,G066,2.8211562e-05,1
G011,G052,2.796089e-05,1
G084,G068,2.79132e-05,1
G100,G037,2.778728e-05,1
G002,G001,2.7656455e-05,1
G045,G010,2.7527421e-05,1
G031,G074,2.7472423e-05,1
G100,G071,2.7319247e-05,1
G041,G039,2.6999467e-05,1
G047,G058,2.674289e-05,1
G030,G098,2.6705662e-05,1
G088,G027,2.6620992e-05,1
G007,G035,2.6493024e-05,1
G073,G054,2.6435673e-05,1
G050,G017,2.6409905e-05,1
G031,G086,2.6343756e-05,1
G029,G016,2.6343174e-05,1
G054,G065,2.632829e-05,1
G031,G014,2.6097841e-05,1
G031,G044,2.6067972e-05,1
G015,G058,2.6036525e-05,1
G043,G100,2.5886568e-05,1
G078,G083,2.5708692e-05,1
G032,G094,2.5683792e-05,1
G075,G001,2.5550462e-05,1
G013,G001,2.5541387e-05,1
G089,G030,2.5206458e-05,1
G024,G057,2.5176538e-05,1
G010,G052,2.5148658e-05,1
G095,G004,2.5056965e-05,1
G059,G078,2.4765995e-05,1
G046,G071,2.462421e-05,1
G081,G082,2.4621955e-05,1
G086,G081,2.4572031e-05,1
G024,G060,2.4291592e-05,1
G066,G083,2.4215311e-05,1
G076,G054,2.4191762e-05,1
G032,G043,2.4118182e-05,1
G044,G024,2.410959e-05,1
G082,G051,2.4099252e-05,1
G024,G049,2.3913566e-05,1
G056,G098,2.3776407e-05,1
G040,G016,2.3656235e-05,1
G061,G038,2.3620038e-05,1
G084,G028,2.3570608e-05,1
G082,G011,2.3478735e-05,1
G080,G085,2.3386727e-05,1
G037,G047,2.3231047e-05,1
G057,G032,2.3171087e-05,1
G045,G012,2.3014984e-05,1
G056,G001,2.2916207e-05,1
G050,G041,2.28863e-05,1
G010,G025,2.2868278e-05,1
G072,G012,2.2805742e-05,1
G034,G066,2.2789198e-05,1
G002,G017,2.264428e-05,1
G032,G037,2.2427705e-05,1
G018,G022,2.2216584e-05,1
G047,G033,2.2103737e-05,1
G094,G012,2.2059125e-05,1
G011,G038,2.2022276e-05,1
G050,G034,2.1936574e-05,1
G059,G035,2.1850417e-05,1
G035,G016,2.1818805e-05,1
G014,G067,2.1681259e-05,1
G055,G044,2.1662634e-05,1
G074,G078,2.1439702e-05,1
G048,G073,2.1411674e-05,1
G077,G043,2.134877e-05,1
G029,G018,2.1318307e-05,1
G015,G043,2.1286372e-05,1
G027,G076,2.127356e-05,1
G028,G084,2.1228123e-05,1
G092,G032,2.1206846e-05,1
G021,G080,2.0934642e-05,1
G092,G096,2.0906466e-05,1
G100,G032,2.081975e-05,1
G015,G077,2.077755e-05,1
G059,G063,2.0518726e-05,1
G027,G009,2.0492167e-05,1
G057,G096,2.0485708e-05,1
G060,G073,2.0095582e-05,1
G059,G057,1.9847208e-05,1
G067,G012,1.9795272e-05,1
G009,G066,1.9771347e-05,1
G037,G050,1.9451601e-05,1
G024,G082,1.9096493e-05,1
G042,G025,1.9096284e-05,1
G043,G081,1.9069088e-05,1
G087,G062,1.8877527e-05,1
G076,G082,1.8755036e-05,1
G022,G034,1.8721674e-05,1
G054,G037,1.8666746e-05,1
G082,G036,1.8526309e-05,1
G021,G073,1.851896e-05,1
G069,G089,1.8365386e-05,1
G079,G057,1.8304218e-05,1
G006,G008,1.8199638e-05,1
G082,G054,1.8045595e-05,1
G078,G062,1.7863778e-05,1
G096,G086,1.7660235e-05,1
G025,G092,1.75858e-05,1
G015,G085,1.7434595e-05,1
G002,G072,1.7404049e-05,1
G082,G069,1.7284909e-05,1
G088,G050,1.7133481e-05,1
G027,G053,1.709591e-05,1
G001,G040,1.7073087e-05,1
G072,G013,1.70261e-05,1
G014,G053,1.696361e-05,1
G089,G046,1.6665723e-05,1
G045,G057,1.6650674e-05,1
G020,G066,1.6586153e-05,1
G011,G066,1.6519018e-05,1
G036,G053,1.6494141e-05,1
G014,G019,1.6459246e-05,1
G079,G013,1.609857e-05,1
G057,G067,1.6028922e-05,1
G067,G064,1.589372e-05,1
G096,G049,1.5882526e-05,1
G080,G094,1.572771e-05,1
G047,G029,1.5629186e-05,1
G078,G091,1.5622449e-05,1
G089,G087,1.5609716e-05,1
G066,G046,1.5522173e-05,1
G003,G033,1.5468348e-05,1
G031,G042,1.545477e-05,1
G025,G001,1.5357702e-05,1
G089,G005,1.534033e-05,1
G022,G070,1.5282109e-05,1
G018,G058,1.5260304e-05,1
G086,G079,1.5178063e-05,1
G087,G041,1.494614e-05,1
G050,G047,1.4908188e-05,1
G066,G034,1.4891404e-05,1
G020,G065,1.4440329e-05,1
G071,G051,1.3849248e-05,1
G082,G024,1.372515e-05,1
G029,G039,1.3620674e-05,1
G011,G090,1.34908e-05,1
G079,G081,1.3388561e-05,1
G064,G050,1.3295154e-05,1
G030,G015,1.30053795e-05,1
G001,G071,1.2890071e-05,1
G063,G017,1.2873229e-05,1
G017,G075,1.2782044e-05,1
G030,G067,1.2358628e-05,1
G070,G071,1.2352326e-05,1
G041,G002,1.1920393e-05,1
G060,G081,1.1917715e-05,1
G092,G016,1.1694239e-05,1
G063,G011,1.1652555e-05,1
G010,G057,1.1637568e-05,1
G037,G017,1.1636857e-05,1
G094,G041,1.15930025e-05,1
G022,G010,1.1591203e-05,1
G052,G089,1.1511745e-05,1
G038,G084,1.1417136e-05,1
G062,G039,1.1375773e-05,1
G013,G034,1.12045645e-05,1
G029,G046,1.1171188e-05,1
G061,G079,1.10214705e-05,1
G044,G090,1.0934705e-05,1
G015,G065,1.0731498e-05,1
G047,G057,1.0620569e-05,1
G011,G087,1.0557712e-05,1
G037,G008,1.043359e-05,1
G023,G051,1.0415487e-05,1
G097,G066,1.0405692e-05,1
G039,G004,1.0228891e-05,1
G079,G059,1.0158374e-05,1
G051,G015,1.0118053e-05,1
G057,G012,9.892098e-06,1
G024,G002,9.79425e-06,1
G028,G009,9.650364e-06,1
G047,G052,9.632939e-06,1
G061,G054,9.629862e-06,1
G015,G016,9.565052e-06,1
G025,G079,9.489864e-06,1
G072,G005,9.404469e-06,1
G069,G032,9.367711e-06,1
G045,G064,9.276704e-06,1
G059,G080,9.256897e-06,1
G094,G018,9.151281e-06,1
G056,G062,9.1478205e-06,1
G096,G078,9.075673e-06,1
G007,G077,8.979264e-06,1
G061,G080,8.955777e-06,1
G002,G020,8.927155e-06,1
G037,G023,8.895945e-06,1
G043,G067,8.875789e-06,1
G100,G042,8.77552e-06,1
G056,G083,8.7321705e-06,1
G056,G065,8.62939e-06,1
G030,G072,8.45266e-06,1
G077,G016,8.353092e-06,1
G051,G077,8.345164e-06,1
G048,G058,8.2013985e-06,1
G098,G066,8.193609e-06,1
G086,G001,8.13725e-06,1
G100,G051,8.069747e-06,1
G052,G049,7.974924e-06,1
G014,G006,7.967781e-06,1
G024,G020,7.887526e-06,1
G034,G032,7.854844e-06,1
G056,G076,7.824952e-06,1
G057,G078,7.74489e-06,1
G013,G005,7.719852e-06,1
G092,G073,7.7124005e-06,1
G007,G087,7.652099e-06,1
G045,G020,7.6106626e-06,1
G010,G067,7.5487665e-06,1
G029,G006,7.5405014e-06,1
G014,G080,7.4474924e-06,1
G037,G079,7.1334584e-06,1
G003,G001,7.0694878e-06,1
G081,G011,6.9702114e-06,1
G078,G086,6.732358e-06,1
G095,G073,6.6302528e-06,1
G032,G071,6.4587525e-06,1
G074,G018,6.4259616e-06,1
G079,G027,6.4207165e-06,1
G031,G087,6.2876366e-06,1
G042,G010,6.277173e-06,1
G098,G035,6.188867e-06,1
G021,G039,6.1205865e-06,1
G056,G045,6.079205e-06,1
G080,G001,6.012193e-06,1
G078,G017,5.9484883e-06,1
G070,G066,5.822276e-06,1
G025,G012,5.6199133e-06,1
G036,G033,5.5011697e-06,1
G095,G079,5.497452e-06,1
G059,G089,5.479943e-06,1
G046,G082,5.478114e-06,1
G027,G083,5.412586e-06,1
G091,G010,5.4091256e-06,1
G069,G049,5.383708e-06,1
G065,G047,5.2972596e-06,1
G089,G061,5.2313467e-06,1
G028,G016,5.1592556e-06,1
G029,G066,5.043726e-06,1
G044,G049,5.033876e-06,1
G084,G032,4.9925147e-06,1
G004,G082,4.7572807e-06,1
G051,G045,4.6839914e-06,1
G048,G069,4.5947604e-06,1
G004,G074,4.5488573e-06,1
G022,G068,4.4964822e-06,1
G056,G049,4.413652e-06,1
G093,G044,4.18201e-06,1
G064,G040,4.165746e-06,1
G031,G092,3.942716e-06,1
G091,G016,3.852416e-06,1
G029,G050,3.7842049e-06,1
G040,G083,3.7538466e-06,1
G015,G074,3.7219181e-06,1
G058,G066,3.6065892e-06,1
G021,G079,3.4222405e-06,1
G002,G026,3.399361e-06,1
G063,G021,3.3719793e-06,1
G057,G087,3.30724e-06,1
G016,G023,3.20834e-06,1
G015,G057,3.0015178e-06,1
G088,G049,2.9825248e-06,1
G088,G013,2.9691446e-06,1
G054,G051,2.8183708e-06,1
G088,G044,2.717454e-06,1
G055,G075,2.7105473e-06,1
G042,G021,2.6775638e-06,1
G018,G081,2.6712942e-06,1
G077,G057,2.607382e-06,1
G059,G073,2.50265e-06,1
G039,G090,2.3784994e-06,1
G095,G064,2.3683303e-06,1
G037,G078,2.3331688e-06,1
G024,G071,2.1669612e-06,1
G070,G052,2.1341816e-06,1
G015,G017,2.1211943e-06,1
G062,G041,2.113219e-06,1
G004,G016,2.0137606e-06,1
G004,G067,1.9381068e-06,1
G015,G073,1.8499217e-06,1
G016,G026,1.7892409e-06,1
G081,G078,1.7860526e-06,1
G032,G049,1.7707767e-06,1
G096,G012,1.5800863e-06,1
G074,G009,1.5243273e-06,1
G089,G027,1.5223288e-06,1
G022,G001,1.5104514e-06,1
G086,G037,1.5072876e-06,1
G025,G008,1.0074228e-06,1
G045,G069,9.848635e-07,1
G034,G067,7.9491826e-07,1
G088,G021,7.628503e-07,1
G056,G085,7.188984e-07,1
G022,G088,6.156848e-07,1
G043,G065,5.43097e-07,1
G014,G005,5.17648e-07,1
G043,G073,4.488385e-07,1
G056,G066,3.9364883e-07,1
G050,G089,3.6291974e-07,1
G080,G006,3.3408543e-07,1
G024,G078,3.2680333e-07,1
G068,G045,2.7165487e-07,1
G021,G076,2.3253784e-07,1
G038,G026,1.635552e-07,1
G007,G016,2.3648875e-08,1
G033,G100,-1.5774056e-07,-1
G017,G057,-2.555624e-07,-1
G077,G025,-3.364806e-07,-1
G058,G044,-5.297812e-07,-1
G054,G031,-7.813804e-07,-1
G022,G005,-7.8668165e-07,-1
G080,G046,-8.3651213e-07,-1
G073,G001,-8.6433585e-07,-1
G055,G092,-1.0222045e-06,-1
G022,G026,-1.2342321e-06,-1
G048,G055,-1.2968026e-06,-1
G068,G092,-1.4363809e-06,-1
G029,G073,-1.5158848e-06,-1
G040,G065,-1.8108869e-06,-1
G038,G020,-1.8240783e-06,-1
G001,G002,-1.8297136e-06,-1
G082,G026,-2.034192e-06,-1
G089,G099,-2.1167893e-06,-1
G081,G067,-2.1221636e-06,-1
G004,G025,-2.1505255e-06,-1
G038,G005,-2.2421025e-06,-1
G089,G088,-2.2874133e-06,-1
G089,G073,-2.4179121e-06,-1
G056,G068,-2.539029e-06,-1
G002,G027,-2.5447464e-06,-1
G011,G017,-2.612094e-06,-1
G089,G091,-2.614009e-06,-1
G046,G066,-2.7628862e-06,-1
G043,G057,-2.793029e-06,-1
G079,G058,-2.8460238e-06,-1
G081,G040,-2.8769275e-06,-1
G059,G083,-2.8770148e-06,-1
G078,G055,-2.8786428e-06,-1
G001,G010,-2.9253272e-06,-1
G027,G067,-2.9828714e-06,-1
G069,G059,-3.0577057e-06,-1
G014,G022,-3.2477512e-06,-1
G027,G045,-3.4068198e-06,-1
G074,G001,-3.4077036e-06,-1
G077,G031,-3.4253824e-06,-1
G012,G026,-3.45095e-06,-1
G003,G088,-3.691279e-06,-1
G093,G011,-3.7071852e-06,-1
G088,G075,-3.762842e-06,-1
G092,G095,-3.8433777e-06,-1
G049,G022,-3.918591e-06,-1
G057,G046,-3.9383276e-06,-1
G087,G082,-3.9960505e-06,-1
G065,G054,-4.094048e-06,-1
G038,G014,-4.1054805e-06,-1
G014,G058,-4.1115327e-06,-1
G097,G013,-4.1221156e-06,-1
G070,G045,-4.3395603e-06,-1
G043,G083,-4.444169e-06,-1
G068,G041,-4.4454e-06,-1
G096,G073,-4.4524863e-06,-1
G009,G071,-4.820793e-06,-1
G077,G032,-4.8852967e-06,-1
G082,G092,-4.915545e-06,-1
G023,G049,-4.936201e-06,-1
G004,G026,-4.9447294e-06,-1
G071,G004,-4.994038e-06,-1
G071,G085,-5.0585118e-06,-1
G070,G035,-5.217812e-06,-1
G030,G022,-5.2734717e-06,-1
G058,G016,-5.3342415e-06,-1
G091,G093,-5.384949e-06,-1
G056,G071,-5.3958647e-06,-1
G067,G049,-5.481076e-06,-1
G034,G068,-5.5594196e-06,-1
G028,G033,-5.597358e-06,-1
G066,G004,-5.6757376e-06,-1
G001,G014,-5.6843983e-06,-1
G034,G052,-6.005465e-06,-1
G092,G072,-6.0166117e-06,-1
G043,G094,-6.04197e-06,-1
G024,G088,-6.077529e-06,-1
G079,G007,-6.1450014e-06,-1
G020,G084,-6.3705593e-06,-1
G039,G093,-6.371459e-06,-1
G081,G045,-6.9938383e-06,-1
G008,G013,-7.0590663e-06,-1
G096,G062,-7.115772e-06,-1
G066,G049,-7.2750267e-06,-1
G094,G089,-7.3074884e-06,-1
G061,G085,-7.389109e-06,-1
G014,G048,-7.3939964e-06,-1
G003,G053,-7.4376203e-06,-1
G061,G020,-7.4495915e-06,-1
G094,G098,-7.674088e-06,-1
G022,G082,-7.725383e-06,-1
G092,G006,-7.877735e-06,-1
G087,G013,-8.014071e-06,-1
G009,G025,-8.161394e-06,-1
G069,G030,-8.258596e-06,-1
G005,G067,-8.341575e-06,-1
G093,G076,-8.34567e-06,-1
G056,G046,-8.4468475e-06,-1
G038,G039,-8.502305e-06,-1
G084,G082,-8.586883e-06,-1
G088,G058,-8.679635e-06,-1
G003,G085,-8.833091e-06,-1
G015,G045,-8.940763e-06,-1
G002,G039,-9.338546e-06,-1
G075,G055,-9.342952e-06,-1
G079,G021,-9.350869e-06,-1
G058,G012,-9.40624e-06,-1
G089,G001,-9.517209e-06,-1
G025,G097,-9.576312e-06,-1
G027,G046,-9.612646e-06,-1
G021,G006,-9.638245e-06,-1
G056,G061,-9.662736e-06,-1
G059,G058,-9.682757e-06,-1
G049,G026,-9.854265e-06,-1
G057,G090,-1.0193333e-05,-1
G050,G014,-1.0222281e-05,-1
G043,G088,-1.0326942e-05,-1
G022,G015,-1.0374982e-05,-1
G063,G042,-1.042226e-05,-1
G099,G088,-1.0506311e-05,-1
G071,G027,-1.0873569e-05,-1
G015,G076,-1.1145802e-05,-1
G082,G084,-1.1178802e-05,-1
G066,G009,-1.1198764e-05,-1
G091,G007,-1.1257109e-05,-1
G094,G082,-1.1312451e-05,-1
G100,G062,-1.1387148e-05,-1
G072,G010,-1.1397485e-05,-1
G082,G030,-1.1490843e-05,-1
G006,G075,-1.1549288e-05,-1
G098,G091,-1.1626533e-05,-1
G027,G052,-1.1640829e-05,-1
G005,G037,-1.1680907e-05,-1
G042,G073,-1.1792762e-05,-1
G015,G030,-1.1809923e-05,-1
G093,G090,-1.185543e-05,-1
G067,G045,-1.19871975e-05,-1
G018,G082,-1.2119275e-05,-1
G037,G005,-1.2209177e-05,-1
G013,G023,-1.228032e-05,-1
G006,G029,-1.2357566e-05,-1
G066,G089,-1.2392164e-05,-1
G021,G048,-1.24355365e-05,-1
G002,G094,-1.2516313e-05,-1
G056,G043,-1.2621049e-05,-1
G068,G003,-1.2640007e-05,-1
G029,G081,-1.2761601e-05,-1
G039,G053,-1.2769088e-05,-1
G007,G032,-1.2804782e-05,-1
G084,G081,-1.287357e-05,-1
G023,G011,-1.2898608e-05,-1
G048,G070,-1.2937227e-05,-1
G064,G031,-1.3143495e-05,-1
G020,G082,-1.3365313e-05,-1
G016,G084,-1.34349675e-05,-1
G099,G073,-1.345511e-05,-1
G004,G027,-1.3468532e-05,-1
G055,G036,-1.3488701e-05,-1
G055,G063,-1.3656715e-05,-1
G055,G032,-1.3657578e-05,-1
G094,G064,-1.3954125e-05,-1
G048,G026,-1.4015223e-05,-1
G081,G046,-1.409473e-05,-1
G027,G097,-1.4095087e-05,-1
G097,G046,-1.4217855e-05,-1
G091,G061,-1.4234758e-05,-1
G096,G011,-1.437126e-05,-1
G088,G078,-1.4421672e-05,-1
G078,G027,-1.4575888e-05,-1
G089,G016,-1.4592232e-05,-1
G037,G039,-1.4668351e-05,-1
G067,G091,-1.4930618e-05,-1
G023,G008,-1.49426005e-05,-1
G066,G052,-1.4980891e-05,-1
G011,G018,-1.5093213e-05,-1
G059,G025,-1.5119007e-05,-1
G086,G013,-1.5153989e-05,-1
G093,G097,-1.5245637e-05,-1
G052,G074,-1.5355978e-05,-1
G044,G072,-1.5447898e-05,-1
G010,G076,-1.547725e-05,-1
G054,G019,-1.5494092e-05,-1
G043,G021,-1.5512249e-05,-1
G081,G087,-1.584467e-05,-1
G015,G013,-1.5974407e-05,-1
G001,G009,-1.6016049e-05,-1
G031,G073,-1.6088457e-05,-1
G040,G070,-1.6108805e-05,-1
G002,G061,-1.6172295e-05,-1
G041,G029,-1.6279162e-05,-1
G093,G068,-1.6401644e-05,-1
G068,G039,-1.6451671e-05,-1
G008,G098,-1.646002e-05,-1
G027,G061,-1.6471764e-05,-1
G022,G059,-1.649838e-05,-1
G094,G051,-1.6615952e-05,-1
G068,G034,-1.6666745e-05,-1
G013,G030,-1.6737893e-05,-1
G091,G039,-1.6865808e-05,-1
G096,G007,-1.703777e-05,-1
G070,G042,-1.707351e-05,-1
G080,G091,-1.728807e-05,-1
G017,G007,-1.7299482e-05,-1
G069,G018,-1.7349608e-05,-1
G015,G098,-1.7381624e-05,-1
G023,G058,-1.749291e-05,-1
G002,G081,-1.769992e-05,-1
G012,G098,-1.777268e-05,-1
G007,G013,-1.7773817e-05,-1
G089,G017,-1.7790948e-05,-1
G042,G057,-1.7824425e-05,-1
G059,G040,-1.8035564e-05,-1
G016,G043,-1.8080485e-05,-1
G046,G058,-1.8094182e-05,-1
G084,G026,-1.8379715e-05,-1
G031,G036,-1.8398268e-05,-1
G037,G076,-1.8423338e-05,-1
G048,G032,-1.8424955e-05,-1
G079,G088,-1.8454117e-05,-1
G087,G084,-1.8839004e-05,-1
G024,G068,-1.8856283e-05,-1
G061,G019,-1.8869234e-05,-1
G034,G074,-1.894892e-05,-1
G073,G079,-1.8959967e-05,-1
G076,G058,-1.896538e-05,-1
G056,G077,-1.9017154e-05,-1
G024,G085,-1.9097648e-05,-1
G097,G086,-1.9154964e-05,-1
G011,G057,-1.9158428e-05,-1
G093,G024,-1.9548921e-05,-1
G002,G090,-1.9586732e-05,-1
G030,G042,-1.9627936e-05,-1
G065,G019,-1.973639e-05,-1
G015,G052,-1.9969508e-05,-1
G025,G042,-2.0004907e-05,-1
G013,G012,-2.0266067e-05,-1
G021,G013,-2.0371199e-05,-1
G018,G033,-2.03959e-05,-1
G024,G051,-2.0448451e-05,-1
G010,G082,-2.0475549e-05,-1
G012,G097,-2.0484935e-05,-1
G047,G036,-2.0518055e-05,-1
G051,G093,-2.0603567e-05,-1
G014,G096,-2.0647518e-05,-1
G058,G074,-2.0670286e-05,-1
G045,G049,-2.0701107e-05,-1
G010,G042,-2.0746967e-05,-1
G094,G026,-2.0760084e-05,-1
G015,G093,-2.0815067e-05,-1
G089,G076,-2.0911908e-05,-1
G022,G012,-2.0921872e-05,-1
G071,G011,-2.0926473e-05,-1
G005,G066,-2.098339e-05,-1
G095,G012,-2.1046135e-05,-1
G084,G034,-2.111257e-05,-1
G019,G022,-2.1193144e-05,-1
G062,G046,-2.1197593e-05,-1
G013,G039,-2.1209467e-05,-1
G059,G045,-2.129703e-05,-1
G064,G067,-2.1425036e-05,-1
G056,G003,-2.1431944e-05,-1
G010,G063,-2.1588303e-05,-1
G100,G049,-2.1683809e-05,-1
G079,G026,-2.1707507e-05,-1
G040,G088,-2.1772445e-05,-1
G027,G032,-2.1811378e-05,-1
G096,G010,-2.1826296e-05,-1
G013,G081,-2.196558e-05,-1
G096,G028,-2.1972404e-05,-1
G048,G091,-2.1981197e-05,-1
G088,G068,-2.2339978e-05,-1
G081,G055,-2.2350492e-05,-1
G019,G064,-2.2366616e-05,-1
G087,G098,-2.2368898e-05,-1
G004,G075,-2.2471637e-05,-1
G019,G078,-2.2474333e-05,-1
G041,G048,-2.2501355e-05,-1
G051,G074,-2.263659e-05,-1
G030,G027,-2.26561e-05,-1
G056,G067,-2.2683362e-05,-1
G010,G041,-2.2742217e-05,-1
G086,G031,-2.280338e-05,-1
G099,G004,-2.2823808e-05,-1
G049,G057,-2.286281e-05,-1
G063,G069,-2.288216e-05,-1
G062,G084,-2.2906117e-05,-1
G094,G056,-2.3066195e-05,-1
G015,G069,-2.3109202e-05,-1
G045,G096,-2.3119452e-05,-1
G027,G018,-2.3168075e-05,-1
G010,G074,-2.3177614e-05,-1
G099,G007,-2.3210127e-05,-1
G094,G010,-2.325322e-05,-1
G038,G047,-2.325756e-05,-1
G056,G033,-2.3332512e-05,-1
G075,G092,-2.3344446e-05,-1
G056,G072,-2.3503551e-05,-1
G088,G082,-2.3580787e-05,-1
G091,G074,-2.3680723e-05,-1
G002,G034,-2.3717253e-05,-1
G036,G055,-2.3772558e-05,-1
G072,G032,-2.3900488e-05,-1
G054,G078,-2.4050416e-05,-1
G018,G072,-2.4065735e-05,-1
G024,G090,-2.40745e-05,-1
G062,G085,-2.4104982e-05,-1
G091,G022,-2.4139668e-05,-1
G025,G044,-2.4154884e-05,-1
G056,G073,-2.4178153e-05,-1
G077,G093,-2.4264109e-05,-1
G071,G039,-2.4388808e-05,-1
G011,G083,-2.440686e-05,-1
G072,G003,-2.4712503e-05,-1
G065,G026,-2.4854013e-05,-1
G094,G063,-2.4934581e-05,-1
G024,G046,-2.5120857e-05,-1
G022,G036,-2.5288457e-05,-1
G005,G016,-2.5496e-05,-1
G007,G010,-2.552586e-05,-1
G042,G068,-2.5661362e-05,-1
G004,G078,-2.5700492e-05,-1
G069,G057,-2.5742595e-05,-1
G099,G051,-2.5744886e-05,-1
G013,G035,-2.578338e-05,-1
G061,G007,-2.5840385e-05,-1
G031,G001,-2.5898238e-05,-1
G015,G079,-2.6017036e-05,-1
G058,G035,-2.6053605e-05,-1
G057,G036,-2.6126385e-05,-1
G025,G071,-2.6198719e-05,-1
G039,G057,-2.6368456e-05,-1
G057,G049,-2.6372278e-05,-1
G075,G024,-2.6384925e-05,-1
G022,G051,-2.647527e-05,-1
G025,G002,-2.6493688e-05,-1
G019,G092,-2.6552189e-05,-1
G095,G075,-2.6560314e-05,-1
G004,G012,-2.6672868e-05,-1
G009,G021,-2.6875998e-05,-1
G020,G086,-2.6909265e-05,-1
G055,G008,-2.6966873e-05,-1
G095,G058,-2.6999653e-05,-1
G040,G057,-2.7012775e-05,-1
G027,G059,-2.7019933e-05,-1
G080,G026,-2.7092117e-05,-1
G085,G061,-2.7108033e-05,-1
G006,G032,-2.7132568e-05,-1
G089,G013,-2.7194932e-05,-1
G097,G009,-2.721918e-05,-1
G099,G032,-2.7283064e-05,-1
G037,G055,-2.7483893e-05,-1
G078,G019,-2.7523143e-05,-1
G047,G084,-2.7578068e-05,-1
G003,G058,-2.757865e-05,-1
G008,G057,-2.758186e-05,-1
G088,G017,-2.7717686e-05,-1
G079,G065,-2.7728116e-05,-1
G056,G082,-2.7748454e-05,-1
G017,G079,-2.7756078e-05,-1
G074,G079,-2.7815688e-05,-1
G022,G057,-2.785299e-05,-1
G050,G010,-2.7865499e-05,-1
G054,G049,-2.8060549e-05,-1
G096,G082,-2.8128388e-05,-1
G024,G048,-2.81341e-05,-1
G014,G029,-2.828439e-05,-1
G081,G051,-2.8318571e-05,-1
G021,G002,-2.833208e-05,-1
G032,G018,-2.8395087e-05,-1
G030,G051,-2.8482415e-05,-1
G077,G022,-2.8594979e-05,-1
G013,G049,-2.8610319e-05,-1
G053,G017,-2.8612294e-05,-1
G096,G094,-2.8656197e-05,-1
G075,G088,-2.8726792e-05,-1
G078,G057,-2.876982e-05,-1
G076,G038,-2.8779263e-05,-1
G075,G060,-2.8868413e-05,-1
G015,G080,-2.888572e-05,-1
G029,G041,-2.8890217e-05,-1
G024,G018,-2.9068804e-05,-1
G033,G043,-2.915904e-05,-1
G058,G046,-2.9175677e-05,-1
G044,G073,-2.9233806e-05,-1
G003,G074,-2.9291501e-05,-1
G013,G009,-2.930731e-05,-1
G049,G081,-2.9314728e-05,-1
G052,G073,-2.9325747e-05,-1
G079,G039,-2.9382674e-05,-1
G011,G064,-2.9398032e-05,-1
G050,G086,-2.944076e-05,-1
G073,G058,-2.9469202e-05,-1
G069,G094,-2.9503139e-05,-1
G099,G029,-2.9560299e-05,-1
G054,G020,-2.9606474e-05,-1
G087,G083,-2.9800784e-05,-1
G089,G083,-2.9815188e-05,-1
G007,G099,-2.9883999e-05,-1
G055,G050,-2.9889798e-05,-1
G032,G025,-2.9908286e-05,-1
G094,G072,-2.9968083e-05,-1
G063,G088,-3.0095784e-05,-1
G024,G079,-3.0113335e-05,-1
G010,G066,-3.0204988e-05,-1
G013,G027,-3.0381936e-05,-1
G066,G084,-3.062659e-05,-1
G097,G069,-3.062774e-05,-1
G097,G091,-3.064436e-05,-1
G074,G051,-3.074935e-05,-1
G009,G077,-3.0901672e-05,-1
G050,G006,-3.0925425e-05,-1
G033,G074,-3.0933606e-05,-1
G069,G091,-3.147245e-05,-1
G026,G066,-3.1519572e-05,-1
G081,G047,-3.1594882e-05,-1
G021,G075,-3.1631884e-05,-1
G002,G085,-3.1663323e-05,-1
G027,G051,-3.179591e-05,-1
G053,G035,-3.183823e-05,-1
G098,G062,-3.1932475e-05,-1
G094,G061,-3.2017153e-05,-1
G030,G094,-3.21378e-05,-1
G035,G024,-3.2310432e-05,-1
G004,G071,-3.231214e-05,-1
G094,G083,-3.240265e-05,-1
G057,G085,-3.243794e-05,-1
G047,G088,-3.2509328e-05,-1
G082,G080,-3.253081e-05,-1
G070,G026,-3.2553882e-05,-1
G028,G071,-3.2601736e-05,-1
G079,G023,-3.2721277e-05,-1
G069,G015,-3.281113e-05,-1
G096,G067,-3.284958e-05,-1
G100,G079,-3.3081375e-05,-1
G019,G076,-3.325953e-05,-1
G045,G071,-3.338278e-05,-1
G030,G082,-3.339444e-05,-1
G097,G051,-3.3401448e-05,-1
G047,G063,-3.360832e-05,-1
G003,G025,-3.3670756e-05,-1
G002,G075,-3.3721328e-05,-1
G004,G098,-3.3753342e-05,-1
G071,G044,-3.3767185e-05,-1
G034,G027,-3.3788372e-05,-1
G038,G011,-3.3857745e-05,-1
G054,G048,-3.3881537e-05,-1
G022,G094,-3.3960237e-05,-1
G050,G064,-3.3972687e-05,-1
G030,G076,-3.4241802e-05,-1
G022,G011,-3.4352677e-05,-1
G038,G071,-3.4372657e-05,-1
G025,G100,-3.4455756e-05,-1
G050,G067,-3.4561723e-05,-1
G006,G077,-3.4594057e-05,-1
G097,G005,-3.4615518e-05,-1
G090,G057,-3.4682053e-05,-1
G021,G007,-3.4742297e-05,-1
G087,G088,-3.4788136e-05,-1
G018,G075,-3.489115e-05,-1
G006,G057,-3.5056037e-05,-1
G022,G009,-3.5137793e-05,-1
G022,G076,-3.5184275e-05,-1
G089,G034,-3.5210036e-05,-1
G081,G073,-3.5374662e-05,-1
G067,G001,-3.543695e-05,-1
G043,G092,-3.548271e-05,-1
G072,G093,-3.559013e-05,-1
G028,G023,-3.562684e-05,-1
G049,G076,-3.5681296e-05,-1
G020,G070,-3.5748282e-05,-1
G096,G069,-3.5769594e-05,-1
G004,G045,-3.5788293e-05,-1
G061,G044,-3.596652e-05,-1
G045,G005,-3.601945e-05,-1
G091,G006,-3.6105317e-05,-1
G091,G088,-3.634056e-05,-1
G082,G085,-3.653934e-05,-1
G069,G003,-3.6679514e-05,-1
G098,G051,-3.6696074e-05,-1
G056,G041,-3.676649e-05,-1
G056,G070,-3.6825066e-05,-1
G051,G046,-3.6988607e-05,-1
G056,G094,-3.7079863e-05,-1
G085,G023,-3.7295184e-05,-1
G037,G012,-3.7314865e-05,-1
G050,G094,-3.738194e-05,-1
G056,G069,-3.7415848e-05,-1
G096,G030,-3.751243e-05,-1
G081,G063,-3.7526606e-05,-1
G080,G033,-3.763654e-05,-1
G059,G007,-3.7686674e-05,-1
G007,G079,-3.7712536e-05,-1
G093,G071,-3.7727288e-05,-1
G055,G088,-3.7758575e-05,-1
G091,G015,-3.792529e-05,-1
G012,G016,-3.7925845e-05,-1
G092,G084,-3.7964623e-05,-1
G071,G067,-3.801246e-05,-1
G036,G089,-3.8031536e-05,-1
G007,G089,-3.8238017e-05,-1
G019,G081,-3.824198e-05,-1
G018,G026,-3.8343198e-05,-1
G088,G071,-3.8356906e-05,-1
G010,G079,-3.8408532e-05,-1
G087,G035,-3.8489146e-05,-1
G027,G033,-3.8828748e-05,-1
G056,G055,-3.883708e-05,-1
G076,G051,-3.9004135e-05,-1
G057,G092,-3.9073402e-05,-1
G068,G011,-3.9126116e-05,-1
G001,G050,-3.91298e-05,-1
G042,G037,-3.9150822e-05,-1
G010,G089,-3.91882e-05,-1
G078,G018,-3.922636e-05,-1
G067,G063,-3.9286882e-05,-1
G095,G035,-3.934341e-05,-1
G086,G048,-3.9645285e-05,-1
G024,G083,-3.964786e-05,-1
G015,G055,-3.9727558e-05,-1
G030,G056,-3.9996798e-05,-1
G046,G023,-4.0000912e-05,-1
G071,G056,-4.0086823e-05,-1
G014,G059,-4.01193e-05,-1
G067,G085,-4.018886e-05,-1
G031,G002,-4.025277e-05,-1
G065,G043,-4.0263174e-05,-1
G062,G073,-4.0304756e-05,-1
G017,G084,-4.031183e-05,-1
G069,G050,-4.031898e-05,-1
G015,G053,-4.034408e-05,-1
G056,G092,-4.0489747e-05,-1
G030,G065,-4.0502713e-05,-1
G100,G067,-4.059763e-05,-1
G001,G038,-4.077616e-05,-1
G078,G013,-4.0818315e-05,-1
G050,G068,-4.091452e-05,-1
G067,G050,-4.1004987e-05,-1
G013,G058,-4.103305e-05,-1
G037,G066,-4.1056668e-05,-1
G056,G093,-4.105955e-05,-1
G059,G082,-4.115474e-05,-1
G074,G047,-4.1187388e-05,-1
G050,G090,-4.1319163e-05,-1
G083,G090,-4.1344796e-05,-1
G077,G011,-4.1441475e-05,-1
G051,G091,-4.144344e-05,-1
G097,G040,-4.15252e-05,-1
G076,G017,-4.1578318e-05,-1
G056,G074,-4.1639574e-05,-1
G094,G099,-4.179125e-05,-1
G055,G005,-4.18965e-05,-1
G018,G097,-4.1899e-05,-1
G022,G049,-4.1927004e-05,-1
G069,G035,-4.1973763e-05,-1
G088,G092,-4.2140025e-05,-1
G025,G051,-4.216928e-05,-1
G010,G019,-4.2346102e-05,-1
G091,G079,-4.2687156e-05,-1
G076,G086,-4.271584e-05,-1
G079,G015,-4.276952e-05,-1
G063,G074,-4.27707e-05,-1
G025,G057,-4.302439e-05,-1
G002,G033,-4.30497e-05,-1
G059,G026,-4.3051296e-05,-1
G097,G022,-4.305802e-05,-1
G038,G077,-4.3089694e-05,-1
G078,G075,-4.3237273e-05,-1
G003,G052,-4.325845e-05,-1
G048,G085,-4.3274635e-05,-1
G065,G080,-4.3341868e-05,-1
G047,G050,-4.3403084e-05,-1
G020,G076,-4.3407985e-05,-1
G010,G093,-4.3410957e-05,-1
G058,G021,-4.3428066e-05,-1
G071,G078,-4.3620224e-05,-1
G015,G072,-4.3658813e-05,-1
G030,G047,-4.378325e-05,-1
G061,G046,-4.379108e-05,-1
G059,G050,-4.380985e-05,-1
G003,G083,-4.3825057e-05,-1
G002,G087,-4.396084e-05,-1
G097,G034,-4.3998014e-05,-1
G015,G059,-4.40337e-05,-1
G089,G024,-4.406203e-05,-1
G091,G031,-4.412973e-05,-1
G063,G051,-4.5072964e-05,-1
G001,G064,-4.509684e-05,-1
G042,G012,-4.5201326e-05,-1
G045,G022,-4.5211003e-05,-1
G047,G010,-4.52155e-05,-1
G060,G096,-4.5303128e-05,-1
G057,G084,-4.532282e-05,-1
G074,G006,-4.5435285e-05,-1
G034,G011,-4.5561752e-05,-1
G075,G030,-4.5725494e-05,-1
G079,G069,-4.5744153e-05,-1
G013,G038,-4.5796995e-05,-1
G082,G019,-4.5890112e-05,-1
G010,G098,-4.5936613e-05,-1
G088,G038,-4.593847e-05,-1
G073,G078,-4.5973688e-05,-1
G030,G038,-4.6069563e-05,-1
G059,G096,-4.61349e-05,-1
G008,G037,-4.620771e-05,-1
G007,G063,-4.625455e-05,-1
G083,G024,-4.6298435e-05,-1
G058,G087,-4.6476085e-05,-1
G068,G069,-4.6839068e-05,-1
G074,G069,-4.7170986e-05,-1
G056,G081,-4.733004e-05,-1
G067,G061,-4.7354202e-05,-1
G051,G061,-4.7366193e-05,-1
G089,G045,-4.7612262e-05,-1
G069,G074,-4.765028e-05,-1
G095,G036,-4.7881993e-05,-1
G089,G035,-4.7956775e-05,-1
G015,G042,-4.79971e-05,-1
G061,G067,-4.8059777e-05,-1
G015,G018,-4.8065736e-05,-1
G099,G012,-4.8219077e-05,-1
G075,G069,-4.8225444e-05,-1
G057,G026,-4.8350525e-05,-1
G082,G093,-4.8354927e-05,-1
G014,G020,-4.839821e-05,-1
G031,G003,-4.85617e-05,-1
G069,G009,-4.87098e-05,-1
G068,G027,-4.899745e-05,-1
G081,G029,-4.909896e-05,-1
G085,G034,-4.920784e-05,-1
G071,G031,-4.922453e-05,-1
G033,G019,-4.928199e-05,-1
G041,G017,-4.931226e-05,-1
G067,G026,-4.9394926e-05,-1
G011,G007,-4.9464263e-05,-1
G029,G032,-4.9494185e-05,-1
G098,G058,-4.9506714e-05,-1
G062,G013,-4.964119e-05,-1
G029,G007,-4.9737686e-05,-1
G014,G021,-4.9833867e-05,-1
G093,G048,-4.9936025e-05,-1
G058,G090,-4.998672e-05,-1
G067,G032,-4.9993516e-05,-1
G017,G100,-5.0333263e-05,-1
G093,G100,-5.044046e-05,-1
G004,G096,-5.0565177e-05,-1
G078,G070,-5.058023e-05,-1
G088,G004,-5.0804127e-05,-1
G020,G046,-5.085883e-05,-1
G061,G073,-5.116772e-05,-1
G091,G087,-5.128811e-05,-1
G031,G084,-5.1360774e-05,-1
G100,G035,-5.1387146e-05,-1
G017,G020,-5.1477895e-05,-1
G076,G040,-5.150531e-05,-1
G010,G061,-5.1696337e-05,-1
G080,G013,-5.1709274e-05,-1
G056,G063,-5.1834057e-05,-1
G017,G001,-5.1913332e-05,-1
G056,G075,-5.2032392e-05,-1
G044,G037,-5.2133728e-05,-1
G040,G095,-5.2143987e-05,-1
G084,G057,-5.218332e-05,-1
G071,G080,-5.2238684e-05,-1
G007,G020,-5.2263607e-05,-1
G004,G085,-5.2273448e-05,-1
G062,G066,-5.228605e-05,-1
G032,G097,-5.251497e-05,-1
G033,G087,-5.258267e-05,-1
G086,G080,-5.263067e-05,-1
G003,G026,-5.263553e-05,-1
G022,G067,-5.273309e-05,-1
G096,G039,-5.273985e-05,-1
G067,G099,-5.276972e-05,-1
G009,G013,-5.2989908e-05,-1
G015,G099,-5.3058375e-05,-1
G088,G012,-5.309794e-05,-1
G039,G078,-5.3100302e-05,-1
G065,G020,-5.3142558e-05,-1
G015,G084,-5.3260697e-05,-1
G056,G011,-5.330752e-05,-1
G094,G030,-5.3325835e-05,-1
G004,G080,-5.3344447e-05,-1
G011,G080,-5.342672e-05,-1
G050,G001,-5.3535357e-05,-1
G015,G062,-5.3662374e-05,-1
G083,G009,-5.369641e-05,-1
G034,G019,-5.3707234e-05,-1
G063,G043,-5.3835804e-05,-1
G030,G099,-5.3894622e-05,-1
G081,G015,-5.392925e-05,-1
G100,G093,-5.3962845e-05,-1
G030,G040,-5.4085318e-05,-1
G052,G093,-5.4162454e-05,-1
G057,G066,-5.4589287e-05,-1
G040,G072,-5.4649394e-05,-1
G027,G072,-5.469671e-05,-1
G001,G095,-5.472186e-05,-1
G040,G033,-5.4724285e-05,-1
G015,G049,-5.4791846e-05,-1
G006,G017,-5.4958226e-05,-1
G052,G095,-5.5114575e-05,-1
G093,G085,-5.5530065e-05,-1
G037,G020,-5.5536577e-05,-1
G056,G079,-5.562476e-05,-1
G080,G087,-5.5725308e-05,-1
G079,G045,-5.5863675e-05,-1
G079,G067,-5.588933e-05,-1
G051,G026,-5.5891313e-05,-1
G036,G077,-5.5976856e-05,-1
G074,G011,-5.6012093e-05,-1
G093,G022,-5.6100336e-05,-1
G060,G056,-5.6116136e-05,-1
G094,G092,-5.629461e-05,-1
G091,G027,-5.6357825e-05,-1
G015,G075,-5.6491885e-05,-1
G066,G058,-5.650941e-05,-1
G095,G088,-5.6543027e-05,-1
G070,G038,-5.6567955e-05,-1
G031,G051,-5.6578298e-05,-1
G062,G090,-5.658455e-05,-1
G086,G034,-5.6603356e-05,-1
G018,G093,-5.66037e-05,-1
G043,G080,-5.661511e-05,-1
G023,G088,-5.6617588e-05,-1
G033,G079,-5.6750872e-05,-1
G018,G071,-5.6755194e-05,-1
G017,G085,-5.6756227e-05,-1
G095,G063,-5.677363e-05,-1
G002,G046,-5.6775847e-05,-1
G067,G079,-5.6811903e-05,-1
G051,G010,-5.68423e-05,-1
G016,G087,-5.6869736e-05,-1
G062,G033,-5.694258e-05,-1
G098,G005,-5.7020152e-05,-1
G088,G081,-5.7142828e-05,-1
G099,G078,-5.7150126e-05,-1
G086,G063,-5.758747e-05,-1
G078,G026,-5.7857236e-05,-1
G079,G074,-5.790406e-05,-1
G010,G086,-5.7944653e-05,-1
G035,G100,-5.80208e-05,-1
G081,G059,-5.8132235e-05,-1
G097,G015,-5.8441343e-05,-1
G031,G078,-5.8546513e-05,-1
G094,G079,-5.8567653e-05,-1
G021,G003,-5.8587542e-05,-1
G047,G009,-5.872656e-05,-1
G065,G069,-5.873502e-05,-1
G057,G079,-5.8875532e-05,-1
G002,G051,-5.9036345e-05,-1
G052,G062,-5.9090424e-05,-1
G100,G025,-5.9093418e-05,-1
G074,G093,-5.9214926e-05,-1
G013,G080,-5.9338072e-05,-1
G027,G008,-5.9536476e-05,-1
G056,G088,-5.97075e-05,-1
G059,G051,-5.9813938e-05,-1
G067,G078,-5.9831968e-05,-1
G024,G043,-5.9859733e-05,-1
G042,G095,-5.9884584e-05,-1
G087,G034,-5.9900776e-05,-1
G042,G067,-5.992966e-05,-1
G086,G075,-6.0009515e-05,-1
G012,G092,-6.023627e-05,-1
G075,G051,-6.024968e-05,-1
G059,G033,-6.0258277e-05,-1
G051,G011,-6.040183e-05,-1
G050,G074,-6.0513663e-05,-1
G011,G046,-6.054624e-05,-1
G018,G030,-6.05466e-05,-1
G060,G062,-6.0576847e-05,-1
G050,G088,-6.0730876e-05,-1
G056,G018,-6.0755727e-05,-1
G011,G013,-6.0797996e-05,-1
G030,G064,-6.0848564e-05,-1
G015,G097,-6.08796e-05,-1
G052,G092,-6.0907914e-05,-1
G015,G005,-6.094571e-05,-1
G057,G039,-6.097406e-05,-1
G058,G080,-6.108727e-05,-1
G092,G067,-6.1093946e-05,-1
G024,G074,-6.127915e-05,-1
G057,G040,-6.133705e-05,-1
G088,G099,-6.140949e-05,-1
G030,G004,-6.144115e-05,-1
G055,G094,-6.1490886e-05,-1
G086,G066,-6.1562925e-05,-1
G043,G069,-6.160216e-05,-1
G045,G068,-6.166192e-05,-1
G054,G083,-6.1686645e-05,-1
G023,G030,-6.168831e-05,-1
G095,G055,-6.1709725e-05,-1
G024,G029,-6.176864e-05,-1
G082,G057,-6.177199e-05,-1
G092,G048,-6.2079016e-05,-1
G010,G026,-6.21028e-05,-1
G067,G056,-6.221684e-05,-1
G033,G089,-6.245124e-05,-1
G027,G044,-6.245199e-05,-1
G021,G031,-6.252564e-05,-1
G019,G072,-6.255025e-05,-1
G031,G071,-6.265311e-05,-1
G057,G052,-6.268372e-05,-1
G031,G088,-6.274964e-05,-1
G055,G079,-6.287946e-05,-1
G064,G043,-6.293714e-05,-1
G089,G054,-6.294343e-05,-1
G011,G091,-6.317667e-05,-1
G024,G001,-6.320962e-05,-1
G074,G066,-6.345337e-05,-1
G034,G100,-6.3497144e-05,-1
G028,G083,-6.357384e-05,-1
G010,G032,-6.364033e-05,-1
G060,G092,-6.364791e-05,-1
G062,G063,-6.36643e-05,-1
G051,G008,-6.369865e-05,-1
G073,G039,-6.3743304e-05,-1
G020,G089,-6.3840605e-05,-1
G085,G026,-6.386653e-05,-1
G042,G015,-6.4106905e-05,-1
G027,G068,-6.421606e-05,-1
G013,G059,-6.430347e-05,-1
G059,G042,-6.43293e-05,-1
G041,G022,-6.437455e-05,-1
G069,G097,-6.441181e-05,-1
G047,G025,-6.45015e-05,-1
G036,G090,-6.463683e-05,-1
G004,G020,-6.490065e-05,-1
G007,G051,-6.4923464e-05,-1
G054,G046,-6.514551e-05,-1
G098,G013,-6.52369e-05,-1
G069,G058,-6.54163e-05,-1
G084,G088,-6.572148e-05,-1
G047,G051,-6.573594e-05,-1
G015,G012,-6.594614e-05,-1
G042,G051,-6.5982094e-05,-1
G063,G030,-6.598887e-05,-1
G044,G050,-6.599529e-05,-1
G087,G097,-6.606409e-05,-1
G011,G026,-6.6165e-05,-1
G013,G067,-6.620411e-05,-1
G087,G080,-6.621792e-05,-1
G031,G033,-6.632124e-05,-1
G024,G006,-6.652722e-05,-1
G030,G091,-6.655778e-05,-1
G076,G080,-6.6586756e-05,-1
G037,G092,-6.661691e-05,-1
G085,G045,-6.6783454e-05,-1
G066,G074,-6.681858e-05,-1
G015,G071,-6.696582e-05,-1
G018,G015,-6.70486e-05,-1
G010,G040,-6.7059285e-05,-1
G046,G004,-6.706667e-05,-1
G034,G087,-6.7090456e-05,-1
G044,G099,-6.719333e-05,-1
G072,G025,-6.726348e-05,-1
G053,G029,-6.730527e-05,-1
G044,G074,-6.735117e-05,-1
G059,G015,-6.7552384e-05,-1
G024,G061,-6.7555884e-05,-1
G048,G081,-6.768322e-05,-1
G023,G072,-6.8040856e-05,-1
G081,G035,-6.818928e-05,-1
G092,G087,-6.829994e-05,-1
G029,G003,-6.840418e-05,-1
G011,G005,-6.848481e-05,-1
G038,G092,-6.855641e-05,-1
G089,G041,-6.864243e-05,-1
G081,G052,-6.871056e-05,-1
G031,G095,-6.874202e-05,-1
G022,G091,-6.876929e-05,-1
G093,G095,-6.897046e-05,-1
G094,G047,-6.897855e-05,-1
G004,G018,-6.898833e-05,-1
G085,G082,-6.903031e-05,-1
G056,G004,-6.91631e-05,-1
G070,G021,-6.916931e-05,-1
G044,G088,-6.917707e-05,-1
G077,G039,-6.921007e-05,-1
G087,G018,-6.9264075e-05,-1
G015,G021,-6.9352805e-05,-1
G029,G085,-6.9427646e-05,-1
G040,G028,-6.9473914e-05,-1
G052,G039,-6.954053e-05,-1
G068,G057,-6.954286e-05,-1
G093,G061,-6.961619e-05,-1
G045,G063,-6.963184e-05,-1
G056,G017,-6.965808e-05,-1
G021,G088,-6.966416e-05,-1
G090,G062,-6.9685215e-05,-1
G096,G044,-6.98503e-05,-1
G062,G071,-6.9924965e-05,-1
G010,G050,-6.9969145e-05,-1
G027,G070,-7.0137205e-05,-1
G030,G061,-7.0248374e-05,-1
G004,G015,-7.026833e-05,-1
G061,G012,-7.031178e-05,-1
G091,G049,-7.0444315e-05,-1
G078,G067,-7.0581904e-05,-1
G093,G027,-7.062817e-05,-1
G018,G042,-7.066161e-05,-1
G097,G047,-7.066466e-05,-1
G096,G075,-7.066923e-05,-1
G004,G090,-7.068161e-05,-1
G054,G030,-7.0717164e-05,-1
G001,G055,-7.075275e-05,-1
G063,G039,-7.084079e-05,-1
G100,G069,-7.103861e-05,-1
G006,G071,-7.114791e-05,-1
G086,G093,-7.1323135e-05,-1
G047,G056,-7.144431e-05,-1
G043,G099,-7.152238e-05,-1
G013,G084,-7.1575436e-05,-1
G002,G073,-7.159873e-05,-1
G098,G075,-7.185907e-05,-1
G003,G005,-7.198143e-05,-1
G078,G002,-7.216812e-05,-1
G070,G079,-7.2235096e-05,-1
G056,G039,-7.2391165e-05,-1
G015,G091,-7.244485e-05,-1
G062,G022,-7.248798e-05,-1
G036,G002,-7.252232e-05,-1
G014,G057,-7.2531126e-05,-1
G061,G062,-7.25794e-05,-1
G024,G026,-7.2924515e-05,-1
G061,G005,-7.2926625e-05,-1
G004,G083,-7.298608e-05,-1
G039,G074,-7.3030984e-05,-1
G037,G059,-7.323829e-05,-1
G064,G079,-7.340156e-05,-1
G056,G030,-7.399128e-05,-1
G094,G022,-7.413599e-05,-1
G086,G011,-7.415214e-05,-1
G045,G033,-7.416806e-05,-1
G034,G061,-7.448591e-05,-1
G095,G100,-7.451209e-05,-1
G039,G047,-7.468815e-05,-1
G015,G009,-7.487459e-05,-1
G081,G027,-7.5039236e-05,-1
G031,G096,-7.529368e-05,-1
G009,G002,-7.530813e-05,-1
G042,G071,-7.538012e-05,-1
G060,G080,-7.5477605e-05,-1
G013,G073,-7.54949e-05,-1
G072,G011,-7.5831114e-05,-1
G053,G046,-7.5906544e-05,-1
G040,G018,-7.598404e-05,-1
G059,G001,-7.6121025e-05,-1
G066,G092,-7.640694e-05,-1
G083,G047,-7.641783e-05,-1
G098,G084,-7.681395e-05,-1
G053,G039,-7.736063e-05,-1
G014,G070,-7.737591e-05,-1
G093,G056,-7.739912e-05,-1
G092,G024,-7.7555516e-05,-1
G088,G029,-7.757517e-05,-1
G032,G100,-7.7730605e-05,-1
G029,G042,-7.783972e-05,-1
G082,G029,-7.786833e-05,-1
G055,G100,-7.7896584e-05,-1
G059,G011,-7.810259e-05,-1
G017,G082,-7.8122226e-05,-1
G033,G027,-7.815005e-05,-1
G052,G054,-7.817869e-05,-1
G032,G026,-7.845072e-05,-1
G082,G091,-7.8573954e-05,-1
G067,G035,-7.8683755e-05,-1
G014,G025,-7.872265e-05,-1
G087,G038,-7.873862e-05,-1
G015,G039,-7.884442e-05,-1
G029,G011,-7.886624e-05,-1
G010,G024,-7.892479e-05,-1
G045,G067,-7.895237e-05,-1
G024,G022,-7.902684e-05,-1
G033,G076,-7.90874e-05,-1
G014,G050,-7.9284306e-05,-1
G067,G022,-7.930082e-05,-1
G088,G069,-7.9326885e-05,-1
G015,G022,-7.9453166e-05,-1
G060,G007,-7.9491685e-05,-1
G073,G043,-7.9560275e-05,-1
G052,G012,-7.9608406e-05,-1
G052,G017,-7.964015e-05,-1
G081,G057,-7.972028e-05,-1
G100,G047,-7.975491e-05,-1
G043,G082,-7.975825e-05,-1
G003,G068,-7.9782665e-05,-1
G055,G011,-8.0086415e-05,-1
G086,G046,-8.009875e-05,-1
G015,G050,-8.011032e-05,-1
G007,G069,-8.0160804e-05,-1
G024,G036,-8.0217476e-05,-1
G065,G022,-8.033077e-05,-1
G002,G036,-8.039984e-05,-1
G091,G094,-8.0414415e-05,-1
G015,G051,-8.090257e-05,-1
G027,G040,-8.0954684e-05,-1
G094,G006,-8.124968e-05,-1
G036,G017,-8.134706e-05,-1
G032,G073,-8.1347265e-05,-1
G079,G048,-8.146501e-05,-1
G004,G062,-8.151568e-05,-1
G078,G052,-8.152223e-05,-1
G006,G055,-8.166554e-05,-1
G044,G013,-8.168003e-05,-1
G052,G065,-8.169066e-05,-1
G048,G056,-8.178636e-05,-1
G031,G015,-8.18015e-05,-1
G007,G061,-8.1866994e-05,-1
G092,G094,-8.197333e-05,-1
G030,G092,-8.2027684e-05,-1
G007,G078,-8.204508e-05,-1
G013,G015,-8.2154256e-05,-1
G095,G017,-8.21902e-05,-1
G002,G071,-8.224274e-05,-1
G089,G085,-8.225015e-05,-1
G014,G015,-8.260937e-05,-1
G043,G090,-8.2663304e-05,-1
G055,G026,-8.268612e-05,-1
G038,G016,-8.299389e-05,-1
G079,G092,-8.301517e-05,-1
G056,G024,-8.305011e-05,-1
G025,G045,-8.308311e-05,-1
G080,G029,-8.313816e-05,-1
G005,G022,-8.317693e-05,-1
G089,G040,-8.327339e-05,-1
G064,G049,-8.340329e-05,-1
G027,G095,-8.3463354e-05,-1
G021,G023,-8.354392e-05,-1
G044,G009,-8.371323e-05,-1
G029,G084,-8.3776285e-05,-1
G096,G061,-8.382138e-05,-1
G039,G024,-8.3831226e-05,-1
G063,G077,-8.4048865e-05,-1
G047,G037,-8.4597676e-05,-1
G022,G024,-8.475635e-05,-1
G008,G059,-8.486089e-05,-1
G009,G100,-8.489414e-05,-1
G001,G006,-8.492103e-05,-1
G042,G058,-8.5126834e-05,-1
G054,G052,-8.522597e-05,-1
G038,G067,-8.5627566e-05,-1
G079,G099,-8.569004e-05,-1
G067,G059,-8.570478e-05,-1
G065,G058,-8.570802e-05,-1
G087,G077,-8.5719155e-05,-1
G038,G093,-8.573679e-05,-1
G048,G051,-8.594167e-05,-1
G010,G047,-8.600943e-05,-1
G017,G006,-8.6018954e-05,-1
G061,G042,-8.608185e-05,-1
G059,G049,-8.6113876e-05,-1
G060,G018,-8.615132e-05,-1
G078,G100,-8.6239095e-05,-1
G057,G045,-8.6378466e-05,-1
G010,G070,-8.6379354e-05,-1
G007,G019,-8.6512446e-05,-1
G058,G026,-8.664781e-05,-1
G049,G066,-8.6700915e-05,-1
G019,G097,-8.683982e-05,-1
G004,G022,-8.6879394e-05,-1
G010,G031,-8.692415e-05,-1
G007,G036,-8.695288e-05,-1
G052,G091,-8.712498e-05,-1
G075,G059,-8.718026e-05,-1
G056,G084,-8.726512e-05,-1
G070,G051,-8.735674e-05,-1
G040,G091,-8.7455686e-05,-1
G055,G042,-8.758969e-05,-1
G015,G007,-8.765503e-05,-1
G038,G091,-8.773885e-05,-1
G056,G052,-8.782765e-05,-1
G084,G051,-8.832213e-05,-1
G034,G076,-8.837751e-05,-1
G076,G099,-8.843751e-05,-1
G055,G089,-8.845963e-05,-1
G048,G054,-8.851429e-05,-1
G095,G051,-8.851913e-05,-1
G056,G022,-8.854322e-05,-1
G019,G091,-8.874498e-05,-1
G004,G076,-8.876279e-05,-1
G010,G027,-8.8772e-05,-1
G031,G010,-8.8837296e-05,-1
G077,G072,-8.892205e-05,-1
G095,G045,-8.900558e-05,-1
G072,G058,-8.908689e-05,-1
G057,G013,-8.914374e-05,-1
G041,G077,-8.925147e-05,-1
G011,G003,-8.93599e-05,-1
G031,G011,-8.9445304e-05,-1
G041,G047,-8.9564004e-05,-1
G017,G047,-8.960851e-05,-1
G083,G012,-8.964416e-05,-1
G099,G100,-8.964839e-05,-1
G066,G035,-8.971611e-05,-1
G039,G029,-8.974439e-05,-1
G008,G055,-8.9751506e-05,-1
G042,G031,-8.976176e-05,-1
G063,G044,-8.986341e-05,-1
G022,G065,-8.995821e-05,-1
G004,G050,-8.998411e-05,-1
G048,G015,-9.003548e-05,-1
G019,G087,-9.021401e-05,-1
G097,G070,-9.023364e-05,-1
G084,G031,-9.0283225e-05,-1
G092,G063,-9.031362e-05,-1
G070,G099,-9.045392e-05,-1
G095,G091,-9.078876e-05,-1
G035,G058,-9.090872e-05,-1
G031,G091,-9.101374e-05,-1
G092,G083,-9.15566e-05,-1
G051,G099,-9.1655034e-05,-1
G062,G025,-9.175569e-05,-1
G014,G082,-9.201372e-05,-1
G069,G027,-9.216827e-05,-1
G096,G043,-9.2471186e-05,-1
G025,G093,-9.25575e-05,-1
G036,G024,-9.2849914e-05,-1
G096,G070,-9.321184e-05,-1
G024,G014,-9.323574e-05,-1
G013,G095,-9.3402254e-05,-1
G070,G076,-9.3463816e-05,-1
G095,G071,-9.349663e-05,-1
G039,G026,-9.356458e-05,-1
G039,G075,-9.3575916e-05,-1
G094,G015,-9.35971e-05,-1
G041,G032,-9.3662304e-05,-1
G094,G070,-9.37732e-05,-1
G056,G080,-9.378597e-05,-1
G024,G027,-9.394227e-05,-1
G004,G052,-9.413483e-05,-1
G094,G029,-9.422095e-05,-1
G063,G027,-9.432053e-05,-1
G033,G047,-9.434115e-05,-1
G010,G056,-9.438361e-05,-1
G032,G098,-9.449351e-05,-1
G093,G062,-9.453524e-05,-1
G037,G060,-9.511259e-05,-1
G056,G034,-9.569077e-05,-1
G055,G077,-9.607361e-05,-1
G025,G041,-9.608858e-05,-1
G039,G062,-9.612476e-05,-1
G067,G087,-9.6225325e-05,-1
G039,G034,-9.635264e-05,-1
G056,G019,-9.636528e-05,-1
G095,G084,-9.6591684e-05,-1
G025,G026,-9.662653e-05,-1
G019,G012,-9.66347e-05,-1
G100,G014,-9.666977e-05,-1
G030,G003,-9.6676435e-05,-1
G007,G004,-9.676414e-05,-1
G059,G052,-9.696892e-05,-1
G062,G011,-9.69743e-05,-1
G003,G036,-9.702079e-05,-1
G054,G074,-9.702703e-05,-1
G077,G012,-9.702796e-05,-1
G097,G075,-9.704957e-05,-1
G007,G041,-9.706261e-05,-1
G072,G048,-9.718228e-05,-1
G084,G099,-9.720448e-05,-1
G051,G092,-9.724796e-05,-1
G070,G044,-9.753419e-05,-1
G080,G090,-9.765765e-05,-1
G019,G016,-9.776296e-05,-1
G032,G051,-9.7835524e-05,-1
G097,G014,-9.8191565e-05,-1
G075,G094,-9.8203054e-05,-1
G086,G092,-9.824226e-05,-1
G054,G013,-9.8252254e-05,-1
G071,G052,-9.8359604e-05,-1
G043,G046,-9.847642e-05,-1
G071,G069,-9.876237e-05,-1
G038,G037,-9.877661e-05,-1
G097,G018,-9.88532e-05,-1
G075,G036,-9.8938894e-05,-1
G082,G076,-9.900359e-05,-1
G088,G089,-9.905673e-05,-1
G008,G043,-9.9224155e-05,-1
G050,G077,-9.936391e-05,-1
G059,G093,-9.9567595e-05,-1
G066,G082,-9.9779885e-05,-1
G072,G037,-9.980378e-05,-1
G009,G049,-9.984541e-05,-1
G036,G059,-9.9960336e-05,-1
G027,G021,-0.000100203,-1
G056,G026,-0.00010035444,-1
G024,G033,-0.00010040125,-1
G031,G055,-0.00010069484,-1
G097,G038,-0.000100789395,-1
G039,G022,-0.00010084471,-1
G031,G075,-0.00010109573,-1
G075,G002,-0.00010110063,-1
G009,G029,-0.000101110614,-1
G062,G061,-0.00010111677,-1
G094,G069,-0.00010114447,-1
G033,G059,-0.000101177626,-1
G017,G081,-0.000101238045,-1
G065,G030,-0.00010126252,-1
G047,G032,-0.00010171597,-1
G079,G090,-0.00010179059,-1
G032,G055,-0.00010195975,-1
G034,G001,-0.00010222939,-1
G091,G026,-0.000102232974,-1
G060,G008,-0.00010245268,-1
G015,G006,-0.000102656944,-1
G041,G046,-0.00010271094,-1
G011,G099,-0.00010275499,-1
G098,G048,-0.00010277169,-1
G033,G082,-0.00010289522,-1
G006,G092,-0.000103094324,-1
G007,G026,-0.00010310064,-1
G041,G054,-0.0001033023,-1
G015,G026,-0.000103407314,-1
G010,G015,-0.000103623184,-1
G008,G047,-0.00010365843,-1
G061,G033,-0.00010365894,-1
G045,G032,-0.00010366545,-1
G017,G090,-0.00010378405,-1
G019,G059,-0.00010384246,-1
G062,G054,-0.000103900056,-1
G054,G027,-0.00010394666,-1
G027,G031,-0.00010415853,-1
G013,G052,-0.000104358376,-1
G022,G062,-0.00010467744,-1
G092,G003,-0.0001047766,-1
G089,G020,-0.000104802515,-1
G088,G041,-0.00010485865,-1
G054,G066,-0.00010492338,-1
G067,G098,-0.00010492923,-1
G076,G015,-0.0001051688,-1
G097,G026,-0.0001051966,-1
G009,G087,-0.000105281906,-1
G100,G061,-0.00010528258,-1
G089,G004,-0.000105299674,-1
G045,G030,-0.00010531531,-1
G088,G033,-0.000105334264,-1
G014,G030,-0.00010538051,-1
G031,G026,-0.000105445906,-1
G089,G053,-0.000105532316,-1
G004,G051,-0.000105723615,-1
G077,G013,-0.000105737745,-1
G071,G074,-0.00010576136,-1
G034,G008,-0.000105789266,-1
G044,G059,-0.00010582512,-1
G048,G075,-0.000105999236,-1
G080,G081,-0.00010601302,-1
G084,G003,-0.0001061468,-1
G059,G024,-0.000106207255,-1
G074,G049,-0.000106455875,-1
G018,G034,-0.00010646724,-1
G079,G018,-0.00010657,-1
G081,G100,-0.000106621446,-1
G010,G073,-0.00010672145,-1
G089,G043,-0.000106959546,-1
G069,G008,-0.00010714164,-1
G070,G069,-0.00010732284,-1
G054,G093,-0.00010732624,-1
G018,G051,-0.00010733057,-1
G041,G074,-0.00010751142,-1
G022,G028,-0.000107551416,-1
G025,G056,-0.00010756265,-1
G018,G099,-0.000107688844,-1
G098,G088,-0.00010803235,-1
G051,G012,-0.00010805554,-1
G010,G078,-0.00010822575,-1
G006,G021,-0.00010835635,-1
G015,G094,-0.000108385764,-1
G068,G099,-0.00010843768,-1
G080,G069,-0.00010852316,-1
G094,G093,-0.00010891964,-1
G045,G009,-0.00010899669,-1
G079,G093,-0.000109011096,-1
G061,G096,-0.00010902796,-1
G010,G069,-0.00010917291,-1
G093,G060,-0.00010925015,-1
G099,G006,-0.00010941207,-1
G050,G026,-0.00010964779,-1
G062,G030,-0.00010979949,-1
G042,G082,-0.00010981894,-1
G093,G059,-0.00010988748,-1
G029,G099,-0.00010990125,-1
G055,G023,-0.00010998796,-1
G017,G073,-0.00011000997,-1
G010,G030,-0.00011024188,-1
G004,G040,-0.00011033603,-1
G086,G065,-0.00011044,-1
G067,G024,-0.000110527835,-1
G024,G094,-0.00011057417,-1
G004,G021,-0.00011069528,-1
G031,G069,-0.00011079542,-1
G039,G094,-0.000110819405,-1
G041,G003,-0.00011110233,-1
G037,G036,-0.0001111598,-1
G072,G026,-0.0001113322,-1
G008,G049,-0.000111428446,-1
G031,G065,-0.00011147954,-1
G100,G034,-0.000111497335,-1
G019,G026,-0.000111506095,-1
G048,G018,-0.000111667134,-1
G021,G096,-0.000111748865,-1
G025,G023,-0.0001118623,-1
G020,G052,-0.00011191428,-1
G066,G032,-0.00011193635,-1
G016,G040,-0.00011204811,-1
G062,G078,-0.00011224934,-1
G092,G079,-0.00011240467,-1
G011,G059,-0.00011255994,-1
G010,G011,-0.000112599824,-1
G032,G063,-0.00011276229,-1
G022,G045,-0.00011292893,-1
G067,G095,-0.00011307204,-1
G065,G098,-0.00011365916,-1
G070,G029,-0.00011386479,-1
G094,G008,-0.00011416072,-1
G069,G086,-0.000114292634,-1
G081,G061,-0.000114368355,-1
G054,G003,-0.000114596354,-1
G094,G019,-0.000114610084,-1
G043,G013,-0.00011471156,-1
G042,G070,-0.00011478813,-1
G088,G062,-0.000114996954,-1
G067,G057,-0.0001150032,-1
G070,G022,-0.000115278315,-1
G077,G001,-0.000115289295,-1
G063,G100,-0.00011548675,-1
G070,G033,-0.00011551263,-1
G036,G087,-0.00011591016,-1
G052,G077,-0.00011604637,-1
G088,G032,-0.000116400464,-1
G093,G012,-0.00011644694,-1
G041,G026,-0.000116545205,-1
G092,G018,-0.00011655194,-1
G064,G087,-0.00011660604,-1
G018,G006,-0.00011691995,-1
G004,G007,-0.00011694931,-1
G077,G069,-0.00011695318,-1
G067,G041,-0.00011699306,-1
G021,G026,-0.00011731526,-1
G046,G092,-0.000117350864,-1
G077,G049,-0.00011770409,-1
G004,G057,-0.00011794872,-1
G020,G071,-0.00011827867,-1
G048,G057,-0.0001182803,-1
G089,G090,-0.00011884817,-1
G053,G001,-0.000119005075,-1
G076,G079,-0.00011906048,-1
G047,G071,-0.000119158314,-1
G069,G051,-0.00011917072,-1
G058,G036,-0.00011920197,-1
G078,G015,-0.00011957947,-1
G004,G061,-0.000119700286,-1
G011,G044,-0.00011976827,-1
G060,G061,-0.0001202345,-1
G042,G093,-0.000120301775,-1
G097,G044,-0.00012041698,-1
G047,G064,-0.000120607896,-1
G047,G015,-0.00012083318,-1
G095,G067,-0.000120863544,-1
G067,G093,-0.000120900724,-1
G053,G037,-0.00012096651,-1
G036,G047,-0.00012105827,-1
G015,G033,-0.00012107599,-1
G047,G006,-0.00012121533,-1
G061,G015,-0.00012142806,-1
G082,G027,-0.00012152545,-1
G054,G061,-0.0001218507,-1
G044,G022,-0.000121990975,-1
G002,G100,-0.00012200841,-1
G006,G099,-0.00012221972,-1
G037,G063,-0.00012237956,-1
G011,G033,-0.00012239393,-1
G036,G099,-0.00012240268,-1
G038,G079,-0.00012257429,-1
G008,G016,-0.0001225754,-1
G097,G067,-0.00012262928,-1
G018,G076,-0.00012288686,-1
G018,G073,-0.00012291901,-1
G070,G061,-0.00012317463,-1
G021,G018,-0.0001232474,-1
G035,G026,-0.00012337191,-1
G036,G012,-0.00012345483,-1
G054,G035,-0.00012368662,-1
G027,G071,-0.00012381654,-1
G084,G078,-0.00012395409,-1
G059,G092,-0.00012401305,-1
G014,G093,-0.00012407846,-1
G094,G048,-0.00012415065,-1
G040,G020,-0.00012428107,-1
G079,G032,-0.00012429123,-1
G013,G079,-0.00012477078,-1
G093,G040,-0.0001247824,-1
G049,G030,-0.0001248396,-1
G032,G045,-0.00012492442,-1
G025,G038,-0.000124992,-1
G015,G078,-0.00012506737,-1
G044,G091,-0.00012526079,-1
G099,G023,-0.00012544716,-1
G038,G097,-0.00012556525,-1
G081,G074,-0.00012569912,-1
G092,G098,-0.00012583008,-1
G041,G063,-0.00012584357,-1
G041,G078,-0.00012587539,-1
G003,G051,-0.00012593697,-1
G047,G012,-0.00012594873,-1
G010,G060,-0.00012595195,-1
G014,G069,-0.00012618682,-1
G086,G020,-0.00012629898,-1
G036,G030,-0.0001263911,-1
G062,G098,-0.00012643274,-1
G018,G046,-0.00012681643,-1
G074,G013,-0.00012682118,-1
G041,G050,-0.00012693192,-1
G089,G065,-0.00012705989,-1
G062,G059,-0.00012708582,-1
G074,G035,-0.00012726695,-1
G077,G024,-0.00012728995,-1
G038,G034,-0.0001273783,-1
G059,G065,-0.00012759047,-1
G032,G082,-0.00012768492,-1
G030,G045,-0.00012770403,-1
G004,G094,-0.00012771063,-1
G075,G067,-0.00012802923,-1
G080,G079,-0.0001282729,-1
G094,G021,-0.0001283503,-1
G054,G095,-0.00012846381,-1
G095,G072,-0.00012850684,-1
G096,G098,-0.0001288376,-1
G017,G050,-0.00012887489,-1
G087,G075,-0.00012922786,-1
G094,G013,-0.00012923506,-1
G036,G067,-0.00012928186,-1
G058,G095,-0.00012967807,-1
G078,G093,-0.00012994025,-1
G079,G043,-0.00012994048,-1
G036,G044,-0.00013008184,-1
G067,G075,-0.00013028407,-1
G030,G057,-0.00013036464,-1
G094,G003,-0.00013044171,-1
G097,G029,-0.00013045126,-1
G075,G098,-0.0001304891,-1
G043,G074,-0.000130768,-1
G028,G019,-0.00013081466,-1
G043,G087,-0.0001309621,-1
G056,G038,-0.00013098594,-1
G052,G026,-0.000131014,-1
G030,G052,-0.0001310843,-1
G067,G018,-0.00013117092,-1
G053,G087,-0.00013155164,-1
G034,G081,-0.00013168677,-1
G048,G072,-0.0001318188,-1
G015,G061,-0.00013206778,-1
G092,G066,-0.00013206944,-1
G035,G095,-0.00013220108,-1
G092,G033,-0.00013235667,-1
G015,G047,-0.00013260142,-1
G082,G073,-0.00013279243,-1
G040,G026,-0.00013293096,-1
G075,G005,-0.00013298323,-1
G047,G081,-0.00013302357,-1
G077,G015,-0.00013355861,-1
G070,G024,-0.00013371652,-1
G084,G069,-0.00013372976,-1
G081,G090,-0.000133929,-1
G070,G065,-0.0001340558,-1
G067,G047,-0.00013406598,-1
G079,G061,-0.00013426179,-1
G045,G026,-0.00013431176,-1
G055,G060,-0.00013435901,-1
G010,G088,-0.00013447324,-1
G062,G029,-0.00013458681,-1
G034,G089,-0.00013465837,-1
G017,G093,-0.00013479746,-1
G099,G083,-0.00013481335,-1
G091,G063,-0.00013490341,-1
G018,G014,-0.00013509569,-1
G032,G083,-0.00013512152,-1
G033,G052,-0.00013530656,-1
G090,G040,-0.00013534653,-1
G024,G089,-0.00013562228,-1
G009,G027,-0.00013570699,-1
G098,G082,-0.00013589497,-1
G099,G022,-0.00013593123,-1
G077,G075,-0.00013597011,-1
G099,G036,-0.00013603913,-1
G080,G084,-0.00013607311,-1
G056,G087,-0.0001363164,-1
G038,G086,-0.00013644056,-1
G002,G035,-0.00013650794,-1
G092,G061,-0.00013653947,-1
G056,G048,-0.00013669822,-1
G070,G058,-0.00013734722,-1
G092,G090,-0.000137609,-1
G058,G068,-0.000137816,-1
G054,G069,-0.00013803209,-1
G041,G027,-0.00013813748,-1
G046,G051,-0.00013832204,-1
G031,G013,-0.00013853722,-1
G088,G040,-0.00013905697,-1
G039,G001,-0.00013921854,-1
G042,G090,-0.0001393336,-1
G100,G057,-0.00013949613,-1
G032,G068,-0.00013980917,-1
G089,G025,-0.00013989065,-1
G056,G051,-0.0001401316,-1
G024,G065,-0.00014023222,-1
G037,G088,-0.00014025444,-1
G077,G017,-0.0001403756,-1
G028,G036,-0.00014039334,-1
G007,G023,-0.0001409971,-1
G015,G046,-0.00014135941,-1
G080,G016,-0.00014157344,-1
G076,G026,-0.00014168858,-1
G039,G016,-0.00014195229,-1
G057,G001,-0.0001421965,-1
G045,G093,-0.00014243899,-1
G039,G021,-0.00014249423,-1
G092,G043,-0.00014254602,-1
G074,G058,-0.00014270314,-1
G096,G079,-0.00014276445,-1
G050,G016,-0.00014346422,-1
G033,G097,-0.0001437047,-1
G092,G034,-0.0001437949,-1
G018,G041,-0.0001439996,-1
G079,G085,-0.0001440709,-1
G085,G007,-0.0001440817,-1
G055,G027,-0.000144094,-1
G044,G076,-0.00014434288,-1
G044,G006,-0.00014467021,-1
G037,G087,-0.00014470701,-1
G057,G002,-0.00014471602,-1
G040,G014,-0.00014472693,-1
G067,G019,-0.0001447346,-1
G083,G046,-0.0001448296,-1
G083,G055,-0.00014497904,-1
G059,G070,-0.00014528731,-1
G019,G013,-0.00014537013,-1
G001,G023,-0.00014539003,-1
G027,G007,-0.00014544828,-1
G061,G084,-0.00014561748,-1
G090,G050,-0.00014575219,-1
G020,G063,-0.00014610411,-1
G003,G016,-0.00014617728,-1
G056,G059,-0.00014618284,-1
G044,G014,-0.00014620721,-1
G025,G010,-0.0001462099,-1
G030,G063,-0.00014641555,-1
G010,G055,-0.00014641562,-1
G073,G026,-0.0001464187,-1
G082,G049,-0.00014676472,-1
G001,G024,-0.0001468348,-1
G053,G004,-0.00014685752,-1
G032,G080,-0.00014702728,-1
G070,G005,-0.00014716094,-1
G053,G008,-0.00014729147,-1
G064,G011,-0.00014735482,-1
G001,G089,-0.00014738599,-1
G079,G036,-0.00014745483,-1
G075,G068,-0.00014751473,-1
G078,G048,-0.00014758378,-1
G003,G063,-0.00014793019,-1
G093,G033,-0.0001479898,-1
G025,G027,-0.00014808626,-1
G049,G001,-0.00014824198,-1
G047,G079,-0.0001483176,-1
G094,G062,-0.00014832483,-1
G099,G087,-0.0001483812,-1
G032,G091,-0.00014839471,-1
G064,G047,-0.00014846382,-1
G064,G004,-0.00014854157,-1
G042,G019,-0.0001488439,-1
G076,G020,-0.00014896745,-1
G067,G054,-0.00014902632,-1
G059,G005,-0.0001490678,-1
G060,G066,-0.00014908254,-1
G010,G054,-0.00014915553,-1
G022,G038,-0.00014916917,-1
G039,G006,-0.00014937756,-1
G089,G036,-0.000149442,-1
G053,G068,-0.00014985386,-1
G005,G046,-0.00014986111,-1
G059,G017,-0.00014989072,-1
G095,G033,-0.00015000395,-1
G068,G044,-0.00015015255,-1
G077,G037,-0.00015017312,-1
G067,G020,-0.0001502415,-1
G071,G057,-0.00015053355,-1
G032,G022,-0.0001506627,-1
G019,G006,-0.0001507261,-1
G045,G004,-0.00015076586,-1
G048,G003,-0.00015080361,-1
G045,G083,-0.00015082874,-1
G077,G047,-0.00015086198,-1
G060,G026,-0.00015095927,-1
G067,G073,-0.00015132007,-1
G035,G043,-0.00015150153,-1
G022,G018,-0.00015150518,-1
G004,G059,-0.0001515828,-1
G053,G084,-0.00015160178,-1
G062,G020,-0.00015165586,-1
G091,G068,-0.00015166125,-1
G007,G081,-0.0001516627,-1
G084,G027,-0.00015167943,-1
G092,G044,-0.00015177124,-1
G065,G079,-0.00015192923,-1
G065,G073,-0.00015207073,-1
G011,G056,-0.00015211494,-1
G038,G019,-0.00015217368,-1
G001,G011,-0.00015221092,-1
G067,G003,-0.00015241465,-1
G095,G021,-0.00015260153,-1
G013,G051,-0.00015266609,-1
G043,G017,-0.00015282269,-1
G078,G092,-0.00015319728,-1
G086,G085,-0.00015330978,-1
G041,G021,-0.00015353107,-1
G010,G021,-0.00015357534,-1
G093,G026,-0.00015374024,-1
G021,G029,-0.00015375578,-1
G087,G033,-0.00015376264,-1
G032,G017,-0.00015377945,-1
G006,G001,-0.00015381121,-1
G048,G065,-0.00015383225,-1
G018,G001,-0.00015394884,-1
G060,G003,-0.00015426344,-1
G089,G014,-0.00015449413,-1
G041,G051,-0.00015452063,-1
G063,G036,-0.00015477347,-1
G064,G027,-0.00015481195,-1
G073,G010,-0.00015506688,-1
G027,G084,-0.0001550856,-1
G049,G067,-0.0001551817,-1
G007,G017,-0.00015520197,-1
G044,G098,-0.00015521591,-1
G044,G085,-0.00015533327,-1
G002,G076,-0.00015535325,-1
G077,G087,-0.00015554116,-1
G010,G034,-0.00015576892,-1
G060,G070,-0.0001558334,-1
G071,G063,-0.0001560411,-1
G021,G038,-0.00015610587,-1
G041,G091,-0.00015636609,-1
G029,G080,-0.00015646315,-1
G010,G013,-0.00015658182,-1
G100,G018,-0.0001567338,-1
G074,G096,-0.0001567494,-1
G067,G038,-0.00015690742,-1
G099,G074,-0.00015698274,-1
G057,G055,-0.00015711052,-1
G049,G015,-0.00015719535,-1
G064,G042,-0.00015721937,-1
G073,G057,-0.00015730929,-1
G031,G064,-0.00015736726,-1
G095,G082,-0.0001574892,-1
G069,G039,-0.00015756808,-1
G092,G082,-0.00015765624,-1
G052,G071,-0.00015785331,-1
G096,G080,-0.00015813898,-1
G006,G065,-0.0001581681,-1
G027,G055,-0.00015841445,-1
G087,G061,-0.0001584297,-1
G064,G077,-0.00015869088,-1
G050,G004,-0.00015873196,-1
G006,G064,-0.00015873229,-1
G041,G090,-0.00015876691,-1
G035,G002,-0.00015891939,-1
G029,G045,-0.00015894837,-1
G029,G077,-0.00015896736,-1
G031,G062,-0.00015898846,-1
G044,G047,-0.00015900057,-1
G023,G009,-0.00015906923,-1
G086,G068,-0.00015908663,-1
G093,G050,-0.00015991527,-1
G069,G076,-0.0001599163,-1
G079,G033,-0.00016018144,-1
G018,G005,-0.00016031587,-1
G088,G054,-0.00016047567,-1
G014,G013,-0.00016047747,-1
G088,G053,-0.0001605005,-1
G030,G033,-0.00016072055,-1
G076,G006,-0.00016089916,-1
G042,G094,-0.00016097796,-1
G037,G077,-0.00016115952,-1
G055,G029,-0.00016129568,-1
G007,G088,-0.00016155372,-1
G061,G036,-0.00016155958,-1
G016,G006,-0.0001621086,-1
G089,G078,-0.0001621939,-1
G017,G038,-0.00016261406,-1
G021,G036,-0.00016262411,-1
G030,G083,-0.0001626406,-1
G067,G082,-0.00016277719,-1
G025,G039,-0.00016278871,-1
G055,G093,-0.00016289602,-1
G013,G045,-0.00016290575,-1
G023,G013,-0.00016301965,-1
G070,G004,-0.00016306351,-1
G088,G070,-0.0001630972,-1
G093,G084,-0.00016333953,-1
G084,G092,-0.00016339136,-1
G037,G073,-0.00016360209,-1
G010,G049,-0.00016371478,-1
G013,G063,-0.0001638562,-1
G045,G031,-0.0001639645,-1
G054,G036,-0.00016397821,-1
G043,G059,-0.00016422811,-1
G030,G050,-0.00016482019,-1
G048,G011,-0.00016504106,-1
G055,G035,-0.00016515794,-1
G001,G019,-0.00016523633,-1
G027,G011,-0.00016525843,-1
G041,G094,-0.00016533646,-1
G052,G059,-0.00016534375,-1
G066,G057,-0.00016569311,-1
G096,G050,-0.00016572316,-1
G084,G043,-0.00016591478,-1
G063,G071,-0.00016605912,-1
G034,G005,-0.00016620648,-1
G001,G043,-0.00016621784,-1
G060,G087,-0.00016624604,-1
G009,G022,-0.00016658062,-1
G076,G075,-0.00016660184,-1
G023,G060,-0.00016732761,-1
G080,G068,-0.00016755116,-1
G073,G046,-0.00016756741,-1
G013,G007,-0.00016776312,-1
G067,G034,-0.0001678753,-1
G077,G096,-0.00016811035,-1
G020,G038,-0.00016820102,-1
G039,G027,-0.00016823142,-1
G086,G091,-0.00016843512,-1
G084,G013,-0.00016844003,-1
G091,G023,-0.00016848915,-1
G007,G062,-0.00016857451,-1
G096,G021,-0.00016866562,-1
G024,G005,-0.00016873362,-1
G042,G009,-0.00016875262,-1
G014,G052,-0.00016883272,-1
G056,G029,-0.00016886945,-1
G091,G083,-0.00016887063,-1
G027,G090,-0.00016893829,-1
G045,G039,-0.00016910839,-1
G015,G041,-0.00016921076,-1
G065,G031,-0.00016923473,-1
G015,G040,-0.0001692623,-1
G093,G003,-0.00016937873,-1
G100,G012,-0.00016938687,-1
G099,G096,-0.00016942526,-1
G075,G057,-0.00016954492,-1
G094,G031,-0.00016960566,-1
G048,G041,-0.00016978022,-1
G076,G012,-0.00016989502,-1
G100,G095,-0.00016990372,-1
G068,G002,-0.0001701086,-1
G086,G096,-0.0001702966,-1
G022,G078,-0.00017036613,-1
G008,G023,-0.00017048263,-1
G043,G012,-0.00017090875,-1
G025,G006,-0.00017110651,-1
G100,G026,-0.00017116568,-1
G047,G026,-0.00017120609,-1
G001,G057,-0.00017121101,-1
G086,G061,-0.00017123451,-1
G077,G065,-0.00017143045,-1
G090,G058,-0.00017176404,-1
G011,G063,-0.00017178731,-1
G042,G089,-0.00017181593,-1
G029,G025,-0.00017233986,-1
G036,G029,-0.00017256365,-1
G020,G080,-0.00017260932,-1
G070,G057,-0.00017276646,-1
G050,G079,-0.00017293819,-1
G057,G034,-0.00017296275,-1
G096,G052,-0.00017302965,-1
G086,G090,-0.00017326558,-1
G076,G093,-0.000173679,-1
G059,G048,-0.00017374154,-1
G022,G013,-0.00017380228,-1
G059,G038,-0.0001740974,-1
G056,G099,-0.00017414942,-1
G066,G069,-0.00017421549,-1
G031,G068,-0.00017424696,-1
G013,G029,-0.00017425633,-1
G014,G100,-0.00017431045,-1
G052,G021,-0.00017447452,-1
G050,G055,-0.00017455991,-1
G015,G036,-0.00017460657,-1
G089,G051,-0.0001748223,-1
G008,G086,-0.00017494513,-1
G023,G012,-0.00017504483,-1
G099,G035,-0.00017565781,-1
G066,G036,-0.00017591765,-1
G054,G004,-0.00017592327,-1
G015,G004,-0.00017640214,-1
G064,G001,-0.00017651319,-1
G017,G003,-0.00017653269,-1
G020,G036,-0.00017654509,-1
G100,G015,-0.00017659446,-1
G042,G050,-0.00017663563,-1
G034,G051,-0.00017668864,-1
G045,G003,-0.00017686619,-1
G075,G014,-0.00017696033,-1
G058,G009,-0.00017705251,-1
G087,G074,-0.00017710439,-1
G077,G027,-0.00017719547,-1
G027,G089,-0.00017721372,-1
G088,G036,-0.00017730476,-1
G060,G027,-0.00017732522,-1
G095,G014,-0.00017746598,-1
G038,G065,-0.00017749844,-1
G095,G026,-0.00017802633,-1
G093,G009,-0.00017828573,-1
G004,G073,-0.00017830933,-1
G038,G015,-0.0001783747,-1
G011,G042,-0.00017850332,-1
G100,G081,-0.00017855245,-1
G005,G084,-0.00017868423,-1
G021,G064,-0.00017872504,-1
G060,G097,-0.00017880005,-1
G040,G031,-0.00017897852,-1
G091,G032,-0.00017905969,-1
G021,G030,-0.00017907737,-1
G097,G100,-0.0001791886,-1
G069,G092,-0.00017930889,-1
G014,G056,-0.0001795121,-1
G079,G068,-0.00017955125,-1
G064,G026,-0.00017957127,-1
G061,G009,-0.00017957488,-1
G034,G060,-0.00017964945,-1
G079,G031,-0.00017975453,-1
G006,G012,-0.00017976081,-1
G010,G099,-0.00017981025,-1
G068,G075,-0.00017995192,-1
G010,G001,-0.00018025126,-1
G011,G049,-0.0001802983,-1
G061,G024,-0.00018034966,-1
G043,G091,-0.00018074765,-1
G035,G092,-0.00018076562,-1
G086,G084,-0.00018084674,-1
G054,G060,-0.00018133092,-1
G034,G004,-0.00018136234,-1
G040,G074,-0.00018144572,-1
G007,G027,-0.00018146104,-1
G096,G004,-0.00018157241,-1
G048,G094,-0.00018166052,-1
G077,G021,-0.00018174667,-1
G045,G097,-0.00018175783,-1
G036,G038,-0.00018193129,-1
G010,G016,-0.00018211773,-1
G080,G047,-0.00018221694,-1
G065,G011,-0.0001822984,-1
G005,G024,-0.00018236163,-1
G002,G095,-0.00018273969,-1
G065,G055,-0.00018276896,-1
G003,G098,-0.00018312573,-1
G037,G072,-0.00018313444,-1
G076,G043,-0.00018324248,-1
G001,G017,-0.00018328319,-1
G042,G091,-0.00018404104,-1
G079,G008,-0.00018411566,-1
G038,G069,-0.00018414418,-1
G006,G073,-0.00018416726,-1
G079,G100,-0.00018423045,-1
G093,G019,-0.00018430928,-1
G080,G053,-0.00018448605,-1
G056,G027,-0.00018451545,-1
G095,G083,-0.00018460321,-1
G094,G020,-0.00018463301,-1
G014,G017,-0.00018473392,-1
G075,G031,-0.00018509205,-1
G087,G006,-0.00018515287,-1
G027,G019,-0.00018516165,-1
G048,G027,-0.00018517998,-1
G055,G072,-0.00018560064,-1
G002,G029,-0.00018567777,-1
G018,G088,-0.00018578798,-1
G085,G022,-0.0001858263,-1
G039,G020,-0.00018625807,-1
G078,G051,-0.00018637633,-1
G022,G044,-0.00018639941,-1
G067,G010,-0.00018664864,-1
G079,G098,-0.00018674055,-1
G078,G049,-0.00018706098,-1
G009,G016,-0.00018716088,-1
G081,G018,-0.00018717708,-1
G057,G020,-0.00018724227,-1
G008,G080,-0.0001874879,-1
G013,G036,-0.00018789704,-1
G087,G016,-0.0001880326,-1
G063,G068,-0.0001881376,-1
G087,G099,-0.0001881764,-1
G048,G049,-0.00018824046,-1
G005,G072,-0.0001882802,-1
G070,G040,-0.00018880975,-1
G060,G045,-0.00018892116,-1
G094,G060,-0.00018895297,-1
G078,G039,-0.00018917515,-1
G092,G053,-0.0001891964,-1
G056,G015,-0.00018927966,-1
G087,G072,-0.00018932023,-1
G003,G030,-0.00018972215,-1
G070,G007,-0.00018997931,-1
G034,G047,-0.00019029505,-1
G043,G035,-0.0001903365,-1
G033,G092,-0.00019041232,-1
G088,G055,-0.00019083716,-1
G067,G076,-0.00019088536,-1
G079,G095,-0.00019099114,-1
G043,G027,-0.00019125457,-1
G059,G019,-0.00019128103,-1
G083,G011,-0.00019153078,-1
G056,G007,-0.00019155277,-1
G051,G076,-0.00019179321,-1
G094,G084,-0.00019211373,-1
G078,G021,-0.00019236474,-1
G043,G002,-0.0001924246,-1
G057,G073,-0.00019251004,-1
G062,G019,-0.00019289674,-1
G032,G061,-0.00019293609,-1
G028,G056,-0.00019304319,-1
G055,G051,-0.00019307122,-1
G087,G063,-0.00019320914,-1
G048,G038,-0.00019320943,-1
G050,G024,-0.0001933139,-1
G096,G045,-0.00019331613,-1
G065,G059,-0.00019351525,-1
G086,G057,-0.00019390792,-1
G039,G037,-0.00019399126,-1
G075,G049,-0.00019419513,-1
G074,G088,-0.00019421658,-1
G022,G017,-0.00019428748,-1
G093,G010,-0.00019429224,-1
G045,G072,-0.00019450503,-1
G045,G051,-0.00019502535,-1
G060,G029,-0.00019507854,-1
G077,G048,-0.00019510265,-1
G008,G042,-0.00019530857,-1
G088,G095,-0.00019561504,-1
G080,G073,-0.00019570848,-1
G024,G067,-0.00019586776,-1
G018,G035,-0.00019605992,-1
G094,G034,-0.00019621007,-1
G056,G012,-0.00019630707,-1
G002,G091,-0.00019660077,-1
G042,G085,-0.00019666969,-1
G011,G027,-0.00019681062,-1
G020,G099,-0.00019693139,-1
G088,G023,-0.00019698637,-1
G047,G046,-0.00019715309,-1
G081,G091,-0.00019724663,-1
G079,G060,-0.00019740459,-1
G098,G016,-0.00019749902,-1
G098,G049,-0.00019754466,-1
G064,G021,-0.00019760759,-1
G081,G039,-0.00019764711,-1
G094,G005,-0.00019796137,-1
G096,G055,-0.00019806832,-1
G060,G032,-0.0001980763,-1
G005,G035,-0.00019814396,-1
G058,G037,-0.00019818533,-1
G099,G018,-0.00019833537,-1
G071,G025,-0.00019845545,-1
G025,G074,-0.00019873265,-1
G098,G004,-0.00019876278,-1
G075,G097,-0.0001987962,-1
G002,G059,-0.00019915147,-1
G003,G008,-0.00019930876,-1
G097,G019,-0.00019932205,-1
G024,G063,-0.00019935174,-1
G092,G045,-0.00019943017,-1
G084,G086,-0.00019943593,-1
G093,G055,-0.00019969838,-1
G100,G029,-0.00019978257,-1
G095,G054,-0.00019983591,-1
G078,G059,-0.00019989927,-1
G098,G015,-0.00019991295,-1
G039,G043,-0.00020030879,-1
G050,G096,-0.00020035876,-1
G097,G084,-0.00020053383,-1
G084,G097,-0.0002006584,-1
G060,G017,-0.00020066249,-1
G006,G022,-0.0002007681,-1
G082,G025,-0.00020088081,-1
G053,G045,-0.00020132955,-1
G039,G051,-0.00020149729,-1
G045,G082,-0.0002015079,-1
G036,G071,-0.00020167293,-1
G076,G083,-0.00020175536,-1
G006,G036,-0.00020176652,-1
G008,G081,-0.00020182405,-1
G007,G018,-0.00020190988,-1
G036,G062,-0.00020227848,-1
G094,G100,-0.00020230566,-1
G100,G038,-0.00020244712,-1
G025,G031,-0.00020253721,-1
G045,G043,-0.00020290396,-1
G011,G001,-0.0002029717,-1
G001,G091,-0.00020313491,-1
G062,G087,-0.00020332751,-1
G010,G036,-0.00020339033,-1
G027,G047,-0.00020382603,-1
G100,G088,-0.0002041252,-1
G027,G039,-0.00020460333,-1
G014,G066,-0.00020479612,-1
G097,G065,-0.00020492221,-1
G094,G077,-0.00020504966,-1
G057,G063,-0.00020520965,-1
G060,G068,-0.00020521213,-1
G075,G013,-0.00020536875,-1
G004,G005,-0.00020551447,-1
G045,G006,-0.00020557072,-1
G018,G059,-0.00020571635,-1
G007,G066,-0.00020585959,-1
G063,G084,-0.00020589435,-1
G015,G048,-0.00020594383,-1
G062,G005,-0.0002060853,-1
G064,G065,-0.0002060882,-1
G055,G014,-0.00020609348,-1
G100,G013,-0.00020611289,-1
G008,G026,-0.0002061387,-1
G044,G061,-0.0002061847,-1
G066,G091,-0.00020623537,-1
G062,G057,-0.00020671563,-1
G009,G004,-0.00020683202,-1
G069,G028,-0.00020686592,-1
G086,G077,-0.00020712377,-1
G087,G024,-0.00020719312,-1
G099,G052,-0.00020774559,-1
G041,G030,-0.00020794323,-1
G071,G053,-0.0002080472,-1
G024,G044,-0.00020806747,-1
G011,G025,-0.00020811234,-1
G046,G026,-0.00020827226,-1
G088,G025,-0.00020835726,-1
G078,G097,-0.00020841973,-1
G015,G027,-0.0002084626,-1
G096,G051,-0.0002085085,-1
G028,G040,-0.00020913263,-1
G015,G088,-0.0002094358,-1
G072,G034,-0.0002095027,-1
G093,G036,-0.0002097869,-1
G036,G001,-0.00021019814,-1
G041,G038,-0.0002102135,-1
G001,G026,-0.0002103342,-1
G034,G014,-0.00021038816,-1
G065,G010,-0.00021040002,-1
G013,G043,-0.00021046276,-1
G050,G023,-0.00021057688,-1
G054,G087,-0.00021144954,-1
G090,G067,-0.0002114792,-1
G084,G037,-0.0002115996,-1
G020,G047,-0.00021180035,-1
G077,G066,-0.00021205627,-1
G039,G015,-0.00021207095,-1
G062,G092,-0.00021218661,-1
G025,G021,-0.00021246033,-1
G014,G040,-0.00021261079,-1
G045,G002,-0.00021273344,-1
G015,G025,-0.00021276271,-1
G080,G041,-0.00021277905,-1
G082,G046,-0.00021280909,-1
G034,G073,-0.00021337449,-1
G010,G044,-0.00021378005,-1
G020,G090,-0.00021385058,-1
G065,G042,-0.00021399737,-1
G010,G022,-0.00021412011,-1
G066,G051,-0.00021421911,-1
G040,G025,-0.00021430833,-1
G072,G027,-0.00021438845,-1
G008,G020,-0.00021449952,-1
G088,G031,-0.00021457621,-1
G093,G005,-0.00021482278,-1
G097,G078,-0.00021485743,-1
G006,G081,-0.00021487066,-1
G061,G091,-0.00021498674,-1
G037,G011,-0.00021519235,-1
G041,G012,-0.00021524436,-1
G028,G025,-0.00021545954,-1
G047,G097,-0.00021589891,-1
G052,G050,-0.000215915,-1
G014,G012,-0.0002163318,-1
G005,G064,-0.00021634655,-1
G052,G067,-0.00021635345,-1
G098,G022,-0.0002165838,-1
G056,G078,-0.00021665919,-1
G037,G057,-0.00021676165,-1
G039,G088,-0.0002169716,-1
G066,G094,-0.00021723285,-1
G028,G097,-0.000217378,-1
G039,G049,-0.00021740202,-1
G031,G050,-0.00021743105,-1
G081,G076,-0.00021758933,-1
G089,G080,-0.00021766723,-1
G097,G085,-0.0002177202,-1
G046,G055,-0.00021776288,-1
G009,G067,-0.00021784117,-1
G095,G043,-0.00021799841,-1
G074,G053,-0.00021813215,-1
G078,G038,-0.0002181333,-1
G017,G013,-0.0002182409,-1
G004,G066,-0.00021836447,-1
G100,G005,-0.00021836715,-1
G091,G038,-0.00021858828,-1
G056,G057,-0.00021872706,-1
G075,G056,-0.00021875373,-1
G037,G043,-0.00021884157,-1
G037,G032,-0.00021915926,-1
G018,G087,-0.00021948683,-1
G038,G078,-0.00021969415,-1
G049,G034,-0.00021990722,-1
G020,G034,-0.00022013049,-1
G027,G057,-0.00022070415,-1
G065,G007,-0.00022080439,-1
G041,G049,-0.00022082195,-1
G001,G051,-0.00022125305,-1
G014,G090,-0.0002212846,-1
G064,G012,-0.00022132526,-1
G096,G088,-0.00022134447,-1
G087,G078,-0.00022134744,-1
G011,G036,-0.00022191752,-1
G088,G048,-0.00022193076,-1
G030,G025,-0.00022228665,-1
G097,G003,-0.00022234773,-1
G044,G066,-0.00022289657,-1
G069,G026,-0.00022293338,-1
G047,G072,-0.00022297174,-1
G002,G047,-0.00022312868,-1
G009,G075,-0.00022318405,-1
G042,G040,-0.00022350576,-1
G060,G033,-0.00022352618,-1
G022,G071,-0.00022377151,-1
G029,G010,-0.00022383596,-1
G026,G028,-0.00022412708,-1
G078,G029,-0.00022421984,-1
G004,G072,-0.00022447048,-1
G011,G023,-0.00022465907,-1
G087,G009,-0.00022542544,-1
G077,G097,-0.00022577988,-1
G039,G077,-0.00022584212,-1
G025,G011,-0.00022617805,-1
G011,G093,-0.0002263887,-1
G025,G067,-0.00022639324,-1
G036,G073,-0.00022658792,-1
G033,G071,-0.00022669134,-1
G054,G067,-0.00022671476,-1
G079,G037,-0.00022696107,-1
G084,G007,-0.00022699831,-1
G021,G004,-0.00022702839,-1
G047,G067,-0.0002272267,-1
G044,G071,-0.00022732402,-1
G008,G068,-0.00022821914,-1
G071,G016,-0.0002282845,-1
G017,G044,-0.00022846284,-1
G050,G083,-0.00022850772,-1
G001,G035,-0.00022860111,-1
G072,G062,-0.00022879583,-1
G065,G032,-0.00022894843,-1
G070,G089,-0.00022912577,-1
G045,G091,-0.00022945614,-1
G019,G052,-0.00022962481,-1
G021,G044,-0.00022999407,-1
G049,G095,-0.00023002151,-1
G097,G012,-0.00023008432,-1
G045,G095,-0.00023014222,-1
G027,G050,-0.00023019152,-1
G049,G086,-0.00023022073,-1
G042,G052,-0.00023051606,-1
G033,G077,-0.00023087312,-1
G051,G022,-0.00023111733,-1
G061,G088,-0.00023121876,-1
G060,G043,-0.00023125547,-1
G032,G034,-0.00023164916,-1
G011,G074,-0.0002317506,-1
G097,G055,-0.00023181895,-1
G013,G087,-0.00023182627,-1
G064,G032,-0.00023183084,-1
G002,G011,-0.00023187602,-1
G003,G031,-0.00023190829,-1
G063,G020,-0.00023195213,-1
G089,G074,-0.00023251548,-1
G029,G076,-0.0002327951,-1
G089,G068,-0.00023286612,-1
G087,G059,-0.00023296569,-1
G057,G023,-0.00023323012,-1
G087,G050,-0.00023339411,-1
G024,G069,-0.00023371381,-1
G006,G027,-0.00023376518,-1
G081,G041,-0.00023383011,-1
G010,G051,-0.00023386226,-1
G018,G027,-0.00023398774,-1
G078,G006,-0.00023417141,-1
G082,G087,-0.00023418992,-1
G095,G059,-0.00023460909,-1
G094,G057,-0.00023475476,-1
G097,G077,-0.0002348741,-1
G056,G097,-0.00023506749,-1
G013,G016,-0.00023523721,-1
G031,G057,-0.00023529671,-1
G080,G072,-0.00023532589,-1
G059,G041,-0.00023542959,-1
G051,G066,-0.0002354865,-1
G058,G091,-0.00023566162,-1
G018,G070,-0.00023581124,-1
G040,G100,-0.00023587457,-1
G001,G056,-0.00023592528,-1
G090,G032,-0.00023593714,-1
G081,G094,-0.0002360061,-1
G030,G077,-0.00023609008,-1
G021,G089,-0.00023620242,-1
G008,G069,-0.0002363348,-1
G043,G016,-0.00023691553,-1
G049,G018,-0.00023692072,-1
G097,G033,-0.00023697696,-1
G071,G061,-0.00023720393,-1
G025,G059,-0.00023742084,-1
G100,G039,-0.00023773691,-1
G048,G044,-0.00023773809,-1
G019,G033,-0.00023774077,-1
G041,G093,-0.0002377682,-1
G086,G029,-0.00023796936,-1
G053,G077,-0.00023813557,-1
G008,G029,-0.00023824234,-1
G093,G077,-0.00023824473,-1
G014,G054,-0.00023873661,-1
G066,G100,-0.00023899744,-1
G032,G087,-0.00023906727,-1
G080,G063,-0.00023956333,-1
G042,G087,-0.00023994663,-1
G045,G017,-0.00024035395,-1
G053,G027,-0.00024076011,-1
G021,G055,-0.00024077277,-1
G047,G096,-0.00024108324,-1
G092,G041,-0.0002412093,-1
G032,G013,-0.0002412147,-1
G082,G010,-0.0002412231,-1
G001,G068,-0.00024151328,-1
G051,G050,-0.00024163026,-1
G100,G078,-0.0002416659,-1
G009,G090,-0.00024191136,-1
G067,G066,-0.00024203556,-1
G029,G019,-0.00024207772,-1
G077,G090,-0.00024210857,-1
G001,G036,-0.00024235457,-1
G037,G034,-0.00024255703,-1
G031,G038,-0.00024270044,-1
G097,G024,-0.00024287672,-1
G067,G081,-0.00024289357,-1
G011,G071,-0.00024320319,-1
G043,G033,-0.00024344152,-1
G094,G091,-0.00024355965,-1
G060,G019,-0.00024370194,-1
G019,G043,-0.00024402475,-1
G096,G002,-0.00024408156,-1
G091,G081,-0.00024411667,-1
G096,G040,-0.00024436237,-1
G023,G027,-0.00024459723,-1
G041,G035,-0.00024460233,-1
G004,G063,-0.00024472986,-1
G090,G036,-0.00024493507,-1
G095,G061,-0.00024510597,-1
G062,G026,-0.00024549573,-1
G063,G098,-0.00024585656,-1
G034,G092,-0.0002463259,-1
G041,G001,-0.00024658508,-1
G017,G027,-0.00024668814,-1
G034,G007,-0.00024700008,-1
G073,G049,-0.0002470265,-1
G081,G097,-0.00024717662,-1
G032,G019,-0.00024720974,-1
G063,G016,-0.00024722613,-1
G017,G039,-0.0002472286,-1
G053,G060,-0.00024730555,-1
G086,G094,-0.0002474958,-1
G074,G056,-0.00024749828,-1
G052,G024,-0.0002476237,-1
G064,G016,-0.0002477842,-1
G087,G027,-0.00024819924,-1
G071,G065,-0.0002483295,-1
G046,G041,-0.00024850905,-1
G065,G086,-0.0002486821,-1
G011,G079,-0.0002486932,-1
G061,G013,-0.00024879564,-1
G071,G006,-0.00024901502,-1
G086,G012,-0.00024974006,-1
G019,G042,-0.00024983287,-1
G042,G083,-0.00024987335,-1
G006,G043,-0.00025004623,-1
G081,G089,-0.00025037752,-1
G051,G087,-0.00025037845,-1
G037,G095,-0.00025040086,-1
G022,G098,-0.00025045278,-1
G040,G047,-0.00025054908,-1
G092,G008,-0.00025062918,-1
G079,G056,-0.00025071853,-1
G002,G021,-0.0002508051,-1
G027,G100,-0.000250903,-1
G006,G038,-0.0002513073,-1
G096,G057,-0.00025161816,-1
G060,G099,-0.00025163573,-1
G062,G100,-0.00025169848,-1
G064,G078,-0.00025178582,-1
G036,G060,-0.00025181466,-1
G016,G073,-0.00025204165,-1
G097,G072,-0.00025204674,-1
G050,G035,-0.0002520966,-1
G094,G065,-0.00025241403,-1
G011,G045,-0.00025264674,-1
G096,G097,-0.00025296406,-1
G055,G045,-0.00025312192,-1
G038,G022,-0.00025314905,-1
G084,G091,-0.00025353773,-1
G072,G090,-0.00025367344,-1
G022,G054,-0.00025370266,-1
G036,G057,-0.00025385228,-1
G046,G035,-0.0002539263,-1
G095,G027,-0.00025394742,-1
G042,G016,-0.00025427627,-1
G011,G022,-0.00025442304,-1
G063,G040,-0.00025444254,-1
G044,G095,-0.00025444996,-1
G035,G065,-0.0002544632,-1
G041,G076,-0.00025476544,-1
G024,G092,-0.00025478203,-1
G089,G031,-0.00025500436,-1
G059,G027,-0.0002551256,-1
G042,G026,-0.0002551405,-1
G079,G094,-0.00025514548,-1
G014,G091,-0.00025519484,-1
G091,G040,-0.00025533754,-1
G050,G098,-0.00025538806,-1
G027,G060,-0.00025563932,-1
G025,G047,-0.00025574994,-1
G018,G067,-0.0002558006,-1
G029,G009,-0.0002558167,-1
G030,G080,-0.00025617797,-1
G088,G057,-0.00025620102,-1
G068,G033,-0.0002562728,-1
G086,G002,-0.0002564666,-1
G084,G048,-0.00025659284,-1
G014,G055,-0.00025669657,-1
G084,G053,-0.0002570504,-1
G022,G039,-0.00025727192,-1
G014,G063,-0.0002573751,-1
G067,G029,-0.00025767772,-1
G037,G069,-0.00025778625,-1
G033,G020,-0.00025780746,-1
G025,G085,-0.00025783185,-1
G096,G019,-0.00025785042,-1
G022,G052,-0.00025789393,-1
G086,G062,-0.00025794507,-1
G064,G007,-0.00025797146,-1
G096,G091,-0.00025805674,-1
G081,G017,-0.00025847956,-1
G048,G063,-0.00025891556,-1
G045,G016,-0.00025912255,-1
G079,G073,-0.00025917627,-1
G099,G044,-0.00025924467,-1
G083,G091,-0.00025929688,-1
G076,G010,-0.00025961854,-1
G051,G075,-0.00026001898,-1
G069,G075,-0.0002600745,-1
G029,G062,-0.00026074293,-1
G087,G036,-0.00026090667,-1
G013,G017,-0.00026093164,-1
G087,G017,-0.000261186,-1
G086,G076,-0.00026130336,-1
G061,G075,-0.00026152658,-1
G083,G053,-0.0002616351,-1
G040,G067,-0.0002617298,-1
G018,G064,-0.00026184967,-1
G018,G049,-0.00026195278,-1
G013,G093,-0.00026236524,-1
G014,G037,-0.00026248372,-1
G053,G011,-0.00026256198,-1
G059,G084,-0.0002626075,-1
G091,G073,-0.00026263302,-1
G032,G036,-0.0002627197,-1
G051,G041,-0.00026278815,-1
G071,G022,-0.00026312034,-1
G096,G025,-0.00026324645,-1
G031,G019,-0.00026333978,-1
G001,G029,-0.00026345343,-1
G023,G050,-0.00026348117,-1
G043,G020,-0.00026351117,-1
G034,G026,-0.00026354866,-1
G069,G031,-0.00026376022,-1
G054,G082,-0.00026387227,-1
G037,G091,-0.00026411636,-1
G070,G001,-0.00026422393,-1
G047,G035,-0.00026434613,-1
G068,G022,-0.00026436968,-1
G032,G042,-0.00026469218,-1
G044,G034,-0.00026485126,-1
G070,G025,-0.00026505938,-1
G092,G027,-0.00026511223,-1
G097,G027,-0.00026519757,-1
G086,G073,-0.0002651991,-1
G028,G038,-0.00026539402,-1
G061,G050,-0.00026557987,-1
G054,G056,-0.00026584874,-1
G004,G039,-0.00026586113,-1
G026,G044,-0.00026617924,-1
G009,G042,-0.00026659365,-1
G099,G068,-0.00026666332,-1
G027,G035,-0.0002667052,-1
G036,G052,-0.00026676364,-1
G078,G004,-0.00026701298,-1
G015,G014,-0.00026702936,-1
G008,G088,-0.00026714784,-1
G079,G084,-0.00026728085,-1
G063,G082,-0.0002673594,-1
G021,G011,-0.00026741016,-1
G095,G006,-0.00026777777,-1
G092,G020,-0.0002678179,-1
G077,G033,-0.00026782235,-1
G041,G009,-0.00026807204,-1
G076,G078,-0.00026810236,-1
G053,G041,-0.00026828249,-1
G025,G070,-0.00026936998,-1
G052,G063,-0.00026977606,-1
G088,G059,-0.00027004787,-1
G047,G034,-0.00027027866,-1
G015,G023,-0.00027031137,-1
G035,G009,-0.00027056754,-1
G042,G081,-0.0002716643,-1
G009,G045,-0.0002718066,-1
G065,G009,-0.00027184383,-1
G078,G060,-0.0002721791,-1
G078,G001,-0.0002723131,-1
G024,G012,-0.0002726187,-1
G076,G052,-0.0002726356,-1
G010,G072,-0.00027271212,-1
G059,G091,-0.00027282495,-1
G029,G013,-0.0002729245,-1
G022,G003,-0.00027293563,-1
G064,G099,-0.00027307833,-1
G006,G047,-0.00027322693,-1
G009,G035,-0.00027323738,-1
G081,G025,-0.00027323747,-1
G076,G011,-0.0002734133,-1
G055,G001,-0.00027348616,-1
G081,G056,-0.00027377438,-1
G047,G095,-0.00027424275,-1
G088,G003,-0.0002744803,-1
G042,G088,-0.00027463923,-1
G008,G092,-0.00027469447,-1
G059,G054,-0.00027482366,-1
G031,G093,-0.0002748611,-1
G057,G017,-0.00027504814,-1
G045,G065,-0.00027515768,-1
G050,G039,-0.00027537614,-1
G097,G099,-0.00027598528,-1
G030,G016,-0.0002762504,-1
G024,G009,-0.00027634212,-1
G087,G064,-0.00027675647,-1
G079,G025,-0.0002768985,-1
G007,G095,-0.00027705688,-1
G077,G018,-0.00027719402,-1
G042,G065,-0.00027724027,-1
G084,G019,-0.0002774499,-1
G097,G073,-0.00027790602,-1
G069,G001,-0.00027802345,-1
G002,G050,-0.0002781661,-1
G093,G025,-0.00027838958,-1
G093,G051,-0.0002784061,-1
G013,G028,-0.00027873483,-1
G014,G024,-0.0002791145,-1
G085,G013,-0.00027915734,-1
G039,G042,-0.00027970487,-1
G057,G075,-0.00027975978,-1
G034,G036,-0.00028020848,-1
G083,G098,-0.0002808925,-1
G020,G033,-0.00028107868,-1
G009,G031,-0.0002812996,-1
G056,G013,-0.00028130258,-1
G011,G072,-0.00028162904,-1
G085,G093,-0.00028179208,-1
G039,G082,-0.0002818835,-1
G031,G079,-0.00028236175,-1
G049,G077,-0.00028312346,-1
G064,G033,-0.00028333216,-1
G012,G074,-0.0002834663,-1
G097,G092,-0.00028403557,-1
G076,G100,-0.00028415734,-1
G095,G097,-0.00028462635,-1
G086,G064,-0.00028487697,-1
G050,G027,-0.0002849102,-1
G087,G043,-0.00028502074,-1
G036,G004,-0.00028520095,-1
G007,G028,-0.0002852648,-1
G054,G005,-0.00028531338,-1
G002,G009,-0.0002853182,-1
G064,G094,-0.00028558736,-1
G080,G027,-0.00028578154,-1
G095,G046,-0.0002859763,-1
G013,G053,-0.0002869726,-1
G055,G025,-0.00028709567,-1
G018,G048,-0.00028731956,-1
G084,G054,-0.0002875107,-1
G008,G051,-0.0002875928,-1
G097,G098,-0.00028798854,-1
G072,G100,-0.00028809943,-1
G021,G078,-0.00028823703,-1
G044,G019,-0.00028832356,-1
G100,G094,-0.00028843302,-1
G078,G053,-0.00028858008,-1
G092,G026,-0.0002885938,-1
G044,G003,-0.0002885995,-1
G018,G057,-0.00028869926,-1
G071,G059,-0.0002887602,-1
G036,G016,-0.00028892566,-1
G066,G026,-0.0002889797,-1
G090,G066,-0.00028906658,-1
G056,G091,-0.00028924405,-1
G063,G047,-0.00028927327,-1
G007,G015,-0.000289279,-1
G007,G003,-0.00028928206,-1
G007,G012,-0.00028939865,-1
G066,G077,-0.00028945447,-1
G089,G002,-0.0002896181,-1
G053,G023,-0.00028976923,-1
G057,G097,-0.00029002954,-1
G018,G066,-0.0002904148,-1
G052,G061,-0.00029104308,-1
G031,G009,-0.00029140952,-1
G062,G095,-0.00029204524,-1
G032,G010,-0.00029229984,-1
G063,G015,-0.0002923307,-1
G058,G033,-0.00029242353,-1
G086,G009,-0.00029273453,-1
G002,G013,-0.00029282062,-1
G040,G036,-0.0002929509,-1
G100,G009,-0.00029308395,-1
G060,G014,-0.0002931258,-1
G041,G011,-0.0002932671,-1
G011,G055,-0.00029334164,-1
G031,G098,-0.00029402674,-1
G090,G024,-0.0002941324,-1
G095,G009,-0.000294352,-1
G002,G057,-0.00029449727,-1
G037,G027,-0.00029480216,-1
G072,G059,-0.00029483394,-1
G099,G097,-0.0002950123,-1
G036,G084,-0.00029512917,-1
G077,G023,-0.0002951994,-1
G045,G077,-0.00029534518,-1
G002,G082,-0.0002955586,-1
G009,G055,-0.00029628372,-1
G019,G051,-0.0002963504,-1
G045,G092,-0.00029670328,-1
G079,G049,-0.00029695078,-1
G080,G040,-0.0002972524,-1
G055,G022,-0.00029737852,-1
G029,G021,-0.00029772668,-1
G023,G003,-0.00029778425,-1
G078,G054,-0.00029836054,-1
G041,G081,-0.00029837087,-1
G037,G009,-0.0002985154,-1
G024,G050,-0.0002985414,-1
G034,G012,-0.00029862017,-1
G048,G071,-0.00029871947,-1
G037,G021,-0.00029881898,-1
G034,G020,-0.0002988864,-1
G076,G047,-0.00029901863,-1
G063,G076,-0.0002994492,-1
G098,G001,-0.00029950752,-1
G060,G015,-0.00029964832,-1
G043,G015,-0.00030015345,-1
G039,G096,-0.00030029108,-1
G053,G082,-0.00030035316,-1
G038,G063,-0.00030048107,-1
G092,G037,-0.00030065363,-1
G096,G076,-0.0003011158,-1
G016,G099,-0.00030116577,-1
G006,G033,-0.00030163996,-1
G082,G039,-0.0003017171,-1
G030,G075,-0.00030181478,-1
G054,G018,-0.00030195634,-1
G014,G085,-0.0003022076,-1
G011,G030,-0.00030265006,-1
G049,G094,-0.00030273505,-1
G014,G097,-0.00030276217,-1
G086,G024,-0.0003027786,-1
G007,G097,-0.00030299046,-1
G009,G041,-0.00030307632,-1
G077,G008,-0.0003031829,-1
G036,G049,-0.0003033188,-1
G014,G074,-0.00030352658,-1
G074,G026,-0.00030384347,-1
G009,G032,-0.00030384614,-1
G061,G048,-0.0003038817,-1
G066,G041,-0.00030408904,-1
G088,G009,-0.00030410543,-1
G053,G042,-0.0003041337,-1
G093,G015,-0.0003041821,-1
G081,G093,-0.00030422924,-1
G095,G020,-0.00030433288,-1
G081,G038,-0.00030443858,-1
G001,G025,-0.00030488943,-1
G095,G081,-0.00030512546,-1
G070,G030,-0.0003051717,-1
G010,G087,-0.00030536324,-1
G087,G081,-0.00030542337,-1
G022,G033,-0.00030549814,-1
G099,G042,-0.0003056987,-1
G067,G044,-0.00030615935,-1
G029,G027,-0.0003064851,-1
G003,G045,-0.0003068811,-1
G006,G084,-0.0003069793,-1
G019,G007,-0.00030698415,-1
G061,G034,-0.00030726448,-1
G040,G027,-0.0003074418,-1
G018,G016,-0.00030783145,-1
G037,G074,-0.0003078814,-1
G054,G017,-0.00030806803,-1
G050,G003,-0.0003084916,-1
G077,G005,-0.00030853646,-1
G053,G063,-0.00030865756,-1
G100,G024,-0.0003086673,-1
G083,G071,-0.00030868864,-1
G069,G066,-0.00030884432,-1
G006,G086,-0.00030910215,-1
G077,G052,-0.00030919324,-1
G011,G012,-0.00030940495,-1
G058,G029,-0.00030988833,-1
G009,G012,-0.00031010152,-1
G057,G089,-0.00031035038,-1
G064,G006,-0.00031035094,-1
G033,G003,-0.0003104977,-1
G006,G094,-0.0003106424,-1
G040,G037,-0.00031078813,-1
G027,G080,-0.0003109657,-1
G067,G025,-0.00031117274,-1
G043,G098,-0.00031130042,-1
G047,G024,-0.00031176963,-1
G001,G034,-0.0003118854,-1
G086,G049,-0.0003118941,-1
G083,G056,-0.0003119387,-1
G054,G014,-0.00031209647,-1
G056,G036,-0.0003121415,-1
G064,G056,-0.00031259112,-1
G051,G084,-0.00031291274,-1
G012,G043,-0.0003129935,-1
G062,G060,-0.00031303588,-1
G073,G076,-0.00031325547,-1
G087,G037,-0.00031334,-1
G044,G083,-0.00031371764,-1
G055,G016,-0.000313773,-1
G091,G012,-0.00031413912,-1
G027,G025,-0.0003142554,-1
G019,G039,-0.00031429727,-1
G023,G090,-0.00031441066,-1
G017,G019,-0.00031452958,-1
G006,G078,-0.00031464515,-1
G062,G015,-0.00031508168,-1
G003,G056,-0.00031512583,-1
G005,G026,-0.00031579932,-1
G091,G041,-0.0003159105,-1
G050,G080,-0.0003159962,-1
G005,G020,-0.00031617112,-1
G017,G012,-0.00031618658,-1
G031,G043,-0.00031618858,-1
G063,G009,-0.00031636228,-1
G097,G059,-0.00031636722,-1
G033,G017,-0.00031644868,-1
G061,G077,-0.0003164612,-1
G080,G092,-0.00031669118,-1
G069,G033,-0.00031675934,-1
G083,G020,-0.00031770204,-1
G041,G058,-0.0003177569,-1
G066,G033,-0.0003179492,-1
G042,G027,-0.00031800376,-1
G077,G058,-0.0003180057,-1
G009,G018,-0.00031807402,-1
G090,G022,-0.00031875708,-1
G087,G058,-0.00031904073,-1
G006,G053,-0.00031904868,-1
G046,G014,-0.00031944457,-1
G031,G056,-0.00031966803,-1
G017,G014,-0.00031976114,-1
G062,G047,-0.00031977618,-1
G018,G024,-0.00032026233,-1
G091,G014,-0.00032080722,-1
G024,G086,-0.0003209024,-1
G096,G048,-0.00032095617,-1
G063,G057,-0.0003211134,-1
G077,G078,-0.00032113603,-1
G007,G054,-0.00032136115,-1
G030,G096,-0.000321757,-1
G019,G018,-0.00032208773,-1
G024,G035,-0.00032216246,-1
G003,G020,-0.0003221905,-1
G093,G030,-0.00032224067,-1
G045,G088,-0.0003225749,-1
G032,G062,-0.00032277976,-1
G097,G043,-0.0003228878,-1
G085,G024,-0.00032316954,-1
G062,G081,-0.00032320354,-1
G049,G002,-0.00032322065,-1
G089,G094,-0.0003236326,-1
G064,G051,-0.00032403306,-1
G088,G010,-0.0003247396,-1
G054,G015,-0.00032478105,-1
G052,G097,-0.00032580478,-1
G019,G041,-0.00032581668,-1
G001,G075,-0.00032607894,-1
G032,G067,-0.0003262437,-1
G051,G004,-0.00032656273,-1
G063,G093,-0.00032665118,-1
G029,G048,-0.0003266869,-1
G039,G059,-0.00032671084,-1
G076,G050,-0.00032671817,-1
G093,G043,-0.00032704818,-1
G034,G039,-0.00032709946,-1
G072,G002,-0.00032736117,-1
G017,G040,-0.00032754565,-1
G031,G029,-0.0003277405,-1
G009,G094,-0.00032788236,-1
G099,G059,-0.00032872878,-1
G081,G020,-0.00032940417,-1
G071,G073,-0.00032946418,-1
G086,G027,-0.0003299637,-1
G052,G042,-0.00033032006,-1
G080,G049,-0.00033033383,-1
G062,G093,-0.00033040793,-1
G064,G009,-0.00033056503,-1
G006,G088,-0.00033101294,-1
G072,G061,-0.00033103002,-1
G024,G052,-0.00033109152,-1
G025,G061,-0.00033135473,-1
G051,G006,-0.0003314172,-1
G018,G063,-0.0003317037,-1
G096,G023,-0.00033170579,-1
G010,G029,-0.00033175157,-1
G030,G088,-0.00033182724,-1
G084,G050,-0.0003318553,-1
G039,G072,-0.00033243274,-1
G045,G025,-0.0003325929,-1
G079,G097,-0.00033290044,-1
G067,G097,-0.00033312815,-1
G075,G034,-0.00033391875,-1
G001,G086,-0.00033397428,-1
G094,G007,-0.00033421945,-1
G049,G069,-0.00033423718,-1
G036,G026,-0.00033451535,-1
G080,G088,-0.0003346318,-1
G089,G039,-0.0003353172,-1
G019,G061,-0.00033534964,-1
G004,G089,-0.000335459,-1
G081,G075,-0.00033555232,-1
G028,G090,-0.00033570477,-1
G015,G029,-0.00033580736,-1
G079,G042,-0.00033598888,-1
G007,G071,-0.00033604613,-1
G076,G061,-0.00033609953,-1
G065,G093,-0.00033620605,-1
G087,G071,-0.0003364433,-1
G017,G098,-0.00033686648,-1
G084,G039,-0.0003372323,-1
G096,G066,-0.0003374645,-1
G077,G071,-0.00033751837,-1
G057,G070,-0.00033772204,-1
G068,G030,-0.0003377371,-1
G074,G060,-0.00033782952,-1
G082,G001,-0.00033789108,-1
G099,G061,-0.00033814565,-1
G021,G065,-0.00033821672,-1
G017,G072,-0.0003382349,-1
G052,G009,-0.00033865444,-1
G077,G009,-0.0003390622,-1
G067,G013,-0.00033919615,-1
G069,G024,-0.00033973262,-1
G079,G070,-0.00033974563,-1
G018,G012,-0.00033992706,-1
G027,G056,-0.00034011324,-1
G040,G075,-0.0003402669,-1
G067,G077,-0.0003403066,-1
G092,G038,-0.00034056546,-1
G064,G035,-0.0003408717,-1
G087,G057,-0.0003410157,-1
G063,G099,-0.00034111578,-1
G097,G017,-0.00034156998,-1
G046,G025,-0.00034172263,-1
G010,G053,-0.00034217886,-1
G066,G050,-0.0003422717,-1
G055,G030,-0.00034239085,-1
G100,G044,-0.00034346376,-1
G006,G063,-0.00034348614,-1
G057,G093,-0.0003435121,-1
G097,G025,-0.00034373978,-1
G017,G022,-0.00034386254,-1
G041,G008,-0.00034388184,-1
G002,G025,-0.000343906,-1
G058,G052,-0.00034415012,-1
G001,G047,-0.00034430207,-1
G031,G017,-0.00034468382,-1
G051,G053,-0.0003448042,-1
G029,G087,-0.0003449403,-1
G006,G091,-0.00034497477,-1
G032,G085,-0.00034499733,-1
G035,G084,-0.00034538182,-1
G059,G020,-0.00034575784,-1
G088,G039,-0.00034588377,-1
G054,G002,-0.0003460008,-1
G020,G095,-0.00034607778,-1
G093,G091,-0.00034617778,-1
G095,G078,-0.00034624556,-1
G041,G015,-0.00034629897,-1
G075,G044,-0.00034656527,-1
G043,G040,-0.00034659426,-1
G062,G051,-0.0003466119,-1
G006,G085,-0.00034662668,-1
G096,G056,-0.00034665695,-1
G060,G095,-0.00034668675,-1
G033,G068,-0.00034707555,-1
G039,G098,-0.00034709912,-1
G043,G056,-0.00034741257,-1
G059,G046,-0.00034799697,-1
G004,G043,-0.00034850062,-1
G032,G088,-0.00034918188,-1
G061,G069,-0.0003494507,-1
G100,G027,-0.0003498151,-1
G008,G039,-0.00034985956,-1
G044,G025,-0.000350174,-1
G070,G003,-0.0003515992,-1
G100,G010,-0.0003516871,-1
G017,G069,-0.00035169738,-1
G067,G004,-0.00035246662,-1
G018,G055,-0.00035281468,-1
G084,G012,-0.0003530142,-1
G089,G059,-0.00035313005,-1
G020,G025,-0.0003531713,-1
G052,G041,-0.0003533936,-1
G003,G081,-0.000353531,-1
G064,G100,-0.00035402726,-1
G057,G080,-0.00035416623,-1
G013,G062,-0.00035417633,-1
G084,G075,-0.0003542244,-1
G019,G004,-0.00035446385,-1
G018,G098,-0.00035473608,-1
G076,G033,-0.00035495812,-1
G014,G043,-0.00035512904,-1
G008,G025,-0.00035545632,-1
G001,G078,-0.00035559505,-1
G032,G074,-0.000355624,-1
G074,G030,-0.00035563562,-1
G052,G078,-0.00035574325,-1
G019,G014,-0.0003560382,-1
G095,G057,-0.00035609092,-1
G073,G088,-0.00035617314,-1
G078,G016,-0.0003563894,-1
G028,G092,-0.0003566464,-1
G082,G043,-0.00035672067,-1
G092,G015,-0.00035682623,-1
G001,G069,-0.0003568368,-1
G008,G056,-0.00035719646,-1
G048,G084,-0.00035789475,-1
G020,G078,-0.0003582804,-1
G062,G018,-0.00035864173,-1
G093,G072,-0.00035898315,-1
G088,G043,-0.0003591241,-1
G095,G065,-0.00035976057,-1
G045,G053,-0.000360245,-1
G030,G043,-0.00036025504,-1
G023,G029,-0.00036065097,-1
G073,G025,-0.00036067102,-1
G037,G070,-0.00036115877,-1
G082,G033,-0.00036121628,-1
G037,G052,-0.00036137135,-1
G060,G034,-0.00036149102,-1
G099,G041,-0.0003619038,-1
G091,G021,-0.00036192389,-1
G039,G080,-0.0003621363,-1
G049,G027,-0.00036214254,-1
G060,G024,-0.00036219545,-1
G053,G047,-0.00036222072,-1
G047,G022,-0.00036235593,-1
G009,G079,-0.00036304203,-1
G022,G019,-0.00036311368,-1
G064,G015,-0.0003632696,-1
G025,G058,-0.00036392987,-1
G033,G030,-0.00036408752,-1
G092,G055,-0.00036442818,-1
G056,G023,-0.0003647243,-1
G006,G076,-0.00036498738,-1
G063,G018,-0.00036558614,-1
G039,G044,-0.00036574109,-1
G054,G033,-0.0003658714,-1
G091,G082,-0.00036625058,-1
G069,G053,-0.0003662591,-1
G027,G015,-0.0003666865,-1
G089,G056,-0.00036680562,-1
G087,G042,-0.0003672121,-1
G044,G078,-0.0003676903,-1
G029,G069,-0.00036803877,-1
G099,G089,-0.00036834454,-1
G035,G004,-0.00036843854,-1
G067,G011,-0.0003686675,-1
G030,G086,-0.00036876422,-1
G018,G050,-0.00036909635,-1
G024,G013,-0.00036945814,-1
G086,G026,-0.0003695787,-1
G029,G093,-0.00036989414,-1
G081,G071,-0.0003698973,-1
G066,G007,-0.00037007994,-1
G078,G023,-0.00037028812,-1
G074,G071,-0.0003706797,-1
G080,G011,-0.00037068684,-1
G075,G066,-0.0003707721,-1
G002,G022,-0.00037092093,-1
G020,G083,-0.00037120204,-1
G060,G050,-0.00037129354,-1
G075,G096,-0.00037133216,-1
G058,G073,-0.0003720726,-1
G057,G011,-0.000372191,-1
G074,G034,-0.00037233584,-1
G044,G080,-0.00037252126,-1
G062,G002,-0.00037353116,-1
G061,G065,-0.00037480958,-1
G048,G012,-0.0003750359,-1
G081,G026,-0.00037521287,-1
G044,G033,-0.0003760885,-1
G028,G047,-0.00037640176,-1
G055,G021,-0.00037677726,-1
G096,G083,-0.00037703436,-1
G098,G041,-0.00037710258,-1
G095,G098,-0.00037731667,-1
G067,G048,-0.00037747782,-1
G078,G011,-0.00037778882,-1
G093,G088,-0.00037799455,-1
G011,G081,-0.00037833152,-1
G075,G039,-0.00037892783,-1
G046,G054,-0.0003789718,-1
G021,G060,-0.00037902824,-1
G005,G048,-0.00037943918,-1
G002,G093,-0.0003798367,-1
G054,G097,-0.00038004323,-1
G081,G009,-0.0003800513,-1
G002,G078,-0.00038024,-1
G041,G082,-0.00038183617,-1
G042,G013,-0.0003821319,-1
G041,G075,-0.00038224243,-1
G091,G048,-0.00038243656,-1
G007,G042,-0.00038259168,-1
G065,G012,-0.0003825947,-1
G062,G045,-0.00038262884,-1
G094,G075,-0.00038265414,-1
G015,G037,-0.00038312777,-1
G094,G053,-0.00038341028,-1
G060,G075,-0.00038345548,-1
G082,G055,-0.00038394358,-1
G057,G005,-0.0003843033,-1
G020,G062,-0.00038482164,-1
G031,G052,-0.0003848218,-1
G004,G011,-0.00038486975,-1
G051,G080,-0.00038519484,-1
G062,G076,-0.00038533314,-1
G007,G001,-0.00038578076,-1
G019,G031,-0.00038580142,-1
G077,G091,-0.0003863712,-1
G100,G050,-0.0003865896,-1
G091,G070,-0.00038726724,-1
G065,G070,-0.00038729623,-1
G015,G081,-0.00038763936,-1
G025,G015,-0.00038832737,-1
G093,G096,-0.00038844076,-1
G050,G087,-0.000388597,-1
G035,G083,-0.00038912677,-1
G092,G076,-0.00038981703,-1
G040,G097,-0.00038983204,-1
G043,G009,-0.0003899283,-1
G054,G043,-0.00039078968,-1
G030,G044,-0.00039141142,-1
G050,G051,-0.00039164486,-1
G007,G091,-0.0003918235,-1
G087,G067,-0.00039193212,-1
G092,G036,-0.0003920067,-1
G030,G095,-0.00039233713,-1
G036,G027,-0.00039284065,-1
G066,G081,-0.00039288338,-1
G080,G100,-0.00039316126,-1
G091,G017,-0.00039340553,-1
G086,G042,-0.00039354715,-1
G071,G008,-0.00039471083,-1
G025,G017,-0.0003950347,-1
G039,G038,-0.00039526727,-1
G039,G061,-0.0003957974,-1
G037,G064,-0.00039597298,-1
G024,G062,-0.00039620278,-1
G069,G006,-0.0003967244,-1
G032,G015,-0.0003969935,-1
G002,G065,-0.00039709086,-1
G047,G016,-0.00039728283,-1
G017,G092,-0.00039743644,-1
G089,G009,-0.0003979541,-1
G004,G091,-0.00039797617,-1
G026,G046,-0.00039828,-1
G039,G050,-0.00039861756,-1
G005,G011,-0.00039915805,-1
G098,G063,-0.0003992497,-1
G009,G068,-0.00039927624,-1
G075,G082,-0.00039929137,-1
G008,G050,-0.00039971562,-1
G095,G092,-0.00040020767,-1
G066,G019,-0.00040089106,-1
G083,G086,-0.00040189095,-1
G037,G038,-0.000402168,-1
G014,G077,-0.00040221828,-1
G005,G018,-0.0004022525,-1
G013,G025,-0.00040252355,-1
G018,G011,-0.00040270222,-1
G001,G037,-0.0004027147,-1
G030,G021,-0.00040273817,-1
G039,G036,-0.00040274885,-1
G044,G017,-0.0004038764,-1
G056,G009,-0.00040422045,-1
G013,G096,-0.00040425663,-1
G032,G027,-0.00040443914,-1
G070,G085,-0.00040480623,-1
G014,G084,-0.0004048296,-1
G080,G055,-0.00040490215,-1
G049,G024,-0.00040509866,-1
G057,G042,-0.00040531193,-1
G025,G090,-0.00040575722,-1
G099,G069,-0.000405788,-1
G004,G024,-0.00040588406,-1
G081,G088,-0.0004061831,-1
G075,G091,-0.00040623485,-1
G018,G003,-0.00040685892,-1
G020,G007,-0.0004069442,-1
G050,G011,-0.00040713165,-1
G074,G004,-0.00040778035,-1
G059,G079,-0.00040792555,-1
G029,G079,-0.0004081401,-1
G096,G092,-0.0004083393,-1
G017,G024,-0.00040850567,-1
G010,G023,-0.0004091445,-1
G047,G049,-0.00040926668,-1
G060,G063,-0.00040930105,-1
G098,G054,-0.0004093924,-1
G090,G020,-0.000409831,-1
G062,G091,-0.00041054128,-1
G041,G080,-0.0004109481,-1
G033,G023,-0.00041130124,-1
G095,G029,-0.00041133005,-1
G013,G054,-0.00041155107,-1
G045,G055,-0.00041160392,-1
G050,G002,-0.00041185317,-1
G044,G094,-0.00041211987,-1
G089,G033,-0.0004124365,-1
G031,G099,-0.00041295704,-1
G071,G090,-0.00041307474,-1
G082,G012,-0.00041321112,-1
G077,G040,-0.00041323496,-1
G087,G012,-0.00041330679,-1
G096,G065,-0.00041333295,-1
G065,G061,-0.00041430298,-1
G063,G022,-0.0004145931,-1
G081,G012,-0.00041584653,-1
G065,G040,-0.00041599927,-1
G044,G023,-0.00041628923,-1
G048,G006,-0.00041646147,-1
G052,G044,-0.0004169531,-1
G067,G015,-0.00041702625,-1
G097,G010,-0.00041724698,-1
G068,G038,-0.00041729174,-1
G067,G092,-0.0004181852,-1
G067,G007,-0.00041834277,-1
G024,G075,-0.0004190707,-1
G040,G099,-0.00041911038,-1
G048,G016,-0.00041917778,-1
G077,G064,-0.00041926475,-1
G037,G054,-0.00042004994,-1
G004,G070,-0.0004202857,-1
G097,G057,-0.0004205567,-1
G096,G047,-0.00042069776,-1
G080,G057,-0.000420731,-1
G031,G070,-0.00042092465,-1
G038,G058,-0.00042144684,-1
G030,G008,-0.00042199375,-1
G047,G044,-0.00042215467,-1
G053,G090,-0.00042221302,-1
G022,G056,-0.00042257557,-1
G074,G002,-0.0004225956,-1
G090,G093,-0.00042276215,-1
G034,G029,-0.00042297188,-1
G094,G025,-0.00042394234,-1
G037,G094,-0.00042419237,-1
G094,G033,-0.00042426775,-1
G027,G030,-0.00042444424,-1
G098,G017,-0.0004245609,-1
G066,G096,-0.00042499873,-1
G035,G086,-0.00042507585,-1
G019,G044,-0.00042516465,-1
G098,G003,-0.00042516843,-1
G044,G081,-0.0004252831,-1
G038,G083,-0.00042603718,-1
G058,G064,-0.000426213,-1
G093,G057,-0.00042668256,-1
G006,G034,-0.00042696783,-1
G066,G098,-0.0004269837,-1
G044,G092,-0.00042703756,-1
G019,G088,-0.00042735285,-1
G061,G043,-0.00042862908,-1
G076,G091,-0.00042863,-1
G100,G022,-0.00042882015,-1
G076,G057,-0.0004289204,-1
G099,G094,-0.00042932245,-1
G066,G021,-0.00042973182,-1
G011,G084,-0.0004299463,-1
G077,G042,-0.00043002248,-1
G020,G012,-0.00043012647,-1
G041,G055,-0.000430304,-1
G069,G095,-0.0004307671,-1
G004,G023,-0.00043086373,-1
G057,G043,-0.00043229916,-1
G042,G033,-0.00043281665,-1
G052,G079,-0.00043284657,-1
G064,G084,-0.0004330531,-1
G081,G014,-0.00043343747,-1
G081,G003,-0.00043360685,-1
G033,G065,-0.00043383596,-1
G017,G033,-0.00043402496,-1
G027,G074,-0.0004340832,-1
G010,G048,-0.00043416736,-1
G002,G086,-0.000434176,-1
G069,G042,-0.00043423325,-1
G078,G012,-0.0004342516,-1
G021,G094,-0.00043435016,-1
G046,G050,-0.00043443523,-1
G009,G019,-0.00043457164,-1
G030,G049,-0.0004350095,-1
G051,G078,-0.00043508882,-1
G012,G049,-0.0004352391,-1
G086,G007,-0.00043615734,-1
G027,G003,-0.00043639154,-1
G038,G036,-0.00043649448,-1
G001,G007,-0.0004365093,-1
G094,G076,-0.0004371091,-1
G031,G025,-0.00043728057,-1
G065,G015,-0.00043741873,-1
G057,G009,-0.000437547,-1
G062,G017,-0.00043757856,-1
G002,G032,-0.00043782554,-1
G028,G062,-0.0004381088,-1
G008,G030,-0.00043961525,-1
G048,G050,-0.0004396667,-1
G004,G033,-0.00043976057,-1
G015,G082,-0.0004399546,-1
G013,G003,-0.0004400423,-1
G038,G050,-0.00044017492,-1
G033,G081,-0.00044019264,-1
G076,G059,-0.0004404205,-1
G093,G075,-0.00044118136,-1
G008,G095,-0.00044127714,-1
G100,G063,-0.00044135,-1
G096,G087,-0.00044140077,-1
G006,G014,-0.00044163107,-1
G056,G050,-0.00044172865,-1
G074,G012,-0.0004420348,-1
G057,G022,-0.00044231498,-1
G014,G087,-0.00044334916,-1
G001,G039,-0.00044337218,-1
G079,G083,-0.00044375905,-1
G003,G040,-0.00044388697,-1
G007,G083,-0.00044463176,-1
G070,G054,-0.0004450474,-1
G032,G056,-0.00044507775,-1
G070,G081,-0.0004454662,-1
G058,G060,-0.00044562484,-1
G006,G025,-0.00044580243,-1
G004,G013,-0.00044593576,-1
G094,G073,-0.0004460455,-1
G033,G044,-0.00044659147,-1
G084,G061,-0.00044715923,-1
G060,G040,-0.00044727942,-1
G053,G014,-0.0004473288,-1
G096,G027,-0.00044738728,-1
G064,G095,-0.0004475545,-1
G074,G095,-0.00044829625,-1
G046,G048,-0.0004483106,-1
G043,G004,-0.00045007002,-1
G006,G046,-0.0004501299,-1
G071,G046,-0.0004504874,-1
G066,G045,-0.00045055503,-1
G080,G025,-0.0004506691,-1
G068,G013,-0.00045127125,-1
G048,G001,-0.00045147614,-1
G037,G062,-0.00045167762,-1
G069,G084,-0.00045173374,-1
G094,G032,-0.00045178185,-1
G002,G043,-0.00045180807,-1
G099,G008,-0.0004528736,-1
G031,G023,-0.00045313768,-1
G025,G075,-0.00045322935,-1
G093,G017,-0.00045360718,-1
G075,G037,-0.00045395922,-1
G006,G023,-0.0004549168,-1
G011,G021,-0.00045494558,-1
G035,G087,-0.00045532532,-1
G024,G059,-0.00045541077,-1
G004,G047,-0.00045573842,-1
G027,G086,-0.0004560555,-1
G077,G070,-0.00045612795,-1
G061,G074,-0.0004563978,-1
G019,G024,-0.00045680386,-1
G009,G074,-0.00045705962,-1
G075,G043,-0.0004575284,-1
G048,G100,-0.0004575722,-1
G079,G053,-0.00045812604,-1
G041,G072,-0.0004581702,-1
G099,G064,-0.00045838914,-1
G040,G032,-0.00045872398,-1
G055,G046,-0.00045905137,-1
G062,G088,-0.0004594621,-1
G053,G075,-0.00045998805,-1
G086,G039,-0.00045999445,-1
G076,G018,-0.00046028753,-1
G054,G040,-0.00046036966,-1
G079,G063,-0.00046039838,-1
G058,G071,-0.00046064417,-1
G067,G037,-0.00046076396,-1
G005,G010,-0.0004610439,-1
G065,G050,-0.00046188358,-1
G080,G028,-0.00046190407,-1
G043,G050,-0.00046203338,-1
G048,G030,-0.00046223635,-1
G093,G089,-0.00046228638,-1
G064,G054,-0.00046235288,-1
G065,G027,-0.0004626961,-1
G032,G050,-0.00046346406,-1
G082,G022,-0.00046372422,-1
G083,G022,-0.00046377885,-1
G036,G075,-0.00046398342,-1
G082,G095,-0.00046402292,-1
G005,G033,-0.00046409958,-1
G066,G053,-0.00046463188,-1
G014,G083,-0.00046472004,-1
G007,G038,-0.00046527322,-1
G028,G049,-0.00046544144,-1
G074,G005,-0.00046592788,-1
G014,G075,-0.00046673047,-1
G096,G100,-0.00046724099,-1
G005,G071,-0.00046812673,-1
G093,G078,-0.0004683806,-1
G010,G005,-0.00046847737,-1
G039,G030,-0.00046902307,-1
G065,G025,-0.00046913422,-1
G021,G005,-0.00046920488,-1
G009,G007,-0.00046959647,-1
G040,G062,-0.0004697589,-1
G091,G035,-0.0004701228,-1
G025,G098,-0.00047119666,-1
G059,G004,-0.0004716416,-1
G083,G035,-0.0004717972,-1
G069,G002,-0.00047210502,-1
G100,G036,-0.00047248922,-1
G059,G009,-0.00047262004,-1
G077,G068,-0.00047282226,-1
G090,G018,-0.0004732469,-1
G100,G055,-0.00047335526,-1
G064,G014,-0.00047381248,-1
G039,G086,-0.0004739037,-1
G020,G004,-0.00047411397,-1
G089,G077,-0.00047475423,-1
G095,G044,-0.00047546127,-1
G078,G043,-0.00047552807,-1
G042,G004,-0.0004755374,-1
G075,G022,-0.00047579952,-1
G074,G081,-0.00047595816,-1
G034,G003,-0.00047652802,-1
G087,G092,-0.00047664894,-1
G058,G100,-0.00047702776,-1
G030,G013,-0.0004773836,-1
G084,G059,-0.0004776766,-1
G075,G023,-0.00047793236,-1
G042,G017,-0.00047794127,-1
G073,G092,-0.00047833633,-1
G029,G008,-0.0004784364,-1
G098,G038,-0.00047853263,-1
G046,G011,-0.00047906028,-1
G009,G098,-0.00048016736,-1
G002,G088,-0.00048028247,-1
G095,G076,-0.00048066454,-1
G051,G039,-0.00048075753,-1
G089,G086,-0.00048091216,-1
G010,G002,-0.00048117223,-1
G064,G038,-0.0004816729,-1
G095,G010,-0.00048187387,-1
G024,G066,-0.00048213528,-1
G041,G083,-0.00048241628,-1
G040,G042,-0.0004828187,-1
G029,G020,-0.00048282385,-1
G043,G029,-0.00048302615,-1
G002,G015,-0.00048358392,-1
G079,G029,-0.0004842039,-1
G038,G070,-0.00048426073,-1
G009,G024,-0.0004844944,-1
G064,G023,-0.00048449592,-1
G006,G090,-0.00048458469,-1
G083,G081,-0.0004848335,-1
G096,G071,-0.00048491047,-1
G007,G094,-0.0004853715,-1
G064,G055,-0.00048555507,-1
G065,G044,-0.0004859115,-1
G075,G065,-0.00048603734,-1
G093,G065,-0.0004865857,-1
G017,G099,-0.00048717187,-1
G002,G055,-0.00048786282,-1
G011,G088,-0.00048837485,-1
G018,G032,-0.0004886752,-1
G021,G022,-0.0004890345,-1
G017,G062,-0.0004902081,-1
G037,G013,-0.0004905848,-1
G032,G024,-0.0004922044,-1
G095,G018,-0.0004924072,-1
G100,G053,-0.00049253984,-1
G029,G063,-0.00049263594,-1
G045,G038,-0.00049298885,-1
G020,G023,-0.00049305026,-1
G004,G009,-0.00049331476,-1
G076,G014,-0.00049368513,-1
G014,G088,-0.0004941385,-1
G070,G062,-0.0004951193,-1
G004,G044,-0.0004962393,-1
G029,G068,-0.0004964164,-1
G084,G036,-0.00049652497,-1
G006,G026,-0.00049775466,-1
G087,G060,-0.0004982257,-1
G075,G054,-0.0004984266,-1
G065,G064,-0.0004988446,-1
G069,G065,-0.0004991969,-1
G058,G081,-0.00049919763,-1
G071,G014,-0.0004994442,-1
G060,G054,-0.0004994539,-1
G097,G020,-0.00049953355,-1
G025,G073,-0.0005000271,-1
G076,G029,-0.0005003002,-1
G006,G044,-0.0005018201,-1
G029,G030,-0.0005022177,-1
G034,G055,-0.0005025099,-1
G031,G047,-0.0005029327,-1
G032,G007,-0.0005032406,-1
G050,G045,-0.00050327764,-1
G065,G048,-0.00050330686,-1
G075,G045,-0.0005037643,-1
G019,G073,-0.0005039796,-1
G090,G070,-0.0005044594,-1
G083,G060,-0.00050468533,-1
G043,G070,-0.0005048257,-1
G025,G013,-0.00050487526,-1
G009,G084,-0.00050492235,-1
G051,G059,-0.00050515466,-1
G080,G089,-0.00050605915,-1
G024,G039,-0.0005067646,-1
G052,G064,-0.00050806813,-1
G069,G072,-0.0005080706,-1
G039,G087,-0.00050807674,-1
G074,G075,-0.00050869014,-1
G046,G044,-0.00050935056,-1
G007,G022,-0.0005093763,-1
G082,G035,-0.00050947565,-1
G044,G046,-0.0005097885,-1
G063,G006,-0.00051061984,-1
G008,G006,-0.00051104114,-1
G090,G054,-0.00051143585,-1
G087,G096,-0.0005115607,-1
G096,G017,-0.0005116155,-1
G047,G011,-0.00051216903,-1
G074,G027,-0.0005125339,-1
G094,G068,-0.00051274896,-1
G079,G024,-0.0005128649,-1
G018,G045,-0.00051301374,-1
G036,G050,-0.0005131482,-1
G099,G014,-0.0005133061,-1
G067,G031,-0.0005136668,-1
G017,G032,-0.0005137413,-1
G028,G070,-0.0005139511,-1
G095,G003,-0.00051414885,-1
G059,G037,-0.00051422464,-1
G027,G099,-0.00051501195,-1
G060,G021,-0.00051528605,-1
G080,G030,-0.0005158173,-1
G062,G034,-0.0005164277,-1
G071,G099,-0.0005165268,-1
G094,G095,-0.0005167977,-1
G100,G077,-0.0005168202,-1
G096,G095,-0.0005173339,-1
G030,G068,-0.00051762484,-1
G049,G039,-0.0005177313,-1
G068,G008,-0.00051791774,-1
G096,G093,-0.00051876804,-1
G043,G066,-0.0005190894,-1
G066,G043,-0.00051955174,-1
G048,G039,-0.0005207023,-1
G034,G022,-0.0005207466,-1
G062,G048,-0.0005209341,-1
G029,G001,-0.0005209797,-1
G062,G024,-0.00052144343,-1
G031,G080,-0.0005214516,-1
G055,G019,-0.0005214783,-1
G029,G091,-0.0005215045,-1
G089,G092,-0.0005217806,-1
G038,G087,-0.00052191736,-1
G057,G037,-0.0005222578,-1
G017,G043,-0.0005226047,-1
G097,G011,-0.00052295724,-1
G078,G044,-0.0005235434,-1
G084,G062,-0.00052468776,-1
G031,G018,-0.0005250343,-1
G053,G064,-0.000525151,-1
G086,G040,-0.00052568316,-1
G060,G011,-0.0005259169,-1
G092,G009,-0.00052621274,-1
G004,G017,-0.00052643736,-1
G067,G096,-0.0005264834,-1
G045,G087,-0.00052676303,-1
G017,G096,-0.0005269529,-1
G057,G051,-0.000527359,-1
G093,G002,-0.00052836846,-1
G015,G008,-0.000528888,-1
G014,G068,-0.0005293723,-1
G089,G063,-0.00052968453,-1
G005,G025,-0.00052972644,-1
G078,G025,-0.0005303999,-1
G077,G079,-0.00053050154,-1
G053,G091,-0.0005305837,-1
G004,G095,-0.0005306361,-1
G016,G071,-0.0005309704,-1
G024,G100,-0.00053158274,-1
G017,G097,-0.0005317625,-1
G071,G050,-0.00053258165,-1
G021,G061,-0.0005326207,-1
G091,G009,-0.00053272303,-1
G099,G024,-0.00053289306,-1
G030,G032,-0.0005329124,-1
G076,G097,-0.0005330714,-1
G027,G010,-0.0005344803,-1
G013,G047,-0.0005351283,-1
G087,G095,-0.0005355129,-1
G007,G029,-0.00053608837,-1
G006,G041,-0.00053667784,-1
G098,G012,-0.00053742295,-1
G087,G049,-0.0005374874,-1
G086,G036,-0.00053838885,-1
G013,G086,-0.0005389983,-1
G023,G053,-0.00053916866,-1
G095,G007,-0.00053937663,-1
G049,G099,-0.00053967367,-1
G061,G030,-0.00054007577,-1
G055,G052,-0.0005406284,-1
G076,G062,-0.00054077175,-1
G083,G049,-0.000541108,-1
G094,G055,-0.0005414933,-1
G028,G096,-0.00054197945,-1
G014,G023,-0.00054206984,-1
G051,G047,-0.00054278236,-1
G051,G029,-0.0005429579,-1
G060,G100,-0.0005431104,-1
G038,G021,-0.0005438991,-1
G013,G008,-0.00054394733,-1
G032,G029,-0.00054491934,-1
G063,G081,-0.0005450008,-1
G059,G090,-0.0005451262,-1
G046,G019,-0.0005453176,-1
G063,G008,-0.00054546405,-1
G075,G025,-0.0005455071,-1
G043,G018,-0.00054593396,-1
G066,G031,-0.0005459508,-1
G051,G031,-0.00054595224,-1
G065,G072,-0.00054608827,-1
G091,G005,-0.0005461904,-1
G098,G081,-0.00054654165,-1
G074,G039,-0.0005469643,-1
G030,G039,-0.0005475876,-1
G001,G080,-0.0005477292,-1
G070,G019,-0.0005479625,-1
G099,G049,-0.0005481068,-1
G017,G004,-0.0005481272,-1
G064,G093,-0.0005491251,-1
G003,G059,-0.00054914545,-1
G047,G055,-0.0005496409,-1
G040,G049,-0.00054983585,-1
G030,G031,-0.0005503403,-1
G090,G014,-0.0005505327,-1
G051,G002,-0.00055060524,-1
G005,G008,-0.0005507558,-1
G030,G029,-0.0005510808,-1
G041,G084,-0.0005515767,-1
G005,G012,-0.0005517582,-1
G049,G013,-0.00055191433,-1
G096,G022,-0.00055193395,-1
G001,G004,-0.0005521012,-1
G098,G089,-0.000552147,-1
G018,G047,-0.00055223174,-1
G017,G089,-0.00055246364,-1
G059,G008,-0.00055255945,-1
G049,G065,-0.0005526841,-1
G008,G064,-0.00055325753,-1
G082,G066,-0.0005536817,-1
G095,G039,-0.0005542758,-1
G035,G094,-0.0005546254,-1
G098,G027,-0.00055488036,-1
G054,G041,-0.0005550797,-1
G071,G037,-0.00055511046,-1
G034,G056,-0.0005557233,-1
G070,G063,-0.00055576966,-1
G096,G046,-0.0005559813,-1
G066,G027,-0.00055688317,-1
G082,G014,-0.00055757025,-1
G050,G070,-0.0005583402,-1
G047,G040,-0.0005583825,-1
G082,G089,-0.0005583904,-1
G008,G041,-0.00055874273,-1
G063,G070,-0.0005587627,-1
G080,G045,-0.0005594438,-1
G072,G056,-0.0005595804,-1
G019,G082,-0.00055962434,-1
G029,G047,-0.000559854,-1
G037,G051,-0.00056064926,-1
G048,G062,-0.000561029,-1
G003,G044,-0.00056110334,-1
G079,G017,-0.0005617024,-1
G001,G031,-0.0005617098,-1
G042,G055,-0.00056204974,-1
G096,G059,-0.0005625181,-1
G041,G004,-0.00056277413,-1
G048,G037,-0.00056309206,-1
G024,G091,-0.00056322414,-1
G021,G099,-0.00056386617,-1
G002,G044,-0.0005640366,-1
G068,G071,-0.00056472525,-1
G013,G068,-0.00056501443,-1
G050,G076,-0.00056518795,-1
G022,G069,-0.0005652826,-1
G038,G004,-0.00056607265,-1
G091,G051,-0.0005662763,-1
G098,G036,-0.00056638574,-1
G065,G049,-0.000566752,-1
G009,G052,-0.000567644,-1
G098,G079,-0.0005688655,-1
G008,G014,-0.00056890567,-1
G026,G038,-0.0005689375,-1
G006,G066,-0.000569019,-1
G008,G021,-0.000569098,-1
G069,G040,-0.0005695768,-1
G096,G014,-0.0005696001,-1
G077,G067,-0.0005697928,-1
G063,G079,-0.00057030155,-1
G048,G004,-0.00057075964,-1
G086,G025,-0.0005712126,-1
G068,G001,-0.0005713351,-1
G003,G089,-0.0005716595,-1
G049,G059,-0.000571719,-1
G002,G067,-0.00057214685,-1
G001,G098,-0.00057355146,-1
G095,G090,-0.0005737061,-1
G043,G037,-0.00057444494,-1
G079,G050,-0.00057489384,-1
G060,G031,-0.00057563116,-1
G087,G045,-0.00057585473,-1
G066,G079,-0.0005759842,-1
G039,G011,-0.0005762751,-1
G002,G024,-0.000576363,-1
G026,G072,-0.00057669444,-1
G066,G030,-0.00057670736,-1
G051,G003,-0.000576745,-1
G063,G097,-0.0005769747,-1
G100,G098,-0.0005773406,-1
G008,G007,-0.0005778277,-1
G089,G021,-0.00057787984,-1
G091,G080,-0.00057837495,-1
G049,G043,-0.000578623,-1
G076,G037,-0.00057889696,-1
G030,G011,-0.0005791898,-1
G037,G006,-0.00058032107,-1
G001,G003,-0.0005808475,-1
G041,G007,-0.00058092986,-1
G018,G025,-0.00058095745,-1
G079,G014,-0.0005810944,-1
G027,G002,-0.0005813892,-1
G037,G058,-0.0005814015,-1
G096,G003,-0.00058187096,-1
G024,G097,-0.0005821378,-1
G091,G013,-0.00058314606,-1
G035,G008,-0.00058320485,-1
G058,G049,-0.0005832559,-1
G060,G055,-0.00058349984,-1
G006,G009,-0.00058394513,-1
G044,G070,-0.0005848067,-1
G046,G061,-0.0005851589,-1
G043,G086,-0.0005856821,-1
G072,G040,-0.0005859213,-1
G030,G001,-0.0005864694,-1
G089,G097,-0.000586473,-1
G091,G029,-0.00058691605,-1
G080,G054,-0.0005869882,-1
G017,G002,-0.00058735505,-1
G035,G069,-0.00058765657,-1
G055,G067,-0.00058836886,-1
G027,G082,-0.00058843376,-1
G068,G014,-0.0005887095,-1
G024,G099,-0.00058904715,-1
G050,G022,-0.0005896831,-1
G093,G052,-0.0005902863,-1
G093,G029,-0.0005905387,-1
G073,G017,-0.00059132045,-1
G033,G050,-0.00059260265,-1
G020,G094,-0.0005929805,-1
G063,G094,-0.0005930543,-1
G083,G099,-0.0005933044,-1
G003,G067,-0.0005933706,-1
G083,G096,-0.0005943936,-1
G032,G057,-0.000594446,-1
G001,G093,-0.0005948904,-1
G054,G094,-0.0005949299,-1
G036,G011,-0.000595052,-1
G033,G083,-0.000595672,-1
G016,G059,-0.0005958765,-1
G092,G017,-0.00059678755,-1
G034,G059,-0.0005973923,-1
G068,G080,-0.00059754273,-1
G053,G074,-0.0005975428,-1
G064,G030,-0.0005982052,-1
G044,G042,-0.00059829286,-1
G048,G042,-0.0005984829,-1
G089,G070,-0.00059933116,-1
G055,G048,-0.00060036225,-1
G049,G093,-0.000600775,-1
G070,G012,-0.00060104,-1
G074,G097,-0.0006010522,-1
G024,G073,-0.0006011216,-1
G047,G061,-0.0006011985,-1
G042,G008,-0.000601377,-1
G095,G023,-0.0006017158,-1
G037,G081,-0.00060198514,-1
G029,G057,-0.00060208363,-1
G075,G029,-0.00060266076,-1
G038,G042,-0.0006033768,-1
G064,G002,-0.00060473074,-1
G090,G006,-0.00060491986,-1
G095,G093,-0.00060572225,-1
G018,G004,-0.0006062718,-1
G084,G096,-0.000607511,-1
G065,G100,-0.0006078038,-1
G053,G030,-0.000607867,-1
G092,G046,-0.0006082016,-1
G024,G030,-0.0006085148,-1
G019,G036,-0.0006087814,-1
G050,G029,-0.0006089299,-1
G003,G022,-0.00060958206,-1
G090,G061,-0.0006096053,-1
G051,G057,-0.0006103937,-1
G061,G014,-0.0006115293,-1
G096,G026,-0.0006116658,-1
G049,G087,-0.00061185914,-1
G043,G093,-0.0006119791,-1
G098,G026,-0.00061301765,-1
G017,G011,-0.0006135852,-1
G047,G054,-0.0006138251,-1
G055,G084,-0.0006147533,-1
G087,G093,-0.00061622245,-1
G073,G030,-0.00061630615,-1
G051,G079,-0.00061632984,-1
G021,G086,-0.00061675336,-1
G029,G056,-0.0006173341,-1
G062,G027,-0.00061765464,-1
G057,G076,-0.0006178883,-1
G081,G072,-0.00061804446,-1
G084,G047,-0.0006185298,-1
G009,G080,-0.0006191982,-1
G062,G031,-0.0006204937,-1
G074,G025,-0.0006211757,-1
G097,G060,-0.00062139065,-1
G049,G071,-0.000621524,-1
G057,G071,-0.00062189664,-1
G070,G075,-0.0006232282,-1
G053,G034,-0.0006233708,-1
G028,G100,-0.000623498,-1
G037,G053,-0.0006240453,-1
G032,G070,-0.00062499306,-1
G040,G038,-0.0006254479,-1
G037,G026,-0.0006256723,-1
G013,G082,-0.0006257769,-1
G096,G072,-0.0006260921,-1
G025,G046,-0.0006264343,-1
G051,G019,-0.00062702456,-1
G073,G081,-0.00062715117,-1
G016,G075,-0.00062716246,-1
G073,G012,-0.0006273183,-1
G089,G048,-0.00062731834,-1
G073,G087,-0.0006274524,-1
G009,G037,-0.0006275391,-1
G097,G093,-0.0006284185,-1
G096,G036,-0.000628499,-1
G051,G081,-0.00062855764,-1
G027,G013,-0.0006286857,-1
G051,G035,-0.0006287713,-1
G077,G034,-0.00062952726,-1
G079,G062,-0.000631045,-1
G031,G061,-0.0006317765,-1
G008,G033,-0.00063184183,-1
G095,G024,-0.0006325093,-1
G047,G092,-0.0006327135,-1
G063,G014,-0.0006332068,-1
G025,G050,-0.0006332537,-1
G038,G088,-0.00063344557,-1
G049,G074,-0.0006340221,-1
G075,G086,-0.0006340281,-1
G092,G089,-0.0006344104,-1
G048,G014,-0.00063499075,-1
G082,G020,-0.00063578406,-1
G053,G052,-0.00063601136,-1
G079,G052,-0.00063702604,-1
G046,G039,-0.00063815125,-1
G088,G007,-0.00063922105,-1
G069,G014,-0.0006398804,-1
G100,G083,-0.00064255786,-1
G061,G056,-0.00064273516,-1
G017,G034,-0.0006434104,-1
G091,G030,-0.00064343767,-1
G010,G033,-0.0006452278,-1
G042,G011,-0.0006462431,-1
G069,G071,-0.0006466438,-1
G044,G075,-0.0006466807,-1
G064,G075,-0.00064694235,-1
G050,G061,-0.0006472512,-1
G083,G082,-0.0006475272,-1
G067,G071,-0.0006483936,-1
G084,G055,-0.0006484923,-1
G098,G087,-0.00064878823,-1
G027,G006,-0.0006497432,-1
G038,G054,-0.0006500719,-1
G053,G070,-0.0006505787,-1
G032,G009,-0.0006512735,-1
G036,G058,-0.0006513726,-1
G099,G095,-0.000651807,-1
G061,G006,-0.0006518633,-1
G005,G038,-0.0006518897,-1
G005,G098,-0.00065225933,-1
G063,G003,-0.0006526828,-1
G084,G010,-0.000653203,-1
G019,G028,-0.0006532654,-1
G004,G036,-0.0006534811,-1
G080,G097,-0.00065367954,-1
G079,G072,-0.0006537667,-1
G087,G003,-0.0006550472,-1
G090,G010,-0.0006552796,-1
G037,G061,-0.0006557535,-1
G074,G064,-0.000656645,-1
G043,G096,-0.0006578778,-1
G080,G014,-0.00065809116,-1
G027,G024,-0.0006582279,-1
G064,G024,-0.0006586887,-1
G077,G086,-0.00066013844,-1
G040,G051,-0.00066087535,-1
G017,G015,-0.00066136377,-1
G043,G060,-0.000663104,-1
G042,G047,-0.00066493684,-1
G036,G098,-0.0006664516,-1
G064,G010,-0.0006668601,-1
G048,G040,-0.00066707545,-1
G071,G034,-0.00066728634,-1
G006,G052,-0.000667752,-1
G011,G065,-0.00066778116,-1
G051,G032,-0.0006681145,-1
G009,G051,-0.00066826073,-1
G002,G080,-0.00066847034,-1
G034,G057,-0.0006689156,-1
G038,G053,-0.000669023,-1
G060,G048,-0.000669142,-1
G094,G050,-0.0006698573,-1
G073,G011,-0.0006703355,-1
G044,G087,-0.00067093264,-1
G017,G030,-0.00067098485,-1
G018,G069,-0.000671566,-1
G063,G048,-0.0006715761,-1
G049,G055,-0.00067180506,-1
G089,G007,-0.00067207526,-1
G021,G012,-0.00067213114,-1
G027,G036,-0.00067266,-1
G077,G026,-0.0006729311,-1
G071,G030,-0.00067322917,-1
G076,G089,-0.00067358365,-1
G081,G080,-0.00067424856,-1
G067,G023,-0.00067477603,-1
G069,G088,-0.00067491544,-1
G003,G086,-0.0006749445,-1
G010,G004,-0.0006752549,-1
G038,G043,-0.00067539286,-1
G099,G072,-0.00067588873,-1
G032,G041,-0.0006762161,-1
G058,G014,-0.0006768444,-1
G053,G097,-0.0006776349,-1
G046,G013,-0.00067773054,-1
G094,G017,-0.00067835464,-1
G037,G086,-0.00067875703,-1
G054,G084,-0.00068046676,-1
G046,G067,-0.0006808554,-1
G090,G098,-0.0006809836,-1
G080,G021,-0.00068106106,-1
G019,G023,-0.0006813862,-1
G009,G023,-0.0006814447,-1
G081,G084,-0.0006814914,-1
G033,G018,-0.00068324275,-1
G080,G086,-0.00068435655,-1
G079,G044,-0.0006844755,-1
G050,G063,-0.00068497873,-1
G046,G032,-0.0006851115,-1
G045,G080,-0.0006853725,-1
G073,G018,-0.00068579236,-1
G067,G080,-0.00068584055,-1
G027,G098,-0.0006859573,-1
G058,G092,-0.0006860538,-1
G024,G070,-0.00068746804,-1
G080,G059,-0.00068749563,-1
G009,G091,-0.00068761554,-1
G012,G052,-0.0006876481,-1
G025,G069,-0.0006878379,-1
G008,G040,-0.00068789546,-1
G060,G094,-0.0006879766,-1
G066,G042,-0.0006885589,-1
G091,G086,-0.0006888237,-1
G052,G018,-0.0006902234,-1
G028,G034,-0.0006902923,-1
G079,G075,-0.00069054594,-1
G068,G061,-0.0006907327,-1
G070,G015,-0.00069115224,-1
G009,G030,-0.0006911904,-1
G060,G030,-0.00069323106,-1
G086,G008,-0.0006933406,-1
G029,G094,-0.0006936963,-1
G046,G015,-0.00069397315,-1
G024,G053,-0.0006947112,-1
G096,G029,-0.0006947447,-1
G011,G034,-0.00069487427,-1
G048,G098,-0.0006967441,-1
G011,G082,-0.0006975091,-1
G010,G075,-0.0006979539,-1
G030,G079,-0.00069925055,-1
G084,G011,-0.00069955905,-1
G052,G086,-0.00069960364,-1
G014,G076,-0.00069981243,-1
G027,G004,-0.0006998723,-1
G006,G004,-0.00070043997,-1
G070,G049,-0.0007008774,-1
G064,G020,-0.00070167804,-1
G028,G024,-0.0007021536,-1
G004,G088,-0.0007023689,-1
G075,G006,-0.00070317724,-1
G054,G077,-0.00070368056,-1
G002,G054,-0.00070405647,-1
G078,G030,-0.00070487725,-1
G013,G044,-0.00070524303,-1
G028,G018,-0.0007053745,-1
G078,G069,-0.0007054309,-1
G098,G021,-0.00070683076,-1
G055,G099,-0.0007074177,-1
G023,G079,-0.0007080419,-1
G042,G045,-0.0007081438,-1
G036,G091,-0.00070840423,-1
G065,G088,-0.0007085577,-1
G048,G053,-0.0007089942,-1
G033,G041,-0.0007092636,-1
G033,G094,-0.0007101804,-1
G036,G068,-0.0007102974,-1
G088,G002,-0.0007107809,-1
G049,G080,-0.00071127486,-1
G080,G058,-0.00071195536,-1
G086,G019,-0.0007124097,-1
G047,G076,-0.00071347156,-1
G030,G002,-0.00071364234,-1
G073,G086,-0.00071417174,-1
G027,G092,-0.000715406,-1
G087,G052,-0.00071557326,-1
G042,G036,-0.000715641,-1
G055,G034,-0.0007169948,-1
G070,G060,-0.00071734306,-1
G027,G012,-0.0007180685,-1
G039,G023,-0.00071821304,-1
G012,G023,-0.0007186743,-1
G073,G013,-0.0007201017,-1
G054,G070,-0.0007206412,-1
G001,G082,-0.00072112714,-1
G052,G088,-0.0007220022,-1
G052,G030,-0.0007221456,-1
G025,G099,-0.0007224385,-1
G094,G078,-0.00072427467,-1
G055,G057,-0.00072490925,-1
G043,G030,-0.0007249326,-1
G067,G027,-0.0007250216,-1
G099,G043,-0.00072517747,-1
G004,G086,-0.0007254734,-1
G036,G066,-0.0007257578,-1
G066,G097,-0.00072607765,-1
G044,G015,-0.0007262479,-1
G038,G040,-0.0007270278,-1
G073,G093,-0.00072755583,-1
G062,G056,-0.0007277336,-1
G070,G027,-0.00072838925,-1
G061,G098,-0.000729998,-1
G052,G027,-0.000730082,-1
G066,G022,-0.0007302688,-1
G027,G037,-0.0007302823,-1
G072,G082,-0.0007310222,-1
G051,G007,-0.00073275476,-1
G087,G094,-0.00073419185,-1
G035,G079,-0.0007345852,-1
G011,G051,-0.00073624717,-1
G044,G038,-0.000736253,-1
G037,G099,-0.0007362743,-1
G083,G095,-0.0007368353,-1
G086,G051,-0.00073723047,-1
G001,G097,-0.00073794276,-1
G042,G014,-0.0007392788,-1
G043,G042,-0.0007397154,-1
G091,G008,-0.0007397985,-1
G046,G022,-0.0007400529,-1
G067,G051,-0.00074020406,-1
G034,G071,-0.0007409479,-1
G009,G083,-0.000740953,-1
G095,G015,-0.0007411891,-1
G036,G006,-0.0007414164,-1
G095,G034,-0.0007420646,-1
G094,G040,-0.00074244186,-1
G048,G005,-0.00074388436,-1
G025,G063,-0.0007442631,-1
G043,G063,-0.0007442633,-1
G045,G029,-0.000745958,-1
G091,G077,-0.00074660074,-1
G029,G014,-0.0007468944,-1
G078,G081,-0.0007478641,-1
G009,G060,-0.00074829283,-1
G033,G013,-0.0007485512,-1
G096,G081,-0.0007489184,-1
G036,G037,-0.00074956304,-1
G063,G032,-0.0007497968,-1
G064,G022,-0.00075036206,-1
G035,G050,-0.0007507084,-1
G061,G025,-0.00075074733,-1
G017,G061,-0.00075133075,-1
G096,G013,-0.0007521473,-1
G003,G007,-0.00075222267,-1
G091,G066,-0.00075224956,-1
G097,G076,-0.00075230876,-1
G093,G086,-0.00075286307,-1
G087,G040,-0.00075549574,-1
G011,G068,-0.00075555226,-1
G038,G057,-0.00075603387,-1
G032,G069,-0.0007560727,-1
G050,G044,-0.0007569252,-1
G040,G034,-0.00075800944,-1
G038,G028,-0.0007580896,-1
G084,G008,-0.0007587709,-1
G049,G032,-0.00076066435,-1
G005,G070,-0.0007607396,-1
G029,G033,-0.00076172274,-1
G059,G098,-0.0007620083,-1
G080,G039,-0.00076221087,-1
G065,G089,-0.0007625534,-1
G036,G009,-0.0007629073,-1
G006,G089,-0.0007631064,-1
G035,G032,-0.00076408207,-1
G076,G092,-0.00076413585,-1
G043,G032,-0.0007646565,-1
G020,G048,-0.0007651459,-1
G099,G028,-0.0007672027,-1
G083,G048,-0.0007682645,-1
G086,G070,-0.0007686816,-1
G100,G003,-0.0007689793,-1
G095,G096,-0.00076904276,-1
G055,G049,-0.000769695,-1
G027,G079,-0.0007699339,-1
G033,G066,-0.0007704488,-1
G090,G026,-0.0007704659,-1
G052,G100,-0.0007706063,-1
G009,G081,-0.0007713945,-1
G082,G061,-0.0007726228,-1
G093,G069,-0.000772745,-1
G076,G013,-0.0007739019,-1
G031,G089,-0.0007744797,-1
G079,G076,-0.0007752477,-1
G077,G036,-0.00077530934,-1
G098,G010,-0.00077658,-1
G051,G067,-0.00077671476,-1
G068,G058,-0.0007774684,-1
G081,G016,-0.0007775662,-1
G053,G093,-0.00077918166,-1
G055,G053,-0.0007792413,-1
G041,G045,-0.0007798091,-1
G054,G100,-0.00077982555,-1
G072,G064,-0.0007803299,-1
G024,G064,-0.000781429,-1
G066,G095,-0.00078187004,-1
G064,G074,-0.00078230014,-1
G082,G096,-0.0007826226,-1
G052,G002,-0.0007830629,-1
G027,G049,-0.00078333804,-1
G063,G002,-0.000784146,-1
G017,G086,-0.000784711,-1
G049,G044,-0.0007865267,-1
G074,G089,-0.0007865605,-1
G065,G056,-0.0007871011,-1
G099,G026,-0.0007871492,-1
G009,G089,-0.00078794995,-1
G073,G080,-0.00078858,-1
G043,G003,-0.00078927766,-1
G038,G055,-0.00078983326,-1
G036,G070,-0.0007903533,-1
G070,G097,-0.0007903857,-1
G019,G070,-0.0007905648,-1
G070,G059,-0.0007908885,-1
G021,G017,-0.0007909411,-1
G080,G010,-0.00079191144,-1
G007,G053,-0.00079209363,-1
G031,G032,-0.00079307397,-1
G075,G063,-0.00079340185,-1
G066,G039,-0.00079357135,-1
G044,G040,-0.00079407723,-1
G066,G029,-0.00079470285,-1
G067,G030,-0.00079552364,-1
G091,G092,-0.0007958273,-1
G050,G069,-0.0007966071,-1
G092,G021,-0.0007966143,-1
G035,G098,-0.00079864194,-1
G021,G051,-0.00079872104,-1
G097,G082,-0.00080035033,-1
G076,G039,-0.00080075796,-1
G065,G039,-0.0008033551,-1
G036,G015,-0.0008039306,-1
G008,G031,-0.0008040599,-1
G009,G093,-0.0008043075,-1
G006,G040,-0.00080440834,-1
G064,G068,-0.0008045361,-1
G070,G077,-0.0008047464,-1
G090,G035,-0.0008052438,-1
G094,G049,-0.000805276,-1
G060,G086,-0.0008055541,-1
G088,G020,-0.0008059012,-1
G007,G033,-0.0008065032,-1
G036,G020,-0.00080666196,-1
G044,G011,-0.00080708636,-1
G100,G070,-0.0008076425,-1
G031,G059,-0.00080788066,-1
G049,G096,-0.0008088417,-1
G008,G060,-0.00081119436,-1
G035,G055,-0.00081130693,-1
G051,G018,-0.00081309275,-1
G033,G072,-0.0008143281,-1
G044,G100,-0.00081528164,-1
G028,G072,-0.00081586273,-1
G060,G077,-0.00081638736,-1
G100,G043,-0.000818014,-1
G032,G066,-0.0008184231,-1
G050,G097,-0.00081977155,-1
G037,G090,-0.00082031346,-1
G038,G076,-0.0008207105,-1
G060,G052,-0.00082078256,-1
G009,G038,-0.0008213448,-1
G002,G098,-0.000821569,-1
G065,G091,-0.0008225304,-1
G074,G044,-0.00082286145,-1
G002,G079,-0.0008230061,-1
G006,G042,-0.0008230207,-1
G029,G044,-0.0008233898,-1
G043,G025,-0.00082444877,-1
G029,G036,-0.00082547637,-1
G057,G027,-0.0008267505,-1
G084,G080,-0.00082677166,-1
G078,G024,-0.0008269273,-1
G013,G075,-0.0008270584,-1
G011,G043,-0.0008280084,-1
G013,G050,-0.00082818023,-1
G048,G010,-0.0008284982,-1
G069,G023,-0.00082867796,-1
G001,G067,-0.0008292432,-1
G092,G054,-0.0008300435,-1
G019,G074,-0.0008310057,-1
G052,G022,-0.0008322903,-1
G018,G023,-0.0008325638,-1
G045,G040,-0.0008329436,-1
G065,G029,-0.0008330434,-1
G055,G015,-0.0008335693,-1
G038,G008,-0.000833581,-1
G094,G087,-0.0008340146,-1
G037,G044,-0.0008342114,-1
G090,G086,-0.0008349587,-1
G061,G064,-0.00083498616,-1
G046,G020,-0.00083588,-1
G025,G019,-0.0008366924,-1
G053,G013,-0.00083676056,-1
G076,G027,-0.00084036484,-1
G042,G059,-0.000840731,-1
G046,G057,-0.0008407399,-1
G045,G011,-0.000842074,-1
G096,G020,-0.0008421813,-1
G045,G034,-0.00084237463,-1
G048,G067,-0.0008429009,-1
G017,G076,-0.00084356224,-1
G099,G070,-0.00084377197,-1
G091,G037,-0.00084433233,-1
G094,G042,-0.00084469875,-1
G094,G036,-0.00084480306,-1
G024,G007,-0.0008460367,-1
G068,G046,-0.0008468116,-1
G046,G062,-0.00084750337,-1
G025,G091,-0.0008477523,-1
G089,G066,-0.00084775337,-1
G003,G078,-0.0008491865,-1
G036,G022,-0.00084946794,-1
G081,G049,-0.00084967475,-1
G021,G014,-0.0008497583,-1
G047,G020,-0.0008504064,-1
G020,G058,-0.0008506914,-1
G065,G092,-0.00085121073,-1
G073,G029,-0.00085131085,-1
G038,G006,-0.00085166615,-1
G060,G002,-0.00085169653,-1
G097,G090,-0.000852535,-1
G052,G081,-0.0008526031,-1
G003,G029,-0.0008526205,-1
G006,G068,-0.00085382815,-1
G090,G081,-0.000854624,-1
G062,G001,-0.00085496734,-1
G086,G047,-0.0008552043,-1
G025,G052,-0.0008559191,-1
G054,G075,-0.0008560689,-1
G027,G078,-0.00085626246,-1
G018,G021,-0.00085712393,-1
G022,G092,-0.00085734105,-1
G083,G038,-0.0008576369,-1
G092,G080,-0.0008577969,-1
G038,G007,-0.00085801,-1
G046,G059,-0.00085907406,-1
G032,G020,-0.0008597153,-1
G064,G096,-0.00085996836,-1
G015,G067,-0.0008601556,-1
G055,G054,-0.0008603909,-1
G047,G005,-0.0008620648,-1
G083,G018,-0.0008649473,-1
G081,G070,-0.000864959,-1
G087,G014,-0.00086501264,-1
G077,G089,-0.0008654715,-1
G044,G082,-0.00086552184,-1
G093,G067,-0.00086568156,-1
G080,G066,-0.00086651475,-1
G035,G052,-0.0008665639,-1
G084,G056,-0.0008666767,-1
G040,G076,-0.00086672284,-1
G011,G050,-0.00086682255,-1
G078,G031,-0.0008669541,-1
G051,G054,-0.00086721516,-1
G033,G026,-0.0008679499,-1
G027,G073,-0.0008704301,-1
G050,G015,-0.00087046897,-1
G076,G053,-0.0008708448,-1
G036,G096,-0.00087132095,-1
G005,G090,-0.000872059,-1
G032,G048,-0.0008724032,-1
G093,G080,-0.000874406,-1
G038,G059,-0.00087502645,-1
G074,G057,-0.00087590254,-1
G099,G063,-0.00087592984,-1
G006,G049,-0.0008767497,-1
G027,G088,-0.0008768328,-1
G044,G032,-0.00087770686,-1
G035,G034,-0.00087792875,-1
G003,G092,-0.0008789663,-1
G005,G078,-0.0008792345,-1
G059,G069,-0.0008792518,-1
G100,G040,-0.0008796315,-1
G098,G032,-0.00087977963,-1
G050,G057,-0.00088125316,-1
G047,G038,-0.0008814957,-1
G076,G096,-0.0008822655,-1
G099,G086,-0.0008834681,-1
G078,G041,-0.00088360964,-1
G062,G099,-0.0008842173,-1
G064,G092,-0.0008842853,-1
G086,G015,-0.0008850317,-1
G017,G063,-0.00088584493,-1
G094,G059,-0.0008859759,-1
G087,G030,-0.0008873167,-1
G090,G004,-0.0008875112,-1
G058,G043,-0.0008881135,-1
G075,G047,-0.00088812417,-1
G017,G026,-0.0008882849,-1
G034,G080,-0.00088916614,-1
G066,G055,-0.00088939193,-1
G046,G002,-0.00088941463,-1
G080,G076,-0.00088942866,-1
G054,G032,-0.0008901842,-1
G033,G095,-0.0008909939,-1
G014,G092,-0.00089113903,-1
G064,G089,-0.0008915493,-1
G065,G005,-0.0008915571,-1
G062,G003,-0.00089158,-1
G063,G024,-0.0008926608,-1
G070,G006,-0.0008929135,-1
G092,G035,-0.00089300075,-1
G022,G089,-0.00089316757,-1
G083,G007,-0.0008932905,-1
G096,G033,-0.00089356035,-1
G023,G020,-0.0008939102,-1
G011,G032,-0.0008948068,-1
G014,G051,-0.00089534186,-1
G075,G053,-0.00089602626,-1
G022,G030,-0.0008961525,-1
G023,G077,-0.0008964725,-1
G100,G087,-0.0008971533,-1
G068,G094,-0.0008973633,-1
G025,G005,-0.00089778024,-1
G078,G050,-0.000898214,-1
G074,G033,-0.0008984655,-1
G059,G023,-0.00089905545,-1
G024,G080,-0.0009001564,-1
G063,G029,-0.0009012668,-1
G051,G036,-0.00090302725,-1
G070,G087,-0.0009046996,-1
G028,G021,-0.00090495317,-1
G006,G098,-0.00090542814,-1
G058,G075,-0.0009055704,-1
G073,G074,-0.00090583833,-1
G057,G099,-0.0009058747,-1
G048,G034,-0.0009062312,-1
G088,G047,-0.0009064291,-1
G068,G049,-0.00090755307,-1
G078,G033,-0.00090761605,-1
G025,G048,-0.00090763404,-1
G019,G037,-0.0009076904,-1
G027,G016,-0.00090984063,-1
G061,G027,-0.0009102459,-1
G046,G086,-0.00091147755,-1
G066,G012,-0.0009116684,-1
G009,G092,-0.0009125985,-1
G072,G070,-0.0009129883,-1
G070,G034,-0.0009148997,-1
G063,G086,-0.00091533986,-1
G012,G038,-0.00091566844,-1
G049,G009,-0.00091628515,-1
G027,G096,-0.0009165951,-1
G059,G021,-0.0009168813,-1
G049,G037,-0.0009177514,-1
G029,G061,-0.0009188766,-1
G016,G082,-0.0009197471,-1
G045,G070,-0.0009197714,-1
G002,G066,-0.00092114735,-1
G012,G020,-0.0009213577,-1
G049,G097,-0.00092197605,-1
G009,G062,-0.00092272315,-1
G035,G059,-0.0009238321,-1
G074,G040,-0.0009244377,-1
G041,G099,-0.00092491467,-1
G084,G098,-0.00092598406,-1
G044,G030,-0.0009260136,-1
G043,G051,-0.0009261364,-1
G017,G088,-0.0009271566,-1
G058,G048,-0.0009273432,-1
G076,G063,-0.00092878833,-1
G064,G086,-0.0009290941,-1
G052,G060,-0.0009295932,-1
G059,G055,-0.00093034096,-1
G043,G095,-0.0009323163,-1
G036,G048,-0.000932631,-1
G054,G023,-0.00093286607,-1
G058,G079,-0.000933366,-1
G052,G008,-0.0009335412,-1
G087,G053,-0.0009343004,-1
G048,G033,-0.0009348058,-1
G009,G056,-0.00093586376,-1
G012,G056,-0.00093651126,-1
G030,G007,-0.0009365272,-1
G097,G081,-0.00093665265,-1
G047,G099,-0.0009368013,-1
G006,G037,-0.0009400279,-1
G012,G065,-0.0009404106,-1
G070,G083,-0.0009405312,-1
G065,G099,-0.00094080827,-1
G075,G004,-0.0009408963,-1
G041,G088,-0.0009413067,-1
G069,G034,-0.00094168977,-1
G049,G056,-0.0009449494,-1
G037,G024,-0.0009450302,-1
G100,G002,-0.0009456188,-1
G051,G027,-0.00094571034,-1
G007,G092,-0.00094690913,-1
G098,G025,-0.000947758,-1
G036,G034,-0.0009478005,-1
G055,G003,-0.00094929844,-1
G096,G034,-0.000950404,-1
G069,G029,-0.00095057284,-1
G046,G024,-0.00095116755,-1
G005,G091,-0.00095242495,-1
G100,G074,-0.0009526696,-1
G041,G052,-0.00095322705,-1
G016,G025,-0.00095371745,-1
G016,G078,-0.00095423224,-1
G027,G064,-0.0009545297,-1
G047,G060,-0.00095514796,-1
G099,G020,-0.00095588935,-1
G022,G027,-0.0009572297,-1
G029,G024,-0.0009575553,-1
G008,G075,-0.0009585031,-1
G073,G061,-0.00095946406,-1
G008,G063,-0.0009609404,-1
G092,G071,-0.0009614599,-1
G036,G025,-0.0009620559,-1
G055,G068,-0.0009639581,-1
G082,G100,-0.00096426916,-1
G050,G036,-0.0009654874,-1
G084,G017,-0.0009658455,-1
G034,G044,-0.00096657785,-1
G058,G051,-0.0009669139,-1
G014,G011,-0.00096698635,-1
G073,G071,-0.0009681054,-1
G039,G012,-0.0009695588,-1
G030,G069,-0.00096997723,-1
G075,G070,-0.000970118,-1
G088,G034,-0.0009701395,-1
G044,G058,-0.0009703249,-1
G023,G075,-0.00097063027,-1
G046,G088,-0.0009709253,-1
G079,G066,-0.0009712932,-1
G028,G077,-0.0009719399,-1
G096,G015,-0.0009728338,-1
G069,G043,-0.0009728798,-1
G080,G095,-0.00097319117,-1
G099,G075,-0.00097601244,-1
G003,G084,-0.0009762975,-1
G067,G005,-0.00097632635,-1
G061,G010,-0.0009766057,-1
G003,G041,-0.0009767215,-1
G070,G009,-0.0009773811,-1
G082,G040,-0.0009777935,-1
G069,G019,-0.0009778528,-1
G095,G074,-0.0009790267,-1
G071,G042,-0.0009800073,-1
G032,G077,-0.0009807473,-1
G092,G068,-0.0009813934,-1
G003,G011,-0.0009817487,-1
G031,G037,-0.0009825493,-1
G096,G068,-0.0009835786,-1
G036,G078,-0.0009840318,-1
G040,G017,-0.0009847998,-1
G016,G076,-0.0009855136,-1
G092,G056,-0.0009856286,-1
G100,G019,-0.0009867327,-1
G075,G093,-0.0009889858,-1
G042,G060,-0.0009909124,-1
G100,G092,-0.0009910731,-1
G016,G066,-0.0009915341,-1
G087,G055,-0.0009917036,-1
G005,G065,-0.0009921023,-1
G086,G088,-0.0009930244,-1
G014,G034,-0.0009933149,-1
G086,G018,-0.0009933643,-1
G023,G087,-0.0009934519,-1
G021,G100,-0.0009934932,-1
G028,G059,-0.0009936367,-1
G029,G075,-0.0009942169,-1
G060,G083,-0.0009950418,-1
G087,G073,-0.0009950679,-1
G093,G047,-0.0009969514,-1
G013,G060,-0.0009982693,-1
G069,G056,-0.0010002974,-1
G024,G025,-0.001000608,-1
G067,G002,-0.001000641,-1
G057,G064,-0.0010011074,-1
G035,G074,-0.001002703,-1
G089,G011,-0.0010029316,-1
G060,G039,-0.0010031866,-1
G052,G033,-0.0010039313,-1
G011,G069,-0.0010047444,-1
G028,G041,-0.0010047947,-1
G093,G039,-0.0010052251,-1
G061,G076,-0.0010061772,-1
G084,G040,-0.0010068201,-1
G070,G013,-0.0010071214,-1
G063,G080,-0.0010076549,-1
G099,G034,-0.0010106044,-1
G042,G092,-0.0010111349,-1
G100,G080,-0.0010113475,-1
G096,G024,-0.0010118303,-1
G052,G019,-0.0010126715,-1
G079,G002,-0.0010132799,-1
G013,G042,-0.0010132862,-1
G049,G047,-0.0010140786,-1
G096,G018,-0.0010141059,-1
G077,G038,-0.0010142941,-1
G048,G029,-0.0010159143,-1
G067,G094,-0.0010168065,-1
G008,G082,-0.0010170582,-1
G022,G031,-0.0010183109,-1
G026,G035,-0.0010183454,-1
G038,G096,-0.0010195652,-1
G032,G092,-0.001020204,-1
G027,G075,-0.00102147,-1
G058,G096,-0.0010220001,-1
G083,G092,-0.0010225708,-1
G036,G093,-0.0010233598,-1
G019,G015,-0.0010239941,-1
G024,G015,-0.0010246399,-1
G062,G052,-0.0010253739,-1
G070,G020,-0.0010255545,-1
G020,G029,-0.0010259707,-1
G069,G012,-0.0010275745,-1
G047,G021,-0.0010277437,-1
G055,G024,-0.0010282648,-1
G063,G012,-0.0010286086,-1
G065,G024,-0.001029949,-1
G054,G091,-0.0010301962,-1
G035,G080,-0.001030473,-1
G073,G009,-0.0010307167,-1
G066,G060,-0.0010308159,-1
G005,G055,-0.0010321228,-1
G049,G005,-0.001033189,-1
G066,G037,-0.0010338153,-1
G091,G004,-0.001035256,-1
G012,G018,-0.0010368245,-1
G054,G026,-0.0010368396,-1
G065,G095,-0.0010386495,-1
G032,G006,-0.001038709,-1
G046,G009,-0.0010387122,-1
G009,G048,-0.0010395427,-1
G064,G059,-0.0010397012,-1
G049,G010,-0.0010400155,-1
G009,G020,-0.0010402505,-1
G044,G093,-0.0010413094,-1
G035,G029,-0.0010413991,-1
G092,G051,-0.001041875,-1
G066,G025,-0.0010436996,-1
G060,G036,-0.0010438436,-1
G020,G079,-0.0010466247,-1
G019,G027,-0.0010479627,-1
G047,G019,-0.0010494419,-1
G014,G062,-0.0010499697,-1
G064,G091,-0.0010521894,-1
G089,G015,-0.0010521916,-1
G036,G094,-0.0010530942,-1
G073,G003,-0.001053449,-1
G037,G002,-0.0010556888,-1
G098,G077,-0.0010564589,-1
G073,G041,-0.0010570309,-1
G009,G034,-0.0010586946,-1
G051,G048,-0.0010602406,-1
G021,G033,-0.0010602882,-1
G099,G013,-0.0010608421,-1
G027,G014,-0.0010609182,-1
G076,G064,-0.0010614676,-1
G098,G007,-0.0010626231,-1
G028,G027,-0.0010628849,-1
G081,G050,-0.00106323,-1
G065,G076,-0.0010634142,-1
G051,G098,-0.0010643934,-1
G040,G019,-0.0010647151,-1
G037,G065,-0.0010647704,-1
G063,G026,-0.0010649072,-1
G035,G013,-0.0010661586,-1
G012,G069,-0.0010665555,-1
G058,G010,-0.0010665918,-1
G076,G049,-0.0010667568,-1
G058,G076,-0.0010674896,-1
G083,G089,-0.0010678932,-1
G047,G027,-0.0010679535,-1
G060,G064,-0.0010689028,-1
G089,G052,-0.0010696778,-1
G020,G015,-0.0010708865,-1
G025,G062,-0.0010709369,-1
G063,G001,-0.0010716366,-1
G001,G012,-0.0010722401,-1
G032,G089,-0.0010729233,-1
G092,G097,-0.0010734499,-1
G006,G024,-0.0010742012,-1
G036,G079,-0.0010749944,-1
G052,G053,-0.0010750769,-1
G017,G077,-0.0010750957,-1
G090,G027,-0.0010756613,-1
G058,G013,-0.0010758225,-1
G068,G086,-0.0010766041,-1
G092,G040,-0.0010768838,-1
G094,G081,-0.001076931,-1
G029,G088,-0.0010770214,-1
G046,G069,-0.001077551,-1
G038,G025,-0.0010779697,-1
G088,G022,-0.001079009,-1
G090,G034,-0.0010791143,-1
G040,G012,-0.0010801128,-1
G090,G012,-0.0010807104,-1
G008,G073,-0.0010814614,-1
G033,G024,-0.0010820227,-1
G019,G077,-0.001082474,-1
G083,G016,-0.0010825129,-1
G060,G051,-0.0010829899,-1
G012,G070,-0.0010836915,-1
G066,G040,-0.0010847804,-1
G054,G034,-0.0010856665,-1
G075,G071,-0.0010864038,-1
G062,G096,-0.0010869453,-1
G040,G056,-0.0010870716,-1
G072,G097,-0.0010875264,-1
G057,G033,-0.001088014,-1
G099,G011,-0.0010884474,-1
G012,G051,-0.0010886639,-1
G092,G074,-0.0010906558,-1
G099,G038,-0.0010906775,-1
G049,G006,-0.0010911206,-1
G041,G086,-0.0010913105,-1
G100,G099,-0.0010918725,-1
G040,G044,-0.0010922687,-1
G058,G072,-0.0010923566,-1
G020,G017,-0.0010924428,-1
G061,G059,-0.0010924834,-1
G042,G056,-0.0010926496,-1
G096,G089,-0.0010928452,-1
G002,G048,-0.0010931585,-1
G080,G005,-0.0010933161,-1
G066,G020,-0.0010937863,-1
G028,G013,-0.0010945306,-1
G099,G015,-0.0010953605,-1
G094,G043,-0.0010971021,-1
G032,G046,-0.0010986996,-1
G083,G059,-0.0010988613,-1
G090,G007,-0.0010989293,-1
G070,G014,-0.0010993455,-1
G028,G014,-0.0011000051,-1
G071,G024,-0.00110024,-1
G081,G092,-0.0011015962,-1
G083,G033,-0.0011016305,-1
G009,G069,-0.0011026816,-1
G023,G036,-0.0011033273,-1
G053,G031,-0.0011034531,-1
G076,G070,-0.001104384,-1
G042,G098,-0.0011052284,-1
G025,G065,-0.0011056795,-1
G091,G057,-0.0011069863,-1
G075,G089,-0.0011072729,-1
G070,G056,-0.0011078464,-1
G096,G042,-0.0011082741,-1
G061,G003,-0.0011105905,-1
G065,G041,-0.0011123235,-1
G028,G086,-0.0011123955,-1
G045,G086,-0.0011125343,-1
G038,G066,-0.0011142301,-1
G033,G064,-0.0011144938,-1
G008,G074,-0.0011157352,-1
G034,G021,-0.0011175554,-1
G092,G077,-0.0011180474,-1
G065,G004,-0.0011184732,-1
G074,G054,-0.001118785,-1
G047,G017,-0.0011192914,-1
G049,G064,-0.0011193285,-1
G008,G089,-0.0011195506,-1
G073,G051,-0.0011196301,-1
G049,G098,-0.0011206372,-1
G063,G033,-0.0011210038,-1
G048,G079,-0.0011230059,-1
G023,G066,-0.0011234271,-1
G005,G085,-0.0011235782,-1
G011,G075,-0.0011239678,-1
G076,G030,-0.0011240186,-1
G058,G011,-0.0011243297,-1
G044,G029,-0.001124448,-1
G049,G025,-0.0011247927,-1
G043,G007,-0.0011250506,-1
G042,G063,-0.0011252576,-1
G090,G082,-0.0011270795,-1
G082,G047,-0.0011272253,-1
G100,G096,-0.0011274109,-1
G080,G098,-0.0011275139,-1
G013,G088,-0.0011294096,-1
G021,G043,-0.0011298371,-1
G068,G047,-0.0011302554,-1
G068,G084,-0.0011303637,-1
G073,G014,-0.0011307729,-1
G009,G011,-0.0011309377,-1
G044,G089,-0.0011314183,-1
G062,G082,-0.0011321409,-1
G024,G093,-0.0011324501,-1
G073,G100,-0.001134354,-1
G055,G078,-0.0011344263,-1
G068,G019,-0.0011346147,-1
G081,G013,-0.0011346973,-1
G028,G076,-0.0011350776,-1
G029,G082,-0.001135319,-1
G060,G065,-0.0011367754,-1
G062,G004,-0.0011380131,-1
G039,G056,-0.0011389353,-1
G084,G038,-0.0011397438,-1
G097,G064,-0.0011401075,-1
G083,G004,-0.0011401759,-1
G009,G061,-0.0011408975,-1
G012,G096,-0.0011418903,-1
G013,G024,-0.0011426785,-1
G055,G006,-0.0011432985,-1
G039,G067,-0.0011433031,-1
G027,G062,-0.0011445136,-1
G025,G003,-0.0011453991,-1
G043,G078,-0.0011462235,-1
G038,G024,-0.0011482413,-1
G003,G027,-0.0011498847,-1
G080,G038,-0.001151019,-1
G041,G033,-0.0011512049,-1
G047,G014,-0.0011513149,-1
G035,G014,-0.0011514683,-1
G032,G084,-0.0011517154,-1
G048,G007,-0.0011520637,-1
G003,G023,-0.0011527085,-1
G073,G031,-0.0011542701,-1
G074,G082,-0.0011543052,-1
G030,G070,-0.0011547242,-1
G099,G060,-0.0011554935,-1
G093,G053,-0.0011556646,-1
G061,G094,-0.001156805,-1
G084,G015,-0.0011578848,-1
G046,G029,-0.0011591918,-1
G036,G013,-0.0011591982,-1
G059,G012,-0.0011598207,-1
G084,G049,-0.0011605255,-1
G072,G071,-0.0011612717,-1
G095,G053,-0.0011614498,-1
G049,G007,-0.001161623,-1
G060,G069,-0.0011641076,-1
G005,G044,-0.001164292,-1
G058,G042,-0.0011644745,-1
G063,G023,-0.0011661046,-1
G023,G044,-0.001166331,-1
G032,G052,-0.0011677452,-1
G086,G087,-0.0011692984,-1
G031,G094,-0.0011694927,-1
G063,G019,-0.0011701144,-1
G022,G079,-0.0011701252,-1
G063,G004,-0.0011701272,-1
G044,G077,-0.0011705683,-1
G016,G011,-0.001171201,-1
G036,G007,-0.0011721266,-1
G009,G078,-0.0011725002,-1
G088,G051,-0.001172978,-1
G008,G097,-0.001173046,-1
G100,G017,-0.0011739611,-1
G071,G019,-0.0011750265,-1
G069,G055,-0.0011752854,-1
G069,G048,-0.0011778758,-1
G029,G074,-0.0011791814,-1
G057,G030,-0.0011795192,-1
G068,G029,-0.0011798206,-1
G034,G018,-0.0011799878,-1
G016,G037,-0.0011800926,-1
G067,G008,-0.0011816189,-1
G051,G063,-0.0011819827,-1
G090,G013,-0.0011821485,-1
G034,G015,-0.0011836567,-1
G055,G033,-0.0011842286,-1
G011,G041,-0.0011848562,-1
G055,G081,-0.0011851975,-1
G008,G045,-0.0011857435,-1
G099,G050,-0.001188053,-1
G099,G048,-0.0011886696,-1
G080,G042,-0.0011895609,-1
G058,G094,-0.001190124,-1
G097,G007,-0.001190702,-1
G006,G011,-0.0011914705,-1
G054,G006,-0.0011918395,-1
G038,G095,-0.0011924482,-1
G094,G052,-0.0011924899,-1
G068,G078,-0.0011930247,-1
G083,G076,-0.0011934604,-1
G059,G047,-0.0011934862,-1
G088,G072,-0.0011942553,-1
G034,G043,-0.001194482,-1
G008,G094,-0.0011964146,-1
G006,G019,-0.0011974558,-1
G063,G045,-0.0011981537,-1
G091,G047,-0.0011999132,-1
G045,G007,-0.0012010331,-1
G021,G056,-0.0012025925,-1
G082,G037,-0.0012026308,-1
G060,G098,-0.0012026356,-1
G016,G052,-0.0012040598,-1
G021,G093,-0.0012051887,-1
G051,G082,-0.0012065407,-1
G047,G094,-0.0012077886,-1
G021,G077,-0.0012100734,-1
G034,G037,-0.00121082,-1
G055,G007,-0.0012111051,-1
G082,G058,-0.0012115869,-1
G033,G099,-0.0012124467,-1
G054,G098,-0.0012125364,-1
G068,G007,-0.0012127388,-1
G082,G013,-0.0012148069,-1
G037,G098,-0.0012156111,-1
G074,G036,-0.0012164052,-1
G100,G091,-0.0012165492,-1
G028,G048,-0.0012171376,-1
G038,G060,-0.0012183733,-1
G021,G063,-0.0012196307,-1
G078,G088,-0.0012212789,-1
G035,G047,-0.0012220907,-1
G083,G058,-0.0012227251,-1
G038,G045,-0.0012227852,-1
G071,G028,-0.0012235453,-1
G090,G005,-0.0012236537,-1
G027,G017,-0.0012242942,-1
G057,G056,-0.0012248377,-1
G091,G076,-0.0012266141,-1
G025,G014,-0.0012268169,-1
G057,G088,-0.0012274976,-1
G029,G023,-0.0012275338,-1
G022,G087,-0.0012289067,-1
G017,G029,-0.0012291137,-1
G003,G069,-0.0012297698,-1
G073,G048,-0.00123011,-1
G082,G023,-0.0012304772,-1
G060,G006,-0.0012305195,-1
G078,G045,-0.0012310045,-1
G046,G010,-0.0012316596,-1
G083,G079,-0.0012323656,-1
G065,G051,-0.0012333862,-1
G094,G037,-0.0012339319,-1
G001,G027,-0.0012345774,-1
G043,G026,-0.0012349151,-1
G028,G065,-0.0012358011,-1
G063,G092,-0.0012359922,-1
G058,G047,-0.0012368485,-1
G040,G058,-0.0012382703,-1
G086,G071,-0.0012398006,-1
G075,G017,-0.0012402894,-1
G054,G059,-0.0012404874,-1
G017,G071,-0.001241678,-1
G073,G037,-0.0012423988,-1
G058,G070,-0.0012425961,-1
G009,G010,-0.0012429046,-1
G052,G066,-0.0012453073,-1
G014,G033,-0.0012463988,-1
G066,G068,-0.0012472222,-1
G100,G004,-0.001249642,-1
G011,G077,-0.0012497538,-1
G063,G007,-0.0012512235,-1
G077,G051,-0.0012521133,-1
G013,G078,-0.0012526864,-1
G057,G004,-0.0012527126,-1
G036,G095,-0.001254121,-1
G021,G074,-0.0012548702,-1
G054,G079,-0.0012569509,-1
G030,G036,-0.0012571602,-1
G082,G042,-0.0012572457,-1
G098,G044,-0.0012577375,-1
G066,G093,-0.001258267,-1
G009,G039,-0.0012591148,-1
G008,G015,-0.0012617747,-1
G098,G095,-0.0012623069,-1
G022,G095,-0.0012631632,-1
G017,G031,-0.0012637144,-1
G008,G099,-0.0012638628,-1
G054,G029,-0.0012643301,-1
G046,G099,-0.0012664358,-1
G100,G073,-0.0012685895,-1
G043,G049,-0.0012696575,-1
G097,G094,-0.0012698513,-1
G075,G099,-0.0012705168,-1
G064,G045,-0.0012707178,-1
G051,G013,-0.001272327,-1
G068,G031,-0.0012740656,-1
G009,G063,-0.0012754106,-1
G001,G013,-0.0012757428,-1
G084,G004,-0.001276836,-1
G082,G048,-0.0012771239,-1
G087,G026,-0.0012772864,-1
G021,G050,-0.0012775759,-1
G008,G012,-0.0012781325,-1
G083,G014,-0.0012782158,-1
G055,G070,-0.0012789888,-1
G060,G071,-0.0012791639,-1
G030,G053,-0.0012802556,-1
G070,G091,-0.0012803505,-1
G013,G097,-0.0012805782,-1
G032,G031,-0.0012820474,-1
G022,G061,-0.001284028,-1
G036,G056,-0.0012842228,-1
G047,G083,-0.0012856317,-1
G045,G060,-0.00128823,-1
G019,G030,-0.0012883454,-1
G089,G095,-0.0012892173,-1
G036,G021,-0.0012893977,-1
G098,G029,-0.0012903236,-1
G045,G021,-0.0012903379,-1
G080,G020,-0.0012919033,-1
G036,G019,-0.0012949726,-1
G041,G016,-0.0012955492,-1
G098,G023,-0.0012958093,-1
G100,G006,-0.0012967194,-1
G002,G045,-0.0012967368,-1
G091,G100,-0.0012974376,-1
G083,G100,-0.0012977823,-1
G017,G052,-0.0012978709,-1
G057,G098,-0.0012980788,-1
G052,G031,-0.0012981384,-1
G058,G056,-0.0012984027,-1
G087,G023,-0.0012994825,-1
G038,G061,-0.0013010128,-1
G035,G012,-0.001301768,-1
G087,G056,-0.0013021672,-1
G066,G011,-0.001303036,-1
G096,G063,-0.0013033084,-1
G040,G010,-0.0013042196,-1
G063,G053,-0.0013056283,-1
G065,G075,-0.001306113,-1
G070,G096,-0.0013066992,-1
G065,G096,-0.0013071947,-1
G027,G029,-0.0013076691,-1
G035,G025,-0.0013084064,-1
G063,G010,-0.0013109362,-1
G017,G051,-0.0013112136,-1
G077,G063,-0.0013113595,-1
G038,G094,-0.0013119567,-1
G058,G032,-0.0013130712,-1
G017,G056,-0.0013145134,-1
G017,G010,-0.001316252,-1
G090,G041,-0.0013164628,-1
G027,G093,-0.0013184642,-1
G084,G024,-0.0013199669,-1
G072,G094,-0.0013208957,-1
G097,G041,-0.0013219494,-1
G067,G036,-0.0013223748,-1
G052,G070,-0.0013228826,-1
G049,G091,-0.0013234266,-1
G091,G055,-0.001324639,-1
G080,G018,-0.0013256875,-1
G097,G061,-0.0013262883,-1
G040,G069,-0.001326549,-1
G023,G015,-0.0013266666,-1
G004,G081,-0.0013271035,-1
G081,G069,-0.001328695,-1
G036,G082,-0.0013304552,-1
G090,G029,-0.0013318609,-1
G094,G011,-0.0013323457,-1
G082,G063,-0.001333003,-1
G005,G092,-0.0013333005,-1
G089,G012,-0.0013333999,-1
G027,G042,-0.0013338887,-1
G044,G051,-0.0013355323,-1
G080,G064,-0.0013360449,-1
G046,G070,-0.001336083,-1
G011,G054,-0.0013375963,-1
G091,G095,-0.0013380236,-1
G039,G007,-0.0013388353,-1
G063,G062,-0.001338934,-1
G087,G025,-0.001338939,-1
G062,G086,-0.0013400149,-1
G036,G003,-0.0013408269,-1
G083,G017,-0.0013414617,-1
G086,G033,-0.001342619,-1
G068,G081,-0.0013429533,-1
G008,G066,-0.0013438844,-1
G095,G052,-0.0013447013,-1
G049,G089,-0.0013457417,-1
G062,G064,-0.00134678,-1
G031,G077,-0.0013470282,-1
G048,G088,-0.0013474396,-1
G083,G025,-0.0013475533,-1
G023,G048,-0.0013484096,-1
G065,G084,-0.0013496181,-1
G045,G044,-0.0013511905,-1
G005,G042,-0.001351275,-1
G080,G035,-0.0013514124,-1
G050,G052,-0.0013516328,-1
G076,G044,-0.0013517087,-1
G065,G017,-0.0013519228,-1
G087,G076,-0.0013523198,-1
G027,G094,-0.001352381,-1
G058,G024,-0.0013545661,-1
G048,G099,-0.0013546422,-1
G072,G054,-0.0013561933,-1
G032,G078,-0.0013561987,-1
G081,G043,-0.0013566985,-1
G092,G100,-0.0013572375,-1
G098,G086,-0.0013572606,-1
G021,G097,-0.0013577244,-1
G071,G020,-0.0013579166,-1
G053,G051,-0.0013597244,-1
G044,G097,-0.0013599036,-1
G028,G015,-0.0013606033,-1
G065,G014,-0.0013650224,-1
G048,G092,-0.0013651847,-1
G019,G071,-0.0013656775,-1
G005,G059,-0.0013661032,-1
G100,G030,-0.0013661234,-1
G045,G015,-0.0013662989,-1
G080,G065,-0.0013673601,-1
G092,G025,-0.0013675991,-1
G034,G023,-0.0013681868,-1
G063,G091,-0.0013699956,-1
G059,G036,-0.0013716439,-1
G062,G068,-0.0013740488,-1
G073,G032,-0.0013740779,-1
G073,G050,-0.0013751206,-1
G004,G068,-0.001377364,-1
G037,G025,-0.0013790245,-1
G012,G042,-0.0013796068,-1
G074,G024,-0.0013796624,-1
G040,G015,-0.0013805372,-1
G007,G057,-0.0013819966,-1
G019,G021,-0.0013835706,-1
G082,G034,-0.0013836684,-1
G066,G015,-0.001384929,-1
G079,G041,-0.0013850426,-1
G058,G003,-0.0013851072,-1
G054,G024,-0.0013863016,-1
G058,G002,-0.0013886694,-1
G065,G060,-0.0013917468,-1
G037,G083,-0.0013931934,-1
G023,G054,-0.0013947563,-1
G030,G074,-0.0013987303,-1
G081,G060,-0.0013989322,-1
G099,G021,-0.0014000395,-1
G047,G030,-0.0014006009,-1
G052,G083,-0.0014009053,-1
G051,G005,-0.0014014882,-1
G076,G066,-0.0014014939,-1
G005,G019,-0.0014016744,-1
G057,G015,-0.00140345,-1
G071,G092,-0.0014035463,-1
G049,G079,-0.0014039393,-1
G069,G047,-0.0014043684,-1
G014,G018,-0.0014048639,-1
G076,G008,-0.0014049312,-1
G036,G064,-0.0014060533,-1
G032,G096,-0.0014062829,-1
G033,G093,-0.0014068318,-1
G019,G062,-0.0014069327,-1
G062,G023,-0.0014072387,-1
G100,G060,-0.0014075172,-1
G076,G003,-0.0014084204,-1
G012,G083,-0.0014086025,-1
G080,G060,-0.0014090311,-1
G040,G096,-0.0014111111,-1
G027,G001,-0.001411304,-1
G083,G036,-0.0014120429,-1
G086,G052,-0.0014120436,-1
G005,G052,-0.0014120649,-1
G090,G025,-0.0014161491,-1
G027,G077,-0.0014163472,-1
G076,G031,-0.0014168095,-1
G065,G034,-0.0014173369,-1
G017,G064,-0.0014177527,-1
G020,G018,-0.0014181925,-1
G052,G025,-0.0014188434,-1
G084,G095,-0.0014194326,-1
G036,G051,-0.0014202284,-1
G003,G060,-0.0014231574,-1
G014,G038,-0.0014232706,-1
G063,G034,-0.0014232844,-1
G051,G001,-0.0014244224,-1
G060,G084,-0.0014270035,-1
G055,G098,-0.0014270443,-1
G072,G050,-0.0014288197,-1
G053,G066,-0.0014290075,-1
G008,G087,-0.0014293462,-1
G034,G024,-0.0014318398,-1
G003,G072,-0.0014319993,-1
G001,G022,-0.001432125,-1
G036,G081,-0.0014321539,-1
G097,G037,-0.0014324118,-1
G039,G063,-0.0014326808,-1
G008,G061,-0.001432731,-1
G067,G088,-0.0014331617,-1
G075,G076,-0.0014347138,-1
G090,G002,-0.001434801,-1
G021,G045,-0.0014365603,-1
G083,G031,-0.001437412,-1
G039,G014,-0.001437887,-1
G062,G043,-0.001438082,-1
G040,G053,-0.0014388475,-1
G043,G045,-0.0014392168,-1
G063,G075,-0.00143948,-1
G042,G034,-0.0014400339,-1
G060,G091,-0.0014407607,-1
G016,G079,-0.0014413956,-1
G035,G096,-0.0014425154,-1
G058,G067,-0.0014427482,-1
G077,G044,-0.0014437739,-1
G090,G092,-0.0014452959,-1
G022,G041,-0.0014454881,-1
G077,G082,-0.0014475944,-1
G091,G046,-0.0014476044,-1
G100,G031,-0.0014491455,-1
G020,G030,-0.0014514085,-1
G099,G065,-0.0014523334,-1
G049,G075,-0.0014524265,-1
G073,G024,-0.0014528398,-1
G098,G050,-0.0014529608,-1
G058,G031,-0.001453509,-1
G035,G007,-0.0014541586,-1
G091,G089,-0.0014561602,-1
G054,G001,-0.0014564258,-1
G089,G069,-0.0014568793,-1
G027,G091,-0.0014574243,-1
G067,G052,-0.0014584275,-1
G004,G032,-0.0014594757,-1
G006,G074,-0.0014607724,-1
G098,G019,-0.0014616656,-1
G060,G022,-0.0014624221,-1
G058,G059,-0.0014626982,-1
G065,G021,-0.0014628503,-1
G078,G065,-0.001464032,-1
G048,G093,-0.0014649949,-1
G038,G012,-0.0014663894,-1
G076,G056,-0.0014671639,-1
G084,G100,-0.0014680359,-1
G008,G024,-0.0014691434,-1
G017,G094,-0.0014709376,-1
G050,G038,-0.0014710844,-1
G073,G006,-0.0014712276,-1
G030,G059,-0.0014721542,-1
G035,G011,-0.0014740282,-1
G090,G056,-0.001474547,-1
G058,G061,-0.0014746651,-1
G093,G038,-0.0014749978,-1
G075,G079,-0.0014761301,-1
G040,G041,-0.0014766905,-1
G060,G044,-0.0014768769,-1
G051,G070,-0.0014778273,-1
G059,G076,-0.0014779719,-1
G048,G086,-0.0014781738,-1
G043,G047,-0.0014790978,-1
G040,G001,-0.0014793562,-1
G011,G016,-0.0014794057,-1
G098,G069,-0.001480899,-1
G034,G078,-0.0014816102,-1
G054,G039,-0.0014829233,-1
G023,G100,-0.0014840382,-1
G001,G053,-0.0014846098,-1
G089,G100,-0.001485129,-1
G002,G052,-0.0014854159,-1
G013,G021,-0.0014854972,-1
G061,G099,-0.0014856101,-1
G003,G054,-0.0014857498,-1
G072,G044,-0.0014865783,-1
G062,G069,-0.0014869645,-1
G098,G067,-0.001489568,-1
G084,G021,-0.0014896548,-1
G035,G099,-0.0014899644,-1
G013,G072,-0.0014910868,-1
G063,G041,-0.0014916209,-1
G021,G087,-0.0014920242,-1
G057,G048,-0.0014925083,-1
G061,G093,-0.0014927003,-1
G031,G041,-0.0014928567,-1
G084,G020,-0.0014940067,-1
G053,G096,-0.0014940304,-1
G028,G052,-0.0014948596,-1
G087,G002,-0.0014965057,-1
G076,G048,-0.0014973405,-1
G053,G018,-0.0014992435,-1
G059,G100,-0.001499531,-1
G049,G100,-0.0014997422,-1
G044,G063,-0.0015019296,-1
G036,G088,-0.0015024071,-1
G020,G100,-0.0015033637,-1
G065,G013,-0.0015038921,-1
G067,G053,-0.0015048768,-1
G031,G034,-0.0015055556,-1
G005,G080,-0.001505665,-1
G042,G022,-0.0015069079,-1
G079,G047,-0.001507929,-1
G041,G057,-0.0015089872,-1
G004,G046,-0.0015091187,-1
G089,G018,-0.001510907,-1
G023,G094,-0.0015119176,-1
G037,G046,-0.001512064,-1
G064,G029,-0.0015125191,-1
G072,G091,-0.0015126086,-1
G029,G071,-0.0015127661,-1
G067,G040,-0.00151435,-1
G087,G021,-0.0015150167,-1
G007,G070,-0.0015150186,-1
G005,G034,-0.0015154056,-1
G074,G019,-0.001515613,-1
G060,G088,-0.001517183,-1
G044,G096,-0.0015175183,-1
G025,G033,-0.0015176926,-1
G040,G073,-0.0015191893,-1
G098,G060,-0.0015195037,-1
G071,G007,-0.001520521,-1
G052,G057,-0.0015207315,-1
G065,G097,-0.0015210779,-1
G068,G059,-0.0015215989,-1
G044,G026,-0.0015225619,-1
G066,G078,-0.0015275368,-1
G023,G002,-0.001527866,-1
G086,G100,-0.0015287197,-1
G002,G092,-0.0015289522,-1
G044,G036,-0.0015292377,-1
G017,G060,-0.0015300548,-1
G001,G042,-0.0015307894,-1
G091,G033,-0.0015316874,-1
G027,G087,-0.0015355551,-1
G032,G065,-0.0015355959,-1
G005,G057,-0.0015359498,-1
G076,G024,-0.0015365875,-1
G020,G087,-0.0015378076,-1
G080,G036,-0.0015391288,-1
G046,G043,-0.001540071,-1
G089,G037,-0.0015411103,-1
G074,G022,-0.0015417401,-1
G016,G008,-0.0015430878,-1
G099,G077,-0.0015482231,-1
G066,G054,-0.0015482964,-1
G076,G095,-0.0015500692,-1
G079,G071,-0.0015502069,-1
G007,G052,-0.0015505556,-1
G028,G088,-0.0015509538,-1
G008,G084,-0.0015513637,-1
G041,G023,-0.0015513698,-1
G049,G088,-0.0015548663,-1
G009,G097,-0.0015555762,-1
G064,G058,-0.0015555862,-1
G084,G030,-0.0015561676,-1
G016,G086,-0.0015570102,-1
G048,G087,-0.0015572604,-1
G050,G092,-0.0015588569,-1
G065,G094,-0.0015588821,-1
G006,G039,-0.00155914,-1
G087,G065,-0.0015597832,-1
G041,G056,-0.0015619703,-1
G050,G020,-0.0015621302,-1
G096,G060,-0.0015642663,-1
G034,G084,-0.0015644574,-1
G084,G025,-0.0015647368,-1
G087,G011,-0.0015656035,-1
G063,G089,-0.0015678052,-1
G003,G014,-0.0015692334,-1
G019,G045,-0.0015708356,-1
G016,G010,-0.0015724921,-1
G021,G071,-0.0015735098,-1
G017,G083,-0.0015751483,-1
G075,G019,-0.0015785716,-1
G069,G063,-0.0015804739,-1
G052,G048,-0.0015807038,-1
G026,G058,-0.0015810124,-1
G073,G056,-0.0015832693,-1
G016,G092,-0.0015866968,-1
G028,G004,-0.0015868364,-1
G082,G078,-0.0015876311,-1
G037,G035,-0.0015877405,-1
G050,G019,-0.0015878967,-1
G074,G021,-0.0015888554,-1
G047,G070,-0.0015893534,-1
G002,G037,-0.0015901872,-1
G038,G081,-0.0015903645,-1
G084,G089,-0.0015908148,-1
G038,G003,-0.0015910644,-1
G065,G062,-0.0015914061,-1
G044,G008,-0.0015919539,-1
G003,G073,-0.0015925178,-1
G069,G037,-0.0015946872,-1
G028,G091,-0.0015954046,-1
G017,G080,-0.0015959304,-1
G084,G093,-0.001596483,-1
G035,G019,-0.0015975306,-1
G091,G044,-0.0015992068,-1
G095,G011,-0.0015998866,-1
G020,G054,-0.0016002881,-1
G050,G013,-0.0016008843,-1
G027,G069,-0.0016016325,-1
G014,G036,-0.0016032305,-1
G083,G010,-0.0016035165,-1
G021,G091,-0.001604417,-1
G020,G055,-0.001605244,-1
G004,G003,-0.0016064595,-1
G020,G044,-0.0016081514,-1
G070,G095,-0.001608208,-1
G074,G031,-0.001608855,-1
G034,G025,-0.0016097372,-1
G014,G009,-0.0016098112,-1
G068,G020,-0.0016108918,-1
G099,G084,-0.0016119954,-1
G052,G087,-0.0016126193,-1
G063,G056,-0.0016139884,-1
G041,G010,-0.001614606,-1
G084,G087,-0.0016149719,-1
G016,G094,-0.0016159138,-1
G081,G068,-0.0016164798,-1
G031,G008,-0.0016171805,-1
G031,G027,-0.0016176889,-1
G009,G017,-0.0016181371,-1
G019,G099,-0.0016192837,-1
G047,G053,-0.0016197952,-1
G016,G036,-0.0016230042,-1
G067,G014,-0.0016239091,-1
G019,G008,-0.0016242994,-1
G090,G080,-0.0016252219,-1
G099,G091,-0.0016256875,-1
G058,G019,-0.001627133,-1
G066,G017,-0.0016274371,-1
G090,G079,-0.0016282188,-1
G090,G038,-0.0016282863,-1
G068,G089,-0.0016283229,-1
G012,G048,-0.0016294105,-1
G040,G098,-0.001632584,-1
G050,G048,-0.0016335832,-1
G091,G034,-0.0016341248,-1
G012,G011,-0.0016344533,-1
G047,G001,-0.0016347576,-1
G046,G075,-0.0016358328,-1
G046,G056,-0.0016366967,-1
G062,G008,-0.001643569,-1
G009,G088,-0.0016438176,-1
G043,G010,-0.0016444788,-1
G099,G027,-0.0016450023,-1
G034,G041,-0.0016459479,-1
G084,G060,-0.0016470278,-1
G054,G044,-0.0016486965,-1
G046,G006,-0.0016510254,-1
G096,G099,-0.0016522519,-1
G094,G046,-0.0016525503,-1
G046,G098,-0.0016541427,-1
G064,G070,-0.0016551991,-1
G032,G081,-0.0016558828,-1
G037,G093,-0.0016562187,-1
G054,G088,-0.0016582167,-1
G051,G020,-0.0016586471,-1
G074,G076,-0.0016606115,-1
G046,G073,-0.0016609366,-1
G099,G025,-0.0016613094,-1
G073,G055,-0.0016627909,-1
G021,G041,-0.0016630074,-1
G008,G091,-0.0016640065,-1
G076,G055,-0.0016652097,-1
G090,G094,-0.0016652405,-1
G065,G006,-0.0016657833,-1
G100,G059,-0.001666338,-1
G032,G038,-0.0016668431,-1
G081,G034,-0.0016692935,-1
G043,G075,-0.0016695174,-1
G040,G009,-0.0016716963,-1
G093,G004,-0.0016717602,-1
G093,G099,-0.0016721142,-1
G032,G072,-0.0016768869,-1
G008,G027,-0.0016779609,-1
G054,G025,-0.0016782607,-1
G046,G094,-0.0016783722,-1
G028,G061,-0.0016785456,-1
G064,G053,-0.0016793285,-1
G073,G070,-0.001679597,-1
G033,G015,-0.0016809416,-1
G028,G026,-0.0016813093,-1
G005,G015,-0.0016817827,-1
G019,G029,-0.001682545,-1
G071,G048,-0.0016842257,-1
G068,G090,-0.0016861939,-1
G045,G098,-0.0016879899,-1
G066,G003,-0.0016900229,-1
G052,G080,-0.001690542,-1
G048,G089,-0.001691606,-1
G005,G039,-0.001691933,-1
G071,G033,-0.0016928264,-1
G090,G069,-0.0016928683,-1
G005,G077,-0.0016933341,-1
G008,G052,-0.0016934907,-1
G098,G020,-0.001695993,-1
G058,G020,-0.0016966398,-1
G094,G024,-0.0016969643,-1
G062,G089,-0.0016982888,-1
G019,G066,-0.0016984092,-1
G005,G045,-0.0016986489,-1
G047,G003,-0.0016994996,-1
G052,G075,-0.0017000114,-1
G049,G062,-0.0017011887,-1
G081,G010,-0.001702014,-1
G057,G077,-0.0017031189,-1
G046,G027,-0.0017033878,-1
G071,G040,-0.0017051671,-1
G100,G007,-0.0017086376,-1
G073,G097,-0.001708692,-1
G054,G007,-0.0017106262,-1
G083,G050,-0.0017116325,-1
G068,G064,-0.0017129104,-1
G052,G099,-0.0017129934,-1
G084,G077,-0.0017147077,-1
G001,G092,-0.0017167834,-1
G009,G036,-0.001717583,-1
G065,G057,-0.0017184103,-1
G072,G020,-0.0017195239,-1
G029,G026,-0.0017198679,-1
G046,G007,-0.0017219415,-1
G049,G063,-0.0017223597,-1
G058,G063,-0.0017258775,-1
G065,G087,-0.0017288881,-1
G090,G060,-0.0017289296,-1
G028,G008,-0.001729046,-1
G082,G086,-0.001730203,-1
G035,G075,-0.001733727,-1
G040,G021,-0.001735507,-1
G058,G088,-0.0017381436,-1
G020,G045,-0.0017393666,-1
G067,G084,-0.0017401559,-1
G097,G004,-0.0017405035,-1
G076,G034,-0.0017414897,-1
G035,G068,-0.0017423283,-1
G005,G009,-0.0017432709,-1
G020,G019,-0.0017437527,-1
G069,G064,-0.0017446957,-1
G034,G030,-0.0017464304,-1
G099,G039,-0.0017505381,-1
G041,G060,-0.0017511867,-1
G084,G029,-0.0017534178,-1
G069,G041,-0.0017542354,-1
G027,G034,-0.0017542505,-1
G053,G081,-0.0017549801,-1
G072,G098,-0.0017550443,-1
G020,G056,-0.0017566808,-1
G058,G077,-0.0017581779,-1
G049,G060,-0.0017608912,-1
G073,G082,-0.0017614734,-1
G074,G003,-0.0017626475,-1
G022,G025,-0.001763022,-1
G058,G005,-0.0017632714,-1
G046,G034,-0.0017647486,-1
G014,G041,-0.001767228,-1
G053,G036,-0.0017672644,-1
G076,G084,-0.0017693454,-1
G072,G024,-0.0017694683,-1
G009,G001,-0.0017699967,-1
G016,G088,-0.0017709357,-1
G012,G062,-0.0017717791,-1
G005,G100,-0.0017718356,-1
G053,G078,-0.0017726237,-1
G065,G081,-0.0017731987,-1
G035,G070,-0.0017742341,-1
G037,G029,-0.001776268,-1
G049,G011,-0.001776454,-1
G046,G049,-0.0017780329,-1
G053,G022,-0.0017787893,-1
G021,G015,-0.0017794657,-1
G068,G018,-0.0017800695,-1
G099,G045,-0.0017806203,-1
G066,G088,-0.0017829824,-1
G005,G062,-0.001783357,-1
G044,G067,-0.0017835603,-1
G076,G087,-0.0017839279,-1
G005,G081,-0.0017839811,-1
G008,G070,-0.0017862641,-1
G062,G077,-0.001788987,-1
G001,G063,-0.0017903687,-1
G062,G042,-0.0017908887,-1
G080,G007,-0.001791784,-1
G091,G099,-0.0017931319,-1
G022,G083,-0.0017952758,-1
G035,G076,-0.0017962761,-1
G043,G052,-0.0017991976,-1
G100,G097,-0.0017998273,-1
G029,G097,-0.0018003914,-1
G008,G083,-0.001801485,-1
G001,G081,-0.0018032447,-1
G070,G067,-0.0018036572,-1
G065,G037,-0.0018038278,-1
G052,G029,-0.0018044136,-1
G058,G097,-0.0018068276,-1
G053,G038,-0.0018081575,-1
G028,G081,-0.0018081863,-1
G075,G038,-0.0018087454,-1
G046,G095,-0.0018090506,-1
G047,G031,-0.0018111408,-1
G100,G075,-0.0018117062,-1
G090,G059,-0.001812473,-1
G044,G062,-0.0018147475,-1
G045,G027,-0.0018154526,-1
G020,G006,-0.0018156501,-1
G017,G036,-0.0018157271,-1
G041,G066,-0.0018175883,-1
G074,G032,-0.0018181034,-1
G019,G017,-0.0018188183,-1
G040,G029,-0.0018201473,-1
G084,G079,-0.0018222247,-1
G044,G068,-0.0018234696,-1
G052,G096,-0.0018236077,-1
G052,G069,-0.001824104,-1
G001,G079,-0.0018255564,-1
G090,G089,-0.0018257031,-1
G048,G080,-0.0018260655,-1
G040,G093,-0.0018270868,-1
G072,G022,-0.0018276828,-1
G014,G046,-0.0018290028,-1
G005,G021,-0.0018292425,-1
G013,G074,-0.0018292741,-1
G028,G011,-0.0018305465,-1
G078,G047,-0.0018310763,-1
G089,G060,-0.0018326108,-1
G001,G015,-0.0018336615,-1
G016,G014,-0.0018338969,-1
G073,G069,-0.0018344179,-1
G091,G052,-0.0018346452,-1
G092,G099,-0.0018348471,-1
G091,G078,-0.0018367417,-1
G077,G059,-0.0018374829,-1
G075,G033,-0.0018405116,-1
G073,G075,-0.0018407012,-1
G071,G068,-0.0018416528,-1
G005,G004,-0.0018441464,-1
G038,G062,-0.0018443923,-1
G044,G039,-0.0018447561,-1
G082,G088,-0.0018448306,-1
G088,G094,-0.0018468961,-1
G098,G096,-0.0018484379,-1
G016,G041,-0.0018491914,-1
G058,G045,-0.0018501155,-1
G016,G039,-0.0018503607,-1
G035,G010,-0.001853836,-1
G083,G008,-0.0018544577,-1
G076,G002,-0.0018559891,-1
G097,G036,-0.0018563243,-1
G028,G039,-0.0018573762,-1
G005,G056,-0.0018600338,-1
G013,G069,-0.0018603909,-1
G020,G031,-0.0018632083,-1
G037,G075,-0.0018662476,-1
G083,G034,-0.0018685495,-1
G093,G008,-0.001870111,-1
G003,G042,-0.0018738963,-1
G005,G095,-0.0018738969,-1
G076,G007,-0.0018750965,-1
G061,G011,-0.0018766136,-1
G059,G099,-0.0018774326,-1
G035,G051,-0.0018790658,-1
G070,G036,-0.0018790903,-1
G070,G073,-0.0018809781,-1
G074,G087,-0.0018823581,-1
G046,G037,-0.0018824746,-1
G049,G084,-0.0018860077,-1
G049,G014,-0.0018871122,-1
G070,G080,-0.0018875198,-1
G073,G007,-0.0018879111,-1
G037,G096,-0.0018885047,-1
G071,G015,-0.0018885762,-1
G069,G083,-0.0018894961,-1
G062,G050,-0.0018910854,-1
G032,G059,-0.0018911016,-1
G035,G057,-0.0018939469,-1
G073,G045,-0.0018947633,-1
G062,G097,-0.0018949506,-1
G029,G072,-0.0018957792,-1
G068,G060,-0.0018963953,-1
G047,G087,-0.0018976659,-1
G012,G078,-0.0018977544,-1
G043,G076,-0.0018977621,-1
G043,G077,-0.0018988362,-1
G053,G069,-0.0019065483,-1
G020,G041,-0.0019079633,-1
G008,G034,-0.0019102384,-1
G046,G038,-0.0019107807,-1
G049,G085,-0.0019110359,-1
G046,G078,-0.0019153855,-1
G041,G087,-0.0019163026,-1
G046,G084,-0.0019174406,-1
G051,G023,-0.0019175797,-1
G040,G090,-0.0019217385,-1
G033,G060,-0.0019221164,-1
G044,G048,-0.0019241256,-1
G053,G061,-0.001924276,-1
G090,G015,-0.0019335315,-1
G053,G080,-0.001934212,-1
G065,G045,-0.0019344868,-1
G086,G095,-0.001934964,-1
G012,G058,-0.001936848,-1
G046,G093,-0.0019370099,-1
G082,G059,-0.0019372273,-1
G006,G013,-0.0019386475,-1
G052,G084,-0.0019387179,-1
G008,G032,-0.0019387681,-1
G070,G017,-0.0019401883,-1
G012,G017,-0.0019404424,-1
G027,G043,-0.0019423472,-1
G017,G078,-0.0019427309,-1
G038,G041,-0.0019452448,-1
G003,G064,-0.0019466574,-1
G052,G023,-0.0019468985,-1
G003,G015,-0.0019473301,-1
G011,G092,-0.0019508633,-1
G005,G060,-0.0019526572,-1
G079,G034,-0.0019561816,-1
G083,G061,-0.0019564002,-1
G012,G015,-0.0019568764,-1
G022,G023,-0.0019580815,-1
G090,G049,-0.0019584827,-1
G048,G036,-0.001960654,-1
G098,G053,-0.001961535,-1
G028,G037,-0.0019620194,-1
G091,G019,-0.0019621425,-1
G075,G050,-0.0019628864,-1
G052,G032,-0.0019637798,-1
G046,G081,-0.0019641311,-1
G046,G089,-0.0019647025,-1
G058,G098,-0.0019658806,-1
G037,G084,-0.0019679568,-1
G010,G028,-0.0019689833,-1
G053,G088,-0.0019709382,-1
G008,G017,-0.0019741755,-1
G044,G064,-0.0019783527,-1
G087,G091,-0.0019787708,-1
G046,G030,-0.001979189,-1
G049,G048,-0.0019803494,-1
G042,G049,-0.0019816544,-1
G016,G048,-0.0019816982,-1
G051,G049,-0.001983514,-1
G099,G003,-0.0019860177,-1
G003,G032,-0.001986319,-1
G042,G097,-0.001986837,-1
G076,G025,-0.0019869932,-1
G050,G009,-0.0019915747,-1
G006,G010,-0.0019921374,-1
G090,G019,-0.0019943642,-1
G083,G042,-0.001995707,-1
G086,G072,-0.0019963149,-1
G001,G094,-0.001998371,-1
G027,G081,-0.002000141,-1
G006,G087,-0.0020015368,-1
G087,G069,-0.00200262,-1
G039,G031,-0.002002625,-1
G073,G027,-0.0020052919,-1
G090,G042,-0.0020058663,-1
G073,G004,-0.0020115701,-1
G098,G094,-0.0020139748,-1
G098,G039,-0.0020147772,-1
G090,G053,-0.0020155904,-1
G014,G002,-0.0020156894,-1
G028,G095,-0.002016356,-1
G005,G049,-0.0020178007,-1
G083,G040,-0.0020187267,-1
G043,G048,-0.0020214166,-1
G019,G001,-0.0020230315,-1
G086,G067,-0.0020232575,-1
G008,G065,-0.0020241637,-1
G076,G036,-0.0020261917,-1
G020,G093,-0.0020265384,-1
G049,G082,-0.002030667,-1
G066,G013,-0.0020319838,-1
G035,G081,-0.0020337065,-1
G026,G018,-0.0020344032,-1
G021,G024,-0.002037588,-1
G023,G071,-0.0020420041,-1
G097,G031,-0.0020441539,-1
G083,G045,-0.0020442724,-1
G036,G041,-0.0020445595,-1
G074,G017,-0.0020459518,-1
G090,G055,-0.0020461415,-1
G098,G006,-0.0020485185,-1
G012,G014,-0.0020521956,-1
G082,G083,-0.002054622,-1
G058,G027,-0.0020549193,-1
G071,G095,-0.00205751,-1
G066,G059,-0.0020578336,-1
G083,G030,-0.0020578562,-1
G009,G082,-0.0020603235,-1
G054,G063,-0.0020611056,-1
G098,G078,-0.002063085,-1
G060,G076,-0.0020632208,-1
G013,G055,-0.0020633128,-1
G071,G001,-0.0020634106,-1
G065,G067,-0.0020642395,-1
G093,G074,-0.0020648018,-1
G032,G076,-0.0020658136,-1
G005,G007,-0.0020658253,-1
G094,G085,-0.0020663792,-1
G040,G003,-0.0020691287,-1
G012,G067,-0.0020748882,-1
G063,G087,-0.0020773145,-1
G084,G044,-0.002078635,-1
G058,G093,-0.0020800217,-1
G064,G082,-0.0020816547,-1
G047,G098,-0.0020832126,-1
G008,G096,-0.0020856978,-1
G058,G015,-0.002087408,-1
G074,G048,-0.0020875193,-1
G028,G030,-0.002090066,-1
G092,G049,-0.0020920467,-1
G069,G044,-0.0020947265,-1
G001,G072,-0.0020956064,-1
G058,G023,-0.002095736,-1
G054,G011,-0.0020958849,-1
G076,G042,-0.0020963287,-1
G054,G076,-0.0020969948,-1
G007,G050,-0.0020998614,-1
G001,G032,-0.0020999606,-1
G090,G037,-0.0021013797,-1
G046,G012,-0.0021014512,-1
G019,G069,-0.002102077,-1
G029,G059,-0.002102121,-1
G087,G008,-0.0021024132,-1
G016,G091,-0.0021034072,-1
G043,G001,-0.002105034,-1
G068,G042,-0.002107759,-1
G017,G053,-0.00210975,-1
G042,G020,-0.0021114391,-1
G005,G096,-0.0021118803,-1
G073,G040,-0.002113337,-1
G005,G094,-0.002115148,-1
G028,G064,-0.0021162396,-1
G009,G086,-0.0021168063,-1
G048,G064,-0.00212355,-1
G073,G044,-0.0021239703,-1
G009,G003,-0.0021243521,-1
G052,G011,-0.0021248818,-1
G022,G014,-0.0021256907,-1
G021,G042,-0.0021265857,-1
G033,G045,-0.0021341532,-1
G039,G070,-0.0021343823,-1
G071,G066,-0.00213619,-1
G012,G021,-0.0021367664,-1
G096,G084,-0.0021383695,-1
G058,G099,-0.0021397637,-1
G074,G098,-0.0021460208,-1
G047,G080,-0.0021470892,-1
G042,G074,-0.0021478883,-1
G074,G080,-0.0021489153,-1
G100,G021,-0.0021499866,-1
G060,G025,-0.0021505698,-1
G058,G004,-0.0021516634,-1
G052,G045,-0.002153767,-1
G046,G040,-0.0021568718,-1
G073,G089,-0.0021571734,-1
G035,G078,-0.0021636495,-1
G098,G018,-0.0021657606,-1
G074,G086,-0.002165811,-1
G090,G044,-0.0021665525,-1
G020,G061,-0.0021690049,-1
G075,G090,-0.0021703686,-1
G067,G065,-0.0021720957,-1
G073,G062,-0.002173191,-1
G035,G062,-0.0021737244,-1
G008,G022,-0.0021740226,-1
G044,G027,-0.0021748603,-1
G028,G058,-0.0021759218,-1
G012,G039,-0.0021766182,-1
G059,G010,-0.0021790795,-1
G028,G055,-0.002179342,-1
G042,G100,-0.002180504,-1
G098,G024,-0.0021817554,-1
G054,G071,-0.0021845214,-1
G012,G081,-0.0021853526,-1
G071,G084,-0.0021877878,-1
G083,G013,-0.002196678,-1
G021,G052,-0.0021969562,-1
G012,G001,-0.002200361,-1
G012,G034,-0.0022041302,-1
G073,G094,-0.002205991,-1
G084,G033,-0.002208815,-1
G073,G022,-0.0022098164,-1
G021,G032,-0.0022115102,-1
G028,G051,-0.0022131044,-1
G038,G099,-0.002213869,-1
G001,G088,-0.0022139754,-1
G082,G056,-0.0022166048,-1
G016,G004,-0.0022178479,-1
G090,G091,-0.002218218,-1
G092,G022,-0.0022204071,-1
G090,G099,-0.0022230204,-1
G051,G034,-0.002223344,-1
G038,G082,-0.0022255264,-1
G082,G070,-0.0022256272,-1
G080,G075,-0.0022268288,-1
G090,G031,-0.0022297709,-1
G035,G031,-0.0022298892,-1
G074,G050,-0.0022301462,-1
G058,G006,-0.0022302833,-1
G019,G009,-0.002230427,-1
G061,G040,-0.0022305346,-1
G012,G073,-0.0022309865,-1
G053,G089,-0.002231303,-1
G081,G099,-0.0022323714,-1
G038,G089,-0.002233038,-1
G074,G059,-0.0022344543,-1
G092,G039,-0.002238474,-1
G091,G096,-0.002239468,-1
G003,G006,-0.0022404238,-1
G060,G082,-0.0022416085,-1
G077,G094,-0.0022422385,-1
G053,G010,-0.0022443102,-1
G100,G052,-0.0022446024,-1
G058,G082,-0.0022459845,-1
G012,G041,-0.0022506197,-1
G028,G082,-0.002251627,-1
G028,G003,-0.0022516986,-1
G028,G045,-0.0022546384,-1
G063,G061,-0.0022595571,-1
G065,G068,-0.0022597956,-1
G033,G096,-0.0022604996,-1
G027,G041,-0.00226098,-1
G080,G061,-0.0022618999,-1
G058,G034,-0.0022622743,-1
G008,G100,-0.0022641933,-1
G061,G049,-0.0022659053,-1
G092,G012,-0.0022694606,-1
G024,G023,-0.0022714077,-1
G057,G068,-0.0022781698,-1
G073,G098,-0.0022815762,-1
G062,G074,-0.002286539,-1
G008,G076,-0.0022883357,-1
G041,G053,-0.0022900314,-1
G031,G063,-0.0022902153,-1
G040,G011,-0.0022911467,-1
G016,G042,-0.0022917842,-1
G088,G097,-0.002292337,-1
G046,G060,-0.0022937537,-1
G028,G010,-0.0022985463,-1
G061,G057,-0.0023022804,-1
G050,G082,-0.002304642,-1
G009,G099,-0.002304817,-1
G065,G003,-0.0023088306,-1
G049,G012,-0.0023090355,-1
G023,G065,-0.0023094532,-1
G049,G004,-0.0023146928,-1
G052,G034,-0.0023170216,-1
G053,G003,-0.002317777,-1
G083,G093,-0.0023187497,-1
G048,G021,-0.0023188323,-1
G052,G098,-0.0023219513,-1
G074,G084,-0.0023221753,-1
G014,G098,-0.00232342,-1
G043,G055,-0.0023235593,-1
G048,G068,-0.0023237132,-1
G021,G057,-0.0023276408,-1
G027,G063,-0.0023290871,-1
G083,G057,-0.0023301146,-1
G035,G048,-0.002330684,-1
G084,G094,-0.0023403058,-1
G005,G061,-0.0023404832,-1
G070,G046,-0.002347981,-1
G046,G064,-0.0023491948,-1
G038,G013,-0.0023506791,-1
G047,G007,-0.002351792,-1
G070,G023,-0.00235527,-1
G099,G054,-0.0023559504,-1
G073,G064,-0.0023568494,-1
G016,G015,-0.002357064,-1
G005,G017,-0.0023593956,-1
G070,G031,-0.0023603612,-1
G100,G041,-0.0023644373,-1
G021,G084,-0.002367026,-1
G052,G004,-0.0023690853,-1
G073,G095,-0.0023708823,-1
G011,G100,-0.002372298,-1
G074,G063,-0.0023724374,-1
G076,G074,-0.0023736197,-1
G028,G017,-0.0023748344,-1
G012,G036,-0.0023748628,-1
G085,G088,-0.0023748975,-1
G057,G008,-0.0023752865,-1
G043,G024,-0.0023754928,-1
G038,G052,-0.002376641,-1
G008,G005,-0.0023794528,-1
G035,G060,-0.0023809285,-1
G027,G054,-0.002385063,-1
G036,G018,-0.0023873656,-1
G049,G020,-0.0023919283,-1
G084,G042,-0.0023940457,-1
G051,G068,-0.0023959603,-1
G046,G097,-0.0023975174,-1
G058,G039,-0.0023991268,-1
G057,G050,-0.0024013647,-1
G018,G091,-0.0024030101,-1
G091,G084,-0.002404127,-1
G073,G060,-0.0024065715,-1
G072,G076,-0.0024084772,-1
G028,G098,-0.002410573,-1
G051,G072,-0.0024105746,-1
G023,G057,-0.0024116084,-1
G090,G095,-0.0024152913,-1
G063,G052,-0.002416277,-1
G090,G096,-0.0024179288,-1
G060,G057,-0.0024179714,-1
G075,G078,-0.0024235887,-1
G016,G100,-0.0024236012,-1
G054,G047,-0.002424732,-1
G083,G077,-0.0024275545,-1
G078,G063,-0.0024282318,-1
G091,G050,-0.0024347433,-1
G082,G065,-0.0024349606,-1
G100,G033,-0.0024356283,-1
G063,G038,-0.0024407303,-1
G046,G079,-0.0024422898,-1
G019,G057,-0.0024455753,-1
G046,G077,-0.0024483218,-1
G016,G065,-0.0024511744,-1
G028,G093,-0.0024527034,-1
G046,G042,-0.0024621496,-1
G047,G039,-0.0024631813,-1
G005,G013,-0.0024633028,-1
G058,G050,-0.0024655794,-1
G099,G067,-0.0024661676,-1
G049,G036,-0.0024678356,-1
G076,G021,-0.0024698647,-1
G069,G004,-0.0024699825,-1
G046,G080,-0.0024710223,-1
G068,G070,-0.0024730733,-1
G093,G001,-0.0024753222,-1
G003,G039,-0.0024817598,-1
G046,G031,-0.0024866993,-1
G038,G017,-0.0024881877,-1
G008,G036,-0.0024922348,-1
G003,G024,-0.0024945273,-1
G046,G005,-0.0024945862,-1
G034,G040,-0.0024976146,-1
G052,G003,-0.0025020465,-1
G058,G078,-0.0025028752,-1
G082,G017,-0.002505305,-1
G075,G084,-0.0025062345,-1
G089,G079,-0.0025076107,-1
G005,G087,-0.0025089309,-1
G016,G024,-0.002509183,-1
G005,G093,-0.0025150036,-1
G067,G006,-0.002516623,-1
G020,G092,-0.0025180688,-1
G073,G099,-0.002519169,-1
G003,G010,-0.00252208,-1
G084,G070,-0.0025231736,-1
G073,G015,-0.0025249866,-1
G031,G082,-0.0025269573,-1
G044,G057,-0.0025290272,-1
G092,G004,-0.0025301157,-1
G040,G061,-0.0025311643,-1
G084,G063,-0.002532643,-1
G074,G041,-0.002534791,-1
G040,G052,-0.0025372317,-1
G028,G006,-0.002539295,-1
G035,G020,-0.0025406452,-1
G057,G082,-0.0025461132,-1
G057,G062,-0.0025462299,-1
G012,G007,-0.0025485668,-1
G033,G051,-0.0025507198,-1
G023,G055,-0.0025518995,-1
G021,G081,-0.0025582537,-1
G087,G046,-0.0025592388,-1
G041,G024,-0.0025625245,-1
G100,G045,-0.0025629755,-1
G028,G087,-0.0025632319,-1
G005,G003,-0.0025634912,-1
G032,G075,-0.0025678242,-1
G075,G046,-0.0025688137,-1
G043,G084,-0.0025719344,-1
G028,G022,-0.002573246,-1
G049,G029,-0.002574161,-1
G080,G004,-0.002575111,-1
G052,G013,-0.0025783088,-1
G038,G029,-0.0025791235,-1
G035,G006,-0.002579489,-1
G005,G043,-0.0025820301,-1
G039,G033,-0.0025820856,-1
G021,G082,-0.0025883932,-1
G058,G022,-0.0025902,-1
G075,G052,-0.0025916349,-1
G083,G006,-0.0025918053,-1
G005,G032,-0.002596129,-1
G087,G015,-0.002596365,-1
G033,G070,-0.0026035712,-1
G092,G070,-0.002604037,-1
G016,G060,-0.0026116744,-1
G048,G046,-0.0026118879,-1
G068,G037,-0.0026133019,-1
G016,G083,-0.0026170493,-1
G040,G004,-0.0026178518,-1
G035,G030,-0.00261949,-1
G039,G097,-0.0026237767,-1
G074,G015,-0.0026261865,-1
G017,G095,-0.002626419,-1
G005,G029,-0.0026265967,-1
G040,G013,-0.0026274787,-1
G068,G056,-0.002633804,-1
G005,G036,-0.0026343134,-1
G038,G002,-0.002636512,-1
G012,G004,-0.0026446236,-1
G035,G017,-0.0026451924,-1
G036,G063,-0.0026457268,-1
G090,G075,-0.002645738,-1
G098,G011,-0.0026471873,-1
G028,G078,-0.0026472977,-1
G035,G097,-0.0026516253,-1
G071,G076,-0.0026523233,-1
G060,G074,-0.0026546859,-1
G090,G048,-0.0026576917,-1
G012,G030,-0.002657698,-1
G090,G030,-0.0026597623,-1
G073,G091,-0.0026639914,-1
G044,G053,-0.0026641635,-1
G068,G097,-0.0026655784,-1
G080,G003,-0.0026666697,-1
G074,G052,-0.0026678478,-1
G003,G070,-0.002672084,-1
G049,G017,-0.0026725926,-1
G033,G009,-0.0026736641,-1
G046,G021,-0.0026737587,-1
G005,G097,-0.0026744092,-1
G049,G008,-0.0026755799,-1
G049,G052,-0.002675799,-1
G047,G048,-0.0026774544,-1
G082,G016,-0.0026821827,-1
G049,G023,-0.002684152,-1
G021,G027,-0.0026860426,-1
G008,G011,-0.0026886743,-1
G039,G010,-0.002693894,-1
G090,G051,-0.0026956615,-1
G020,G013,-0.0026961206,-1
G016,G047,-0.0026971784,-1
G090,G074,-0.0026981244,-1
G084,G074,-0.0027037968,-1
G036,G065,-0.0027039615,-1
G046,G003,-0.0027081035,-1
G035,G045,-0.0027086376,-1
G090,G017,-0.0027089624,-1
G094,G004,-0.0027145625,-1
G020,G053,-0.0027162652,-1
G028,G080,-0.0027173106,-1
G008,G046,-0.0027190452,-1
G058,G084,-0.0027321063,-1
G091,G042,-0.0027322406,-1
G074,G094,-0.0027403526,-1
G100,G066,-0.0027435122,-1
G003,G057,-0.0027502596,-1
G090,G083,-0.0027537423,-1
G012,G099,-0.0027543094,-1
G028,G032,-0.0027570813,-1
G053,G099,-0.0027574252,-1
G083,G003,-0.0027580173,-1
G084,G072,-0.002758563,-1
G012,G040,-0.002758638,-1
G068,G093,-0.0027595765,-1
G090,G003,-0.0027635985,-1
G038,G073,-0.0027641621,-1
G068,G095,-0.002768848,-1
G072,G015,-0.0027767275,-1
G035,G088,-0.002777799,-1
G023,G097,-0.0027826203,-1
G058,G030,-0.0027828699,-1
G035,G015,-0.0027835858,-1
G038,G001,-0.0027859763,-1
G044,G001,-0.0027901495,-1
G005,G082,-0.0027925193,-1
G049,G078,-0.002796967,-1
G062,G036,-0.0027997387,-1
G038,G049,-0.0028016823,-1
G099,G037,-0.002802298,-1
G059,G053,-0.0028033773,-1
G074,G099,-0.0028038705,-1
G023,G001,-0.0028065995,-1
G012,G082,-0.0028097953,-1
G005,G099,-0.0028171763,-1
G093,G082,-0.0028175963,-1
G035,G027,-0.0028182378,-1
G090,G021,-0.0028236457,-1
G038,G027,-0.002832593,-1
G035,G061,-0.0028340714,-1
G084,G045,-0.0028351487,-1
G023,G076,-0.0028400805,-1
G035,G044,-0.0028462058,-1
G028,G075,-0.0028532576,-1
G072,G008,-0.0028537388,-1
G035,G003,-0.0028538124,-1
G071,G094,-0.0028546846,-1
G090,G008,-0.002869111,-1
G020,G091,-0.0028695858,-1
G065,G074,-0.0028707949,-1
G001,G061,-0.002872427,-1
G012,G046,-0.00287739,-1
G020,G011,-0.0028791928,-1
G086,G023,-0.0028873314,-1
G072,G036,-0.0028948747,-1
G074,G007,-0.0028984523,-1
G074,G083,-0.0029054435,-1
G068,G062,-0.0029057998,-1
G003,G075,-0.0029132753,-1
G063,G005,-0.0029143547,-1
G082,G045,-0.0029162995,-1
G023,G046,-0.002918879,-1
G053,G086,-0.0029201417,-1
G090,G078,-0.0029220467,-1
G048,G017,-0.0029264234,-1
G049,G019,-0.0029339367,-1
G049,G041,-0.0029404645,-1
G069,G054,-0.0029407816,-1
G017,G068,-0.0029409581,-1
G057,G086,-0.0029532535,-1
G023,G093,-0.002955924,-1
G094,G090,-0.0029568034,-1
G034,G064,-0.0029609818,-1
G012,G013,-0.002966745,-1
G051,G069,-0.0029724468,-1
G035,G049,-0.0029761116,-1
G005,G051,-0.0029947332,-1
G028,G074,-0.0030004636,-1
G012,G090,-0.003000862,-1
G020,G060,-0.003003469,-1
G026,G083,-0.0030153538,-1
G054,G045,-0.0030155033,-1
G068,G087,-0.0030176837,-1
G053,G055,-0.0030180397,-1
G038,G074,-0.003018408,-1
G026,G076,-0.003022,-1
G003,G002,-0.0030231578,-1
G012,G024,-0.00302874,-1
G003,G062,-0.003036007,-1
G072,G009,-0.0030412006,-1
G028,G079,-0.0030568654,-1
G035,G063,-0.0030572726,-1
G003,G021,-0.0030606266,-1
G028,G094,-0.0030614315,-1
G005,G014,-0.003068175,-1
G046,G100,-0.0030727598,-1
G012,G061,-0.0030771415,-1
G003,G077,-0.0031038115,-1
G053,G092,-0.003110759,-1
G073,G065,-0.0031128833,-1
G050,G062,-0.0031150556,-1
G082,G006,-0.0031280285,-1
G098,G033,-0.0031309158,-1
G005,G086,-0.0031337882,-1
G077,G073,-0.0031354316,-1
G060,G072,-0.0031355035,-1
G072,G007,-0.0031399096,-1
G049,G090,-0.0031429569,-1
G005,G079,-0.003145709,-1
G092,G010,-0.003151676,-1
G048,G077,-0.0031531036,-1
G012,G054,-0.003157534,-1
G012,G064,-0.0031666555,-1
G019,G048,-0.0031831511,-1
G099,G090,-0.0031832184,-1
G026,G019,-0.0031835553,-1
G090,G064,-0.0031870685,-1
G072,G042,-0.0031888562,-1
G087,G004,-0.003195468,-1
G016,G056,-0.003195626,-1
G053,G056,-0.0031971766,-1
G082,G007,-0.0032118317,-1
G016,G051,-0.0032121157,-1
G032,G090,-0.0032135637,-1
G035,G056,-0.0032137483,-1
G017,G067,-0.0032176825,-1
G083,G015,-0.0032188452,-1
G065,G053,-0.0032194867,-1
G016,G030,-0.0032196464,-1
G073,G021,-0.003221445,-1
G083,G080,-0.003224941,-1
G093,G070,-0.0032268872,-1
G040,G068,-0.003228578,-1
G040,G081,-0.0032306097,-1
G090,G100,-0.0032330423,-1
G005,G075,-0.0032340027,-1
G033,G084,-0.0032382137,-1
G065,G052,-0.0032409027,-1
G054,G021,-0.003245491,-1
G020,G040,-0.0032542378,-1
G020,G069,-0.0032609252,-1
G012,G006,-0.0032639983,-1
G048,G097,-0.0032706296,-1
G019,G005,-0.0032721476,-1
G082,G099,-0.003282502,-1
G099,G076,-0.00329454,-1
G021,G062,-0.0032945555,-1
G046,G065,-0.0032953385,-1
G035,G040,-0.0033005255,-1
G005,G006,-0.0033132948,-1
G012,G084,-0.0033150425,-1
G012,G025,-0.0033188255,-1
G005,G089,-0.00332257,-1
G058,G089,-0.003322783,-1
G052,G068,-0.0033252912,-1
G083,G069,-0.0033323276,-1
G065,G033,-0.0033346615,-1
G035,G067,-0.0033374745,-1
G052,G005,-0.0033391095,-1
G016,G064,-0.0033600323,-1
G058,G055,-0.00336681,-1
G005,G031,-0.003368398,-1
G068,G025,-0.0033717984,-1
G083,G094,-0.003374023,-1
G023,G041,-0.0033777312,-1
G073,G059,-0.0033795359,-1
G020,G010,-0.0033896882,-1
G053,G083,-0.0034191115,-1
G073,G034,-0.0034253204,-1
G083,G097,-0.0034322345,-1
G023,G019,-0.003433049,-1
G058,G086,-0.0034341244,-1
G090,G047,-0.0034395219,-1
G098,G064,-0.0034500062,-1
G040,G022,-0.0034549334,-1
G023,G081,-0.0034572443,-1
G071,G082,-0.0034609241,-1
G083,G088,-0.003462833,-1
G073,G052,-0.0034752972,-1
G076,G077,-0.0034850573,-1
G043,G039,-0.003505235,-1
G063,G049,-0.0035344162,-1
G100,G076,-0.003535484,-1
G028,G031,-0.0035410514,-1
G083,G052,-0.0035431397,-1
G033,G056,-0.0035471483,-1
G090,G087,-0.0035483155,-1
G046,G008,-0.0035613272,-1
G005,G063,-0.0035682286,-1
G074,G045,-0.00356889,-1
G076,G065,-0.003569872,-1
G076,G045,-0.003569917,-1
G073,G096,-0.00357346,-1
G016,G044,-0.0035756638,-1
G023,G043,-0.0035788957,-1
G020,G001,-0.0035891528,-1
G043,G053,-0.0035999478,-1
G023,G068,-0.0036027397,-1
G073,G053,-0.0036064025,-1
G005,G088,-0.0036126561,-1
G020,G027,-0.0036244274,-1
G039,G085,-0.0036249629,-1
G005,G050,-0.0036258649,-1
G026,G099,-0.003631342,-1
G049,G003,-0.0036321406,-1
G023,G021,-0.0036335508,-1
G054,G072,-0.0036340486,-1
G012,G027,-0.0036404012,-1
G038,G051,-0.0036410606,-1
G068,G082,-0.0036492592,-1
G058,G017,-0.003671528,-1
G046,G074,-0.003680974,-1
G009,G058,-0.0036855896,-1
G016,G077,-0.0036955585,-1
G016,G089,-0.0036976894,-1
G011,G024,-0.003701868,-1
G036,G045,-0.0037153952,-1
G016,G068,-0.0037165382,-1
G093,G092,-0.0037226963,-1
G012,G091,-0.0037227198,-1
G005,G069,-0.0037276333,-1
G072,G021,-0.0037376957,-1
G100,G065,-0.0037389304,-1
G049,G045,-0.0037424,-1
G016,G080,-0.0037587364,-1
G074,G046,-0.0037646764,-1
G012,G094,-0.0037652869,-1
G023,G025,-0.0037778632,-1
G005,G068,-0.0037802826,-1
G009,G050,-0.0037834754,-1
G003,G012,-0.0037846896,-1
G074,G091,-0.0037883,-1
G035,G042,-0.0037948047,-1
G037,G100,-0.0038153357,-1
G026,G043,-0.0038160628,-1
G073,G042,-0.0038194458,-1
G090,G065,-0.0038288133,-1
G068,G100,-0.0038510459,-1
G068,G043,-0.0038542035,-1
G023,G063,-0.0038555474,-1
G058,G001,-0.0038669473,-1
G012,G037,-0.003870526,-1
G074,G020,-0.0038720833,-1
G046,G096,-0.0038779234,-1
G046,G053,-0.003882927,-1
G028,G063,-0.0038904506,-1
G012,G060,-0.0038979317,-1
G062,G083,-0.0039001359,-1
G083,G075,-0.0039055182,-1
G012,G095,-0.0039070505,-1
G073,G090,-0.0039140997,-1
G016,G098,-0.0039368044,-1
G016,G055,-0.003944718,-1
G058,G062,-0.003945375,-1
G023,G017,-0.0039567864,-1
G058,G083,-0.0039595934,-1
G046,G091,-0.003965684,-1
G005,G030,-0.003978821,-1
G023,G038,-0.003982824,-1
G045,G001,-0.003985883,-1
G020,G014,-0.004017103,-1
G016,G027,-0.00401766,-1
G012,G088,-0.0040207305,-1
G084,G076,-0.004025998,-1
G062,G009,-0.004027846,-1
G046,G063,-0.004036361,-1
G036,G046,-0.0040429304,-1
G016,G009,-0.004049706,-1
G046,G017,-0.0040771347,-1
G026,G020,-0.0040834425,-1
G058,G008,-0.004084964,-1
G023,G042,-0.0040914263,-1
G016,G095,-0.0040973458,-1
G009,G096,-0.004109098,-1
G073,G020,-0.004120551,-1
G068,G012,-0.00413717,-1
G012,G019,-0.004139788,-1
G033,G046,-0.0041584237,-1
G070,G074,-0.004158975,-1
G026,G047,-0.0041743997,-1
G003,G087,-0.004176781,-1
G084,G065,-0.0041827084,-1
G005,G076,-0.0041831043,-1
G046,G047,-0.004187623,-1
G016,G019,-0.004190589,-1
G026,G031,-0.004217873,-1
G012,G075,-0.004230443,-1
G048,G008,-0.0042601037,-1
G083,G032,-0.004260242,-1
G028,G060,-0.004264608,-1
G016,G070,-0.004270291,-1
G046,G076,-0.0042748637,-1
G026,G033,-0.00428574,-1
G026,G041,-0.0042914567,-1
G083,G027,-0.0043009087,-1
G005,G027,-0.0043052197,-1
G035,G093,-0.0043155462,-1
G100,G084,-0.004320903,-1
G012,G080,-0.00433066,-1
G016,G081,-0.004332725,-1
G046,G033,-0.0043421616,-1
G016,G034,-0.0043527917,-1
G073,G063,-0.0043563317,-1
G028,G068,-0.00435767,-1
G012,G055,-0.004358807,-1
G068,G024,-0.004362926,-1
G074,G008,-0.0043746303,-1
G005,G040,-0.0043767225,-1
G073,G036,-0.00441918,-1
G049,G083,-0.0044285133,-1
G052,G072,-0.0044318703,-1
G002,G012,-0.0044570067,-1
G016,G097,-0.004458119,-1
G026,G087,-0.0044743675,-1
G033,G029,-0.0045083473,-1
G099,G079,-0.0045249243,-1
G026,G037,-0.004527941,-1
G021,G008,-0.0045284647,-1
G021,G046,-0.0045618,-1
G012,G093,-0.004584636,-1
G087,G090,-0.0045969435,-1
G016,G061,-0.0045984774,-1
G023,G074,-0.0046039573,-1
G066,G067,-0.0046071555,-1
G023,G084,-0.004612294,-1
G073,G084,-0.004664426,-1
G016,G096,-0.0046680695,-1
G003,G079,-0.004678773,-1
G028,G050,-0.0046851286,-1
G079,G078,-0.0046903715,-1
G012,G057,-0.0047043664,-1
G035,G053,-0.0047200504,-1
G026,G025,-0.004741856,-1
G084,G052,-0.004742074,-1
G005,G023,-0.0047819223,-1
G032,G035,-0.004787789,-1
G046,G052,-0.004793485,-1
G012,G047,-0.004803107,-1
G068,G091,-0.0048032994,-1
G028,G042,-0.0048065837,-1
G016,G022,-0.004816538,-1
G037,G085,-0.0048234775,-1
G021,G090,-0.0048277243,-1
G070,G090,-0.0048474483,-1
G074,G100,-0.0048685926,-1
G012,G087,-0.004876188,-1
G012,G079,-0.0048876186,-1
G083,G054,-0.0048976447,-1
G096,G090,-0.004914011,-1
G026,G050,-0.0049211876,-1
G084,G005,-0.0049215,-1
G067,G069,-0.0049231984,-1
G060,G046,-0.004950141,-1
G073,G008,-0.0049517574,-1
G026,G036,-0.0049621556,-1
G068,G010,-0.004967133,-1
G012,G086,-0.004986163,-1
G012,G071,-0.004993226,-1
G046,G083,-0.0049951067,-1
G005,G041,-0.0050041466,-1
G083,G051,-0.0050113206,-1
G046,G087,-0.005021682,-1
G016,G038,-0.005029155,-1
G016,G007,-0.005049565,-1
G028,G001,-0.00505545,-1
G028,G020,-0.005061108,-1
G026,G029,-0.0051293643,-1
G016,G093,-0.0051585236,-1
G023,G092,-0.0051631765,-1
G012,G050,-0.0051791803,-1
G021,G009,-0.0052091065,-1
G090,G052,-0.005230674,-1
G033,G037,-0.005234384,-1
G028,G057,-0.0052351025,-1
G088,G001,-0.0052494532,-1
G016,G069,-0.0052503147,-1
G054,G058,-0.005283285,-1
G026,G061,-0.0052967267,-1
G033,G073,-0.0053879973,-1
G068,G053,-0.0054024593,-1
G099,G046,-0.0054308674,-1
G028,G044,-0.0054415204,-1
G012,G063,-0.0054675536,-1
G053,G058,-0.0054685697,-1
G012,G035,-0.0054812306,-1
G012,G031,-0.005490285,-1
G012,G044,-0.0055009704,-1
G026,G003,-0.0055103004,-1
G016,G032,-0.0055264677,-1
G012,G076,-0.0055469396,-1
G026,G071,-0.0055526,-1
G009,G057,-0.0055615143,-1
G088,G016,-0.0055735437,-1
G053,G009,-0.005592098,-1
G090,G076,-0.005612512,-1
G016,G031,-0.00566842,-1
G026,G062,-0.0056816004,-1
G016,G017,-0.0056832507,-1
G026,G010,-0.0057212636,-1
G076,G090,-0.005725729,-1
G060,G053,-0.0057373266,-1
G023,G035,-0.005745051,-1
G054,G062,-0.005755883,-1
G002,G028,-0.0057595177,-1
G005,G001,-0.0057719485,-1
G052,G076,-0.005775607,-1
G032,G028,-0.0057907896,-1
G035,G077,-0.005795529,-1
G026,G022,-0.0058062766,-1
G028,G067,-0.0058447346,-1
G036,G039,-0.0058501046,-1
G012,G009,-0.0058669406,-1
G073,G023,-0.0058709974,-1
G026,G098,-0.005876976,-1
G016,G029,-0.0058835596,-1
G016,G013,-0.005950451,-1
G012,G077,-0.00595627,-1
G083,G021,-0.0059679775,-1
G068,G050,-0.005971283,-1
G026,G092,-0.0059817103,-1
G049,G046,-0.005991895,-1
G074,G077,-0.005996462,-1
G068,G076,-0.006011258,-1
G029,G002,-0.006011697,-1
G033,G032,-0.006096604,-1
G023,G080,-0.006123734,-1
G090,G063,-0.0061278874,-1
G026,G059,-0.0061299945,-1
G026,G034,-0.006144496,-1
G026,G080,-0.006146134,-1
G012,G022,-0.006174896,-1
G026,G007,-0.006228642,-1
G016,G003,-0.006250766,-1
G054,G050,-0.006270049,-1
G053,G019,-0.0062782783,-1
G045,G048,-0.0063015795,-1
G023,G061,-0.006315316,-1
G026,G070,-0.0063661356,-1
G023,G016,-0.0064221695,-1
G038,G072,-0.00645248,-1
G026,G097,-0.0064699934,-1
G016,G074,-0.0064812005,-1
G052,G046,-0.006481215,-1
G026,G039,-0.0064867325,-1
G026,G065,-0.006511182,-1
G067,G016,-0.0065558334,-1
G083,G019,-0.006622294,-1
G026,G082,-0.0066240113,-1
G090,G084,-0.006633353,-1
G012,G008,-0.006636931,-1
G026,G024,-0.006638714,-1
G083,G065,-0.0067485296,-1
G026,G056,-0.0067572426,-1
G026,G100,-0.0068261786,-1
G023,G045,-0.006858082,-1
G026,G074,-0.006868621,-1
G016,G063,-0.006994849,-1
G033,G085,-0.0069964346,-1
G095,G085,-0.007048626,-1
G026,G011,-0.007057487,-1
G076,G073,-0.007062817,-1
G043,G072,-0.0070655476,-1
G069,G068,-0.0070910314,-1
G026,G081,-0.007112762,-1
G008,G090,-0.007149114,-1
G026,G017,-0.0071545485,-1
G091,G090,-0.0071973586,-1
G090,G033,-0.0071998527,-1
G016,G045,-0.0072101355,-1
G026,G057,-0.007236393,-1
G026,G073,-0.007302308,-1
G046,G072,-0.007313384,-1
G060,G090,-0.0073338905,-1
G004,G002,-0.007340705,-1
G035,G073,-0.007345206,-1
G076,G046,-0.007400762,-1
G026,G004,-0.0074215815,-1
G065,G046,-0.0074345083,-1
G026,G086,-0.0074419742,-1
G026,G042,-0.007476015,-1
G026,G093,-0.007515243,-1
G035,G001,-0.0075601386,-1
G026,G095,-0.0075900555,-1
G023,G033,-0.007623916,-1
G026,G096,-0.0076966556,-1
G026,G084,-0.007783755,-1
G100,G046,-0.007794006,-1
G026,G015,-0.007797573,-1
G068,G074,-0.007810946,-1
G035,G072,-0.00781844,-1
G023,G047,-0.007856945,-1
G016,G035,-0.007956322,-1
G073,G085,-0.007986716,-1
G026,G048,-0.007989366,-1
G021,G054,-0.008070005,-1
G026,G051,-0.008076168,-1
G090,G045,-0.008077887,-1
G026,G006,-0.008100846,-1
G034,G033,-0.008103978,-1
G026,G089,-0.008135632,-1
G052,G090,-0.008187623,-1
G065,G090,-0.008207627,-1
G074,G085,-0.008226047,-1
G026,G040,-0.008271861,-1
G016,G062,-0.008272031,-1
G012,G045,-0.008284765,-1
G012,G100,-0.008310823,-1
G054,G008,-0.00842992,-1
G026,G030,-0.008536183,-1
G063,G064,-0.008540688,-1
G075,G085,-0.008627502,-1
G073,G005,-0.008723054,-1
G049,G072,-0.00888136,-1
G059,G085,-0.008922971,-1
G054,G057,-0.008938988,-1
G083,G084,-0.008990692,-1
G020,G022,-0.009106326,-1
G072,G016,-0.009117667,-1
G005,G053,-0.0091983285,-1
G026,G012,-0.009255646,-1
G026,G078,-0.009340985,-1
G066,G001,-0.009346825,-1
G016,G020,-0.009355518,-1
G026,G060,-0.009379416,-1
G026,G064,-0.009421055,-1
G026,G055,-0.00942466,-1
G066,G064,-0.009515203,-1
G026,G094,-0.009542965,-1
G045,G047,-0.009654824,-1
G016,G067,-0.009770203,-1
G026,G014,-0.009867683,-1
G033,G049,-0.009885636,-1
G026,G002,-0.009887609,-1
G084,G090,-0.009914122,-1
G053,G057,-0.009975443,-1
G049,G021,-0.010008987,-1
G026,G069,-0.010027475,-1
G026,G077,-0.010062894,-1
G026,G013,-0.010165078,-1
G085,G046,-0.010212691,-1
G026,G079,-0.010348097,-1
G006,G007,-0.010370958,-1
G074,G090,-0.010450243,-1
G063,G067,-0.010459439,-1
G073,G068,-0.010480869,-1
G026,G032,-0.010630306,-1
G001,G016,-0.010708132,-1
G028,G035,-0.011025677,-1
G053,G062,-0.011072112,-1
G026,G088,-0.0112810265,-1
G029,G012,-0.01128566,-1
G035,G038,-0.011341834,-1
G026,G023,-0.011360024,-1
G026,G091,-0.011387943,-1
G083,G068,-0.011455811,-1
G100,G090,-0.011477592,-1
G026,G052,-0.011616958,-1
G016,G001,-0.011711274,-1
G026,G008,-0.011753379,-1
G039,G035,-0.011880655,-1
G026,G075,-0.011995495,-1
G091,G085,-0.012057174,-1
G074,G073,-0.012063024,-1
G073,G067,-0.012091607,-1
G084,G046,-0.012112615,-1
G053,G050,-0.012231116,-1
G039,G040,-0.012292736,-1
G028,G053,-0.012356622,-1
G016,G058,-0.012434741,-1
G046,G090,-0.012486847,-1
G100,G085,-0.012549205,-1
G060,G085,-0.012653945,-1
G073,G083,-0.012671488,-1
G008,G053,-0.012761475,-1
G066,G063,-0.012891329,-1
G026,G009,-0.012981766,-1
G053,G072,-0.012999618,-1
G067,G068,-0.01313562,-1
G026,G045,-0.013244139,-1
G080,G078,-0.013284907,-1
G016,G054,-0.013518947,-1
G026,G049,-0.01360261,-1
G021,G085,-0.013624232,-1
G026,G001,-0.013758022,-1
G083,G001,-0.013803975,-1
G099,G085,-0.013912868,-1
G016,G002,-0.01459822,-1
G029,G028,-0.014869717,-1
G008,G009,-0.014892158,-1
G054,G053,-0.014897604,-1
G083,G063,-0.015242199,-1
G035,G036,-0.015606163,-1
G045,G046,-0.015866587,-1
G033,G038,-0.015937854,-1
G026,G063,-0.016041392,-1
G052,G051,-0.016174138,-1
G060,G059,-0.016411316,-1
G090,G046,-0.016710563,-1
G096,G085,-0.016937004,-1
G026,G068,-0.017108975,-1
G016,G057,-0.017757544,-1
G033,G002,-0.017913178,-1
G021,G049,-0.018129539,-1
G063,G065,-0.018160362,-1
G016,G033,-0.018447949,-1
G050,G049,-0.018541317,-1
G085,G090,-0.019042475,-1
G038,G035,-0.0192697,-1
G008,G085,-0.019281097,-1
G012,G010,-0.020444306,-1
G087,G085,-0.020515706,-1
G012,G053,-0.020707559,-1
G072,G074,-0.020918803,-1
G085,G049,-0.022193484,-1
G012,G032,-0.022995153,-1
G016,G028,-0.023036228,-1
G033,G039,-0.023240494,-1
G075,G072,-0.023339635,-1
G065,G085,-0.023875562,-1
G054,G009,-0.023892775,-1
G083,G002,-0.024226021,-1
G084,G085,-0.024603367,-1
G016,G012,-0.025164321,-1
G064,G083,-0.025604764,-1
G076,G085,-0.02664636,-1
G026,G067,-0.026688753,-1
G053,G021,-0.030022081,-1
G078,G072,-0.030331459,-1
G042,G041,-0.030368567,-1
G026,G053,-0.030633332,-1
G005,G002,-0.030806433,-1
G066,G065,-0.030939663,-1
G052,G085,-0.03289071,-1
G021,G067,-0.033116985,-1
G041,G044,-0.0353825,-1
G033,G012,-0.039970797,-1
G090,G085,-0.04057328,-1
G003,G071,-0.042151317,-1
G021,G016,-0.04243149,-1
G044,G043,-0.045141347,-1
G033,G028,-0.046346206,-1
G046,G085,-0.046671335,-1
G053,G054,-0.05791265,-1
G049,G016,-0.061178863,-1
G017,G018,-0.061253507,-1
G063,G066,-0.07058161,-1
G016,G049,-0.07575908,-1
G027,G026,-0.083012536,-1
G026,G027,-0.16541135,-1
