Regulator,Target,Weight,Sign
G007,G075,0.09223751,1
G075,G066,0.084340796,1
G056,G005,0.0825397,1
G060,G057,0.08222732,1
G066,G011,0.07990975,1
G057,G055,0.075471304,1
G097,G019,0.073386155,1
G065,G034,0.0710828,1
G019,G014,0.06840247,1
G018,G003,0.06739175,1
G021,G015,0.06614886,1
G011,G033,0.06402614,1
G072,G039,0.06394152,1
G032,G031,0.06363099,1
G070,G055,0.06281615,1
G027,G019,0.061816994,1
G055,G040,0.061736315,1
G064,G031,0.061196677,1
G036,G009,0.059461605,1
G041,G030,0.05833267,1
G022,G010,0.055049617,1
G018,G032,0.05478586,1
G034,G055,0.05404596,1
G020,G047,0.05338595,1
G030,G085,0.051881917,1
G031,G076,0.05179668,1
G080,G011,0.050419018,1
G073,G026,0.050360113,1
G087,G081,0.050085828,1
G039,G018,0.04995795,1
G077,G030,0.04924094,1
G065,G008,0.049179405,1
G052,G046,0.049060717,1
G008,G003,0.04839273,1
G079,G009,0.0480631,1
G015,G003,0.047916435,1
G099,G027,0.047811814,1
G005,G049,0.047794852,1
G017,G077,0.047338482,1
G085,G005,0.04634743,1
G062,G097,0.04476817,1
G079,G065,0.044596434,1
G023,G096,0.044242274,1
G034,G004,0.044167116,1
G042,G010,0.043993738,1
G012,G058,0.043931082,1
G030,G019,0.04290679,1
G094,G008,0.042518217,1
G012,G004,0.04250985,1
G008,G082,0.04237931,1
G029,G028,0.04217664,1
G015,G059,0.042110857,1
G018,G091,0.04130127,1
G004,G038,0.040959474,1
G062,G057,0.040873505,1
G011,G010,0.03991605,1
G069,G059,0.039899956,1
G088,G096,0.039371666,1
G071,G059,0.038985375,1
G056,G092,0.03887725,1
G056,G075,0.038749192,1
G009,G086,0.038504653,1
G063,G056,0.037845176,1
G026,G018,0.03779733,1
G005,G014,0.03727418,1
G063,G052,0.03644313,1
G070,G011,0.03616366,1
G033,G067,0.03603089,1
G088,G034,0.035952725,1
G030,G090,0.03546764,1
G012,G023,0.035398893,1
G082,G005,0.034900688,1
G019,G057,0.034822296,1
G065,G094,0.034739472,1
G031,G083,0.033828914,1
G088,G002,0.03372174,1
G044,G009,0.033565912,1
G025,G087,0.032439277,1
G002,G014,0.03207428,1
G055,G010,0.031694546,1
G044,G082,0.031637352,1
G052,G078,0.03149484,1
G098,G054,0.03148108,1
G030,G040,0.03128845,1
G012,G076,0.031034442,1
G023,G010,0.030898593,1
G017,G093,0.030201754,1
G017,G009,0.030013999,1
G092,G029,0.029776154,1
G091,G009,0.029746732,1
G019,G005,0.029684545,1
G054,G017,0.029378008,1
G007,G003,0.028202554,1
G030,G053,0.027307997,1
G035,G084,0.026463324,1
G009,G033,0.026249683,1
G002,G017,0.026164237,1
G042,G100,0.025304845,1
G010,G003,0.025090132,1
G043,G034,0.025037574,1
G034,G010,0.024998289,1
G081,G030,0.02499262,1
G005,G025,0.024681045,1
G018,G028,0.02438408,1
G072,G081,0.024215566,1
G007,G035,0.023634542,1
G032,G045,0.023459716,1
G042,G039,0.023411306,1
G031,G017,0.023080891,1
G076,G010,0.02301658,1
G068,G059,0.022842629,1
G008,G058,0.022723185,1
G074,G002,0.022662697,1
G080,G077,0.022611825,1
G026,G046,0.022611387,1
G059,G009,0.02233364,1
G053,G090,0.021912144,1
G027,G008,0.02178222,1
G053,G089,0.021761546,1
G004,G010,0.021661345,1
G069,G009,0.021646302,1
G046,G039,0.021167979,1
G037,G009,0.02075308,1
G010,G086,0.020709595,1
G065,G077,0.02051367,1
G022,G048,0.020466756,1
G063,G046,0.02025277,1
G060,G002,0.020183973,1
G046,G063,0.019972712,1
G070,G033,0.019914275,1
G002,G004,0.019556819,1
G033,G070,0.018888475,1
G004,G044,0.018816823,1
G004,G003,0.018701648,1
G064,G005,0.01869341,1
G013,G009,0.01849742,1
G061,G019,0.018132871,1
G050,G019,0.018124925,1
G045,G063,0.017713128,1
G044,G007,0.017705325,1
G056,G062,0.017465511,1
G024,G065,0.017344795,1
G083,G081,0.017337183,1
G018,G007,0.017275346,1
G025,G081,0.017151799,1
G056,G028,0.017112607,1
G072,G061,0.016963983,1
G100,G005,0.016685784,1
G035,G038,0.016595706,1
G011,G051,0.016563278,1
G022,G037,0.016484683,1
G008,G009,0.016468644,1
G008,G037,0.016436541,1
G005,G068,0.016356895,1
G017,G033,0.016247083,1
G020,G022,0.01619925,1
G008,G023,0.016161574,1
G026,G028,0.015868884,1
G021,G009,0.015863635,1
G029,G056,0.015561941,1
G016,G005,0.015354387,1
G061,G050,0.015311548,1
G015,G040,0.015036064,1
G043,G055,0.014814725,1
G034,G040,0.014797468,1
G067,G056,0.014783293,1
G075,G018,0.014288492,1
G077,G002,0.0139914,1
G024,G012,0.013003711,1
G063,G078,0.012866669,1
G056,G029,0.012367555,1
G002,G077,0.0123609705,1
G081,G025,0.012357129,1
G008,G026,0.012322265,1
G010,G070,0.012151232,1
G004,G041,0.01202754,1
G001,G003,0.011948321,1
G019,G054,0.011769937,1
G056,G007,0.01165366,1
G068,G009,0.011537301,1
G078,G063,0.011460872,1
G014,G050,0.011152003,1
G006,G005,0.010856916,1
G008,G029,0.0105823465,1
G009,G041,0.010572881,1
G018,G075,0.010434874,1
G098,G061,0.010414173,1
G051,G024,0.010356034,1
G070,G010,0.009982704,1
G002,G009,0.00994281,1
G008,G016,0.00992919,1
G043,G004,0.009755598,1
G003,G009,0.009751095,1
G055,G043,0.009726506,1
G026,G053,0.009678312,1
G065,G030,0.00956502,1
G081,G053,0.009486878,1
G061,G014,0.009397963,1
G081,G085,0.009279134,1
G050,G014,0.009233915,1
G085,G081,0.0092314435,1
G067,G005,0.009091134,1
G009,G010,0.00907262,1
G008,G030,0.009032025,1
G060,G012,0.008891353,1
G024,G034,0.008690172,1
G027,G003,0.008653697,1
G066,G007,0.008543373,1
G012,G015,0.008179656,1
G034,G067,0.008169738,1
G084,G007,0.008168017,1
G043,G010,0.008138264,1
G081,G019,0.007941392,1
G038,G002,0.007766693,1
G015,G027,0.0076515954,1
G015,G054,0.007610417,1
G007,G062,0.007546568,1
G009,G007,0.0074850223,1
G030,G065,0.007344681,1
G052,G058,0.007287924,1
G020,G010,0.0072157825,1
G008,G028,0.007185252,1
G009,G049,0.0071809283,1
G033,G066,0.00715464,1
G069,G086,0.0070741666,1
G002,G038,0.006924181,1
G082,G004,0.006818573,1
G004,G082,0.0067971894,1
G009,G039,0.0066871336,1
G011,G075,0.0066602714,1
G022,G045,0.0065547596,1
G005,G067,0.006501287,1
G004,G043,0.006434487,1
G009,G002,0.0063317376,1
G009,G068,0.006184281,1
G069,G068,0.0061632926,1
G007,G084,0.0061497274,1
G034,G024,0.0060203914,1
G044,G071,0.0060174675,1
G090,G015,0.0059687924,1
G027,G082,0.0059671905,1
G060,G074,0.0059302365,1
G049,G100,0.0059293197,1
G014,G061,0.0058584404,1
G097,G007,0.0057782754,1
G060,G004,0.005645952,1
G069,G033,0.0056391526,1
G002,G020,0.0056204223,1
G007,G026,0.0056051593,1
G045,G056,0.0055331304,1
G014,G100,0.005435345,1
G003,G053,0.005427097,1
G040,G081,0.005204157,1
G017,G067,0.005160138,1
G053,G081,0.005132946,1
G006,G004,0.005117877,1
G081,G040,0.0050517363,1
G012,G003,0.0050462396,1
G003,G075,0.0050437464,1
G080,G053,0.0050093024,1
G100,G049,0.0049747815,1
G014,G006,0.0049563893,1
G019,G009,0.0049315174,1
G043,G040,0.0049292897,1
G100,G014,0.0048804632,1
G050,G057,0.004836673,1
G004,G086,0.004796014,1
G006,G001,0.004774685,1
G061,G057,0.0047548935,1
G011,G004,0.004720046,1
G076,G003,0.0047115525,1
G049,G006,0.004674767,1
G037,G086,0.0046672444,1
G040,G057,0.0046476,1
G016,G049,0.004645878,1
G085,G008,0.00458991,1
G016,G014,0.004525039,1
G003,G028,0.004429239,1
G051,G026,0.004423991,1
G018,G009,0.004420957,1
G073,G030,0.004355656,1
G061,G005,0.0043226643,1
G003,G012,0.0043212045,1
G021,G019,0.00430567,1
G009,G030,0.00429608,1
G014,G016,0.0042687496,1
G067,G017,0.004260119,1
G009,G089,0.0042558378,1
G049,G016,0.004203416,1
G019,G081,0.004163172,1
G003,G024,0.004160228,1
G050,G005,0.0041439454,1
G026,G039,0.004128066,1
G037,G033,0.0040856306,1
G008,G053,0.004050835,1
G060,G014,0.0040316354,1
G006,G049,0.0039402843,1
G055,G060,0.003929871,1
G023,G060,0.003918105,1
G076,G086,0.0038997873,1
G082,G027,0.0038941423,1
G009,G018,0.0038770156,1
G033,G069,0.003851935,1
G039,G026,0.0038313263,1
G003,G027,0.003787179,1
G013,G033,0.0037658159,1
G024,G008,0.0037072767,1
G008,G033,0.003685837,1
G086,G069,0.003653378,1
G017,G019,0.0036405951,1
G059,G008,0.0036384894,1
G021,G086,0.0035920595,1
G005,G050,0.0035735003,1
G008,G085,0.0034702593,1
G013,G086,0.003469711,1
G008,G086,0.0033679444,1
G056,G045,0.0033472003,1
G005,G098,0.0033361395,1
G007,G057,0.003325413,1
G060,G058,0.0033142325,1
G008,G024,0.0033049271,1
G028,G008,0.003293034,1
G007,G097,0.0032795072,1
G033,G013,0.0032608174,1
G068,G069,0.0032070326,1
G003,G076,0.003199762,1
G005,G043,0.003181129,1
G063,G058,0.0031514678,1
G007,G032,0.0030858056,1
G027,G058,0.0030579637,1
G010,G007,0.0030563555,1
G002,G047,0.0030549553,1
G015,G095,0.0029921106,1
G076,G064,0.0029912835,1
G021,G033,0.0029715614,1
G018,G004,0.0029650843,1
G057,G007,0.0029433072,1
G059,G013,0.0029418387,1
G008,G017,0.0027839371,1
G014,G097,0.002762915,1
G008,G019,0.0027362925,1
G098,G050,0.0027103731,1
G033,G077,0.0027080388,1
G010,G020,0.0026530337,1
G057,G050,0.002620545,1
G086,G008,0.0026103056,1
G059,G012,0.0026062364,1
G040,G078,0.0025942016,1
G060,G023,0.0025927734,1
G030,G009,0.0025763907,1
G008,G018,0.0025346389,1
G086,G004,0.0025116524,1
G040,G070,0.0024983129,1
G086,G013,0.0024876958,1
G033,G037,0.0024587358,1
G073,G053,0.0024575086,1
G074,G014,0.0024340444,1
G047,G002,0.0024003228,1
G062,G067,0.0023644161,1
G040,G008,0.002363296,1
G062,G092,0.0023137124,1
G008,G065,0.0023096926,1
G012,G059,0.002308259,1
G002,G041,0.0022910063,1
G007,G091,0.0022622065,1
G024,G035,0.0022241513,1
G059,G021,0.0022160537,1
G014,G056,0.0021854318,1
G069,G007,0.0021843745,1
G005,G061,0.0021713166,1
G019,G002,0.0021325848,1
G038,G006,0.002115039,1
G086,G037,0.0020637228,1
G014,G021,0.002062193,1
G020,G099,0.0020473218,1
G067,G075,0.0020108398,1
G006,G038,0.0019918426,1
G019,G008,0.0019380916,1
G055,G065,0.0019284255,1
G063,G088,0.0019233245,1
G007,G036,0.0019098289,1
G058,G060,0.0019008067,1
G002,G057,0.0018548153,1
G059,G037,0.0018528012,1
G027,G023,0.0018480426,1
G050,G097,0.0018306931,1
G057,G028,0.0018181014,1
G009,G050,0.0017981896,1
G043,G065,0.0017773028,1
G015,G017,0.0017620736,1
G064,G054,0.0017445703,1
G008,G040,0.0017415287,1
G060,G017,0.001719548,1
G007,G039,0.0017021012,1
G008,G007,0.001700762,1
G017,G069,0.0016987028,1
G002,G063,0.0016612479,1
G086,G076,0.0016106985,1
G047,G022,0.0016027223,1
G027,G020,0.0015771815,1
G067,G062,0.0015753756,1
G067,G028,0.0015672732,1
G006,G014,0.0015653091,1
G067,G072,0.0015164972,1
G100,G068,0.0015146801,1
G050,G027,0.0015143985,1
G008,G077,0.0015105411,1
G004,G096,0.0015098935,1
G073,G046,0.0015088833,1
G017,G013,0.0015061894,1
G078,G009,0.001495145,1
G002,G093,0.0014709709,1
G085,G073,0.0014608216,1
G068,G015,0.0014524722,1
G086,G021,0.0014465809,1
G016,G068,0.0014239742,1
G040,G043,0.0014235411,1
G002,G010,0.001421788,1
G068,G071,0.0014090105,1
G028,G067,0.0014073066,1
G015,G055,0.0013860263,1
G051,G018,0.0013793207,1
G073,G085,0.001377698,1
G033,G021,0.0013718623,1
G027,G016,0.0013197506,1
G026,G052,0.0013093078,1
G039,G067,0.0013079834,1
G016,G056,0.0012769611,1
G021,G014,0.0012686697,1
G058,G027,0.0012505818,1
G040,G060,0.0012137553,1
G076,G032,0.0012079647,1
G066,G070,0.0012032654,1
G076,G058,0.0012001821,1
G009,G015,0.0011975361,1
G018,G001,0.0011717259,1
G004,G071,0.0011566924,1
G009,G093,0.0011563567,1
G077,G008,0.001137618,1
G084,G024,0.0011285282,1
G075,G067,0.0011208041,1
G021,G040,0.0011198827,1
G013,G036,0.0011140675,1
G096,G060,0.0010950421,1
G050,G098,0.0010729593,1
G043,G088,0.0010195901,1
G100,G056,0.001017366,1
G058,G076,0.0010069399,1
G091,G048,0.0010022365,1
G059,G060,0.0009959039,1
G022,G076,0.0009889365,1
G013,G079,0.0009770476,1
G065,G017,0.0009655014,1
G018,G024,0.00096320896,1
G004,G022,0.00095162046,1
G014,G027,0.00093412155,1
G019,G017,0.0009314019,1
G070,G043,0.0009274472,1
G088,G060,0.0009101141,1
G051,G012,0.00090974884,1
G061,G027,0.00090460485,1
G029,G062,0.00088368024,1
G031,G012,0.0008716384,1
G100,G085,0.00087036815,1
G004,G088,0.00086039235,1
G053,G073,0.0008595503,1
G033,G080,0.00084415276,1
G061,G009,0.0008418465,1
G077,G060,0.00083739916,1
G004,G033,0.0007995217,1
G006,G056,0.00079332193,1
G056,G025,0.00078711676,1
G037,G007,0.0007822304,1
G080,G095,0.0007753084,1
G030,G089,0.00075579376,1
G041,G002,0.00074350956,1
G061,G097,0.0007428706,1
G084,G038,0.00073969964,1
G042,G015,0.00073608593,1
G033,G008,0.0007323542,1
G003,G005,0.0007294521,1
G053,G018,0.0007262301,1
G002,G003,0.00072463095,1
G017,G015,0.0007156474,1
G072,G087,0.0007111535,1
G007,G004,0.0007096701,1
G033,G075,0.00070835324,1
G060,G038,0.00069322693,1
G076,G023,0.00069146097,1
G060,G040,0.00069104595,1
G053,G008,0.00068452384,1
G007,G013,0.00067380007,1
G017,G049,0.00066343026,1
G011,G007,0.00065711833,1
G036,G008,0.0006528346,1
G040,G062,0.0006464449,1
G066,G019,0.000643509,1
G063,G096,0.0006303925,1
G057,G061,0.0006241571,1
G053,G086,0.00062403834,1
G052,G026,0.0006215393,1
G001,G018,0.00062053377,1
G012,G031,0.0006179828,1
G028,G032,0.00061401806,1
G049,G003,0.0006002691,1
G002,G033,0.0006002669,1
G012,G044,0.00060016295,1
G038,G011,0.000599699,1
G071,G068,0.0005901075,1
G004,G066,0.00058328756,1
G053,G027,0.0005776372,1
G013,G017,0.00057540246,1
G090,G085,0.0005701158,1
G043,G008,0.0005670643,1
G010,G043,0.000564282,1
G036,G069,0.00055967626,1
G035,G004,0.0005584903,1
G061,G030,0.00055730087,1
G063,G092,0.00054641464,1
G053,G038,0.0005385921,1
G096,G063,0.0005384417,1
G020,G027,0.0005382278,1
G036,G013,0.0005278007,1
G044,G013,0.0005277446,1
G073,G019,0.00052066543,1
G012,G057,0.00051545684,1
G043,G094,0.00050445285,1
G087,G072,0.00050434907,1
G004,G050,0.0005006749,1
G018,G029,0.0004971661,1
G079,G013,0.0004966121,1
G006,G068,0.0004958389,1
G008,G001,0.00049559295,1
G050,G030,0.0004925112,1
G068,G003,0.000489167,1
G088,G017,0.00048435264,1
G026,G058,0.00048404266,1
G074,G057,0.00048380735,1
G022,G038,0.00047917422,1
G030,G013,0.00047774924,1
G012,G039,0.00047742913,1
G024,G079,0.00047182266,1
G040,G073,0.00046721156,1
G049,G056,0.00046588792,1
G026,G057,0.00046307096,1
G091,G013,0.00046154056,1
G010,G001,0.00045789903,1
G043,G038,0.00045521223,1
G092,G008,0.0004545882,1
G072,G041,0.00045183735,1
G021,G057,0.0004517678,1
G002,G039,0.000451649,1
G004,G078,0.00044893043,1
G030,G015,0.00044589245,1
G012,G013,0.00044558506,1
G022,G096,0.00044409296,1
G047,G010,0.00044312552,1
G006,G013,0.00043973856,1
G044,G008,0.0004396032,1
G055,G008,0.00043931726,1
G074,G038,0.00043355205,1
G072,G008,0.00042984626,1
G063,G024,0.00042795436,1
G060,G009,0.0004267716,1
G053,G057,0.00042509334,1
G056,G044,0.0004246012,1
G021,G012,0.00042457163,1
G065,G038,0.00042326236,1
G022,G057,0.00041983408,1
G002,G013,0.00041909632,1
G076,G020,0.00041490336,1
G063,G038,0.0004143767,1
G053,G015,0.0004141805,1
G007,G096,0.00041293836,1
G017,G041,0.00041274788,1
G078,G008,0.0004116854,1
G091,G069,0.00041119577,1
G044,G012,0.00041065895,1
G079,G008,0.00041035312,1
G068,G038,0.00040925396,1
G016,G096,0.00040708,1
G036,G037,0.00040654183,1
G060,G013,0.00040610525,1
G056,G026,0.00040526272,1
G009,G060,0.00040505137,1
G063,G001,0.00040342828,1
G040,G066,0.0004022077,1
G004,G042,0.00040193755,1
G005,G030,0.0004013203,1
G004,G048,0.00040009644,1
G044,G069,0.00039875827,1
G062,G008,0.00039783257,1
G056,G016,0.0003947564,1
G073,G008,0.00039250506,1
G002,G049,0.0003915391,1
G002,G066,0.00039108674,1
G068,G096,0.00038766157,1
G004,G037,0.00038604622,1
G024,G057,0.0003858995,1
G061,G069,0.00038570233,1
G008,G088,0.00038506702,1
G026,G078,0.00038210844,1
G079,G024,0.00038043986,1
G099,G015,0.00038037635,1
G052,G008,0.0003783842,1
G009,G020,0.00037824042,1
G079,G069,0.00037535085,1
G061,G038,0.00037529838,1
G058,G063,0.00037368693,1
G018,G096,0.00037258936,1
G013,G057,0.00037145652,1
G059,G002,0.00037123315,1
G045,G008,0.00036882138,1
G039,G008,0.0003659321,1
G042,G008,0.00036552656,1
G002,G094,0.0003635164,1
G068,G040,0.00036047344,1
G049,G001,0.0003591266,1
G068,G001,0.0003587349,1
G058,G001,0.0003578813,1
G026,G075,0.00035758674,1
G056,G001,0.00035701224,1
G002,G021,0.0003561734,1
G022,G035,0.00035562992,1
G006,G008,0.00035558312,1
G026,G096,0.0003554876,1
G082,G012,0.00035360738,1
G053,G075,0.00035321814,1
G073,G040,0.0003520546,1
G076,G024,0.00035152063,1
G036,G012,0.00035133518,1
G064,G008,0.0003506585,1
G098,G024,0.00034839284,1
G079,G002,0.00034797602,1
G061,G096,0.00034747017,1
G031,G008,0.00034741353,1
G044,G037,0.00034695317,1
G002,G073,0.0003464283,1
G043,G096,0.00034620802,1
G004,G063,0.00034610697,1
G057,G008,0.00034547402,1
G006,G096,0.00034546436,1
G054,G097,0.00034492664,1
G091,G007,0.00034468767,1
G053,G096,0.00034377398,1
G099,G008,0.0003409036,1
G007,G063,0.00034081753,1
G065,G096,0.0003406128,1
G058,G038,0.0003405608,1
G038,G030,0.00033904312,1
G051,G028,0.00033705926,1
G073,G039,0.00033691016,1
G074,G008,0.0003365242,1
G069,G012,0.00033625276,1
G043,G049,0.00033442926,1
G061,G013,0.00033432725,1
G048,G008,0.0003331839,1
G053,G029,0.00033295955,1
G013,G082,0.00033238003,1
G022,G001,0.00033231833,1
G082,G001,0.0003317176,1
G068,G013,0.00033149836,1
G072,G096,0.00033037612,1
G030,G012,0.00033001698,1
G041,G064,0.00032993342,1
G056,G100,0.0003297706,1
G013,G038,0.00032932544,1
G016,G038,0.000328636,1
G067,G096,0.0003282076,1
G074,G096,0.0003275501,1
G027,G035,0.000326649,1
G031,G069,0.0003253094,1
G018,G012,0.00032184747,1
G055,G062,0.0003215636,1
G093,G064,0.00031963567,1
G066,G044,0.00031952563,1
G019,G013,0.00031950237,1
G025,G085,0.00031917455,1
G082,G100,0.00031878514,1
G026,G038,0.00031862603,1
G081,G041,0.0003184309,1
G082,G069,0.00031772107,1
G056,G003,0.00031763583,1
G027,G094,0.00031735154,1
G078,G069,0.00031570034,1
G034,G006,0.0003127632,1
G016,G085,0.000311673,1
G013,G015,0.0003113239,1
G067,G083,0.0003111607,1
G003,G096,0.00031019573,1
G074,G069,0.00030898632,1
G051,G080,0.00030870963,1
G003,G049,0.00030782248,1
G049,G096,0.00030780392,1
G022,G016,0.00030750327,1
G078,G096,0.0003074649,1
G031,G045,0.00030741387,1
G100,G013,0.00030592317,1
G100,G095,0.00030488876,1
G053,G100,0.00030465442,1
G074,G017,0.0003041506,1
G059,G022,0.00030353863,1
G053,G012,0.00030339145,1
G006,G032,0.0003029771,1
G026,G015,0.0003027709,1
G089,G008,0.00030259986,1
G071,G008,0.00030224887,1
G024,G076,0.00030198004,1
G022,G049,0.0003016005,1
G100,G096,0.00030147698,1
G035,G075,0.0003014134,1
G065,G012,0.00030108378,1
G097,G012,0.0003008803,1
G002,G035,0.00030074225,1
G098,G096,0.00029914008,1
G043,G077,0.0002991137,1
G008,G038,0.00029895565,1
G053,G064,0.00029895117,1
G020,G069,0.00029846412,1
G026,G013,0.0002983638,1
G022,G012,0.0002983016,1
G043,G013,0.00029798542,1
G058,G015,0.00029783454,1
G017,G050,0.00029775657,1
G050,G001,0.00029767238,1
G001,G088,0.00029754246,1
G001,G069,0.0002972029,1
G006,G092,0.00029686486,1
G021,G038,0.0002965475,1
G051,G096,0.00029530452,1
G091,G028,0.00029507282,1
G074,G015,0.00029398844,1
G042,G009,0.00029383146,1
G081,G001,0.00029342232,1
G078,G064,0.00029306093,1
G061,G035,0.0002919421,1
G015,G030,0.00029106083,1
G018,G008,0.00029054744,1
G056,G024,0.00029030794,1
G028,G091,0.0002898138,1
G013,G035,0.00028846593,1
G082,G039,0.0002872605,1
G012,G052,0.00028691985,1
G057,G018,0.00028640672,1
G038,G008,0.00028612543,1
G047,G064,0.00028587654,1
G008,G057,0.00028543005,1
G067,G039,0.00028396593,1
G086,G012,0.00028393767,1
G085,G013,0.00028212662,1
G013,G040,0.00028095665,1
G017,G068,0.000280688,1
G047,G001,0.00028040318,1
G054,G002,0.0002803129,1
G005,G002,0.00027973825,1
G070,G008,0.00027922264,1
G041,G017,0.0002791572,1
G053,G097,0.00027913746,1
G076,G069,0.000278752,1
G045,G010,0.00027853678,1
G018,G069,0.00027814254,1
G094,G029,0.00027797176,1
G008,G050,0.00027796355,1
G079,G060,0.00027766393,1
G084,G008,0.00027753273,1
G078,G012,0.00027668828,1
G082,G020,0.00027519558,1
G002,G089,0.00027447112,1
G042,G076,0.00027424138,1
G056,G008,0.00027410756,1
G006,G015,0.00027323185,1
G098,G015,0.00027297356,1
G046,G012,0.00027290575,1
G093,G001,0.00027284882,1
G091,G049,0.00027262024,1
G083,G015,0.00027239375,1
G075,G012,0.0002721431,1
G025,G035,0.00027209488,1
G100,G069,0.00027170792,1
G098,G013,0.00027150018,1
G043,G012,0.00027117017,1
G065,G057,0.00027086923,1
G085,G088,0.00026993224,1
G093,G057,0.00026967985,1
G013,G007,0.00026930278,1
G087,G001,0.00026904762,1
G041,G090,0.00026902565,1
G020,G015,0.0002688248,1
G010,G053,0.00026847917,1
G056,G032,0.00026679877,1
G080,G001,0.00026618788,1
G063,G069,0.00026618535,1
G074,G005,0.0002660839,1
G086,G001,0.00026547603,1
G083,G069,0.00026517574,1
G094,G037,0.00026490603,1
G086,G096,0.00026478418,1
G043,G037,0.00026471837,1
G100,G031,0.00026465798,1
G074,G009,0.0002644111,1
G001,G052,0.0002637331,1
G012,G011,0.00026348425,1
G081,G038,0.00026337555,1
G025,G008,0.0002629754,1
G097,G008,0.00026254987,1
G081,G039,0.00026222455,1
G074,G063,0.00026112882,1
G098,G072,0.00026109177,1
G047,G096,0.00026104186,1
G094,G035,0.00026076467,1
G095,G038,0.00026019628,1
G045,G057,0.00025891577,1
G049,G012,0.00025874053,1
G083,G038,0.00025800907,1
G084,G096,0.00025757487,1
G060,G054,0.00025748654,1
G082,G087,0.00025734442,1
G017,G001,0.00025729195,1
G082,G029,0.0002572262,1
G054,G096,0.00025701043,1
G078,G013,0.00025699293,1
G026,G049,0.00025655917,1
G024,G032,0.00025640833,1
G008,G071,0.00025624174,1
G056,G064,0.00025581353,1
G058,G013,0.00025569793,1
G016,G069,0.00025543745,1
G088,G020,0.0002553359,1
G095,G064,0.00025522828,1
G036,G039,0.00025511667,1
G074,G054,0.00025444085,1
G043,G064,0.0002541978,1
G100,G038,0.00025385455,1
G045,G031,0.00025383054,1
G055,G015,0.00025362967,1
G076,G065,0.00025347236,1
G006,G035,0.0002532944,1
G071,G012,0.0002530884,1
G022,G013,0.00025268254,1
G061,G015,0.00025268056,1
G026,G050,0.0002526462,1
G098,G012,0.0002524654,1
G084,G015,0.0002522345,1
G053,G035,0.000252022,1
G025,G096,0.00025200637,1
G095,G042,0.00025148413,1
G013,G059,0.00025139947,1
G093,G012,0.0002513557,1
G048,G027,0.00025120584,1
G054,G020,0.00025097316,1
G022,G050,0.00025058936,1
G025,G049,0.0002502903,1
G050,G095,0.0002502103,1
G062,G030,0.0002501474,1
G056,G004,0.00025013363,1
G016,G083,0.0002500552,1
G073,G015,0.00024997487,1
G083,G057,0.00024992938,1
G048,G032,0.00024981488,1
G100,G012,0.0002495652,1
G068,G035,0.0002489787,1
G012,G063,0.00024888484,1
G002,G065,0.00024802634,1
G091,G008,0.00024760206,1
G016,G015,0.0002470977,1
G051,G015,0.0002468589,1
G068,G052,0.00024623773,1
G100,G009,0.00024618983,1
G006,G018,0.0002460997,1
G016,G012,0.00024528065,1
G020,G008,0.00024472363,1
G070,G009,0.00024452974,1
G018,G071,0.00024375653,1
G074,G034,0.00024317224,1
G013,G018,0.00024234506,1
G080,G012,0.00024225871,1
G037,G082,0.00024214144,1
G017,G037,0.00024169743,1
G020,G057,0.00024165264,1
G038,G015,0.00024157373,1
G058,G020,0.000241381,1
G066,G064,0.00024103367,1
G047,G038,0.0002407488,1
G030,G069,0.00024053274,1
G047,G013,0.00024027974,1
G061,G001,0.00024019938,1
G097,G050,0.00023981874,1
G052,G079,0.00023918567,1
G014,G012,0.0002390757,1
G074,G035,0.00023902736,1
G093,G052,0.000238983,1
G032,G008,0.00023837034,1
G013,G096,0.00023774034,1
G051,G079,0.00023763656,1
G071,G096,0.00023715106,1
G017,G039,0.00023710118,1
G074,G019,0.00023695538,1
G073,G069,0.00023644851,1
G085,G001,0.00023610609,1
G020,G049,0.00023596904,1
G047,G049,0.00023592712,1
G098,G057,0.00023587525,1
G019,G062,0.00023581869,1
G099,G035,0.00023570715,1
G050,G096,0.00023559533,1
G008,G015,0.0002355582,1
G012,G083,0.00023527334,1
G063,G010,0.00023526746,1
G020,G064,0.00023522768,1
G079,G037,0.00023513497,1
G068,G024,0.00023503695,1
G068,G057,0.00023486691,1
G032,G038,0.00023472252,1
G021,G095,0.00023467871,1
G020,G035,0.00023465905,1
G043,G029,0.0002346212,1
G043,G039,0.00023425726,1
G070,G069,0.0002341232,1
G074,G076,0.0002340533,1
G037,G012,0.00023398585,1
G063,G039,0.00023397878,1
G008,G049,0.00023362086,1
G095,G096,0.00023345044,1
G067,G008,0.00023270248,1
G061,G012,0.0002326925,1
G074,G018,0.00023253809,1
G091,G096,0.00023246296,1
G067,G013,0.00023211072,1
G051,G038,0.00023181792,1
G062,G018,0.00023158474,1
G076,G071,0.00023127197,1
G083,G001,0.0002311377,1
G048,G010,0.00023103878,1
G056,G095,0.00023087542,1
G007,G010,0.00023079016,1
G016,G035,0.00023065643,1
G063,G057,0.00023032837,1
G053,G016,0.0002301386,1
G063,G034,0.00022996351,1
G074,G040,0.00022994193,1
G018,G051,0.0002298777,1
G010,G012,0.00022980533,1
G060,G007,0.0002297584,1
G063,G049,0.00022934223,1
G025,G064,0.00022919527,1
G083,G008,0.00022912113,1
G088,G014,0.0002285858,1
G036,G029,0.0002285065,1
G063,G035,0.0002281851,1
G001,G005,0.00022793522,1
G062,G052,0.00022789885,1
G025,G038,0.00022767368,1
G050,G063,0.0002276259,1
G080,G064,0.00022752836,1
G012,G022,0.00022748542,1
G056,G050,0.00022704038,1
G007,G046,0.00022692974,1
G026,G095,0.00022691127,1
G070,G049,0.00022673541,1
G065,G029,0.00022651331,1
G056,G027,0.00022648195,1
G079,G049,0.00022631748,1
G095,G035,0.00022607301,1
G012,G021,0.00022602169,1
G021,G054,0.00022565786,1
G020,G001,0.00022479593,1
G072,G057,0.00022464026,1
G095,G008,0.00022454513,1
G062,G015,0.00022405364,1
G016,G010,0.00022399172,1
G100,G015,0.00022394602,1
G064,G069,0.00022391214,1
G035,G057,0.00022378628,1
G004,G052,0.00022350143,1
G026,G029,0.00022342555,1
G051,G010,0.0002233419,1
G053,G001,0.00022302709,1
G093,G013,0.00022243538,1
G054,G035,0.00022240664,1
G040,G021,0.00022194031,1
G074,G052,0.000221631,1
G011,G012,0.00022157701,1
G035,G013,0.00022092067,1
G090,G008,0.00022054589,1
G048,G012,0.0002201488,1
G094,G064,0.00022014395,1
G002,G045,0.00021968853,1
G070,G096,0.00021962829,1
G006,G057,0.00021951491,1
G073,G035,0.00021941106,1
G002,G090,0.00021872192,1
G072,G001,0.00021869513,1
G045,G069,0.00021862295,1
G025,G069,0.00021862167,1
G089,G001,0.00021828883,1
G024,G013,0.000218285,1
G061,G016,0.00021825323,1
G026,G030,0.00021811141,1
G065,G080,0.00021802544,1
G053,G010,0.00021794596,1
G098,G008,0.00021759114,1
G093,G077,0.00021744463,1
G098,G039,0.00021685558,1
G080,G070,0.00021673873,1
G063,G008,0.00021649712,1
G063,G097,0.00021613688,1
G099,G012,0.00021612199,1
G002,G069,0.00021611378,1
G021,G070,0.00021587402,1
G064,G100,0.00021574229,1
G015,G068,0.00021560336,1
G024,G049,0.00021495608,1
G045,G012,0.00021489004,1
G008,G031,0.00021478994,1
G004,G015,0.00021475724,1
G078,G037,0.00021457595,1
G012,G069,0.00021448251,1
G056,G052,0.00021442046,1
G022,G073,0.00021403152,1
G097,G069,0.00021394737,1
G003,G071,0.0002136123,1
G015,G024,0.00021356685,1
G024,G039,0.00021346666,1
G072,G038,0.00021346653,1
G002,G024,0.0002130229,1
G054,G052,0.00021261557,1
G004,G069,0.00021148777,1
G047,G069,0.00021132015,1
G004,G013,0.00021067269,1
G042,G069,0.00021011631,1
G024,G096,0.00021010672,1
G006,G095,0.00021004738,1
G050,G012,0.00020959716,1
G048,G013,0.00020916243,1
G006,G012,0.00020912988,1
G037,G070,0.00020821972,1
G032,G096,0.00020810564,1
G068,G100,0.00020794186,1
G080,G069,0.00020783214,1
G013,G052,0.0002077051,1
G074,G013,0.0002075769,1
G081,G077,0.00020729049,1
G015,G053,0.00020726568,1
G070,G088,0.00020723118,1
G050,G052,0.00020716235,1
G073,G096,0.00020701822,1
G032,G069,0.00020663069,1
G085,G029,0.00020637276,1
G021,G064,0.00020619854,1
G099,G069,0.0002061633,1
G038,G020,0.00020610305,1
G016,G064,0.00020604205,1
G090,G013,0.00020590729,1
G031,G030,0.00020584113,1
G024,G001,0.00020558598,1
G058,G035,0.00020513767,1
G042,G012,0.00020484562,1
G008,G046,0.00020476655,1
G024,G069,0.00020475723,1
G026,G071,0.0002044744,1
G043,G100,0.00020439539,1
G022,G070,0.00020423805,1
G026,G094,0.00020410624,1
G014,G066,0.00020403555,1
G038,G096,0.00020402503,1
G043,G016,0.00020393197,1
G059,G026,0.00020364199,1
G012,G001,0.00020341738,1
G021,G096,0.00020329596,1
G038,G027,0.00020294562,1
G093,G069,0.00020294375,1
G007,G027,0.00020243599,1
G014,G001,0.00020226176,1
G043,G052,0.00020201507,1
G051,G016,0.00020199177,1
G007,G090,0.00020181848,1
G006,G007,0.00020177706,1
G073,G050,0.00020175893,1
G028,G012,0.00020168297,1
G043,G001,0.00020145474,1
G082,G064,0.00020131712,1
G013,G050,0.00020129066,1
G054,G008,0.00020120162,1
G026,G069,0.00020117314,1
G056,G091,0.00020107806,1
G024,G052,0.00020102212,1
G065,G037,0.00020095974,1
G026,G016,0.00020081388,1
G086,G080,0.00020064395,1
G043,G015,0.00019962325,1
G082,G002,0.0001995882,1
G099,G038,0.00019949916,1
G038,G017,0.00019939957,1
G027,G038,0.0001986121,1
G070,G013,0.0001985794,1
G013,G076,0.00019856739,1
G082,G026,0.00019850298,1
G022,G058,0.00019843102,1
G045,G076,0.00019781562,1
G081,G069,0.0001975477,1
G049,G036,0.00019747227,1
G043,G069,0.00019733064,1
G013,G012,0.00019731387,1
G013,G095,0.00019652586,1
G045,G091,0.00019633606,1
G094,G020,0.00019615275,1
G004,G100,0.00019598093,1
G100,G082,0.00019546888,1
G035,G069,0.00019545219,1
G074,G025,0.00019539759,1
G039,G007,0.00019522333,1
G100,G057,0.00019510287,1
G084,G029,0.00019501329,1
G035,G044,0.00019499856,1
G051,G013,0.00019475243,1
G074,G037,0.00019471116,1
G083,G013,0.00019469213,1
G054,G027,0.00019450966,1
G094,G026,0.00019450115,1
G018,G050,0.00019437673,1
G065,G073,0.00019386198,1
G008,G035,0.00019378518,1
G085,G015,0.00019370322,1
G027,G036,0.00019364893,1
G095,G013,0.0001935995,1
G053,G070,0.00019352924,1
G001,G009,0.00019350905,1
G056,G030,0.00019343269,1
G007,G069,0.0001933427,1
G060,G005,0.000193341,1
G061,G008,0.0001932975,1
G046,G013,0.00019289811,1
G025,G052,0.00019286656,1
G071,G001,0.00019259808,1
G004,G049,0.00019250576,1
G013,G071,0.00019249883,1
G008,G089,0.00019228428,1
G068,G095,0.00019216028,1
G001,G057,0.00019211674,1
G088,G008,0.00019199107,1
G098,G020,0.00019180399,1
G083,G030,0.0001916238,1
G043,G020,0.00019159382,1
G045,G001,0.0001909467,1
G039,G012,0.00019090391,1
G056,G088,0.00019067049,1
G057,G074,0.00019065276,1
G085,G064,0.00019063699,1
G002,G052,0.00019044161,1
G042,G029,0.00019002275,1
G006,G085,0.00018999986,1
G047,G039,0.00018977557,1
G065,G063,0.00018965056,1
G017,G012,0.00018941607,1
G071,G052,0.0001892419,1
G085,G016,0.00018914971,1
G051,G046,0.0001881293,1
G016,G013,0.0001878486,1
G027,G092,0.00018782669,1
G045,G015,0.00018776908,1
G077,G020,0.00018775284,1
G077,G015,0.00018767311,1
G063,G015,0.00018731169,1
G100,G008,0.00018690167,1
G065,G015,0.0001868918,1
G094,G027,0.00018677361,1
G063,G013,0.00018668857,1
G100,G037,0.00018665275,1
G092,G069,0.0001865551,1
G011,G076,0.00018647822,1
G035,G096,0.00018624033,1
G004,G008,0.0001862223,1
G052,G017,0.00018603509,1
G002,G016,0.00018602592,1
G006,G082,0.00018564473,1
G073,G029,0.00018545425,1
G085,G037,0.00018530301,1
G033,G012,0.00018525301,1
G053,G052,0.00018515803,1
G038,G079,0.00018513763,1
G069,G052,0.00018486938,1
G076,G001,0.0001847585,1
G053,G037,0.00018472837,1
G082,G090,0.00018471917,1
G074,G012,0.00018448292,1
G058,G069,0.0001843528,1
G096,G038,0.0001841556,1
G060,G008,0.00018410364,1
G064,G030,0.00018400914,1
G025,G057,0.00018388437,1
G047,G035,0.00018384977,1
G038,G018,0.00018382665,1
G090,G001,0.00018369601,1
G056,G020,0.00018368065,1
G063,G070,0.00018361797,1
G051,G001,0.00018346778,1
G048,G064,0.00018302783,1
G025,G015,0.00018295566,1
G060,G073,0.00018286023,1
G063,G089,0.00018259205,1
G027,G001,0.00018241839,1
G002,G058,0.00018230612,1
G048,G009,0.00018226047,1
G022,G087,0.0001820785,1
G024,G070,0.00018206814,1
G074,G075,0.00018174422,1
G060,G049,0.00018157468,1
G063,G009,0.00018144134,1
G004,G062,0.00018142899,1
G052,G029,0.00018136123,1
G085,G100,0.00018129167,1
G033,G003,0.00018128657,1
G086,G090,0.00018114432,1
G096,G013,0.00018095828,1
G060,G035,0.00018093029,1
G088,G035,0.00018083597,1
G070,G018,0.00018075576,1
G058,G096,0.00018072773,1
G058,G030,0.00018061502,1
G088,G012,0.00018043646,1
G041,G035,0.00018042933,1
G018,G064,0.00018010929,1
G089,G035,0.00018008483,1
G050,G070,0.00017990866,1
G060,G069,0.00017974731,1
G030,G096,0.00017973475,1
G038,G064,0.00017966585,1
G061,G100,0.00017950537,1
G016,G092,0.00017947727,1
G086,G026,0.00017945882,1
G094,G009,0.00017935598,1
G039,G064,0.00017933882,1
G003,G097,0.00017926584,1
G050,G031,0.00017913389,1
G060,G015,0.0001786648,1
G096,G015,0.00017851806,1
G068,G090,0.00017851731,1
G052,G030,0.00017837656,1
G080,G052,0.00017836184,1
G085,G009,0.00017808308,1
G030,G050,0.00017798676,1
G053,G013,0.00017789168,1
G082,G015,0.00017787995,1
G096,G035,0.00017771308,1
G057,G030,0.0001777018,1
G043,G027,0.00017767916,1
G074,G004,0.00017739601,1
G095,G052,0.00017735656,1
G024,G038,0.00017735224,1
G095,G039,0.00017720518,1
G045,G096,0.00017719508,1
G036,G041,0.00017700475,1
G077,G069,0.00017685698,1
G025,G012,0.00017676849,1
G095,G057,0.00017659969,1
G072,G009,0.00017622756,1
G084,G012,0.00017614118,1
G073,G071,0.00017613055,1
G063,G064,0.00017609946,1
G063,G090,0.00017592897,1
G020,G012,0.00017591327,1
G050,G015,0.00017581909,1
G008,G070,0.00017551004,1
G084,G034,0.00017510483,1
G036,G027,0.00017507643,1
G001,G063,0.00017497213,1
G002,G092,0.00017481168,1
G099,G064,0.00017468979,1
G047,G050,0.00017447304,1
G031,G002,0.0001742912,1
G032,G013,0.00017423756,1
G006,G064,0.00017416282,1
G012,G045,0.0001739529,1
G077,G012,0.0001737425,1
G038,G045,0.00017353377,1
G098,G063,0.00017344943,1
G020,G013,0.00017288927,1
G056,G015,0.00017285348,1
G001,G039,0.00017283935,1
G012,G088,0.00017273398,1
G012,G051,0.00017271422,1
G051,G066,0.00017267479,1
G098,G001,0.00017265309,1
G056,G070,0.00017229699,1
G007,G083,0.00017219421,1
G081,G015,0.00017195217,1
G012,G084,0.00017166075,1
G023,G070,0.00017149297,1
G072,G037,0.00017134039,1
G099,G009,0.00017130263,1
G081,G020,0.00017097192,1
G053,G095,0.00017086683,1
G043,G009,0.00017070075,1
G024,G015,0.00017042135,1
G036,G049,0.00017037193,1
G012,G066,0.00017009783,1
G096,G008,0.00016949858,1
G047,G012,0.00016934164,1
G070,G001,0.00016918173,1
G035,G001,0.00016870105,1
G024,G009,0.00016868806,1
G093,G015,0.00016864813,1
G068,G083,0.00016863695,1
G066,G008,0.00016860025,1
G011,G069,0.00016857011,1
G086,G057,0.00016853967,1
G029,G071,0.00016851198,1
G097,G018,0.00016847739,1
G022,G090,0.00016835978,1
G019,G073,0.00016818146,1
G030,G035,0.00016799617,1
G062,G079,0.00016768051,1
G089,G012,0.00016760561,1
G043,G057,0.00016758747,1
G068,G050,0.0001675826,1
G094,G012,0.00016693742,1
G083,G049,0.00016682145,1
G095,G009,0.00016677791,1
G036,G030,0.00016677206,1
G029,G064,0.00016610364,1
G098,G049,0.00016604688,1
G098,G095,0.00016588368,1
G005,G060,0.00016583335,1
G078,G057,0.00016569765,1
G058,G032,0.00016569096,1
G007,G045,0.00016548511,1
G002,G098,0.00016523468,1
G002,G082,0.0001649346,1
G024,G010,0.00016482001,1
G005,G020,0.00016480085,1
G073,G037,0.000164715,1
G012,G038,0.00016454229,1
G019,G006,0.00016430659,1
G047,G014,0.00016426493,1
G087,G052,0.00016414921,1
G004,G018,0.0001640391,1
G040,G001,0.00016402385,1
G006,G040,0.00016351693,1
G006,G034,0.00016350704,1
G016,G075,0.00016350536,1
G008,G090,0.00016339705,1
G020,G070,0.00016330715,1
G016,G082,0.00016311803,1
G043,G030,0.00016306932,1
G002,G050,0.00016285827,1
G065,G069,0.00016263,1
G099,G071,0.00016261192,1
G026,G082,0.00016242107,1
G080,G038,0.00016235809,1
G100,G070,0.00016226793,1
G053,G083,0.0001619995,1
G020,G097,0.00016182418,1
G006,G009,0.00016175104,1
G073,G064,0.00016132409,1
G060,G052,0.00016100056,1
G007,G070,0.00016081969,1
G008,G087,0.00016070504,1
G024,G027,0.00016064564,1
G098,G038,0.0001605601,1
G074,G050,0.00016048354,1
G004,G054,0.00016046238,1
G097,G017,0.00016041561,1
G094,G053,0.00016022984,1
G041,G097,0.00016019802,1
G060,G070,0.00015980618,1
G043,G095,0.00015973093,1
G072,G027,0.00015968957,1
G048,G069,0.00015968419,1
G045,G070,0.00015959638,1
G013,G034,0.00015959129,1
G002,G080,0.00015956291,1
G025,G009,0.00015952886,1
G074,G088,0.00015938064,1
G027,G042,0.00015937952,1
G060,G076,0.00015930958,1
G025,G001,0.0001591193,1
G040,G096,0.00015899894,1
G018,G045,0.0001586806,1
G020,G038,0.00015798117,1
G007,G052,0.00015782363,1
G082,G050,0.00015774081,1
G042,G057,0.0001576126,1
G032,G071,0.00015759442,1
G063,G002,0.00015748272,1
G088,G074,0.00015728493,1
G038,G022,0.00015719872,1
G054,G004,0.00015718132,1
G006,G073,0.00015713314,1
G086,G029,0.00015701323,1
G089,G015,0.00015692016,1
G066,G001,0.00015667977,1
G004,G028,0.00015658815,1
G030,G032,0.00015656487,1
G027,G065,0.0001565453,1
G026,G070,0.00015645564,1
G005,G052,0.00015636228,1
G022,G031,0.00015617558,1
G022,G030,0.00015596583,1
G041,G020,0.00015590555,1
G090,G012,0.0001557437,1
G074,G095,0.00015550332,1
G092,G012,0.00015541918,1
G056,G048,0.0001553219,1
G071,G064,0.00015531613,1
G068,G063,0.00015528277,1
G072,G100,0.00015521591,1
G088,G069,0.00015518122,1
G006,G070,0.00015469897,1
G088,G001,0.00015447955,1
G033,G001,0.00015439067,1
G093,G053,0.00015437124,1
G032,G100,0.0001541773,1
G012,G009,0.00015404251,1
G026,G100,0.0001540246,1
G001,G032,0.00015378457,1
G016,G039,0.00015333142,1
G084,G064,0.0001528376,1
G041,G044,0.00015279905,1
G077,G029,0.00015279507,1
G095,G001,0.00015271144,1
G091,G010,0.00015264681,1
G036,G015,0.00015253077,1
G004,G080,0.00015218885,1
G072,G032,0.00015207837,1
G014,G062,0.00015205632,1
G066,G069,0.00015140368,1
G053,G050,0.00015139986,1
G022,G007,0.00015121966,1
G068,G027,0.00015106544,1
G072,G029,0.0001509845,1
G031,G027,0.0001507236,1
G074,G049,0.00015013569,1
G004,G085,0.00015009813,1
G026,G087,0.00015005833,1
G027,G073,0.00014982425,1
G073,G012,0.00014970006,1
G051,G033,0.00014904674,1
G095,G016,0.00014880701,1
G046,G064,0.00014864167,1
G072,G031,0.00014861679,1
G043,G084,0.00014854694,1
G004,G045,0.00014850346,1
G046,G060,0.00014828438,1
G083,G027,0.000148059,1
G042,G004,0.00014777883,1
G024,G084,0.00014757714,1
G027,G096,0.00014752024,1
G070,G015,0.00014749668,1
G003,G038,0.0001470271,1
G086,G070,0.00014700893,1
G085,G069,0.00014653694,1
G071,G038,0.00014644644,1
G053,G087,0.0001463964,1
G011,G013,0.00014616962,1
G027,G022,0.00014609107,1
G056,G017,0.00014602485,1
G026,G040,0.0001459021,1
G073,G020,0.00014579331,1
G016,G032,0.00014575126,1
G082,G030,0.00014570667,1
G015,G001,0.00014567746,1
G022,G039,0.00014566586,1
G004,G019,0.00014565546,1
G096,G069,0.00014532001,1
G016,G002,0.00014497394,1
G098,G010,0.00014496635,1
G100,G071,0.00014495265,1
G074,G011,0.00014490867,1
G067,G012,0.00014488082,1
G070,G076,0.00014484265,1
G099,G096,0.00014480695,1
G077,G027,0.00014472188,1
G066,G015,0.00014461743,1
G083,G012,0.00014453955,1
G081,G012,0.00014452255,1
G099,G070,0.00014433535,1
G002,G053,0.00014430413,1
G022,G069,0.00014420923,1
G002,G099,0.00014395932,1
G033,G096,0.00014390107,1
G002,G085,0.00014373529,1
G094,G069,0.00014362241,1
G070,G029,0.00014317954,1
G071,G035,0.0001431489,1
G012,G087,0.00014298216,1
G026,G031,0.00014296368,1
G021,G035,0.00014274068,1
G063,G067,0.00014258517,1
G053,G079,0.00014258413,1
G056,G010,0.00014249339,1
G025,G075,0.00014246195,1
G047,G009,0.00014241147,1
G025,G056,0.00014233883,1
G071,G037,0.00014233036,1
G022,G089,0.0001423168,1
G082,G006,0.00014156717,1
G016,G045,0.00014149855,1
G016,G070,0.00014141425,1
G067,G066,0.00014137905,1
G019,G100,0.00014132477,1
G032,G009,0.000141287,1
G100,G084,0.00014126049,1
G036,G100,0.00014097703,1
G051,G053,0.0001408766,1
G001,G008,0.00014078843,1
G050,G064,0.00014074733,1
G015,G088,0.00014045727,1
G007,G064,0.00014036219,1
G078,G001,0.0001402979,1
G037,G096,0.00014025185,1
G029,G069,0.00013983942,1
G053,G071,0.00013972566,1
G024,G071,0.00013968944,1
G046,G008,0.0001394762,1
G031,G097,0.00013946586,1
G008,G064,0.00013924271,1
G035,G029,0.00013918678,1
G042,G052,0.0001391678,1
G007,G050,0.00013885487,1
G056,G069,0.00013883594,1
G047,G097,0.0001387695,1
G044,G026,0.00013872648,1
G026,G024,0.00013861782,1
G045,G013,0.00013850503,1
G037,G064,0.00013847536,1
G033,G053,0.00013846667,1
G013,G054,0.00013838506,1
G025,G062,0.00013829763,1
G098,G009,0.00013824836,1
G004,G064,0.00013784585,1
G056,G006,0.00013765498,1
G015,G044,0.00013750975,1
G013,G070,0.00013749418,1
G084,G037,0.00013743935,1
G037,G080,0.00013734635,1
G032,G010,0.00013714349,1
G018,G073,0.0001370277,1
G085,G071,0.00013698326,1
G031,G037,0.0001365413,1
G038,G013,0.00013626373,1
G072,G049,0.00013614712,1
G100,G089,0.00013608478,1
G021,G052,0.00013596744,1
G030,G056,0.00013587746,1
G062,G072,0.00013579646,1
G021,G076,0.00013564833,1
G003,G033,0.0001352212,1
G021,G034,0.0001352082,1
G099,G097,0.00013517214,1
G057,G079,0.00013510327,1
G048,G038,0.00013482735,1
G036,G026,0.00013482149,1
G072,G052,0.0001346721,1
G080,G096,0.00013462495,1
G031,G026,0.0001344416,1
G088,G064,0.0001343562,1
G075,G052,0.00013435453,1
G070,G030,0.00013421889,1
G041,G060,0.0001340246,1
G015,G072,0.00013380255,1
G074,G087,0.00013360924,1
G012,G090,0.00013355316,1
G031,G060,0.00013349118,1
G042,G080,0.0001334692,1
G100,G020,0.00013337702,1
G080,G013,0.00013308728,1
G043,G063,0.00013300005,1
G043,G091,0.00013299438,1
G099,G037,0.00013295017,1
G038,G032,0.0001329202,1
G025,G013,0.00013285528,1
G087,G069,0.00013282715,1
G013,G077,0.0001327794,1
G074,G100,0.00013271297,1
G065,G016,0.00013255318,1
G053,G063,0.0001325088,1
G018,G049,0.00013244481,1
G042,G070,0.0001323915,1
G090,G064,0.00013238768,1
G075,G064,0.00013224706,1
G052,G018,0.0001321265,1
G016,G024,0.0001313461,1
G091,G097,0.00013132149,1
G025,G032,0.0001312462,1
G047,G099,0.0001311678,1
G058,G007,0.00013103876,1
G037,G052,0.00013093739,1
G037,G038,0.00013093514,1
G022,G083,0.00013084766,1
G087,G029,0.00013079174,1
G084,G030,0.00013023274,1
G095,G069,0.00013015166,1
G094,G001,0.00013011623,1
G018,G057,0.00013001288,1
G005,G018,0.0001298215,1
G071,G004,0.0001297441,1
G053,G020,0.00012967818,1
G050,G035,0.00012962874,1
G001,G087,0.00012955752,1
G045,G009,0.00012952615,1
G038,G072,0.00012935487,1
G088,G013,0.00012920954,1
G012,G020,0.000128951,1
G069,G018,0.00012893228,1
G002,G019,0.00012880548,1
G085,G026,0.00012848928,1
G091,G015,0.00012848746,1
G054,G038,0.00012837429,1
G079,G003,0.0001283231,1
G073,G063,0.0001280177,1
G061,G034,0.00012794565,1
G015,G031,0.00012770412,1
G014,G076,0.00012768373,1
G068,G086,0.00012762498,1
G067,G001,0.00012753882,1
G011,G008,0.00012740622,1
G084,G079,0.00012734425,1
G081,G064,0.00012727815,1
G024,G050,0.00012709365,1
G027,G059,0.00012700736,1
G038,G040,0.00012695276,1
G047,G027,0.00012677525,1
G085,G027,0.00012656677,1
G063,G026,0.00012654443,1
G006,G010,0.00012652593,1
G018,G027,0.00012633648,1
G036,G064,0.00012629891,1
G098,G073,0.00012612189,1
G003,G070,0.00012610716,1
G048,G070,0.0001260712,1
G037,G076,0.00012600435,1
G004,G009,0.00012578667,1
G045,G049,0.0001257306,1
G036,G001,0.00012557549,1
G056,G071,0.00012554177,1
G086,G053,0.00012545015,1
G012,G033,0.00012540889,1
G086,G066,0.0001253327,1
G078,G029,0.00012521955,1
G026,G088,0.000125189,1
G037,G015,0.00012516184,1
G080,G015,0.00012493064,1
G031,G020,0.0001247938,1
G042,G066,0.00012457077,1
G042,G020,0.00012456557,1
G065,G049,0.00012453597,1
G063,G014,0.00012425525,1
G027,G077,0.000124179,1
G026,G010,0.00012388683,1
G032,G070,0.00012388412,1
G006,G076,0.00012388272,1
G083,G090,0.00012345215,1
G093,G076,0.00012344989,1
G006,G045,0.00012340085,1
G037,G057,0.00012335846,1
G042,G035,0.00012328534,1
G094,G097,0.00012321485,1
G019,G069,0.00012320021,1
G021,G027,0.00012308816,1
G100,G029,0.00012289609,1
G038,G062,0.00012279279,1
G020,G030,0.00012278896,1
G088,G027,0.00012268842,1
G065,G026,0.00012243027,1
G022,G018,0.00012240128,1
G050,G010,0.00012236537,1
G040,G035,0.00012221161,1
G020,G096,0.00012219945,1
G091,G071,0.00012219527,1
G087,G032,0.00012204385,1
G074,G028,0.00012204013,1
G063,G053,0.00012197702,1
G092,G052,0.00012189559,1
G018,G030,0.00012176834,1
G038,G029,0.000121753474,1
G001,G020,0.00012146441,1
G033,G056,0.00012145761,1
G096,G001,0.000121424346,1
G071,G050,0.0001211627,1
G047,G048,0.00012111294,1
G041,G014,0.00012073883,1
G097,G052,0.000120509154,1
G062,G034,0.0001203279,1
G043,G032,0.00012030967,1
G038,G044,0.00012024246,1
G047,G057,0.000120177836,1
G050,G059,0.00012012794,1
G023,G007,0.00012001232,1
G030,G070,0.00011994888,1
G009,G070,0.00011980753,1
G092,G030,0.00011979686,1
G068,G053,0.000119652126,1
G068,G033,0.00011929716,1
G084,G057,0.000119209326,1
G054,G030,0.00011914623,1
G094,G007,0.00011909391,1
G017,G011,0.00011896362,1
G068,G020,0.000118956435,1
G063,G095,0.00011895121,1
G065,G043,0.00011892429,1
G085,G096,0.00011888996,1
G097,G080,0.00011888602,1
G053,G076,0.000118873024,1
G063,G084,0.00011881782,1
G058,G080,0.000118773896,1
G074,G072,0.00011866494,1
G022,G009,0.00011852656,1
G099,G013,0.000118326054,1
G095,G049,0.000118193246,1
G022,G063,0.000117851094,1
G002,G097,0.000117815805,1
G024,G075,0.00011780125,1
G043,G033,0.000117636206,1
G099,G052,0.00011745853,1
G082,G096,0.000117332966,1
G074,G031,0.00011729626,1
G081,G003,0.00011723653,1
G058,G097,0.00011687172,1
G029,G017,0.00011672791,1
G026,G067,0.000116703464,1
G078,G020,0.00011653105,1
G051,G089,0.00011642266,1
G047,G008,0.00011639488,1
G096,G027,0.00011634621,1
G070,G080,0.0001163033,1
G049,G076,0.00011628617,1
G008,G076,0.000116197785,1
G055,G018,0.00011607388,1
G039,G096,0.00011591348,1
G071,G010,0.00011583941,1
G006,G037,0.00011578905,1
G051,G097,0.000115719406,1
G063,G037,0.00011560769,1
G016,G020,0.00011556231,1
G070,G097,0.0001155496,1
G050,G079,0.00011523822,1
G082,G053,0.000115144634,1
G054,G014,0.000115039315,1
G028,G027,0.00011490234,1
G067,G037,0.00011482094,1
G024,G064,0.0001148027,1
G092,G064,0.000114684044,1
G042,G097,0.000114645154,1
G026,G020,0.00011455595,1
G063,G003,0.00011439705,1
G088,G015,0.00011417097,1
G068,G097,0.00011410546,1
G066,G020,0.00011400797,1
G065,G033,0.00011387143,1
G084,G063,0.00011386901,1
G001,G064,0.00011378236,1
G065,G090,0.00011366656,1
G016,G040,0.00011366042,1
G049,G007,0.00011363846,1
G049,G033,0.00011354117,1
G027,G091,0.00011326056,1
G098,G062,0.00011318865,1
G051,G064,0.000113173635,1
G065,G027,0.00011301271,1
G051,G057,0.00011298419,1
G076,G077,0.00011280914,1
G047,G070,0.00011274965,1
G065,G036,0.000112726586,1
G001,G045,0.00011268321,1
G060,G027,0.00011258675,1
G072,G020,0.000112519476,1
G091,G031,0.00011251031,1
G098,G064,0.00011250398,1
G082,G037,0.000112476424,1
G021,G005,0.00011247561,1
G008,G075,0.00011235924,1
G070,G052,0.00011214021,1
G082,G010,0.0001121115,1
G040,G007,0.00011205396,1
G064,G060,0.00011200313,1
G095,G020,0.000111921174,1
G002,G032,0.0001118545,1
G072,G095,0.00011168837,1
G043,G035,0.000111540445,1
G051,G058,0.00011139163,1
G086,G020,0.00011122016,1
G049,G038,0.00011112122,1
G011,G020,0.000111090325,1
G041,G008,0.00011106134,1
G099,G001,0.0001108746,1
G007,G005,0.00011070236,1
G063,G075,0.00011008293,1
G029,G002,0.00011007259,1
G086,G015,0.00010997894,1
G026,G035,0.000109885674,1
G028,G097,0.00010972544,1
G001,G013,0.00010967838,1
G078,G070,0.00010960953,1
G061,G087,0.000109452725,1
G065,G087,0.00010901153,1
G015,G026,0.00010889061,1
G078,G030,0.00010880882,1
G046,G015,0.00010877965,1
G048,G030,0.00010868697,1
G087,G015,0.00010864857,1
G089,G087,0.00010862196,1
G061,G052,0.00010856289,1
G074,G070,0.00010838193,1
G088,G038,0.000108171924,1
G084,G001,0.00010815504,1
G063,G071,0.00010812377,1
G065,G054,0.00010771779,1
G072,G026,0.000107699205,1
G015,G034,0.00010767641,1
G051,G063,0.00010761493,1
G066,G052,0.00010731197,1
G009,G022,0.00010728765,1
G024,G062,0.00010709182,1
G006,G071,0.00010704032,1
G095,G034,0.00010697876,1
G020,G039,0.000106931315,1
G065,G075,0.00010678609,1
G095,G037,0.000106688436,1
G032,G037,0.000106615036,1
G049,G079,0.00010627297,1
G097,G001,0.00010624058,1
G079,G026,0.000106044536,1
G006,G020,0.00010603244,1
G050,G013,0.00010573134,1
G061,G075,0.00010537406,1
G092,G015,0.00010534497,1
G065,G052,0.00010532674,1
G046,G018,0.000105305844,1
G050,G087,0.000105301624,1
G078,G010,0.00010529071,1
G083,G052,0.00010513015,1
G063,G031,0.000105114486,1
G004,G095,0.000105032785,1
G085,G012,0.00010478202,1
G063,G040,0.000104633174,1
G088,G007,0.00010458982,1
G060,G020,0.00010456395,1
G091,G070,0.00010455005,1
G079,G027,0.000104288185,1
G068,G045,0.00010413817,1
G064,G015,0.00010409547,1
G059,G056,0.000104061604,1
G066,G100,0.000104020895,1
G032,G012,0.00010396924,1
G038,G070,0.00010367787,1
G025,G020,0.00010367289,1
G100,G027,0.00010367,1
G063,G012,0.00010366675,1
G046,G029,0.00010364122,1
G045,G029,0.000103628205,1
G070,G071,0.00010362315,1
G094,G046,0.00010355109,1
G024,G097,0.000103462546,1
G083,G034,0.00010336782,1
G047,G037,0.00010305781,1
G065,G076,0.00010286564,1
G050,G038,0.00010283627,1
G048,G001,0.00010280349,1
G045,G020,0.00010263284,1
G082,G060,0.00010245495,1
G035,G005,0.000102433325,1
G078,G100,0.00010233341,1
G043,G070,0.00010229591,1
G053,G039,0.00010229225,1
G069,G076,0.00010226626,1
G083,G009,0.00010214308,1
G058,G017,0.00010213977,1
G060,G090,0.00010205471,1
G064,G018,0.000101830556,1
G056,G089,0.000101790596,1
G078,G062,0.00010172433,1
G087,G008,0.00010170786,1
G068,G058,0.00010165288,1
G089,G029,0.00010140622,1
G040,G009,0.000101389254,1
G047,G060,0.000101173515,1
G048,G029,0.000101050886,1
G013,G044,0.000100948564,1
G037,G010,0.00010094769,1
G065,G093,0.000100932004,1
G001,G097,0.00010090641,1
G025,G090,0.000100889294,1
G098,G071,0.00010058615,1
G001,G025,0.0001003856,1
G095,G071,0.00010035825,1
G013,G092,0.00010034876,1
G043,G090,0.00010028053,1
G072,G015,0.000100270554,1
G020,G007,0.00010022881,1
G001,G050,0.000100038305,1
G078,G035,9.987802e-05,1
G095,G007,9.981126e-05,1
G060,G030,9.9536184e-05,1
G084,G045,9.940162e-05,1
G053,G049,9.927886e-05,1
G078,G050,9.9278834e-05,1
G006,G028,9.9166115e-05,1
G016,G050,9.913738e-05,1
G100,G040,9.910098e-05,1
G050,G016,9.905238e-05,1
G008,G041,9.8932964e-05,1
G048,G015,9.891409e-05,1
G074,G067,9.883893e-05,1
G097,G002,9.8832075e-05,1
G068,G087,9.847784e-05,1
G043,G075,9.830812e-05,1
G060,G010,9.8105054e-05,1
G015,G005,9.7993056e-05,1
G074,G051,9.7979224e-05,1
G002,G023,9.7931326e-05,1
G056,G012,9.7871845e-05,1
G091,G027,9.743256e-05,1
G022,G005,9.7338096e-05,1
G093,G008,9.7312775e-05,1
G050,G036,9.72437e-05,1
G022,G100,9.718675e-05,1
G080,G057,9.709914e-05,1
G084,G076,9.7039716e-05,1
G076,G062,9.684785e-05,1
G094,G017,9.678695e-05,1
G081,G009,9.657604e-05,1
G008,G095,9.6336196e-05,1
G036,G097,9.629767e-05,1
G049,G017,9.6259115e-05,1
G001,G083,9.60927e-05,1
G055,G026,9.589762e-05,1
G016,G057,9.583449e-05,1
G060,G029,9.543673e-05,1
G071,G027,9.538697e-05,1
G027,G021,9.532153e-05,1
G009,G052,9.52499e-05,1
G068,G089,9.520358e-05,1
G006,G027,9.5166724e-05,1
G016,G029,9.506359e-05,1
G077,G026,9.488619e-05,1
G081,G035,9.479008e-05,1
G050,G040,9.477726e-05,1
G001,G012,9.4776435e-05,1
G068,G082,9.475986e-05,1
G036,G050,9.466939e-05,1
G009,G074,9.4642935e-05,1
G060,G034,9.461516e-05,1
G040,G013,9.459879e-05,1
G026,G056,9.455252e-05,1
G086,G071,9.453428e-05,1
G081,G089,9.4421746e-05,1
G072,G097,9.429547e-05,1
G027,G007,9.4258314e-05,1
G072,G069,9.423633e-05,1
G029,G012,9.4108465e-05,1
G063,G050,9.40309e-05,1
G022,G052,9.4022704e-05,1
G006,G029,9.393714e-05,1
G045,G071,9.3880924e-05,1
G016,G009,9.383923e-05,1
G064,G012,9.3810115e-05,1
G007,G049,9.37872e-05,1
G065,G035,9.377622e-05,1
G082,G097,9.369844e-05,1
G012,G017,9.365231e-05,1
G019,G015,9.3638184e-05,1
G032,G005,9.3567345e-05,1
G041,G001,9.3540315e-05,1
G084,G052,9.33442e-05,1
G061,G025,9.3275834e-05,1
G033,G036,9.2941045e-05,1
G039,G020,9.292858e-05,1
G056,G096,9.264633e-05,1
G043,G002,9.2645656e-05,1
G041,G070,9.258006e-05,1
G029,G018,9.2350216e-05,1
G099,G049,9.229558e-05,1
G076,G094,9.217462e-05,1
G084,G069,9.21275e-05,1
G089,G027,9.205454e-05,1
G054,G071,9.198855e-05,1
G051,G031,9.184159e-05,1
G024,G037,9.1708884e-05,1
G033,G076,9.166824e-05,1
G037,G040,9.16043e-05,1
G050,G024,9.148379e-05,1
G086,G044,9.14623e-05,1
G068,G029,9.1403694e-05,1
G061,G071,9.137534e-05,1
G042,G026,9.1214286e-05,1
G079,G062,9.117927e-05,1
G054,G039,9.1061964e-05,1
G056,G093,9.104654e-05,1
G092,G009,9.096868e-05,1
G061,G070,9.096794e-05,1
G049,G044,9.095866e-05,1
G087,G009,9.081645e-05,1
G082,G070,9.067495e-05,1
G032,G057,9.052095e-05,1
G041,G052,9.037912e-05,1
G022,G068,9.0354646e-05,1
G041,G071,9.0337635e-05,1
G075,G069,9.027228e-05,1
G007,G021,9.0215835e-05,1
G098,G076,9.016178e-05,1
G002,G071,8.995889e-05,1
G042,G087,8.9938934e-05,1
G082,G046,8.9881934e-05,1
G081,G100,8.9797744e-05,1
G095,G012,8.974685e-05,1
G057,G069,8.965636e-05,1
G037,G073,8.961395e-05,1
G058,G064,8.961277e-05,1
G069,G070,8.960259e-05,1
G036,G020,8.954797e-05,1
G072,G013,8.9360954e-05,1
G006,G084,8.934784e-05,1
G038,G060,8.929335e-05,1
G040,G080,8.926416e-05,1
G002,G064,8.9249384e-05,1
G060,G096,8.923248e-05,1
G042,G007,8.920355e-05,1
G073,G095,8.919628e-05,1
G030,G003,8.915228e-05,1
G012,G100,8.910635e-05,1
G071,G020,8.894539e-05,1
G089,G030,8.893946e-05,1
G013,G028,8.8851746e-05,1
G038,G097,8.8814624e-05,1
G053,G005,8.878692e-05,1
G050,G100,8.8649525e-05,1
G029,G096,8.8639215e-05,1
G054,G093,8.8586756e-05,1
G043,G097,8.857649e-05,1
G047,G017,8.8560126e-05,1
G016,G088,8.843954e-05,1
G061,G090,8.836155e-05,1
G007,G008,8.826987e-05,1
G046,G001,8.812857e-05,1
G065,G084,8.793595e-05,1
G032,G001,8.7933935e-05,1
G021,G007,8.783081e-05,1
G066,G051,8.750221e-05,1
G088,G097,8.740074e-05,1
G065,G001,8.737817e-05,1
G086,G038,8.7342916e-05,1
G001,G030,8.7333276e-05,1
G036,G002,8.727378e-05,1
G074,G083,8.719135e-05,1
G072,G053,8.713102e-05,1
G072,G003,8.705682e-05,1
G099,G057,8.697149e-05,1
G041,G069,8.6883214e-05,1
G071,G049,8.683926e-05,1
G009,G097,8.6836786e-05,1
G091,G024,8.6791886e-05,1
G013,G031,8.675109e-05,1
G018,G095,8.671867e-05,1
G052,G015,8.6485146e-05,1
G002,G007,8.635701e-05,1
G093,G083,8.6120024e-05,1
G096,G049,8.585798e-05,1
G062,G088,8.5857784e-05,1
G096,G032,8.562285e-05,1
G095,G031,8.5569794e-05,1
G067,G100,8.5549145e-05,1
G022,G034,8.5401705e-05,1
G045,G007,8.53929e-05,1
G074,G029,8.537911e-05,1
G056,G081,8.514431e-05,1
G054,G021,8.513965e-05,1
G009,G023,8.50747e-05,1
G024,G020,8.4916566e-05,1
G005,G021,8.48377e-05,1
G096,G029,8.476251e-05,1
G070,G075,8.4747284e-05,1
G011,G056,8.4649924e-05,1
G074,G081,8.4613435e-05,1
G070,G064,8.4574705e-05,1
G045,G027,8.457328e-05,1
G096,G052,8.4552936e-05,1
G091,G001,8.455124e-05,1
G071,G070,8.454704e-05,1
G032,G027,8.4546686e-05,1
G052,G072,8.4490326e-05,1
G080,G051,8.439447e-05,1
G001,G071,8.433672e-05,1
G091,G090,8.426455e-05,1
G065,G010,8.408703e-05,1
G070,G037,8.395804e-05,1
G007,G016,8.3895124e-05,1
G038,G075,8.382613e-05,1
G093,G050,8.381888e-05,1
G007,G087,8.366724e-05,1
G060,G071,8.318798e-05,1
G032,G015,8.3111e-05,1
G040,G069,8.3021994e-05,1
G015,G004,8.2862e-05,1
G068,G016,8.286068e-05,1
G015,G037,8.281615e-05,1
G076,G038,8.278584e-05,1
G035,G008,8.267536e-05,1
G030,G049,8.253162e-05,1
G041,G027,8.249093e-05,1
G085,G035,8.231191e-05,1
G026,G033,8.2297454e-05,1
G067,G090,8.2010854e-05,1
G098,G069,8.199562e-05,1
G026,G048,8.193725e-05,1
G018,G070,8.1829625e-05,1
G013,G075,8.168815e-05,1
G067,G035,8.167087e-05,1
G043,G026,8.142402e-05,1
G004,G031,8.1399856e-05,1
G071,G017,8.137107e-05,1
G078,G076,8.133548e-05,1
G067,G036,8.128962e-05,1
G022,G025,8.1265716e-05,1
G025,G050,8.112534e-05,1
G024,G063,8.104654e-05,1
G095,G029,8.090626e-05,1
G020,G024,8.089689e-05,1
G030,G060,8.0504884e-05,1
G077,G037,8.042052e-05,1
G084,G027,8.03798e-05,1
G016,G054,8.036209e-05,1
G021,G079,8.0338184e-05,1
G030,G026,8.019722e-05,1
G092,G034,8.017618e-05,1
G091,G037,8.0134596e-05,1
G080,G032,8.0063015e-05,1
G063,G080,7.998177e-05,1
G056,G046,7.9957696e-05,1
G087,G007,7.98121e-05,1
G087,G057,7.9581005e-05,1
G006,G050,7.955234e-05,1
G078,G039,7.9449346e-05,1
G038,G051,7.943351e-05,1
G042,G064,7.941788e-05,1
G025,G027,7.941758e-05,1
G039,G057,7.939196e-05,1
G097,G060,7.935202e-05,1
G022,G003,7.923889e-05,1
G093,G096,7.9165766e-05,1
G018,G020,7.914937e-05,1
G068,G048,7.907346e-05,1
G085,G020,7.904957e-05,1
G060,G032,7.887099e-05,1
G078,G045,7.883902e-05,1
G080,G008,7.882059e-05,1
G030,G066,7.873041e-05,1
G085,G063,7.836955e-05,1
G032,G049,7.833057e-05,1
G081,G057,7.831725e-05,1
G052,G027,7.827994e-05,1
G030,G088,7.8199104e-05,1
G078,G073,7.811935e-05,1
G058,G010,7.782482e-05,1
G056,G058,7.76891e-05,1
G024,G029,7.767248e-05,1
G093,G027,7.7295146e-05,1
G025,G029,7.712896e-05,1
G079,G020,7.7064025e-05,1
G020,G009,7.7053e-05,1
G074,G062,7.7016804e-05,1
G013,G011,7.70021e-05,1
G078,G015,7.692425e-05,1
G022,G054,7.684799e-05,1
G018,G005,7.68034e-05,1
G021,G029,7.680277e-05,1
G082,G093,7.667732e-05,1
G002,G091,7.66688e-05,1
G047,G003,7.6609285e-05,1
G040,G038,7.6605815e-05,1
G089,G007,7.652454e-05,1
G024,G095,7.651813e-05,1
G063,G073,7.64542e-05,1
G072,G076,7.640542e-05,1
G012,G080,7.636613e-05,1
G086,G027,7.628026e-05,1
G065,G064,7.626052e-05,1
G053,G034,7.619486e-05,1
G006,G080,7.615735e-05,1
G083,G095,7.602121e-05,1
G029,G001,7.600426e-05,1
G072,G064,7.594337e-05,1
G078,G090,7.593596e-05,1
G061,G063,7.582846e-05,1
G086,G097,7.571498e-05,1
G009,G035,7.560691e-05,1
G065,G032,7.551689e-05,1
G071,G076,7.54806e-05,1
G015,G010,7.54489e-05,1
G048,G052,7.544265e-05,1
G001,G049,7.539111e-05,1
G079,G012,7.537071e-05,1
G048,G017,7.514846e-05,1
G021,G075,7.502433e-05,1
G060,G084,7.4942924e-05,1
G001,G002,7.49137e-05,1
G007,G089,7.489004e-05,1
G007,G011,7.4824595e-05,1
G068,G076,7.474971e-05,1
G027,G055,7.465043e-05,1
G054,G032,7.449693e-05,1
G011,G017,7.448644e-05,1
G054,G033,7.4477095e-05,1
G092,G017,7.445837e-05,1
G012,G029,7.437655e-05,1
G047,G080,7.435081e-05,1
G070,G063,7.429024e-05,1
G030,G095,7.4192256e-05,1
G096,G020,7.4189324e-05,1
G084,G040,7.396819e-05,1
G040,G012,7.396652e-05,1
G047,G045,7.3966454e-05,1
G089,G079,7.3901865e-05,1
G053,G033,7.3741525e-05,1
G043,G076,7.3614036e-05,1
G063,G083,7.342314e-05,1
G058,G002,7.341746e-05,1
G095,G030,7.330512e-05,1
G091,G083,7.321187e-05,1
G006,G052,7.3209936e-05,1
G098,G070,7.303897e-05,1
G021,G082,7.2935e-05,1
G073,G049,7.2845825e-05,1
G038,G050,7.278426e-05,1
G004,G016,7.274484e-05,1
G020,G080,7.2726e-05,1
G100,G092,7.272574e-05,1
G072,G024,7.2631876e-05,1
G025,G031,7.248759e-05,1
G088,G029,7.2427094e-05,1
G086,G039,7.234181e-05,1
G012,G089,7.226765e-05,1
G027,G063,7.222498e-05,1
G053,G098,7.222381e-05,1
G072,G035,7.2145696e-05,1
G021,G100,7.2022856e-05,1
G083,G037,7.190246e-05,1
G063,G017,7.181049e-05,1
G032,G040,7.176962e-05,1
G013,G024,7.133352e-05,1
G068,G039,7.12264e-05,1
G093,G020,7.1186914e-05,1
G042,G049,7.117688e-05,1
G001,G075,7.093909e-05,1
G096,G071,7.092742e-05,1
G091,G050,7.092097e-05,1
G066,G030,7.083109e-05,1
G085,G038,7.080298e-05,1
G035,G100,7.076467e-05,1
G099,G040,7.0618975e-05,1
G070,G012,7.060943e-05,1
G095,G097,7.047452e-05,1
G068,G091,7.046039e-05,1
G088,G050,7.043402e-05,1
G033,G052,7.0416485e-05,1
G037,G016,7.029445e-05,1
G030,G071,7.029049e-05,1
G090,G062,6.985831e-05,1
G029,G015,6.9738184e-05,1
G020,G029,6.964545e-05,1
G045,G035,6.9626476e-05,1
G062,G069,6.938335e-05,1
G032,G050,6.938158e-05,1
G079,G097,6.9255446e-05,1
G010,G060,6.914532e-05,1
G040,G020,6.9090405e-05,1
G018,G053,6.8939495e-05,1
G028,G034,6.881193e-05,1
G016,G071,6.873321e-05,1
G095,G010,6.870006e-05,1
G092,G007,6.861269e-05,1
G075,G076,6.841407e-05,1
G066,G029,6.841367e-05,1
G007,G020,6.836086e-05,1
G038,G095,6.8222274e-05,1
G090,G069,6.816266e-05,1
G011,G038,6.81186e-05,1
G064,G062,6.805506e-05,1
G012,G053,6.803028e-05,1
G082,G076,6.8005036e-05,1
G028,G064,6.7905006e-05,1
G067,G080,6.7900066e-05,1
G013,G097,6.7876805e-05,1
G020,G050,6.766425e-05,1
G016,G076,6.7651716e-05,1
G035,G031,6.744107e-05,1
G043,G053,6.7438654e-05,1
G053,G017,6.738922e-05,1
G041,G007,6.735442e-05,1
G098,G052,6.7295885e-05,1
G041,G096,6.729442e-05,1
G062,G012,6.719099e-05,1
G100,G002,6.71673e-05,1
G044,G027,6.7011555e-05,1
G074,G042,6.696994e-05,1
G043,G050,6.678518e-05,1
G058,G053,6.675838e-05,1
G014,G032,6.66113e-05,1
G015,G096,6.659082e-05,1
G093,G034,6.642693e-05,1
G058,G033,6.626993e-05,1
G076,G073,6.618156e-05,1
G058,G037,6.6111985e-05,1
G025,G097,6.60815e-05,1
G021,G017,6.5817214e-05,1
G001,G037,6.5799504e-05,1
G035,G052,6.5765715e-05,1
G012,G002,6.575343e-05,1
G028,G076,6.5584536e-05,1
G098,G027,6.552694e-05,1
G093,G054,6.552197e-05,1
G049,G035,6.548532e-05,1
G025,G010,6.540691e-05,1
G018,G087,6.533023e-05,1
G054,G045,6.516927e-05,1
G077,G007,6.511944e-05,1
G087,G020,6.507287e-05,1
G037,G001,6.491194e-05,1
G084,G032,6.480189e-05,1
G083,G050,6.4782704e-05,1
G007,G025,6.468481e-05,1
G004,G083,6.436392e-05,1
G005,G017,6.4351734e-05,1
G007,G037,6.434403e-05,1
G093,G079,6.433088e-05,1
G046,G007,6.426972e-05,1
G045,G095,6.426943e-05,1
G061,G006,6.423962e-05,1
G070,G027,6.4220614e-05,1
G065,G013,6.419217e-05,1
G013,G056,6.4128326e-05,1
G093,G032,6.408706e-05,1
G018,G011,6.408445e-05,1
G077,G074,6.3779866e-05,1
G032,G062,6.377171e-05,1
G077,G090,6.356684e-05,1
G015,G051,6.352529e-05,1
G080,G018,6.349693e-05,1
G025,G037,6.326389e-05,1
G071,G075,6.3191525e-05,1
G100,G001,6.319059e-05,1
G066,G004,6.318361e-05,1
G049,G087,6.312685e-05,1
G081,G032,6.295975e-05,1
G067,G070,6.27663e-05,1
G049,G032,6.27367e-05,1
G021,G073,6.2475214e-05,1
G017,G003,6.245195e-05,1
G039,G069,6.240528e-05,1
G004,G057,6.239828e-05,1
G079,G032,6.235206e-05,1
G033,G029,6.230498e-05,1
G003,G072,6.221995e-05,1
G098,G026,6.218497e-05,1
G033,G022,6.2067214e-05,1
G013,G073,6.20337e-05,1
G044,G015,6.19854e-05,1
G012,G050,6.197336e-05,1
G070,G087,6.192755e-05,1
G020,G076,6.1894476e-05,1
G060,G050,6.18546e-05,1
G013,G029,6.185167e-05,1
G064,G009,6.184102e-05,1
G070,G026,6.164219e-05,1
G045,G039,6.14316e-05,1
G026,G009,6.141815e-05,1
G063,G020,6.1379505e-05,1
G035,G039,6.134361e-05,1
G095,G066,6.1305625e-05,1
G064,G027,6.122326e-05,1
G096,G064,6.1187064e-05,1
G026,G092,6.1137594e-05,1
G079,G035,6.1100196e-05,1
G035,G030,6.103619e-05,1
G043,G014,6.0999897e-05,1
G076,G050,6.093333e-05,1
G074,G045,6.0923514e-05,1
G087,G027,6.0822593e-05,1
G084,G100,6.079625e-05,1
G073,G027,6.0620572e-05,1
G073,G017,6.0531933e-05,1
G028,G015,6.0512415e-05,1
G091,G072,6.0507093e-05,1
G082,G013,6.0506572e-05,1
G099,G095,6.0501312e-05,1
G099,G076,6.05003e-05,1
G018,G083,6.0314364e-05,1
G081,G005,6.0180984e-05,1
G007,G048,6.0103634e-05,1
G081,G052,6.0011098e-05,1
G001,G022,5.9951795e-05,1
G004,G029,5.9869984e-05,1
G020,G034,5.9839993e-05,1
G091,G020,5.9725975e-05,1
G041,G033,5.971659e-05,1
G013,G091,5.964405e-05,1
G055,G076,5.9643746e-05,1
G018,G037,5.964246e-05,1
G060,G039,5.9580805e-05,1
G049,G052,5.955599e-05,1
G015,G046,5.9521008e-05,1
G026,G022,5.9482154e-05,1
G025,G073,5.9413014e-05,1
G002,G083,5.915291e-05,1
G096,G062,5.9131726e-05,1
G018,G040,5.9097532e-05,1
G078,G027,5.9074406e-05,1
G076,G044,5.907067e-05,1
G092,G060,5.9043356e-05,1
G032,G030,5.9027367e-05,1
G026,G085,5.892474e-05,1
G041,G012,5.889309e-05,1
G066,G032,5.8857346e-05,1
G031,G093,5.850824e-05,1
G055,G012,5.842107e-05,1
G091,G030,5.7925856e-05,1
G099,G091,5.789262e-05,1
G027,G079,5.7830504e-05,1
G065,G100,5.7644145e-05,1
G015,G089,5.7624333e-05,1
G021,G036,5.7488858e-05,1
G066,G098,5.742096e-05,1
G050,G082,5.7320256e-05,1
G065,G091,5.73052e-05,1
G056,G040,5.7300975e-05,1
G020,G040,5.7158883e-05,1
G080,G027,5.7105648e-05,1
G013,G001,5.7084046e-05,1
G026,G034,5.6993224e-05,1
G038,G067,5.6987898e-05,1
G056,G049,5.6801022e-05,1
G052,G062,5.675063e-05,1
G012,G049,5.6735233e-05,1
G048,G080,5.6673252e-05,1
G092,G001,5.6625722e-05,1
G089,G034,5.6592966e-05,1
G068,G088,5.65462e-05,1
G059,G018,5.6391375e-05,1
G074,G078,5.638972e-05,1
G043,G087,5.637641e-05,1
G056,G097,5.632995e-05,1
G057,G012,5.6283894e-05,1
G006,G054,5.611755e-05,1
G067,G078,5.609559e-05,1
G065,G072,5.5914847e-05,1
G031,G080,5.574983e-05,1
G051,G090,5.555651e-05,1
G022,G066,5.5531862e-05,1
G035,G070,5.5505658e-05,1
G038,G048,5.5337892e-05,1
G099,G029,5.5156866e-05,1
G048,G076,5.507057e-05,1
G004,G030,5.4979526e-05,1
G060,G066,5.4949927e-05,1
G007,G077,5.4827957e-05,1
G033,G026,5.480658e-05,1
G012,G014,5.468503e-05,1
G071,G033,5.4527405e-05,1
G083,G054,5.452161e-05,1
G058,G039,5.44937e-05,1
G045,G038,5.432838e-05,1
G084,G018,5.4322663e-05,1
G006,G083,5.42845e-05,1
G036,G010,5.427762e-05,1
G078,G032,5.4269094e-05,1
G089,G037,5.4198055e-05,1
G022,G099,5.3960994e-05,1
G074,G030,5.3958618e-05,1
G084,G011,5.394871e-05,1
G058,G009,5.384294e-05,1
G053,G045,5.3837623e-05,1
G073,G001,5.376116e-05,1
G086,G049,5.3596785e-05,1
G063,G027,5.3589003e-05,1
G094,G015,5.353126e-05,1
G026,G019,5.351261e-05,1
G090,G041,5.3488096e-05,1
G041,G032,5.3371044e-05,1
G006,G062,5.3126412e-05,1
G086,G089,5.309952e-05,1
G001,G070,5.3096825e-05,1
G013,G032,5.2994237e-05,1
G007,G065,5.2953645e-05,1
G038,G056,5.2938423e-05,1
G097,G076,5.288425e-05,1
G057,G015,5.2752006e-05,1
G100,G076,5.26165e-05,1
G032,G080,5.2552346e-05,1
G019,G020,5.2514228e-05,1
G046,G062,5.2481784e-05,1
G060,G025,5.2313924e-05,1
G022,G040,5.2240473e-05,1
G005,G066,5.22348e-05,1
G072,G070,5.2178562e-05,1
G006,G030,5.211462e-05,1
G060,G019,5.2112922e-05,1
G060,G087,5.209437e-05,1
G018,G063,5.207745e-05,1
G002,G037,5.2063293e-05,1
G067,G038,5.198022e-05,1
G035,G098,5.1804578e-05,1
G029,G009,5.1728766e-05,1
G091,G012,5.1720668e-05,1
G098,G031,5.162445e-05,1
G087,G080,5.147512e-05,1
G095,G027,5.143313e-05,1
G013,G085,5.1422066e-05,1
G086,G003,5.1392566e-05,1
G056,G039,5.1367282e-05,1
G080,G075,5.132202e-05,1
G093,G070,5.1317336e-05,1
G001,G033,5.1259598e-05,1
G080,G002,5.1251205e-05,1
G086,G050,5.1236573e-05,1
G030,G039,5.1160394e-05,1
G030,G045,5.114218e-05,1
G004,G032,5.1100953e-05,1
G052,G020,5.0939703e-05,1
G038,G063,5.0881696e-05,1
G025,G045,5.087677e-05,1
G063,G033,5.0876442e-05,1
G069,G031,5.0748724e-05,1
G067,G087,5.06744e-05,1
G089,G010,5.0472067e-05,1
G006,G039,5.036619e-05,1
G079,G041,5.036323e-05,1
G058,G049,5.0324797e-05,1
G051,G007,5.0286893e-05,1
G083,G035,5.0251503e-05,1
G062,G080,5.0170667e-05,1
G061,G064,5.0162853e-05,1
G083,G029,4.9947113e-05,1
G051,G076,4.9934104e-05,1
G025,G053,4.9872684e-05,1
G075,G060,4.987262e-05,1
G038,G014,4.98316e-05,1
G043,G018,4.9806917e-05,1
G016,G019,4.980319e-05,1
G047,G083,4.974306e-05,1
G071,G063,4.9738577e-05,1
G041,G080,4.9699047e-05,1
G098,G037,4.966429e-05,1
G093,G045,4.947407e-05,1
G098,G045,4.9416834e-05,1
G066,G009,4.9401515e-05,1
G004,G047,4.9245653e-05,1
G074,G041,4.8991813e-05,1
G046,G097,4.8988724e-05,1
G012,G091,4.8975617e-05,1
G074,G001,4.8930287e-05,1
G022,G097,4.8860817e-05,1
G076,G035,4.8853046e-05,1
G052,G031,4.884645e-05,1
G030,G080,4.8764356e-05,1
G061,G037,4.875559e-05,1
G015,G011,4.873843e-05,1
G086,G030,4.8676677e-05,1
G012,G094,4.8595844e-05,1
G098,G007,4.8405313e-05,1
G018,G033,4.8373782e-05,1
G071,G057,4.8230053e-05,1
G017,G070,4.8229675e-05,1
G011,G035,4.813766e-05,1
G022,G015,4.8124006e-05,1
G004,G073,4.810682e-05,1
G015,G079,4.802858e-05,1
G009,G056,4.791785e-05,1
G100,G075,4.7831516e-05,1
G066,G034,4.7805097e-05,1
G065,G083,4.774458e-05,1
G074,G099,4.7674363e-05,1
G080,G009,4.761691e-05,1
G037,G032,4.7610523e-05,1
G083,G096,4.745793e-05,1
G068,G012,4.743282e-05,1
G096,G037,4.7428675e-05,1
G093,G026,4.740697e-05,1
G068,G056,4.738181e-05,1
G006,G072,4.7367732e-05,1
G058,G026,4.7357968e-05,1
G042,G032,4.7313453e-05,1
G001,G089,4.719093e-05,1
G020,G052,4.718484e-05,1
G029,G007,4.7178364e-05,1
G016,G033,4.7103436e-05,1
G011,G064,4.69797e-05,1
G025,G082,4.692307e-05,1
G043,G089,4.6905105e-05,1
G050,G075,4.6897127e-05,1
G050,G008,4.6855177e-05,1
G046,G030,4.6797515e-05,1
G026,G012,4.6713965e-05,1
G061,G049,4.6421814e-05,1
G081,G049,4.638639e-05,1
G033,G020,4.6366076e-05,1
G058,G090,4.6353074e-05,1
G075,G001,4.6326335e-05,1
G056,G038,4.629679e-05,1
G012,G071,4.6257843e-05,1
G050,G073,4.6250305e-05,1
G085,G033,4.6102297e-05,1
G022,G080,4.607501e-05,1
G014,G007,4.5945762e-05,1
G089,G052,4.5846933e-05,1
G094,G060,4.5812845e-05,1
G054,G055,4.5748195e-05,1
G012,G092,4.5719014e-05,1
G040,G099,4.5675322e-05,1
G050,G029,4.5673838e-05,1
G020,G032,4.556332e-05,1
G066,G017,4.554667e-05,1
G008,G054,4.536328e-05,1
G076,G051,4.5357774e-05,1
G017,G095,4.534922e-05,1
G082,G025,4.5239645e-05,1
G047,G007,4.5175006e-05,1
G066,G057,4.499597e-05,1
G064,G017,4.4992226e-05,1
G046,G034,4.4930992e-05,1
G018,G076,4.4898647e-05,1
G076,G085,4.489367e-05,1
G061,G076,4.4847107e-05,1
G052,G091,4.4829314e-05,1
G099,G030,4.4764038e-05,1
G058,G071,4.4737786e-05,1
G089,G069,4.4630135e-05,1
G026,G011,4.4537086e-05,1
G006,G019,4.450015e-05,1
G041,G006,4.448603e-05,1
G025,G034,4.4445515e-05,1
G029,G020,4.4378383e-05,1
G037,G017,4.431723e-05,1
G001,G029,4.430016e-05,1
G090,G020,4.427048e-05,1
G056,G084,4.4265464e-05,1
G031,G038,4.4146094e-05,1
G078,G080,4.4108103e-05,1
G095,G063,4.408062e-05,1
G049,G050,4.400348e-05,1
G038,G028,4.3983753e-05,1
G070,G028,4.3921384e-05,1
G077,G076,4.3841483e-05,1
G093,G071,4.363968e-05,1
G031,G001,4.356652e-05,1
G068,G075,4.3551066e-05,1
G082,G080,4.3449232e-05,1
G063,G087,4.3431144e-05,1
G012,G006,4.3413434e-05,1
G065,G062,4.3385957e-05,1
G024,G033,4.335918e-05,1
G073,G052,4.3259184e-05,1
G039,G015,4.3234075e-05,1
G002,G056,4.315625e-05,1
G004,G075,4.3142452e-05,1
G085,G072,4.3093838e-05,1
G044,G070,4.3005875e-05,1
G024,G040,4.2866835e-05,1
G092,G071,4.2769865e-05,1
G098,G090,4.2747914e-05,1
G026,G068,4.2621272e-05,1
G084,G013,4.257382e-05,1
G016,G043,4.2559317e-05,1
G056,G002,4.2411062e-05,1
G035,G032,4.209611e-05,1
G031,G015,4.209392e-05,1
G091,G080,4.203296e-05,1
G032,G034,4.2015967e-05,1
G029,G060,4.176725e-05,1
G047,G076,4.1759606e-05,1
G061,G040,4.1713054e-05,1
G087,G023,4.1574847e-05,1
G078,G026,4.13852e-05,1
G081,G050,4.1182524e-05,1
G098,G032,4.1172352e-05,1
G044,G035,4.1084684e-05,1
G029,G085,4.1042822e-05,1
G067,G015,4.1027346e-05,1
G092,G037,4.100498e-05,1
G057,G009,4.100319e-05,1
G047,G029,4.095043e-05,1
G048,G002,4.094319e-05,1
G071,G080,4.0873914e-05,1
G048,G097,4.0750478e-05,1
G054,G082,4.068148e-05,1
G081,G027,4.0563387e-05,1
G020,G079,4.054735e-05,1
G054,G029,4.0442246e-05,1
G089,G038,4.042546e-05,1
G043,G080,4.0383147e-05,1
G097,G015,4.0372808e-05,1
G044,G049,4.036445e-05,1
G012,G042,4.036379e-05,1
G052,G023,4.030128e-05,1
G044,G020,4.02033e-05,1
G007,G058,4.0191124e-05,1
G068,G054,3.9916576e-05,1
G020,G063,3.991184e-05,1
G007,G015,3.9872863e-05,1
G078,G049,3.9868304e-05,1
G029,G003,3.9832863e-05,1
G026,G045,3.971672e-05,1
G044,G002,3.9639406e-05,1
G078,G007,3.9598042e-05,1
G022,G079,3.958428e-05,1
G052,G080,3.9521303e-05,1
G098,G088,3.941361e-05,1
G067,G032,3.9367147e-05,1
G094,G080,3.935141e-05,1
G017,G034,3.920343e-05,1
G099,G026,3.9019455e-05,1
G062,G023,3.9018407e-05,1
G005,G008,3.8958686e-05,1
G098,G089,3.8711907e-05,1
G036,G071,3.8670038e-05,1
G002,G030,3.866553e-05,1
G095,G079,3.8417747e-05,1
G049,G062,3.8415095e-05,1
G002,G100,3.8244794e-05,1
G062,G027,3.8238482e-05,1
G022,G029,3.8215338e-05,1
G015,G029,3.820789e-05,1
G073,G062,3.816875e-05,1
G075,G024,3.8131893e-05,1
G047,G026,3.80682e-05,1
G071,G090,3.795634e-05,1
G089,G020,3.791903e-05,1
G053,G084,3.791843e-05,1
G067,G076,3.7900136e-05,1
G087,G056,3.7821697e-05,1
G083,G020,3.7787722e-05,1
G044,G039,3.7777027e-05,1
G016,G011,3.776516e-05,1
G083,G024,3.7745667e-05,1
G008,G012,3.7666803e-05,1
G080,G024,3.7560938e-05,1
G008,G096,3.7550257e-05,1
G085,G017,3.753783e-05,1
G100,G026,3.749159e-05,1
G025,G070,3.7482936e-05,1
G056,G086,3.740431e-05,1
G071,G079,3.7376412e-05,1
G048,G026,3.729525e-05,1
G085,G057,3.7272195e-05,1
G041,G100,3.724608e-05,1
G016,G008,3.7194557e-05,1
G054,G057,3.7084865e-05,1
G079,G074,3.702863e-05,1
G075,G056,3.702439e-05,1
G005,G012,3.6950485e-05,1
G067,G027,3.6934314e-05,1
G068,G077,3.6913898e-05,1
G049,G071,3.6897076e-05,1
G035,G020,3.6825917e-05,1
G026,G001,3.6773257e-05,1
G030,G064,3.6766873e-05,1
G060,G100,3.676431e-05,1
G097,G030,3.675767e-05,1
G026,G017,3.672077e-05,1
G060,G063,3.6699053e-05,1
G066,G026,3.6682293e-05,1
G025,G080,3.6636684e-05,1
G050,G090,3.661897e-05,1
G091,G073,3.6594356e-05,1
G099,G011,3.6574762e-05,1
G067,G069,3.6532987e-05,1
G036,G060,3.6532743e-05,1
G001,G015,3.645672e-05,1
G001,G026,3.6414538e-05,1
G026,G083,3.639436e-05,1
G068,G010,3.63764e-05,1
G006,G079,3.6316327e-05,1
G003,G030,3.6147896e-05,1
G076,G098,3.606787e-05,1
G025,G076,3.603907e-05,1
G074,G071,3.596283e-05,1
G076,G007,3.5852743e-05,1
G091,G064,3.5761255e-05,1
G047,G030,3.574568e-05,1
G085,G052,3.5650788e-05,1
G022,G064,3.5435995e-05,1
G025,G039,3.5390833e-05,1
G099,G010,3.5328358e-05,1
G069,G097,3.5283163e-05,1
G073,G032,3.527911e-05,1
G095,G070,3.5258654e-05,1
G078,G083,3.5195906e-05,1
G060,G095,3.5193534e-05,1
G019,G007,3.517396e-05,1
G039,G034,3.5156176e-05,1
G069,G056,3.4985795e-05,1
G004,G027,3.4894565e-05,1
G079,G071,3.4776946e-05,1
G016,G089,3.471952e-05,1
G002,G055,3.4592245e-05,1
G058,G066,3.451722e-05,1
G050,G089,3.4514796e-05,1
G031,G056,3.440169e-05,1
G085,G010,3.439125e-05,1
G089,G071,3.4371944e-05,1
G071,G030,3.4306675e-05,1
G074,G039,3.4302127e-05,1
G044,G041,3.4299672e-05,1
G044,G030,3.4293418e-05,1
G067,G097,3.4281085e-05,1
G026,G064,3.4265857e-05,1
G022,G095,3.4172856e-05,1
G035,G087,3.4161843e-05,1
G091,G038,3.403646e-05,1
G028,G080,3.4023626e-05,1
G069,G096,3.399593e-05,1
G060,G089,3.3904787e-05,1
G011,G032,3.389112e-05,1
G012,G070,3.3792614e-05,1
G029,G080,3.360445e-05,1
G007,G079,3.351958e-05,1
G093,G003,3.3408684e-05,1
G088,G052,3.336999e-05,1
G047,G024,3.332649e-05,1
G096,G009,3.332643e-05,1
G035,G015,3.3061166e-05,1
G079,G021,3.3040134e-05,1
G060,G080,3.275717e-05,1
G094,G070,3.272988e-05,1
G073,G091,3.2717664e-05,1
G058,G093,3.266518e-05,1
G012,G040,3.264461e-05,1
G092,G020,3.257554e-05,1
G089,G064,3.2548134e-05,1
G032,G035,3.2468935e-05,1
G095,G100,3.2464683e-05,1
G084,G062,3.2419313e-05,1
G076,G006,3.2249678e-05,1
G068,G049,3.219599e-05,1
G023,G056,3.215721e-05,1
G098,G029,3.2130163e-05,1
G096,G030,3.2090727e-05,1
G053,G032,3.2010623e-05,1
G080,G029,3.194935e-05,1
G065,G040,3.174436e-05,1
G021,G011,3.1737934e-05,1
G026,G054,3.1715084e-05,1
G036,G076,3.1672702e-05,1
G065,G020,3.166085e-05,1
G032,G087,3.1503532e-05,1
G016,G062,3.1473774e-05,1
G031,G079,3.1459724e-05,1
G073,G007,3.1448148e-05,1
G012,G075,3.1270858e-05,1
G001,G023,3.1227082e-05,1
G072,G012,3.118701e-05,1
G050,G076,3.1030817e-05,1
G038,G042,3.100704e-05,1
G067,G020,3.0989497e-05,1
G047,G071,3.0920313e-05,1
G081,G034,3.0907206e-05,1
G080,G085,3.0869804e-05,1
G093,G063,3.086636e-05,1
G050,G080,3.0860287e-05,1
G086,G064,3.0805015e-05,1
G048,G071,3.076927e-05,1
G095,G033,3.067418e-05,1
G071,G026,3.0600946e-05,1
G017,G029,3.0600182e-05,1
G074,G079,3.0564832e-05,1
G065,G095,3.0383364e-05,1
G090,G060,3.0347735e-05,1
G064,G007,3.0313546e-05,1
G063,G076,3.0303123e-05,1
G044,G080,3.0266325e-05,1
G016,G060,3.0240652e-05,1
G006,G089,3.0239235e-05,1
G090,G007,3.0186886e-05,1
G053,G044,3.0147381e-05,1
G058,G014,3.0121846e-05,1
G068,G085,3.0061481e-05,1
G077,G056,3.0048202e-05,1
G009,G073,2.993841e-05,1
G031,G063,2.9916124e-05,1
G074,G046,2.9875238e-05,1
G056,G013,2.9734603e-05,1
G095,G083,2.9610319e-05,1
G078,G018,2.9480365e-05,1
G084,G097,2.9416165e-05,1
G025,G078,2.9405262e-05,1
G080,G035,2.926004e-05,1
G024,G045,2.917529e-05,1
G010,G056,2.9165472e-05,1
G027,G062,2.9084578e-05,1
G048,G050,2.9048208e-05,1
G035,G010,2.9012906e-05,1
G047,G052,2.9007197e-05,1
G061,G067,2.8953224e-05,1
G097,G066,2.8836672e-05,1
G100,G080,2.876644e-05,1
G033,G034,2.8729728e-05,1
G041,G045,2.8719267e-05,1
G025,G092,2.8659515e-05,1
G067,G079,2.8585844e-05,1
G081,G079,2.853468e-05,1
G050,G020,2.8400797e-05,1
G093,G087,2.8313107e-05,1
G025,G058,2.8209286e-05,1
G098,G051,2.819442e-05,1
G090,G027,2.8180099e-05,1
G017,G022,2.8177903e-05,1
G096,G075,2.816575e-05,1
G011,G097,2.8163553e-05,1
G024,G026,2.8042228e-05,1
G043,G071,2.8023682e-05,1
G054,G037,2.8001396e-05,1
G007,G029,2.7965143e-05,1
G016,G027,2.7896425e-05,1
G008,G039,2.78476e-05,1
G016,G026,2.782914e-05,1
G099,G075,2.7731583e-05,1
G093,G095,2.7719645e-05,1
G089,G032,2.769124e-05,1
G078,G038,2.7238319e-05,1
G081,G054,2.7049404e-05,1
G081,G070,2.7005215e-05,1
G007,G095,2.6939302e-05,1
G016,G037,2.6938984e-05,1
G051,G072,2.6887205e-05,1
G085,G097,2.6885145e-05,1
G045,G090,2.6879516e-05,1
G072,G034,2.6863e-05,1
G017,G057,2.680041e-05,1
G099,G034,2.677146e-05,1
G044,G046,2.6748765e-05,1
G068,G070,2.6717353e-05,1
G078,G034,2.6518279e-05,1
G012,G082,2.6390017e-05,1
G013,G067,2.6325173e-05,1
G083,G003,2.631841e-05,1
G087,G030,2.6277403e-05,1
G038,G082,2.627723e-05,1
G037,G018,2.6226637e-05,1
G054,G026,2.6197236e-05,1
G070,G083,2.6171223e-05,1
G024,G080,2.6164456e-05,1
G074,G058,2.6025235e-05,1
G037,G095,2.5996302e-05,1
G067,G026,2.5911258e-05,1
G045,G034,2.5821917e-05,1
G047,G015,2.5799296e-05,1
G041,G079,2.575182e-05,1
G054,G007,2.5660003e-05,1
G018,G088,2.5621426e-05,1
G067,G030,2.5586998e-05,1
G080,G045,2.5572499e-05,1
G064,G052,2.5486308e-05,1
G046,G087,2.5486035e-05,1
G058,G040,2.545075e-05,1
G001,G038,2.5441264e-05,1
G054,G013,2.5197944e-05,1
G054,G009,2.5184074e-05,1
G066,G072,2.5176601e-05,1
G011,G030,2.5111742e-05,1
G096,G057,2.477641e-05,1
G080,G076,2.4712459e-05,1
G016,G052,2.4637482e-05,1
G060,G026,2.4610083e-05,1
G070,G016,2.4579214e-05,1
G017,G087,2.4540052e-05,1
G045,G079,2.4440573e-05,1
G040,G071,2.4427798e-05,1
G095,G076,2.4406894e-05,1
G058,G070,2.4381969e-05,1
G074,G007,2.4229857e-05,1
G076,G092,2.4109178e-05,1
G049,G034,2.403396e-05,1
G067,G063,2.402033e-05,1
G070,G046,2.3955836e-05,1
G013,G063,2.3890216e-05,1
G046,G076,2.3889133e-05,1
G098,G018,2.3862984e-05,1
G004,G079,2.3749099e-05,1
G051,G082,2.3719324e-05,1
G012,G027,2.3701765e-05,1
G028,G071,2.358799e-05,1
G058,G029,2.356518e-05,1
G100,G028,2.3506685e-05,1
G063,G041,2.3482069e-05,1
G054,G053,2.3473194e-05,1
G015,G063,2.3395241e-05,1
G009,G004,2.3388582e-05,1
G058,G095,2.3234072e-05,1
G021,G078,2.3126606e-05,1
G061,G095,2.3104943e-05,1
G038,G071,2.2850414e-05,1
G058,G089,2.2806818e-05,1
G093,G029,2.2803502e-05,1
G056,G037,2.2715172e-05,1
G060,G051,2.2704415e-05,1
G013,G099,2.2702705e-05,1
G041,G065,2.2642907e-05,1
G100,G032,2.2634678e-05,1
G033,G079,2.2556838e-05,1
G083,G018,2.2523098e-05,1
G086,G035,2.2349623e-05,1
G042,G050,2.2341354e-05,1
G064,G013,2.2292139e-05,1
G063,G011,2.2216795e-05,1
G054,G076,2.220362e-05,1
G100,G046,2.2108436e-05,1
G072,G010,2.1946986e-05,1
G094,G066,2.19439e-05,1
G026,G099,2.1938087e-05,1
G025,G072,2.1928581e-05,1
G008,G084,2.19249e-05,1
G045,G066,2.1916174e-05,1
G063,G100,2.1693098e-05,1
G027,G052,2.1678625e-05,1
G012,G079,2.1468682e-05,1
G028,G002,2.1468093e-05,1
G084,G075,2.1308164e-05,1
G003,G025,2.1265927e-05,1
G036,G003,2.12532e-05,1
G095,G040,2.1237505e-05,1
G018,G097,2.1111304e-05,1
G029,G097,2.1097085e-05,1
G064,G079,2.1068716e-05,1
G022,G036,2.1002903e-05,1
G036,G080,2.094469e-05,1
G041,G046,2.0919146e-05,1
G043,G083,2.0899071e-05,1
G034,G012,2.0782281e-05,1
G045,G080,2.0762001e-05,1
G045,G017,2.07329e-05,1
G032,G029,2.0498146e-05,1
G100,G062,2.0471027e-05,1
G046,G027,2.0445292e-05,1
G091,G041,2.0414569e-05,1
G020,G071,2.0389625e-05,1
G025,G079,2.0387915e-05,1
G033,G071,2.038635e-05,1
G072,G083,2.0367663e-05,1
G012,G030,2.0357418e-05,1
G003,G057,2.0216401e-05,1
G001,G090,2.020856e-05,1
G015,G025,2.0144926e-05,1
G039,G060,2.0074689e-05,1
G040,G083,2.0074618e-05,1
G081,G007,2.005027e-05,1
G060,G064,2.0048166e-05,1
G018,G038,2.0022238e-05,1
G027,G050,1.998544e-05,1
G063,G085,1.9903136e-05,1
G065,G045,1.9899762e-05,1
G022,G092,1.989539e-05,1
G012,G010,1.9892872e-05,1
G092,G027,1.9794574e-05,1
G046,G009,1.9764526e-05,1
G029,G076,1.9732252e-05,1
G063,G007,1.972354e-05,1
G058,G100,1.9688008e-05,1
G043,G028,1.9565012e-05,1
G025,G018,1.956106e-05,1
G025,G040,1.952427e-05,1
G022,G059,1.9517176e-05,1
G006,G046,1.9473955e-05,1
G079,G010,1.9471874e-05,1
G025,G095,1.9402585e-05,1
G047,G092,1.9308107e-05,1
G100,G098,1.9288356e-05,1
G095,G087,1.9094276e-05,1
G033,G060,1.9054749e-05,1
G052,G012,1.9019786e-05,1
G096,G070,1.8869603e-05,1
G054,G080,1.8853378e-05,1
G068,G092,1.8825745e-05,1
G073,G080,1.8819292e-05,1
G065,G007,1.8720979e-05,1
G051,G069,1.8719811e-05,1
G006,G041,1.8714447e-05,1
G084,G020,1.8644963e-05,1
G022,G075,1.8608243e-05,1
G022,G021,1.8597426e-05,1
G032,G075,1.8573935e-05,1
G015,G007,1.844899e-05,1
G021,G020,1.8445613e-05,1
G007,G040,1.8364159e-05,1
G094,G056,1.8347928e-05,1
G014,G008,1.8262106e-05,1
G071,G095,1.8197692e-05,1
G093,G007,1.818934e-05,1
G037,G078,1.8176754e-05,1
G089,G018,1.8124636e-05,1
G025,G007,1.8062301e-05,1
G045,G097,1.8057535e-05,1
G031,G014,1.8048964e-05,1
G098,G085,1.7981638e-05,1
G084,G009,1.7961138e-05,1
G014,G087,1.7940702e-05,1
G007,G071,1.7893035e-05,1
G007,G100,1.780229e-05,1
G061,G029,1.7794451e-05,1
G081,G037,1.7749066e-05,1
G080,G039,1.7663664e-05,1
G069,G095,1.7515087e-05,1
G024,G053,1.7501716e-05,1
G085,G032,1.743601e-05,1
G058,G050,1.742093e-05,1
G079,G029,1.7419055e-05,1
G084,G090,1.7394463e-05,1
G016,G095,1.7304385e-05,1
G065,G070,1.7216033e-05,1
G021,G018,1.7198654e-05,1
G048,G035,1.7181965e-05,1
G080,G065,1.7065837e-05,1
G012,G026,1.7056891e-05,1
G012,G098,1.7055858e-05,1
G032,G007,1.7036145e-05,1
G067,G052,1.7004715e-05,1
G053,G091,1.6976262e-05,1
G089,G070,1.6855634e-05,1
G067,G085,1.684982e-05,1
G080,G100,1.684269e-05,1
G018,G042,1.6815784e-05,1
G065,G042,1.6620266e-05,1
G006,G069,1.6588257e-05,1
G055,G069,1.6537577e-05,1
G031,G010,1.6485888e-05,1
G088,G009,1.6483424e-05,1
G050,G039,1.647739e-05,1
G073,G045,1.6443853e-05,1
G068,G064,1.6376927e-05,1
G060,G048,1.628369e-05,1
G012,G093,1.6238524e-05,1
G052,G060,1.6151746e-05,1
G038,G069,1.6135727e-05,1
G041,G095,1.6068507e-05,1
G049,G053,1.5967304e-05,1
G065,G018,1.5878206e-05,1
G084,G046,1.5815513e-05,1
G007,G002,1.5790276e-05,1
G095,G026,1.5775066e-05,1
G044,G097,1.5766376e-05,1
G027,G072,1.5758305e-05,1
G071,G029,1.5719042e-05,1
G021,G032,1.5700158e-05,1
G065,G005,1.5666268e-05,1
G081,G095,1.5660244e-05,1
G061,G018,1.5617627e-05,1
G054,G003,1.5576257e-05,1
G060,G018,1.5499707e-05,1
G098,G034,1.5394695e-05,1
G054,G073,1.5301439e-05,1
G040,G049,1.5230458e-05,1
G089,G033,1.5211679e-05,1
G013,G020,1.5125601e-05,1
G060,G011,1.5117273e-05,1
G080,G097,1.5065388e-05,1
G073,G083,1.5041414e-05,1
G098,G078,1.4977113e-05,1
G082,G063,1.4970203e-05,1
G077,G098,1.49677335e-05,1
G051,G092,1.4926656e-05,1
G004,G035,1.4886426e-05,1
G067,G091,1.4799038e-05,1
G075,G053,1.4772875e-05,1
G015,G067,1.4760203e-05,1
G066,G037,1.4665367e-05,1
G054,G006,1.4604383e-05,1
G051,G032,1.4594424e-05,1
G021,G063,1.4574341e-05,1
G047,G082,1.4567603e-05,1
G053,G048,1.4490233e-05,1
G019,G026,1.4443867e-05,1
G013,G045,1.4402235e-05,1
G067,G060,1.438108e-05,1
G071,G062,1.4317742e-05,1
G081,G029,1.4258369e-05,1
G026,G091,1.4241538e-05,1
G047,G100,1.4238882e-05,1
G091,G057,1.4161148e-05,1
G028,G083,1.4091075e-05,1
G087,G033,1.40748725e-05,1
G067,G057,1.4038969e-05,1
G078,G088,1.398385e-05,1
G056,G051,1.3915104e-05,1
G068,G073,1.3900326e-05,1
G085,G066,1.3893441e-05,1
G091,G084,1.3828648e-05,1
G014,G053,1.3789867e-05,1
G016,G046,1.3750473e-05,1
G065,G046,1.3663438e-05,1
G060,G067,1.3659668e-05,1
G047,G033,1.35549035e-05,1
G088,G032,1.340615e-05,1
G060,G037,1.3392897e-05,1
G098,G058,1.3373644e-05,1
G064,G080,1.33678805e-05,1
G050,G018,1.3237148e-05,1
G044,G088,1.3225971e-05,1
G074,G016,1.3167009e-05,1
G021,G097,1.311916e-05,1
G063,G029,1.31017805e-05,1
G097,G037,1.3024337e-05,1
G098,G080,1.296422e-05,1
G036,G052,1.2948769e-05,1
G070,G038,1.2868732e-05,1
G094,G002,1.282431e-05,1
G089,G095,1.2760055e-05,1
G086,G046,1.275456e-05,1
G037,G029,1.249872e-05,1
G003,G034,1.2477387e-05,1
G042,G060,1.2374946e-05,1
G089,G097,1.2365959e-05,1
G028,G017,1.2269085e-05,1
G073,G082,1.22367055e-05,1
G088,G056,1.2204241e-05,1
G005,G032,1.2076768e-05,1
G032,G089,1.2067183e-05,1
G071,G045,1.204349e-05,1
G068,G026,1.2033752e-05,1
G071,G002,1.1964332e-05,1
G007,G099,1.1912443e-05,1
G075,G038,1.1667272e-05,1
G049,G020,1.16434985e-05,1
G006,G031,1.158124e-05,1
G040,G014,1.1554582e-05,1
G019,G037,1.1521046e-05,1
G044,G062,1.1493605e-05,1
G053,G002,1.1410163e-05,1
G065,G028,1.1372102e-05,1
G087,G037,1.1343132e-05,1
G039,G029,1.129391e-05,1
G098,G033,1.1268649e-05,1
G098,G097,1.1238931e-05,1
G036,G089,1.1221719e-05,1
G060,G078,1.1183217e-05,1
G061,G032,1.1082812e-05,1
G030,G007,1.0986536e-05,1
G100,G024,1.0924869e-05,1
G078,G097,1.0849244e-05,1
G086,G018,1.0821193e-05,1
G035,G050,1.0766034e-05,1
G091,G040,1.0732767e-05,1
G038,G026,1.0632804e-05,1
G088,G033,1.060153e-05,1
G074,G023,1.0500566e-05,1
G039,G076,1.0482767e-05,1
G044,G060,1.0463486e-05,1
G029,G082,1.0443692e-05,1
G092,G057,1.0427298e-05,1
G039,G037,1.027433e-05,1
G077,G032,1.0079657e-05,1
G074,G084,1.0051047e-05,1
G068,G078,9.996322e-06,1
G018,G100,9.9580775e-06,1
G030,G016,9.955146e-06,1
G083,G007,9.876648e-06,1
G095,G080,9.752231e-06,1
G044,G018,9.6693575e-06,1
G032,G090,9.63673e-06,1
G054,G001,9.62533e-06,1
G067,G098,9.593187e-06,1
G054,G018,9.365456e-06,1
G047,G040,9.208619e-06,1
G015,G002,9.163592e-06,1
G083,G080,9.089502e-06,1
G049,G015,9.0373405e-06,1
G001,G085,9.017021e-06,1
G039,G032,8.98888e-06,1
G088,G076,8.98877e-06,1
G018,G080,8.950785e-06,1
G081,G046,8.819538e-06,1
G021,G087,8.800677e-06,1
G092,G079,8.771318e-06,1
G087,G095,8.709216e-06,1
G048,G007,8.66487e-06,1
G025,G088,8.6497175e-06,1
G100,G052,8.648418e-06,1
G085,G080,8.604263e-06,1
G056,G090,8.49874e-06,1
G084,G073,8.438742e-06,1
G043,G007,8.425514e-06,1
G017,G071,8.421441e-06,1
G071,G097,8.392887e-06,1
G047,G062,8.358952e-06,1
G058,G045,8.356943e-06,1
G056,G076,8.3444775e-06,1
G067,G048,8.239718e-06,1
G020,G087,8.190542e-06,1
G039,G035,8.110752e-06,1
G072,G098,8.053571e-06,1
G063,G030,7.853614e-06,1
G090,G076,7.843727e-06,1
G067,G071,7.7562345e-06,1
G016,G063,7.705516e-06,1
G086,G040,7.678292e-06,1
G053,G078,7.650325e-06,1
G018,G085,7.638398e-06,1
G016,G034,7.539033e-06,1
G013,G027,7.502295e-06,1
G029,G032,7.4436953e-06,1
G004,G084,7.2282864e-06,1
G037,G066,7.0806977e-06,1
G098,G053,7.066993e-06,1
G046,G069,6.798616e-06,1
G085,G025,6.6730586e-06,1
G015,G028,6.6566085e-06,1
G001,G076,6.592479e-06,1
G034,G056,6.5294203e-06,1
G027,G034,6.5273803e-06,1
G090,G029,6.3404514e-06,1
G019,G032,6.31105e-06,1
G056,G011,6.294229e-06,1
G047,G066,6.283402e-06,1
G076,G052,6.276247e-06,1
G041,G029,6.1770697e-06,1
G069,G051,6.160643e-06,1
G066,G016,6.141163e-06,1
G087,G100,6.1381475e-06,1
G012,G065,6.052441e-06,1
G006,G066,5.983431e-06,1
G024,G067,5.9477343e-06,1
G068,G007,5.9420927e-06,1
G017,G051,5.7791253e-06,1
G089,G082,5.759953e-06,1
G055,G009,5.5987407e-06,1
G071,G085,5.5252895e-06,1
G041,G098,5.4222896e-06,1
G083,G089,5.2844334e-06,1
G047,G091,5.1570014e-06,1
G042,G053,5.1144807e-06,1
G021,G045,5.1116763e-06,1
G063,G093,5.021139e-06,1
G058,G062,5.0151184e-06,1
G039,G071,5.0050116e-06,1
G068,G062,4.9900013e-06,1
G009,G042,4.928489e-06,1
G013,G051,4.888541e-06,1
G002,G031,4.86433e-06,1
G098,G030,4.813121e-06,1
G091,G076,4.782799e-06,1
G036,G070,4.7663852e-06,1
G089,G017,4.745976e-06,1
G046,G071,4.7106764e-06,1
G042,G027,4.6098185e-06,1
G017,G075,4.5827906e-06,1
G001,G014,4.506926e-06,1
G076,G072,4.5024954e-06,1
G014,G003,4.418441e-06,1
G060,G056,4.389384e-06,1
G011,G027,4.3067025e-06,1
G024,G030,4.228073e-06,1
G068,G034,4.1879152e-06,1
G098,G035,4.1609483e-06,1
G089,G084,4.0473474e-06,1
G092,G076,4.0032082e-06,1
G067,G073,4.000356e-06,1
G037,G039,3.993163e-06,1
G050,G032,3.909128e-06,1
G092,G045,3.8823478e-06,1
G068,G080,3.8528215e-06,1
G045,G072,3.8039384e-06,1
G038,G001,3.7886111e-06,1
G100,G064,3.7875009e-06,1
G013,G087,3.7473776e-06,1
G032,G011,3.7347304e-06,1
G008,G083,3.7035927e-06,1
G024,G083,3.6937715e-06,1
G025,G054,3.6593644e-06,1
G050,G025,3.6467738e-06,1
G026,G072,3.6119834e-06,1
G036,G032,3.578297e-06,1
G080,G082,3.502543e-06,1
G092,G097,3.4052132e-06,1
G075,G015,3.360424e-06,1
G002,G061,3.3469544e-06,1
G029,G098,3.2727667e-06,1
G012,G097,3.2117136e-06,1
G092,G026,3.1594793e-06,1
G062,G029,3.1384416e-06,1
G072,G007,3.0390597e-06,1
G073,G070,3.0140902e-06,1
G098,G056,2.9627606e-06,1
G081,G071,2.9513824e-06,1
G026,G032,2.9230214e-06,1
G068,G030,2.8780746e-06,1
G025,G030,2.8732925e-06,1
G058,G092,2.8446502e-06,1
G012,G016,2.8237869e-06,1
G069,G038,2.7652093e-06,1
G027,G056,2.7624872e-06,1
G047,G053,2.7363353e-06,1
G053,G072,2.6827613e-06,1
G026,G084,2.5517231e-06,1
G020,G018,2.547043e-06,1
G081,G026,2.5386862e-06,1
G046,G079,2.4981573e-06,1
G094,G071,2.492993e-06,1
G087,G064,2.4215956e-06,1
G020,G026,2.4195838e-06,1
G094,G032,2.2909512e-06,1
G056,G009,2.2630961e-06,1
G063,G025,2.2456716e-06,1
G047,G063,2.2025472e-06,1
G100,G019,2.0233076e-06,1
G053,G069,1.8887425e-06,1
G044,G051,1.876717e-06,1
G028,G037,1.8611773e-06,1
G088,G049,1.7181205e-06,1
G095,G084,1.6675234e-06,1
G093,G048,1.6441711e-06,1
G038,G023,1.6265424e-06,1
G081,G063,1.5921095e-06,1
G051,G075,1.5547532e-06,1
G075,G022,1.4980031e-06,1
G025,G099,1.4948125e-06,1
G098,G082,1.4908767e-06,1
G056,G078,1.4711586e-06,1
G056,G072,1.377715e-06,1
G035,G097,1.3502986e-06,1
G071,G013,1.2828041e-06,1
G065,G039,1.2199606e-06,1
G075,G002,9.997675e-07,1
G075,G026,9.964566e-07,1
G071,G014,9.653339e-07,1
G037,G075,9.200379e-07,1
G079,G004,9.060086e-07,1
G063,G091,8.5117796e-07,1
G081,G078,8.3562855e-07,1
G049,G066,7.7832163e-07,1
G017,G040,6.949465e-07,1
G038,G057,6.9256373e-07,1
G051,G100,6.629798e-07,1
G083,G072,6.5909177e-07,1
G099,G053,6.514182e-07,1
G054,G022,6.0391926e-07,1
G028,G001,5.3131856e-07,1
G029,G052,3.7803542e-07,1
G046,G080,3.153557e-07,1
G100,G018,2.8053265e-07,1
G004,G092,2.7441783e-07,1
G079,G100,2.6612568e-07,1
G029,G049,1.5720201e-07,1
G038,G078,1.2981468e-07,1
G033,G064,-3.6745334e-08,-1
G079,G070,-4.214129e-08,-1
G008,G080,-1.5392584e-07,-1
G008,G010,-1.7988279e-07,-1
G072,G089,-2.0594466e-07,-1
G097,G071,-2.499594e-07,-1
G072,G071,-3.4099224e-07,-1
G045,G089,-3.6736833e-07,-1
G067,G003,-4.361667e-07,-1
G099,G041,-6.195443e-07,-1
G054,G066,-7.0154937e-07,-1
G025,G002,-7.4521046e-07,-1
G039,G092,-8.540326e-07,-1
G049,G070,-8.927078e-07,-1
G091,G035,-9.188468e-07,-1
G035,G064,-9.2065085e-07,-1
G067,G050,-9.3975336e-07,-1
G007,G043,-1.0249549e-06,-1
G001,G054,-1.0489053e-06,-1
G032,G053,-1.1181786e-06,-1
G065,G099,-1.1507238e-06,-1
G032,G097,-1.2148762e-06,-1
G038,G093,-1.2349685e-06,-1
G032,G095,-1.2645862e-06,-1
G037,G071,-1.3625946e-06,-1
G048,G057,-1.378887e-06,-1
G050,G034,-1.5086018e-06,-1
G007,G059,-1.5726977e-06,-1
G016,G077,-1.6256514e-06,-1
G098,G040,-1.6891025e-06,-1
G060,G091,-1.7194018e-06,-1
G056,G080,-1.7513274e-06,-1
G050,G007,-1.8426597e-06,-1
G012,G056,-1.8628616e-06,-1
G026,G007,-1.9585739e-06,-1
G037,G050,-1.9819083e-06,-1
G048,G066,-2.0254142e-06,-1
G064,G029,-2.092999e-06,-1
G015,G087,-2.178878e-06,-1
G091,G087,-2.2108686e-06,-1
G047,G056,-2.2167308e-06,-1
G066,G063,-2.2337094e-06,-1
G038,G100,-2.2626575e-06,-1
G100,G078,-2.3572459e-06,-1
G038,G033,-2.3611988e-06,-1
G019,G016,-2.3701596e-06,-1
G053,G092,-2.4855278e-06,-1
G025,G003,-2.5431282e-06,-1
G007,G094,-2.5529162e-06,-1
G068,G002,-2.6000953e-06,-1
G054,G012,-2.6616656e-06,-1
G086,G007,-2.681941e-06,-1
G100,G033,-2.692263e-06,-1
G053,G031,-2.763817e-06,-1
G049,G058,-2.8442716e-06,-1
G095,G078,-2.8923307e-06,-1
G090,G052,-2.8990517e-06,-1
G068,G008,-2.903858e-06,-1
G054,G100,-2.9188777e-06,-1
G007,G085,-2.9469581e-06,-1
G042,G001,-3.0036585e-06,-1
G053,G028,-3.0850188e-06,-1
G092,G080,-3.1299653e-06,-1
G007,G014,-3.2186488e-06,-1
G072,G033,-3.3740903e-06,-1
G036,G075,-3.3762087e-06,-1
G093,G089,-3.3927142e-06,-1
G080,G020,-3.4336235e-06,-1
G061,G089,-3.4988211e-06,-1
G071,G083,-3.5066082e-06,-1
G073,G034,-3.6084737e-06,-1
G047,G095,-3.6709368e-06,-1
G074,G073,-3.7456614e-06,-1
G087,G035,-3.7808652e-06,-1
G058,G087,-3.8064286e-06,-1
G060,G072,-3.830362e-06,-1
G069,G080,-3.8565995e-06,-1
G060,G031,-3.8849166e-06,-1
G015,G100,-3.9422403e-06,-1
G097,G083,-3.968811e-06,-1
G063,G051,-4.0599502e-06,-1
G051,G055,-4.1048124e-06,-1
G087,G038,-4.109735e-06,-1
G097,G029,-4.1103367e-06,-1
G044,G089,-4.193263e-06,-1
G068,G037,-4.203994e-06,-1
G066,G071,-4.313244e-06,-1
G015,G070,-4.318176e-06,-1
G072,G080,-4.3333366e-06,-1
G081,G011,-4.3578098e-06,-1
G098,G067,-4.3580294e-06,-1
G047,G004,-4.4157773e-06,-1
G066,G060,-4.487928e-06,-1
G032,G073,-4.5086854e-06,-1
G073,G100,-4.527699e-06,-1
G001,G053,-4.6259133e-06,-1
G083,G053,-4.6996197e-06,-1
G081,G016,-4.713072e-06,-1
G070,G073,-4.7151893e-06,-1
G027,G024,-4.7324716e-06,-1
G084,G070,-4.833163e-06,-1
G050,G011,-4.8832176e-06,-1
G028,G045,-4.9116816e-06,-1
G095,G018,-4.9632354e-06,-1
G061,G045,-5.0474696e-06,-1
G015,G073,-5.060497e-06,-1
G056,G087,-5.1089155e-06,-1
G061,G011,-5.1590237e-06,-1
G098,G092,-5.2003315e-06,-1
G013,G072,-5.234546e-06,-1
G019,G018,-5.275889e-06,-1
G001,G048,-5.4456705e-06,-1
G012,G008,-5.4468906e-06,-1
G060,G028,-5.5010405e-06,-1
G043,G006,-5.5211926e-06,-1
G021,G091,-5.5587475e-06,-1
G025,G089,-5.5847113e-06,-1
G065,G085,-5.734751e-06,-1
G049,G080,-5.7877564e-06,-1
G043,G041,-6.165437e-06,-1
G038,G085,-6.175785e-06,-1
G004,G039,-6.2001554e-06,-1
G086,G095,-6.2124423e-06,-1
G061,G010,-6.285985e-06,-1
G001,G024,-6.299804e-06,-1
G041,G093,-6.3291845e-06,-1
G014,G026,-6.3556436e-06,-1
G016,G053,-6.411724e-06,-1
G006,G067,-6.585877e-06,-1
G090,G018,-6.6048256e-06,-1
G078,G031,-6.6102025e-06,-1
G021,G030,-6.6392768e-06,-1
G094,G076,-6.656908e-06,-1
G068,G041,-6.6828156e-06,-1
G080,G071,-6.7094265e-06,-1
G037,G092,-6.757411e-06,-1
G067,G049,-6.766585e-06,-1
G016,G078,-6.8687864e-06,-1
G040,G065,-6.959225e-06,-1
G053,G060,-7.088227e-06,-1
G090,G038,-7.1523286e-06,-1
G063,G098,-7.201792e-06,-1
G099,G078,-7.211706e-06,-1
G029,G030,-7.274456e-06,-1
G069,G098,-7.324374e-06,-1
G006,G051,-7.3548135e-06,-1
G012,G007,-7.390135e-06,-1
G053,G093,-7.4424306e-06,-1
G094,G033,-7.489357e-06,-1
G050,G071,-7.498464e-06,-1
G026,G037,-7.5005e-06,-1
G022,G027,-7.522631e-06,-1
G093,G097,-7.550425e-06,-1
G049,G045,-7.6124393e-06,-1
G053,G046,-7.6564875e-06,-1
G006,G078,-7.675765e-06,-1
G022,G053,-7.887179e-06,-1
G024,G078,-7.909364e-06,-1
G007,G017,-8.013837e-06,-1
G017,G062,-8.199262e-06,-1
G041,G018,-8.279347e-06,-1
G015,G035,-8.282733e-06,-1
G090,G037,-8.3717105e-06,-1
G067,G089,-8.445738e-06,-1
G074,G026,-8.5171605e-06,-1
G087,G085,-8.64826e-06,-1
G100,G073,-8.713454e-06,-1
G061,G078,-8.846754e-06,-1
G012,G099,-8.8558845e-06,-1
G070,G050,-8.90614e-06,-1
G043,G066,-8.9108535e-06,-1
G032,G078,-8.917065e-06,-1
G084,G026,-8.930196e-06,-1
G043,G045,-8.946315e-06,-1
G089,G080,-8.992321e-06,-1
G050,G049,-9.008736e-06,-1
G096,G080,-9.047544e-06,-1
G002,G029,-9.063397e-06,-1
G016,G058,-9.135132e-06,-1
G100,G077,-9.1396e-06,-1
G099,G080,-9.171268e-06,-1
G004,G072,-9.227833e-06,-1
G041,G056,-9.240598e-06,-1
G031,G029,-9.4355755e-06,-1
G086,G041,-9.441347e-06,-1
G100,G083,-9.458655e-06,-1
G076,G019,-9.465021e-06,-1
G003,G054,-9.472539e-06,-1
G073,G033,-9.530208e-06,-1
G069,G082,-9.548375e-06,-1
G098,G075,-9.562448e-06,-1
G046,G096,-9.601072e-06,-1
G079,G055,-9.768161e-06,-1
G007,G051,-9.813801e-06,-1
G077,G014,-9.847551e-06,-1
G081,G067,-1.0004874e-05,-1
G021,G001,-1.0048723e-05,-1
G054,G090,-1.00561e-05,-1
G075,G020,-1.0090169e-05,-1
G053,G014,-1.0117166e-05,-1
G051,G084,-1.0126813e-05,-1
G015,G097,-1.0141336e-05,-1
G072,G040,-1.0144932e-05,-1
G017,G010,-1.0149747e-05,-1
G001,G098,-1.0212211e-05,-1
G099,G018,-1.0229014e-05,-1
G026,G076,-1.0340792e-05,-1
G087,G045,-1.0384972e-05,-1
G031,G033,-1.046091e-05,-1
G080,G072,-1.0473446e-05,-1
G070,G005,-1.0499454e-05,-1
G086,G032,-1.0531732e-05,-1
G050,G006,-1.05649115e-05,-1
G066,G091,-1.06958505e-05,-1
G061,G080,-1.0760643e-05,-1
G043,G082,-1.0799843e-05,-1
G035,G088,-1.0851069e-05,-1
G051,G087,-1.0967421e-05,-1
G086,G087,-1.1049704e-05,-1
G092,G018,-1.1091652e-05,-1
G099,G051,-1.1098979e-05,-1
G051,G095,-1.111502e-05,-1
G079,G056,-1.1203354e-05,-1
G018,G052,-1.1214989e-05,-1
G006,G033,-1.121546e-05,-1
G095,G032,-1.1215887e-05,-1
G089,G076,-1.1217924e-05,-1
G036,G016,-1.1249679e-05,-1
G042,G089,-1.1284767e-05,-1
G051,G091,-1.1465206e-05,-1
G065,G078,-1.1466799e-05,-1
G080,G050,-1.1482038e-05,-1
G050,G088,-1.15274115e-05,-1
G014,G064,-1.15386565e-05,-1
G050,G069,-1.1550544e-05,-1
G096,G097,-1.1584521e-05,-1
G027,G048,-1.1622295e-05,-1
G031,G013,-1.1627124e-05,-1
G034,G026,-1.16359615e-05,-1
G089,G091,-1.1714173e-05,-1
G031,G009,-1.1771644e-05,-1
G058,G034,-1.1829334e-05,-1
G093,G018,-1.1912172e-05,-1
G030,G037,-1.1937371e-05,-1
G051,G027,-1.19467195e-05,-1
G055,G072,-1.1962623e-05,-1
G079,G089,-1.2053667e-05,-1
G005,G034,-1.2136484e-05,-1
G078,G095,-1.2150328e-05,-1
G061,G083,-1.2150902e-05,-1
G092,G055,-1.2284736e-05,-1
G012,G085,-1.2344649e-05,-1
G083,G088,-1.2373043e-05,-1
G097,G020,-1.2377848e-05,-1
G096,G005,-1.2380384e-05,-1
G089,G066,-1.2386516e-05,-1
G084,G083,-1.2400515e-05,-1
G008,G020,-1.2528304e-05,-1
G086,G078,-1.26134255e-05,-1
G071,G060,-1.265695e-05,-1
G081,G084,-1.27508465e-05,-1
G063,G082,-1.2786429e-05,-1
G071,G039,-1.2867128e-05,-1
G060,G083,-1.2878435e-05,-1
G073,G051,-1.290997e-05,-1
G025,G017,-1.2930568e-05,-1
G053,G011,-1.2973668e-05,-1
G080,G098,-1.3131492e-05,-1
G100,G097,-1.3133515e-05,-1
G040,G063,-1.3150131e-05,-1
G099,G046,-1.3155812e-05,-1
G065,G058,-1.3214603e-05,-1
G084,G049,-1.3234228e-05,-1
G025,G024,-1.324156e-05,-1
G077,G013,-1.3246862e-05,-1
G067,G002,-1.3255434e-05,-1
G087,G012,-1.3271876e-05,-1
G093,G100,-1.3276634e-05,-1
G025,G011,-1.333246e-05,-1
G056,G053,-1.3376937e-05,-1
G007,G006,-1.3596326e-05,-1
G078,G024,-1.3851663e-05,-1
G033,G054,-1.39276735e-05,-1
G099,G063,-1.3956355e-05,-1
G061,G007,-1.3957971e-05,-1
G083,G039,-1.3958788e-05,-1
G012,G048,-1.3995368e-05,-1
G045,G082,-1.4116298e-05,-1
G025,G014,-1.4121388e-05,-1
G065,G011,-1.41356095e-05,-1
G095,G075,-1.4155635e-05,-1
G088,G083,-1.416698e-05,-1
G041,G072,-1.4385977e-05,-1
G027,G005,-1.4453181e-05,-1
G034,G060,-1.4473998e-05,-1
G024,G093,-1.4505756e-05,-1
G071,G018,-1.451752e-05,-1
G022,G028,-1.4518289e-05,-1
G068,G098,-1.4522965e-05,-1
G035,G009,-1.453361e-05,-1
G051,G036,-1.4607566e-05,-1
G007,G088,-1.4620931e-05,-1
G024,G100,-1.466221e-05,-1
G085,G076,-1.4696217e-05,-1
G093,G058,-1.4782607e-05,-1
G049,G091,-1.4869757e-05,-1
G081,G051,-1.5003679e-05,-1
G072,G092,-1.5006877e-05,-1
G095,G005,-1.5026575e-05,-1
G040,G090,-1.5031671e-05,-1
G040,G018,-1.5033455e-05,-1
G006,G058,-1.504816e-05,-1
G036,G053,-1.5056322e-05,-1
G020,G075,-1.50937685e-05,-1
G053,G025,-1.5108921e-05,-1
G063,G016,-1.5117981e-05,-1
G020,G053,-1.52031425e-05,-1
G054,G087,-1.5232299e-05,-1
G087,G071,-1.5252767e-05,-1
G035,G083,-1.5262427e-05,-1
G065,G071,-1.532859e-05,-1
G098,G011,-1.5360714e-05,-1
G087,G026,-1.536121e-05,-1
G024,G017,-1.5409858e-05,-1
G022,G088,-1.5455145e-05,-1
G012,G073,-1.5465994e-05,-1
G091,G095,-1.548112e-05,-1
G077,G071,-1.5503163e-05,-1
G008,G005,-1.5687869e-05,-1
G021,G002,-1.5782309e-05,-1
G029,G038,-1.5844893e-05,-1
G098,G091,-1.5936555e-05,-1
G020,G073,-1.5967073e-05,-1
G006,G075,-1.6029928e-05,-1
G098,G100,-1.6085041e-05,-1
G100,G053,-1.6111515e-05,-1
G065,G082,-1.6159996e-05,-1
G100,G041,-1.6251428e-05,-1
G024,G018,-1.6316777e-05,-1
G027,G025,-1.6337008e-05,-1
G042,G002,-1.6350503e-05,-1
G084,G055,-1.6395847e-05,-1
G087,G022,-1.6426486e-05,-1
G022,G046,-1.6553879e-05,-1
G021,G042,-1.6596492e-05,-1
G098,G003,-1.6617803e-05,-1
G026,G063,-1.6719776e-05,-1
G054,G056,-1.6760978e-05,-1
G091,G089,-1.67793e-05,-1
G088,G053,-1.6819367e-05,-1
G099,G083,-1.6829817e-05,-1
G048,G014,-1.6841226e-05,-1
G089,G025,-1.6848593e-05,-1
G002,G076,-1.6903923e-05,-1
G071,G016,-1.7036045e-05,-1
G006,G024,-1.7052349e-05,-1
G039,G095,-1.7075054e-05,-1
G068,G032,-1.7117227e-05,-1
G100,G043,-1.7158414e-05,-1
G022,G047,-1.7201926e-05,-1
G079,G007,-1.7216958e-05,-1
G074,G024,-1.7255721e-05,-1
G053,G077,-1.7260889e-05,-1
G052,G097,-1.7271359e-05,-1
G006,G047,-1.72815e-05,-1
G097,G045,-1.737612e-05,-1
G070,G091,-1.7378517e-05,-1
G013,G084,-1.746876e-05,-1
G087,G066,-1.7491331e-05,-1
G033,G065,-1.750778e-05,-1
G073,G022,-1.7512963e-05,-1
G039,G017,-1.7543436e-05,-1
G096,G018,-1.7626939e-05,-1
G009,G058,-1.7633422e-05,-1
G046,G045,-1.7672555e-05,-1
G069,G085,-1.768532e-05,-1
G068,G036,-1.7688388e-05,-1
G097,G064,-1.7739081e-05,-1
G025,G033,-1.776133e-05,-1
G078,G075,-1.7823157e-05,-1
G036,G031,-1.7890688e-05,-1
G030,G098,-1.8196259e-05,-1
G081,G075,-1.8465706e-05,-1
G067,G018,-1.8484086e-05,-1
G030,G076,-1.8538329e-05,-1
G038,G036,-1.8627246e-05,-1
G022,G072,-1.8671013e-05,-1
G053,G067,-1.8738185e-05,-1
G007,G022,-1.880311e-05,-1
G033,G006,-1.881134e-05,-1
G033,G005,-1.8844896e-05,-1
G060,G079,-1.8870785e-05,-1
G098,G083,-1.8948533e-05,-1
G020,G083,-1.8955727e-05,-1
G068,G084,-1.8972374e-05,-1
G012,G086,-1.9022636e-05,-1
G079,G077,-1.9035593e-05,-1
G088,G004,-1.9050076e-05,-1
G083,G075,-1.9083518e-05,-1
G022,G071,-1.918831e-05,-1
G094,G088,-1.9217572e-05,-1
G049,G084,-1.9246412e-05,-1
G011,G052,-1.9310264e-05,-1
G038,G007,-1.9311488e-05,-1
G040,G029,-1.9315303e-05,-1
G018,G002,-1.9375782e-05,-1
G050,G045,-1.9392975e-05,-1
G054,G083,-1.9433812e-05,-1
G048,G039,-1.9503905e-05,-1
G100,G058,-1.9556444e-05,-1
G037,G056,-1.9589465e-05,-1
G011,G026,-1.9609319e-05,-1
G069,G035,-1.961293e-05,-1
G099,G007,-1.9667845e-05,-1
G043,G062,-1.9756017e-05,-1
G095,G058,-1.9773657e-05,-1
G094,G034,-1.9805795e-05,-1
G099,G084,-1.9831983e-05,-1
G022,G082,-1.9853296e-05,-1
G023,G020,-1.988255e-05,-1
G024,G073,-1.9904735e-05,-1
G075,G032,-1.9921583e-05,-1
G025,G098,-1.9922616e-05,-1
G006,G088,-1.9997151e-05,-1
G005,G097,-1.9998188e-05,-1
G015,G058,-2.0117377e-05,-1
G091,G034,-2.0151261e-05,-1
G044,G052,-2.0175372e-05,-1
G085,G087,-2.0176423e-05,-1
G087,G011,-2.020817e-05,-1
G010,G026,-2.0226036e-05,-1
G050,G085,-2.0249889e-05,-1
G035,G080,-2.0317353e-05,-1
G100,G091,-2.0442549e-05,-1
G037,G030,-2.0466334e-05,-1
G037,G058,-2.0573498e-05,-1
G020,G091,-2.0601858e-05,-1
G045,G053,-2.0632924e-05,-1
G013,G100,-2.0781137e-05,-1
G073,G090,-2.0790589e-05,-1
G067,G053,-2.0868907e-05,-1
G045,G062,-2.0917652e-05,-1
G031,G100,-2.0998534e-05,-1
G026,G097,-2.1024316e-05,-1
G060,G092,-2.1028034e-05,-1
G082,G032,-2.1088084e-05,-1
G034,G063,-2.110546e-05,-1
G050,G091,-2.1193977e-05,-1
G001,G011,-2.124254e-05,-1
G098,G046,-2.1287884e-05,-1
G018,G089,-2.1345906e-05,-1
G060,G082,-2.1372594e-05,-1
G026,G025,-2.1410708e-05,-1
G057,G072,-2.1436928e-05,-1
G085,G070,-2.146177e-05,-1
G049,G018,-2.1498001e-05,-1
G083,G040,-2.1516198e-05,-1
G084,G095,-2.1612785e-05,-1
G056,G047,-2.1639626e-05,-1
G048,G083,-2.1650598e-05,-1
G007,G033,-2.1658245e-05,-1
G100,G090,-2.1765778e-05,-1
G014,G080,-2.1891721e-05,-1
G055,G006,-2.1911173e-05,-1
G001,G091,-2.194314e-05,-1
G042,G056,-2.1944137e-05,-1
G029,G079,-2.2092036e-05,-1
G050,G058,-2.2109149e-05,-1
G092,G023,-2.2126893e-05,-1
G087,G088,-2.2215656e-05,-1
G004,G046,-2.224405e-05,-1
G090,G032,-2.231079e-05,-1
G073,G084,-2.2326532e-05,-1
G081,G091,-2.2337717e-05,-1
G051,G017,-2.2453574e-05,-1
G084,G072,-2.2456754e-05,-1
G091,G006,-2.247228e-05,-1
G092,G075,-2.2473598e-05,-1
G070,G051,-2.2489097e-05,-1
G020,G090,-2.2489676e-05,-1
G038,G091,-2.2497921e-05,-1
G044,G076,-2.2580014e-05,-1
G016,G041,-2.2654276e-05,-1
G001,G099,-2.2665761e-05,-1
G022,G081,-2.267478e-05,-1
G099,G082,-2.2729684e-05,-1
G039,G050,-2.282974e-05,-1
G071,G011,-2.2917204e-05,-1
G001,G016,-2.2923974e-05,-1
G096,G082,-2.296142e-05,-1
G090,G033,-2.2972152e-05,-1
G076,G041,-2.3132081e-05,-1
G071,G100,-2.3169745e-05,-1
G044,G011,-2.3179467e-05,-1
G050,G033,-2.3210067e-05,-1
G088,G079,-2.3280356e-05,-1
G060,G088,-2.3353416e-05,-1
G097,G079,-2.3442046e-05,-1
G037,G088,-2.3534205e-05,-1
G083,G025,-2.3584511e-05,-1
G100,G034,-2.363647e-05,-1
G098,G079,-2.3718543e-05,-1
G080,G040,-2.3801553e-05,-1
G028,G066,-2.3809705e-05,-1
G012,G043,-2.3827197e-05,-1
G086,G034,-2.386611e-05,-1
G096,G026,-2.395481e-05,-1
G008,G093,-2.4018882e-05,-1
G015,G064,-2.4065628e-05,-1
G041,G015,-2.4111005e-05,-1
G064,G002,-2.4111676e-05,-1
G100,G011,-2.4118068e-05,-1
G035,G027,-2.4237002e-05,-1
G072,G045,-2.4247438e-05,-1
G009,G072,-2.4322866e-05,-1
G034,G007,-2.4354971e-05,-1
G035,G026,-2.437296e-05,-1
G045,G087,-2.4500663e-05,-1
G040,G002,-2.4567302e-05,-1
G081,G045,-2.4569345e-05,-1
G080,G084,-2.4570365e-05,-1
G045,G018,-2.461337e-05,-1
G076,G067,-2.4770416e-05,-1
G078,G011,-2.4781748e-05,-1
G088,G037,-2.4809078e-05,-1
G077,G034,-2.4843212e-05,-1
G026,G093,-2.4859832e-05,-1
G002,G087,-2.4870911e-05,-1
G037,G079,-2.4952333e-05,-1
G070,G095,-2.4957339e-05,-1
G033,G027,-2.503488e-05,-1
G028,G098,-2.515796e-05,-1
G058,G084,-2.523001e-05,-1
G086,G100,-2.525075e-05,-1
G006,G017,-2.5332247e-05,-1
G027,G081,-2.5368741e-05,-1
G058,G048,-2.547086e-05,-1
G095,G050,-2.5476113e-05,-1
G077,G018,-2.5531086e-05,-1
G032,G046,-2.5541434e-05,-1
G025,G063,-2.5559972e-05,-1
G001,G035,-2.5570338e-05,-1
G041,G042,-2.5749629e-05,-1
G061,G026,-2.5771922e-05,-1
G024,G090,-2.5772906e-05,-1
G073,G089,-2.5849818e-05,-1
G066,G079,-2.594553e-05,-1
G093,G091,-2.5985764e-05,-1
G065,G050,-2.6020856e-05,-1
G048,G045,-2.6025531e-05,-1
G098,G086,-2.6057503e-05,-1
G052,G036,-2.6156378e-05,-1
G006,G091,-2.6160633e-05,-1
G093,G040,-2.6209475e-05,-1
G022,G006,-2.6257267e-05,-1
G086,G005,-2.6323072e-05,-1
G067,G055,-2.6354213e-05,-1
G053,G082,-2.6420224e-05,-1
G093,G041,-2.6550159e-05,-1
G041,G083,-2.6596168e-05,-1
G040,G052,-2.659652e-05,-1
G037,G051,-2.663129e-05,-1
G005,G026,-2.6738353e-05,-1
G020,G088,-2.6763866e-05,-1
G095,G082,-2.6782176e-05,-1
G058,G057,-2.6789092e-05,-1
G082,G041,-2.679888e-05,-1
G003,G040,-2.6800266e-05,-1
G083,G058,-2.6809923e-05,-1
G006,G099,-2.6827889e-05,-1
G037,G087,-2.6839041e-05,-1
G079,G030,-2.6960575e-05,-1
G084,G080,-2.7043168e-05,-1
G045,G030,-2.7096155e-05,-1
G032,G072,-2.7110036e-05,-1
G035,G049,-2.7137074e-05,-1
G050,G081,-2.7196751e-05,-1
G058,G088,-2.7209277e-05,-1
G040,G064,-2.725416e-05,-1
G069,G017,-2.7318894e-05,-1
G062,G017,-2.734796e-05,-1
G027,G066,-2.7390566e-05,-1
G053,G036,-2.7554237e-05,-1
G039,G036,-2.7615113e-05,-1
G099,G087,-2.7628017e-05,-1
G005,G009,-2.767601e-05,-1
G070,G100,-2.7686103e-05,-1
G039,G080,-2.7708751e-05,-1
G031,G096,-2.773343e-05,-1
G002,G084,-2.7744694e-05,-1
G016,G098,-2.7800474e-05,-1
G021,G080,-2.7815859e-05,-1
G079,G015,-2.7951148e-05,-1
G047,G087,-2.7961096e-05,-1
G061,G053,-2.8016684e-05,-1
G004,G081,-2.8072078e-05,-1
G083,G091,-2.8088129e-05,-1
G039,G030,-2.812343e-05,-1
G048,G020,-2.8124932e-05,-1
G078,G071,-2.8145838e-05,-1
G080,G060,-2.817251e-05,-1
G076,G060,-2.817468e-05,-1
G021,G016,-2.8177992e-05,-1
G041,G026,-2.836783e-05,-1
G023,G002,-2.837991e-05,-1
G083,G011,-2.83963e-05,-1
G065,G086,-2.843063e-05,-1
G008,G059,-2.851563e-05,-1
G024,G041,-2.8621665e-05,-1
G076,G074,-2.8638868e-05,-1
G078,G091,-2.8747892e-05,-1
G007,G081,-2.883366e-05,-1
G047,G093,-2.8879096e-05,-1
G084,G050,-2.8881097e-05,-1
G001,G084,-2.8904838e-05,-1
G027,G044,-2.8943334e-05,-1
G080,G014,-2.8945125e-05,-1
G051,G030,-2.9039356e-05,-1
G042,G030,-2.9100014e-05,-1
G050,G072,-2.9215207e-05,-1
G097,G073,-2.9305946e-05,-1
G071,G066,-2.930965e-05,-1
G031,G091,-2.932441e-05,-1
G085,G007,-2.9339202e-05,-1
G043,G046,-2.9345483e-05,-1
G054,G069,-2.9379491e-05,-1
G019,G022,-2.939616e-05,-1
G089,G100,-2.9440282e-05,-1
G032,G026,-2.9448696e-05,-1
G001,G046,-2.9466724e-05,-1
G098,G084,-2.9593113e-05,-1
G025,G071,-2.959503e-05,-1
G093,G067,-2.9611487e-05,-1
G030,G024,-2.9612618e-05,-1
G021,G044,-2.962142e-05,-1
G005,G053,-2.9667686e-05,-1
G092,G011,-2.9722953e-05,-1
G095,G003,-2.9741972e-05,-1
G083,G026,-2.9748842e-05,-1
G095,G054,-2.9903433e-05,-1
G021,G083,-2.9907349e-05,-1
G048,G084,-3.0045609e-05,-1
G008,G078,-3.0049529e-05,-1
G008,G097,-3.0123256e-05,-1
G100,G007,-3.024708e-05,-1
G048,G096,-3.0300991e-05,-1
G011,G079,-3.0336154e-05,-1
G071,G091,-3.0413394e-05,-1
G073,G023,-3.0442388e-05,-1
G008,G062,-3.049247e-05,-1
G001,G034,-3.0539795e-05,-1
G008,G100,-3.0585044e-05,-1
G016,G018,-3.0588926e-05,-1
G097,G026,-3.062624e-05,-1
G024,G085,-3.0690026e-05,-1
G045,G014,-3.0719584e-05,-1
G044,G055,-3.0729672e-05,-1
G028,G070,-3.0760508e-05,-1
G067,G061,-3.07896e-05,-1
G045,G085,-3.080572e-05,-1
G093,G078,-3.0835523e-05,-1
G063,G099,-3.084535e-05,-1
G056,G083,-3.089227e-05,-1
G042,G003,-3.0895317e-05,-1
G027,G084,-3.0907715e-05,-1
G021,G024,-3.0928168e-05,-1
G039,G085,-3.0929143e-05,-1
G032,G028,-3.1016985e-05,-1
G022,G078,-3.106282e-05,-1
G041,G073,-3.1069965e-05,-1
G085,G048,-3.1076772e-05,-1
G024,G031,-3.1212086e-05,-1
G002,G022,-3.126867e-05,-1
G086,G082,-3.141795e-05,-1
G099,G003,-3.1461524e-05,-1
G003,G041,-3.151326e-05,-1
G071,G007,-3.155608e-05,-1
G091,G075,-3.1574622e-05,-1
G032,G067,-3.1589632e-05,-1
G051,G071,-3.1715066e-05,-1
G075,G013,-3.1718846e-05,-1
G082,G017,-3.1719377e-05,-1
G072,G014,-3.17357e-05,-1
G096,G045,-3.1793457e-05,-1
G017,G089,-3.180087e-05,-1
G050,G067,-3.180159e-05,-1
G070,G078,-3.1839903e-05,-1
G017,G020,-3.1884992e-05,-1
G040,G045,-3.1889525e-05,-1
G050,G099,-3.1924643e-05,-1
G001,G021,-3.193928e-05,-1
G066,G012,-3.198889e-05,-1
G086,G054,-3.2013217e-05,-1
G093,G066,-3.2112326e-05,-1
G067,G084,-3.212291e-05,-1
G008,G011,-3.2150765e-05,-1
G001,G055,-3.2223947e-05,-1
G045,G037,-3.2224816e-05,-1
G072,G063,-3.2331263e-05,-1
G061,G046,-3.2349235e-05,-1
G009,G045,-3.2397842e-05,-1
G083,G071,-3.240789e-05,-1
G096,G011,-3.2478125e-05,-1
G026,G061,-3.2513242e-05,-1
G068,G031,-3.2573567e-05,-1
G029,G024,-3.266458e-05,-1
G020,G085,-3.2665826e-05,-1
G076,G055,-3.2775326e-05,-1
G011,G053,-3.2782507e-05,-1
G017,G016,-3.282697e-05,-1
G078,G089,-3.2843684e-05,-1
G024,G082,-3.2875065e-05,-1
G099,G100,-3.2882177e-05,-1
G093,G062,-3.289657e-05,-1
G007,G053,-3.2924057e-05,-1
G070,G090,-3.3086504e-05,-1
G040,G076,-3.308962e-05,-1
G009,G055,-3.3108357e-05,-1
G004,G094,-3.313187e-05,-1
G050,G003,-3.3163127e-05,-1
G042,G017,-3.3245266e-05,-1
G003,G064,-3.326738e-05,-1
G035,G012,-3.3307955e-05,-1
G080,G087,-3.342867e-05,-1
G048,G100,-3.3464075e-05,-1
G073,G078,-3.3519158e-05,-1
G007,G078,-3.354716e-05,-1
G068,G079,-3.364649e-05,-1
G045,G016,-3.3714692e-05,-1
G060,G065,-3.3772347e-05,-1
G088,G039,-3.3780812e-05,-1
G076,G099,-3.3840544e-05,-1
G081,G058,-3.3884273e-05,-1
G049,G073,-3.39427e-05,-1
G045,G084,-3.396529e-05,-1
G048,G046,-3.3990378e-05,-1
G004,G026,-3.400779e-05,-1
G024,G016,-3.4104894e-05,-1
G078,G084,-3.415837e-05,-1
G013,G078,-3.417618e-05,-1
G017,G018,-3.420382e-05,-1
G011,G041,-3.423253e-05,-1
G088,G093,-3.4263037e-05,-1
G019,G072,-3.434213e-05,-1
G090,G040,-3.4360117e-05,-1
G002,G027,-3.4384535e-05,-1
G055,G056,-3.4483044e-05,-1
G069,G050,-3.4574565e-05,-1
G018,G034,-3.468886e-05,-1
G071,G032,-3.4715984e-05,-1
G040,G098,-3.474373e-05,-1
G032,G058,-3.476277e-05,-1
G089,G083,-3.4908404e-05,-1
G075,G034,-3.4909655e-05,-1
G070,G039,-3.493881e-05,-1
G090,G082,-3.4941382e-05,-1
G016,G031,-3.495792e-05,-1
G066,G002,-3.5024015e-05,-1
G051,G014,-3.511752e-05,-1
G088,G071,-3.5245685e-05,-1
G073,G075,-3.5258134e-05,-1
G041,G066,-3.531595e-05,-1
G042,G071,-3.5333782e-05,-1
G022,G084,-3.537115e-05,-1
G093,G098,-3.5388202e-05,-1
G088,G080,-3.5445e-05,-1
G093,G073,-3.546313e-05,-1
G040,G006,-3.5607703e-05,-1
G063,G032,-3.560842e-05,-1
G080,G034,-3.562039e-05,-1
G026,G062,-3.5726156e-05,-1
G007,G054,-3.576199e-05,-1
G087,G062,-3.5799156e-05,-1
G040,G100,-3.5816738e-05,-1
G072,G077,-3.5858506e-05,-1
G079,G039,-3.5955483e-05,-1
G079,G066,-3.600196e-05,-1
G092,G087,-3.6026628e-05,-1
G041,G063,-3.610888e-05,-1
G024,G023,-3.6124587e-05,-1
G094,G098,-3.6142283e-05,-1
G057,G026,-3.6160298e-05,-1
G074,G086,-3.6195972e-05,-1
G067,G025,-3.6214024e-05,-1
G046,G020,-3.6446978e-05,-1
G068,G011,-3.6488862e-05,-1
G052,G076,-3.6550697e-05,-1
G054,G091,-3.661698e-05,-1
G040,G097,-3.6625715e-05,-1
G022,G041,-3.663925e-05,-1
G093,G035,-3.666316e-05,-1
G093,G011,-3.6727546e-05,-1
G083,G010,-3.674339e-05,-1
G020,G092,-3.6796904e-05,-1
G090,G022,-3.68217e-05,-1
G037,G083,-3.6821704e-05,-1
G092,G013,-3.6888527e-05,-1
G043,G054,-3.6893704e-05,-1
G062,G001,-3.6974845e-05,-1
G057,G023,-3.6997804e-05,-1
G023,G018,-3.7036538e-05,-1
G038,G046,-3.7049227e-05,-1
G072,G091,-3.70662e-05,-1
G004,G065,-3.7266385e-05,-1
G077,G079,-3.726787e-05,-1
G035,G037,-3.726934e-05,-1
G048,G098,-3.7273105e-05,-1
G037,G097,-3.7292783e-05,-1
G051,G083,-3.7309288e-05,-1
G072,G075,-3.731736e-05,-1
G085,G046,-3.7380698e-05,-1
G068,G006,-3.7478716e-05,-1
G013,G039,-3.750059e-05,-1
G098,G019,-3.750805e-05,-1
G060,G041,-3.759969e-05,-1
G093,G084,-3.779701e-05,-1
G090,G070,-3.806868e-05,-1
G049,G060,-3.807516e-05,-1
G049,G031,-3.812143e-05,-1
G091,G052,-3.8144433e-05,-1
G047,G090,-3.820602e-05,-1
G051,G050,-3.8288334e-05,-1
G016,G080,-3.836033e-05,-1
G017,G100,-3.8414008e-05,-1
G050,G084,-3.8445567e-05,-1
G073,G011,-3.8497867e-05,-1
G047,G032,-3.8507405e-05,-1
G013,G058,-3.855705e-05,-1
G020,G005,-3.867242e-05,-1
G032,G041,-3.868047e-05,-1
G029,G026,-3.882909e-05,-1
G032,G024,-3.883456e-05,-1
G077,G035,-3.8986927e-05,-1
G079,G016,-3.9067036e-05,-1
G024,G066,-3.9096878e-05,-1
G003,G087,-3.9137296e-05,-1
G067,G058,-3.9152135e-05,-1
G072,G066,-3.9204107e-05,-1
G040,G026,-3.92576e-05,-1
G100,G048,-3.9306775e-05,-1
G090,G034,-3.9318584e-05,-1
G092,G038,-3.9451937e-05,-1
G021,G053,-3.9470022e-05,-1
G061,G003,-3.95106e-05,-1
G051,G045,-3.9607603e-05,-1
G004,G091,-3.9676022e-05,-1
G029,G075,-3.9679955e-05,-1
G076,G021,-3.973311e-05,-1
G029,G066,-3.973921e-05,-1
G068,G044,-3.9946335e-05,-1
G045,G054,-3.9988798e-05,-1
G050,G077,-4.0000876e-05,-1
G089,G024,-4.0038805e-05,-1
G086,G002,-4.0063103e-05,-1
G017,G073,-4.0162216e-05,-1
G096,G050,-4.026082e-05,-1
G044,G056,-4.02764e-05,-1
G063,G043,-4.0386967e-05,-1
G081,G082,-4.0463925e-05,-1
G045,G050,-4.0521816e-05,-1
G020,G089,-4.06083e-05,-1
G029,G073,-4.062043e-05,-1
G037,G098,-4.0663297e-05,-1
G046,G017,-4.0754087e-05,-1
G058,G056,-4.0786403e-05,-1
G021,G025,-4.0891933e-05,-1
G088,G003,-4.090432e-05,-1
G006,G097,-4.0911204e-05,-1
G048,G078,-4.0915722e-05,-1
G087,G098,-4.0923034e-05,-1
G089,G036,-4.09336e-05,-1
G028,G022,-4.095483e-05,-1
G050,G037,-4.110695e-05,-1
G043,G098,-4.117641e-05,-1
G081,G024,-4.120917e-05,-1
G076,G095,-4.13244e-05,-1
G047,G046,-4.1334886e-05,-1
G051,G061,-4.1438238e-05,-1
G004,G025,-4.1442952e-05,-1
G061,G081,-4.1464635e-05,-1
G036,G034,-4.152851e-05,-1
G003,G089,-4.1566545e-05,-1
G059,G053,-4.1716685e-05,-1
G009,G062,-4.176825e-05,-1
G016,G091,-4.185098e-05,-1
G040,G016,-4.1896685e-05,-1
G069,G079,-4.1952993e-05,-1
G015,G023,-4.1956988e-05,-1
G015,G052,-4.1962136e-05,-1
G080,G073,-4.198532e-05,-1
G036,G062,-4.1994812e-05,-1
G067,G046,-4.207767e-05,-1
G083,G028,-4.2105523e-05,-1
G050,G092,-4.2416432e-05,-1
G007,G030,-4.2432945e-05,-1
G019,G035,-4.249209e-05,-1
G072,G048,-4.2513166e-05,-1
G046,G038,-4.2521566e-05,-1
G045,G075,-4.2525833e-05,-1
G089,G013,-4.254187e-05,-1
G079,G094,-4.2697484e-05,-1
G067,G010,-4.2705156e-05,-1
G058,G073,-4.2765354e-05,-1
G019,G025,-4.2869764e-05,-1
G091,G058,-4.2930715e-05,-1
G039,G031,-4.296516e-05,-1
G061,G028,-4.297996e-05,-1
G058,G028,-4.2995194e-05,-1
G039,G079,-4.3139346e-05,-1
G049,G064,-4.3192653e-05,-1
G013,G080,-4.3238746e-05,-1
G048,G090,-4.3270386e-05,-1
G081,G086,-4.327673e-05,-1
G036,G090,-4.329648e-05,-1
G005,G069,-4.3467957e-05,-1
G043,G058,-4.353177e-05,-1
G100,G086,-4.353739e-05,-1
G038,G037,-4.3564592e-05,-1
G047,G034,-4.3722666e-05,-1
G022,G033,-4.3805405e-05,-1
G013,G088,-4.3830827e-05,-1
G099,G006,-4.38707e-05,-1
G018,G090,-4.3871078e-05,-1
G067,G004,-4.3901033e-05,-1
G042,G025,-4.3955537e-05,-1
G095,G025,-4.4120276e-05,-1
G066,G006,-4.4197022e-05,-1
G007,G098,-4.4255827e-05,-1
G015,G020,-4.427005e-05,-1
G036,G011,-4.428119e-05,-1
G016,G073,-4.434398e-05,-1
G086,G083,-4.435099e-05,-1
G098,G041,-4.4448363e-05,-1
G084,G039,-4.451913e-05,-1
G024,G092,-4.4583223e-05,-1
G054,G016,-4.463852e-05,-1
G007,G041,-4.4667882e-05,-1
G006,G026,-4.4670964e-05,-1
G033,G044,-4.476652e-05,-1
G084,G017,-4.4783217e-05,-1
G090,G035,-4.4812266e-05,-1
G073,G031,-4.4833916e-05,-1
G014,G030,-4.483969e-05,-1
G033,G032,-4.487054e-05,-1
G043,G003,-4.490408e-05,-1
G048,G073,-4.5037268e-05,-1
G029,G058,-4.506402e-05,-1
G005,G074,-4.5164692e-05,-1
G081,G043,-4.5267327e-05,-1
G073,G076,-4.5363988e-05,-1
G042,G083,-4.541039e-05,-1
G003,G090,-4.5431618e-05,-1
G088,G091,-4.563386e-05,-1
G036,G051,-4.5642068e-05,-1
G054,G044,-4.5650977e-05,-1
G073,G024,-4.5731784e-05,-1
G073,G057,-4.5783607e-05,-1
G064,G034,-4.5800738e-05,-1
G048,G034,-4.5825065e-05,-1
G082,G040,-4.582727e-05,-1
G066,G073,-4.5852947e-05,-1
G057,G017,-4.5998477e-05,-1
G071,G048,-4.6016587e-05,-1
G098,G081,-4.6040317e-05,-1
G022,G098,-4.6041885e-05,-1
G029,G004,-4.6066776e-05,-1
G031,G072,-4.613254e-05,-1
G078,G005,-4.617097e-05,-1
G073,G093,-4.6293237e-05,-1
G051,G081,-4.6509653e-05,-1
G039,G053,-4.664487e-05,-1
G042,G091,-4.6704834e-05,-1
G081,G006,-4.6730554e-05,-1
G095,G048,-4.6733687e-05,-1
G072,G073,-4.675864e-05,-1
G049,G085,-4.683545e-05,-1
G087,G076,-4.6867306e-05,-1
G027,G004,-4.691946e-05,-1
G057,G052,-4.696596e-05,-1
G099,G092,-4.6984347e-05,-1
G056,G054,-4.6996e-05,-1
G024,G087,-4.7074067e-05,-1
G032,G047,-4.7092642e-05,-1
G054,G063,-4.709963e-05,-1
G066,G083,-4.7134345e-05,-1
G026,G098,-4.718258e-05,-1
G027,G061,-4.7221212e-05,-1
G004,G060,-4.7246955e-05,-1
G076,G049,-4.7271693e-05,-1
G061,G085,-4.7296217e-05,-1
G082,G057,-4.733874e-05,-1
G083,G063,-4.7340385e-05,-1
G049,G019,-4.7370573e-05,-1
G032,G084,-4.7463003e-05,-1
G033,G072,-4.7522528e-05,-1
G064,G097,-4.7609992e-05,-1
G006,G036,-4.7650767e-05,-1
G090,G079,-4.7677335e-05,-1
G025,G026,-4.7777154e-05,-1
G024,G005,-4.7838963e-05,-1
G095,G091,-4.785104e-05,-1
G095,G062,-4.7926394e-05,-1
G077,G052,-4.8039088e-05,-1
G051,G020,-4.8050926e-05,-1
G039,G025,-4.8060876e-05,-1
G072,G062,-4.816667e-05,-1
G099,G062,-4.820005e-05,-1
G025,G016,-4.8337828e-05,-1
G021,G046,-4.846664e-05,-1
G060,G075,-4.8514074e-05,-1
G002,G095,-4.855606e-05,-1
G061,G031,-4.8615093e-05,-1
G020,G011,-4.8693313e-05,-1
G045,G100,-4.8720452e-05,-1
G051,G088,-4.8754584e-05,-1
G084,G098,-4.88713e-05,-1
G002,G075,-4.9107115e-05,-1
G077,G072,-4.9199934e-05,-1
G038,G084,-4.931741e-05,-1
G093,G082,-4.9323924e-05,-1
G006,G087,-4.9394122e-05,-1
G093,G005,-4.9437513e-05,-1
G063,G006,-4.9539198e-05,-1
G080,G058,-4.9574413e-05,-1
G100,G050,-4.9575156e-05,-1
G085,G095,-4.9609214e-05,-1
G045,G026,-4.964556e-05,-1
G001,G077,-4.965271e-05,-1
G047,G073,-4.9668466e-05,-1
G035,G011,-4.969945e-05,-1
G006,G063,-4.9789076e-05,-1
G096,G033,-4.9794602e-05,-1
G032,G054,-4.9909166e-05,-1
G097,G009,-4.9953305e-05,-1
G028,G087,-5.0043924e-05,-1
G089,G096,-5.0158127e-05,-1
G035,G055,-5.021244e-05,-1
G027,G045,-5.0237843e-05,-1
G070,G032,-5.027709e-05,-1
G088,G067,-5.0306728e-05,-1
G091,G100,-5.0341197e-05,-1
G036,G095,-5.042623e-05,-1
G026,G081,-5.0607483e-05,-1
G050,G053,-5.061066e-05,-1
G031,G007,-5.0683342e-05,-1
G040,G005,-5.069239e-05,-1
G037,G094,-5.0753086e-05,-1
G098,G028,-5.0768107e-05,-1
G085,G045,-5.077506e-05,-1
G068,G017,-5.080973e-05,-1
G094,G079,-5.0881896e-05,-1
G068,G025,-5.0934643e-05,-1
G046,G066,-5.0977516e-05,-1
G070,G084,-5.0982246e-05,-1
G028,G011,-5.1086456e-05,-1
G051,G040,-5.11359e-05,-1
G094,G083,-5.1141225e-05,-1
G100,G035,-5.1157243e-05,-1
G100,G054,-5.1362942e-05,-1
G038,G073,-5.1384402e-05,-1
G040,G037,-5.1443494e-05,-1
G025,G028,-5.1460494e-05,-1
G084,G042,-5.1466464e-05,-1
G002,G025,-5.153676e-05,-1
G099,G073,-5.1549705e-05,-1
G016,G097,-5.157149e-05,-1
G026,G036,-5.171483e-05,-1
G080,G083,-5.1739993e-05,-1
G021,G072,-5.178154e-05,-1
G081,G002,-5.1829535e-05,-1
G099,G056,-5.1879397e-05,-1
G070,G031,-5.1948147e-05,-1
G017,G035,-5.2016298e-05,-1
G077,G064,-5.2025243e-05,-1
G072,G016,-5.2031857e-05,-1
G073,G009,-5.2032814e-05,-1
G057,G020,-5.2033647e-05,-1
G063,G048,-5.2045765e-05,-1
G004,G056,-5.2122334e-05,-1
G032,G088,-5.2125808e-05,-1
G001,G027,-5.2131978e-05,-1
G039,G075,-5.213454e-05,-1
G083,G092,-5.2181003e-05,-1
G031,G074,-5.220398e-05,-1
G012,G035,-5.224343e-05,-1
G040,G025,-5.231816e-05,-1
G058,G098,-5.2446405e-05,-1
G066,G005,-5.246204e-05,-1
G040,G074,-5.2489868e-05,-1
G024,G002,-5.2535204e-05,-1
G081,G076,-5.2634536e-05,-1
G018,G081,-5.2668664e-05,-1
G013,G064,-5.2710573e-05,-1
G096,G016,-5.2844152e-05,-1
G025,G066,-5.292212e-05,-1
G036,G035,-5.2969295e-05,-1
G089,G078,-5.2992906e-05,-1
G096,G079,-5.3051426e-05,-1
G017,G058,-5.3131855e-05,-1
G020,G046,-5.3217085e-05,-1
G060,G042,-5.3299194e-05,-1
G042,G013,-5.3322645e-05,-1
G032,G086,-5.3381762e-05,-1
G022,G067,-5.3450545e-05,-1
G015,G060,-5.348232e-05,-1
G092,G005,-5.3504806e-05,-1
G096,G031,-5.3542673e-05,-1
G092,G033,-5.35675e-05,-1
G033,G024,-5.3582873e-05,-1
G032,G081,-5.3642663e-05,-1
G026,G059,-5.3718366e-05,-1
G029,G013,-5.3868644e-05,-1
G042,G005,-5.3881256e-05,-1
G035,G079,-5.390635e-05,-1
G079,G085,-5.4009175e-05,-1
G020,G095,-5.4022854e-05,-1
G002,G018,-5.4048443e-05,-1
G050,G086,-5.4051616e-05,-1
G013,G062,-5.4265416e-05,-1
G096,G095,-5.4303382e-05,-1
G052,G056,-5.4327847e-05,-1
G028,G069,-5.443183e-05,-1
G071,G040,-5.445491e-05,-1
G016,G099,-5.4476197e-05,-1
G046,G032,-5.4543267e-05,-1
G002,G026,-5.463692e-05,-1
G020,G062,-5.4695483e-05,-1
G082,G033,-5.4749027e-05,-1
G096,G040,-5.4808977e-05,-1
G100,G093,-5.482118e-05,-1
G029,G070,-5.4860615e-05,-1
G071,G034,-5.4873657e-05,-1
G035,G071,-5.488001e-05,-1
G072,G017,-5.497145e-05,-1
G020,G056,-5.51383e-05,-1
G050,G023,-5.5164714e-05,-1
G026,G043,-5.5283894e-05,-1
G020,G067,-5.5429144e-05,-1
G003,G088,-5.545923e-05,-1
G066,G074,-5.5468583e-05,-1
G067,G009,-5.5540648e-05,-1
G068,G094,-5.5562472e-05,-1
G022,G019,-5.560942e-05,-1
G079,G022,-5.5610788e-05,-1
G048,G072,-5.5610824e-05,-1
G020,G100,-5.58422e-05,-1
G049,G094,-5.5905242e-05,-1
G077,G004,-5.601048e-05,-1
G050,G028,-5.6013792e-05,-1
G088,G062,-5.6029898e-05,-1
G058,G079,-5.614964e-05,-1
G075,G006,-5.620164e-05,-1
G080,G078,-5.635916e-05,-1
G050,G051,-5.6367622e-05,-1
G097,G054,-5.638255e-05,-1
G006,G086,-5.6428576e-05,-1
G037,G002,-5.643648e-05,-1
G032,G051,-5.6468336e-05,-1
G096,G066,-5.6517154e-05,-1
G052,G042,-5.6591405e-05,-1
G047,G085,-5.660179e-05,-1
G086,G084,-5.6623387e-05,-1
G045,G073,-5.669437e-05,-1
G025,G083,-5.6701054e-05,-1
G075,G065,-5.6798588e-05,-1
G094,G030,-5.6916128e-05,-1
G043,G036,-5.7006593e-05,-1
G032,G033,-5.7038098e-05,-1
G061,G058,-5.7056845e-05,-1
G029,G031,-5.712391e-05,-1
G013,G019,-5.7268382e-05,-1
G068,G099,-5.7304584e-05,-1
G093,G080,-5.7308618e-05,-1
G062,G037,-5.7313297e-05,-1
G067,G016,-5.7537723e-05,-1
G090,G080,-5.753908e-05,-1
G067,G093,-5.760405e-05,-1
G021,G022,-5.7611993e-05,-1
G050,G094,-5.7623733e-05,-1
G049,G002,-5.766342e-05,-1
G068,G046,-5.779404e-05,-1
G084,G051,-5.7829624e-05,-1
G083,G082,-5.795313e-05,-1
G081,G022,-5.8045793e-05,-1
G058,G055,-5.8092806e-05,-1
G095,G089,-5.8127458e-05,-1
G047,G074,-5.8264544e-05,-1
G093,G088,-5.836872e-05,-1
G025,G051,-5.8372443e-05,-1
G100,G063,-5.838103e-05,-1
G004,G087,-5.845817e-05,-1
G026,G005,-5.848823e-05,-1
G054,G086,-5.849399e-05,-1
G050,G078,-5.856641e-05,-1
G041,G025,-5.870593e-05,-1
G027,G031,-5.8850776e-05,-1
G043,G005,-5.889288e-05,-1
G071,G003,-5.891917e-05,-1
G031,G070,-5.8928716e-05,-1
G050,G002,-5.8961195e-05,-1
G035,G054,-5.906059e-05,-1
G074,G091,-5.9112583e-05,-1
G053,G058,-5.913942e-05,-1
G043,G073,-5.9175713e-05,-1
G056,G073,-5.920721e-05,-1
G077,G066,-5.9212663e-05,-1
G080,G088,-5.931502e-05,-1
G069,G002,-5.93812e-05,-1
G066,G013,-5.939117e-05,-1
G052,G096,-5.9395457e-05,-1
G069,G020,-5.9420374e-05,-1
G049,G039,-5.9446775e-05,-1
G081,G096,-5.944757e-05,-1
G024,G086,-5.9461232e-05,-1
G085,G006,-5.9476086e-05,-1
G084,G071,-5.9515314e-05,-1
G024,G006,-5.9557606e-05,-1
G087,G016,-5.9641286e-05,-1
G037,G100,-5.972287e-05,-1
G040,G031,-5.9724945e-05,-1
G001,G100,-5.9739148e-05,-1
G051,G049,-5.9784266e-05,-1
G043,G086,-5.9809758e-05,-1
G011,G015,-5.982039e-05,-1
G070,G025,-6.0001927e-05,-1
G061,G042,-6.0116796e-05,-1
G089,G005,-6.0133014e-05,-1
G067,G040,-6.0138584e-05,-1
G073,G010,-6.0150916e-05,-1
G098,G087,-6.0171107e-05,-1
G098,G099,-6.020306e-05,-1
G096,G087,-6.023756e-05,-1
G051,G094,-6.0243445e-05,-1
G015,G049,-6.0257502e-05,-1
G005,G004,-6.0305698e-05,-1
G058,G018,-6.0372782e-05,-1
G029,G099,-6.040839e-05,-1
G067,G022,-6.0408405e-05,-1
G068,G072,-6.0423914e-05,-1
G054,G011,-6.042687e-05,-1
G026,G023,-6.0488925e-05,-1
G020,G082,-6.0551105e-05,-1
G026,G047,-6.0659415e-05,-1
G047,G058,-6.0670496e-05,-1
G006,G048,-6.085572e-05,-1
G072,G002,-6.0862338e-05,-1
G039,G056,-6.0931045e-05,-1
G056,G031,-6.0946015e-05,-1
G086,G056,-6.10914e-05,-1
G099,G089,-6.1091494e-05,-1
G056,G057,-6.114668e-05,-1
G046,G003,-6.116842e-05,-1
G050,G017,-6.134602e-05,-1
G012,G055,-6.14841e-05,-1
G014,G052,-6.155148e-05,-1
G001,G065,-6.160752e-05,-1
G097,G035,-6.164494e-05,-1
G031,G055,-6.178265e-05,-1
G061,G020,-6.183828e-05,-1
G064,G020,-6.186309e-05,-1
G034,G079,-6.1865016e-05,-1
G070,G007,-6.194859e-05,-1
G013,G098,-6.196644e-05,-1
G032,G099,-6.204513e-05,-1
G017,G096,-6.211519e-05,-1
G078,G003,-6.215853e-05,-1
G082,G075,-6.223074e-05,-1
G063,G086,-6.22505e-05,-1
G052,G085,-6.2252686e-05,-1
G051,G078,-6.2281884e-05,-1
G082,G038,-6.248148e-05,-1
G041,G058,-6.256149e-05,-1
G077,G001,-6.262635e-05,-1
G029,G034,-6.2635496e-05,-1
G011,G072,-6.268525e-05,-1
G041,G057,-6.273808e-05,-1
G032,G098,-6.27958e-05,-1
G017,G006,-6.285547e-05,-1
G086,G067,-6.292076e-05,-1
G013,G049,-6.298618e-05,-1
G093,G019,-6.299987e-05,-1
G053,G066,-6.300137e-05,-1
G091,G078,-6.300521e-05,-1
G045,G033,-6.3015024e-05,-1
G051,G025,-6.301719e-05,-1
G024,G088,-6.311702e-05,-1
G061,G051,-6.318814e-05,-1
G065,G031,-6.3195395e-05,-1
G060,G085,-6.3204556e-05,-1
G056,G033,-6.32089e-05,-1
G057,G042,-6.321306e-05,-1
G040,G092,-6.3307896e-05,-1
G072,G093,-6.341112e-05,-1
G078,G053,-6.341514e-05,-1
G083,G097,-6.347587e-05,-1
G001,G066,-6.348426e-05,-1
G013,G083,-6.354104e-05,-1
G025,G086,-6.3545056e-05,-1
G069,G034,-6.3629326e-05,-1
G090,G009,-6.367408e-05,-1
G048,G082,-6.3822554e-05,-1
G045,G025,-6.387487e-05,-1
G052,G069,-6.395192e-05,-1
G012,G095,-6.397672e-05,-1
G051,G062,-6.400597e-05,-1
G040,G017,-6.402675e-05,-1
G075,G008,-6.418469e-05,-1
G033,G083,-6.423977e-05,-1
G048,G053,-6.424244e-05,-1
G081,G048,-6.427846e-05,-1
G054,G034,-6.4329055e-05,-1
G089,G072,-6.4358246e-05,-1
G065,G097,-6.438856e-05,-1
G095,G086,-6.445863e-05,-1
G069,G060,-6.462562e-05,-1
G031,G075,-6.473289e-05,-1
G070,G020,-6.479511e-05,-1
G043,G017,-6.4840715e-05,-1
G095,G098,-6.4868385e-05,-1
G017,G032,-6.490984e-05,-1
G091,G053,-6.49227e-05,-1
G093,G085,-6.499457e-05,-1
G087,G018,-6.5002605e-05,-1
G047,G016,-6.510994e-05,-1
G045,G003,-6.517352e-05,-1
G020,G066,-6.522393e-05,-1
G032,G016,-6.523088e-05,-1
G006,G081,-6.525223e-05,-1
G002,G067,-6.529691e-05,-1
G022,G011,-6.529989e-05,-1
G044,G003,-6.5450826e-05,-1
G095,G053,-6.545438e-05,-1
G091,G011,-6.5496104e-05,-1
G080,G091,-6.5508844e-05,-1
G086,G028,-6.5589455e-05,-1
G059,G020,-6.56294e-05,-1
G068,G055,-6.56855e-05,-1
G065,G006,-6.5692104e-05,-1
G094,G018,-6.5698085e-05,-1
G043,G078,-6.5741726e-05,-1
G082,G098,-6.584373e-05,-1
G071,G036,-6.5846405e-05,-1
G067,G007,-6.588638e-05,-1
G027,G067,-6.5943255e-05,-1
G016,G084,-6.6032364e-05,-1
G082,G086,-6.6055465e-05,-1
G080,G016,-6.606952e-05,-1
G017,G005,-6.620883e-05,-1
G039,G099,-6.621831e-05,-1
G083,G006,-6.625356e-05,-1
G029,G050,-6.628839e-05,-1
G051,G054,-6.628934e-05,-1
G031,G071,-6.631486e-05,-1
G099,G024,-6.634067e-05,-1
G090,G056,-6.6411674e-05,-1
G087,G054,-6.641693e-05,-1
G084,G022,-6.6530214e-05,-1
G047,G079,-6.661072e-05,-1
G063,G047,-6.6612236e-05,-1
G057,G011,-6.664158e-05,-1
G068,G067,-6.6654975e-05,-1
G039,G045,-6.673749e-05,-1
G074,G010,-6.67393e-05,-1
G045,G040,-6.676129e-05,-1
G096,G039,-6.677863e-05,-1
G006,G059,-6.684486e-05,-1
G055,G007,-6.6951616e-05,-1
G078,G072,-6.695895e-05,-1
G083,G084,-6.6989334e-05,-1
G018,G006,-6.6996996e-05,-1
G031,G034,-6.704869e-05,-1
G035,G006,-6.712359e-05,-1
G093,G056,-6.71361e-05,-1
G029,G083,-6.717104e-05,-1
G043,G093,-6.717657e-05,-1
G029,G072,-6.717808e-05,-1
G066,G014,-6.721123e-05,-1
G014,G088,-6.728389e-05,-1
G051,G005,-6.73164e-05,-1
G037,G072,-6.731775e-05,-1
G039,G005,-6.733506e-05,-1
G030,G006,-6.736155e-05,-1
G087,G079,-6.736844e-05,-1
G075,G027,-6.741446e-05,-1
G095,G045,-6.746426e-05,-1
G067,G082,-6.749846e-05,-1
G053,G006,-6.754627e-05,-1
G038,G081,-6.762057e-05,-1
G093,G086,-6.785874e-05,-1
G034,G015,-6.786634e-05,-1
G063,G066,-6.787437e-05,-1
G072,G099,-6.788312e-05,-1
G029,G014,-6.7900495e-05,-1
G024,G091,-6.7992434e-05,-1
G063,G036,-6.80082e-05,-1
G013,G026,-6.8100184e-05,-1
G035,G025,-6.8103225e-05,-1
G067,G006,-6.8124165e-05,-1
G033,G062,-6.81252e-05,-1
G095,G090,-6.818723e-05,-1
G058,G041,-6.822034e-05,-1
G066,G081,-6.8238485e-05,-1
G095,G036,-6.831048e-05,-1
G006,G043,-6.831992e-05,-1
G088,G087,-6.834331e-05,-1
G069,G092,-6.836308e-05,-1
G083,G100,-6.85537e-05,-1
G025,G067,-6.8907444e-05,-1
G016,G090,-6.89135e-05,-1
G046,G100,-6.891841e-05,-1
G013,G066,-6.919235e-05,-1
G050,G083,-6.919636e-05,-1
G015,G071,-6.92009e-05,-1
G083,G073,-6.922965e-05,-1
G060,G099,-6.94086e-05,-1
G047,G089,-6.9465954e-05,-1
G021,G058,-6.9666836e-05,-1
G035,G046,-6.96736e-05,-1
G078,G051,-6.9693655e-05,-1
G016,G007,-6.970988e-05,-1
G084,G082,-6.976729e-05,-1
G077,G083,-6.9771515e-05,-1
G030,G004,-6.985018e-05,-1
G001,G061,-6.985909e-05,-1
G037,G091,-6.986402e-05,-1
G025,G021,-6.9896356e-05,-1
G067,G095,-6.993104e-05,-1
G084,G036,-7.003573e-05,-1
G032,G025,-7.0114285e-05,-1
G096,G051,-7.015861e-05,-1
G100,G051,-7.0173824e-05,-1
G002,G048,-7.036042e-05,-1
G005,G007,-7.044788e-05,-1
G071,G005,-7.0470094e-05,-1
G054,G049,-7.048262e-05,-1
G064,G035,-7.0517366e-05,-1
G020,G028,-7.071565e-05,-1
G097,G088,-7.104085e-05,-1
G078,G098,-7.111541e-05,-1
G035,G065,-7.1193164e-05,-1
G048,G060,-7.1203285e-05,-1
G090,G066,-7.1304064e-05,-1
G057,G021,-7.1398186e-05,-1
G078,G060,-7.148763e-05,-1
G041,G016,-7.153425e-05,-1
G016,G028,-7.1538314e-05,-1
G058,G075,-7.164065e-05,-1
G071,G087,-7.1670656e-05,-1
G078,G087,-7.168667e-05,-1
G037,G054,-7.169365e-05,-1
G018,G065,-7.170818e-05,-1
G096,G100,-7.1709896e-05,-1
G096,G017,-7.1832714e-05,-1
G023,G027,-7.185211e-05,-1
G007,G047,-7.1919625e-05,-1
G099,G098,-7.195847e-05,-1
G039,G040,-7.1966926e-05,-1
G012,G018,-7.198277e-05,-1
G043,G011,-7.204645e-05,-1
G080,G063,-7.212237e-05,-1
G007,G031,-7.21538e-05,-1
G069,G066,-7.222482e-05,-1
G061,G055,-7.2299146e-05,-1
G051,G059,-7.238686e-05,-1
G035,G091,-7.244058e-05,-1
G054,G048,-7.247048e-05,-1
G073,G054,-7.26093e-05,-1
G067,G031,-7.279462e-05,-1
G048,G018,-7.289729e-05,-1
G029,G045,-7.2910596e-05,-1
G099,G016,-7.3006355e-05,-1
G044,G050,-7.302951e-05,-1
G099,G090,-7.3038864e-05,-1
G058,G085,-7.3061536e-05,-1
G084,G060,-7.3096635e-05,-1
G090,G026,-7.3211915e-05,-1
G088,G043,-7.3297255e-05,-1
G056,G060,-7.3534495e-05,-1
G011,G060,-7.3554525e-05,-1
G013,G010,-7.3568925e-05,-1
G066,G046,-7.3585106e-05,-1
G074,G048,-7.3614254e-05,-1
G037,G011,-7.36344e-05,-1
G004,G036,-7.3717056e-05,-1
G025,G048,-7.373187e-05,-1
G017,G052,-7.374891e-05,-1
G018,G092,-7.378443e-05,-1
G008,G099,-7.381566e-05,-1
G071,G056,-7.384725e-05,-1
G044,G095,-7.387688e-05,-1
G007,G034,-7.388079e-05,-1
G094,G089,-7.392866e-05,-1
G001,G041,-7.393547e-05,-1
G076,G078,-7.394164e-05,-1
G068,G014,-7.394221e-05,-1
G048,G087,-7.395464e-05,-1
G021,G093,-7.399419e-05,-1
G070,G024,-7.400807e-05,-1
G028,G006,-7.402201e-05,-1
G032,G085,-7.4153955e-05,-1
G096,G098,-7.418972e-05,-1
G097,G074,-7.4314245e-05,-1
G087,G040,-7.431857e-05,-1
G022,G061,-7.4327996e-05,-1
G100,G088,-7.43955e-05,-1
G074,G064,-7.44342e-05,-1
G026,G006,-7.467099e-05,-1
G067,G059,-7.4685355e-05,-1
G029,G063,-7.4844764e-05,-1
G063,G054,-7.484723e-05,-1
G031,G090,-7.4994015e-05,-1
G037,G031,-7.503221e-05,-1
G019,G060,-7.505881e-05,-1
G041,G081,-7.506196e-05,-1
G030,G020,-7.510463e-05,-1
G014,G060,-7.512204e-05,-1
G001,G073,-7.516531e-05,-1
G100,G030,-7.52055e-05,-1
G078,G016,-7.523207e-05,-1
G049,G078,-7.526922e-05,-1
G052,G066,-7.532203e-05,-1
G056,G034,-7.54144e-05,-1
G091,G056,-7.546243e-05,-1
G035,G090,-7.5478114e-05,-1
G058,G024,-7.5501004e-05,-1
G095,G060,-7.566091e-05,-1
G069,G073,-7.566713e-05,-1
G013,G048,-7.576239e-05,-1
G047,G025,-7.576919e-05,-1
G015,G080,-7.58328e-05,-1
G059,G041,-7.583657e-05,-1
G018,G013,-7.594123e-05,-1
G071,G022,-7.594265e-05,-1
G100,G061,-7.59689e-05,-1
G064,G071,-7.6132594e-05,-1
G089,G063,-7.615037e-05,-1
G018,G078,-7.618513e-05,-1
G051,G099,-7.6193544e-05,-1
G097,G091,-7.6406024e-05,-1
G080,G006,-7.645785e-05,-1
G057,G006,-7.647861e-05,-1
G044,G100,-7.6519456e-05,-1
G071,G025,-7.6718956e-05,-1
G080,G007,-7.6724755e-05,-1
G064,G055,-7.672579e-05,-1
G082,G066,-7.683419e-05,-1
G031,G011,-7.697107e-05,-1
G080,G048,-7.7056924e-05,-1
G042,G037,-7.71391e-05,-1
G096,G073,-7.718006e-05,-1
G041,G011,-7.725018e-05,-1
G013,G053,-7.7311146e-05,-1
G028,G060,-7.742008e-05,-1
G093,G051,-7.743469e-05,-1
G060,G003,-7.7474535e-05,-1
G001,G058,-7.7537654e-05,-1
G097,G049,-7.754067e-05,-1
G054,G075,-7.757059e-05,-1
G089,G011,-7.76367e-05,-1
G078,G085,-7.769594e-05,-1
G087,G055,-7.779077e-05,-1
G020,G031,-7.780664e-05,-1
G036,G014,-7.801013e-05,-1
G026,G079,-7.8065044e-05,-1
G030,G087,-7.8075376e-05,-1
G063,G062,-7.820929e-05,-1
G005,G080,-7.8252546e-05,-1
G095,G085,-7.828333e-05,-1
G089,G016,-7.831904e-05,-1
G038,G092,-7.843556e-05,-1
G072,G011,-7.84784e-05,-1
G060,G098,-7.853729e-05,-1
G037,G065,-7.854047e-05,-1
G025,G100,-7.85563e-05,-1
G036,G063,-7.8696685e-05,-1
G050,G044,-7.8822646e-05,-1
G084,G023,-7.882455e-05,-1
G095,G072,-7.883886e-05,-1
G041,G075,-7.890646e-05,-1
G033,G004,-7.903806e-05,-1
G025,G036,-7.9144214e-05,-1
G072,G055,-7.914788e-05,-1
G023,G015,-7.9148675e-05,-1
G021,G048,-7.922788e-05,-1
G034,G032,-7.923576e-05,-1
G069,G064,-7.926152e-05,-1
G028,G040,-7.932872e-05,-1
G080,G021,-7.9331265e-05,-1
G054,G036,-7.937578e-05,-1
G093,G092,-7.938694e-05,-1
G080,G086,-7.9480786e-05,-1
G022,G043,-7.9549216e-05,-1
G062,G042,-7.956917e-05,-1
G018,G072,-7.9623416e-05,-1
G024,G054,-7.969315e-05,-1
G088,G098,-7.969409e-05,-1
G024,G098,-7.969448e-05,-1
G091,G085,-7.972748e-05,-1
G006,G042,-7.973978e-05,-1
G053,G088,-7.981358e-05,-1
G007,G076,-7.984902e-05,-1
G091,G063,-7.9868536e-05,-1
G024,G089,-7.994398e-05,-1
G093,G075,-7.9971345e-05,-1
G031,G044,-8.010064e-05,-1
G070,G067,-8.0157246e-05,-1
G087,G060,-8.02969e-05,-1
G027,G060,-8.037203e-05,-1
G085,G022,-8.037895e-05,-1
G033,G097,-8.038728e-05,-1
G031,G066,-8.051439e-05,-1
G012,G046,-8.062498e-05,-1
G069,G049,-8.066717e-05,-1
G056,G043,-8.07731e-05,-1
G020,G025,-8.079796e-05,-1
G089,G073,-8.089475e-05,-1
G093,G043,-8.089569e-05,-1
G085,G084,-8.090149e-05,-1
G016,G030,-8.095972e-05,-1
G098,G021,-8.096561e-05,-1
G084,G067,-8.1004626e-05,-1
G073,G087,-8.111966e-05,-1
G071,G053,-8.1143415e-05,-1
G063,G077,-8.1178376e-05,-1
G060,G053,-8.120728e-05,-1
G096,G091,-8.1223145e-05,-1
G043,G047,-8.12324e-05,-1
G029,G067,-8.1241655e-05,-1
G027,G054,-8.129774e-05,-1
G088,G030,-8.1433245e-05,-1
G054,G070,-8.1489205e-05,-1
G015,G057,-8.1521895e-05,-1
G075,G009,-8.157564e-05,-1
G068,G028,-8.165733e-05,-1
G098,G006,-8.1710976e-05,-1
G077,G016,-8.180138e-05,-1
G011,G099,-8.181248e-05,-1
G024,G011,-8.183597e-05,-1
G009,G026,-8.202469e-05,-1
G015,G032,-8.203243e-05,-1
G094,G062,-8.2043756e-05,-1
G017,G055,-8.2251805e-05,-1
G082,G089,-8.232074e-05,-1
G098,G016,-8.233338e-05,-1
G045,G011,-8.2397775e-05,-1
G031,G087,-8.244107e-05,-1
G092,G042,-8.2458566e-05,-1
G039,G021,-8.251546e-05,-1
G058,G074,-8.25313e-05,-1
G035,G018,-8.2787694e-05,-1
G081,G092,-8.29243e-05,-1
G076,G022,-8.3129875e-05,-1
G043,G085,-8.3203544e-05,-1
G088,G099,-8.322367e-05,-1
G083,G051,-8.329276e-05,-1
G021,G092,-8.331245e-05,-1
G054,G099,-8.360131e-05,-1
G041,G091,-8.3640014e-05,-1
G078,G006,-8.367906e-05,-1
G072,G050,-8.375936e-05,-1
G048,G040,-8.3794264e-05,-1
G018,G043,-8.382075e-05,-1
G095,G022,-8.384876e-05,-1
G052,G064,-8.3883926e-05,-1
G093,G025,-8.401604e-05,-1
G063,G081,-8.4087435e-05,-1
G074,G006,-8.4228945e-05,-1
G071,G006,-8.429105e-05,-1
G012,G078,-8.4294836e-05,-1
G095,G055,-8.433212e-05,-1
G015,G038,-8.433346e-05,-1
G099,G054,-8.43352e-05,-1
G067,G064,-8.4360596e-05,-1
G039,G028,-8.441799e-05,-1
G091,G098,-8.442809e-05,-1
G093,G006,-8.443779e-05,-1
G003,G095,-8.448704e-05,-1
G067,G023,-8.450174e-05,-1
G049,G013,-8.4512234e-05,-1
G086,G072,-8.4601044e-05,-1
G068,G066,-8.466647e-05,-1
G015,G033,-8.470289e-05,-1
G082,G011,-8.475409e-05,-1
G029,G011,-8.482258e-05,-1
G044,G038,-8.48665e-05,-1
G052,G007,-8.492224e-05,-1
G019,G074,-8.493275e-05,-1
G068,G051,-8.505329e-05,-1
G054,G078,-8.509589e-05,-1
G097,G033,-8.522862e-05,-1
G073,G036,-8.522967e-05,-1
G095,G017,-8.5288724e-05,-1
G021,G051,-8.5322616e-05,-1
G038,G009,-8.5384636e-05,-1
G073,G067,-8.5393425e-05,-1
G043,G048,-8.544283e-05,-1
G094,G045,-8.550344e-05,-1
G061,G073,-8.550383e-05,-1
G082,G028,-8.552044e-05,-1
G071,G051,-8.5563894e-05,-1
G090,G036,-8.560082e-05,-1
G012,G068,-8.590375e-05,-1
G006,G011,-8.592189e-05,-1
G004,G024,-8.6114196e-05,-1
G088,G006,-8.615617e-05,-1
G070,G054,-8.6201224e-05,-1
G075,G098,-8.625043e-05,-1
G099,G085,-8.6254724e-05,-1
G072,G005,-8.63157e-05,-1
G015,G036,-8.644965e-05,-1
G068,G061,-8.650642e-05,-1
G093,G024,-8.6547065e-05,-1
G054,G051,-8.658395e-05,-1
G022,G056,-8.661742e-05,-1
G011,G044,-8.722321e-05,-1
G090,G019,-8.732232e-05,-1
G090,G087,-8.745263e-05,-1
G051,G002,-8.747328e-05,-1
G058,G099,-8.7579116e-05,-1
G049,G095,-8.7660446e-05,-1
G085,G093,-8.78201e-05,-1
G018,G098,-8.784482e-05,-1
G097,G032,-8.7925524e-05,-1
G019,G001,-8.796147e-05,-1
G086,G075,-8.79697e-05,-1
G041,G076,-8.810328e-05,-1
G049,G063,-8.8154295e-05,-1
G099,G072,-8.819428e-05,-1
G016,G086,-8.8247456e-05,-1
G087,G003,-8.8331704e-05,-1
G081,G013,-8.837947e-05,-1
G037,G019,-8.842079e-05,-1
G090,G050,-8.871836e-05,-1
G060,G081,-8.873124e-05,-1
G082,G018,-8.87712e-05,-1
G067,G065,-8.890278e-05,-1
G061,G091,-8.896e-05,-1
G087,G013,-8.8976834e-05,-1
G070,G062,-8.8987e-05,-1
G014,G034,-8.900381e-05,-1
G012,G019,-8.914489e-05,-1
G057,G035,-8.918716e-05,-1
G076,G054,-8.920692e-05,-1
G060,G086,-8.9346795e-05,-1
G019,G012,-8.936072e-05,-1
G029,G065,-8.936322e-05,-1
G005,G044,-8.943148e-05,-1
G060,G016,-8.947809e-05,-1
G058,G022,-8.953673e-05,-1
G087,G053,-8.961652e-05,-1
G096,G006,-8.969148e-05,-1
G024,G058,-8.971088e-05,-1
G084,G048,-8.975425e-05,-1
G008,G036,-8.980344e-05,-1
G099,G066,-8.9982386e-05,-1
G041,G013,-9.0005e-05,-1
G049,G040,-9.002809e-05,-1
G018,G041,-9.003712e-05,-1
G078,G054,-9.015684e-05,-1
G040,G072,-9.017031e-05,-1
G020,G051,-9.02369e-05,-1
G082,G052,-9.0263464e-05,-1
G017,G056,-9.0289825e-05,-1
G081,G055,-9.029885e-05,-1
G068,G004,-9.034577e-05,-1
G053,G062,-9.045005e-05,-1
G079,G006,-9.0470145e-05,-1
G030,G091,-9.051135e-05,-1
G030,G094,-9.055358e-05,-1
G056,G079,-9.059953e-05,-1
G015,G091,-9.0600515e-05,-1
G066,G042,-9.065346e-05,-1
G077,G022,-9.072966e-05,-1
G054,G074,-9.0801055e-05,-1
G049,G027,-9.083004e-05,-1
G014,G069,-9.097705e-05,-1
G079,G064,-9.1012844e-05,-1
G065,G053,-9.102179e-05,-1
G024,G099,-9.105683e-05,-1
G007,G093,-9.115293e-05,-1
G086,G006,-9.116021e-05,-1
G017,G088,-9.118939e-05,-1
G091,G066,-9.120879e-05,-1
G094,G041,-9.122099e-05,-1
G061,G002,-9.127256e-05,-1
G081,G062,-9.1283306e-05,-1
G081,G061,-9.129193e-05,-1
G067,G014,-9.1455455e-05,-1
G094,G100,-9.145807e-05,-1
G083,G086,-9.15424e-05,-1
G067,G077,-9.1586255e-05,-1
G088,G100,-9.159328e-05,-1
G054,G060,-9.16146e-05,-1
G093,G099,-9.163758e-05,-1
G018,G084,-9.170839e-05,-1
G038,G052,-9.17291e-05,-1
G018,G048,-9.178798e-05,-1
G048,G006,-9.184434e-05,-1
G020,G006,-9.186455e-05,-1
G093,G036,-9.192912e-05,-1
G046,G005,-9.192983e-05,-1
G002,G040,-9.1932416e-05,-1
G068,G065,-9.2017784e-05,-1
G100,G079,-9.20202e-05,-1
G090,G055,-9.2136e-05,-1
G068,G022,-9.215621e-05,-1
G099,G058,-9.2241586e-05,-1
G072,G078,-9.2347655e-05,-1
G093,G016,-9.238124e-05,-1
G073,G060,-9.2433605e-05,-1
G051,G034,-9.248495e-05,-1
G016,G093,-9.249045e-05,-1
G037,G062,-9.260114e-05,-1
G094,G093,-9.260146e-05,-1
G032,G043,-9.2662885e-05,-1
G095,G067,-9.280179e-05,-1
G009,G066,-9.28507e-05,-1
G040,G039,-9.286787e-05,-1
G020,G054,-9.28861e-05,-1
G040,G033,-9.289747e-05,-1
G090,G091,-9.304129e-05,-1
G086,G052,-9.3101145e-05,-1
G085,G089,-9.316062e-05,-1
G046,G073,-9.3194554e-05,-1
G050,G065,-9.331392e-05,-1
G067,G045,-9.331425e-05,-1
G032,G082,-9.3358394e-05,-1
G044,G016,-9.340503e-05,-1
G091,G005,-9.3440416e-05,-1
G080,G062,-9.3490955e-05,-1
G093,G037,-9.35442e-05,-1
G035,G063,-9.362279e-05,-1
G032,G006,-9.362782e-05,-1
G079,G083,-9.363987e-05,-1
G021,G084,-9.375151e-05,-1
G003,G073,-9.375865e-05,-1
G097,G061,-9.381988e-05,-1
G081,G097,-9.38528e-05,-1
G025,G022,-9.391111e-05,-1
G008,G063,-9.399375e-05,-1
G095,G047,-9.405087e-05,-1
G003,G011,-9.420173e-05,-1
G088,G070,-9.42284e-05,-1
G001,G096,-9.424476e-05,-1
G030,G048,-9.4336756e-05,-1
G063,G094,-9.43753e-05,-1
G080,G099,-9.438644e-05,-1
G089,G055,-9.438957e-05,-1
G014,G022,-9.446157e-05,-1
G045,G064,-9.4490875e-05,-1
G084,G006,-9.454535e-05,-1
G054,G043,-9.4568255e-05,-1
G063,G068,-9.458824e-05,-1
G066,G027,-9.4625364e-05,-1
G079,G096,-9.470883e-05,-1
G018,G060,-9.48358e-05,-1
G068,G042,-9.493051e-05,-1
G021,G071,-9.4935014e-05,-1
G067,G041,-9.502187e-05,-1
G024,G061,-9.515821e-05,-1
G056,G036,-9.528991e-05,-1
G039,G098,-9.536814e-05,-1
G051,G077,-9.536976e-05,-1
G045,G005,-9.544006e-05,-1
G054,G065,-9.549426e-05,-1
G100,G066,-9.551847e-05,-1
G027,G064,-9.552474e-05,-1
G013,G005,-9.553019e-05,-1
G039,G070,-9.553309e-05,-1
G095,G073,-9.555879e-05,-1
G073,G013,-9.5579315e-05,-1
G004,G053,-9.5624135e-05,-1
G070,G006,-9.572624e-05,-1
G022,G094,-9.577918e-05,-1
G063,G074,-9.606986e-05,-1
G009,G064,-9.608137e-05,-1
G053,G099,-9.615635e-05,-1
G098,G044,-9.61742e-05,-1
G006,G093,-9.6338685e-05,-1
G001,G010,-9.6429714e-05,-1
G040,G058,-9.652822e-05,-1
G087,G049,-9.661695e-05,-1
G047,G041,-9.6647345e-05,-1
G032,G092,-9.665515e-05,-1
G027,G051,-9.673339e-05,-1
G079,G053,-9.678208e-05,-1
G062,G071,-9.6913725e-05,-1
G093,G068,-9.691779e-05,-1
G016,G017,-9.696147e-05,-1
G053,G054,-9.701657e-05,-1
G023,G053,-9.703217e-05,-1
G079,G018,-9.706897e-05,-1
G034,G018,-9.713129e-05,-1
G060,G024,-9.731265e-05,-1
G060,G077,-9.746359e-05,-1
G047,G065,-9.753831e-05,-1
G011,G005,-9.757075e-05,-1
G061,G024,-9.761448e-05,-1
G024,G046,-9.765309e-05,-1
G020,G078,-9.767649e-05,-1
G071,G086,-9.7892495e-05,-1
G095,G088,-9.791475e-05,-1
G041,G021,-9.8014476e-05,-1
G004,G068,-9.8074874e-05,-1
G079,G090,-9.814257e-05,-1
G006,G098,-9.81776e-05,-1
G054,G079,-9.8187396e-05,-1
G091,G062,-9.8221586e-05,-1
G048,G049,-9.8389064e-05,-1
G091,G004,-9.840563e-05,-1
G078,G086,-9.8434146e-05,-1
G013,G090,-9.8454075e-05,-1
G070,G072,-9.850113e-05,-1
G079,G050,-9.864363e-05,-1
G001,G086,-9.878247e-05,-1
G046,G098,-9.910539e-05,-1
G045,G099,-9.911296e-05,-1
G084,G058,-9.915247e-05,-1
G091,G067,-9.923126e-05,-1
G051,G067,-9.9270925e-05,-1
G050,G026,-9.93705e-05,-1
G048,G056,-9.939813e-05,-1
G061,G092,-9.94547e-05,-1
G043,G044,-9.950916e-05,-1
G027,G011,-9.9725796e-05,-1
G098,G017,-9.982371e-05,-1
G035,G053,-9.9937635e-05,-1
G039,G027,-0.00010000817,-1
G092,G063,-0.000100040204,-1
G092,G053,-0.00010010715,-1
G084,G005,-0.00010016808,-1
G052,G032,-0.00010027093,-1
G087,G092,-0.00010030129,-1
G084,G053,-0.00010038693,-1
G089,G074,-0.00010040712,-1
G046,G083,-0.00010043023,-1
G035,G040,-0.00010068997,-1
G087,G024,-0.00010070246,-1
G058,G091,-0.00010083458,-1
G055,G053,-0.000100852856,-1
G042,G062,-0.00010088084,-1
G022,G044,-0.00010091105,-1
G070,G058,-0.00010092579,-1
G070,G021,-0.00010094884,-1
G064,G001,-0.000101065714,-1
G066,G054,-0.00010108521,-1
G029,G035,-0.00010110973,-1
G067,G054,-0.00010119713,-1
G041,G078,-0.00010125549,-1
G018,G014,-0.0001012636,-1
G084,G091,-0.00010137343,-1
G072,G056,-0.000101533115,-1
G085,G091,-0.00010166312,-1
G032,G066,-0.0001017196,-1
G096,G086,-0.00010174016,-1
G058,G025,-0.00010174344,-1
G013,G016,-0.000101745616,-1
G090,G072,-0.00010185042,-1
G090,G011,-0.00010187179,-1
G060,G046,-0.00010197729,-1
G027,G083,-0.00010208263,-1
G021,G026,-0.000102208076,-1
G069,G032,-0.00010221785,-1
G076,G100,-0.00010236489,-1
G055,G097,-0.000102401595,-1
G049,G088,-0.00010246451,-1
G036,G005,-0.00010256796,-1
G098,G066,-0.000102571845,-1
G070,G079,-0.00010259603,-1
G065,G081,-0.00010261371,-1
G078,G092,-0.0001026218,-1
G030,G068,-0.000102665916,-1
G041,G092,-0.00010272908,-1
G030,G054,-0.00010278178,-1
G018,G074,-0.0001028737,-1
G080,G022,-0.00010288703,-1
G096,G085,-0.0001030487,-1
G029,G074,-0.00010311183,-1
G022,G062,-0.000103261445,-1
G064,G019,-0.00010326347,-1
G012,G028,-0.00010331757,-1
G084,G087,-0.000103328515,-1
G073,G028,-0.00010337645,-1
G039,G055,-0.00010349379,-1
G039,G097,-0.000103503575,-1
G043,G025,-0.00010362565,-1
G096,G046,-0.00010371291,-1
G041,G084,-0.00010375544,-1
G051,G042,-0.0001037699,-1
G056,G022,-0.00010382657,-1
G095,G099,-0.000103896,-1
G087,G073,-0.00010394181,-1
G072,G054,-0.000104003375,-1
G082,G083,-0.00010402546,-1
G002,G005,-0.00010404305,-1
G009,G090,-0.00010404394,-1
G074,G068,-0.00010412918,-1
G001,G095,-0.00010413835,-1
G010,G005,-0.00010414575,-1
G088,G095,-0.000104278406,-1
G048,G033,-0.000104300525,-1
G081,G065,-0.000104440645,-1
G044,G087,-0.00010446002,-1
G091,G039,-0.00010447918,-1
G001,G031,-0.000104595456,-1
G025,G042,-0.000104602696,-1
G031,G085,-0.00010465194,-1
G037,G004,-0.00010468198,-1
G001,G017,-0.000104685474,-1
G047,G021,-0.00010468592,-1
G099,G088,-0.00010469932,-1
G031,G098,-0.000104835235,-1
G004,G021,-0.00010487675,-1
G033,G042,-0.0001048864,-1
G011,G009,-0.0001050628,-1
G021,G006,-0.00010506502,-1
G013,G065,-0.000105139196,-1
G012,G037,-0.00010520938,-1
G018,G054,-0.00010534938,-1
G094,G074,-0.0001054009,-1
G100,G004,-0.00010540553,-1
G090,G077,-0.00010541201,-1
G055,G079,-0.00010548109,-1
G071,G098,-0.00010560989,-1
G037,G063,-0.0001056793,-1
G056,G099,-0.00010577741,-1
G071,G031,-0.00010581467,-1
G046,G055,-0.00010585119,-1
G061,G048,-0.000106006104,-1
G015,G062,-0.000106026986,-1
G046,G002,-0.00010613845,-1
G003,G052,-0.00010614753,-1
G060,G001,-0.00010615176,-1
G054,G061,-0.00010620602,-1
G027,G030,-0.00010622636,-1
G070,G047,-0.00010636048,-1
G032,G076,-0.00010642865,-1
G001,G040,-0.00010645488,-1
G052,G040,-0.00010646948,-1
G007,G074,-0.000106482796,-1
G049,G048,-0.0001065737,-1
G095,G046,-0.00010663912,-1
G068,G023,-0.000106671105,-1
G076,G061,-0.00010670175,-1
G009,G027,-0.0001067244,-1
G060,G094,-0.000106748244,-1
G048,G075,-0.00010675622,-1
G089,G049,-0.00010675964,-1
G053,G055,-0.000106919106,-1
G017,G024,-0.0001070217,-1
G057,G080,-0.00010716819,-1
G017,G021,-0.00010725084,-1
G089,G043,-0.00010732687,-1
G039,G088,-0.00010737429,-1
G049,G093,-0.000107426,-1
G065,G059,-0.0001075078,-1
G078,G023,-0.000107535576,-1
G016,G094,-0.00010754577,-1
G073,G016,-0.00010757937,-1
G045,G004,-0.00010759994,-1
G097,G051,-0.000107616666,-1
G083,G023,-0.00010763494,-1
G027,G088,-0.00010765909,-1
G096,G055,-0.00010767467,-1
G007,G055,-0.00010777364,-1
G099,G032,-0.000107774096,-1
G015,G081,-0.00010793586,-1
G086,G099,-0.00010800009,-1
G061,G017,-0.0001080016,-1
G068,G043,-0.000108049615,-1
G047,G031,-0.000108097636,-1
G072,G046,-0.00010817564,-1
G061,G041,-0.00010833745,-1
G051,G009,-0.00010841606,-1
G048,G086,-0.00010842306,-1
G018,G022,-0.000108452674,-1
G071,G073,-0.00010848654,-1
G079,G001,-0.000108500724,-1
G069,G039,-0.00010857958,-1
G064,G026,-0.000108665685,-1
G040,G032,-0.00010870001,-1
G058,G054,-0.000108735745,-1
G088,G066,-0.00010912873,-1
G026,G014,-0.000109130146,-1
G003,G020,-0.00010913834,-1
G035,G086,-0.00010914603,-1
G017,G028,-0.00010917871,-1
G002,G036,-0.000109223874,-1
G090,G054,-0.000109322435,-1
G044,G001,-0.00010934825,-1
G099,G031,-0.00010943809,-1
G032,G060,-0.00010948124,-1
G071,G072,-0.000109497196,-1
G048,G003,-0.0001095154,-1
G074,G053,-0.000109640685,-1
G029,G055,-0.00010965155,-1
G008,G092,-0.00010965684,-1
G097,G034,-0.00010967102,-1
G064,G025,-0.000109732166,-1
G093,G065,-0.000109817476,-1
G054,G005,-0.0001098588,-1
G001,G051,-0.00010986451,-1
G015,G048,-0.00010986667,-1
G033,G092,-0.000109882305,-1
G047,G036,-0.00010998093,-1
G046,G035,-0.000110006615,-1
G086,G092,-0.00011014168,-1
G061,G093,-0.000110183086,-1
G029,G046,-0.000110188535,-1
G092,G006,-0.000110247645,-1
G100,G017,-0.00011036456,-1
G030,G061,-0.00011039811,-1
G054,G085,-0.000110399094,-1
G016,G081,-0.00011045992,-1
G025,G019,-0.000110554305,-1
G080,G030,-0.00011060365,-1
G080,G092,-0.000110698835,-1
G048,G092,-0.0001107156,-1
G025,G041,-0.000110797875,-1
G032,G039,-0.00011094447,-1
G061,G022,-0.000110979665,-1
G058,G006,-0.000111072084,-1
G026,G042,-0.00011110468,-1
G090,G017,-0.00011111028,-1
G025,G046,-0.000111177666,-1
G048,G037,-0.000111228874,-1
G087,G017,-0.00011148034,-1
G042,G084,-0.00011153779,-1
G031,G062,-0.00011156713,-1
G056,G065,-0.00011157665,-1
G029,G027,-0.00011159128,-1
G087,G075,-0.00011162201,-1
G023,G026,-0.00011164071,-1
G082,G078,-0.00011178019,-1
G099,G048,-0.00011186363,-1
G046,G090,-0.00011187364,-1
G047,G078,-0.000111893554,-1
G052,G034,-0.000111988724,-1
G088,G044,-0.000112146015,-1
G039,G019,-0.000112168615,-1
G030,G051,-0.0001121851,-1
G037,G059,-0.0001122613,-1
G095,G021,-0.00011233415,-1
G070,G053,-0.00011233631,-1
G049,G086,-0.000112353824,-1
G003,G044,-0.00011236245,-1
G009,G099,-0.00011245743,-1
G040,G075,-0.00011255874,-1
G010,G036,-0.00011263651,-1
G035,G043,-0.00011268806,-1
G052,G002,-0.00011268975,-1
G096,G083,-0.00011272168,-1
G060,G033,-0.00011275274,-1
G030,G001,-0.000112796835,-1
G083,G066,-0.00011293845,-1
G020,G041,-0.000113040944,-1
G085,G002,-0.00011310481,-1
G070,G035,-0.00011310573,-1
G078,G019,-0.00011319825,-1
G045,G088,-0.000113232454,-1
G004,G097,-0.000113267095,-1
G089,G054,-0.0001132846,-1
G009,G031,-0.0001133078,-1
G092,G032,-0.00011341554,-1
G020,G058,-0.00011347815,-1
G075,G055,-0.00011350691,-1
G066,G088,-0.00011359193,-1
G084,G025,-0.00011365036,-1
G021,G067,-0.0001136704,-1
G018,G061,-0.00011368524,-1
G045,G098,-0.000113816204,-1
G028,G073,-0.000113825714,-1
G047,G011,-0.000113854854,-1
G015,G093,-0.00011389446,-1
G083,G056,-0.00011404718,-1
G067,G042,-0.00011413284,-1
G080,G067,-0.00011413437,-1
G100,G067,-0.000114264774,-1
G080,G094,-0.00011430063,-1
G082,G045,-0.000114451315,-1
G087,G086,-0.00011446363,-1
G059,G006,-0.000114799834,-1
G066,G024,-0.00011496448,-1
G047,G067,-0.00011514099,-1
G009,G100,-0.000115143994,-1
G052,G088,-0.000115145034,-1
G029,G094,-0.00011516808,-1
G046,G075,-0.00011517668,-1
G043,G092,-0.00011533768,-1
G081,G088,-0.00011541716,-1
G051,G037,-0.00011543962,-1
G042,G096,-0.0001155274,-1
G016,G065,-0.00011556644,-1
G080,G019,-0.00011565358,-1
G024,G047,-0.0001157747,-1
G049,G051,-0.00011589174,-1
G093,G047,-0.00011593523,-1
G083,G005,-0.00011594335,-1
G073,G055,-0.00011604276,-1
G015,G013,-0.00011605412,-1
G025,G084,-0.000116084055,-1
G002,G054,-0.00011620287,-1
G057,G098,-0.00011626496,-1
G049,G082,-0.00011628897,-1
G035,G078,-0.00011634379,-1
G052,G035,-0.00011638433,-1
G081,G018,-0.00011643634,-1
G041,G062,-0.00011650329,-1
G072,G051,-0.000116506235,-1
G089,G026,-0.000116510426,-1
G025,G060,-0.00011651268,-1
G080,G056,-0.00011653981,-1
G032,G019,-0.000116873845,-1
G003,G050,-0.000116991316,-1
G096,G007,-0.00011701803,-1
G047,G051,-0.000117086944,-1
G054,G062,-0.000117107804,-1
G027,G076,-0.00011714388,-1
G045,G078,-0.00011721501,-1
G049,G054,-0.00011722723,-1
G096,G054,-0.00011725338,-1
G071,G058,-0.000117448,-1
G041,G074,-0.000117506774,-1
G071,G092,-0.00011758373,-1
G001,G082,-0.00011764134,-1
G089,G099,-0.00011765061,-1
G024,G028,-0.00011781845,-1
G017,G098,-0.000117848045,-1
G089,G062,-0.00011786572,-1
G095,G019,-0.00011797693,-1
G078,G082,-0.00011809741,-1
G068,G018,-0.00011816791,-1
G013,G030,-0.00011820901,-1
G041,G024,-0.000118249605,-1
G025,G055,-0.00011832783,-1
G047,G075,-0.00011834425,-1
G020,G072,-0.00011842394,-1
G073,G079,-0.00011850925,-1
G073,G002,-0.000118514836,-1
G056,G035,-0.000118736614,-1
G006,G061,-0.0001187688,-1
G065,G048,-0.00011885667,-1
G091,G088,-0.000118881806,-1
G078,G021,-0.00011890513,-1
G072,G085,-0.0001189868,-1
G021,G023,-0.000119014374,-1
G039,G051,-0.000119099845,-1
G072,G088,-0.00011918031,-1
G016,G067,-0.00011921377,-1
G072,G028,-0.00011928975,-1
G087,G002,-0.00011931076,-1
G041,G047,-0.00011933916,-1
G069,G054,-0.00011942244,-1
G087,G021,-0.00011960088,-1
G080,G031,-0.000119669305,-1
G089,G075,-0.0001196947,-1
G002,G062,-0.00011971577,-1
G001,G062,-0.000119761986,-1
G012,G077,-0.000119841265,-1
G098,G047,-0.00011984788,-1
G053,G059,-0.00011986026,-1
G094,G005,-0.00011990474,-1
G070,G041,-0.00011990543,-1
G095,G011,-0.0001199103,-1
G042,G092,-0.000119945784,-1
G071,G021,-0.00011995935,-1
G011,G050,-0.00011999962,-1
G084,G028,-0.0001200048,-1
G080,G049,-0.000120054254,-1
G037,G045,-0.00012006897,-1
G031,G036,-0.00012008076,-1
G064,G011,-0.000120102246,-1
G030,G074,-0.00012010275,-1
G001,G080,-0.000120179306,-1
G083,G048,-0.000120192366,-1
G064,G006,-0.00012022227,-1
G084,G054,-0.00012033133,-1
G081,G060,-0.00012037929,-1
G029,G053,-0.00012040734,-1
G013,G081,-0.00012046661,-1
G035,G058,-0.000120479875,-1
G008,G066,-0.00012058161,-1
G043,G022,-0.00012068882,-1
G041,G099,-0.00012072083,-1
G012,G047,-0.00012076183,-1
G097,G087,-0.00012078494,-1
G089,G045,-0.00012081303,-1
G051,G098,-0.00012115611,-1
G094,G011,-0.00012126657,-1
G037,G035,-0.00012126728,-1
G046,G049,-0.000121268866,-1
G083,G079,-0.00012134035,-1
G018,G099,-0.00012134384,-1
G064,G066,-0.000121423924,-1
G084,G086,-0.0001216242,-1
G036,G085,-0.00012174802,-1
G096,G078,-0.00012184331,-1
G021,G056,-0.000121893165,-1
G041,G036,-0.00012203533,-1
G004,G098,-0.00012208399,-1
G002,G044,-0.00012209018,-1
G047,G084,-0.0001221982,-1
G044,G022,-0.00012245831,-1
G049,G004,-0.00012255147,-1
G026,G055,-0.00012260323,-1
G004,G089,-0.0001226494,-1
G018,G086,-0.00012275207,-1
G052,G019,-0.0001228641,-1
G069,G029,-0.00012288197,-1
G043,G061,-0.00012297889,-1
G095,G006,-0.00012298582,-1
G014,G035,-0.00012303524,-1
G078,G041,-0.00012306191,-1
G027,G049,-0.00012316485,-1
G071,G078,-0.0001232254,-1
G027,G075,-0.00012326372,-1
G025,G093,-0.00012328518,-1
G074,G047,-0.00012330677,-1
G025,G074,-0.00012331142,-1
G048,G016,-0.00012332124,-1
G070,G036,-0.00012334008,-1
G094,G022,-0.00012342962,-1
G042,G044,-0.0001234797,-1
G088,G082,-0.00012348291,-1
G066,G040,-0.00012356875,-1
G015,G019,-0.0001236642,-1
G090,G042,-0.00012370585,-1
G099,G045,-0.00012371708,-1
G051,G060,-0.0001237357,-1
G032,G021,-0.00012374217,-1
G002,G051,-0.00012382062,-1
G001,G078,-0.00012386263,-1
G088,G011,-0.0001238691,-1
G046,G011,-0.00012391488,-1
G027,G002,-0.00012392865,-1
G011,G071,-0.0001240247,-1
G077,G062,-0.0001240719,-1
G082,G034,-0.00012409485,-1
G058,G042,-0.00012410233,-1
G009,G032,-0.00012413562,-1
G029,G100,-0.00012426404,-1
G051,G085,-0.00012429038,-1
G092,G096,-0.00012430131,-1
G080,G054,-0.0001243671,-1
G043,G031,-0.00012440617,-1
G074,G090,-0.00012445047,-1
G076,G016,-0.00012446281,-1
G048,G051,-0.00012450737,-1
G049,G026,-0.00012453423,-1
G092,G091,-0.00012457796,-1
G090,G002,-0.00012459475,-1
G016,G048,-0.0001246679,-1
G074,G032,-0.00012477831,-1
G004,G090,-0.00012484228,-1
G053,G056,-0.00012487463,-1
G078,G028,-0.00012497792,-1
G098,G004,-0.00012498282,-1
G012,G005,-0.0001251823,-1
G083,G085,-0.00012531264,-1
G024,G048,-0.00012533723,-1
G065,G088,-0.0001253516,-1
G044,G072,-0.00012536782,-1
G078,G017,-0.0001254605,-1
G029,G095,-0.00012549426,-1
G088,G045,-0.00012551335,-1
G072,G060,-0.00012563581,-1
G027,G087,-0.00012569375,-1
G099,G079,-0.00012569517,-1
G069,G072,-0.00012574672,-1
G085,G055,-0.00012574885,-1
G035,G066,-0.00012583946,-1
G004,G059,-0.00012604587,-1
G091,G042,-0.00012606531,-1
G001,G094,-0.00012618667,-1
G092,G100,-0.00012623028,-1
G027,G098,-0.00012623711,-1
G049,G055,-0.00012624396,-1
G020,G016,-0.00012628347,-1
G065,G089,-0.00012638269,-1
G033,G040,-0.00012644083,-1
G066,G045,-0.00012647927,-1
G039,G004,-0.00012648536,-1
G015,G009,-0.00012651796,-1
G022,G065,-0.0001267042,-1
G058,G016,-0.00012673563,-1
G094,G061,-0.0001267797,-1
G095,G024,-0.00012682365,-1
G094,G006,-0.00012687626,-1
G025,G077,-0.00012689346,-1
G015,G039,-0.00012693561,-1
G007,G068,-0.00012696511,-1
G026,G027,-0.00012698493,-1
G038,G054,-0.00012703575,-1
G042,G040,-0.0001270513,-1
G041,G082,-0.0001270538,-1
G028,G030,-0.00012705482,-1
G046,G085,-0.00012735218,-1
G058,G067,-0.00012750394,-1
G030,G042,-0.00012766896,-1
G020,G033,-0.0001277801,-1
G083,G045,-0.00012794473,-1
G086,G098,-0.00012802638,-1
G051,G048,-0.00012817641,-1
G090,G099,-0.00012832726,-1
G049,G059,-0.00012837093,-1
G085,G075,-0.00012842637,-1
G048,G088,-0.00012843874,-1
G078,G002,-0.00012849658,-1
G095,G061,-0.00012854564,-1
G067,G074,-0.000128628,-1
G093,G060,-0.00012867272,-1
G026,G065,-0.00012869322,-1
G064,G023,-0.0001288143,-1
G013,G014,-0.00012886347,-1
G078,G099,-0.00012886937,-1
G086,G060,-0.0001289085,-1
G032,G044,-0.00012897242,-1
G024,G025,-0.00012899692,-1
G085,G062,-0.00012900168,-1
G099,G017,-0.00012901769,-1
G100,G045,-0.00012902559,-1
G081,G098,-0.00012917278,-1
G071,G088,-0.00012924329,-1
G035,G041,-0.00012931942,-1
G045,G028,-0.00012932159,-1
G093,G094,-0.00012934854,-1
G084,G031,-0.00012939026,-1
G048,G085,-0.0001294398,-1
G036,G046,-0.00012952383,-1
G030,G092,-0.00012982555,-1
G067,G019,-0.0001298937,-1
G060,G043,-0.00012989964,-1
G037,G085,-0.0001299008,-1
G060,G068,-0.00012994038,-1
G037,G006,-0.00012995912,-1
G072,G004,-0.00013005627,-1
G036,G083,-0.00013005834,-1
G041,G037,-0.00013011244,-1
G006,G090,-0.00013019134,-1
G056,G019,-0.00013031195,-1
G080,G041,-0.00013031496,-1
G064,G040,-0.00013036221,-1
G040,G022,-0.00013045716,-1
G100,G065,-0.00013046525,-1
G010,G079,-0.0001305264,-1
G063,G065,-0.00013056323,-1
G090,G097,-0.00013060811,-1
G033,G085,-0.00013062927,-1
G031,G095,-0.00013064031,-1
G048,G089,-0.0001307609,-1
G035,G085,-0.00013079988,-1
G068,G021,-0.00013097542,-1
G037,G036,-0.00013100306,-1
G096,G072,-0.00013101654,-1
G072,G058,-0.0001310179,-1
G085,G039,-0.00013113926,-1
G049,G099,-0.00013115707,-1
G023,G017,-0.00013142194,-1
G096,G090,-0.00013155432,-1
G094,G028,-0.00013156838,-1
G065,G067,-0.00013162149,-1
G069,G100,-0.00013169917,-1
G086,G079,-0.00013170102,-1
G075,G036,-0.00013171085,-1
G081,G023,-0.00013177794,-1
G049,G022,-0.0001318759,-1
G019,G004,-0.00013193609,-1
G093,G055,-0.00013199565,-1
G003,G031,-0.00013222602,-1
G091,G099,-0.00013229,-1
G003,G055,-0.00013232123,-1
G086,G017,-0.00013242241,-1
G093,G038,-0.000132429,-1
G049,G057,-0.00013244507,-1
G065,G066,-0.00013256774,-1
G090,G023,-0.00013257106,-1
G044,G034,-0.00013259078,-1
G004,G005,-0.00013264558,-1
G069,G016,-0.00013264694,-1
G005,G015,-0.00013290535,-1
G085,G083,-0.0001329597,-1
G076,G057,-0.00013306382,-1
G040,G051,-0.00013309738,-1
G007,G080,-0.0001331646,-1
G010,G035,-0.00013316773,-1
G074,G043,-0.00013328003,-1
G048,G099,-0.00013335898,-1
G067,G044,-0.00013337233,-1
G081,G099,-0.00013352865,-1
G031,G042,-0.00013366797,-1
G080,G074,-0.0001337215,-1
G066,G022,-0.00013372286,-1
G047,G068,-0.00013374037,-1
G070,G098,-0.00013379817,-1
G002,G081,-0.00013390805,-1
G093,G031,-0.0001339844,-1
G099,G014,-0.00013406032,-1
G100,G074,-0.00013406998,-1
G089,G065,-0.00013416761,-1
G079,G080,-0.00013419025,-1
G072,G022,-0.00013428903,-1
G016,G047,-0.0001344137,-1
G090,G078,-0.00013447522,-1
G066,G055,-0.0001345453,-1
G095,G056,-0.00013461881,-1
G052,G033,-0.00013467726,-1
G049,G065,-0.00013468013,-1
G030,G002,-0.00013470626,-1
G012,G025,-0.00013475494,-1
G038,G080,-0.00013491255,-1
G037,G049,-0.00013500039,-1
G049,G011,-0.00013504032,-1
G090,G075,-0.00013504537,-1
G035,G082,-0.00013514348,-1
G070,G082,-0.00013522929,-1
G022,G093,-0.00013525184,-1
G074,G055,-0.00013532018,-1
G032,G002,-0.00013533702,-1
G041,G049,-0.00013534685,-1
G083,G016,-0.00013545562,-1
G037,G068,-0.00013551832,-1
G036,G087,-0.00013556048,-1
G016,G042,-0.0001355947,-1
G078,G066,-0.00013561781,-1
G040,G088,-0.00013562402,-1
G089,G002,-0.00013564336,-1
G061,G023,-0.00013564742,-1
G018,G055,-0.00013568898,-1
G085,G004,-0.00013580247,-1
G035,G073,-0.00013593826,-1
G024,G068,-0.00013594626,-1
G071,G061,-0.00013598459,-1
G086,G031,-0.00013603129,-1
G093,G033,-0.00013606412,-1
G084,G002,-0.00013609783,-1
G018,G044,-0.00013615988,-1
G089,G056,-0.00013642963,-1
G037,G024,-0.00013669327,-1
G065,G025,-0.00013676342,-1
G081,G066,-0.00013677868,-1
G002,G072,-0.00013678249,-1
G029,G040,-0.00013694803,-1
G096,G048,-0.00013719687,-1
G064,G075,-0.0001372301,-1
G074,G020,-0.00013726062,-1
G048,G055,-0.00013729438,-1
G085,G018,-0.00013730234,-1
G032,G079,-0.00013740317,-1
G079,G072,-0.00013744482,-1
G084,G014,-0.0001375012,-1
G087,G042,-0.00013759012,-1
G056,G098,-0.00013766761,-1
G075,G074,-0.00013771681,-1
G084,G056,-0.00013775658,-1
G053,G041,-0.00013776259,-1
G054,G084,-0.00013780275,-1
G014,G085,-0.00013785965,-1
G040,G027,-0.0001378647,-1
G087,G041,-0.00013790783,-1
G082,G067,-0.00013796923,-1
G085,G099,-0.00013799385,-1
G069,G055,-0.00013799727,-1
G073,G066,-0.00013802487,-1
G031,G049,-0.0001381095,-1
G035,G094,-0.00013813686,-1
G065,G019,-0.000138216,-1
G076,G030,-0.00013824357,-1
G018,G025,-0.00013827633,-1
G071,G041,-0.00013834187,-1
G073,G056,-0.00013839219,-1
G033,G088,-0.00013873984,-1
G062,G040,-0.0001387906,-1
G067,G099,-0.00013891202,-1
G046,G092,-0.00013905783,-1
G089,G061,-0.00013906973,-1
G002,G028,-0.00013937638,-1
G037,G027,-0.00013938319,-1
G073,G003,-0.00013949472,-1
G100,G059,-0.00013951315,-1
G091,G065,-0.00013955781,-1
G059,G074,-0.0001396881,-1
G028,G065,-0.00013974524,-1
G096,G076,-0.00013984728,-1
G086,G016,-0.00013992534,-1
G057,G027,-0.00014008836,-1
G012,G036,-0.00014010804,-1
G033,G099,-0.00014019471,-1
G002,G015,-0.00014023554,-1
G059,G072,-0.00014023733,-1
G069,G057,-0.00014024707,-1
G058,G047,-0.00014025888,-1
G092,G073,-0.00014028822,-1
G012,G041,-0.00014029843,-1
G015,G050,-0.0001404397,-1
G020,G017,-0.00014045049,-1
G098,G022,-0.00014045817,-1
G080,G079,-0.00014048813,-1
G088,G018,-0.00014051836,-1
G073,G038,-0.00014062303,-1
G081,G080,-0.00014062822,-1
G043,G074,-0.00014063706,-1
G022,G024,-0.00014065609,-1
G003,G065,-0.00014070526,-1
G021,G081,-0.00014079615,-1
G065,G061,-0.00014088053,-1
G037,G005,-0.00014116238,-1
G058,G083,-0.00014136052,-1
G091,G014,-0.00014136145,-1
G073,G005,-0.00014154406,-1
G016,G055,-0.00014156225,-1
G040,G084,-0.00014157165,-1
G038,G088,-0.00014159926,-1
G046,G056,-0.00014163485,-1
G079,G099,-0.0001416598,-1
G062,G066,-0.00014173904,-1
G092,G083,-0.00014173979,-1
G088,G022,-0.00014176528,-1
G047,G044,-0.00014181744,-1
G063,G018,-0.00014190991,-1
G071,G074,-0.000141956,-1
G066,G023,-0.0001419579,-1
G003,G094,-0.00014210498,-1
G041,G048,-0.0001421367,-1
G037,G025,-0.00014218575,-1
G049,G075,-0.00014236479,-1
G082,G062,-0.0001424011,-1
G017,G007,-0.00014242026,-1
G044,G006,-0.00014244899,-1
G072,G023,-0.00014247658,-1
G048,G062,-0.0001424818,-1
G049,G097,-0.00014261178,-1
G062,G011,-0.00014262418,-1
G036,G040,-0.00014277619,-1
G069,G027,-0.00014278144,-1
G039,G066,-0.00014283237,-1
G017,G099,-0.00014284022,-1
G062,G009,-0.0001428446,-1
G069,G075,-0.00014303027,-1
G013,G061,-0.00014303597,-1
G048,G058,-0.00014304301,-1
G083,G032,-0.00014305396,-1
G078,G055,-0.00014317791,-1
G040,G056,-0.00014329555,-1
G051,G019,-0.00014330618,-1
G074,G080,-0.00014331241,-1
G086,G058,-0.00014336161,-1
G053,G004,-0.00014339927,-1
G015,G094,-0.00014343971,-1
G041,G031,-0.00014346048,-1
G088,G057,-0.00014374306,-1
G016,G036,-0.00014376426,-1
G051,G093,-0.00014382583,-1
G064,G003,-0.00014383552,-1
G080,G055,-0.00014395511,-1
G015,G043,-0.00014396902,-1
G074,G036,-0.00014402949,-1
G077,G092,-0.00014408863,-1
G022,G051,-0.0001440925,-1
G046,G095,-0.00014414158,-1
G026,G066,-0.0001441473,-1
G058,G031,-0.00014427476,-1
G027,G033,-0.00014428346,-1
G024,G014,-0.00014431163,-1
G080,G023,-0.00014464786,-1
G061,G077,-0.00014470721,-1
G085,G060,-0.00014471835,-1
G022,G014,-0.00014489361,-1
G029,G048,-0.00014503388,-1
G005,G055,-0.00014503456,-1
G094,G040,-0.00014516817,-1
G047,G072,-0.00014516963,-1
G071,G067,-0.00014520079,-1
G065,G056,-0.00014520939,-1
G084,G092,-0.00014521087,-1
G041,G088,-0.00014525442,-1
G020,G065,-0.00014529463,-1
G061,G086,-0.0001453907,-1
G035,G021,-0.00014543213,-1
G063,G028,-0.00014551231,-1
G005,G027,-0.00014561244,-1
G094,G052,-0.00014561765,-1
G060,G045,-0.00014576972,-1
G063,G004,-0.00014577167,-1
G058,G065,-0.00014578781,-1
G032,G055,-0.00014581242,-1
G009,G094,-0.00014596188,-1
G037,G014,-0.00014602923,-1
G088,G055,-0.00014604077,-1
G011,G084,-0.00014606741,-1
G032,G074,-0.00014622063,-1
G017,G066,-0.00014622083,-1
G053,G047,-0.00014625957,-1
G009,G012,-0.00014626032,-1
G032,G068,-0.00014632249,-1
G028,G044,-0.00014637805,-1
G070,G019,-0.00014649586,-1
G037,G041,-0.00014651318,-1
G064,G070,-0.00014652249,-1
G042,G065,-0.00014654286,-1
G041,G005,-0.00014658699,-1
G069,G011,-0.00014668758,-1
G020,G084,-0.00014670016,-1
G016,G004,-0.00014671625,-1
G017,G027,-0.00014683945,-1
G001,G044,-0.00014688472,-1
G084,G085,-0.00014690508,-1
G089,G048,-0.00014708989,-1
G020,G019,-0.00014716187,-1
G017,G064,-0.00014725812,-1
G089,G040,-0.00014726995,-1
G087,G097,-0.00014727704,-1
G079,G068,-0.00014728538,-1
G074,G082,-0.00014745024,-1
G082,G024,-0.00014750844,-1
G062,G026,-0.00014752054,-1
G076,G042,-0.00014760542,-1
G082,G016,-0.00014766592,-1
G025,G091,-0.00014771894,-1
G032,G042,-0.0001477312,-1
G086,G045,-0.00014774101,-1
G098,G036,-0.00014776428,-1
G073,G004,-0.00014783491,-1
G003,G068,-0.00014787802,-1
G086,G014,-0.0001478881,-1
G090,G095,-0.0001479496,-1
G001,G059,-0.0001480101,-1
G039,G011,-0.00014810871,-1
G024,G019,-0.00014821843,-1
G018,G062,-0.00014825401,-1
G027,G068,-0.0001482752,-1
G015,G083,-0.00014839224,-1
G073,G074,-0.00014850884,-1
G047,G094,-0.0001486626,-1
G048,G061,-0.00014869325,-1
G077,G006,-0.00014879314,-1
G044,G068,-0.00014882385,-1
G033,G035,-0.00014891852,-1
G025,G061,-0.0001489658,-1
G037,G081,-0.00014898957,-1
G017,G072,-0.00014919769,-1
G035,G076,-0.00014919922,-1
G092,G002,-0.00014924291,-1
G097,G004,-0.00014933143,-1
G041,G087,-0.00014938992,-1
G054,G042,-0.00014942292,-1
G089,G019,-0.00014953347,-1
G033,G046,-0.00014969996,-1
G030,G052,-0.0001498466,-1
G028,G052,-0.0001498698,-1
G045,G083,-0.00014987546,-1
G079,G063,-0.00014991744,-1
G083,G046,-0.00014997083,-1
G087,G051,-0.00015009198,-1
G056,G041,-0.0001501187,-1
G040,G079,-0.00015022654,-1
G045,G051,-0.0001503188,-1
G076,G011,-0.00015033777,-1
G073,G068,-0.00015034655,-1
G048,G004,-0.00015037635,-1
G015,G066,-0.0001504096,-1
G052,G001,-0.00015079338,-1
G054,G059,-0.00015082097,-1
G010,G072,-0.0001508474,-1
G051,G041,-0.00015097487,-1
G025,G004,-0.0001510233,-1
G041,G061,-0.00015107222,-1
G035,G077,-0.00015120591,-1
G071,G042,-0.00015127244,-1
G086,G025,-0.00015145126,-1
G088,G075,-0.00015150968,-1
G052,G070,-0.00015152631,-1
G032,G020,-0.00015165744,-1
G030,G017,-0.00015186581,-1
G076,G018,-0.00015189285,-1
G008,G061,-0.00015189382,-1
G051,G052,-0.00015206927,-1
G084,G033,-0.000152077,-1
G055,G030,-0.00015216415,-1
G057,G064,-0.00015218169,-1
G048,G011,-0.00015238326,-1
G033,G023,-0.00015248568,-1
G027,G080,-0.00015271213,-1
G082,G095,-0.00015272334,-1
G064,G091,-0.00015274047,-1
G012,G034,-0.00015277795,-1
G053,G051,-0.00015278776,-1
G003,G042,-0.00015300406,-1
G097,G021,-0.00015306093,-1
G053,G007,-0.00015310395,-1
G016,G059,-0.00015313184,-1
G045,G061,-0.00015322279,-1
G029,G022,-0.00015333934,-1
G038,G065,-0.00015334033,-1
G029,G021,-0.00015334508,-1
G085,G034,-0.00015336636,-1
G033,G084,-0.00015339814,-1
G044,G029,-0.0001534065,-1
G071,G099,-0.00015368774,-1
G042,G090,-0.00015391692,-1
G040,G003,-0.00015416616,-1
G071,G084,-0.00015417398,-1
G091,G051,-0.00015419423,-1
G085,G079,-0.00015440224,-1
G091,G055,-0.00015442465,-1
G029,G044,-0.00015444568,-1
G100,G060,-0.00015448737,-1
G050,G046,-0.00015451405,-1
G073,G006,-0.00015454485,-1
G062,G032,-0.00015457057,-1
G083,G055,-0.00015457068,-1
G015,G076,-0.00015470397,-1
G007,G067,-0.00015472164,-1
G083,G070,-0.00015481157,-1
G047,G018,-0.00015516645,-1
G067,G047,-0.00015523749,-1
G001,G067,-0.00015523961,-1
G048,G081,-0.00015527468,-1
G059,G004,-0.00015531458,-1
G018,G047,-0.00015531517,-1
G090,G071,-0.00015534941,-1
G029,G089,-0.00015555933,-1
G079,G052,-0.00015566738,-1
G063,G055,-0.00015579887,-1
G060,G061,-0.00015591572,-1
G074,G022,-0.00015591986,-1
G048,G095,-0.00015594305,-1
G006,G022,-0.00015594324,-1
G085,G078,-0.00015602061,-1
G047,G005,-0.00015617393,-1
G031,G035,-0.00015619582,-1
G069,G030,-0.00015631622,-1
G021,G041,-0.00015637481,-1
G099,G067,-0.00015653136,-1
G083,G033,-0.0001566019,-1
G084,G066,-0.00015662034,-1
G048,G067,-0.0001567737,-1
G014,G079,-0.00015697586,-1
G087,G096,-0.00015699433,-1
G082,G051,-0.00015715786,-1
G029,G051,-0.00015721918,-1
G012,G032,-0.00015728809,-1
G018,G077,-0.00015732774,-1
G080,G036,-0.00015755185,-1
G035,G034,-0.000157635,-1
G035,G060,-0.00015765613,-1
G046,G006,-0.00015785094,-1
G098,G065,-0.00015789208,-1
G076,G028,-0.00015827501,-1
G046,G088,-0.00015829352,-1
G063,G079,-0.00015833323,-1
G042,G073,-0.00015837015,-1
G033,G078,-0.00015839619,-1
G005,G065,-0.0001584254,-1
G089,G031,-0.00015843789,-1
G027,G085,-0.00015844019,-1
G058,G005,-0.00015848759,-1
G099,G060,-0.00015862445,-1
G099,G028,-0.00015865947,-1
G076,G097,-0.00015882339,-1
G040,G068,-0.00015908337,-1
G085,G011,-0.00015920844,-1
G011,G003,-0.0001594157,-1
G060,G021,-0.00015942146,-1
G074,G089,-0.00015957774,-1
G035,G048,-0.00015961476,-1
G098,G025,-0.0001596594,-1
G069,G041,-0.0001596621,-1
G016,G066,-0.00015996309,-1
G072,G074,-0.00015997565,-1
G078,G048,-0.0001601585,-1
G065,G022,-0.00016017958,-1
G050,G048,-0.0001602588,-1
G029,G041,-0.00016042696,-1
G028,G039,-0.00016054684,-1
G093,G028,-0.00016069286,-1
G036,G057,-0.00016069344,-1
G063,G060,-0.00016070585,-1
G032,G065,-0.00016104964,-1
G002,G042,-0.00016106936,-1
G068,G081,-0.0001610832,-1
G069,G053,-0.00016110667,-1
G035,G022,-0.00016110987,-1
G073,G088,-0.00016112252,-1
G005,G072,-0.00016121044,-1
G090,G073,-0.00016128022,-1
G073,G041,-0.00016154065,-1
G018,G021,-0.00016166174,-1
G039,G001,-0.00016175813,-1
G013,G006,-0.00016184367,-1
G032,G017,-0.00016192024,-1
G076,G063,-0.00016200126,-1
G034,G053,-0.00016209196,-1
G042,G098,-0.00016212043,-1
G047,G086,-0.00016215812,-1
G073,G099,-0.00016219182,-1
G023,G006,-0.00016219904,-1
G007,G072,-0.00016222663,-1
G037,G084,-0.00016237175,-1
G043,G099,-0.00016239536,-1
G026,G077,-0.00016266764,-1
G031,G052,-0.00016280907,-1
G049,G067,-0.00016282701,-1
G057,G013,-0.00016285841,-1
G029,G036,-0.00016289346,-1
G075,G021,-0.00016294025,-1
G028,G072,-0.00016295942,-1
G018,G016,-0.0001630955,-1
G004,G051,-0.00016312426,-1
G036,G045,-0.0001631686,-1
G085,G086,-0.00016319973,-1
G089,G098,-0.00016320095,-1
G098,G055,-0.00016324173,-1
G091,G081,-0.00016325818,-1
G015,G016,-0.00016340245,-1
G061,G056,-0.00016352559,-1
G090,G049,-0.00016358857,-1
G052,G057,-0.00016361772,-1
G081,G056,-0.00016365532,-1
G071,G046,-0.00016380643,-1
G013,G047,-0.0001638447,-1
G100,G022,-0.00016396273,-1
G004,G099,-0.00016398654,-1
G027,G095,-0.0001639866,-1
G051,G073,-0.00016416889,-1
G096,G019,-0.00016441158,-1
G092,G093,-0.00016448066,-1
G075,G072,-0.00016450603,-1
G068,G019,-0.00016475582,-1
G033,G057,-0.0001648023,-1
G064,G087,-0.00016483518,-1
G072,G082,-0.00016487637,-1
G047,G088,-0.0001648815,-1
G081,G033,-0.00016498736,-1
G004,G093,-0.0001651206,-1
G071,G019,-0.00016531342,-1
G042,G045,-0.00016545685,-1
G070,G066,-0.00016546929,-1
G013,G022,-0.00016552712,-1
G073,G042,-0.00016553399,-1
G058,G011,-0.00016553505,-1
G011,G045,-0.00016560763,-1
G063,G005,-0.00016563153,-1
G062,G091,-0.00016565374,-1
G042,G021,-0.00016567584,-1
G080,G025,-0.00016579415,-1
G067,G081,-0.00016587671,-1
G027,G074,-0.0001659536,-1
G063,G061,-0.00016610227,-1
G096,G036,-0.00016611327,-1
G084,G019,-0.00016612609,-1
G032,G052,-0.00016617372,-1
G084,G003,-0.00016618124,-1
G012,G061,-0.00016636493,-1
G007,G023,-0.00016639546,-1
G045,G041,-0.00016645319,-1
G035,G019,-0.00016656089,-1
G082,G022,-0.00016660988,-1
G094,G055,-0.00016668496,-1
G003,G066,-0.00016680254,-1
G037,G093,-0.00016685689,-1
G018,G067,-0.00016696648,-1
G057,G016,-0.00016697921,-1
G086,G085,-0.00016702553,-1
G015,G006,-0.00016707173,-1
G033,G030,-0.0001671514,-1
G036,G006,-0.00016717825,-1
G071,G028,-0.00016728911,-1
G091,G092,-0.00016741865,-1
G082,G048,-0.0001674417,-1
G051,G043,-0.00016757232,-1
G021,G062,-0.00016769169,-1
G048,G079,-0.00016770446,-1
G047,G061,-0.00016786307,-1
G038,G098,-0.00016787063,-1
G040,G077,-0.00016787507,-1
G067,G024,-0.00016788216,-1
G087,G048,-0.00016800067,-1
G054,G067,-0.00016820105,-1
G096,G012,-0.00016825652,-1
G066,G053,-0.00016827376,-1
G046,G033,-0.00016838075,-1
G098,G048,-0.00016844015,-1
G022,G026,-0.00016853712,-1
G073,G043,-0.00016861664,-1
G054,G072,-0.00016875262,-1
G094,G049,-0.00016884827,-1
G095,G081,-0.00016891207,-1
G039,G062,-0.00016893484,-1
G093,G022,-0.00016897566,-1
G021,G031,-0.00016897869,-1
G042,G067,-0.0001689803,-1
G039,G074,-0.0001690239,-1
G001,G028,-0.00016908474,-1
G016,G051,-0.00016912443,-1
G045,G048,-0.00016916645,-1
G083,G099,-0.00016924816,-1
G084,G089,-0.00016932545,-1
G075,G017,-0.0001693938,-1
G089,G060,-0.00016940307,-1
G099,G039,-0.00016942315,-1
G085,G051,-0.00016945395,-1
G052,G055,-0.0001694864,-1
G098,G077,-0.0001697202,-1
G092,G090,-0.00016983176,-1
G064,G016,-0.00016991001,-1
G081,G042,-0.00017007955,-1
G046,G019,-0.00017021265,-1
G047,G098,-0.0001702933,-1
G060,G036,-0.00017031864,-1
G038,G034,-0.00017032627,-1
G011,G029,-0.00017035632,-1
G067,G068,-0.0001703673,-1
G042,G099,-0.00017038659,-1
G020,G036,-0.00017039123,-1
G002,G046,-0.00017043552,-1
G049,G042,-0.00017043909,-1
G089,G085,-0.00017045524,-1
G042,G014,-0.00017055763,-1
G067,G029,-0.00017056585,-1
G008,G042,-0.00017065262,-1
G037,G099,-0.00017066044,-1
G029,G016,-0.00017069686,-1
G015,G084,-0.00017083838,-1
G042,G088,-0.00017121594,-1
G070,G065,-0.00017132862,-1
G072,G025,-0.00017147162,-1
G060,G059,-0.00017151641,-1
G062,G020,-0.00017152488,-1
G049,G077,-0.00017154322,-1
G042,G093,-0.0001715742,-1
G008,G006,-0.0001716628,-1
G092,G084,-0.00017167571,-1
G037,G055,-0.00017168083,-1
G036,G068,-0.00017177785,-1
G093,G046,-0.00017179125,-1
G070,G099,-0.00017187044,-1
G028,G023,-0.0001719445,-1
G007,G061,-0.00017194776,-1
G084,G078,-0.00017198709,-1
G085,G031,-0.0001720088,-1
G064,G037,-0.0001720329,-1
G055,G088,-0.00017209987,-1
G030,G072,-0.00017218721,-1
G045,G093,-0.00017224459,-1
G087,G019,-0.00017228181,-1
G052,G098,-0.00017231355,-1
G080,G047,-0.00017235376,-1
G038,G049,-0.00017236486,-1
G050,G047,-0.00017247845,-1
G035,G045,-0.00017263179,-1
G091,G016,-0.00017267205,-1
G031,G057,-0.00017270923,-1
G078,G067,-0.00017271489,-1
G027,G017,-0.00017284669,-1
G027,G086,-0.00017295252,-1
G078,G025,-0.00017296936,-1
G025,G043,-0.0001730583,-1
G069,G044,-0.00017307552,-1
G067,G021,-0.00017309506,-1
G097,G006,-0.00017319842,-1
G091,G025,-0.00017320743,-1
G083,G098,-0.00017323681,-1
G097,G053,-0.00017330992,-1
G085,G024,-0.00017336365,-1
G038,G086,-0.00017345416,-1
G038,G076,-0.0001734984,-1
G097,G016,-0.00017365393,-1
G090,G004,-0.00017375856,-1
G056,G074,-0.00017378294,-1
G007,G042,-0.00017379223,-1
G008,G098,-0.00017383494,-1
G088,G024,-0.00017387803,-1
G096,G042,-0.00017396118,-1
G058,G086,-0.00017399262,-1
G029,G033,-0.00017444557,-1
G019,G093,-0.00017467933,-1
G014,G020,-0.00017468636,-1
G054,G023,-0.00017483771,-1
G099,G074,-0.00017485299,-1
G043,G051,-0.00017496702,-1
G033,G031,-0.00017503006,-1
G014,G015,-0.00017505087,-1
G045,G067,-0.00017507322,-1
G085,G050,-0.00017512197,-1
G001,G079,-0.00017514553,-1
G049,G072,-0.00017525362,-1
G033,G045,-0.00017529298,-1
G041,G051,-0.00017541618,-1
G028,G021,-0.00017558874,-1
G092,G025,-0.00017565518,-1
G051,G056,-0.00017572456,-1
G045,G036,-0.00017575685,-1
G053,G061,-0.00017579496,-1
G007,G012,-0.0001757963,-1
G077,G023,-0.0001758877,-1
G072,G079,-0.00017588817,-1
G060,G006,-0.00017591722,-1
G070,G092,-0.0001759405,-1
G055,G027,-0.0001759586,-1
G027,G069,-0.0001759627,-1
G044,G066,-0.00017597637,-1
G088,G021,-0.00017609262,-1
G013,G025,-0.0001761888,-1
G086,G073,-0.00017623512,-1
G024,G022,-0.00017635454,-1
G007,G019,-0.00017635619,-1
G099,G050,-0.00017660223,-1
G053,G042,-0.0001767992,-1
G061,G084,-0.00017705181,-1
G029,G057,-0.0001770645,-1
G080,G005,-0.0001771536,-1
G057,G043,-0.00017717593,-1
G073,G047,-0.00017741403,-1
G090,G006,-0.0001775504,-1
G100,G072,-0.00017760365,-1
G048,G005,-0.0001779528,-1
G029,G054,-0.00017807233,-1
G079,G075,-0.00017807282,-1
G099,G055,-0.00017834886,-1
G050,G022,-0.0001787448,-1
G045,G024,-0.0001788353,-1
G071,G047,-0.0001789541,-1
G087,G082,-0.00017902553,-1
G088,G073,-0.00017904196,-1
G050,G055,-0.00017924332,-1
G039,G022,-0.0001792502,-1
G005,G099,-0.00017935813,-1
G017,G026,-0.00017943076,-1
G098,G042,-0.0001794792,-1
G099,G043,-0.00017954952,-1
G084,G088,-0.0001795668,-1
G095,G077,-0.00017963907,-1
G058,G043,-0.00017972093,-1
G078,G056,-0.00017980562,-1
G073,G061,-0.00017989948,-1
G076,G053,-0.00017991729,-1
G089,G058,-0.00017999095,-1
G094,G091,-0.00018007992,-1
G091,G021,-0.00018017142,-1
G037,G061,-0.000180235,-1
G045,G060,-0.00018026172,-1
G045,G006,-0.00018032781,-1
G097,G011,-0.00018039526,-1
G049,G069,-0.00018055316,-1
G011,G019,-0.00018071558,-1
G088,G092,-0.00018097337,-1
G089,G023,-0.00018102644,-1
G069,G074,-0.00018109956,-1
G088,G048,-0.00018117379,-1
G049,G083,-0.00018136349,-1
G003,G060,-0.00018143497,-1
G052,G016,-0.00018145039,-1
G058,G051,-0.00018150985,-1
G008,G025,-0.00018154999,-1
G084,G099,-0.00018166476,-1
G058,G061,-0.00018178768,-1
G061,G088,-0.00018182499,-1
G061,G060,-0.0001819921,-1
G069,G014,-0.00018226652,-1
G032,G083,-0.00018232851,-1
G062,G022,-0.00018255004,-1
G018,G017,-0.00018283437,-1
G074,G033,-0.00018285424,-1
G025,G068,-0.00018301653,-1
G060,G097,-0.00018320672,-1
G015,G045,-0.00018321724,-1
G099,G002,-0.00018326427,-1
G053,G043,-0.00018329656,-1
G071,G065,-0.00018335192,-1
G098,G002,-0.00018336318,-1
G058,G019,-0.00018343137,-1
G016,G072,-0.00018347867,-1
G058,G078,-0.00018347995,-1
G045,G019,-0.00018348268,-1
G097,G072,-0.00018358446,-1
G046,G065,-0.00018359174,-1
G095,G023,-0.00018360816,-1
G069,G062,-0.0001840752,-1
G038,G083,-0.00018407806,-1
G097,G024,-0.00018410537,-1
G085,G003,-0.00018418032,-1
G041,G022,-0.00018418462,-1
G078,G074,-0.00018422819,-1
G032,G093,-0.00018431937,-1
G090,G031,-0.00018440884,-1
G016,G079,-0.00018444298,-1
G084,G047,-0.00018485411,-1
G003,G081,-0.0001851986,-1
G047,G019,-0.0001852998,-1
G094,G004,-0.00018536721,-1
G088,G026,-0.00018537443,-1
G070,G044,-0.00018554814,-1
G054,G040,-0.00018555607,-1
G070,G089,-0.00018561244,-1
G083,G019,-0.00018563111,-1
G070,G056,-0.00018569498,-1
G015,G022,-0.000185831,-1
G021,G010,-0.00018594599,-1
G046,G021,-0.00018596087,-1
G089,G004,-0.00018619707,-1
G011,G043,-0.00018624433,-1
G090,G010,-0.00018624625,-1
G096,G025,-0.0001864196,-1
G015,G056,-0.00018649176,-1
G008,G067,-0.00018651772,-1
G052,G073,-0.00018668533,-1
G067,G051,-0.00018676918,-1
G100,G099,-0.00018681536,-1
G059,G007,-0.00018681819,-1
G015,G014,-0.00018686701,-1
G017,G023,-0.00018694613,-1
G097,G068,-0.0001870085,-1
G098,G005,-0.00018702651,-1
G088,G041,-0.00018703632,-1
G075,G079,-0.0001871511,-1
G027,G006,-0.00018719761,-1
G035,G016,-0.0001872214,-1
G053,G065,-0.00018734242,-1
G098,G043,-0.000187421,-1
G059,G030,-0.00018743491,-1
G058,G072,-0.00018743618,-1
G061,G074,-0.00018763315,-1
G017,G078,-0.00018778721,-1
G050,G060,-0.00018783993,-1
G067,G088,-0.00018789836,-1
G097,G055,-0.0001879113,-1
G012,G067,-0.00018791971,-1
G072,G084,-0.00018794436,-1
G087,G070,-0.0001881181,-1
G092,G095,-0.00018813187,-1
G081,G068,-0.0001881354,-1
G047,G006,-0.00018830436,-1
G017,G085,-0.00018835408,-1
G092,G022,-0.00018847428,-1
G023,G032,-0.00018857414,-1
G040,G089,-0.00018866645,-1
G036,G024,-0.00018874329,-1
G068,G047,-0.0001887603,-1
G077,G055,-0.00018885657,-1
G057,G067,-0.0001889646,-1
G092,G088,-0.00018916184,-1
G045,G092,-0.00018923504,-1
G029,G081,-0.00018927545,-1
G044,G032,-0.00018928167,-1
G063,G072,-0.00018930875,-1
G016,G021,-0.00018932029,-1
G004,G061,-0.00018933704,-1
G002,G086,-0.00018934204,-1
G095,G002,-0.00018934229,-1
G082,G055,-0.00018935966,-1
G051,G035,-0.00018938073,-1
G048,G024,-0.00018971224,-1
G099,G004,-0.00018974271,-1
G006,G065,-0.00018986136,-1
G048,G093,-0.00018997412,-1
G087,G090,-0.00019002575,-1
G080,G068,-0.00019009935,-1
G085,G023,-0.00019015773,-1
G053,G068,-0.0001903796,-1
G058,G036,-0.00019042999,-1
G089,G021,-0.00019044659,-1
G058,G094,-0.00019047494,-1
G030,G099,-0.0001905539,-1
G079,G023,-0.00019058655,-1
G045,G058,-0.0001906162,-1
G028,G079,-0.0001906472,-1
G091,G054,-0.0001906695,-1
G087,G034,-0.00019070298,-1
G070,G068,-0.00019071846,-1
G040,G011,-0.00019073571,-1
G077,G044,-0.00019073705,-1
G094,G067,-0.00019073782,-1
G071,G089,-0.00019096915,-1
G016,G023,-0.00019108162,-1
G036,G056,-0.00019118146,-1
G074,G061,-0.00019119732,-1
G013,G046,-0.0001912131,-1
G002,G078,-0.00019128868,-1
G056,G055,-0.00019149522,-1
G091,G068,-0.00019160433,-1
G050,G042,-0.00019168871,-1
G083,G047,-0.00019173406,-1
G098,G059,-0.00019179725,-1
G016,G087,-0.00019198545,-1
G029,G078,-0.00019208167,-1
G071,G055,-0.00019208368,-1
G099,G061,-0.00019213361,-1
G001,G019,-0.00019216294,-1
G075,G016,-0.00019226337,-1
G045,G081,-0.00019263869,-1
G024,G036,-0.00019271053,-1
G022,G055,-0.00019273936,-1
G031,G053,-0.00019286164,-1
G036,G072,-0.00019289822,-1
G045,G047,-0.00019303552,-1
G068,G074,-0.00019312174,-1
G088,G019,-0.0001932869,-1
G088,G036,-0.00019346453,-1
G006,G053,-0.00019376092,-1
G010,G038,-0.00019394472,-1
G039,G033,-0.00019423924,-1
G021,G065,-0.00019427075,-1
G009,G061,-0.00019446787,-1
G094,G087,-0.00019461535,-1
G089,G088,-0.00019473524,-1
G045,G055,-0.00019477303,-1
G039,G090,-0.00019486058,-1
G041,G059,-0.00019488238,-1
G096,G024,-0.0001949836,-1
G065,G098,-0.00019503765,-1
G093,G030,-0.00019510827,-1
G082,G084,-0.00019513766,-1
G031,G084,-0.00019543937,-1
G029,G042,-0.00019558487,-1
G097,G082,-0.00019575088,-1
G093,G090,-0.00019579072,-1
G024,G043,-0.00019582844,-1
G048,G043,-0.00019618717,-1
G027,G078,-0.00019624057,-1
G097,G093,-0.00019651464,-1
G076,G084,-0.00019661488,-1
G087,G046,-0.00019663663,-1
G048,G041,-0.0001967135,-1
G090,G005,-0.00019671697,-1
G045,G043,-0.0001969581,-1
G028,G096,-0.00019695854,-1
G027,G018,-0.00019696208,-1
G083,G042,-0.00019697151,-1
G050,G093,-0.00019702471,-1
G021,G089,-0.00019715336,-1
G060,G093,-0.00019717659,-1
G068,G060,-0.00019721065,-1
G004,G077,-0.00019722951,-1
G096,G022,-0.00019754354,-1
G028,G099,-0.00019763295,-1
G095,G028,-0.00019774424,-1
G089,G059,-0.00019777377,-1
G069,G087,-0.00019785203,-1
G063,G021,-0.00019789518,-1
G011,G018,-0.00019789653,-1
G099,G042,-0.00019796737,-1
G025,G006,-0.00019798047,-1
G056,G023,-0.00019801063,-1
G044,G064,-0.00019805238,-1
G093,G004,-0.0001980566,-1
G100,G047,-0.00019832385,-1
G094,G096,-0.00019840339,-1
G039,G084,-0.00019841577,-1
G031,G004,-0.00019859987,-1
G032,G036,-0.00019862351,-1
G099,G036,-0.00019880556,-1
G095,G051,-0.00019882814,-1
G100,G021,-0.00019883667,-1
G082,G088,-0.00019884418,-1
G083,G062,-0.0001990597,-1
G070,G085,-0.000199064,-1
G079,G073,-0.0001991036,-1
G080,G004,-0.00019918988,-1
G004,G067,-0.00019919868,-1
G066,G047,-0.00019924418,-1
G018,G068,-0.00019927688,-1
G036,G018,-0.00019933254,-1
G035,G061,-0.00019933587,-1
G016,G022,-0.000199337,-1
G069,G042,-0.00019937505,-1
G091,G060,-0.00019938574,-1
G097,G036,-0.00019941729,-1
G040,G028,-0.00019947735,-1
G008,G047,-0.0001997366,-1
G070,G045,-0.00019977831,-1
G031,G018,-0.00019980768,-1
G091,G002,-0.00019981283,-1
G066,G065,-0.00019989915,-1
G035,G033,-0.00019996012,-1
G005,G022,-0.00020020634,-1
G009,G092,-0.00020030672,-1
G001,G081,-0.00020036308,-1
G015,G085,-0.0002004994,-1
G065,G092,-0.00020057894,-1
G054,G058,-0.00020069552,-1
G048,G065,-0.00020079908,-1
G011,G062,-0.00020081717,-1
G052,G037,-0.00020085025,-1
G072,G068,-0.0002009439,-1
G095,G014,-0.00020095642,-1
G022,G085,-0.00020096624,-1
G038,G055,-0.00020126296,-1
G075,G080,-0.00020133483,-1
G088,G085,-0.00020135708,-1
G028,G035,-0.00020140539,-1
G042,G024,-0.00020141223,-1
G016,G001,-0.00020153743,-1
G069,G083,-0.00020171163,-1
G097,G023,-0.0002018549,-1
G056,G094,-0.00020185526,-1
G025,G023,-0.00020189122,-1
G057,G076,-0.0002020731,-1
G050,G056,-0.00020212877,-1
G099,G033,-0.00020212942,-1
G080,G089,-0.00020215551,-1
G052,G011,-0.00020221905,-1
G069,G004,-0.00020229566,-1
G004,G020,-0.0002024359,-1
G076,G056,-0.00020246184,-1
G099,G022,-0.00020247212,-1
G064,G044,-0.00020258568,-1
G087,G065,-0.00020271781,-1
G015,G078,-0.00020295376,-1
G032,G061,-0.00020301699,-1
G041,G055,-0.00020331042,-1
G100,G055,-0.00020342105,-1
G069,G023,-0.0002035148,-1
G050,G043,-0.00020353393,-1
G061,G033,-0.00020354269,-1
G066,G099,-0.0002035918,-1
G069,G078,-0.00020361146,-1
G021,G085,-0.00020365507,-1
G035,G062,-0.00020374243,-1
G031,G039,-0.00020392536,-1
G029,G019,-0.00020393592,-1
G018,G035,-0.00020393598,-1
G031,G046,-0.00020396936,-1
G036,G023,-0.0002040522,-1
G005,G042,-0.0002040532,-1
G072,G019,-0.00020410918,-1
G082,G091,-0.00020413437,-1
G079,G087,-0.00020414716,-1
G039,G044,-0.00020416075,-1
G064,G004,-0.00020419841,-1
G037,G060,-0.0002042047,-1
G040,G046,-0.00020427413,-1
G007,G073,-0.00020446048,-1
G043,G056,-0.00020450584,-1
G039,G016,-0.00020465063,-1
G023,G065,-0.00020472934,-1
G088,G051,-0.0002047444,-1
G065,G041,-0.00020474894,-1
G035,G092,-0.00020482065,-1
G027,G043,-0.00020485246,-1
G041,G094,-0.00020485914,-1
G024,G074,-0.00020500072,-1
G089,G092,-0.00020503395,-1
G052,G006,-0.00020509314,-1
G085,G058,-0.00020524577,-1
G042,G041,-0.00020525741,-1
G083,G061,-0.00020526144,-1
G064,G098,-0.00020538186,-1
G050,G004,-0.00020555545,-1
G081,G021,-0.00020575251,-1
G075,G044,-0.00020578798,-1
G070,G086,-0.00020586458,-1
G029,G061,-0.0002058975,-1
G001,G036,-0.0002060002,-1
G030,G062,-0.000206005,-1
G017,G004,-0.00020616471,-1
G085,G021,-0.00020647883,-1
G015,G065,-0.00020655214,-1
G096,G065,-0.00020667541,-1
G091,G047,-0.00020680421,-1
G092,G051,-0.000206896,-1
G080,G037,-0.00020693889,-1
G082,G035,-0.00020717282,-1
G038,G074,-0.00020726657,-1
G088,G072,-0.00020729325,-1
G089,G077,-0.00020790582,-1
G050,G041,-0.00020792446,-1
G095,G092,-0.000207948,-1
G077,G005,-0.00020803306,-1
G046,G086,-0.00020811625,-1
G028,G042,-0.00020814009,-1
G008,G048,-0.00020837807,-1
G071,G024,-0.00020841595,-1
G043,G072,-0.00020853276,-1
G042,G063,-0.00020867652,-1
G085,G049,-0.00020890628,-1
G099,G005,-0.00020891683,-1
G036,G022,-0.00020892573,-1
G043,G060,-0.0002089358,-1
G045,G077,-0.00020900724,-1
G015,G099,-0.00020911267,-1
G028,G020,-0.00020930525,-1
G043,G068,-0.00020938125,-1
G036,G055,-0.00020947593,-1
G081,G094,-0.00020962105,-1
G037,G074,-0.00020976095,-1
G017,G061,-0.00020983,-1
G033,G048,-0.00020994201,-1
G065,G047,-0.00021035036,-1
G065,G055,-0.00021036202,-1
G077,G100,-0.00021045753,-1
G082,G079,-0.00021045818,-1
G097,G003,-0.00021051984,-1
G086,G065,-0.0002105469,-1
G040,G041,-0.00021092269,-1
G009,G080,-0.00021092348,-1
G054,G092,-0.00021120984,-1
G042,G085,-0.00021125833,-1
G089,G047,-0.00021127042,-1
G096,G053,-0.00021141914,-1
G035,G023,-0.00021149156,-1
G021,G060,-0.0002114919,-1
G075,G071,-0.0002115332,-1
G040,G024,-0.00021155602,-1
G016,G061,-0.00021161514,-1
G044,G023,-0.00021164266,-1
G051,G068,-0.00021167262,-1
G076,G026,-0.00021175118,-1
G076,G037,-0.00021180783,-1
G074,G097,-0.00021185791,-1
G039,G006,-0.00021187587,-1
G026,G041,-0.00021199048,-1
G015,G061,-0.00021210448,-1
G055,G080,-0.00021215876,-1
G040,G067,-0.00021217568,-1
G036,G021,-0.00021253093,-1
G090,G096,-0.00021256741,-1
G024,G021,-0.00021258269,-1
G081,G031,-0.0002126974,-1
G049,G029,-0.00021299509,-1
G075,G042,-0.00021303845,-1
G048,G021,-0.00021322916,-1
G061,G079,-0.00021337997,-1
G070,G060,-0.00021346741,-1
G017,G060,-0.00021347089,-1
G035,G099,-0.00021363441,-1
G020,G068,-0.00021390598,-1
G057,G056,-0.0002139406,-1
G047,G077,-0.00021396567,-1
G036,G082,-0.00021407056,-1
G057,G022,-0.00021427596,-1
G069,G040,-0.00021436294,-1
G052,G053,-0.00021447251,-1
G070,G081,-0.00021454378,-1
G043,G059,-0.00021464682,-1
G078,G061,-0.00021479162,-1
G054,G089,-0.00021480593,-1
G028,G013,-0.00021486684,-1
G020,G061,-0.00021507459,-1
G015,G074,-0.00021525715,-1
G066,G082,-0.00021525891,-1
G012,G064,-0.00021545152,-1
G043,G081,-0.00021548432,-1
G027,G014,-0.0002155094,-1
G003,G077,-0.00021553913,-1
G082,G031,-0.00021559277,-1
G074,G092,-0.00021585365,-1
G057,G066,-0.00021592107,-1
G090,G051,-0.00021599692,-1
G090,G092,-0.00021600134,-1
G012,G081,-0.00021605502,-1
G075,G092,-0.00021611429,-1
G008,G068,-0.0002163557,-1
G003,G098,-0.00021641837,-1
G026,G090,-0.00021649567,-1
G007,G060,-0.00021650961,-1
G036,G074,-0.00021654609,-1
G040,G091,-0.00021658983,-1
G022,G017,-0.00021669296,-1
G079,G011,-0.00021681737,-1
G028,G047,-0.00021684509,-1
G053,G022,-0.00021699035,-1
G051,G022,-0.00021707917,-1
G028,G074,-0.00021709024,-1
G026,G004,-0.00021716885,-1
G091,G029,-0.00021719083,-1
G076,G025,-0.00021728482,-1
G067,G086,-0.00021744505,-1
G099,G047,-0.00021745442,-1
G079,G031,-0.00021746893,-1
G054,G046,-0.0002174828,-1
G088,G058,-0.00021754736,-1
G058,G021,-0.00021766176,-1
G034,G022,-0.00021767097,-1
G044,G021,-0.00021770773,-1
G033,G015,-0.0002177254,-1
G079,G014,-0.00021779367,-1
G095,G093,-0.00021789508,-1
G074,G098,-0.00021808605,-1
G031,G006,-0.00021849437,-1
G003,G080,-0.00021878254,-1
G057,G051,-0.0002189136,-1
G016,G074,-0.00021904008,-1
G014,G044,-0.00021935484,-1
G062,G064,-0.00021941496,-1
G032,G094,-0.00021950014,-1
G043,G019,-0.0002195659,-1
G026,G021,-0.00021957413,-1
G098,G068,-0.00021977344,-1
G083,G041,-0.0002197811,-1
G015,G082,-0.00022009482,-1
G086,G019,-0.00022011716,-1
G076,G013,-0.00022029887,-1
G045,G086,-0.00022032775,-1
G038,G039,-0.00022038603,-1
G035,G017,-0.00022045808,-1
G057,G032,-0.00022047362,-1
G076,G036,-0.00022052643,-1
G013,G094,-0.00022058995,-1
G037,G047,-0.00022067543,-1
G062,G031,-0.00022097156,-1
G086,G068,-0.00022103934,-1
G035,G051,-0.00022104423,-1
G064,G046,-0.00022104973,-1
G072,G086,-0.00022119447,-1
G089,G057,-0.00022124243,-1
G011,G091,-0.00022149121,-1
G021,G066,-0.00022158219,-1
G088,G077,-0.00022161345,-1
G061,G065,-0.00022166014,-1
G085,G098,-0.00022170975,-1
G020,G093,-0.0002217151,-1
G043,G042,-0.0002217383,-1
G056,G042,-0.00022232393,-1
G021,G088,-0.00022246949,-1
G090,G083,-0.00022247399,-1
G086,G091,-0.00022248355,-1
G011,G021,-0.00022254397,-1
G064,G088,-0.00022258062,-1
G049,G074,-0.00022276748,-1
G095,G041,-0.00022294967,-1
G070,G004,-0.00022300861,-1
G028,G095,-0.00022321414,-1
G088,G042,-0.0002233866,-1
G042,G074,-0.00022347637,-1
G090,G084,-0.00022350436,-1
G041,G023,-0.00022355751,-1
G096,G061,-0.00022358037,-1
G051,G021,-0.00022406805,-1
G001,G068,-0.0002242237,-1
G036,G004,-0.00022429062,-1
G077,G036,-0.00022431267,-1
G069,G026,-0.00022433035,-1
G089,G068,-0.00022449053,-1
G051,G074,-0.00022449947,-1
G081,G028,-0.00022450264,-1
G081,G036,-0.00022465187,-1
G048,G023,-0.0002246551,-1
G052,G071,-0.00022468706,-1
G078,G081,-0.00022474474,-1
G015,G047,-0.0002249604,-1
G099,G023,-0.00022497075,-1
G072,G043,-0.00022506602,-1
G019,G024,-0.0002250855,-1
G066,G076,-0.00022540058,-1
G062,G044,-0.00022547664,-1
G094,G039,-0.00022555982,-1
G063,G042,-0.00022559069,-1
G098,G093,-0.00022576908,-1
G024,G044,-0.00022579673,-1
G039,G063,-0.00022586616,-1
G037,G023,-0.00022593036,-1
G001,G093,-0.0002259895,-1
G090,G074,-0.00022602672,-1
G051,G006,-0.0002260441,-1
G076,G005,-0.00022604981,-1
G038,G019,-0.00022612198,-1
G017,G042,-0.0002262421,-1
G006,G023,-0.00022625353,-1
G024,G055,-0.00022634867,-1
G035,G042,-0.00022643032,-1
G093,G021,-0.00022647205,-1
G069,G091,-0.00022654473,-1
G100,G094,-0.00022654857,-1
G053,G023,-0.00022673394,-1
G008,G055,-0.00022681676,-1
G028,G088,-0.00022692946,-1
G087,G099,-0.00022706455,-1
G074,G066,-0.00022706798,-1
G092,G019,-0.00022710417,-1
G054,G024,-0.00022716937,-1
G084,G059,-0.00022720295,-1
G036,G066,-0.00022726544,-1
G076,G089,-0.00022733543,-1
G006,G077,-0.00022748548,-1
G100,G044,-0.0002274967,-1
G071,G054,-0.00022762013,-1
G095,G043,-0.00022771019,-1
G015,G098,-0.00022777102,-1
G046,G099,-0.00022800428,-1
G096,G044,-0.0002281191,-1
G087,G050,-0.00022829568,-1
G019,G034,-0.00022856312,-1
G092,G054,-0.00022863482,-1
G091,G023,-0.00022865282,-1
G029,G023,-0.00022875854,-1
G006,G021,-0.0002288835,-1
G041,G034,-0.00022905217,-1
G035,G095,-0.0002290665,-1
G054,G088,-0.00022914787,-1
G047,G054,-0.00022937855,-1
G062,G006,-0.00022945766,-1
G042,G068,-0.00022956938,-1
G012,G062,-0.00022963667,-1
G020,G003,-0.00022983081,-1
G069,G022,-0.0002299466,-1
G092,G049,-0.00023035266,-1
G021,G074,-0.00023036466,-1
G086,G088,-0.00023038118,-1
G031,G099,-0.00023042511,-1
G098,G014,-0.00023047402,-1
G035,G072,-0.00023049596,-1
G092,G010,-0.00023062043,-1
G093,G059,-0.00023080611,-1
G068,G093,-0.00023097458,-1
G036,G088,-0.00023115457,-1
G026,G074,-0.00023121887,-1
G018,G058,-0.00023123011,-1
G073,G065,-0.00023125931,-1
G064,G072,-0.00023128554,-1
G021,G047,-0.00023135323,-1
G077,G097,-0.00023149661,-1
G083,G078,-0.00023152702,-1
G098,G060,-0.00023178878,-1
G056,G077,-0.00023180255,-1
G008,G004,-0.00023190219,-1
G099,G068,-0.0002319804,-1
G092,G016,-0.00023202586,-1
G024,G060,-0.000232049,-1
G009,G098,-0.0002324144,-1
G033,G019,-0.00023242478,-1
G032,G014,-0.0002324353,-1
G062,G016,-0.00023247077,-1
G013,G041,-0.00023251279,-1
G070,G003,-0.00023262828,-1
G030,G022,-0.00023268421,-1
G030,G011,-0.00023272987,-1
G044,G090,-0.00023276063,-1
G039,G023,-0.00023291257,-1
G074,G027,-0.00023293469,-1
G052,G074,-0.00023295017,-1
G057,G100,-0.00023303648,-1
G009,G016,-0.00023306538,-1
G060,G047,-0.0002331975,-1
G057,G053,-0.00023320316,-1
G041,G086,-0.00023323052,-1
G063,G019,-0.0002334681,-1
G074,G093,-0.00023350926,-1
G069,G006,-0.00023362524,-1
G091,G019,-0.0002336906,-1
G006,G055,-0.0002337113,-1
G094,G072,-0.00023420961,-1
G024,G042,-0.00023437316,-1
G009,G083,-0.0002344208,-1
G076,G082,-0.00023456333,-1
G092,G036,-0.00023498686,-1
G052,G100,-0.00023502027,-1
G022,G077,-0.00023515911,-1
G038,G059,-0.00023522593,-1
G003,G063,-0.00023524226,-1
G041,G003,-0.00023526588,-1
G091,G026,-0.00023527078,-1
G027,G013,-0.0002354085,-1
G077,G081,-0.00023548228,-1
G076,G088,-0.00023549862,-1
G008,G079,-0.0002355089,-1
G034,G069,-0.00023550917,-1
G036,G028,-0.00023557781,-1
G054,G010,-0.00023566748,-1
G042,G077,-0.00023607971,-1
G074,G044,-0.00023611053,-1
G048,G025,-0.00023611453,-1
G064,G089,-0.00023612202,-1
G012,G054,-0.00023616162,-1
G080,G046,-0.0002362936,-1
G096,G089,-0.00023630334,-1
G065,G021,-0.00023642449,-1
G086,G081,-0.00023649514,-1
G039,G002,-0.00023659959,-1
G064,G053,-0.0002366075,-1
G083,G022,-0.00023682861,-1
G099,G086,-0.00023688594,-1
G031,G086,-0.00023692341,-1
G086,G061,-0.00023713833,-1
G049,G021,-0.00023718987,-1
G002,G079,-0.00023731653,-1
G018,G094,-0.00023743892,-1
G062,G050,-0.00023749364,-1
G065,G051,-0.00023769362,-1
G021,G094,-0.00023775073,-1
G053,G024,-0.00023804716,-1
G001,G072,-0.00023839841,-1
G070,G061,-0.00023850109,-1
G095,G065,-0.0002386436,-1
G015,G086,-0.00023886275,-1
G099,G025,-0.00023887299,-1
G087,G067,-0.00023887926,-1
G089,G093,-0.00023901883,-1
G097,G044,-0.00023939005,-1
G063,G059,-0.0002396463,-1
G086,G024,-0.00023976053,-1
G085,G042,-0.00023984152,-1
G038,G010,-0.00024002849,-1
G008,G060,-0.00024003613,-1
G012,G096,-0.00024011763,-1
G066,G025,-0.00024012425,-1
G046,G004,-0.00024013658,-1
G021,G098,-0.00024013787,-1
G056,G059,-0.00024032939,-1
G048,G074,-0.0002404547,-1
G040,G094,-0.00024047565,-1
G058,G081,-0.00024048588,-1
G080,G061,-0.00024062826,-1
G027,G032,-0.00024067648,-1
G036,G084,-0.00024072074,-1
G015,G041,-0.00024093848,-1
G049,G008,-0.00024103386,-1
G020,G037,-0.00024106905,-1
G040,G086,-0.00024143435,-1
G097,G099,-0.00024148636,-1
G078,G043,-0.00024149501,-1
G085,G074,-0.00024201335,-1
G092,G066,-0.00024203128,-1
G092,G004,-0.00024207523,-1
G088,G040,-0.00024212663,-1
G076,G070,-0.0002421913,-1
G042,G016,-0.00024222195,-1
G043,G023,-0.00024231734,-1
G038,G005,-0.00024237977,-1
G005,G035,-0.00024271187,-1
G073,G048,-0.00024283478,-1
G092,G070,-0.00024283527,-1
G077,G031,-0.00024300026,-1
G072,G044,-0.00024306355,-1
G047,G055,-0.00024326592,-1
G049,G028,-0.00024348561,-1
G039,G054,-0.00024359293,-1
G003,G083,-0.0002438079,-1
G029,G006,-0.0002438233,-1
G082,G061,-0.00024399241,-1
G032,G056,-0.00024422418,-1
G012,G072,-0.0002443864,-1
G010,G065,-0.00024447433,-1
G054,G028,-0.00024449232,-1
G052,G022,-0.00024450728,-1
G039,G065,-0.0002445694,-1
G046,G037,-0.0002446236,-1
G025,G059,-0.0002447915,-1
G088,G005,-0.00024482133,-1
G091,G077,-0.00024482975,-1
G087,G036,-0.00024485978,-1
G028,G009,-0.0002450566,-1
G091,G033,-0.0002451395,-1
G038,G047,-0.00024517905,-1
G071,G023,-0.00024517908,-1
G058,G059,-0.0002452982,-1
G096,G084,-0.00024534523,-1
G024,G056,-0.000245429,-1
G090,G063,-0.00024543045,-1
G039,G093,-0.00024564177,-1
G072,G065,-0.00024596308,-1
G084,G065,-0.0002459675,-1
G071,G043,-0.0002461123,-1
G040,G048,-0.00024620208,-1
G097,G028,-0.00024637103,-1
G048,G044,-0.00024694888,-1
G003,G079,-0.0002470042,-1
G096,G092,-0.00024707202,-1
G009,G095,-0.00024716373,-1
G064,G084,-0.0002471745,-1
G073,G044,-0.00024729766,-1
G084,G081,-0.0002473073,-1
G099,G044,-0.00024731806,-1
G011,G037,-0.0002476067,-1
G097,G042,-0.00024789368,-1
G014,G065,-0.00024803032,-1
G075,G023,-0.00024809595,-1
G049,G081,-0.00024832835,-1
G031,G092,-0.00024841577,-1
G081,G044,-0.0002484981,-1
G018,G079,-0.00024857494,-1
G006,G060,-0.0002486099,-1
G095,G074,-0.00024869526,-1
G097,G065,-0.00024874927,-1
G096,G099,-0.00024876086,-1
G075,G070,-0.00024889703,-1
G052,G083,-0.00024890053,-1
G083,G065,-0.00024894183,-1
G039,G043,-0.0002489996,-1
G090,G043,-0.00024909776,-1
G019,G052,-0.00024917326,-1
G099,G081,-0.00024932003,-1
G035,G047,-0.00024970266,-1
G066,G062,-0.00024973153,-1
G020,G044,-0.00025021273,-1
G094,G084,-0.00025026145,-1
G088,G061,-0.0002504496,-1
G052,G004,-0.00025074245,-1
G071,G093,-0.00025083197,-1
G031,G023,-0.00025084295,-1
G090,G045,-0.0002510189,-1
G050,G068,-0.00025102223,-1
G046,G036,-0.000251058,-1
G076,G014,-0.00025111932,-1
G031,G082,-0.0002512073,-1
G001,G042,-0.00025124403,-1
G029,G043,-0.00025134973,-1
G045,G023,-0.00025148978,-1
G073,G025,-0.00025164566,-1
G046,G016,-0.00025164717,-1
G008,G044,-0.00025167543,-1
G020,G042,-0.0002518255,-1
G052,G050,-0.00025205847,-1
G037,G034,-0.00025232093,-1
G045,G046,-0.00025232387,-1
G097,G096,-0.0002523579,-1
G089,G022,-0.00025253367,-1
G035,G089,-0.00025254,-1
G013,G068,-0.00025264436,-1
G032,G023,-0.00025272075,-1
G095,G094,-0.00025276933,-1
G084,G016,-0.00025297454,-1
G029,G091,-0.00025300475,-1
G069,G001,-0.0002530482,-1
G089,G006,-0.0002530546,-1
G084,G010,-0.00025337285,-1
G081,G004,-0.00025345624,-1
G003,G078,-0.00025350426,-1
G086,G062,-0.0002535994,-1
G026,G044,-0.00025365702,-1
G015,G092,-0.00025375915,-1
G076,G090,-0.0002537973,-1
G076,G096,-0.00025396113,-1
G025,G047,-0.00025405994,-1
G013,G023,-0.00025427417,-1
G063,G044,-0.00025435296,-1
G064,G038,-0.0002544479,-1
G029,G090,-0.00025453058,-1
G035,G067,-0.00025462982,-1
G083,G036,-0.0002546546,-1
G011,G036,-0.0002548189,-1
G074,G085,-0.00025494228,-1
G093,G023,-0.0002549779,-1
G096,G081,-0.00025506996,-1
G045,G059,-0.00025517095,-1
G079,G051,-0.00025521443,-1
G039,G024,-0.00025524118,-1
G019,G041,-0.00025557927,-1
G065,G023,-0.00025575643,-1
G045,G002,-0.00025579648,-1
G081,G047,-0.00025606982,-1
G077,G051,-0.0002561222,-1
G085,G067,-0.00025616452,-1
G087,G094,-0.00025623702,-1
G095,G004,-0.00025649197,-1
G082,G073,-0.00025651694,-1
G086,G043,-0.00025659968,-1
G017,G053,-0.0002566397,-1
G092,G098,-0.00025665227,-1
G038,G090,-0.00025667486,-1
G100,G023,-0.00025668938,-1
G036,G098,-0.0002567422,-1
G066,G041,-0.0002567518,-1
G006,G094,-0.0002568681,-1
G096,G056,-0.00025693636,-1
G028,G078,-0.00025711078,-1
G040,G059,-0.00025722917,-1
G084,G043,-0.000257292,-1
G073,G098,-0.00025729908,-1
G051,G029,-0.0002574708,-1
G033,G025,-0.0002575296,-1
G082,G074,-0.00025778048,-1
G072,G021,-0.0002578386,-1
G049,G030,-0.00025789574,-1
G079,G081,-0.0002579601,-1
G061,G068,-0.00025796986,-1
G099,G065,-0.00025834958,-1
G091,G022,-0.00025846966,-1
G081,G014,-0.00025858384,-1
G076,G081,-0.00025901018,-1
G060,G022,-0.0002591613,-1
G028,G031,-0.0002592007,-1
G087,G084,-0.0002592069,-1
G017,G063,-0.00025926475,-1
G001,G092,-0.00025943096,-1
G029,G077,-0.00025971653,-1
G010,G017,-0.00026004104,-1
G064,G065,-0.00026020166,-1
G028,G100,-0.00026023938,-1
G028,G085,-0.00026025015,-1
G089,G086,-0.00026033173,-1
G056,G085,-0.0002605506,-1
G047,G059,-0.00026062058,-1
G055,G051,-0.00026066793,-1
G052,G084,-0.0002607694,-1
G048,G019,-0.000261073,-1
G071,G015,-0.0002611009,-1
G005,G063,-0.00026110388,-1
G058,G044,-0.00026143182,-1
G078,G014,-0.0002615122,-1
G092,G065,-0.00026160208,-1
G042,G079,-0.00026172254,-1
G043,G021,-0.00026174993,-1
G094,G048,-0.00026193663,-1
G008,G043,-0.00026194137,-1
G034,G080,-0.00026203238,-1
G061,G047,-0.00026203258,-1
G033,G100,-0.00026208573,-1
G069,G019,-0.00026210744,-1
G093,G039,-0.00026231311,-1
G076,G043,-0.00026239044,-1
G096,G059,-0.0002624388,-1
G066,G087,-0.00026257808,-1
G087,G058,-0.00026259644,-1
G100,G081,-0.00026277956,-1
G026,G002,-0.00026291862,-1
G042,G075,-0.0002631067,-1
G061,G099,-0.00026312761,-1
G096,G074,-0.00026326787,-1
G094,G023,-0.00026336056,-1
G088,G086,-0.00026361214,-1
G040,G087,-0.00026386,-1
G051,G044,-0.0002639695,-1
G046,G042,-0.00026401592,-1
G056,G021,-0.0002640881,-1
G078,G093,-0.00026420245,-1
G089,G042,-0.00026445443,-1
G097,G098,-0.0002645102,-1
G054,G095,-0.0002645439,-1
G025,G065,-0.00026454736,-1
G033,G087,-0.00026463298,-1
G071,G077,-0.00026465647,-1
G005,G051,-0.00026468738,-1
G040,G047,-0.00026522522,-1
G024,G004,-0.00026526663,-1
G075,G030,-0.00026531145,-1
G082,G085,-0.00026540304,-1
G084,G041,-0.0002658107,-1
G087,G091,-0.00026624993,-1
G061,G082,-0.0002662622,-1
G040,G036,-0.0002662804,-1
G092,G072,-0.00026639955,-1
G068,G005,-0.0002665089,-1
G054,G025,-0.00026653387,-1
G001,G060,-0.00026684607,-1
G077,G096,-0.00026706737,-1
G061,G036,-0.00026718274,-1
G080,G044,-0.0002672898,-1
G083,G044,-0.000267383,-1
G056,G068,-0.00026739758,-1
G086,G022,-0.00026742095,-1
G097,G058,-0.00026761784,-1
G013,G089,-0.00026797,-1
G026,G089,-0.00026797983,-1
G005,G079,-0.0002682074,-1
G086,G059,-0.0002682873,-1
G085,G059,-0.0002687155,-1
G002,G068,-0.0002687556,-1
G009,G081,-0.00026890356,-1
G082,G072,-0.0002692089,-1
G017,G048,-0.00026935656,-1
G049,G046,-0.00026937347,-1
G041,G053,-0.00026979804,-1
G039,G048,-0.0002698413,-1
G020,G086,-0.00026985773,-1
G003,G085,-0.00026989263,-1
G074,G056,-0.00026995395,-1
G033,G091,-0.0002699951,-1
G033,G043,-0.00027003724,-1
G048,G054,-0.00027012095,-1
G092,G050,-0.00027015348,-1
G051,G086,-0.00027044493,-1
G011,G088,-0.0002708851,-1
G005,G023,-0.00027101813,-1
G064,G067,-0.00027120954,-1
G092,G085,-0.0002712316,-1
G036,G092,-0.0002712575,-1
G038,G087,-0.00027141947,-1
G009,G051,-0.00027145847,-1
G049,G023,-0.00027150483,-1
G092,G046,-0.00027190437,-1
G045,G044,-0.0002719803,-1
G051,G047,-0.00027217655,-1
G052,G009,-0.00027220516,-1
G084,G061,-0.0002723288,-1
G090,G068,-0.00027234078,-1
G020,G059,-0.00027239087,-1
G037,G090,-0.00027244425,-1
G078,G068,-0.00027261238,-1
G003,G067,-0.00027273048,-1
G048,G047,-0.00027295007,-1
G081,G017,-0.00027298846,-1
G086,G077,-0.00027315377,-1
G096,G041,-0.0002732033,-1
G085,G044,-0.00027331975,-1
G046,G023,-0.00027336192,-1
G094,G013,-0.00027342062,-1
G086,G051,-0.0002734631,-1
G087,G063,-0.00027361017,-1
G057,G033,-0.0002738074,-1
G011,G074,-0.00027386952,-1
G053,G074,-0.00027397592,-1
G084,G093,-0.00027447834,-1
G066,G096,-0.00027463443,-1
G097,G078,-0.00027490218,-1
G034,G044,-0.00027533018,-1
G025,G094,-0.00027544808,-1
G098,G023,-0.00027551953,-1
G095,G068,-0.0002755489,-1
G066,G095,-0.00027584317,-1
G036,G096,-0.00027584485,-1
G005,G059,-0.0002758736,-1
G070,G014,-0.00027597236,-1
G020,G077,-0.00027597643,-1
G097,G081,-0.00027612955,-1
G037,G026,-0.0002764292,-1
G030,G063,-0.00027665595,-1
G076,G048,-0.00027679303,-1
G097,G022,-0.00027684597,-1
G092,G074,-0.00027758995,-1
G096,G058,-0.00027765246,-1
G066,G093,-0.0002777716,-1
G044,G074,-0.00027784254,-1
G058,G068,-0.00027787325,-1
G008,G056,-0.00027789507,-1
G064,G099,-0.0002779224,-1
G027,G041,-0.00027795002,-1
G024,G081,-0.00027796093,-1
G078,G022,-0.00027838573,-1
G078,G004,-0.00027846656,-1
G042,G046,-0.00027857418,-1
G076,G080,-0.00027886816,-1
G097,G010,-0.00027896944,-1
G069,G048,-0.00027899112,-1
G049,G047,-0.00027901886,-1
G072,G047,-0.00027935312,-1
G088,G016,-0.00027939302,-1
G012,G074,-0.0002794168,-1
G087,G074,-0.00027948603,-1
G079,G005,-0.000279813,-1
G018,G010,-0.0002799713,-1
G031,G088,-0.00028001983,-1
G032,G077,-0.00028011543,-1
G070,G093,-0.00028053613,-1
G007,G086,-0.00028070045,-1
G069,G063,-0.00028072568,-1
G097,G085,-0.00028096203,-1
G002,G043,-0.00028116474,-1
G037,G042,-0.00028120077,-1
G087,G004,-0.00028123165,-1
G023,G013,-0.00028154504,-1
G078,G079,-0.00028162706,-1
G064,G063,-0.00028173748,-1
G044,G065,-0.0002818096,-1
G094,G092,-0.00028182258,-1
G055,G020,-0.00028192103,-1
G071,G081,-0.00028220468,-1
G092,G048,-0.00028227578,-1
G072,G006,-0.00028250876,-1
G082,G047,-0.00028266755,-1
G033,G007,-0.00028270893,-1
G080,G017,-0.00028275244,-1
G097,G070,-0.00028287325,-1
G051,G023,-0.0002830083,-1
G085,G036,-0.0002830803,-1
G029,G088,-0.00028312366,-1
G090,G098,-0.00028322343,-1
G052,G003,-0.00028323208,-1
G096,G077,-0.00028341217,-1
G045,G068,-0.00028355053,-1
G083,G064,-0.00028363834,-1
G044,G048,-0.00028372693,-1
G066,G086,-0.00028382198,-1
G030,G029,-0.0002840288,-1
G097,G013,-0.00028440967,-1
G040,G093,-0.0002846063,-1
G069,G061,-0.0002847501,-1
G044,G085,-0.00028476326,-1
G083,G060,-0.00028478252,-1
G076,G075,-0.00028481428,-1
G032,G004,-0.000285009,-1
G024,G059,-0.00028537007,-1
G096,G028,-0.00028551935,-1
G038,G025,-0.00028551996,-1
G070,G077,-0.00028584432,-1
G075,G029,-0.0002858533,-1
G017,G081,-0.00028601004,-1
G064,G081,-0.00028631403,-1
G094,G025,-0.00028634464,-1
G069,G046,-0.0002863737,-1
G046,G040,-0.00028652855,-1
G053,G021,-0.00028653664,-1
G048,G028,-0.00028667288,-1
G075,G100,-0.0002870399,-1
G073,G092,-0.000287148,-1
G029,G093,-0.00028717247,-1
G027,G012,-0.00028721849,-1
G017,G065,-0.00028732882,-1
G096,G094,-0.0002873651,-1
G082,G021,-0.00028740556,-1
G055,G052,-0.00028748374,-1
G038,G012,-0.0002876045,-1
G030,G055,-0.00028783726,-1
G067,G094,-0.00028797696,-1
G048,G036,-0.0002881224,-1
G079,G042,-0.0002881426,-1
G066,G039,-0.00028826395,-1
G019,G056,-0.00028831654,-1
G094,G042,-0.0002884097,-1
G071,G094,-0.00028851748,-1
G005,G087,-0.00028859917,-1
G086,G074,-0.00028881917,-1
G080,G028,-0.00028883907,-1
G064,G036,-0.00028897272,-1
G028,G063,-0.00028917668,-1
G072,G036,-0.00028926163,-1
G033,G016,-0.00028929923,-1
G036,G073,-0.00028942924,-1
G087,G031,-0.00028992558,-1
G017,G045,-0.00029015765,-1
G013,G093,-0.0002902374,-1
G033,G018,-0.00029040707,-1
G091,G074,-0.00029094022,-1
G046,G022,-0.0002909542,-1
G001,G047,-0.00029105213,-1
G061,G094,-0.0002912717,-1
G030,G044,-0.00029152658,-1
G038,G016,-0.00029156852,-1
G052,G065,-0.00029166337,-1
G084,G074,-0.00029168825,-1
G089,G067,-0.000291776,-1
G081,G074,-0.00029182842,-1
G073,G014,-0.00029191206,-1
G066,G092,-0.00029203325,-1
G063,G023,-0.00029210775,-1
G083,G014,-0.00029215054,-1
G021,G055,-0.00029270723,-1
G070,G022,-0.00029272863,-1
G016,G044,-0.0002930885,-1
G057,G037,-0.0002931826,-1
G022,G002,-0.00029319193,-1
G097,G077,-0.00029329315,-1
G097,G095,-0.00029330686,-1
G041,G050,-0.00029333273,-1
G081,G090,-0.00029343733,-1
G081,G059,-0.00029349473,-1
G017,G092,-0.00029351475,-1
G080,G042,-0.0002936416,-1
G009,G040,-0.00029369124,-1
G082,G065,-0.00029421347,-1
G009,G038,-0.00029460827,-1
G005,G036,-0.00029467625,-1
G062,G063,-0.0002948519,-1
G001,G043,-0.00029490542,-1
G097,G063,-0.00029506494,-1
G095,G059,-0.00029532646,-1
G031,G040,-0.00029535327,-1
G090,G021,-0.00029563237,-1
G093,G042,-0.00029581963,-1
G046,G074,-0.00029610615,-1
G065,G014,-0.00029617822,-1
G030,G100,-0.0002963422,-1
G047,G028,-0.00029634408,-1
G052,G044,-0.0002964883,-1
G045,G021,-0.00029650828,-1
G036,G042,-0.0002966979,-1
G084,G044,-0.0002969171,-1
G083,G021,-0.00029719147,-1
G017,G084,-0.00029730174,-1
G035,G036,-0.00029759374,-1
G075,G051,-0.0002976702,-1
G022,G060,-0.0002977651,-1
G074,G003,-0.00029793743,-1
G060,G044,-0.00029801813,-1
G061,G043,-0.00029828152,-1
G038,G094,-0.00029831193,-1
G090,G094,-0.00029832366,-1
G093,G061,-0.0002986378,-1
G029,G039,-0.00029916735,-1
G020,G094,-0.00029950574,-1
G046,G014,-0.0002997698,-1
G048,G077,-0.0002998556,-1
G013,G042,-0.00030009123,-1
G031,G067,-0.00030044824,-1
G027,G053,-0.00030048916,-1
G019,G067,-0.00030075008,-1
G097,G031,-0.0003009734,-1
G042,G043,-0.0003010806,-1
G092,G099,-0.00030111286,-1
G074,G077,-0.00030149706,-1
G097,G092,-0.00030161138,-1
G030,G083,-0.00030165416,-1
G047,G043,-0.0003016912,-1
G058,G046,-0.0003017349,-1
G008,G002,-0.00030174686,-1
G049,G024,-0.00030177963,-1
G090,G061,-0.0003026179,-1
G062,G083,-0.00030278254,-1
G086,G011,-0.00030286823,-1
G066,G031,-0.0003033154,-1
G074,G021,-0.0003034157,-1
G008,G072,-0.000303675,-1
G042,G033,-0.0003036799,-1
G090,G088,-0.00030381136,-1
G038,G053,-0.00030384192,-1
G062,G053,-0.00030401873,-1
G078,G065,-0.00030417045,-1
G090,G003,-0.00030424306,-1
G021,G059,-0.00030448675,-1
G041,G043,-0.00030452394,-1
G087,G093,-0.00030469618,-1
G031,G024,-0.00030471146,-1
G011,G001,-0.00030503666,-1
G031,G073,-0.00030515296,-1
G031,G016,-0.0003051756,-1
G045,G065,-0.00030524304,-1
G066,G048,-0.00030551283,-1
G078,G033,-0.00030560826,-1
G033,G028,-0.00030567942,-1
G076,G066,-0.00030570454,-1
G023,G074,-0.00030604558,-1
G069,G099,-0.00030630146,-1
G089,G014,-0.00030638484,-1
G038,G068,-0.00030672125,-1
G097,G089,-0.00030721969,-1
G069,G094,-0.0003073327,-1
G031,G089,-0.00030737367,-1
G088,G084,-0.00030740784,-1
G001,G056,-0.0003076731,-1
G013,G002,-0.00030789486,-1
G036,G061,-0.00030795293,-1
G038,G024,-0.00030808433,-1
G052,G005,-0.0003087477,-1
G100,G036,-0.00030897127,-1
G085,G065,-0.00030898766,-1
G035,G003,-0.0003090369,-1
G051,G065,-0.00030915075,-1
G089,G051,-0.0003091763,-1
G037,G044,-0.0003091796,-1
G013,G043,-0.00030926635,-1
G090,G048,-0.00030931056,-1
G087,G010,-0.00030962925,-1
G047,G081,-0.00030967523,-1
G054,G077,-0.00030976502,-1
G039,G059,-0.00030976508,-1
G039,G089,-0.0003097732,-1
G020,G023,-0.00031005839,-1
G094,G031,-0.00031017154,-1
G096,G004,-0.00031043685,-1
G063,G022,-0.00031049125,-1
G088,G090,-0.0003106352,-1
G021,G099,-0.0003107516,-1
G014,G098,-0.0003107571,-1
G020,G021,-0.00031083083,-1
G044,G019,-0.0003109625,-1
G066,G021,-0.00031099727,-1
G062,G004,-0.0003110041,-1
G029,G087,-0.00031101634,-1
G069,G005,-0.00031123546,-1
G092,G078,-0.00031145342,-1
G018,G046,-0.000311482,-1
G097,G059,-0.00031154792,-1
G052,G061,-0.0003115802,-1
G017,G094,-0.00031164495,-1
G083,G043,-0.0003118364,-1
G070,G017,-0.00031194097,-1
G044,G073,-0.000311981,-1
G055,G013,-0.00031200453,-1
G083,G094,-0.0003122712,-1
G074,G065,-0.0003122821,-1
G050,G062,-0.00031273038,-1
G037,G020,-0.00031277287,-1
G035,G059,-0.0003128625,-1
G070,G042,-0.0003128796,-1
G092,G024,-0.00031302441,-1
G020,G043,-0.00031325995,-1
G044,G045,-0.0003132796,-1
G046,G050,-0.00031330748,-1
G062,G051,-0.00031335658,-1
G017,G025,-0.00031339828,-1
G046,G041,-0.00031359392,-1
G008,G032,-0.000314037,-1
G072,G030,-0.00031406555,-1
G069,G065,-0.00031409878,-1
G077,G073,-0.0003146786,-1
G070,G002,-0.00031496352,-1
G003,G017,-0.00031512917,-1
G094,G016,-0.0003152747,-1
G096,G021,-0.00031546078,-1
G090,G058,-0.00031587319,-1
G031,G068,-0.00031612956,-1
G089,G044,-0.00031633137,-1
G048,G063,-0.00031636524,-1
G073,G086,-0.00031653757,-1
G032,G059,-0.0003167106,-1
G098,G094,-0.00031678542,-1
G008,G052,-0.00031697867,-1
G079,G098,-0.0003170705,-1
G013,G055,-0.0003170748,-1
G038,G099,-0.00031713964,-1
G031,G065,-0.00031754316,-1
G054,G047,-0.00031761784,-1
G062,G082,-0.00031763816,-1
G070,G023,-0.00031786735,-1
G073,G058,-0.00031787582,-1
G046,G082,-0.00031799756,-1
G042,G011,-0.00031808382,-1
G040,G023,-0.00031883304,-1
G055,G032,-0.00031891002,-1
G003,G061,-0.00031894492,-1
G019,G068,-0.00031914268,-1
G064,G021,-0.00031922464,-1
G076,G045,-0.0003192691,-1
G055,G005,-0.00031929073,-1
G065,G003,-0.00031934693,-1
G048,G042,-0.00031946145,-1
G040,G061,-0.00031963107,-1
G088,G031,-0.00031996623,-1
G045,G074,-0.00032007115,-1
G079,G045,-0.00032012354,-1
G092,G044,-0.00032033626,-1
G034,G052,-0.0003203578,-1
G094,G054,-0.00032058515,-1
G090,G044,-0.0003210081,-1
G062,G045,-0.00032129342,-1
G020,G055,-0.00032147494,-1
G076,G008,-0.00032157052,-1
G085,G047,-0.000321576,-1
G029,G068,-0.00032163117,-1
G069,G045,-0.00032221057,-1
G097,G086,-0.00032252894,-1
G073,G097,-0.00032263584,-1
G064,G051,-0.00032271343,-1
G072,G042,-0.00032280272,-1
G060,G055,-0.00032292548,-1
G099,G059,-0.00032298718,-1
G038,G003,-0.00032303834,-1
G035,G028,-0.00032308424,-1
G029,G037,-0.0003231179,-1
G020,G081,-0.00032419717,-1
G087,G006,-0.00032421612,-1
G058,G077,-0.00032460445,-1
G069,G084,-0.00032471833,-1
G022,G074,-0.00032506612,-1
G085,G028,-0.00032511595,-1
G099,G093,-0.00032530047,-1
G021,G004,-0.00032537474,-1
G077,G099,-0.00032583304,-1
G003,G022,-0.0003258938,-1
G064,G074,-0.00032610568,-1
G041,G040,-0.00032626235,-1
G090,G024,-0.0003263477,-1
G014,G072,-0.00032673136,-1
G021,G028,-0.0003270841,-1
G038,G077,-0.00032732377,-1
G092,G021,-0.00032735444,-1
G028,G036,-0.0003274655,-1
G078,G042,-0.00032796248,-1
G024,G072,-0.00032798492,-1
G075,G083,-0.0003280842,-1
G078,G047,-0.00032825352,-1
G064,G010,-0.00032826766,-1
G064,G022,-0.00032844115,-1
G069,G090,-0.00032854747,-1
G083,G002,-0.0003294169,-1
G072,G059,-0.00032977242,-1
G086,G063,-0.0003299511,-1
G031,G003,-0.00033034693,-1
G011,G065,-0.00033054667,-1
G010,G062,-0.00033116297,-1
G027,G100,-0.00033125904,-1
G076,G033,-0.00033142758,-1
G092,G003,-0.000331617,-1
G085,G054,-0.00033162066,-1
G046,G084,-0.00033171716,-1
G091,G061,-0.00033173212,-1
G030,G046,-0.00033175756,-1
G070,G059,-0.00033181443,-1
G040,G042,-0.00033185922,-1
G021,G043,-0.00033238265,-1
G014,G070,-0.00033242232,-1
G074,G059,-0.0003325166,-1
G091,G082,-0.00033291534,-1
G045,G042,-0.00033306112,-1
G008,G014,-0.00033315964,-1
G019,G042,-0.00033371703,-1
G094,G038,-0.0003340498,-1
G014,G018,-0.00033411762,-1
G073,G094,-0.0003344397,-1
G036,G093,-0.0003344637,-1
G094,G050,-0.0003346633,-1
G075,G068,-0.00033495208,-1
G052,G087,-0.00033507496,-1
G039,G083,-0.00033537834,-1
G019,G003,-0.0003355746,-1
G055,G001,-0.00033557485,-1
G087,G083,-0.00033565363,-1
G089,G028,-0.0003357639,-1
G062,G002,-0.00033585177,-1
G090,G067,-0.0003358796,-1
G066,G078,-0.00033590413,-1
G046,G057,-0.0003361064,-1
G038,G058,-0.0003363985,-1
G042,G019,-0.00033654936,-1
G050,G074,-0.00033670504,-1
G081,G093,-0.00033680265,-1
G074,G094,-0.00033701156,-1
G014,G004,-0.00033705987,-1
G033,G089,-0.00033706188,-1
G072,G094,-0.0003375494,-1
G027,G057,-0.00033768773,-1
G062,G085,-0.000337861,-1
G044,G057,-0.00033787222,-1
G033,G059,-0.0003380189,-1
G044,G092,-0.0003380622,-1
G046,G024,-0.0003381943,-1
G087,G044,-0.00033835508,-1
G086,G093,-0.00033848232,-1
G094,G047,-0.00033876274,-1
G082,G042,-0.00033895523,-1
G051,G004,-0.00033925212,-1
G052,G047,-0.00033927223,-1
G085,G043,-0.00033937735,-1
G027,G047,-0.00033942133,-1
G041,G067,-0.000339436,-1
G083,G004,-0.00033946286,-1
G088,G046,-0.00034008594,-1
G089,G003,-0.0003403452,-1
G031,G022,-0.00034045536,-1
G061,G004,-0.0003405883,-1
G052,G051,-0.0003406025,-1
G042,G006,-0.00034070466,-1
G062,G061,-0.00034084797,-1
G064,G050,-0.0003409575,-1
G052,G013,-0.00034105996,-1
G089,G041,-0.0003413882,-1
G008,G091,-0.00034240942,-1
G064,G061,-0.00034247318,-1
G094,G021,-0.00034252484,-1
G079,G095,-0.00034255494,-1
G062,G013,-0.00034302185,-1
G057,G065,-0.0003434195,-1
G088,G089,-0.00034417966,-1
G082,G099,-0.00034431825,-1
G035,G056,-0.0003449299,-1
G086,G055,-0.0003449434,-1
G035,G074,-0.0003450736,-1
G066,G036,-0.00034532687,-1
G038,G021,-0.00034532725,-1
G038,G061,-0.0003455443,-1
G094,G075,-0.0003455865,-1
G064,G024,-0.0003456428,-1
G044,G031,-0.0003457723,-1
G019,G065,-0.00034644338,-1
G002,G059,-0.0003465443,-1
G037,G077,-0.00034658404,-1
G014,G036,-0.00034680063,-1
G035,G081,-0.000346864,-1
G096,G014,-0.00034688233,-1
G035,G014,-0.00034701265,-1
G092,G014,-0.0003471934,-1
G010,G088,-0.00034719415,-1
G080,G090,-0.00034777127,-1
G042,G094,-0.00034798603,-1
G092,G041,-0.00034808807,-1
G005,G076,-0.00034818007,-1
G046,G070,-0.00034845568,-1
G091,G046,-0.00034867105,-1
G069,G093,-0.00034870743,-1
G046,G054,-0.0003489773,-1
G096,G068,-0.0003491909,-1
G033,G055,-0.00034944646,-1
G046,G093,-0.00034952696,-1
G003,G002,-0.00034956282,-1
G042,G051,-0.00034968756,-1
G041,G028,-0.0003501503,-1
G056,G014,-0.00035024664,-1
G092,G035,-0.00035072945,-1
G069,G088,-0.00035077968,-1
G077,G047,-0.00035110646,-1
G051,G039,-0.00035127235,-1
G038,G089,-0.00035132896,-1
G084,G068,-0.0003513642,-1
G087,G089,-0.00035154345,-1
G011,G092,-0.00035176525,-1
G090,G059,-0.00035181793,-1
G093,G074,-0.0003519312,-1
G095,G044,-0.00035193464,-1
G049,G090,-0.00035193752,-1
G077,G088,-0.00035211357,-1
G064,G073,-0.00035213187,-1
G064,G090,-0.000352266,-1
G046,G051,-0.00035329643,-1
G078,G044,-0.00035336736,-1
G083,G068,-0.00035362845,-1
G037,G067,-0.0003546218,-1
G097,G041,-0.00035463678,-1
G064,G045,-0.00035491426,-1
G018,G036,-0.0003549664,-1
G061,G054,-0.00035499161,-1
G089,G094,-0.00035501923,-1
G069,G036,-0.00035521595,-1
G015,G008,-0.00035535925,-1
G093,G044,-0.00035540477,-1
G027,G070,-0.00035562634,-1
G090,G065,-0.0003556661,-1
G093,G072,-0.00035570716,-1
G027,G071,-0.00035573653,-1
G027,G026,-0.00035574916,-1
G052,G095,-0.00035577157,-1
G028,G014,-0.00035580108,-1
G064,G042,-0.00035587949,-1
G097,G067,-0.0003567678,-1
G049,G098,-0.00035722562,-1
G057,G095,-0.00035763418,-1
G027,G046,-0.000357687,-1
G086,G047,-0.00035770738,-1
G098,G074,-0.0003577689,-1
G054,G064,-0.0003582491,-1
G044,G042,-0.00035850488,-1
G047,G042,-0.0003591043,-1
G065,G044,-0.0003594221,-1
G019,G070,-0.00035948405,-1
G011,G006,-0.00035956304,-1
G017,G038,-0.0003595972,-1
G097,G084,-0.0003603613,-1
G080,G010,-0.0003611471,-1
G046,G025,-0.00036128343,-1
G094,G086,-0.00036129015,-1
G076,G087,-0.00036133797,-1
G028,G055,-0.0003614738,-1
G096,G093,-0.0003615891,-1
G076,G034,-0.0003616235,-1
G018,G093,-0.0003617291,-1
G048,G094,-0.00036182994,-1
G048,G068,-0.0003621009,-1
G064,G057,-0.0003622922,-1
G087,G068,-0.00036251525,-1
G009,G006,-0.0003629625,-1
G036,G081,-0.00036328,-1
G075,G087,-0.00036339217,-1
G052,G021,-0.0003640204,-1
G086,G036,-0.00036482525,-1
G057,G099,-0.00036490092,-1
G077,G042,-0.000365522,-1
G080,G093,-0.00036593416,-1
G090,G039,-0.0003662762,-1
G046,G091,-0.00036652386,-1
G004,G070,-0.0003665337,-1
G019,G098,-0.0003665523,-1
G020,G098,-0.00036668018,-1
G017,G082,-0.0003668363,-1
G078,G059,-0.0003675531,-1
G022,G086,-0.00036776104,-1
G028,G086,-0.0003678223,-1
G044,G067,-0.00036783374,-1
G030,G021,-0.00036824992,-1
G030,G078,-0.0003685792,-1
G023,G076,-0.00036887152,-1
G062,G010,-0.00036931294,-1
G030,G018,-0.00037005486,-1
G021,G077,-0.00037007118,-1
G011,G078,-0.00037019807,-1
G034,G072,-0.00037100358,-1
G096,G043,-0.00037172818,-1
G097,G046,-0.0003718177,-1
G082,G081,-0.00037228107,-1
G038,G043,-0.0003722811,-1
G039,G038,-0.00037266887,-1
G046,G031,-0.00037361233,-1
G052,G093,-0.00037372223,-1
G031,G021,-0.00037384403,-1
G030,G075,-0.0003739541,-1
G003,G029,-0.00037424627,-1
G037,G043,-0.00037490317,-1
G078,G077,-0.0003751138,-1
G003,G074,-0.00037522995,-1
G003,G047,-0.0003752325,-1
G049,G061,-0.0003752731,-1
G014,G011,-0.00037532556,-1
G038,G031,-0.00037601677,-1
G062,G076,-0.00037622606,-1
G025,G044,-0.0003765662,-1
G044,G040,-0.0003770019,-1
G084,G077,-0.00037785355,-1
G086,G042,-0.0003781672,-1
G064,G096,-0.00037821164,-1
G054,G094,-0.00037824755,-1
G096,G067,-0.0003782577,-1
G036,G099,-0.00037881124,-1
G087,G061,-0.0003790018,-1
G023,G069,-0.00037989017,-1
G054,G081,-0.00038014405,-1
G073,G072,-0.00038037015,-1
G084,G021,-0.00038047042,-1
G026,G060,-0.00038068503,-1
G005,G045,-0.00038073925,-1
G052,G038,-0.00038081055,-1
G010,G008,-0.00038117627,-1
G099,G077,-0.0003814195,-1
G082,G043,-0.0003820509,-1
G052,G024,-0.0003822886,-1
G067,G043,-0.00038235448,-1
G042,G018,-0.00038238624,-1
G062,G070,-0.0003825623,-1
G089,G046,-0.0003827559,-1
G057,G073,-0.00038320108,-1
G057,G071,-0.0003839856,-1
G038,G066,-0.00038441893,-1
G052,G092,-0.0003851849,-1
G046,G067,-0.00038523393,-1
G070,G074,-0.00038582197,-1
G006,G044,-0.00038582768,-1
G097,G100,-0.00038603548,-1
G014,G096,-0.0003861394,-1
G022,G023,-0.00038633557,-1
G010,G064,-0.00038682797,-1
G032,G048,-0.00038711773,-1
G011,G100,-0.00038814745,-1
G035,G093,-0.00038835278,-1
G006,G074,-0.0003888382,-1
G039,G082,-0.00038958935,-1
G042,G058,-0.00038962037,-1
G042,G038,-0.00038981068,-1
G088,G094,-0.0003899586,-1
G064,G043,-0.0003901457,-1
G079,G078,-0.0003902586,-1
G077,G070,-0.00039041037,-1
G023,G072,-0.0003906797,-1
G017,G043,-0.00039082312,-1
G085,G068,-0.00039139722,-1
G088,G065,-0.0003916419,-1
G010,G098,-0.00039170714,-1
G090,G014,-0.0003917264,-1
G052,G067,-0.00039214204,-1
G064,G033,-0.00039239912,-1
G001,G074,-0.00039243323,-1
G082,G077,-0.00039297596,-1
G043,G024,-0.00039303428,-1
G009,G084,-0.00039325288,-1
G070,G094,-0.0003934372,-1
G084,G004,-0.00039350463,-1
G041,G019,-0.00039425373,-1
G073,G077,-0.00039438074,-1
G011,G085,-0.0003944527,-1
G041,G085,-0.00039462067,-1
G097,G038,-0.00039491258,-1
G020,G074,-0.0003950706,-1
G092,G061,-0.00039522588,-1
G092,G058,-0.00039540877,-1
G096,G047,-0.00039551267,-1
G075,G045,-0.00039699455,-1
G037,G053,-0.00039737104,-1
G002,G070,-0.00039778993,-1
G082,G036,-0.00039796598,-1
G019,G011,-0.00039813758,-1
G020,G060,-0.0003985529,-1
G013,G060,-0.00039893005,-1
G003,G039,-0.00039949812,-1
G014,G023,-0.00039979618,-1
G003,G100,-0.0003999182,-1
G054,G041,-0.0003999974,-1
G029,G059,-0.0004004182,-1
G077,G021,-0.00040074755,-1
G087,G078,-0.00040099423,-1
G047,G023,-0.0004011508,-1
G045,G094,-0.0004011643,-1
G075,G041,-0.00040124543,-1
G022,G042,-0.00040156237,-1
G003,G046,-0.00040202506,-1
G083,G059,-0.00040220638,-1
G028,G004,-0.00040233167,-1
G036,G054,-0.00040279154,-1
G076,G079,-0.00040329478,-1
G030,G023,-0.0004034974,-1
G085,G094,-0.00040357668,-1
G028,G024,-0.0004043665,-1
G055,G017,-0.00040444866,-1
G073,G059,-0.00040547622,-1
G052,G075,-0.00040660426,-1
G002,G012,-0.0004071728,-1
G087,G059,-0.00040759964,-1
G057,G044,-0.0004076683,-1
G008,G045,-0.00040770395,-1
G077,G048,-0.00040770878,-1
G085,G061,-0.0004082941,-1
G029,G025,-0.0004083979,-1
G094,G085,-0.00040875512,-1
G033,G074,-0.00040895303,-1
G091,G043,-0.0004091009,-1
G003,G092,-0.00040920268,-1
G041,G054,-0.00040947445,-1
G084,G094,-0.00040954055,-1
G033,G095,-0.0004096831,-1
G014,G099,-0.00041028197,-1
G079,G076,-0.00041075452,-1
G092,G040,-0.00041188544,-1
G052,G041,-0.0004121376,-1
G018,G023,-0.00041240978,-1
G044,G053,-0.00041242558,-1
G087,G005,-0.00041269275,-1
G011,G063,-0.000412749,-1
G094,G024,-0.00041295073,-1
G028,G050,-0.0004132471,-1
G028,G019,-0.00041387364,-1
G040,G044,-0.00041426322,-1
G042,G059,-0.0004143361,-1
G088,G068,-0.00041502024,-1
G030,G084,-0.00041561565,-1
G036,G025,-0.00041588728,-1
G036,G038,-0.00041655652,-1
G075,G019,-0.00041658024,-1
G078,G036,-0.0004169356,-1
G087,G077,-0.0004169427,-1
G073,G021,-0.00041720594,-1
G058,G052,-0.0004174036,-1
G039,G068,-0.00041746662,-1
G076,G047,-0.00041766983,-1
G064,G028,-0.00041783994,-1
G039,G091,-0.00041807783,-1
G010,G052,-0.00041855295,-1
G018,G015,-0.00041857778,-1
G089,G081,-0.00041866355,-1
G010,G027,-0.00041880348,-1
G056,G082,-0.00041981242,-1
G097,G043,-0.0004201156,-1
G014,G024,-0.00042017133,-1
G018,G066,-0.00042088356,-1
G094,G057,-0.00042089383,-1
G092,G082,-0.00042092765,-1
G079,G088,-0.00042150682,-1
G008,G074,-0.0004218202,-1
G036,G019,-0.00042197882,-1
G037,G089,-0.00042223278,-1
G046,G077,-0.00042243174,-1
G051,G070,-0.0004228704,-1
G028,G016,-0.00042306122,-1
G054,G068,-0.00042328716,-1
G046,G068,-0.0004234473,-1
G083,G077,-0.00042367933,-1
G065,G060,-0.0004237802,-1
G081,G010,-0.00042385058,-1
G076,G046,-0.00042483414,-1
G015,G075,-0.000425099,-1
G039,G073,-0.00042527026,-1
G077,G025,-0.00042574047,-1
G035,G002,-0.00042646838,-1
G003,G043,-0.00042648506,-1
G014,G071,-0.00042666876,-1
G064,G086,-0.00042667158,-1
G005,G083,-0.00042682313,-1
G017,G080,-0.00042705293,-1
G064,G039,-0.00042719647,-1
G011,G046,-0.00042733672,-1
G034,G017,-0.00042740643,-1
G026,G080,-0.00042750608,-1
G027,G040,-0.00042841406,-1
G080,G059,-0.00042865088,-1
G070,G048,-0.0004291833,-1
G052,G045,-0.00042945903,-1
G028,G054,-0.00042958098,-1
G088,G078,-0.0004300996,-1
G035,G068,-0.00043080922,-1
G086,G023,-0.00043127328,-1
G042,G054,-0.00043236045,-1
G099,G021,-0.0004328485,-1
G013,G074,-0.0004331189,-1
G062,G073,-0.00043386288,-1
G083,G087,-0.00043453297,-1
G027,G009,-0.00043474045,-1
G064,G095,-0.00043636313,-1
G065,G068,-0.000436624,-1
G079,G046,-0.00043670106,-1
G077,G078,-0.00043672376,-1
G096,G003,-0.00043712798,-1
G009,G054,-0.00043745094,-1
G039,G081,-0.0004385467,-1
G011,G055,-0.00043994948,-1
G069,G047,-0.00044118392,-1
G009,G096,-0.00044122853,-1
G075,G099,-0.00044277884,-1
G094,G095,-0.00044305358,-1
G088,G059,-0.00044311362,-1
G083,G074,-0.0004431572,-1
G089,G050,-0.00044324694,-1
G057,G036,-0.00044343178,-1
G031,G078,-0.00044343335,-1
G039,G013,-0.00044343795,-1
G052,G028,-0.00044360798,-1
G005,G011,-0.0004444108,-1
G093,G081,-0.0004450785,-1
G027,G089,-0.00044572016,-1
G046,G044,-0.00044616582,-1
G097,G040,-0.0004462266,-1
G097,G048,-0.00044646589,-1
G030,G034,-0.00044758676,-1
G097,G005,-0.00044830056,-1
G008,G073,-0.00044837545,-1
G092,G047,-0.00044866587,-1
G028,G059,-0.0004492104,-1
G082,G068,-0.00044937385,-1
G071,G082,-0.0004495057,-1
G090,G028,-0.00044980375,-1
G044,G024,-0.0004499985,-1
G092,G039,-0.0004501498,-1
G039,G049,-0.00045028917,-1
G017,G047,-0.00045079444,-1
G094,G010,-0.0004514254,-1
G065,G004,-0.0004514949,-1
G090,G100,-0.00045163612,-1
G069,G010,-0.00045218726,-1
G069,G028,-0.00045244672,-1
G033,G063,-0.00045270918,-1
G041,G068,-0.00045282976,-1
G059,G070,-0.00045288267,-1
G005,G091,-0.00045350328,-1
G053,G094,-0.00045392924,-1
G087,G047,-0.00045409286,-1
G077,G045,-0.00045422866,-1
G014,G037,-0.00045461825,-1
G044,G084,-0.00045470824,-1
G080,G043,-0.00045517882,-1
G055,G064,-0.00045543676,-1
G097,G056,-0.0004556188,-1
G003,G014,-0.00045604896,-1
G078,G094,-0.0004563571,-1
G044,G096,-0.00045700668,-1
G076,G040,-0.0004581865,-1
G031,G043,-0.00045859625,-1
G079,G028,-0.0004589597,-1
G039,G078,-0.00046091765,-1
G094,G043,-0.00046130086,-1
G062,G060,-0.00046138043,-1
G088,G047,-0.00046152298,-1
G064,G077,-0.00046173908,-1
G097,G075,-0.00046190395,-1
G040,G082,-0.0004619063,-1
G037,G028,-0.0004629938,-1
G011,G073,-0.00046306496,-1
G069,G024,-0.0004637171,-1
G086,G094,-0.0004637583,-1
G075,G096,-0.00046387117,-1
G062,G074,-0.00046474105,-1
G077,G075,-0.00046481306,-1
G079,G092,-0.00046546047,-1
G057,G004,-0.00046558902,-1
G015,G077,-0.00046571533,-1
G094,G051,-0.00046618565,-1
G036,G048,-0.00046633914,-1
G076,G029,-0.00046792635,-1
G031,G051,-0.00046826425,-1
G003,G048,-0.000468549,-1
G069,G081,-0.0004689907,-1
G075,G097,-0.0004693632,-1
G019,G010,-0.00046936783,-1
G052,G089,-0.00046957235,-1
G031,G061,-0.00046994936,-1
G065,G002,-0.00047008228,-1
G055,G035,-0.00047086042,-1
G064,G056,-0.0004717953,-1
G042,G036,-0.00047187976,-1
G069,G077,-0.00047325567,-1
G093,G049,-0.00047329353,-1
G094,G019,-0.00047337738,-1
G069,G058,-0.00047355433,-1
G044,G093,-0.00047520074,-1
G028,G049,-0.00047535964,-1
G082,G054,-0.0004757196,-1
G061,G044,-0.00047579664,-1
G028,G041,-0.0004759838,-1
G077,G057,-0.00047632182,-1
G076,G027,-0.00047634647,-1
G037,G046,-0.00047737072,-1
G033,G061,-0.00047800023,-1
G077,G046,-0.000478281,-1
G013,G004,-0.0004785907,-1
G092,G081,-0.00047877224,-1
G085,G077,-0.0004792722,-1
G086,G048,-0.00047927367,-1
G062,G095,-0.00047982248,-1
G062,G036,-0.0004808879,-1
G003,G093,-0.00048154473,-1
G079,G048,-0.00048171854,-1
G046,G061,-0.0004820725,-1
G085,G056,-0.00048389522,-1
G062,G065,-0.00048485937,-1
G036,G067,-0.00048592399,-1
G091,G044,-0.00048625888,-1
G046,G043,-0.00048680976,-1
G011,G095,-0.00048712912,-1
G032,G064,-0.0004874423,-1
G048,G031,-0.00048770945,-1
G066,G058,-0.0004878596,-1
G042,G078,-0.00048844295,-1
G033,G041,-0.000488506,-1
G088,G081,-0.0004887504,-1
G082,G059,-0.0004889885,-1
G027,G039,-0.00048905925,-1
G014,G042,-0.00048922363,-1
G094,G036,-0.00048951316,-1
G017,G097,-0.0004895918,-1
G046,G072,-0.0004899552,-1
G046,G094,-0.000490496,-1
G044,G099,-0.0004905295,-1
G094,G068,-0.0004912637,-1
G066,G003,-0.0004917767,-1
G077,G043,-0.00049196725,-1
G031,G025,-0.0004922105,-1
G085,G092,-0.00049282005,-1
G075,G061,-0.0004929878,-1
G064,G078,-0.0004946312,-1
G011,G093,-0.00049500173,-1
G093,G014,-0.0004963779,-1
G044,G098,-0.0004967358,-1
G066,G049,-0.0004970994,-1
G044,G061,-0.0004971965,-1
G064,G047,-0.0004980047,-1
G005,G037,-0.00049808883,-1
G092,G086,-0.00049922144,-1
G064,G094,-0.00049937476,-1
G092,G031,-0.00049966853,-1
G055,G037,-0.0005001575,-1
G089,G039,-0.0005003154,-1
G039,G041,-0.00050154486,-1
G061,G059,-0.0005015668,-1
G057,G063,-0.0005019322,-1
G088,G028,-0.0005037315,-1
G075,G094,-0.0005047619,-1
G030,G028,-0.0005051009,-1
G079,G054,-0.00050541013,-1
G091,G094,-0.0005054485,-1
G036,G078,-0.00050580455,-1
G091,G086,-0.0005062249,-1
G077,G084,-0.0005064386,-1
G040,G095,-0.0005067905,-1
G031,G048,-0.0005075233,-1
G077,G063,-0.0005077329,-1
G042,G031,-0.0005077377,-1
G048,G059,-0.00050921325,-1
G090,G047,-0.0005092294,-1
G014,G013,-0.0005098613,-1
G026,G086,-0.0005099788,-1
G021,G068,-0.0005101945,-1
G090,G093,-0.0005107283,-1
G036,G047,-0.0005108832,-1
G069,G025,-0.00051132264,-1
G087,G043,-0.00051155774,-1
G019,G099,-0.0005119825,-1
G082,G094,-0.0005121096,-1
G028,G090,-0.0005127921,-1
G033,G047,-0.00051292725,-1
G030,G047,-0.00051300664,-1
G059,G042,-0.000513477,-1
G019,G071,-0.00051357,-1
G062,G058,-0.0005158059,-1
G010,G025,-0.00051612715,-1
G031,G058,-0.0005163077,-1
G039,G058,-0.00051631685,-1
G092,G059,-0.00051763176,-1
G009,G071,-0.0005178451,-1
G009,G088,-0.000519733,-1
G082,G014,-0.00052108726,-1
G049,G041,-0.00052188034,-1
G080,G081,-0.00052233523,-1
G076,G091,-0.00052242394,-1
G044,G010,-0.00052537053,-1
G080,G033,-0.0005254638,-1
G062,G098,-0.00052716193,-1
G092,G043,-0.00052801194,-1
G055,G066,-0.0005280665,-1
G030,G058,-0.000528088,-1
G055,G036,-0.00052880676,-1
G020,G045,-0.0005290788,-1
G091,G093,-0.00053016323,-1
G011,G098,-0.00053053355,-1
G028,G048,-0.0005309425,-1
G052,G090,-0.000531354,-1
G003,G045,-0.00053153874,-1
G034,G020,-0.0005329264,-1
G091,G017,-0.00053321506,-1
G076,G059,-0.0005343882,-1
G065,G074,-0.00053474976,-1
G049,G089,-0.0005350738,-1
G036,G043,-0.00053534657,-1
G077,G095,-0.00053540705,-1
G064,G048,-0.0005355987,-1
G079,G058,-0.00053635536,-1
G033,G050,-0.00053650705,-1
G031,G047,-0.00053744705,-1
G029,G084,-0.0005387985,-1
G044,G083,-0.00053880416,-1
G010,G074,-0.00053960964,-1
G040,G050,-0.00053973176,-1
G083,G017,-0.000541508,-1
G039,G094,-0.0005415245,-1
G094,G044,-0.0005423902,-1
G090,G086,-0.00054255384,-1
G005,G013,-0.00054271193,-1
G064,G041,-0.00054312276,-1
G010,G080,-0.0005435902,-1
G029,G005,-0.0005458029,-1
G085,G041,-0.0005460011,-1
G052,G077,-0.00054844696,-1
G011,G025,-0.0005488398,-1
G019,G080,-0.00054988347,-1
G039,G086,-0.00055068,-1
G020,G004,-0.00055147917,-1
G009,G087,-0.00055197015,-1
G042,G022,-0.00055241014,-1
G082,G092,-0.0005528366,-1
G079,G061,-0.0005531276,-1
G005,G041,-0.00055318855,-1
G017,G090,-0.0005546784,-1
G044,G014,-0.0005547388,-1
G031,G059,-0.0005551987,-1
G039,G052,-0.0005557445,-1
G057,G085,-0.0005557566,-1
G055,G016,-0.00055592996,-1
G052,G081,-0.00055629894,-1
G054,G050,-0.00055923476,-1
G090,G016,-0.00055925193,-1
G057,G046,-0.00056047336,-1
G069,G089,-0.0005607394,-1
G062,G096,-0.00056127994,-1
G062,G049,-0.00056164403,-1
G075,G088,-0.00056173344,-1
G015,G018,-0.0005620306,-1
G028,G081,-0.00056595186,-1
G018,G059,-0.00056956394,-1
G066,G080,-0.00056998874,-1
G062,G046,-0.000570848,-1
G030,G093,-0.000570922,-1
G011,G016,-0.00057172135,-1
G064,G058,-0.0005718081,-1
G087,G014,-0.00057198806,-1
G055,G041,-0.00057226187,-1
G088,G025,-0.0005724932,-1
G027,G029,-0.00057273614,-1
G028,G082,-0.00057286874,-1
G030,G031,-0.00057314854,-1
G039,G077,-0.0005749939,-1
G029,G086,-0.0005759799,-1
G094,G078,-0.00057659263,-1
G066,G028,-0.00057711295,-1
G005,G093,-0.0005791236,-1
G091,G079,-0.00057927746,-1
G072,G018,-0.00058090757,-1
G055,G029,-0.00058105093,-1
G023,G064,-0.0005832129,-1
G064,G092,-0.0005838246,-1
G003,G086,-0.0005845378,-1
G011,G087,-0.00058636616,-1
G030,G010,-0.0005870953,-1
G043,G079,-0.0005872156,-1
G028,G010,-0.00058870326,-1
G028,G093,-0.0005894764,-1
G097,G039,-0.0005909974,-1
G052,G094,-0.00059182255,-1
G009,G024,-0.0005921268,-1
G042,G061,-0.00059246493,-1
G055,G046,-0.00059278694,-1
G039,G047,-0.00059655623,-1
G030,G067,-0.0005969151,-1
G044,G081,-0.00059806363,-1
G069,G043,-0.0005994663,-1
G030,G082,-0.0006024861,-1
G075,G073,-0.00060382974,-1
G052,G059,-0.00060411025,-1
G077,G050,-0.00060462434,-1
G094,G063,-0.00060667866,-1
G028,G061,-0.000606756,-1
G036,G058,-0.00060725876,-1
G042,G028,-0.0006072949,-1
G066,G085,-0.0006091641,-1
G076,G068,-0.00061052,-1
G046,G089,-0.0006112402,-1
G094,G099,-0.00061163126,-1
G077,G049,-0.0006123875,-1
G066,G068,-0.00061348156,-1
G067,G011,-0.00061462686,-1
G034,G009,-0.0006146994,-1
G033,G073,-0.00061472337,-1
G044,G078,-0.0006151711,-1
G062,G059,-0.0006152379,-1
G092,G028,-0.00061590946,-1
G094,G014,-0.0006161524,-1
G014,G074,-0.00061615737,-1
G052,G054,-0.0006164594,-1
G057,G003,-0.00061803195,-1
G039,G014,-0.0006184982,-1
G062,G033,-0.00062003743,-1
G090,G046,-0.0006200479,-1
G097,G094,-0.00062472525,-1
G049,G037,-0.0006275017,-1
G062,G100,-0.000627546,-1
G091,G045,-0.0006275872,-1
G003,G099,-0.0006291575,-1
G062,G021,-0.0006325266,-1
G036,G091,-0.00063264795,-1
G034,G051,-0.00063296966,-1
G079,G038,-0.0006337246,-1
G021,G049,-0.0006338003,-1
G092,G068,-0.0006340582,-1
G083,G093,-0.0006343433,-1
G023,G098,-0.0006355726,-1
G092,G094,-0.00063600106,-1
G052,G068,-0.0006360855,-1
G052,G025,-0.0006366719,-1
G052,G014,-0.00063694105,-1
G079,G040,-0.0006406504,-1
G094,G090,-0.0006420568,-1
G055,G075,-0.0006420664,-1
G036,G077,-0.00064261217,-1
G064,G059,-0.00064277055,-1
G009,G029,-0.0006429037,-1
G062,G039,-0.00064371823,-1
G087,G028,-0.00064386195,-1
G014,G029,-0.00064420607,-1
G077,G086,-0.00064428156,-1
G005,G024,-0.0006446516,-1
G094,G073,-0.0006459778,-1
G062,G048,-0.00064643036,-1
G066,G089,-0.0006467302,-1
G011,G002,-0.00064729515,-1
G014,G095,-0.0006478336,-1
G044,G047,-0.0006493277,-1
G005,G073,-0.0006494831,-1
G021,G039,-0.00065123796,-1
G018,G031,-0.0006532709,-1
G099,G094,-0.00065400574,-1
G057,G078,-0.00065514084,-1
G075,G085,-0.0006561909,-1
G064,G085,-0.0006567681,-1
G009,G001,-0.0006567766,-1
G042,G082,-0.0006573393,-1
G075,G050,-0.00065807666,-1
G027,G010,-0.0006590659,-1
G028,G068,-0.00065955636,-1
G062,G068,-0.00066004135,-1
G031,G041,-0.00066094997,-1
G077,G053,-0.00066145265,-1
G014,G078,-0.00066323875,-1
G079,G057,-0.0006634855,-1
G066,G077,-0.00066415133,-1
G005,G071,-0.0006642074,-1
G046,G048,-0.0006661717,-1
G007,G038,-0.000666965,-1
G010,G066,-0.0006678432,-1
G062,G086,-0.000669068,-1
G066,G067,-0.0006696921,-1
G036,G086,-0.00066994835,-1
G062,G099,-0.0006715428,-1
G019,G051,-0.00067272864,-1
G031,G081,-0.00067277666,-1
G044,G063,-0.0006737138,-1
G082,G019,-0.0006747363,-1
G052,G049,-0.00067474385,-1
G057,G084,-0.000677758,-1
G062,G081,-0.0006785127,-1
G019,G088,-0.0006799292,-1
G011,G089,-0.0006800597,-1
G066,G094,-0.0006820312,-1
G011,G083,-0.0006869068,-1
G093,G010,-0.0006875159,-1
G031,G094,-0.0006877437,-1
G076,G093,-0.0006888934,-1
G019,G063,-0.0006896013,-1
G077,G024,-0.000689739,-1
G079,G043,-0.0006900622,-1
G046,G010,-0.00069007825,-1
G049,G092,-0.00069057447,-1
G044,G028,-0.0006913467,-1
G055,G098,-0.0006928746,-1
G079,G084,-0.0006948435,-1
G082,G049,-0.00069680484,-1
G028,G025,-0.00069722394,-1
G011,G061,-0.00070035324,-1
G064,G068,-0.0007004911,-1
G057,G041,-0.0007007755,-1
G007,G092,-0.0007009017,-1
G075,G089,-0.0007016103,-1
G036,G017,-0.0007020788,-1
G027,G090,-0.00070221367,-1
G057,G001,-0.00070295617,-1
G005,G048,-0.00070401427,-1
G076,G039,-0.0007046252,-1
G077,G033,-0.0007049988,-1
G010,G095,-0.0007058903,-1
G075,G048,-0.00070617633,-1
G077,G068,-0.00070624717,-1
G077,G091,-0.0007080393,-1
G090,G025,-0.00071354816,-1
G027,G093,-0.00071714126,-1
G044,G043,-0.0007172675,-1
G019,G048,-0.00071882224,-1
G014,G082,-0.0007192002,-1
G040,G054,-0.0007193049,-1
G092,G089,-0.0007202352,-1
G009,G047,-0.00072053296,-1
G014,G045,-0.0007256836,-1
G030,G025,-0.00072583155,-1
G079,G093,-0.00072616595,-1
G011,G057,-0.0007304949,-1
G077,G038,-0.00073112984,-1
G057,G024,-0.0007315467,-1
G077,G087,-0.0007320178,-1
G077,G061,-0.0007341666,-1
G094,G081,-0.0007349537,-1
G005,G095,-0.00073551707,-1
G052,G086,-0.0007355226,-1
G066,G043,-0.00073625555,-1
G010,G024,-0.0007379736,-1
G077,G058,-0.0007383827,-1
G010,G057,-0.00073846674,-1
G011,G068,-0.0007389417,-1
G092,G067,-0.000739229,-1
G023,G009,-0.0007412476,-1
G031,G050,-0.0007414176,-1
G014,G063,-0.000742336,-1
G057,G087,-0.00074504415,-1
G052,G099,-0.0007482679,-1
G092,G077,-0.0007507823,-1
G010,G097,-0.00075080193,-1
G062,G043,-0.0007511556,-1
G059,G049,-0.00075135555,-1
G099,G019,-0.0007532428,-1
G055,G073,-0.0007533267,-1
G062,G084,-0.0007543353,-1
G005,G078,-0.0007560336,-1
G014,G094,-0.00075648824,-1
G019,G046,-0.000757148,-1
G089,G090,-0.0007582827,-1
G010,G015,-0.0007583065,-1
G075,G081,-0.00076085026,-1
G014,G046,-0.000762028,-1
G059,G032,-0.00076250883,-1
G009,G078,-0.00076290645,-1
G079,G019,-0.00076329696,-1
G005,G046,-0.00076464337,-1
G053,G040,-0.00076615304,-1
G085,G082,-0.000766505,-1
G055,G095,-0.00076703116,-1
G055,G002,-0.0007671312,-1
G009,G043,-0.00076836307,-1
G090,G057,-0.00076877244,-1
G079,G047,-0.00076935923,-1
G093,G002,-0.0007704769,-1
G030,G038,-0.00077149685,-1
G017,G074,-0.0007717528,-1
G029,G010,-0.0007717736,-1
G005,G058,-0.0007722498,-1
G042,G055,-0.00077227905,-1
G075,G095,-0.0007733227,-1
G062,G087,-0.0007739557,-1
G009,G014,-0.0007740329,-1
G052,G043,-0.00077577104,-1
G003,G069,-0.0007775016,-1
G003,G062,-0.0007776955,-1
G057,G093,-0.00077828905,-1
G064,G093,-0.00077966653,-1
G100,G087,-0.00078059937,-1
G028,G084,-0.0007817666,-1
G046,G047,-0.0007851313,-1
G062,G024,-0.00078642106,-1
G062,G041,-0.00078822754,-1
G077,G028,-0.0007899015,-1
G057,G038,-0.00079039164,-1
G055,G022,-0.0007910745,-1
G009,G005,-0.00079129427,-1
G055,G087,-0.0007940918,-1
G062,G089,-0.00079670124,-1
G033,G098,-0.00080092635,-1
G094,G077,-0.00080209185,-1
G034,G074,-0.0008026394,-1
G052,G082,-0.0008027717,-1
G075,G049,-0.0008030803,-1
G030,G033,-0.00080313144,-1
G087,G039,-0.00080449186,-1
G010,G069,-0.00080534664,-1
G082,G056,-0.0008060689,-1
G030,G027,-0.0008084641,-1
G041,G039,-0.00080993393,-1
G075,G037,-0.00081054645,-1
G011,G049,-0.0008112522,-1
G055,G071,-0.0008151428,-1
G036,G044,-0.00081574515,-1
G023,G080,-0.00081611105,-1
G028,G043,-0.0008169265,-1
G034,G050,-0.0008170593,-1
G042,G048,-0.00082032534,-1
G034,G001,-0.00082069985,-1
G011,G024,-0.00082345516,-1
G073,G018,-0.0008234812,-1
G057,G083,-0.0008245663,-1
G010,G021,-0.00082497357,-1
G076,G002,-0.00082605914,-1
G009,G025,-0.00082757423,-1
G056,G066,-0.0008295134,-1
G044,G058,-0.00082958076,-1
G011,G081,-0.0008299643,-1
G097,G025,-0.000831076,-1
G003,G006,-0.00083123794,-1
G033,G039,-0.00083300547,-1
G027,G037,-0.000833318,-1
G066,G059,-0.000837061,-1
G075,G078,-0.0008375865,-1
G014,G091,-0.0008377529,-1
G077,G010,-0.0008386536,-1
G042,G034,-0.00083901576,-1
G033,G090,-0.00084180525,-1
G042,G081,-0.0008420222,-1
G064,G082,-0.0008429956,-1
G010,G068,-0.0008431098,-1
G059,G034,-0.0008434131,-1
G041,G010,-0.0008438232,-1
G021,G090,-0.0008458927,-1
G015,G069,-0.00084761356,-1
G039,G003,-0.00084769685,-1
G027,G097,-0.0008487703,-1
G066,G084,-0.00085168733,-1
G069,G067,-0.00085180585,-1
G066,G038,-0.0008523908,-1
G057,G047,-0.000852452,-1
G054,G031,-0.000854556,-1
G014,G092,-0.0008548212,-1
G059,G050,-0.00085770956,-1
G062,G078,-0.0008582535,-1
G075,G054,-0.0008585187,-1
G097,G047,-0.00086075184,-1
G010,G094,-0.00086120993,-1
G023,G022,-0.0008613616,-1
G033,G081,-0.0008629325,-1
G024,G007,-0.00086312694,-1
G085,G014,-0.0008638716,-1
G011,G094,-0.0008669387,-1
G023,G043,-0.0008710769,-1
G028,G038,-0.0008741536,-1
G027,G028,-0.0008750551,-1
G033,G082,-0.00087506877,-1
G011,G048,-0.0008757598,-1
G014,G090,-0.0008768498,-1
G018,G019,-0.0008802799,-1
G036,G065,-0.0008812404,-1
G014,G055,-0.0008816103,-1
G044,G025,-0.0008839195,-1
G024,G077,-0.0008855322,-1
G023,G001,-0.00088739855,-1
G046,G028,-0.0008891318,-1
G023,G035,-0.000890477,-1
G062,G093,-0.0008909771,-1
G046,G059,-0.0008912237,-1
G028,G033,-0.00090105156,-1
G017,G046,-0.00090311834,-1
G052,G048,-0.0009053881,-1
G010,G031,-0.00090560864,-1
G062,G035,-0.00090573536,-1
G057,G048,-0.0009065631,-1
G088,G010,-0.0009078369,-1
G006,G025,-0.00091239123,-1
G055,G099,-0.00091254635,-1
G049,G043,-0.0009137717,-1
G028,G077,-0.0009151302,-1
G050,G066,-0.0009176479,-1
G019,G095,-0.0009236031,-1
G077,G067,-0.0009248159,-1
G014,G031,-0.00092709967,-1
G057,G031,-0.0009277124,-1
G033,G058,-0.00093204266,-1
G040,G004,-0.0009323928,-1
G011,G082,-0.0009324253,-1
G023,G051,-0.0009331612,-1
G045,G052,-0.000933514,-1
G041,G077,-0.00093727105,-1
G010,G032,-0.0009374134,-1
G075,G047,-0.00093988964,-1
G055,G091,-0.00094220764,-1
G014,G017,-0.0009445415,-1
G017,G030,-0.0009470165,-1
G019,G083,-0.0009471505,-1
G030,G057,-0.00094882294,-1
G020,G048,-0.0009492218,-1
G055,G074,-0.00094946264,-1
G057,G077,-0.0009496321,-1
G014,G083,-0.0009503244,-1
G010,G030,-0.00095041736,-1
G064,G049,-0.00095221086,-1
G094,G059,-0.00095501886,-1
G034,G064,-0.00095504214,-1
G033,G068,-0.00095775473,-1
G091,G036,-0.00096290646,-1
G041,G038,-0.00096545415,-1
G011,G047,-0.0009662342,-1
G034,G021,-0.0009672154,-1
G014,G073,-0.00097031204,-1
G005,G040,-0.00097344833,-1
G055,G049,-0.00097513426,-1
G042,G047,-0.0009752171,-1
G019,G029,-0.00097606017,-1
G062,G054,-0.0009764601,-1
G075,G077,-0.0009771452,-1
G011,G022,-0.0009792765,-1
G044,G054,-0.0009804934,-1
G075,G043,-0.000984113,-1
G055,G050,-0.0009850042,-1
G075,G004,-0.0009851437,-1
G075,G031,-0.0009855346,-1
G010,G099,-0.0009856841,-1
G071,G069,-0.000986471,-1
G030,G036,-0.0009865168,-1
G075,G046,-0.0009873606,-1
G062,G094,-0.0009883161,-1
G028,G058,-0.0009905638,-1
G005,G047,-0.0009932042,-1
G019,G045,-0.0009953234,-1
G014,G051,-0.0009963416,-1
G005,G070,-0.0009967809,-1
G055,G021,-0.000997287,-1
G003,G019,-0.0009976295,-1
G031,G077,-0.0009988925,-1
G023,G021,-0.001003997,-1
G062,G090,-0.0010093794,-1
G005,G084,-0.0010102778,-1
G055,G083,-0.0010142918,-1
G019,G055,-0.001016256,-1
G057,G059,-0.0010176932,-1
G100,G039,-0.0010185174,-1
G088,G054,-0.0010190385,-1
G046,G081,-0.0010221576,-1
G030,G043,-0.0010230073,-1
G019,G047,-0.0010236638,-1
G066,G097,-0.0010254043,-1
G009,G063,-0.0010274318,-1
G033,G094,-0.001028008,-1
G066,G090,-0.0010286085,-1
G009,G048,-0.0010293768,-1
G072,G090,-0.0010301659,-1
G033,G049,-0.0010309765,-1
G057,G091,-0.0010324033,-1
G010,G067,-0.0010334721,-1
G057,G096,-0.0010337253,-1
G034,G062,-0.0010337967,-1
G014,G089,-0.0010348209,-1
G075,G063,-0.0010357279,-1
G050,G054,-0.0010357912,-1
G059,G098,-0.0010371675,-1
G055,G100,-0.0010376703,-1
G042,G086,-0.0010395343,-1
G079,G067,-0.0010395875,-1
G041,G089,-0.0010441728,-1
G009,G046,-0.001048059,-1
G014,G033,-0.0010487167,-1
G077,G054,-0.0010490662,-1
G014,G084,-0.0010556633,-1
G057,G045,-0.0010557658,-1
G075,G093,-0.001057161,-1
G057,G089,-0.0010582036,-1
G075,G091,-0.0010603265,-1
G033,G014,-0.0010609328,-1
G037,G048,-0.0010615046,-1
G046,G053,-0.0010625483,-1
G010,G041,-0.0010651924,-1
G015,G090,-0.0010653031,-1
G075,G040,-0.00106603,-1
G057,G092,-0.0010697669,-1
G057,G082,-0.0010697878,-1
G019,G078,-0.0010755466,-1
G077,G082,-0.0010758954,-1
G033,G038,-0.0010761078,-1
G011,G090,-0.0010784226,-1
G006,G002,-0.0010789817,-1
G055,G078,-0.0010812243,-1
G019,G089,-0.0010826016,-1
G077,G059,-0.0010888672,-1
G011,G054,-0.0010893075,-1
G020,G014,-0.0010947753,-1
G075,G057,-0.0010952752,-1
G077,G003,-0.0010982944,-1
G066,G010,-0.0010985401,-1
G055,G068,-0.001099603,-1
G014,G058,-0.0011050135,-1
G009,G028,-0.0011067817,-1
G028,G051,-0.0011085862,-1
G014,G041,-0.0011121043,-1
G052,G039,-0.0011145932,-1
G049,G010,-0.0011156498,-1
G014,G047,-0.0011161183,-1
G011,G031,-0.0011193269,-1
G019,G075,-0.0011195428,-1
G005,G088,-0.0011235024,-1
G057,G058,-0.0011273276,-1
G042,G072,-0.0011318276,-1
G057,G086,-0.0011343053,-1
G005,G033,-0.0011348182,-1
G082,G071,-0.0011404465,-1
G066,G050,-0.0011435079,-1
G003,G036,-0.0011440251,-1
G034,G087,-0.0011469316,-1
G066,G061,-0.0011470978,-1
G079,G082,-0.0011487326,-1
G055,G084,-0.0011524089,-1
G010,G013,-0.0011526885,-1
G059,G039,-0.0011536912,-1
G055,G025,-0.0011541272,-1
G079,G025,-0.0011571146,-1
G011,G059,-0.0011573568,-1
G043,G067,-0.0011577589,-1
G005,G038,-0.001163394,-1
G005,G096,-0.001167115,-1
G034,G013,-0.0011673878,-1
G019,G084,-0.0011684494,-1
G019,G064,-0.0011691224,-1
G075,G082,-0.0011725205,-1
G034,G016,-0.0011751758,-1
G010,G073,-0.0011777674,-1
G032,G063,-0.0011785922,-1
G023,G036,-0.0011837898,-1
G094,G058,-0.0011868334,-1
G004,G040,-0.001190284,-1
G077,G039,-0.0011903436,-1
G075,G039,-0.0011908058,-1
G057,G029,-0.0011920743,-1
G059,G089,-0.0011932261,-1
G055,G045,-0.0011970489,-1
G034,G071,-0.0011996076,-1
G064,G076,-0.0012008674,-1
G062,G038,-0.0012040962,-1
G010,G046,-0.0012044277,-1
G066,G056,-0.001206125,-1
G023,G062,-0.0012076071,-1
G057,G025,-0.0012092947,-1
G079,G017,-0.0012099111,-1
G061,G066,-0.0012117532,-1
G061,G062,-0.0012155279,-1
G003,G051,-0.001226142,-1
G039,G087,-0.0012308958,-1
G059,G064,-0.001231312,-1
G080,G066,-0.0012334642,-1
G052,G010,-0.0012348236,-1
G055,G019,-0.0012373559,-1
G097,G014,-0.0012385402,-1
G019,G023,-0.0012402387,-1
G057,G088,-0.0012436092,-1
G044,G033,-0.0012436649,-1
G014,G048,-0.0012450886,-1
G059,G024,-0.0012502196,-1
G019,G043,-0.0012556826,-1
G059,G080,-0.0012561056,-1
G060,G062,-0.0012562865,-1
G034,G035,-0.0012580295,-1
G075,G090,-0.0012583607,-1
G044,G091,-0.0012590268,-1
G058,G003,-0.0012651768,-1
G064,G083,-0.0012675171,-1
G044,G079,-0.0012709565,-1
G036,G094,-0.0012748417,-1
G044,G005,-0.0012750525,-1
G028,G007,-0.0012786906,-1
G002,G008,-0.0012883475,-1
G004,G023,-0.0012884113,-1
G010,G083,-0.0012926523,-1
G059,G011,-0.0012945683,-1
G034,G036,-0.0012962968,-1
G010,G092,-0.0012991091,-1
G005,G077,-0.0012998615,-1
G030,G086,-0.0013000134,-1
G010,G006,-0.0013015701,-1
G055,G092,-0.001304539,-1
G019,G096,-0.0013059276,-1
G042,G023,-0.0013063585,-1
G075,G058,-0.001306882,-1
G010,G029,-0.0013134732,-1
G010,G045,-0.0013135975,-1
G051,G008,-0.0013144704,-1
G076,G015,-0.0013150852,-1
G034,G076,-0.0013153473,-1
G057,G068,-0.0013166566,-1
G088,G023,-0.0013172203,-1
G019,G076,-0.0013184379,-1
G091,G059,-0.00132116,-1
G011,G096,-0.0013224377,-1
G057,G049,-0.0013275645,-1
G062,G025,-0.00133371,-1
G057,G090,-0.0013337127,-1
G011,G028,-0.0013389994,-1
G059,G100,-0.0013393053,-1
G005,G081,-0.0013396181,-1
G028,G053,-0.0013427165,-1
G019,G091,-0.0013437808,-1
G075,G033,-0.0013496075,-1
G075,G025,-0.001353393,-1
G028,G092,-0.001353758,-1
G057,G081,-0.0013666105,-1
G011,G058,-0.0013694093,-1
G075,G014,-0.0013738241,-1
G059,G063,-0.0013739573,-1
G019,G038,-0.0013777049,-1
G044,G094,-0.0013858221,-1
G010,G091,-0.0013898925,-1
G059,G001,-0.0013902986,-1
G010,G084,-0.0013927681,-1
G010,G058,-0.0013949014,-1
G064,G032,-0.0013951343,-1
G055,G063,-0.0014002165,-1
G021,G061,-0.001404134,-1
G056,G061,-0.0014051951,-1
G058,G082,-0.0014132771,-1
G079,G091,-0.001416097,-1
G028,G062,-0.0014176356,-1
G019,G087,-0.001418242,-1
G055,G024,-0.0014187027,-1
G059,G062,-0.0014194861,-1
G077,G040,-0.0014200335,-1
G059,G051,-0.001421576,-1
G023,G079,-0.0014217118,-1
G030,G079,-0.0014224154,-1
G097,G090,-0.0014246603,-1
G055,G054,-0.0014296768,-1
G009,G085,-0.0014307478,-1
G028,G094,-0.0014356159,-1
G055,G089,-0.0014356269,-1
G009,G075,-0.0014367541,-1
G011,G039,-0.0014370463,-1
G077,G019,-0.0014391345,-1
G062,G077,-0.0014402404,-1
G082,G023,-0.0014409701,-1
G010,G048,-0.001446519,-1
G055,G047,-0.0014468287,-1
G034,G002,-0.0014507732,-1
G055,G081,-0.0014535523,-1
G028,G089,-0.0014539475,-1
G003,G023,-0.0014542659,-1
G030,G097,-0.0014584867,-1
G007,G082,-0.001460371,-1
G014,G040,-0.0014611497,-1
G062,G047,-0.0014651503,-1
G062,G075,-0.0014661611,-1
G014,G028,-0.0014668651,-1
G002,G011,-0.0014683503,-1
G017,G091,-0.0014735216,-1
G011,G040,-0.0014739747,-1
G004,G074,-0.0014771331,-1
G005,G086,-0.0014867769,-1
G036,G033,-0.0014889325,-1
G062,G003,-0.001492876,-1
G057,G054,-0.0014940574,-1
G057,G094,-0.0014948116,-1
G034,G037,-0.0015058026,-1
G034,G045,-0.0015062221,-1
G005,G039,-0.0015074034,-1
G023,G063,-0.0015103198,-1
G055,G044,-0.0015162382,-1
G055,G085,-0.00152063,-1
G010,G051,-0.001521638,-1
G005,G089,-0.0015240062,-1
G034,G078,-0.0015307803,-1
G010,G087,-0.0015308328,-1
G034,G099,-0.001532832,-1
G059,G016,-0.0015367318,-1
G010,G016,-0.0015385502,-1
G024,G094,-0.0015452415,-1
G018,G082,-0.0015517435,-1
G003,G021,-0.0015518458,-1
G049,G025,-0.0015568725,-1
G062,G055,-0.0015572252,-1
G034,G011,-0.0015582193,-1
G044,G077,-0.0015606036,-1
G005,G010,-0.0015631339,-1
G014,G039,-0.001583207,-1
G055,G093,-0.0015856102,-1
G034,G061,-0.0015911257,-1
G044,G075,-0.0015939294,-1
G010,G050,-0.00159429,-1
G097,G027,-0.0015955456,-1
G075,G086,-0.0015983158,-1
G005,G090,-0.0016028073,-1
G067,G092,-0.0016028408,-1
G008,G051,-0.0016057488,-1
G034,G073,-0.0016080345,-1
G059,G052,-0.0016084659,-1
G003,G016,-0.0016086344,-1
G010,G077,-0.0016091177,-1
G010,G089,-0.0016177667,-1
G010,G061,-0.0016211107,-1
G023,G068,-0.0016337062,-1
G010,G078,-0.0016363986,-1
G034,G068,-0.0016397634,-1
G075,G059,-0.001641058,-1
G009,G034,-0.0016480293,-1
G014,G081,-0.0016493915,-1
G070,G057,-0.0016530757,-1
G014,G067,-0.0016568955,-1
G100,G025,-0.0016650945,-1
G019,G044,-0.0016702865,-1
G016,G003,-0.001676304,-1
G003,G013,-0.0016767539,-1
G014,G043,-0.0016809943,-1
G019,G031,-0.001682289,-1
G034,G098,-0.0016872295,-1
G031,G054,-0.0016890427,-1
G055,G014,-0.0016926042,-1
G044,G017,-0.0016961572,-1
G066,G035,-0.0016982481,-1
G003,G037,-0.0016989404,-1
G055,G061,-0.0017007902,-1
G023,G052,-0.0017031797,-1
G059,G027,-0.0017046381,-1
G011,G067,-0.0017052429,-1
G059,G066,-0.0017065844,-1
G034,G095,-0.0017123703,-1
G014,G086,-0.0017311123,-1
G038,G041,-0.0017328284,-1
G011,G014,-0.0017330466,-1
G010,G018,-0.0017356084,-1
G003,G084,-0.0017375081,-1
G079,G086,-0.0017386063,-1
G023,G044,-0.001741553,-1
G019,G079,-0.0017435938,-1
G023,G066,-0.0017495806,-1
G096,G002,-0.0017507381,-1
G080,G003,-0.0017554708,-1
G014,G075,-0.0017599551,-1
G036,G079,-0.0017614603,-1
G019,G039,-0.0017668817,-1
G055,G067,-0.0017685043,-1
G030,G005,-0.0017780646,-1
G023,G091,-0.0017847635,-1
G057,G039,-0.0017852173,-1
G023,G025,-0.0017856777,-1
G055,G031,-0.0017879743,-1
G010,G085,-0.0017894076,-1
G030,G014,-0.0017902749,-1
G010,G071,-0.0017909636,-1
G055,G038,-0.0017961966,-1
G010,G037,-0.0017989022,-1
G055,G011,-0.0018013624,-1
G059,G045,-0.0018088804,-1
G064,G014,-0.0018305114,-1
G014,G059,-0.0018339702,-1
G090,G081,-0.0018342154,-1
G010,G093,-0.0018353696,-1
G003,G058,-0.0018355817,-1
G077,G085,-0.0018364327,-1
G010,G090,-0.001838846,-1
G014,G093,-0.0018511292,-1
G010,G063,-0.0018562782,-1
G094,G082,-0.0018603507,-1
G034,G100,-0.0018766065,-1
G019,G086,-0.0018785414,-1
G077,G089,-0.0018787143,-1
G023,G095,-0.001882011,-1
G022,G091,-0.0018821708,-1
G079,G033,-0.0018839608,-1
G019,G033,-0.0018920685,-1
G010,G054,-0.0018970934,-1
G013,G003,-0.0018972086,-1
G010,G049,-0.0019008892,-1
G055,G096,-0.0019127777,-1
G050,G021,-0.0019214181,-1
G055,G077,-0.0019216808,-1
G011,G042,-0.0019261743,-1
G023,G097,-0.0019271646,-1
G017,G083,-0.0019346321,-1
G019,G058,-0.0019351077,-1
G021,G008,-0.0019427019,-1
G034,G097,-0.0019496124,-1
G019,G028,-0.0019552328,-1
G034,G003,-0.0019581562,-1
G034,G083,-0.0019746288,-1
G079,G044,-0.001977134,-1
G071,G044,-0.0019786714,-1
G034,G066,-0.001983081,-1
G011,G034,-0.0019867006,-1
G055,G048,-0.0019955107,-1
G014,G038,-0.002002888,-1
G009,G057,-0.0020030092,-1
G057,G075,-0.0020093278,-1
G079,G034,-0.0020155439,-1
G005,G094,-0.0020256971,-1
G066,G033,-0.0020389839,-1
G075,G084,-0.0020414433,-1
G059,G095,-0.002050292,-1
G023,G024,-0.0020503108,-1
G082,G058,-0.0020554224,-1
G076,G017,-0.0020554636,-1
G019,G036,-0.0020554678,-1
G014,G077,-0.0020574308,-1
G004,G017,-0.0020585211,-1
G075,G062,-0.00206559,-1
G023,G071,-0.0020723399,-1
G059,G097,-0.0020732563,-1
G012,G024,-0.0020792505,-1
G059,G061,-0.0020826561,-1
G062,G014,-0.0020833293,-1
G059,G093,-0.0020846126,-1
G039,G100,-0.0020857614,-1
G055,G042,-0.0020872767,-1
G028,G057,-0.0020925854,-1
G034,G091,-0.0020928213,-1
G016,G025,-0.0020986784,-1
G023,G004,-0.0021017927,-1
G059,G035,-0.0021049052,-1
G059,G055,-0.0021076773,-1
G078,G058,-0.002108199,-1
G006,G003,-0.002118435,-1
G023,G037,-0.0021191954,-1
G055,G058,-0.002123726,-1
G021,G050,-0.0021352246,-1
G011,G086,-0.0021354072,-1
G023,G050,-0.0021373243,-1
G034,G081,-0.0021432997,-1
G061,G021,-0.0021453917,-1
G023,G100,-0.0021473092,-1
G071,G009,-0.002155177,-1
G017,G086,-0.0021574106,-1
G044,G086,-0.0021741418,-1
G023,G094,-0.0021841982,-1
G010,G019,-0.002187501,-1
G023,G045,-0.0021888174,-1
G019,G049,-0.002191822,-1
G059,G065,-0.0022026205,-1
G023,G030,-0.0022074569,-1
G023,G016,-0.002217066,-1
G019,G092,-0.0022311958,-1
G023,G067,-0.0022342145,-1
G002,G001,-0.0022391675,-1
G034,G027,-0.0022472914,-1
G034,G042,-0.002251858,-1
G100,G003,-0.0022577918,-1
G081,G073,-0.002272543,-1
G010,G081,-0.002286663,-1
G066,G018,-0.0022917748,-1
G034,G082,-0.0022917762,-1
G023,G073,-0.0022990496,-1
G073,G081,-0.0023045626,-1
G009,G067,-0.0023097582,-1
G080,G026,-0.0023195453,-1
G059,G048,-0.00232665,-1
G055,G090,-0.0023346308,-1
G090,G089,-0.002339043,-1
G094,G003,-0.0023548054,-1
G005,G054,-0.0023590242,-1
G051,G003,-0.0023611223,-1
G055,G028,-0.0023633358,-1
G059,G099,-0.0023657477,-1
G005,G029,-0.0023933186,-1
G034,G084,-0.0023935877,-1
G069,G015,-0.0024017126,-1
G014,G009,-0.0024018546,-1
G023,G084,-0.0024349333,-1
G010,G014,-0.0024413546,-1
G059,G073,-0.0024550795,-1
G086,G033,-0.0024639051,-1
G013,G008,-0.0024726382,-1
G007,G024,-0.0024729618,-1
G059,G025,-0.0024733369,-1
G044,G036,-0.0024747082,-1
G034,G046,-0.0024822939,-1
G023,G061,-0.0024923736,-1
G055,G039,-0.0025006214,-1
G023,G092,-0.0025119286,-1
G059,G029,-0.002520273,-1
G059,G040,-0.0025206045,-1
G059,G067,-0.002524467,-1
G059,G085,-0.0025288782,-1
G023,G099,-0.002537668,-1
G036,G059,-0.0025455744,-1
G010,G028,-0.0025514176,-1
G008,G021,-0.0025554823,-1
G023,G029,-0.002570874,-1
G019,G077,-0.0025894511,-1
G081,G083,-0.00259948,-1
G010,G075,-0.0026110292,-1
G059,G010,-0.0026207853,-1
G061,G039,-0.0026261269,-1
G079,G036,-0.0026269285,-1
G017,G044,-0.0026287942,-1
G055,G082,-0.0026303122,-1
G059,G043,-0.0026419237,-1
G075,G028,-0.0026469857,-1
G049,G068,-0.0026597853,-1
G023,G041,-0.002666366,-1
G100,G010,-0.0026793452,-1
G057,G070,-0.0026836148,-1
G023,G046,-0.0026845587,-1
G034,G048,-0.002687085,-1
G055,G094,-0.0026978084,-1
G033,G051,-0.0027008932,-1
G077,G041,-0.0027091468,-1
G059,G088,-0.0027238764,-1
G034,G047,-0.0027276166,-1
G023,G078,-0.0027308501,-1
G083,G076,-0.0027378607,-1
G034,G025,-0.0027461743,-1
G034,G041,-0.0027538599,-1
G023,G083,-0.0027645356,-1
G014,G068,-0.0027813101,-1
G055,G059,-0.00279207,-1
G006,G016,-0.0027923393,-1
G059,G046,-0.002799147,-1
G029,G047,-0.002803798,-1
G034,G049,-0.0028043408,-1
G023,G089,-0.0028121148,-1
G004,G014,-0.002818257,-1
G034,G029,-0.002818595,-1
G023,G087,-0.0028212406,-1
G053,G009,-0.0028247382,-1
G014,G054,-0.0028491574,-1
G059,G078,-0.002852461,-1
G034,G089,-0.0028525477,-1
G002,G034,-0.0028572928,-1
G009,G011,-0.0028579675,-1
G017,G014,-0.0028609133,-1
G011,G023,-0.0028644232,-1
G059,G047,-0.0028676356,-1
G030,G059,-0.0028847817,-1
G034,G093,-0.002888372,-1
G096,G034,-0.0029112785,-1
G034,G092,-0.0029168648,-1
G013,G021,-0.002921779,-1
G017,G076,-0.0029399905,-1
G022,G004,-0.0029444557,-1
G023,G049,-0.0029484779,-1
G023,G085,-0.0029648908,-1
G019,G082,-0.0029652843,-1
G059,G084,-0.0029685749,-1
G053,G019,-0.0029915264,-1
G010,G047,-0.0029979933,-1
G023,G093,-0.0030064548,-1
G004,G001,-0.0030220144,-1
G019,G094,-0.0030271441,-1
G059,G087,-0.0030279628,-1
G037,G003,-0.0030284603,-1
G077,G093,-0.0030362816,-1
G059,G023,-0.0030368534,-1
G075,G010,-0.0030401128,-1
G055,G086,-0.0030602564,-1
G010,G002,-0.003076626,-1
G010,G059,-0.0030833317,-1
G059,G083,-0.003103718,-1
G023,G088,-0.003109811,-1
G034,G086,-0.0031106782,-1
G034,G085,-0.0031151029,-1
G059,G038,-0.0031248468,-1
G059,G092,-0.003126381,-1
G062,G028,-0.0031335824,-1
G055,G033,-0.0031572958,-1
G014,G010,-0.0031630695,-1
G070,G040,-0.0031640916,-1
G082,G007,-0.0031720304,-1
G023,G048,-0.0031824908,-1
G034,G031,-0.0031832762,-1
G079,G059,-0.003203331,-1
G034,G058,-0.003210615,-1
G023,G005,-0.0032388135,-1
G075,G011,-0.0032680423,-1
G034,G070,-0.0032714307,-1
G034,G054,-0.0033001306,-1
G021,G003,-0.0033123496,-1
G023,G038,-0.0033214642,-1
G007,G066,-0.0033365684,-1
G002,G096,-0.0033375495,-1
G023,G047,-0.0033543375,-1
G013,G037,-0.0033730285,-1
G069,G071,-0.0033803703,-1
G034,G005,-0.0033819969,-1
G004,G058,-0.0033872398,-1
G041,G004,-0.0034183033,-1
G017,G079,-0.0034394534,-1
G055,G023,-0.0034627367,-1
G040,G019,-0.0034682096,-1
G017,G036,-0.0034791923,-1
G003,G056,-0.0034800973,-1
G057,G002,-0.0035178887,-1
G008,G081,-0.0035416344,-1
G003,G059,-0.003547026,-1
G023,G081,-0.0035470722,-1
G004,G007,-0.0035476277,-1
G070,G034,-0.0035500408,-1
G023,G019,-0.0035572292,-1
G009,G019,-0.0035625112,-1
G023,G054,-0.003580545,-1
G006,G100,-0.0035819544,-1
G059,G075,-0.0035915906,-1
G016,G006,-0.0036178536,-1
G034,G023,-0.0036226723,-1
G034,G030,-0.0036333408,-1
G058,G023,-0.0036357995,-1
G055,G003,-0.0036406743,-1
G062,G019,-0.0036551976,-1
G039,G061,-0.0036635916,-1
G023,G077,-0.0036642412,-1
G075,G003,-0.0036803037,-1
G085,G090,-0.003701377,-1
G034,G075,-0.0037309271,-1
G023,G090,-0.0037489838,-1
G034,G090,-0.0037502467,-1
G056,G018,-0.003757917,-1
G018,G056,-0.003770042,-1
G059,G014,-0.0037718606,-1
G058,G004,-0.003782595,-1
G014,G025,-0.0037911683,-1
G023,G031,-0.003792502,-1
G022,G032,-0.003795444,-1
G057,G005,-0.0038011032,-1
G028,G075,-0.0038119822,-1
G007,G009,-0.0038198456,-1
G100,G016,-0.0038397745,-1
G057,G040,-0.003852774,-1
G077,G094,-0.003883341,-1
G059,G090,-0.0038906743,-1
G059,G096,-0.0038953363,-1
G058,G008,-0.0039115725,-1
G059,G031,-0.0039227363,-1
G059,G076,-0.0039252667,-1
G059,G054,-0.003948667,-1
G034,G033,-0.003958046,-1
G008,G069,-0.0039668684,-1
G037,G021,-0.003976055,-1
G021,G037,-0.0040026302,-1
G059,G091,-0.0040198998,-1
G034,G038,-0.0040351907,-1
G042,G095,-0.004037421,-1
G046,G058,-0.004056423,-1
G021,G013,-0.0040682675,-1
G044,G059,-0.004069062,-1
G059,G028,-0.0040846732,-1
G010,G082,-0.0041504786,-1
G017,G059,-0.004155836,-1
G010,G044,-0.0041638296,-1
G091,G032,-0.0041702962,-1
G023,G014,-0.0041881097,-1
G059,G005,-0.0041917716,-1
G005,G062,-0.0042112437,-1
G019,G090,-0.004225849,-1
G031,G019,-0.004237305,-1
G021,G069,-0.004241855,-1
G019,G059,-0.004276697,-1
G034,G039,-0.0042842543,-1
G032,G091,-0.004296349,-1
G082,G003,-0.004332927,-1
G033,G002,-0.0043907734,-1
G023,G075,-0.0044107595,-1
G057,G034,-0.0044138795,-1
G028,G046,-0.004423232,-1
G075,G035,-0.0044380645,-1
G002,G006,-0.004477212,-1
G034,G028,-0.0044921935,-1
G059,G081,-0.00450682,-1
G019,G040,-0.0045157927,-1
G053,G085,-0.00451774,-1
G034,G019,-0.004522299,-1
G023,G028,-0.004528602,-1
G023,G008,-0.0045532584,-1
G009,G053,-0.004563992,-1
G034,G008,-0.0045768605,-1
G100,G006,-0.004584497,-1
G023,G059,-0.004591188,-1
G001,G004,-0.004607494,-1
G081,G008,-0.0046536834,-1
G034,G059,-0.004688353,-1
G003,G082,-0.0047562434,-1
G016,G100,-0.0047785495,-1
G023,G042,-0.004780739,-1
G057,G010,-0.0048082215,-1
G019,G053,-0.004838591,-1
G005,G001,-0.0048813378,-1
G032,G022,-0.0049264035,-1
G059,G017,-0.0049269185,-1
G059,G019,-0.004932547,-1
G059,G058,-0.0049511483,-1
G033,G086,-0.0049682404,-1
G023,G011,-0.0049917917,-1
G034,G077,-0.0050469665,-1
G076,G083,-0.0050775567,-1
G077,G011,-0.0050907643,-1
G007,G001,-0.0051466753,-1
G005,G057,-0.0051607564,-1
G023,G086,-0.005165127,-1
G023,G057,-0.005165836,-1
G061,G072,-0.005199328,-1
G036,G007,-0.005206225,-1
G023,G040,-0.005218712,-1
G023,G034,-0.005224265,-1
G049,G014,-0.00524788,-1
G007,G044,-0.005249515,-1
G085,G040,-0.0052517545,-1
G023,G039,-0.0052607465,-1
G008,G034,-0.0052675167,-1
G003,G035,-0.005291095,-1
G059,G094,-0.0053653996,-1
G069,G021,-0.005395463,-1
G039,G010,-0.0054006805,-1
G005,G092,-0.005422262,-1
G040,G053,-0.0054463577,-1
G009,G091,-0.005460697,-1
G040,G085,-0.0054724487,-1
G007,G028,-0.0054815784,-1
G010,G100,-0.005500214,-1
G033,G093,-0.0056344867,-1
G040,G034,-0.005649246,-1
G003,G026,-0.005653927,-1
G031,G005,-0.0056645623,-1
G059,G057,-0.005669421,-1
G009,G076,-0.005699145,-1
G013,G069,-0.0057088663,-1
G005,G028,-0.0057592997,-1
G003,G091,-0.0057982528,-1
G028,G005,-0.005816055,-1
G034,G014,-0.005826907,-1
G086,G010,-0.0058715604,-1
G023,G033,-0.00587574,-1
G009,G082,-0.005923158,-1
G023,G082,-0.0059253005,-1
G017,G031,-0.006061288,-1
G031,G028,-0.0060689375,-1
G037,G013,-0.006155791,-1
G034,G094,-0.0062942756,-1
G005,G031,-0.006324394,-1
G015,G042,-0.006343133,-1
G059,G003,-0.006369109,-1
G059,G077,-0.006389893,-1
G100,G042,-0.0064984458,-1
G004,G055,-0.0065115057,-1
G059,G082,-0.006516201,-1
G092,G062,-0.0065454943,-1
G057,G014,-0.0065501234,-1
G059,G044,-0.006624206,-1
G011,G077,-0.006636272,-1
G069,G008,-0.0066678445,-1
G003,G032,-0.006670938,-1
G026,G003,-0.006679036,-1
G010,G034,-0.006777888,-1
G005,G075,-0.0068099485,-1
G037,G069,-0.006833216,-1
G009,G059,-0.0068637105,-1
G033,G009,-0.0068937405,-1
G075,G005,-0.0068973945,-1
G017,G008,-0.006986481,-1
G085,G053,-0.007001287,-1
G010,G039,-0.007055445,-1
G001,G007,-0.0071016317,-1
G005,G082,-0.0072594895,-1
G005,G064,-0.0072758,-1
G028,G056,-0.0073065516,-1
G091,G003,-0.007311334,-1
G059,G086,-0.0074299164,-1
G039,G046,-0.0075119636,-1
G069,G003,-0.0075418213,-1
G062,G005,-0.0075837937,-1
G083,G031,-0.0076373494,-1
G096,G088,-0.0077295178,-1
G059,G036,-0.0077972035,-1
G059,G079,-0.00784996,-1
G023,G003,-0.007877041,-1
G082,G009,-0.007957648,-1
G034,G057,-0.008005541,-1
G076,G009,-0.008009854,-1
G014,G049,-0.008054642,-1
G085,G019,-0.0080685215,-1
G056,G063,-0.008115225,-1
G008,G013,-0.00825021,-1
G003,G015,-0.008414256,-1
G050,G061,-0.008444353,-1
G069,G037,-0.0084721735,-1
G039,G042,-0.008475972,-1
G023,G055,-0.008520635,-1
G008,G022,-0.008531788,-1
G050,G009,-0.008574361,-1
G018,G039,-0.008579488,-1
G009,G077,-0.00858377,-1
G026,G073,-0.008657874,-1
G059,G033,-0.008709695,-1
G055,G004,-0.008788926,-1
G086,G009,-0.008798756,-1
G019,G085,-0.008865957,-1
G002,G088,-0.008896145,-1
G069,G013,-0.008959715,-1
G032,G003,-0.0090321135,-1
G054,G098,-0.009080034,-1
G022,G008,-0.00920639,-1
G077,G080,-0.009288994,-1
G009,G065,-0.009410479,-1
G065,G009,-0.009415026,-1
G003,G010,-0.009448638,-1
G083,G067,-0.009755507,-1
G004,G076,-0.009775419,-1
G010,G040,-0.009847669,-1
G005,G085,-0.009904867,-1
G034,G096,-0.009977702,-1
G057,G019,-0.010049221,-1
G014,G057,-0.010095679,-1
G048,G091,-0.010347232,-1
G067,G033,-0.010360546,-1
G058,G012,-0.010387782,-1
G017,G054,-0.010451903,-1
G077,G009,-0.010726492,-1
G005,G019,-0.010774141,-1
G099,G020,-0.010777585,-1
G004,G012,-0.010929617,-1
G096,G010,-0.011050497,-1
G023,G058,-0.011183013,-1
G040,G010,-0.011226965,-1
G057,G097,-0.011480147,-1
G010,G022,-0.011487522,-1
G035,G024,-0.011497164,-1
G091,G018,-0.011547331,-1
G019,G066,-0.011722025,-1
G082,G008,-0.011753224,-1
G010,G096,-0.012200063,-1
G010,G033,-0.012228891,-1
G078,G046,-0.012512889,-1
G072,G067,-0.012586815,-1
G031,G032,-0.012603137,-1
G076,G031,-0.012812227,-1
G084,G035,-0.012950852,-1
G076,G004,-0.013390808,-1
G032,G018,-0.013444419,-1
G040,G030,-0.013446859,-1
G038,G004,-0.013550058,-1
G059,G015,-0.013816671,-1
G047,G020,-0.013841121,-1
G003,G008,-0.013949273,-1
G023,G012,-0.014044408,-1
G046,G078,-0.014075458,-1
G019,G030,-0.014092556,-1
G062,G056,-0.014225116,-1
G004,G034,-0.01427033,-1
G049,G005,-0.01430021,-1
G059,G071,-0.014311725,-1
G093,G009,-0.014338816,-1
G030,G073,-0.0144849,-1
G055,G057,-0.0145514235,-1
G033,G010,-0.0147766,-1
G009,G017,-0.015042093,-1
G097,G057,-0.0153984465,-1
G010,G055,-0.015453756,-1
G010,G042,-0.015619017,-1
G088,G063,-0.016054936,-1
G034,G088,-0.016409852,-1
G028,G029,-0.016770767,-1
G055,G070,-0.016848948,-1
G019,G027,-0.01707284,-1
G009,G044,-0.017189357,-1
G062,G007,-0.01744671,-1
G019,G021,-0.01746427,-1
G004,G011,-0.01753561,-1
G027,G099,-0.01764301,-1
G082,G044,-0.017758306,-1
G011,G080,-0.017804706,-1
G065,G079,-0.018371264,-1
G030,G077,-0.018429488,-1
G053,G080,-0.018770397,-1
G026,G051,-0.01890744,-1
G096,G023,-0.018973382,-1
G040,G055,-0.01902066,-1
G095,G015,-0.019068003,-1
G009,G036,-0.01990925,-1
G078,G040,-0.019933928,-1
G085,G030,-0.020113418,-1
G057,G062,-0.020135216,-1
G089,G009,-0.02026078,-1
G010,G011,-0.020463865,-1
G034,G065,-0.020487463,-1
G009,G079,-0.020529184,-1
G039,G072,-0.020583976,-1
G005,G003,-0.021323305,-1
G014,G005,-0.02143261,-1
G018,G026,-0.02151716,-1
G005,G056,-0.021535099,-1
G019,G097,-0.021817733,-1
G010,G023,-0.021826228,-1
G014,G019,-0.021974403,-1
G078,G052,-0.022202697,-1
G011,G066,-0.022378286,-1
G029,G092,-0.022507953,-1
G057,G060,-0.022513248,-1
G015,G021,-0.022681441,-1
G030,G041,-0.022895241,-1
G008,G094,-0.023224,-1
G081,G087,-0.023379002,-1
G003,G018,-0.023386056,-1
G009,G003,-0.023408083,-1
G066,G075,-0.023445249,-1
G059,G069,-0.023495167,-1
G045,G022,-0.024383385,-1
G020,G002,-0.024465831,-1
G031,G064,-0.024569992,-1
G033,G011,-0.02486642,-1
G077,G017,-0.024874924,-1
G028,G003,-0.02530169,-1
G012,G060,-0.025656234,-1
G009,G021,-0.026486252,-1
G055,G034,-0.026697528,-1
G027,G015,-0.027613558,-1
G075,G007,-0.02806866,-1
G030,G008,-0.028232595,-1
G053,G030,-0.02845274,-1
G054,G015,-0.029159743,-1
G097,G062,-0.030087395,-1
G024,G003,-0.030174624,-1
G015,G012,-0.030931259,-1
G004,G006,-0.031554196,-1
G009,G008,-0.032202404,-1
G009,G069,-0.03458819,-1
G003,G001,-0.034603897,-1
G024,G051,-0.034776986,-1
G041,G009,-0.03519738,-1
G009,G037,-0.03599814,-1
G033,G017,-0.036883846,-1
G001,G006,-0.036978953,-1
G007,G056,-0.037017822,-1
G046,G052,-0.038301148,-1
G005,G006,-0.038571946,-1
G019,G061,-0.039250314,-1
G009,G013,-0.040617224,-1
G067,G034,-0.04073835,-1
G037,G022,-0.04131234,-1
G044,G004,-0.04133292,-1
G039,G009,-0.041694902,-1
G028,G026,-0.04221523,-1
G007,G018,-0.042327177,-1
G065,G024,-0.04240887,-1
G053,G003,-0.042461477,-1
G056,G067,-0.042854305,-1
G010,G009,-0.04311125,-1
G029,G008,-0.043129414,-1
G005,G016,-0.044039983,-1
G038,G035,-0.044050466,-1
G061,G098,-0.044057325,-1
G022,G020,-0.04433253,-1
G054,G019,-0.044810824,-1
G049,G009,-0.045785923,-1
G003,G004,-0.045970682,-1
G034,G043,-0.04762862,-1
G010,G076,-0.050552618,-1
G008,G027,-0.050945695,-1
G052,G063,-0.051083226,-1
G063,G045,-0.05158885,-1
G087,G025,-0.05197685,-1
G040,G015,-0.052880656,-1
G059,G068,-0.053847115,-1
G094,G065,-0.054099873,-1
G048,G022,-0.054925818,-1
G005,G100,-0.055485185,-1
G051,G011,-0.056854285,-1
G077,G065,-0.058612093,-1
G090,G053,-0.059966158,-1
G019,G050,-0.06088747,-1
G002,G074,-0.060978405,-1
G037,G008,-0.061966542,-1
G030,G081,-0.06295454,-1
G035,G007,-0.063216254,-1
G045,G032,-0.06375153,-1
G026,G008,-0.06435957,-1
G017,G002,-0.065119036,-1
G003,G007,-0.065510064,-1
G093,G017,-0.06565536,-1
G089,G053,-0.0658136,-1
G002,G060,-0.06602956,-1
G090,G030,-0.066124454,-1
G092,G056,-0.06683981,-1
G053,G026,-0.066978574,-1
G076,G012,-0.067303635,-1
G081,G072,-0.06811502,-1
G074,G060,-0.0683557,-1
G010,G004,-0.06927526,-1
G028,G018,-0.06929669,-1
G011,G070,-0.07269875,-1
G004,G002,-0.074077316,-1
G025,G005,-0.082179315,-1
G046,G026,-0.0845253,-1
G014,G002,-0.08710817,-1
