Regulator,Target,Weight,Sign
G007,G075,0.07544098,1
G057,G055,0.0664564,1
G066,G011,0.065039605,1
G075,G066,0.063267656,1
G060,G057,0.05905792,1
G056,G005,0.057254933,1
G097,G019,0.055846646,1
G070,G055,0.05410844,1
G065,G034,0.05404174,1
G011,G033,0.053892136,1
G032,G031,0.050832577,1
G064,G031,0.050579503,1
G018,G003,0.050349306,1
G055,G040,0.050333835,1
G072,G039,0.049599495,1
G021,G015,0.04811477,1
G019,G014,0.047124628,1
G018,G032,0.045395367,1
G022,G010,0.045051828,1
G031,G076,0.044422347,1
G020,G047,0.0437632,1
G027,G019,0.041957047,1
G041,G030,0.041496877,1
G039,G018,0.04073295,1
G080,G011,0.040276386,1
G087,G081,0.039488386,1
G073,G026,0.039186206,1
G065,G008,0.039082043,1
G005,G049,0.03855809,1
G030,G085,0.038129717,1
G062,G057,0.037903383,1
G052,G046,0.037120927,1
G015,G003,0.036417104,1
G062,G097,0.035704747,1
G018,G091,0.035157107,1
G056,G092,0.03514713,1
G063,G052,0.034685,1
G069,G059,0.034622006,1
G008,G003,0.034570564,1
G065,G094,0.03446115,1
G029,G028,0.034303073,1
G036,G009,0.033871595,1
G017,G077,0.03330671,1
G012,G058,0.032971136,1
G030,G090,0.032648657,1
G070,G011,0.032578453,1
G099,G027,0.032536283,1
G012,G076,0.032448668,1
G079,G065,0.03214536,1
G025,G087,0.031718932,1
G012,G004,0.031534992,1
G015,G059,0.031415757,1
G008,G082,0.03134859,1
G034,G055,0.031181065,1
G023,G096,0.030703217,1
G002,G014,0.030303018,1
G034,G004,0.029983938,1
G042,G010,0.029630687,1
G031,G083,0.029625805,1
G004,G038,0.029204266,1
G071,G059,0.029147724,1
G017,G093,0.028980961,1
G077,G030,0.02875495,1
G026,G018,0.028493013,1
G033,G067,0.028278576,1
G056,G075,0.028063001,1
G063,G056,0.028054753,1
G053,G090,0.027860625,1
G088,G096,0.02687013,1
G019,G057,0.026770582,1
G026,G046,0.026654666,1
G018,G028,0.026616506,1
G092,G029,0.02644144,1
G009,G086,0.026324619,1
G032,G045,0.026113193,1
G072,G081,0.02579905,1
G053,G089,0.0257533,1
G094,G008,0.02555486,1
G044,G009,0.025440853,1
G098,G054,0.025172977,1
G030,G019,0.025144018,1
G043,G034,0.025099002,1
G088,G034,0.024436485,1
G068,G059,0.024415998,1
G052,G078,0.024086466,1
G011,G010,0.023804344,1
G012,G023,0.02310016,1
G010,G003,0.023035975,1
G042,G039,0.022465572,1
G007,G035,0.022180177,1
G004,G044,0.021969339,1
G085,G005,0.021932378,1
G023,G010,0.021846218,1
G074,G002,0.021716524,1
G010,G086,0.021585856,1
G019,G005,0.021397,1
G022,G048,0.021375569,1
G067,G056,0.021327723,1
G054,G017,0.021265632,1
G050,G019,0.021222752,1
G030,G040,0.020963652,1
G005,G014,0.020547114,1
G008,G058,0.020315472,1
G005,G025,0.020307556,1
G002,G017,0.020269623,1
G018,G007,0.020116312,1
G082,G005,0.020095533,1
G088,G002,0.019767568,1
G081,G030,0.019721858,1
G044,G082,0.019559016,1
G002,G004,0.019283859,1
G008,G009,0.019273372,1
G080,G077,0.019113384,1
G100,G005,0.01897182,1
G007,G003,0.01895282,1
G022,G037,0.018769596,1
G045,G063,0.018716242,1
G008,G037,0.01852233,1
G035,G084,0.0185191,1
G033,G070,0.018332705,1
G027,G008,0.018303873,1
G017,G009,0.01826339,1
G042,G100,0.01807929,1
G076,G010,0.017906372,1
G065,G077,0.017904716,1
G031,G017,0.017544856,1
G004,G010,0.017127095,1
G020,G022,0.017110728,1
G026,G028,0.01703944,1
G046,G063,0.016941577,1
G079,G009,0.016850317,1
G016,G005,0.016660614,1
G059,G009,0.016602945,1
G008,G023,0.016589431,1
G063,G046,0.01648422,1
G070,G033,0.016446816,1
G004,G003,0.015760778,1
G025,G081,0.0155571075,1
G013,G009,0.0154512515,1
G030,G053,0.015370228,1
G009,G033,0.015347537,1
G024,G065,0.015165606,1
G061,G019,0.014721705,1
G005,G068,0.01461278,1
G046,G039,0.014575607,1
G075,G018,0.01436514,1
G002,G057,0.014320294,1
G003,G009,0.014240566,1
G029,G056,0.014054558,1
G063,G078,0.013661294,1
G051,G024,0.013340521,1
G072,G061,0.013323646,1
G055,G010,0.013249289,1
G098,G061,0.012769385,1
G015,G040,0.012635732,1
G067,G005,0.012600209,1
G060,G002,0.012588849,1
G091,G009,0.012555993,1
G011,G051,0.0124839805,1
G044,G007,0.0123006245,1
G077,G002,0.012273923,1
G010,G070,0.012245863,1
G006,G001,0.012167341,1
G037,G009,0.012063191,1
G069,G009,0.011968123,1
G001,G003,0.01186066,1
G006,G005,0.011855315,1
G017,G033,0.0118012335,1
G008,G026,0.011697614,1
G026,G053,0.011316522,1
G061,G050,0.011096676,1
G056,G062,0.010898224,1
G043,G055,0.010654239,1
G083,G081,0.010285268,1
G018,G075,0.010261388,1
G035,G038,0.01006123,1
G006,G004,0.009978571,1
G055,G043,0.009906959,1
G085,G081,0.009737285,1
G003,G075,0.0096477335,1
G066,G007,0.009546293,1
G034,G067,0.009517447,1
G014,G050,0.009493376,1
G019,G054,0.009477486,1
G064,G005,0.009448831,1
G050,G014,0.0092921555,1
G056,G028,0.009239567,1
G060,G074,0.009173364,1
G004,G082,0.009155635,1
G040,G081,0.009111225,1
G042,G009,0.008951055,1
G081,G085,0.008929533,1
G015,G027,0.008901562,1
G022,G045,0.008896336,1
G056,G007,0.008860969,1
G060,G012,0.008761901,1
G089,G030,0.00869054,1
G002,G077,0.008545835,1
G043,G010,0.008532493,1
G008,G004,0.00815784,1
G028,G002,0.008129153,1
G005,G043,0.008091067,1
G039,G008,0.008049055,1
G008,G016,0.008020649,1
G060,G004,0.008017651,1
G070,G010,0.008012921,1
G019,G009,0.0079745585,1
G004,G041,0.007965742,1
G068,G009,0.007901621,1
G049,G100,0.007830582,1
G040,G057,0.007739558,1
G049,G036,0.007653983,1
G008,G019,0.007639436,1
G012,G055,0.0075783962,1
G002,G038,0.0075560496,1
G043,G004,0.0075530997,1
G025,G049,0.0075071724,1
G085,G008,0.007490708,1
G059,G008,0.007478726,1
G080,G053,0.0074641327,1
G009,G068,0.0074226237,1
G055,G060,0.0073414273,1
G021,G009,0.007295547,1
G012,G040,0.0072748777,1
G018,G004,0.007115145,1
G100,G014,0.0070697535,1
G078,G063,0.007030103,1
G003,G076,0.007002786,1
G005,G050,0.006984464,1
G024,G012,0.006981042,1
G061,G014,0.006970157,1
G027,G007,0.006917249,1
G009,G002,0.0068558673,1
G086,G004,0.0068404432,1
G009,G041,0.0068214773,1
G020,G006,0.0067620315,1
G054,G003,0.0067025037,1
G004,G043,0.0066635422,1
G034,G040,0.006660235,1
G015,G066,0.0065962104,1
G081,G025,0.0065936036,1
G099,G008,0.00657948,1
G030,G087,0.006561333,1
G007,G062,0.0065401522,1
G008,G017,0.0065084724,1
G008,G029,0.0064543947,1
G034,G060,0.00642295,1
G058,G030,0.0064220005,1
G069,G033,0.0063581993,1
G053,G073,0.006324722,1
G014,G097,0.0062983157,1
G067,G002,0.0062746163,1
G002,G053,0.0062650344,1
G014,G061,0.006257711,1
G069,G086,0.0062253173,1
G033,G066,0.006203914,1
G024,G035,0.0061981236,1
G066,G070,0.0061579933,1
G040,G007,0.0061107758,1
G005,G030,0.006105438,1
G008,G007,0.0060983244,1
G002,G069,0.006098079,1
G009,G049,0.0060776616,1
G042,G076,0.0060472246,1
G045,G056,0.006041769,1
G053,G032,0.0059393477,1
G054,G097,0.005913277,1
G081,G005,0.005898173,1
G049,G006,0.0058770734,1
G049,G016,0.0058399728,1
G092,G008,0.0057908813,1
G066,G019,0.0057542804,1
G081,G053,0.005725434,1
G015,G054,0.0056968876,1
G006,G038,0.0056409715,1
G094,G037,0.0056137447,1
G044,G069,0.005598917,1
G002,G009,0.005547254,1
G084,G007,0.0055267056,1
G073,G008,0.005510491,1
G046,G073,0.0055021676,1
G085,G025,0.005488766,1
G038,G002,0.0054785637,1
G007,G084,0.005441944,1
G051,G026,0.005410593,1
G020,G099,0.0053925393,1
G056,G025,0.0053895502,1
G052,G026,0.0053695897,1
G067,G075,0.005367094,1
G044,G071,0.0053567817,1
G011,G075,0.0053474647,1
G003,G027,0.0053372825,1
G085,G100,0.005332895,1
G033,G005,0.005299831,1
G055,G065,0.0052906545,1
G059,G021,0.0052704,1
G027,G082,0.005251211,1
G034,G024,0.00521344,1
G069,G089,0.005212503,1
G013,G086,0.00520713,1
G027,G058,0.005188148,1
G037,G070,0.0051475246,1
G003,G024,0.005095402,1
G005,G020,0.0050909277,1
G097,G007,0.0050901677,1
G023,G026,0.0050721974,1
G002,G020,0.00505201,1
G036,G060,0.005049871,1
G029,G011,0.005046629,1
G025,G085,0.004961869,1
G054,G014,0.0049270308,1
G035,G019,0.0048914235,1
G040,G097,0.0048867087,1
G051,G018,0.004885181,1
G074,G058,0.0048647257,1
G012,G015,0.0048339255,1
G044,G012,0.0048159957,1
G100,G049,0.004815107,1
G069,G060,0.0047786636,1
G016,G041,0.004717362,1
G013,G015,0.004717162,1
G082,G027,0.0046821204,1
G027,G060,0.004676653,1
G005,G032,0.004676289,1
G081,G098,0.004665751,1
G060,G026,0.004662806,1
G088,G017,0.004654152,1
G057,G050,0.0046486733,1
G086,G053,0.0046334215,1
G011,G037,0.004616246,1
G014,G016,0.004599663,1
G042,G044,0.004590586,1
G060,G017,0.0045896606,1
G033,G056,0.0045666723,1
G028,G067,0.0045616087,1
G009,G093,0.004559087,1
G060,G014,0.004556916,1
G003,G065,0.0045436565,1
G065,G090,0.0045287437,1
G093,G042,0.0045144227,1
G071,G060,0.004510578,1
G039,G036,0.0044974023,1
G080,G005,0.00446651,1
G065,G059,0.004460508,1
G012,G070,0.004429002,1
G008,G087,0.0044270786,1
G010,G007,0.0044260644,1
G053,G031,0.0044214716,1
G063,G091,0.0044037253,1
G074,G009,0.004392405,1
G056,G032,0.004388143,1
G076,G064,0.0043859202,1
G069,G068,0.004365906,1
G003,G078,0.004354769,1
G082,G004,0.0043513793,1
G060,G023,0.004351137,1
G044,G034,0.0043273,1
G067,G018,0.0043233526,1
G090,G015,0.004309861,1
G018,G009,0.0043029883,1
G008,G024,0.0043028626,1
G065,G030,0.0042946152,1
G036,G021,0.0042864196,1
G006,G049,0.0042841304,1
G025,G070,0.0042766193,1
G015,G094,0.00426921,1
G008,G018,0.004266384,1
G065,G067,0.004249055,1
G045,G012,0.004246738,1
G052,G072,0.0042438954,1
G002,G085,0.0042194873,1
G084,G017,0.004215209,1
G056,G029,0.0042068227,1
G015,G044,0.0042020017,1
G016,G049,0.0041984054,1
G035,G068,0.004193309,1
G025,G014,0.0041835927,1
G019,G002,0.004157917,1
G017,G013,0.004156929,1
G002,G078,0.0041559916,1
G074,G057,0.0041494267,1
G034,G035,0.0041432907,1
G008,G083,0.004115474,1
G079,G002,0.0041048676,1
G027,G055,0.0040880875,1
G066,G042,0.004078877,1
G008,G068,0.0040613,1
G003,G089,0.004049625,1
G009,G012,0.0040439134,1
G059,G037,0.004036386,1
G003,G012,0.004032649,1
G061,G034,0.0040187864,1
G076,G086,0.0040122815,1
G056,G100,0.004007524,1
G018,G027,0.0039967247,1
G053,G018,0.003989947,1
G030,G045,0.0039864336,1
G063,G057,0.0039854916,1
G016,G014,0.003972129,1
G060,G080,0.003963922,1
G092,G005,0.003963085,1
G056,G053,0.003941026,1
G008,G089,0.003915013,1
G063,G060,0.0039145225,1
G020,G010,0.0039012355,1
G086,G008,0.0039000886,1
G083,G090,0.0038942455,1
G045,G050,0.0038911847,1
G058,G020,0.0038878303,1
G033,G077,0.0038733385,1
G030,G065,0.003870924,1
G018,G052,0.0038430048,1
G013,G033,0.0038386502,1
G070,G005,0.003829715,1
G003,G034,0.0038235325,1
G068,G007,0.0038233846,1
G072,G026,0.003806228,1
G096,G081,0.0037996382,1
G060,G003,0.003799195,1
G092,G027,0.0037989088,1
G033,G021,0.0037985106,1
G030,G006,0.0037893832,1
G003,G025,0.003784628,1
G015,G095,0.0037700438,1
G041,G017,0.0037566256,1
G029,G003,0.003712778,1
G005,G067,0.0037027537,1
G025,G055,0.0036743756,1
G002,G003,0.0036661928,1
G028,G065,0.003660527,1
G037,G073,0.0036497326,1
G014,G100,0.0036467747,1
G026,G092,0.0036453002,1
G043,G044,0.0036204369,1
G026,G059,0.0036151023,1
G078,G071,0.003613663,1
G007,G022,0.0035960162,1
G045,G092,0.0035877496,1
G067,G017,0.0035875847,1
G025,G015,0.0035836145,1
G088,G074,0.003576851,1
G079,G060,0.0035745706,1
G013,G030,0.0035737283,1
G019,G074,0.0035680123,1
G074,G004,0.0035622208,1
G067,G062,0.0035616383,1
G008,G033,0.003559274,1
G064,G008,0.0035573742,1
G028,G045,0.003555619,1
G085,G098,0.0035324667,1
G060,G040,0.0035289293,1
G066,G020,0.0035079936,1
G018,G024,0.0034997636,1
G091,G021,0.0034910962,1
G082,G022,0.0034864042,1
G091,G016,0.003477874,1
G090,G040,0.0034635414,1
G065,G012,0.0034567767,1
G051,G080,0.003445015,1
G068,G087,0.0034282366,1
G095,G010,0.0034246533,1
G001,G048,0.0034078078,1
G012,G003,0.0034046676,1
G025,G008,0.0033813315,1
G026,G085,0.003378145,1
G078,G011,0.0033639723,1
G062,G055,0.0033534297,1
G075,G017,0.0033495934,1
G017,G081,0.0033438327,1
G088,G020,0.0033299618,1
G074,G018,0.0033242754,1
G002,G052,0.0033193252,1
G047,G002,0.0033173286,1
G064,G004,0.0033060012,1
G073,G033,0.0033017134,1
G002,G084,0.0032728228,1
G007,G053,0.003269412,1
G086,G049,0.0032316959,1
G021,G002,0.0032295282,1
G100,G068,0.003223925,1
G053,G057,0.0032173314,1
G036,G069,0.00321402,1
G005,G061,0.0032040998,1
G095,G080,0.0032013836,1
G013,G026,0.003195281,1
G051,G028,0.0031911742,1
G034,G010,0.003186492,1
G056,G003,0.0031720363,1
G004,G094,0.0031711613,1
G040,G060,0.003165137,1
G096,G022,0.0031373347,1
G045,G018,0.0031310844,1
G091,G008,0.0031300995,1
G094,G072,0.003129935,1
G065,G038,0.003125351,1
G063,G088,0.0031233525,1
G008,G086,0.0031185905,1
G033,G006,0.003116546,1
G085,G073,0.0031138235,1
G061,G022,0.003111524,1
G049,G033,0.003109888,1
G073,G046,0.0031009654,1
G006,G052,0.0030948976,1
G005,G046,0.0030937467,1
G042,G018,0.003084508,1
G028,G015,0.003083408,1
G010,G036,0.0030735717,1
G051,G066,0.003061631,1
G065,G096,0.003059337,1
G088,G060,0.0030540507,1
G022,G056,0.003047245,1
G066,G026,0.0030396925,1
G033,G008,0.003035707,1
G004,G021,0.0030312676,1
G099,G030,0.0030228235,1
G025,G057,0.0030128951,1
G095,G007,0.0030072124,1
G024,G034,0.0029888856,1
G087,G060,0.0029577455,1
G007,G039,0.0029558511,1
G089,G055,0.0029470143,1
G030,G100,0.002945256,1
G098,G019,0.0029437288,1
G078,G074,0.0029405998,1
G046,G006,0.0029381388,1
G093,G065,0.0029236227,1
G052,G058,0.0029221089,1
G100,G025,0.0029214085,1
G024,G054,0.0029122408,1
G015,G068,0.0029091605,1
G010,G020,0.0029085614,1
G019,G037,0.0029035727,1
G010,G059,0.0029011643,1
G016,G095,0.0028967152,1
G039,G059,0.0028902688,1
G020,G012,0.002889499,1
G051,G022,0.0028803453,1
G009,G016,0.0028787502,1
G061,G005,0.0028703604,1
G073,G007,0.0028583582,1
G061,G094,0.0028450273,1
G041,G090,0.002841821,1
G008,G061,0.0028400403,1
G093,G050,0.0028391436,1
G039,G079,0.0028380335,1
G006,G014,0.002836631,1
G045,G026,0.002834856,1
G022,G049,0.0028314283,1
G097,G060,0.0028272476,1
G021,G027,0.0028163616,1
G001,G016,0.0028137816,1
G039,G044,0.002811253,1
G005,G051,0.0028044048,1
G038,G012,0.0028037527,1
G070,G076,0.002802485,1
G006,G026,0.0028011133,1
G002,G068,0.002799458,1
G050,G006,0.0027940325,1
G029,G099,0.0027860727,1
G021,G095,0.0027843209,1
G018,G080,0.0027834186,1
G057,G028,0.0027718954,1
G070,G053,0.002769764,1
G060,G046,0.0027672702,1
G063,G058,0.0027550848,1
G004,G079,0.0027538633,1
G084,G032,0.002750615,1
G060,G086,0.0027457192,1
G012,G059,0.0027384216,1
G078,G005,0.0027378763,1
G099,G012,0.002728018,1
G073,G047,0.0027261686,1
G060,G018,0.002724847,1
G074,G008,0.002724123,1
G059,G012,0.002722324,1
G060,G010,0.002717831,1
G024,G056,0.0027054183,1
G003,G083,0.0027039556,1
G072,G082,0.0027011896,1
G025,G064,0.002701158,1
G023,G060,0.0026983956,1
G014,G022,0.0026982538,1
G077,G090,0.0026896591,1
G052,G042,0.0026875217,1
G083,G030,0.0026814921,1
G025,G028,0.0026761945,1
G060,G052,0.0026737105,1
G072,G030,0.0026701652,1
G040,G021,0.0026604682,1
G074,G067,0.002660374,1
G059,G060,0.0026521408,1
G065,G002,0.0026481934,1
G028,G039,0.002646638,1
G072,G086,0.002645453,1
G034,G079,0.0026402334,1
G068,G013,0.0026352315,1
G022,G005,0.0026347334,1
G062,G070,0.0026222933,1
G013,G074,0.0026167138,1
G074,G063,0.0026161827,1
G006,G034,0.0026120383,1
G055,G081,0.0026105975,1
G057,G052,0.0026076753,1
G003,G028,0.0026063083,1
G029,G085,0.0026045458,1
G083,G032,0.0026012002,1
G041,G006,0.0025968861,1
G060,G058,0.0025960451,1
G047,G022,0.0025959217,1
G021,G014,0.0025885513,1
G036,G037,0.0025876341,1
G019,G072,0.0025874097,1
G060,G025,0.0025826655,1
G046,G016,0.0025793188,1
G076,G030,0.0025758692,1
G025,G078,0.002562604,1
G065,G047,0.0025592612,1
G008,G080,0.0025553056,1
G051,G060,0.0025501617,1
G072,G100,0.0025489996,1
G067,G089,0.002548935,1
G047,G069,0.0025435907,1
G074,G039,0.0025357984,1
G034,G053,0.0025344584,1
G086,G013,0.0025323639,1
G006,G068,0.0025308756,1
G053,G082,0.0025229265,1
G070,G075,0.0025176937,1
G002,G041,0.0025165246,1
G091,G027,0.0025022097,1
G057,G007,0.002497436,1
G082,G001,0.0024956155,1
G093,G077,0.0024873922,1
G063,G061,0.0024776992,1
G087,G032,0.0024770135,1
G079,G021,0.0024728861,1
G082,G069,0.0024728265,1
G067,G045,0.00247188,1
G044,G055,0.0024691492,1
G079,G049,0.0024628807,1
G006,G025,0.0024605317,1
G054,G057,0.0024602967,1
G005,G072,0.002451656,1
G021,G086,0.0024495577,1
G008,G055,0.0024490892,1
G012,G063,0.0024479495,1
G060,G029,0.0024442428,1
G062,G067,0.0024417033,1
G013,G050,0.0024408398,1
G029,G080,0.0024348577,1
G077,G056,0.0024283638,1
G029,G062,0.0024264953,1
G054,G070,0.0024238052,1
G005,G098,0.0024236764,1
G089,G015,0.002422798,1
G063,G011,0.0024212054,1
G034,G071,0.002417348,1
G048,G047,0.002413418,1
G019,G062,0.0024088675,1
G065,G023,0.0024047557,1
G025,G019,0.0024046078,1
G060,G050,0.0023929894,1
G097,G045,0.0023920045,1
G050,G005,0.0023905989,1
G073,G042,0.002386521,1
G051,G076,0.0023832212,1
G007,G036,0.0023825434,1
G007,G032,0.0023781667,1
G063,G030,0.0023768528,1
G024,G008,0.0023738176,1
G078,G045,0.0023730763,1
G016,G093,0.0023683952,1
G076,G058,0.0023647894,1
G093,G044,0.0023623793,1
G005,G087,0.002360936,1
G094,G089,0.0023602732,1
G041,G007,0.0023587449,1
G026,G075,0.002356452,1
G071,G066,0.0023524119,1
G013,G072,0.0023496598,1
G063,G031,0.0023447596,1
G086,G067,0.0023418872,1
G017,G015,0.002340102,1
G054,G090,0.0023328613,1
G077,G042,0.002330697,1
G031,G018,0.0023254026,1
G007,G061,0.002318059,1
G027,G020,0.002316851,1
G027,G012,0.0023158535,1
G027,G001,0.002313434,1
G049,G040,0.0023118446,1
G012,G053,0.002308611,1
G082,G025,0.0023011738,1
G073,G040,0.0022992762,1
G076,G045,0.0022983695,1
G100,G019,0.0022975807,1
G049,G056,0.0022899352,1
G036,G004,0.0022868149,1
G002,G093,0.0022818209,1
G010,G058,0.0022801107,1
G019,G013,0.0022797228,1
G039,G060,0.002275281,1
G059,G051,0.0022709596,1
G058,G087,0.0022651926,1
G041,G081,0.0022606358,1
G035,G075,0.002257989,1
G010,G031,0.0022555399,1
G074,G077,0.0022550619,1
G068,G024,0.0022538027,1
G033,G069,0.0022478537,1
G042,G036,0.0022468867,1
G056,G087,0.0022437698,1
G041,G065,0.002235826,1
G096,G017,0.0022342396,1
G066,G040,0.0022339076,1
G014,G062,0.0022318384,1
G074,G061,0.0022311015,1
G043,G049,0.002228646,1
G083,G011,0.0022280524,1
G007,G005,0.0022227988,1
G037,G086,0.0022162935,1
G061,G011,0.0022156881,1
G066,G002,0.0022102334,1
G051,G010,0.002209919,1
G080,G092,0.002208778,1
G018,G019,0.0022070995,1
G050,G015,0.002205897,1
G027,G050,0.0022001602,1
G021,G077,0.0021993755,1
G021,G023,0.0021980586,1
G073,G063,0.002188622,1
G004,G048,0.0021868385,1
G012,G030,0.0021864746,1
G071,G042,0.0021796324,1
G020,G069,0.0021791777,1
G051,G033,0.002166726,1
G016,G052,0.0021664526,1
G033,G022,0.0021639415,1
G014,G070,0.0021608884,1
G024,G094,0.0021595731,1
G031,G022,0.0021512245,1
G090,G019,0.0021415425,1
G098,G082,0.002140853,1
G029,G002,0.0021342775,1
G049,G029,0.0021340132,1
G049,G044,0.0021308206,1
G025,G077,0.0021295738,1
G087,G023,0.0021288472,1
G007,G002,0.002126543,1
G091,G068,0.0021168853,1
G036,G015,0.00211472,1
G018,G046,0.002110721,1
G079,G100,0.0021100366,1
G098,G072,0.0021020293,1
G077,G005,0.0021005308,1
G013,G018,0.0020984625,1
G095,G025,0.002095185,1
G037,G068,0.0020887286,1
G048,G006,0.0020875738,1
G003,G053,0.0020836308,1
G029,G069,0.0020789267,1
G095,G038,0.0020787092,1
G025,G068,0.0020769422,1
G017,G065,0.0020761408,1
G090,G094,0.0020759937,1
G003,G073,0.0020757604,1
G003,G071,0.0020724009,1
G024,G093,0.0020716523,1
G024,G084,0.0020713347,1
G038,G025,0.00207067,1
G024,G033,0.0020693033,1
G028,G091,0.0020691145,1
G053,G081,0.00206004,1
G072,G077,0.0020584003,1
G064,G022,0.0020534147,1
G082,G068,0.0020521833,1
G070,G088,0.0020408172,1
G012,G044,0.0020403801,1
G077,G081,0.0020374146,1
G032,G080,0.002034255,1
G041,G073,0.0020317165,1
G095,G092,0.0020242578,1
G026,G082,0.0020238573,1
G009,G051,0.0020231295,1
G006,G045,0.0020218592,1
G001,G043,0.0020208666,1
G026,G005,0.0020136836,1
G032,G047,0.0020081275,1
G059,G052,0.0020052155,1
G044,G060,0.0020043137,1
G024,G015,0.0019995272,1
G025,G029,0.0019906508,1
G090,G085,0.001988086,1
G004,G016,0.0019863648,1
G011,G082,0.0019852824,1
G010,G080,0.0019836724,1
G081,G058,0.001983529,1
G067,G010,0.0019813506,1
G026,G069,0.0019766458,1
G050,G022,0.0019712944,1
G026,G048,0.0019681025,1
G014,G088,0.0019667123,1
G025,G056,0.0019665766,1
G004,G050,0.0019617372,1
G094,G009,0.0019616964,1
G011,G004,0.0019613216,1
G064,G071,0.00195073,1
G083,G023,0.0019488124,1
G016,G068,0.0019478535,1
G082,G010,0.0019464777,1
G038,G001,0.0019423349,1
G080,G043,0.0019403986,1
G035,G026,0.0019402053,1
G038,G034,0.0019385534,1
G057,G043,0.0019384174,1
G043,G081,0.0019350521,1
G047,G037,0.0019327813,1
G024,G018,0.0019302117,1
G055,G015,0.0019292419,1
G034,G074,0.00192825,1
G087,G095,0.0019266773,1
G056,G016,0.0019263604,1
G092,G099,0.0019258343,1
G003,G081,0.0019205448,1
G050,G025,0.0019185436,1
G035,G044,0.0019176555,1
G083,G086,0.0019169616,1
G026,G016,0.0019071305,1
G079,G008,0.0019048423,1
G089,G085,0.001903616,1
G008,G071,0.0019021044,1
G030,G082,0.0019014652,1
G006,G022,0.0019013291,1
G022,G058,0.0019004312,1
G003,G038,0.0018983412,1
G047,G023,0.001898042,1
G062,G072,0.0018979182,1
G040,G043,0.0018959063,1
G044,G051,0.0018957811,1
G067,G076,0.0018941086,1
G035,G027,0.0018925902,1
G016,G098,0.001887352,1
G026,G058,0.0018838403,1
G100,G057,0.0018803724,1
G097,G079,0.0018764253,1
G006,G019,0.0018760379,1
G046,G043,0.001874917,1
G035,G069,0.001871698,1
G006,G028,0.0018699189,1
G050,G002,0.0018693112,1
G054,G004,0.0018689113,1
G087,G090,0.0018672422,1
G099,G042,0.001866524,1
G054,G037,0.0018656811,1
G049,G017,0.0018584034,1
G060,G038,0.0018578088,1
G079,G037,0.0018549185,1
G022,G034,0.0018544812,1
G002,G071,0.0018542118,1
G055,G079,0.0018503572,1
G063,G086,0.0018489256,1
G051,G023,0.0018457047,1
G097,G015,0.0018438756,1
G061,G016,0.0018393347,1
G092,G034,0.0018391564,1
G016,G002,0.0018243702,1
G084,G068,0.0018197921,1
G056,G046,0.0018179907,1
G011,G001,0.00181776,1
G081,G019,0.0018163311,1
G073,G090,0.0018161588,1
G012,G084,0.0018088968,1
G042,G005,0.0018074199,1
G054,G027,0.0018073546,1
G081,G047,0.0018037303,1
G051,G094,0.001801898,1
G065,G001,0.0017977464,1
G063,G072,0.0017977329,1
G017,G089,0.0017969115,1
G075,G056,0.0017964875,1
G045,G025,0.0017959613,1
G007,G026,0.0017950626,1
G010,G057,0.00178874,1
G027,G044,0.0017878471,1
G038,G073,0.0017845719,1
G089,G034,0.0017844426,1
G017,G006,0.0017822456,1
G035,G037,0.0017819781,1
G093,G040,0.0017808686,1
G080,G088,0.0017740536,1
G016,G031,0.0017736729,1
G026,G050,0.0017688291,1
G034,G021,0.0017681115,1
G058,G098,0.001768056,1
G031,G030,0.0017679571,1
G007,G031,0.0017659146,1
G077,G060,0.0017630338,1
G033,G034,0.0017595945,1
G060,G078,0.0017591639,1
G060,G032,0.001754306,1
G049,G060,0.0017534073,1
G093,G055,0.0017525651,1
G017,G051,0.0017504222,1
G012,G092,0.0017490238,1
G002,G036,0.0017454983,1
G090,G058,0.0017422304,1
G041,G075,0.0017365194,1
G084,G067,0.0017361173,1
G003,G100,0.001731115,1
G001,G082,0.0017308423,1
G084,G071,0.0017306767,1
G022,G077,0.0017298219,1
G061,G037,0.0017295578,1
G063,G017,0.0017286751,1
G059,G035,0.0017274006,1
G085,G004,0.0017255549,1
G080,G038,0.0017223462,1
G086,G037,0.0017221227,1
G051,G029,0.0017187222,1
G058,G063,0.0017168007,1
G089,G040,0.0017150269,1
G006,G010,0.0017147141,1
G055,G026,0.001712784,1
G077,G006,0.0017057445,1
G014,G027,0.0017032202,1
G016,G032,0.0017018782,1
G036,G013,0.0016977567,1
G045,G007,0.0016961539,1
G080,G020,0.0016931505,1
G053,G041,0.0016917099,1
G098,G015,0.0016913052,1
G099,G052,0.0016910832,1
G063,G007,0.00168926,1
G047,G068,0.0016847302,1
G042,G060,0.0016835731,1
G036,G061,0.0016808228,1
G020,G063,0.0016801414,1
G085,G001,0.0016785639,1
G011,G008,0.001671698,1
G072,G069,0.0016698354,1
G079,G069,0.0016690582,1
G025,G017,0.0016634635,1
G067,G029,0.0016614555,1
G004,G013,0.0016556665,1
G025,G022,0.0016495001,1
G077,G100,0.0016485142,1
G053,G006,0.0016484121,1
G100,G053,0.0016478802,1
G079,G026,0.0016465799,1
G086,G064,0.0016420503,1
G056,G065,0.0016420432,1
G047,G038,0.0016408405,1
G070,G079,0.0016405493,1
G082,G036,0.0016365887,1
G049,G032,0.0016341775,1
G043,G089,0.0016324013,1
G001,G053,0.001628275,1
G033,G037,0.001627546,1
G013,G053,0.0016260424,1
G009,G070,0.0016251344,1
G090,G013,0.0016138642,1
G100,G084,0.0016124153,1
G090,G077,0.0016122471,1
G008,G090,0.0016119359,1
G036,G026,0.0016095728,1
G005,G023,0.0016076837,1
G045,G066,0.0016075053,1
G047,G084,0.001606978,1
G005,G053,0.0016062824,1
G087,G038,0.0016054312,1
G074,G100,0.0016039275,1
G020,G091,0.0016000352,1
G006,G095,0.0015978641,1
G073,G028,0.0015965451,1
G076,G005,0.0015929756,1
G054,G086,0.001590675,1
G037,G007,0.001586514,1
G018,G078,0.0015864223,1
G008,G036,0.0015862259,1
G071,G067,0.0015838357,1
G076,G087,0.0015828433,1
G070,G006,0.0015820536,1
G056,G004,0.001581431,1
G021,G018,0.0015813278,1
G074,G050,0.0015780334,1
G100,G024,0.0015769415,1
G042,G024,0.0015748908,1
G020,G015,0.0015694917,1
G040,G063,0.0015693452,1
G006,G042,0.001568001,1
G041,G047,0.0015673122,1
G098,G023,0.0015643068,1
G099,G036,0.0015631171,1
G006,G088,0.0015575571,1
G021,G039,0.0015575141,1
G089,G065,0.0015567619,1
G035,G100,0.001553333,1
G065,G017,0.0015523274,1
G068,G074,0.0015502427,1
G017,G019,0.0015488599,1
G038,G084,0.0015472951,1
G061,G081,0.0015471041,1
G026,G068,0.00154622,1
G070,G013,0.0015412229,1
G067,G069,0.0015398131,1
G065,G043,0.0015393788,1
G014,G067,0.0015387759,1
G008,G028,0.0015376736,1
G098,G080,0.0015364978,1
G027,G004,0.0015358862,1
G098,G060,0.0015323935,1
G081,G049,0.0015318083,1
G063,G044,0.0015273474,1
G080,G072,0.0015272788,1
G028,G010,0.00152565,1
G082,G017,0.001523436,1
G029,G098,0.0015206898,1
G018,G095,0.0015196259,1
G063,G009,0.0015188551,1
G021,G042,0.0015174119,1
G087,G050,0.0015146905,1
G002,G030,0.0015143548,1
G038,G083,0.0015137012,1
G053,G043,0.0015123278,1
G051,G091,0.0015122055,1
G006,G027,0.0015117548,1
G061,G080,0.0015099742,1
G063,G062,0.0015087039,1
G015,G002,0.0015060814,1
G055,G076,0.001505053,1
G075,G009,0.0015037775,1
G058,G051,0.0015025896,1
G086,G085,0.0015025001,1
G020,G027,0.0015009233,1
G021,G032,0.0015007386,1
G052,G051,0.0015002214,1
G088,G064,0.0014993773,1
G053,G064,0.0014991713,1
G060,G056,0.0014949482,1
G085,G003,0.0014939677,1
G031,G074,0.0014929324,1
G068,G016,0.0014924082,1
G065,G007,0.0014870644,1
G013,G007,0.0014868777,1
G059,G050,0.0014843394,1
G016,G087,0.0014833786,1
G069,G087,0.001482352,1
G032,G026,0.0014818481,1
G089,G005,0.001480573,1
G004,G093,0.001478537,1
G061,G070,0.0014772374,1
G093,G010,0.0014706157,1
G047,G059,0.001469836,1
G039,G092,0.0014673786,1
G028,G061,0.0014671005,1
G070,G029,0.0014666636,1
G043,G022,0.0014663792,1
G026,G099,0.0014629235,1
G060,G061,0.0014622397,1
G001,G041,0.0014617265,1
G050,G007,0.0014594411,1
G091,G067,0.0014581828,1
G097,G063,0.0014543494,1
G043,G079,0.0014531875,1
G039,G033,0.0014526702,1
G049,G011,0.0014521348,1
G099,G058,0.0014411851,1
G067,G098,0.0014396205,1
G022,G012,0.0014370844,1
G053,G044,0.0014351828,1
G076,G100,0.0014346363,1
G012,G025,0.0014336663,1
G090,G048,0.0014327347,1
G098,G083,0.001432101,1
G065,G015,0.001428783,1
G050,G057,0.0014275111,1
G073,G011,0.0014274305,1
G001,G040,0.0014271351,1
G076,G023,0.0014268184,1
G095,G043,0.0014267641,1
G092,G047,0.0014235667,1
G008,G001,0.0014206038,1
G006,G012,0.0014205419,1
G035,G095,0.0014169982,1
G007,G067,0.0014152107,1
G056,G040,0.0014136715,1
G085,G006,0.0014122307,1
G015,G001,0.0014082218,1
G078,G087,0.0014078115,1
G020,G057,0.0014064981,1
G028,G073,0.00140506,1
G049,G024,0.0014031378,1
G040,G078,0.0014021728,1
G019,G023,0.0014010516,1
G048,G053,0.001400122,1
G031,G099,0.0013987054,1
G081,G007,0.0013984762,1
G032,G090,0.0013949083,1
G082,G080,0.0013946424,1
G040,G062,0.0013934126,1
G098,G010,0.0013901965,1
G025,G092,0.0013877405,1
G030,G023,0.0013876596,1
G030,G054,0.0013855076,1
G068,G065,0.0013844721,1
G098,G050,0.0013843153,1
G024,G021,0.0013840616,1
G016,G092,0.0013832197,1
G074,G014,0.001382672,1
G021,G048,0.0013786268,1
G004,G033,0.0013785723,1
G016,G044,0.0013747067,1
G019,G031,0.0013740716,1
G007,G063,0.0013724429,1
G056,G008,0.0013723008,1
G092,G074,0.0013716966,1
G097,G083,0.0013710009,1
G013,G021,0.0013686235,1
G061,G068,0.0013662014,1
G072,G083,0.0013657791,1
G055,G053,0.0013621906,1
G050,G036,0.0013618692,1
G067,G072,0.0013609912,1
G026,G091,0.001357681,1
G063,G029,0.0013552279,1
G043,G015,0.0013511137,1
G076,G082,0.0013506723,1
G022,G078,0.001349371,1
G026,G081,0.0013488735,1
G041,G064,0.0013476966,1
G086,G040,0.001346547,1
G075,G088,0.0013419426,1
G100,G097,0.001339394,1
G030,G012,0.0013357464,1
G012,G020,0.0013317907,1
G092,G006,0.0013311818,1
G070,G095,0.0013302189,1
G016,G033,0.0013220061,1
G042,G014,0.0013219224,1
G062,G020,0.0013173509,1
G032,G100,0.0013170434,1
G051,G047,0.0013134732,1
G022,G100,0.0013128994,1
G017,G016,0.0013110716,1
G038,G093,0.0013104203,1
G074,G022,0.0013062081,1
G028,G012,0.0013060719,1
G021,G075,0.0013053586,1
G053,G099,0.0013052729,1
G049,G091,0.0013044286,1
G054,G035,0.0013043518,1
G020,G085,0.0013040577,1
G007,G088,0.0013003818,1
G036,G022,0.0012980986,1
G077,G008,0.0012967419,1
G012,G032,0.0012960546,1
G038,G078,0.0012938792,1
G094,G064,0.0012927444,1
G020,G009,0.0012922726,1
G042,G082,0.0012920108,1
G004,G071,0.0012911544,1
G004,G028,0.0012891323,1
G079,G077,0.0012889856,1
G060,G066,0.0012881552,1
G054,G084,0.0012849171,1
G073,G088,0.0012787078,1
G090,G059,0.0012766806,1
G080,G063,0.0012752984,1
G061,G045,0.0012749187,1
G083,G004,0.0012736621,1
G048,G030,0.0012704695,1
G023,G080,0.0012697397,1
G037,G082,0.0012652641,1
G085,G022,0.0012620356,1
G010,G026,0.0012589811,1
G001,G051,0.0012582598,1
G027,G070,0.0012581593,1
G032,G024,0.0012571564,1
G054,G074,0.0012569841,1
G016,G099,0.001256682,1
G078,G042,0.0012558224,1
G077,G064,0.0012558037,1
G051,G063,0.0012549763,1
G022,G018,0.0012547992,1
G095,G073,0.0012541233,1
G038,G043,0.0012535667,1
G039,G026,0.0012518698,1
G058,G018,0.0012517467,1
G043,G074,0.0012499676,1
G074,G007,0.0012490758,1
G015,G053,0.0012473663,1
G048,G097,0.0012449468,1
G053,G068,0.0012440657,1
G089,G047,0.0012433958,1
G092,G063,0.0012429341,1
G034,G032,0.0012428873,1
G009,G085,0.0012380076,1
G053,G023,0.0012373959,1
G001,G042,0.0012369301,1
G013,G061,0.001235962,1
G100,G073,0.0012335879,1
G003,G013,0.0012329398,1
G049,G031,0.0012318384,1
G013,G024,0.0012287439,1
G061,G018,0.0012285714,1
G081,G063,0.0012284243,1
G046,G002,0.0012279997,1
G072,G097,0.0012277454,1
G086,G098,0.0012271038,1
G039,G086,0.0012260829,1
G003,G055,0.0012242512,1
G027,G021,0.0012217178,1
G042,G088,0.0012191305,1
G080,G070,0.0012183681,1
G062,G071,0.0012169878,1
G004,G073,0.0012123558,1
G068,G015,0.0012087938,1
G091,G013,0.0012074758,1
G002,G021,0.0012057085,1
G060,G043,0.0012052347,1
G095,G028,0.0012045214,1
G086,G095,0.0012039938,1
G022,G098,0.0012017799,1
G086,G076,0.0012013103,1
G013,G047,0.0012000813,1
G057,G074,0.0011995529,1
G093,G008,0.0011989657,1
G013,G011,0.001197932,1
G097,G093,0.0011966141,1
G086,G001,0.0011961359,1
G013,G006,0.0011953927,1
G093,G039,0.0011951178,1
G015,G023,0.0011928909,1
G001,G074,0.0011923752,1
G063,G094,0.0011883326,1
G025,G075,0.0011872967,1
G012,G095,0.0011871858,1
G032,G099,0.0011866859,1
G069,G046,0.0011857166,1
G095,G082,0.0011850182,1
G049,G095,0.0011842079,1
G067,G083,0.0011836538,1
G012,G072,0.001180256,1
G030,G035,0.00118004,1
G041,G059,0.0011796468,1
G003,G095,0.0011748534,1
G052,G049,0.0011736818,1
G028,G098,0.0011729413,1
G074,G036,0.0011722416,1
G080,G042,0.0011704952,1
G064,G044,0.0011703391,1
G087,G072,0.0011696593,1
G070,G035,0.0011672328,1
G041,G082,0.0011625662,1
G019,G010,0.0011616449,1
G012,G079,0.0011615391,1
G065,G037,0.0011612049,1
G072,G065,0.0011611686,1
G084,G019,0.0011598353,1
G086,G005,0.0011596363,1
G096,G083,0.0011591777,1
G063,G041,0.0011587404,1
G091,G019,0.0011571505,1
G004,G086,0.0011532473,1
G050,G063,0.0011531559,1
G014,G090,0.0011524364,1
G087,G006,0.0011522152,1
G063,G034,0.0011515807,1
G011,G089,0.0011514304,1
G015,G084,0.0011492954,1
G090,G061,0.001148679,1
G063,G035,0.0011458038,1
G092,G030,0.001145539,1
G098,G091,0.0011446512,1
G043,G094,0.0011442174,1
G058,G021,0.0011436994,1
G025,G082,0.0011417235,1
G008,G065,0.0011402399,1
G036,G043,0.0011383657,1
G044,G022,0.0011370544,1
G002,G040,0.0011366887,1
G021,G084,0.0011356614,1
G008,G015,0.0011348344,1
G046,G013,0.0011338867,1
G071,G017,0.0011332157,1
G062,G079,0.0011312374,1
G008,G079,0.001129698,1
G072,G071,0.0011280124,1
G053,G051,0.0011269595,1
G083,G084,0.0011261711,1
G050,G032,0.0011229452,1
G035,G032,0.0011227506,1
G008,G076,0.0011226126,1
G098,G068,0.0011216954,1
G063,G096,0.0011213495,1
G096,G060,0.0011199622,1
G058,G060,0.0011190942,1
G058,G015,0.0011177666,1
G074,G010,0.0011141112,1
G098,G003,0.0011134412,1
G075,G067,0.001111097,1
G052,G097,0.001108446,1
G049,G045,0.0011083884,1
G061,G054,0.001107655,1
G047,G027,0.0011072346,1
G029,G019,0.0011069879,1
G019,G093,0.0011061083,1
G035,G071,0.0011051313,1
G062,G041,0.0011016858,1
G060,G013,0.0010967723,1
G086,G069,0.0010934925,1
G050,G012,0.0010912362,1
G072,G003,0.00108666,1
G028,G064,0.0010854921,1
G087,G061,0.0010851254,1
G026,G038,0.0010818131,1
G008,G084,0.0010805731,1
G061,G095,0.0010788913,1
G017,G037,0.0010755494,1
G002,G075,0.0010739963,1
G048,G051,0.0010716675,1
G038,G085,0.0010708561,1
G047,G063,0.0010683495,1
G098,G006,0.0010674197,1
G006,G071,0.0010658145,1
G047,G006,0.0010654604,1
G027,G025,0.0010607694,1
G068,G069,0.0010575828,1
G082,G100,0.0010567997,1
G035,G082,0.0010561009,1
G086,G011,0.0010558305,1
G094,G079,0.0010542419,1
G016,G037,0.0010534449,1
G080,G051,0.001051016,1
G098,G052,0.0010506287,1
G071,G041,0.0010499046,1
G100,G055,0.0010495381,1
G033,G002,0.0010494259,1
G074,G017,0.0010487435,1
G096,G077,0.0010476568,1
G006,G083,0.0010474089,1
G068,G020,0.0010469366,1
G080,G001,0.001046879,1
G079,G006,0.0010466616,1
G091,G037,0.0010450546,1
G006,G059,0.001044883,1
G053,G038,0.0010416745,1
G017,G022,0.0010413338,1
G051,G096,0.0010402935,1
G026,G052,0.0010400342,1
G053,G037,0.0010399407,1
G063,G054,0.0010385815,1
G096,G011,0.0010382864,1
G084,G043,0.0010337414,1
G095,G078,0.0010312304,1
G072,G032,0.0010308309,1
G084,G018,0.0010298874,1
G019,G099,0.0010285103,1
G039,G016,0.0010263268,1
G026,G054,0.0010217555,1
G044,G081,0.0010201054,1
G007,G050,0.0010199279,1
G075,G079,0.001018071,1
G048,G007,0.0010174697,1
G081,G090,0.0010169544,1
G041,G055,0.0010137967,1
G050,G016,0.0010124154,1
G026,G094,0.0010120132,1
G007,G012,0.0010078921,1
G093,G068,0.0010071096,1
G065,G091,0.0010051474,1
G045,G084,0.0010011803,1
G065,G049,0.0010007613,1
G006,G090,0.0009992118,1
G063,G043,0.0009969712,1
G020,G036,0.0009963637,1
G013,G022,0.0009955146,1
G009,G018,0.0009940768,1
G094,G097,0.0009921818,1
G010,G065,0.0009916002,1
G025,G062,0.0009914627,1
G074,G038,0.0009910899,1
G040,G074,0.0009880043,1
G096,G099,0.0009872653,1
G085,G097,0.0009855165,1
G067,G025,0.0009853032,1
G087,G012,0.0009850615,1
G095,G026,0.0009829202,1
G001,G084,0.0009790447,1
G022,G062,0.0009787244,1
G058,G080,0.0009767928,1
G096,G071,0.00097602844,1
G048,G062,0.0009755336,1
G001,G061,0.0009738842,1
G073,G069,0.0009716403,1
G014,G098,0.0009715024,1
G019,G004,0.00097014,1
G021,G071,0.0009694933,1
G045,G023,0.00096918416,1
G059,G002,0.00096698117,1
G076,G071,0.0009658862,1
G028,G088,0.00096532324,1
G068,G001,0.0009638073,1
G030,G067,0.0009619228,1
G029,G058,0.0009613491,1
G068,G042,0.00096124463,1
G001,G066,0.000959154,1
G088,G051,0.00095820706,1
G091,G078,0.00095500366,1
G074,G027,0.0009532791,1
G014,G006,0.0009526498,1
G100,G082,0.0009488924,1
G085,G069,0.0009464708,1
G010,G001,0.0009432856,1
G026,G040,0.00094194984,1
G035,G097,0.0009400117,1
G035,G047,0.0009393967,1
G089,G086,0.0009367058,1
G033,G013,0.0009361168,1
G008,G012,0.0009359051,1
G040,G068,0.0009341906,1
G060,G091,0.0009327907,1
G044,G038,0.00092870893,1
G083,G062,0.00092845166,1
G086,G097,0.00092823425,1
G081,G099,0.00092797994,1
G073,G068,0.00092559046,1
G074,G079,0.00092372997,1
G048,G013,0.0009233495,1
G058,G089,0.0009222319,1
G078,G075,0.00092204113,1
G021,G012,0.00091998954,1
G003,G077,0.0009179931,1
G040,G065,0.0009165381,1
G064,G100,0.0009160189,1
G063,G068,0.0009132537,1
G004,G065,0.0009114743,1
G030,G022,0.000910179,1
G012,G021,0.00090995117,1
G005,G036,0.0009094282,1
G069,G024,0.0009072063,1
G002,G023,0.00090692926,1
G038,G056,0.00090641656,1
G011,G021,0.00090638717,1
G034,G003,0.0009058948,1
G064,G054,0.0009047365,1
G073,G019,0.00090302783,1
G020,G100,0.0008994571,1
G041,G036,0.0008965213,1
G001,G062,0.00089621794,1
G017,G058,0.00089605595,1
G081,G068,0.00089601876,1
G013,G066,0.0008945122,1
G054,G100,0.0008935862,1
G035,G086,0.00089345046,1
G022,G059,0.00089226046,1
G043,G096,0.0008911971,1
G082,G066,0.00088918884,1
G063,G066,0.00088862696,1
G071,G099,0.0008875325,1
G044,G065,0.0008868675,1
G089,G079,0.0008865182,1
G001,G076,0.0008845074,1
G011,G030,0.00087959145,1
G033,G089,0.00087888056,1
G041,G074,0.0008769615,1
G022,G054,0.0008753512,1
G095,G085,0.0008748882,1
G015,G100,0.0008718772,1
G007,G077,0.0008713634,1
G065,G057,0.0008706166,1
G087,G013,0.0008697318,1
G041,G042,0.0008649783,1
G042,G012,0.00086237636,1
G037,G041,0.0008620364,1
G074,G048,0.00086144696,1
G073,G013,0.0008613359,1
G040,G070,0.0008613227,1
G069,G096,0.0008608965,1
G039,G006,0.0008587397,1
G097,G018,0.0008569288,1
G078,G032,0.00085644255,1
G012,G094,0.00085034815,1
G057,G079,0.00084987894,1
G059,G081,0.0008494993,1
G025,G091,0.00084869127,1
G061,G027,0.0008485085,1
G077,G078,0.0008473108,1
G029,G045,0.0008469731,1
G083,G027,0.0008446879,1
G077,G079,0.000844225,1
G065,G011,0.00084388716,1
G095,G066,0.0008408214,1
G071,G056,0.0008398679,1
G043,G100,0.00083497044,1
G004,G037,0.0008340012,1
G050,G030,0.0008339552,1
G029,G018,0.0008339011,1
G006,G072,0.00083184126,1
G061,G004,0.00083158014,1
G018,G089,0.00083058665,1
G062,G052,0.000830292,1
G019,G081,0.00082966906,1
G099,G075,0.00082671136,1
G091,G012,0.00082593894,1
G088,G029,0.0008259101,1
G077,G034,0.00082308985,1
G100,G098,0.0008223136,1
G046,G044,0.00082109834,1
G064,G001,0.0008207701,1
G044,G056,0.000818981,1
G002,G024,0.00081800553,1
G022,G046,0.00081450626,1
G018,G006,0.00081361557,1
G016,G010,0.000813507,1
G094,G027,0.0008085194,1
G024,G049,0.00080850755,1
G100,G083,0.0008070646,1
G015,G091,0.000806484,1
G080,G085,0.00080582936,1
G059,G049,0.0008056953,1
G053,G084,0.0008056157,1
G065,G095,0.0008045156,1
G024,G045,0.00080442044,1
G096,G007,0.00080391695,1
G002,G037,0.0008032257,1
G080,G049,0.00080300454,1
G040,G100,0.0008028436,1
G024,G086,0.000800151,1
G010,G025,0.0007995898,1
G099,G001,0.0007986166,1
G071,G065,0.00079678657,1
G044,G080,0.0007940471,1
G024,G071,0.0007934863,1
G008,G040,0.0007928564,1
G003,G036,0.00079270033,1
G055,G088,0.00079223694,1
G035,G081,0.00078991934,1
G007,G069,0.0007895742,1
G030,G016,0.0007859567,1
G022,G093,0.0007842784,1
G047,G036,0.0007829853,1
G051,G099,0.0007829227,1
G005,G074,0.0007821654,1
G043,G016,0.00078181305,1
G040,G087,0.00078080554,1
G005,G002,0.00077919604,1
G013,G008,0.0007791847,1
G029,G053,0.00077731174,1
G072,G009,0.000777009,1
G090,G044,0.0007746318,1
G001,G009,0.0007733146,1
G013,G049,0.0007728607,1
G053,G052,0.000772795,1
G054,G093,0.0007727197,1
G056,G069,0.0007710085,1
G031,G093,0.000768641,1
G019,G016,0.00076807523,1
G029,G007,0.0007677854,1
G039,G098,0.00076694874,1
G050,G017,0.0007664465,1
G076,G006,0.00076607714,1
G081,G012,0.00076500734,1
G070,G002,0.0007647466,1
G002,G072,0.0007633417,1
G076,G016,0.00076314446,1
G073,G080,0.00076125923,1
G088,G067,0.00075753604,1
G022,G061,0.0007573076,1
G098,G020,0.00075684825,1
G056,G009,0.0007568438,1
G056,G083,0.0007564048,1
G051,G078,0.0007547655,1
G062,G044,0.0007540482,1
G025,G034,0.00075402786,1
G039,G024,0.000753905,1
G047,G100,0.0007523857,1
G004,G098,0.0007520699,1
G033,G045,0.0007518812,1
G090,G078,0.0007517379,1
G016,G084,0.0007506868,1
G078,G016,0.00075040315,1
G065,G016,0.0007502866,1
G094,G026,0.00074982876,1
G063,G019,0.00074973283,1
G070,G042,0.00074641,1
G065,G060,0.0007450413,1
G060,G028,0.0007443323,1
G049,G003,0.0007440176,1
G082,G060,0.00074381183,1
G057,G088,0.0007431162,1
G053,G050,0.0007428629,1
G097,G054,0.0007423018,1
G084,G014,0.0007412737,1
G097,G055,0.0007393906,1
G088,G083,0.0007384985,1
G080,G084,0.0007375325,1
G036,G072,0.0007372667,1
G025,G047,0.00073585863,1
G032,G039,0.0007356126,1
G021,G073,0.00073478796,1
G088,G043,0.00073337,1
G004,G064,0.00073330087,1
G098,G066,0.0007332718,1
G031,G084,0.00073301094,1
G060,G085,0.00073075667,1
G019,G015,0.0007281169,1
G082,G094,0.00072712963,1
G039,G014,0.00072441396,1
G063,G099,0.0007240777,1
G022,G029,0.0007221502,1
G023,G025,0.0007209046,1
G071,G023,0.00072033214,1
G061,G020,0.000719385,1
G021,G006,0.00071733596,1
G068,G043,0.0007170361,1
G013,G048,0.000715994,1
G037,G032,0.00071422063,1
G041,G098,0.00071413367,1
G066,G087,0.0007114774,1
G091,G069,0.0007099343,1
G067,G016,0.0007059747,1
G072,G060,0.0007041962,1
G018,G096,0.00070250157,1
G038,G054,0.0007020029,1
G009,G089,0.0007018636,1
G070,G018,0.0007003906,1
G091,G048,0.0006983762,1
G099,G056,0.0006962011,1
G069,G092,0.00069578935,1
G078,G048,0.00069576054,1
G047,G021,0.0006955378,1
G065,G045,0.0006952116,1
G052,G056,0.00069446943,1
G072,G004,0.0006918125,1
G016,G067,0.00069053855,1
G008,G030,0.0006893212,1
G038,G015,0.00068616203,1
G023,G024,0.00068597664,1
G094,G017,0.00068595685,1
G094,G080,0.0006843488,1
G058,G068,0.00068371446,1
G038,G061,0.00068355794,1
G084,G098,0.00068316853,1
G043,G031,0.00068256434,1
G029,G014,0.0006824455,1
G053,G065,0.0006812059,1
G008,G095,0.0006802286,1
G084,G028,0.00068011275,1
G099,G043,0.00067935034,1
G017,G100,0.0006788688,1
G014,G072,0.0006773085,1
G082,G081,0.0006772779,1
G052,G034,0.0006763264,1
G088,G041,0.0006758235,1
G051,G068,0.00067320524,1
G022,G019,0.00067166914,1
G006,G085,0.00067091966,1
G093,G091,0.00066970463,1
G076,G099,0.00066800654,1
G065,G033,0.0006667435,1
G076,G068,0.00066594087,1
G005,G022,0.00066341227,1
G064,G018,0.0006633968,1
G035,G048,0.0006628096,1
G063,G021,0.00066244375,1
G020,G083,0.00066089444,1
G026,G014,0.00066036155,1
G063,G079,0.00065907964,1
G029,G034,0.000658288,1
G011,G002,0.0006580223,1
G051,G083,0.00065614446,1
G050,G055,0.0006559626,1
G094,G044,0.00065493747,1
G025,G013,0.00065295055,1
G058,G007,0.00065179943,1
G003,G088,0.000651172,1
G061,G002,0.0006506684,1
G014,G076,0.00064925646,1
G062,G049,0.0006486144,1
G080,G064,0.00064854044,1
G082,G083,0.00064776646,1
G099,G055,0.0006470184,1
G081,G028,0.00064700056,1
G081,G039,0.0006466845,1
G058,G045,0.0006443823,1
G044,G083,0.00064278743,1
G049,G001,0.0006385881,1
G014,G003,0.00063549256,1
G100,G020,0.00063506817,1
G035,G043,0.00063498813,1
G030,G003,0.00063198974,1
G025,G071,0.00063025847,1
G025,G030,0.0006298609,1
G092,G064,0.00062839105,1
G099,G040,0.0006281016,1
G070,G026,0.000627518,1
G068,G085,0.00062683504,1
G093,G062,0.00062598486,1
G094,G034,0.00062527106,1
G081,G042,0.0006234971,1
G050,G097,0.00062272087,1
G054,G060,0.00061878585,1
G075,G064,0.0006182183,1
G067,G026,0.0006179581,1
G007,G096,0.0006173782,1
G007,G017,0.00061354,1
G020,G045,0.00061343063,1
G093,G020,0.00061260816,1
G022,G071,0.0006109589,1
G051,G062,0.00061067805,1
G036,G012,0.0006097768,1
G071,G087,0.0006094625,1
G015,G079,0.0006067959,1
G051,G079,0.00060460414,1
G081,G048,0.0006036292,1
G045,G038,0.000602826,1
G087,G062,0.0006024115,1
G068,G048,0.000600694,1
G049,G022,0.00060045853,1
G062,G046,0.00060002954,1
G026,G071,0.0005999154,1
G083,G034,0.0005991368,1
G046,G023,0.0005977805,1
G050,G049,0.0005975848,1
G079,G067,0.0005969575,1
G037,G080,0.0005964719,1
G096,G095,0.00059564266,1
G071,G057,0.00059419795,1
G038,G022,0.00059328723,1
G084,G039,0.0005927947,1
G045,G059,0.00059275015,1
G074,G095,0.00059200486,1
G007,G100,0.0005918289,1
G021,G070,0.0005911772,1
G050,G078,0.00058861857,1
G073,G048,0.0005879205,1
G012,G037,0.000585839,1
G031,G066,0.0005841521,1
G002,G047,0.00058389606,1
G028,G017,0.0005817921,1
G085,G055,0.00058119674,1
G061,G060,0.0005811965,1
G012,G098,0.0005807933,1
G017,G070,0.0005804241,1
G071,G068,0.0005798297,1
G022,G092,0.0005797171,1
G016,G059,0.0005791087,1
G058,G095,0.0005783393,1
G001,G098,0.00057776197,1
G037,G100,0.00057579385,1
G061,G097,0.0005757842,1
G050,G085,0.00057576224,1
G008,G047,0.00057443086,1
G030,G080,0.00057330733,1
G031,G034,0.0005729353,1
G029,G064,0.0005728679,1
G096,G038,0.0005727655,1
G003,G019,0.0005720536,1
G099,G009,0.00057180645,1
G063,G084,0.00057135854,1
G032,G089,0.00057127204,1
G016,G013,0.00057015027,1
G050,G098,0.00056948565,1
G088,G053,0.0005679971,1
G032,G097,0.00056780834,1
G001,G096,0.0005673832,1
G007,G038,0.00056683295,1
G029,G013,0.000566611,1
G023,G073,0.0005666022,1
G022,G009,0.0005661734,1
G094,G093,0.0005656226,1
G076,G036,0.0005652139,1
G003,G041,0.0005649793,1
G051,G006,0.0005644363,1
G073,G091,0.00056368526,1
G026,G030,0.00055872084,1
G022,G052,0.0005574583,1
G054,G091,0.0005569643,1
G097,G002,0.000556938,1
G074,G069,0.0005561197,1
G071,G014,0.0005553333,1
G071,G051,0.0005546802,1
G005,G008,0.0005505134,1
G073,G055,0.0005504967,1
G085,G041,0.00054946006,1
G094,G021,0.0005491409,1
G088,G024,0.0005478747,1
G038,G039,0.0005477025,1
G052,G008,0.0005475233,1
G012,G068,0.00054717396,1
G038,G053,0.00054663565,1
G013,G079,0.0005464546,1
G021,G010,0.00054544775,1
G007,G029,0.0005447746,1
G084,G070,0.0005442811,1
G099,G098,0.00054406,1
G020,G049,0.00054367015,1
G052,G071,0.0005435563,1
G013,G065,0.0005420454,1
G067,G053,0.0005409839,1
G097,G069,0.0005408811,1
G032,G020,0.000540675,1
G015,G020,0.0005397928,1
G040,G077,0.0005389222,1
G053,G045,0.0005377933,1
G084,G029,0.0005374078,1
G042,G037,0.0005365397,1
G007,G049,0.00053545885,1
G041,G079,0.00053442054,1
G006,G037,0.0005342381,1
G076,G094,0.000534117,1
G026,G020,0.0005339209,1
G041,G005,0.0005337766,1
G097,G017,0.00053310144,1
G081,G015,0.0005330703,1
G059,G093,0.0005324971,1
G077,G027,0.00053171243,1
G042,G017,0.00053111475,1
G039,G048,0.0005286914,1
G095,G054,0.00052749616,1
G086,G021,0.0005267502,1
G079,G018,0.00052587606,1
G087,G063,0.00052121206,1
G013,G098,0.0005198194,1
G086,G075,0.0005192187,1
G027,G028,0.0005191022,1
G040,G008,0.0005172899,1
G045,G031,0.0005160958,1
G002,G046,0.00051471335,1
G026,G022,0.00051449524,1
G094,G057,0.00051366264,1
G037,G098,0.0005125667,1
G010,G056,0.00051255693,1
G094,G068,0.0005122142,1
G071,G008,0.0005122086,1
G027,G016,0.0005113941,1
G006,G031,0.00051031716,1
G053,G066,0.000508682,1
G088,G014,0.00050864246,1
G036,G041,0.000507418,1
G015,G050,0.00050721853,1
G062,G065,0.0005071668,1
G056,G017,0.0005067656,1
G068,G029,0.0005063033,1
G034,G026,0.00050617853,1
G093,G006,0.0005054154,1
G011,G050,0.0005042379,1
G078,G041,0.0005041676,1
G083,G069,0.0005037611,1
G056,G051,0.0005031375,1
G080,G099,0.00050243636,1
G006,G008,0.00050117204,1
G027,G031,0.00050080125,1
G023,G009,0.0004984463,1
G071,G095,0.0004973354,1
G092,G052,0.00049610244,1
G041,G054,0.0004959989,1
G059,G066,0.0004955492,1
G053,G025,0.00049525115,1
G083,G061,0.00049411744,1
G071,G013,0.0004936546,1
G098,G043,0.00049276435,1
G098,G018,0.0004915474,1
G086,G030,0.00049151975,1
G083,G022,0.00049122097,1
G065,G027,0.0004886981,1
G013,G034,0.00048777982,1
G012,G029,0.00048720726,1
G018,G022,0.0004869832,1
G037,G016,0.000486602,1
G095,G090,0.00048603897,1
G052,G007,0.00048437604,1
G071,G007,0.00048418326,1
G069,G042,0.0004840518,1
G043,G059,0.000484028,1
G040,G042,0.00048325752,1
G078,G001,0.00047970482,1
G056,G047,0.0004796496,1
G035,G040,0.0004786847,1
G059,G013,0.0004784547,1
G020,G067,0.00047787704,1
G081,G036,0.0004777757,1
G067,G048,0.00047703923,1
G049,G072,0.0004767406,1
G043,G048,0.00047530676,1
G098,G077,0.00047465521,1
G033,G029,0.00047437754,1
G081,G054,0.00047416467,1
G008,G046,0.00047315398,1
G067,G022,0.00047235773,1
G037,G071,0.00047220098,1
G064,G040,0.00047082079,1
G081,G001,0.0004687611,1
G035,G057,0.0004678291,1
G084,G064,0.00046641205,1
G092,G013,0.00046508922,1
G048,G069,0.00046495447,1
G014,G065,0.00046483713,1
G016,G048,0.0004646045,1
G056,G091,0.00046374826,1
G090,G079,0.00046313863,1
G037,G043,0.00046310909,1
G033,G075,0.00046260838,1
G031,G061,0.00046168047,1
G089,G071,0.00046029218,1
G002,G097,0.00045988802,1
G035,G089,0.00045958208,1
G029,G082,0.00045944873,1
G082,G065,0.00045898385,1
G053,G002,0.0004587966,1
G006,G080,0.00045829554,1
G036,G006,0.00045732944,1
G091,G064,0.00045571427,1
G057,G068,0.0004539793,1
G058,G047,0.00045384507,1
G100,G034,0.00045369257,1
G060,G033,0.00045323797,1
G003,G022,0.00045256593,1
G020,G059,0.00045228616,1
G098,G026,0.0004519171,1
G024,G040,0.00045089115,1
G044,G092,0.000450519,1
G038,G042,0.0004499834,1
G023,G063,0.0004496068,1
G084,G057,0.00044797757,1
G026,G098,0.00044732128,1
G052,G014,0.00044654636,1
G078,G024,0.000445944,1
G026,G042,0.0004458572,1
G038,G051,0.0004453577,1
G060,G007,0.0004450269,1
G053,G054,0.00044491232,1
G015,G030,0.000444795,1
G035,G016,0.0004438986,1
G045,G100,0.0004417676,1
G088,G004,0.00044072996,1
G016,G011,0.00044035495,1
G029,G094,0.0004403119,1
G084,G081,0.00044008583,1
G053,G074,0.00043960684,1
G061,G017,0.00043949898,1
G094,G046,0.0004393323,1
G040,G051,0.0004384441,1
G032,G034,0.00043840305,1
G062,G027,0.00043744236,1
G058,G009,0.00043742944,1
G091,G051,0.00043697283,1
G017,G069,0.00043655923,1
G071,G073,0.0004340475,1
G067,G003,0.00043324436,1
G050,G008,0.0004321534,1
G044,G072,0.00042970688,1
G074,G082,0.00042907582,1
G018,G037,0.0004279101,1
G002,G018,0.00042730756,1
G098,G051,0.00042719097,1
G024,G027,0.00042712365,1
G011,G009,0.000426712,1
G072,G023,0.00042668998,1
G097,G001,0.00042531136,1
G012,G002,0.0004248115,1
G085,G017,0.00042376493,1
G031,G092,0.00042143025,1
G099,G010,0.00042091482,1
G025,G039,0.00042059892,1
G015,G024,0.00042054412,1
G005,G018,0.0004204029,1
G079,G088,0.0004196891,1
G098,G069,0.00041962983,1
G010,G038,0.00041940075,1
G080,G024,0.00041935904,1
G041,G086,0.0004185071,1
G021,G043,0.00041850685,1
G060,G065,0.0004182755,1
G095,G068,0.00041695178,1
G030,G096,0.00041576626,1
G057,G095,0.00041537805,1
G081,G080,0.00041317267,1
G096,G025,0.00041297037,1
G051,G084,0.00041259764,1
G013,G056,0.0004123954,1
G072,G016,0.00041080482,1
G024,G009,0.0004102034,1
G046,G022,0.00040942704,1
G050,G041,0.00040767036,1
G097,G026,0.00040748125,1
G007,G086,0.00040748116,1
G026,G033,0.0004072422,1
G014,G031,0.0004065421,1
G023,G070,0.0004063849,1
G031,G039,0.0004061515,1
G057,G003,0.00040587515,1
G032,G044,0.00040545137,1
G054,G008,0.00040534697,1
G026,G078,0.0004046933,1
G076,G074,0.0004044602,1
G070,G020,0.00040408658,1
G085,G067,0.00040355933,1
G027,G038,0.00040311163,1
G098,G024,0.00040305598,1
G017,G067,0.0004015924,1
G042,G064,0.00040008037,1
G064,G099,0.00039979632,1
G088,G095,0.00039915997,1
G077,G070,0.00039893368,1
G027,G098,0.00039824058,1
G090,G050,0.00039673533,1
G083,G042,0.0003965796,1
G098,G067,0.0003963876,1
G022,G079,0.00039508208,1
G091,G061,0.00039470574,1
G002,G050,0.00039445332,1
G047,G091,0.00039402803,1
G006,G055,0.0003937881,1
G029,G046,0.00039315925,1
G073,G022,0.0003915569,1
G045,G071,0.00039050126,1
G031,G035,0.0003883769,1
G092,G037,0.00038833384,1
G028,G032,0.0003882694,1
G066,G077,0.00038787053,1
G096,G040,0.0003872951,1
G037,G050,0.00038686345,1
G078,G055,0.00038579834,1
G076,G066,0.00038567957,1
G010,G091,0.0003849526,1
G020,G008,0.0003844372,1
G085,G074,0.00038407007,1
G030,G015,0.0003830787,1
G049,G084,0.0003825264,1
G091,G040,0.00038167517,1
G095,G052,0.00038149938,1
G028,G008,0.00038123885,1
G093,G057,0.00038053867,1
G014,G086,0.00038045977,1
G039,G023,0.0003797949,1
G087,G100,0.0003796352,1
G066,G006,0.00037876214,1
G006,G056,0.00037854956,1
G099,G065,0.00037746612,1
G097,G049,0.0003773656,1
G009,G035,0.00037734618,1
G001,G031,0.00037588069,1
G082,G062,0.00037582574,1
G091,G062,0.0003756684,1
G076,G052,0.0003751027,1
G065,G004,0.00037499028,1
G089,G062,0.00037484406,1
G097,G038,0.00037466522,1
G010,G018,0.00037383274,1
G004,G053,0.00037380567,1
G067,G021,0.00037336838,1
G045,G003,0.00037296498,1
G063,G024,0.00037188522,1
G084,G048,0.00037096275,1
G047,G009,0.00037040087,1
G083,G072,0.00037003876,1
G015,G074,0.00036965407,1
G091,G007,0.00036952674,1
G047,G015,0.00036933247,1
G045,G055,0.00036933192,1
G043,G011,0.00036865042,1
G004,G049,0.00036833118,1
G094,G087,0.00036810793,1
G097,G031,0.00036748633,1
G032,G004,0.00036728426,1
G032,G013,0.00036688944,1
G022,G039,0.0003657576,1
G063,G076,0.000365394,1
G039,G028,0.00036514198,1
G044,G013,0.0003648009,1
G003,G029,0.0003642901,1
G010,G094,0.00036364014,1
G021,G044,0.0003633223,1
G031,G026,0.00036328845,1
G089,G054,0.00036321543,1
G003,G031,0.00036164146,1
G012,G035,0.00036153485,1
G037,G025,0.0003611534,1
G066,G055,0.00036074812,1
G074,G029,0.0003602879,1
G033,G098,0.00035979098,1
G051,G061,0.00035934083,1
G094,G053,0.00035906554,1
G015,G039,0.0003589562,1
G052,G020,0.00035884682,1
G094,G078,0.00035864578,1
G071,G083,0.00035853699,1
G100,G017,0.00035817036,1
G025,G089,0.0003580491,1
G037,G024,0.00035758218,1
G050,G083,0.0003565827,1
G068,G096,0.00035657166,1
G078,G004,0.00035603798,1
G050,G020,0.00035591391,1
G038,G028,0.00035546004,1
G094,G066,0.0003553699,1
G065,G086,0.00035534884,1
G054,G072,0.00035493978,1
G002,G092,0.0003547904,1
G030,G094,0.00035463407,1
G035,G042,0.0003546264,1
G074,G035,0.00035434545,1
G099,G062,0.00035386154,1
G053,G016,0.0003532038,1
G099,G007,0.0003528529,1
G067,G037,0.00035185265,1
G022,G013,0.00035092016,1
G066,G084,0.00034998954,1
G014,G007,0.00034992624,1
G039,G004,0.00034974935,1
G047,G004,0.0003496168,1
G038,G014,0.00034924387,1
G025,G058,0.00034891075,1
G081,G062,0.00034879622,1
G001,G071,0.00034866866,1
G021,G064,0.00034862693,1
G045,G047,0.00034855946,1
G091,G070,0.0003485536,1
G096,G027,0.0003484004,1
G068,G010,0.00034818563,1
G015,G007,0.00034795937,1
G035,G045,0.00034758382,1
G030,G002,0.00034746283,1
G032,G070,0.00034665744,1
G057,G053,0.00034620153,1
G087,G027,0.00034549888,1
G090,G041,0.0003453658,1
G049,G099,0.00034524218,1
G048,G003,0.00034492742,1
G100,G059,0.0003447493,1
G077,G057,0.000344694,1
G022,G080,0.0003442595,1
G094,G028,0.00034363705,1
G047,G050,0.00034349397,1
G043,G019,0.0003427975,1
G076,G046,0.00034266978,1
G078,G035,0.00034255686,1
G071,G093,0.0003417221,1
G083,G087,0.00034153752,1
G076,G033,0.00034079436,1
G053,G014,0.00034055352,1
G074,G089,0.00034043242,1
G029,G065,0.00034006807,1
G018,G045,0.0003397129,1
G054,G053,0.00033957546,1
G018,G073,0.0003393407,1
G072,G037,0.0003392607,1
G086,G016,0.00033856544,1
G007,G037,0.00033817912,1
G044,G061,0.00033814524,1
G026,G029,0.0003377973,1
G058,G040,0.00033765557,1
G008,G041,0.00033665402,1
G008,G066,0.00033604837,1
G022,G087,0.00033574895,1
G089,G072,0.00033522275,1
G074,G091,0.00033518058,1
G063,G018,0.0003349635,1
G083,G018,0.00033287867,1
G007,G033,0.00033266304,1
G022,G026,0.00033244296,1
G078,G029,0.0003323778,1
G053,G036,0.00033082056,1
G084,G047,0.00033074748,1
G028,G013,0.00033043692,1
G035,G058,0.00033010423,1
G006,G058,0.0003298907,1
G067,G088,0.00032940382,1
G026,G087,0.0003292888,1
G070,G071,0.0003289464,1
G018,G090,0.00032833792,1
G082,G018,0.00032795107,1
G088,G097,0.0003278578,1
G016,G022,0.0003276871,1
G007,G097,0.00032699565,1
G092,G023,0.00032672513,1
G022,G035,0.00032617283,1
G001,G049,0.00032525347,1
G063,G040,0.00032505373,1
G030,G007,0.00032485393,1
G032,G086,0.00032437246,1
G004,G066,0.0003241935,1
G098,G009,0.00032419263,1
G065,G084,0.00032359443,1
G046,G070,0.00032318482,1
G087,G085,0.00032274824,1
G059,G061,0.00032262388,1
G020,G016,0.0003223612,1
G091,G024,0.0003220517,1
G081,G079,0.0003219918,1
G024,G037,0.000321796,1
G019,G007,0.00032164477,1
G016,G012,0.00032144526,1
G024,G047,0.00032066353,1
G049,G059,0.00032059365,1
G050,G051,0.0003205254,1
G090,G076,0.0003199432,1
G020,G051,0.00031990846,1
G083,G010,0.00031982877,1
G036,G008,0.00031904993,1
G066,G024,0.0003190126,1
G053,G011,0.00031882862,1
G070,G065,0.00031807198,1
G071,G058,0.00031778435,1
G062,G060,0.00031762946,1
G012,G080,0.00031651446,1
G007,G059,0.00031579874,1
G099,G053,0.0003150637,1
G081,G060,0.00031393813,1
G001,G020,0.00031373644,1
G025,G048,0.00031366645,1
G016,G009,0.0003136525,1
G045,G016,0.00031362567,1
G029,G006,0.00031319412,1
G072,G054,0.00031297692,1
G091,G023,0.00031285995,1
G077,G016,0.00031278652,1
G039,G067,0.00031269682,1
G048,G050,0.00031266874,1
G071,G029,0.00031256257,1
G027,G049,0.00031238212,1
G082,G031,0.00031043106,1
G051,G075,0.00031030446,1
G083,G057,0.00031009543,1
G008,G070,0.00030924348,1
G057,G066,0.00030920122,1
G067,G031,0.0003091591,1
G092,G051,0.00030903768,1
G043,G037,0.00030873436,1
G057,G004,0.00030870704,1
G018,G076,0.0003084205,1
G087,G053,0.00030787862,1
G089,G060,0.00030709975,1
G003,G086,0.00030688965,1
G007,G009,0.00030683095,1
G030,G061,0.0003062517,1
G039,G082,0.00030604156,1
G056,G020,0.00030588024,1
G068,G028,0.00030587325,1
G012,G018,0.00030541146,1
G064,G070,0.00030538393,1
G056,G026,0.00030501862,1
G035,G078,0.00030496332,1
G007,G087,0.00030427196,1
G013,G023,0.00030425834,1
G053,G060,0.00030406305,1
G088,G003,0.00030363863,1
G086,G093,0.0003034034,1
G016,G007,0.00030326925,1
G053,G078,0.00030270682,1
G038,G026,0.00030257815,1
G050,G095,0.0003018145,1
G038,G032,0.00030172014,1
G087,G079,0.0003017175,1
G087,G001,0.00030162482,1
G078,G072,0.0003014077,1
G020,G070,0.00030127636,1
G053,G067,0.00030100433,1
G043,G088,0.0003008391,1
G096,G024,0.0003006471,1
G050,G075,0.00030058122,1
G048,G060,0.000300297,1
G100,G051,0.00030021716,1
G012,G033,0.0003002064,1
G061,G008,0.00030019376,1
G068,G090,0.0003001672,1
G051,G090,0.0002998523,1
G094,G016,0.00029976162,1
G021,G051,0.00029968217,1
G021,G049,0.00029931913,1
G050,G040,0.00029912312,1
G047,G083,0.00029905944,1
G056,G037,0.0002989401,1
G012,G039,0.00029873167,1
G095,G011,0.00029803315,1
G062,G004,0.00029721032,1
G060,G041,0.00029714935,1
G048,G071,0.00029707508,1
G005,G066,0.00029697115,1
G036,G081,0.00029696155,1
G050,G069,0.0002969422,1
G095,G031,0.00029689947,1
G015,G035,0.00029641535,1
G067,G060,0.00029504028,1
G011,G006,0.00029460408,1
G100,G091,0.0002941971,1
G098,G049,0.00029378675,1
G077,G097,0.00029363288,1
G036,G030,0.00029298008,1
G027,G023,0.00029197906,1
G012,G028,0.00029192292,1
G076,G034,0.00029143435,1
G099,G048,0.00029134838,1
G037,G020,0.00029080332,1
G067,G065,0.0002907445,1
G042,G049,0.00029057407,1
G034,G020,0.00029042436,1
G016,G027,0.0002903709,1
G037,G038,0.00028993556,1
G080,G027,0.00028983344,1
G046,G018,0.00028975777,1
G099,G072,0.0002896746,1
G068,G072,0.00028907263,1
G086,G051,0.0002884945,1
G095,G100,0.00028802964,1
G005,G042,0.00028799372,1
G097,G085,0.00028780868,1
G030,G009,0.00028751045,1
G090,G099,0.00028734107,1
G053,G098,0.0002873339,1
G068,G055,0.00028718854,1
G057,G022,0.0002869391,1
G079,G011,0.00028691228,1
G060,G001,0.00028688883,1
G018,G001,0.00028648836,1
G046,G072,0.00028616175,1
G093,G096,0.00028558166,1
G047,G090,0.00028534292,1
G069,G031,0.00028528334,1
G027,G003,0.00028514065,1
G066,G022,0.0002850654,1
G053,G027,0.00028500223,1
G060,G064,0.00028475173,1
G035,G013,0.0002845416,1
G045,G090,0.00028435423,1
G037,G002,0.00028433074,1
G065,G044,0.00028426255,1
G074,G025,0.00028419466,1
G085,G088,0.00028407446,1
G041,G080,0.00028396375,1
G098,G075,0.0002835178,1
G057,G098,0.0002826774,1
G049,G073,0.0002826177,1
G096,G053,0.00028248754,1
G064,G023,0.00028112918,1
G035,G088,0.00028066203,1
G099,G004,0.00028040487,1
G085,G023,0.00028040362,1
G009,G030,0.00028013773,1
G037,G095,0.00027929744,1
G080,G008,0.00027899796,1
G028,G097,0.00027890533,1
G082,G013,0.0002788509,1
G085,G072,0.0002787276,1
G016,G061,0.00027870206,1
G021,G033,0.00027859575,1
G002,G048,0.0002785825,1
G046,G100,0.00027803972,1
G026,G034,0.00027741378,1
G006,G046,0.00027700784,1
G047,G060,0.00027692752,1
G100,G031,0.0002765315,1
G090,G036,0.00027641837,1
G081,G071,0.00027639445,1
G050,G031,0.00027598024,1
G006,G044,0.00027591593,1
G055,G083,0.00027571383,1
G034,G005,0.00027552265,1
G042,G094,0.00027538973,1
G080,G071,0.0002747156,1
G093,G037,0.00027386966,1
G096,G029,0.00027365307,1
G076,G020,0.00027343674,1
G040,G069,0.00027321617,1
G075,G008,0.00027310543,1
G099,G050,0.0002730163,1
G061,G093,0.00027225656,1
G075,G069,0.0002717906,1
G097,G037,0.00027173047,1
G100,G056,0.0002714668,1
G100,G018,0.0002709952,1
G044,G018,0.00027098675,1
G070,G022,0.00027078413,1
G013,G002,0.0002707261,1
G054,G082,0.00027042447,1
G048,G031,0.00027038102,1
G044,G011,0.00026994638,1
G013,G029,0.00026974463,1
G060,G039,0.00026965473,1
G096,G082,0.000269475,1
G026,G011,0.00026870918,1
G051,G050,0.00026854587,1
G099,G066,0.0002685193,1
G092,G042,0.00026811357,1
G074,G051,0.00026781848,1
G025,G073,0.00026781566,1
G058,G037,0.00026758434,1
G100,G013,0.00026715943,1
G046,G034,0.0002664631,1
G094,G014,0.00026597295,1
G035,G025,0.0002658648,1
G076,G007,0.00026575496,1
G021,G100,0.00026510458,1
G051,G007,0.0002650546,1
G036,G027,0.0002643848,1
G099,G097,0.00026399398,1
G070,G016,0.000263656,1
G085,G012,0.00026359395,1
G039,G002,0.00026271175,1
G042,G097,0.00026270747,1
G100,G045,0.0002624196,1
G089,G092,0.00026157728,1
G001,G054,0.00026139355,1
G090,G086,0.00026137618,1
G045,G060,0.00026123427,1
G088,G050,0.00026099882,1
G076,G027,0.00026099614,1
G065,G050,0.0002604342,1
G080,G013,0.0002598911,1
G084,G015,0.0002590017,1
G082,G050,0.00025849137,1
G074,G068,0.0002581392,1
G085,G007,0.00025811556,1
G054,G073,0.00025770933,1
G051,G072,0.00025752548,1
G027,G009,0.00025725082,1
G039,G085,0.0002570576,1
G015,G045,0.00025700525,1
G034,G018,0.00025664043,1
G013,G097,0.0002565588,1
G008,G053,0.00025638638,1
G039,G055,0.00025629945,1
G078,G025,0.00025576897,1
G041,G091,0.00025565719,1
G003,G011,0.00025554432,1
G031,G023,0.0002549526,1
G062,G011,0.00025455342,1
G042,G025,0.00025410866,1
G013,G095,0.00025368776,1
G026,G031,0.0002534882,1
G090,G020,0.0002532449,1
G080,G069,0.00025315682,1
G068,G031,0.00025302186,1
G061,G064,0.00025298272,1
G014,G021,0.00025285664,1
G009,G064,0.00025153632,1
G026,G100,0.00025114266,1
G037,G074,0.00025102578,1
G064,G035,0.00025077089,1
G001,G046,0.00025024425,1
G015,G062,0.00024993604,1
G002,G013,0.00024967548,1
G060,G011,0.00024966098,1
G069,G095,0.0002493764,1
G025,G097,0.00024925623,1
G098,G032,0.0002490355,1
G095,G027,0.0002490108,1
G018,G011,0.0002487136,1
G020,G003,0.00024826103,1
G075,G092,0.00024762712,1
G048,G012,0.0002470373,1
G041,G072,0.00024694396,1
G062,G015,0.0002466803,1
G066,G056,0.0002463979,1
G054,G087,0.0002463837,1
G018,G008,0.00024637827,1
G053,G017,0.00024573176,1
G071,G090,0.0002456099,1
G033,G035,0.000245537,1
G041,G014,0.00024543403,1
G037,G081,0.0002449088,1
G043,G047,0.00024480693,1
G040,G072,0.00024467215,1
G011,G027,0.00024393346,1
G046,G015,0.0002438482,1
G033,G020,0.00024374988,1
G058,G083,0.00024373176,1
G079,G054,0.0002434112,1
G062,G016,0.00024337409,1
G064,G055,0.00024325468,1
G093,G034,0.00024325227,1
G029,G074,0.00024288813,1
G092,G100,0.00024276877,1
G057,G026,0.00024260284,1
G093,G076,0.0002424732,1
G003,G023,0.00024207085,1
G073,G059,0.00024202873,1
G046,G060,0.0002416164,1
G069,G014,0.00024113926,1
G095,G022,0.00024104728,1
G071,G053,0.00024086564,1
G034,G050,0.0002403802,1
G080,G040,0.00024011685,1
G100,G093,0.00024004141,1
G013,G041,0.00023971536,1
G060,G068,0.00023918902,1
G030,G032,0.00023865228,1
G075,G044,0.00023860444,1
G038,G036,0.00023844025,1
G060,G035,0.00023833888,1
G054,G033,0.00023819879,1
G014,G079,0.00023682135,1
G092,G094,0.0002367938,1
G099,G025,0.00023666979,1
G008,G096,0.00023627364,1
G004,G096,0.00023584296,1
G021,G026,0.00023577306,1
G026,G025,0.00023533792,1
G025,G031,0.00023523807,1
G062,G074,0.00023498567,1
G083,G071,0.00023490349,1
G065,G005,0.00023490156,1
G016,G071,0.00023458262,1
G060,G031,0.00023406446,1
G041,G087,0.00023399563,1
G022,G096,0.00023352624,1
G032,G061,0.00023347388,1
G024,G070,0.000232905,1
G061,G085,0.00023277843,1
G095,G001,0.00023226932,1
G053,G063,0.0002318526,1
G083,G078,0.00023174025,1
G073,G098,0.00023172014,1
G084,G042,0.0002316223,1
G085,G016,0.00023132165,1
G062,G030,0.00023075395,1
G098,G065,0.000230587,1
G096,G090,0.00023033451,1
G039,G099,0.00023018364,1
G067,G044,0.00023017077,1
G098,G040,0.00022963373,1
G027,G089,0.00022928652,1
G068,G080,0.00022920458,1
G082,G020,0.000228889,1
G086,G025,0.0002287947,1
G092,G060,0.00022863671,1
G098,G013,0.00022844171,1
G044,G054,0.00022794727,1
G035,G065,0.00022751812,1
G061,G003,0.00022703002,1
G051,G031,0.00022685755,1
G068,G022,0.00022668926,1
G051,G012,0.00022666206,1
G042,G067,0.00022656903,1
G051,G030,0.00022605299,1
G069,G088,0.00022596252,1
G084,G026,0.00022587608,1
G088,G056,0.00022563465,1
G022,G076,0.00022560733,1
G046,G064,0.0002247742,1
G023,G066,0.0002243533,1
G062,G018,0.00022404069,1
G058,G084,0.00022373881,1
G025,G026,0.00022341461,1
G031,G068,0.0002229573,1
G013,G064,0.00022285609,1
G045,G054,0.00022241333,1
G060,G095,0.00022209632,1
G039,G017,0.00022206538,1
G074,G020,0.00022136877,1
G056,G012,0.00022110133,1
G094,G005,0.00022056283,1
G081,G056,0.00022030812,1
G028,G063,0.00022024605,1
G015,G099,0.00021959683,1
G042,G061,0.00021951264,1
G069,G080,0.00021909576,1
G061,G084,0.00021897627,1
G053,G097,0.00021880202,1
G047,G097,0.00021879161,1
G054,G029,0.00021873951,1
G044,G033,0.00021863366,1
G035,G079,0.00021836584,1
G012,G022,0.00021833938,1
G048,G032,0.00021816681,1
G089,G070,0.00021773047,1
G086,G023,0.00021740743,1
G096,G006,0.00021681134,1
G041,G033,0.00021663053,1
G064,G093,0.0002163765,1
G075,G019,0.00021636489,1
G038,G063,0.00021630758,1
G099,G013,0.00021622196,1
G026,G064,0.0002158053,1
G066,G048,0.00021558648,1
G098,G078,0.00021551612,1
G080,G006,0.00021523683,1
G068,G060,0.00021460057,1
G062,G095,0.00021458101,1
G042,G057,0.00021401164,1
G057,G046,0.00021385222,1
G071,G039,0.00021382672,1
G014,G096,0.00021376983,1
G091,G075,0.00021368258,1
G016,G040,0.00021360334,1
G012,G048,0.00021346024,1
G071,G079,0.0002132174,1
G009,G028,0.00021240521,1
G068,G004,0.0002123416,1
G001,G075,0.00021234021,1
G078,G060,0.00021211777,1
G001,G068,0.00021197826,1
G075,G038,0.00021162657,1
G041,G002,0.00021142518,1
G024,G043,0.00021125271,1
G041,G044,0.00021106997,1
G094,G071,0.00021079803,1
G070,G049,0.00021066032,1
G017,G042,0.00021046525,1
G098,G096,0.00021009917,1
G060,G037,0.00020996261,1
G024,G063,0.00020947272,1
G100,G086,0.00020943386,1
G020,G084,0.00020939173,1
G018,G038,0.0002092335,1
G068,G054,0.00020897556,1
G072,G043,0.00020871114,1
G040,G025,0.0002086603,1
G036,G071,0.00020858551,1
G080,G065,0.0002084076,1
G048,G089,0.00020827045,1
G100,G040,0.00020778074,1
G039,G066,0.00020761145,1
G095,G076,0.00020747032,1
G077,G087,0.00020722125,1
G079,G031,0.00020672972,1
G047,G048,0.00020646615,1
G066,G051,0.00020631561,1
G039,G005,0.00020625815,1
G059,G089,0.00020583373,1
G069,G016,0.00020533682,1
G095,G005,0.00020525658,1
G009,G052,0.00020511085,1
G095,G019,0.00020454558,1
G077,G014,0.0002045174,1
G035,G051,0.00020439859,1
G074,G084,0.00020418389,1
G094,G032,0.00020395643,1
G072,G073,0.00020333665,1
G074,G042,0.00020319984,1
G052,G001,0.00020315942,1
G080,G100,0.00020299808,1
G083,G015,0.00020282365,1
G008,G097,0.00020254168,1
G025,G080,0.00020211979,1
G100,G029,0.00020134157,1
G040,G027,0.00020124367,1
G042,G004,0.0002011533,1
G068,G064,0.00020098596,1
G029,G040,0.00020084926,1
G069,G017,0.00020080055,1
G009,G006,0.0002004703,1
G044,G097,0.00019989262,1
G074,G023,0.00019952793,1
G093,G036,0.00019941674,1
G099,G022,0.00019933304,1
G047,G049,0.0001987138,1
G081,G022,0.00019861721,1
G015,G004,0.00019838837,1
G030,G093,0.00019813447,1
G081,G027,0.00019813287,1
G095,G023,0.00019806711,1
G047,G056,0.00019800244,1
G078,G066,0.00019794604,1
G054,G036,0.00019784404,1
G087,G042,0.00019771737,1
G093,G028,0.00019758879,1
G050,G035,0.00019746802,1
G005,G017,0.00019728733,1
G018,G040,0.00019725662,1
G079,G013,0.00019670036,1
G017,G073,0.00019659191,1
G028,G034,0.00019625943,1
G070,G043,0.00019622961,1
G011,G064,0.00019605353,1
G086,G018,0.00019591642,1
G061,G079,0.0001958115,1
G047,G045,0.0001957606,1
G076,G098,0.00019569496,1
G038,G011,0.00019565583,1
G087,G048,0.00019565567,1
G031,G100,0.00019477861,1
G067,G020,0.00019464834,1
G083,G007,0.00019461472,1
G048,G085,0.00019454831,1
G100,G061,0.00019430477,1
G006,G047,0.00019427162,1
G049,G023,0.00019417467,1
G090,G002,0.00019413223,1
G082,G032,0.00019405287,1
G020,G019,0.00019377921,1
G021,G096,0.00019321888,1
G067,G055,0.00019302248,1
G093,G007,0.00019286592,1
G002,G094,0.00019238668,1
G067,G006,0.00019228736,1
G060,G098,0.00019222466,1
G092,G028,0.00019178206,1
G031,G079,0.00019147327,1
G029,G020,0.00019140104,1
G032,G046,0.00019124402,1
G015,G089,0.00019106625,1
G011,G025,0.00019094664,1
G050,G087,0.00019088418,1
G017,G003,0.00019078527,1
G019,G067,0.00019062722,1
G073,G049,0.00019051025,1
G060,G024,0.00019040775,1
G060,G009,0.00019040667,1
G051,G097,0.00019029528,1
G100,G094,0.00019027732,1
G100,G096,0.00019019758,1
G096,G073,0.00019005664,1
G029,G036,0.00018994528,1
G018,G059,0.00018976546,1
G069,G099,0.00018974987,1
G099,G044,0.00018958327,1
G039,G022,0.00018956423,1
G074,G059,0.00018928411,1
G065,G026,0.00018922193,1
G031,G070,0.00018920266,1
G090,G012,0.00018913104,1
G070,G031,0.00018896697,1
G079,G024,0.00018879751,1
G045,G096,0.00018845728,1
G041,G024,0.00018817495,1
G016,G051,0.00018816642,1
G024,G029,0.00018787461,1
G085,G079,0.00018761388,1
G087,G091,0.00018744974,1
G065,G018,0.0001872892,1
G005,G048,0.00018704677,1
G027,G037,0.00018692554,1
G074,G030,0.00018689144,1
G093,G074,0.00018642936,1
G005,G079,0.00018637134,1
G050,G003,0.00018613026,1
G016,G042,0.00018568487,1
G096,G004,0.00018566824,1
G075,G042,0.00018563759,1
G079,G053,0.00018562465,1
G038,G020,0.00018556122,1
G089,G004,0.00018552011,1
G011,G062,0.00018548443,1
G062,G069,0.00018543575,1
G032,G002,0.00018523584,1
G061,G086,0.00018522123,1
G002,G043,0.00018520575,1
G062,G058,0.00018506793,1
G043,G006,0.0001849894,1
G047,G014,0.00018488856,1
G025,G072,0.00018484854,1
G076,G048,0.00018466888,1
G011,G024,0.00018409766,1
G038,G017,0.00018389335,1
G091,G050,0.00018387666,1
G064,G016,0.00018368127,1
G010,G015,0.00018335729,1
G043,G007,0.00018316462,1
G089,G018,0.00018274196,1
G048,G034,0.00018258281,1
G066,G062,0.00018255852,1
G012,G089,0.00018249924,1
G073,G016,0.00018247217,1
G007,G074,0.0001821648,1
G027,G056,0.00018200678,1
G020,G053,0.00018199084,1
G095,G051,0.00018199065,1
G095,G050,0.00018196368,1
G051,G074,0.00018192365,1
G034,G069,0.00018179999,1
G067,G027,0.00018163888,1
G019,G033,0.00018156109,1
G053,G070,0.00018136232,1
G052,G075,0.0001809924,1
G096,G050,0.00018085951,1
G073,G075,0.00018085387,1
G075,G020,0.00018066085,1
G025,G040,0.00018065778,1
G044,G041,0.00018007432,1
G085,G051,0.00018006655,1
G041,G060,0.00017919848,1
G001,G067,0.00017915462,1
G090,G075,0.00017898456,1
G008,G067,0.00017874302,1
G043,G066,0.0001781663,1
G049,G074,0.00017789906,1
G035,G015,0.00017785469,1
G072,G002,0.00017785076,1
G041,G045,0.00017763373,1
G049,G094,0.00017756248,1
G040,G083,0.00017705234,1
G006,G054,0.00017689573,1
G069,G004,0.0001760551,1
G066,G041,0.00017596383,1
G024,G020,0.00017572135,1
G046,G045,0.00017571411,1
G097,G021,0.0001756404,1
G068,G067,0.00017537056,1
G094,G083,0.0001748153,1
G024,G081,0.00017467659,1
G058,G034,0.00017457349,1
G029,G072,0.00017454191,1
G026,G009,0.00017454132,1
G038,G094,0.00017442876,1
G094,G018,0.00017436122,1
G063,G027,0.00017423948,1
G012,G026,0.00017414462,1
G064,G072,0.00017365236,1
G006,G036,0.00017350397,1
G084,G079,0.00017308218,1
G077,G043,0.00017302556,1
G081,G095,0.00017293295,1
G004,G095,0.00017284621,1
G094,G040,0.00017279196,1
G076,G028,0.00017272955,1
G035,G023,0.00017266592,1
G099,G096,0.00017171947,1
G042,G029,0.00017162843,1
G077,G063,0.000171409,1
G043,G026,0.00017123997,1
G019,G018,0.00017105941,1
G057,G064,0.00017087729,1
G022,G088,0.00017052525,1
G067,G046,0.00017045363,1
G015,G065,0.00017018423,1
G021,G019,0.00016960897,1
G008,G075,0.00016954506,1
G041,G046,0.00016922987,1
G028,G058,0.00016921716,1
G065,G063,0.00016920926,1
G056,G011,0.00016912133,1
G028,G023,0.00016894196,1
G074,G055,0.00016888176,1
G080,G087,0.00016884883,1
G016,G018,0.00016855905,1
G061,G052,0.00016853379,1
G067,G004,0.00016834191,1
G056,G059,0.0001681905,1
G045,G091,0.00016807296,1
G027,G072,0.00016807164,1
G074,G037,0.00016800748,1
G015,G060,0.00016735583,1
G053,G095,0.00016716601,1
G095,G006,0.00016710414,1
G099,G067,0.00016669235,1
G022,G086,0.00016658053,1
G049,G093,0.00016643024,1
G090,G018,0.00016632464,1
G021,G078,0.00016630463,1
G067,G058,0.00016622755,1
G008,G057,0.00016601263,1
G027,G079,0.0001659676,1
G077,G012,0.0001655935,1
G073,G029,0.0001655129,1
G063,G053,0.00016545197,1
G044,G085,0.00016543281,1
G045,G044,0.0001653794,1
G087,G064,0.00016536849,1
G003,G005,0.0001646396,1
G025,G007,0.00016441876,1
G100,G052,0.00016440201,1
G096,G063,0.0001639251,1
G042,G056,0.00016380417,1
G041,G093,0.00016355855,1
G045,G095,0.00016346734,1
G080,G057,0.00016340474,1
G083,G092,0.00016320097,1
G009,G056,0.00016314744,1
G022,G068,0.00016309314,1
G072,G064,0.00016306141,1
G072,G024,0.00016286488,1
G078,G096,0.0001627879,1
G091,G089,0.00016241334,1
G010,G047,0.00016201683,1
G051,G043,0.00016183569,1
G092,G050,0.0001612098,1
G015,G083,0.00016116917,1
G020,G037,0.00016115356,1
G051,G027,0.00016107327,1
G070,G045,0.00016103336,1
G062,G098,0.00016099012,1
G067,G063,0.00016095924,1
G020,G046,0.00016090689,1
G005,G063,0.0001608268,1
G047,G012,0.00016033984,1
G049,G055,0.00016019068,1
G055,G008,0.00015989698,1
G057,G080,0.00015983677,1
G063,G070,0.00015971984,1
G078,G014,0.0001596288,1
G053,G058,0.00015955129,1
G036,G070,0.00015925917,1
G033,G064,0.00015924465,1
G025,G018,0.00015920443,1
G028,G044,0.00015912627,1
G022,G027,0.00015874224,1
G009,G029,0.00015849207,1
G068,G026,0.00015817847,1
G053,G010,0.00015815615,1
G013,G035,0.00015787089,1
G078,G054,0.00015775335,1
G007,G042,0.00015771131,1
G045,G048,0.00015752025,1
G018,G029,0.0001572177,1
G058,G001,0.00015697147,1
G036,G029,0.000156599,1
G040,G026,0.00015653073,1
G078,G017,0.0001564587,1
G082,G035,0.00015639004,1
G050,G077,0.0001563177,1
G013,G055,0.00015612082,1
G025,G079,0.00015607817,1
G090,G080,0.00015584046,1
G077,G010,0.00015570404,1
G028,G083,0.00015556463,1
G028,G072,0.00015545447,1
G051,G019,0.00015544759,1
G063,G083,0.00015514709,1
G030,G031,0.0001547852,1
G042,G089,0.00015476372,1
G077,G055,0.00015441563,1
G012,G009,0.0001543912,1
G072,G048,0.0001538024,1
G067,G054,0.00015370443,1
G019,G051,0.00015367448,1
G100,G007,0.00015362751,1
G087,G086,0.00015332732,1
G009,G054,0.00015315633,1
G089,G002,0.00015264523,1
G028,G079,0.00015247356,1
G036,G056,0.00015241181,1
G090,G025,0.00015227022,1
G050,G026,0.00015223921,1
G083,G048,0.00015186227,1
G082,G012,0.00015185213,1
G062,G009,0.00015184657,1
G035,G046,0.00015135446,1
G089,G028,0.00015132158,1
G057,G085,0.00015113813,1
G040,G041,0.00015095441,1
G024,G050,0.00015073194,1
G074,G097,0.00015046673,1
G043,G008,0.0001502563,1
G086,G074,0.00015004558,1
G021,G099,0.00014978056,1
G060,G089,0.00014949564,1
G053,G069,0.00014909539,1
G033,G068,0.00014887244,1
G038,G090,0.00014808889,1
G012,G014,0.00014804407,1
G094,G029,0.00014789589,1
G027,G039,0.00014754893,1
G008,G049,0.00014730172,1
G043,G090,0.00014716169,1
G010,G098,0.00014698716,1
G064,G020,0.00014691862,1
G045,G062,0.00014676336,1
G054,G083,0.00014670445,1
G046,G099,0.0001459588,1
G013,G014,0.00014587765,1
G038,G008,0.00014574398,1
G095,G017,0.00014564865,1
G092,G015,0.00014546384,1
G100,G030,0.00014530066,1
G025,G009,0.00014498612,1
G021,G083,0.00014470659,1
G023,G004,0.0001443888,1
G012,G069,0.00014420044,1
G051,G069,0.0001439821,1
G071,G026,0.00014391809,1
G090,G084,0.00014323548,1
G067,G023,0.00014306867,1
G062,G026,0.00014260598,1
G020,G081,0.00014183151,1
G012,G007,0.0001417874,1
G020,G004,0.00014161835,1
G038,G031,0.00014155892,1
G070,G068,0.00014154203,1
G045,G087,0.00014079928,1
G072,G087,0.0001407708,1
G041,G026,0.00014067006,1
G071,G091,0.00014022322,1
G022,G083,0.00013991928,1
G089,G010,0.00013984855,1
G024,G092,0.00013984731,1
G070,G028,0.00013973292,1
G065,G074,0.00013936772,1
G082,G026,0.00013936141,1
G024,G022,0.00013853496,1
G048,G080,0.00013840554,1
G035,G098,0.000138089,1
G006,G066,0.00013803168,1
G086,G015,0.0001380242,1
G006,G017,0.00013793692,1
G048,G036,0.0001372131,1
G075,G022,0.0001369987,1
G094,G095,0.00013699316,1
G045,G009,0.00013671737,1
G086,G006,0.0001365855,1
G092,G096,0.00013647685,1
G042,G015,0.00013638024,1
G066,G030,0.0001363531,1
G092,G018,0.00013587122,1
G098,G073,0.00013569061,1
G043,G002,0.0001356736,1
G067,G061,0.00013559357,1
G040,G013,0.00013447576,1
G038,G044,0.00013433596,1
G008,G081,0.0001341554,1
G057,G065,0.00013399808,1
G077,G046,0.00013353369,1
G024,G087,0.00013340183,1
G056,G041,0.0001333575,1
G014,G001,0.00013299046,1
G024,G030,0.00013257937,1
G083,G066,0.00013248847,1
G015,G048,0.00013224481,1
G018,G069,0.00013214698,1
G085,G054,0.0001309371,1
G063,G016,0.00013087988,1
G031,G011,0.00013060626,1
G031,G098,0.00013046242,1
G006,G033,0.00013019504,1
G098,G034,0.00013017004,1
G062,G037,0.00012995431,1
G025,G021,0.0001298206,1
G072,G044,0.00012959783,1
G082,G006,0.00012957695,1
G023,G007,0.00012889339,1
G052,G017,0.0001287402,1
G034,G051,0.00012866918,1
G061,G010,0.00012860743,1
G035,G006,0.0001285935,1
G071,G048,0.0001284724,1
G061,G092,0.00012798868,1
G073,G001,0.00012796352,1
G061,G030,0.00012752929,1
G027,G030,0.0001274212,1
G089,G093,0.00012741632,1
G053,G015,0.00012740956,1
G068,G008,0.00012683243,1
G091,G042,0.00012672736,1
G018,G068,0.0001266461,1
G008,G060,0.00012646844,1
G044,G015,0.00012646565,1
G069,G055,0.00012639869,1
G020,G035,0.00012625905,1
G087,G098,0.00012621275,1
G089,G044,0.00012621167,1
G046,G027,0.0001260173,1
G084,G074,0.00012592875,1
G086,G084,0.0001256634,1
G017,G064,0.00012561596,1
G072,G066,0.0001255944,1
G096,G019,0.00012553722,1
G078,G043,0.00012547644,1
G057,G017,0.00012525308,1
G012,G050,0.00012475323,1
G098,G011,0.00012445975,1
G064,G063,0.00012445643,1
G051,G071,0.00012415848,1
G048,G008,0.00012414709,1
G049,G063,0.0001240308,1
G086,G003,0.00012396804,1
G097,G090,0.00012387597,1
G064,G034,0.00012385748,1
G065,G048,0.00012379886,1
G073,G062,0.00012363904,1
G045,G073,0.00012343717,1
G009,G073,0.00012292521,1
G063,G097,0.00012288574,1
G062,G090,0.00012278052,1
G061,G044,0.00012276137,1
G064,G051,0.00012264814,1
G021,G061,0.00012259516,1
G061,G026,0.00012231531,1
G076,G013,0.00012224124,1
G075,G034,0.00012215476,1
G093,G084,0.00012155167,1
G032,G008,0.00012122182,1
G072,G033,0.00012118638,1
G016,G036,0.000121031786,1
G096,G041,0.00012095939,1
G018,G087,0.000120930345,1
G088,G037,0.00012091967,1
G061,G055,0.000120654506,1
G058,G011,0.000120351026,1
G100,G033,0.0001201546,1
G044,G070,0.000120142766,1
G053,G012,0.000120053744,1
G068,G046,0.00011968602,1
G060,G049,0.00011944806,1
G037,G094,0.000119362536,1
G041,G022,0.00011895127,1
G018,G097,0.0001185871,1
G052,G074,0.00011856289,1
G041,G099,0.0001180442,1
G068,G056,0.00011785177,1
G089,G017,0.00011784863,1
G015,G052,0.00011769303,1
G061,G025,0.00011767399,1
G003,G030,0.00011753198,1
G060,G076,0.00011742527,1
G086,G047,0.00011725703,1
G064,G050,0.000117241114,1
G053,G091,0.000117174706,1
G091,G041,0.00011714008,1
G080,G039,0.00011710047,1
G078,G094,0.00011691259,1
G069,G052,0.0001165345,1
G011,G015,0.00011626472,1
G004,G070,0.00011618822,1
G031,G006,0.00011613638,1
G053,G094,0.000116121155,1
G065,G021,0.000115987,1
G076,G049,0.00011558034,1
G033,G028,0.000115577706,1
G025,G067,0.00011545536,1
G045,G077,0.0001150722,1
G091,G031,0.000114919865,1
G074,G021,0.00011465103,1
G002,G098,0.000114642404,1
G093,G035,0.00011424351,1
G025,G093,0.000114188195,1
G096,G057,0.00011385904,1
G002,G049,0.00011373078,1
G073,G020,0.0001136285,1
G067,G036,0.00011354094,1
G014,G011,0.00011336954,1
G029,G075,0.00011334393,1
G072,G070,0.000113171925,1
G051,G055,0.00011315333,1
G022,G063,0.000113062284,1
G037,G092,0.00011301928,1
G006,G018,0.00011267418,1
G001,G018,0.00011253708,1
G038,G086,0.00011229797,1
G024,G076,0.00011176357,1
G048,G098,0.00011170318,1
G073,G051,0.000111691734,1
G096,G044,0.00011139407,1
G019,G038,0.00011137851,1
G061,G046,0.000111198126,1
G028,G074,0.000111062436,1
G092,G057,0.000110995716,1
G077,G044,0.000110793575,1
G058,G006,0.000110785644,1
G093,G001,0.000110444176,1
G090,G072,0.00011040825,1
G088,G071,0.00011034816,1
G013,G058,0.00011013742,1
G040,G088,0.000110091605,1
G083,G028,0.00010970994,1
G078,G085,0.00010958999,1
G091,G015,0.00010954658,1
G071,G033,0.00010951974,1
G015,G096,0.00010951339,1
G044,G067,0.00010950591,1
G004,G047,0.00010919548,1
G029,G026,0.00010916985,1
G044,G030,0.00010887375,1
G002,G010,0.000108695254,1
G095,G002,0.00010869227,1
G009,G045,0.00010868239,1
G031,G055,0.00010865138,1
G045,G074,0.00010840906,1
G027,G017,0.000108379,1
G045,G014,0.00010783344,1
G075,G036,0.00010747585,1
G081,G034,0.00010665097,1
G010,G078,0.000106587344,1
G018,G012,0.000106581,1
G093,G021,0.000106010964,1
G007,G004,0.00010587119,1
G006,G065,0.00010558329,1
G009,G007,0.0001055196,1
G074,G087,0.000105496096,1
G061,G075,0.00010533641,1
G006,G060,0.0001051901,1
G028,G052,0.000105141975,1
G025,G086,0.00010496527,1
G089,G097,0.0001047217,1
G045,G072,0.000104588136,1
G065,G040,0.00010457614,1
G023,G056,0.00010457084,1
G043,G023,0.0001044568,1
G060,G094,0.00010442671,1
G028,G047,0.000104272425,1
G045,G042,0.00010411707,1
G045,G008,0.000104052204,1
G082,G070,0.00010376218,1
G095,G008,0.000103656326,1
G077,G086,0.00010365573,1
G042,G065,0.000103574355,1
G069,G079,0.000103549944,1
G087,G031,0.000103488186,1
G028,G014,0.000103407656,1
G066,G036,0.000102940314,1
G019,G001,0.00010292257,1
G027,G078,0.000102884114,1
G094,G011,0.00010277343,1
G084,G069,0.000102766484,1
G020,G034,0.00010276332,1
G090,G039,0.000102444945,1
G029,G048,0.000102402984,1
G018,G033,0.00010203846,1
G070,G009,0.00010174896,1
G066,G067,0.00010163911,1
G097,G012,0.00010133132,1
G048,G040,0.000101258585,1
G042,G019,0.00010121623,1
G018,G044,0.00010106707,1
G049,G020,0.00010103937,1
G058,G031,0.00010082471,1
G054,G051,0.00010059828,1
G012,G062,0.00010028771,1
G056,G019,0.00010025845,1
G087,G070,9.96063e-05,1
G047,G095,9.9501965e-05,1
G053,G077,9.94463e-05,1
G080,G052,9.9409735e-05,1
G050,G011,9.921914e-05,1
G071,G077,9.915065e-05,1
G058,G053,9.882258e-05,1
G047,G094,9.872992e-05,1
G040,G005,9.868212e-05,1
G021,G087,9.8336444e-05,1
G061,G078,9.8164346e-05,1
G001,G078,9.813579e-05,1
G095,G020,9.751899e-05,1
G061,G076,9.740136e-05,1
G045,G065,9.7116535e-05,1
G083,G075,9.690644e-05,1
G029,G077,9.6767064e-05,1
G019,G012,9.6684336e-05,1
G016,G070,9.6519674e-05,1
G020,G042,9.6428186e-05,1
G059,G041,9.618582e-05,1
G083,G070,9.5988966e-05,1
G081,G046,9.59468e-05,1
G047,G057,9.5922245e-05,1
G042,G008,9.585736e-05,1
G043,G027,9.552466e-05,1
G022,G082,9.504121e-05,1
G046,G008,9.482154e-05,1
G022,G084,9.479956e-05,1
G007,G064,9.451385e-05,1
G003,G046,9.440884e-05,1
G091,G011,9.438722e-05,1
G072,G098,9.436186e-05,1
G096,G089,9.432894e-05,1
G048,G009,9.411967e-05,1
G016,G057,9.408577e-05,1
G033,G060,9.4072006e-05,1
G080,G015,9.38034e-05,1
G043,G045,9.338905e-05,1
G032,G093,9.3374416e-05,1
G086,G026,9.3363255e-05,1
G026,G013,9.333989e-05,1
G051,G093,9.327591e-05,1
G087,G022,9.326156e-05,1
G080,G007,9.321669e-05,1
G067,G039,9.319251e-05,1
G094,G013,9.316604e-05,1
G057,G023,9.2922e-05,1
G056,G093,9.269196e-05,1
G054,G018,9.2255716e-05,1
G051,G087,9.212703e-05,1
G008,G048,9.19732e-05,1
G001,G069,9.193656e-05,1
G085,G044,9.1471826e-05,1
G085,G018,9.129055e-05,1
G018,G051,9.10624e-05,1
G074,G099,9.091151e-05,1
G008,G035,9.0891976e-05,1
G015,G029,9.060826e-05,1
G088,G090,9.0603615e-05,1
G049,G085,9.054346e-05,1
G100,G063,9.051521e-05,1
G066,G079,9.037857e-05,1
G088,G077,9.031113e-05,1
G086,G028,9.0304115e-05,1
G038,G074,9.0288566e-05,1
G078,G028,9.014923e-05,1
G094,G041,9.009268e-05,1
G001,G088,9.002495e-05,1
G100,G002,8.919937e-05,1
G085,G002,8.91435e-05,1
G010,G008,8.89806e-05,1
G019,G048,8.897191e-05,1
G065,G080,8.8719804e-05,1
G099,G078,8.84601e-05,1
G065,G032,8.843906e-05,1
G016,G015,8.8233784e-05,1
G028,G011,8.782502e-05,1
G079,G048,8.742503e-05,1
G038,G079,8.735024e-05,1
G067,G084,8.7007626e-05,1
G044,G026,8.6988235e-05,1
G042,G046,8.676603e-05,1
G077,G028,8.662042e-05,1
G100,G036,8.6517655e-05,1
G098,G057,8.645877e-05,1
G045,G085,8.622603e-05,1
G084,G056,8.606631e-05,1
G071,G085,8.598025e-05,1
G083,G065,8.5977925e-05,1
G012,G031,8.5422274e-05,1
G053,G020,8.5303436e-05,1
G072,G099,8.525893e-05,1
G060,G073,8.525488e-05,1
G096,G084,8.518603e-05,1
G045,G021,8.509024e-05,1
G016,G047,8.492858e-05,1
G083,G095,8.448198e-05,1
G045,G099,8.446772e-05,1
G026,G093,8.432181e-05,1
G067,G087,8.41676e-05,1
G047,G053,8.386052e-05,1
G099,G006,8.371956e-05,1
G024,G085,8.371372e-05,1
G041,G008,8.349137e-05,1
G079,G022,8.34879e-05,1
G095,G009,8.335415e-05,1
G093,G056,8.320016e-05,1
G002,G082,8.286389e-05,1
G002,G095,8.284158e-05,1
G028,G099,8.275413e-05,1
G024,G097,8.218048e-05,1
G031,G004,8.217219e-05,1
G076,G081,8.201589e-05,1
G007,G011,8.192498e-05,1
G033,G015,8.182133e-05,1
G031,G062,8.173994e-05,1
G087,G099,8.1600745e-05,1
G061,G100,8.157939e-05,1
G073,G050,8.139999e-05,1
G058,G027,8.113227e-05,1
G096,G018,8.095355e-05,1
G074,G062,8.090289e-05,1
G012,G006,8.04131e-05,1
G099,G069,7.9665355e-05,1
G031,G013,7.9460995e-05,1
G042,G052,7.931825e-05,1
G090,G074,7.9218284e-05,1
G062,G017,7.907727e-05,1
G068,G071,7.896997e-05,1
G100,G062,7.875806e-05,1
G073,G071,7.872641e-05,1
G054,G023,7.8670535e-05,1
G043,G078,7.866898e-05,1
G016,G056,7.84215e-05,1
G039,G032,7.83227e-05,1
G028,G093,7.829295e-05,1
G022,G024,7.825764e-05,1
G015,G080,7.817934e-05,1
G074,G047,7.80612e-05,1
G067,G082,7.785615e-05,1
G002,G063,7.7618795e-05,1
G055,G087,7.7523175e-05,1
G056,G071,7.74458e-05,1
G057,G029,7.699017e-05,1
G078,G031,7.695207e-05,1
G015,G058,7.6831624e-05,1
G045,G002,7.6758195e-05,1
G019,G047,7.663975e-05,1
G032,G059,7.6590404e-05,1
G086,G099,7.6515156e-05,1
G065,G025,7.6423166e-05,1
G043,G063,7.60581e-05,1
G096,G055,7.586918e-05,1
G062,G023,7.5799726e-05,1
G026,G077,7.575157e-05,1
G024,G013,7.544299e-05,1
G050,G048,7.54199e-05,1
G007,G076,7.529236e-05,1
G079,G083,7.5274394e-05,1
G080,G054,7.48467e-05,1
G041,G097,7.456303e-05,1
G012,G017,7.448012e-05,1
G069,G054,7.433671e-05,1
G061,G053,7.431978e-05,1
G062,G068,7.430148e-05,1
G019,G006,7.413888e-05,1
G083,G098,7.377276e-05,1
G024,G068,7.375381e-05,1
G070,G051,7.3670664e-05,1
G054,G030,7.362232e-05,1
G081,G002,7.318464e-05,1
G090,G035,7.302871e-05,1
G089,G014,7.302674e-05,1
G001,G012,7.302431e-05,1
G091,G010,7.301337e-05,1
G001,G077,7.2738425e-05,1
G027,G041,7.259106e-05,1
G061,G065,7.218748e-05,1
G019,G060,7.214365e-05,1
G035,G011,7.211441e-05,1
G074,G044,7.1541544e-05,1
G007,G098,7.133422e-05,1
G090,G056,7.093854e-05,1
G085,G064,7.087056e-05,1
G070,G041,7.082749e-05,1
G043,G069,7.073635e-05,1
G088,G022,7.072921e-05,1
G053,G100,7.071697e-05,1
G064,G019,7.054121e-05,1
G044,G098,7.0509515e-05,1
G023,G050,7.022459e-05,1
G043,G005,7.0131486e-05,1
G038,G092,7.007398e-05,1
G078,G033,6.967206e-05,1
G058,G041,6.9539856e-05,1
G049,G010,6.9278205e-05,1
G028,G042,6.901271e-05,1
G034,G017,6.89682e-05,1
G016,G088,6.8920715e-05,1
G100,G022,6.885424e-05,1
G009,G061,6.861876e-05,1
G074,G056,6.855628e-05,1
G070,G015,6.847761e-05,1
G011,G087,6.847423e-05,1
G079,G073,6.844739e-05,1
G057,G021,6.776712e-05,1
G039,G083,6.775375e-05,1
G063,G075,6.753636e-05,1
G097,G065,6.7473484e-05,1
G095,G062,6.742111e-05,1
G078,G010,6.727647e-05,1
G049,G066,6.726269e-05,1
G086,G020,6.724695e-05,1
G050,G001,6.713765e-05,1
G078,G056,6.694209e-05,1
G006,G074,6.6864275e-05,1
G071,G086,6.679352e-05,1
G007,G060,6.678234e-05,1
G021,G056,6.671254e-05,1
G024,G075,6.660425e-05,1
G078,G064,6.657596e-05,1
G025,G088,6.630349e-05,1
G072,G089,6.603046e-05,1
G042,G041,6.5994405e-05,1
G098,G042,6.5944645e-05,1
G030,G026,6.5805674e-05,1
G066,G004,6.575626e-05,1
G084,G009,6.54627e-05,1
G041,G018,6.52882e-05,1
G009,G097,6.5247164e-05,1
G014,G008,6.517441e-05,1
G007,G020,6.506879e-05,1
G026,G043,6.482148e-05,1
G002,G007,6.460448e-05,1
G086,G022,6.448144e-05,1
G066,G065,6.4405205e-05,1
G039,G057,6.437252e-05,1
G089,G098,6.4351414e-05,1
G067,G093,6.425069e-05,1
G012,G088,6.4235646e-05,1
G064,G013,6.417586e-05,1
G070,G008,6.41198e-05,1
G050,G044,6.4105276e-05,1
G054,G042,6.400465e-05,1
G068,G003,6.389045e-05,1
G075,G040,6.298901e-05,1
G092,G072,6.298292e-05,1
G084,G036,6.2938845e-05,1
G063,G013,6.289769e-05,1
G043,G077,6.272282e-05,1
G067,G090,6.256012e-05,1
G031,G007,6.241557e-05,1
G043,G052,6.2375526e-05,1
G051,G004,6.236785e-05,1
G036,G068,6.233522e-05,1
G093,G082,6.219741e-05,1
G019,G025,6.1979285e-05,1
G049,G004,6.1889616e-05,1
G058,G043,6.174492e-05,1
G002,G027,6.165118e-05,1
G084,G023,6.1570674e-05,1
G039,G011,6.12607e-05,1
G025,G036,6.106564e-05,1
G078,G089,6.103493e-05,1
G050,G043,6.090503e-05,1
G096,G042,6.0707072e-05,1
G067,G078,6.0487124e-05,1
G098,G056,6.0439615e-05,1
G011,G017,6.0146864e-05,1
G077,G022,6.012474e-05,1
G032,G074,6.006236e-05,1
G087,G054,5.9820424e-05,1
G008,G021,5.9629867e-05,1
G071,G043,5.95778e-05,1
G088,G048,5.957334e-05,1
G044,G057,5.939779e-05,1
G028,G070,5.9387887e-05,1
G081,G059,5.9077884e-05,1
G001,G100,5.865614e-05,1
G065,G054,5.854068e-05,1
G057,G076,5.8485835e-05,1
G062,G085,5.8240763e-05,1
G091,G039,5.803672e-05,1
G087,G015,5.7937414e-05,1
G024,G052,5.7599256e-05,1
G028,G016,5.7460522e-05,1
G025,G065,5.646235e-05,1
G051,G016,5.629966e-05,1
G054,G011,5.6231704e-05,1
G088,G082,5.6125173e-05,1
G039,G075,5.5650384e-05,1
G048,G015,5.5623335e-05,1
G053,G055,5.5605666e-05,1
G034,G091,5.5568275e-05,1
G064,G024,5.550966e-05,1
G055,G063,5.5481985e-05,1
G032,G052,5.5455042e-05,1
G092,G093,5.531565e-05,1
G089,G022,5.5201497e-05,1
G067,G035,5.519183e-05,1
G017,G041,5.517345e-05,1
G097,G077,5.511258e-05,1
G091,G049,5.5062526e-05,1
G031,G012,5.499828e-05,1
G028,G100,5.4994383e-05,1
G079,G041,5.4628574e-05,1
G038,G021,5.4467393e-05,1
G067,G097,5.445746e-05,1
G023,G002,5.4443633e-05,1
G091,G073,5.438994e-05,1
G044,G050,5.425358e-05,1
G032,G006,5.4159715e-05,1
G088,G068,5.414682e-05,1
G047,G076,5.402212e-05,1
G035,G009,5.3951222e-05,1
G080,G062,5.389468e-05,1
G043,G093,5.3527063e-05,1
G064,G021,5.3526117e-05,1
G041,G084,5.3438212e-05,1
G080,G056,5.340886e-05,1
G098,G007,5.3347223e-05,1
G044,G037,5.3077023e-05,1
G021,G030,5.2989828e-05,1
G038,G066,5.281226e-05,1
G094,G035,5.2668303e-05,1
G093,G011,5.2192696e-05,1
G032,G066,5.2130054e-05,1
G082,G028,5.2072104e-05,1
G032,G038,5.2010764e-05,1
G027,G093,5.200482e-05,1
G015,G056,5.1863197e-05,1
G089,G073,5.186305e-05,1
G041,G057,5.1838695e-05,1
G088,G069,5.1818486e-05,1
G032,G082,5.1793984e-05,1
G075,G012,5.1705618e-05,1
G015,G073,5.1616553e-05,1
G006,G061,5.1579696e-05,1
G071,G096,5.1504478e-05,1
G013,G080,5.1431743e-05,1
G069,G090,5.1420786e-05,1
G003,G080,5.133601e-05,1
G075,G029,5.0947372e-05,1
G013,G005,5.0747854e-05,1
G008,G088,5.066391e-05,1
G020,G026,5.0526014e-05,1
G088,G062,5.04468e-05,1
G014,G077,5.0326318e-05,1
G097,G011,5.0309103e-05,1
G090,G062,5.0168263e-05,1
G006,G029,5.005456e-05,1
G098,G012,4.9988277e-05,1
G099,G026,4.9820068e-05,1
G043,G064,4.9767266e-05,1
G066,G034,4.945914e-05,1
G058,G038,4.925054e-05,1
G045,G005,4.9122584e-05,1
G033,G003,4.8996808e-05,1
G073,G044,4.886272e-05,1
G021,G082,4.8828802e-05,1
G003,G047,4.8765072e-05,1
G041,G088,4.8728903e-05,1
G086,G073,4.862496e-05,1
G058,G096,4.8273363e-05,1
G058,G055,4.8182123e-05,1
G026,G023,4.803579e-05,1
G010,G075,4.79644e-05,1
G020,G056,4.7809597e-05,1
G010,G035,4.7768786e-05,1
G076,G015,4.761259e-05,1
G022,G099,4.7564004e-05,1
G068,G098,4.7553574e-05,1
G084,G045,4.7423182e-05,1
G005,G090,4.72116e-05,1
G073,G085,4.7194702e-05,1
G028,G031,4.711296e-05,1
G040,G086,4.7050547e-05,1
G071,G020,4.6950154e-05,1
G077,G015,4.6428817e-05,1
G082,G053,4.6421705e-05,1
G014,G066,4.6410274e-05,1
G001,G057,4.6302615e-05,1
G032,G010,4.623864e-05,1
G082,G016,4.613272e-05,1
G022,G057,4.6113295e-05,1
G080,G045,4.607702e-05,1
G033,G097,4.606793e-05,1
G049,G035,4.5768684e-05,1
G073,G054,4.5743647e-05,1
G069,G073,4.5729485e-05,1
G086,G055,4.5651956e-05,1
G057,G035,4.5226436e-05,1
G077,G059,4.5078712e-05,1
G005,G060,4.5057175e-05,1
G033,G049,4.4984794e-05,1
G057,G071,4.484005e-05,1
G071,G074,4.4806027e-05,1
G055,G006,4.4709483e-05,1
G087,G075,4.3864587e-05,1
G036,G078,4.3761207e-05,1
G052,G021,4.373411e-05,1
G089,G056,4.3668886e-05,1
G022,G090,4.3414002e-05,1
G058,G056,4.3199936e-05,1
G030,G069,4.316583e-05,1
G080,G041,4.30836e-05,1
G049,G081,4.29776e-05,1
G033,G027,4.2612057e-05,1
G030,G089,4.2521733e-05,1
G074,G049,4.246728e-05,1
G064,G090,4.2408752e-05,1
G073,G035,4.2095224e-05,1
G040,G098,4.1793726e-05,1
G061,G024,4.1772622e-05,1
G099,G015,4.1710453e-05,1
G037,G065,4.1703817e-05,1
G006,G075,4.1662217e-05,1
G074,G045,4.124491e-05,1
G081,G050,4.1029143e-05,1
G100,G004,4.089568e-05,1
G006,G003,4.0882656e-05,1
G013,G025,4.077296e-05,1
G084,G022,4.0584582e-05,1
G095,G098,4.053267e-05,1
G081,G021,4.038415e-05,1
G060,G096,4.029077e-05,1
G090,G022,4.0131876e-05,1
G057,G032,3.9954102e-05,1
G069,G081,3.9943443e-05,1
G100,G085,3.9941006e-05,1
G049,G090,3.9705643e-05,1
G051,G054,3.9575756e-05,1
G014,G092,3.9548224e-05,1
G051,G065,3.943332e-05,1
G047,G070,3.9405455e-05,1
G041,G035,3.9379393e-05,1
G027,G053,3.9188802e-05,1
G072,G019,3.9178503e-05,1
G065,G072,3.912978e-05,1
G037,G051,3.895197e-05,1
G018,G023,3.890248e-05,1
G057,G072,3.8786842e-05,1
G092,G086,3.865304e-05,1
G086,G100,3.844086e-05,1
G084,G030,3.8414833e-05,1
G091,G035,3.8370425e-05,1
G033,G065,3.8219372e-05,1
G002,G070,3.8033693e-05,1
G051,G077,3.7967155e-05,1
G063,G032,3.784928e-05,1
G045,G093,3.7822607e-05,1
G040,G046,3.776193e-05,1
G086,G060,3.7598667e-05,1
G064,G058,3.7569764e-05,1
G007,G070,3.7383e-05,1
G017,G087,3.735106e-05,1
G080,G037,3.7127298e-05,1
G052,G053,3.7014313e-05,1
G027,G080,3.6780973e-05,1
G039,G053,3.6696652e-05,1
G090,G021,3.6691745e-05,1
G036,G083,3.6644575e-05,1
G056,G096,3.642902e-05,1
G055,G009,3.6196983e-05,1
G038,G029,3.6144687e-05,1
G006,G057,3.611187e-05,1
G064,G047,3.6009576e-05,1
G080,G030,3.5985166e-05,1
G100,G065,3.5905436e-05,1
G020,G013,3.5773068e-05,1
G060,G093,3.571552e-05,1
G078,G091,3.5699337e-05,1
G062,G094,3.5515386e-05,1
G008,G010,3.513795e-05,1
G025,G096,3.50965e-05,1
G043,G029,3.498533e-05,1
G018,G050,3.4911132e-05,1
G100,G099,3.4567678e-05,1
G095,G029,3.4445493e-05,1
G070,G069,3.4430304e-05,1
G051,G049,3.425832e-05,1
G078,G099,3.416857e-05,1
G099,G037,3.3985223e-05,1
G068,G034,3.393141e-05,1
G088,G092,3.380645e-05,1
G054,G043,3.372945e-05,1
G001,G056,3.348257e-05,1
G010,G053,3.3458065e-05,1
G002,G066,3.31607e-05,1
G054,G058,3.3054064e-05,1
G045,G011,3.2822372e-05,1
G016,G097,3.2819677e-05,1
G092,G085,3.2796997e-05,1
G093,G069,3.257773e-05,1
G060,G070,3.254054e-05,1
G091,G022,3.241895e-05,1
G093,G095,3.2331605e-05,1
G063,G026,3.218789e-05,1
G075,G002,3.2177617e-05,1
G023,G020,3.1801377e-05,1
G031,G078,3.1430925e-05,1
G090,G026,3.133533e-05,1
G100,G060,3.1329437e-05,1
G084,G089,3.1250373e-05,1
G076,G062,3.124914e-05,1
G063,G082,3.1063504e-05,1
G044,G029,3.103723e-05,1
G003,G072,3.1011576e-05,1
G089,G096,3.0768286e-05,1
G035,G072,3.0640287e-05,1
G050,G056,3.052173e-05,1
G037,G099,3.0212443e-05,1
G087,G004,3.0210425e-05,1
G048,G100,2.9917544e-05,1
G037,G096,2.9739882e-05,1
G006,G081,2.9629018e-05,1
G060,G077,2.9584899e-05,1
G018,G048,2.9521489e-05,1
G092,G020,2.9452853e-05,1
G035,G001,2.9319865e-05,1
G092,G048,2.9242818e-05,1
G004,G092,2.9174333e-05,1
G019,G058,2.9088751e-05,1
G078,G098,2.890795e-05,1
G066,G096,2.8722226e-05,1
G003,G050,2.8694272e-05,1
G054,G025,2.8612645e-05,1
G051,G089,2.8513381e-05,1
G099,G021,2.834605e-05,1
G078,G019,2.7972548e-05,1
G018,G014,2.7922095e-05,1
G063,G065,2.7639759e-05,1
G052,G065,2.7614258e-05,1
G030,G034,2.7515855e-05,1
G090,G060,2.7431925e-05,1
G027,G059,2.7174616e-05,1
G073,G077,2.6985124e-05,1
G024,G053,2.6971204e-05,1
G093,G100,2.6866652e-05,1
G059,G095,2.6795897e-05,1
G085,G066,2.676825e-05,1
G042,G091,2.5953354e-05,1
G072,G057,2.595311e-05,1
G083,G035,2.5658412e-05,1
G052,G005,2.5501056e-05,1
G100,G064,2.5466623e-05,1
G068,G018,2.5462294e-05,1
G005,G011,2.5357727e-05,1
G096,G009,2.5347104e-05,1
G057,G077,2.530913e-05,1
G021,G080,2.5133848e-05,1
G070,G046,2.5030344e-05,1
G073,G021,2.4950661e-05,1
G053,G008,2.490479e-05,1
G047,G042,2.4865561e-05,1
G067,G081,2.4787374e-05,1
G058,G014,2.473563e-05,1
G085,G036,2.4713045e-05,1
G036,G034,2.4084515e-05,1
G099,G049,2.4055425e-05,1
G038,G013,2.402345e-05,1
G032,G023,2.4008139e-05,1
G047,G046,2.4001058e-05,1
G092,G098,2.3995517e-05,1
G038,G072,2.3887698e-05,1
G033,G078,2.367631e-05,1
G026,G001,2.3591187e-05,1
G028,G020,2.3365938e-05,1
G062,G092,2.3330575e-05,1
G051,G003,2.3245742e-05,1
G100,G009,2.324182e-05,1
G009,G010,2.3221692e-05,1
G076,G065,2.319758e-05,1
G029,G087,2.3125865e-05,1
G020,G064,2.2930319e-05,1
G048,G038,2.2857606e-05,1
G050,G080,2.2751245e-05,1
G092,G009,2.2647293e-05,1
G044,G024,2.2309472e-05,1
G067,G040,2.2277618e-05,1
G040,G036,2.218824e-05,1
G019,G096,2.1853359e-05,1
G016,G026,2.1836022e-05,1
G014,G048,2.183133e-05,1
G045,G083,2.1737598e-05,1
G090,G017,2.155481e-05,1
G039,G040,2.1411992e-05,1
G026,G039,2.1191408e-05,1
G056,G014,2.061167e-05,1
G006,G062,2.0501397e-05,1
G058,G048,2.0495458e-05,1
G017,G099,2.0341828e-05,1
G056,G061,2.0206295e-05,1
G068,G066,2.0033294e-05,1
G100,G012,2.0013402e-05,1
G056,G084,1.9805948e-05,1
G061,G043,1.979861e-05,1
G066,G014,1.9413907e-05,1
G002,G005,1.9363255e-05,1
G062,G008,1.9258658e-05,1
G069,G094,1.919985e-05,1
G076,G008,1.9190908e-05,1
G031,G051,1.8964554e-05,1
G002,G100,1.8698738e-05,1
G053,G062,1.8401091e-05,1
G097,G032,1.8291546e-05,1
G093,G023,1.8237519e-05,1
G035,G028,1.7997545e-05,1
G026,G036,1.7990686e-05,1
G032,G077,1.7827248e-05,1
G019,G046,1.78109e-05,1
G066,G017,1.7782515e-05,1
G046,G095,1.7727836e-05,1
G053,G072,1.7626604e-05,1
G002,G051,1.7553157e-05,1
G080,G028,1.7479346e-05,1
G050,G065,1.7457465e-05,1
G044,G039,1.7427941e-05,1
G068,G039,1.7370603e-05,1
G096,G080,1.7360393e-05,1
G090,G009,1.7342496e-05,1
G051,G025,1.7289529e-05,1
G071,G011,1.721845e-05,1
G093,G025,1.7192378e-05,1
G072,G038,1.709223e-05,1
G036,G018,1.6786105e-05,1
G099,G041,1.6652877e-05,1
G088,G081,1.6562719e-05,1
G063,G067,1.6445383e-05,1
G014,G075,1.642607e-05,1
G051,G053,1.6368325e-05,1
G010,G097,1.6310523e-05,1
G048,G057,1.629427e-05,1
G073,G027,1.6273927e-05,1
G092,G010,1.624848e-05,1
G006,G039,1.606866e-05,1
G019,G045,1.6021562e-05,1
G051,G039,1.5776079e-05,1
G074,G019,1.5613115e-05,1
G029,G039,1.5480407e-05,1
G027,G002,1.5449801e-05,1
G091,G100,1.5407988e-05,1
G012,G013,1.5388103e-05,1
G022,G014,1.5226637e-05,1
G012,G087,1.5019664e-05,1
G045,G094,1.4995224e-05,1
G021,G031,1.4813095e-05,1
G086,G066,1.478308e-05,1
G015,G081,1.478155e-05,1
G031,G002,1.4746278e-05,1
G062,G012,1.4676543e-05,1
G039,G052,1.46564225e-05,1
G081,G045,1.4548714e-05,1
G045,G052,1.4453536e-05,1
G011,G046,1.4434648e-05,1
G032,G042,1.4404196e-05,1
G013,G010,1.4358886e-05,1
G081,G013,1.4343122e-05,1
G049,G053,1.422144e-05,1
G015,G006,1.4095083e-05,1
G048,G010,1.4060112e-05,1
G058,G078,1.4050254e-05,1
G064,G059,1.39184e-05,1
G047,G003,1.3831772e-05,1
G045,G070,1.35769615e-05,1
G043,G040,1.3529978e-05,1
G031,G024,1.3338155e-05,1
G073,G009,1.31684055e-05,1
G089,G013,1.2780463e-05,1
G096,G054,1.2778048e-05,1
G012,G011,1.27463145e-05,1
G063,G036,1.2547352e-05,1
G029,G079,1.2496604e-05,1
G025,G044,1.2300251e-05,1
G039,G094,1.1995232e-05,1
G068,G011,1.1559365e-05,1
G051,G056,1.1544124e-05,1
G072,G095,1.1349971e-05,1
G024,G073,1.1291098e-05,1
G095,G042,1.1285511e-05,1
G049,G051,1.12338785e-05,1
G089,G100,1.1171335e-05,1
G089,G026,1.1118075e-05,1
G058,G022,1.1109227e-05,1
G048,G052,1.1039737e-05,1
G095,G069,1.1018287e-05,1
G041,G023,1.0945325e-05,1
G011,G016,1.0929433e-05,1
G016,G017,1.08463855e-05,1
G079,G052,1.0708153e-05,1
G012,G049,1.0701128e-05,1
G072,G059,1.0614552e-05,1
G062,G080,1.0472745e-05,1
G087,G080,1.0307489e-05,1
G064,G025,1.0259505e-05,1
G074,G072,1.0212882e-05,1
G083,G012,1.009016e-05,1
G052,G040,1.0072469e-05,1
G014,G044,9.557641e-06,1
G020,G011,9.454293e-06,1
G088,G012,9.347563e-06,1
G075,G089,9.076864e-06,1
G026,G007,8.9728155e-06,1
G028,G030,8.960649e-06,1
G089,G057,8.947165e-06,1
G097,G009,8.911776e-06,1
G067,G038,8.890745e-06,1
G097,G041,8.727892e-06,1
G023,G027,8.418589e-06,1
G029,G044,8.359834e-06,1
G006,G094,8.345128e-06,1
G056,G052,8.33672e-06,1
G099,G034,8.035608e-06,1
G004,G099,7.991587e-06,1
G006,G024,7.896926e-06,1
G008,G059,7.7023e-06,1
G092,G024,7.615606e-06,1
G010,G024,7.57437e-06,1
G032,G033,7.4532886e-06,1
G034,G002,7.410109e-06,1
G069,G051,7.342533e-06,1
G005,G086,7.267318e-06,1
G028,G060,7.158216e-06,1
G022,G097,7.156749e-06,1
G047,G026,7.0658048e-06,1
G088,G038,6.7173105e-06,1
G001,G021,6.625438e-06,1
G059,G074,6.5932145e-06,1
G058,G042,6.548847e-06,1
G095,G030,6.492053e-06,1
G080,G082,5.911896e-06,1
G069,G030,5.7795455e-06,1
G086,G002,5.7146594e-06,1
G062,G024,5.0889707e-06,1
G092,G068,5.062348e-06,1
G022,G066,5.055343e-06,1
G051,G035,4.868333e-06,1
G063,G006,4.6737932e-06,1
G066,G082,4.5993906e-06,1
G073,G092,4.59834e-06,1
G061,G039,4.5549023e-06,1
G057,G009,4.5299516e-06,1
G038,G003,4.3457057e-06,1
G049,G034,4.2504494e-06,1
G058,G067,4.2271313e-06,1
G087,G011,4.2235188e-06,1
G097,G005,4.088845e-06,1
G025,G054,4.0517066e-06,1
G029,G042,3.7230907e-06,1
G048,G025,3.5564506e-06,1
G064,G037,3.408031e-06,1
G092,G077,3.3254146e-06,1
G056,G094,3.2658606e-06,1
G015,G070,3.0789301e-06,1
G089,G095,3.0499073e-06,1
G014,G034,3.03099e-06,1
G063,G092,2.9730932e-06,1
G073,G053,2.8304287e-06,1
G043,G056,2.7059557e-06,1
G096,G013,2.6843147e-06,1
G021,G062,2.5914094e-06,1
G058,G002,2.101074e-06,1
G049,G042,1.9812946e-06,1
G061,G029,1.8953564e-06,1
G022,G053,1.8526171e-06,1
G010,G062,1.8290748e-06,1
G024,G077,1.6071922e-06,1
G022,G025,1.5568861e-06,1
G036,G057,1.2716371e-06,1
G029,G021,1.1716714e-06,1
G008,G085,1.0454814e-06,1
G070,G087,1.028352e-06,1
G059,G092,3.9664118e-07,1
G007,G023,3.8826693e-07,1
G030,G021,3.8343617e-07,1
G049,G030,3.0104331e-07,1
G038,G006,2.3504343e-07,1
G030,G001,7.676458e-08,1
G082,G052,-1.4549596e-07,-1
G048,G002,-1.851982e-07,-1
G079,G030,-2.9348934e-07,-1
G056,G088,-4.2452476e-07,-1
G033,G096,-4.688407e-07,-1
G093,G099,-5.0335797e-07,-1
G049,G012,-5.088514e-07,-1
G002,G032,-5.850243e-07,-1
G097,G034,-5.9858615e-07,-1
G051,G015,-7.4212494e-07,-1
G085,G096,-7.642438e-07,-1
G019,G024,-1.0038149e-06,-1
G025,G024,-1.0103793e-06,-1
G032,G085,-1.0423238e-06,-1
G038,G046,-1.2227699e-06,-1
G054,G055,-1.345388e-06,-1
G035,G017,-1.4321591e-06,-1
G095,G060,-1.5098045e-06,-1
G073,G078,-1.6068739e-06,-1
G021,G028,-1.6697289e-06,-1
G043,G017,-1.9033467e-06,-1
G074,G054,-2.4329163e-06,-1
G013,G093,-2.729904e-06,-1
G037,G031,-2.800638e-06,-1
G073,G100,-2.9026032e-06,-1
G077,G073,-3.0193871e-06,-1
G032,G079,-3.0681624e-06,-1
G018,G100,-3.081144e-06,-1
G012,G067,-3.1764089e-06,-1
G066,G037,-3.2386295e-06,-1
G017,G026,-3.7696982e-06,-1
G072,G045,-3.8139735e-06,-1
G039,G030,-3.817203e-06,-1
G058,G026,-3.8364656e-06,-1
G056,G054,-3.88812e-06,-1
G084,G011,-3.9349825e-06,-1
G032,G088,-4.07278e-06,-1
G095,G053,-4.0939285e-06,-1
G029,G001,-4.107433e-06,-1
G064,G079,-4.1824105e-06,-1
G088,G021,-4.1876833e-06,-1
G003,G070,-4.237209e-06,-1
G046,G007,-4.312924e-06,-1
G079,G001,-4.583209e-06,-1
G016,G096,-4.614679e-06,-1
G091,G038,-4.6970813e-06,-1
G100,G048,-4.7906783e-06,-1
G092,G001,-4.7924286e-06,-1
G081,G026,-4.816197e-06,-1
G036,G095,-4.8285688e-06,-1
G007,G010,-4.9081978e-06,-1
G067,G028,-5.14293e-06,-1
G094,G045,-5.2410123e-06,-1
G013,G020,-5.3369204e-06,-1
G053,G035,-5.3641797e-06,-1
G018,G085,-5.5334885e-06,-1
G052,G087,-5.6249764e-06,-1
G059,G062,-5.633411e-06,-1
G010,G088,-5.7047973e-06,-1
G011,G036,-5.739934e-06,-1
G034,G009,-6.0466673e-06,-1
G096,G003,-6.245791e-06,-1
G025,G076,-6.4463043e-06,-1
G093,G063,-6.5771837e-06,-1
G047,G078,-6.618878e-06,-1
G099,G038,-6.7033366e-06,-1
G003,G039,-6.7070355e-06,-1
G072,G096,-6.7862056e-06,-1
G006,G050,-6.8641675e-06,-1
G072,G013,-7.452968e-06,-1
G070,G083,-7.5322614e-06,-1
G080,G035,-7.5417893e-06,-1
G015,G061,-7.807872e-06,-1
G068,G027,-7.871151e-06,-1
G039,G088,-7.881121e-06,-1
G054,G059,-7.883801e-06,-1
G074,G094,-7.913957e-06,-1
G008,G011,-8.10255e-06,-1
G087,G093,-8.2074075e-06,-1
G044,G035,-8.246182e-06,-1
G002,G026,-8.457982e-06,-1
G081,G069,-8.491052e-06,-1
G095,G079,-8.738609e-06,-1
G006,G035,-8.823242e-06,-1
G081,G066,-8.850452e-06,-1
G010,G064,-8.974725e-06,-1
G089,G021,-9.136645e-06,-1
G006,G040,-9.141189e-06,-1
G050,G089,-9.4800225e-06,-1
G072,G010,-9.517523e-06,-1
G036,G089,-9.678756e-06,-1
G015,G037,-9.759313e-06,-1
G006,G097,-9.784634e-06,-1
G062,G075,-9.968483e-06,-1
G011,G059,-1.0096784e-05,-1
G004,G080,-1.01214755e-05,-1
G074,G024,-1.0231939e-05,-1
G082,G015,-1.023591e-05,-1
G048,G064,-1.0239601e-05,-1
G092,G081,-1.0280579e-05,-1
G075,G065,-1.0307515e-05,-1
G027,G034,-1.0339962e-05,-1
G013,G063,-1.0438042e-05,-1
G075,G041,-1.0518503e-05,-1
G085,G010,-1.05846675e-05,-1
G044,G052,-1.0687843e-05,-1
G096,G075,-1.0746805e-05,-1
G083,G019,-1.0863952e-05,-1
G066,G100,-1.0916212e-05,-1
G072,G079,-1.0917864e-05,-1
G009,G015,-1.0931809e-05,-1
G082,G075,-1.1123053e-05,-1
G045,G058,-1.1326387e-05,-1
G024,G006,-1.1353996e-05,-1
G044,G095,-1.1477307e-05,-1
G016,G054,-1.1497967e-05,-1
G010,G012,-1.1634684e-05,-1
G026,G062,-1.1740317e-05,-1
G074,G015,-1.1887576e-05,-1
G066,G098,-1.19409e-05,-1
G073,G006,-1.1966855e-05,-1
G022,G001,-1.2100702e-05,-1
G068,G025,-1.2184338e-05,-1
G043,G072,-1.2254605e-05,-1
G057,G037,-1.2376452e-05,-1
G031,G020,-1.2401989e-05,-1
G013,G051,-1.2800219e-05,-1
G065,G020,-1.2810394e-05,-1
G095,G039,-1.2839622e-05,-1
G096,G049,-1.289821e-05,-1
G043,G033,-1.3051516e-05,-1
G026,G074,-1.3198945e-05,-1
G004,G097,-1.3201061e-05,-1
G036,G097,-1.3243239e-05,-1
G045,G064,-1.3260451e-05,-1
G029,G100,-1.3286279e-05,-1
G023,G022,-1.3309253e-05,-1
G044,G023,-1.37244115e-05,-1
G086,G080,-1.3737118e-05,-1
G088,G033,-1.4216085e-05,-1
G004,G081,-1.43689595e-05,-1
G048,G046,-1.447219e-05,-1
G074,G053,-1.45613485e-05,-1
G092,G082,-1.4563223e-05,-1
G006,G091,-1.4583164e-05,-1
G062,G038,-1.4856571e-05,-1
G061,G058,-1.4867833e-05,-1
G057,G058,-1.5155283e-05,-1
G019,G086,-1.5241283e-05,-1
G071,G002,-1.5266556e-05,-1
G016,G078,-1.5342037e-05,-1
G095,G063,-1.5361993e-05,-1
G008,G014,-1.5391808e-05,-1
G010,G083,-1.5585434e-05,-1
G014,G033,-1.5675208e-05,-1
G079,G046,-1.5846832e-05,-1
G084,G096,-1.5910191e-05,-1
G076,G079,-1.5927832e-05,-1
G050,G081,-1.611752e-05,-1
G018,G020,-1.6224658e-05,-1
G001,G039,-1.645199e-05,-1
G014,G063,-1.6484892e-05,-1
G026,G010,-1.6578117e-05,-1
G016,G024,-1.659592e-05,-1
G078,G084,-1.662008e-05,-1
G096,G008,-1.6667986e-05,-1
G061,G067,-1.6796115e-05,-1
G024,G001,-1.7054297e-05,-1
G085,G035,-1.719874e-05,-1
G048,G075,-1.7258626e-05,-1
G041,G048,-1.7314382e-05,-1
G049,G046,-1.7326194e-05,-1
G086,G056,-1.7437551e-05,-1
G072,G084,-1.76319e-05,-1
G032,G095,-1.7754195e-05,-1
G001,G015,-1.789894e-05,-1
G024,G061,-1.7956467e-05,-1
G026,G080,-1.808689e-05,-1
G010,G017,-1.8466308e-05,-1
G073,G079,-1.8671737e-05,-1
G100,G081,-1.8903485e-05,-1
G056,G085,-1.8963427e-05,-1
G080,G075,-1.9039615e-05,-1
G034,G015,-1.9136689e-05,-1
G043,G082,-1.9363675e-05,-1
G074,G081,-1.9381934e-05,-1
G092,G032,-1.9508674e-05,-1
G005,G073,-1.9621833e-05,-1
G099,G060,-1.9836401e-05,-1
G093,G075,-1.9861225e-05,-1
G014,G087,-1.9958545e-05,-1
G022,G040,-2.0200052e-05,-1
G062,G050,-2.0251326e-05,-1
G033,G095,-2.029289e-05,-1
G096,G067,-2.0419611e-05,-1
G073,G015,-2.0535124e-05,-1
G070,G100,-2.0612146e-05,-1
G081,G017,-2.0854168e-05,-1
G079,G015,-2.0901683e-05,-1
G072,G015,-2.0989244e-05,-1
G073,G024,-2.1014477e-05,-1
G002,G029,-2.1210613e-05,-1
G093,G090,-2.1809226e-05,-1
G089,G099,-2.1885764e-05,-1
G057,G084,-2.1993672e-05,-1
G089,G074,-2.2145614e-05,-1
G005,G035,-2.214575e-05,-1
G076,G041,-2.2260192e-05,-1
G069,G023,-2.2448401e-05,-1
G088,G007,-2.2488506e-05,-1
G008,G042,-2.2523258e-05,-1
G042,G030,-2.2584687e-05,-1
G064,G052,-2.2779823e-05,-1
G022,G041,-2.3084642e-05,-1
G094,G030,-2.3247925e-05,-1
G041,G100,-2.3394103e-05,-1
G024,G074,-2.3419509e-05,-1
G004,G035,-2.3428278e-05,-1
G099,G083,-2.3581659e-05,-1
G033,G030,-2.3748114e-05,-1
G082,G055,-2.3786719e-05,-1
G042,G031,-2.428332e-05,-1
G063,G015,-2.4350624e-05,-1
G054,G007,-2.4461891e-05,-1
G083,G014,-2.4520687e-05,-1
G007,G081,-2.4603158e-05,-1
G094,G086,-2.463369e-05,-1
G073,G030,-2.4740755e-05,-1
G040,G095,-2.4825282e-05,-1
G099,G017,-2.4844276e-05,-1
G069,G084,-2.4983214e-05,-1
G037,G030,-2.5006353e-05,-1
G018,G030,-2.5031079e-05,-1
G045,G027,-2.5196294e-05,-1
G045,G017,-2.5213918e-05,-1
G018,G042,-2.5377485e-05,-1
G074,G034,-2.5427385e-05,-1
G094,G070,-2.5473335e-05,-1
G004,G088,-2.5940155e-05,-1
G081,G089,-2.6100284e-05,-1
G024,G089,-2.6264603e-05,-1
G053,G092,-2.6412923e-05,-1
G017,G005,-2.6472742e-05,-1
G068,G017,-2.6506334e-05,-1
G095,G013,-2.6509102e-05,-1
G012,G077,-2.6624344e-05,-1
G034,G001,-2.6759466e-05,-1
G058,G024,-2.6774202e-05,-1
G098,G025,-2.6918584e-05,-1
G017,G012,-2.697712e-05,-1
G033,G050,-2.7005037e-05,-1
G078,G008,-2.7161415e-05,-1
G047,G085,-2.723163e-05,-1
G020,G014,-2.7551043e-05,-1
G044,G020,-2.7676053e-05,-1
G087,G034,-2.7852418e-05,-1
G043,G071,-2.8025688e-05,-1
G096,G091,-2.8030378e-05,-1
G015,G046,-2.8179431e-05,-1
G001,G070,-2.8213797e-05,-1
G007,G089,-2.8271277e-05,-1
G092,G069,-2.850324e-05,-1
G073,G017,-2.8523456e-05,-1
G011,G057,-2.854965e-05,-1
G045,G010,-2.8905279e-05,-1
G054,G076,-2.9087865e-05,-1
G084,G073,-2.9139048e-05,-1
G052,G035,-2.9213943e-05,-1
G035,G030,-2.9279374e-05,-1
G001,G013,-2.9307223e-05,-1
G058,G039,-2.9399098e-05,-1
G022,G016,-2.9537401e-05,-1
G099,G074,-2.9651868e-05,-1
G068,G030,-2.9680537e-05,-1
G093,G066,-2.9873681e-05,-1
G013,G059,-3.0050667e-05,-1
G049,G058,-3.0158419e-05,-1
G007,G047,-3.0389712e-05,-1
G007,G052,-3.0620675e-05,-1
G010,G073,-3.070025e-05,-1
G093,G081,-3.1023435e-05,-1
G097,G033,-3.118547e-05,-1
G057,G086,-3.1306645e-05,-1
G066,G057,-3.1375028e-05,-1
G056,G034,-3.1467775e-05,-1
G016,G090,-3.1552107e-05,-1
G002,G031,-3.1563573e-05,-1
G094,G062,-3.1845146e-05,-1
G088,G015,-3.1932832e-05,-1
G014,G036,-3.2059794e-05,-1
G047,G029,-3.2192584e-05,-1
G039,G077,-3.2203283e-05,-1
G018,G060,-3.2216212e-05,-1
G051,G021,-3.222337e-05,-1
G021,G050,-3.226704e-05,-1
G072,G055,-3.2666918e-05,-1
G016,G034,-3.2693162e-05,-1
G055,G045,-3.28894e-05,-1
G041,G025,-3.2966236e-05,-1
G018,G017,-3.3015778e-05,-1
G074,G046,-3.3152795e-05,-1
G040,G079,-3.3421944e-05,-1
G096,G032,-3.3427616e-05,-1
G085,G071,-3.348412e-05,-1
G028,G090,-3.348857e-05,-1
G017,G007,-3.350215e-05,-1
G001,G092,-3.40901e-05,-1
G003,G079,-3.4193043e-05,-1
G093,G047,-3.4327353e-05,-1
G070,G078,-3.4337347e-05,-1
G085,G027,-3.436761e-05,-1
G075,G054,-3.449653e-05,-1
G028,G043,-3.4561974e-05,-1
G093,G031,-3.4621466e-05,-1
G021,G005,-3.5083547e-05,-1
G089,G038,-3.5312027e-05,-1
G075,G045,-3.5539542e-05,-1
G096,G001,-3.613232e-05,-1
G054,G088,-3.615584e-05,-1
G083,G085,-3.6172703e-05,-1
G046,G025,-3.636285e-05,-1
G021,G076,-3.6462407e-05,-1
G008,G062,-3.6506844e-05,-1
G090,G052,-3.6559402e-05,-1
G067,G008,-3.659985e-05,-1
G012,G056,-3.661644e-05,-1
G030,G055,-3.667727e-05,-1
G071,G032,-3.6853995e-05,-1
G002,G062,-3.6939644e-05,-1
G037,G078,-3.707e-05,-1
G070,G004,-3.7272854e-05,-1
G068,G006,-3.7292746e-05,-1
G012,G097,-3.7336078e-05,-1
G049,G083,-3.7341415e-05,-1
G043,G067,-3.7456026e-05,-1
G072,G014,-3.7496073e-05,-1
G077,G029,-3.7801696e-05,-1
G099,G089,-3.7843423e-05,-1
G058,G054,-3.7952872e-05,-1
G006,G070,-3.7955648e-05,-1
G013,G036,-3.800754e-05,-1
G015,G014,-3.8091006e-05,-1
G050,G093,-3.8285554e-05,-1
G078,G034,-3.838474e-05,-1
G030,G037,-3.842142e-05,-1
G016,G073,-3.8523915e-05,-1
G033,G054,-3.8536895e-05,-1
G058,G050,-3.86472e-05,-1
G093,G046,-3.8786053e-05,-1
G071,G061,-3.884007e-05,-1
G027,G026,-3.8971844e-05,-1
G079,G094,-3.907768e-05,-1
G005,G069,-3.9239163e-05,-1
G097,G080,-3.9336046e-05,-1
G094,G098,-3.9366772e-05,-1
G036,G064,-3.9418348e-05,-1
G052,G023,-3.9456394e-05,-1
G045,G076,-3.956559e-05,-1
G043,G076,-3.9632272e-05,-1
G066,G090,-3.971671e-05,-1
G056,G048,-3.98127e-05,-1
G052,G070,-4.0067374e-05,-1
G099,G084,-4.0093524e-05,-1
G082,G098,-4.010017e-05,-1
G029,G066,-4.034364e-05,-1
G072,G041,-4.0419018e-05,-1
G018,G047,-4.0438234e-05,-1
G080,G083,-4.0655228e-05,-1
G098,G038,-4.0838535e-05,-1
G095,G075,-4.088844e-05,-1
G021,G054,-4.091427e-05,-1
G092,G002,-4.1035037e-05,-1
G091,G087,-4.1134794e-05,-1
G047,G093,-4.127917e-05,-1
G003,G061,-4.1285624e-05,-1
G008,G063,-4.1467894e-05,-1
G009,G081,-4.1510186e-05,-1
G069,G006,-4.155078e-05,-1
G050,G071,-4.163686e-05,-1
G063,G073,-4.1923013e-05,-1
G074,G071,-4.19261e-05,-1
G001,G087,-4.1956035e-05,-1
G070,G084,-4.200567e-05,-1
G024,G016,-4.2045267e-05,-1
G100,G069,-4.217876e-05,-1
G022,G031,-4.233471e-05,-1
G020,G039,-4.2478983e-05,-1
G056,G089,-4.291411e-05,-1
G023,G053,-4.3257973e-05,-1
G071,G004,-4.3291624e-05,-1
G081,G011,-4.3367098e-05,-1
G043,G099,-4.3409025e-05,-1
G004,G019,-4.351481e-05,-1
G068,G047,-4.3562355e-05,-1
G026,G047,-4.3628934e-05,-1
G090,G024,-4.3733005e-05,-1
G026,G021,-4.376707e-05,-1
G027,G066,-4.3858294e-05,-1
G073,G032,-4.3891592e-05,-1
G075,G096,-4.4212262e-05,-1
G074,G012,-4.4349814e-05,-1
G020,G021,-4.4446762e-05,-1
G058,G013,-4.4624467e-05,-1
G063,G025,-4.4653414e-05,-1
G043,G009,-4.472928e-05,-1
G094,G007,-4.52065e-05,-1
G092,G097,-4.520736e-05,-1
G057,G096,-4.522374e-05,-1
G069,G061,-4.536095e-05,-1
G069,G078,-4.548139e-05,-1
G015,G043,-4.5678098e-05,-1
G086,G029,-4.5869845e-05,-1
G021,G025,-4.5873545e-05,-1
G052,G029,-4.604865e-05,-1
G068,G045,-4.607022e-05,-1
G072,G075,-4.618818e-05,-1
G075,G060,-4.6197634e-05,-1
G046,G082,-4.6222325e-05,-1
G067,G066,-4.6314548e-05,-1
G071,G070,-4.6340265e-05,-1
G043,G058,-4.640961e-05,-1
G013,G088,-4.6764442e-05,-1
G056,G035,-4.6967896e-05,-1
G026,G095,-4.7014753e-05,-1
G073,G076,-4.7032907e-05,-1
G057,G049,-4.7065554e-05,-1
G093,G041,-4.714312e-05,-1
G052,G092,-4.7266934e-05,-1
G087,G067,-4.7548758e-05,-1
G077,G037,-4.7578313e-05,-1
G058,G062,-4.7639434e-05,-1
G014,G089,-4.7725665e-05,-1
G001,G024,-4.7740057e-05,-1
G020,G068,-4.784535e-05,-1
G068,G070,-4.794312e-05,-1
G022,G015,-4.8136415e-05,-1
G016,G069,-4.81533e-05,-1
G062,G022,-4.8297214e-05,-1
G084,G094,-4.8392223e-05,-1
G090,G082,-4.8435006e-05,-1
G056,G024,-4.8463015e-05,-1
G040,G017,-4.867928e-05,-1
G081,G074,-4.869598e-05,-1
G062,G077,-4.877255e-05,-1
G047,G054,-4.8779868e-05,-1
G009,G039,-4.8809692e-05,-1
G004,G008,-4.8941485e-05,-1
G053,G029,-4.9027294e-05,-1
G094,G091,-4.9050344e-05,-1
G072,G053,-4.916817e-05,-1
G065,G088,-4.9201528e-05,-1
G038,G052,-4.934734e-05,-1
G052,G100,-4.9500886e-05,-1
G091,G056,-4.9604747e-05,-1
G026,G055,-4.974692e-05,-1
G100,G023,-4.980938e-05,-1
G077,G020,-4.9843e-05,-1
G071,G088,-5.0045495e-05,-1
G092,G021,-5.00647e-05,-1
G005,G027,-5.053929e-05,-1
G061,G077,-5.0626648e-05,-1
G063,G010,-5.071514e-05,-1
G041,G020,-5.084991e-05,-1
G038,G023,-5.087156e-05,-1
G099,G011,-5.0928316e-05,-1
G083,G020,-5.1113922e-05,-1
G039,G038,-5.115202e-05,-1
G019,G076,-5.1231986e-05,-1
G084,G046,-5.1329207e-05,-1
G003,G097,-5.1380164e-05,-1
G017,G095,-5.1519968e-05,-1
G079,G056,-5.1617964e-05,-1
G100,G095,-5.176666e-05,-1
G018,G041,-5.1999083e-05,-1
G068,G032,-5.2017815e-05,-1
G099,G080,-5.2095078e-05,-1
G080,G025,-5.2193445e-05,-1
G070,G099,-5.220056e-05,-1
G022,G007,-5.2303465e-05,-1
G071,G024,-5.2443625e-05,-1
G054,G078,-5.261351e-05,-1
G035,G004,-5.274274e-05,-1
G084,G095,-5.276001e-05,-1
G092,G058,-5.2773892e-05,-1
G082,G079,-5.2977306e-05,-1
G095,G072,-5.3018768e-05,-1
G099,G095,-5.3167936e-05,-1
G097,G070,-5.3171763e-05,-1
G001,G050,-5.3489384e-05,-1
G046,G057,-5.365295e-05,-1
G093,G073,-5.3665983e-05,-1
G016,G089,-5.3777552e-05,-1
G021,G060,-5.3926204e-05,-1
G068,G038,-5.3948515e-05,-1
G042,G063,-5.3962292e-05,-1
G038,G030,-5.412195e-05,-1
G075,G081,-5.4162418e-05,-1
G087,G043,-5.4643315e-05,-1
G030,G050,-5.4647626e-05,-1
G095,G046,-5.46774e-05,-1
G017,G080,-5.4704014e-05,-1
G037,G056,-5.524253e-05,-1
G049,G097,-5.5255176e-05,-1
G016,G081,-5.5471708e-05,-1
G092,G041,-5.5583496e-05,-1
G048,G061,-5.588191e-05,-1
G092,G065,-5.604344e-05,-1
G052,G069,-5.639628e-05,-1
G039,G056,-5.655547e-05,-1
G066,G009,-5.6608384e-05,-1
G041,G051,-5.661287e-05,-1
G055,G035,-5.677021e-05,-1
G056,G030,-5.6950903e-05,-1
G100,G078,-5.6991288e-05,-1
G033,G023,-5.7120273e-05,-1
G090,G037,-5.7178007e-05,-1
G021,G052,-5.7311252e-05,-1
G078,G080,-5.7587415e-05,-1
G001,G008,-5.7612986e-05,-1
G054,G005,-5.768937e-05,-1
G002,G073,-5.793401e-05,-1
G042,G002,-5.794429e-05,-1
G073,G057,-5.7969843e-05,-1
G086,G012,-5.818901e-05,-1
G095,G056,-5.820456e-05,-1
G012,G001,-5.8256705e-05,-1
G018,G055,-5.8381145e-05,-1
G082,G093,-5.8382393e-05,-1
G090,G023,-5.9388083e-05,-1
G096,G078,-5.941276e-05,-1
G002,G076,-5.946557e-05,-1
G005,G047,-6.0040846e-05,-1
G087,G002,-6.0049446e-05,-1
G087,G003,-6.0054856e-05,-1
G024,G038,-6.005977e-05,-1
G002,G042,-6.017234e-05,-1
G066,G025,-6.026149e-05,-1
G040,G067,-6.053896e-05,-1
G017,G057,-6.0637074e-05,-1
G091,G033,-6.066004e-05,-1
G071,G027,-6.0879625e-05,-1
G082,G039,-6.1013365e-05,-1
G026,G065,-6.118296e-05,-1
G034,G063,-6.141172e-05,-1
G097,G067,-6.1757826e-05,-1
G073,G052,-6.201697e-05,-1
G099,G082,-6.207004e-05,-1
G049,G082,-6.2097584e-05,-1
G040,G080,-6.256867e-05,-1
G029,G054,-6.270009e-05,-1
G100,G067,-6.2735846e-05,-1
G100,G035,-6.273643e-05,-1
G022,G044,-6.287821e-05,-1
G042,G034,-6.333388e-05,-1
G073,G005,-6.344367e-05,-1
G022,G028,-6.347961e-05,-1
G034,G080,-6.36485e-05,-1
G087,G065,-6.3725885e-05,-1
G072,G094,-6.3856896e-05,-1
G096,G016,-6.3944804e-05,-1
G030,G046,-6.3991465e-05,-1
G056,G086,-6.408331e-05,-1
G005,G044,-6.417112e-05,-1
G003,G059,-6.4270884e-05,-1
G082,G029,-6.4391104e-05,-1
G067,G070,-6.46997e-05,-1
G011,G003,-6.486518e-05,-1
G086,G045,-6.486633e-05,-1
G055,G071,-6.5016204e-05,-1
G032,G001,-6.529772e-05,-1
G052,G093,-6.5315326e-05,-1
G003,G043,-6.532631e-05,-1
G088,G099,-6.533095e-05,-1
G030,G043,-6.563699e-05,-1
G008,G077,-6.58048e-05,-1
G037,G076,-6.581589e-05,-1
G004,G090,-6.5975575e-05,-1
G009,G058,-6.602429e-05,-1
G027,G042,-6.608074e-05,-1
G086,G070,-6.618207e-05,-1
G022,G033,-6.6205e-05,-1
G035,G036,-6.6372755e-05,-1
G074,G064,-6.676969e-05,-1
G076,G085,-6.6782784e-05,-1
G043,G060,-6.681663e-05,-1
G012,G046,-6.719945e-05,-1
G024,G095,-6.7390254e-05,-1
G076,G088,-6.7412635e-05,-1
G069,G065,-6.747518e-05,-1
G069,G098,-6.7864545e-05,-1
G029,G012,-6.790866e-05,-1
G083,G013,-6.793467e-05,-1
G029,G073,-6.7937784e-05,-1
G053,G086,-6.809657e-05,-1
G003,G042,-6.830322e-05,-1
G052,G066,-6.843938e-05,-1
G047,G082,-6.855473e-05,-1
G067,G015,-6.9459675e-05,-1
G049,G075,-6.989196e-05,-1
G095,G064,-7.004428e-05,-1
G057,G024,-7.0067676e-05,-1
G038,G055,-7.012342e-05,-1
G067,G030,-7.052825e-05,-1
G097,G024,-7.0753784e-05,-1
G073,G058,-7.0892755e-05,-1
G078,G026,-7.150577e-05,-1
G083,G079,-7.172014e-05,-1
G068,G062,-7.187681e-05,-1
G046,G096,-7.2008086e-05,-1
G091,G052,-7.210833e-05,-1
G061,G012,-7.2251256e-05,-1
G043,G070,-7.280949e-05,-1
G018,G070,-7.299539e-05,-1
G069,G001,-7.3036645e-05,-1
G053,G033,-7.3213385e-05,-1
G011,G026,-7.335488e-05,-1
G035,G050,-7.343742e-05,-1
G083,G037,-7.35982e-05,-1
G008,G031,-7.36097e-05,-1
G094,G060,-7.3698866e-05,-1
G079,G007,-7.426415e-05,-1
G040,G022,-7.429046e-05,-1
G051,G034,-7.4351636e-05,-1
G037,G066,-7.52543e-05,-1
G004,G029,-7.546654e-05,-1
G021,G057,-7.5716234e-05,-1
G064,G097,-7.593356e-05,-1
G029,G027,-7.635176e-05,-1
G034,G073,-7.680357e-05,-1
G003,G068,-7.6855045e-05,-1
G085,G037,-7.68738e-05,-1
G008,G045,-7.695532e-05,-1
G050,G034,-7.7481556e-05,-1
G011,G019,-7.763414e-05,-1
G070,G036,-7.768557e-05,-1
G069,G038,-7.780375e-05,-1
G026,G024,-7.781311e-05,-1
G017,G018,-7.801286e-05,-1
G064,G039,-7.839959e-05,-1
G032,G041,-7.865142e-05,-1
G084,G097,-7.874456e-05,-1
G007,G021,-7.8818244e-05,-1
G045,G043,-7.89595e-05,-1
G031,G033,-7.938178e-05,-1
G089,G039,-7.940951e-05,-1
G033,G080,-7.945871e-05,-1
G001,G099,-7.95361e-05,-1
G031,G069,-7.963579e-05,-1
G013,G019,-7.978264e-05,-1
G093,G078,-8.0055564e-05,-1
G032,G017,-8.011275e-05,-1
G019,G063,-8.0114296e-05,-1
G092,G070,-8.0334125e-05,-1
G098,G031,-8.047684e-05,-1
G063,G049,-8.0575366e-05,-1
G014,G030,-8.097887e-05,-1
G063,G008,-8.102707e-05,-1
G014,G051,-8.108287e-05,-1
G100,G054,-8.115838e-05,-1
G092,G017,-8.125459e-05,-1
G013,G091,-8.147921e-05,-1
G049,G076,-8.15843e-05,-1
G008,G005,-8.181639e-05,-1
G078,G086,-8.21213e-05,-1
G072,G092,-8.215051e-05,-1
G033,G036,-8.247148e-05,-1
G013,G012,-8.2571874e-05,-1
G050,G067,-8.309276e-05,-1
G067,G001,-8.335477e-05,-1
G095,G004,-8.365288e-05,-1
G004,G087,-8.4062e-05,-1
G090,G096,-8.411709e-05,-1
G048,G088,-8.428818e-05,-1
G091,G085,-8.434558e-05,-1
G089,G063,-8.4555875e-05,-1
G084,G025,-8.463343e-05,-1
G025,G033,-8.479573e-05,-1
G038,G016,-8.4806175e-05,-1
G072,G078,-8.516242e-05,-1
G060,G020,-8.5228e-05,-1
G029,G023,-8.570219e-05,-1
G046,G098,-8.6126245e-05,-1
G072,G052,-8.623121e-05,-1
G067,G043,-8.6269836e-05,-1
G079,G047,-8.6583306e-05,-1
G031,G040,-8.668172e-05,-1
G024,G023,-8.6783846e-05,-1
G041,G094,-8.6865264e-05,-1
G038,G018,-8.689011e-05,-1
G072,G020,-8.691272e-05,-1
G073,G087,-8.70109e-05,-1
G014,G080,-8.72147e-05,-1
G054,G085,-8.7364504e-05,-1
G100,G089,-8.750614e-05,-1
G065,G066,-8.755675e-05,-1
G056,G072,-8.7954e-05,-1
G084,G031,-8.798922e-05,-1
G040,G058,-8.810959e-05,-1
G032,G009,-8.818898e-05,-1
G054,G028,-8.848431e-05,-1
G030,G075,-8.8573244e-05,-1
G051,G098,-8.928358e-05,-1
G045,G061,-8.941348e-05,-1
G068,G100,-8.946244e-05,-1
G021,G090,-8.950741e-05,-1
G039,G095,-8.958621e-05,-1
G024,G067,-8.964336e-05,-1
G056,G042,-8.9679364e-05,-1
G064,G065,-8.9733796e-05,-1
G007,G094,-8.9894165e-05,-1
G039,G035,-8.994542e-05,-1
G029,G095,-9.022291e-05,-1
G084,G088,-9.022303e-05,-1
G005,G088,-9.023622e-05,-1
G094,G019,-9.026868e-05,-1
G035,G091,-9.0341775e-05,-1
G073,G083,-9.037803e-05,-1
G052,G019,-9.06745e-05,-1
G097,G006,-9.072214e-05,-1
G064,G009,-9.132768e-05,-1
G061,G069,-9.1335765e-05,-1
G077,G083,-9.1572714e-05,-1
G061,G007,-9.1663016e-05,-1
G077,G071,-9.167039e-05,-1
G050,G029,-9.1741014e-05,-1
G082,G051,-9.181607e-05,-1
G047,G033,-9.1944814e-05,-1
G086,G044,-9.197456e-05,-1
G035,G074,-9.2283735e-05,-1
G084,G008,-9.2341834e-05,-1
G011,G060,-9.2429495e-05,-1
G013,G090,-9.254492e-05,-1
G057,G038,-9.2580136e-05,-1
G100,G066,-9.273639e-05,-1
G076,G056,-9.2867434e-05,-1
G013,G062,-9.289473e-05,-1
G073,G067,-9.322943e-05,-1
G002,G064,-9.349971e-05,-1
G080,G047,-9.362298e-05,-1
G062,G031,-9.375405e-05,-1
G074,G096,-9.37581e-05,-1
G098,G008,-9.3852344e-05,-1
G087,G094,-9.394187e-05,-1
G093,G053,-9.403659e-05,-1
G060,G084,-9.4174815e-05,-1
G068,G094,-9.427003e-05,-1
G046,G012,-9.434829e-05,-1
G064,G096,-9.45487e-05,-1
G065,G062,-9.4576026e-05,-1
G055,G075,-9.4753894e-05,-1
G089,G020,-9.512526e-05,-1
G016,G060,-9.529404e-05,-1
G062,G076,-9.5439726e-05,-1
G077,G038,-9.551196e-05,-1
G056,G079,-9.558194e-05,-1
G070,G096,-9.590471e-05,-1
G078,G012,-9.59624e-05,-1
G065,G089,-9.609659e-05,-1
G038,G060,-9.6102005e-05,-1
G087,G056,-9.626277e-05,-1
G025,G069,-9.6490185e-05,-1
G094,G067,-9.673226e-05,-1
G045,G098,-9.7033735e-05,-1
G015,G049,-9.727408e-05,-1
G022,G050,-9.7299475e-05,-1
G040,G019,-9.7424185e-05,-1
G053,G061,-9.745217e-05,-1
G066,G088,-9.753499e-05,-1
G098,G095,-9.7560114e-05,-1
G086,G096,-9.7612894e-05,-1
G030,G039,-9.7694596e-05,-1
G091,G006,-9.788315e-05,-1
G054,G016,-9.828754e-05,-1
G048,G044,-9.840021e-05,-1
G043,G012,-9.844729e-05,-1
G019,G003,-9.846143e-05,-1
G018,G071,-9.856592e-05,-1
G043,G003,-9.859663e-05,-1
G093,G061,-9.896818e-05,-1
G011,G088,-9.897591e-05,-1
G013,G076,-9.905615e-05,-1
G054,G049,-9.9387325e-05,-1
G077,G003,-9.9411795e-05,-1
G051,G002,-9.947619e-05,-1
G040,G009,-9.949069e-05,-1
G010,G060,-9.958226e-05,-1
G074,G033,-9.966512e-05,-1
G090,G003,-9.968412e-05,-1
G050,G060,-9.98479e-05,-1
G082,G099,-0.00010031095,-1
G072,G022,-0.000100386154,-1
G024,G039,-0.00010055034,-1
G081,G052,-0.00010076309,-1
G046,G065,-0.00010090612,-1
G068,G099,-0.000101237645,-1
G068,G041,-0.00010124003,-1
G089,G029,-0.000101296435,-1
G074,G052,-0.00010143606,-1
G009,G099,-0.00010146879,-1
G038,G041,-0.000101547164,-1
G047,G011,-0.00010155205,-1
G058,G066,-0.00010167774,-1
G098,G087,-0.00010178782,-1
G075,G098,-0.00010198058,-1
G046,G011,-0.0001023106,-1
G047,G066,-0.000102370876,-1
G006,G099,-0.00010249673,-1
G088,G001,-0.00010259162,-1
G067,G079,-0.00010263453,-1
G016,G055,-0.00010273363,-1
G098,G046,-0.00010280932,-1
G068,G091,-0.000102905025,-1
G049,G077,-0.00010299261,-1
G049,G007,-0.000103149425,-1
G095,G024,-0.00010317673,-1
G092,G061,-0.000103339364,-1
G094,G043,-0.000103381404,-1
G043,G075,-0.00010338327,-1
G011,G012,-0.00010382682,-1
G095,G070,-0.00010406337,-1
G092,G071,-0.000104992,-1
G025,G083,-0.00010520001,-1
G084,G020,-0.00010536765,-1
G022,G021,-0.000105639076,-1
G058,G088,-0.00010598359,-1
G048,G041,-0.00010609962,-1
G063,G089,-0.00010611944,-1
G048,G023,-0.00010642081,-1
G084,G006,-0.0001064942,-1
G054,G092,-0.00010653379,-1
G016,G066,-0.00010657848,-1
G093,G012,-0.00010658768,-1
G099,G023,-0.000106593085,-1
G075,G063,-0.0001066093,-1
G073,G097,-0.00010667538,-1
G061,G089,-0.00010689588,-1
G071,G030,-0.00010691207,-1
G028,G037,-0.00010699124,-1
G048,G026,-0.00010707324,-1
G085,G084,-0.000107400636,-1
G100,G015,-0.000107428896,-1
G061,G009,-0.00010754718,-1
G048,G011,-0.00010765036,-1
G063,G004,-0.00010788898,-1
G033,G012,-0.00010799106,-1
G041,G021,-0.00010816885,-1
G100,G038,-0.000108183136,-1
G088,G018,-0.00010846939,-1
G083,G001,-0.00010864404,-1
G005,G058,-0.00010892179,-1
G017,G090,-0.00010911461,-1
G055,G046,-0.00010927587,-1
G076,G022,-0.00010947713,-1
G018,G043,-0.00010954875,-1
G086,G088,-0.00010973974,-1
G040,G054,-0.00010983462,-1
G099,G085,-0.000110225425,-1
G048,G027,-0.00011032491,-1
G034,G084,-0.000110334295,-1
G067,G012,-0.000110410176,-1
G065,G069,-0.00011042647,-1
G035,G052,-0.000110457826,-1
G049,G048,-0.0001104721,-1
G078,G070,-0.00011051675,-1
G023,G006,-0.000110683024,-1
G089,G001,-0.0001109992,-1
G033,G001,-0.000111131776,-1
G047,G074,-0.000111216796,-1
G019,G040,-0.00011130102,-1
G024,G090,-0.00011140905,-1
G076,G078,-0.00011149226,-1
G047,G034,-0.00011151521,-1
G064,G098,-0.00011166998,-1
G100,G088,-0.000111703164,-1
G059,G088,-0.000111942834,-1
G055,G017,-0.00011198315,-1
G084,G059,-0.00011204858,-1
G069,G050,-0.00011218454,-1
G086,G091,-0.00011220384,-1
G047,G067,-0.00011233688,-1
G024,G019,-0.00011262268,-1
G082,G033,-0.00011299746,-1
G047,G010,-0.00011307553,-1
G029,G024,-0.000113168026,-1
G006,G043,-0.0001132937,-1
G080,G076,-0.00011329558,-1
G024,G026,-0.00011344354,-1
G061,G059,-0.00011360713,-1
G075,G100,-0.000113619135,-1
G042,G087,-0.00011417347,-1
G004,G005,-0.000114372786,-1
G073,G004,-0.00011456012,-1
G032,G029,-0.000114690294,-1
G044,G100,-0.000114816576,-1
G054,G081,-0.00011482834,-1
G008,G093,-0.00011503178,-1
G070,G072,-0.000115092895,-1
G049,G096,-0.000115198854,-1
G092,G087,-0.000115282885,-1
G001,G047,-0.00011531149,-1
G020,G076,-0.00011544908,-1
G027,G061,-0.00011549111,-1
G096,G074,-0.00011555901,-1
G030,G074,-0.000115562245,-1
G050,G094,-0.00011558405,-1
G048,G055,-0.000115781186,-1
G050,G073,-0.000115865034,-1
G004,G052,-0.000116007956,-1
G002,G016,-0.000116593685,-1
G019,G044,-0.0001168366,-1
G074,G005,-0.00011705529,-1
G040,G006,-0.00011714078,-1
G047,G019,-0.00011738751,-1
G097,G044,-0.000117663236,-1
G066,G044,-0.000117914584,-1
G050,G070,-0.00011793927,-1
G003,G066,-0.000118083924,-1
G011,G076,-0.000118154065,-1
G066,G085,-0.00011857717,-1
G088,G072,-0.00011864932,-1
G062,G034,-0.00011878298,-1
G044,G088,-0.00011901703,-1
G040,G044,-0.00011913493,-1
G065,G098,-0.0001191539,-1
G052,G037,-0.00011938933,-1
G100,G076,-0.00011948417,-1
G033,G042,-0.000120051474,-1
G035,G012,-0.00012009676,-1
G054,G038,-0.00012009936,-1
G041,G029,-0.00012013983,-1
G075,G048,-0.00012068667,-1
G074,G016,-0.000120705416,-1
G006,G063,-0.000120900986,-1
G076,G077,-0.00012124125,-1
G074,G011,-0.00012149473,-1
G015,G086,-0.00012154111,-1
G009,G050,-0.00012158548,-1
G048,G096,-0.00012162934,-1
G014,G064,-0.000122031124,-1
G036,G092,-0.00012228721,-1
G005,G096,-0.00012268848,-1
G084,G066,-0.00012277505,-1
G046,G017,-0.00012285479,-1
G004,G040,-0.00012296467,-1
G026,G066,-0.00012310674,-1
G071,G063,-0.00012314686,-1
G045,G030,-0.00012320715,-1
G086,G024,-0.00012322297,-1
G033,G055,-0.000123332,-1
G079,G012,-0.00012343217,-1
G024,G072,-0.00012348802,-1
G100,G008,-0.00012383507,-1
G074,G083,-0.0001239162,-1
G009,G088,-0.00012406909,-1
G068,G012,-0.00012408118,-1
G004,G091,-0.00012420771,-1
G054,G013,-0.00012422669,-1
G003,G074,-0.00012425442,-1
G100,G011,-0.00012438308,-1
G055,G002,-0.00012455162,-1
G049,G078,-0.00012465492,-1
G050,G100,-0.00012498935,-1
G068,G092,-0.0001251448,-1
G067,G007,-0.00012558071,-1
G064,G069,-0.00012565074,-1
G073,G094,-0.00012575154,-1
G100,G032,-0.00012593727,-1
G006,G079,-0.00012609726,-1
G004,G063,-0.00012611276,-1
G032,G012,-0.00012613439,-1
G058,G085,-0.00012650447,-1
G041,G034,-0.00012665983,-1
G032,G040,-0.00012671477,-1
G054,G067,-0.00012679992,-1
G006,G092,-0.0001268366,-1
G031,G087,-0.0001270547,-1
G085,G094,-0.00012714376,-1
G020,G023,-0.0001272634,-1
G065,G042,-0.00012740995,-1
G094,G012,-0.0001274649,-1
G073,G066,-0.00012760557,-1
G100,G092,-0.00012794965,-1
G003,G093,-0.00012795013,-1
G021,G017,-0.00012815018,-1
G097,G050,-0.00012831551,-1
G019,G092,-0.00012835936,-1
G039,G007,-0.00012842091,-1
G088,G019,-0.00012871472,-1
G066,G003,-0.00012874413,-1
G022,G011,-0.00012876875,-1
G063,G033,-0.00012896165,-1
G100,G072,-0.00012921276,-1
G011,G055,-0.00012922469,-1
G014,G013,-0.00012927766,-1
G058,G016,-0.00012957909,-1
G050,G042,-0.00012998514,-1
G083,G033,-0.00013006353,-1
G012,G061,-0.00013007861,-1
G096,G030,-0.00013027339,-1
G093,G018,-0.00013037206,-1
G006,G009,-0.00013046089,-1
G018,G099,-0.00013051744,-1
G033,G092,-0.00013063897,-1
G066,G008,-0.00013066006,-1
G060,G045,-0.00013080091,-1
G003,G021,-0.0001308882,-1
G016,G030,-0.00013101728,-1
G083,G053,-0.00013117133,-1
G084,G080,-0.0001313765,-1
G013,G001,-0.00013155493,-1
G071,G031,-0.00013161532,-1
G002,G061,-0.00013167928,-1
G069,G025,-0.00013179952,-1
G049,G079,-0.00013195709,-1
G011,G068,-0.00013197091,-1
G003,G094,-0.00013203679,-1
G024,G048,-0.00013224635,-1
G035,G002,-0.0001322998,-1
G086,G079,-0.00013245469,-1
G099,G002,-0.00013263953,-1
G046,G066,-0.0001326699,-1
G004,G056,-0.00013305577,-1
G042,G098,-0.00013305653,-1
G095,G059,-0.00013347868,-1
G015,G067,-0.00013375672,-1
G063,G098,-0.00013382731,-1
G022,G002,-0.00013385073,-1
G019,G080,-0.00013392302,-1
G065,G073,-0.00013400204,-1
G091,G093,-0.00013409978,-1
G007,G045,-0.00013418429,-1
G011,G069,-0.00013426026,-1
G095,G014,-0.0001343837,-1
G001,G025,-0.0001344504,-1
G090,G092,-0.00013445385,-1
G006,G086,-0.00013448286,-1
G078,G059,-0.00013460897,-1
G019,G011,-0.0001350114,-1
G065,G075,-0.00013537561,-1
G040,G047,-0.00013577362,-1
G080,G021,-0.00013588453,-1
G039,G097,-0.00013588868,-1
G077,G089,-0.00013597561,-1
G023,G018,-0.00013601582,-1
G060,G087,-0.00013602841,-1
G055,G074,-0.00013622327,-1
G032,G071,-0.0001362516,-1
G092,G031,-0.00013629296,-1
G016,G029,-0.00013632866,-1
G022,G060,-0.00013635337,-1
G078,G097,-0.00013639109,-1
G050,G079,-0.00013652434,-1
G072,G025,-0.00013666991,-1
G006,G015,-0.00013674257,-1
G054,G052,-0.00013675584,-1
G024,G083,-0.00013678097,-1
G018,G066,-0.00013684314,-1
G096,G066,-0.00013690996,-1
G022,G038,-0.00013699605,-1
G028,G049,-0.00013742961,-1
G008,G074,-0.00013749572,-1
G042,G026,-0.0001378876,-1
G047,G099,-0.00013789332,-1
G083,G006,-0.00013790776,-1
G034,G076,-0.00013791912,-1
G058,G032,-0.00013792752,-1
G028,G076,-0.00013795545,-1
G011,G099,-0.00013804743,-1
G061,G099,-0.00013856216,-1
G052,G083,-0.00013870547,-1
G089,G025,-0.00013881322,-1
G091,G098,-0.00013921491,-1
G004,G031,-0.00013946871,-1
G049,G018,-0.00013960774,-1
G006,G041,-0.00013962257,-1
G066,G093,-0.00013969392,-1
G032,G065,-0.00013975092,-1
G029,G078,-0.0001397643,-1
G085,G046,-0.00014005607,-1
G100,G021,-0.00014031713,-1
G011,G061,-0.00014058813,-1
G008,G056,-0.00014065634,-1
G026,G004,-0.00014081624,-1
G027,G010,-0.00014090168,-1
G005,G015,-0.00014100346,-1
G004,G089,-0.00014121906,-1
G094,G085,-0.00014144472,-1
G009,G004,-0.00014168119,-1
G013,G042,-0.00014177943,-1
G099,G035,-0.00014189779,-1
G088,G054,-0.0001420666,-1
G060,G030,-0.00014208649,-1
G022,G094,-0.00014213199,-1
G082,G002,-0.00014224421,-1
G070,G048,-0.00014235338,-1
G055,G014,-0.00014240925,-1
G068,G051,-0.00014283678,-1
G072,G005,-0.00014290941,-1
G081,G004,-0.00014307824,-1
G031,G049,-0.00014314156,-1
G015,G005,-0.00014318536,-1
G056,G099,-0.00014324384,-1
G085,G047,-0.00014359072,-1
G035,G090,-0.00014374011,-1
G043,G013,-0.0001439057,-1
G041,G031,-0.00014401038,-1
G002,G059,-0.00014426594,-1
G042,G027,-0.00014427646,-1
G051,G092,-0.00014433142,-1
G082,G078,-0.0001450068,-1
G023,G074,-0.00014508275,-1
G002,G008,-0.00014511871,-1
G032,G096,-0.0001454026,-1
G066,G045,-0.00014544518,-1
G061,G028,-0.00014604274,-1
G013,G043,-0.00014606596,-1
G080,G004,-0.00014656717,-1
G026,G097,-0.00014700434,-1
G078,G020,-0.00014760524,-1
G078,G038,-0.0001476087,-1
G040,G075,-0.00014761109,-1
G032,G078,-0.00014787495,-1
G020,G090,-0.0001480042,-1
G051,G046,-0.00014823143,-1
G071,G036,-0.00014831916,-1
G085,G083,-0.00014834077,-1
G045,G039,-0.00014854994,-1
G091,G058,-0.00014901922,-1
G019,G059,-0.00014904188,-1
G057,G015,-0.00014907047,-1
G032,G069,-0.00014913027,-1
G098,G022,-0.00014921639,-1
G029,G061,-0.00014980303,-1
G066,G012,-0.00014984733,-1
G001,G023,-0.00015009572,-1
G096,G061,-0.00015009791,-1
G054,G080,-0.00015013848,-1
G024,G031,-0.00015015906,-1
G025,G084,-0.00015020835,-1
G079,G078,-0.00015045534,-1
G093,G072,-0.00015055588,-1
G021,G035,-0.00015062478,-1
G081,G088,-0.0001507113,-1
G089,G076,-0.00015089658,-1
G079,G093,-0.00015097902,-1
G035,G041,-0.000150984,-1
G069,G011,-0.00015101286,-1
G092,G012,-0.00015123608,-1
G048,G076,-0.00015124446,-1
G026,G088,-0.00015135444,-1
G012,G075,-0.00015190254,-1
G038,G070,-0.00015229166,-1
G086,G050,-0.00015240909,-1
G080,G019,-0.00015246723,-1
G094,G003,-0.00015259048,-1
G013,G052,-0.00015276083,-1
G033,G053,-0.0001528263,-1
G061,G040,-0.00015288546,-1
G012,G024,-0.0001528968,-1
G065,G031,-0.0001530703,-1
G047,G096,-0.00015347013,-1
G085,G063,-0.00015358832,-1
G084,G027,-0.00015363621,-1
G029,G010,-0.00015394001,-1
G048,G018,-0.00015397351,-1
G075,G077,-0.00015436097,-1
G040,G061,-0.00015441199,-1
G016,G043,-0.00015458763,-1
G034,G056,-0.00015488117,-1
G076,G044,-0.00015501516,-1
G075,G006,-0.00015503526,-1
G088,G013,-0.0001550918,-1
G013,G040,-0.00015519111,-1
G084,G041,-0.00015530651,-1
G071,G012,-0.0001555193,-1
G094,G042,-0.00015557763,-1
G043,G073,-0.00015563708,-1
G074,G086,-0.00015566773,-1
G002,G055,-0.00015572671,-1
G050,G039,-0.00015578669,-1
G069,G018,-0.00015592852,-1
G022,G065,-0.00015605058,-1
G001,G036,-0.00015636487,-1
G078,G009,-0.00015664235,-1
G014,G009,-0.00015664949,-1
G096,G062,-0.00015672702,-1
G027,G075,-0.00015701778,-1
G083,G088,-0.00015742634,-1
G024,G010,-0.00015743898,-1
G035,G096,-0.00015748844,-1
G031,G029,-0.00015754809,-1
G092,G059,-0.00015763426,-1
G059,G031,-0.00015778247,-1
G099,G003,-0.00015780331,-1
G068,G088,-0.000158281,-1
G015,G017,-0.00015831449,-1
G028,G078,-0.00015833134,-1
G004,G069,-0.00015843927,-1
G069,G074,-0.00015844837,-1
G083,G100,-0.00015871062,-1
G075,G074,-0.00015929634,-1
G064,G027,-0.00015938378,-1
G066,G032,-0.00015942352,-1
G090,G088,-0.00015987117,-1
G088,G093,-0.00016004409,-1
G060,G034,-0.00016019441,-1
G071,G089,-0.00016027245,-1
G087,G057,-0.00016032625,-1
G045,G051,-0.00016044993,-1
G020,G052,-0.00016082081,-1
G056,G044,-0.000161346,-1
G076,G002,-0.00016153321,-1
G047,G080,-0.00016168648,-1
G057,G016,-0.00016171686,-1
G092,G022,-0.00016217612,-1
G077,G072,-0.00016226854,-1
G026,G015,-0.00016231077,-1
G040,G020,-0.00016234638,-1
G046,G036,-0.00016241489,-1
G021,G066,-0.0001626313,-1
G060,G075,-0.00016266966,-1
G018,G098,-0.00016285408,-1
G075,G033,-0.00016292062,-1
G074,G073,-0.00016292091,-1
G088,G091,-0.00016306427,-1
G004,G061,-0.00016322939,-1
G017,G055,-0.000163525,-1
G028,G041,-0.00016358674,-1
G017,G056,-0.00016372261,-1
G013,G032,-0.00016377064,-1
G064,G003,-0.00016412923,-1
G068,G075,-0.00016463043,-1
G030,G092,-0.00016491496,-1
G077,G074,-0.00016497217,-1
G089,G088,-0.00016510305,-1
G066,G074,-0.00016519021,-1
G080,G036,-0.00016521678,-1
G096,G020,-0.00016539164,-1
G067,G094,-0.00016547956,-1
G013,G082,-0.00016562273,-1
G100,G046,-0.00016579502,-1
G063,G087,-0.00016583792,-1
G094,G049,-0.00016599712,-1
G014,G083,-0.00016627471,-1
G072,G011,-0.00016640489,-1
G024,G014,-0.00016647893,-1
G039,G071,-0.00016654682,-1
G072,G034,-0.00016738065,-1
G043,G041,-0.00016749228,-1
G013,G094,-0.00016773625,-1
G094,G056,-0.00016801493,-1
G034,G098,-0.00016830782,-1
G057,G018,-0.00016890257,-1
G096,G015,-0.00016916747,-1
G031,G044,-0.00016958104,-1
G062,G013,-0.00016958854,-1
G048,G043,-0.00017061387,-1
G099,G024,-0.00017072605,-1
G067,G096,-0.00017086988,-1
G088,G084,-0.00017089923,-1
G093,G005,-0.00017110689,-1
G093,G054,-0.00017126396,-1
G005,G010,-0.00017148894,-1
G001,G030,-0.00017162702,-1
G060,G015,-0.00017178369,-1
G070,G017,-0.0001721462,-1
G046,G094,-0.00017227746,-1
G030,G088,-0.00017234944,-1
G050,G054,-0.0001723905,-1
G085,G060,-0.00017256994,-1
G016,G063,-0.00017263276,-1
G028,G036,-0.00017272754,-1
G094,G052,-0.00017297793,-1
G064,G007,-0.0001729816,-1
G030,G064,-0.00017307146,-1
G070,G056,-0.00017390195,-1
G005,G083,-0.00017399325,-1
G057,G001,-0.00017419661,-1
G011,G047,-0.00017450603,-1
G089,G061,-0.00017464791,-1
G062,G078,-0.00017464971,-1
G030,G025,-0.00017484897,-1
G003,G069,-0.00017537599,-1
G058,G044,-0.00017640834,-1
G093,G085,-0.00017649856,-1
G099,G079,-0.0001765021,-1
G002,G019,-0.00017681692,-1
G096,G052,-0.00017759392,-1
G070,G093,-0.00017762101,-1
G079,G005,-0.00017813382,-1
G077,G052,-0.00017852683,-1
G016,G003,-0.00017870999,-1
G004,G027,-0.00017887578,-1
G024,G080,-0.0001789677,-1
G050,G068,-0.00017917348,-1
G085,G032,-0.00017939784,-1
G076,G072,-0.00017957498,-1
G029,G052,-0.00017958018,-1
G097,G068,-0.0001802053,-1
G009,G060,-0.00018028705,-1
G073,G012,-0.00018032448,-1
G019,G055,-0.00018054272,-1
G031,G089,-0.0001805904,-1
G067,G019,-0.00018094131,-1
G068,G044,-0.00018122673,-1
G080,G002,-0.00018127967,-1
G036,G028,-0.00018138567,-1
G039,G020,-0.0001814941,-1
G054,G022,-0.00018152644,-1
G011,G071,-0.00018171553,-1
G088,G047,-0.00018176463,-1
G035,G073,-0.00018180054,-1
G038,G005,-0.00018228315,-1
G095,G055,-0.00018236939,-1
G093,G029,-0.00018243646,-1
G080,G078,-0.00018270987,-1
G024,G100,-0.00018293082,-1
G024,G046,-0.00018314943,-1
G045,G036,-0.00018318235,-1
G046,G041,-0.00018328136,-1
G014,G082,-0.0001834004,-1
G003,G090,-0.00018357243,-1
G011,G052,-0.00018360773,-1
G078,G037,-0.00018368642,-1
G047,G072,-0.0001837739,-1
G095,G040,-0.00018395997,-1
G083,G043,-0.00018402893,-1
G082,G057,-0.00018410344,-1
G044,G087,-0.00018410443,-1
G048,G042,-0.000184218,-1
G064,G067,-0.00018437605,-1
G080,G067,-0.0001848025,-1
G061,G057,-0.00018511311,-1
G070,G032,-0.00018523225,-1
G020,G074,-0.00018579894,-1
G043,G036,-0.00018588179,-1
G042,G007,-0.0001860215,-1
G074,G076,-0.00018612847,-1
G091,G088,-0.00018643033,-1
G031,G003,-0.00018659713,-1
G006,G007,-0.00018711366,-1
G075,G016,-0.00018712123,-1
G080,G055,-0.00018717707,-1
G068,G081,-0.00018752599,-1
G081,G031,-0.00018775187,-1
G084,G053,-0.00018840682,-1
G005,G009,-0.00018840976,-1
G066,G058,-0.00018847093,-1
G093,G092,-0.00018856351,-1
G096,G079,-0.00018872478,-1
G090,G057,-0.0001888598,-1
G040,G031,-0.00018890842,-1
G099,G032,-0.00018904512,-1
G092,G053,-0.00018928516,-1
G001,G044,-0.00018940544,-1
G036,G016,-0.00018943811,-1
G057,G069,-0.0001895317,-1
G006,G076,-0.00018953606,-1
G062,G054,-0.00018967058,-1
G011,G072,-0.00018991066,-1
G043,G095,-0.0001899461,-1
G079,G004,-0.00019012293,-1
G012,G036,-0.00019019704,-1
G090,G016,-0.0001904677,-1
G066,G081,-0.0001904776,-1
G082,G023,-0.00019152871,-1
G087,G033,-0.00019209398,-1
G098,G088,-0.00019220967,-1
G074,G003,-0.00019228972,-1
G056,G097,-0.00019249386,-1
G090,G028,-0.00019262124,-1
G027,G051,-0.00019303079,-1
G063,G085,-0.00019316428,-1
G056,G031,-0.00019325089,-1
G022,G067,-0.00019343605,-1
G028,G096,-0.00019384663,-1
G052,G084,-0.00019392442,-1
G075,G013,-0.00019406441,-1
G091,G020,-0.0001941224,-1
G012,G086,-0.00019442351,-1
G085,G091,-0.00019465931,-1
G025,G041,-0.00019480985,-1
G098,G090,-0.0001948792,-1
G028,G001,-0.00019493594,-1
G073,G064,-0.00019514072,-1
G018,G084,-0.00019519658,-1
G046,G090,-0.0001954866,-1
G071,G100,-0.00019565223,-1
G002,G039,-0.00019575258,-1
G043,G025,-0.0001958177,-1
G066,G072,-0.00019582178,-1
G084,G038,-0.00019614777,-1
G046,G031,-0.00019615215,-1
G011,G043,-0.00019619495,-1
G094,G025,-0.0001963095,-1
G063,G038,-0.0001966129,-1
G022,G036,-0.00019669691,-1
G049,G002,-0.00019700103,-1
G060,G022,-0.00019772914,-1
G033,G057,-0.00019782013,-1
G035,G063,-0.00019787069,-1
G029,G005,-0.00019804107,-1
G058,G028,-0.00019822094,-1
G028,G069,-0.00019832134,-1
G097,G074,-0.00019892766,-1
G004,G067,-0.00019918408,-1
G019,G071,-0.0001993126,-1
G083,G046,-0.00019962234,-1
G042,G032,-0.00019971002,-1
G041,G015,-0.00019985983,-1
G043,G085,-0.00019989608,-1
G078,G053,-0.0001999591,-1
G063,G003,-0.00020014975,-1
G067,G077,-0.00020031861,-1
G069,G070,-0.00020052375,-1
G079,G061,-0.00020100675,-1
G098,G021,-0.00020105095,-1
G006,G051,-0.00020106103,-1
G076,G053,-0.00020108247,-1
G050,G046,-0.00020128788,-1
G058,G072,-0.00020163629,-1
G038,G065,-0.000201652,-1
G050,G090,-0.00020184107,-1
G003,G067,-0.00020188208,-1
G017,G010,-0.00020191449,-1
G073,G036,-0.000202237,-1
G059,G067,-0.0002022849,-1
G083,G029,-0.00020275131,-1
G024,G005,-0.00020281693,-1
G020,G041,-0.00020287493,-1
G020,G087,-0.00020317313,-1
G092,G036,-0.00020328443,-1
G082,G034,-0.00020359014,-1
G091,G081,-0.00020461135,-1
G021,G016,-0.00020468108,-1
G083,G089,-0.00020510796,-1
G097,G059,-0.00020519987,-1
G010,G046,-0.00020622335,-1
G031,G027,-0.00020632108,-1
G047,G055,-0.00020655397,-1
G051,G032,-0.0002069092,-1
G043,G083,-0.00020701891,-1
G003,G063,-0.00020726553,-1
G090,G069,-0.0002074467,-1
G050,G058,-0.00020760915,-1
G063,G039,-0.00020787634,-1
G045,G069,-0.00020796836,-1
G087,G073,-0.00020808847,-1
G045,G057,-0.00020831473,-1
G061,G049,-0.00020834553,-1
G032,G016,-0.0002090445,-1
G064,G056,-0.00020907664,-1
G057,G061,-0.00020940778,-1
G081,G051,-0.00020976095,-1
G086,G058,-0.00020996472,-1
G027,G077,-0.00021013133,-1
G003,G085,-0.0002103755,-1
G028,G094,-0.00021085527,-1
G043,G028,-0.00021087697,-1
G077,G035,-0.00021093345,-1
G066,G064,-0.00021095698,-1
G024,G017,-0.00021136703,-1
G056,G006,-0.00021230796,-1
G027,G011,-0.00021241982,-1
G065,G022,-0.00021288286,-1
G098,G045,-0.00021304247,-1
G100,G090,-0.0002131228,-1
G033,G043,-0.00021337155,-1
G043,G020,-0.00021350944,-1
G059,G053,-0.0002135485,-1
G092,G078,-0.00021366577,-1
G067,G099,-0.00021368233,-1
G053,G034,-0.00021377596,-1
G042,G070,-0.00021382692,-1
G093,G079,-0.00021385505,-1
G004,G015,-0.00021416818,-1
G038,G064,-0.0002141891,-1
G045,G089,-0.00021420044,-1
G038,G049,-0.00021443749,-1
G074,G075,-0.00021462253,-1
G036,G096,-0.00021481463,-1
G039,G054,-0.00021482963,-1
G033,G088,-0.00021492521,-1
G096,G002,-0.00021518547,-1
G045,G040,-0.00021556756,-1
G035,G034,-0.0002156496,-1
G078,G047,-0.0002157405,-1
G013,G045,-0.00021586883,-1
G074,G066,-0.0002158828,-1
G061,G091,-0.0002159543,-1
G029,G017,-0.00021606474,-1
G012,G043,-0.0002160854,-1
G100,G044,-0.00021621688,-1
G010,G014,-0.00021630515,-1
G080,G032,-0.00021635277,-1
G091,G074,-0.00021655485,-1
G084,G024,-0.00021688096,-1
G077,G047,-0.00021689349,-1
G072,G040,-0.00021702914,-1
G043,G087,-0.00021707536,-1
G079,G020,-0.00021720654,-1
G098,G030,-0.00021815248,-1
G038,G091,-0.00021832382,-1
G036,G100,-0.00021846418,-1
G070,G094,-0.00021855895,-1
G049,G054,-0.00021876529,-1
G066,G027,-0.00021956558,-1
G081,G094,-0.00021961995,-1
G100,G075,-0.00021977483,-1
G077,G091,-0.00021997302,-1
G038,G100,-0.00022012765,-1
G032,G035,-0.00022021156,-1
G088,G027,-0.00022045439,-1
G048,G074,-0.000220472,-1
G015,G031,-0.00022095791,-1
G080,G022,-0.0002209944,-1
G075,G031,-0.0002210415,-1
G056,G021,-0.00022116488,-1
G062,G047,-0.00022185686,-1
G068,G014,-0.00022194131,-1
G078,G076,-0.00022213599,-1
G049,G026,-0.0002221895,-1
G075,G086,-0.0002222037,-1
G025,G098,-0.00022255881,-1
G040,G052,-0.00022272253,-1
G047,G016,-0.00022282948,-1
G014,G035,-0.00022287291,-1
G073,G082,-0.00022297747,-1
G016,G001,-0.00022326488,-1
G042,G073,-0.00022333804,-1
G064,G083,-0.00022335236,-1
G032,G014,-0.00022354993,-1
G049,G062,-0.00022363946,-1
G006,G093,-0.00022427537,-1
G080,G074,-0.00022429838,-1
G047,G007,-0.00022439027,-1
G062,G091,-0.00022445318,-1
G098,G017,-0.00022478121,-1
G036,G088,-0.00022489505,-1
G013,G078,-0.00022570767,-1
G020,G038,-0.00022608698,-1
G071,G049,-0.00022646748,-1
G017,G023,-0.00022656508,-1
G100,G050,-0.00022659393,-1
G013,G077,-0.00022668236,-1
G078,G090,-0.0002272037,-1
G001,G091,-0.00022746774,-1
G033,G062,-0.00022749174,-1
G085,G070,-0.00022761321,-1
G069,G032,-0.00022761564,-1
G012,G041,-0.00022761637,-1
G050,G088,-0.00022761889,-1
G074,G032,-0.00022775501,-1
G007,G079,-0.00022799868,-1
G089,G048,-0.00022808879,-1
G091,G005,-0.00022810715,-1
G032,G015,-0.00022822354,-1
G014,G028,-0.0002284109,-1
G061,G041,-0.00022845306,-1
G033,G044,-0.00022867367,-1
G023,G032,-0.00022883403,-1
G091,G045,-0.00022889955,-1
G070,G059,-0.00022895819,-1
G002,G045,-0.00022896886,-1
G020,G080,-0.00022918184,-1
G008,G039,-0.00022922909,-1
G069,G097,-0.00022978615,-1
G076,G043,-0.00022989794,-1
G058,G070,-0.00022999899,-1
G073,G025,-0.00023025801,-1
G069,G067,-0.00023028674,-1
G002,G087,-0.00023049342,-1
G089,G007,-0.0002308131,-1
G009,G046,-0.00023114354,-1
G063,G048,-0.00023188331,-1
G026,G035,-0.0002322177,-1
G092,G079,-0.00023266189,-1
G007,G068,-0.000232691,-1
G082,G067,-0.00023271923,-1
G098,G036,-0.000232871,-1
G038,G075,-0.00023293433,-1
G075,G047,-0.00023335998,-1
G032,G025,-0.00023338234,-1
G086,G062,-0.00023339888,-1
G075,G049,-0.0002335366,-1
G086,G014,-0.00023384641,-1
G056,G033,-0.00023422386,-1
G047,G018,-0.0002346775,-1
G010,G043,-0.0002350767,-1
G035,G087,-0.00023511265,-1
G049,G038,-0.00023519447,-1
G031,G015,-0.00023521578,-1
G072,G091,-0.0002353077,-1
G001,G055,-0.00023531044,-1
G029,G055,-0.00023546252,-1
G020,G073,-0.00023567422,-1
G050,G076,-0.00023578516,-1
G094,G020,-0.00023587269,-1
G037,G045,-0.0002360583,-1
G054,G056,-0.00023612562,-1
G021,G007,-0.00023631331,-1
G042,G078,-0.00023675965,-1
G070,G060,-0.00023689766,-1
G058,G079,-0.0002369392,-1
G015,G075,-0.00023704061,-1
G039,G047,-0.00023709849,-1
G012,G027,-0.00023740632,-1
G068,G052,-0.0002378964,-1
G028,G021,-0.00023792067,-1
G091,G004,-0.00023842236,-1
G099,G087,-0.00023907864,-1
G012,G085,-0.0002391191,-1
G066,G005,-0.00023912587,-1
G075,G004,-0.00023954215,-1
G098,G002,-0.0002397009,-1
G051,G020,-0.00023975903,-1
G030,G059,-0.00023999205,-1
G072,G093,-0.00024005045,-1
G054,G094,-0.00024024057,-1
G055,G007,-0.00024082736,-1
G022,G070,-0.00024102085,-1
G080,G093,-0.00024117375,-1
G082,G045,-0.00024124958,-1
G053,G056,-0.00024213902,-1
G040,G076,-0.00024215385,-1
G093,G060,-0.00024257023,-1
G068,G019,-0.00024262526,-1
G018,G058,-0.00024294814,-1
G008,G072,-0.00024313314,-1
G060,G005,-0.00024345132,-1
G049,G088,-0.00024375394,-1
G089,G019,-0.00024419633,-1
G038,G050,-0.00024426827,-1
G092,G088,-0.0002445856,-1
G095,G045,-0.00024487512,-1
G097,G047,-0.00024501892,-1
G056,G074,-0.0002450756,-1
G057,G030,-0.00024511886,-1
G049,G089,-0.0002451237,-1
G024,G091,-0.00024537204,-1
G021,G040,-0.00024570813,-1
G027,G062,-0.0002458953,-1
G062,G033,-0.0002460827,-1
G026,G063,-0.0002463493,-1
G007,G093,-0.00024636905,-1
G003,G060,-0.00024652027,-1
G001,G058,-0.00024653284,-1
G100,G026,-0.00024693547,-1
G031,G046,-0.00024711946,-1
G065,G100,-0.000247216,-1
G085,G015,-0.0002474038,-1
G054,G012,-0.00024768748,-1
G001,G094,-0.0002479603,-1
G094,G074,-0.00024805596,-1
G008,G052,-0.00024810285,-1
G005,G007,-0.00024839846,-1
G031,G052,-0.00024844197,-1
G065,G056,-0.0002484461,-1
G088,G057,-0.00024870952,-1
G066,G054,-0.00024875283,-1
G032,G051,-0.00024876642,-1
G020,G078,-0.0002500233,-1
G052,G068,-0.00025015,-1
G025,G053,-0.0002503831,-1
G007,G034,-0.00025039227,-1
G097,G076,-0.0002510797,-1
G064,G082,-0.0002511692,-1
G045,G075,-0.00025129653,-1
G060,G092,-0.0002514228,-1
G062,G061,-0.00025163923,-1
G025,G001,-0.0002523262,-1
G005,G037,-0.00025239523,-1
G051,G057,-0.00025249986,-1
G077,G051,-0.00025266435,-1
G016,G091,-0.0002526923,-1
G072,G085,-0.00025273373,-1
G054,G021,-0.00025275923,-1
G085,G062,-0.00025306264,-1
G084,G060,-0.00025337824,-1
G033,G072,-0.00025339588,-1
G082,G059,-0.0002535676,-1
G081,G024,-0.00025359445,-1
G019,G087,-0.0002541765,-1
G064,G012,-0.0002543311,-1
G034,G062,-0.00025442766,-1
G093,G032,-0.00025453474,-1
G025,G099,-0.00025468617,-1
G095,G086,-0.00025506745,-1
G053,G042,-0.00025564845,-1
G089,G036,-0.00025600393,-1
G027,G043,-0.00025645844,-1
G072,G031,-0.0002565776,-1
G066,G092,-0.00025667908,-1
G066,G013,-0.00025674232,-1
G093,G097,-0.00025678414,-1
G092,G049,-0.00025689584,-1
G046,G019,-0.00025703417,-1
G055,G027,-0.00025730117,-1
G022,G075,-0.0002577165,-1
G029,G063,-0.0002577712,-1
G044,G047,-0.0002585694,-1
G005,G040,-0.00025860645,-1
G028,G035,-0.00025868422,-1
G060,G006,-0.00025882458,-1
G061,G048,-0.0002596092,-1
G073,G070,-0.00025965564,-1
G091,G066,-0.00026043248,-1
G062,G040,-0.00026150118,-1
G048,G017,-0.00026151797,-1
G073,G034,-0.00026152705,-1
G099,G057,-0.00026172676,-1
G072,G080,-0.0002623677,-1
G074,G090,-0.00026237362,-1
G086,G065,-0.0002625473,-1
G063,G071,-0.00026263465,-1
G021,G068,-0.00026282336,-1
G035,G080,-0.00026287738,-1
G042,G013,-0.0002630294,-1
G063,G002,-0.00026326053,-1
G070,G052,-0.00026329156,-1
G070,G081,-0.00026375212,-1
G097,G023,-0.00026395367,-1
G026,G076,-0.00026395405,-1
G071,G052,-0.00026418766,-1
G091,G095,-0.00026447445,-1
G035,G093,-0.00026493892,-1
G087,G020,-0.00026504445,-1
G006,G084,-0.00026506966,-1
G027,G076,-0.00026571288,-1
G009,G034,-0.00026583744,-1
G029,G097,-0.00026613282,-1
G022,G081,-0.00026630884,-1
G016,G079,-0.00026644056,-1
G024,G032,-0.00026650316,-1
G064,G073,-0.00026675736,-1
G036,G019,-0.00026695285,-1
G058,G019,-0.00026723143,-1
G010,G072,-0.00026838502,-1
G080,G089,-0.00026838583,-1
G017,G062,-0.0002686532,-1
G095,G088,-0.00026904224,-1
G061,G062,-0.0002690506,-1
G081,G076,-0.0002694907,-1
G054,G026,-0.00026978552,-1
G047,G005,-0.00026984158,-1
G031,G071,-0.00027054118,-1
G040,G053,-0.00027057406,-1
G046,G014,-0.00027060643,-1
G051,G045,-0.00027133903,-1
G009,G080,-0.00027158356,-1
G033,G085,-0.00027170198,-1
G021,G092,-0.00027175597,-1
G095,G021,-0.0002722338,-1
G001,G017,-0.00027254893,-1
G065,G097,-0.00027256826,-1
G037,G046,-0.0002732543,-1
G085,G021,-0.00027396868,-1
G064,G060,-0.00027442773,-1
G072,G008,-0.00027452692,-1
G016,G058,-0.00027459496,-1
G067,G092,-0.0002746159,-1
G096,G087,-0.00027468317,-1
G001,G059,-0.00027484156,-1
G036,G065,-0.00027499357,-1
G029,G035,-0.00027522972,-1
G088,G098,-0.00027530736,-1
G043,G084,-0.00027536682,-1
G042,G085,-0.00027594864,-1
G036,G023,-0.00027621968,-1
G059,G072,-0.0002764291,-1
G015,G011,-0.0002767752,-1
G024,G057,-0.00027720377,-1
G038,G069,-0.00027735534,-1
G073,G031,-0.00027815657,-1
G042,G051,-0.00027840617,-1
G049,G087,-0.00027845803,-1
G013,G084,-0.0002784769,-1
G050,G028,-0.00027858847,-1
G064,G006,-0.00027890338,-1
G005,G013,-0.0002792014,-1
G088,G046,-0.00027926176,-1
G090,G033,-0.00027973222,-1
G002,G035,-0.0002797631,-1
G096,G046,-0.0002797701,-1
G044,G021,-0.00027979288,-1
G086,G019,-0.0002799625,-1
G064,G062,-0.00028042422,-1
G078,G068,-0.0002809307,-1
G001,G029,-0.00028104853,-1
G020,G065,-0.00028128733,-1
G002,G091,-0.00028130395,-1
G087,G074,-0.0002821882,-1
G016,G035,-0.0002823408,-1
G011,G074,-0.00028270332,-1
G055,G021,-0.00028271234,-1
G048,G054,-0.00028288818,-1
G018,G016,-0.0002831003,-1
G075,G037,-0.00028329148,-1
G038,G009,-0.00028329692,-1
G099,G018,-0.00028348237,-1
G076,G029,-0.0002837305,-1
G052,G015,-0.00028380033,-1
G093,G098,-0.00028401168,-1
G084,G033,-0.00028401197,-1
G088,G025,-0.00028426707,-1
G068,G073,-0.00028488095,-1
G098,G053,-0.00028493605,-1
G052,G012,-0.000284953,-1
G030,G036,-0.00028500063,-1
G041,G076,-0.0002850562,-1
G040,G011,-0.0002851836,-1
G047,G044,-0.00028555543,-1
G012,G057,-0.0002857409,-1
G001,G063,-0.00028636874,-1
G064,G061,-0.00028641953,-1
G098,G041,-0.00028645978,-1
G017,G074,-0.00028672765,-1
G023,G072,-0.0002867315,-1
G049,G071,-0.00028734803,-1
G070,G024,-0.00028783092,-1
G025,G002,-0.00028829003,-1
G045,G082,-0.0002887626,-1
G010,G074,-0.00028919318,-1
G032,G098,-0.00028956324,-1
G031,G086,-0.00028964036,-1
G043,G046,-0.00029024345,-1
G035,G060,-0.00029049529,-1
G072,G049,-0.0002906396,-1
G036,G032,-0.00029070012,-1
G074,G070,-0.00029073373,-1
G051,G036,-0.0002908683,-1
G015,G093,-0.0002911131,-1
G040,G003,-0.00029142058,-1
G028,G066,-0.00029240886,-1
G057,G078,-0.00029285112,-1
G083,G040,-0.0002929954,-1
G005,G012,-0.00029368387,-1
G082,G011,-0.00029401356,-1
G078,G044,-0.00029414013,-1
G062,G045,-0.00029421385,-1
G048,G092,-0.00029452518,-1
G089,G031,-0.00029464843,-1
G062,G064,-0.0002947164,-1
G098,G028,-0.00029484232,-1
G023,G094,-0.0002948717,-1
G056,G055,-0.00029524384,-1
G020,G072,-0.0002953246,-1
G062,G053,-0.00029550283,-1
G099,G091,-0.00029569556,-1
G071,G001,-0.00029583785,-1
G100,G071,-0.0002961781,-1
G048,G082,-0.00029695244,-1
G061,G073,-0.0002972343,-1
G001,G090,-0.00029820803,-1
G056,G050,-0.0002982366,-1
G014,G081,-0.00029850728,-1
G089,G082,-0.00029865434,-1
G097,G013,-0.00029867617,-1
G001,G032,-0.00029881982,-1
G081,G032,-0.0002992621,-1
G093,G013,-0.00030007274,-1
G025,G045,-0.00030018715,-1
G012,G019,-0.0003003359,-1
G096,G097,-0.0003004095,-1
G013,G060,-0.0003004261,-1
G014,G037,-0.00030078684,-1
G048,G056,-0.00030092165,-1
G053,G005,-0.00030178743,-1
G064,G026,-0.00030183693,-1
G065,G006,-0.00030205422,-1
G043,G080,-0.000302117,-1
G059,G030,-0.00030257198,-1
G027,G048,-0.00030266584,-1
G078,G100,-0.00030287218,-1
G040,G038,-0.00030311904,-1
G088,G087,-0.0003031951,-1
G045,G081,-0.00030331014,-1
G016,G094,-0.00030336055,-1
G055,G062,-0.00030338252,-1
G077,G013,-0.00030390685,-1
G073,G086,-0.0003039537,-1
G086,G035,-0.00030481446,-1
G038,G033,-0.00030509173,-1
G093,G015,-0.0003051462,-1
G037,G053,-0.0003052833,-1
G027,G045,-0.0003055509,-1
G002,G083,-0.000305712,-1
G060,G088,-0.00030604698,-1
G086,G052,-0.00030613854,-1
G089,G087,-0.00030640652,-1
G056,G036,-0.00030666744,-1
G075,G032,-0.00030683473,-1
G089,G091,-0.00030696148,-1
G002,G044,-0.00030707932,-1
G091,G080,-0.00030938184,-1
G100,G074,-0.00030965146,-1
G027,G083,-0.00030989017,-1
G088,G016,-0.00031004215,-1
G091,G055,-0.00031026028,-1
G067,G050,-0.00031043656,-1
G020,G095,-0.00031053743,-1
G084,G065,-0.00031059107,-1
G048,G093,-0.00031076858,-1
G035,G094,-0.00031103834,-1
G050,G052,-0.0003111225,-1
G092,G055,-0.0003111535,-1
G055,G056,-0.00031128665,-1
G052,G024,-0.00031189327,-1
G089,G078,-0.00031228308,-1
G031,G080,-0.00031241306,-1
G091,G096,-0.0003128258,-1
G015,G018,-0.00031390984,-1
G092,G025,-0.0003139279,-1
G044,G017,-0.00031426002,-1
G036,G074,-0.00031437117,-1
G024,G064,-0.00031442425,-1
G069,G029,-0.0003144246,-1
G060,G072,-0.00031446115,-1
G079,G003,-0.00031481445,-1
G015,G022,-0.00031495557,-1
G055,G068,-0.00031556207,-1
G084,G016,-0.0003155991,-1
G045,G049,-0.00031572732,-1
G025,G052,-0.00031594248,-1
G076,G091,-0.0003161177,-1
G017,G020,-0.00031621556,-1
G037,G064,-0.00031643177,-1
G097,G082,-0.00031654903,-1
G099,G100,-0.00031658186,-1
G070,G064,-0.00031759404,-1
G092,G066,-0.0003178608,-1
G067,G052,-0.00031787722,-1
G086,G034,-0.00031790553,-1
G073,G014,-0.0003179399,-1
G042,G072,-0.0003183637,-1
G057,G075,-0.00031845414,-1
G009,G026,-0.00031855152,-1
G008,G020,-0.0003189755,-1
G088,G011,-0.00031911762,-1
G052,G064,-0.00031945418,-1
G018,G065,-0.0003199601,-1
G071,G028,-0.00031999094,-1
G047,G052,-0.0003201456,-1
G036,G046,-0.00032078073,-1
G032,G019,-0.0003210104,-1
G092,G004,-0.00032101583,-1
G064,G084,-0.00032163117,-1
G072,G027,-0.00032225097,-1
G058,G086,-0.00032230472,-1
G088,G040,-0.0003224463,-1
G017,G004,-0.0003231566,-1
G016,G038,-0.00032365797,-1
G092,G046,-0.00032388698,-1
G056,G073,-0.00032394513,-1
G001,G026,-0.00032410678,-1
G022,G043,-0.0003244188,-1
G084,G063,-0.00032471944,-1
G043,G032,-0.00032476123,-1
G019,G064,-0.0003248319,-1
G061,G036,-0.00032492497,-1
G076,G026,-0.00032562244,-1
G023,G079,-0.00032694126,-1
G081,G006,-0.0003271165,-1
G086,G068,-0.00032759103,-1
G048,G024,-0.00032794155,-1
G041,G089,-0.00032872695,-1
G078,G023,-0.00032877075,-1
G074,G065,-0.00032897497,-1
G040,G093,-0.0003290832,-1
G043,G054,-0.00032935917,-1
G016,G072,-0.0003300091,-1
G036,G024,-0.00033004108,-1
G078,G069,-0.0003300969,-1
G045,G078,-0.00033037178,-1
G058,G059,-0.00033048884,-1
G076,G001,-0.00033058136,-1
G071,G045,-0.00033061084,-1
G070,G074,-0.00033143812,-1
G094,G036,-0.00033162913,-1
G037,G017,-0.00033166935,-1
G071,G038,-0.00033189365,-1
G018,G062,-0.00033243702,-1
G069,G066,-0.00033251746,-1
G029,G016,-0.00033307576,-1
G029,G050,-0.00033314127,-1
G041,G011,-0.00033334,-1
G096,G072,-0.00033375272,-1
G021,G045,-0.00033379585,-1
G010,G099,-0.00033386232,-1
G035,G092,-0.000333981,-1
G013,G075,-0.00033446852,-1
G068,G078,-0.00033455915,-1
G066,G076,-0.00033463206,-1
G047,G062,-0.0003352901,-1
G042,G086,-0.00033541856,-1
G053,G093,-0.0003357257,-1
G067,G095,-0.00033756177,-1
G042,G084,-0.00033772585,-1
G029,G037,-0.00033819233,-1
G098,G004,-0.00033912304,-1
G083,G093,-0.0003394148,-1
G001,G010,-0.00033985038,-1
G004,G100,-0.00033985873,-1
G017,G063,-0.00034044616,-1
G027,G086,-0.00034088764,-1
G046,G024,-0.00034115347,-1
G030,G070,-0.00034118217,-1
G006,G089,-0.00034127847,-1
G042,G053,-0.00034172286,-1
G084,G005,-0.00034178293,-1
G087,G007,-0.00034201512,-1
G049,G027,-0.0003426231,-1
G078,G088,-0.00034294053,-1
G089,G049,-0.00034376106,-1
G055,G036,-0.00034379508,-1
G053,G028,-0.0003438721,-1
G072,G012,-0.00034390457,-1
G057,G005,-0.00034400905,-1
G041,G052,-0.00034411027,-1
G029,G043,-0.0003441553,-1
G080,G059,-0.0003447852,-1
G041,G056,-0.00034486747,-1
G011,G035,-0.00034488697,-1
G082,G046,-0.00034563115,-1
G060,G021,-0.0003464136,-1
G016,G076,-0.00034665142,-1
G083,G060,-0.00034751176,-1
G063,G064,-0.00034777325,-1
G058,G033,-0.0003486382,-1
G016,G023,-0.00034934262,-1
G031,G008,-0.00034951852,-1
G057,G013,-0.00034954134,-1
G046,G083,-0.0003496753,-1
G090,G029,-0.00035002013,-1
G076,G073,-0.0003501639,-1
G075,G090,-0.00035017054,-1
G053,G076,-0.00035019082,-1
G018,G025,-0.0003501964,-1
G073,G002,-0.0003504564,-1
G022,G004,-0.00035094473,-1
G053,G047,-0.00035105296,-1
G053,G071,-0.00035127363,-1
G076,G050,-0.0003515733,-1
G093,G052,-0.0003516365,-1
G030,G062,-0.000351818,-1
G083,G002,-0.00035247693,-1
G069,G020,-0.0003529717,-1
G058,G094,-0.000353742,-1
G045,G004,-0.00035399312,-1
G004,G032,-0.00035415322,-1
G040,G002,-0.00035505672,-1
G091,G030,-0.0003551831,-1
G038,G076,-0.00035586616,-1
G050,G024,-0.00035635332,-1
G046,G035,-0.0003565625,-1
G047,G032,-0.00035675906,-1
G088,G052,-0.0003569209,-1
G009,G038,-0.00035700438,-1
G025,G059,-0.0003571462,-1
G031,G073,-0.00035825477,-1
G017,G028,-0.00035881333,-1
G031,G094,-0.00035892375,-1
G021,G029,-0.0003589744,-1
G042,G090,-0.00035902704,-1
G007,G014,-0.0003599769,-1
G069,G064,-0.0003601248,-1
G050,G059,-0.00036030245,-1
G077,G019,-0.00036030257,-1
G007,G090,-0.0003606231,-1
G028,G040,-0.00036081183,-1
G017,G092,-0.0003609765,-1
G060,G016,-0.00036098232,-1
G020,G062,-0.00036100656,-1
G059,G087,-0.0003610844,-1
G060,G099,-0.0003611154,-1
G011,G085,-0.0003613153,-1
G043,G053,-0.00036146803,-1
G096,G012,-0.0003616687,-1
G021,G034,-0.0003617472,-1
G059,G004,-0.0003621304,-1
G028,G077,-0.00036226262,-1
G004,G020,-0.00036228055,-1
G098,G093,-0.00036230465,-1
G063,G055,-0.0003626679,-1
G031,G085,-0.00036270494,-1
G018,G064,-0.0003628607,-1
G081,G086,-0.00036308615,-1
G025,G074,-0.00036311918,-1
G040,G029,-0.00036324776,-1
G026,G086,-0.00036337518,-1
G054,G039,-0.00036351106,-1
G013,G039,-0.00036357364,-1
G024,G044,-0.0003644429,-1
G040,G014,-0.00036460196,-1
G012,G034,-0.0003647045,-1
G041,G001,-0.00036495563,-1
G016,G053,-0.0003653275,-1
G052,G096,-0.0003654564,-1
G033,G038,-0.0003655638,-1
G045,G053,-0.00036559906,-1
G035,G021,-0.00036560517,-1
G003,G092,-0.00036668227,-1
G098,G059,-0.00036699048,-1
G063,G051,-0.00036764893,-1
G012,G052,-0.00036773682,-1
G060,G081,-0.00036794806,-1
G025,G003,-0.00036808624,-1
G063,G080,-0.00036864643,-1
G020,G007,-0.000368694,-1
G078,G036,-0.00036876008,-1
G033,G061,-0.0003692221,-1
G050,G038,-0.00036923375,-1
G100,G041,-0.0003692646,-1
G018,G053,-0.00036952016,-1
G069,G049,-0.00037011562,-1
G060,G047,-0.0003702162,-1
G098,G070,-0.0003702428,-1
G074,G092,-0.00037048454,-1
G007,G091,-0.0003720604,-1
G044,G062,-0.00037267717,-1
G051,G005,-0.0003728228,-1
G016,G008,-0.00037294894,-1
G037,G061,-0.00037338265,-1
G035,G064,-0.0003735848,-1
G033,G016,-0.00037399723,-1
G024,G002,-0.00037404904,-1
G069,G091,-0.00037452942,-1
G098,G064,-0.0003747179,-1
G005,G070,-0.00037474354,-1
G010,G032,-0.00037537244,-1
G098,G027,-0.00037553435,-1
G012,G090,-0.0003763355,-1
G007,G046,-0.0003770517,-1
G064,G091,-0.00037709766,-1
G042,G003,-0.00037720532,-1
G042,G050,-0.00037762005,-1
G006,G064,-0.00037770317,-1
G071,G006,-0.00037804618,-1
G045,G013,-0.00037812712,-1
G068,G089,-0.00037849278,-1
G098,G071,-0.00037858557,-1
G071,G025,-0.00037927114,-1
G031,G097,-0.00038065983,-1
G090,G042,-0.00038087534,-1
G083,G068,-0.00038094373,-1
G068,G083,-0.000381221,-1
G080,G031,-0.0003814622,-1
G074,G088,-0.00038165512,-1
G033,G094,-0.0003818795,-1
G029,G081,-0.00038224555,-1
G079,G045,-0.0003831267,-1
G067,G011,-0.00038324622,-1
G001,G073,-0.00038361503,-1
G009,G094,-0.0003836692,-1
G041,G063,-0.0003840979,-1
G036,G087,-0.0003845873,-1
G054,G047,-0.00038487618,-1
G040,G092,-0.00038510846,-1
G068,G037,-0.00038579258,-1
G066,G097,-0.00038641048,-1
G080,G098,-0.00038642297,-1
G078,G065,-0.0003868235,-1
G048,G068,-0.00038742326,-1
G037,G060,-0.00038744393,-1
G063,G069,-0.00038812764,-1
G015,G028,-0.00038996604,-1
G020,G075,-0.0003906603,-1
G043,G062,-0.0003914801,-1
G046,G080,-0.00039177033,-1
G096,G036,-0.00039197796,-1
G068,G033,-0.00039209286,-1
G009,G100,-0.00039255578,-1
G048,G028,-0.00039257557,-1
G077,G018,-0.000393083,-1
G054,G075,-0.00039341245,-1
G064,G066,-0.000393538,-1
G079,G039,-0.00039353868,-1
G062,G059,-0.00039360073,-1
G098,G055,-0.00039372864,-1
G048,G072,-0.00039412256,-1
G094,G048,-0.00039432445,-1
G083,G074,-0.00039449672,-1
G026,G032,-0.00039472518,-1
G098,G062,-0.0003952629,-1
G050,G099,-0.00039547714,-1
G034,G044,-0.0003954926,-1
G043,G001,-0.00039556238,-1
G024,G066,-0.0003955904,-1
G006,G078,-0.00039574524,-1
G039,G076,-0.00039592816,-1
G039,G019,-0.0003966436,-1
G022,G072,-0.00039696714,-1
G009,G005,-0.00039736216,-1
G067,G051,-0.00039780705,-1
G031,G036,-0.00039839014,-1
G023,G017,-0.0003986494,-1
G072,G036,-0.00039873697,-1
G033,G046,-0.00039876957,-1
G034,G008,-0.00039929012,-1
G070,G086,-0.00039938683,-1
G048,G094,-0.00039955342,-1
G039,G062,-0.0003996018,-1
G056,G090,-0.00039989175,-1
G023,G016,-0.0004000954,-1
G083,G064,-0.00040081132,-1
G046,G056,-0.00040101743,-1
G006,G098,-0.00040143332,-1
G095,G033,-0.00040172582,-1
G093,G080,-0.00040237457,-1
G064,G038,-0.00040241756,-1
G076,G003,-0.00040250935,-1
G009,G062,-0.00040285476,-1
G078,G049,-0.00040358645,-1
G001,G002,-0.0004039412,-1
G001,G045,-0.00040408687,-1
G094,G051,-0.00040427884,-1
G088,G035,-0.00040432683,-1
G042,G083,-0.0004046246,-1
G094,G084,-0.00040487453,-1
G076,G032,-0.00040619276,-1
G022,G073,-0.000406651,-1
G081,G065,-0.000406662,-1
G043,G092,-0.00040670703,-1
G006,G077,-0.00040709134,-1
G055,G072,-0.0004073443,-1
G061,G088,-0.00040872578,-1
G077,G068,-0.000408764,-1
G072,G006,-0.000409415,-1
G081,G043,-0.0004096953,-1
G076,G024,-0.00040973717,-1
G060,G082,-0.0004099263,-1
G012,G073,-0.00041066148,-1
G050,G033,-0.0004108552,-1
G005,G021,-0.00041115857,-1
G006,G096,-0.00041161707,-1
G037,G026,-0.0004116618,-1
G054,G045,-0.00041180148,-1
G091,G002,-0.0004122457,-1
G069,G039,-0.00041239604,-1
G034,G045,-0.0004124353,-1
G086,G042,-0.00041250917,-1
G073,G043,-0.00041281487,-1
G074,G043,-0.00041353793,-1
G062,G063,-0.00041485138,-1
G058,G092,-0.00041503625,-1
G094,G069,-0.0004159855,-1
G036,G062,-0.00041599007,-1
G017,G049,-0.00041652162,-1
G074,G026,-0.00041674497,-1
G097,G004,-0.00041711357,-1
G024,G082,-0.00041717803,-1
G019,G017,-0.00041787952,-1
G059,G097,-0.00041870755,-1
G063,G023,-0.00041935942,-1
G019,G069,-0.0004204047,-1
G093,G087,-0.00042085224,-1
G051,G073,-0.00042116645,-1
G016,G075,-0.00042163412,-1
G082,G076,-0.00042197478,-1
G068,G061,-0.00042264868,-1
G062,G032,-0.00042282176,-1
G052,G036,-0.00042332642,-1
G075,G001,-0.00042366076,-1
G083,G099,-0.00042369857,-1
G086,G027,-0.00042475708,-1
G060,G048,-0.00042496956,-1
G069,G045,-0.00042646102,-1
G038,G040,-0.0004272761,-1
G097,G056,-0.0004280629,-1
G054,G032,-0.00042888345,-1
G029,G091,-0.00042890053,-1
G065,G035,-0.00042970126,-1
G064,G002,-0.0004298115,-1
G042,G033,-0.0004302937,-1
G065,G019,-0.00043055794,-1
G020,G033,-0.0004310872,-1
G043,G098,-0.00043126047,-1
G095,G083,-0.0004315173,-1
G051,G059,-0.00043197055,-1
G046,G084,-0.00043225902,-1
G095,G071,-0.0004325433,-1
G065,G083,-0.00043297364,-1
G015,G051,-0.000433022,-1
G025,G095,-0.00043345045,-1
G081,G092,-0.00043389958,-1
G040,G059,-0.00043428794,-1
G098,G029,-0.00043448084,-1
G027,G033,-0.00043499717,-1
G060,G067,-0.00043503632,-1
G096,G094,-0.00043603405,-1
G081,G038,-0.00043661904,-1
G006,G087,-0.00043672416,-1
G086,G048,-0.00043687026,-1
G027,G067,-0.00043700082,-1
G083,G091,-0.0004371823,-1
G079,G072,-0.00043721948,-1
G090,G051,-0.00043755458,-1
G016,G065,-0.0004375719,-1
G093,G088,-0.00044037597,-1
G091,G092,-0.000440466,-1
G022,G085,-0.00044161236,-1
G045,G067,-0.00044164908,-1
G065,G058,-0.00044165528,-1
G084,G077,-0.0004417729,-1
G070,G019,-0.00044221623,-1
G047,G041,-0.0004424219,-1
G054,G006,-0.00044295038,-1
G011,G093,-0.00044331676,-1
G077,G045,-0.00044344412,-1
G086,G032,-0.0004452567,-1
G055,G052,-0.0004455632,-1
G030,G004,-0.0004457535,-1
G088,G061,-0.0004476683,-1
G005,G054,-0.00044810853,-1
G084,G083,-0.00044833234,-1
G090,G055,-0.00044848904,-1
G049,G019,-0.00044853272,-1
G097,G098,-0.00044970665,-1
G071,G094,-0.00045028888,-1
G082,G077,-0.000450407,-1
G020,G025,-0.00045108813,-1
G016,G082,-0.00045138464,-1
G030,G078,-0.00045142867,-1
G083,G056,-0.0004514628,-1
G079,G043,-0.0004524199,-1
G082,G086,-0.0004530182,-1
G033,G079,-0.00045439551,-1
G006,G023,-0.00045440652,-1
G032,G011,-0.00045442636,-1
G006,G069,-0.00045459205,-1
G083,G063,-0.00045565885,-1
G078,G062,-0.00045583796,-1
G022,G003,-0.0004576992,-1
G018,G021,-0.00045770162,-1
G057,G089,-0.00045784152,-1
G071,G072,-0.00045788576,-1
G012,G016,-0.0004580065,-1
G030,G084,-0.00045898167,-1
G096,G035,-0.00045947888,-1
G061,G033,-0.00045958726,-1
G078,G067,-0.0004599357,-1
G055,G084,-0.00046064422,-1
G012,G005,-0.0004607559,-1
G017,G061,-0.00046080936,-1
G002,G054,-0.00046086925,-1
G010,G089,-0.00046156635,-1
G070,G021,-0.0004630586,-1
G083,G052,-0.0004631536,-1
G012,G051,-0.0004653565,-1
G089,G068,-0.0004656249,-1
G021,G098,-0.00046576883,-1
G009,G092,-0.00046577,-1
G017,G048,-0.00046661182,-1
G098,G047,-0.00046685492,-1
G076,G089,-0.00046704424,-1
G069,G010,-0.00046706217,-1
G077,G062,-0.000467479,-1
G057,G033,-0.00046776052,-1
G046,G055,-0.00046778304,-1
G085,G009,-0.00046815825,-1
G033,G040,-0.00046819897,-1
G100,G028,-0.00046890642,-1
G057,G059,-0.00046891248,-1
G053,G022,-0.00046895488,-1
G006,G032,-0.00046992896,-1
G024,G088,-0.00047028437,-1
G099,G086,-0.00047046607,-1
G002,G090,-0.00047083377,-1
G075,G093,-0.00047089887,-1
G030,G038,-0.00047105184,-1
G047,G017,-0.0004711569,-1
G055,G098,-0.00047210985,-1
G036,G073,-0.00047258456,-1
G011,G032,-0.00047286716,-1
G060,G051,-0.0004731759,-1
G006,G082,-0.00047355084,-1
G090,G049,-0.00047377602,-1
G079,G071,-0.00047467314,-1
G079,G042,-0.000474713,-1
G053,G088,-0.0004751792,-1
G071,G016,-0.00047541663,-1
G078,G093,-0.00047647484,-1
G054,G020,-0.00047873837,-1
G034,G068,-0.00047888234,-1
G043,G039,-0.00048008788,-1
G076,G060,-0.00048019522,-1
G042,G043,-0.0004808849,-1
G047,G030,-0.00048236927,-1
G097,G058,-0.00048246307,-1
G067,G024,-0.00048467243,-1
G015,G013,-0.00048528978,-1
G089,G064,-0.00048564086,-1
G048,G029,-0.00048653953,-1
G037,G006,-0.00048691954,-1
G049,G064,-0.00048716264,-1
G088,G045,-0.0004872204,-1
G056,G060,-0.00048804272,-1
G014,G095,-0.00048925704,-1
G055,G069,-0.00048954674,-1
G041,G028,-0.00049013185,-1
G089,G006,-0.0004903112,-1
G073,G065,-0.0004905217,-1
G091,G084,-0.0004914432,-1
G004,G051,-0.0004939872,-1
G015,G026,-0.0004945124,-1
G025,G090,-0.00049457815,-1
G015,G082,-0.00049528363,-1
G097,G066,-0.00049680885,-1
G083,G041,-0.00049766817,-1
G062,G021,-0.00049845164,-1
G043,G097,-0.0004984732,-1
G099,G073,-0.0004989061,-1
G001,G033,-0.0004994412,-1
G015,G032,-0.0004998192,-1
G051,G014,-0.0005011954,-1
G007,G016,-0.0005020836,-1
G080,G079,-0.00050298835,-1
G018,G034,-0.00050322816,-1
G094,G075,-0.0005035768,-1
G093,G071,-0.00050561666,-1
G090,G011,-0.00050635054,-1
G078,G061,-0.00050635624,-1
G034,G095,-0.00050651754,-1
G068,G079,-0.00050706184,-1
G066,G016,-0.00050746545,-1
G045,G079,-0.0005077906,-1
G084,G058,-0.00050860376,-1
G017,G032,-0.00050939503,-1
G063,G014,-0.00050949247,-1
G078,G030,-0.000509602,-1
G039,G043,-0.00050989306,-1
G007,G065,-0.000510673,-1
G046,G074,-0.00051087176,-1
G066,G089,-0.00051146053,-1
G082,G064,-0.0005115592,-1
G063,G074,-0.0005115866,-1
G016,G019,-0.0005123724,-1
G029,G090,-0.0005125494,-1
G098,G063,-0.0005129282,-1
G004,G045,-0.0005144195,-1
G020,G055,-0.00051447,-1
G086,G077,-0.0005158042,-1
G059,G029,-0.0005160284,-1
G020,G094,-0.0005162633,-1
G070,G092,-0.0005169739,-1
G069,G041,-0.0005186971,-1
G032,G067,-0.00051872956,-1
G100,G043,-0.00051899627,-1
G012,G047,-0.0005197057,-1
G041,G092,-0.00052092416,-1
G090,G098,-0.00052123686,-1
G040,G045,-0.00052228326,-1
G044,G077,-0.00052286044,-1
G001,G089,-0.0005229364,-1
G051,G081,-0.0005238585,-1
G099,G064,-0.0005242084,-1
G046,G097,-0.0005251837,-1
G004,G009,-0.00052587764,-1
G003,G020,-0.00052632316,-1
G049,G057,-0.0005273609,-1
G058,G091,-0.0005284201,-1
G054,G010,-0.0005294204,-1
G071,G019,-0.00053149776,-1
G020,G032,-0.00053152704,-1
G065,G053,-0.00053201546,-1
G066,G029,-0.0005330559,-1
G083,G024,-0.0005331699,-1
G061,G006,-0.00053386774,-1
G037,G072,-0.0005339614,-1
G011,G014,-0.00053433276,-1
G070,G085,-0.00053531723,-1
G090,G008,-0.0005362878,-1
G072,G074,-0.00053632644,-1
G068,G063,-0.0005364849,-1
G058,G036,-0.0005373812,-1
G003,G033,-0.0005385102,-1
G067,G042,-0.00053975906,-1
G032,G027,-0.0005421415,-1
G049,G086,-0.000542411,-1
G079,G063,-0.0005424984,-1
G003,G057,-0.0005427507,-1
G051,G013,-0.0005429063,-1
G063,G100,-0.00054291077,-1
G095,G096,-0.00054547435,-1
G024,G059,-0.0005455564,-1
G025,G004,-0.00054602366,-1
G092,G090,-0.00054648874,-1
G037,G052,-0.0005465699,-1
G084,G051,-0.0005480154,-1
G028,G057,-0.00054870325,-1
G062,G003,-0.0005489215,-1
G085,G058,-0.0005490641,-1
G040,G082,-0.00054956874,-1
G004,G083,-0.0005496896,-1
G086,G059,-0.00055043126,-1
G025,G063,-0.000551403,-1
G061,G038,-0.0005515381,-1
G062,G036,-0.0005518531,-1
G030,G091,-0.00055229943,-1
G011,G091,-0.00055296236,-1
G099,G088,-0.00055299443,-1
G089,G081,-0.0005537076,-1
G074,G080,-0.0005537282,-1
G021,G053,-0.00055395433,-1
G010,G067,-0.0005545933,-1
G051,G067,-0.00055559096,-1
G049,G092,-0.0005562233,-1
G017,G078,-0.0005562747,-1
G028,G006,-0.0005563539,-1
G085,G024,-0.0005563679,-1
G069,G100,-0.0005570165,-1
G032,G068,-0.0005595694,-1
G040,G064,-0.0005598758,-1
G041,G027,-0.0005609458,-1
G004,G018,-0.00056154636,-1
G091,G001,-0.0005624682,-1
G026,G096,-0.0005634315,-1
G004,G036,-0.0005651507,-1
G089,G024,-0.0005673423,-1
G077,G098,-0.0005678071,-1
G014,G032,-0.00056849007,-1
G084,G093,-0.0005689609,-1
G074,G031,-0.0005707584,-1
G014,G091,-0.0005722335,-1
G042,G092,-0.0005729491,-1
G016,G020,-0.0005734043,-1
G098,G037,-0.0005736547,-1
G070,G044,-0.0005740806,-1
G007,G083,-0.00057479634,-1
G076,G019,-0.00057497283,-1
G033,G063,-0.00057518634,-1
G002,G099,-0.00057537516,-1
G096,G064,-0.00057568395,-1
G025,G066,-0.0005758475,-1
G056,G043,-0.00057596783,-1
G059,G076,-0.0005773041,-1
G083,G096,-0.00057838834,-1
G091,G014,-0.0005785062,-1
G082,G048,-0.000579058,-1
G054,G095,-0.000580311,-1
G090,G027,-0.0005803267,-1
G078,G092,-0.0005806116,-1
G089,G083,-0.0005810283,-1
G097,G061,-0.0005813328,-1
G062,G043,-0.0005831642,-1
G100,G037,-0.0005837841,-1
G051,G041,-0.00058467174,-1
G027,G068,-0.00058492896,-1
G065,G076,-0.0005865857,-1
G038,G024,-0.00058663683,-1
G084,G050,-0.00058663695,-1
G017,G029,-0.00058692513,-1
G048,G077,-0.00058726594,-1
G058,G010,-0.0005875045,-1
G063,G081,-0.00058775075,-1
G027,G052,-0.0005881653,-1
G083,G038,-0.00058843946,-1
G035,G014,-0.00058927573,-1
G066,G001,-0.00059147703,-1
G065,G070,-0.0005917861,-1
G065,G010,-0.0005932847,-1
G072,G076,-0.0005933133,-1
G001,G014,-0.00059384864,-1
G007,G006,-0.0005942887,-1
G058,G077,-0.0005951749,-1
G028,G048,-0.00059561897,-1
G056,G018,-0.0005961414,-1
G094,G039,-0.0005963906,-1
G022,G047,-0.00059940526,-1
G065,G055,-0.0005994555,-1
G095,G067,-0.0005997409,-1
G051,G017,-0.0005997615,-1
G077,G023,-0.000599885,-1
G021,G091,-0.0006002752,-1
G070,G014,-0.0006005248,-1
G021,G081,-0.0006008243,-1
G094,G031,-0.00060103834,-1
G036,G063,-0.0006013149,-1
G053,G059,-0.0006018574,-1
G058,G071,-0.0006019601,-1
G079,G080,-0.0006042464,-1
G013,G068,-0.0006044519,-1
G051,G058,-0.0006057315,-1
G047,G071,-0.00060603156,-1
G021,G085,-0.0006067912,-1
G072,G047,-0.0006076295,-1
G087,G089,-0.0006076892,-1
G032,G054,-0.00060793274,-1
G077,G004,-0.0006086761,-1
G017,G047,-0.00061030866,-1
G072,G007,-0.00061144016,-1
G022,G069,-0.00061356096,-1
G045,G097,-0.0006146845,-1
G064,G046,-0.000614709,-1
G031,G081,-0.0006148996,-1
G029,G093,-0.0006151542,-1
G007,G013,-0.00061536464,-1
G095,G048,-0.00061580556,-1
G085,G076,-0.0006158693,-1
G066,G047,-0.000616071,-1
G061,G013,-0.00061703805,-1
G049,G080,-0.0006171097,-1
G072,G068,-0.00061784475,-1
G004,G039,-0.0006189581,-1
G044,G068,-0.0006190066,-1
G085,G059,-0.00062054524,-1
G011,G045,-0.00062077574,-1
G043,G038,-0.00062118174,-1
G024,G060,-0.0006214113,-1
G072,G001,-0.00062149164,-1
G071,G092,-0.0006233239,-1
G002,G028,-0.0006248384,-1
G027,G069,-0.00062487205,-1
G006,G002,-0.00062531955,-1
G097,G003,-0.00062621746,-1
G036,G077,-0.0006278148,-1
G007,G027,-0.0006283539,-1
G054,G009,-0.0006288465,-1
G057,G056,-0.0006294591,-1
G047,G040,-0.00062997284,-1
G088,G080,-0.00063045375,-1
G010,G077,-0.000630885,-1
G073,G056,-0.0006314204,-1
G087,G082,-0.00063182117,-1
G018,G079,-0.00063214713,-1
G001,G035,-0.0006324882,-1
G100,G058,-0.00063260185,-1
G048,G059,-0.0006332409,-1
G071,G050,-0.00063394726,-1
G046,G037,-0.0006342201,-1
G029,G059,-0.0006343293,-1
G095,G058,-0.0006345516,-1
G015,G064,-0.0006353216,-1
G069,G015,-0.00063608435,-1
G083,G049,-0.00063646,-1
G023,G041,-0.000638042,-1
G092,G083,-0.0006385195,-1
G071,G097,-0.00063878443,-1
G069,G083,-0.0006389742,-1
G085,G052,-0.00063909875,-1
G069,G076,-0.0006391922,-1
G041,G016,-0.00064072345,-1
G084,G092,-0.00064080517,-1
G045,G035,-0.00064093724,-1
G087,G084,-0.00064175966,-1
G097,G022,-0.00064181624,-1
G092,G084,-0.00064203725,-1
G049,G068,-0.00064224366,-1
G081,G061,-0.00064265763,-1
G042,G074,-0.0006428782,-1
G058,G025,-0.00064338313,-1
G083,G026,-0.0006438163,-1
G003,G058,-0.00064429897,-1
G043,G014,-0.0006443177,-1
G087,G052,-0.0006449998,-1
G078,G006,-0.0006450794,-1
G094,G061,-0.0006452525,-1
G027,G085,-0.0006467298,-1
G058,G073,-0.0006469622,-1
G044,G074,-0.00064749527,-1
G094,G001,-0.0006480297,-1
G038,G019,-0.0006495028,-1
G021,G093,-0.0006500182,-1
G063,G028,-0.0006507937,-1
G100,G027,-0.00065187487,-1
G062,G082,-0.00065197755,-1
G053,G048,-0.0006524297,-1
G045,G001,-0.00065291533,-1
G046,G051,-0.00065293594,-1
G100,G047,-0.00065414124,-1
G036,G091,-0.0006543481,-1
G073,G060,-0.00065532344,-1
G048,G073,-0.00065582746,-1
G040,G024,-0.0006562075,-1
G027,G013,-0.0006568461,-1
G020,G079,-0.0006583135,-1
G087,G008,-0.00065865554,-1
G050,G018,-0.0006596415,-1
G077,G032,-0.00065969373,-1
G091,G046,-0.0006599232,-1
G031,G072,-0.0006608387,-1
G027,G084,-0.0006614142,-1
G079,G062,-0.00066149636,-1
G075,G024,-0.0006618824,-1
G067,G080,-0.0006632062,-1
G051,G038,-0.0006645524,-1
G063,G095,-0.0006646493,-1
G068,G053,-0.000665442,-1
G038,G082,-0.0006678519,-1
G028,G068,-0.00066839793,-1
G012,G054,-0.0006684112,-1
G023,G077,-0.00066867966,-1
G079,G064,-0.0006708241,-1
G033,G071,-0.00067094277,-1
G011,G098,-0.0006714969,-1
G083,G080,-0.0006742911,-1
G051,G086,-0.00067462784,-1
G061,G082,-0.0006794109,-1
G052,G004,-0.00067957875,-1
G039,G015,-0.0006806375,-1
G029,G084,-0.00068195496,-1
G067,G032,-0.0006827232,-1
G004,G026,-0.00068301486,-1
G002,G067,-0.00068353233,-1
G006,G011,-0.00068611786,-1
G062,G006,-0.0006862666,-1
G044,G073,-0.00068769424,-1
G087,G058,-0.0006878761,-1
G015,G036,-0.0006887115,-1
G040,G091,-0.00068907905,-1
G019,G039,-0.0006898709,-1
G055,G054,-0.0006903298,-1
G040,G071,-0.0006903711,-1
G021,G046,-0.0006918417,-1
G007,G071,-0.0006919406,-1
G069,G035,-0.00069222477,-1
G015,G047,-0.0006926866,-1
G077,G069,-0.0006934737,-1
G017,G034,-0.0006935831,-1
G042,G020,-0.00069433707,-1
G091,G082,-0.00069641817,-1
G097,G030,-0.0006979518,-1
G066,G010,-0.00069814996,-1
G039,G034,-0.0006982138,-1
G037,G010,-0.0006982264,-1
G072,G056,-0.0006984934,-1
G048,G021,-0.00069882785,-1
G050,G084,-0.00069957494,-1
G031,G088,-0.00069975265,-1
G097,G020,-0.00069991004,-1
G081,G077,-0.0007009741,-1
G042,G099,-0.0007010462,-1
G056,G070,-0.0007012285,-1
G070,G097,-0.00070209213,-1
G090,G004,-0.0007025919,-1
G080,G050,-0.00070262095,-1
G037,G018,-0.0007042015,-1
G093,G003,-0.000705135,-1
G085,G011,-0.0007063205,-1
G072,G058,-0.000707853,-1
G057,G092,-0.0007092448,-1
G069,G022,-0.0007098536,-1
G054,G044,-0.0007106521,-1
G015,G042,-0.0007109558,-1
G031,G060,-0.0007118735,-1
G002,G058,-0.00071336393,-1
G033,G083,-0.0007149782,-1
G062,G042,-0.0007155256,-1
G046,G054,-0.0007156549,-1
G081,G064,-0.00071570143,-1
G001,G079,-0.00071608124,-1
G085,G038,-0.0007161721,-1
G018,G086,-0.0007168532,-1
G085,G020,-0.0007171112,-1
G042,G045,-0.0007172074,-1
G051,G082,-0.00071760436,-1
G062,G039,-0.00071844325,-1
G029,G089,-0.0007191295,-1
G072,G035,-0.0007209862,-1
G003,G099,-0.00072198367,-1
G003,G052,-0.0007219977,-1
G044,G045,-0.00072574435,-1
G093,G070,-0.0007259731,-1
G099,G014,-0.00072626735,-1
G092,G016,-0.00072727504,-1
G041,G049,-0.00072951976,-1
G041,G068,-0.0007297731,-1
G028,G024,-0.00073074584,-1
G025,G051,-0.0007320707,-1
G043,G024,-0.0007348361,-1
G031,G096,-0.00073556474,-1
G007,G008,-0.000735775,-1
G039,G001,-0.0007369901,-1
G026,G057,-0.0007382202,-1
G097,G016,-0.00073835294,-1
G037,G067,-0.0007393686,-1
G045,G041,-0.00074067386,-1
G052,G043,-0.0007411958,-1
G042,G079,-0.00074211066,-1
G091,G025,-0.0007431032,-1
G062,G086,-0.00074346253,-1
G076,G059,-0.00074669527,-1
G081,G037,-0.0007472602,-1
G033,G018,-0.0007475277,-1
G002,G015,-0.00074755616,-1
G051,G052,-0.0007504853,-1
G047,G013,-0.0007510985,-1
G069,G040,-0.00075139204,-1
G096,G056,-0.0007516585,-1
G032,G081,-0.0007517018,-1
G075,G076,-0.0007519217,-1
G007,G072,-0.0007527217,-1
G051,G037,-0.0007535631,-1
G001,G093,-0.00075393554,-1
G096,G086,-0.00075456535,-1
G026,G049,-0.0007549665,-1
G016,G021,-0.00075534754,-1
G003,G037,-0.0007554478,-1
G098,G100,-0.00075561536,-1
G079,G084,-0.00075699773,-1
G007,G015,-0.00075720507,-1
G066,G099,-0.00075770053,-1
G069,G026,-0.00075805304,-1
G084,G072,-0.0007585438,-1
G048,G087,-0.0007593423,-1
G050,G082,-0.00076004496,-1
G042,G048,-0.0007614923,-1
G065,G046,-0.000761633,-1
G001,G011,-0.00076219783,-1
G053,G079,-0.0007631207,-1
G069,G077,-0.0007636444,-1
G040,G049,-0.00076438085,-1
G001,G060,-0.0007652079,-1
G096,G100,-0.00076679955,-1
G043,G091,-0.00076899293,-1
G068,G086,-0.0007695612,-1
G035,G039,-0.0007712468,-1
G032,G030,-0.00077176257,-1
G096,G059,-0.00077221135,-1
G013,G004,-0.00077452353,-1
G071,G075,-0.00077593356,-1
G033,G087,-0.00077783765,-1
G038,G088,-0.0007785528,-1
G063,G037,-0.0007790942,-1
G091,G026,-0.0007798531,-1
G082,G042,-0.0007827722,-1
G087,G046,-0.0007828657,-1
G037,G004,-0.00078471797,-1
G031,G063,-0.00078612013,-1
G027,G094,-0.0007865961,-1
G072,G017,-0.0007869397,-1
G050,G013,-0.00078771304,-1
G027,G054,-0.00078810833,-1
G064,G030,-0.00078845304,-1
G002,G065,-0.00078869495,-1
G060,G083,-0.00078903046,-1
G092,G089,-0.0007906496,-1
G081,G040,-0.0007911318,-1
G009,G096,-0.0007914641,-1
G096,G093,-0.0007934258,-1
G015,G063,-0.00080228446,-1
G070,G098,-0.0008024691,-1
G010,G066,-0.0008036631,-1
G028,G050,-0.0008054024,-1
G025,G023,-0.00080555474,-1
G041,G067,-0.00080832053,-1
G039,G063,-0.00080851774,-1
G012,G071,-0.00080865045,-1
G070,G067,-0.00081016525,-1
G028,G081,-0.0008106544,-1
G087,G014,-0.00081084913,-1
G039,G065,-0.00081268285,-1
G047,G025,-0.0008151593,-1
G033,G099,-0.00081536267,-1
G067,G068,-0.0008155942,-1
G100,G080,-0.0008170886,-1
G024,G025,-0.0008177375,-1
G032,G005,-0.00081800495,-1
G071,G054,-0.0008183168,-1
G051,G040,-0.00081910955,-1
G083,G047,-0.00081920385,-1
G026,G006,-0.0008193151,-1
G059,G083,-0.00082107115,-1
G027,G081,-0.0008233417,-1
G088,G008,-0.00082368543,-1
G013,G017,-0.000825541,-1
G065,G036,-0.00082736975,-1
G093,G048,-0.000827475,-1
G015,G078,-0.00082845264,-1
G084,G062,-0.00082866853,-1
G040,G018,-0.0008288258,-1
G093,G038,-0.0008296018,-1
G028,G033,-0.00083020795,-1
G041,G095,-0.00083127926,-1
G074,G093,-0.0008319278,-1
G058,G035,-0.0008327875,-1
G029,G076,-0.0008331559,-1
G009,G023,-0.00083388883,-1
G043,G068,-0.0008340603,-1
G091,G077,-0.00083464215,-1
G050,G092,-0.00083506433,-1
G018,G081,-0.0008384867,-1
G095,G093,-0.000839602,-1
G084,G003,-0.00083976716,-1
G023,G062,-0.00083987677,-1
G087,G047,-0.0008406193,-1
G024,G096,-0.0008407845,-1
G080,G034,-0.00084099773,-1
G082,G092,-0.00084112055,-1
G092,G044,-0.0008411323,-1
G029,G031,-0.00084129197,-1
G090,G097,-0.0008425099,-1
G060,G054,-0.0008428768,-1
G022,G064,-0.0008430115,-1
G059,G020,-0.0008453809,-1
G037,G034,-0.0008454195,-1
G097,G071,-0.0008456283,-1
G038,G068,-0.0008457028,-1
G020,G071,-0.0008470632,-1
G022,G055,-0.00084767747,-1
G037,G077,-0.0008482176,-1
G052,G031,-0.0008482786,-1
G042,G040,-0.00085057865,-1
G005,G091,-0.00085191557,-1
G019,G026,-0.00085268146,-1
G059,G023,-0.0008541705,-1
G043,G042,-0.00085456186,-1
G079,G095,-0.0008549875,-1
G014,G041,-0.0008550464,-1
G091,G017,-0.0008573893,-1
G007,G058,-0.00085860584,-1
G024,G078,-0.0008593043,-1
G030,G020,-0.0008616352,-1
G024,G079,-0.0008625723,-1
G045,G034,-0.00086269743,-1
G059,G058,-0.0008632685,-1
G018,G077,-0.0008638813,-1
G079,G058,-0.00086752156,-1
G042,G080,-0.0008686675,-1
G060,G019,-0.0008701306,-1
G036,G093,-0.0008703368,-1
G070,G038,-0.00087153254,-1
G097,G096,-0.0008730622,-1
G080,G097,-0.00087461405,-1
G037,G015,-0.0008758323,-1
G011,G097,-0.00087655435,-1
G059,G065,-0.000876718,-1
G013,G092,-0.0008769757,-1
G099,G046,-0.0008773298,-1
G093,G058,-0.00087764044,-1
G002,G033,-0.00087792473,-1
G042,G081,-0.00087901327,-1
G057,G008,-0.0008808116,-1
G032,G084,-0.0008809442,-1
G032,G043,-0.000881366,-1
G025,G020,-0.00088288693,-1
G079,G096,-0.0008836712,-1
G047,G043,-0.0008841112,-1
G075,G071,-0.0008845814,-1
G052,G089,-0.00088458805,-1
G079,G081,-0.0008859691,-1
G097,G099,-0.0008867439,-1
G004,G078,-0.0008867836,-1
G015,G088,-0.00088745425,-1
G039,G080,-0.00088771293,-1
G014,G024,-0.0008882074,-1
G071,G035,-0.00088906544,-1
G051,G085,-0.0008899763,-1
G017,G045,-0.0008909262,-1
G024,G028,-0.00089117774,-1
G075,G087,-0.00089242146,-1
G071,G015,-0.0008927745,-1
G024,G011,-0.0008945073,-1
G097,G084,-0.0008950304,-1
G059,G006,-0.0008960291,-1
G004,G042,-0.00089669117,-1
G069,G093,-0.0008978671,-1
G057,G036,-0.0009001538,-1
G076,G057,-0.00090029975,-1
G090,G010,-0.00090107054,-1
G089,G037,-0.00090148736,-1
G044,G053,-0.00090188766,-1
G095,G097,-0.00090253196,-1
G082,G061,-0.0009029301,-1
G066,G043,-0.0009033509,-1
G037,G087,-0.00090393773,-1
G043,G021,-0.0009040304,-1
G098,G001,-0.0009040769,-1
G036,G052,-0.00090522226,-1
G016,G083,-0.0009052233,-1
G083,G051,-0.00090566144,-1
G084,G012,-0.0009063797,-1
G014,G023,-0.00091175246,-1
G027,G022,-0.00091206137,-1
G099,G070,-0.00091215194,-1
G080,G044,-0.00091241294,-1
G060,G079,-0.0009133221,-1
G021,G041,-0.0009139168,-1
G059,G026,-0.0009141043,-1
G015,G009,-0.0009145791,-1
G099,G059,-0.0009151304,-1
G027,G088,-0.0009152482,-1
G027,G065,-0.0009153974,-1
G032,G073,-0.0009157937,-1
G094,G015,-0.0009162745,-1
G072,G046,-0.000919065,-1
G002,G025,-0.0009199562,-1
G097,G025,-0.00092012837,-1
G045,G080,-0.0009204598,-1
G021,G089,-0.000921786,-1
G032,G092,-0.0009238925,-1
G070,G007,-0.00092393364,-1
G023,G076,-0.0009241466,-1
G038,G097,-0.0009241845,-1
G055,G044,-0.0009242211,-1
G056,G022,-0.0009252507,-1
G016,G025,-0.00092642015,-1
G078,G073,-0.0009268212,-1
G014,G042,-0.0009270323,-1
G029,G030,-0.0009278315,-1
G004,G068,-0.000928412,-1
G090,G063,-0.0009303344,-1
G041,G039,-0.00093051116,-1
G031,G095,-0.00093140313,-1
G070,G003,-0.00093266915,-1
G055,G024,-0.00093314535,-1
G039,G087,-0.00093320926,-1
G028,G092,-0.000933451,-1
G093,G086,-0.0009334861,-1
G075,G094,-0.0009335627,-1
G078,G050,-0.0009340856,-1
G085,G042,-0.00093602255,-1
G018,G092,-0.00093637174,-1
G049,G047,-0.0009380549,-1
G046,G049,-0.000938966,-1
G037,G013,-0.0009389902,-1
G011,G053,-0.0009407428,-1
G075,G014,-0.0009413568,-1
G041,G010,-0.0009414318,-1
G071,G005,-0.00094288774,-1
G075,G046,-0.0009429783,-1
G037,G085,-0.0009436996,-1
G076,G039,-0.00094406935,-1
G090,G095,-0.00094425335,-1
G078,G007,-0.0009453398,-1
G012,G010,-0.0009460796,-1
G031,G001,-0.00094655936,-1
G048,G095,-0.00094668515,-1
G027,G071,-0.00094703084,-1
G044,G079,-0.00094748137,-1
G084,G061,-0.0009487009,-1
G031,G077,-0.00094923703,-1
G003,G064,-0.00094962155,-1
G070,G050,-0.00095014955,-1
G086,G089,-0.0009504476,-1
G030,G029,-0.00095050567,-1
G052,G090,-0.00095099607,-1
G023,G061,-0.0009515379,-1
G074,G098,-0.0009528133,-1
G033,G084,-0.0009531847,-1
G042,G058,-0.00095410424,-1
G050,G086,-0.00095457496,-1
G028,G084,-0.0009558012,-1
G032,G036,-0.0009558825,-1
G086,G046,-0.0009569197,-1
G098,G074,-0.00095710426,-1
G068,G076,-0.00095790817,-1
G053,G040,-0.0009582912,-1
G099,G054,-0.00096081424,-1
G087,G028,-0.0009616882,-1
G027,G063,-0.0009623964,-1
G025,G042,-0.0009646692,-1
G084,G013,-0.0009666512,-1
G097,G087,-0.0009677833,-1
G035,G020,-0.0009678472,-1
G021,G047,-0.00096887955,-1
G081,G014,-0.0009688821,-1
G046,G062,-0.00097070565,-1
G082,G074,-0.00097156264,-1
G049,G070,-0.0009722906,-1
G096,G026,-0.0009730767,-1
G035,G077,-0.00097351335,-1
G044,G016,-0.00097371853,-1
G080,G086,-0.0009750313,-1
G026,G056,-0.0009751166,-1
G091,G072,-0.00097548583,-1
G019,G035,-0.00097608264,-1
G024,G058,-0.0009770107,-1
G098,G097,-0.0009780251,-1
G051,G064,-0.0009788163,-1
G059,G078,-0.000979563,-1
G080,G094,-0.0009804515,-1
G100,G087,-0.0009810643,-1
G019,G028,-0.0009834073,-1
G080,G068,-0.0009837999,-1
G064,G011,-0.0009844429,-1
G072,G062,-0.0009845087,-1
G033,G052,-0.0009849669,-1
G028,G062,-0.0009851614,-1
G026,G084,-0.0009858368,-1
G056,G001,-0.0009870625,-1
G026,G019,-0.00098809,-1
G073,G039,-0.0009882797,-1
G017,G021,-0.0009892655,-1
G097,G073,-0.000989703,-1
G073,G061,-0.000990485,-1
G081,G020,-0.0009909603,-1
G096,G021,-0.0009912719,-1
G059,G073,-0.000993297,-1
G036,G080,-0.0009936092,-1
G009,G048,-0.0009943646,-1
G020,G001,-0.0009960106,-1
G027,G036,-0.0009966245,-1
G095,G003,-0.0009993173,-1
G029,G067,-0.0010020913,-1
G042,G059,-0.0010023308,-1
G044,G089,-0.001004371,-1
G023,G029,-0.0010056486,-1
G096,G070,-0.0010061159,-1
G052,G011,-0.0010077613,-1
G032,G049,-0.0010084991,-1
G066,G046,-0.0010101452,-1
G055,G018,-0.0010132082,-1
G016,G080,-0.0010142117,-1
G029,G088,-0.0010143587,-1
G074,G041,-0.001014966,-1
G080,G048,-0.0010166458,-1
G033,G007,-0.0010169849,-1
G030,G010,-0.0010176925,-1
G039,G045,-0.0010182364,-1
G083,G094,-0.0010183995,-1
G040,G037,-0.0010184266,-1
G021,G094,-0.0010187309,-1
G078,G082,-0.0010188002,-1
G074,G006,-0.0010190785,-1
G076,G054,-0.0010210839,-1
G068,G095,-0.001021718,-1
G048,G039,-0.0010234828,-1
G062,G093,-0.0010235287,-1
G098,G092,-0.0010255077,-1
G004,G046,-0.0010256389,-1
G092,G045,-0.0010260842,-1
G054,G077,-0.0010264269,-1
G064,G042,-0.0010265836,-1
G053,G004,-0.0010277075,-1
G066,G069,-0.0010277327,-1
G022,G074,-0.0010278056,-1
G049,G041,-0.0010278231,-1
G078,G079,-0.0010278253,-1
G047,G064,-0.001028716,-1
G054,G066,-0.0010290424,-1
G030,G044,-0.0010301194,-1
G040,G096,-0.0010335712,-1
G030,G024,-0.0010338182,-1
G016,G074,-0.0010338966,-1
G046,G020,-0.001034934,-1
G075,G021,-0.0010364414,-1
G008,G099,-0.0010376669,-1
G008,G100,-0.0010385994,-1
G057,G020,-0.0010390378,-1
G018,G013,-0.0010397162,-1
G010,G041,-0.0010411529,-1
G067,G073,-0.0010428547,-1
G041,G069,-0.0010445376,-1
G061,G001,-0.0010449644,-1
G088,G094,-0.0010451118,-1
G061,G071,-0.0010455406,-1
G007,G099,-0.0010455647,-1
G047,G073,-0.001046489,-1
G097,G086,-0.0010470451,-1
G071,G022,-0.0010479031,-1
G087,G071,-0.0010492898,-1
G050,G027,-0.0010496718,-1
G066,G052,-0.0010526621,-1
G078,G003,-0.0010536773,-1
G020,G050,-0.0010551271,-1
G055,G029,-0.001055945,-1
G100,G079,-0.0010566255,-1
G087,G045,-0.0010580041,-1
G035,G070,-0.0010588757,-1
G047,G098,-0.0010610261,-1
G050,G074,-0.0010616218,-1
G031,G090,-0.0010618101,-1
G038,G095,-0.001063915,-1
G001,G097,-0.0010644217,-1
G014,G085,-0.0010651839,-1
G035,G085,-0.0010662213,-1
G085,G034,-0.0010665577,-1
G093,G051,-0.0010670224,-1
G018,G083,-0.0010688554,-1
G073,G096,-0.0010699659,-1
G088,G073,-0.0010709309,-1
G010,G100,-0.0010710331,-1
G013,G003,-0.0010711392,-1
G095,G089,-0.0010728751,-1
G088,G026,-0.0010734083,-1
G087,G019,-0.0010738872,-1
G021,G079,-0.0010741765,-1
G057,G067,-0.0010744744,-1
G036,G017,-0.0010747287,-1
G007,G025,-0.0010768068,-1
G058,G064,-0.0010778231,-1
G090,G054,-0.0010791078,-1
G015,G025,-0.0010791722,-1
G053,G013,-0.0010806114,-1
G038,G058,-0.0010812667,-1
G028,G005,-0.00108173,-1
G093,G067,-0.001081787,-1
G067,G091,-0.0010830457,-1
G078,G018,-0.0010831552,-1
G044,G091,-0.0010852962,-1
G057,G099,-0.0010856049,-1
G019,G079,-0.0010885934,-1
G087,G077,-0.0010903927,-1
G038,G099,-0.0010909451,-1
G085,G050,-0.001091089,-1
G088,G085,-0.0010913056,-1
G060,G027,-0.0010914583,-1
G092,G043,-0.0010919144,-1
G051,G044,-0.0010919287,-1
G001,G037,-0.0010937481,-1
G031,G045,-0.0010940983,-1
G047,G039,-0.0010947165,-1
G013,G085,-0.0010953983,-1
G059,G080,-0.0010970331,-1
G035,G061,-0.0010979885,-1
G097,G042,-0.0011010503,-1
G012,G093,-0.0011015959,-1
G002,G080,-0.0011022814,-1
G096,G051,-0.0011025368,-1
G049,G065,-0.0011036424,-1
G027,G040,-0.0011040682,-1
G028,G054,-0.0011043437,-1
G057,G051,-0.0011050381,-1
G011,G020,-0.0011110617,-1
G086,G094,-0.0011116168,-1
G047,G086,-0.0011123896,-1
G020,G088,-0.0011125,-1
G056,G038,-0.0011126,-1
G012,G083,-0.0011126543,-1
G031,G082,-0.0011137215,-1
G082,G040,-0.0011138833,-1
G047,G077,-0.0011156948,-1
G068,G058,-0.0011158403,-1
G073,G045,-0.0011171156,-1
G028,G022,-0.00111922,-1
G014,G026,-0.0011194116,-1
G019,G052,-0.0011195948,-1
G046,G032,-0.0011215577,-1
G004,G059,-0.0011240788,-1
G096,G039,-0.0011250991,-1
G066,G028,-0.0011255258,-1
G090,G083,-0.0011261129,-1
G090,G001,-0.0011264555,-1
G011,G092,-0.0011286788,-1
G052,G025,-0.0011288557,-1
G047,G035,-0.0011324818,-1
G048,G083,-0.0011327452,-1
G056,G013,-0.0011330616,-1
G054,G048,-0.0011340167,-1
G001,G072,-0.001134507,-1
G021,G072,-0.0011348324,-1
G025,G060,-0.0011356537,-1
G034,G013,-0.0011363452,-1
G089,G016,-0.0011373553,-1
G078,G002,-0.0011378408,-1
G069,G058,-0.0011378495,-1
G019,G041,-0.0011379409,-1
G068,G097,-0.0011387031,-1
G073,G072,-0.0011388011,-1
G018,G088,-0.0011394029,-1
G059,G100,-0.0011406987,-1
G037,G062,-0.0011409919,-1
G032,G060,-0.001141761,-1
G066,G039,-0.0011425255,-1
G013,G089,-0.0011426513,-1
G076,G097,-0.001142971,-1
G062,G001,-0.0011430145,-1
G025,G035,-0.001143442,-1
G080,G012,-0.0011450761,-1
G005,G099,-0.0011450894,-1
G075,G078,-0.0011476384,-1
G081,G033,-0.0011482198,-1
G093,G089,-0.0011484588,-1
G045,G029,-0.0011487971,-1
G069,G034,-0.001148988,-1
G047,G024,-0.0011492996,-1
G095,G065,-0.0011498297,-1
G017,G086,-0.0011530184,-1
G044,G078,-0.0011556606,-1
G075,G053,-0.0011572371,-1
G057,G045,-0.0011578323,-1
G070,G039,-0.0011629665,-1
G091,G090,-0.0011631753,-1
G095,G032,-0.001163605,-1
G043,G061,-0.0011650551,-1
G078,G039,-0.0011661996,-1
G018,G010,-0.001167031,-1
G019,G032,-0.0011688678,-1
G009,G020,-0.00116943,-1
G066,G095,-0.0011708112,-1
G011,G041,-0.0011716682,-1
G027,G064,-0.0011730398,-1
G082,G021,-0.001176357,-1
G031,G043,-0.001178045,-1
G043,G057,-0.0011780622,-1
G016,G039,-0.0011786114,-1
G084,G085,-0.0011791235,-1
G081,G029,-0.0011793664,-1
G005,G093,-0.0011807549,-1
G062,G088,-0.001181026,-1
G062,G073,-0.0011811509,-1
G001,G028,-0.0011811571,-1
G036,G011,-0.0011817272,-1
G058,G017,-0.0011823182,-1
G052,G077,-0.0011832167,-1
G081,G070,-0.001183359,-1
G093,G049,-0.001184,-1
G079,G027,-0.001184333,-1
G044,G001,-0.0011869889,-1
G068,G050,-0.0011894995,-1
G009,G043,-0.0011896413,-1
G084,G049,-0.0011914112,-1
G025,G094,-0.0011914847,-1
G026,G017,-0.0011916583,-1
G019,G089,-0.0011921601,-1
G028,G086,-0.0011928377,-1
G002,G022,-0.0011930384,-1
G027,G087,-0.0011934654,-1
G044,G028,-0.0011935709,-1
G072,G050,-0.0011941636,-1
G036,G084,-0.0011949817,-1
G077,G058,-0.0011964983,-1
G046,G021,-0.0011970896,-1
G095,G047,-0.0011996025,-1
G057,G006,-0.0012019657,-1
G017,G027,-0.0012034111,-1
G082,G047,-0.0012048329,-1
G098,G089,-0.0012052704,-1
G022,G017,-0.0012061532,-1
G023,G011,-0.0012065254,-1
G047,G088,-0.0012099005,-1
G012,G065,-0.0012103477,-1
G044,G084,-0.0012120232,-1
G076,G037,-0.0012124906,-1
G039,G084,-0.001214869,-1
G086,G038,-0.0012153977,-1
G033,G031,-0.0012176039,-1
G045,G037,-0.0012190894,-1
G013,G067,-0.0012197928,-1
G011,G044,-0.0012203663,-1
G009,G031,-0.0012209825,-1
G028,G080,-0.0012227161,-1
G077,G092,-0.0012233015,-1
G048,G066,-0.0012236797,-1
G058,G100,-0.0012240804,-1
G064,G080,-0.0012246807,-1
G079,G051,-0.0012247483,-1
G078,G051,-0.0012258063,-1
G008,G051,-0.0012263244,-1
G042,G055,-0.0012268197,-1
G009,G047,-0.0012269305,-1
G045,G046,-0.001226972,-1
G073,G003,-0.0012286581,-1
G035,G029,-0.0012291388,-1
G019,G082,-0.0012311725,-1
G036,G051,-0.0012319296,-1
G082,G072,-0.0012321749,-1
G033,G048,-0.0012323898,-1
G099,G016,-0.001233038,-1
G013,G096,-0.0012339905,-1
G036,G054,-0.0012347287,-1
G024,G098,-0.0012349959,-1
G008,G006,-0.0012376624,-1
G081,G018,-0.0012385725,-1
G063,G047,-0.001239692,-1
G063,G050,-0.0012413082,-1
G019,G070,-0.0012417006,-1
G051,G008,-0.001241947,-1
G041,G096,-0.0012423937,-1
G016,G045,-0.0012436107,-1
G071,G062,-0.001243795,-1
G030,G047,-0.0012460747,-1
G015,G034,-0.0012471153,-1
G069,G085,-0.001248624,-1
G048,G020,-0.0012502181,-1
G021,G020,-0.0012506369,-1
G051,G100,-0.0012508539,-1
G020,G028,-0.0012511566,-1
G020,G054,-0.001251223,-1
G027,G095,-0.0012527328,-1
G023,G069,-0.0012528817,-1
G077,G084,-0.0012531354,-1
G054,G068,-0.0012536285,-1
G073,G093,-0.0012540396,-1
G033,G058,-0.0012540403,-1
G090,G007,-0.0012552101,-1
G095,G037,-0.001255514,-1
G027,G006,-0.001257351,-1
G045,G015,-0.0012579532,-1
G095,G099,-0.0012586213,-1
G076,G084,-0.0012588559,-1
G076,G090,-0.00125995,-1
G074,G085,-0.0012599515,-1
G092,G075,-0.0012622242,-1
G036,G001,-0.0012622967,-1
G016,G028,-0.001262761,-1
G054,G034,-0.0012633171,-1
G077,G026,-0.0012646341,-1
G092,G062,-0.0012656335,-1
G013,G054,-0.0012657054,-1
G016,G086,-0.0012663603,-1
G097,G048,-0.0012670802,-1
G041,G083,-0.0012692085,-1
G003,G045,-0.0012699404,-1
G028,G082,-0.0012704585,-1
G075,G080,-0.0012707002,-1
G001,G095,-0.0012722944,-1
G087,G030,-0.0012725443,-1
G059,G099,-0.0012735396,-1
G060,G090,-0.0012738981,-1
G092,G011,-0.0012778721,-1
G043,G030,-0.0012785158,-1
G084,G021,-0.0012798134,-1
G007,G024,-0.0012820589,-1
G048,G033,-0.0012826443,-1
G039,G078,-0.0012828985,-1
G025,G046,-0.0012836716,-1
G085,G086,-0.0012845031,-1
G051,G095,-0.0012848425,-1
G086,G041,-0.0012861553,-1
G089,G080,-0.0012870965,-1
G095,G016,-0.0012874393,-1
G094,G096,-0.0012877858,-1
G030,G011,-0.0012883426,-1
G057,G031,-0.0012885184,-1
G052,G047,-0.0012889897,-1
G087,G097,-0.0012894721,-1
G009,G066,-0.0012898305,-1
G017,G011,-0.0012905329,-1
G010,G052,-0.0012911367,-1
G005,G026,-0.0012914884,-1
G021,G067,-0.0012920205,-1
G034,G072,-0.0012922215,-1
G059,G063,-0.0012942257,-1
G065,G071,-0.0012950976,-1
G095,G091,-0.0012956446,-1
G074,G001,-0.001296708,-1
G036,G048,-0.0012976201,-1
G042,G035,-0.0012979775,-1
G077,G007,-0.0012981215,-1
G098,G005,-0.0012983021,-1
G004,G054,-0.001298976,-1
G047,G087,-0.001300323,-1
G013,G073,-0.0013012403,-1
G077,G049,-0.0013014578,-1
G036,G003,-0.001303506,-1
G023,G055,-0.0013039088,-1
G061,G083,-0.0013044014,-1
G003,G017,-0.0013054437,-1
G001,G085,-0.0013061864,-1
G061,G047,-0.0013063807,-1
G037,G033,-0.0013071944,-1
G076,G092,-0.0013087487,-1
G088,G031,-0.001312322,-1
G099,G068,-0.0013147298,-1
G054,G046,-0.0013166766,-1
G005,G024,-0.0013168966,-1
G091,G057,-0.0013169809,-1
G073,G084,-0.0013185316,-1
G038,G059,-0.0013206862,-1
G083,G045,-0.0013212514,-1
G003,G096,-0.0013229764,-1
G041,G070,-0.0013259015,-1
G069,G048,-0.0013266229,-1
G011,G100,-0.0013266403,-1
G078,G013,-0.0013267266,-1
G020,G098,-0.0013273557,-1
G033,G091,-0.001329225,-1
G084,G087,-0.0013304403,-1
G098,G094,-0.0013306219,-1
G034,G066,-0.0013310624,-1
G095,G094,-0.0013318829,-1
G089,G027,-0.0013326199,-1
G012,G078,-0.0013336127,-1
G086,G033,-0.0013346492,-1
G084,G091,-0.001335992,-1
G052,G080,-0.0013369638,-1
G018,G082,-0.00133737,-1
G059,G082,-0.0013375913,-1
G080,G046,-0.0013378558,-1
G097,G036,-0.0013388091,-1
G030,G098,-0.001338983,-1
G017,G083,-0.0013401652,-1
G007,G057,-0.0013413319,-1
G032,G037,-0.0013418699,-1
G038,G098,-0.0013436734,-1
G056,G068,-0.0013443861,-1
G020,G060,-0.0013483622,-1
G088,G030,-0.0013490827,-1
G056,G082,-0.0013522858,-1
G064,G078,-0.0013523438,-1
G061,G087,-0.0013525981,-1
G028,G059,-0.0013536568,-1
G082,G041,-0.001354725,-1
G065,G039,-0.0013552983,-1
G020,G093,-0.0013595533,-1
G081,G057,-0.001360323,-1
G067,G009,-0.0013604591,-1
G005,G077,-0.0013624863,-1
G098,G058,-0.0013635096,-1
G070,G080,-0.0013635439,-1
G059,G038,-0.0013638732,-1
G021,G088,-0.0013644042,-1
G067,G086,-0.0013659432,-1
G098,G048,-0.0013678041,-1
G011,G084,-0.0013703525,-1
G058,G069,-0.0013703781,-1
G089,G023,-0.0013738305,-1
G087,G010,-0.0013739471,-1
G055,G020,-0.001374563,-1
G012,G099,-0.0013759433,-1
G014,G056,-0.0013777746,-1
G084,G052,-0.0013780139,-1
G057,G094,-0.0013795499,-1
G052,G091,-0.0013802435,-1
G093,G064,-0.0013802837,-1
G009,G095,-0.0013816915,-1
G030,G071,-0.0013832167,-1
G078,G077,-0.0013835336,-1
G082,G071,-0.0013836044,-1
G090,G043,-0.0013841651,-1
G004,G022,-0.0013843444,-1
G072,G051,-0.0013850321,-1
G084,G037,-0.0013863759,-1
G054,G002,-0.0013873916,-1
G052,G013,-0.0013880165,-1
G082,G058,-0.0013890303,-1
G097,G051,-0.0013900101,-1
G085,G013,-0.0013902187,-1
G066,G083,-0.0013937996,-1
G020,G029,-0.0013941874,-1
G094,G033,-0.0014010656,-1
G086,G090,-0.001402348,-1
G005,G038,-0.0014024153,-1
G057,G091,-0.0014029184,-1
G092,G033,-0.0014048094,-1
G001,G081,-0.001406193,-1
G032,G056,-0.0014074902,-1
G050,G064,-0.0014076723,-1
G014,G029,-0.0014080816,-1
G061,G032,-0.001409245,-1
G020,G040,-0.0014100783,-1
G094,G076,-0.0014102717,-1
G009,G001,-0.00141054,-1
G058,G005,-0.0014108471,-1
G097,G064,-0.0014157061,-1
G044,G036,-0.0014157201,-1
G094,G050,-0.0014173408,-1
G075,G068,-0.0014180435,-1
G099,G077,-0.0014191429,-1
G076,G061,-0.0014193543,-1
G056,G015,-0.001419641,-1
G096,G028,-0.0014212631,-1
G080,G018,-0.0014216225,-1
G079,G023,-0.0014233037,-1
G033,G081,-0.0014241532,-1
G011,G090,-0.0014252631,-1
G061,G066,-0.0014259402,-1
G025,G037,-0.0014271073,-1
G010,G079,-0.0014297412,-1
G084,G001,-0.0014307782,-1
G096,G098,-0.0014331954,-1
G085,G099,-0.0014337567,-1
G092,G091,-0.0014344224,-1
G088,G089,-0.0014353564,-1
G070,G077,-0.0014354577,-1
G015,G016,-0.0014357151,-1
G001,G022,-0.0014357765,-1
G076,G042,-0.0014376529,-1
G093,G024,-0.0014403797,-1
G003,G049,-0.0014431269,-1
G014,G012,-0.0014449181,-1
G018,G035,-0.001445032,-1
G076,G069,-0.0014454039,-1
G009,G078,-0.001445418,-1
G064,G076,-0.0014477365,-1
G053,G075,-0.0014481054,-1
G003,G051,-0.0014498944,-1
G020,G017,-0.0014505978,-1
G065,G013,-0.0014510403,-1
G071,G040,-0.0014513439,-1
G050,G072,-0.001452032,-1
G040,G039,-0.0014521846,-1
G096,G014,-0.0014529881,-1
G025,G011,-0.0014531309,-1
G076,G095,-0.0014541312,-1
G056,G076,-0.0014559253,-1
G008,G038,-0.0014575573,-1
G007,G043,-0.001459508,-1
G046,G076,-0.0014595502,-1
G097,G053,-0.0014599632,-1
G044,G027,-0.0014602607,-1
G034,G016,-0.0014603344,-1
G025,G032,-0.0014617923,-1
G042,G071,-0.0014622228,-1
G077,G082,-0.0014638829,-1
G070,G037,-0.001466532,-1
G099,G094,-0.0014667705,-1
G065,G051,-0.0014677462,-1
G039,G090,-0.0014711926,-1
G026,G083,-0.0014715408,-1
G086,G036,-0.0014727657,-1
G074,G040,-0.0014730669,-1
G064,G057,-0.0014730678,-1
G030,G052,-0.001473704,-1
G080,G096,-0.0014757917,-1
G019,G020,-0.0014760591,-1
G041,G050,-0.0014765472,-1
G079,G035,-0.0014766045,-1
G061,G063,-0.0014786777,-1
G026,G079,-0.0014803908,-1
G065,G041,-0.0014813712,-1
G040,G032,-0.001482078,-1
G008,G050,-0.001483141,-1
G046,G081,-0.0014839355,-1
G094,G055,-0.0014846193,-1
G023,G078,-0.0014869538,-1
G029,G041,-0.0014887723,-1
G057,G012,-0.0014890056,-1
G046,G047,-0.001491404,-1
G070,G073,-0.0014936618,-1
G017,G035,-0.0014990529,-1
G097,G091,-0.0014994589,-1
G060,G059,-0.0014996784,-1
G043,G035,-0.0015014271,-1
G073,G095,-0.001502592,-1
G053,G083,-0.001503048,-1
G069,G072,-0.0015048799,-1
G061,G015,-0.0015050793,-1
G055,G099,-0.0015057458,-1
G014,G058,-0.001505828,-1
G091,G097,-0.001506615,-1
G010,G027,-0.001508398,-1
G006,G073,-0.0015084577,-1
G041,G066,-0.0015089413,-1
G018,G061,-0.0015090056,-1
G029,G083,-0.001511064,-1
G005,G097,-0.00151187,-1
G029,G068,-0.0015124828,-1
G068,G023,-0.0015147405,-1
G003,G098,-0.0015163268,-1
G050,G010,-0.0015189584,-1
G064,G036,-0.0015191637,-1
G060,G042,-0.0015198904,-1
G068,G093,-0.0015205205,-1
G075,G091,-0.0015212602,-1
G049,G039,-0.0015216507,-1
G098,G044,-0.0015216719,-1
G048,G099,-0.0015218894,-1
G080,G091,-0.0015239839,-1
G066,G068,-0.0015243893,-1
G087,G088,-0.0015247118,-1
G055,G013,-0.0015256061,-1
G001,G064,-0.0015258596,-1
G043,G051,-0.001526606,-1
G010,G084,-0.0015271279,-1
G080,G023,-0.0015274226,-1
G079,G092,-0.0015286361,-1
G085,G089,-0.0015311197,-1
G083,G058,-0.0015320386,-1
G017,G076,-0.0015330133,-1
G035,G008,-0.0015336619,-1
G021,G038,-0.0015368384,-1
G047,G001,-0.0015369138,-1
G075,G028,-0.0015385629,-1
G052,G050,-0.0015392798,-1
G017,G059,-0.0015445548,-1
G087,G024,-0.0015463588,-1
G011,G007,-0.0015467653,-1
G006,G053,-0.0015473651,-1
G010,G050,-0.0015492805,-1
G020,G030,-0.0015496914,-1
G082,G091,-0.0015539493,-1
G074,G013,-0.0015557323,-1
G091,G079,-0.0015565531,-1
G026,G045,-0.0015598475,-1
G009,G032,-0.0015602777,-1
G025,G061,-0.0015608247,-1
G061,G074,-0.0015639687,-1
G014,G015,-0.001564347,-1
G082,G097,-0.001565394,-1
G026,G041,-0.0015654293,-1
G015,G069,-0.001567561,-1
G055,G064,-0.0015681615,-1
G064,G043,-0.0015690861,-1
G089,G042,-0.0015693693,-1
G094,G088,-0.0015695548,-1
G094,G081,-0.0015696121,-1
G085,G033,-0.0015699575,-1
G071,G037,-0.0015710647,-1
G089,G094,-0.0015712449,-1
G028,G071,-0.00157221,-1
G048,G063,-0.0015726296,-1
G014,G078,-0.0015757917,-1
G062,G083,-0.001576949,-1
G091,G053,-0.0015777292,-1
G029,G032,-0.0015785597,-1
G057,G083,-0.00157927,-1
G079,G098,-0.0015816588,-1
G065,G014,-0.0015838095,-1
G079,G050,-0.0015842973,-1
G046,G093,-0.0015845388,-1
G038,G067,-0.001584588,-1
G082,G007,-0.0015852583,-1
G022,G042,-0.0015855407,-1
G076,G093,-0.0015857851,-1
G056,G095,-0.0015864327,-1
G018,G067,-0.0015869137,-1
G052,G098,-0.0015876144,-1
G058,G061,-0.0015880907,-1
G001,G019,-0.0015910116,-1
G051,G001,-0.0015912926,-1
G096,G069,-0.0015918993,-1
G041,G040,-0.0015928368,-1
G032,G072,-0.0015932879,-1
G037,G058,-0.0015940197,-1
G055,G041,-0.0015965959,-1
G044,G048,-0.0015968012,-1
G062,G002,-0.001597361,-1
G087,G035,-0.0015975127,-1
G026,G061,-0.0015979285,-1
G059,G032,-0.0015980161,-1
G024,G042,-0.0015986199,-1
G053,G096,-0.0015989917,-1
G099,G039,-0.0015993313,-1
G054,G071,-0.0016001189,-1
G015,G077,-0.0016005969,-1
G092,G040,-0.0016006818,-1
G091,G076,-0.0016012039,-1
G013,G099,-0.0016024486,-1
G041,G032,-0.0016024546,-1
G097,G089,-0.0016024666,-1
G029,G015,-0.0016027502,-1
G017,G072,-0.0016031035,-1
G009,G074,-0.0016039686,-1
G065,G078,-0.0016040755,-1
G004,G072,-0.0016043289,-1
G012,G042,-0.0016049002,-1
G068,G021,-0.0016051587,-1
G001,G005,-0.0016053118,-1
G083,G005,-0.0016081277,-1
G035,G062,-0.0016092892,-1
G067,G100,-0.001610393,-1
G056,G081,-0.0016122733,-1
G039,G073,-0.0016134226,-1
G053,G039,-0.0016169293,-1
G080,G010,-0.0016171514,-1
G092,G073,-0.0016196338,-1
G023,G067,-0.0016196657,-1
G078,G081,-0.0016207878,-1
G086,G054,-0.0016208165,-1
G064,G045,-0.0016217562,-1
G046,G004,-0.0016221086,-1
G041,G077,-0.0016223461,-1
G075,G010,-0.00162309,-1
G010,G063,-0.0016252979,-1
G092,G076,-0.0016255365,-1
G082,G096,-0.0016270711,-1
G052,G067,-0.0016282109,-1
G032,G050,-0.0016283938,-1
G087,G036,-0.0016286018,-1
G076,G038,-0.0016293352,-1
G099,G093,-0.0016298492,-1
G037,G023,-0.0016305982,-1
G095,G035,-0.0016309704,-1
G006,G067,-0.0016313803,-1
G019,G029,-0.0016320569,-1
G098,G079,-0.0016322703,-1
G066,G021,-0.0016328148,-1
G071,G046,-0.0016330912,-1
G039,G081,-0.0016344037,-1
G052,G002,-0.0016359678,-1
G082,G063,-0.0016360551,-1
G097,G081,-0.00163658,-1
G069,G062,-0.0016368083,-1
G009,G098,-0.0016379829,-1
G083,G016,-0.0016384042,-1
G069,G012,-0.0016391708,-1
G070,G047,-0.0016414797,-1
G085,G043,-0.0016426264,-1
G079,G068,-0.0016445133,-1
G076,G021,-0.0016451932,-1
G033,G026,-0.0016453811,-1
G017,G050,-0.0016461061,-1
G015,G087,-0.0016461231,-1
G004,G062,-0.0016463301,-1
G052,G086,-0.0016469015,-1
G062,G099,-0.0016471917,-1
G053,G085,-0.0016475058,-1
G042,G054,-0.0016492209,-1
G087,G017,-0.0016500499,-1
G010,G071,-0.0016534772,-1
G018,G094,-0.0016538278,-1
G031,G067,-0.0016562899,-1
G015,G041,-0.001656657,-1
G021,G001,-0.0016567452,-1
G090,G068,-0.0016567532,-1
G040,G023,-0.0016571273,-1
G017,G071,-0.0016580459,-1
G022,G030,-0.0016590916,-1
G053,G001,-0.0016594962,-1
G008,G043,-0.0016602098,-1
G089,G045,-0.0016602501,-1
G029,G060,-0.0016612683,-1
G065,G061,-0.0016629183,-1
G036,G035,-0.0016631702,-1
G083,G073,-0.0016634731,-1
G041,G012,-0.0016636485,-1
G081,G100,-0.001663763,-1
G062,G029,-0.0016653951,-1
G061,G042,-0.0016669906,-1
G087,G037,-0.0016670342,-1
G063,G077,-0.0016679848,-1
G099,G045,-0.0016698055,-1
G089,G059,-0.0016700125,-1
G098,G039,-0.0016702078,-1
G084,G100,-0.001671213,-1
G033,G047,-0.0016718832,-1
G056,G080,-0.001671888,-1
G075,G097,-0.0016742237,-1
G014,G093,-0.0016742726,-1
G048,G001,-0.0016749732,-1
G090,G067,-0.0016768486,-1
G030,G018,-0.0016774309,-1
G036,G066,-0.0016776201,-1
G046,G088,-0.0016797995,-1
G017,G039,-0.0016801048,-1
G021,G065,-0.0016819856,-1
G055,G032,-0.0016821342,-1
G082,G084,-0.0016822312,-1
G013,G070,-0.0016840748,-1
G016,G085,-0.0016850459,-1
G050,G066,-0.0016869898,-1
G022,G095,-0.0016877064,-1
G030,G060,-0.001689217,-1
G004,G024,-0.0016899481,-1
G001,G027,-0.0016904395,-1
G047,G092,-0.0016913646,-1
G013,G038,-0.001691508,-1
G076,G014,-0.0016917923,-1
G099,G029,-0.001692023,-1
G071,G098,-0.001693129,-1
G003,G002,-0.0016931671,-1
G083,G039,-0.0016935004,-1
G088,G005,-0.0016937505,-1
G080,G095,-0.0016943149,-1
G067,G059,-0.0016965207,-1
G043,G065,-0.0016970014,-1
G011,G073,-0.001699701,-1
G031,G037,-0.0016999048,-1
G063,G090,-0.0017009244,-1
G044,G006,-0.0017012195,-1
G059,G070,-0.0017024098,-1
G029,G096,-0.0017048966,-1
G016,G046,-0.0017056733,-1
G015,G097,-0.0017061378,-1
G083,G036,-0.0017068991,-1
G053,G049,-0.0017072699,-1
G084,G044,-0.0017087529,-1
G080,G090,-0.0017087937,-1
G067,G049,-0.001709267,-1
G090,G071,-0.0017105446,-1
G069,G063,-0.0017113241,-1
G031,G056,-0.0017122703,-1
G034,G037,-0.0017123813,-1
G040,G016,-0.0017139169,-1
G080,G026,-0.0017139316,-1
G027,G092,-0.0017162553,-1
G089,G052,-0.0017165524,-1
G096,G076,-0.001717574,-1
G031,G050,-0.0017175837,-1
G015,G033,-0.0017176117,-1
G034,G083,-0.0017179691,-1
G042,G047,-0.0017185846,-1
G066,G086,-0.0017186486,-1
G053,G021,-0.0017231596,-1
G088,G079,-0.0017247268,-1
G011,G056,-0.0017252545,-1
G067,G013,-0.0017254399,-1
G082,G024,-0.0017261225,-1
G033,G025,-0.0017263597,-1
G010,G030,-0.0017274907,-1
G043,G050,-0.0017276217,-1
G022,G089,-0.001730167,-1
G080,G014,-0.0017304503,-1
G037,G097,-0.0017325402,-1
G027,G047,-0.0017333197,-1
G039,G031,-0.0017335825,-1
G017,G001,-0.0017335877,-1
G037,G088,-0.0017369865,-1
G017,G091,-0.0017373773,-1
G050,G021,-0.0017395335,-1
G087,G096,-0.0017397805,-1
G094,G099,-0.0017401276,-1
G023,G040,-0.0017405886,-1
G015,G072,-0.0017439683,-1
G048,G016,-0.0017442082,-1
G054,G099,-0.0017489693,-1
G069,G057,-0.0017497354,-1
G062,G096,-0.0017508918,-1
G009,G022,-0.0017516476,-1
G077,G096,-0.0017519223,-1
G078,G021,-0.0017522525,-1
G086,G072,-0.0017537681,-1
G041,G062,-0.0017553403,-1
G066,G060,-0.0017568907,-1
G058,G029,-0.0017579012,-1
G019,G068,-0.0017590087,-1
G033,G090,-0.0017600069,-1
G019,G036,-0.0017600749,-1
G027,G057,-0.0017655792,-1
G036,G049,-0.0017659256,-1
G023,G021,-0.0017662467,-1
G058,G076,-0.0017668944,-1
G020,G043,-0.0017675145,-1
G043,G086,-0.001768516,-1
G023,G092,-0.001769576,-1
G077,G031,-0.001770407,-1
G079,G074,-0.0017716637,-1
G066,G035,-0.0017720013,-1
G065,G085,-0.001772918,-1
G085,G057,-0.0017729779,-1
G064,G068,-0.0017743383,-1
G081,G041,-0.0017744887,-1
G055,G097,-0.0017748964,-1
G026,G012,-0.0017750764,-1
G032,G007,-0.0017781438,-1
G075,G072,-0.001783383,-1
G027,G029,-0.0017846299,-1
G067,G047,-0.0017846643,-1
G071,G080,-0.0017847774,-1
G048,G070,-0.0017850883,-1
G049,G061,-0.001785277,-1
G032,G028,-0.0017860914,-1
G096,G045,-0.0017861349,-1
G084,G086,-0.0017890617,-1
G053,G087,-0.0017906255,-1
G039,G027,-0.0017918987,-1
G070,G090,-0.0017919393,-1
G064,G074,-0.0017921613,-1
G063,G020,-0.001792303,-1
G006,G030,-0.0017926052,-1
G039,G041,-0.001792867,-1
G051,G048,-0.0017936293,-1
G067,G064,-0.0017940043,-1
G050,G091,-0.0017951366,-1
G028,G085,-0.0017971782,-1
G059,G084,-0.0017989489,-1
G052,G033,-0.0017995663,-1
G082,G089,-0.0017998954,-1
G090,G070,-0.0018003042,-1
G017,G043,-0.0018004233,-1
G063,G022,-0.0018017564,-1
G052,G041,-0.0018043928,-1
G077,G075,-0.0018064493,-1
G059,G064,-0.0018066872,-1
G003,G044,-0.0018077849,-1
G088,G044,-0.0018084499,-1
G096,G092,-0.0018086848,-1
G003,G014,-0.0018094877,-1
G072,G018,-0.0018104356,-1
G070,G058,-0.0018114649,-1
G058,G049,-0.0018117366,-1
G023,G013,-0.0018143058,-1
G081,G023,-0.0018154708,-1
G087,G092,-0.0018159423,-1
G049,G067,-0.00181817,-1
G004,G085,-0.001819953,-1
G086,G078,-0.0018202114,-1
G069,G007,-0.0018205285,-1
G059,G096,-0.001821806,-1
G099,G061,-0.0018219232,-1
G050,G023,-0.0018223799,-1
G083,G009,-0.0018224051,-1
G033,G082,-0.0018259126,-1
G018,G036,-0.0018261751,-1
G062,G051,-0.0018279821,-1
G091,G065,-0.0018283251,-1
G100,G039,-0.0018303188,-1
G093,G045,-0.001831348,-1
G014,G073,-0.0018320391,-1
G073,G074,-0.0018336021,-1
G040,G084,-0.0018350733,-1
G059,G043,-0.0018353077,-1
G040,G001,-0.001835667,-1
G091,G083,-0.0018417959,-1
G015,G038,-0.0018426413,-1
G095,G074,-0.0018429282,-1
G066,G094,-0.0018442373,-1
G098,G085,-0.0018458848,-1
G088,G078,-0.0018477472,-1
G021,G011,-0.0018482069,-1
G083,G050,-0.0018507697,-1
G059,G091,-0.0018520429,-1
G066,G023,-0.0018525174,-1
G019,G100,-0.0018542418,-1
G054,G040,-0.0018562379,-1
G067,G071,-0.0018582023,-1
G078,G027,-0.0018584732,-1
G061,G096,-0.0018590314,-1
G042,G021,-0.0018598766,-1
G077,G001,-0.001863811,-1
G073,G099,-0.0018638829,-1
G077,G036,-0.0018641913,-1
G075,G043,-0.0018644249,-1
G019,G034,-0.0018664853,-1
G031,G016,-0.0018669226,-1
G055,G095,-0.0018675623,-1
G050,G047,-0.0018682693,-1
G082,G043,-0.0018704729,-1
G030,G051,-0.0018707517,-1
G036,G090,-0.0018718549,-1
G019,G043,-0.0018729497,-1
G097,G095,-0.0018744054,-1
G074,G028,-0.0018758957,-1
G086,G063,-0.0018767403,-1
G066,G018,-0.0018778708,-1
G002,G081,-0.0018783133,-1
G011,G058,-0.0018816001,-1
G036,G085,-0.0018825651,-1
G015,G098,-0.0018870452,-1
G090,G038,-0.0018875577,-1
G088,G086,-0.0018884498,-1
G062,G084,-0.0018887398,-1
G013,G057,-0.0018893301,-1
G001,G086,-0.0018899725,-1
G071,G084,-0.0018903386,-1
G090,G100,-0.00189089,-1
G032,G021,-0.001891658,-1
G089,G051,-0.0018923205,-1
G080,G016,-0.0018946826,-1
G037,G001,-0.0018947485,-1
G089,G050,-0.0018963271,-1
G089,G067,-0.001896407,-1
G076,G067,-0.0018971241,-1
G032,G058,-0.0018972531,-1
G076,G025,-0.0018981604,-1
G086,G007,-0.0018982269,-1
G040,G033,-0.0018999026,-1
G077,G088,-0.0019004429,-1
G057,G081,-0.0019028113,-1
G082,G073,-0.0019028884,-1
G096,G048,-0.0019044904,-1
G046,G038,-0.0019063969,-1
G068,G077,-0.0019068804,-1
G058,G046,-0.0019070935,-1
G079,G016,-0.0019084408,-1
G024,G099,-0.0019093425,-1
G096,G068,-0.0019103608,-1
G010,G061,-0.0019104779,-1
G083,G055,-0.0019174896,-1
G085,G093,-0.0019210755,-1
G094,G054,-0.0019215607,-1
G055,G001,-0.0019218411,-1
G090,G005,-0.0019230125,-1
G039,G064,-0.0019233358,-1
G083,G059,-0.0019234301,-1
G086,G071,-0.0019247489,-1
G089,G032,-0.0019265013,-1
G093,G004,-0.0019267831,-1
G070,G023,-0.0019307358,-1
G056,G098,-0.0019308514,-1
G029,G057,-0.0019326569,-1
G099,G033,-0.0019342424,-1
G047,G008,-0.0019350175,-1
G019,G088,-0.0019366421,-1
G055,G100,-0.0019379227,-1
G048,G081,-0.001940186,-1
G097,G028,-0.0019421324,-1
G005,G095,-0.0019445715,-1
G010,G087,-0.001944676,-1
G064,G015,-0.0019451055,-1
G007,G030,-0.0019452891,-1
G039,G051,-0.0019460203,-1
G045,G088,-0.0019487375,-1
G038,G048,-0.0019489658,-1
G093,G014,-0.0019504759,-1
G097,G043,-0.0019520208,-1
G093,G043,-0.0019529097,-1
G031,G014,-0.0019549679,-1
G080,G073,-0.0019567802,-1
G071,G021,-0.0019589069,-1
G047,G089,-0.0019589302,-1
G033,G074,-0.0019589628,-1
G071,G018,-0.00196125,-1
G031,G010,-0.0019623043,-1
G069,G027,-0.001963045,-1
G017,G024,-0.0019633556,-1
G034,G090,-0.001963784,-1
G051,G042,-0.0019653167,-1
G073,G037,-0.0019669668,-1
G010,G019,-0.0019696653,-1
G014,G099,-0.0019697195,-1
G079,G029,-0.0019730409,-1
G032,G087,-0.0019740951,-1
G019,G065,-0.0019754653,-1
G099,G047,-0.00197555,-1
G069,G043,-0.001975623,-1
G048,G079,-0.0019763552,-1
G045,G028,-0.0019772793,-1
G071,G034,-0.0019776283,-1
G082,G088,-0.0019776365,-1
G004,G025,-0.001978379,-1
G047,G061,-0.001978576,-1
G036,G002,-0.0019787129,-1
G061,G035,-0.0019794493,-1
G095,G049,-0.0019804235,-1
G011,G018,-0.0019828647,-1
G025,G010,-0.0019857918,-1
G015,G076,-0.0019884352,-1
G044,G049,-0.0019895383,-1
G049,G028,-0.0019898636,-1
G080,G017,-0.0019907248,-1
G050,G062,-0.001992457,-1
G025,G043,-0.0019929262,-1
G066,G038,-0.0019929502,-1
G091,G034,-0.0019969672,-1
G059,G042,-0.001997022,-1
G016,G062,-0.0019975484,-1
G037,G028,-0.0019983444,-1
G028,G089,-0.001999009,-1
G063,G059,-0.0019997247,-1
G076,G075,-0.0020010625,-1
G049,G052,-0.002001865,-1
G035,G067,-0.002002555,-1
G085,G095,-0.002003404,-1
G046,G071,-0.0020036707,-1
G089,G075,-0.0020045422,-1
G016,G004,-0.0020069745,-1
G072,G088,-0.002010467,-1
G020,G005,-0.0020124177,-1
G058,G004,-0.0020135955,-1
G085,G045,-0.0020151201,-1
G048,G005,-0.002017833,-1
G093,G027,-0.002023414,-1
G067,G041,-0.0020250247,-1
G039,G029,-0.002026496,-1
G060,G044,-0.0020281142,-1
G021,G063,-0.0020288124,-1
G005,G094,-0.0020322006,-1
G055,G080,-0.002032793,-1
G036,G010,-0.0020343661,-1
G013,G071,-0.002036176,-1
G090,G046,-0.002038216,-1
G020,G048,-0.0020385208,-1
G034,G047,-0.002039666,-1
G007,G048,-0.0020419944,-1
G019,G053,-0.0020429222,-1
G024,G036,-0.0020445501,-1
G084,G076,-0.0020451022,-1
G029,G047,-0.0020456205,-1
G037,G036,-0.0020483579,-1
G052,G010,-0.0020484873,-1
G078,G083,-0.0020501737,-1
G017,G094,-0.002051151,-1
G091,G044,-0.002052708,-1
G095,G012,-0.0020536396,-1
G010,G051,-0.0020553835,-1
G070,G091,-0.0020561812,-1
G052,G022,-0.0020575172,-1
G087,G041,-0.0020583859,-1
G013,G028,-0.0020620038,-1
G056,G064,-0.0020658104,-1
G075,G058,-0.0020676395,-1
G055,G094,-0.00206848,-1
G010,G082,-0.0020697715,-1
G044,G058,-0.0020699233,-1
G062,G010,-0.0020713285,-1
G089,G033,-0.0020718267,-1
G009,G014,-0.0020725594,-1
G028,G007,-0.0020736803,-1
G023,G071,-0.0020750542,-1
G054,G001,-0.002076711,-1
G096,G005,-0.0020780044,-1
G044,G093,-0.0020798636,-1
G046,G067,-0.0020823304,-1
G023,G030,-0.0020843265,-1
G076,G051,-0.0020877793,-1
G058,G065,-0.0020885984,-1
G098,G081,-0.0020905656,-1
G037,G039,-0.0020934236,-1
G019,G084,-0.0020948448,-1
G030,G099,-0.002096606,-1
G078,G095,-0.0020976579,-1
G007,G054,-0.0020995126,-1
G076,G096,-0.0020995876,-1
G088,G100,-0.0020996209,-1
G027,G024,-0.0021006092,-1
G038,G047,-0.0021013808,-1
G025,G016,-0.0021027594,-1
G080,G060,-0.0021033478,-1
G023,G097,-0.0021046035,-1
G077,G099,-0.0021060794,-1
G071,G047,-0.0021066265,-1
G007,G051,-0.0021086182,-1
G095,G041,-0.002109692,-1
G097,G027,-0.0021098396,-1
G072,G029,-0.0021106685,-1
G066,G063,-0.002110932,-1
G011,G048,-0.0021115541,-1
G023,G035,-0.0021116743,-1
G091,G054,-0.0021136736,-1
G012,G066,-0.0021141465,-1
G023,G015,-0.002114652,-1
G042,G001,-0.0021149293,-1
G012,G100,-0.0021155125,-1
G010,G081,-0.0021161754,-1
G087,G021,-0.002119311,-1
G098,G016,-0.0021221272,-1
G037,G042,-0.0021221833,-1
G040,G099,-0.0021231305,-1
G087,G016,-0.0021261612,-1
G073,G038,-0.0021272404,-1
G010,G093,-0.0021288262,-1
G017,G068,-0.002129829,-1
G079,G032,-0.0021331122,-1
G032,G048,-0.0021342782,-1
G083,G025,-0.0021345264,-1
G035,G059,-0.0021351685,-1
G051,G070,-0.0021384533,-1
G091,G043,-0.0021400822,-1
G016,G050,-0.0021404184,-1
G014,G068,-0.0021414442,-1
G051,G088,-0.002144345,-1
G032,G055,-0.0021448173,-1
G020,G061,-0.002147742,-1
G076,G047,-0.0021482825,-1
G059,G045,-0.002148507,-1
G030,G017,-0.0021525512,-1
G018,G093,-0.0021525754,-1
G031,G038,-0.0021526832,-1
G038,G010,-0.0021545028,-1
G093,G022,-0.0021597578,-1
G058,G099,-0.0021622083,-1
G060,G069,-0.002162474,-1
G069,G019,-0.0021628398,-1
G030,G013,-0.002168073,-1
G038,G087,-0.002168199,-1
G062,G005,-0.0021685997,-1
G033,G024,-0.0021712151,-1
G070,G063,-0.0021719383,-1
G030,G095,-0.0021719937,-1
G054,G063,-0.002173316,-1
G073,G041,-0.0021734682,-1
G013,G016,-0.0021739744,-1
G032,G063,-0.002175783,-1
G059,G048,-0.002178524,-1
G015,G010,-0.002179926,-1
G008,G092,-0.002179928,-1
G039,G037,-0.0021805912,-1
G064,G081,-0.002180632,-1
G033,G059,-0.002180663,-1
G020,G082,-0.0021833237,-1
G098,G033,-0.0021833593,-1
G048,G090,-0.0021835277,-1
G055,G037,-0.002183846,-1
G094,G002,-0.002185806,-1
G015,G071,-0.0021860737,-1
G050,G096,-0.0021882472,-1
G036,G098,-0.00219073,-1
G087,G068,-0.0021914132,-1
G032,G022,-0.00219158,-1
G098,G076,-0.0021919613,-1
G035,G099,-0.002192062,-1
G021,G074,-0.002194749,-1
G081,G084,-0.0021952037,-1
G057,G044,-0.0021958002,-1
G092,G095,-0.0021961068,-1
G064,G048,-0.0021966787,-1
G042,G016,-0.0021990365,-1
G054,G064,-0.0022001385,-1
G091,G028,-0.0022074352,-1
G079,G028,-0.002207993,-1
G031,G041,-0.002208554,-1
G096,G033,-0.0022092224,-1
G014,G038,-0.0022092848,-1
G058,G082,-0.0022112592,-1
G021,G059,-0.002214023,-1
G088,G006,-0.0022140269,-1
G081,G067,-0.0022162918,-1
G020,G031,-0.0022165757,-1
G075,G084,-0.0022166867,-1
G069,G056,-0.002222268,-1
G100,G070,-0.0022282803,-1
G046,G075,-0.0022327914,-1
G054,G062,-0.0022331304,-1
G045,G006,-0.0022344736,-1
G064,G095,-0.0022346755,-1
G005,G033,-0.002235523,-1
G066,G073,-0.0022362345,-1
G027,G096,-0.0022378485,-1
G020,G097,-0.0022432313,-1
G096,G085,-0.0022466218,-1
G064,G041,-0.0022468753,-1
G013,G027,-0.0022484493,-1
G092,G035,-0.002249625,-1
G088,G032,-0.0022503925,-1
G070,G089,-0.002255655,-1
G006,G048,-0.0022571655,-1
G092,G054,-0.0022582726,-1
G099,G028,-0.0022610382,-1
G042,G062,-0.0022638796,-1
G029,G071,-0.0022646124,-1
G098,G099,-0.0022649746,-1
G069,G036,-0.0022683924,-1
G061,G090,-0.0022690531,-1
G083,G003,-0.0022693083,-1
G047,G065,-0.0022713717,-1
G031,G091,-0.0022715416,-1
G026,G060,-0.0022737419,-1
G079,G033,-0.0022769026,-1
G057,G048,-0.0022782616,-1
G009,G087,-0.0022791235,-1
G079,G038,-0.0022801654,-1
G034,G064,-0.0022802288,-1
G090,G032,-0.002280968,-1
G044,G096,-0.0022814572,-1
G029,G033,-0.0022814688,-1
G099,G031,-0.002281739,-1
G011,G040,-0.0022819305,-1
G035,G083,-0.002283256,-1
G034,G027,-0.0022835117,-1
G044,G066,-0.0022838628,-1
G037,G049,-0.0022840654,-1
G099,G051,-0.002289884,-1
G057,G039,-0.0022907907,-1
G057,G041,-0.0022911096,-1
G052,G006,-0.002291562,-1
G091,G094,-0.0022919124,-1
G002,G001,-0.0022987744,-1
G075,G027,-0.0022999083,-1
G065,G081,-0.0023016229,-1
G076,G018,-0.0023019356,-1
G047,G075,-0.002302724,-1
G066,G091,-0.0023043042,-1
G030,G048,-0.0023045256,-1
G090,G045,-0.0023056376,-1
G002,G034,-0.0023061042,-1
G006,G021,-0.0023078944,-1
G052,G095,-0.0023080606,-1
G047,G058,-0.0023084152,-1
G088,G059,-0.0023093468,-1
G037,G093,-0.002311529,-1
G071,G010,-0.0023116057,-1
G033,G039,-0.0023125657,-1
G018,G072,-0.002315331,-1
G076,G063,-0.0023172747,-1
G022,G006,-0.0023174803,-1
G057,G042,-0.0023202174,-1
G035,G066,-0.0023222612,-1
G076,G035,-0.0023230577,-1
G091,G060,-0.0023243327,-1
G084,G040,-0.0023251285,-1
G013,G087,-0.0023252193,-1
G050,G004,-0.0023269793,-1
G002,G079,-0.0023282135,-1
G080,G058,-0.0023289528,-1
G044,G076,-0.0023292473,-1
G049,G050,-0.002330306,-1
G075,G083,-0.002330533,-1
G067,G085,-0.0023327793,-1
G048,G058,-0.0023330308,-1
G071,G076,-0.002334078,-1
G081,G016,-0.0023356148,-1
G009,G057,-0.002336435,-1
G052,G085,-0.0023369351,-1
G055,G016,-0.0023372346,-1
G021,G022,-0.0023386835,-1
G066,G071,-0.0023399682,-1
G062,G014,-0.0023410504,-1
G075,G023,-0.002344522,-1
G085,G048,-0.0023456686,-1
G015,G092,-0.0023470428,-1
G062,G025,-0.0023477385,-1
G019,G075,-0.0023534708,-1
G087,G018,-0.002355408,-1
G084,G034,-0.0023559628,-1
G036,G014,-0.0023574082,-1
G016,G077,-0.0023575658,-1
G026,G089,-0.0023588848,-1
G064,G094,-0.0023598892,-1
G084,G090,-0.0023624985,-1
G029,G022,-0.0023627211,-1
G029,G086,-0.0023632776,-1
G023,G008,-0.0023661298,-1
G040,G048,-0.0023672068,-1
G018,G074,-0.002367507,-1
G019,G083,-0.002367618,-1
G034,G052,-0.0023677468,-1
G018,G005,-0.0023686204,-1
G052,G073,-0.0023704132,-1
G087,G009,-0.002371797,-1
G020,G024,-0.0023736118,-1
G094,G090,-0.0023736218,-1
G080,G029,-0.0023740863,-1
G040,G094,-0.0023759578,-1
G061,G051,-0.0023788267,-1
G064,G087,-0.002380929,-1
G027,G073,-0.002383128,-1
G040,G066,-0.002383379,-1
G071,G081,-0.0023837255,-1
G052,G055,-0.0023851206,-1
G037,G079,-0.0023859472,-1
G099,G076,-0.0023873483,-1
G087,G051,-0.0023905102,-1
G061,G021,-0.0023915824,-1
G002,G089,-0.0023923332,-1
G010,G054,-0.0023927968,-1
G077,G066,-0.002395306,-1
G082,G030,-0.0023961267,-1
G092,G038,-0.002397449,-1
G002,G086,-0.0024001494,-1
G046,G030,-0.0024031491,-1
G064,G089,-0.0024053003,-1
G028,G019,-0.002407868,-1
G052,G039,-0.002409136,-1
G059,G027,-0.002410756,-1
G082,G087,-0.0024120838,-1
G065,G052,-0.0024135124,-1
G035,G010,-0.0024149795,-1
G077,G085,-0.002415694,-1
G090,G066,-0.002420306,-1
G035,G049,-0.0024205653,-1
G062,G100,-0.0024210978,-1
G079,G057,-0.0024226268,-1
G045,G086,-0.002423652,-1
G062,G035,-0.0024236746,-1
G030,G042,-0.002425931,-1
G046,G003,-0.0024263978,-1
G014,G017,-0.0024273326,-1
G040,G050,-0.0024290332,-1
G023,G098,-0.002429154,-1
G022,G091,-0.0024312304,-1
G097,G075,-0.0024334327,-1
G041,G043,-0.0024344993,-1
G098,G084,-0.0024347708,-1
G053,G024,-0.002435787,-1
G028,G051,-0.0024366672,-1
G014,G004,-0.002436728,-1
G058,G081,-0.002437649,-1
G068,G084,-0.002438704,-1
G094,G092,-0.0024390323,-1
G065,G092,-0.0024390768,-1
G087,G049,-0.0024400777,-1
G073,G089,-0.0024422826,-1
G005,G080,-0.0024465492,-1
G065,G028,-0.0024470435,-1
G003,G040,-0.0024487006,-1
G061,G056,-0.0024487802,-1
G037,G044,-0.002449857,-1
G080,G081,-0.002450803,-1
G075,G052,-0.0024526936,-1
G011,G094,-0.0024528885,-1
G029,G038,-0.002454576,-1
G019,G022,-0.002454757,-1
G023,G075,-0.0024548264,-1
G097,G010,-0.0024562695,-1
G041,G071,-0.0024565307,-1
G007,G040,-0.002456549,-1
G030,G028,-0.0024569917,-1
G040,G004,-0.0024573074,-1
G035,G018,-0.0024589775,-1
G081,G003,-0.0024590374,-1
G041,G078,-0.0024608334,-1
G058,G057,-0.002461181,-1
G077,G048,-0.0024611824,-1
G005,G029,-0.0024616944,-1
G093,G016,-0.0024644549,-1
G088,G049,-0.00246696,-1
G093,G083,-0.0024679794,-1
G006,G013,-0.0024684712,-1
G085,G061,-0.0024698607,-1
G039,G091,-0.0024702225,-1
G075,G073,-0.002470327,-1
G079,G087,-0.0024713867,-1
G035,G033,-0.0024774072,-1
G088,G066,-0.0024795332,-1
G034,G025,-0.0024817453,-1
G055,G051,-0.0024821202,-1
G061,G031,-0.0024834399,-1
G077,G095,-0.002485719,-1
G082,G054,-0.0024859083,-1
G009,G040,-0.00248636,-1
G065,G087,-0.0024868858,-1
G045,G024,-0.0024878478,-1
G065,G029,-0.0024921854,-1
G036,G053,-0.0024978959,-1
G005,G059,-0.0024982372,-1
G010,G085,-0.0025017883,-1
G051,G009,-0.0025042843,-1
G041,G013,-0.0025046899,-1
G097,G035,-0.002505036,-1
G014,G047,-0.0025073276,-1
G019,G073,-0.0025077492,-1
G023,G001,-0.0025081888,-1
G037,G047,-0.0025082473,-1
G095,G061,-0.0025094363,-1
G084,G004,-0.002510851,-1
G009,G053,-0.002513562,-1
G008,G054,-0.002519895,-1
G026,G067,-0.0025203484,-1
G027,G032,-0.002523236,-1
G043,G018,-0.002525133,-1
G012,G045,-0.0025266253,-1
G055,G019,-0.0025289336,-1
G005,G041,-0.002535582,-1
G011,G038,-0.0025373094,-1
G067,G074,-0.0025378438,-1
G090,G089,-0.002538712,-1
G046,G050,-0.0025434468,-1
G031,G053,-0.0025435563,-1
G079,G089,-0.0025462273,-1
G090,G087,-0.0025466972,-1
G095,G077,-0.0025470078,-1
G052,G062,-0.0025480525,-1
G046,G092,-0.002548291,-1
G091,G047,-0.0025502455,-1
G017,G082,-0.0025505386,-1
G090,G093,-0.0025516453,-1
G039,G049,-0.0025533165,-1
G052,G054,-0.002557045,-1
G056,G027,-0.002559967,-1
G017,G088,-0.0025613983,-1
G023,G100,-0.0025635988,-1
G083,G077,-0.0025657613,-1
G037,G083,-0.002567346,-1
G005,G089,-0.0025690251,-1
G031,G048,-0.0025698645,-1
G034,G006,-0.002573575,-1
G048,G004,-0.002573727,-1
G055,G093,-0.0025745477,-1
G081,G078,-0.0025811107,-1
G092,G039,-0.002584144,-1
G094,G038,-0.0025873848,-1
G092,G007,-0.0025882637,-1
G019,G042,-0.002590022,-1
G096,G043,-0.0025923385,-1
G015,G090,-0.0025929026,-1
G062,G066,-0.0025946854,-1
G086,G082,-0.0025964805,-1
G046,G048,-0.0026001907,-1
G010,G048,-0.0026014268,-1
G012,G082,-0.0026018515,-1
G086,G061,-0.0026029742,-1
G039,G013,-0.002605765,-1
G021,G058,-0.002606638,-1
G040,G056,-0.0026072417,-1
G055,G078,-0.0026081675,-1
G047,G028,-0.0026090306,-1
G075,G026,-0.002609648,-1
G062,G089,-0.0026110492,-1
G006,G020,-0.0026115577,-1
G090,G091,-0.0026117726,-1
G048,G086,-0.002614194,-1
G097,G092,-0.0026164236,-1
G026,G044,-0.0026171939,-1
G032,G075,-0.0026174556,-1
G042,G006,-0.0026175263,-1
G072,G028,-0.0026195801,-1
G027,G090,-0.0026199115,-1
G057,G063,-0.0026200314,-1
G037,G084,-0.0026203417,-1
G002,G096,-0.0026207254,-1
G048,G035,-0.0026237096,-1
G014,G020,-0.002625342,-1
G012,G064,-0.0026281155,-1
G062,G087,-0.0026297274,-1
G064,G053,-0.002632159,-1
G067,G014,-0.0026336585,-1
G085,G026,-0.00263424,-1
G085,G028,-0.002634449,-1
G040,G028,-0.0026348005,-1
G024,G041,-0.0026351856,-1
G041,G053,-0.0026352657,-1
G025,G038,-0.0026366017,-1
G020,G089,-0.0026374254,-1
G031,G042,-0.0026380534,-1
G026,G090,-0.0026398315,-1
G058,G075,-0.0026453019,-1
G031,G054,-0.0026465633,-1
G067,G057,-0.0026545632,-1
G085,G031,-0.0026567786,-1
G093,G094,-0.0026581772,-1
G076,G011,-0.002659427,-1
G046,G042,-0.002659551,-1
G092,G080,-0.0026597423,-1
G007,G041,-0.002661331,-1
G092,G019,-0.0026613604,-1
G052,G016,-0.0026624182,-1
G027,G035,-0.002662988,-1
G097,G039,-0.00266421,-1
G031,G021,-0.0026677153,-1
G100,G077,-0.002669697,-1
G020,G086,-0.002672599,-1
G046,G061,-0.0026729624,-1
G050,G037,-0.002673617,-1
G029,G004,-0.0026741528,-1
G071,G078,-0.002675936,-1
G079,G099,-0.0026766078,-1
G015,G085,-0.0026772188,-1
G037,G054,-0.0026772409,-1
G085,G077,-0.0026775897,-1
G023,G099,-0.002678806,-1
G040,G012,-0.0026815138,-1
G005,G078,-0.0026882323,-1
G011,G054,-0.002693566,-1
G047,G051,-0.0026948994,-1
G037,G091,-0.002696546,-1
G015,G019,-0.0026976976,-1
G026,G027,-0.0026990469,-1
G016,G064,-0.002699556,-1
G069,G021,-0.0027004036,-1
G084,G078,-0.002707077,-1
G035,G003,-0.0027073529,-1
G056,G010,-0.002710337,-1
G030,G079,-0.0027115406,-1
G094,G006,-0.0027134651,-1
G052,G044,-0.0027139343,-1
G055,G025,-0.002717056,-1
G005,G031,-0.0027217618,-1
G084,G002,-0.0027229493,-1
G079,G014,-0.0027230252,-1
G097,G088,-0.0027234887,-1
G040,G089,-0.0027272704,-1
G068,G057,-0.002730433,-1
G002,G012,-0.002731664,-1
G087,G078,-0.0027323437,-1
G083,G082,-0.0027329223,-1
G061,G023,-0.002738116,-1
G038,G096,-0.002738977,-1
G055,G089,-0.0027392583,-1
G014,G071,-0.0027417648,-1
G077,G093,-0.0027418626,-1
G039,G012,-0.0027420458,-1
G014,G055,-0.0027435028,-1
G060,G071,-0.0027439413,-1
G010,G090,-0.0027456838,-1
G066,G061,-0.0027463078,-1
G069,G028,-0.0027468172,-1
G069,G082,-0.0027469024,-1
G048,G065,-0.0027469422,-1
G086,G043,-0.0027479748,-1
G063,G001,-0.00274835,-1
G041,G019,-0.0027507266,-1
G004,G030,-0.0027543735,-1
G057,G090,-0.0027571972,-1
G059,G075,-0.0027600843,-1
G007,G001,-0.0027608587,-1
G011,G083,-0.0027628874,-1
G004,G084,-0.002763367,-1
G023,G095,-0.0027639878,-1
G045,G033,-0.002764117,-1
G027,G100,-0.0027666066,-1
G044,G046,-0.0027681307,-1
G015,G008,-0.0027691422,-1
G039,G058,-0.0027713736,-1
G066,G049,-0.0027714493,-1
G020,G018,-0.0027742158,-1
G039,G096,-0.0027780617,-1
G028,G095,-0.0027781038,-1
G080,G003,-0.0027804498,-1
G054,G069,-0.0027822067,-1
G064,G088,-0.0027822729,-1
G064,G049,-0.0027838666,-1
G018,G057,-0.0027860831,-1
G087,G029,-0.00278761,-1
G020,G077,-0.0027879423,-1
G059,G014,-0.0027922632,-1
G076,G040,-0.0027942392,-1
G032,G057,-0.002801136,-1
G044,G019,-0.0028028279,-1
G087,G076,-0.0028033936,-1
G098,G035,-0.0028060826,-1
G014,G040,-0.002809157,-1
G059,G001,-0.0028136827,-1
G036,G039,-0.002814088,-1
G011,G022,-0.0028162785,-1
G057,G011,-0.0028164317,-1
G055,G048,-0.0028168943,-1
G037,G063,-0.0028173085,-1
G081,G010,-0.0028189665,-1
G052,G003,-0.0028201314,-1
G054,G096,-0.0028212583,-1
G011,G078,-0.0028214525,-1
G075,G025,-0.0028237365,-1
G079,G085,-0.0028241174,-1
G060,G053,-0.0028266788,-1
G009,G083,-0.0028270932,-1
G036,G067,-0.0028289359,-1
G077,G061,-0.0028304434,-1
G017,G053,-0.0028330479,-1
G028,G087,-0.002840094,-1
G009,G063,-0.0028431201,-1
G037,G055,-0.002843321,-1
G054,G089,-0.00284382,-1
G039,G069,-0.0028445579,-1
G089,G084,-0.002845447,-1
G052,G027,-0.0028477642,-1
G032,G062,-0.0028479078,-1
G029,G051,-0.002849011,-1
G064,G017,-0.0028500345,-1
G025,G012,-0.0028500797,-1
G014,G053,-0.0028511875,-1
G014,G049,-0.0028521416,-1
G036,G020,-0.0028534594,-1
G070,G061,-0.0028537363,-1
G030,G033,-0.0028542369,-1
G027,G005,-0.0028554117,-1
G046,G079,-0.0028563265,-1
G085,G087,-0.002860916,-1
G049,G098,-0.0028610025,-1
G021,G055,-0.0028635433,-1
G010,G013,-0.0028635578,-1
G075,G051,-0.002864627,-1
G068,G036,-0.0028656097,-1
G060,G097,-0.0028659205,-1
G055,G061,-0.0028678419,-1
G066,G050,-0.0028680363,-1
G077,G025,-0.0028705099,-1
G008,G098,-0.002873821,-1
G088,G028,-0.0028778778,-1
G049,G069,-0.0028781937,-1
G044,G010,-0.0028788457,-1
G034,G078,-0.002879194,-1
G005,G076,-0.0028792394,-1
G088,G036,-0.0028803884,-1
G049,G015,-0.0028876485,-1
G081,G093,-0.0028900171,-1
G040,G073,-0.00289068,-1
G005,G045,-0.002895055,-1
G009,G090,-0.0028968477,-1
G079,G090,-0.0029051064,-1
G059,G040,-0.002905394,-1
G036,G005,-0.0029073327,-1
G058,G093,-0.0029122517,-1
G007,G095,-0.002912595,-1
G096,G047,-0.0029166185,-1
G094,G100,-0.002919411,-1
G065,G064,-0.0029236944,-1
G056,G023,-0.0029302142,-1
G097,G029,-0.002930844,-1
G001,G080,-0.0029339856,-1
G070,G001,-0.0029357504,-1
G086,G092,-0.0029368533,-1
G023,G052,-0.0029370284,-1
G073,G010,-0.0029375206,-1
G079,G070,-0.0029395781,-1
G036,G058,-0.0029412818,-1
G081,G075,-0.002941557,-1
G089,G035,-0.0029504383,-1
G017,G052,-0.0029515382,-1
G060,G063,-0.002951754,-1
G034,G081,-0.0029545962,-1
G085,G056,-0.0029572367,-1
G098,G014,-0.0029574812,-1
G097,G008,-0.0029580863,-1
G079,G010,-0.002961193,-1
G094,G023,-0.0029619553,-1
G087,G044,-0.002964274,-1
G049,G008,-0.0029647234,-1
G017,G098,-0.0029655558,-1
G021,G024,-0.0029670484,-1
G055,G092,-0.0029703146,-1
G038,G089,-0.0029715158,-1
G036,G031,-0.0029727267,-1
G010,G021,-0.0029735637,-1
G039,G074,-0.0029743712,-1
G097,G072,-0.0029764636,-1
G077,G050,-0.00297991,-1
G035,G053,-0.0029820083,-1
G008,G078,-0.0029842108,-1
G041,G038,-0.002984795,-1
G046,G086,-0.0029853364,-1
G090,G006,-0.002987034,-1
G037,G005,-0.0029881883,-1
G089,G043,-0.0029918067,-1
G007,G078,-0.0029933786,-1
G012,G096,-0.0029972938,-1
G024,G062,-0.0030022382,-1
G038,G037,-0.0030040029,-1
G095,G018,-0.0030101538,-1
G054,G024,-0.0030107533,-1
G082,G038,-0.0030147408,-1
G093,G030,-0.0030167375,-1
G085,G039,-0.0030190512,-1
G059,G056,-0.0030199673,-1
G052,G076,-0.003021342,-1
G034,G014,-0.003021448,-1
G042,G069,-0.003021522,-1
G001,G052,-0.0030240822,-1
G086,G087,-0.0030275576,-1
G013,G044,-0.0030300634,-1
G079,G025,-0.0030301681,-1
G013,G081,-0.0030301828,-1
G045,G068,-0.0030325176,-1
G001,G034,-0.0030336387,-1
G019,G056,-0.0030342636,-1
G030,G083,-0.0030412164,-1
G075,G057,-0.0030413817,-1
G030,G066,-0.0030414357,-1
G053,G019,-0.0030420893,-1
G013,G100,-0.003044871,-1
G031,G057,-0.0030460681,-1
G055,G066,-0.0030468362,-1
G052,G081,-0.0030483191,-1
G055,G005,-0.0030490097,-1
G047,G079,-0.0030519776,-1
G008,G034,-0.0030544852,-1
G081,G009,-0.0030626417,-1
G014,G043,-0.0030629842,-1
G016,G006,-0.0030636184,-1
G062,G048,-0.003064695,-1
G046,G089,-0.0030677612,-1
G077,G054,-0.0030771215,-1
G020,G058,-0.0030771275,-1
G010,G006,-0.0030817718,-1
G036,G086,-0.0030837532,-1
G011,G028,-0.0030840684,-1
G084,G082,-0.0030860857,-1
G086,G039,-0.0030879083,-1
G077,G024,-0.0030884224,-1
G080,G009,-0.003089766,-1
G089,G058,-0.0030904096,-1
G059,G003,-0.0030984643,-1
G046,G009,-0.003098945,-1
G084,G099,-0.0030991703,-1
G075,G055,-0.0030993277,-1
G089,G012,-0.0031004953,-1
G094,G058,-0.0031029168,-1
G075,G050,-0.0031053687,-1
G008,G091,-0.0031059422,-1
G021,G008,-0.0031067578,-1
G019,G095,-0.003107807,-1
G018,G031,-0.0031091932,-1
G038,G071,-0.0031095406,-1
G009,G072,-0.003111389,-1
G048,G045,-0.0031125245,-1
G034,G099,-0.0031156305,-1
G056,G039,-0.0031180305,-1
G063,G012,-0.0031192047,-1
G092,G003,-0.0031228173,-1
G042,G022,-0.0031234277,-1
G037,G012,-0.0031255384,-1
G023,G081,-0.0031271258,-1
G033,G041,-0.0031274466,-1
G031,G025,-0.0031278806,-1
G084,G054,-0.0031302995,-1
G046,G069,-0.0031392535,-1
G011,G095,-0.0031431715,-1
G004,G001,-0.0031457066,-1
G072,G021,-0.0031464833,-1
G010,G068,-0.0031482058,-1
G094,G010,-0.0031491893,-1
G034,G041,-0.0031508482,-1
G055,G012,-0.0031519325,-1
G038,G045,-0.0031530512,-1
G094,G047,-0.003153903,-1
G056,G078,-0.0031572664,-1
G032,G083,-0.003157549,-1
G076,G080,-0.003158765,-1
G058,G090,-0.0031597058,-1
G071,G064,-0.0031609817,-1
G057,G040,-0.0031657212,-1
G038,G027,-0.0031678444,-1
G041,G037,-0.0031696116,-1
G046,G077,-0.0031700912,-1
G005,G039,-0.0031723874,-1
G052,G048,-0.0031753106,-1
G044,G042,-0.0031753185,-1
G055,G047,-0.0031771178,-1
G003,G084,-0.003180826,-1
G012,G038,-0.0031822235,-1
G017,G038,-0.0031839146,-1
G010,G044,-0.00318526,-1
G002,G056,-0.0031872576,-1
G005,G064,-0.003188479,-1
G044,G008,-0.0031892902,-1
G005,G071,-0.0031968404,-1
G005,G065,-0.0031985748,-1
G011,G039,-0.0032000986,-1
G095,G084,-0.0032019129,-1
G048,G084,-0.0032027022,-1
G055,G038,-0.003203882,-1
G057,G087,-0.0032045147,-1
G037,G027,-0.003204678,-1
G099,G090,-0.0032080368,-1
G064,G028,-0.0032103008,-1
G077,G076,-0.0032103744,-1
G094,G063,-0.0032116787,-1
G021,G069,-0.0032124035,-1
G063,G005,-0.0032127416,-1
G010,G016,-0.0032159095,-1
G007,G085,-0.0032176722,-1
G035,G022,-0.0032190767,-1
G011,G063,-0.0032198082,-1
G032,G076,-0.003225869,-1
G046,G001,-0.0032281326,-1
G010,G037,-0.0032322074,-1
G011,G067,-0.0032331327,-1
G060,G055,-0.0032347795,-1
G036,G038,-0.0032350244,-1
G056,G045,-0.0032374966,-1
G064,G032,-0.003242538,-1
G052,G038,-0.0032449134,-1
G034,G049,-0.0032481176,-1
G023,G089,-0.00325042,-1
G048,G019,-0.0032560546,-1
G095,G087,-0.0032577838,-1
G075,G085,-0.0032580518,-1
G044,G032,-0.0032621375,-1
G091,G099,-0.0032651506,-1
G054,G065,-0.0032700524,-1
G023,G044,-0.003270439,-1
G010,G039,-0.0032784417,-1
G098,G086,-0.003280788,-1
G034,G022,-0.003282084,-1
G033,G051,-0.0032822764,-1
G037,G075,-0.0032829496,-1
G060,G100,-0.0032848918,-1
G007,G092,-0.0032861389,-1
G058,G097,-0.0032878586,-1
G055,G086,-0.0032913587,-1
G021,G097,-0.003292292,-1
G081,G091,-0.0032939345,-1
G090,G047,-0.003297165,-1
G074,G078,-0.00330446,-1
G037,G003,-0.003305551,-1
G048,G067,-0.0033056084,-1
G057,G073,-0.003306544,-1
G034,G087,-0.003307504,-1
G053,G007,-0.003308423,-1
G034,G082,-0.0033091973,-1
G095,G034,-0.0033152543,-1
G082,G014,-0.0033229468,-1
G093,G026,-0.0033251655,-1
G096,G065,-0.0033286747,-1
G085,G078,-0.0033291976,-1
G059,G046,-0.0033321993,-1
G034,G028,-0.003335239,-1
G088,G039,-0.0033368159,-1
G055,G050,-0.003337253,-1
G078,G057,-0.0033392983,-1
G082,G085,-0.0033396292,-1
G031,G065,-0.0033398175,-1
G047,G031,-0.0033427256,-1
G010,G034,-0.0033469347,-1
G099,G081,-0.0033501356,-1
G023,G036,-0.0033545827,-1
G099,G063,-0.0033655073,-1
G019,G091,-0.0033656675,-1
G066,G059,-0.00336833,-1
G070,G027,-0.0033759617,-1
G081,G035,-0.0033808455,-1
G032,G094,-0.0033813997,-1
G011,G065,-0.0033845773,-1
G095,G036,-0.0033852903,-1
G003,G082,-0.0033881278,-1
G089,G011,-0.0033892798,-1
G079,G091,-0.0033910496,-1
G055,G049,-0.0033910773,-1
G040,G035,-0.003391299,-1
G090,G064,-0.0033936752,-1
G014,G039,-0.00339615,-1
G086,G017,-0.0034056532,-1
G001,G065,-0.0034087333,-1
G087,G039,-0.0034143985,-1
G011,G081,-0.003418507,-1
G087,G066,-0.0034216295,-1
G033,G073,-0.003421998,-1
G009,G071,-0.003423994,-1
G019,G008,-0.003425061,-1
G095,G081,-0.0034297025,-1
G007,G082,-0.0034324364,-1
G019,G077,-0.0034373924,-1
G014,G052,-0.0034384592,-1
G039,G050,-0.0034432877,-1
G030,G076,-0.0034460726,-1
G064,G033,-0.0034467976,-1
G059,G028,-0.00345545,-1
G003,G087,-0.003457851,-1
G039,G021,-0.0034609619,-1
G009,G042,-0.0034627093,-1
G082,G090,-0.0034639363,-1
G048,G078,-0.0034716637,-1
G041,G061,-0.0034731103,-1
G072,G063,-0.0034738006,-1
G014,G045,-0.0034747545,-1
G065,G099,-0.0034761198,-1
G004,G077,-0.0034777387,-1
G004,G058,-0.0034798651,-1
G057,G027,-0.003483964,-1
G037,G048,-0.0034859148,-1
G095,G044,-0.0034892713,-1
G041,G003,-0.0034926021,-1
G038,G080,-0.0034939598,-1
G035,G005,-0.0034942948,-1
G044,G005,-0.0035059624,-1
G039,G025,-0.0035072444,-1
G031,G009,-0.0035079273,-1
G044,G099,-0.0035079687,-1
G049,G037,-0.0035093424,-1
G075,G082,-0.0035116363,-1
G079,G097,-0.0035150691,-1
G059,G007,-0.0035191819,-1
G030,G056,-0.0035205653,-1
G085,G065,-0.0035336353,-1
G010,G029,-0.003535296,-1
G037,G029,-0.0035359678,-1
G084,G075,-0.003538658,-1
G091,G071,-0.0035398633,-1
G036,G045,-0.003541247,-1
G091,G086,-0.0035452337,-1
G056,G066,-0.0035458978,-1
G083,G044,-0.003551386,-1
G055,G028,-0.0035526322,-1
G038,G081,-0.0035563966,-1
G044,G064,-0.0035570324,-1
G009,G067,-0.003558183,-1
G012,G074,-0.0035626064,-1
G018,G002,-0.0035669412,-1
G091,G029,-0.0035683508,-1
G034,G086,-0.0035688083,-1
G066,G078,-0.0035694786,-1
G034,G094,-0.003572986,-1
G088,G042,-0.0035731257,-1
G041,G058,-0.0035733215,-1
G039,G068,-0.0035749269,-1
G085,G082,-0.0035801302,-1
G010,G095,-0.0035822615,-1
G029,G025,-0.0035839386,-1
G059,G098,-0.0035841572,-1
G089,G046,-0.0035885323,-1
G088,G075,-0.0035890967,-1
G081,G083,-0.0035921722,-1
G044,G014,-0.0035933158,-1
G029,G070,-0.0035937887,-1
G094,G022,-0.0035942637,-1
G020,G066,-0.0035945885,-1
G097,G046,-0.003598527,-1
G096,G031,-0.003604817,-1
G055,G058,-0.0036077686,-1
G036,G050,-0.0036168704,-1
G026,G002,-0.0036226234,-1
G014,G074,-0.0036339082,-1
G064,G029,-0.0036357862,-1
G086,G031,-0.0036381304,-1
G036,G076,-0.0036435581,-1
G035,G056,-0.0036439705,-1
G003,G054,-0.0036453211,-1
G082,G095,-0.0036453647,-1
G034,G036,-0.0036462469,-1
G036,G075,-0.0036468355,-1
G079,G076,-0.0036470008,-1
G023,G043,-0.0036481135,-1
G008,G002,-0.0036484394,-1
G068,G040,-0.003652417,-1
G022,G023,-0.0036527256,-1
G001,G083,-0.0036557359,-1
G054,G079,-0.003657015,-1
G048,G049,-0.0036636207,-1
G021,G003,-0.0036651616,-1
G075,G059,-0.0036694538,-1
G010,G045,-0.0036703767,-1
G007,G044,-0.0036704217,-1
G036,G025,-0.0036705995,-1
G039,G003,-0.0036709323,-1
G092,G026,-0.0036713511,-1
G034,G058,-0.003671898,-1
G006,G100,-0.003673106,-1
G011,G042,-0.0036787607,-1
G059,G034,-0.003681294,-1
G085,G068,-0.0036822609,-1
G017,G044,-0.0036849258,-1
G055,G031,-0.0036850534,-1
G090,G073,-0.0036851508,-1
G052,G018,-0.0036876742,-1
G081,G073,-0.0036879694,-1
G070,G062,-0.00369394,-1
G050,G053,-0.0036982063,-1
G082,G049,-0.0036989949,-1
G069,G044,-0.003699075,-1
G057,G082,-0.0037003811,-1
G058,G003,-0.0037038224,-1
G045,G020,-0.003704992,-1
G097,G078,-0.0037127107,-1
G070,G030,-0.0037153517,-1
G034,G054,-0.003716607,-1
G012,G091,-0.0037248975,-1
G029,G049,-0.0037274957,-1
G080,G061,-0.0037292058,-1
G011,G031,-0.0037319656,-1
G039,G100,-0.0037320908,-1
G073,G081,-0.0037362166,-1
G055,G067,-0.0037403458,-1
G033,G014,-0.0037460742,-1
G069,G071,-0.0037475012,-1
G069,G047,-0.0037488774,-1
G085,G092,-0.0037503238,-1
G005,G004,-0.0037503522,-1
G088,G009,-0.0037507445,-1
G064,G077,-0.0037539767,-1
G005,G075,-0.0037618638,-1
G059,G005,-0.0037644787,-1
G031,G047,-0.0037704906,-1
G096,G058,-0.0037732723,-1
G035,G076,-0.0037733107,-1
G026,G003,-0.003773483,-1
G083,G021,-0.003777329,-1
G063,G042,-0.003781148,-1
G075,G099,-0.0037812414,-1
G049,G021,-0.0037871005,-1
G038,G062,-0.0037876454,-1
G055,G091,-0.0037891613,-1
G018,G049,-0.0037912733,-1
G066,G015,-0.0037954885,-1
G082,G037,-0.0037960678,-1
G023,G028,-0.0038008303,-1
G059,G079,-0.003802018,-1
G081,G044,-0.0038059857,-1
G023,G091,-0.0038093429,-1
G044,G043,-0.0038123545,-1
G037,G059,-0.0038175918,-1
G052,G045,-0.0038187539,-1
G069,G075,-0.0038192414,-1
G016,G100,-0.0038201879,-1
G009,G025,-0.003826088,-1
G052,G094,-0.0038364753,-1
G059,G022,-0.003837152,-1
G070,G082,-0.0038379335,-1
G057,G025,-0.003842961,-1
G059,G018,-0.003845829,-1
G028,G055,-0.0038465853,-1
G057,G047,-0.0038482521,-1
G086,G057,-0.003850564,-1
G059,G011,-0.0038538696,-1
G060,G036,-0.00386724,-1
G015,G057,-0.0038696053,-1
G046,G059,-0.003869683,-1
G037,G089,-0.0038714164,-1
G004,G075,-0.0038749138,-1
G022,G051,-0.003876829,-1
G025,G050,-0.0038787562,-1
G034,G075,-0.0038812752,-1
G005,G052,-0.003882805,-1
G053,G009,-0.0038836536,-1
G062,G028,-0.0038841125,-1
G100,G010,-0.0038851735,-1
G028,G027,-0.003888093,-1
G083,G097,-0.0038921928,-1
G089,G077,-0.0038968737,-1
G019,G078,-0.0039018833,-1
G011,G013,-0.0039029315,-1
G003,G016,-0.003906376,-1
G094,G082,-0.003909503,-1
G033,G032,-0.0039098156,-1
G049,G043,-0.0039108684,-1
G080,G033,-0.0039111464,-1
G013,G031,-0.0039190287,-1
G066,G033,-0.003919163,-1
G094,G059,-0.003920565,-1
G030,G063,-0.0039237267,-1
G021,G037,-0.003929155,-1
G055,G022,-0.0039295256,-1
G004,G007,-0.0039356085,-1
G083,G017,-0.0039373995,-1
G099,G071,-0.0039447676,-1
G088,G010,-0.0039480682,-1
G031,G075,-0.003949207,-1
G076,G017,-0.0039509656,-1
G072,G090,-0.0039548003,-1
G075,G062,-0.003958961,-1
G056,G058,-0.0039684474,-1
G068,G049,-0.0039687594,-1
G004,G074,-0.003971578,-1
G001,G038,-0.0039741243,-1
G008,G032,-0.0039753644,-1
G096,G037,-0.0039819367,-1
G018,G015,-0.003989386,-1
G046,G029,-0.003990644,-1
G094,G004,-0.003993373,-1
G065,G068,-0.0039942646,-1
G014,G094,-0.0039946954,-1
G056,G049,-0.0039962092,-1
G055,G073,-0.003997249,-1
G046,G033,-0.003999955,-1
G059,G016,-0.0040002577,-1
G015,G055,-0.004001311,-1
G081,G097,-0.0040097493,-1
G095,G057,-0.0040118643,-1
G068,G082,-0.004012239,-1
G044,G059,-0.0040150965,-1
G052,G088,-0.0040183635,-1
G034,G061,-0.004024533,-1
G066,G080,-0.004030154,-1
G052,G032,-0.0040431824,-1
G036,G007,-0.00404456,-1
G035,G031,-0.00404748,-1
G019,G049,-0.0040479177,-1
G034,G070,-0.0040551727,-1
G070,G054,-0.0040566493,-1
G068,G002,-0.004057161,-1
G090,G065,-0.0040576,-1
G032,G053,-0.004059361,-1
G010,G069,-0.004070059,-1
G099,G092,-0.00407022,-1
G083,G054,-0.0040712277,-1
G038,G057,-0.0040794266,-1
G084,G010,-0.0040801717,-1
G055,G042,-0.0040948624,-1
G017,G085,-0.004095077,-1
G059,G077,-0.0041090357,-1
G035,G055,-0.004109039,-1
G030,G049,-0.004113244,-1
G018,G056,-0.0041150223,-1
G075,G095,-0.0041217892,-1
G078,G022,-0.004127858,-1
G012,G081,-0.004129119,-1
G076,G009,-0.0041337167,-1
G031,G058,-0.0041341954,-1
G014,G025,-0.0041345204,-1
G007,G073,-0.004136434,-1
G005,G092,-0.0041391016,-1
G066,G053,-0.0041398862,-1
G026,G037,-0.0041441936,-1
G047,G081,-0.0041447054,-1
G017,G046,-0.0041496633,-1
G052,G060,-0.0041639055,-1
G011,G005,-0.004167767,-1
G093,G002,-0.0041759536,-1
G071,G069,-0.004177587,-1
G100,G006,-0.004185028,-1
G028,G009,-0.004197853,-1
G028,G053,-0.0042011114,-1
G094,G073,-0.004202175,-1
G075,G070,-0.004209906,-1
G041,G004,-0.004217492,-1
G040,G034,-0.0042175483,-1
G066,G031,-0.004220336,-1
G027,G074,-0.004228255,-1
G052,G099,-0.004228547,-1
G008,G069,-0.00422981,-1
G071,G082,-0.0042312304,-1
G087,G005,-0.004231391,-1
G044,G090,-0.004234325,-1
G003,G006,-0.0042432034,-1
G020,G092,-0.00424754,-1
G034,G029,-0.004259658,-1
G071,G044,-0.004266401,-1
G089,G066,-0.0042683952,-1
G042,G096,-0.004270406,-1
G013,G083,-0.0042741355,-1
G059,G039,-0.004276393,-1
G023,G068,-0.0042887595,-1
G005,G062,-0.0042946488,-1
G058,G052,-0.004301399,-1
G023,G054,-0.004303786,-1
G055,G077,-0.0043215468,-1
G082,G003,-0.004326103,-1
G025,G006,-0.004331997,-1
G064,G092,-0.0043329056,-1
G012,G008,-0.004343212,-1
G030,G068,-0.004371714,-1
G023,G049,-0.004382182,-1
G094,G077,-0.0043877447,-1
G080,G066,-0.004389806,-1
G093,G059,-0.0043913783,-1
G011,G034,-0.0044033993,-1
G057,G093,-0.0044034175,-1
G050,G045,-0.00440922,-1
G009,G091,-0.0044100764,-1
G078,G015,-0.0044315425,-1
G048,G037,-0.004439133,-1
G097,G094,-0.0044394075,-1
G030,G057,-0.004442684,-1
G064,G085,-0.0044480492,-1
G039,G070,-0.004457942,-1
G006,G016,-0.004462876,-1
G025,G027,-0.004465524,-1
G077,G053,-0.00447707,-1
G045,G019,-0.0044828597,-1
G046,G053,-0.0044843885,-1
G079,G082,-0.0044849156,-1
G070,G066,-0.004489498,-1
G052,G061,-0.0044958615,-1
G100,G001,-0.004496493,-1
G081,G082,-0.004497956,-1
G054,G041,-0.0044988757,-1
G069,G002,-0.004503022,-1
G085,G049,-0.0045050276,-1
G023,G042,-0.0045064683,-1
G087,G040,-0.00450678,-1
G009,G082,-0.0045169382,-1
G036,G040,-0.004518328,-1
G081,G096,-0.0045269397,-1
G034,G059,-0.004532145,-1
G010,G005,-0.004533665,-1
G079,G017,-0.0045354166,-1
G003,G048,-0.004535439,-1
G065,G082,-0.004537751,-1
G064,G014,-0.00454256,-1
G014,G054,-0.0045514195,-1
G058,G023,-0.0045526912,-1
G027,G091,-0.004558363,-1
G042,G068,-0.0045614927,-1
G024,G055,-0.004561771,-1
G052,G030,-0.004568004,-1
G076,G070,-0.00457085,-1
G010,G049,-0.0045730257,-1
G057,G070,-0.004575608,-1
G021,G004,-0.004576908,-1
G044,G086,-0.0045775557,-1
G005,G084,-0.0045784335,-1
G085,G080,-0.0045807506,-1
G020,G096,-0.0045819357,-1
G030,G097,-0.004583604,-1
G077,G039,-0.0045846906,-1
G011,G086,-0.0045899856,-1
G018,G063,-0.0045905053,-1
G075,G061,-0.0045907777,-1
G069,G053,-0.0045929532,-1
G007,G080,-0.004598213,-1
G088,G058,-0.004602062,-1
G090,G034,-0.0046028756,-1
G036,G099,-0.0046029957,-1
G014,G059,-0.004612814,-1
G057,G054,-0.0046139285,-1
G037,G040,-0.004620751,-1
G037,G021,-0.0046359114,-1
G055,G082,-0.0046382505,-1
G007,G019,-0.004640128,-1
G003,G026,-0.0046415254,-1
G052,G028,-0.004642693,-1
G073,G018,-0.004652193,-1
G020,G044,-0.0046522436,-1
G007,G055,-0.0046557523,-1
G048,G014,-0.0046558324,-1
G058,G074,-0.004667053,-1
G064,G086,-0.004670413,-1
G024,G069,-0.0046709036,-1
G034,G012,-0.0046724323,-1
G010,G092,-0.0046732444,-1
G026,G070,-0.004674548,-1
G041,G085,-0.004681588,-1
G093,G033,-0.004683556,-1
G046,G010,-0.0046837498,-1
G011,G079,-0.004684981,-1
G057,G014,-0.0046890057,-1
G027,G046,-0.0046943105,-1
G008,G064,-0.004700202,-1
G028,G038,-0.004704594,-1
G046,G005,-0.004711124,-1
G003,G091,-0.004718702,-1
G014,G010,-0.0047207046,-1
G044,G031,-0.004726885,-1
G009,G084,-0.0047280206,-1
G023,G048,-0.004733393,-1
G017,G040,-0.004734886,-1
G035,G054,-0.0047404296,-1
G099,G005,-0.0047468655,-1
G086,G083,-0.004749711,-1
G011,G096,-0.00476017,-1
G008,G044,-0.0047657825,-1
G036,G055,-0.0047675353,-1
G063,G093,-0.004771986,-1
G023,G059,-0.0047737393,-1
G092,G067,-0.004776365,-1
G023,G093,-0.0047816713,-1
G052,G082,-0.0047825235,-1
G079,G019,-0.0047923024,-1
G070,G040,-0.0048035025,-1
G046,G087,-0.004805838,-1
G023,G064,-0.0048061265,-1
G084,G055,-0.0048086946,-1
G055,G003,-0.0048218374,-1
G009,G027,-0.004834077,-1
G070,G057,-0.0048420886,-1
G034,G048,-0.0048421198,-1
G089,G041,-0.004842286,-1
G014,G046,-0.00485486,-1
G014,G084,-0.0048618703,-1
G078,G058,-0.0048624827,-1
G023,G090,-0.004863912,-1
G042,G038,-0.004864126,-1
G090,G014,-0.0048817242,-1
G082,G019,-0.0048828144,-1
G003,G062,-0.004884567,-1
G088,G076,-0.004890318,-1
G011,G029,-0.004898087,-1
G059,G025,-0.0049094376,-1
G032,G064,-0.0049184985,-1
G027,G014,-0.0049218736,-1
G046,G068,-0.004933272,-1
G033,G019,-0.004934486,-1
G023,G082,-0.0049381517,-1
G060,G008,-0.0049389647,-1
G070,G034,-0.0049444074,-1
G071,G055,-0.0049734954,-1
G072,G042,-0.004977982,-1
G039,G089,-0.004983928,-1
G002,G011,-0.004985094,-1
G091,G063,-0.0049870363,-1
G064,G075,-0.004991224,-1
G085,G075,-0.0050032986,-1
G023,G083,-0.0050083445,-1
G090,G031,-0.005017725,-1
G036,G042,-0.005024597,-1
G054,G061,-0.0050330344,-1
G033,G004,-0.0050510634,-1
G004,G023,-0.00506146,-1
G033,G076,-0.005061819,-1
G017,G060,-0.0050661587,-1
G090,G081,-0.0050775204,-1
G017,G031,-0.0050850497,-1
G034,G046,-0.005087757,-1
G037,G019,-0.005094908,-1
G077,G011,-0.0051133214,-1
G086,G081,-0.0051286262,-1
G033,G100,-0.0051360796,-1
G057,G100,-0.005143027,-1
G028,G075,-0.005149007,-1
G077,G033,-0.005165978,-1
G034,G077,-0.005174976,-1
G057,G034,-0.0051844046,-1
G059,G017,-0.005185248,-1
G059,G054,-0.0051990035,-1
G021,G036,-0.0052075745,-1
G004,G057,-0.0052077565,-1
G091,G032,-0.005222207,-1
G023,G084,-0.005226922,-1
G042,G028,-0.0052309087,-1
G071,G009,-0.0052458495,-1
G055,G096,-0.005246796,-1
G055,G085,-0.0052471794,-1
G033,G093,-0.005254453,-1
G037,G035,-0.005258009,-1
G081,G008,-0.005259014,-1
G036,G082,-0.005263481,-1
G005,G082,-0.005268999,-1
G010,G028,-0.0052830726,-1
G014,G069,-0.00528917,-1
G029,G009,-0.005290343,-1
G085,G029,-0.0052924827,-1
G017,G025,-0.005293671,-1
G037,G069,-0.005294866,-1
G042,G011,-0.0053010355,-1
G055,G059,-0.0053032795,-1
G087,G059,-0.0053094793,-1
G039,G093,-0.0053119594,-1
G037,G090,-0.005312258,-1
G082,G009,-0.0053163203,-1
G065,G093,-0.0053218766,-1
G087,G069,-0.0053244545,-1
G019,G094,-0.005334062,-1
G055,G030,-0.0053439233,-1
G075,G039,-0.005351751,-1
G019,G090,-0.005352152,-1
G013,G046,-0.0053551174,-1
G005,G001,-0.0053647794,-1
G088,G065,-0.0053703473,-1
G028,G025,-0.005383304,-1
G042,G077,-0.0053862287,-1
G089,G003,-0.005391838,-1
G049,G013,-0.0053927917,-1
G085,G040,-0.0054020877,-1
G023,G033,-0.0054147514,-1
G076,G083,-0.0054163723,-1
G014,G060,-0.0054203244,-1
G079,G086,-0.0054205176,-1
G017,G097,-0.005423253,-1
G037,G057,-0.0054237056,-1
G059,G044,-0.005473838,-1
G069,G013,-0.0054768673,-1
G046,G085,-0.005477456,-1
G073,G023,-0.0054814084,-1
G023,G045,-0.0054829298,-1
G026,G072,-0.005491123,-1
G088,G055,-0.0054957243,-1
G044,G002,-0.0055017597,-1
G038,G077,-0.0055032517,-1
G024,G004,-0.005513412,-1
G004,G060,-0.005522743,-1
G069,G005,-0.005534467,-1
G092,G014,-0.0055363607,-1
G027,G018,-0.0055370936,-1
G075,G035,-0.0055386266,-1
G055,G090,-0.0055529787,-1
G040,G090,-0.0055777594,-1
G031,G019,-0.0055800434,-1
G070,G025,-0.0055809254,-1
G017,G079,-0.0056043766,-1
G030,G072,-0.005628762,-1
G017,G096,-0.005635545,-1
G009,G024,-0.005640043,-1
G093,G019,-0.005641438,-1
G075,G030,-0.0056498945,-1
G040,G085,-0.0056572054,-1
G001,G004,-0.005657391,-1
G077,G021,-0.005659217,-1
G069,G008,-0.0056716125,-1
G036,G059,-0.005678203,-1
G023,G014,-0.005686183,-1
G085,G014,-0.0057004364,-1
G034,G092,-0.005731068,-1
G044,G063,-0.0057320083,-1
G030,G014,-0.005732876,-1
G005,G081,-0.0057360134,-1
G021,G013,-0.0057378476,-1
G049,G025,-0.0057398994,-1
G044,G040,-0.005741949,-1
G054,G031,-0.005746159,-1
G023,G037,-0.005749494,-1
G087,G083,-0.00575697,-1
G089,G008,-0.00576076,-1
G068,G035,-0.0057620374,-1
G042,G075,-0.00576638,-1
G044,G025,-0.005788686,-1
G096,G034,-0.0057925056,-1
G039,G046,-0.0058054407,-1
G059,G019,-0.005810379,-1
G034,G093,-0.0058114408,-1
G100,G003,-0.0058164652,-1
G061,G072,-0.0058264583,-1
G036,G047,-0.005849489,-1
G077,G041,-0.0058973623,-1
G081,G055,-0.0058990726,-1
G034,G033,-0.0059113237,-1
G042,G023,-0.005911941,-1
G085,G090,-0.0059240577,-1
G087,G026,-0.0059278207,-1
G011,G049,-0.005929795,-1
G062,G081,-0.0059456276,-1
G018,G054,-0.0059519946,-1
G044,G075,-0.0059641926,-1
G023,G051,-0.006015428,-1
G036,G094,-0.0060239146,-1
G017,G084,-0.006028466,-1
G036,G033,-0.00603676,-1
G059,G024,-0.006037587,-1
G046,G040,-0.006042295,-1
G065,G003,-0.006051138,-1
G023,G085,-0.0060549243,-1
G009,G065,-0.006070776,-1
G064,G010,-0.0061115683,-1
G094,G024,-0.006115406,-1
G075,G005,-0.0061210846,-1
G075,G015,-0.0061352532,-1
G004,G014,-0.006141108,-1
G097,G100,-0.006163161,-1
G022,G032,-0.0061638886,-1
G034,G031,-0.006194005,-1
G008,G073,-0.0062062554,-1
G088,G023,-0.0062132995,-1
G052,G059,-0.0062139556,-1
G068,G005,-0.006215479,-1
G030,G058,-0.006220329,-1
G014,G018,-0.0062230774,-1
G005,G055,-0.006241097,-1
G023,G038,-0.00626381,-1
G099,G019,-0.0062708543,-1
G042,G093,-0.006300372,-1
G019,G098,-0.0063036126,-1
G023,G039,-0.0063181277,-1
G023,G057,-0.006337016,-1
G070,G012,-0.006344051,-1
G007,G066,-0.0063488306,-1
G033,G086,-0.006387147,-1
G059,G057,-0.0063937665,-1
G023,G065,-0.006407926,-1
G031,G005,-0.0064155348,-1
G023,G086,-0.006418847,-1
G034,G089,-0.0064189862,-1
G042,G095,-0.0064260676,-1
G059,G094,-0.006429475,-1
G083,G008,-0.0064306385,-1
G032,G003,-0.006458694,-1
G034,G042,-0.0064612664,-1
G055,G039,-0.00646726,-1
G037,G014,-0.0064812824,-1
G024,G007,-0.0064844424,-1
G003,G056,-0.0064925654,-1
G097,G052,-0.006514174,-1
G053,G046,-0.0065421276,-1
G023,G087,-0.006542451,-1
G056,G077,-0.0065718503,-1
G088,G070,-0.006577635,-1
G002,G088,-0.0065813195,-1
G031,G028,-0.006599499,-1
G059,G090,-0.0066114464,-1
G008,G025,-0.0066118487,-1
G031,G059,-0.006626937,-1
G050,G009,-0.006647927,-1
G005,G085,-0.006650812,-1
G062,G019,-0.0066649634,-1
G077,G040,-0.0066806343,-1
G054,G050,-0.006685972,-1
G037,G011,-0.0066951863,-1
G097,G014,-0.0066985292,-1
G056,G057,-0.006766204,-1
G046,G058,-0.006770845,-1
G019,G085,-0.0067804423,-1
G009,G059,-0.006783108,-1
G013,G037,-0.006801157,-1
G011,G077,-0.0068110917,-1
G057,G002,-0.006813969,-1
G056,G002,-0.006853016,-1
G077,G067,-0.0068713385,-1
G069,G037,-0.006925947,-1
G079,G040,-0.0069353515,-1
G009,G011,-0.006937117,-1
G034,G057,-0.0069462513,-1
G069,G003,-0.006951549,-1
G032,G091,-0.0069665466,-1
G030,G027,-0.0069723926,-1
G085,G019,-0.006975548,-1
G087,G055,-0.0069806776,-1
G071,G003,-0.007065505,-1
G079,G036,-0.0070730234,-1
G030,G086,-0.0070738215,-1
G003,G035,-0.007075882,-1
G046,G091,-0.007109974,-1
G028,G046,-0.007114042,-1
G059,G085,-0.0071451887,-1
G028,G004,-0.007162659,-1
G059,G086,-0.0072297617,-1
G082,G056,-0.0072440524,-1
G100,G016,-0.0072510755,-1
G017,G066,-0.0072920662,-1
G065,G009,-0.0073565654,-1
G023,G019,-0.0073940717,-1
G059,G047,-0.007413204,-1
G076,G055,-0.00743421,-1
G005,G028,-0.0074721277,-1
G052,G079,-0.007504105,-1
G044,G094,-0.007516905,-1
G010,G002,-0.007536545,-1
G089,G069,-0.0075617363,-1
G075,G003,-0.007599989,-1
G097,G040,-0.007603429,-1
G002,G006,-0.0076278807,-1
G057,G010,-0.0076493933,-1
G003,G015,-0.0076787276,-1
G077,G009,-0.0076833954,-1
G028,G056,-0.007695959,-1
G083,G076,-0.0077113598,-1
G023,G046,-0.0077351793,-1
G023,G088,-0.00775482,-1
G044,G003,-0.0077713304,-1
G001,G007,-0.007812828,-1
G003,G032,-0.007844524,-1
G011,G023,-0.007855889,-1
G034,G038,-0.007856819,-1
G009,G055,-0.007856828,-1
G010,G040,-0.007876336,-1
G034,G097,-0.007947963,-1
G008,G022,-0.007966488,-1
G056,G063,-0.0079919845,-1
G042,G066,-0.007997577,-1
G036,G079,-0.008040186,-1
G009,G019,-0.008097135,-1
G017,G036,-0.008099441,-1
G017,G014,-0.00810042,-1
G017,G008,-0.008108736,-1
G038,G007,-0.008111151,-1
G036,G044,-0.008127667,-1
G034,G085,-0.008137455,-1
G014,G057,-0.008196607,-1
G085,G053,-0.008223951,-1
G023,G047,-0.008238385,-1
G091,G059,-0.008271077,-1
G023,G034,-0.008344218,-1
G027,G097,-0.008352523,-1
G055,G011,-0.0083935475,-1
G091,G036,-0.008401375,-1
G079,G034,-0.008424682,-1
G004,G017,-0.008437192,-1
G009,G075,-0.008443312,-1
G046,G028,-0.00857554,-1
G007,G028,-0.008597632,-1
G025,G100,-0.008636979,-1
G013,G069,-0.008647004,-1
G086,G010,-0.008647638,-1
G004,G055,-0.0086477185,-1
G079,G075,-0.008655393,-1
G055,G033,-0.008691508,-1
G023,G003,-0.008735238,-1
G075,G011,-0.008759573,-1
G005,G034,-0.008805597,-1
G039,G010,-0.008840928,-1
G034,G023,-0.008904514,-1
G004,G012,-0.008911232,-1
G034,G011,-0.009032025,-1
G009,G077,-0.009052235,-1
G054,G098,-0.009077749,-1
G018,G039,-0.009085268,-1
G022,G008,-0.009142835,-1
G048,G091,-0.009166837,-1
G072,G067,-0.009208207,-1
G034,G007,-0.009215008,-1
G058,G008,-0.009252654,-1
G059,G010,-0.009330166,-1
G005,G003,-0.009331527,-1
G023,G005,-0.009343256,-1
G079,G066,-0.009350318,-1
G030,G073,-0.009359968,-1
G034,G039,-0.009387996,-1
G034,G100,-0.009529613,-1
G039,G061,-0.009548869,-1
G034,G030,-0.009585426,-1
G049,G014,-0.009616574,-1
G059,G036,-0.009695106,-1
G034,G019,-0.009722258,-1
G083,G067,-0.009784257,-1
G008,G013,-0.009854098,-1
G060,G062,-0.009932172,-1
G017,G075,-0.010011532,-1
G009,G076,-0.010025727,-1
G096,G010,-0.010036096,-1
G004,G076,-0.01005329,-1
G026,G073,-0.010138465,-1
G079,G044,-0.010191922,-1
G017,G030,-0.010199003,-1
G033,G009,-0.010283466,-1
G062,G056,-0.010296784,-1
G086,G009,-0.01032624,-1
G038,G004,-0.010402363,-1
G057,G019,-0.010408186,-1
G079,G059,-0.010468145,-1
G034,G096,-0.010651176,-1
G023,G031,-0.010668419,-1
G076,G031,-0.010720934,-1
G077,G094,-0.010722532,-1
G091,G003,-0.010776657,-1
G077,G080,-0.010866734,-1
G099,G020,-0.01091168,-1
G010,G055,-0.010936548,-1
G040,G030,-0.010963949,-1
G059,G033,-0.011161617,-1
G010,G022,-0.011218793,-1
G082,G008,-0.011231482,-1
G052,G057,-0.011334562,-1
G089,G009,-0.011438046,-1
G097,G057,-0.011439306,-1
G067,G033,-0.011463113,-1
G010,G033,-0.011534931,-1
G076,G004,-0.01160198,-1
G028,G003,-0.011608033,-1
G019,G066,-0.011626355,-1
G089,G090,-0.0117479265,-1
G100,G042,-0.011847392,-1
G010,G096,-0.011909681,-1
G039,G042,-0.011967641,-1
G023,G058,-0.011975061,-1
G050,G061,-0.012012427,-1
G040,G010,-0.012013151,-1
G033,G010,-0.0120735625,-1
G019,G030,-0.0121122245,-1
G034,G088,-0.012121152,-1
G049,G005,-0.012142741,-1
G059,G055,-0.012170086,-1
G055,G004,-0.012191408,-1
G062,G007,-0.012288699,-1
G010,G042,-0.012298124,-1
G093,G009,-0.012469316,-1
G096,G088,-0.012529751,-1
G084,G035,-0.012614493,-1
G083,G031,-0.012628537,-1
G023,G012,-0.012698511,-1
G046,G078,-0.012967676,-1
G035,G024,-0.013197754,-1
G057,G097,-0.013379714,-1
G031,G032,-0.013404999,-1
G017,G054,-0.013443491,-1
G028,G029,-0.013489741,-1
G004,G011,-0.013575667,-1
G058,G012,-0.013595072,-1
G059,G071,-0.013679444,-1
G055,G023,-0.013690362,-1
G059,G015,-0.01373946,-1
G003,G010,-0.013919556,-1
G078,G046,-0.013930791,-1
G003,G008,-0.0139395865,-1
G095,G015,-0.014012889,-1
G052,G009,-0.014055445,-1
G079,G055,-0.014100129,-1
G004,G034,-0.014364986,-1
G032,G018,-0.014461563,-1
G091,G018,-0.014546612,-1
G019,G021,-0.014679044,-1
G019,G027,-0.014687042,-1
G088,G063,-0.014876239,-1
G055,G057,-0.015015743,-1
G078,G040,-0.015167029,-1
G010,G011,-0.015272385,-1
G053,G080,-0.015337969,-1
G020,G002,-0.015661167,-1
G014,G019,-0.015774047,-1
G005,G057,-0.016058948,-1
G030,G077,-0.016164651,-1
G009,G003,-0.016176049,-1
G012,G060,-0.0163509,-1
G030,G041,-0.016564323,-1
G026,G051,-0.016620453,-1
G030,G005,-0.016721645,-1
G009,G044,-0.01689086,-1
G082,G044,-0.016985327,-1
G005,G019,-0.017063752,-1
G030,G008,-0.017244883,-1
G065,G079,-0.018094994,-1
G055,G070,-0.018561373,-1
G009,G017,-0.018669493,-1
G010,G023,-0.01868022,-1
G011,G080,-0.018745864,-1
G011,G066,-0.018977249,-1
G045,G022,-0.01935218,-1
G034,G065,-0.019447716,-1
G027,G099,-0.019522691,-1
G005,G056,-0.019659024,-1
G059,G069,-0.019717598,-1
G009,G079,-0.019795584,-1
G054,G015,-0.020648671,-1
G008,G094,-0.020739803,-1
G040,G055,-0.020775728,-1
G077,G017,-0.020860689,-1
G057,G060,-0.021024913,-1
G009,G036,-0.021220896,-1
G014,G005,-0.021327619,-1
G085,G030,-0.021389782,-1
G047,G020,-0.021917319,-1
G019,G097,-0.02197162,-1
G027,G015,-0.022172345,-1
G039,G072,-0.022396494,-1
G029,G092,-0.02299453,-1
G018,G026,-0.023229094,-1
G015,G012,-0.023632536,-1
G044,G004,-0.023718065,-1
G009,G069,-0.0237267,-1
G009,G008,-0.023736702,-1
G096,G023,-0.02390494,-1
G078,G052,-0.024079503,-1
G019,G061,-0.024096174,-1
G039,G009,-0.024632143,-1
G015,G021,-0.024640024,-1
G057,G062,-0.024726244,-1
G028,G026,-0.024828749,-1
G066,G075,-0.02489741,-1
G024,G003,-0.024978917,-1
G009,G021,-0.025139755,-1
G041,G009,-0.025268273,-1
G003,G018,-0.02556719,-1
G010,G009,-0.026012665,-1
G033,G011,-0.026017217,-1
G004,G006,-0.026247373,-1
G081,G087,-0.02651266,-1
G049,G009,-0.026676979,-1
G075,G007,-0.02699165,-1
G055,G034,-0.027526535,-1
G054,G019,-0.027642205,-1
G024,G051,-0.027965438,-1
G097,G062,-0.028020673,-1
G003,G001,-0.028084017,-1
G029,G008,-0.028684814,-1
G053,G030,-0.02961415,-1
G031,G064,-0.029648438,-1
G038,G035,-0.02972548,-1
G053,G003,-0.030008826,-1
G003,G004,-0.030405136,-1
G007,G056,-0.030910317,-1
G037,G022,-0.031385135,-1
G005,G006,-0.032459468,-1
G009,G037,-0.03312513,-1
G001,G006,-0.033431917,-1
G033,G017,-0.033825245,-1
G007,G018,-0.034075227,-1
G005,G016,-0.034083545,-1
G065,G024,-0.03424875,-1
G061,G098,-0.034374278,-1
G067,G034,-0.03466287,-1
G009,G013,-0.035280194,-1
G046,G052,-0.035474826,-1
G034,G043,-0.03636327,-1
G094,G065,-0.03740886,-1
G010,G076,-0.0376172,-1
G030,G081,-0.038091123,-1
G056,G067,-0.0381152,-1
G052,G063,-0.038824975,-1
G077,G065,-0.039195564,-1
G022,G020,-0.03936635,-1
G048,G022,-0.040794346,-1
G008,G027,-0.0408352,-1
G019,G050,-0.041375242,-1
G040,G015,-0.04255679,-1
G063,G045,-0.042625464,-1
G051,G011,-0.042628657,-1
G089,G053,-0.042700898,-1
G087,G025,-0.04368664,-1
G090,G053,-0.04495393,-1
G002,G060,-0.04519259,-1
G035,G007,-0.045282375,-1
G005,G100,-0.04576297,-1
G028,G018,-0.045933843,-1
G026,G008,-0.04628232,-1
G037,G008,-0.04674665,-1
G090,G030,-0.047072105,-1
G059,G068,-0.047114454,-1
G053,G026,-0.04829777,-1
G093,G017,-0.049062658,-1
G017,G002,-0.049381085,-1
G092,G056,-0.0500398,-1
G003,G007,-0.051289696,-1
G010,G004,-0.053379502,-1
G076,G012,-0.054932296,-1
G002,G074,-0.055040065,-1
G074,G060,-0.05545543,-1
G004,G002,-0.055487435,-1
G045,G032,-0.05579907,-1
G025,G005,-0.05600501,-1
G081,G072,-0.056599766,-1
G046,G026,-0.059750676,-1
G011,G070,-0.060875908,-1
G014,G002,-0.06502358,-1
