Regulator,Target,Weight,Sign
G042,G043,0.080905825,1
G036,G035,0.069890544,1
G048,G045,0.06846203,1
G038,G033,0.06682355,1
G073,G072,0.060246658,1
G028,G031,0.058334384,1
G006,G083,0.057494503,1
G023,G083,0.04985156,1
G051,G052,0.048226725,1
G025,G024,0.04761425,1
G028,G071,0.03817346,1
G010,G011,0.03772693,1
G020,G019,0.036872964,1
G085,G072,0.034325343,1
G014,G049,0.03419771,1
G008,G071,0.0323806,1
G016,G015,0.03217706,1
G032,G013,0.0317563,1
G081,G080,0.029536141,1
G018,G017,0.027757337,1
G032,G085,0.027277933,1
G076,G072,0.026044052,1
G015,G014,0.025981938,1
G003,G071,0.025586747,1
G082,G079,0.025352657,1
G065,G063,0.024680758,1
G049,G045,0.024189483,1
G014,G016,0.023842542,1
G022,G023,0.02353176,1
G015,G049,0.022769324,1
G071,G045,0.022664394,1
G007,G003,0.020870931,1
G014,G013,0.018490592,1
G007,G071,0.0174127,1
G053,G017,0.016586417,1
G010,G012,0.016435927,1
G010,G013,0.016246788,1
G063,G083,0.016155744,1
G067,G083,0.015909912,1
G018,G072,0.015729629,1
G078,G085,0.015208567,1
G047,G045,0.014255951,1
G049,G006,0.014125207,1
G028,G012,0.013397131,1
G015,G013,0.013332774,1
G083,G067,0.012594776,1
G022,G045,0.012492986,1
G068,G067,0.012322671,1
G078,G080,0.012245258,1
G014,G045,0.0121437665,1
G028,G003,0.012109824,1
G085,G100,0.01208407,1
G078,G079,0.0111766225,1
G049,G017,0.011011382,1
G028,G085,0.010795518,1
G003,G006,0.010667656,1
G032,G003,0.010278179,1
G085,G094,0.00981488,1
G018,G021,0.009478583,1
G028,G029,0.0088879345,1
G049,G083,0.008771203,1
G048,G085,0.008384714,1
G007,G085,0.008165953,1
G033,G072,0.008061282,1
G052,G085,0.008003374,1
G015,G045,0.007905576,1
G010,G024,0.007891274,1
G085,G008,0.00781245,1
G003,G083,0.0075159105,1
G037,G033,0.007288797,1
G072,G041,0.0072481087,1
G074,G072,0.0070385383,1
G024,G011,0.0070077963,1
G064,G063,0.00688557,1
G013,G016,0.006656251,1
G017,G083,0.0066173663,1
G048,G032,0.0064003626,1
G017,G014,0.0063489713,1
G084,G083,0.00633685,1
G083,G022,0.0061867977,1
G035,G033,0.0058014207,1
G014,G017,0.0057693482,1
G041,G003,0.005488433,1
G071,G085,0.005149132,1
G049,G032,0.004753841,1
G006,G085,0.0045935265,1
G043,G044,0.0043045906,1
G023,G032,0.0042471588,1
G049,G016,0.004056585,1
G083,G003,0.0039665634,1
G100,G032,0.003879284,1
G006,G032,0.0038612403,1
G057,G055,0.003691775,1
G015,G017,0.0035949987,1
G096,G097,0.003539973,1
G011,G085,0.0034638667,1
G037,G072,0.0034229823,1
G071,G005,0.0032801616,1
G049,G085,0.0032211326,1
G003,G085,0.00317596,1
G005,G045,0.003156379,1
G071,G022,0.003075666,1
G014,G032,0.0028369364,1
G083,G049,0.0028299105,1
G073,G003,0.0028074393,1
G085,G071,0.0027115005,1
G036,G032,0.0026606314,1
G078,G003,0.0026411533,1
G003,G022,0.002619746,1
G094,G032,0.002572732,1
G067,G085,0.0025298276,1
G083,G071,0.002519617,1
G015,G032,0.002504526,1
G067,G062,0.0024909778,1
G048,G014,0.0024838028,1
G045,G014,0.0024068106,1
G053,G072,0.002366941,1
G003,G005,0.0023570776,1
G079,G032,0.0023558247,1
G067,G022,0.0022786802,1
G036,G085,0.0022742022,1
G083,G085,0.0022599124,1
G062,G053,0.0022537394,1
G058,G067,0.002242868,1
G091,G092,0.0021514366,1
G041,G071,0.0021177742,1
G083,G062,0.0021065795,1
G067,G064,0.0019508986,1
G076,G003,0.0019363965,1
G043,G041,0.0019132007,1
G032,G008,0.0018257187,1
G083,G064,0.001801108,1
G038,G085,0.001734893,1
G071,G006,0.0017261078,1
G085,G070,0.0017199997,1
G013,G028,0.0016596583,1
G014,G072,0.0015506106,1
G018,G085,0.0015412369,1
G037,G038,0.0014425822,1
G042,G032,0.0014104148,1
G040,G039,0.001363219,1
G004,G005,0.001305384,1
G063,G085,0.0012172202,1
G044,G042,0.0011871258,1
G078,G071,0.0011638872,1
G080,G032,0.0011428192,1
G044,G085,0.001129652,1
G081,G078,0.0010886398,1
G085,G033,0.0010848567,1
G011,G032,0.0010621736,1
G078,G081,0.0010563559,1
G079,G085,0.0009540009,1
G087,G072,0.00092069595,1
G096,G072,0.0009157973,1
G085,G023,0.0009078779,1
G035,G037,0.00090116676,1
G038,G037,0.0008995739,1
G014,G010,0.00087811606,1
G015,G072,0.00086325937,1
G035,G085,0.00083504594,1
G045,G085,0.00081222405,1
G053,G021,0.0007917842,1
G085,G076,0.000764127,1
G063,G067,0.0007548707,1
G044,G072,0.00074574805,1
G017,G015,0.00069001963,1
G085,G041,0.00067760074,1
G085,G096,0.0006396469,1
G085,G088,0.0006367347,1
G010,G072,0.0006088701,1
G032,G082,0.00058899925,1
G085,G037,0.0005848717,1
G003,G072,0.0005834004,1
G016,G032,0.000581024,1
G067,G003,0.0005795861,1
G009,G008,0.00057304476,1
G032,G014,0.0005487595,1
G085,G065,0.0005357871,1
G085,G044,0.00050979835,1
G022,G072,0.00050191506,1
G085,G012,0.00049268664,1
G005,G032,0.00048345875,1
G072,G078,0.0004821226,1
G014,G003,0.00048017947,1
G007,G006,0.00047334944,1
G015,G010,0.00045858216,1
G072,G045,0.00045705386,1
G078,G100,0.00045570158,1
G015,G003,0.00044851142,1
G078,G044,0.00044390076,1
G014,G012,0.00044114495,1
G014,G021,0.00043396087,1
G044,G032,0.00043220096,1
G085,G043,0.00042594495,1
G068,G006,0.00041537103,1
G082,G044,0.00041278638,1
G015,G012,0.0004116808,1
G085,G024,0.00040606916,1
G062,G006,0.00040271142,1
G085,G093,0.0004005186,1
G037,G032,0.0003992091,1
G085,G090,0.00039766077,1
G078,G096,0.00039558526,1
G078,G023,0.00038722254,1
G021,G096,0.00038484123,1
G078,G006,0.0003840529,1
G085,G050,0.0003817844,1
G085,G089,0.00038073552,1
G051,G032,0.0003778563,1
G016,G048,0.0003767222,1
G085,G035,0.0003746304,1
G013,G030,0.00037351673,1
G014,G031,0.00037301276,1
G085,G075,0.00037209742,1
G085,G055,0.00037055556,1
G040,G096,0.00036137417,1
G085,G099,0.00035958452,1
G004,G096,0.00035853812,1
G057,G096,0.00035781486,1
G085,G031,0.00035419528,1
G048,G015,0.00035277,1
G082,G096,0.00035226083,1
G022,G012,0.00035078527,1
G067,G032,0.00035042287,1
G022,G044,0.00034938875,1
G057,G044,0.00034886575,1
G029,G096,0.0003467785,1
G003,G048,0.000346629,1
G014,G096,0.00034537434,1
G091,G096,0.00034502026,1
G082,G012,0.0003437931,1
G014,G075,0.00034232714,1
G061,G096,0.0003417325,1
G091,G044,0.00034150798,1
G043,G096,0.0003411772,1
G086,G096,0.00034022902,1
G068,G096,0.00033958856,1
G056,G096,0.00033773095,1
G014,G024,0.0003376713,1
G077,G044,0.00033730315,1
G014,G044,0.00033717442,1
G054,G096,0.00033715472,1
G030,G096,0.00033684404,1
G058,G006,0.00033641243,1
G045,G096,0.00033612663,1
G015,G031,0.00033603815,1
G019,G096,0.00033556437,1
G069,G096,0.00033506635,1
G013,G044,0.00033487973,1
G066,G044,0.00033482595,1
G085,G095,0.00033368185,1
G098,G096,0.00033356118,1
G034,G096,0.0003335224,1
G085,G010,0.00033339145,1
G085,G002,0.0003327621,1
G085,G011,0.00033267908,1
G016,G012,0.00033203687,1
G058,G096,0.00033135276,1
G024,G096,0.0003308151,1
G040,G012,0.00033050057,1
G035,G096,0.00033049379,1
G078,G012,0.00032968103,1
G009,G096,0.00032878964,1
G026,G096,0.00032707283,1
G085,G087,0.00032471266,1
G066,G096,0.00032459106,1
G007,G023,0.00032437066,1
G022,G041,0.00032302953,1
G022,G096,0.00032213263,1
G096,G032,0.00032123682,1
G031,G096,0.0003206194,1
G060,G044,0.0003201153,1
G040,G044,0.0003200726,1
G078,G043,0.00031987138,1
G046,G096,0.00031955302,1
G099,G044,0.00031890048,1
G086,G090,0.00031788065,1
G013,G096,0.00031723356,1
G027,G044,0.0003169939,1
G078,G048,0.00031582202,1
G092,G096,0.00031572688,1
G060,G096,0.0003150218,1
G077,G096,0.0003148926,1
G002,G032,0.00031473226,1
G075,G096,0.00031451834,1
G092,G044,0.0003143799,1
G027,G096,0.0003138495,1
G015,G096,0.0003135893,1
G030,G012,0.00031337407,1
G054,G012,0.00031313917,1
G062,G096,0.00031210293,1
G059,G044,0.00031170272,1
G037,G012,0.00031119082,1
G039,G044,0.00031115496,1
G029,G044,0.00031021988,1
G037,G044,0.0003101494,1
G078,G024,0.00031014887,1
G087,G096,0.0003100688,1
G015,G044,0.00030989922,1
G071,G002,0.00030831157,1
G016,G044,0.00030830858,1
G039,G096,0.000307534,1
G068,G044,0.00030753252,1
G084,G044,0.00030714163,1
G027,G012,0.00030698924,1
G016,G096,0.00030547552,1
G052,G096,0.00030385386,1
G084,G096,0.00030361928,1
G047,G096,0.00030346602,1
G048,G016,0.00030345962,1
G014,G041,0.00030323438,1
G014,G050,0.00030294448,1
G078,G075,0.00030272285,1
G088,G096,0.0003024854,1
G057,G012,0.0003023955,1
G012,G096,0.00030193658,1
G098,G044,0.0003014744,1
G007,G096,0.0002998749,1
G026,G012,0.00029960534,1
G014,G090,0.00029959244,1
G058,G044,0.00029896808,1
G093,G096,0.00029892102,1
G058,G012,0.000298298,1
G001,G096,0.00029766548,1
G055,G096,0.0002966892,1
G059,G012,0.00029602094,1
G061,G012,0.0002949968,1
G061,G044,0.00029494634,1
G085,G063,0.00029488048,1
G024,G012,0.00029486162,1
G059,G096,0.0002945475,1
G074,G044,0.00029441374,1
G098,G089,0.0002938043,1
G034,G012,0.00029335913,1
G060,G012,0.00029330215,1
G002,G096,0.00029311227,1
G063,G096,0.00029189684,1
G090,G096,0.00029153487,1
G082,G075,0.00029097305,1
G003,G096,0.0002904102,1
G078,G089,0.00028931993,1
G088,G044,0.0002887194,1
G086,G044,0.00028868776,1
G097,G044,0.00028842123,1
G082,G089,0.0002881615,1
G056,G044,0.00028813738,1
G043,G012,0.00028790446,1
G003,G023,0.00028763426,1
G099,G096,0.0002875858,1
G089,G096,0.00028728804,1
G011,G096,0.0002870041,1
G095,G012,0.00028693542,1
G014,G089,0.0002866748,1
G074,G096,0.00028633804,1
G004,G012,0.00028624723,1
G031,G044,0.00028623547,1
G004,G048,0.00028621458,1
G072,G012,0.0002857681,1
G005,G096,0.00028558396,1
G011,G006,0.00028544964,1
G003,G002,0.00028541524,1
G078,G094,0.00028528494,1
G009,G044,0.00028517222,1
G052,G012,0.00028473753,1
G022,G075,0.00028455854,1
G056,G012,0.0002845438,1
G061,G089,0.00028438598,1
G041,G048,0.00028366726,1
G086,G012,0.00028364375,1
G092,G012,0.0002832677,1
G016,G024,0.0002830158,1
G065,G006,0.00028299788,1
G052,G044,0.0002825349,1
G015,G024,0.0002822701,1
G020,G096,0.0002821607,1
G045,G044,0.00028215998,1
G071,G096,0.00028188087,1
G082,G024,0.00028179778,1
G046,G006,0.000281657,1
G015,G041,0.0002816286,1
G013,G089,0.00028148366,1
G057,G075,0.0002812258,1
G030,G044,0.00028111678,1
G013,G048,0.00028089012,1
G068,G012,0.00028068206,1
G046,G044,0.0002802462,1
G019,G012,0.000280232,1
G022,G031,0.00028015935,1
G074,G012,0.00027975012,1
G002,G012,0.00027916304,1
G025,G096,0.00027896,1
G089,G012,0.00027845634,1
G092,G090,0.00027810378,1
G014,G043,0.0002775529,1
G081,G096,0.00027749134,1
G088,G012,0.00027735883,1
G088,G006,0.00027705362,1
G066,G012,0.0002767869,1
G087,G012,0.0002765965,1
G022,G024,0.0002761439,1
G062,G044,0.00027606956,1
G053,G096,0.0002757114,1
G064,G044,0.00027534462,1
G087,G044,0.00027527456,1
G041,G006,0.00027493326,1
G054,G089,0.0002748957,1
G021,G012,0.00027453472,1
G099,G089,0.0002744432,1
G059,G075,0.00027427214,1
G081,G044,0.00027408125,1
G069,G012,0.00027342487,1
G064,G096,0.0002731235,1
G027,G075,0.00027305516,1
G030,G089,0.00027274774,1
G074,G089,0.00027251424,1
G017,G096,0.00027230632,1
G051,G096,0.0002721715,1
G061,G075,0.00027212576,1
G098,G012,0.0002717418,1
G016,G089,0.00027153952,1
G020,G044,0.00027150704,1
G039,G012,0.00027093044,1
G088,G089,0.00027062805,1
G074,G041,0.00027048393,1
G050,G096,0.0002704743,1
G019,G044,0.00027043183,1
G091,G089,0.0002702135,1
G084,G012,0.00027013116,1
G055,G012,0.00026998483,1
G092,G043,0.00026979262,1
G009,G012,0.00026955872,1
G082,G006,0.0002691861,1
G060,G089,0.0002691512,1
G091,G012,0.00026889858,1
G026,G089,0.00026872478,1
G026,G024,0.0002685486,1
G034,G044,0.0002682694,1
G060,G024,0.00026826636,1
G082,G035,0.0002680634,1
G090,G012,0.00026773487,1
G047,G012,0.00026751886,1
G092,G024,0.00026703902,1
G043,G024,0.0002664844,1
G003,G043,0.00026621585,1
G001,G012,0.0002661903,1
G082,G043,0.00026615168,1
G077,G012,0.0002659593,1
G037,G096,0.00026573995,1
G024,G006,0.00026549803,1
G018,G096,0.00026503784,1
G050,G044,0.00026482006,1
G095,G096,0.00026468362,1
G082,G041,0.0002645921,1
G015,G089,0.0002645313,1
G004,G044,0.0002644907,1
G040,G024,0.00026384054,1
G007,G100,0.00026359595,1
G059,G089,0.00026350768,1
G054,G044,0.00026350212,1
G077,G006,0.00026349767,1
G097,G024,0.00026334726,1
G078,G050,0.00026330393,1
G097,G012,0.00026306618,1
G085,G034,0.00026299382,1
G029,G075,0.00026296175,1
G085,G053,0.00026289225,1
G021,G044,0.00026260663,1
G080,G072,0.0002623598,1
G078,G090,0.00026229885,1
G076,G071,0.00026201058,1
G065,G044,0.0002618636,1
G082,G050,0.0002616898,1
G085,G056,0.00026159402,1
G012,G044,0.00026128828,1
G082,G055,0.00026116832,1
G069,G089,0.0002604609,1
G015,G090,0.00026028889,1
G084,G089,0.00025928713,1
G095,G044,0.0002589467,1
G024,G044,0.0002587166,1
G009,G089,0.00025770304,1
G046,G012,0.00025748595,1
G027,G089,0.0002573256,1
G025,G044,0.00025718068,1
G027,G024,0.0002570825,1
G020,G006,0.00025682614,1
G076,G006,0.00025646455,1
G085,G045,0.00025576237,1
G047,G089,0.0002557596,1
G068,G089,0.00025550064,1
G026,G044,0.00025537366,1
G099,G012,0.0002552948,1
G093,G044,0.00025522624,1
G071,G044,0.00025512252,1
G001,G044,0.00025502255,1
G022,G089,0.00025492147,1
G057,G024,0.0002546994,1
G022,G090,0.00025465532,1
G078,G035,0.00025452275,1
G039,G043,0.00025448238,1
G014,G037,0.00025402784,1
G016,G075,0.0002536395,1
G015,G075,0.00025342216,1
G089,G044,0.00025273365,1
G069,G044,0.00025261723,1
G073,G071,0.00025232407,1
G065,G096,0.00025232133,1
G034,G089,0.00025182508,1
G028,G015,0.0002510704,1
G091,G075,0.0002509087,1
G083,G096,0.00025063104,1
G029,G089,0.00025052865,1
G082,G090,0.0002504765,1
G093,G006,0.0002501095,1
G014,G035,0.00024981803,1
G072,G089,0.00024869505,1
G078,G037,0.00024860856,1
G021,G089,0.00024859828,1
G085,G039,0.00024855605,1
G053,G044,0.00024844587,1
G068,G023,0.0002484179,1
G052,G089,0.00024840198,1
G039,G006,0.0002482013,1
G087,G024,0.0002481999,1
G001,G089,0.0002481272,1
G057,G089,0.00024798862,1
G054,G043,0.00024789787,1
G059,G006,0.00024777176,1
G062,G075,0.00024776318,1
G040,G075,0.00024740654,1
G090,G032,0.0002473687,1
G066,G075,0.00024705348,1
G029,G048,0.00024680016,1
G078,G095,0.00024679923,1
G009,G024,0.0002463827,1
G030,G024,0.00024579343,1
G029,G024,0.0002456269,1
G058,G024,0.00024532093,1
G014,G033,0.00024521,1
G040,G089,0.0002451752,1
G055,G043,0.00024475026,1
G062,G024,0.00024434496,1
G064,G012,0.00024426606,1
G058,G023,0.00024415812,1
G005,G012,0.00024409636,1
G099,G024,0.00024404249,1
G074,G075,0.00024353244,1
G016,G043,0.00024335968,1
G050,G075,0.0002432893,1
G060,G043,0.00024324919,1
G047,G044,0.00024311886,1
G087,G089,0.00024306282,1
G092,G089,0.0002428975,1
G073,G041,0.00024287954,1
G002,G044,0.00024243603,1
G044,G048,0.00024235046,1
G015,G035,0.00024230016,1
G043,G075,0.00024225435,1
G059,G024,0.00024214346,1
G040,G090,0.00024204269,1
G020,G043,0.00024189147,1
G059,G043,0.00024123222,1
G090,G089,0.00024109823,1
G043,G089,0.00024107253,1
G018,G012,0.0002407096,1
G066,G089,0.00024067337,1
G075,G012,0.00023992869,1
G018,G032,0.00023972247,1
G046,G043,0.00023964775,1
G066,G024,0.00023960277,1
G019,G024,0.00023955469,1
G054,G024,0.00023940028,1
G050,G012,0.0002392887,1
G037,G090,0.00023923624,1
G014,G095,0.00023922541,1
G078,G055,0.00023911466,1
G099,G043,0.00023878423,1
G016,G090,0.00023829928,1
G031,G048,0.00023818904,1
G085,G086,0.00023815346,1
G045,G006,0.00023801775,1
G045,G043,0.00023787834,1
G077,G075,0.00023766168,1
G035,G012,0.00023743123,1
G021,G043,0.0002372111,1
G096,G044,0.00023714555,1
G027,G090,0.0002369418,1
G076,G032,0.00023693794,1
G025,G011,0.00023667241,1
G003,G044,0.00023632114,1
G081,G089,0.00023625839,1
G002,G043,0.00023608658,1
G046,G024,0.00023605287,1
G095,G024,0.00023604883,1
G082,G031,0.00023600874,1
G058,G075,0.00023519523,1
G086,G043,0.00023515019,1
G021,G006,0.00023503839,1
G029,G090,0.00023500141,1
G061,G024,0.00023471072,1
G021,G075,0.0002346342,1
G027,G031,0.00023450819,1
G046,G089,0.00023448799,1
G016,G031,0.00023437326,1
G055,G006,0.00023419262,1
G055,G044,0.00023413808,1
G078,G002,0.00023412287,1
G064,G006,0.00023408893,1
G072,G032,0.00023396268,1
G077,G089,0.0002334579,1
G056,G090,0.00023325461,1
G056,G006,0.00023321861,1
G093,G012,0.00023317417,1
G083,G065,0.00023302589,1
G007,G024,0.00023267209,1
G037,G075,0.0002325095,1
G058,G089,0.00023246746,1
G050,G024,0.00023198184,1
G060,G075,0.00023195008,1
G026,G006,0.00023172043,1
G085,G077,0.00023171089,1
G095,G089,0.000231567,1
G013,G090,0.00023146711,1
G003,G024,0.0002312912,1
G065,G032,0.00023126733,1
G086,G089,0.00023100809,1
G020,G012,0.00023096235,1
G090,G044,0.00023091197,1
G092,G006,0.00023022071,1
G009,G075,0.00023021628,1
G075,G044,0.00022972413,1
G098,G090,0.000229656,1
G099,G075,0.00022955744,1
G093,G043,0.00022953974,1
G084,G043,0.00022952026,1
G045,G012,0.00022948149,1
G068,G090,0.00022911976,1
G053,G012,0.00022889867,1
G066,G090,0.00022831098,1
G084,G024,0.00022811723,1
G098,G024,0.00022808922,1
G097,G090,0.00022792719,1
G095,G075,0.00022778127,1
G093,G032,0.00022767298,1
G037,G089,0.00022745937,1
G061,G006,0.00022734817,1
G031,G006,0.00022708699,1
G015,G050,0.00022700023,1
G033,G044,0.00022679612,1
G052,G100,0.0002267913,1
G039,G089,0.00022670641,1
G088,G075,0.00022630142,1
G098,G075,0.00022620567,1
G060,G090,0.00022610673,1
G070,G044,0.00022588219,1
G034,G006,0.00022567793,1
G031,G089,0.00022516328,1
G085,G057,0.00022509511,1
G026,G075,0.00022481168,1
G053,G089,0.00022464438,1
G004,G089,0.00022463428,1
G084,G067,0.00022435194,1
G074,G043,0.00022433835,1
G064,G043,0.00022432652,1
G018,G041,0.00022430466,1
G016,G035,0.00022417435,1
G030,G090,0.00022387598,1
G033,G014,0.00022386124,1
G039,G024,0.0002238596,1
G007,G044,0.00022381553,1
G009,G031,0.0002236392,1
G071,G043,0.00022342679,1
G072,G031,0.00022332575,1
G062,G089,0.00022299455,1
G031,G090,0.00022295199,1
G035,G044,0.00022293688,1
G013,G075,0.00022221069,1
G004,G043,0.00022206367,1
G024,G090,0.00022170173,1
G045,G089,0.00022155484,1
G053,G043,0.00022134572,1
G081,G012,0.00022119583,1
G054,G090,0.00022070251,1
G069,G075,0.00022048494,1
G025,G090,0.00022047051,1
G077,G043,0.00022044485,1
G019,G089,0.00022042719,1
G016,G050,0.00022039218,1
G060,G006,0.0002203115,1
G021,G095,0.00022020754,1
G052,G075,0.00022020559,1
G011,G089,0.00022016531,1
G087,G075,0.00021992889,1
G004,G090,0.00021981388,1
G069,G043,0.00021959929,1
G015,G055,0.00021953868,1
G034,G075,0.0002192662,1
G090,G075,0.00021925931,1
G051,G089,0.00021919706,1
G026,G090,0.00021872105,1
G070,G043,0.00021850005,1
G043,G090,0.0002183854,1
G062,G012,0.00021837634,1
G002,G089,0.00021830319,1
G085,G019,0.00021816157,1
G025,G006,0.00021783875,1
G057,G090,0.00021717779,1
G030,G075,0.00021707722,1
G001,G075,0.0002170382,1
G015,G043,0.0002169936,1
G089,G090,0.00021685292,1
G027,G050,0.00021671604,1
G098,G006,0.00021659635,1
G066,G050,0.00021646403,1
G051,G075,0.0002164235,1
G091,G024,0.00021636866,1
G097,G089,0.00021619488,1
G012,G048,0.00021618606,1
G020,G089,0.00021616317,1
G030,G006,0.00021611365,1
G020,G024,0.00021596202,1
G015,G095,0.00021583037,1
G097,G006,0.00021570128,1
G005,G089,0.00021552059,1
G061,G090,0.00021521436,1
G002,G031,0.00021520167,1
G056,G075,0.00021496706,1
G024,G075,0.00021495011,1
G070,G096,0.00021492678,1
G088,G090,0.00021481229,1
G089,G006,0.00021476003,1
G098,G043,0.00021460648,1
G056,G089,0.00021455601,1
G054,G075,0.0002145483,1
G033,G096,0.0002145348,1
G037,G024,0.00021448419,1
G019,G075,0.00021447372,1
G005,G044,0.00021415036,1
G074,G006,0.00021372849,1
G030,G031,0.00021364275,1
G061,G031,0.00021344109,1
G074,G024,0.00021343357,1
G026,G043,0.00021334592,1
G089,G024,0.00021332818,1
G070,G024,0.00021315666,1
G078,G053,0.00021298448,1
G088,G024,0.00021274947,1
G082,G095,0.00021264354,1
G007,G089,0.00021257329,1
G064,G089,0.00021250069,1
G084,G075,0.00021231432,1
G087,G031,0.00021224449,1
G058,G090,0.00021195537,1
G075,G089,0.0002117089,1
G090,G024,0.00021168125,1
G025,G089,0.00021157788,1
G012,G043,0.0002114201,1
G096,G012,0.00021122012,1
G087,G006,0.00021112767,1
G022,G043,0.00021081687,1
G059,G090,0.00021080964,1
G055,G089,0.00021068644,1
G034,G024,0.00021054634,1
G045,G024,0.00021048603,1
G093,G024,0.0002104328,1
G077,G024,0.00021038443,1
G035,G089,0.00021031499,1
G010,G071,0.0002101594,1
G064,G032,0.00021014937,1
G035,G024,0.00020996098,1
G086,G075,0.00020933211,1
G071,G089,0.00020932645,1
G052,G006,0.00020927652,1
G061,G050,0.00020925417,1
G075,G024,0.00020920845,1
G056,G024,0.00020915373,1
G065,G024,0.0002090121,1
G004,G071,0.00020886518,1
G021,G090,0.00020884935,1
G047,G006,0.00020882912,1
G059,G031,0.00020858164,1
G035,G100,0.00020849149,1
G005,G031,0.00020849066,1
G009,G053,0.00020827618,1
G089,G032,0.00020820588,1
G084,G090,0.00020818396,1
G040,G006,0.00020813936,1
G002,G090,0.00020797513,1
G040,G050,0.00020763115,1
G003,G100,0.00020753246,1
G019,G043,0.00020749067,1
G013,G024,0.0002074495,1
G071,G024,0.0002074283,1
G085,G013,0.00020742428,1
G009,G090,0.00020731655,1
G065,G012,0.00020711252,1
G039,G090,0.00020706923,1
G083,G048,0.00020689417,1
G046,G031,0.00020683222,1
G047,G024,0.00020681073,1
G068,G043,0.00020673466,1
G031,G075,0.00020670744,1
G013,G043,0.00020663804,1
G027,G043,0.00020645716,1
G024,G043,0.0002064439,1
G085,G006,0.00020642932,1
G068,G075,0.00020602495,1
G086,G006,0.00020600019,1
G024,G089,0.00020586206,1
G068,G024,0.00020569061,1
G001,G043,0.00020568667,1
G007,G043,0.00020556939,1
G014,G100,0.00020534708,1
G057,G006,0.00020523235,1
G037,G031,0.0002051191,1
G031,G024,0.0002048837,1
G014,G011,0.00020471663,1
G053,G032,0.00020459683,1
G051,G044,0.00020455656,1
G056,G043,0.00020428273,1
G002,G024,0.00020418067,1
G054,G031,0.0002038359,1
G029,G006,0.00020367152,1
G037,G006,0.0002035139,1
G066,G043,0.00020344782,1
G027,G006,0.00020336089,1
G091,G050,0.00020328624,1
G091,G043,0.00020320894,1
G022,G006,0.00020318713,1
G046,G090,0.00020289714,1
G030,G043,0.00020273785,1
G031,G043,0.00020257603,1
G055,G024,0.00020256099,1
G042,G044,0.0002025456,1
G052,G024,0.00020214761,1
G081,G075,0.0002021034,1
G050,G032,0.00020207408,1
G061,G043,0.00020200734,1
G001,G024,0.00020200039,1
G051,G024,0.00020192338,1
G004,G024,0.00020161284,1
G046,G075,0.00020150098,1
G022,G050,0.00020097697,1
G078,G031,0.00020074997,1
G063,G089,0.00020055838,1
G057,G031,0.00020052059,1
G077,G090,0.00020036336,1
G021,G024,0.00019978688,1
G051,G012,0.00019976059,1
G022,G035,0.00019968236,1
G064,G023,0.00019966667,1
G007,G075,0.00019964008,1
G093,G089,0.00019936023,1
G037,G041,0.00019931412,1
G092,G075,0.00019873376,1
G097,G043,0.00019844992,1
G069,G024,0.00019829992,1
G089,G075,0.00019811704,1
G005,G006,0.00019769218,1
G009,G043,0.00019756136,1
G097,G075,0.00019716339,1
G072,G024,0.0001970513,1
G086,G024,0.00019686983,1
G055,G032,0.00019685915,1
G075,G032,0.00019674376,1
G074,G090,0.0001966042,1
G026,G050,0.00019634824,1
G039,G075,0.00019613185,1
G047,G075,0.00019606193,1
G078,G093,0.00019604669,1
G012,G089,0.00019587796,1
G067,G071,0.00019586604,1
G074,G031,0.00019578704,1
G051,G006,0.00019571345,1
G025,G012,0.00019551047,1
G064,G075,0.0001953079,1
G075,G090,0.00019514727,1
G073,G078,0.0001950803,1
G013,G095,0.00019496633,1
G057,G050,0.00019478926,1
G041,G023,0.00019468971,1
G082,G053,0.00019443543,1
G050,G090,0.00019438272,1
G057,G035,0.0001943345,1
G091,G090,0.00019413118,1
G014,G055,0.00019404161,1
G069,G050,0.00019365299,1
G011,G043,0.00019344503,1
G013,G006,0.000193217,1
G069,G031,0.00019303779,1
G081,G024,0.00019288597,1
G045,G075,0.00019282049,1
G078,G076,0.00019258786,1
G062,G031,0.00019246856,1
G022,G055,0.0001924337,1
G025,G037,0.00019240187,1
G034,G050,0.00019226027,1
G016,G006,0.00019213489,1
G069,G090,0.00019183477,1
G050,G089,0.00019182944,1
G092,G050,0.00019168034,1
G088,G043,0.00019139165,1
G093,G090,0.00019129695,1
G060,G050,0.0001912708,1
G055,G075,0.0001912301,1
G065,G089,0.000191109,1
G020,G048,0.00019095247,1
G053,G075,0.00019095196,1
G052,G043,0.00019092324,1
G049,G072,0.00019088062,1
G046,G095,0.00019062386,1
G053,G024,0.0001905815,1
G095,G032,0.00019053833,1
G052,G090,0.00019051394,1
G040,G055,0.00019038691,1
G021,G100,0.0001900878,1
G099,G090,0.00019005174,1
G043,G031,0.0001897827,1
G050,G006,0.00018977982,1
G074,G050,0.00018968004,1
G013,G050,0.00018945134,1
G001,G090,0.00018944888,1
G057,G043,0.00018925892,1
G055,G090,0.00018912053,1
G059,G050,0.00018911819,1
G087,G032,0.00018897666,1
G011,G031,0.00018854767,1
G040,G031,0.00018831763,1
G059,G095,0.0001882095,1
G058,G043,0.00018794523,1
G002,G006,0.00018775022,1
G016,G023,0.00018764932,1
G030,G095,0.00018726359,1
G033,G048,0.00018706606,1
G030,G050,0.00018689896,1
G081,G043,0.00018661095,1
G061,G095,0.0001864507,1
G026,G031,0.00018584284,1
G004,G075,0.0001855921,1
G075,G006,0.00018550387,1
G007,G090,0.00018540767,1
G046,G050,0.00018537209,1
G026,G095,0.00018534207,1
G056,G032,0.0001850063,1
G033,G024,0.00018481644,1
G047,G043,0.00018469364,1
G090,G031,0.00018439547,1
G045,G015,0.00018431201,1
G084,G050,0.00018430974,1
G035,G075,0.00018425594,1
G078,G056,0.00018425338,1
G085,G001,0.00018419426,1
G091,G006,0.00018391362,1
G064,G024,0.00018389188,1
G007,G005,0.00018376241,1
G072,G075,0.00018325727,1
G093,G075,0.0001829907,1
G004,G023,0.00018298313,1
G022,G095,0.0001828893,1
G019,G031,0.00018282836,1
G091,G095,0.00018282447,1
G065,G075,0.00018240356,1
G063,G075,0.00018179574,1
G040,G035,0.00018172771,1
G092,G031,0.00018149414,1
G052,G023,0.00018146011,1
G099,G031,0.00018136126,1
G024,G032,0.00018107872,1
G096,G089,0.00018105954,1
G043,G050,0.00018090132,1
G097,G031,0.00018081827,1
G007,G048,0.00018079577,1
G004,G032,0.00018077604,1
G068,G031,0.00018066229,1
G091,G031,0.00018058924,1
G029,G050,0.00018028014,1
G018,G089,0.00018018,1
G096,G006,0.000180144,1
G024,G031,0.0001800963,1
G038,G043,0.00018000565,1
G018,G044,0.00017984709,1
G055,G031,0.0001796317,1
G066,G006,0.00017938025,1
G096,G043,0.0001793795,1
G037,G095,0.00017924284,1
G015,G037,0.00017905161,1
G009,G037,0.00017890676,1
G085,G005,0.00017860932,1
G001,G032,0.00017821688,1
G099,G006,0.00017808753,1
G087,G043,0.00017806153,1
G054,G006,0.00017804714,1
G035,G043,0.00017801109,1
G034,G043,0.00017783219,1
G098,G050,0.00017783091,1
G066,G031,0.00017770518,1
G033,G006,0.0001770047,1
G021,G031,0.00017675688,1
G019,G090,0.00017674024,1
G002,G050,0.00017673305,1
G015,G033,0.00017667767,1
G085,G064,0.00017638164,1
G003,G030,0.00017633401,1
G081,G006,0.00017630684,1
G087,G090,0.00017628793,1
G034,G031,0.00017621281,1
G016,G053,0.000176159,1
G007,G050,0.0001758666,1
G072,G007,0.00017574486,1
G063,G012,0.00017571187,1
G014,G008,0.00017554351,1
G075,G043,0.0001753906,1
G066,G095,0.00017528715,1
G045,G016,0.00017524444,1
G043,G095,0.0001751853,1
G089,G043,0.00017515276,1
G025,G075,0.0001749704,1
G030,G055,0.00017473206,1
G009,G085,0.00017470295,1
G009,G048,0.00017456227,1
G095,G090,0.00017440609,1
G052,G037,0.00017439705,1
G040,G043,0.00017434324,1
G063,G048,0.0001742849,1
G007,G037,0.00017427697,1
G019,G006,0.00017420707,1
G011,G075,0.00017413488,1
G024,G023,0.00017403657,1
G062,G043,0.00017395202,1
G007,G022,0.00017378044,1
G075,G050,0.00017352733,1
G063,G044,0.00017341915,1
G095,G048,0.00017335212,1
G015,G056,0.00017302019,1
G054,G050,0.00017264493,1
G016,G055,0.00017261766,1
G005,G024,0.00017260862,1
G097,G095,0.00017257128,1
G072,G090,0.00017254824,1
G085,G017,0.00017247675,1
G020,G090,0.00017243599,1
G070,G012,0.00017218347,1
G029,G095,0.00017193398,1
G059,G037,0.00017155752,1
G088,G031,0.00017125194,1
G002,G075,0.00017107953,1
G040,G095,0.00017100172,1
G096,G024,0.00017091789,1
G063,G090,0.00017077614,1
G035,G023,0.00017077039,1
G027,G055,0.00017060322,1
G061,G055,0.00017059379,1
G004,G031,0.00017013952,1
G016,G095,0.00017008084,1
G071,G075,0.0001699552,1
G059,G055,0.00016987503,1
G047,G090,0.00016976586,1
G040,G037,0.00016975257,1
G058,G031,0.00016967548,1
G077,G031,0.00016961143,1
G051,G090,0.00016956875,1
G034,G090,0.00016944467,1
G027,G095,0.00016934704,1
G075,G048,0.00016891152,1
G069,G095,0.00016884583,1
G045,G100,0.0001688352,1
G009,G050,0.0001687362,1
G020,G031,0.00016836547,1
G069,G006,0.00016829999,1
G072,G096,0.00016807276,1
G029,G043,0.00016805677,1
G011,G037,0.00016799629,1
G039,G031,0.00016778817,1
G067,G049,0.00016776347,1
G017,G043,0.00016767374,1
G003,G089,0.00016765608,1
G083,G089,0.00016702546,1
G021,G023,0.0001669908,1
G066,G037,0.00016685657,1
G001,G006,0.00016662468,1
G017,G012,0.00016655467,1
G004,G095,0.00016655435,1
G085,G069,0.00016617934,1
G098,G031,0.00016616605,1
G018,G024,0.00016611867,1
G050,G043,0.0001660823,1
G063,G024,0.00016601958,1
G086,G031,0.00016599373,1
G070,G089,0.00016597944,1
G053,G041,0.00016587894,1
G063,G032,0.00016574039,1
G060,G032,0.00016569078,1
G095,G043,0.00016559212,1
G068,G050,0.00016525088,1
G092,G095,0.0001652507,1
G058,G050,0.00016524222,1
G084,G031,0.0001650983,1
G071,G072,0.00016499229,1
G018,G075,0.0001648823,1
G013,G035,0.00016477169,1
G081,G090,0.00016453526,1
G091,G048,0.00016450079,1
G002,G095,0.0001640562,1
G065,G043,0.00016397214,1
G060,G031,0.00016384559,1
G009,G095,0.0001638161,1
G017,G044,0.00016379924,1
G045,G090,0.00016375248,1
G082,G056,0.00016373771,1
G082,G100,0.00016373582,1
G047,G031,0.00016329669,1
G020,G037,0.0001632463,1
G026,G023,0.00016324429,1
G078,G005,0.00016312671,1
G097,G023,0.00016301531,1
G046,G048,0.00016277027,1
G071,G090,0.00016261284,1
G070,G006,0.00016234255,1
G028,G014,0.00016226993,1
G066,G100,0.00016165103,1
G089,G031,0.00016164943,1
G052,G031,0.00016143154,1
G085,G091,0.00016131,1
G056,G031,0.00016104193,1
G001,G048,0.00016096995,1
G060,G055,0.00016054962,1
G082,G072,0.00016054377,1
G019,G050,0.00016028609,1
G024,G050,0.00016026857,1
G081,G031,0.00016016608,1
G012,G090,0.00015985536,1
G078,G070,0.00015979484,1
G004,G050,0.00015976967,1
G097,G050,0.00015967886,1
G093,G031,0.00015960606,1
G088,G095,0.00015960172,1
G065,G090,0.00015959074,1
G090,G043,0.00015955152,1
G068,G095,0.00015949835,1
G057,G100,0.00015939743,1
G083,G024,0.00015928966,1
G087,G095,0.00015926678,1
G004,G035,0.00015917684,1
G027,G037,0.00015910712,1
G089,G050,0.00015878622,1
G066,G055,0.00015847577,1
G043,G055,0.00015832597,1
G014,G094,0.00015818287,1
G017,G089,0.00015805768,1
G041,G096,0.00015785014,1
G031,G050,0.00015772127,1
G009,G100,0.00015767268,1
G082,G037,0.00015712043,1
G013,G018,0.00015707109,1
G095,G031,0.00015701742,1
G082,G023,0.00015701335,1
G091,G037,0.00015664421,1
G099,G095,0.00015653456,1
G035,G090,0.00015651996,1
G005,G075,0.00015647244,1
G058,G100,0.00015640123,1
G095,G050,0.00015637808,1
G062,G090,0.00015631074,1
G035,G031,0.00015616394,1
G055,G095,0.00015611277,1
G043,G037,0.00015606778,1
G016,G037,0.0001560318,1
G090,G048,0.00015598649,1
G004,G006,0.00015583438,1
G034,G023,0.00015581335,1
G021,G050,0.00015539338,1
G014,G034,0.00015521252,1
G085,G097,0.00015520169,1
G093,G095,0.00015511358,1
G056,G023,0.0001550811,1
G009,G006,0.00015500009,1
G060,G095,0.00015490188,1
G017,G024,0.00015462024,1
G025,G043,0.00015457004,1
G019,G048,0.00015446382,1
G039,G095,0.00015441244,1
G089,G048,0.00015430976,1
G002,G048,0.00015423875,1
G066,G048,0.00015416686,1
G068,G037,0.0001538934,1
G061,G037,0.00015377927,1
G088,G048,0.00015372665,1
G026,G037,0.00015368091,1
G011,G090,0.00015367582,1
G070,G090,0.00015364494,1
G021,G037,0.00015358132,1
G053,G031,0.00015356336,1
G029,G055,0.00015311711,1
G086,G032,0.00015309124,1
G019,G032,0.00015289758,1
G031,G095,0.00015284716,1
G007,G012,0.00015267057,1
G020,G075,0.00015264774,1
G055,G035,0.00015257705,1
G020,G095,0.00015255573,1
G054,G095,0.00015245295,1
G060,G035,0.00015232003,1
G082,G071,0.00015225122,1
G050,G031,0.00015211094,1
G069,G023,0.00015199346,1
G014,G053,0.00015179379,1
G078,G073,0.00015161658,1
G048,G082,0.00015145792,1
G058,G037,0.00015144685,1
G014,G093,0.00015130066,1
G072,G050,0.00015124916,1
G096,G041,0.00015122673,1
G090,G006,0.00015111039,1
G024,G095,0.00015107068,1
G095,G006,0.00015106364,1
G057,G037,0.0001509974,1
G001,G050,0.00015089355,1
G093,G050,0.00015087612,1
G031,G023,0.00015086494,1
G088,G032,0.00015076542,1
G081,G095,0.00015069188,1
G056,G048,0.0001506729,1
G085,G030,0.00015064629,1
G085,G015,0.00015058316,1
G078,G057,0.00015055027,1
G037,G043,0.000150131,1
G013,G037,0.0001501112,1
G034,G048,0.00014993093,1
G064,G090,0.00014989739,1
G084,G095,0.00014986351,1
G050,G095,0.00014982843,1
G087,G041,0.00014982028,1
G097,G071,0.00014969715,1
G075,G095,0.00014967589,1
G069,G035,0.00014906604,1
G063,G043,0.00014897942,1
G019,G095,0.00014878283,1
G078,G022,0.00014865273,1
G046,G100,0.00014851462,1
G088,G050,0.00014851056,1
G011,G044,0.00014844426,1
G033,G089,0.0001481674,1
G062,G050,0.00014797438,1
G089,G037,0.00014795874,1
G005,G043,0.0001479459,1
G024,G048,0.00014790076,1
G025,G032,0.00014775786,1
G030,G032,0.00014773445,1
G077,G050,0.00014765371,1
G061,G100,0.00014762834,1
G057,G023,0.00014739591,1
G097,G032,0.00014713759,1
G057,G095,0.0001470494,1
G090,G050,0.00014680848,1
G093,G048,0.00014676704,1
G070,G075,0.00014673808,1
G074,G095,0.00014667129,1
G078,G086,0.00014626073,1
G056,G035,0.00014626051,1
G031,G100,0.00014625445,1
G005,G037,0.00014624475,1
G062,G023,0.00014624199,1
G069,G048,0.00014612805,1
G087,G055,0.00014611118,1
G032,G078,0.0001460361,1
G098,G037,0.00014603541,1
G098,G095,0.00014597662,1
G070,G048,0.00014590113,1
G087,G050,0.00014588589,1
G032,G015,0.0001458545,1
G051,G031,0.00014581489,1
G099,G048,0.00014577074,1
G054,G037,0.00014557649,1
G005,G090,0.00014541269,1
G023,G016,0.00014505417,1
G082,G002,0.0001449561,1
G030,G071,0.00014492468,1
G001,G031,0.00014471723,1
G037,G050,0.00014470893,1
G001,G037,0.00014444102,1
G016,G100,0.00014435335,1
G098,G048,0.00014428672,1
G059,G100,0.0001441185,1
G047,G095,0.00014402327,1
G029,G023,0.00014401592,1
G019,G037,0.0001439126,1
G056,G050,0.00014375204,1
G026,G100,0.00014372502,1
G046,G071,0.00014352391,1
G085,G052,0.00014341879,1
G034,G095,0.00014336473,1
G002,G055,0.00014326882,1
G043,G035,0.00014314418,1
G045,G050,0.0001430929,1
G015,G071,0.0001428706,1
G001,G100,0.0001426609,1
G019,G023,0.00014265547,1
G092,G055,0.00014257568,1
G092,G037,0.00014240418,1
G061,G048,0.00014222828,1
G039,G048,0.0001421968,1
G029,G035,0.00014202662,1
G097,G037,0.0001419152,1
G024,G035,0.00014159296,1
G056,G037,0.00014148983,1
G055,G048,0.00014143148,1
G054,G023,0.00014133392,1
G084,G037,0.0001413114,1
G013,G053,0.0001412862,1
G055,G023,0.00014121774,1
G064,G048,0.00014119357,1
G020,G035,0.00014117842,1
G012,G075,0.00014108489,1
G092,G035,0.00014089429,1
G085,G009,0.00014080617,1
G091,G023,0.00014067163,1
G008,G014,0.000140643,1
G056,G100,0.00014038997,1
G070,G032,0.00014030017,1
G054,G055,0.00014027338,1
G072,G006,0.00014026817,1
G098,G023,0.00013971802,1
G022,G007,0.000139621,1
G077,G023,0.00013961863,1
G097,G048,0.00013957228,1
G059,G048,0.00013952576,1
G033,G043,0.00013948034,1
G060,G048,0.00013938504,1
G038,G071,0.0001392039,1
G038,G048,0.00013907655,1
G086,G050,0.00013896187,1
G040,G100,0.00013892827,1
G041,G024,0.0001388485,1
G001,G023,0.00013884723,1
G096,G075,0.00013872415,1
G076,G043,0.00013866558,1
G034,G032,0.00013844977,1
G026,G048,0.00013843142,1
G080,G043,0.00013841088,1
G072,G035,0.00013802332,1
G068,G048,0.00013798507,1
G098,G035,0.00013792166,1
G015,G100,0.00013745333,1
G015,G053,0.00013744923,1
G034,G055,0.00013735617,1
G018,G031,0.00013731305,1
G086,G048,0.0001372809,1
G039,G050,0.00013656307,1
G001,G095,0.0001365255,1
G097,G035,0.00013651873,1
G050,G023,0.00013635606,1
G027,G071,0.00013613772,1
G051,G043,0.0001361161,1
G009,G035,0.00013609935,1
G007,G094,0.00013588359,1
G030,G048,0.00013586011,1
G011,G049,0.00013564565,1
G018,G043,0.00013556414,1
G063,G071,0.00013555266,1
G098,G055,0.00013534781,1
G012,G006,0.0001352679,1
G046,G055,0.00013514004,1
G075,G031,0.00013489039,1
G040,G023,0.00013479494,1
G013,G055,0.00013461358,1
G007,G002,0.00013457885,1
G003,G075,0.00013455635,1
G086,G055,0.00013441384,1
G053,G090,0.00013440839,1
G091,G035,0.00013420258,1
G062,G095,0.000134033,1
G005,G085,0.00013385975,1
G017,G071,0.00013375898,1
G086,G037,0.00013367244,1
G092,G100,0.00013361622,1
G011,G015,0.00013359386,1
G065,G031,0.00013336325,1
G097,G100,0.00013332511,1
G024,G100,0.00013324911,1
G071,G023,0.0001332245,1
G090,G095,0.00013320026,1
G057,G048,0.00013308768,1
G029,G100,0.00013288103,1
G035,G048,0.00013284358,1
G039,G032,0.00013276303,1
G018,G090,0.0001323046,1
G060,G037,0.000132127,1
G017,G048,0.00013185982,1
G066,G035,0.00013182043,1
G064,G031,0.00013175537,1
G007,G095,0.00013169591,1
G014,G078,0.00013168911,1
G046,G023,0.00013162538,1
G092,G032,0.00013161376,1
G061,G053,0.00013157059,1
G086,G035,0.00013155241,1
G030,G035,0.00013146116,1
G054,G032,0.00013138837,1
G085,G049,0.00013129694,1
G085,G004,0.0001312452,1
G047,G050,0.0001310886,1
G025,G050,0.00013062113,1
G062,G048,0.00013058989,1
G015,G002,0.00013057786,1
G020,G032,0.0001305559,1
G009,G023,0.00013054964,1
G069,G055,0.00013053161,1
G012,G050,0.00013050044,1
G077,G037,0.00013037071,1
G057,G071,0.00013024196,1
G083,G100,0.00013020604,1
G059,G023,0.00013019821,1
G077,G071,0.00013015367,1
G053,G050,0.00012999127,1
G092,G053,0.00012992624,1
G086,G023,0.00012980921,1
G003,G016,0.00012969362,1
G068,G032,0.00012968683,1
G017,G032,0.00012967468,1
G033,G075,0.00012959284,1
G071,G100,0.00012957498,1
G019,G071,0.00012943693,1
G071,G050,0.0001291577,1
G017,G016,0.00012912057,1
G022,G078,0.00012910631,1
G027,G053,0.00012897635,1
G037,G055,0.00012890839,1
G061,G023,0.00012871031,1
G082,G057,0.00012849926,1
G052,G048,0.00012841275,1
G099,G050,0.00012836866,1
G066,G023,0.00012832315,1
G002,G023,0.00012819345,1
G065,G050,0.0001280036,1
G030,G037,0.00012797253,1
G082,G086,0.00012761449,1
G046,G035,0.00012757166,1
G056,G071,0.00012754867,1
G052,G094,0.0001274141,1
G077,G048,0.00012739327,1
G092,G048,0.00012719052,1
G025,G031,0.00012704609,1
G040,G093,0.00012665946,1
G068,G035,0.00012662497,1
G050,G100,0.00012658302,1
G014,G071,0.00012643915,1
G055,G071,0.00012640108,1
G059,G053,0.00012636131,1
G033,G015,0.000126124,1
G095,G037,0.0001261091,1
G096,G048,0.00012607852,1
G093,G053,0.00012592404,1
G027,G048,0.00012584175,1
G052,G095,0.00012577858,1
G069,G032,0.00012545381,1
G067,G015,0.00012526446,1
G096,G031,0.00012516108,1
G061,G032,0.00012508355,1
G043,G006,0.00012479794,1
G081,G050,0.00012467803,1
G091,G055,0.00012448776,1
G084,G048,0.00012438415,1
G077,G095,0.00012433296,1
G052,G032,0.00012432432,1
G028,G082,0.00012427216,1
G074,G035,0.00012409379,1
G035,G050,0.00012401912,1
G035,G071,0.00012348102,1
G066,G032,0.00012325279,1
G024,G055,0.00012305,1
G091,G071,0.00012291875,1
G027,G035,0.00012290319,1
G096,G095,0.0001225139,1
G035,G006,0.00012249981,1
G087,G035,0.00012247683,1
G034,G071,0.0001223775,1
G078,G034,0.00012228855,1
G001,G055,0.00012218632,1
G076,G048,0.00012201463,1
G017,G090,0.000121996985,1
G053,G095,0.00012195332,1
G096,G090,0.00012185921,1
G081,G037,0.00012168121,1
G014,G023,0.00012160248,1
G024,G037,0.00012146344,1
G046,G037,0.000121416626,1
G052,G050,0.00012114482,1
G021,G035,0.00012110137,1
G004,G037,0.0001210556,1
G021,G055,0.0001209652,1
G097,G055,0.000120933946,1
G085,G054,0.00012092712,1
G070,G003,0.000120503406,1
G003,G090,0.00012036986,1
G087,G048,0.00012013714,1
G008,G016,0.00012008081,1
G033,G041,0.00012002948,1
G059,G032,0.00011994603,1
G014,G086,0.000119815726,1
G070,G031,0.00011979944,1
G023,G078,0.00011979169,1
G081,G072,0.00011977833,1
G067,G016,0.00011975296,1
G089,G023,0.00011971944,1
G076,G024,0.000119658034,1
G045,G031,0.00011963485,1
G095,G035,0.00011943448,1
G044,G096,0.000119353674,1
G046,G053,0.0001193248,1
G061,G071,0.00011926989,1
G009,G055,0.00011915466,1
G056,G055,0.00011907601,1
G064,G095,0.00011904571,1
G055,G050,0.00011900538,1
G099,G032,0.0001189846,1
G065,G048,0.00011897378,1
G039,G071,0.00011890164,1
G043,G032,0.000118882446,1
G072,G055,0.00011887931,1
G014,G088,0.00011878769,1
G053,G048,0.00011861596,1
G039,G100,0.000118358395,1
G027,G100,0.00011814992,1
G021,G071,0.00011812962,1
G004,G100,0.00011800938,1
G072,G095,0.00011797339,1
G074,G078,0.0001178881,1
G100,G028,0.00011788133,1
G074,G032,0.00011787247,1
G068,G100,0.000117803414,1
G094,G003,0.00011778652,1
G026,G053,0.000117655974,1
G066,G071,0.00011752017,1
G082,G039,0.00011750599,1
G080,G031,0.000117448755,1
G033,G016,0.00011739163,1
G075,G023,0.000117178104,1
G054,G100,0.00011713449,1
G070,G095,0.000116927346,1
G029,G032,0.00011690204,1
G057,G041,0.00011683387,1
G017,G075,0.000116722375,1
G064,G050,0.000116709765,1
G024,G071,0.000116665506,1
G043,G071,0.00011662209,1
G015,G011,0.00011661397,1
G012,G023,0.000116408104,1
G067,G014,0.00011615804,1
G008,G048,0.000115954455,1
G054,G035,0.00011592794,1
G093,G037,0.00011579066,1
G081,G032,0.000115738854,1
G069,G037,0.00011562644,1
G066,G053,0.000115581395,1
G075,G071,0.00011555899,1
G075,G037,0.00011551741,1
G088,G053,0.00011544895,1
G058,G071,0.00011539181,1
G085,G079,0.000115316885,1
G059,G035,0.00011529767,1
G077,G053,0.00011526793,1
G089,G035,0.00011522478,1
G091,G032,0.00011518755,1
G015,G057,0.00011518649,1
G073,G032,0.0001151314,1
G078,G019,0.00011512729,1
G068,G055,0.00011506331,1
G020,G100,0.00011501769,1
G065,G095,0.000114909475,1
G086,G071,0.00011474575,1
G085,G058,0.00011473947,1
G040,G041,0.00011473754,1
G030,G100,0.00011452734,1
G054,G048,0.00011452119,1
G074,G055,0.00011430705,1
G056,G095,0.000114306145,1
G058,G048,0.000114301976,1
G008,G043,0.00011424236,1
G074,G048,0.000114174945,1
G034,G037,0.000114038114,1
G014,G057,0.00011402689,1
G058,G055,0.00011365904,1
G033,G049,0.000113515176,1
G079,G071,0.00011346092,1
G077,G100,0.00011342975,1
G051,G095,0.000113389426,1
G054,G053,0.00011331162,1
G086,G095,0.00011289721,1
G045,G095,0.00011285902,1
G076,G041,0.00011201107,1
G047,G053,0.00011199052,1
G025,G100,0.000111924295,1
G090,G055,0.00011191508,1
G084,G055,0.00011184733,1
G097,G053,0.00011174118,1
G041,G085,0.0001116403,1
G002,G035,0.00011158911,1
G021,G048,0.000111572896,1
G085,G084,0.00011149498,1
G060,G023,0.00011141261,1
G051,G071,0.00011131023,1
G015,G086,0.00011129399,1
G076,G044,0.00011117817,1
G007,G053,0.00011113863,1
G075,G100,0.00011111422,1
G077,G055,0.00011110837,1
G087,G071,0.00011108863,1
G058,G095,0.00011098879,1
G089,G095,0.00011092817,1
G082,G011,0.00011089468,1
G082,G093,0.000110888235,1
G085,G082,0.000110797606,1
G034,G100,0.00011071209,1
G001,G071,0.00011024854,1
G015,G093,0.000110242894,1
G030,G023,0.00010997927,1
G028,G078,0.00010962299,1
G077,G032,0.00010947732,1
G033,G050,0.00010917961,1
G052,G071,0.00010916397,1
G045,G037,0.00010906413,1
G052,G055,0.00010887295,1
G014,G070,0.000108808774,1
G085,G016,0.00010860507,1
G039,G023,0.000108508706,1
G025,G071,0.000108261345,1
G093,G035,0.000108253786,1
G007,G055,0.00010793697,1
G088,G071,0.000107779924,1
G063,G031,0.00010768205,1
G076,G096,0.000107623295,1
G004,G055,0.000107588814,1
G043,G053,0.00010740582,1
G022,G057,0.000107395594,1
G078,G018,0.00010717103,1
G096,G050,0.00010716232,1
G016,G093,0.00010694004,1
G025,G048,0.00010690504,1
G015,G094,0.00010687114,1
G083,G016,0.0001068613,1
G040,G053,0.00010665181,1
G072,G044,0.00010663623,1
G047,G100,0.00010640452,1
G084,G053,0.00010627882,1
G015,G078,0.00010620404,1
G086,G100,0.00010604363,1
G043,G048,0.00010593347,1
G089,G100,0.00010583729,1
G001,G035,0.00010579721,1
G005,G016,0.00010575956,1
G013,G023,0.0001056909,1
G005,G100,0.00010561697,1
G098,G071,0.00010561639,1
G083,G044,0.0001054884,1
G062,G055,0.00010538026,1
G040,G057,0.00010532366,1
G011,G048,0.00010526301,1
G026,G032,0.00010520047,1
G091,G053,0.00010519973,1
G093,G055,0.00010503472,1
G022,G037,0.00010490879,1
G088,G035,0.00010476622,1
G047,G037,0.00010433687,1
G047,G055,0.000104245184,1
G015,G008,0.000104149716,1
G098,G100,0.000104091836,1
G042,G071,0.00010397695,1
G085,G067,0.000103956496,1
G026,G071,0.00010382499,1
G050,G048,0.00010378873,1
G095,G071,0.00010351435,1
G084,G071,0.00010344625,1
G022,G056,0.00010343766,1
G071,G095,0.00010327866,1
G031,G055,0.00010316884,1
G078,G039,0.00010312909,1
G045,G023,0.00010299913,1
G011,G016,0.000102839746,1
G062,G032,0.00010281805,1
G022,G032,0.0001027734,1
G083,G012,0.000102680795,1
G003,G015,0.00010265396,1
G082,G019,0.00010247492,1
G020,G050,0.00010240491,1
G026,G055,0.000102366816,1
G037,G071,0.00010223112,1
G052,G053,0.000101934864,1
G037,G048,0.00010187726,1
G059,G093,0.00010176122,1
G053,G035,0.00010167268,1
G082,G034,0.00010150397,1
G066,G002,0.00010148734,1
G011,G100,0.00010140918,1
G076,G012,0.0001013836,1
G024,G053,0.00010114198,1
G058,G032,0.00010101611,1
G072,G015,0.000100909216,1
G080,G071,0.000100778845,1
G031,G053,0.00010054767,1
G014,G056,0.0001004458,1
G010,G043,0.00010038852,1
G020,G055,0.0001002657,1
G015,G001,0.00010022858,1
G099,G055,0.000100125864,1
G014,G002,0.000100058336,1
G063,G037,9.995328e-05,1
G083,G090,9.983089e-05,1
G039,G055,9.9766716e-05,1
G088,G023,9.963767e-05,1
G039,G035,9.958308e-05,1
G084,G100,9.94185e-05,1
G083,G075,9.935047e-05,1
G090,G071,9.9238576e-05,1
G047,G032,9.918266e-05,1
G040,G078,9.910958e-05,1
G083,G043,9.893083e-05,1
G011,G050,9.8858036e-05,1
G095,G023,9.884208e-05,1
G099,G035,9.8740435e-05,1
G050,G071,9.8711556e-05,1
G040,G048,9.868261e-05,1
G093,G023,9.864932e-05,1
G009,G032,9.8535966e-05,1
G085,G047,9.8482196e-05,1
G033,G090,9.8350014e-05,1
G026,G035,9.824317e-05,1
G063,G100,9.8239696e-05,1
G016,G071,9.800464e-05,1
G015,G070,9.763593e-05,1
G080,G048,9.75234e-05,1
G029,G037,9.7449105e-05,1
G062,G018,9.731084e-05,1
G051,G078,9.725285e-05,1
G058,G053,9.722934e-05,1
G031,G035,9.7132026e-05,1
G031,G015,9.6993324e-05,1
G051,G050,9.698918e-05,1
G084,G032,9.68393e-05,1
G082,G048,9.679908e-05,1
G018,G048,9.660452e-05,1
G074,G053,9.651128e-05,1
G095,G055,9.632641e-05,1
G029,G002,9.6173e-05,1
G079,G016,9.612367e-05,1
G027,G023,9.6110205e-05,1
G059,G071,9.599699e-05,1
G090,G053,9.5797026e-05,1
G027,G093,9.559227e-05,1
G099,G023,9.558634e-05,1
G050,G037,9.541082e-05,1
G072,G038,9.535853e-05,1
G041,G005,9.5142655e-05,1
G082,G077,9.499636e-05,1
G012,G053,9.496685e-05,1
G047,G035,9.495245e-05,1
G027,G032,9.4841365e-05,1
G057,G078,9.47178e-05,1
G051,G037,9.470542e-05,1
G092,G057,9.4411684e-05,1
G028,G016,9.440295e-05,1
G098,G053,9.436412e-05,1
G012,G095,9.434915e-05,1
G051,G048,9.429544e-05,1
G039,G037,9.4177754e-05,1
G068,G071,9.40006e-05,1
G036,G071,9.3967305e-05,1
G035,G032,9.37827e-05,1
G043,G086,9.3706956e-05,1
G047,G023,9.355571e-05,1
G055,G037,9.34496e-05,1
G053,G037,9.3212686e-05,1
G050,G053,9.3100345e-05,1
G057,G053,9.306222e-05,1
G050,G055,9.305158e-05,1
G025,G023,9.3032126e-05,1
G060,G086,9.272864e-05,1
G019,G100,9.254933e-05,1
G034,G035,9.250769e-05,1
G009,G093,9.2453134e-05,1
G084,G035,9.24243e-05,1
G081,G035,9.228353e-05,1
G021,G086,9.226716e-05,1
G085,G048,9.22477e-05,1
G092,G023,9.2246475e-05,1
G025,G085,9.219375e-05,1
G060,G002,9.216549e-05,1
G059,G057,9.167054e-05,1
G042,G085,9.157047e-05,1
G081,G053,9.1498914e-05,1
G081,G071,9.13778e-05,1
G088,G055,9.121815e-05,1
G040,G086,9.118783e-05,1
G043,G002,9.113473e-05,1
G014,G001,9.088178e-05,1
G090,G037,9.087427e-05,1
G045,G053,9.062918e-05,1
G018,G094,9.05042e-05,1
G034,G053,9.050165e-05,1
G087,G053,9.042399e-05,1
G043,G100,9.0192e-05,1
G062,G071,9.0067304e-05,1
G001,G002,8.971658e-05,1
G081,G048,8.9604066e-05,1
G019,G055,8.952635e-05,1
G022,G053,8.920348e-05,1
G080,G006,8.919401e-05,1
G027,G078,8.918025e-05,1
G055,G100,8.904256e-05,1
G023,G015,8.898392e-05,1
G016,G078,8.884369e-05,1
G092,G071,8.883579e-05,1
G074,G037,8.877279e-05,1
G085,G022,8.8524044e-05,1
G040,G071,8.843573e-05,1
G056,G053,8.839661e-05,1
G060,G071,8.835713e-05,1
G081,G055,8.80094e-05,1
G061,G002,8.740475e-05,1
G078,G088,8.728504e-05,1
G095,G100,8.722332e-05,1
G068,G053,8.7222325e-05,1
G091,G002,8.708907e-05,1
G021,G093,8.7080865e-05,1
G078,G011,8.703646e-05,1
G016,G057,8.656686e-05,1
G057,G086,8.64191e-05,1
G066,G057,8.6291635e-05,1
G014,G039,8.568603e-05,1
G089,G053,8.568431e-05,1
G059,G086,8.5628264e-05,1
G070,G071,8.562363e-05,1
G011,G008,8.559064e-05,1
G015,G052,8.556626e-05,1
G046,G032,8.551887e-05,1
G057,G002,8.537982e-05,1
G054,G071,8.537333e-05,1
G092,G086,8.532507e-05,1
G090,G035,8.514189e-05,1
G061,G035,8.510034e-05,1
G083,G015,8.5028725e-05,1
G076,G089,8.502245e-05,1
G085,G007,8.500025e-05,1
G019,G035,8.491561e-05,1
G012,G055,8.4877334e-05,1
G044,G012,8.478563e-05,1
G060,G053,8.473754e-05,1
G020,G053,8.4654996e-05,1
G010,G078,8.451058e-05,1
G050,G035,8.448413e-05,1
G077,G035,8.448327e-05,1
G022,G086,8.439955e-05,1
G012,G100,8.432212e-05,1
G030,G041,8.420729e-05,1
G021,G032,8.4118205e-05,1
G029,G053,8.400713e-05,1
G042,G041,8.3835876e-05,1
G011,G095,8.367355e-05,1
G008,G015,8.3546685e-05,1
G018,G100,8.3268504e-05,1
G097,G086,8.311446e-05,1
G039,G086,8.29553e-05,1
G053,G071,8.280296e-05,1
G089,G055,8.280009e-05,1
G005,G008,8.270655e-05,1
G083,G037,8.269461e-05,1
G022,G015,8.2578525e-05,1
G088,G037,8.2401035e-05,1
G070,G050,8.187082e-05,1
G060,G093,8.186408e-05,1
G029,G085,8.148849e-05,1
G013,G057,8.144599e-05,1
G027,G057,8.131287e-05,1
G017,G031,8.126638e-05,1
G015,G039,8.110479e-05,1
G013,G086,8.106599e-05,1
G066,G093,8.097639e-05,1
G091,G086,8.093272e-05,1
G078,G077,8.083966e-05,1
G033,G095,8.082247e-05,1
G014,G085,8.079449e-05,1
G099,G071,8.0780366e-05,1
G015,G034,8.066949e-05,1
G075,G055,8.064376e-05,1
G012,G015,8.052362e-05,1
G035,G055,8.0464146e-05,1
G041,G089,8.023968e-05,1
G029,G093,8.0023594e-05,1
G093,G071,7.98206e-05,1
G035,G095,7.965395e-05,1
G027,G002,7.955262e-05,1
G085,G080,7.945534e-05,1
G025,G078,7.906166e-05,1
G099,G037,7.901962e-05,1
G089,G071,7.8686244e-05,1
G019,G053,7.853027e-05,1
G047,G085,7.8386394e-05,1
G064,G037,7.828931e-05,1
G062,G037,7.812461e-05,1
G033,G078,7.8052595e-05,1
G076,G090,7.798276e-05,1
G040,G001,7.781686e-05,1
G044,G089,7.77312e-05,1
G057,G093,7.747186e-05,1
G085,G068,7.745079e-05,1
G064,G071,7.739557e-05,1
G084,G078,7.738693e-05,1
G039,G053,7.7268734e-05,1
G090,G023,7.7156714e-05,1
G025,G095,7.708344e-05,1
G014,G004,7.70602e-05,1
G062,G035,7.701809e-05,1
G069,G071,7.6737655e-05,1
G043,G056,7.6695964e-05,1
G098,G032,7.660149e-05,1
G064,G053,7.64575e-05,1
G018,G071,7.609921e-05,1
G092,G078,7.596372e-05,1
G006,G022,7.5749216e-05,1
G065,G055,7.552043e-05,1
G074,G071,7.550449e-05,1
G029,G057,7.550126e-05,1
G002,G037,7.533783e-05,1
G017,G100,7.531675e-05,1
G030,G086,7.514345e-05,1
G061,G057,7.496069e-05,1
G067,G048,7.490157e-05,1
G065,G023,7.4716394e-05,1
G096,G035,7.469013e-05,1
G030,G078,7.468026e-05,1
G092,G002,7.46319e-05,1
G061,G093,7.44982e-05,1
G059,G078,7.426385e-05,1
G059,G002,7.4162956e-05,1
G095,G072,7.415779e-05,1
G072,G052,7.402776e-05,1
G079,G043,7.373982e-05,1
G069,G100,7.361791e-05,1
G083,G014,7.358624e-05,1
G012,G035,7.347555e-05,1
G012,G037,7.321159e-05,1
G034,G041,7.305429e-05,1
G067,G043,7.292244e-05,1
G095,G093,7.2657735e-05,1
G046,G002,7.1796356e-05,1
G015,G085,7.1745475e-05,1
G013,G007,7.171645e-05,1
G015,G023,7.1608425e-05,1
G098,G093,7.158637e-05,1
G058,G035,7.15529e-05,1
G055,G053,7.1542985e-05,1
G062,G093,7.153341e-05,1
G018,G050,7.1340255e-05,1
G001,G093,7.133085e-05,1
G069,G002,7.132743e-05,1
G030,G002,7.118324e-05,1
G064,G100,7.112822e-05,1
G017,G085,7.086292e-05,1
G075,G035,7.084561e-05,1
G037,G023,7.072199e-05,1
G084,G002,7.067913e-05,1
G058,G078,7.059471e-05,1
G046,G057,7.059456e-05,1
G061,G086,7.032379e-05,1
G003,G053,7.030643e-05,1
G003,G050,7.0232476e-05,1
G016,G018,6.9974136e-05,1
G060,G057,6.9874375e-05,1
G026,G002,6.9355665e-05,1
G013,G093,6.927976e-05,1
G002,G041,6.906861e-05,1
G031,G037,6.895714e-05,1
G092,G093,6.8842826e-05,1
G037,G093,6.8681125e-05,1
G004,G002,6.852947e-05,1
G057,G056,6.818581e-05,1
G030,G053,6.818088e-05,1
G015,G077,6.7987625e-05,1
G014,G052,6.7823894e-05,1
G054,G078,6.779993e-05,1
G061,G078,6.7793284e-05,1
G043,G078,6.773e-05,1
G069,G057,6.765795e-05,1
G091,G093,6.7313114e-05,1
G084,G057,6.716519e-05,1
G082,G052,6.705888e-05,1
G056,G002,6.687178e-05,1
G021,G057,6.6822184e-05,1
G016,G086,6.6594876e-05,1
G021,G053,6.657229e-05,1
G082,G067,6.6407076e-05,1
G069,G093,6.620793e-05,1
G016,G041,6.601548e-05,1
G029,G078,6.5952365e-05,1
G022,G052,6.592009e-05,1
G014,G019,6.589248e-05,1
G085,G014,6.5856344e-05,1
G043,G057,6.575399e-05,1
G031,G002,6.574181e-05,1
G069,G086,6.5591616e-05,1
G029,G056,6.550702e-05,1
G012,G024,6.542741e-05,1
G032,G016,6.5352375e-05,1
G042,G016,6.528993e-05,1
G027,G086,6.528441e-05,1
G078,G067,6.526595e-05,1
G082,G001,6.521939e-05,1
G010,G048,6.518043e-05,1
G051,G072,6.510594e-05,1
G012,G085,6.506256e-05,1
G016,G002,6.492495e-05,1
G074,G002,6.491761e-05,1
G004,G093,6.47873e-05,1
G085,G018,6.477571e-05,1
G087,G023,6.448478e-05,1
G086,G002,6.439119e-05,1
G023,G072,6.4173924e-05,1
G098,G002,6.388521e-05,1
G086,G053,6.38302e-05,1
G036,G016,6.343191e-05,1
G063,G050,6.332257e-05,1
G052,G093,6.3226515e-05,1
G016,G056,6.322183e-05,1
G058,G057,6.30466e-05,1
G078,G001,6.299996e-05,1
G051,G023,6.261494e-05,1
G083,G050,6.233349e-05,1
G054,G002,6.2324456e-05,1
G057,G016,6.2290484e-05,1
G047,G016,6.201692e-05,1
G073,G015,6.195108e-05,1
G078,G049,6.1889186e-05,1
G087,G037,6.1554034e-05,1
G078,G052,6.1523795e-05,1
G098,G041,6.148575e-05,1
G011,G023,6.146535e-05,1
G064,G055,6.0953607e-05,1
G090,G078,6.0794e-05,1
G037,G053,6.071293e-05,1
G007,G093,6.0405397e-05,1
G059,G056,6.0344046e-05,1
G040,G056,6.0246286e-05,1
G040,G034,6.0059978e-05,1
G038,G024,6.005692e-05,1
G066,G078,5.9987193e-05,1
G041,G032,5.986697e-05,1
G018,G095,5.9861995e-05,1
G034,G002,5.9776754e-05,1
G052,G035,5.9498412e-05,1
G098,G057,5.9498005e-05,1
G054,G093,5.9494265e-05,1
G020,G071,5.948857e-05,1
G089,G056,5.9306134e-05,1
G039,G002,5.926797e-05,1
G029,G086,5.911694e-05,1
G065,G071,5.9005e-05,1
G007,G035,5.8590515e-05,1
G041,G012,5.85061e-05,1
G020,G016,5.8414305e-05,1
G047,G071,5.839749e-05,1
G098,G056,5.8333677e-05,1
G082,G005,5.824353e-05,1
G041,G075,5.8195157e-05,1
G095,G053,5.8123383e-05,1
G045,G055,5.8113896e-05,1
G058,G093,5.790728e-05,1
G009,G086,5.7881556e-05,1
G099,G053,5.755201e-05,1
G096,G071,5.7364992e-05,1
G013,G002,5.7323545e-05,1
G076,G078,5.7298064e-05,1
G024,G056,5.725156e-05,1
G077,G002,5.7224966e-05,1
G063,G095,5.7214173e-05,1
G002,G067,5.719791e-05,1
G037,G078,5.7067355e-05,1
G025,G053,5.7019915e-05,1
G085,G061,5.6953275e-05,1
G084,G086,5.6919598e-05,1
G034,G093,5.6911846e-05,1
G085,G029,5.6887384e-05,1
G011,G014,5.6512225e-05,1
G015,G021,5.6473258e-05,1
G057,G034,5.639956e-05,1
G082,G007,5.636752e-05,1
G007,G076,5.6364246e-05,1
G084,G072,5.620764e-05,1
G087,G078,5.612218e-05,1
G085,G046,5.6014564e-05,1
G001,G053,5.6012923e-05,1
G091,G078,5.595096e-05,1
G005,G050,5.5886496e-05,1
G035,G094,5.586154e-05,1
G040,G002,5.5783326e-05,1
G010,G006,5.5385222e-05,1
G041,G090,5.534006e-05,1
G026,G093,5.521677e-05,1
G074,G093,5.5189892e-05,1
G071,G053,5.514327e-05,1
G043,G023,5.5037006e-05,1
G045,G035,5.503043e-05,1
G016,G052,5.5008797e-05,1
G029,G041,5.4585256e-05,1
G018,G078,5.4456224e-05,1
G017,G037,5.436754e-05,1
G056,G086,5.4247073e-05,1
G030,G057,5.4234468e-05,1
G014,G009,5.4140677e-05,1
G030,G093,5.4134147e-05,1
G045,G018,5.411907e-05,1
G042,G078,5.392708e-05,1
G047,G002,5.383908e-05,1
G002,G086,5.378905e-05,1
G052,G002,5.3745036e-05,1
G040,G072,5.3677475e-05,1
G069,G053,5.3472973e-05,1
G075,G086,5.335233e-05,1
G031,G016,5.3343887e-05,1
G014,G006,5.329851e-05,1
G054,G057,5.326922e-05,1
G014,G077,5.325447e-05,1
G004,G053,5.3039552e-05,1
G058,G085,5.2972395e-05,1
G071,G055,5.2881245e-05,1
G072,G086,5.287115e-05,1
G003,G055,5.28378e-05,1
G003,G095,5.2559102e-05,1
G022,G002,5.2556665e-05,1
G043,G093,5.2466254e-05,1
G009,G018,5.222423e-05,1
G002,G072,5.22197e-05,1
G037,G057,5.2149484e-05,1
G080,G082,5.1890445e-05,1
G009,G057,5.1710507e-05,1
G096,G055,5.167573e-05,1
G097,G056,5.1622847e-05,1
G090,G057,5.153692e-05,1
G027,G056,5.1510837e-05,1
G077,G056,5.1436215e-05,1
G084,G041,5.1381816e-05,1
G039,G041,5.1281397e-05,1
G085,G026,5.09751e-05,1
G088,G018,5.0793013e-05,1
G004,G057,5.030794e-05,1
G037,G035,5.0297793e-05,1
G005,G095,5.0256083e-05,1
G046,G056,4.985024e-05,1
G093,G086,4.98122e-05,1
G069,G078,4.9540817e-05,1
G053,G055,4.9373724e-05,1
G014,G063,4.9312323e-05,1
G076,G075,4.926536e-05,1
G019,G078,4.9256236e-05,1
G092,G041,4.923635e-05,1
G068,G002,4.918999e-05,1
G002,G078,4.911592e-05,1
G085,G098,4.89532e-05,1
G020,G041,4.8852096e-05,1
G059,G041,4.857203e-05,1
G024,G093,4.8294885e-05,1
G036,G048,4.8179136e-05,1
G021,G002,4.8126294e-05,1
G087,G086,4.8100683e-05,1
G020,G078,4.8084774e-05,1
G056,G078,4.8039634e-05,1
G066,G056,4.8016824e-05,1
G031,G049,4.792775e-05,1
G087,G002,4.7762576e-05,1
G031,G078,4.773097e-05,1
G015,G019,4.7637957e-05,1
G022,G016,4.761262e-05,1
G084,G049,4.7532634e-05,1
G031,G086,4.7514604e-05,1
G004,G041,4.744224e-05,1
G078,G004,4.7371832e-05,1
G035,G002,4.731706e-05,1
G027,G041,4.7197253e-05,1
G056,G041,4.713707e-05,1
G021,G041,4.7128993e-05,1
G098,G052,4.706677e-05,1
G074,G023,4.695577e-05,1
G016,G034,4.6846315e-05,1
G002,G053,4.6706344e-05,1
G034,G057,4.6628804e-05,1
G001,G086,4.6575606e-05,1
G073,G016,4.6390367e-05,1
G026,G072,4.637789e-05,1
G045,G093,4.565554e-05,1
G021,G016,4.5433535e-05,1
G036,G015,4.5420744e-05,1
G040,G016,4.5298053e-05,1
G077,G086,4.52182e-05,1
G098,G086,4.5061468e-05,1
G044,G006,4.5051234e-05,1
G068,G093,4.5028675e-05,1
G045,G094,4.4821416e-05,1
G046,G072,4.4760265e-05,1
G060,G056,4.458391e-05,1
G031,G057,4.3881817e-05,1
G014,G022,4.3802218e-05,1
G038,G078,4.3758308e-05,1
G019,G086,4.374164e-05,1
G019,G093,4.3685177e-05,1
G074,G086,4.363128e-05,1
G013,G052,4.3619584e-05,1
G077,G016,4.3565855e-05,1
G070,G053,4.356009e-05,1
G026,G086,4.3338223e-05,1
G063,G055,4.3212916e-05,1
G024,G086,4.3084437e-05,1
G088,G056,4.298919e-05,1
G093,G056,4.269827e-05,1
G095,G086,4.2634485e-05,1
G013,G056,4.2568867e-05,1
G093,G018,4.251742e-05,1
G039,G016,4.2434036e-05,1
G014,G082,4.207526e-05,1
G026,G041,4.2059186e-05,1
G060,G078,4.200939e-05,1
G098,G078,4.2002684e-05,1
G084,G093,4.1718038e-05,1
G098,G016,4.1647705e-05,1
G024,G041,4.1609408e-05,1
G078,G033,4.1549563e-05,1
G057,G052,4.15111e-05,1
G041,G100,4.147396e-05,1
G015,G064,4.1463994e-05,1
G040,G032,4.1426232e-05,1
G003,G093,4.1352392e-05,1
G070,G037,4.123002e-05,1
G064,G002,4.1154322e-05,1
G081,G023,4.1092295e-05,1
G068,G057,4.1029132e-05,1
G012,G002,4.094757e-05,1
G024,G078,4.0907424e-05,1
G068,G086,4.072453e-05,1
G082,G097,4.0511564e-05,1
G019,G085,4.034341e-05,1
G061,G056,4.033055e-05,1
G026,G057,4.0239272e-05,1
G084,G016,4.017792e-05,1
G086,G041,3.9832234e-05,1
G068,G078,3.9623836e-05,1
G080,G024,3.9604507e-05,1
G066,G086,3.9566192e-05,1
G054,G015,3.9496692e-05,1
G030,G056,3.9179227e-05,1
G087,G052,3.8829872e-05,1
G069,G056,3.8696387e-05,1
G033,G055,3.858261e-05,1
G096,G078,3.854748e-05,1
G026,G056,3.853299e-05,1
G027,G052,3.8476457e-05,1
G060,G016,3.8443668e-05,1
G075,G002,3.823073e-05,1
G013,G078,3.7947124e-05,1
G017,G050,3.791946e-05,1
G024,G002,3.7902788e-05,1
G044,G071,3.7896232e-05,1
G015,G005,3.7771755e-05,1
G050,G086,3.7633396e-05,1
G046,G093,3.7546382e-05,1
G040,G064,3.7359663e-05,1
G091,G052,3.7157868e-05,1
G061,G041,3.7113416e-05,1
G076,G031,3.682688e-05,1
G014,G069,3.675613e-05,1
G020,G093,3.6693942e-05,1
G090,G002,3.665289e-05,1
G086,G056,3.663535e-05,1
G050,G002,3.6610676e-05,1
G087,G057,3.659275e-05,1
G088,G002,3.6504625e-05,1
G074,G100,3.6331727e-05,1
G007,G018,3.6307578e-05,1
G050,G078,3.611104e-05,1
G018,G037,3.6029538e-05,1
G009,G056,3.590742e-05,1
G071,G016,3.589997e-05,1
G019,G002,3.5884023e-05,1
G039,G078,3.5803932e-05,1
G046,G086,3.5803772e-05,1
G064,G035,3.5771554e-05,1
G025,G055,3.5707177e-05,1
G029,G049,3.56447e-05,1
G062,G078,3.5529185e-05,1
G047,G078,3.5513516e-05,1
G010,G041,3.544413e-05,1
G026,G018,3.5390694e-05,1
G011,G071,3.5270397e-05,1
G001,G078,3.51481e-05,1
G058,G016,3.5044734e-05,1
G053,G078,3.4894427e-05,1
G090,G093,3.4777226e-05,1
G029,G052,3.4773515e-05,1
G046,G016,3.4705587e-05,1
G035,G053,3.4685254e-05,1
G057,G032,3.4647426e-05,1
G022,G093,3.4479075e-05,1
G081,G041,3.4467423e-05,1
G050,G057,3.4429406e-05,1
G091,G018,3.441799e-05,1
G097,G078,3.4390665e-05,1
G054,G086,3.4389188e-05,1
G040,G015,3.4324796e-05,1
G015,G097,3.3944856e-05,1
G092,G072,3.3916815e-05,1
G026,G085,3.389258e-05,1
G002,G056,3.3872424e-05,1
G099,G093,3.3850403e-05,1
G004,G078,3.3830434e-05,1
G015,G079,3.374756e-05,1
G091,G016,3.3622997e-05,1
G083,G095,3.3562315e-05,1
G017,G095,3.3544475e-05,1
G090,G041,3.3529333e-05,1
G068,G018,3.340374e-05,1
G024,G057,3.3112876e-05,1
G014,G026,3.3054188e-05,1
G082,G015,3.2791333e-05,1
G069,G067,3.2675376e-05,1
G097,G072,3.237165e-05,1
G004,G056,3.2331893e-05,1
G093,G002,3.228568e-05,1
G034,G078,3.223805e-05,1
G056,G018,3.1984102e-05,1
G066,G041,3.195991e-05,1
G080,G096,3.1829142e-05,1
G077,G093,3.1821874e-05,1
G015,G088,3.1807424e-05,1
G020,G002,3.1718522e-05,1
G098,G001,3.1479678e-05,1
G020,G085,3.1462972e-05,1
G004,G049,3.139248e-05,1
G078,G047,3.1338153e-05,1
G005,G023,3.131897e-05,1
G055,G086,3.1232383e-05,1
G064,G093,3.1074036e-05,1
G082,G064,3.0868803e-05,1
G095,G057,3.0815598e-05,1
G070,G055,3.0800118e-05,1
G065,G053,3.0665597e-05,1
G044,G024,3.0614854e-05,1
G086,G078,3.0457672e-05,1
G096,G037,3.0308169e-05,1
G052,G056,3.021267e-05,1
G032,G071,3.0161344e-05,1
G057,G072,3.0046955e-05,1
G002,G007,3.00364e-05,1
G057,G082,2.9993509e-05,1
G051,G055,2.9896059e-05,1
G029,G015,2.982549e-05,1
G022,G001,2.9824283e-05,1
G084,G052,2.9823805e-05,1
G038,G016,2.9715311e-05,1
G075,G053,2.9679735e-05,1
G002,G093,2.9671619e-05,1
G086,G093,2.9645591e-05,1
G078,G069,2.9585946e-05,1
G020,G056,2.951397e-05,1
G020,G023,2.9462972e-05,1
G088,G086,2.9414676e-05,1
G016,G033,2.9347493e-05,1
G055,G078,2.9149003e-05,1
G078,G064,2.9011573e-05,1
G071,G037,2.8845636e-05,1
G055,G056,2.8751952e-05,1
G015,G099,2.8722796e-05,1
G034,G016,2.8701697e-05,1
G076,G050,2.8591548e-05,1
G057,G018,2.8476821e-05,1
G072,G057,2.8454704e-05,1
G058,G002,2.845332e-05,1
G014,G064,2.8437513e-05,1
G031,G056,2.8408193e-05,1
G044,G090,2.83929e-05,1
G074,G052,2.8382074e-05,1
G099,G056,2.8300854e-05,1
G021,G085,2.828619e-05,1
G082,G004,2.826246e-05,1
G090,G056,2.8196748e-05,1
G050,G056,2.8160675e-05,1
G081,G057,2.7912793e-05,1
G091,G057,2.7868078e-05,1
G071,G035,2.7805208e-05,1
G097,G002,2.7797829e-05,1
G081,G002,2.7658869e-05,1
G003,G018,2.7616174e-05,1
G075,G093,2.7582515e-05,1
G099,G078,2.7564818e-05,1
G058,G072,2.7428878e-05,1
G082,G017,2.7337186e-05,1
G060,G052,2.6965072e-05,1
G099,G002,2.6807153e-05,1
G091,G056,2.6744465e-05,1
G048,G078,2.6692882e-05,1
G054,G056,2.6681302e-05,1
G013,G041,2.6675654e-05,1
G075,G056,2.6511103e-05,1
G053,G086,2.6495805e-05,1
G089,G041,2.6379073e-05,1
G059,G072,2.6342337e-05,1
G061,G001,2.6220896e-05,1
G078,G030,2.615088e-05,1
G012,G049,2.6027103e-05,1
G009,G094,2.6004294e-05,1
G033,G030,2.6003494e-05,1
G099,G057,2.5872376e-05,1
G031,G093,2.5840673e-05,1
G073,G048,2.5761079e-05,1
G039,G057,2.557714e-05,1
G002,G057,2.5532425e-05,1
G016,G067,2.5501977e-05,1
G069,G041,2.5488625e-05,1
G052,G057,2.5461652e-05,1
G037,G086,2.5405048e-05,1
G072,G056,2.5347e-05,1
G010,G089,2.5312404e-05,1
G056,G093,2.5220066e-05,1
G007,G086,2.5198755e-05,1
G019,G057,2.4987714e-05,1
G025,G086,2.4910514e-05,1
G062,G041,2.4876937e-05,1
G053,G002,2.4840905e-05,1
G074,G016,2.458828e-05,1
G095,G041,2.4544468e-05,1
G015,G004,2.4499026e-05,1
G004,G086,2.4476958e-05,1
G055,G093,2.4443094e-05,1
G077,G078,2.4168048e-05,1
G030,G018,2.4043335e-05,1
G062,G057,2.369742e-05,1
G050,G093,2.3692013e-05,1
G025,G002,2.3566363e-05,1
G082,G076,2.3564131e-05,1
G093,G057,2.3307679e-05,1
G034,G086,2.3245957e-05,1
G014,G030,2.311007e-05,1
G012,G016,2.3084864e-05,1
G078,G063,2.3015087e-05,1
G086,G018,2.291464e-05,1
G099,G018,2.2907921e-05,1
G079,G015,2.2881204e-05,1
G021,G034,2.2866861e-05,1
G016,G039,2.2787164e-05,1
G026,G016,2.2549164e-05,1
G089,G057,2.2526985e-05,1
G085,G060,2.249991e-05,1
G089,G078,2.2441767e-05,1
G014,G047,2.2426937e-05,1
G088,G093,2.2403023e-05,1
G056,G057,2.228583e-05,1
G073,G043,2.2125958e-05,1
G099,G016,2.1976195e-05,1
G070,G018,2.1880493e-05,1
G092,G016,2.1850714e-05,1
G097,G018,2.1799373e-05,1
G072,G016,2.177879e-05,1
G043,G034,2.168408e-05,1
G018,G055,2.131213e-05,1
G034,G072,2.1220025e-05,1
G097,G057,2.1143998e-05,1
G068,G056,2.1118589e-05,1
G074,G057,2.1107171e-05,1
G082,G047,2.1045396e-05,1
G040,G077,2.1011278e-05,1
G081,G056,2.0952592e-05,1
G034,G056,2.0759519e-05,1
G004,G018,2.0733642e-05,1
G070,G023,2.0731022e-05,1
G042,G006,2.0668256e-05,1
G029,G072,2.0651843e-05,1
G065,G078,2.0615807e-05,1
G037,G034,2.0469617e-05,1
G092,G056,2.0467063e-05,1
G067,G082,2.0371477e-05,1
G025,G072,2.023157e-05,1
G046,G078,2.0176869e-05,1
G059,G015,2.014523e-05,1
G089,G093,2.0143003e-05,1
G047,G056,2.0105334e-05,1
G019,G072,2.0099602e-05,1
G025,G093,1.9704767e-05,1
G005,G078,1.9402085e-05,1
G052,G008,1.937842e-05,1
G095,G056,1.922692e-05,1
G080,G016,1.9143568e-05,1
G082,G009,1.899963e-05,1
G056,G052,1.8988814e-05,1
G037,G016,1.8848013e-05,1
G022,G039,1.8684295e-05,1
G093,G016,1.8504657e-05,1
G034,G011,1.8314591e-05,1
G055,G018,1.8290935e-05,1
G036,G078,1.8277922e-05,1
G089,G016,1.820159e-05,1
G088,G016,1.8178554e-05,1
G065,G037,1.813515e-05,1
G009,G041,1.811689e-05,1
G063,G049,1.7963826e-05,1
G016,G082,1.7955634e-05,1
G026,G078,1.784939e-05,1
G081,G086,1.7729919e-05,1
G049,G078,1.7548098e-05,1
G012,G057,1.7474078e-05,1
G047,G018,1.7197777e-05,1
G015,G069,1.7180362e-05,1
G091,G001,1.70929e-05,1
G063,G018,1.7089485e-05,1
G043,G018,1.7080005e-05,1
G078,G099,1.7077527e-05,1
G082,G016,1.6976142e-05,1
G071,G030,1.686062e-05,1
G007,G056,1.6805952e-05,1
G013,G100,1.6805914e-05,1
G051,G041,1.6694756e-05,1
G047,G093,1.6662034e-05,1
G064,G041,1.6624515e-05,1
G037,G002,1.653686e-05,1
G058,G041,1.6479175e-05,1
G068,G041,1.6407648e-05,1
G061,G052,1.6365619e-05,1
G095,G078,1.6180793e-05,1
G011,G018,1.5798452e-05,1
G078,G009,1.5591539e-05,1
G062,G086,1.5546755e-05,1
G043,G052,1.5468835e-05,1
G029,G016,1.5458145e-05,1
G088,G078,1.5417334e-05,1
G085,G073,1.5361018e-05,1
G016,G088,1.5324142e-05,1
G041,G022,1.5065559e-05,1
G039,G056,1.4860674e-05,1
G095,G018,1.4830457e-05,1
G091,G076,1.4660027e-05,1
G069,G018,1.4484171e-05,1
G056,G072,1.43754505e-05,1
G013,G034,1.4300892e-05,1
G060,G034,1.4175912e-05,1
G011,G093,1.4105872e-05,1
G018,G008,1.4046964e-05,1
G093,G067,1.4042415e-05,1
G063,G015,1.3975585e-05,1
G086,G057,1.38611895e-05,1
G016,G004,1.3784248e-05,1
G023,G082,1.3564773e-05,1
G059,G033,1.3536904e-05,1
G016,G011,1.3501685e-05,1
G082,G099,1.3312471e-05,1
G092,G015,1.3306819e-05,1
G041,G016,1.3305473e-05,1
G012,G078,1.3270374e-05,1
G043,G015,1.3270007e-05,1
G062,G002,1.3230866e-05,1
G084,G018,1.3227749e-05,1
G078,G041,1.320694e-05,1
G030,G052,1.3179501e-05,1
G030,G034,1.314191e-05,1
G040,G052,1.3135737e-05,1
G080,G015,1.30357885e-05,1
G068,G016,1.3016595e-05,1
G014,G079,1.2926662e-05,1
G059,G018,1.2815143e-05,1
G051,G086,1.280056e-05,1
G083,G032,1.279889e-05,1
G083,G005,1.2749036e-05,1
G064,G056,1.2721177e-05,1
G087,G093,1.270161e-05,1
G017,G078,1.2680475e-05,1
G027,G018,1.2671702e-05,1
G011,G055,1.2650077e-05,1
G054,G041,1.2649384e-05,1
G087,G056,1.2517869e-05,1
G009,G078,1.2330225e-05,1
G012,G086,1.2324519e-05,1
G064,G057,1.2314184e-05,1
G072,G080,1.2144498e-05,1
G035,G008,1.1960806e-05,1
G087,G018,1.184697e-05,1
G058,G086,1.1815598e-05,1
G051,G093,1.1691374e-05,1
G092,G001,1.1612047e-05,1
G027,G049,1.1299748e-05,1
G031,G030,1.1281742e-05,1
G065,G093,1.11228765e-05,1
G042,G048,1.1101703e-05,1
G014,G005,1.100507e-05,1
G063,G053,1.0753706e-05,1
G050,G018,1.0708382e-05,1
G086,G016,1.0673373e-05,1
G047,G086,1.0605109e-05,1
G078,G097,1.0450766e-05,1
G059,G052,1.0373265e-05,1
G015,G058,1.0326894e-05,1
G019,G067,1.025062e-05,1
G072,G067,1.0129335e-05,1
G027,G001,1.01016685e-05,1
G084,G056,9.97825e-06,1
G041,G018,9.944783e-06,1
G061,G016,9.9101235e-06,1
G066,G052,9.813718e-06,1
G043,G049,9.720112e-06,1
G007,G057,9.672539e-06,1
G001,G056,9.575203e-06,1
G040,G094,9.515915e-06,1
G053,G016,9.510551e-06,1
G078,G017,9.501355e-06,1
G051,G067,9.441872e-06,1
G077,G057,9.411379e-06,1
G021,G056,9.064214e-06,1
G056,G016,9.009923e-06,1
G092,G034,8.913397e-06,1
G082,G018,8.661756e-06,1
G044,G038,8.561396e-06,1
G055,G002,8.4250805e-06,1
G024,G052,8.392572e-06,1
G058,G056,8.339956e-06,1
G071,G018,8.339088e-06,1
G013,G082,8.332555e-06,1
G037,G015,8.33059e-06,1
G014,G054,8.288977e-06,1
G097,G093,8.227398e-06,1
G016,G047,8.001149e-06,1
G004,G085,7.90131e-06,1
G066,G016,7.836008e-06,1
G045,G008,7.823252e-06,1
G078,G008,7.7517e-06,1
G086,G052,7.7385985e-06,1
G016,G094,7.686814e-06,1
G047,G041,7.676207e-06,1
G096,G056,7.549072e-06,1
G060,G018,7.5439625e-06,1
G082,G030,7.360077e-06,1
G061,G085,7.2577814e-06,1
G060,G041,7.2427038e-06,1
G089,G086,7.210691e-06,1
G035,G056,7.1342406e-06,1
G021,G078,6.9977973e-06,1
G012,G018,6.9885464e-06,1
G046,G041,6.96189e-06,1
G045,G032,6.8423983e-06,1
G066,G085,6.8082295e-06,1
G005,G018,6.783888e-06,1
G069,G072,6.736032e-06,1
G047,G057,6.7345195e-06,1
G094,G048,6.7239216e-06,1
G034,G067,6.67697e-06,1
G079,G048,6.6738644e-06,1
G088,G015,6.6170505e-06,1
G038,G096,6.6091525e-06,1
G016,G076,6.6007315e-06,1
G086,G072,6.5541335e-06,1
G057,G039,6.4762735e-06,1
G087,G016,6.46638e-06,1
G085,G078,6.425576e-06,1
G051,G035,6.417687e-06,1
G021,G067,6.374168e-06,1
G080,G012,6.3065268e-06,1
G088,G001,6.2841546e-06,1
G061,G072,6.1953874e-06,1
G062,G049,6.0523016e-06,1
G093,G078,5.998791e-06,1
G095,G052,5.958348e-06,1
G021,G015,5.8670685e-06,1
G011,G078,5.821655e-06,1
G009,G002,5.79365e-06,1
G029,G094,5.7300463e-06,1
G021,G052,5.5839037e-06,1
G019,G015,5.533095e-06,1
G007,G073,5.4316333e-06,1
G098,G034,5.3976187e-06,1
G035,G093,5.202508e-06,1
G037,G049,5.0220797e-06,1
G084,G015,4.957217e-06,1
G010,G096,4.9495347e-06,1
G005,G093,4.6203177e-06,1
G001,G016,4.5766365e-06,1
G052,G016,4.5751444e-06,1
G021,G001,4.570907e-06,1
G019,G016,4.4153658e-06,1
G012,G093,4.39532e-06,1
G061,G018,4.2274605e-06,1
G031,G041,4.2143733e-06,1
G082,G063,4.1934945e-06,1
G059,G034,4.146277e-06,1
G088,G041,4.1067365e-06,1
G053,G057,4.012559e-06,1
G099,G086,3.884922e-06,1
G060,G001,3.7663701e-06,1
G057,G049,3.7224438e-06,1
G099,G041,3.7179857e-06,1
G090,G072,3.690162e-06,1
G086,G034,3.670839e-06,1
G083,G002,3.6307188e-06,1
G040,G049,3.5841522e-06,1
G088,G057,3.5449357e-06,1
G016,G077,3.5099627e-06,1
G054,G018,3.5047851e-06,1
G067,G078,3.440951e-06,1
G035,G016,3.3671186e-06,1
G099,G049,3.3539825e-06,1
G084,G001,3.3375277e-06,1
G031,G052,3.2828168e-06,1
G071,G093,3.1678464e-06,1
G040,G033,3.0692258e-06,1
G025,G067,3.0387807e-06,1
G004,G034,3.0192527e-06,1
G015,G082,3.0165843e-06,1
G029,G076,2.9326495e-06,1
G074,G056,2.8973964e-06,1
G053,G100,2.8517961e-06,1
G045,G002,2.8040677e-06,1
G074,G049,2.7343367e-06,1
G047,G072,2.679315e-06,1
G024,G076,2.673799e-06,1
G077,G018,2.6005546e-06,1
G041,G073,2.556737e-06,1
G018,G023,2.5537772e-06,1
G046,G052,2.5399725e-06,1
G006,G048,2.5183379e-06,1
G057,G015,2.117573e-06,1
G025,G018,2.1137873e-06,1
G098,G085,2.0809644e-06,1
G038,G006,1.8969837e-06,1
G027,G072,1.8735128e-06,1
G057,G004,1.8093643e-06,1
G052,G086,1.795665e-06,1
G053,G056,1.7796459e-06,1
G065,G016,1.7685022e-06,1
G095,G002,1.6797603e-06,1
G001,G057,1.5982838e-06,1
G082,G070,1.5883501e-06,1
G003,G086,1.4907021e-06,1
G062,G056,1.4379523e-06,1
G020,G015,1.3858674e-06,1
G005,G007,1.2975695e-06,1
G053,G038,1.2694667e-06,1
G061,G067,1.230676e-06,1
G037,G052,1.145928e-06,1
G003,G037,1.1291847e-06,1
G003,G094,1.1255061e-06,1
G098,G049,1.0377784e-06,1
G090,G018,9.648381e-07,1
G052,G078,8.591967e-07,1
G045,G057,8.195382e-07,1
G016,G022,6.8378637e-07,1
G043,G076,5.917798e-07,1
G022,G080,5.103843e-07,1
G035,G057,4.3935424e-07,1
G031,G018,4.3325247e-07,1
G052,G076,3.6647612e-07,1
G069,G001,2.6286227e-07,1
G066,G018,2.0124108e-07,1
G063,G093,1.15369374e-07,1
G014,G080,5.021993e-08,1
G063,G078,1.5863378e-08,1
G051,G053,-2.4331527e-07,-1
G076,G095,-2.6624488e-07,-1
G004,G067,-3.4771838e-07,-1
G044,G023,-3.7117528e-07,-1
G098,G015,-4.8948743e-07,-1
G020,G018,-5.342698e-07,-1
G001,G018,-5.4390193e-07,-1
G005,G015,-5.6267385e-07,-1
G070,G015,-7.0075606e-07,-1
G059,G085,-7.9032196e-07,-1
G087,G049,-9.620345e-07,-1
G064,G085,-1.063788e-06,-1
G039,G076,-1.0758138e-06,-1
G030,G049,-1.2388341e-06,-1
G047,G067,-1.4263088e-06,-1
G071,G056,-1.4469948e-06,-1
G022,G011,-1.5056435e-06,-1
G019,G056,-1.5343785e-06,-1
G022,G077,-1.5481979e-06,-1
G035,G041,-1.5599203e-06,-1
G036,G082,-1.6538405e-06,-1
G003,G056,-1.6545769e-06,-1
G004,G016,-1.6577364e-06,-1
G041,G067,-1.7464426e-06,-1
G002,G034,-1.7893789e-06,-1
G025,G057,-1.8215429e-06,-1
G068,G072,-1.8619544e-06,-1
G066,G001,-1.9306758e-06,-1
G097,G076,-2.0503269e-06,-1
G046,G018,-2.06493e-06,-1
G037,G056,-2.071476e-06,-1
G027,G033,-2.0895397e-06,-1
G054,G034,-2.2541053e-06,-1
G047,G015,-2.3113341e-06,-1
G005,G041,-2.4448234e-06,-1
G045,G078,-2.552061e-06,-1
G038,G082,-2.5730508e-06,-1
G016,G001,-2.5787956e-06,-1
G038,G032,-2.5910142e-06,-1
G014,G099,-2.632876e-06,-1
G091,G067,-2.6393627e-06,-1
G096,G086,-2.7656163e-06,-1
G040,G009,-2.7720084e-06,-1
G059,G001,-2.9327698e-06,-1
G041,G037,-3.030096e-06,-1
G064,G086,-3.0789881e-06,-1
G051,G057,-3.1199525e-06,-1
G031,G076,-3.211254e-06,-1
G057,G001,-3.2223586e-06,-1
G061,G049,-3.2922285e-06,-1
G062,G016,-3.332774e-06,-1
G077,G049,-3.342154e-06,-1
G085,G020,-3.5122957e-06,-1
G016,G019,-3.7809896e-06,-1
G058,G052,-3.8035646e-06,-1
G075,G018,-3.868758e-06,-1
G018,G049,-3.947655e-06,-1
G060,G015,-3.955526e-06,-1
G061,G034,-4.012023e-06,-1
G066,G072,-4.017899e-06,-1
G020,G082,-4.142126e-06,-1
G098,G072,-4.168308e-06,-1
G014,G067,-4.1743588e-06,-1
G089,G002,-4.2078414e-06,-1
G077,G072,-4.2171746e-06,-1
G022,G018,-4.278904e-06,-1
G029,G034,-4.350921e-06,-1
G020,G086,-4.376005e-06,-1
G037,G009,-4.5230777e-06,-1
G015,G009,-4.5564843e-06,-1
G071,G015,-4.561807e-06,-1
G092,G085,-4.6008563e-06,-1
G010,G023,-4.7040458e-06,-1
G011,G053,-4.767754e-06,-1
G054,G067,-4.811916e-06,-1
G017,G076,-4.9064265e-06,-1
G065,G035,-4.915646e-06,-1
G054,G072,-4.941237e-06,-1
G021,G076,-4.9613345e-06,-1
G081,G100,-5.046729e-06,-1
G015,G076,-5.0549024e-06,-1
G097,G049,-5.1266056e-06,-1
G020,G057,-5.207097e-06,-1
G087,G001,-5.5584624e-06,-1
G034,G015,-5.5786754e-06,-1
G045,G056,-5.586741e-06,-1
G054,G049,-5.6984923e-06,-1
G013,G067,-5.779262e-06,-1
G009,G076,-5.818133e-06,-1
G087,G067,-5.9160784e-06,-1
G002,G016,-6.0250363e-06,-1
G009,G016,-6.1400087e-06,-1
G025,G076,-6.1510045e-06,-1
G092,G076,-6.163896e-06,-1
G075,G057,-6.207655e-06,-1
G088,G076,-6.214159e-06,-1
G063,G016,-6.280339e-06,-1
G069,G085,-6.303521e-06,-1
G027,G085,-6.392712e-06,-1
G024,G072,-6.412097e-06,-1
G015,G022,-6.775328e-06,-1
G003,G082,-6.8009826e-06,-1
G016,G003,-6.809808e-06,-1
G029,G001,-6.9238035e-06,-1
G035,G018,-6.947401e-06,-1
G077,G001,-6.9578673e-06,-1
G040,G076,-7.125298e-06,-1
G022,G100,-7.242066e-06,-1
G019,G052,-7.2739035e-06,-1
G054,G052,-7.2745374e-06,-1
G044,G031,-7.31345e-06,-1
G077,G017,-7.4721706e-06,-1
G075,G078,-7.501982e-06,-1
G010,G075,-7.588902e-06,-1
G022,G082,-7.621249e-06,-1
G021,G007,-7.632653e-06,-1
G088,G047,-7.64404e-06,-1
G050,G038,-7.64833e-06,-1
G056,G011,-7.670109e-06,-1
G018,G086,-7.693118e-06,-1
G016,G085,-7.706834e-06,-1
G007,G047,-7.708936e-06,-1
G018,G093,-7.757964e-06,-1
G009,G001,-7.7638115e-06,-1
G077,G015,-8.0011805e-06,-1
G082,G022,-8.018437e-06,-1
G074,G067,-8.030609e-06,-1
G089,G001,-8.038433e-06,-1
G099,G076,-8.047788e-06,-1
G063,G094,-8.059063e-06,-1
G077,G041,-8.067841e-06,-1
G010,G067,-8.124548e-06,-1
G001,G041,-8.2039e-06,-1
G059,G082,-8.253183e-06,-1
G064,G018,-8.282672e-06,-1
G017,G067,-8.295475e-06,-1
G022,G004,-8.351992e-06,-1
G053,G083,-8.422119e-06,-1
G025,G041,-8.444582e-06,-1
G045,G071,-8.545545e-06,-1
G007,G067,-8.549074e-06,-1
G055,G041,-8.742259e-06,-1
G072,G002,-8.778046e-06,-1
G076,G038,-8.85972e-06,-1
G061,G082,-8.873643e-06,-1
G030,G015,-8.947247e-06,-1
G027,G016,-8.988093e-06,-1
G013,G004,-8.99767e-06,-1
G092,G007,-8.998962e-06,-1
G096,G023,-9.058308e-06,-1
G091,G047,-9.151931e-06,-1
G090,G067,-9.22413e-06,-1
G086,G085,-9.289925e-06,-1
G057,G009,-9.330207e-06,-1
G001,G072,-9.357696e-06,-1
G075,G016,-9.506823e-06,-1
G004,G076,-9.519869e-06,-1
G030,G007,-9.533525e-06,-1
G081,G015,-9.796035e-06,-1
G075,G085,-9.849613e-06,-1
G081,G067,-9.850633e-06,-1
G092,G018,-9.856488e-06,-1
G040,G069,-9.881001e-06,-1
G039,G067,-9.898673e-06,-1
G066,G067,-9.903288e-06,-1
G030,G067,-9.978083e-06,-1
G054,G047,-1.0020681e-05,-1
G015,G084,-1.0047817e-05,-1
G039,G093,-1.0050663e-05,-1
G059,G016,-1.0099131e-05,-1
G021,G004,-1.0142974e-05,-1
G066,G047,-1.0161501e-05,-1
G069,G052,-1.02942095e-05,-1
G060,G072,-1.0324067e-05,-1
G069,G033,-1.0326529e-05,-1
G053,G015,-1.0425143e-05,-1
G046,G082,-1.0428723e-05,-1
G022,G069,-1.0521066e-05,-1
G054,G082,-1.0638809e-05,-1
G037,G067,-1.0640201e-05,-1
G096,G057,-1.0707119e-05,-1
G046,G049,-1.0963532e-05,-1
G058,G076,-1.10360315e-05,-1
G039,G018,-1.1180592e-05,-1
G022,G097,-1.1216755e-05,-1
G057,G067,-1.1228592e-05,-1
G029,G067,-1.1245e-05,-1
G089,G072,-1.1276959e-05,-1
G005,G055,-1.1299765e-05,-1
G096,G067,-1.1304847e-05,-1
G070,G078,-1.133585e-05,-1
G082,G088,-1.1338306e-05,-1
G010,G090,-1.1401113e-05,-1
G085,G038,-1.1443353e-05,-1
G059,G008,-1.1571851e-05,-1
G040,G018,-1.1618098e-05,-1
G062,G001,-1.1652802e-05,-1
G003,G017,-1.1813881e-05,-1
G092,G049,-1.2186889e-05,-1
G024,G034,-1.2196943e-05,-1
G011,G003,-1.2347883e-05,-1
G082,G069,-1.2416621e-05,-1
G022,G009,-1.2437065e-05,-1
G017,G093,-1.2585963e-05,-1
G052,G082,-1.2630635e-05,-1
G015,G006,-1.2661836e-05,-1
G017,G055,-1.2674588e-05,-1
G029,G038,-1.2869585e-05,-1
G021,G063,-1.2887865e-05,-1
G040,G067,-1.2918371e-05,-1
G052,G018,-1.3025415e-05,-1
G061,G047,-1.3038414e-05,-1
G045,G076,-1.3140321e-05,-1
G092,G047,-1.3154699e-05,-1
G090,G052,-1.3210738e-05,-1
G014,G007,-1.3240872e-05,-1
G011,G033,-1.3253398e-05,-1
G091,G064,-1.3330202e-05,-1
G015,G067,-1.3391923e-05,-1
G062,G076,-1.3469214e-05,-1
G085,G092,-1.3495802e-05,-1
G043,G016,-1.3508995e-05,-1
G091,G011,-1.355108e-05,-1
G068,G007,-1.3568672e-05,-1
G034,G076,-1.36101735e-05,-1
G033,G053,-1.3640098e-05,-1
G064,G016,-1.3675856e-05,-1
G077,G052,-1.3766407e-05,-1
G056,G076,-1.3798148e-05,-1
G059,G004,-1.3977971e-05,-1
G068,G015,-1.409228e-05,-1
G013,G001,-1.4250267e-05,-1
G060,G007,-1.4277267e-05,-1
G015,G030,-1.433203e-05,-1
G089,G018,-1.4403269e-05,-1
G052,G049,-1.4506255e-05,-1
G057,G011,-1.4527387e-05,-1
G079,G014,-1.4598763e-05,-1
G043,G067,-1.464429e-05,-1
G096,G016,-1.4701272e-05,-1
G084,G047,-1.4704071e-05,-1
G004,G072,-1.4739167e-05,-1
G012,G076,-1.4806205e-05,-1
G039,G052,-1.4813774e-05,-1
G077,G085,-1.4875736e-05,-1
G060,G067,-1.4892663e-05,-1
G013,G039,-1.4898193e-05,-1
G027,G034,-1.5000464e-05,-1
G065,G057,-1.5102175e-05,-1
G005,G067,-1.5234494e-05,-1
G074,G001,-1.5271991e-05,-1
G096,G093,-1.5315065e-05,-1
G070,G016,-1.5320331e-05,-1
G095,G034,-1.5325943e-05,-1
G068,G001,-1.5386075e-05,-1
G009,G034,-1.5529444e-05,-1
G099,G017,-1.5533751e-05,-1
G034,G018,-1.5635844e-05,-1
G044,G100,-1.579135e-05,-1
G035,G086,-1.5801912e-05,-1
G039,G085,-1.5889766e-05,-1
G059,G049,-1.5934937e-05,-1
G082,G033,-1.5999283e-05,-1
G011,G094,-1.604404e-05,-1
G050,G041,-1.6065896e-05,-1
G027,G007,-1.6115948e-05,-1
G037,G004,-1.6130314e-05,-1
G098,G018,-1.6235845e-05,-1
G091,G034,-1.6339489e-05,-1
G068,G052,-1.6539574e-05,-1
G026,G052,-1.656541e-05,-1
G025,G034,-1.6651824e-05,-1
G014,G097,-1.67545e-05,-1
G039,G072,-1.675757e-05,-1
G026,G015,-1.6779595e-05,-1
G040,G085,-1.6780054e-05,-1
G022,G034,-1.6851302e-05,-1
G058,G038,-1.69047e-05,-1
G011,G057,-1.6960003e-05,-1
G030,G082,-1.6961e-05,-1
G091,G004,-1.6983437e-05,-1
G035,G076,-1.7014823e-05,-1
G096,G053,-1.701536e-05,-1
G029,G018,-1.7026248e-05,-1
G021,G072,-1.7033013e-05,-1
G030,G072,-1.7122597e-05,-1
G074,G047,-1.7145143e-05,-1
G093,G047,-1.7173521e-05,-1
G061,G007,-1.7188719e-05,-1
G071,G086,-1.7196231e-05,-1
G037,G013,-1.7354478e-05,-1
G005,G053,-1.7403177e-05,-1
G016,G007,-1.7488774e-05,-1
G081,G082,-1.7562415e-05,-1
G075,G076,-1.759572e-05,-1
G037,G001,-1.7689317e-05,-1
G011,G086,-1.7787133e-05,-1
G091,G007,-1.7860124e-05,-1
G047,G076,-1.7893275e-05,-1
G069,G016,-1.79137e-05,-1
G097,G041,-1.7947837e-05,-1
G024,G018,-1.8006758e-05,-1
G071,G078,-1.8020197e-05,-1
G081,G093,-1.8088884e-05,-1
G076,G023,-1.810924e-05,-1
G015,G098,-1.8130726e-05,-1
G089,G085,-1.8133831e-05,-1
G066,G033,-1.8172415e-05,-1
G027,G015,-1.8214216e-05,-1
G013,G076,-1.8246816e-05,-1
G018,G035,-1.8252202e-05,-1
G092,G033,-1.8291788e-05,-1
G097,G085,-1.831735e-05,-1
G085,G083,-1.8338094e-05,-1
G080,G023,-1.8352977e-05,-1
G099,G001,-1.8372983e-05,-1
G036,G014,-1.8384291e-05,-1
G081,G016,-1.841236e-05,-1
G047,G082,-1.8434319e-05,-1
G046,G034,-1.8510465e-05,-1
G081,G047,-1.856985e-05,-1
G040,G007,-1.8604083e-05,-1
G087,G015,-1.8626906e-05,-1
G096,G038,-1.8643777e-05,-1
G094,G078,-1.8665305e-05,-1
G069,G007,-1.8671726e-05,-1
G068,G017,-1.8731793e-05,-1
G027,G082,-1.8865516e-05,-1
G056,G001,-1.8977235e-05,-1
G018,G038,-1.901664e-05,-1
G095,G016,-1.9074027e-05,-1
G097,G016,-1.9142697e-05,-1
G057,G097,-1.9143048e-05,-1
G066,G082,-1.91494e-05,-1
G076,G067,-1.9165916e-05,-1
G078,G016,-1.9198158e-05,-1
G072,G030,-1.922096e-05,-1
G001,G085,-1.9255494e-05,-1
G031,G014,-1.9282797e-05,-1
G059,G063,-1.9314426e-05,-1
G024,G085,-1.9329882e-05,-1
G066,G076,-1.9330353e-05,-1
G097,G034,-1.9389814e-05,-1
G060,G076,-1.9432815e-05,-1
G005,G082,-1.9482066e-05,-1
G058,G033,-1.9706968e-05,-1
G092,G082,-1.9785008e-05,-1
G003,G067,-1.985091e-05,-1
G012,G056,-1.994463e-05,-1
G091,G041,-2.0130781e-05,-1
G066,G015,-2.022793e-05,-1
G041,G031,-2.0258818e-05,-1
G034,G039,-2.026386e-05,-1
G043,G063,-2.02699e-05,-1
G051,G018,-2.0301906e-05,-1
G098,G011,-2.0319509e-05,-1
G081,G052,-2.0340913e-05,-1
G001,G052,-2.0370175e-05,-1
G016,G097,-2.0488944e-05,-1
G016,G008,-2.0502292e-05,-1
G065,G004,-2.0639674e-05,-1
G024,G016,-2.073711e-05,-1
G022,G079,-2.0761332e-05,-1
G089,G076,-2.077414e-05,-1
G062,G052,-2.0796355e-05,-1
G021,G079,-2.0812262e-05,-1
G092,G069,-2.0815529e-05,-1
G053,G067,-2.0855307e-05,-1
G002,G097,-2.093284e-05,-1
G026,G049,-2.0941923e-05,-1
G026,G067,-2.1008482e-05,-1
G070,G035,-2.1025715e-05,-1
G033,G057,-2.106408e-05,-1
G092,G077,-2.1175849e-05,-1
G052,G009,-2.130388e-05,-1
G077,G034,-2.1326921e-05,-1
G084,G022,-2.1337091e-05,-1
G015,G047,-2.1349802e-05,-1
G084,G019,-2.1473808e-05,-1
G064,G078,-2.147402e-05,-1
G039,G049,-2.156157e-05,-1
G099,G047,-2.1562431e-05,-1
G046,G039,-2.1606926e-05,-1
G093,G030,-2.1626063e-05,-1
G030,G076,-2.166177e-05,-1
G059,G076,-2.1697446e-05,-1
G074,G015,-2.170426e-05,-1
G094,G043,-2.1733367e-05,-1
G029,G064,-2.1773432e-05,-1
G020,G067,-2.1866355e-05,-1
G082,G049,-2.187184e-05,-1
G001,G047,-2.1918397e-05,-1
G052,G069,-2.1922702e-05,-1
G045,G086,-2.2023449e-05,-1
G025,G016,-2.20301e-05,-1
G070,G086,-2.2042957e-05,-1
G077,G019,-2.2154369e-05,-1
G081,G034,-2.2198941e-05,-1
G053,G052,-2.2264105e-05,-1
G043,G047,-2.228918e-05,-1
G083,G031,-2.2296157e-05,-1
G053,G004,-2.2483879e-05,-1
G043,G007,-2.2556507e-05,-1
G051,G056,-2.2564609e-05,-1
G003,G014,-2.2591283e-05,-1
G043,G004,-2.2628923e-05,-1
G069,G015,-2.2680522e-05,-1
G018,G067,-2.2839109e-05,-1
G073,G082,-2.2861554e-05,-1
G030,G001,-2.2897846e-05,-1
G021,G039,-2.2906608e-05,-1
G086,G082,-2.2925271e-05,-1
G057,G077,-2.296963e-05,-1
G009,G052,-2.3029224e-05,-1
G009,G030,-2.3116883e-05,-1
G085,G027,-2.3186964e-05,-1
G066,G030,-2.3207209e-05,-1
G058,G049,-2.329593e-05,-1
G049,G082,-2.3303368e-05,-1
G016,G069,-2.3320392e-05,-1
G002,G015,-2.339761e-05,-1
G087,G038,-2.3483752e-05,-1
G099,G052,-2.3595852e-05,-1
G061,G030,-2.367292e-05,-1
G004,G015,-2.3688723e-05,-1
G001,G007,-2.3751618e-05,-1
G053,G093,-2.3807306e-05,-1
G012,G069,-2.3830398e-05,-1
G069,G026,-2.3907436e-05,-1
G068,G082,-2.3939449e-05,-1
G060,G097,-2.3939814e-05,-1
G002,G052,-2.4062712e-05,-1
G031,G097,-2.4116096e-05,-1
G015,G080,-2.4153496e-05,-1
G051,G016,-2.4202125e-05,-1
G056,G034,-2.426194e-05,-1
G009,G047,-2.4318722e-05,-1
G004,G052,-2.4336263e-05,-1
G081,G004,-2.4357272e-05,-1
G045,G067,-2.4361898e-05,-1
G014,G076,-2.4363113e-05,-1
G001,G034,-2.4384975e-05,-1
G025,G056,-2.439763e-05,-1
G040,G046,-2.4432838e-05,-1
G002,G047,-2.4546038e-05,-1
G060,G049,-2.45463e-05,-1
G055,G047,-2.4580215e-05,-1
G041,G015,-2.4634219e-05,-1
G011,G052,-2.464569e-05,-1
G054,G097,-2.4712897e-05,-1
G090,G034,-2.4725872e-05,-1
G033,G093,-2.4727266e-05,-1
G018,G053,-2.4768067e-05,-1
G009,G082,-2.4777857e-05,-1
G059,G007,-2.4797919e-05,-1
G096,G018,-2.480454e-05,-1
G008,G049,-2.4816432e-05,-1
G043,G097,-2.4895096e-05,-1
G041,G002,-2.4928664e-05,-1
G058,G004,-2.4995985e-05,-1
G099,G019,-2.5003272e-05,-1
G085,G074,-2.5005027e-05,-1
G066,G039,-2.5019963e-05,-1
G009,G004,-2.5035137e-05,-1
G091,G009,-2.5058713e-05,-1
G052,G030,-2.5084246e-05,-1
G078,G026,-2.5085386e-05,-1
G029,G009,-2.5152252e-05,-1
G031,G004,-2.5192448e-05,-1
G031,G067,-2.5200508e-05,-1
G097,G004,-2.5233436e-05,-1
G043,G011,-2.5359901e-05,-1
G065,G015,-2.5391013e-05,-1
G064,G034,-2.5395106e-05,-1
G022,G017,-2.5468456e-05,-1
G046,G067,-2.550114e-05,-1
G034,G049,-2.5508745e-05,-1
G065,G041,-2.5519344e-05,-1
G030,G069,-2.5527192e-05,-1
G052,G067,-2.555339e-05,-1
G057,G019,-2.5557532e-05,-1
G043,G033,-2.5620338e-05,-1
G098,G067,-2.5723039e-05,-1
G009,G077,-2.5744392e-05,-1
G001,G067,-2.5890493e-05,-1
G018,G002,-2.5918926e-05,-1
G027,G097,-2.595949e-05,-1
G054,G016,-2.5976931e-05,-1
G025,G035,-2.6013251e-05,-1
G016,G072,-2.6063512e-05,-1
G078,G015,-2.6064861e-05,-1
G018,G082,-2.6081343e-05,-1
G082,G058,-2.6189666e-05,-1
G017,G082,-2.620533e-05,-1
G055,G052,-2.6206182e-05,-1
G047,G069,-2.6211435e-05,-1
G090,G001,-2.6241829e-05,-1
G049,G043,-2.6248339e-05,-1
G064,G076,-2.6273914e-05,-1
G051,G001,-2.6281441e-05,-1
G046,G001,-2.628829e-05,-1
G007,G070,-2.6340047e-05,-1
G092,G052,-2.6353468e-05,-1
G058,G009,-2.6397345e-05,-1
G050,G052,-2.643602e-05,-1
G069,G076,-2.6516898e-05,-1
G086,G033,-2.6534724e-05,-1
G019,G047,-2.6586227e-05,-1
G034,G085,-2.6594138e-05,-1
G076,G002,-2.6600714e-05,-1
G046,G004,-2.6622347e-05,-1
G091,G049,-2.663428e-05,-1
G021,G064,-2.66379e-05,-1
G086,G067,-2.6716069e-05,-1
G066,G077,-2.6719834e-05,-1
G014,G065,-2.6757942e-05,-1
G052,G003,-2.6858901e-05,-1
G065,G072,-2.6868036e-05,-1
G013,G038,-2.6876662e-05,-1
G001,G033,-2.6968937e-05,-1
G057,G017,-2.7068483e-05,-1
G082,G054,-2.7172642e-05,-1
G057,G076,-2.7200233e-05,-1
G038,G023,-2.723721e-05,-1
G024,G001,-2.7244914e-05,-1
G018,G016,-2.728503e-05,-1
G021,G088,-2.732812e-05,-1
G040,G097,-2.740981e-05,-1
G034,G033,-2.7411954e-05,-1
G027,G004,-2.7412849e-05,-1
G026,G076,-2.7427473e-05,-1
G004,G022,-2.7474824e-05,-1
G092,G099,-2.7483638e-05,-1
G068,G085,-2.7518363e-05,-1
G098,G030,-2.7526848e-05,-1
G074,G017,-2.7536764e-05,-1
G078,G020,-2.7583395e-05,-1
G070,G049,-2.759026e-05,-1
G099,G030,-2.7593585e-05,-1
G054,G077,-2.763524e-05,-1
G095,G076,-2.7636692e-05,-1
G083,G094,-2.767138e-05,-1
G061,G039,-2.767462e-05,-1
G057,G085,-2.7685273e-05,-1
G066,G049,-2.7693644e-05,-1
G022,G030,-2.7714208e-05,-1
G057,G033,-2.7722563e-05,-1
G001,G076,-2.7874597e-05,-1
G070,G093,-2.7926713e-05,-1
G029,G011,-2.7943264e-05,-1
G052,G001,-2.7976208e-05,-1
G081,G049,-2.7987833e-05,-1
G066,G063,-2.8005996e-05,-1
G092,G005,-2.8062912e-05,-1
G034,G001,-2.817011e-05,-1
G031,G007,-2.819275e-05,-1
G052,G088,-2.8197377e-05,-1
G087,G017,-2.8220355e-05,-1
G098,G064,-2.8306677e-05,-1
G092,G064,-2.8315151e-05,-1
G089,G038,-2.8336119e-05,-1
G018,G057,-2.839133e-05,-1
G097,G001,-2.8405115e-05,-1
G074,G018,-2.8453791e-05,-1
G040,G004,-2.8561815e-05,-1
G013,G029,-2.859153e-05,-1
G085,G040,-2.8615512e-05,-1
G020,G049,-2.8623112e-05,-1
G051,G082,-2.8719607e-05,-1
G072,G053,-2.8866209e-05,-1
G065,G086,-2.8942222e-05,-1
G037,G018,-2.8950315e-05,-1
G091,G063,-2.9014314e-05,-1
G098,G004,-2.9023358e-05,-1
G011,G002,-2.9028217e-05,-1
G030,G047,-2.9040842e-05,-1
G058,G005,-2.9078272e-05,-1
G078,G054,-2.9097411e-05,-1
G022,G013,-2.9118042e-05,-1
G029,G077,-2.928835e-05,-1
G033,G082,-2.9302362e-05,-1
G089,G052,-2.9332217e-05,-1
G070,G002,-2.9341874e-05,-1
G020,G097,-2.9431405e-05,-1
G062,G047,-2.9462337e-05,-1
G093,G052,-2.9507712e-05,-1
G054,G009,-2.9557084e-05,-1
G066,G034,-2.9593e-05,-1
G027,G064,-2.9665103e-05,-1
G005,G013,-2.9690833e-05,-1
G086,G015,-2.9747276e-05,-1
G086,G007,-2.982482e-05,-1
G024,G049,-2.9854558e-05,-1
G068,G034,-2.987987e-05,-1
G088,G052,-2.9896333e-05,-1
G012,G094,-2.9900302e-05,-1
G078,G098,-3.0005727e-05,-1
G039,G011,-3.001634e-05,-1
G064,G052,-3.0036224e-05,-1
G084,G076,-3.0076688e-05,-1
G013,G026,-3.0100698e-05,-1
G053,G005,-3.0125831e-05,-1
G029,G082,-3.0173762e-05,-1
G018,G015,-3.023815e-05,-1
G045,G082,-3.0262921e-05,-1
G012,G034,-3.031074e-05,-1
G056,G033,-3.0316658e-05,-1
G058,G069,-3.0316693e-05,-1
G004,G039,-3.0425277e-05,-1
G007,G009,-3.0437392e-05,-1
G045,G004,-3.0475141e-05,-1
G077,G030,-3.0505851e-05,-1
G056,G004,-3.0624884e-05,-1
G003,G001,-3.0655254e-05,-1
G099,G004,-3.0712818e-05,-1
G021,G005,-3.0731026e-05,-1
G060,G047,-3.075667e-05,-1
G041,G076,-3.082535e-05,-1
G007,G016,-3.099424e-05,-1
G025,G004,-3.1005988e-05,-1
G012,G004,-3.1008898e-05,-1
G061,G076,-3.1045416e-05,-1
G087,G080,-3.106204e-05,-1
G016,G064,-3.1115953e-05,-1
G097,G052,-3.120079e-05,-1
G074,G007,-3.122304e-05,-1
G071,G064,-3.12405e-05,-1
G026,G069,-3.1259086e-05,-1
G046,G033,-3.126157e-05,-1
G039,G004,-3.12823e-05,-1
G094,G016,-3.1295316e-05,-1
G019,G041,-3.1378633e-05,-1
G087,G082,-3.1422554e-05,-1
G033,G001,-3.1476826e-05,-1
G065,G034,-3.152236e-05,-1
G061,G005,-3.157321e-05,-1
G056,G082,-3.1590884e-05,-1
G097,G007,-3.1605887e-05,-1
G095,G001,-3.1610576e-05,-1
G005,G086,-3.1646814e-05,-1
G068,G077,-3.1650015e-05,-1
G034,G009,-3.169323e-05,-1
G021,G082,-3.17008e-05,-1
G019,G001,-3.1827076e-05,-1
G011,G056,-3.1922704e-05,-1
G097,G067,-3.2021522e-05,-1
G012,G052,-3.2063454e-05,-1
G047,G007,-3.2074073e-05,-1
G056,G067,-3.2106833e-05,-1
G081,G018,-3.2116564e-05,-1
G063,G086,-3.216195e-05,-1
G061,G026,-3.2184438e-05,-1
G090,G049,-3.2252643e-05,-1
G001,G077,-3.2402146e-05,-1
G013,G097,-3.246168e-05,-1
G043,G069,-3.2491538e-05,-1
G056,G097,-3.2564993e-05,-1
G014,G058,-3.260938e-05,-1
G031,G001,-3.2612308e-05,-1
G030,G016,-3.26675e-05,-1
G040,G005,-3.271219e-05,-1
G022,G008,-3.2741285e-05,-1
G031,G085,-3.2761378e-05,-1
G088,G003,-3.28004e-05,-1
G069,G082,-3.2834057e-05,-1
G007,G004,-3.2921864e-05,-1
G031,G047,-3.2942888e-05,-1
G061,G015,-3.294386e-05,-1
G005,G014,-3.2952736e-05,-1
G024,G009,-3.3000226e-05,-1
G062,G007,-3.3016677e-05,-1
G072,G097,-3.3023865e-05,-1
G096,G002,-3.303754e-05,-1
G056,G009,-3.3041713e-05,-1
G025,G015,-3.3078813e-05,-1
G097,G019,-3.3129374e-05,-1
G025,G094,-3.3135e-05,-1
G060,G082,-3.3142587e-05,-1
G050,G007,-3.3158965e-05,-1
G083,G018,-3.3209973e-05,-1
G064,G082,-3.327465e-05,-1
G030,G026,-3.328225e-05,-1
G071,G094,-3.3340806e-05,-1
G075,G038,-3.335195e-05,-1
G053,G047,-3.339627e-05,-1
G062,G019,-3.3451597e-05,-1
G057,G099,-3.34839e-05,-1
G021,G008,-3.3572316e-05,-1
G058,G063,-3.3585067e-05,-1
G054,G085,-3.358524e-05,-1
G091,G033,-3.359963e-05,-1
G077,G033,-3.3647542e-05,-1
G084,G034,-3.3733548e-05,-1
G046,G015,-3.375573e-05,-1
G080,G090,-3.375742e-05,-1
G056,G015,-3.3840523e-05,-1
G042,G082,-3.3910732e-05,-1
G002,G018,-3.3953824e-05,-1
G087,G004,-3.4000688e-05,-1
G047,G038,-3.4067874e-05,-1
G005,G056,-3.409145e-05,-1
G066,G026,-3.4148194e-05,-1
G046,G085,-3.4209548e-05,-1
G013,G073,-3.4312103e-05,-1
G083,G038,-3.4348563e-05,-1
G097,G064,-3.4412376e-05,-1
G098,G017,-3.4453275e-05,-1
G058,G015,-3.4464792e-05,-1
G088,G067,-3.455755e-05,-1
G043,G005,-3.462524e-05,-1
G061,G077,-3.463493e-05,-1
G054,G030,-3.4646928e-05,-1
G066,G064,-3.465228e-05,-1
G045,G064,-3.465286e-05,-1
G037,G030,-3.470793e-05,-1
G060,G026,-3.4734927e-05,-1
G007,G001,-3.4778313e-05,-1
G095,G015,-3.480218e-05,-1
G042,G013,-3.4824116e-05,-1
G065,G056,-3.4830435e-05,-1
G086,G011,-3.4933935e-05,-1
G060,G017,-3.4992874e-05,-1
G051,G007,-3.4999637e-05,-1
G012,G014,-3.5010115e-05,-1
G027,G047,-3.509342e-05,-1
G077,G097,-3.5102545e-05,-1
G084,G039,-3.5157922e-05,-1
G024,G069,-3.5182613e-05,-1
G004,G001,-3.5202083e-05,-1
G047,G005,-3.5243833e-05,-1
G058,G047,-3.5248006e-05,-1
G091,G082,-3.5271583e-05,-1
G040,G019,-3.532943e-05,-1
G074,G004,-3.541406e-05,-1
G018,G070,-3.5501478e-05,-1
G099,G039,-3.5528297e-05,-1
G025,G082,-3.55358e-05,-1
G070,G056,-3.5551304e-05,-1
G010,G050,-3.557435e-05,-1
G087,G034,-3.5619647e-05,-1
G046,G019,-3.5651818e-05,-1
G055,G069,-3.57697e-05,-1
G082,G084,-3.580318e-05,-1
G056,G077,-3.5810353e-05,-1
G001,G069,-3.5829795e-05,-1
G093,G001,-3.5896548e-05,-1
G026,G001,-3.5955454e-05,-1
G018,G007,-3.5960766e-05,-1
G030,G063,-3.598031e-05,-1
G030,G085,-3.598201e-05,-1
G082,G029,-3.5989597e-05,-1
G040,G070,-3.599685e-05,-1
G090,G016,-3.601631e-05,-1
G046,G063,-3.601696e-05,-1
G007,G052,-3.603671e-05,-1
G009,G067,-3.60411e-05,-1
G091,G015,-3.6047895e-05,-1
G085,G066,-3.60582e-05,-1
G093,G007,-3.6143974e-05,-1
G051,G002,-3.615638e-05,-1
G055,G077,-3.6215948e-05,-1
G081,G007,-3.6247253e-05,-1
G088,G005,-3.6268713e-05,-1
G099,G011,-3.6312467e-05,-1
G071,G057,-3.6331e-05,-1
G022,G068,-3.6352754e-05,-1
G013,G009,-3.6358484e-05,-1
G065,G052,-3.64296e-05,-1
G014,G020,-3.6506684e-05,-1
G003,G035,-3.652223e-05,-1
G089,G034,-3.6535046e-05,-1
G080,G050,-3.659893e-05,-1
G004,G064,-3.6611335e-05,-1
G051,G038,-3.6701033e-05,-1
G068,G033,-3.673642e-05,-1
G072,G093,-3.675191e-05,-1
G086,G009,-3.678573e-05,-1
G066,G005,-3.679559e-05,-1
G056,G047,-3.6801233e-05,-1
G070,G057,-3.6926835e-05,-1
G064,G049,-3.6956382e-05,-1
G058,G018,-3.6996207e-05,-1
G071,G038,-3.7026843e-05,-1
G047,G052,-3.7136655e-05,-1
G030,G094,-3.7169528e-05,-1
G070,G001,-3.72116e-05,-1
G097,G088,-3.7217484e-05,-1
G099,G005,-3.727497e-05,-1
G056,G007,-3.7307374e-05,-1
G022,G084,-3.7387163e-05,-1
G057,G005,-3.7427293e-05,-1
G098,G009,-3.743625e-05,-1
G039,G033,-3.747486e-05,-1
G040,G088,-3.748352e-05,-1
G087,G007,-3.7507034e-05,-1
G035,G052,-3.7554215e-05,-1
G057,G094,-3.7588485e-05,-1
G088,G030,-3.763508e-05,-1
G004,G082,-3.7643887e-05,-1
G035,G078,-3.7661954e-05,-1
G080,G049,-3.776397e-05,-1
G077,G005,-3.778434e-05,-1
G090,G007,-3.7811813e-05,-1
G092,G004,-3.7822116e-05,-1
G060,G038,-3.7857902e-05,-1
G003,G039,-3.7872327e-05,-1
G064,G047,-3.7888076e-05,-1
G016,G080,-3.7910566e-05,-1
G007,G082,-3.793299e-05,-1
G070,G076,-3.7936214e-05,-1
G027,G088,-3.7961552e-05,-1
G080,G089,-3.8002818e-05,-1
G077,G082,-3.8024613e-05,-1
G041,G078,-3.8026923e-05,-1
G009,G011,-3.810573e-05,-1
G029,G047,-3.81299e-05,-1
G021,G047,-3.822294e-05,-1
G034,G097,-3.8267954e-05,-1
G056,G019,-3.8370657e-05,-1
G003,G057,-3.8397247e-05,-1
G091,G038,-3.8524195e-05,-1
G018,G004,-3.8532427e-05,-1
G087,G064,-3.8549715e-05,-1
G011,G082,-3.8552196e-05,-1
G014,G083,-3.85824e-05,-1
G071,G001,-3.866781e-05,-1
G035,G064,-3.8677113e-05,-1
G027,G076,-3.8695016e-05,-1
G043,G019,-3.8695416e-05,-1
G001,G049,-3.8695587e-05,-1
G088,G073,-3.8799146e-05,-1
G033,G067,-3.886222e-05,-1
G074,G063,-3.894685e-05,-1
G031,G080,-3.897097e-05,-1
G044,G075,-3.8987582e-05,-1
G052,G022,-3.8997645e-05,-1
G020,G001,-3.9048216e-05,-1
G053,G082,-3.909304e-05,-1
G016,G005,-3.9093702e-05,-1
G025,G069,-3.9105846e-05,-1
G016,G054,-3.9141036e-05,-1
G030,G004,-3.914414e-05,-1
G069,G030,-3.9165996e-05,-1
G065,G018,-3.923411e-05,-1
G063,G022,-3.926287e-05,-1
G047,G009,-3.9348834e-05,-1
G056,G064,-3.9398914e-05,-1
G050,G072,-3.941692e-05,-1
G012,G007,-3.9423016e-05,-1
G072,G069,-3.9435796e-05,-1
G015,G026,-3.9459468e-05,-1
G050,G085,-3.949977e-05,-1
G078,G065,-3.9516934e-05,-1
G054,G076,-3.9548337e-05,-1
G091,G017,-3.9588147e-05,-1
G038,G015,-3.9589995e-05,-1
G055,G064,-3.959325e-05,-1
G052,G004,-3.96183e-05,-1
G019,G009,-3.965049e-05,-1
G003,G009,-3.9695413e-05,-1
G058,G001,-3.9725528e-05,-1
G063,G008,-3.9743816e-05,-1
G077,G088,-3.9839153e-05,-1
G047,G080,-3.9858667e-05,-1
G074,G039,-3.9937197e-05,-1
G026,G033,-3.995506e-05,-1
G015,G020,-3.9991246e-05,-1
G043,G009,-4.006419e-05,-1
G031,G022,-4.0108298e-05,-1
G043,G026,-4.0142637e-05,-1
G087,G097,-4.015482e-05,-1
G019,G076,-4.017091e-05,-1
G005,G072,-4.019119e-05,-1
G059,G039,-4.019305e-05,-1
G018,G056,-4.021718e-05,-1
G019,G049,-4.0239665e-05,-1
G092,G030,-4.0282026e-05,-1
G097,G022,-4.0314782e-05,-1
G020,G038,-4.0325132e-05,-1
G058,G011,-4.0393155e-05,-1
G095,G038,-4.0415576e-05,-1
G087,G077,-4.0429157e-05,-1
G019,G082,-4.0463732e-05,-1
G016,G026,-4.0475912e-05,-1
G038,G100,-4.048002e-05,-1
G022,G038,-4.0486277e-05,-1
G088,G039,-4.0524636e-05,-1
G087,G039,-4.063362e-05,-1
G046,G069,-4.0634528e-05,-1
G098,G076,-4.0648098e-05,-1
G098,G038,-4.0729123e-05,-1
G027,G005,-4.0732055e-05,-1
G098,G047,-4.0792223e-05,-1
G069,G097,-4.079283e-05,-1
G059,G047,-4.0840107e-05,-1
G037,G007,-4.0876217e-05,-1
G022,G019,-4.088664e-05,-1
G056,G069,-4.0891755e-05,-1
G057,G064,-4.0903295e-05,-1
G021,G022,-4.0970357e-05,-1
G035,G067,-4.0980733e-05,-1
G071,G082,-4.1016196e-05,-1
G047,G001,-4.1051677e-05,-1
G072,G034,-4.1064657e-05,-1
G042,G015,-4.1161085e-05,-1
G098,G033,-4.1174622e-05,-1
G024,G004,-4.1195046e-05,-1
G009,G088,-4.1199382e-05,-1
G089,G082,-4.1209354e-05,-1
G056,G039,-4.1267976e-05,-1
G098,G022,-4.1278465e-05,-1
G055,G005,-4.128134e-05,-1
G013,G064,-4.1418705e-05,-1
G081,G009,-4.1441235e-05,-1
G099,G067,-4.1444375e-05,-1
G025,G005,-4.1446074e-05,-1
G071,G034,-4.1446285e-05,-1
G029,G005,-4.151265e-05,-1
G043,G030,-4.1528845e-05,-1
G029,G063,-4.1548286e-05,-1
G053,G039,-4.1568062e-05,-1
G001,G030,-4.161394e-05,-1
G074,G034,-4.1658797e-05,-1
G021,G080,-4.173305e-05,-1
G027,G039,-4.1762512e-05,-1
G026,G047,-4.1767766e-05,-1
G006,G082,-4.1767835e-05,-1
G051,G049,-4.1776562e-05,-1
G034,G004,-4.1791427e-05,-1
G009,G039,-4.1806255e-05,-1
G015,G046,-4.1817155e-05,-1
G041,G055,-4.184749e-05,-1
G018,G001,-4.1886913e-05,-1
G039,G030,-4.1917232e-05,-1
G005,G057,-4.2013697e-05,-1
G097,G011,-4.2016985e-05,-1
G058,G082,-4.2055017e-05,-1
G045,G041,-4.2076503e-05,-1
G085,G021,-4.2087908e-05,-1
G058,G097,-4.2088566e-05,-1
G056,G017,-4.2102365e-05,-1
G080,G067,-4.213638e-05,-1
G084,G033,-4.221599e-05,-1
G026,G080,-4.2262905e-05,-1
G074,G077,-4.229639e-05,-1
G019,G064,-4.2301977e-05,-1
G098,G008,-4.230921e-05,-1
G093,G079,-4.234451e-05,-1
G052,G041,-4.236657e-05,-1
G085,G081,-4.2377415e-05,-1
G068,G079,-4.245756e-05,-1
G041,G050,-4.2488286e-05,-1
G078,G046,-4.2511307e-05,-1
G092,G063,-4.2538715e-05,-1
G076,G016,-4.2544678e-05,-1
G026,G082,-4.256555e-05,-1
G002,G017,-4.2587468e-05,-1
G045,G038,-4.259383e-05,-1
G030,G099,-4.2600648e-05,-1
G058,G094,-4.260552e-05,-1
G060,G063,-4.264349e-05,-1
G004,G047,-4.27252e-05,-1
G082,G020,-4.275072e-05,-1
G072,G088,-4.2810112e-05,-1
G021,G030,-4.2842577e-05,-1
G027,G067,-4.28475e-05,-1
G065,G049,-4.285134e-05,-1
G092,G019,-4.2856227e-05,-1
G036,G013,-4.3027238e-05,-1
G084,G017,-4.305483e-05,-1
G029,G004,-4.3064665e-05,-1
G021,G069,-4.3072436e-05,-1
G072,G004,-4.308812e-05,-1
G066,G038,-4.311438e-05,-1
G091,G019,-4.3232292e-05,-1
G083,G055,-4.3273725e-05,-1
G099,G033,-4.334769e-05,-1
G047,G094,-4.3356777e-05,-1
G031,G017,-4.342883e-05,-1
G009,G097,-4.3462587e-05,-1
G019,G039,-4.351392e-05,-1
G057,G007,-4.3536485e-05,-1
G082,G013,-4.3559972e-05,-1
G062,G033,-4.3583976e-05,-1
G074,G011,-4.360804e-05,-1
G045,G009,-4.3671615e-05,-1
G046,G030,-4.375264e-05,-1
G055,G085,-4.3761404e-05,-1
G031,G063,-4.3797463e-05,-1
G072,G039,-4.380605e-05,-1
G001,G004,-4.3851865e-05,-1
G033,G004,-4.3902066e-05,-1
G060,G011,-4.3919874e-05,-1
G041,G049,-4.4026772e-05,-1
G029,G008,-4.406269e-05,-1
G004,G011,-4.40879e-05,-1
G034,G080,-4.4092805e-05,-1
G068,G076,-4.411092e-05,-1
G033,G056,-4.4137847e-05,-1
G045,G070,-4.416343e-05,-1
G092,G067,-4.416782e-05,-1
G078,G084,-4.4184068e-05,-1
G031,G034,-4.4267726e-05,-1
G009,G007,-4.428502e-05,-1
G034,G052,-4.4296212e-05,-1
G025,G047,-4.4353408e-05,-1
G056,G085,-4.4361164e-05,-1
G077,G076,-4.444534e-05,-1
G015,G074,-4.4456272e-05,-1
G035,G005,-4.4526e-05,-1
G019,G038,-4.463102e-05,-1
G091,G069,-4.46492e-05,-1
G015,G007,-4.4769058e-05,-1
G034,G082,-4.480806e-05,-1
G082,G026,-4.4817167e-05,-1
G063,G035,-4.48385e-05,-1
G042,G023,-4.4946977e-05,-1
G027,G080,-4.5080644e-05,-1
G020,G003,-4.508421e-05,-1
G054,G007,-4.509375e-05,-1
G042,G031,-4.5130626e-05,-1
G057,G022,-4.515532e-05,-1
G063,G002,-4.5243858e-05,-1
G022,G054,-4.5265835e-05,-1
G039,G047,-4.530412e-05,-1
G069,G004,-4.53286e-05,-1
G043,G064,-4.5395696e-05,-1
G019,G069,-4.541788e-05,-1
G084,G082,-4.5547586e-05,-1
G068,G039,-4.5566096e-05,-1
G078,G007,-4.557162e-05,-1
G090,G015,-4.5575685e-05,-1
G069,G077,-4.5577006e-05,-1
G024,G064,-4.5594108e-05,-1
G012,G030,-4.5596695e-05,-1
G029,G026,-4.5628065e-05,-1
G060,G039,-4.562898e-05,-1
G054,G001,-4.5676123e-05,-1
G002,G069,-4.5781704e-05,-1
G060,G064,-4.5785437e-05,-1
G031,G019,-4.5858844e-05,-1
G011,G047,-4.5911413e-05,-1
G011,G035,-4.5928555e-05,-1
G029,G099,-4.5983696e-05,-1
G076,G055,-4.6004636e-05,-1
G039,G094,-4.6026325e-05,-1
G088,G038,-4.6093373e-05,-1
G016,G099,-4.6100486e-05,-1
G093,G026,-4.611624e-05,-1
G068,G070,-4.6144938e-05,-1
G004,G070,-4.6183217e-05,-1
G018,G034,-4.6191682e-05,-1
G024,G039,-4.6202014e-05,-1
G082,G094,-4.6233465e-05,-1
G088,G064,-4.625892e-05,-1
G016,G030,-4.6285975e-05,-1
G043,G001,-4.633905e-05,-1
G030,G033,-4.63465e-05,-1
G013,G047,-4.6384008e-05,-1
G084,G007,-4.641279e-05,-1
G064,G001,-4.6413417e-05,-1
G006,G078,-4.6522116e-05,-1
G011,G001,-4.6624133e-05,-1
G043,G077,-4.668148e-05,-1
G093,G063,-4.6714737e-05,-1
G040,G063,-4.6727248e-05,-1
G097,G033,-4.674522e-05,-1
G071,G004,-4.677248e-05,-1
G001,G011,-4.677427e-05,-1
G056,G080,-4.68496e-05,-1
G059,G088,-4.690997e-05,-1
G087,G063,-4.6918947e-05,-1
G021,G077,-4.6969344e-05,-1
G050,G033,-4.700446e-05,-1
G031,G038,-4.7027006e-05,-1
G015,G063,-4.7055208e-05,-1
G017,G056,-4.7070662e-05,-1
G086,G077,-4.7087233e-05,-1
G098,G005,-4.7104553e-05,-1
G021,G009,-4.710769e-05,-1
G068,G038,-4.7144924e-05,-1
G061,G033,-4.719254e-05,-1
G075,G011,-4.722619e-05,-1
G052,G034,-4.7313682e-05,-1
G039,G097,-4.7338784e-05,-1
G030,G077,-4.7346693e-05,-1
G026,G039,-4.7420373e-05,-1
G022,G076,-4.7427257e-05,-1
G015,G054,-4.7466416e-05,-1
G004,G069,-4.7513444e-05,-1
G063,G052,-4.7518282e-05,-1
G066,G097,-4.7579506e-05,-1
G027,G030,-4.7584515e-05,-1
G060,G004,-4.7587255e-05,-1
G058,G017,-4.7593814e-05,-1
G030,G064,-4.759587e-05,-1
G043,G080,-4.7606998e-05,-1
G026,G004,-4.7624882e-05,-1
G021,G011,-4.764696e-05,-1
G020,G064,-4.7647663e-05,-1
G047,G088,-4.765204e-05,-1
G075,G034,-4.7660178e-05,-1
G057,G080,-4.772106e-05,-1
G012,G009,-4.772276e-05,-1
G052,G019,-4.773511e-05,-1
G040,G080,-4.7756228e-05,-1
G019,G008,-4.7767982e-05,-1
G015,G091,-4.778924e-05,-1
G039,G080,-4.7789603e-05,-1
G002,G039,-4.7861067e-05,-1
G092,G097,-4.7911693e-05,-1
G066,G088,-4.7912898e-05,-1
G090,G038,-4.792853e-05,-1
G077,G069,-4.8031183e-05,-1
G086,G097,-4.805997e-05,-1
G019,G018,-4.806267e-05,-1
G085,G062,-4.8082344e-05,-1
G061,G019,-4.8085894e-05,-1
G012,G067,-4.8110564e-05,-1
G091,G030,-4.811488e-05,-1
G083,G082,-4.8130387e-05,-1
G062,G015,-4.8186583e-05,-1
G043,G082,-4.8281396e-05,-1
G025,G039,-4.8300673e-05,-1
G086,G063,-4.831795e-05,-1
G005,G033,-4.8329068e-05,-1
G005,G035,-4.8406204e-05,-1
G083,G093,-4.8456095e-05,-1
G074,G019,-4.8460483e-05,-1
G098,G063,-4.8570295e-05,-1
G080,G037,-4.857031e-05,-1
G068,G097,-4.8584592e-05,-1
G037,G077,-4.858649e-05,-1
G088,G077,-4.8613492e-05,-1
G034,G022,-4.875461e-05,-1
G014,G046,-4.8812188e-05,-1
G074,G038,-4.8840688e-05,-1
G072,G001,-4.885993e-05,-1
G039,G077,-4.8937116e-05,-1
G008,G006,-4.8980666e-05,-1
G030,G019,-4.898981e-05,-1
G062,G009,-4.901082e-05,-1
G004,G033,-4.9067523e-05,-1
G055,G067,-4.9073285e-05,-1
G091,G073,-4.9103262e-05,-1
G068,G064,-4.9117738e-05,-1
G057,G069,-4.9150505e-05,-1
G075,G052,-4.9156664e-05,-1
G009,G049,-4.9164486e-05,-1
G086,G047,-4.9291633e-05,-1
G011,G005,-4.929204e-05,-1
G051,G063,-4.9295923e-05,-1
G063,G001,-4.9338636e-05,-1
G011,G063,-4.938192e-05,-1
G033,G086,-4.938645e-05,-1
G068,G049,-4.9426777e-05,-1
G074,G094,-4.944305e-05,-1
G099,G097,-4.9449904e-05,-1
G053,G030,-4.9599796e-05,-1
G002,G004,-4.9609458e-05,-1
G012,G047,-4.9614286e-05,-1
G044,G095,-4.9621573e-05,-1
G040,G082,-4.9639028e-05,-1
G040,G008,-4.9683014e-05,-1
G026,G007,-4.9687816e-05,-1
G095,G067,-4.9707487e-05,-1
G057,G063,-4.9730268e-05,-1
G046,G077,-4.974097e-05,-1
G062,G030,-4.9741295e-05,-1
G059,G080,-4.974854e-05,-1
G097,G047,-4.977836e-05,-1
G099,G007,-4.9813803e-05,-1
G041,G095,-4.9827057e-05,-1
G001,G017,-4.9839684e-05,-1
G035,G034,-4.987584e-05,-1
G009,G015,-4.98805e-05,-1
G033,G007,-4.988844e-05,-1
G027,G009,-4.992699e-05,-1
G092,G026,-4.9943377e-05,-1
G041,G053,-4.9959166e-05,-1
G077,G067,-4.9974456e-05,-1
G081,G001,-5.0000166e-05,-1
G069,G088,-5.00185e-05,-1
G066,G004,-5.0053735e-05,-1
G006,G028,-5.0086706e-05,-1
G060,G033,-5.010758e-05,-1
G086,G049,-5.019358e-05,-1
G099,G015,-5.024468e-05,-1
G069,G047,-5.0286355e-05,-1
G054,G064,-5.0293955e-05,-1
G013,G077,-5.0318606e-05,-1
G039,G082,-5.032516e-05,-1
G001,G005,-5.0329523e-05,-1
G061,G064,-5.0333372e-05,-1
G026,G017,-5.03522e-05,-1
G009,G019,-5.0470157e-05,-1
G068,G026,-5.0545714e-05,-1
G012,G038,-5.05802e-05,-1
G002,G064,-5.0585666e-05,-1
G059,G022,-5.063195e-05,-1
G038,G067,-5.0659437e-05,-1
G062,G082,-5.0693405e-05,-1
G058,G088,-5.071188e-05,-1
G037,G047,-5.0722465e-05,-1
G059,G069,-5.075248e-05,-1
G059,G067,-5.076321e-05,-1
G030,G009,-5.082676e-05,-1
G001,G015,-5.0847706e-05,-1
G099,G069,-5.085618e-05,-1
G068,G004,-5.092096e-05,-1
G002,G077,-5.0931914e-05,-1
G039,G005,-5.0977604e-05,-1
G086,G039,-5.1007395e-05,-1
G099,G064,-5.1039675e-05,-1
G045,G052,-5.105214e-05,-1
G066,G007,-5.1062052e-05,-1
G002,G049,-5.1080762e-05,-1
G065,G002,-5.1097755e-05,-1
G075,G004,-5.1102517e-05,-1
G029,G007,-5.111291e-05,-1
G004,G007,-5.1149476e-05,-1
G068,G063,-5.124108e-05,-1
G090,G011,-5.1245057e-05,-1
G007,G019,-5.1272767e-05,-1
G054,G033,-5.1287527e-05,-1
G097,G015,-5.141669e-05,-1
G054,G038,-5.1426603e-05,-1
G098,G019,-5.142894e-05,-1
G027,G077,-5.152893e-05,-1
G030,G039,-5.1557843e-05,-1
G013,G080,-5.1589825e-05,-1
G031,G039,-5.159198e-05,-1
G020,G072,-5.1593426e-05,-1
G040,G084,-5.1636234e-05,-1
G009,G017,-5.1654915e-05,-1
G041,G057,-5.166113e-05,-1
G068,G088,-5.167985e-05,-1
G021,G033,-5.1688625e-05,-1
G074,G069,-5.1698193e-05,-1
G037,G011,-5.173872e-05,-1
G062,G039,-5.1782732e-05,-1
G007,G088,-5.1814226e-05,-1
G072,G037,-5.1823692e-05,-1
G061,G097,-5.1836854e-05,-1
G007,G097,-5.1837993e-05,-1
G084,G097,-5.190655e-05,-1
G081,G088,-5.1932093e-05,-1
G086,G022,-5.1936386e-05,-1
G062,G063,-5.197878e-05,-1
G069,G064,-5.201143e-05,-1
G094,G015,-5.2023966e-05,-1
G070,G067,-5.2026426e-05,-1
G084,G026,-5.203589e-05,-1
G059,G070,-5.2104853e-05,-1
G029,G030,-5.2123847e-05,-1
G001,G038,-5.2154242e-05,-1
G058,G007,-5.2163436e-05,-1
G093,G004,-5.2270843e-05,-1
G069,G034,-5.2305044e-05,-1
G045,G069,-5.2340416e-05,-1
G076,G015,-5.2362877e-05,-1
G007,G049,-5.237185e-05,-1
G093,G076,-5.2406136e-05,-1
G098,G039,-5.2427564e-05,-1
G004,G026,-5.24497e-05,-1
G022,G014,-5.2466676e-05,-1
G098,G007,-5.251943e-05,-1
G099,G077,-5.2581207e-05,-1
G050,G001,-5.2595376e-05,-1
G029,G046,-5.2629952e-05,-1
G092,G088,-5.2676383e-05,-1
G039,G009,-5.2692365e-05,-1
G025,G033,-5.270029e-05,-1
G059,G046,-5.2770232e-05,-1
G011,G067,-5.2816555e-05,-1
G084,G088,-5.2829393e-05,-1
G071,G067,-5.2856536e-05,-1
G069,G039,-5.2880932e-05,-1
G039,G015,-5.2884396e-05,-1
G068,G047,-5.291826e-05,-1
G059,G026,-5.2930598e-05,-1
G027,G094,-5.2945947e-05,-1
G001,G080,-5.2968706e-05,-1
G088,G022,-5.2970092e-05,-1
G030,G070,-5.2972522e-05,-1
G079,G013,-5.3005162e-05,-1
G068,G080,-5.3027758e-05,-1
G063,G082,-5.3034502e-05,-1
G050,G017,-5.3069427e-05,-1
G076,G057,-5.3091728e-05,-1
G058,G026,-5.3105254e-05,-1
G034,G047,-5.3137734e-05,-1
G069,G008,-5.3141826e-05,-1
G022,G047,-5.3234096e-05,-1
G086,G069,-5.323558e-05,-1
G093,G049,-5.3236858e-05,-1
G093,G064,-5.326132e-05,-1
G019,G022,-5.3265336e-05,-1
G050,G082,-5.326999e-05,-1
G060,G030,-5.330765e-05,-1
G093,G034,-5.3410517e-05,-1
G086,G001,-5.3410695e-05,-1
G059,G009,-5.347914e-05,-1
G001,G097,-5.3480653e-05,-1
G031,G082,-5.3487984e-05,-1
G068,G030,-5.3520263e-05,-1
G054,G022,-5.3637414e-05,-1
G051,G033,-5.3681866e-05,-1
G095,G007,-5.3688076e-05,-1
G075,G007,-5.3791802e-05,-1
G089,G067,-5.394446e-05,-1
G053,G069,-5.4039847e-05,-1
G031,G072,-5.4043376e-05,-1
G053,G094,-5.4065702e-05,-1
G012,G001,-5.4079675e-05,-1
G007,G034,-5.4118525e-05,-1
G055,G082,-5.4184344e-05,-1
G091,G039,-5.423672e-05,-1
G034,G017,-5.426656e-05,-1
G078,G061,-5.4283333e-05,-1
G066,G008,-5.4362255e-05,-1
G026,G009,-5.447226e-05,-1
G058,G022,-5.4536966e-05,-1
G051,G009,-5.461272e-05,-1
G052,G033,-5.4642373e-05,-1
G059,G064,-5.4706874e-05,-1
G014,G087,-5.4725006e-05,-1
G092,G079,-5.4778495e-05,-1
G029,G069,-5.4859698e-05,-1
G035,G015,-5.4884567e-05,-1
G087,G026,-5.4884717e-05,-1
G091,G026,-5.491464e-05,-1
G040,G022,-5.4945653e-05,-1
G019,G005,-5.5057633e-05,-1
G075,G067,-5.505835e-05,-1
G053,G007,-5.506536e-05,-1
G078,G058,-5.506732e-05,-1
G050,G067,-5.5087887e-05,-1
G037,G082,-5.511091e-05,-1
G007,G078,-5.5111268e-05,-1
G020,G076,-5.513353e-05,-1
G020,G070,-5.5136457e-05,-1
G064,G069,-5.5177483e-05,-1
G043,G088,-5.5200704e-05,-1
G077,G079,-5.5245768e-05,-1
G086,G064,-5.5300916e-05,-1
G024,G067,-5.5359094e-05,-1
G044,G050,-5.53625e-05,-1
G040,G099,-5.544338e-05,-1
G029,G017,-5.544515e-05,-1
G012,G005,-5.5451426e-05,-1
G039,G019,-5.5453245e-05,-1
G081,G038,-5.5459208e-05,-1
G060,G019,-5.5489487e-05,-1
G095,G082,-5.5499935e-05,-1
G046,G076,-5.5545977e-05,-1
G062,G072,-5.557432e-05,-1
G016,G063,-5.5583147e-05,-1
G024,G026,-5.562642e-05,-1
G075,G001,-5.566928e-05,-1
G031,G077,-5.5728608e-05,-1
G095,G063,-5.5728688e-05,-1
G026,G022,-5.5791956e-05,-1
G012,G082,-5.5795386e-05,-1
G047,G063,-5.5800272e-05,-1
G081,G005,-5.5811557e-05,-1
G084,G009,-5.583043e-05,-1
G009,G033,-5.585196e-05,-1
G063,G056,-5.585418e-05,-1
G062,G069,-5.5863416e-05,-1
G075,G033,-5.5951663e-05,-1
G081,G022,-5.600504e-05,-1
G036,G043,-5.6023975e-05,-1
G010,G031,-5.603658e-05,-1
G020,G052,-5.6086545e-05,-1
G077,G094,-5.6162986e-05,-1
G003,G004,-5.6170153e-05,-1
G069,G009,-5.6203717e-05,-1
G024,G082,-5.620403e-05,-1
G069,G049,-5.6278033e-05,-1
G004,G038,-5.6409113e-05,-1
G022,G046,-5.641795e-05,-1
G076,G082,-5.6447923e-05,-1
G059,G099,-5.6466542e-05,-1
G093,G077,-5.6469275e-05,-1
G007,G017,-5.6550143e-05,-1
G056,G049,-5.6568802e-05,-1
G089,G019,-5.663176e-05,-1
G075,G082,-5.6658428e-05,-1
G097,G080,-5.6696616e-05,-1
G026,G094,-5.6716173e-05,-1
G061,G008,-5.6751942e-05,-1
G002,G011,-5.679622e-05,-1
G052,G017,-5.684716e-05,-1
G013,G019,-5.6881923e-05,-1
G064,G072,-5.6894292e-05,-1
G065,G082,-5.696902e-05,-1
G086,G076,-5.7043202e-05,-1
G077,G063,-5.7052814e-05,-1
G052,G005,-5.706771e-05,-1
G040,G047,-5.7076824e-05,-1
G013,G088,-5.7107536e-05,-1
G090,G033,-5.711974e-05,-1
G009,G063,-5.712762e-05,-1
G057,G030,-5.7155677e-05,-1
G059,G005,-5.71782e-05,-1
G026,G088,-5.7189896e-05,-1
G055,G007,-5.7210058e-05,-1
G004,G077,-5.724485e-05,-1
G046,G080,-5.726582e-05,-1
G082,G068,-5.7294368e-05,-1
G086,G080,-5.7294616e-05,-1
G001,G008,-5.736426e-05,-1
G020,G007,-5.736639e-05,-1
G022,G099,-5.737215e-05,-1
G098,G082,-5.7377285e-05,-1
G026,G034,-5.7415327e-05,-1
G056,G063,-5.743234e-05,-1
G009,G038,-5.746986e-05,-1
G071,G009,-5.7472032e-05,-1
G081,G064,-5.7504614e-05,-1
G034,G088,-5.753942e-05,-1
G001,G022,-5.7614303e-05,-1
G090,G082,-5.7637022e-05,-1
G047,G019,-5.7664754e-05,-1
G014,G084,-5.775529e-05,-1
G057,G088,-5.7791578e-05,-1
G052,G015,-5.7950863e-05,-1
G092,G094,-5.7978665e-05,-1
G093,G011,-5.801171e-05,-1
G046,G047,-5.806252e-05,-1
G020,G009,-5.8078695e-05,-1
G047,G017,-5.8080903e-05,-1
G057,G047,-5.811422e-05,-1
G087,G047,-5.8161735e-05,-1
G033,G023,-5.8233676e-05,-1
G005,G038,-5.8263115e-05,-1
G069,G019,-5.8321653e-05,-1
G076,G037,-5.8348745e-05,-1
G073,G014,-5.835468e-05,-1
G050,G076,-5.8355905e-05,-1
G090,G019,-5.8364836e-05,-1
G082,G038,-5.8436577e-05,-1
G077,G047,-5.8507623e-05,-1
G022,G033,-5.8549114e-05,-1
G081,G030,-5.8561902e-05,-1
G070,G052,-5.859181e-05,-1
G017,G005,-5.8597972e-05,-1
G046,G022,-5.860982e-05,-1
G041,G093,-5.8624963e-05,-1
G003,G052,-5.8661564e-05,-1
G084,G003,-5.8680067e-05,-1
G055,G039,-5.8767753e-05,-1
G035,G004,-5.8774607e-05,-1
G050,G034,-5.8776917e-05,-1
G039,G007,-5.8784502e-05,-1
G027,G022,-5.8797425e-05,-1
G026,G008,-5.8808204e-05,-1
G060,G005,-5.8814432e-05,-1
G052,G097,-5.8880945e-05,-1
G080,G041,-5.8887108e-05,-1
G055,G034,-5.896866e-05,-1
G027,G069,-5.9014474e-05,-1
G093,G015,-5.9079863e-05,-1
G020,G047,-5.9111477e-05,-1
G008,G078,-5.915038e-05,-1
G064,G015,-5.9188074e-05,-1
G084,G069,-5.9213122e-05,-1
G081,G063,-5.9223756e-05,-1
G097,G039,-5.930526e-05,-1
G077,G004,-5.934117e-05,-1
G084,G004,-5.9364585e-05,-1
G025,G049,-5.937794e-05,-1
G076,G052,-5.9381975e-05,-1
G017,G022,-5.9401584e-05,-1
G061,G004,-5.941599e-05,-1
G074,G005,-5.9441634e-05,-1
G058,G070,-5.9481634e-05,-1
G011,G076,-5.9510505e-05,-1
G005,G052,-5.9523467e-05,-1
G074,G080,-5.9538448e-05,-1
G004,G030,-5.9541082e-05,-1
G005,G001,-5.954274e-05,-1
G026,G070,-5.9592636e-05,-1
G088,G009,-5.9645346e-05,-1
G070,G073,-5.9825314e-05,-1
G022,G049,-5.9852293e-05,-1
G092,G070,-5.985911e-05,-1
G054,G004,-5.9917493e-05,-1
G019,G033,-5.9939062e-05,-1
G078,G074,-5.9986174e-05,-1
G077,G064,-6.014302e-05,-1
G019,G034,-6.0153703e-05,-1
G099,G022,-6.015506e-05,-1
G035,G082,-6.0194896e-05,-1
G095,G004,-6.0207938e-05,-1
G096,G047,-6.024018e-05,-1
G072,G014,-6.0244238e-05,-1
G001,G082,-6.0275153e-05,-1
G054,G070,-6.0300783e-05,-1
G060,G079,-6.0303464e-05,-1
G097,G094,-6.034233e-05,-1
G055,G076,-6.035301e-05,-1
G069,G011,-6.0365484e-05,-1
G095,G030,-6.040472e-05,-1
G074,G079,-6.0432656e-05,-1
G022,G088,-6.0466642e-05,-1
G046,G011,-6.0468028e-05,-1
G045,G088,-6.0511724e-05,-1
G093,G041,-6.0528902e-05,-1
G091,G080,-6.0554277e-05,-1
G084,G064,-6.0572806e-05,-1
G040,G011,-6.0614475e-05,-1
G015,G087,-6.0629693e-05,-1
G053,G049,-6.0687496e-05,-1
G072,G064,-6.071224e-05,-1
G091,G005,-6.0742113e-05,-1
G059,G019,-6.078583e-05,-1
G093,G097,-6.0799455e-05,-1
G024,G007,-6.0872808e-05,-1
G071,G076,-6.0934508e-05,-1
G035,G017,-6.0939477e-05,-1
G014,G081,-6.094674e-05,-1
G042,G014,-6.09554e-05,-1
G099,G082,-6.0963404e-05,-1
G025,G009,-6.100831e-05,-1
G052,G077,-6.101728e-05,-1
G080,G038,-6.107926e-05,-1
G029,G039,-6.1082705e-05,-1
G024,G033,-6.11418e-05,-1
G004,G094,-6.117279e-05,-1
G086,G004,-6.1188235e-05,-1
G014,G068,-6.1253355e-05,-1
G088,G034,-6.127503e-05,-1
G034,G005,-6.12959e-05,-1
G055,G001,-6.1303865e-05,-1
G076,G056,-6.134815e-05,-1
G074,G026,-6.137177e-05,-1
G052,G047,-6.141498e-05,-1
G064,G039,-6.1421844e-05,-1
G024,G094,-6.1479615e-05,-1
G017,G086,-6.1539824e-05,-1
G026,G030,-6.155098e-05,-1
G034,G019,-6.156766e-05,-1
G029,G079,-6.15758e-05,-1
G058,G039,-6.160392e-05,-1
G064,G005,-6.1685285e-05,-1
G018,G052,-6.170875e-05,-1
G026,G097,-6.1710874e-05,-1
G063,G004,-6.171783e-05,-1
G034,G077,-6.1738036e-05,-1
G010,G082,-6.174193e-05,-1
G089,G063,-6.174205e-05,-1
G078,G068,-6.1743485e-05,-1
G054,G088,-6.1766965e-05,-1
G075,G019,-6.181642e-05,-1
G066,G069,-6.182871e-05,-1
G010,G016,-6.185117e-05,-1
G035,G047,-6.186563e-05,-1
G088,G049,-6.187898e-05,-1
G002,G030,-6.191344e-05,-1
G034,G030,-6.1946404e-05,-1
G084,G077,-6.199958e-05,-1
G025,G052,-6.202906e-05,-1
G062,G004,-6.203381e-05,-1
G033,G063,-6.205195e-05,-1
G020,G033,-6.205605e-05,-1
G087,G069,-6.209444e-05,-1
G091,G077,-6.211252e-05,-1
G099,G038,-6.2136845e-05,-1
G054,G011,-6.2142906e-05,-1
G088,G097,-6.214687e-05,-1
G088,G017,-6.215569e-05,-1
G017,G002,-6.217168e-05,-1
G025,G001,-6.222824e-05,-1
G046,G007,-6.2246574e-05,-1
G069,G017,-6.233562e-05,-1
G054,G005,-6.2337516e-05,-1
G058,G019,-6.241426e-05,-1
G016,G087,-6.253873e-05,-1
G010,G095,-6.254922e-05,-1
G054,G039,-6.2639876e-05,-1
G007,G077,-6.2840634e-05,-1
G046,G079,-6.29021e-05,-1
G002,G082,-6.2925435e-05,-1
G014,G061,-6.300745e-05,-1
G061,G046,-6.303533e-05,-1
G059,G079,-6.303765e-05,-1
G024,G080,-6.309026e-05,-1
G059,G097,-6.3091495e-05,-1
G044,G039,-6.316282e-05,-1
G082,G087,-6.317023e-05,-1
G092,G009,-6.326906e-05,-1
G065,G076,-6.331002e-05,-1
G098,G097,-6.335402e-05,-1
G081,G079,-6.349715e-05,-1
G071,G014,-6.3562584e-05,-1
G090,G026,-6.3592466e-05,-1
G095,G011,-6.363179e-05,-1
G022,G064,-6.366909e-05,-1
G011,G019,-6.37848e-05,-1
G092,G022,-6.3787804e-05,-1
G091,G022,-6.379319e-05,-1
G046,G017,-6.381158e-05,-1
G002,G080,-6.383126e-05,-1
G072,G011,-6.3833766e-05,-1
G040,G030,-6.3880194e-05,-1
G063,G076,-6.390114e-05,-1
G061,G011,-6.390744e-05,-1
G070,G082,-6.404545e-05,-1
G055,G072,-6.40716e-05,-1
G058,G034,-6.4073225e-05,-1
G053,G009,-6.409977e-05,-1
G016,G079,-6.412942e-05,-1
G051,G004,-6.4144355e-05,-1
G033,G080,-6.4154025e-05,-1
G043,G046,-6.425643e-05,-1
G014,G091,-6.425893e-05,-1
G076,G049,-6.4285065e-05,-1
G055,G022,-6.4314314e-05,-1
G093,G017,-6.431896e-05,-1
G020,G030,-6.43899e-05,-1
G071,G069,-6.443808e-05,-1
G046,G064,-6.4458734e-05,-1
G064,G009,-6.449287e-05,-1
G030,G080,-6.457859e-05,-1
G043,G073,-6.460838e-05,-1
G001,G094,-6.4643355e-05,-1
G098,G077,-6.466674e-05,-1
G001,G019,-6.469666e-05,-1
G085,G059,-6.47163e-05,-1
G034,G026,-6.476013e-05,-1
G001,G088,-6.4844346e-05,-1
G056,G079,-6.4846616e-05,-1
G093,G009,-6.486845e-05,-1
G047,G033,-6.4870444e-05,-1
G029,G019,-6.487415e-05,-1
G005,G076,-6.4903106e-05,-1
G057,G008,-6.493218e-05,-1
G062,G073,-6.497515e-05,-1
G021,G038,-6.497865e-05,-1
G087,G009,-6.4984946e-05,-1
G089,G004,-6.4994514e-05,-1
G023,G014,-6.507426e-05,-1
G077,G009,-6.508999e-05,-1
G035,G088,-6.514251e-05,-1
G021,G068,-6.516822e-05,-1
G019,G080,-6.518786e-05,-1
G069,G080,-6.520299e-05,-1
G015,G068,-6.526735e-05,-1
G044,G067,-6.52726e-05,-1
G077,G038,-6.530297e-05,-1
G082,G008,-6.5405526e-05,-1
G027,G063,-6.541736e-05,-1
G066,G079,-6.5493936e-05,-1
G021,G019,-6.550334e-05,-1
G021,G070,-6.562659e-05,-1
G035,G009,-6.573212e-05,-1
G055,G097,-6.576469e-05,-1
G031,G079,-6.578214e-05,-1
G029,G014,-6.582673e-05,-1
G078,G038,-6.584461e-05,-1
G039,G008,-6.596102e-05,-1
G096,G007,-6.596744e-05,-1
G055,G030,-6.5997134e-05,-1
G041,G056,-6.600091e-05,-1
G072,G079,-6.605617e-05,-1
G024,G005,-6.6107095e-05,-1
G043,G038,-6.611856e-05,-1
G088,G082,-6.612877e-05,-1
G068,G094,-6.613178e-05,-1
G075,G047,-6.617831e-05,-1
G074,G009,-6.6200235e-05,-1
G051,G015,-6.628971e-05,-1
G016,G009,-6.643134e-05,-1
G096,G052,-6.64539e-05,-1
G069,G094,-6.6458546e-05,-1
G099,G034,-6.647486e-05,-1
G017,G008,-6.651844e-05,-1
G024,G030,-6.657847e-05,-1
G002,G038,-6.662047e-05,-1
G097,G009,-6.6621695e-05,-1
G063,G057,-6.670319e-05,-1
G062,G097,-6.674519e-05,-1
G098,G070,-6.6798144e-05,-1
G024,G099,-6.6831155e-05,-1
G035,G069,-6.688945e-05,-1
G055,G080,-6.6944616e-05,-1
G066,G094,-6.694536e-05,-1
G083,G053,-6.695126e-05,-1
G082,G046,-6.696346e-05,-1
G045,G030,-6.702309e-05,-1
G086,G030,-6.70372e-05,-1
G017,G035,-6.704661e-05,-1
G057,G070,-6.705312e-05,-1
G061,G069,-6.7072106e-05,-1
G060,G009,-6.710257e-05,-1
G009,G026,-6.716931e-05,-1
G025,G046,-6.717315e-05,-1
G043,G017,-6.720138e-05,-1
G089,G007,-6.72382e-05,-1
G061,G038,-6.724582e-05,-1
G050,G011,-6.732326e-05,-1
G021,G097,-6.7323774e-05,-1
G064,G007,-6.7356166e-05,-1
G069,G022,-6.738531e-05,-1
G061,G094,-6.740009e-05,-1
G058,G030,-6.747538e-05,-1
G056,G099,-6.758926e-05,-1
G066,G019,-6.7666755e-05,-1
G030,G097,-6.770406e-05,-1
G012,G019,-6.7713176e-05,-1
G093,G019,-6.7725065e-05,-1
G078,G091,-6.7738656e-05,-1
G003,G070,-6.77606e-05,-1
G092,G038,-6.787667e-05,-1
G097,G069,-6.789908e-05,-1
G063,G041,-6.791089e-05,-1
G034,G064,-6.792967e-05,-1
G097,G082,-6.7972156e-05,-1
G052,G063,-6.8051e-05,-1
G071,G052,-6.808637e-05,-1
G016,G084,-6.8126195e-05,-1
G077,G007,-6.8228146e-05,-1
G021,G049,-6.838938e-05,-1
G033,G052,-6.844766e-05,-1
G072,G070,-6.8499234e-05,-1
G065,G039,-6.850668e-05,-1
G074,G082,-6.8522066e-05,-1
G045,G001,-6.852687e-05,-1
G003,G064,-6.8531954e-05,-1
G061,G022,-6.853419e-05,-1
G064,G030,-6.855534e-05,-1
G055,G038,-6.856065e-05,-1
G077,G011,-6.857244e-05,-1
G035,G063,-6.865644e-05,-1
G014,G029,-6.875218e-05,-1
G099,G073,-6.8803085e-05,-1
G020,G079,-6.88066e-05,-1
G066,G046,-6.881482e-05,-1
G005,G094,-6.883001e-05,-1
G041,G082,-6.885277e-05,-1
G069,G063,-6.886595e-05,-1
G053,G085,-6.889814e-05,-1
G083,G076,-6.891219e-05,-1
G089,G011,-6.891725e-05,-1
G035,G049,-6.892424e-05,-1
G040,G079,-6.901773e-05,-1
G055,G015,-6.9031645e-05,-1
G074,G064,-6.9096954e-05,-1
G026,G077,-6.914523e-05,-1
G058,G008,-6.9159614e-05,-1
G057,G081,-6.9161564e-05,-1
G074,G022,-6.92612e-05,-1
G080,G075,-6.931853e-05,-1
G090,G076,-6.932522e-05,-1
G020,G039,-6.934391e-05,-1
G026,G019,-6.935623e-05,-1
G020,G034,-6.939405e-05,-1
G098,G026,-6.9500755e-05,-1
G088,G019,-6.952026e-05,-1
G051,G069,-6.952957e-05,-1
G051,G005,-6.955946e-05,-1
G027,G011,-6.957886e-05,-1
G064,G038,-6.9589594e-05,-1
G031,G064,-6.959997e-05,-1
G090,G047,-6.9628164e-05,-1
G065,G001,-6.9682406e-05,-1
G009,G073,-6.972303e-05,-1
G055,G004,-6.973815e-05,-1
G082,G080,-6.979711e-05,-1
G013,G069,-6.982392e-05,-1
G081,G094,-6.984143e-05,-1
G068,G069,-6.986228e-05,-1
G070,G063,-6.9896414e-05,-1
G090,G063,-6.992759e-05,-1
G089,G033,-6.993013e-05,-1
G040,G098,-6.993448e-05,-1
G061,G088,-6.995492e-05,-1
G093,G080,-7.003181e-05,-1
G068,G011,-7.008766e-05,-1
G021,G094,-7.012089e-05,-1
G005,G034,-7.018475e-05,-1
G066,G009,-7.0191585e-05,-1
G094,G082,-7.019976e-05,-1
G086,G005,-7.021142e-05,-1
G055,G033,-7.031691e-05,-1
G005,G028,-7.033529e-05,-1
G007,G015,-7.037617e-05,-1
G060,G080,-7.038654e-05,-1
G090,G039,-7.0434384e-05,-1
G029,G088,-7.046435e-05,-1
G075,G097,-7.04771e-05,-1
G059,G038,-7.054997e-05,-1
G043,G054,-7.0560825e-05,-1
G020,G063,-7.060555e-05,-1
G083,G056,-7.062957e-05,-1
G053,G023,-7.064422e-05,-1
G001,G079,-7.06523e-05,-1
G053,G080,-7.067569e-05,-1
G082,G003,-7.075166e-05,-1
G063,G034,-7.0763585e-05,-1
G026,G063,-7.0769674e-05,-1
G030,G038,-7.0811184e-05,-1
G019,G030,-7.081906e-05,-1
G098,G069,-7.08531e-05,-1
G045,G097,-7.087647e-05,-1
G057,G026,-7.106407e-05,-1
G029,G097,-7.1090515e-05,-1
G063,G026,-7.113044e-05,-1
G005,G002,-7.1182854e-05,-1
G056,G070,-7.12138e-05,-1
G069,G099,-7.12526e-05,-1
G088,G033,-7.12918e-05,-1
G031,G069,-7.130622e-05,-1
G016,G046,-7.1324015e-05,-1
G072,G047,-7.135078e-05,-1
G050,G016,-7.142348e-05,-1
G098,G088,-7.150806e-05,-1
G037,G069,-7.151692e-05,-1
G064,G077,-7.152756e-05,-1
G013,G063,-7.156699e-05,-1
G050,G015,-7.158962e-05,-1
G020,G080,-7.163127e-05,-1
G068,G005,-7.173577e-05,-1
G068,G022,-7.186684e-05,-1
G030,G013,-7.1869574e-05,-1
G082,G098,-7.191641e-05,-1
G061,G063,-7.193788e-05,-1
G034,G014,-7.1943854e-05,-1
G046,G094,-7.204314e-05,-1
G019,G094,-7.209835e-05,-1
G074,G030,-7.216624e-05,-1
G083,G057,-7.222191e-05,-1
G021,G014,-7.222414e-05,-1
G076,G005,-7.2300514e-05,-1
G052,G039,-7.232847e-05,-1
G054,G026,-7.235135e-05,-1
G002,G079,-7.238731e-05,-1
G088,G004,-7.2446615e-05,-1
G050,G004,-7.246286e-05,-1
G099,G068,-7.2506344e-05,-1
G097,G030,-7.251897e-05,-1
G017,G057,-7.253401e-05,-1
G092,G017,-7.254759e-05,-1
G002,G019,-7.2569645e-05,-1
G069,G038,-7.2712406e-05,-1
G070,G004,-7.2713876e-05,-1
G004,G063,-7.272925e-05,-1
G030,G005,-7.279634e-05,-1
G047,G034,-7.2896415e-05,-1
G097,G063,-7.290329e-05,-1
G045,G033,-7.293082e-05,-1
G022,G063,-7.2936295e-05,-1
G053,G097,-7.2952826e-05,-1
G051,G030,-7.3039126e-05,-1
G020,G004,-7.308143e-05,-1
G016,G029,-7.318028e-05,-1
G001,G046,-7.3286144e-05,-1
G054,G019,-7.3290765e-05,-1
G056,G005,-7.337461e-05,-1
G080,G057,-7.33823e-05,-1
G003,G034,-7.33827e-05,-1
G039,G001,-7.33875e-05,-1
G054,G094,-7.348826e-05,-1
G081,G033,-7.349641e-05,-1
G016,G070,-7.3509276e-05,-1
G077,G022,-7.355555e-05,-1
G057,G058,-7.3571704e-05,-1
G072,G082,-7.3622694e-05,-1
G061,G099,-7.364513e-05,-1
G053,G064,-7.366389e-05,-1
G035,G022,-7.3671676e-05,-1
G056,G088,-7.3689844e-05,-1
G047,G004,-7.372443e-05,-1
G024,G047,-7.3725554e-05,-1
G052,G073,-7.373843e-05,-1
G060,G022,-7.377969e-05,-1
G027,G019,-7.379004e-05,-1
G062,G005,-7.3797884e-05,-1
G062,G038,-7.3803414e-05,-1
G093,G082,-7.385975e-05,-1
G061,G080,-7.388918e-05,-1
G047,G097,-7.390427e-05,-1
G052,G070,-7.394911e-05,-1
G020,G022,-7.3960604e-05,-1
G020,G094,-7.397448e-05,-1
G027,G038,-7.4033014e-05,-1
G097,G026,-7.414994e-05,-1
G062,G079,-7.4162286e-05,-1
G059,G017,-7.417689e-05,-1
G012,G041,-7.418084e-05,-1
G086,G088,-7.4220705e-05,-1
G053,G077,-7.42669e-05,-1
G077,G026,-7.427358e-05,-1
G059,G030,-7.428118e-05,-1
G007,G063,-7.430723e-05,-1
G078,G029,-7.435298e-05,-1
G090,G004,-7.437112e-05,-1
G077,G039,-7.438731e-05,-1
G002,G026,-7.4400086e-05,-1
G024,G022,-7.4412885e-05,-1
G098,G046,-7.442438e-05,-1
G046,G038,-7.4424985e-05,-1
G063,G047,-7.442957e-05,-1
G065,G038,-7.4464035e-05,-1
G002,G076,-7.4471194e-05,-1
G007,G039,-7.447683e-05,-1
G046,G026,-7.448499e-05,-1
G009,G080,-7.449366e-05,-1
G047,G039,-7.4495176e-05,-1
G027,G070,-7.449694e-05,-1
G059,G077,-7.455226e-05,-1
G035,G039,-7.458204e-05,-1
G065,G007,-7.4603e-05,-1
G012,G097,-7.463628e-05,-1
G043,G081,-7.4638025e-05,-1
G039,G063,-7.46656e-05,-1
G069,G005,-7.46803e-05,-1
G090,G064,-7.471124e-05,-1
G095,G009,-7.4833464e-05,-1
G054,G063,-7.486418e-05,-1
G012,G077,-7.4900185e-05,-1
G016,G020,-7.4930045e-05,-1
G065,G005,-7.494763e-05,-1
G070,G034,-7.503335e-05,-1
G017,G004,-7.513457e-05,-1
G040,G068,-7.5212185e-05,-1
G024,G063,-7.524369e-05,-1
G058,G077,-7.525362e-05,-1
G018,G064,-7.5261654e-05,-1
G009,G070,-7.526308e-05,-1
G069,G079,-7.527756e-05,-1
G074,G097,-7.5331925e-05,-1
G004,G097,-7.5355936e-05,-1
G074,G033,-7.5385615e-05,-1
G086,G019,-7.539977e-05,-1
G043,G058,-7.5403295e-05,-1
G068,G019,-7.5463584e-05,-1
G076,G093,-7.546459e-05,-1
G031,G011,-7.547127e-05,-1
G015,G061,-7.558219e-05,-1
G066,G099,-7.559631e-05,-1
G061,G003,-7.5663855e-05,-1
G041,G035,-7.569042e-05,-1
G070,G047,-7.574227e-05,-1
G055,G016,-7.5755845e-05,-1
G001,G063,-7.577632e-05,-1
G064,G004,-7.578034e-05,-1
G043,G068,-7.578436e-05,-1
G027,G017,-7.5792894e-05,-1
G019,G004,-7.580303e-05,-1
G026,G011,-7.583641e-05,-1
G046,G097,-7.590053e-05,-1
G086,G026,-7.5911244e-05,-1
G072,G019,-7.59168e-05,-1
G055,G094,-7.596016e-05,-1
G089,G069,-7.5969314e-05,-1
G013,G079,-7.600054e-05,-1
G024,G015,-7.6002565e-05,-1
G082,G061,-7.601854e-05,-1
G024,G008,-7.6029e-05,-1
G030,G011,-7.604796e-05,-1
G040,G026,-7.611136e-05,-1
G084,G038,-7.618747e-05,-1
G090,G046,-7.618805e-05,-1
G062,G034,-7.628563e-05,-1
G027,G026,-7.6428274e-05,-1
G013,G099,-7.645887e-05,-1
G011,G038,-7.6459626e-05,-1
G007,G030,-7.649374e-05,-1
G065,G009,-7.650056e-05,-1
G056,G094,-7.650797e-05,-1
G061,G079,-7.670001e-05,-1
G037,G017,-7.675213e-05,-1
G084,G046,-7.6756085e-05,-1
G086,G017,-7.6772085e-05,-1
G064,G033,-7.6786186e-05,-1
G060,G069,-7.6854245e-05,-1
G056,G030,-7.686718e-05,-1
G068,G009,-7.687172e-05,-1
G039,G017,-7.6941484e-05,-1
G025,G038,-7.696825e-05,-1
G075,G080,-7.698265e-05,-1
G004,G099,-7.702955e-05,-1
G069,G070,-7.703309e-05,-1
G029,G070,-7.703994e-05,-1
G003,G047,-7.707123e-05,-1
G001,G064,-7.71276e-05,-1
G030,G079,-7.7148674e-05,-1
G001,G099,-7.729627e-05,-1
G016,G068,-7.731567e-05,-1
G087,G030,-7.732796e-05,-1
G092,G039,-7.734312e-05,-1
G071,G039,-7.7385754e-05,-1
G039,G079,-7.745951e-05,-1
G045,G039,-7.747709e-05,-1
G081,G017,-7.750963e-05,-1
G091,G097,-7.7543176e-05,-1
G074,G046,-7.757452e-05,-1
G050,G026,-7.7623634e-05,-1
G053,G001,-7.76523e-05,-1
G091,G003,-7.7695826e-05,-1
G076,G053,-7.771478e-05,-1
G055,G049,-7.7774865e-05,-1
G031,G005,-7.777543e-05,-1
G024,G019,-7.783587e-05,-1
G063,G033,-7.78686e-05,-1
G084,G013,-7.79347e-05,-1
G020,G068,-7.796457e-05,-1
G021,G098,-7.799081e-05,-1
G061,G070,-7.8014345e-05,-1
G075,G063,-7.8073834e-05,-1
G072,G094,-7.8098354e-05,-1
G097,G005,-7.8130885e-05,-1
G001,G009,-7.815243e-05,-1
G064,G008,-7.8231074e-05,-1
G097,G008,-7.8289675e-05,-1
G044,G037,-7.82938e-05,-1
G062,G026,-7.82984e-05,-1
G025,G017,-7.83595e-05,-1
G045,G013,-7.841933e-05,-1
G045,G026,-7.841953e-05,-1
G093,G038,-7.847048e-05,-1
G098,G080,-7.854481e-05,-1
G056,G022,-7.856639e-05,-1
G087,G005,-7.857955e-05,-1
G084,G080,-7.8643745e-05,-1
G056,G038,-7.865039e-05,-1
G040,G020,-7.8690566e-05,-1
G034,G079,-7.872499e-05,-1
G009,G069,-7.872958e-05,-1
G056,G026,-7.879111e-05,-1
G075,G073,-7.8792604e-05,-1
G045,G034,-7.880212e-05,-1
G057,G065,-7.885872e-05,-1
G099,G009,-7.890966e-05,-1
G071,G063,-7.893761e-05,-1
G087,G019,-7.894926e-05,-1
G002,G009,-7.897661e-05,-1
G053,G079,-7.9055106e-05,-1
G092,G003,-7.9083664e-05,-1
G034,G094,-7.908811e-05,-1
G054,G069,-7.911027e-05,-1
G046,G009,-7.9152735e-05,-1
G070,G033,-7.915986e-05,-1
G093,G069,-7.91715e-05,-1
G031,G094,-7.919232e-05,-1
G012,G080,-7.921942e-05,-1
G052,G011,-7.926442e-05,-1
G081,G068,-7.927012e-05,-1
G065,G014,-7.9270605e-05,-1
G061,G009,-7.930143e-05,-1
G037,G019,-7.93246e-05,-1
G090,G009,-7.937151e-05,-1
G030,G022,-7.940122e-05,-1
G031,G009,-7.941818e-05,-1
G007,G033,-7.96431e-05,-1
G059,G013,-7.9766796e-05,-1
G063,G003,-7.978122e-05,-1
G010,G053,-7.983168e-05,-1
G082,G014,-7.991426e-05,-1
G082,G045,-7.99212e-05,-1
G055,G008,-7.992695e-05,-1
G031,G088,-7.996064e-05,-1
G072,G026,-7.996104e-05,-1
G011,G065,-7.998595e-05,-1
G092,G046,-8.002232e-05,-1
G058,G079,-8.003339e-05,-1
G066,G011,-8.010105e-05,-1
G066,G017,-8.0109414e-05,-1
G081,G014,-8.0126505e-05,-1
G034,G007,-8.014354e-05,-1
G039,G099,-8.019347e-05,-1
G089,G009,-8.01988e-05,-1
G081,G076,-8.032957e-05,-1
G097,G017,-8.033469e-05,-1
G092,G013,-8.038344e-05,-1
G025,G064,-8.0526705e-05,-1
G095,G069,-8.058981e-05,-1
G044,G008,-8.059059e-05,-1
G030,G008,-8.062536e-05,-1
G035,G070,-8.0668375e-05,-1
G037,G097,-8.0708516e-05,-1
G007,G069,-8.079815e-05,-1
G045,G068,-8.084606e-05,-1
G072,G013,-8.087323e-05,-1
G081,G011,-8.088044e-05,-1
G043,G079,-8.0905025e-05,-1
G051,G097,-8.093969e-05,-1
G014,G060,-8.095006e-05,-1
G042,G012,-8.100703e-05,-1
G001,G039,-8.103032e-05,-1
G025,G014,-8.104671e-05,-1
G072,G063,-8.107478e-05,-1
G014,G098,-8.1075515e-05,-1
G054,G014,-8.11379e-05,-1
G069,G046,-8.117526e-05,-1
G004,G046,-8.122114e-05,-1
G004,G080,-8.123637e-05,-1
G054,G079,-8.130558e-05,-1
G093,G005,-8.134895e-05,-1
G060,G088,-8.135586e-05,-1
G087,G022,-8.136306e-05,-1
G088,G026,-8.140362e-05,-1
G039,G064,-8.1445956e-05,-1
G091,G014,-8.148364e-05,-1
G026,G005,-8.155384e-05,-1
G035,G097,-8.1625396e-05,-1
G022,G026,-8.1733946e-05,-1
G025,G007,-8.1840626e-05,-1
G098,G094,-8.188031e-05,-1
G026,G064,-8.189114e-05,-1
G063,G038,-8.193901e-05,-1
G029,G080,-8.195289e-05,-1
G040,G087,-8.1958635e-05,-1
G088,G007,-8.196641e-05,-1
G086,G094,-8.199223e-05,-1
G050,G047,-8.200307e-05,-1
G090,G100,-8.2074315e-05,-1
G053,G034,-8.213967e-05,-1
G007,G026,-8.216008e-05,-1
G084,G011,-8.2163875e-05,-1
G093,G088,-8.217094e-05,-1
G015,G065,-8.217871e-05,-1
G002,G063,-8.220134e-05,-1
G080,G013,-8.232033e-05,-1
G059,G094,-8.234195e-05,-1
G019,G007,-8.238344e-05,-1
G053,G011,-8.23985e-05,-1
G080,G014,-8.2442755e-05,-1
G043,G022,-8.2506944e-05,-1
G092,G014,-8.252378e-05,-1
G040,G073,-8.253541e-05,-1
G037,G068,-8.256202e-05,-1
G076,G022,-8.256965e-05,-1
G083,G047,-8.2576946e-05,-1
G089,G017,-8.258828e-05,-1
G099,G063,-8.272601e-05,-1
G075,G049,-8.274084e-05,-1
G092,G058,-8.274177e-05,-1
G038,G031,-8.276694e-05,-1
G007,G011,-8.278342e-05,-1
G029,G058,-8.2787396e-05,-1
G010,G005,-8.279281e-05,-1
G019,G068,-8.281075e-05,-1
G084,G030,-8.282073e-05,-1
G024,G017,-8.2863466e-05,-1
G012,G072,-8.288423e-05,-1
G024,G073,-8.288975e-05,-1
G037,G064,-8.294566e-05,-1
G024,G038,-8.295943e-05,-1
G062,G077,-8.300389e-05,-1
G050,G039,-8.301789e-05,-1
G045,G046,-8.303296e-05,-1
G096,G082,-8.305244e-05,-1
G095,G080,-8.3057384e-05,-1
G055,G019,-8.30884e-05,-1
G011,G004,-8.315096e-05,-1
G069,G058,-8.316376e-05,-1
G084,G005,-8.317529e-05,-1
G050,G009,-8.319608e-05,-1
G039,G073,-8.319863e-05,-1
G051,G003,-8.321063e-05,-1
G082,G032,-8.324565e-05,-1
G030,G017,-8.325203e-05,-1
G057,G014,-8.325699e-05,-1
G076,G086,-8.331452e-05,-1
G089,G039,-8.332341e-05,-1
G004,G088,-8.334332e-05,-1
G091,G088,-8.337828e-05,-1
G086,G008,-8.3512256e-05,-1
G095,G019,-8.351635e-05,-1
G065,G047,-8.355682e-05,-1
G051,G014,-8.362019e-05,-1
G096,G009,-8.363969e-05,-1
G024,G046,-8.364299e-05,-1
G060,G046,-8.377361e-05,-1
G081,G019,-8.37877e-05,-1
G088,G080,-8.394984e-05,-1
G033,G009,-8.398162e-05,-1
G075,G046,-8.399156e-05,-1
G066,G022,-8.4044856e-05,-1
G072,G009,-8.405447e-05,-1
G015,G029,-8.406026e-05,-1
G039,G034,-8.4184096e-05,-1
G054,G080,-8.419331e-05,-1
G060,G077,-8.4214276e-05,-1
G003,G077,-8.429229e-05,-1
G027,G099,-8.431011e-05,-1
G060,G099,-8.434798e-05,-1
G055,G063,-8.435198e-05,-1
G017,G052,-8.439621e-05,-1
G089,G047,-8.4467225e-05,-1
G009,G046,-8.4488114e-05,-1
G022,G098,-8.449826e-05,-1
G059,G011,-8.457872e-05,-1
G055,G099,-8.463742e-05,-1
G088,G079,-8.4673564e-05,-1
G030,G087,-8.4720545e-05,-1
G003,G088,-8.475923e-05,-1
G055,G017,-8.478961e-05,-1
G071,G097,-8.480757e-05,-1
G081,G099,-8.485532e-05,-1
G040,G017,-8.4867446e-05,-1
G043,G008,-8.488258e-05,-1
G066,G070,-8.489478e-05,-1
G063,G072,-8.491621e-05,-1
G095,G049,-8.4920546e-05,-1
G017,G063,-8.494839e-05,-1
G046,G099,-8.4984196e-05,-1
G022,G094,-8.501919e-05,-1
G031,G070,-8.505708e-05,-1
G087,G084,-8.5068576e-05,-1
G098,G014,-8.509521e-05,-1
G016,G091,-8.510117e-05,-1
G040,G054,-8.5113425e-05,-1
G013,G046,-8.51195e-05,-1
G052,G038,-8.516405e-05,-1
G016,G073,-8.521601e-05,-1
G039,G069,-8.521831e-05,-1
G004,G017,-8.521848e-05,-1
G093,G039,-8.523566e-05,-1
G092,G008,-8.528701e-05,-1
G071,G070,-8.5361244e-05,-1
G063,G014,-8.539792e-05,-1
G047,G054,-8.544004e-05,-1
G072,G068,-8.5479514e-05,-1
G025,G077,-8.549305e-05,-1
G065,G068,-8.553058e-05,-1
G029,G022,-8.5541e-05,-1
G025,G030,-8.56252e-05,-1
G004,G019,-8.56283e-05,-1
G051,G076,-8.573088e-05,-1
G006,G016,-8.5733984e-05,-1
G070,G077,-8.576903e-05,-1
G017,G047,-8.5772386e-05,-1
G047,G077,-8.579819e-05,-1
G039,G022,-8.580472e-05,-1
G077,G080,-8.586426e-05,-1
G005,G019,-8.588285e-05,-1
G083,G086,-8.588855e-05,-1
G010,G037,-8.59171e-05,-1
G030,G088,-8.593512e-05,-1
G078,G087,-8.599462e-05,-1
G035,G019,-8.6086635e-05,-1
G090,G030,-8.614694e-05,-1
G063,G069,-8.6177875e-05,-1
G072,G077,-8.6262444e-05,-1
G021,G099,-8.6282744e-05,-1
G068,G084,-8.633878e-05,-1
G019,G097,-8.6457505e-05,-1
G060,G068,-8.649379e-05,-1
G026,G046,-8.649501e-05,-1
G057,G084,-8.6525586e-05,-1
G095,G039,-8.6566186e-05,-1
G095,G047,-8.658253e-05,-1
G086,G099,-8.660171e-05,-1
G035,G001,-8.6760054e-05,-1
G017,G001,-8.676029e-05,-1
G035,G046,-8.6769134e-05,-1
G046,G088,-8.681661e-05,-1
G005,G088,-8.683029e-05,-1
G033,G017,-8.688042e-05,-1
G003,G069,-8.6903114e-05,-1
G024,G054,-8.691577e-05,-1
G053,G022,-8.696362e-05,-1
G055,G009,-8.697024e-05,-1
G019,G014,-8.697414e-05,-1
G092,G011,-8.6992324e-05,-1
G099,G046,-8.7014574e-05,-1
G082,G074,-8.702771e-05,-1
G090,G069,-8.706196e-05,-1
G061,G058,-8.708127e-05,-1
G008,G005,-8.7105145e-05,-1
G057,G079,-8.710578e-05,-1
G025,G063,-8.714819e-05,-1
G075,G068,-8.7177985e-05,-1
G004,G009,-8.721042e-05,-1
G047,G008,-8.7217e-05,-1
G005,G039,-8.7233166e-05,-1
G034,G063,-8.7344204e-05,-1
G041,G086,-8.7390785e-05,-1
G055,G088,-8.739228e-05,-1
G041,G047,-8.739259e-05,-1
G009,G064,-8.739382e-05,-1
G055,G026,-8.740711e-05,-1
G099,G079,-8.742428e-05,-1
G098,G099,-8.7426044e-05,-1
G097,G046,-8.743439e-05,-1
G015,G060,-8.744324e-05,-1
G031,G099,-8.7536864e-05,-1
G075,G039,-8.7563174e-05,-1
G061,G084,-8.759265e-05,-1
G024,G097,-8.760734e-05,-1
G024,G077,-8.766522e-05,-1
G012,G064,-8.7803994e-05,-1
G065,G069,-8.785829e-05,-1
G083,G035,-8.787474e-05,-1
G090,G097,-8.7884626e-05,-1
G037,G081,-8.792976e-05,-1
G070,G064,-8.794955e-05,-1
G057,G068,-8.797816e-05,-1
G020,G005,-8.798293e-05,-1
G084,G094,-8.8009496e-05,-1
G065,G030,-8.802552e-05,-1
G058,G064,-8.8042034e-05,-1
G001,G026,-8.80923e-05,-1
G031,G026,-8.8108565e-05,-1
G020,G073,-8.820871e-05,-1
G052,G026,-8.82256e-05,-1
G062,G011,-8.8266745e-05,-1
G070,G009,-8.826753e-05,-1
G092,G084,-8.837812e-05,-1
G089,G077,-8.842001e-05,-1
G061,G013,-8.8430024e-05,-1
G088,G011,-8.843243e-05,-1
G037,G079,-8.848555e-05,-1
G099,G080,-8.849027e-05,-1
G018,G047,-8.8531415e-05,-1
G056,G073,-8.854253e-05,-1
G020,G008,-8.856503e-05,-1
G072,G084,-8.858417e-05,-1
G026,G099,-8.859292e-05,-1
G027,G008,-8.861206e-05,-1
G047,G014,-8.861733e-05,-1
G030,G068,-8.8635876e-05,-1
G033,G047,-8.870328e-05,-1
G030,G046,-8.875588e-05,-1
G038,G008,-8.8875284e-05,-1
G039,G070,-8.8979315e-05,-1
G021,G013,-8.9017296e-05,-1
G002,G013,-8.912306e-05,-1
G009,G099,-8.9139874e-05,-1
G012,G022,-8.918115e-05,-1
G022,G058,-8.923478e-05,-1
G010,G055,-8.927569e-05,-1
G008,G010,-8.930704e-05,-1
G020,G077,-8.939685e-05,-1
G044,G078,-8.942597e-05,-1
G021,G084,-8.94293e-05,-1
G052,G064,-8.9456844e-05,-1
G025,G008,-8.961641e-05,-1
G075,G030,-8.971795e-05,-1
G027,G046,-8.973529e-05,-1
G046,G005,-8.974401e-05,-1
G075,G088,-8.975944e-05,-1
G030,G014,-8.9805995e-05,-1
G077,G008,-8.984319e-05,-1
G089,G049,-8.993671e-05,-1
G040,G014,-9.010358e-05,-1
G029,G098,-9.018143e-05,-1
G082,G073,-9.0217916e-05,-1
G088,G069,-9.0267786e-05,-1
G091,G079,-9.031668e-05,-1
G019,G017,-9.0479e-05,-1
G030,G058,-9.0480455e-05,-1
G065,G017,-9.0484464e-05,-1
G050,G069,-9.049606e-05,-1
G097,G081,-9.0498404e-05,-1
G021,G026,-9.062074e-05,-1
G034,G038,-9.0751004e-05,-1
G047,G064,-9.075216e-05,-1
G099,G054,-9.0806556e-05,-1
G034,G069,-9.0825124e-05,-1
G081,G039,-9.0935064e-05,-1
G008,G030,-9.093818e-05,-1
G043,G014,-9.096608e-05,-1
G093,G022,-9.1105256e-05,-1
G063,G005,-9.112344e-05,-1
G007,G064,-9.114497e-05,-1
G009,G068,-9.114688e-05,-1
G046,G014,-9.117613e-05,-1
G091,G058,-9.125593e-05,-1
G015,G040,-9.125909e-05,-1
G005,G077,-9.133873e-05,-1
G007,G099,-9.1386384e-05,-1
G004,G079,-9.140853e-05,-1
G001,G070,-9.141695e-05,-1
G046,G008,-9.149287e-05,-1
G051,G088,-9.1563394e-05,-1
G057,G073,-9.169651e-05,-1
G049,G013,-9.17808e-05,-1
G081,G070,-9.181113e-05,-1
G066,G080,-9.185191e-05,-1
G091,G099,-9.1944516e-05,-1
G019,G077,-9.196148e-05,-1
G040,G081,-9.197405e-05,-1
G065,G046,-9.2018374e-05,-1
G017,G094,-9.2108836e-05,-1
G096,G034,-9.2138456e-05,-1
G077,G046,-9.2168644e-05,-1
G057,G038,-9.2206974e-05,-1
G061,G017,-9.230834e-05,-1
G089,G008,-9.233501e-05,-1
G064,G011,-9.233796e-05,-1
G066,G065,-9.2381786e-05,-1
G083,G073,-9.2417555e-05,-1
G046,G068,-9.2488895e-05,-1
G012,G073,-9.2507405e-05,-1
G066,G084,-9.253868e-05,-1
G045,G077,-9.254551e-05,-1
G050,G046,-9.258389e-05,-1
G043,G013,-9.259749e-05,-1
G033,G097,-9.265344e-05,-1
G068,G065,-9.2706614e-05,-1
G088,G099,-9.274497e-05,-1
G075,G015,-9.275577e-05,-1
G020,G017,-9.288954e-05,-1
G003,G038,-9.294681e-05,-1
G059,G003,-9.3065144e-05,-1
G097,G084,-9.306989e-05,-1
G053,G063,-9.308218e-05,-1
G081,G046,-9.31011e-05,-1
G062,G014,-9.310286e-05,-1
G093,G033,-9.32014e-05,-1
G009,G079,-9.337837e-05,-1
G005,G026,-9.352881e-05,-1
G050,G099,-9.3596565e-05,-1
G095,G081,-9.361356e-05,-1
G029,G013,-9.3639035e-05,-1
G084,G079,-9.367663e-05,-1
G013,G020,-9.377311e-05,-1
G012,G039,-9.38238e-05,-1
G097,G054,-9.383239e-05,-1
G068,G008,-9.3860486e-05,-1
G092,G080,-9.3989685e-05,-1
G083,G052,-9.407676e-05,-1
G019,G026,-9.40935e-05,-1
G057,G046,-9.413708e-05,-1
G007,G038,-9.416145e-05,-1
G017,G019,-9.421276e-05,-1
G057,G098,-9.423699e-05,-1
G011,G017,-9.431118e-05,-1
G051,G039,-9.4386436e-05,-1
G025,G068,-9.444487e-05,-1
G070,G046,-9.4522424e-05,-1
G086,G038,-9.4564646e-05,-1
G068,G058,-9.462645e-05,-1
G082,G060,-9.464955e-05,-1
G083,G033,-9.465746e-05,-1
G014,G027,-9.466005e-05,-1
G071,G017,-9.4823554e-05,-1
G077,G014,-9.486512e-05,-1
G027,G079,-9.4865376e-05,-1
G089,G094,-9.49073e-05,-1
G024,G079,-9.4960604e-05,-1
G093,G046,-9.496929e-05,-1
G026,G038,-9.499661e-05,-1
G081,G069,-9.5038115e-05,-1
G030,G003,-9.508026e-05,-1
G044,G094,-9.5108066e-05,-1
G070,G022,-9.52547e-05,-1
G064,G097,-9.526397e-05,-1
G037,G026,-9.5395226e-05,-1
G045,G063,-9.541871e-05,-1
G012,G088,-9.543158e-05,-1
G009,G072,-9.549396e-05,-1
G058,G014,-9.5494455e-05,-1
G086,G079,-9.552069e-05,-1
G013,G084,-9.563933e-05,-1
G010,G052,-9.5663105e-05,-1
G046,G058,-9.5670024e-05,-1
G056,G081,-9.569997e-05,-1
G027,G054,-9.573274e-05,-1
G084,G070,-9.580231e-05,-1
G051,G064,-9.5836636e-05,-1
G087,G046,-9.59604e-05,-1
G075,G008,-9.606975e-05,-1
G083,G078,-9.6100695e-05,-1
G038,G049,-9.6164134e-05,-1
G093,G073,-9.6196585e-05,-1
G074,G013,-9.625725e-05,-1
G089,G097,-9.627584e-05,-1
G056,G008,-9.633431e-05,-1
G002,G033,-9.6334945e-05,-1
G019,G063,-9.638259e-05,-1
G082,G081,-9.64039e-05,-1
G078,G060,-9.642536e-05,-1
G058,G068,-9.643481e-05,-1
G034,G008,-9.6510616e-05,-1
G002,G008,-9.659789e-05,-1
G020,G065,-9.6618925e-05,-1
G052,G014,-9.661917e-05,-1
G075,G026,-9.669447e-05,-1
G057,G013,-9.670471e-05,-1
G040,G038,-9.670514e-05,-1
G098,G068,-9.6751704e-05,-1
G084,G063,-9.675447e-05,-1
G011,G034,-9.675485e-05,-1
G051,G077,-9.678603e-05,-1
G016,G081,-9.678697e-05,-1
G038,G094,-9.6847194e-05,-1
G024,G068,-9.693108e-05,-1
G029,G084,-9.702688e-05,-1
G072,G005,-9.703053e-05,-1
G027,G081,-9.703106e-05,-1
G047,G068,-9.7066964e-05,-1
G018,G069,-9.707013e-05,-1
G057,G054,-9.714056e-05,-1
G037,G063,-9.730629e-05,-1
G039,G014,-9.733498e-05,-1
G068,G099,-9.736282e-05,-1
G021,G073,-9.745991e-05,-1
G071,G047,-9.748793e-05,-1
G098,G013,-9.76077e-05,-1
G020,G088,-9.763469e-05,-1
G051,G068,-9.784575e-05,-1
G037,G008,-9.7873526e-05,-1
G017,G064,-9.788586e-05,-1
G070,G069,-9.791848e-05,-1
G098,G079,-9.793944e-05,-1
G047,G046,-9.795484e-05,-1
G043,G099,-9.7990654e-05,-1
G064,G019,-9.801667e-05,-1
G054,G017,-9.806933e-05,-1
G077,G068,-9.8078606e-05,-1
G051,G047,-9.810478e-05,-1
G031,G084,-9.8186734e-05,-1
G019,G099,-9.822552e-05,-1
G003,G026,-9.8246346e-05,-1
G096,G030,-9.824892e-05,-1
G075,G064,-9.832258e-05,-1
G046,G084,-9.8425066e-05,-1
G051,G013,-9.8605684e-05,-1
G025,G022,-9.8669545e-05,-1
G095,G077,-9.869241e-05,-1
G077,G099,-9.8698605e-05,-1
G096,G004,-9.8699544e-05,-1
G020,G099,-9.877296e-05,-1
G087,G079,-9.886041e-05,-1
G005,G063,-9.887429e-05,-1
G045,G065,-9.889304e-05,-1
G084,G065,-9.892058e-05,-1
G024,G058,-9.9034005e-05,-1
G091,G046,-9.90546e-05,-1
G045,G080,-9.906983e-05,-1
G020,G026,-9.917004e-05,-1
G004,G068,-9.918148e-05,-1
G082,G040,-9.9190656e-05,-1
G026,G079,-9.924675e-05,-1
G087,G088,-9.926154e-05,-1
G064,G017,-9.928328e-05,-1
G062,G099,-9.9376826e-05,-1
G066,G058,-9.9389785e-05,-1
G099,G013,-9.939823e-05,-1
G037,G046,-9.946907e-05,-1
G022,G081,-9.949769e-05,-1
G054,G003,-9.951201e-05,-1
G040,G058,-9.9646975e-05,-1
G097,G079,-9.969911e-05,-1
G093,G058,-9.975305e-05,-1
G089,G015,-9.980777e-05,-1
G091,G100,-9.9808574e-05,-1
G022,G060,-9.9863064e-05,-1
G022,G091,-9.98716e-05,-1
G020,G014,-9.9881865e-05,-1
G040,G045,-9.991896e-05,-1
G091,G054,-9.992245e-05,-1
G090,G077,-9.995993e-05,-1
G090,G079,-9.9960365e-05,-1
G009,G084,-9.997775e-05,-1
G014,G040,-0.00010002074,-1
G074,G058,-0.00010006771,-1
G042,G008,-0.000100114186,-1
G054,G008,-0.00010018416,-1
G061,G081,-0.00010020054,-1
G095,G064,-0.00010037272,-1
G099,G088,-0.00010040906,-1
G075,G069,-0.00010049956,-1
G090,G080,-0.000100518046,-1
G059,G021,-0.00010054655,-1
G037,G054,-0.00010056477,-1
G062,G080,-0.00010073137,-1
G060,G013,-0.000100810765,-1
G091,G013,-0.000100866826,-1
G065,G019,-0.000100926656,-1
G011,G097,-0.00010094654,-1
G071,G019,-0.00010099141,-1
G033,G002,-0.000101010264,-1
G031,G054,-0.00010102639,-1
G017,G033,-0.00010110289,-1
G097,G058,-0.000101180594,-1
G059,G020,-0.000101190024,-1
G011,G026,-0.00010125657,-1
G066,G068,-0.00010127956,-1
G075,G005,-0.00010131896,-1
G074,G088,-0.0001014124,-1
G024,G070,-0.00010158357,-1
G050,G008,-0.00010164368,-1
G001,G068,-0.00010168235,-1
G090,G022,-0.000101693004,-1
G014,G092,-0.000101700316,-1
G077,G070,-0.00010171699,-1
G037,G084,-0.00010178966,-1
G037,G022,-0.00010187039,-1
G070,G039,-0.00010187307,-1
G005,G049,-0.00010193267,-1
G027,G013,-0.00010204311,-1
G035,G026,-0.00010210284,-1
G009,G081,-0.00010215034,-1
G084,G058,-0.00010220889,-1
G095,G022,-0.000102240585,-1
G031,G081,-0.0001022745,-1
G003,G099,-0.00010237666,-1
G065,G033,-0.000102399375,-1
G015,G038,-0.000102424754,-1
G087,G033,-0.00010246102,-1
G017,G013,-0.00010248301,-1
G059,G054,-0.0001025894,-1
G054,G046,-0.00010259006,-1
G027,G058,-0.0001025904,-1
G066,G054,-0.000102605845,-1
G095,G079,-0.000102618505,-1
G075,G094,-0.000102632446,-1
G027,G014,-0.00010268414,-1
G050,G019,-0.000102690865,-1
G059,G068,-0.000102765865,-1
G013,G054,-0.000102816244,-1
G010,G035,-0.00010283011,-1
G072,G058,-0.000102860104,-1
G038,G057,-0.00010287888,-1
G020,G069,-0.00010292194,-1
G034,G070,-0.00010295833,-1
G005,G017,-0.000102963495,-1
G047,G011,-0.00010302026,-1
G095,G033,-0.00010326666,-1
G084,G081,-0.00010327219,-1
G020,G011,-0.00010335856,-1
G022,G029,-0.000103419545,-1
G084,G085,-0.0001034805,-1
G035,G003,-0.00010360196,-1
G091,G081,-0.00010362306,-1
G033,G018,-0.00010362659,-1
G029,G020,-0.00010366452,-1
G047,G030,-0.00010375015,-1
G087,G054,-0.000103890525,-1
G058,G065,-0.00010391039,-1
G058,G054,-0.00010396069,-1
G014,G066,-0.00010396396,-1
G040,G091,-0.00010403954,-1
G089,G099,-0.00010412742,-1
G019,G088,-0.00010420135,-1
G037,G005,-0.00010430469,-1
G058,G099,-0.00010430991,-1
G076,G035,-0.00010432713,-1
G089,G081,-0.00010433455,-1
G052,G080,-0.00010438148,-1
G021,G017,-0.00010440825,-1
G007,G080,-0.00010441339,-1
G022,G070,-0.00010448027,-1
G025,G070,-0.00010452754,-1
G083,G004,-0.000104654144,-1
G035,G073,-0.000104679006,-1
G034,G054,-0.000104717,-1
G024,G020,-0.00010477282,-1
G051,G022,-0.00010482556,-1
G037,G080,-0.00010485994,-1
G074,G084,-0.00010487754,-1
G059,G084,-0.00010489191,-1
G001,G020,-0.00010491729,-1
G081,G077,-0.00010501085,-1
G063,G070,-0.00010511448,-1
G050,G022,-0.00010519701,-1
G034,G058,-0.00010522041,-1
G088,G063,-0.00010523924,-1
G091,G068,-0.000105292966,-1
G009,G054,-0.00010531129,-1
G069,G003,-0.00010535281,-1
G025,G088,-0.00010543955,-1
G074,G099,-0.00010550861,-1
G081,G085,-0.00010553179,-1
G050,G064,-0.0001055676,-1
G053,G088,-0.00010556909,-1
G097,G077,-0.00010557325,-1
G056,G054,-0.00010568086,-1
G009,G098,-0.00010568662,-1
G057,G020,-0.00010582681,-1
G090,G005,-0.00010588033,-1
G051,G034,-0.00010588992,-1
G026,G014,-0.00010591331,-1
G012,G099,-0.00010599574,-1
G087,G098,-0.000106005966,-1
G086,G073,-0.00010607596,-1
G051,G046,-0.0001060963,-1
G038,G012,-0.00010610253,-1
G002,G058,-0.000106136045,-1
G077,G084,-0.00010619866,-1
G025,G065,-0.000106235086,-1
G099,G014,-0.00010626956,-1
G050,G030,-0.000106316045,-1
G050,G088,-0.000106376865,-1
G056,G058,-0.00010650128,-1
G086,G070,-0.00010664858,-1
G050,G058,-0.00010670238,-1
G058,G080,-0.000106735846,-1
G035,G068,-0.00010674546,-1
G059,G098,-0.00010674639,-1
G004,G008,-0.00010696508,-1
G024,G087,-0.000107012755,-1
G084,G014,-0.00010702216,-1
G071,G088,-0.000107067666,-1
G070,G005,-0.00010711687,-1
G089,G064,-0.0001072771,-1
G058,G013,-0.00010732262,-1
G095,G026,-0.00010738239,-1
G026,G081,-0.000107409694,-1
G047,G099,-0.000107594875,-1
G050,G063,-0.00010771444,-1
G088,G084,-0.00010775127,-1
G050,G049,-0.00010775857,-1
G044,G028,-0.0001077698,-1
G071,G041,-0.00010777655,-1
G050,G097,-0.00010778252,-1
G064,G026,-0.000107879656,-1
G055,G046,-0.00010788788,-1
G058,G046,-0.00010794814,-1
G069,G073,-0.00010807389,-1
G096,G022,-0.00010811181,-1
G005,G097,-0.000108161425,-1
G053,G046,-0.000108188324,-1
G096,G064,-0.00010828158,-1
G091,G029,-0.000108337124,-1
G012,G017,-0.000108354354,-1
G059,G087,-0.00010841218,-1
G050,G070,-0.00010846239,-1
G091,G098,-0.00010851214,-1
G051,G100,-0.000108556815,-1
G065,G013,-0.00010858704,-1
G018,G083,-0.00010859859,-1
G096,G001,-0.00010859991,-1
G057,G087,-0.00010869571,-1
G052,G087,-0.000108748405,-1
G075,G009,-0.00010876109,-1
G054,G084,-0.00010880868,-1
G027,G098,-0.000108884204,-1
G035,G099,-0.00010889676,-1
G081,G097,-0.00010892953,-1
G052,G099,-0.00010895465,-1
G021,G065,-0.00010906934,-1
G087,G011,-0.000109076485,-1
G070,G019,-0.00010908398,-1
G010,G056,-0.0001091189,-1
G089,G005,-0.000109154236,-1
G039,G088,-0.00010923691,-1
G070,G038,-0.00010939233,-1
G060,G014,-0.000109415254,-1
G071,G077,-0.00010941635,-1
G016,G038,-0.00010944535,-1
G007,G031,-0.00010949984,-1
G068,G046,-0.000109500375,-1
G047,G026,-0.00010969369,-1
G082,G021,-0.000109703855,-1
G097,G073,-0.00010975259,-1
G010,G057,-0.00010978958,-1
G005,G047,-0.00010985973,-1
G050,G080,-0.00010989096,-1
G015,G081,-0.00010990778,-1
G045,G054,-0.00010992435,-1
G099,G084,-0.00010994444,-1
G057,G060,-0.000109946064,-1
G043,G084,-0.00010997407,-1
G021,G046,-0.00011001819,-1
G095,G085,-0.00011004481,-1
G003,G081,-0.000110084715,-1
G064,G014,-0.00011009971,-1
G072,G054,-0.00011013928,-1
G068,G014,-0.00011016234,-1
G051,G017,-0.0001102164,-1
G074,G014,-0.000110245324,-1
G051,G019,-0.00011024803,-1
G021,G058,-0.000110252295,-1
G065,G080,-0.000110373294,-1
G007,G087,-0.00011037946,-1
G064,G070,-0.000110428904,-1
G088,G046,-0.00011054426,-1
G070,G097,-0.000110608074,-1
G037,G099,-0.00011065377,-1
G045,G079,-0.00011071856,-1
G059,G014,-0.00011077699,-1
G021,G081,-0.00011078288,-1
G018,G005,-0.00011084414,-1
G092,G068,-0.000110864974,-1
G089,G046,-0.000110911984,-1
G054,G058,-0.00011097803,-1
G064,G080,-0.00011103197,-1
G019,G070,-0.00011106848,-1
G018,G009,-0.00011110435,-1
G002,G088,-0.00011111458,-1
G095,G068,-0.0001111506,-1
G062,G046,-0.000111167596,-1
G009,G058,-0.00011119381,-1
G076,G004,-0.00011121855,-1
G011,G039,-0.0001112712,-1
G046,G081,-0.000111343215,-1
G002,G068,-0.00011135226,-1
G017,G038,-0.000111371,-1
G051,G087,-0.00011137414,-1
G082,G091,-0.00011140874,-1
G004,G081,-0.000111416935,-1
G098,G029,-0.00011154172,-1
G063,G030,-0.00011162729,-1
G005,G009,-0.00011165191,-1
G081,G026,-0.00011177715,-1
G014,G038,-0.000111824076,-1
G096,G063,-0.00011184805,-1
G012,G063,-0.00011187683,-1
G066,G003,-0.000111903566,-1
G057,G021,-0.0001119244,-1
G018,G022,-0.00011194245,-1
G060,G073,-0.000112095135,-1
G061,G098,-0.000112149515,-1
G046,G003,-0.000112179885,-1
G033,G019,-0.00011219518,-1
G060,G081,-0.00011227474,-1
G026,G058,-0.0001123643,-1
G053,G014,-0.00011237601,-1
G096,G005,-0.000112382724,-1
G059,G029,-0.00011239558,-1
G005,G069,-0.00011242744,-1
G018,G039,-0.00011242863,-1
G097,G038,-0.000112521564,-1
G053,G019,-0.000112563604,-1
G097,G091,-0.00011260169,-1
G054,G073,-0.000112637266,-1
G047,G065,-0.00011266566,-1
G089,G073,-0.00011266825,-1
G086,G081,-0.000112693306,-1
G059,G058,-0.00011270139,-1
G071,G081,-0.00011281639,-1
G013,G068,-0.00011285549,-1
G043,G091,-0.000112871145,-1
G068,G054,-0.00011288543,-1
G095,G097,-0.000112934445,-1
G002,G046,-0.000112983806,-1
G060,G100,-0.00011298468,-1
G009,G005,-0.00011299847,-1
G026,G054,-0.00011305199,-1
G018,G088,-0.000113116614,-1
G077,G013,-0.00011312459,-1
G030,G073,-0.00011313822,-1
G097,G099,-0.00011316263,-1
G001,G014,-0.0001132236,-1
G061,G020,-0.00011339947,-1
G029,G021,-0.000113418464,-1
G075,G003,-0.000113461436,-1
G099,G058,-0.00011351121,-1
G003,G063,-0.0001135321,-1
G016,G058,-0.00011360923,-1
G091,G070,-0.00011361862,-1
G076,G069,-0.000113656424,-1
G043,G070,-0.00011368688,-1
G090,G088,-0.00011375497,-1
G061,G014,-0.0001138017,-1
G063,G077,-0.00011394473,-1
G063,G009,-0.00011402985,-1
G001,G081,-0.00011405422,-1
G075,G041,-0.00011414486,-1
G024,G021,-0.00011417254,-1
G049,G008,-0.00011424236,-1
G052,G068,-0.00011426503,-1
G098,G081,-0.0001142957,-1
G066,G014,-0.00011439306,-1
G069,G087,-0.0001144261,-1
G068,G081,-0.000114439026,-1
G013,G058,-0.00011447309,-1
G033,G046,-0.00011447746,-1
G017,G034,-0.000114489834,-1
G043,G065,-0.000114515205,-1
G051,G070,-0.00011453179,-1
G099,G070,-0.00011458535,-1
G035,G011,-0.00011465375,-1
G097,G065,-0.00011467482,-1
G061,G065,-0.00011470148,-1
G095,G046,-0.00011472087,-1
G088,G058,-0.00011475591,-1
G090,G058,-0.00011481867,-1
G038,G090,-0.00011485662,-1
G026,G068,-0.00011493674,-1
G081,G008,-0.00011516034,-1
G023,G013,-0.00011521009,-1
G019,G046,-0.00011523781,-1
G085,G051,-0.00011538044,-1
G027,G068,-0.00011543109,-1
G020,G013,-0.00011548924,-1
G011,G041,-0.00011551704,-1
G052,G013,-0.00011553683,-1
G065,G097,-0.00011558097,-1
G039,G038,-0.000115582414,-1
G086,G054,-0.000115583636,-1
G029,G087,-0.00011563149,-1
G022,G087,-0.00011563714,-1
G030,G054,-0.00011565905,-1
G050,G005,-0.00011565922,-1
G071,G046,-0.000115710456,-1
G054,G099,-0.00011575944,-1
G027,G021,-0.000115767885,-1
G084,G068,-0.00011577714,-1
G060,G003,-0.00011580062,-1
G051,G008,-0.00011580394,-1
G057,G091,-0.00011590466,-1
G064,G079,-0.00011591935,-1
G076,G063,-0.000115926974,-1
G096,G011,-0.000115941104,-1
G099,G026,-0.00011597386,-1
G097,G096,-0.0001160182,-1
G095,G017,-0.00011609273,-1
G035,G007,-0.00011611388,-1
G072,G042,-0.00011618263,-1
G062,G088,-0.00011619946,-1
G007,G065,-0.00011620608,-1
G090,G081,-0.000116208605,-1
G029,G068,-0.000116273324,-1
G019,G011,-0.00011631934,-1
G022,G005,-0.00011634875,-1
G082,G092,-0.00011641961,-1
G080,G053,-0.000116444135,-1
G060,G029,-0.00011650383,-1
G072,G020,-0.00011658392,-1
G047,G070,-0.00011672734,-1
G089,G026,-0.00011676003,-1
G018,G014,-0.00011690797,-1
G030,G029,-0.000116950745,-1
G040,G013,-0.00011695618,-1
G007,G046,-0.00011701963,-1
G004,G084,-0.00011711474,-1
G031,G058,-0.00011716662,-1
G097,G029,-0.00011719346,-1
G030,G020,-0.00011731523,-1
G073,G006,-0.000117343756,-1
G075,G099,-0.000117351265,-1
G045,G081,-0.00011751914,-1
G039,G046,-0.00011755404,-1
G045,G007,-0.00011755619,-1
G062,G084,-0.00011756074,-1
G024,G065,-0.000117621974,-1
G005,G046,-0.00011769992,-1
G089,G070,-0.00011777633,-1
G001,G084,-0.00011782179,-1
G024,G088,-0.000117835654,-1
G050,G079,-0.00011793558,-1
G022,G065,-0.000117939984,-1
G033,G069,-0.000118059106,-1
G004,G073,-0.000118116666,-1
G009,G020,-0.000118192234,-1
G098,G091,-0.000118287644,-1
G061,G068,-0.00011833624,-1
G045,G019,-0.00011835435,-1
G066,G020,-0.0001183609,-1
G095,G054,-0.00011854178,-1
G047,G081,-0.000118559474,-1
G026,G084,-0.00011865907,-1
G088,G014,-0.00011869161,-1
G010,G086,-0.000118715405,-1
G064,G088,-0.000118744145,-1
G025,G013,-0.00011894284,-1
G034,G081,-0.000118958844,-1
G063,G097,-0.000119005446,-1
G066,G081,-0.0001190105,-1
G002,G099,-0.00011907766,-1
G050,G077,-0.000119173164,-1
G098,G054,-0.000119236545,-1
G003,G065,-0.000119353535,-1
G052,G079,-0.000119383396,-1
G088,G087,-0.000119442055,-1
G027,G003,-0.00011953787,-1
G026,G087,-0.0001195449,-1
G062,G013,-0.00011955495,-1
G096,G015,-0.00011966297,-1
G045,G073,-0.000119707285,-1
G037,G020,-0.00011971246,-1
G029,G073,-0.00011975162,-1
G035,G014,-0.000119774275,-1
G060,G070,-0.00011995364,-1
G061,G091,-0.00011999099,-1
G037,G058,-0.00012002914,-1
G069,G081,-0.00012008044,-1
G074,G045,-0.00012011084,-1
G045,G005,-0.00012013917,-1
G064,G046,-0.00012014525,-1
G037,G039,-0.000120189565,-1
G044,G016,-0.00012020271,-1
G059,G073,-0.00012023898,-1
G091,G084,-0.00012025427,-1
G035,G030,-0.00012027378,-1
G075,G081,-0.00012029022,-1
G004,G021,-0.0001203292,-1
G088,G020,-0.00012036487,-1
G063,G088,-0.00012040038,-1
G086,G058,-0.00012040697,-1
G034,G003,-0.00012040761,-1
G025,G097,-0.00012043426,-1
G096,G088,-0.00012043998,-1
G078,G021,-0.00012063221,-1
G097,G003,-0.000120640645,-1
G090,G099,-0.00012073184,-1
G081,G013,-0.00012075514,-1
G018,G033,-0.00012087397,-1
G086,G046,-0.000121037876,-1
G078,G092,-0.00012112081,-1
G070,G013,-0.000121242556,-1
G071,G049,-0.00012126256,-1
G066,G013,-0.0001213688,-1
G047,G022,-0.00012139434,-1
G046,G070,-0.00012158272,-1
G024,G098,-0.00012170009,-1
G086,G014,-0.00012171074,-1
G034,G046,-0.00012176053,-1
G069,G068,-0.0001217635,-1
G053,G026,-0.000121812554,-1
G096,G026,-0.000121901794,-1
G098,G084,-0.00012191027,-1
G070,G030,-0.000121924386,-1
G052,G046,-0.000121935474,-1
G038,G014,-0.00012195236,-1
G082,G085,-0.00012196053,-1
G030,G098,-0.00012199827,-1
G056,G046,-0.000122028505,-1
G065,G077,-0.00012204477,-1
G089,G068,-0.00012207337,-1
G062,G003,-0.00012211995,-1
G026,G073,-0.00012216886,-1
G039,G003,-0.00012219846,-1
G037,G036,-0.00012239555,-1
G008,G022,-0.0001225001,-1
G071,G083,-0.00012257804,-1
G074,G054,-0.00012258008,-1
G070,G068,-0.00012258072,-1
G069,G029,-0.00012264129,-1
G052,G091,-0.00012264645,-1
G033,G034,-0.0001226863,-1
G012,G026,-0.00012282717,-1
G070,G014,-0.00012288002,-1
G069,G020,-0.00012289864,-1
G068,G013,-0.00012296377,-1
G075,G077,-0.00012298796,-1
G018,G006,-0.00012310848,-1
G068,G098,-0.00012312204,-1
G040,G029,-0.00012314582,-1
G064,G073,-0.00012315146,-1
G042,G024,-0.00012324139,-1
G077,G081,-0.0001233109,-1
G024,G084,-0.0001233945,-1
G025,G099,-0.00012339772,-1
G034,G099,-0.00012342754,-1
G013,G081,-0.00012343001,-1
G046,G073,-0.00012349419,-1
G063,G013,-0.00012351437,-1
G063,G019,-0.00012354506,-1
G022,G020,-0.00012357975,-1
G033,G035,-0.00012365628,-1
G045,G003,-0.00012371657,-1
G060,G091,-0.00012381258,-1
G097,G013,-0.00012381762,-1
G063,G046,-0.00012383192,-1
G072,G008,-0.00012410157,-1
G050,G094,-0.00012417238,-1
G043,G020,-0.00012425499,-1
G084,G099,-0.0001243176,-1
G025,G019,-0.00012432954,-1
G045,G099,-0.00012445668,-1
G013,G087,-0.0001244785,-1
G078,G040,-0.00012449674,-1
G060,G045,-0.0001245011,-1
G021,G087,-0.0001245906,-1
G082,G065,-0.00012473264,-1
G096,G020,-0.00012479536,-1
G089,G080,-0.00012485724,-1
G004,G087,-0.00012487151,-1
G034,G084,-0.00012487792,-1
G016,G060,-0.00012493864,-1
G011,G030,-0.00012494277,-1
G017,G003,-0.0001250216,-1
G062,G068,-0.00012507809,-1
G075,G070,-0.00012511696,-1
G004,G098,-0.0001251206,-1
G074,G070,-0.00012513685,-1
G087,G058,-0.00012516443,-1
G037,G088,-0.00012517441,-1
G052,G054,-0.00012535328,-1
G002,G054,-0.00012541146,-1
G076,G047,-0.00012542508,-1
G097,G014,-0.00012544442,-1
G043,G098,-0.00012547002,-1
G034,G073,-0.00012548125,-1
G043,G029,-0.00012551658,-1
G035,G077,-0.00012557115,-1
G011,G077,-0.00012558319,-1
G017,G026,-0.00012563504,-1
G062,G022,-0.00012566434,-1
G039,G026,-0.0001257909,-1
G097,G020,-0.00012581152,-1
G055,G011,-0.00012583256,-1
G058,G084,-0.00012584182,-1
G047,G073,-0.00012584771,-1
G092,G065,-0.0001258643,-1
G011,G068,-0.00012587327,-1
G039,G068,-0.0001259035,-1
G087,G099,-0.0001259763,-1
G007,G068,-0.00012604003,-1
G016,G074,-0.00012608424,-1
G044,G003,-0.00012609443,-1
G086,G091,-0.00012615319,-1
G027,G084,-0.0001261717,-1
G012,G046,-0.00012618085,-1
G083,G039,-0.00012620066,-1
G095,G088,-0.00012622283,-1
G003,G054,-0.00012624224,-1
G031,G046,-0.0001262465,-1
G014,G059,-0.00012628394,-1
G011,G088,-0.0001263592,-1
G069,G014,-0.00012637165,-1
G018,G097,-0.00012643797,-1
G013,G070,-0.00012650336,-1
G034,G029,-0.00012653945,-1
G087,G003,-0.0001265801,-1
G005,G065,-0.00012666374,-1
G025,G080,-0.00012667062,-1
G070,G026,-0.00012671539,-1
G013,G022,-0.00012671598,-1
G017,G065,-0.00012677685,-1
G052,G007,-0.00012685289,-1
G005,G070,-0.0001268532,-1
G098,G058,-0.00012686785,-1
G051,G098,-0.00012688327,-1
G003,G010,-0.00012689858,-1
G003,G046,-0.00012693927,-1
G025,G087,-0.00012702562,-1
G093,G087,-0.00012706139,-1
G078,G013,-0.00012708703,-1
G059,G081,-0.00012710963,-1
G011,G046,-0.00012717373,-1
G058,G003,-0.00012726053,-1
G003,G019,-0.00012735071,-1
G043,G021,-0.00012735308,-1
G054,G020,-0.00012753464,-1
G074,G081,-0.0001275535,-1
G007,G081,-0.0001276078,-1
G058,G091,-0.00012763108,-1
G051,G085,-0.00012769777,-1
G060,G054,-0.00012772794,-1
G011,G070,-0.00012774872,-1
G012,G079,-0.00012777238,-1
G017,G009,-0.00012780578,-1
G026,G013,-0.0001278346,-1
G046,G054,-0.00012785995,-1
G065,G026,-0.0001279071,-1
G074,G008,-0.00012791528,-1
G011,G009,-0.00012796171,-1
G075,G022,-0.00012802199,-1
G059,G045,-0.00012803652,-1
G060,G058,-0.00012806883,-1
G030,G021,-0.00012808578,-1
G062,G060,-0.0001281814,-1
G030,G084,-0.0001282394,-1
G089,G020,-0.00012829166,-1
G010,G034,-0.00012838162,-1
G025,G054,-0.0001284241,-1
G005,G099,-0.0001285341,-1
G095,G005,-0.00012853896,-1
G017,G073,-0.00012854641,-1
G078,G066,-0.00012858205,-1
G062,G064,-0.00012862906,-1
G083,G069,-0.00012877333,-1
G004,G013,-0.00012878963,-1
G002,G014,-0.00012886892,-1
G016,G065,-0.00012890855,-1
G064,G058,-0.00012895165,-1
G093,G003,-0.00012896402,-1
G084,G008,-0.00012896991,-1
G095,G099,-0.0001289779,-1
G055,G073,-0.00012912205,-1
G018,G080,-0.00012912553,-1
G013,G060,-0.00012912852,-1
G010,G007,-0.00012915098,-1
G078,G014,-0.00012917622,-1
G062,G058,-0.0001291846,-1
G090,G003,-0.00012925125,-1
G078,G010,-0.00012930972,-1
G092,G029,-0.00012932849,-1
G057,G003,-0.00012951878,-1
G092,G098,-0.00012952143,-1
G004,G054,-0.00012956937,-1
G002,G073,-0.00012957068,-1
G097,G098,-0.00012960137,-1
G011,G072,-0.00012962389,-1
G096,G049,-0.00012989534,-1
G077,G054,-0.00012997202,-1
G064,G054,-0.00012998327,-1
G013,G005,-0.00013013475,-1
G072,G046,-0.00013020092,-1
G003,G097,-0.00013021288,-1
G007,G054,-0.00013022117,-1
G066,G073,-0.00013022518,-1
G070,G007,-0.0001302725,-1
G093,G100,-0.00013031141,-1
G017,G039,-0.00013041885,-1
G029,G033,-0.00013044025,-1
G076,G001,-0.00013050456,-1
G025,G026,-0.00013052885,-1
G018,G030,-0.00013053132,-1
G051,G026,-0.00013055307,-1
G021,G029,-0.00013056758,-1
G035,G079,-0.00013057583,-1
G017,G077,-0.00013065037,-1
G096,G039,-0.0001307095,-1
G010,G038,-0.00013072607,-1
G065,G003,-0.00013073813,-1
G074,G087,-0.00013074542,-1
G027,G020,-0.00013077272,-1
G081,G021,-0.00013080894,-1
G003,G087,-0.00013082624,-1
G083,G034,-0.00013087211,-1
G071,G054,-0.00013094365,-1
G030,G045,-0.00013099275,-1
G034,G068,-0.00013108055,-1
G018,G019,-0.00013109004,-1
G091,G008,-0.00013111727,-1
G081,G003,-0.00013117635,-1
G017,G030,-0.00013119103,-1
G071,G099,-0.00013120167,-1
G019,G087,-0.00013122508,-1
G050,G081,-0.00013122614,-1
G081,G087,-0.00013124991,-1
G060,G098,-0.00013128387,-1
G022,G021,-0.0001313063,-1
G001,G013,-0.00013132798,-1
G013,G065,-0.00013147116,-1
G056,G013,-0.00013156253,-1
G097,G070,-0.00013160883,-1
G014,G074,-0.00013164422,-1
G060,G008,-0.00013175595,-1
G084,G054,-0.00013177925,-1
G046,G020,-0.000131783,-1
G039,G081,-0.00013179245,-1
G031,G073,-0.00013209932,-1
G005,G064,-0.00013210477,-1
G017,G097,-0.00013214801,-1
G089,G030,-0.00013221412,-1
G071,G079,-0.00013221664,-1
G035,G080,-0.00013224749,-1
G085,G032,-0.00013225483,-1
G055,G068,-0.00013228251,-1
G019,G065,-0.00013242153,-1
G045,G010,-0.00013243828,-1
G041,G044,-0.00013244188,-1
G020,G087,-0.00013247618,-1
G026,G003,-0.00013247649,-1
G047,G079,-0.00013248165,-1
G093,G054,-0.00013254481,-1
G024,G081,-0.00013256712,-1
G051,G029,-0.00013265474,-1
G007,G058,-0.00013265474,-1
G081,G084,-0.00013273259,-1
G066,G098,-0.00013279132,-1
G053,G008,-0.00013281537,-1
G087,G076,-0.00013283353,-1
G051,G080,-0.00013285382,-1
G011,G069,-0.00013293952,-1
G090,G070,-0.00013297844,-1
G012,G070,-0.00013313934,-1
G024,G010,-0.00013320264,-1
G051,G065,-0.000133204,-1
G047,G010,-0.00013328827,-1
G054,G081,-0.00013332642,-1
G011,G099,-0.00013351903,-1
G027,G073,-0.00013353172,-1
G098,G073,-0.00013362445,-1
G007,G014,-0.00013372261,-1
G020,G046,-0.00013386499,-1
G021,G003,-0.00013386567,-1
G041,G088,-0.00013393442,-1
G031,G098,-0.00013394596,-1
G096,G077,-0.00013425999,-1
G056,G003,-0.00013429116,-1
G001,G098,-0.00013432803,-1
G099,G003,-0.0001343282,-1
G016,G098,-0.00013444037,-1
G004,G014,-0.00013444244,-1
G066,G029,-0.0001344482,-1
G039,G087,-0.00013445043,-1
G088,G054,-0.00013457758,-1
G095,G098,-0.00013460255,-1
G089,G022,-0.00013461048,-1
G074,G068,-0.000134652,-1
G065,G054,-0.00013468569,-1
G088,G068,-0.00013470162,-1
G071,G065,-0.00013488477,-1
G029,G091,-0.0001349013,-1
G022,G074,-0.00013502943,-1
G095,G094,-0.00013512146,-1
G027,G087,-0.00013519138,-1
G016,G040,-0.00013526891,-1
G095,G020,-0.00013531122,-1
G003,G068,-0.00013541541,-1
G074,G065,-0.00013552513,-1
G043,G074,-0.00013568104,-1
G004,G058,-0.00013569162,-1
G005,G073,-0.00013574747,-1
G066,G021,-0.00013574997,-1
G009,G087,-0.00013585227,-1
G061,G073,-0.00013585585,-1
G087,G014,-0.00013589628,-1
G098,G003,-0.00013590093,-1
G064,G081,-0.00013602442,-1
G035,G054,-0.00013612745,-1
G057,G045,-0.00013615673,-1
G055,G054,-0.00013617505,-1
G009,G065,-0.00013621594,-1
G091,G060,-0.00013627585,-1
G087,G013,-0.0001363007,-1
G083,G026,-0.00013634459,-1
G062,G054,-0.00013636342,-1
G097,G068,-0.00013642336,-1
G005,G068,-0.00013643068,-1
G092,G081,-0.00013645727,-1
G030,G081,-0.00013649579,-1
G059,G074,-0.00013651008,-1
G093,G084,-0.00013651593,-1
G083,G001,-0.0001366224,-1
G053,G076,-0.00013670548,-1
G086,G029,-0.00013675068,-1
G093,G081,-0.00013687018,-1
G079,G008,-0.00013694454,-1
G072,G023,-0.00013697195,-1
G040,G065,-0.0001370604,-1
G008,G082,-0.0001371294,-1
G051,G054,-0.00013731362,-1
G029,G054,-0.0001373142,-1
G054,G068,-0.00013733761,-1
G053,G033,-0.00013735167,-1
G019,G073,-0.0001373544,-1
G021,G060,-0.00013746039,-1
G018,G063,-0.00013756864,-1
G057,G074,-0.00013758274,-1
G058,G073,-0.00013765626,-1
G071,G084,-0.00013785268,-1
G090,G068,-0.00013791745,-1
G033,G068,-0.00013803868,-1
G089,G058,-0.00013806112,-1
G090,G017,-0.00013806291,-1
G015,G066,-0.00013809832,-1
G012,G081,-0.00013818758,-1
G039,G084,-0.00013821827,-1
G056,G098,-0.00013822856,-1
G084,G087,-0.00013823365,-1
G041,G001,-0.0001383167,-1
G090,G014,-0.00013842732,-1
G060,G065,-0.0001384647,-1
G055,G070,-0.00013856118,-1
G033,G026,-0.0001386803,-1
G092,G087,-0.00013871366,-1
G040,G060,-0.00013873266,-1
G058,G098,-0.00013879014,-1
G012,G084,-0.00013889665,-1
G046,G013,-0.0001389102,-1
G090,G098,-0.00013904509,-1
G058,G074,-0.00013905983,-1
G092,G045,-0.00013910326,-1
G071,G068,-0.00013924768,-1
G087,G068,-0.00013949344,-1
G015,G092,-0.0001395607,-1
G072,G029,-0.00013970277,-1
G037,G014,-0.00013970496,-1
G091,G020,-0.0001398242,-1
G016,G061,-0.00013991883,-1
G013,G098,-0.00013995937,-1
G062,G070,-0.00014000485,-1
G050,G068,-0.00014013165,-1
G056,G029,-0.00014013819,-1
G031,G021,-0.00014023077,-1
G098,G045,-0.00014025459,-1
G059,G065,-0.00014026945,-1
G093,G098,-0.00014027256,-1
G063,G039,-0.0001403403,-1
G077,G060,-0.00014037824,-1
G027,G065,-0.00014039925,-1
G095,G008,-0.00014041639,-1
G056,G014,-0.00014041993,-1
G084,G020,-0.00014042061,-1
G040,G021,-0.00014042693,-1
G041,G014,-0.0001405014,-1
G090,G020,-0.00014056606,-1
G027,G074,-0.000140598,-1
G044,G093,-0.00014061121,-1
G059,G060,-0.0001406161,-1
G050,G054,-0.00014064185,-1
G041,G038,-0.00014066297,-1
G097,G074,-0.00014070097,-1
G083,G009,-0.00014071145,-1
G090,G054,-0.00014072304,-1
G064,G094,-0.00014072623,-1
G046,G060,-0.00014079662,-1
G060,G084,-0.00014079748,-1
G077,G020,-0.00014081286,-1
G061,G087,-0.00014081468,-1
G034,G045,-0.00014098841,-1
G001,G091,-0.00014103673,-1
G095,G014,-0.0001410911,-1
G042,G049,-0.00014112281,-1
G068,G073,-0.00014116574,-1
G075,G054,-0.00014119864,-1
G092,G020,-0.00014121078,-1
G065,G088,-0.00014131318,-1
G037,G076,-0.00014137187,-1
G056,G068,-0.0001413721,-1
G096,G046,-0.00014141994,-1
G094,G028,-0.00014154971,-1
G090,G029,-0.00014158747,-1
G020,G081,-0.00014161391,-1
G024,G014,-0.00014164168,-1
G067,G065,-0.00014171003,-1
G088,G081,-0.00014174591,-1
G047,G003,-0.00014182276,-1
G061,G054,-0.00014186202,-1
G055,G079,-0.00014187039,-1
G053,G070,-0.00014201635,-1
G099,G081,-0.00014202236,-1
G009,G014,-0.00014202345,-1
G054,G013,-0.00014221706,-1
G093,G065,-0.0001422444,-1
G025,G091,-0.00014229877,-1
G019,G079,-0.00014231684,-1
G024,G091,-0.00014237559,-1
G092,G054,-0.00014240402,-1
G047,G058,-0.00014245094,-1
G060,G020,-0.00014264681,-1
G077,G045,-0.00014270059,-1
G031,G068,-0.00014275101,-1
G078,G027,-0.00014276338,-1
G056,G020,-0.00014276626,-1
G026,G021,-0.00014278828,-1
G065,G066,-0.00014280043,-1
G086,G084,-0.00014285899,-1
G077,G098,-0.00014294159,-1
G018,G077,-0.00014304879,-1
G075,G098,-0.00014311918,-1
G037,G029,-0.00014318504,-1
G053,G068,-0.000143207,-1
G009,G022,-0.00014321817,-1
G041,G033,-0.00014324831,-1
G064,G020,-0.0001432622,-1
G001,G054,-0.00014329354,-1
G040,G003,-0.00014332909,-1
G053,G020,-0.00014344488,-1
G087,G060,-0.00014348207,-1
G096,G019,-0.00014350974,-1
G009,G029,-0.00014369981,-1
G081,G054,-0.00014372193,-1
G043,G060,-0.000143735,-1
G003,G011,-0.00014375175,-1
G030,G010,-0.00014389644,-1
G011,G007,-0.00014394447,-1
G064,G022,-0.00014394664,-1
G021,G054,-0.0001440119,-1
G046,G098,-0.00014403387,-1
G056,G087,-0.0001440354,-1
G050,G003,-0.00014408123,-1
G072,G017,-0.00014408605,-1
G024,G029,-0.00014413446,-1
G080,G007,-0.0001441865,-1
G096,G081,-0.00014426393,-1
G046,G091,-0.000144308,-1
G053,G058,-0.00014438941,-1
G088,G013,-0.00014442929,-1
G059,G091,-0.00014444327,-1
G025,G058,-0.00014444774,-1
G046,G029,-0.00014448927,-1
G072,G098,-0.00014453131,-1
G055,G003,-0.00014455905,-1
G034,G060,-0.00014458557,-1
G058,G020,-0.00014459163,-1
G029,G065,-0.00014462612,-1
G002,G028,-0.00014464883,-1
G016,G021,-0.00014464943,-1
G034,G065,-0.00014470986,-1
G089,G084,-0.00014476705,-1
G013,G040,-0.00014500802,-1
G006,G013,-0.00014502925,-1
G061,G045,-0.00014503839,-1
G047,G084,-0.00014512698,-1
G025,G081,-0.00014513812,-1
G087,G029,-0.00014527027,-1
G025,G079,-0.00014536116,-1
G037,G098,-0.000145362,-1
G069,G084,-0.0001453804,-1
G071,G021,-0.00014540373,-1
G055,G020,-0.00014560866,-1
G003,G078,-0.00014565261,-1
G081,G058,-0.0001457123,-1
G019,G084,-0.00014576575,-1
G070,G088,-0.00014581636,-1
G071,G060,-0.00014586923,-1
G088,G070,-0.00014592645,-1
G070,G017,-0.00014611417,-1
G075,G017,-0.00014615712,-1
G040,G010,-0.000146216,-1
G095,G070,-0.00014622587,-1
G066,G045,-0.00014651348,-1
G012,G058,-0.00014656146,-1
G070,G079,-0.00014657709,-1
G054,G029,-0.00014670248,-1
G095,G084,-0.00014672591,-1
G002,G084,-0.00014681733,-1
G025,G003,-0.00014690353,-1
G069,G098,-0.0001469063,-1
G007,G084,-0.00014695064,-1
G075,G058,-0.00014697472,-1
G084,G074,-0.0001470658,-1
G060,G021,-0.00014707194,-1
G096,G017,-0.00014707858,-1
G057,G029,-0.00014708091,-1
G002,G081,-0.00014726355,-1
G056,G065,-0.00014727151,-1
G068,G029,-0.00014728426,-1
G027,G060,-0.00014734124,-1
G089,G088,-0.0001473746,-1
G096,G069,-0.00014744408,-1
G090,G091,-0.00014754078,-1
G089,G098,-0.00014758189,-1
G075,G072,-0.00014762029,-1
G100,G082,-0.00014765479,-1
G005,G087,-0.00014770757,-1
G007,G074,-0.00014779481,-1
G042,G057,-0.00014787294,-1
G007,G079,-0.00014788537,-1
G092,G073,-0.00014801335,-1
G086,G068,-0.00014804424,-1
G066,G060,-0.00014811182,-1
G065,G011,-0.0001481901,-1
G087,G020,-0.00014821519,-1
G098,G065,-0.00014827233,-1
G095,G010,-0.0001483228,-1
G004,G065,-0.00014837437,-1
G084,G091,-0.00014841053,-1
G033,G064,-0.00014842674,-1
G024,G060,-0.00014846536,-1
G039,G058,-0.00014853453,-1
G029,G081,-0.00014856084,-1
G051,G094,-0.00014874664,-1
G033,G011,-0.00014884728,-1
G086,G098,-0.00014888626,-1
G054,G065,-0.000148896,-1
G038,G018,-0.00014897242,-1
G055,G081,-0.00014904237,-1
G030,G091,-0.00014910907,-1
G099,G029,-0.00014921254,-1
G080,G095,-0.00014927675,-1
G026,G065,-0.00014928155,-1
G056,G084,-0.00014928973,-1
G047,G087,-0.00014930412,-1
G031,G060,-0.00014936946,-1
G002,G020,-0.0001494964,-1
G002,G065,-0.00014950038,-1
G063,G099,-0.00014959442,-1
G039,G054,-0.00014976421,-1
G041,G034,-0.00014979654,-1
G050,G073,-0.00014982579,-1
G080,G003,-0.00014983285,-1
G086,G020,-0.00014994387,-1
G072,G099,-0.0001499629,-1
G018,G068,-0.00014998692,-1
G086,G003,-0.00015000213,-1
G099,G087,-0.00015008028,-1
G083,G008,-0.00015020547,-1
G041,G004,-0.00015028194,-1
G025,G084,-0.00015032645,-1
G017,G069,-0.00015032831,-1
G015,G083,-0.00015033918,-1
G071,G026,-0.00015036667,-1
G090,G008,-0.00015037601,-1
G024,G003,-0.00015045913,-1
G021,G091,-0.00015047718,-1
G047,G029,-0.00015056599,-1
G042,G037,-0.00015064565,-1
G046,G065,-0.00015069672,-1
G071,G011,-0.00015090714,-1
G050,G029,-0.00015093839,-1
G034,G087,-0.0001509472,-1
G012,G065,-0.00015095138,-1
G069,G054,-0.0001509798,-1
G064,G099,-0.00015098268,-1
G013,G011,-0.00015115601,-1
G027,G029,-0.00015131426,-1
G019,G054,-0.00015138328,-1
G035,G098,-0.00015141994,-1
G062,G045,-0.00015155002,-1
G081,G065,-0.0001516807,-1
G062,G021,-0.00015179909,-1
G043,G045,-0.00015181414,-1
G018,G026,-0.00015184008,-1
G077,G074,-0.00015197364,-1
G001,G058,-0.0001520287,-1
G064,G068,-0.00015210854,-1
G075,G045,-0.00015213226,-1
G053,G081,-0.00015216503,-1
G062,G081,-0.00015223783,-1
G020,G054,-0.0001523159,-1
G055,G029,-0.00015249875,-1
G096,G080,-0.0001525779,-1
G063,G011,-0.00015262309,-1
G010,G047,-0.00015277664,-1
G070,G080,-0.00015280902,-1
G013,G074,-0.0001528511,-1
G074,G085,-0.00015290467,-1
G055,G087,-0.00015298738,-1
G050,G020,-0.00015307736,-1
G084,G060,-0.00015310803,-1
G075,G079,-0.00015329538,-1
G026,G020,-0.00015330437,-1
G009,G021,-0.00015335008,-1
G011,G064,-0.00015340363,-1
G081,G098,-0.00015341878,-1
G089,G079,-0.00015348464,-1
G003,G074,-0.00015350085,-1
G043,G087,-0.00015350271,-1
G014,G048,-0.00015351662,-1
G068,G060,-0.00015359063,-1
G088,G029,-0.00015363476,-1
G044,G047,-0.0001536713,-1
G066,G087,-0.00015371754,-1
G037,G060,-0.00015372006,-1
G096,G003,-0.00015373834,-1
G061,G029,-0.00015377176,-1
G004,G060,-0.00015384232,-1
G091,G021,-0.00015386069,-1
G093,G060,-0.000153868,-1
G015,G062,-0.0001538802,-1
G029,G060,-0.00015416299,-1
G084,G029,-0.00015418949,-1
G021,G045,-0.00015423883,-1
G033,G077,-0.0001542854,-1
G058,G045,-0.00015430973,-1
G042,G067,-0.00015437738,-1
G064,G084,-0.00015441941,-1
G039,G020,-0.0001545789,-1
G074,G020,-0.00015459553,-1
G026,G098,-0.00015470499,-1
G089,G054,-0.00015475567,-1
G003,G076,-0.00015489037,-1
G099,G091,-0.00015491233,-1
G087,G081,-0.00015505635,-1
G001,G003,-0.00015518996,-1
G035,G091,-0.00015523956,-1
G005,G030,-0.00015537307,-1
G003,G058,-0.00015540322,-1
G068,G074,-0.00015557816,-1
G019,G029,-0.0001557875,-1
G011,G087,-0.00015579895,-1
G093,G068,-0.00015584916,-1
G047,G013,-0.00015585302,-1
G055,G065,-0.00015585581,-1
G009,G010,-0.00015587511,-1
G022,G061,-0.00015590724,-1
G024,G045,-0.0001559462,-1
G031,G020,-0.00015601673,-1
G097,G060,-0.0001560311,-1
G086,G010,-0.000156142,-1
G074,G098,-0.00015615001,-1
G034,G020,-0.00015621637,-1
G062,G087,-0.00015641254,-1
G072,G081,-0.00015649632,-1
G011,G098,-0.00015651253,-1
G056,G091,-0.00015652881,-1
G077,G058,-0.00015660278,-1
G054,G060,-0.00015661084,-1
G001,G073,-0.00015662242,-1
G018,G065,-0.00015663748,-1
G054,G087,-0.00015668245,-1
G018,G054,-0.00015680121,-1
G011,G073,-0.00015687657,-1
G096,G079,-0.00015690787,-1
G093,G029,-0.00015715876,-1
G001,G065,-0.0001571658,-1
G092,G060,-0.00015721373,-1
G068,G020,-0.00015722396,-1
G062,G020,-0.00015724097,-1
G006,G015,-0.00015739365,-1
G081,G091,-0.00015740795,-1
G045,G084,-0.00015744373,-1
G054,G098,-0.00015746962,-1
G052,G065,-0.00015761449,-1
G092,G074,-0.00015765136,-1
G009,G013,-0.00015769491,-1
G050,G087,-0.00015770983,-1
G069,G045,-0.00015800832,-1
G004,G020,-0.00015813409,-1
G052,G058,-0.00015817244,-1
G024,G074,-0.00015817942,-1
G089,G014,-0.00015827223,-1
G045,G060,-0.000158356,-1
G025,G029,-0.00015835775,-1
G017,G046,-0.00015841184,-1
G037,G070,-0.00015844998,-1
G019,G081,-0.00015846851,-1
G058,G060,-0.00015859489,-1
G097,G087,-0.0001586084,-1
G039,G060,-0.00015866615,-1
G052,G081,-0.00015878289,-1
G007,G091,-0.00015901132,-1
G065,G070,-0.00015928513,-1
G088,G065,-0.00015932445,-1
G034,G091,-0.000159331,-1
G034,G098,-0.00015933627,-1
G013,G061,-0.00015944242,-1
G037,G074,-0.00015953035,-1
G019,G003,-0.00015955303,-1
G035,G060,-0.00015960107,-1
G009,G003,-0.0001596063,-1
G025,G074,-0.00015961981,-1
G031,G065,-0.00015965143,-1
G076,G026,-0.0001596587,-1
G026,G029,-0.0001596625,-1
G024,G013,-0.00015973301,-1
G068,G087,-0.00015977306,-1
G041,G019,-0.00015981734,-1
G063,G087,-0.00015990688,-1
G011,G058,-0.00016004179,-1
G096,G058,-0.00016006673,-1
G018,G091,-0.00016009298,-1
G003,G060,-0.00016020046,-1
G002,G070,-0.00016029358,-1
G035,G010,-0.00016034106,-1
G095,G029,-0.00016036278,-1
G093,G099,-0.0001604674,-1
G069,G013,-0.00016047557,-1
G051,G021,-0.00016050832,-1
G003,G020,-0.00016053813,-1
G088,G091,-0.00016064644,-1
G014,G051,-0.00016071161,-1
G075,G091,-0.00016077678,-1
G050,G021,-0.00016080221,-1
G010,G044,-0.00016084206,-1
G099,G045,-0.00016091396,-1
G083,G097,-0.00016105996,-1
G059,G010,-0.00016107061,-1
G075,G029,-0.00016109376,-1
G072,G028,-0.00016120504,-1
G076,G009,-0.00016127586,-1
G017,G087,-0.0001614473,-1
G078,G059,-0.00016145404,-1
G076,G018,-0.00016146063,-1
G077,G065,-0.0001615192,-1
G056,G045,-0.00016152179,-1
G082,G051,-0.0001615442,-1
G027,G091,-0.00016155509,-1
G077,G029,-0.00016156488,-1
G090,G013,-0.0001616272,-1
G053,G029,-0.00016178824,-1
G076,G097,-0.00016183163,-1
G035,G087,-0.00016183306,-1
G088,G060,-0.00016196311,-1
G044,G082,-0.00016196382,-1
G061,G060,-0.00016218163,-1
G003,G021,-0.00016245477,-1
G095,G003,-0.00016246032,-1
G009,G074,-0.00016246812,-1
G018,G076,-0.00016247308,-1
G077,G003,-0.00016261905,-1
G031,G087,-0.00016264117,-1
G091,G065,-0.00016266438,-1
G061,G074,-0.00016268781,-1
G012,G091,-0.00016272407,-1
G082,G066,-0.00016275668,-1
G077,G073,-0.0001627582,-1
G044,G057,-0.00016280712,-1
G093,G020,-0.0001628827,-1
G037,G065,-0.00016292925,-1
G035,G081,-0.00016306655,-1
G017,G070,-0.00016320922,-1
G045,G087,-0.00016331478,-1
G002,G098,-0.00016334,-1
G083,G019,-0.00016336038,-1
G011,G021,-0.00016339676,-1
G090,G021,-0.0001636082,-1
G012,G020,-0.00016363709,-1
G031,G091,-0.00016366476,-1
G038,G089,-0.00016366818,-1
G074,G091,-0.00016374714,-1
G058,G087,-0.00016375793,-1
G011,G084,-0.00016378186,-1
G060,G074,-0.00016380263,-1
G042,G096,-0.00016382271,-1
G062,G029,-0.0001638475,-1
G043,G094,-0.00016391269,-1
G047,G091,-0.00016392475,-1
G062,G091,-0.00016395903,-1
G087,G070,-0.00016423239,-1
G030,G074,-0.00016431836,-1
G051,G099,-0.00016442423,-1
G080,G056,-0.0001644641,-1
G018,G079,-0.0001644867,-1
G035,G065,-0.00016449166,-1
G038,G075,-0.00016453842,-1
G081,G045,-0.00016457023,-1
G037,G045,-0.00016459086,-1
G070,G011,-0.00016468762,-1
G098,G020,-0.00016474815,-1
G055,G021,-0.00016479573,-1
G035,G058,-0.00016487615,-1
G078,G051,-0.00016496664,-1
G065,G087,-0.00016511213,-1
G076,G034,-0.00016524193,-1
G004,G029,-0.0001653261,-1
G015,G027,-0.00016540039,-1
G083,G030,-0.0001654273,-1
G021,G010,-0.00016546439,-1
G015,G048,-0.00016547996,-1
G045,G091,-0.00016559561,-1
G063,G073,-0.00016569297,-1
G047,G060,-0.00016578907,-1
G071,G080,-0.0001658342,-1
G087,G045,-0.00016586125,-1
G086,G045,-0.00016596487,-1
G027,G045,-0.0001660291,-1
G072,G091,-0.00016603766,-1
G062,G100,-0.00016609652,-1
G080,G018,-0.0001662266,-1
G037,G003,-0.00016653327,-1
G064,G045,-0.00016656215,-1
G099,G065,-0.00016663018,-1
G009,G060,-0.000166705,-1
G083,G077,-0.00016680523,-1
G084,G045,-0.00016681838,-1
G076,G019,-0.00016693244,-1
G096,G033,-0.00016698384,-1
G007,G010,-0.00016704437,-1
G058,G081,-0.00016706173,-1
G026,G091,-0.00016706392,-1
G084,G098,-0.00016711304,-1
G071,G010,-0.0001671408,-1
G095,G058,-0.00016715162,-1
G005,G084,-0.00016718823,-1
G034,G013,-0.0001672402,-1
G030,G065,-0.00016729959,-1
G097,G010,-0.00016736095,-1
G066,G091,-0.00016751554,-1
G044,G001,-0.0001675318,-1
G054,G091,-0.00016755257,-1
G009,G091,-0.00016755355,-1
G069,G021,-0.0001675713,-1
G053,G054,-0.00016757446,-1
G047,G020,-0.00016768399,-1
G069,G060,-0.0001676861,-1
G051,G020,-0.00016770503,-1
G062,G065,-0.00016771663,-1
G041,G026,-0.0001677516,-1
G068,G021,-0.00016780001,-1
G033,G079,-0.00016781333,-1
G071,G091,-0.00016783146,-1
G061,G021,-0.00016783293,-1
G096,G098,-0.00016785653,-1
G029,G074,-0.00016794416,-1
G075,G060,-0.00016795642,-1
G090,G084,-0.00016802705,-1
G018,G045,-0.0001681145,-1
G013,G091,-0.00016811852,-1
G053,G065,-0.00016839815,-1
G083,G013,-0.00016842807,-1
G037,G061,-0.00016843225,-1
G098,G087,-0.00016846164,-1
G044,G053,-0.00016846793,-1
G039,G029,-0.00016851354,-1
G091,G087,-0.00016856128,-1
G070,G081,-0.0001685729,-1
G001,G029,-0.00016869965,-1
G043,G003,-0.00016871846,-1
G090,G087,-0.00016874028,-1
G086,G074,-0.00016876285,-1
G069,G065,-0.00016888579,-1
G083,G087,-0.00016901488,-1
G068,G003,-0.00016902281,-1
G050,G013,-0.00016909467,-1
G089,G065,-0.00016912296,-1
G034,G021,-0.00016916332,-1
G007,G008,-0.00016930996,-1
G098,G040,-0.00016952498,-1
G052,G020,-0.00016961049,-1
G062,G098,-0.00016979415,-1
G090,G045,-0.0001698477,-1
G065,G020,-0.00016985986,-1
G058,G029,-0.00017014671,-1
G099,G020,-0.00017016985,-1
G074,G029,-0.00017039874,-1
G002,G029,-0.00017040307,-1
G043,G061,-0.0001704519,-1
G068,G091,-0.0001704622,-1
G058,G061,-0.0001705063,-1
G072,G049,-0.00017056432,-1
G095,G013,-0.0001706281,-1
G045,G058,-0.00017075475,-1
G083,G099,-0.00017082832,-1
G030,G060,-0.00017083285,-1
G037,G040,-0.00017093435,-1
G012,G087,-0.00017111505,-1
G033,G054,-0.00017114208,-1
G015,G051,-0.00017118339,-1
G046,G087,-0.00017121463,-1
G055,G060,-0.00017131628,-1
G015,G073,-0.00017136718,-1
G090,G065,-0.00017137811,-1
G047,G074,-0.00017146999,-1
G025,G098,-0.0001715784,-1
G005,G058,-0.00017159828,-1
G089,G045,-0.00017161448,-1
G051,G060,-0.00017178014,-1
G064,G087,-0.00017182075,-1
G099,G040,-0.00017182693,-1
G044,G056,-0.00017189154,-1
G018,G011,-0.00017193177,-1
G051,G045,-0.00017195389,-1
G025,G060,-0.00017196123,-1
G015,G059,-0.00017197708,-1
G099,G098,-0.00017213842,-1
G005,G011,-0.00017225735,-1
G005,G091,-0.00017226413,-1
G018,G099,-0.00017232174,-1
G076,G081,-0.00017239172,-1
G051,G058,-0.00017240425,-1
G095,G021,-0.00017246918,-1
G083,G010,-0.00017248845,-1
G050,G014,-0.00017265826,-1
G080,G086,-0.00017269743,-1
G010,G001,-0.00017271808,-1
G053,G099,-0.0001728038,-1
G086,G087,-0.0001728478,-1
G041,G052,-0.00017297962,-1
G033,G088,-0.00017304333,-1
G053,G087,-0.00017314512,-1
G040,G061,-0.00017314627,-1
G018,G084,-0.00017324844,-1
G054,G021,-0.00017327872,-1
G076,G014,-0.00017336695,-1
G016,G092,-0.00017344655,-1
G091,G045,-0.00017352837,-1
G037,G091,-0.00017368278,-1
G055,G098,-0.00017374464,-1
G043,G040,-0.00017378191,-1
G095,G073,-0.00017394304,-1
G019,G013,-0.0001740059,-1
G069,G091,-0.00017403247,-1
G077,G091,-0.00017405728,-1
G007,G020,-0.00017405949,-1
G098,G021,-0.00017425437,-1
G060,G087,-0.00017426201,-1
G010,G077,-0.00017428769,-1
G011,G054,-0.0001743341,-1
G074,G060,-0.00017435376,-1
G012,G068,-0.00017440045,-1
G063,G007,-0.00017450459,-1
G051,G084,-0.00017468637,-1
G021,G074,-0.00017471083,-1
G075,G014,-0.00017485362,-1
G021,G061,-0.00017485672,-1
G044,G015,-0.00017486495,-1
G057,G040,-0.00017500375,-1
G065,G022,-0.00017512789,-1
G060,G061,-0.0001751405,-1
G042,G038,-0.00017514273,-1
G083,G046,-0.0001751612,-1
G075,G074,-0.00017520969,-1
G002,G060,-0.00017524631,-1
G034,G074,-0.00017534138,-1
G003,G084,-0.00017540187,-1
G020,G084,-0.0001754341,-1
G077,G087,-0.00017543981,-1
G004,G010,-0.00017544751,-1
G050,G098,-0.00017546912,-1
G099,G074,-0.00017563814,-1
G012,G060,-0.00017568449,-1
G053,G045,-0.00017581921,-1
G091,G074,-0.00017586007,-1
G074,G076,-0.00017597455,-1
G011,G060,-0.0001760089,-1
G054,G045,-0.00017601883,-1
G098,G060,-0.00017604741,-1
G071,G098,-0.00017621701,-1
G025,G073,-0.00017627723,-1
G086,G021,-0.0001764225,-1
G076,G030,-0.00017644513,-1
G089,G029,-0.00017649097,-1
G050,G084,-0.00017649798,-1
G045,G011,-0.00017658794,-1
G086,G065,-0.0001766353,-1
G097,G045,-0.0001768489,-1
G042,G003,-0.00017689179,-1
G082,G059,-0.00017718549,-1
G041,G070,-0.00017719556,-1
G052,G029,-0.00017720876,-1
G044,G018,-0.00017750714,-1
G053,G084,-0.0001775401,-1
G076,G046,-0.0001776535,-1
G077,G010,-0.00017769796,-1
G035,G029,-0.00017790213,-1
G083,G070,-0.00017790338,-1
G090,G073,-0.00017791644,-1
G011,G020,-0.000177943,-1
G096,G068,-0.00017810069,-1
G080,G055,-0.00017816888,-1
G053,G013,-0.00017825548,-1
G025,G021,-0.00017873356,-1
G084,G061,-0.00017874835,-1
G013,G094,-0.00017878303,-1
G067,G100,-0.00017901859,-1
G072,G060,-0.0001792047,-1
G033,G070,-0.00017924167,-1
G051,G081,-0.00017927182,-1
G018,G046,-0.00017937162,-1
G015,G018,-0.00017937325,-1
G055,G084,-0.00017938467,-1
G058,G021,-0.00017942974,-1
G033,G058,-0.00017945988,-1
G014,G062,-0.00017950402,-1
G039,G098,-0.00017953802,-1
G064,G029,-0.0001795815,-1
G095,G065,-0.00017961102,-1
G019,G074,-0.00017987589,-1
G099,G060,-0.00017990962,-1
G082,G027,-0.00017999668,-1
G005,G029,-0.00018010754,-1
G017,G068,-0.0001801117,-1
G066,G074,-0.00018014839,-1
G088,G074,-0.00018017415,-1
G092,G021,-0.00018029174,-1
G047,G049,-0.00018039826,-1
G086,G040,-0.0001804577,-1
G096,G099,-0.0001804985,-1
G087,G021,-0.00018055523,-1
G005,G080,-0.00018058294,-1
G086,G013,-0.00018062403,-1
G087,G091,-0.00018064918,-1
G029,G040,-0.00018069014,-1
G088,G098,-0.00018079682,-1
G008,G023,-0.00018082946,-1
G089,G087,-0.00018095846,-1
G033,G005,-0.00018097046,-1
G081,G029,-0.00018112033,-1
G081,G060,-0.00018114991,-1
G071,G087,-0.00018139521,-1
G055,G010,-0.00018143652,-1
G005,G079,-0.0001815898,-1
G002,G021,-0.00018175325,-1
G055,G058,-0.00018188944,-1
G035,G084,-0.0001819016,-1
G093,G074,-0.00018203234,-1
G065,G099,-0.00018206803,-1
G075,G013,-0.00018227317,-1
G076,G064,-0.00018262056,-1
G051,G079,-0.00018272593,-1
G018,G010,-0.0001828179,-1
G050,G074,-0.00018286327,-1
G089,G091,-0.00018290494,-1
G001,G087,-0.00018291145,-1
G071,G020,-0.0001829879,-1
G055,G091,-0.00018307379,-1
G017,G058,-0.00018312331,-1
G002,G061,-0.00018318625,-1
G049,G021,-0.00018319793,-1
G018,G029,-0.00018322334,-1
G002,G087,-0.00018328933,-1
G052,G098,-0.00018334168,-1
G056,G060,-0.00018364596,-1
G038,G053,-0.00018372109,-1
G093,G014,-0.00018372286,-1
G097,G021,-0.00018409951,-1
G050,G060,-0.00018420706,-1
G095,G091,-0.00018430123,-1
G022,G028,-0.00018453237,-1
G021,G027,-0.00018464438,-1
G065,G045,-0.00018465625,-1
G062,G010,-0.0001847157,-1
G052,G084,-0.00018480103,-1
G056,G074,-0.00018480481,-1
G075,G020,-0.00018483154,-1
G083,G088,-0.00018499592,-1
G008,G038,-0.00018516906,-1
G023,G003,-0.00018523092,-1
G065,G073,-0.00018537801,-1
G011,G022,-0.00018540864,-1
G098,G074,-0.00018542928,-1
G024,G061,-0.00018551684,-1
G007,G029,-0.00018554826,-1
G075,G084,-0.00018559356,-1
G072,G061,-0.00018564002,-1
G068,G045,-0.0001857365,-1
G034,G061,-0.00018585518,-1
G033,G020,-0.00018588603,-1
G044,G086,-0.00018594401,-1
G080,G047,-0.00018605664,-1
G019,G058,-0.00018611363,-1
G075,G065,-0.00018625063,-1
G071,G058,-0.00018628422,-1
G040,G074,-0.00018633105,-1
G065,G058,-0.0001863384,-1
G044,G052,-0.0001863855,-1
G039,G091,-0.0001865318,-1
G047,G021,-0.00018654228,-1
G018,G028,-0.00018654413,-1
G019,G091,-0.000186589,-1
G062,G074,-0.00018666348,-1
G082,G010,-0.00018673968,-1
G076,G039,-0.00018679666,-1
G073,G077,-0.00018684732,-1
G002,G005,-0.00018700105,-1
G089,G003,-0.00018706595,-1
G017,G007,-0.00018727848,-1
G060,G010,-0.00018740277,-1
G074,G061,-0.00018757384,-1
G044,G007,-0.00018762084,-1
G065,G029,-0.00018774864,-1
G084,G073,-0.00018774964,-1
G026,G060,-0.00018784188,-1
G042,G028,-0.00018789622,-1
G052,G040,-0.00018796297,-1
G076,G077,-0.00018802178,-1
G095,G087,-0.00018810428,-1
G020,G058,-0.00018824183,-1
G091,G061,-0.00018828438,-1
G059,G061,-0.00018832462,-1
G039,G065,-0.0001883705,-1
G050,G065,-0.00018843854,-1
G039,G013,-0.00018846476,-1
G018,G098,-0.00018874528,-1
G002,G091,-0.00018903536,-1
G002,G040,-0.00018903798,-1
G099,G008,-0.00018917915,-1
G039,G045,-0.00018921646,-1
G057,G061,-0.00018923462,-1
G029,G061,-0.00018931535,-1
G064,G098,-0.00018931575,-1
G039,G021,-0.00018932375,-1
G004,G091,-0.0001893314,-1
G064,G091,-0.00018935007,-1
G063,G098,-0.00018968037,-1
G033,G098,-0.00018978117,-1
G010,G093,-0.0001898579,-1
G050,G045,-0.000189901,-1
G100,G078,-0.00018990252,-1
G064,G060,-0.00018995129,-1
G046,G021,-0.00019010624,-1
G026,G074,-0.00019024166,-1
G074,G021,-0.00019028314,-1
G094,G014,-0.00019030155,-1
G096,G029,-0.00019053565,-1
G025,G020,-0.00019091896,-1
G080,G052,-0.00019130169,-1
G044,G035,-0.00019136629,-1
G100,G016,-0.00019138728,-1
G001,G021,-0.00019142909,-1
G081,G020,-0.0001914688,-1
G038,G050,-0.0001915354,-1
G052,G060,-0.00019154158,-1
G018,G020,-0.00019156153,-1
G065,G081,-0.0001916893,-1
G065,G079,-0.00019179973,-1
G062,G061,-0.0001920396,-1
G096,G054,-0.00019208253,-1
G084,G021,-0.00019209035,-1
G038,G076,-0.00019213685,-1
G017,G088,-0.00019234956,-1
G093,G040,-0.00019251322,-1
G009,G045,-0.00019255017,-1
G065,G091,-0.00019272437,-1
G037,G087,-0.00019281416,-1
G063,G017,-0.00019289045,-1
G030,G040,-0.00019291427,-1
G018,G013,-0.00019293143,-1
G001,G060,-0.00019303797,-1
G020,G074,-0.00019327205,-1
G060,G094,-0.00019329898,-1
G052,G074,-0.00019334714,-1
G007,G021,-0.00019356105,-1
G066,G061,-0.00019357039,-1
G056,G040,-0.00019369059,-1
G062,G085,-0.00019380853,-1
G053,G091,-0.0001938927,-1
G075,G021,-0.0001939322,-1
G087,G074,-0.00019395511,-1
G017,G020,-0.00019395888,-1
G091,G040,-0.00019400271,-1
G019,G060,-0.0001941038,-1
G087,G065,-0.00019431472,-1
G050,G010,-0.00019458265,-1
G022,G040,-0.00019472002,-1
G053,G003,-0.00019477398,-1
G004,G074,-0.0001948981,-1
G021,G020,-0.00019495825,-1
G078,G045,-0.00019515434,-1
G070,G029,-0.00019517315,-1
G003,G098,-0.00019558471,-1
G063,G054,-0.0001956045,-1
G063,G021,-0.0001957198,-1
G068,G010,-0.00019592044,-1
G058,G010,-0.00019605832,-1
G051,G011,-0.00019624636,-1
G063,G060,-0.00019633347,-1
G002,G074,-0.0001964531,-1
G077,G061,-0.00019649326,-1
G012,G054,-0.0001965618,-1
G055,G013,-0.00019659493,-1
G050,G091,-0.00019659808,-1
G095,G045,-0.00019661225,-1
G012,G098,-0.0001966521,-1
G027,G010,-0.0001966697,-1
G031,G074,-0.00019691266,-1
G057,G010,-0.00019696118,-1
G053,G098,-0.0001972142,-1
G096,G091,-0.00019745658,-1
G072,G022,-0.0001975508,-1
G007,G041,-0.00019757397,-1
G099,G021,-0.00019762115,-1
G086,G060,-0.0001978496,-1
G003,G091,-0.00019798844,-1
G064,G003,-0.00019803712,-1
G063,G080,-0.00019822636,-1
G026,G045,-0.00019823358,-1
G035,G020,-0.00019833543,-1
G019,G021,-0.00019839783,-1
G033,G029,-0.00019879303,-1
G045,G074,-0.0001988779,-1
G093,G013,-0.00019891713,-1
G046,G045,-0.00019893379,-1
G062,G040,-0.00019895975,-1
G010,G002,-0.00019899764,-1
G089,G021,-0.00019904795,-1
G044,G019,-0.00019916549,-1
G096,G028,-0.00019916847,-1
G047,G098,-0.00019921726,-1
G093,G061,-0.00019922153,-1
G005,G020,-0.00019939858,-1
G077,G040,-0.00019951307,-1
G077,G021,-0.0001997677,-1
G071,G074,-0.00019979093,-1
G093,G021,-0.00019982678,-1
G020,G029,-0.00019989918,-1
G063,G081,-0.00020001877,-1
G089,G010,-0.00020029546,-1
G038,G095,-0.0002003584,-1
G007,G040,-0.0002004039,-1
G075,G087,-0.00020046935,-1
G100,G015,-0.00020050684,-1
G070,G054,-0.00020052397,-1
G088,G021,-0.00020054483,-1
G065,G021,-0.00020070898,-1
G070,G060,-0.00020071414,-1
G005,G010,-0.00020099698,-1
G042,G018,-0.00020108186,-1
G044,G005,-0.00020148428,-1
G069,G010,-0.00020151223,-1
G039,G010,-0.00020175386,-1
G095,G074,-0.00020183838,-1
G065,G064,-0.00020191298,-1
G055,G014,-0.00020208563,-1
G063,G068,-0.00020222212,-1
G049,G028,-0.00020270994,-1
G052,G045,-0.00020273287,-1
G078,G083,-0.00020283603,-1
G017,G099,-0.00020285207,-1
G099,G061,-0.00020287222,-1
G055,G045,-0.00020289623,-1
G056,G021,-0.00020305206,-1
G070,G058,-0.00020362982,-1
G012,G074,-0.00020377153,-1
G057,G066,-0.00020382385,-1
G056,G010,-0.00020383741,-1
G043,G092,-0.00020391565,-1
G005,G060,-0.00020396539,-1
G045,G020,-0.00020414151,-1
G045,G029,-0.00020414921,-1
G090,G061,-0.00020432995,-1
G040,G025,-0.00020435212,-1
G001,G045,-0.00020475291,-1
G070,G099,-0.0002048055,-1
G022,G092,-0.00020490368,-1
G060,G040,-0.00020529769,-1
G065,G074,-0.00020530162,-1
G033,G065,-0.00020533572,-1
G057,G027,-0.0002055498,-1
G010,G018,-0.00020559819,-1
G093,G070,-0.0002057797,-1
G020,G098,-0.00020579014,-1
G081,G073,-0.00020589358,-1
G019,G045,-0.00020594122,-1
G037,G021,-0.00020662724,-1
G083,G051,-0.00020675204,-1
G081,G061,-0.00020675261,-1
G093,G091,-0.00020696723,-1
G014,G073,-0.00020712789,-1
G086,G061,-0.00020725044,-1
G042,G050,-0.00020742034,-1
G041,G097,-0.0002074482,-1
G001,G061,-0.00020754471,-1
G076,G088,-0.0002076494,-1
G010,G004,-0.0002076738,-1
G063,G029,-0.0002077147,-1
G007,G098,-0.00020773057,-1
G095,G060,-0.00020779892,-1
G046,G074,-0.00020782693,-1
G052,G010,-0.00020814891,-1
G041,G017,-0.00020815573,-1
G005,G054,-0.00020827592,-1
G092,G040,-0.00020838616,-1
G089,G013,-0.00020856303,-1
G089,G060,-0.0002086103,-1
G035,G013,-0.00020883746,-1
G096,G076,-0.000208847,-1
G093,G008,-0.00020898414,-1
G004,G040,-0.00020926601,-1
G051,G091,-0.00020927594,-1
G036,G008,-0.00020965382,-1
G076,G007,-0.00020987024,-1
G063,G079,-0.0002100642,-1
G070,G074,-0.00021012593,-1
G020,G061,-0.00021019713,-1
G010,G022,-0.00021049236,-1
G080,G034,-0.00021059679,-1
G070,G084,-0.00021064552,-1
G019,G010,-0.00021085975,-1
G063,G058,-0.00021095043,-1
G006,G008,-0.0002112826,-1
G011,G080,-0.0002114683,-1
G007,G060,-0.00021167145,-1
G039,G074,-0.00021173221,-1
G093,G045,-0.00021196679,-1
G041,G058,-0.0002120574,-1
G021,G040,-0.00021216423,-1
G003,G061,-0.00021226495,-1
G005,G081,-0.00021228995,-1
G018,G058,-0.00021231314,-1
G076,G017,-0.00021251147,-1
G001,G074,-0.0002125689,-1
G016,G066,-0.00021268855,-1
G054,G074,-0.00021269542,-1
G062,G008,-0.00021330547,-1
G017,G041,-0.0002133842,-1
G043,G027,-0.0002135243,-1
G098,G061,-0.00021356037,-1
G035,G021,-0.00021362532,-1
G013,G027,-0.00021367193,-1
G070,G087,-0.00021390819,-1
G069,G074,-0.00021409379,-1
G064,G021,-0.00021412013,-1
G066,G040,-0.00021416093,-1
G092,G010,-0.00021429466,-1
G009,G061,-0.00021433586,-1
G043,G010,-0.00021444232,-1
G076,G068,-0.00021446802,-1
G080,G093,-0.00021447643,-1
G080,G077,-0.00021472853,-1
G026,G040,-0.00021495593,-1
G072,G087,-0.00021504569,-1
G038,G070,-0.00021507384,-1
G016,G010,-0.00021552904,-1
G020,G010,-0.00021562245,-1
G070,G020,-0.0002156293,-1
G065,G084,-0.00021570713,-1
G053,G060,-0.00021580394,-1
G025,G061,-0.00021582328,-1
G024,G040,-0.00021596406,-1
G044,G002,-0.00021600557,-1
G070,G065,-0.00021615591,-1
G085,G042,-0.00021654122,-1
G005,G004,-0.00021674151,-1
G017,G011,-0.00021687885,-1
G070,G098,-0.00021712708,-1
G052,G021,-0.00021726213,-1
G068,G061,-0.00021735221,-1
G090,G074,-0.00021748492,-1
G033,G028,-0.00021755835,-1
G065,G060,-0.00021774099,-1
G072,G021,-0.00021778938,-1
G076,G054,-0.00021782637,-1
G019,G098,-0.00021782705,-1
G096,G010,-0.00021787478,-1
G081,G074,-0.00021793289,-1
G064,G074,-0.00021794946,-1
G082,G083,-0.00021808274,-1
G005,G098,-0.00021820361,-1
G092,G061,-0.00021821479,-1
G033,G087,-0.00021822582,-1
G002,G045,-0.00021824273,-1
G001,G010,-0.00021849599,-1
G020,G060,-0.00021856262,-1
G033,G099,-0.00021889391,-1
G051,G074,-0.00021904886,-1
G041,G094,-0.00021919601,-1
G031,G051,-0.00021944685,-1
G051,G040,-0.00021951215,-1
G044,G055,-0.00021951446,-1
G063,G020,-0.00021955415,-1
G009,G028,-0.00021983297,-1
G027,G061,-0.0002199025,-1
G055,G074,-0.00022006026,-1
G088,G045,-0.00022015,-1
G050,G040,-0.00022018995,-1
G033,G036,-0.00022025811,-1
G031,G010,-0.00022029826,-1
G037,G092,-0.000220358,-1
G033,G040,-0.00022046658,-1
G009,G040,-0.00022050462,-1
G003,G079,-0.00022055481,-1
G083,G020,-0.00022057073,-1
G035,G074,-0.00022061284,-1
G044,G034,-0.00022082722,-1
G003,G051,-0.00022084345,-1
G018,G060,-0.00022099978,-1
G020,G045,-0.0002210366,-1
G010,G009,-0.00022121241,-1
G042,G100,-0.00022136599,-1
G061,G040,-0.00022140243,-1
G033,G084,-0.00022150257,-1
G016,G051,-0.00022152666,-1
G045,G098,-0.00022154473,-1
G096,G070,-0.00022155799,-1
G064,G065,-0.00022165522,-1
G066,G010,-0.00022194049,-1
G044,G004,-0.00022243633,-1
G017,G091,-0.00022244397,-1
G002,G094,-0.00022248391,-1
G019,G040,-0.00022261389,-1
G031,G061,-0.00022293822,-1
G044,G049,-0.00022308082,-1
G069,G061,-0.00022308512,-1
G016,G027,-0.00022322797,-1
G084,G010,-0.00022329926,-1
G076,G080,-0.00022333035,-1
G036,G028,-0.00022343875,-1
G074,G040,-0.0002236062,-1
G080,G035,-0.00022376888,-1
G022,G027,-0.00022382804,-1
G005,G021,-0.00022390476,-1
G018,G081,-0.00022393391,-1
G090,G060,-0.00022411674,-1
G098,G010,-0.00022412809,-1
G095,G040,-0.00022416656,-1
G061,G010,-0.00022418525,-1
G053,G074,-0.00022439324,-1
G088,G040,-0.00022457607,-1
G017,G084,-0.00022495976,-1
G058,G040,-0.00022500061,-1
G052,G061,-0.00022500822,-1
G051,G061,-0.0002252716,-1
G041,G042,-0.00022541272,-1
G076,G020,-0.00022541611,-1
G096,G084,-0.00022541906,-1
G017,G054,-0.00022559463,-1
G011,G029,-0.00022567435,-1
G025,G045,-0.0002259725,-1
G080,G044,-0.00022603321,-1
G044,G070,-0.00022603894,-1
G020,G051,-0.00022606825,-1
G063,G084,-0.00022661894,-1
G078,G036,-0.00022674723,-1
G064,G010,-0.0002268218,-1
G065,G061,-0.00022712431,-1
G027,G040,-0.00022729028,-1
G035,G061,-0.00022753686,-1
G044,G097,-0.00022769018,-1
G041,G063,-0.00022784066,-1
G024,G092,-0.00022809734,-1
G044,G033,-0.00022809839,-1
G030,G061,-0.00022824897,-1
G010,G069,-0.00022863995,-1
G037,G010,-0.0002286559,-1
G091,G010,-0.0002287228,-1
G057,G051,-0.0002287978,-1
G073,G038,-0.00022906922,-1
G034,G040,-0.0002291783,-1
G010,G019,-0.00022919502,-1
G095,G061,-0.00022930135,-1
G035,G051,-0.00022989228,-1
G010,G063,-0.0002306395,-1
G011,G079,-0.00023064719,-1
G083,G068,-0.00023074666,-1
G035,G045,-0.00023074845,-1
G010,G039,-0.00023094812,-1
G017,G081,-0.00023101142,-1
G096,G013,-0.00023106279,-1
G076,G058,-0.00023121861,-1
G011,G081,-0.00023174981,-1
G097,G061,-0.00023190906,-1
G039,G061,-0.00023195785,-1
G035,G040,-0.00023208519,-1
G065,G067,-0.00023247664,-1
G063,G010,-0.00023259361,-1
G005,G051,-0.0002326772,-1
G083,G058,-0.00023269415,-1
G046,G061,-0.00023279148,-1
G055,G061,-0.0002328421,-1
G080,G004,-0.00023294648,-1
G013,G021,-0.00023310095,-1
G044,G017,-0.00023315517,-1
G078,G062,-0.00023333081,-1
G017,G029,-0.00023337474,-1
G070,G091,-0.00023355368,-1
G010,G026,-0.00023366745,-1
G013,G066,-0.00023372244,-1
G097,G040,-0.00023395517,-1
G011,G091,-0.0002340375,-1
G011,G051,-0.00023407697,-1
G022,G066,-0.00023414589,-1
G013,G051,-0.00023419825,-1
G053,G010,-0.00023420741,-1
G096,G060,-0.00023471931,-1
G057,G092,-0.00023494379,-1
G012,G021,-0.00023501743,-1
G069,G040,-0.00023515368,-1
G046,G010,-0.00023537393,-1
G038,G047,-0.00023540956,-1
G059,G040,-0.0002354601,-1
G025,G051,-0.00023547743,-1
G075,G040,-0.0002355027,-1
G015,G036,-0.0002355067,-1
G072,G065,-0.00023555345,-1
G059,G027,-0.00023558646,-1
G089,G074,-0.00023559634,-1
G065,G098,-0.00023562371,-1
G001,G040,-0.0002357214,-1
G008,G067,-0.00023586514,-1
G020,G091,-0.00023600226,-1
G029,G059,-0.00023624478,-1
G071,G040,-0.0002364773,-1
G084,G040,-0.00023675723,-1
G096,G065,-0.00023684683,-1
G040,G092,-0.00023692485,-1
G080,G085,-0.00023697986,-1
G044,G076,-0.0002369888,-1
G020,G028,-0.00023701099,-1
G014,G036,-0.00023702806,-1
G056,G061,-0.00023703076,-1
G047,G040,-0.00023749622,-1
G038,G010,-0.00023750566,-1
G033,G076,-0.00023758247,-1
G046,G040,-0.0002376435,-1
G011,G040,-0.00023782384,-1
G055,G040,-0.00023783109,-1
G080,G001,-0.0002383186,-1
G083,G091,-0.00023832274,-1
G096,G021,-0.00023857976,-1
G072,G040,-0.00023872584,-1
G031,G040,-0.0002390635,-1
G046,G051,-0.00023981387,-1
G011,G074,-0.0002398629,-1
G033,G022,-0.0002398857,-1
G018,G087,-0.0002400078,-1
G079,G028,-0.00024008141,-1
G068,G040,-0.0002401381,-1
G087,G061,-0.00024014435,-1
G047,G061,-0.00024026753,-1
G080,G028,-0.00024030657,-1
G013,G059,-0.00024080038,-1
G091,G051,-0.00024096815,-1
G088,G010,-0.00024132618,-1
G033,G060,-0.00024139478,-1
G044,G069,-0.00024143899,-1
G004,G027,-0.00024157995,-1
G090,G094,-0.00024160581,-1
G047,G051,-0.00024167636,-1
G013,G092,-0.00024277231,-1
G026,G061,-0.00024295316,-1
G004,G061,-0.00024295722,-1
G002,G022,-0.00024295777,-1
G083,G029,-0.00024299922,-1
G079,G100,-0.00024320443,-1
G043,G025,-0.00024343914,-1
G005,G074,-0.00024350984,-1
G083,G021,-0.00024379737,-1
G083,G081,-0.00024384061,-1
G047,G025,-0.00024411714,-1
G019,G061,-0.00024426045,-1
G066,G083,-0.0002442826,-1
G010,G097,-0.0002444219,-1
G056,G066,-0.0002444594,-1
G027,G066,-0.00024458396,-1
G061,G066,-0.0002449373,-1
G003,G080,-0.00024496453,-1
G016,G017,-0.00024513397,-1
G076,G029,-0.0002451673,-1
G033,G081,-0.0002452128,-1
G010,G068,-0.00024524852,-1
G050,G061,-0.00024531808,-1
G071,G061,-0.00024537925,-1
G054,G040,-0.0002454768,-1
G076,G099,-0.00024551342,-1
G084,G023,-0.0002457091,-1
G044,G010,-0.0002458227,-1
G041,G009,-0.00024639154,-1
G010,G030,-0.00024648552,-1
G089,G061,-0.0002469475,-1
G075,G010,-0.00024713564,-1
G030,G092,-0.00024713657,-1
G024,G051,-0.00024731044,-1
G090,G040,-0.00024779755,-1
G053,G040,-0.0002479284,-1
G007,G051,-0.00024804502,-1
G027,G051,-0.0002481548,-1
G054,G061,-0.0002485292,-1
G061,G051,-0.00024870026,-1
G016,G036,-0.00024901677,-1
G063,G091,-0.0002490284,-1
G042,G089,-0.00024905294,-1
G060,G092,-0.0002492008,-1
G064,G013,-0.00024924372,-1
G016,G059,-0.0002495479,-1
G056,G027,-0.00024969966,-1
G076,G070,-0.00024997626,-1
G029,G027,-0.00025028552,-1
G007,G083,-0.00025068579,-1
G011,G061,-0.0002506975,-1
G002,G027,-0.00025085008,-1
G044,G026,-0.0002510195,-1
G088,G008,-0.00025106486,-1
G070,G041,-0.0002510999,-1
G081,G040,-0.00025126638,-1
G034,G010,-0.00025132726,-1
G086,G092,-0.0002514633,-1
G034,G066,-0.0002516271,-1
G066,G027,-0.00025163594,-1
G070,G061,-0.00025201487,-1
G082,G036,-0.00025213324,-1
G005,G061,-0.0002522626,-1
G059,G066,-0.00025227803,-1
G098,G092,-0.00025261746,-1
G088,G061,-0.00025265536,-1
G041,G064,-0.00025276534,-1
G087,G040,-0.00025283208,-1
G080,G097,-0.00025333415,-1
G043,G066,-0.00025340705,-1
G043,G051,-0.00025355833,-1
G029,G092,-0.00025372134,-1
G044,G063,-0.00025376503,-1
G048,G013,-0.00025380673,-1
G100,G048,-0.0002538552,-1
G041,G010,-0.00025424166,-1
G006,G014,-0.000254249,-1
G030,G083,-0.00025428034,-1
G002,G010,-0.00025429123,-1
G094,G013,-0.00025476803,-1
G031,G027,-0.00025485162,-1
G041,G069,-0.0002549655,-1
G087,G008,-0.00025508794,-1
G001,G027,-0.00025527447,-1
G010,G029,-0.000255371,-1
G024,G027,-0.0002555651,-1
G022,G051,-0.0002557066,-1
G012,G051,-0.00025583967,-1
G033,G010,-0.0002560246,-1
G040,G066,-0.00025614517,-1
G026,G010,-0.00025616307,-1
G079,G003,-0.00025619124,-1
G054,G010,-0.00025633615,-1
G026,G027,-0.00025646947,-1
G076,G098,-0.00025658088,-1
G045,G021,-0.00025660254,-1
G020,G027,-0.00025679244,-1
G080,G068,-0.0002568492,-1
G033,G091,-0.00025715065,-1
G054,G027,-0.00025715437,-1
G020,G021,-0.00025745342,-1
G022,G059,-0.00025751497,-1
G059,G025,-0.00025786154,-1
G007,G045,-0.00025787388,-1
G057,G036,-0.00025790845,-1
G033,G051,-0.00025793462,-1
G025,G040,-0.00025806387,-1
G076,G084,-0.000258494,-1
G008,G024,-0.00025873317,-1
G034,G092,-0.0002588884,-1
G083,G060,-0.00025925675,-1
G070,G040,-0.00025926938,-1
G045,G061,-0.00025940864,-1
G061,G059,-0.00025943678,-1
G007,G061,-0.00025947037,-1
G084,G092,-0.0002596083,-1
G085,G036,-0.0002597,-1
G063,G051,-0.0002598153,-1
G027,G059,-0.00026001933,-1
G029,G051,-0.0002600777,-1
G017,G098,-0.0002602432,-1
G076,G079,-0.00026028068,-1
G096,G014,-0.00026048397,-1
G076,G021,-0.00026049156,-1
G017,G061,-0.0002605049,-1
G041,G081,-0.0002608097,-1
G010,G020,-0.00026092536,-1
G051,G010,-0.00026098464,-1
G010,G098,-0.0002612181,-1
G096,G061,-0.00026132105,-1
G041,G077,-0.00026157842,-1
G071,G051,-0.00026177,-1
G096,G045,-0.00026222502,-1
G042,G075,-0.00026223794,-1
G096,G040,-0.00026235357,-1
G082,G042,-0.00026246702,-1
G083,G054,-0.00026252624,-1
G040,G059,-0.00026259024,-1
G080,G039,-0.00026261038,-1
G018,G061,-0.00026264536,-1
G058,G051,-0.00026270378,-1
G038,G034,-0.00026273055,-1
G062,G066,-0.0002627546,-1
G037,G051,-0.0002630366,-1
G086,G066,-0.00026350087,-1
G007,G032,-0.00026355495,-1
G096,G087,-0.0002636689,-1
G034,G027,-0.00026376816,-1
G080,G002,-0.00026384246,-1
G059,G092,-0.00026402003,-1
G046,G027,-0.00026403545,-1
G044,G088,-0.0002643651,-1
G096,G074,-0.00026473892,-1
G064,G061,-0.00026476564,-1
G007,G013,-0.00026485225,-1
G043,G036,-0.00026486375,-1
G083,G074,-0.00026500603,-1
G002,G100,-0.00026526148,-1
G027,G092,-0.00026535423,-1
G044,G009,-0.00026538878,-1
G041,G065,-0.00026540214,-1
G070,G025,-0.0002656233,-1
G084,G051,-0.00026572339,-1
G039,G092,-0.0002657261,-1
G070,G021,-0.0002658084,-1
G042,G053,-0.00026593008,-1
G041,G020,-0.00026594166,-1
G068,G066,-0.00026621702,-1
G016,G025,-0.00026622153,-1
G078,G042,-0.000266304,-1
G018,G040,-0.0002663427,-1
G080,G029,-0.00026635072,-1
G068,G027,-0.00026636358,-1
G039,G051,-0.00026659068,-1
G031,G066,-0.00026667435,-1
G056,G092,-0.00026673172,-1
G054,G092,-0.00026680346,-1
G089,G040,-0.00026688835,-1
G088,G092,-0.00026690462,-1
G074,G092,-0.00026693818,-1
G082,G062,-0.00026707206,-1
G092,G066,-0.00026710203,-1
G041,G030,-0.00026742907,-1
G010,G058,-0.0002674401,-1
G030,G051,-0.0002674409,-1
G004,G036,-0.0002676503,-1
G021,G051,-0.0002677202,-1
G030,G025,-0.00026803708,-1
G001,G051,-0.00026834794,-1
G021,G025,-0.00026847652,-1
G042,G010,-0.00026853985,-1
G020,G040,-0.00026857192,-1
G062,G028,-0.00026860452,-1
G098,G059,-0.0002686759,-1
G075,G061,-0.0002687808,-1
G045,G040,-0.00026891712,-1
G098,G066,-0.0002689415,-1
G022,G010,-0.00026912361,-1
G074,G010,-0.00026929632,-1
G052,G066,-0.00026941442,-1
G076,G010,-0.00026954594,-1
G019,G051,-0.0002696462,-1
G039,G027,-0.0002697657,-1
G037,G083,-0.00027021414,-1
G029,G066,-0.00027021513,-1
G041,G084,-0.00027030465,-1
G018,G051,-0.00027033634,-1
G037,G066,-0.00027051815,-1
G047,G066,-0.00027062543,-1
G091,G059,-0.00027069723,-1
G072,G027,-0.0002707518,-1
G060,G051,-0.0002707948,-1
G041,G099,-0.0002709714,-1
G056,G036,-0.00027125896,-1
G065,G008,-0.00027139977,-1
G084,G066,-0.00027141205,-1
G075,G042,-0.00027148693,-1
G088,G036,-0.00027151214,-1
G011,G045,-0.0002715571,-1
G057,G059,-0.00027168376,-1
G071,G025,-0.0002717837,-1
G024,G036,-0.0002718325,-1
G087,G010,-0.00027195812,-1
G024,G066,-0.00027199555,-1
G002,G092,-0.0002721679,-1
G007,G059,-0.00027230673,-1
G077,G092,-0.00027232707,-1
G083,G011,-0.00027247934,-1
G029,G010,-0.00027249366,-1
G034,G051,-0.00027251436,-1
G046,G066,-0.00027251578,-1
G080,G069,-0.00027265688,-1
G092,G051,-0.00027270813,-1
G093,G010,-0.00027272257,-1
G041,G068,-0.00027335767,-1
G068,G025,-0.00027348832,-1
G062,G025,-0.00027363715,-1
G098,G051,-0.0002736769,-1
G099,G010,-0.00027369766,-1
G040,G027,-0.00027396815,-1
G061,G092,-0.0002740456,-1
G074,G051,-0.0002740766,-1
G070,G045,-0.0002741088,-1
G098,G027,-0.00027439895,-1
G041,G051,-0.00027449406,-1
G041,G046,-0.0002746545,-1
G043,G083,-0.00027486583,-1
G021,G066,-0.00027492328,-1
G038,G056,-0.0002751246,-1
G080,G009,-0.00027512465,-1
G084,G025,-0.00027520166,-1
G061,G027,-0.00027535832,-1
G055,G036,-0.0002755698,-1
G087,G036,-0.00027580856,-1
G037,G059,-0.00027585716,-1
G038,G073,-0.00027601598,-1
G026,G092,-0.00027609855,-1
G043,G059,-0.00027627076,-1
G044,G030,-0.00027643386,-1
G066,G051,-0.00027644823,-1
G041,G098,-0.00027651404,-1
G038,G028,-0.00027675598,-1
G016,G083,-0.0002767669,-1
G060,G027,-0.00027682428,-1
G091,G025,-0.00027683013,-1
G025,G066,-0.00027692688,-1
G065,G040,-0.00027709018,-1
G009,G025,-0.00027732688,-1
G053,G061,-0.00027796606,-1
G095,G051,-0.0002779824,-1
G082,G025,-0.00027816652,-1
G083,G098,-0.00027822642,-1
G076,G060,-0.00027835387,-1
G058,G027,-0.00027860753,-1
G093,G066,-0.0002787914,-1
G055,G027,-0.00027886557,-1
G084,G059,-0.00027911746,-1
G038,G093,-0.00027960306,-1
G040,G083,-0.0002798989,-1
G083,G007,-0.00027993106,-1
G017,G079,-0.0002799521,-1
G091,G066,-0.00028009043,-1
G093,G051,-0.00028016669,-1
G070,G051,-0.00028042874,-1
G041,G087,-0.00028053034,-1
G021,G083,-0.0002805715,-1
G100,G072,-0.00028058913,-1
G012,G040,-0.00028066055,-1
G038,G039,-0.00028067143,-1
G010,G099,-0.00028073692,-1
G021,G092,-0.00028078593,-1
G092,G027,-0.0002808699,-1
G058,G059,-0.00028095758,-1
G016,G062,-0.00028097865,-1
G093,G036,-0.00028100997,-1
G064,G040,-0.0002810613,-1
G016,G042,-0.0002811121,-1
G044,G011,-0.0002815286,-1
G042,G090,-0.0002815366,-1
G044,G099,-0.00028183634,-1
G020,G066,-0.00028190613,-1
G047,G092,-0.0002819172,-1
G056,G051,-0.00028210093,-1
G022,G073,-0.00028228655,-1
G081,G028,-0.000282307,-1
G055,G025,-0.00028235742,-1
G058,G025,-0.00028242165,-1
G081,G010,-0.00028272832,-1
G077,G051,-0.00028278408,-1
G009,G083,-0.00028341365,-1
G004,G059,-0.00028350987,-1
G038,G086,-0.00028368743,-1
G057,G025,-0.00028372955,-1
G069,G066,-0.00028373653,-1
G072,G059,-0.00028382865,-1
G089,G092,-0.00028390234,-1
G047,G027,-0.0002839807,-1
G026,G051,-0.00028401832,-1
G090,G010,-0.00028428252,-1
G001,G066,-0.0002843912,-1
G008,G018,-0.00028455985,-1
G095,G036,-0.00028471614,-1
G089,G025,-0.00028474873,-1
G081,G027,-0.0002847691,-1
G055,G051,-0.00028497464,-1
G063,G061,-0.00028500948,-1
G041,G091,-0.00028508736,-1
G084,G027,-0.00028508945,-1
G093,G092,-0.0002851136,-1
G015,G042,-0.00028525476,-1
G053,G042,-0.00028547295,-1
G073,G022,-0.00028577467,-1
G065,G010,-0.00028588707,-1
G003,G066,-0.00028594816,-1
G057,G083,-0.00028597203,-1
G033,G021,-0.0002859892,-1
G045,G051,-0.0002860607,-1
G089,G036,-0.00028607706,-1
G081,G036,-0.0002863859,-1
G013,G025,-0.00028642645,-1
G093,G027,-0.00028652954,-1
G062,G092,-0.00028657116,-1
G009,G027,-0.0002866286,-1
G003,G040,-0.00028674625,-1
G044,G068,-0.0002869531,-1
G012,G025,-0.00028700323,-1
G060,G036,-0.00028708443,-1
G021,G036,-0.00028720417,-1
G097,G036,-0.00028734715,-1
G024,G042,-0.00028803936,-1
G051,G066,-0.0002881248,-1
G019,G027,-0.00028812818,-1
G022,G042,-0.00028837673,-1
G090,G066,-0.00028838302,-1
G026,G059,-0.00028846582,-1
G083,G080,-0.0002887329,-1
G012,G061,-0.00028878235,-1
G080,G026,-0.00028890034,-1
G076,G087,-0.00028894554,-1
G049,G031,-0.00028896597,-1
G044,G081,-0.00028897484,-1
G098,G025,-0.00028897854,-1
G074,G059,-0.0002892941,-1
G030,G036,-0.0002894313,-1
G066,G092,-0.0002894345,-1
G084,G062,-0.00028953314,-1
G038,G001,-0.0002898575,-1
G037,G027,-0.0002900113,-1
G009,G059,-0.00029009712,-1
G091,G083,-0.00029010212,-1
G035,G059,-0.0002903008,-1
G050,G025,-0.0002904519,-1
G074,G028,-0.00029052948,-1
G087,G028,-0.00029070766,-1
G014,G025,-0.00029086653,-1
G017,G060,-0.00029098347,-1
G068,G051,-0.0002910732,-1
G040,G051,-0.00029110658,-1
G017,G080,-0.00029114296,-1
G059,G051,-0.00029121232,-1
G078,G025,-0.00029125693,-1
G030,G066,-0.000291379,-1
G054,G083,-0.00029139293,-1
G010,G046,-0.00029173854,-1
G085,G025,-0.00029176363,-1
G069,G051,-0.0002919558,-1
G038,G077,-0.00029196122,-1
G075,G066,-0.00029201276,-1
G004,G092,-0.00029218482,-1
G037,G094,-0.00029219972,-1
G001,G092,-0.00029226436,-1
G019,G036,-0.00029230263,-1
G031,G025,-0.00029238168,-1
G086,G051,-0.0002924118,-1
G069,G092,-0.00029251722,-1
G087,G066,-0.0002927324,-1
G044,G014,-0.0002927831,-1
G054,G066,-0.00029292452,-1
G034,G036,-0.00029292866,-1
G001,G059,-0.0002932322,-1
G004,G083,-0.00029324152,-1
G062,G051,-0.00029332805,-1
G068,G036,-0.00029360337,-1
G007,G027,-0.00029361888,-1
G055,G042,-0.00029374042,-1
G009,G092,-0.00029378125,-1
G065,G051,-0.00029384557,-1
G033,G061,-0.00029390564,-1
G052,G092,-0.00029392305,-1
G096,G008,-0.00029408172,-1
G053,G036,-0.00029409077,-1
G086,G027,-0.00029409482,-1
G076,G011,-0.00029417174,-1
G053,G028,-0.00029465364,-1
G072,G025,-0.0002949532,-1
G072,G092,-0.0002952703,-1
G077,G036,-0.0002952983,-1
G026,G028,-0.00029576258,-1
G072,G066,-0.00029588828,-1
G047,G028,-0.00029597545,-1
G050,G028,-0.0002962415,-1
G037,G025,-0.000296341,-1
G088,G051,-0.00029645578,-1
G031,G059,-0.00029646046,-1
G011,G025,-0.00029647915,-1
G086,G025,-0.00029665895,-1
G038,G003,-0.0002966681,-1
G030,G027,-0.00029673424,-1
G046,G092,-0.00029686233,-1
G011,G028,-0.00029708238,-1
G029,G025,-0.00029709862,-1
G044,G022,-0.00029721667,-1
G080,G020,-0.00029727194,-1
G077,G025,-0.00029737718,-1
G009,G051,-0.00029747293,-1
G024,G028,-0.0002975037,-1
G070,G010,-0.000297696,-1
G013,G036,-0.00029774482,-1
G009,G036,-0.00029792267,-1
G088,G027,-0.0002980811,-1
G080,G030,-0.0002981603,-1
G031,G092,-0.00029830515,-1
G090,G051,-0.0002985227,-1
G099,G051,-0.00029861764,-1
G099,G083,-0.0002987256,-1
G041,G029,-0.00029875425,-1
G081,G051,-0.00029877087,-1
G019,G028,-0.00029879506,-1
G069,G027,-0.0002988394,-1
G044,G084,-0.00029900862,-1
G051,G073,-0.0002990723,-1
G080,G098,-0.00029940013,-1
G054,G051,-0.0002995445,-1
G053,G066,-0.0002996499,-1
G053,G006,-0.0002998235,-1
G004,G051,-0.00029987068,-1
G002,G066,-0.0002999095,-1
G001,G036,-0.00030007507,-1
G068,G092,-0.00030016224,-1
G031,G036,-0.0003002735,-1
G040,G036,-0.00030046963,-1
G076,G091,-0.0003005481,-1
G088,G025,-0.00030063317,-1
G003,G049,-0.00030071128,-1
G086,G036,-0.00030077572,-1
G092,G091,-0.0003007919,-1
G055,G028,-0.00030083559,-1
G039,G036,-0.00030092656,-1
G098,G083,-0.00030097,-1
G064,G028,-0.00030098145,-1
G084,G036,-0.00030099874,-1
G090,G027,-0.0003010188,-1
G100,G013,-0.00030108113,-1
G042,G086,-0.00030154866,-1
G074,G027,-0.0003015532,-1
G080,G063,-0.00030162896,-1
G050,G027,-0.0003017488,-1
G054,G059,-0.00030180032,-1
G062,G027,-0.00030206045,-1
G062,G059,-0.00030213638,-1
G019,G066,-0.00030229826,-1
G038,G044,-0.0003023918,-1
G069,G025,-0.00030248967,-1
G052,G059,-0.00030250184,-1
G060,G025,-0.0003026208,-1
G009,G066,-0.00030262565,-1
G077,G027,-0.0003026712,-1
G080,G019,-0.00030283007,-1
G044,G020,-0.0003029079,-1
G014,G042,-0.00030292713,-1
G055,G066,-0.00030313176,-1
G092,G059,-0.0003031406,-1
G075,G051,-0.00030318083,-1
G075,G036,-0.00030326922,-1
G037,G042,-0.00030352885,-1
G060,G066,-0.00030354832,-1
G046,G025,-0.0003035537,-1
G035,G028,-0.00030358523,-1
G040,G062,-0.00030366587,-1
G058,G066,-0.00030397836,-1
G057,G062,-0.00030403625,-1
G099,G036,-0.00030428643,-1
G066,G059,-0.0003047151,-1
G020,G036,-0.0003048487,-1
G089,G028,-0.00030489662,-1
G007,G066,-0.00030496027,-1
G062,G094,-0.00030503134,-1
G058,G092,-0.00030528114,-1
G018,G074,-0.00030533594,-1
G026,G036,-0.00030556577,-1
G061,G025,-0.0003056378,-1
G092,G025,-0.00030587896,-1
G097,G066,-0.00030594118,-1
G040,G028,-0.00030594406,-1
G087,G051,-0.00030602992,-1
G077,G066,-0.00030603856,-1
G040,G042,-0.00030614203,-1
G015,G025,-0.0003063014,-1
G013,G042,-0.00030645033,-1
G039,G066,-0.0003064744,-1
G095,G025,-0.00030669756,-1
G090,G092,-0.00030706474,-1
G001,G025,-0.00030712129,-1
G071,G027,-0.0003071917,-1
G045,G042,-0.0003072079,-1
G020,G059,-0.0003072738,-1
G066,G025,-0.0003073159,-1
G024,G059,-0.00030757912,-1
G083,G061,-0.00030763185,-1
G045,G027,-0.0003076708,-1
G090,G036,-0.000307835,-1
G098,G036,-0.0003080673,-1
G056,G083,-0.00030819798,-1
G080,G005,-0.00030821652,-1
G052,G028,-0.00030847665,-1
G018,G025,-0.00030859362,-1
G029,G036,-0.00030907217,-1
G060,G083,-0.0003091807,-1
G020,G025,-0.00030934997,-1
G072,G010,-0.00030964802,-1
G046,G059,-0.000309662,-1
G095,G083,-0.00030966732,-1
G095,G027,-0.00030988667,-1
G083,G040,-0.0003101311,-1
G081,G066,-0.00031022573,-1
G066,G036,-0.00031032064,-1
G086,G059,-0.00031043158,-1
G087,G059,-0.0003104931,-1
G064,G051,-0.0003105169,-1
G046,G036,-0.00031053886,-1
G054,G025,-0.00031055504,-1
G059,G062,-0.00031077248,-1
G023,G028,-0.00031085088,-1
G056,G025,-0.00031088333,-1
G053,G051,-0.0003110887,-1
G022,G062,-0.00031122335,-1
G026,G066,-0.00031134498,-1
G057,G042,-0.00031158957,-1
G095,G028,-0.0003116243,-1
G080,G084,-0.0003116262,-1
G093,G028,-0.00031164012,-1
G090,G025,-0.0003120176,-1
G083,G079,-0.0003120715,-1
G099,G100,-0.0003121468,-1
G041,G074,-0.00031218698,-1
G097,G051,-0.0003122103,-1
G027,G036,-0.0003124331,-1
G035,G092,-0.0003125257,-1
G056,G059,-0.0003126289,-1
G089,G051,-0.00031289825,-1
G037,G073,-0.00031323335,-1
G080,G046,-0.00031324886,-1
G068,G059,-0.0003136156,-1
G086,G042,-0.00031362497,-1
G087,G027,-0.00031362963,-1
G027,G028,-0.00031372262,-1
G044,G077,-0.0003141314,-1
G071,G059,-0.00031442713,-1
G053,G025,-0.00031451337,-1
G080,G054,-0.00031454195,-1
G022,G036,-0.00031455245,-1
G076,G061,-0.0003146487,-1
G065,G028,-0.00031473307,-1
G035,G025,-0.00031501215,-1
G086,G028,-0.0003150442,-1
G017,G051,-0.00031504466,-1
G044,G080,-0.00031513118,-1
G056,G042,-0.00031514646,-1
G099,G066,-0.00031516535,-1
G065,G025,-0.00031551783,-1
G064,G036,-0.00031559626,-1
G050,G092,-0.0003156399,-1
G002,G051,-0.0003156848,-1
G012,G036,-0.00031573285,-1
G076,G013,-0.00031579396,-1
G063,G074,-0.00031583055,-1
G010,G054,-0.00031583523,-1
G022,G025,-0.00031585622,-1
G087,G025,-0.00031604903,-1
G007,G092,-0.00031606483,-1
G091,G036,-0.00031619953,-1
G036,G003,-0.00031621856,-1
G095,G092,-0.0003162394,-1
G088,G083,-0.00031625218,-1
G096,G051,-0.0003165488,-1
G099,G025,-0.0003167525,-1
G065,G027,-0.00031675593,-1
G099,G059,-0.000316792,-1
G035,G066,-0.0003168996,-1
G004,G025,-0.000317007,-1
G059,G042,-0.00031710602,-1
G061,G083,-0.00031742858,-1
G090,G059,-0.00031761132,-1
G045,G066,-0.00031768638,-1
G038,G020,-0.00031769526,-1
G060,G042,-0.0003177089,-1
G045,G047,-0.00031772055,-1
G099,G028,-0.00031791633,-1
G051,G025,-0.00031807352,-1
G091,G027,-0.00031807637,-1
G050,G036,-0.00031828645,-1
G051,G028,-0.0003187282,-1
G069,G028,-0.0003187702,-1
G010,G084,-0.00031902632,-1
G090,G028,-0.00031902757,-1
G074,G025,-0.00031926535,-1
G081,G092,-0.00031928802,-1
G010,G088,-0.0003193302,-1
G033,G074,-0.0003193513,-1
G080,G008,-0.00031957138,-1
G010,G060,-0.00031962676,-1
G055,G092,-0.0003196338,-1
G089,G042,-0.00031966934,-1
G038,G087,-0.00031968576,-1
G050,G051,-0.00031978588,-1
G097,G042,-0.0003198549,-1
G075,G083,-0.00032021737,-1
G044,G065,-0.0003202654,-1
G059,G083,-0.00032032715,-1
G074,G066,-0.00032058236,-1
G043,G028,-0.00032069196,-1
G074,G003,-0.0003209561,-1
G066,G062,-0.00032100765,-1
G095,G066,-0.00032111243,-1
G089,G066,-0.00032111446,-1
G004,G042,-0.0003212026,-1
G071,G036,-0.00032130544,-1
G039,G025,-0.00032145195,-1
G052,G036,-0.00032216034,-1
G081,G042,-0.00032217393,-1
G041,G054,-0.00032228418,-1
G064,G027,-0.00032243534,-1
G024,G083,-0.00032267813,-1
G003,G025,-0.00032280062,-1
G081,G025,-0.0003228112,-1
G054,G036,-0.000322912,-1
G096,G036,-0.0003231872,-1
G063,G040,-0.0003234647,-1
G002,G025,-0.0003241131,-1
G091,G042,-0.0003241217,-1
G069,G036,-0.00032429656,-1
G027,G025,-0.00032433838,-1
G035,G027,-0.00032434016,-1
G068,G028,-0.00032439802,-1
G064,G042,-0.000324539,-1
G044,G029,-0.00032459252,-1
G093,G042,-0.0003246658,-1
G034,G042,-0.00032480742,-1
G038,G099,-0.00032514258,-1
G090,G042,-0.00032540632,-1
G005,G040,-0.00032542984,-1
G088,G042,-0.00032546773,-1
G019,G092,-0.0003254799,-1
G046,G042,-0.00032582792,-1
G092,G083,-0.0003259453,-1
G009,G042,-0.0003259466,-1
G089,G027,-0.00032601692,-1
G003,G036,-0.00032617524,-1
G099,G092,-0.000326217,-1
G069,G059,-0.0003263194,-1
G030,G042,-0.0003263238,-1
G093,G072,-0.00032656977,-1
G026,G083,-0.0003266487,-1
G096,G025,-0.00032671363,-1
G047,G036,-0.00032692624,-1
G002,G036,-0.00032696372,-1
G027,G083,-0.00032704926,-1
G034,G028,-0.00032709586,-1
G044,G051,-0.0003271262,-1
G002,G042,-0.0003271943,-1
G097,G025,-0.00032719827,-1
G027,G062,-0.0003272643,-1
G075,G027,-0.00032730013,-1
G080,G010,-0.0003275795,-1
G045,G092,-0.00032766702,-1
G042,G070,-0.00032769237,-1
G097,G092,-0.00032773777,-1
G091,G062,-0.000327757,-1
G080,G051,-0.0003278244,-1
G080,G088,-0.00032799583,-1
G075,G092,-0.00032815913,-1
G078,G032,-0.00032839258,-1
G016,G013,-0.00032845247,-1
G097,G059,-0.0003284877,-1
G055,G059,-0.00032873783,-1
G072,G074,-0.0003289471,-1
G080,G040,-0.00032904517,-1
G064,G066,-0.0003291353,-1
G051,G059,-0.00032915766,-1
G011,G066,-0.00032920012,-1
G025,G092,-0.0003292108,-1
G050,G083,-0.00032962125,-1
G004,G066,-0.0003302152,-1
G074,G036,-0.0003302833,-1
G039,G083,-0.00033036157,-1
G093,G083,-0.00033040287,-1
G053,G092,-0.00033051212,-1
G052,G025,-0.00033071928,-1
G045,G025,-0.00033099236,-1
G044,G058,-0.0003314222,-1
G075,G028,-0.0003314288,-1
G054,G028,-0.00033146451,-1
G093,G059,-0.0003316039,-1
G075,G059,-0.00033177275,-1
G058,G028,-0.00033185605,-1
G080,G058,-0.00033190587,-1
G087,G092,-0.00033215864,-1
G019,G059,-0.00033244785,-1
G046,G028,-0.0003324639,-1
G088,G100,-0.000332566,-1
G051,G036,-0.00033295737,-1
G044,G091,-0.00033302626,-1
G071,G066,-0.00033305815,-1
G097,G027,-0.00033307725,-1
G065,G092,-0.00033329875,-1
G002,G059,-0.00033340283,-1
G010,G081,-0.0003334346,-1
G030,G059,-0.0003335324,-1
G044,G087,-0.00033355484,-1
G077,G042,-0.00033376296,-1
G011,G059,-0.00033401902,-1
G076,G051,-0.00033405586,-1
G088,G066,-0.0003341597,-1
G062,G036,-0.0003343022,-1
G063,G062,-0.0003343507,-1
G042,G056,-0.0003345269,-1
G077,G083,-0.000334533,-1
G025,G027,-0.00033464286,-1
G084,G042,-0.00033467132,-1
G095,G042,-0.00033470945,-1
G034,G025,-0.00033487703,-1
G001,G042,-0.00033505785,-1
G072,G051,-0.00033520447,-1
G060,G059,-0.0003352982,-1
G055,G083,-0.00033557852,-1
G042,G095,-0.00033558471,-1
G085,G028,-0.00033571187,-1
G090,G083,-0.0003359354,-1
G038,G088,-0.0003359761,-1
G057,G028,-0.00033601135,-1
G061,G028,-0.00033604127,-1
G005,G036,-0.00033650178,-1
G026,G042,-0.0003365778,-1
G009,G062,-0.00033663757,-1
G017,G042,-0.0003366981,-1
G052,G083,-0.00033707463,-1
G029,G083,-0.00033721837,-1
G047,G042,-0.00033729817,-1
G019,G025,-0.0003375321,-1
G076,G065,-0.00033753458,-1
G025,G059,-0.00033753476,-1
G087,G042,-0.00033755283,-1
G095,G059,-0.00033759567,-1
G010,G061,-0.000337688,-1
G029,G062,-0.0003379029,-1
G043,G062,-0.00033805426,-1
G077,G028,-0.0003383008,-1
G007,G036,-0.0003383741,-1
G012,G027,-0.0003384665,-1
G066,G028,-0.00033860558,-1
G041,G021,-0.0003387689,-1
G005,G042,-0.00033884024,-1
G039,G028,-0.0003391532,-1
G093,G025,-0.0003396305,-1
G074,G083,-0.00033964505,-1
G050,G066,-0.00033985768,-1
G005,G025,-0.00034014104,-1
G098,G028,-0.00034041746,-1
G003,G059,-0.0003405479,-1
G026,G025,-0.00034079506,-1
G041,G060,-0.00034084814,-1
G092,G062,-0.00034128554,-1
G097,G083,-0.00034136625,-1
G061,G042,-0.000342387,-1
G069,G042,-0.00034259545,-1
G058,G036,-0.00034303515,-1
G012,G059,-0.00034335625,-1
G070,G036,-0.0003433602,-1
G041,G079,-0.0003434096,-1
G087,G083,-0.00034346236,-1
G047,G083,-0.00034360628,-1
G004,G028,-0.0003438622,-1
G099,G027,-0.00034394616,-1
G038,G002,-0.00034399898,-1
G039,G059,-0.0003440388,-1
G084,G028,-0.00034409453,-1
G033,G027,-0.0003442878,-1
G014,G018,-0.0003444703,-1
G088,G059,-0.00034459433,-1
G041,G011,-0.00034499596,-1
G063,G028,-0.00034529503,-1
G033,G025,-0.0003453802,-1
G012,G092,-0.00034592554,-1
G030,G028,-0.00034602973,-1
G021,G028,-0.00034638276,-1
G025,G028,-0.0003464884,-1
G071,G092,-0.0003465645,-1
G013,G083,-0.0003465755,-1
G019,G042,-0.00034668826,-1
G041,G040,-0.00034707182,-1
G012,G066,-0.00034755823,-1
G038,G007,-0.00034779115,-1
G019,G083,-0.00034785242,-1
G070,G042,-0.00034802832,-1
G005,G066,-0.00034804814,-1
G007,G025,-0.00034814494,-1
G069,G083,-0.00034820355,-1
G017,G074,-0.00034822282,-1
G034,G059,-0.00034851232,-1
G033,G042,-0.0003489643,-1
G044,G064,-0.00034913715,-1
G038,G054,-0.00034927105,-1
G017,G028,-0.00034930484,-1
G061,G062,-0.00034941774,-1
G038,G051,-0.00034956273,-1
G044,G054,-0.00034978415,-1
G021,G042,-0.0003500026,-1
G017,G040,-0.00035066638,-1
G008,G057,-0.000350765,-1
G044,G079,-0.0003508477,-1
G053,G027,-0.0003510169,-1
G088,G028,-0.00035103966,-1
G061,G036,-0.0003515268,-1
G059,G036,-0.00035153184,-1
G059,G028,-0.0003515766,-1
G021,G059,-0.000351592,-1
G042,G076,-0.00035183947,-1
G056,G028,-0.00035201703,-1
G072,G036,-0.00035204543,-1
G080,G021,-0.0003522509,-1
G083,G066,-0.00035250623,-1
G045,G036,-0.00035278744,-1
G038,G029,-0.00035329422,-1
G042,G073,-0.00035342405,-1
G070,G092,-0.0003534395,-1
G068,G042,-0.0003534965,-1
G044,G036,-0.00035374955,-1
G099,G042,-0.00035380144,-1
G003,G027,-0.0003538771,-1
G017,G010,-0.0003538815,-1
G044,G046,-0.00035468795,-1
G098,G042,-0.0003549006,-1
G096,G027,-0.00035503163,-1
G020,G083,-0.0003552398,-1
G052,G062,-0.00035548361,-1
G071,G062,-0.00035570998,-1
G038,G068,-0.0003561973,-1
G076,G028,-0.00035667227,-1
G056,G062,-0.00035669736,-1
G070,G083,-0.00035702038,-1
G004,G062,-0.00035706046,-1
G034,G062,-0.00035709707,-1
G065,G042,-0.0003571959,-1
G052,G027,-0.00035724018,-1
G089,G083,-0.00035734565,-1
G034,G083,-0.00035753415,-1
G100,G003,-0.00035768596,-1
G045,G083,-0.00035776163,-1
G090,G062,-0.00035781323,-1
G045,G022,-0.00035783072,-1
G010,G074,-0.00035837217,-1
G097,G028,-0.000358567,-1
G037,G062,-0.0003589246,-1
G050,G042,-0.00035901397,-1
G042,G093,-0.00035920402,-1
G041,G036,-0.00035925,-1
G074,G062,-0.00035942352,-1
G027,G042,-0.00035953935,-1
G039,G042,-0.00035960952,-1
G007,G062,-0.00036005853,-1
G080,G099,-0.00036087306,-1
G063,G025,-0.00036117813,-1
G080,G070,-0.00036172083,-1
G008,G073,-0.00036176492,-1
G001,G083,-0.00036199784,-1
G098,G062,-0.0003619988,-1
G074,G042,-0.00036208844,-1
G038,G055,-0.00036210736,-1
G092,G028,-0.00036222095,-1
G076,G042,-0.00036236935,-1
G031,G083,-0.00036263824,-1
G018,G066,-0.000362783,-1
G086,G083,-0.00036285177,-1
G035,G038,-0.00036349517,-1
G035,G042,-0.0003635915,-1
G042,G047,-0.00036364564,-1
G013,G062,-0.00036435723,-1
G060,G062,-0.00036474396,-1
G038,G065,-0.00036484556,-1
G093,G094,-0.00036491043,-1
G064,G092,-0.0003652618,-1
G005,G027,-0.0003654346,-1
G011,G092,-0.00036546876,-1
G092,G036,-0.00036553512,-1
G060,G028,-0.0003657585,-1
G064,G025,-0.00036580878,-1
G050,G059,-0.0003659798,-1
G046,G083,-0.00036603372,-1
G062,G042,-0.0003661906,-1
G018,G042,-0.00036633236,-1
G075,G025,-0.0003663811,-1
G091,G094,-0.0003664365,-1
G096,G042,-0.00036677072,-1
G029,G042,-0.00036697686,-1
G051,G083,-0.00036752207,-1
G051,G092,-0.00036774587,-1
G054,G042,-0.0003677546,-1
G076,G036,-0.00036786948,-1
G017,G036,-0.00036791043,-1
G070,G028,-0.00036791133,-1
G095,G062,-0.00036801954,-1
G012,G042,-0.00036817588,-1
G051,G027,-0.0003684226,-1
G012,G083,-0.00036845877,-1
G096,G092,-0.00036847027,-1
G065,G036,-0.0003687633,-1
G041,G061,-0.0003688628,-1
G002,G062,-0.0003693733,-1
G067,G037,-0.0003698377,-1
G077,G062,-0.00036987607,-1
G038,G030,-0.00036990718,-1
G091,G028,-0.00037019767,-1
G020,G092,-0.00037022043,-1
G033,G092,-0.00037056752,-1
G021,G062,-0.00037081644,-1
G031,G042,-0.00037092823,-1
G047,G059,-0.00037102483,-1
G041,G080,-0.00037116848,-1
G076,G074,-0.00037118327,-1
G045,G059,-0.00037170542,-1
G001,G028,-0.00037171625,-1
G038,G026,-0.00037180856,-1
G018,G036,-0.00037201704,-1
G065,G059,-0.0003724732,-1
G096,G059,-0.00037284297,-1
G076,G040,-0.00037289137,-1
G042,G034,-0.0003729143,-1
G010,G051,-0.0003729402,-1
G044,G013,-0.0003732495,-1
G007,G042,-0.0003733401,-1
G025,G036,-0.00037339353,-1
G077,G059,-0.00037428696,-1
G024,G062,-0.0003744862,-1
G038,G069,-0.00037503455,-1
G058,G042,-0.00037536526,-1
G018,G027,-0.00037552763,-1
G071,G042,-0.00037566552,-1
G038,G058,-0.00037613115,-1
G066,G042,-0.00037652394,-1
G050,G062,-0.00037731527,-1
G070,G066,-0.00037794144,-1
G042,G007,-0.0003779756,-1
G100,G014,-0.00037823096,-1
G017,G062,-0.00037849016,-1
G080,G017,-0.000378561,-1
G045,G028,-0.00037905748,-1
G083,G025,-0.0003803012,-1
G044,G041,-0.0003804196,-1
G076,G025,-0.00038055988,-1
G080,G060,-0.00038096678,-1
G096,G083,-0.00038102554,-1
G073,G057,-0.00038106964,-1
G010,G080,-0.00038113943,-1
G046,G062,-0.00038169685,-1
G099,G062,-0.0003817965,-1
G081,G059,-0.00038275495,-1
G083,G036,-0.00038278318,-1
G041,G028,-0.0003833517,-1
G045,G062,-0.0003833989,-1
G079,G031,-0.00038340743,-1
G010,G070,-0.00038373572,-1
G038,G084,-0.00038394978,-1
G093,G062,-0.00038421352,-1
G080,G061,-0.0003844572,-1
G044,G060,-0.00038448378,-1
G063,G092,-0.0003847534,-1
G052,G042,-0.0003848163,-1
G035,G083,-0.00038485523,-1
G063,G042,-0.00038534388,-1
G080,G074,-0.00038536938,-1
G010,G064,-0.00038542267,-1
G063,G036,-0.00038556036,-1
G016,G028,-0.00038587183,-1
G025,G010,-0.00038611607,-1
G064,G059,-0.00038642692,-1
G003,G092,-0.00038663606,-1
G082,G028,-0.00038672195,-1
G026,G062,-0.00038703321,-1
G044,G098,-0.00038749014,-1
G030,G062,-0.00038757297,-1
G063,G045,-0.0003876744,-1
G053,G059,-0.00038808427,-1
G042,G077,-0.00038835162,-1
G042,G051,-0.00038858576,-1
G096,G066,-0.00038888628,-1
G053,G073,-0.00038898503,-1
G025,G083,-0.00038914062,-1
G017,G025,-0.00038961676,-1
G005,G092,-0.0003904722,-1
G038,G097,-0.00039055577,-1
G020,G042,-0.0003906481,-1
G037,G028,-0.00039164658,-1
G081,G062,-0.00039188046,-1
G058,G062,-0.00039201087,-1
G042,G002,-0.00039211713,-1
G041,G083,-0.00039226815,-1
G051,G042,-0.00039255517,-1
G042,G055,-0.0003928247,-1
G018,G092,-0.00039342235,-1
G089,G062,-0.000393979,-1
G070,G027,-0.00039419634,-1
G038,G009,-0.00039425658,-1
G083,G041,-0.00039506043,-1
G054,G062,-0.00039531378,-1
G047,G062,-0.0003957957,-1
G083,G042,-0.00039721924,-1
G068,G062,-0.00039741996,-1
G044,G025,-0.00039798545,-1
G083,G028,-0.00039818336,-1
G080,G087,-0.0003984079,-1
G080,G022,-0.00039877757,-1
G033,G066,-0.00039907222,-1
G092,G042,-0.00039939355,-1
G069,G062,-0.00040107264,-1
G087,G062,-0.00040107858,-1
G075,G062,-0.0004016042,-1
G031,G062,-0.00040211598,-1
G033,G059,-0.00040250088,-1
G072,G062,-0.0004025737,-1
G008,G037,-0.00040276637,-1
G018,G062,-0.0004029948,-1
G086,G062,-0.00040304664,-1
G018,G003,-0.00040366064,-1
G010,G042,-0.00040399298,-1
G025,G042,-0.00040419234,-1
G067,G094,-0.00040549104,-1
G010,G040,-0.00040574273,-1
G037,G100,-0.00040634788,-1
G088,G062,-0.0004064035,-1
G003,G062,-0.00040689282,-1
G001,G062,-0.00040705546,-1
G039,G062,-0.00040762313,-1
G038,G035,-0.00040763302,-1
G038,G052,-0.00040811842,-1
G089,G059,-0.0004087493,-1
G087,G094,-0.00040889654,-1
G033,G083,-0.00040899965,-1
G038,G036,-0.00040903068,-1
G010,G091,-0.00041034145,-1
G044,G045,-0.00041081497,-1
G080,G033,-0.00041248798,-1
G042,G033,-0.00041325408,-1
G070,G059,-0.00041379567,-1
G020,G062,-0.00041419495,-1
G041,G025,-0.00041723732,-1
G038,G063,-0.00041725422,-1
G096,G073,-0.0004175272,-1
G042,G094,-0.00041765865,-1
G038,G081,-0.00041793895,-1
G081,G083,-0.0004182837,-1
G044,G021,-0.00041858215,-1
G010,G049,-0.0004188418,-1
G011,G036,-0.00041897726,-1
G097,G062,-0.00041922226,-1
G036,G100,-0.00041998256,-1
G063,G059,-0.00042066994,-1
G063,G027,-0.00042145356,-1
G003,G042,-0.0004220421,-1
G018,G059,-0.00042213663,-1
G076,G083,-0.00042315063,-1
G080,G064,-0.00042369615,-1
G072,G083,-0.00042373952,-1
G042,G035,-0.0004239963,-1
G011,G027,-0.00042411458,-1
G017,G059,-0.0004241658,-1
G010,G065,-0.0004242717,-1
G073,G028,-0.0004247805,-1
G071,G073,-0.00042526494,-1
G010,G036,-0.00042602015,-1
G010,G021,-0.00042608083,-1
G010,G079,-0.00042696763,-1
G023,G049,-0.0004269717,-1
G019,G062,-0.0004272101,-1
G042,G001,-0.00042728166,-1
G008,G028,-0.00042770983,-1
G041,G013,-0.000427868,-1
G010,G028,-0.0004281532,-1
G076,G027,-0.00042839226,-1
G038,G005,-0.00042865536,-1
G008,G050,-0.00042927268,-1
G042,G099,-0.00043004856,-1
G074,G073,-0.00043222075,-1
G038,G004,-0.00043224092,-1
G006,G043,-0.00043264605,-1
G080,G066,-0.00043293947,-1
G087,G073,-0.0004334348,-1
G010,G087,-0.00043559636,-1
G035,G062,-0.00043562046,-1
G041,G007,-0.0004356696,-1
G044,G061,-0.00043626275,-1
G076,G092,-0.000438322,-1
G042,G084,-0.000438389,-1
G076,G066,-0.0004387424,-1
G055,G062,-0.00043912855,-1
G038,G019,-0.00043990766,-1
G067,G057,-0.00043999945,-1
G080,G042,-0.00044162115,-1
G038,G040,-0.00044171824,-1
G010,G059,-0.00044253186,-1
G044,G040,-0.00044306344,-1
G079,G023,-0.00044351336,-1
G008,G090,-0.0004439032,-1
G042,G030,-0.00044412038,-1
G051,G062,-0.00044514312,-1
G010,G066,-0.00044553916,-1
G080,G091,-0.00044827684,-1
G008,G075,-0.0004484795,-1
G096,G094,-0.0004492156,-1
G080,G011,-0.00044942668,-1
G080,G025,-0.0004495356,-1
G011,G042,-0.00044959097,-1
G083,G072,-0.0004501774,-1
G038,G061,-0.00045035727,-1
G042,G058,-0.00045098914,-1
G079,G057,-0.00045322292,-1
G015,G028,-0.00045327173,-1
G008,G053,-0.00045334894,-1
G080,G076,-0.00045335357,-1
G012,G062,-0.00045374205,-1
G070,G062,-0.0004538678,-1
G017,G066,-0.00045390637,-1
G010,G017,-0.00045537238,-1
G079,G094,-0.00045600807,-1
G044,G074,-0.00045603252,-1
G042,G069,-0.00045784228,-1
G017,G092,-0.00045802264,-1
G064,G062,-0.0004582841,-1
G038,G098,-0.0004584328,-1
G042,G088,-0.00045845707,-1
G038,G074,-0.00045918822,-1
G011,G083,-0.00045959314,-1
G008,G036,-0.00046088654,-1
G067,G028,-0.00046270795,-1
G042,G081,-0.0004629379,-1
G042,G029,-0.0004634185,-1
G083,G059,-0.00046439044,-1
G044,G083,-0.0004650273,-1
G076,G059,-0.00046531958,-1
G073,G024,-0.00046609517,-1
G053,G062,-0.00046644852,-1
G042,G097,-0.0004665901,-1
G083,G092,-0.00046708892,-1
G076,G033,-0.0004672715,-1
G005,G059,-0.00046732082,-1
G025,G062,-0.00046782978,-1
G083,G027,-0.00046910337,-1
G073,G042,-0.0004701566,-1
G042,G004,-0.00047432067,-1
G038,G091,-0.00047540868,-1
G042,G068,-0.00047582525,-1
G011,G062,-0.0004772312,-1
G078,G028,-0.00047774304,-1
G080,G065,-0.00047809002,-1
G042,G054,-0.00047833612,-1
G080,G036,-0.0004838869,-1
G079,G037,-0.000484161,-1
G008,G089,-0.0004848079,-1
G096,G062,-0.0004854602,-1
G044,G059,-0.00048581726,-1
G080,G027,-0.00048583807,-1
G084,G006,-0.00048612506,-1
G042,G065,-0.00048637643,-1
G010,G076,-0.0004878165,-1
G071,G048,-0.00048820826,-1
G042,G098,-0.0004887164,-1
G045,G017,-0.00048953906,-1
G094,G071,-0.00049018714,-1
G038,G046,-0.0004910105,-1
G005,G083,-0.00049220654,-1
G038,G021,-0.00049272086,-1
G042,G009,-0.0004931922,-1
G008,G096,-0.00049441186,-1
G017,G027,-0.00049455045,-1
G042,G040,-0.0004958588,-1
G042,G052,-0.00049708126,-1
G042,G005,-0.00049813656,-1
G042,G046,-0.00049831887,-1
G006,G062,-0.00049871684,-1
G063,G023,-0.00050002226,-1
G042,G026,-0.00050040014,-1
G073,G037,-0.0005004533,-1
G022,G083,-0.0005018498,-1
G041,G066,-0.00050488755,-1
G038,G022,-0.0005066065,-1
G067,G024,-0.00050704036,-1
G042,G087,-0.0005071595,-1
G080,G083,-0.0005078236,-1
G008,G095,-0.00050824863,-1
G010,G027,-0.00050960196,-1
G042,G020,-0.00051149423,-1
G033,G045,-0.00051182427,-1
G067,G008,-0.00051224726,-1
G042,G091,-0.0005124371,-1
G014,G028,-0.0005136143,-1
G041,G059,-0.0005139801,-1
G067,G010,-0.00051414914,-1
G042,G036,-0.0005150193,-1
G038,G059,-0.0005154209,-1
G042,G061,-0.0005154768,-1
G099,G094,-0.00051664916,-1
G042,G063,-0.0005192687,-1
G005,G062,-0.0005201368,-1
G010,G083,-0.00052032794,-1
G038,G060,-0.0005204187,-1
G038,G083,-0.00052109273,-1
G088,G094,-0.0005223225,-1
G033,G062,-0.0005225465,-1
G042,G074,-0.00052264956,-1
G073,G067,-0.00052598526,-1
G044,G073,-0.00052670995,-1
G038,G042,-0.0005296311,-1
G080,G092,-0.00053249026,-1
G033,G094,-0.00053333613,-1
G041,G027,-0.00053748494,-1
G008,G056,-0.000539933,-1
G038,G025,-0.00054013554,-1
G038,G064,-0.0005438667,-1
G010,G003,-0.00054503436,-1
G010,G092,-0.00054521457,-1
G038,G017,-0.0005467732,-1
G044,G066,-0.00054725935,-1
G038,G066,-0.0005473691,-1
G065,G062,-0.0005507464,-1
G008,G047,-0.000554995,-1
G072,G033,-0.00055568933,-1
G038,G011,-0.0005560967,-1
G073,G089,-0.00055725256,-1
G042,G060,-0.00055997475,-1
G083,G084,-0.0005604737,-1
G042,G083,-0.00056047906,-1
G079,G072,-0.0005609333,-1
G080,G059,-0.00056291645,-1
G076,G062,-0.0005658229,-1
G087,G100,-0.0005666907,-1
G008,G086,-0.00056677184,-1
G041,G092,-0.0005701377,-1
G073,G075,-0.0005716024,-1
G079,G006,-0.0005729023,-1
G073,G005,-0.00057375286,-1
G044,G027,-0.00057485787,-1
G038,G027,-0.0005755049,-1
G044,G092,-0.0005763393,-1
G100,G043,-0.0005763832,-1
G008,G002,-0.00057667395,-1
G067,G096,-0.00057702017,-1
G067,G013,-0.0005776372,-1
G013,G085,-0.0005814403,-1
G070,G008,-0.0005851844,-1
G033,G073,-0.00058539596,-1
G073,G090,-0.0005877809,-1
G042,G092,-0.0005902223,-1
G005,G022,-0.0005949872,-1
G067,G038,-0.0005954508,-1
G065,G100,-0.000597983,-1
G073,G050,-0.0005984706,-1
G041,G062,-0.000599297,-1
G017,G006,-0.00060065737,-1
G042,G027,-0.000602032,-1
G094,G006,-0.00060453376,-1
G049,G094,-0.0006053366,-1
G010,G045,-0.00060595426,-1
G006,G064,-0.0006096027,-1
G038,G092,-0.00060969737,-1
G017,G023,-0.0006101765,-1
G042,G022,-0.0006125292,-1
G008,G044,-0.000619247,-1
G073,G036,-0.0006193768,-1
G008,G034,-0.00062028266,-1
G010,G032,-0.0006230839,-1
G042,G019,-0.0006231085,-1
G049,G100,-0.0006237818,-1
G042,G021,-0.00062489905,-1
G008,G051,-0.0006255297,-1
G008,G042,-0.0006287647,-1
G008,G001,-0.0006299067,-1
G062,G017,-0.000632528,-1
G044,G062,-0.0006344833,-1
G036,G023,-0.0006349204,-1
G042,G025,-0.0006366612,-1
G042,G066,-0.0006377906,-1
G065,G094,-0.000638453,-1
G073,G086,-0.00064027234,-1
G073,G056,-0.0006409176,-1
G008,G055,-0.0006457744,-1
G008,G077,-0.0006460538,-1
G042,G064,-0.00064732536,-1
G042,G059,-0.0006479007,-1
G099,G072,-0.0006482578,-1
G036,G031,-0.00065373105,-1
G079,G038,-0.0006553031,-1
G008,G039,-0.0006587091,-1
G096,G100,-0.00065948826,-1
G067,G073,-0.0006638654,-1
G094,G031,-0.00066540565,-1
G079,G024,-0.00066570076,-1
G008,G084,-0.0006665191,-1
G080,G045,-0.0006667523,-1
G008,G004,-0.0006691549,-1
G008,G020,-0.00067038724,-1
G042,G017,-0.00067085575,-1
G073,G012,-0.00067510444,-1
G008,G035,-0.000679322,-1
G008,G081,-0.0006795705,-1
G073,G031,-0.0006796613,-1
G073,G096,-0.00068370043,-1
G079,G012,-0.000683925,-1
G008,G046,-0.0006854421,-1
G083,G045,-0.0006869378,-1
G008,G069,-0.0006870664,-1
G008,G058,-0.0006899174,-1
G003,G073,-0.000693972,-1
G008,G097,-0.0006951416,-1
G073,G095,-0.0006962633,-1
G008,G007,-0.0006965518,-1
G018,G073,-0.0006979835,-1
G010,G015,-0.0006997218,-1
G067,G075,-0.00070016866,-1
G043,G039,-0.0007017214,-1
G008,G093,-0.00070235605,-1
G100,G071,-0.0007065834,-1
G067,G090,-0.0007067459,-1
G006,G100,-0.0007077594,-1
G023,G048,-0.00070865185,-1
G073,G034,-0.0007087306,-1
G036,G094,-0.00070984964,-1
G049,G037,-0.00070987444,-1
G079,G049,-0.00071021594,-1
G008,G052,-0.0007108612,-1
G009,G071,-0.0007155955,-1
G067,G089,-0.00071591075,-1
G008,G026,-0.00071598036,-1
G073,G053,-0.00071613083,-1
G008,G074,-0.0007196024,-1
G049,G057,-0.0007201239,-1
G067,G050,-0.00072067237,-1
G008,G068,-0.00072387996,-1
G079,G096,-0.0007248996,-1
G072,G018,-0.0007250133,-1
G041,G008,-0.0007250371,-1
G073,G047,-0.00072570634,-1
G094,G057,-0.0007264159,-1
G008,G076,-0.0007267274,-1
G094,G036,-0.0007267966,-1
G067,G076,-0.0007298862,-1
G073,G002,-0.0007324215,-1
G008,G061,-0.0007328363,-1
G010,G062,-0.00073288934,-1
G079,G018,-0.0007332101,-1
G042,G011,-0.00073557574,-1
G008,G025,-0.0007367615,-1
G073,G001,-0.0007368673,-1
G008,G054,-0.00073717564,-1
G091,G072,-0.0007372318,-1
G067,G070,-0.0007373676,-1
G029,G045,-0.00074013165,-1
G008,G029,-0.0007402059,-1
G067,G036,-0.0007404869,-1
G038,G080,-0.0007408801,-1
G067,G095,-0.00074592157,-1
G036,G037,-0.0007518146,-1
G080,G073,-0.00075252244,-1
G083,G063,-0.00075375894,-1
G036,G057,-0.0007539481,-1
G008,G040,-0.0007546009,-1
G049,G038,-0.0007569405,-1
G008,G098,-0.0007572222,-1
G042,G039,-0.0007584499,-1
G038,G041,-0.0007588422,-1
G038,G079,-0.00075901585,-1
G013,G010,-0.00075983466,-1
G067,G012,-0.00075992616,-1
G073,G055,-0.0007610464,-1
G067,G002,-0.00076337944,-1
G067,G053,-0.00076416373,-1
G080,G094,-0.00076587865,-1
G073,G084,-0.00076928607,-1
G079,G010,-0.00076999486,-1
G080,G062,-0.0007713716,-1
G070,G100,-0.00077400706,-1
G073,G030,-0.0007756269,-1
G073,G004,-0.00077600864,-1
G073,G039,-0.00077732326,-1
G008,G019,-0.0007776041,-1
G073,G054,-0.0007812478,-1
G079,G073,-0.00078803604,-1
G079,G089,-0.00078835245,-1
G073,G093,-0.0007893487,-1
G008,G060,-0.0007895235,-1
G002,G001,-0.0007927074,-1
G067,G031,-0.0007946385,-1
G042,G079,-0.00079890504,-1
G067,G086,-0.0007989111,-1
G033,G100,-0.00080228894,-1
G073,G040,-0.0008036909,-1
G079,G090,-0.00080376654,-1
G073,G069,-0.0008054386,-1
G073,G007,-0.0008058436,-1
G049,G036,-0.0008080519,-1
G073,G097,-0.00081239024,-1
G073,G058,-0.00081448327,-1
G008,G083,-0.00081454054,-1
G067,G056,-0.0008188347,-1
G079,G036,-0.00082311704,-1
G073,G020,-0.00082324457,-1
G036,G006,-0.00082349044,-1
G042,G080,-0.0008250858,-1
G073,G026,-0.0008265677,-1
G073,G098,-0.00082755723,-1
G073,G009,-0.00082772283,-1
G067,G093,-0.00082797895,-1
G073,G051,-0.00082829915,-1
G067,G034,-0.0008291435,-1
G038,G013,-0.00083555846,-1
G067,G088,-0.00083637337,-1
G079,G070,-0.00084164133,-1
G016,G045,-0.0008433273,-1
G038,G062,-0.0008434766,-1
G073,G068,-0.0008449839,-1
G085,G003,-0.0008460795,-1
G008,G099,-0.0008464078,-1
G008,G091,-0.00084772496,-1
G079,G050,-0.0008479846,-1
G073,G061,-0.0008532276,-1
G076,G094,-0.000854448,-1
G010,G025,-0.00085468224,-1
G080,G079,-0.0008548563,-1
G073,G088,-0.000855903,-1
G067,G099,-0.00085653766,-1
G073,G035,-0.00085740665,-1
G073,G029,-0.0008585852,-1
G049,G012,-0.00085900055,-1
G010,G033,-0.0008593861,-1
G079,G067,-0.0008601871,-1
G079,G075,-0.0008658575,-1
G073,G046,-0.00086817687,-1
G067,G077,-0.0008682023,-1
G079,G053,-0.0008695194,-1
G073,G070,-0.00087375974,-1
G083,G017,-0.00087472703,-1
G094,G037,-0.0008749651,-1
G073,G023,-0.00087554654,-1
G067,G040,-0.00087593443,-1
G079,G076,-0.0008779954,-1
G073,G099,-0.00088059396,-1
G073,G052,-0.0008830289,-1
G008,G064,-0.00088367215,-1
G079,G086,-0.0008851763,-1
G036,G073,-0.00088535424,-1
G067,G018,-0.00088553363,-1
G008,G092,-0.0008865178,-1
G079,G095,-0.0008869552,-1
G008,G088,-0.0008870543,-1
G079,G088,-0.00088851387,-1
G079,G093,-0.0008888419,-1
G007,G028,-0.00088966993,-1
G094,G018,-0.00089098,-1
G067,G001,-0.0008938247,-1
G067,G047,-0.0008941968,-1
G073,G010,-0.0008980488,-1
G008,G087,-0.0008987364,-1
G008,G066,-0.00089898997,-1
G073,G060,-0.00090104964,-1
G021,G018,-0.00090158527,-1
G008,G021,-0.0009026527,-1
G079,G047,-0.00090813305,-1
G079,G056,-0.00091211795,-1
G008,G063,-0.0009148053,-1
G008,G017,-0.0009148086,-1
G006,G031,-0.00091540394,-1
G067,G039,-0.0009183745,-1
G008,G059,-0.0009186491,-1
G036,G010,-0.00091937574,-1
G073,G081,-0.00092419144,-1
G067,G005,-0.0009252251,-1
G073,G091,-0.00092559145,-1
G079,G040,-0.00092778157,-1
G067,G004,-0.0009280731,-1
G067,G087,-0.00092921586,-1
G079,G077,-0.000934106,-1
G013,G072,-0.00093511166,-1
G073,G049,-0.0009388324,-1
G049,G022,-0.0009418552,-1
G067,G042,-0.0009441927,-1
G038,G045,-0.0009446262,-1
G080,G100,-0.000945261,-1
G079,G034,-0.00094712584,-1
G073,G066,-0.0009472493,-1
G008,G027,-0.0009484179,-1
G049,G042,-0.0009527165,-1
G036,G049,-0.0009530389,-1
G067,G097,-0.0009543414,-1
G067,G055,-0.0009577064,-1
G042,G062,-0.0009577696,-1
G067,G030,-0.0009612536,-1
G003,G041,-0.000965033,-1
G070,G094,-0.0009662551,-1
G067,G054,-0.00096646906,-1
G008,G011,-0.0009669375,-1
G067,G026,-0.0009701915,-1
G042,G045,-0.00097175705,-1
G036,G012,-0.00097189203,-1
G013,G017,-0.00097319135,-1
G073,G092,-0.0009751646,-1
G008,G009,-0.0009772546,-1
G002,G003,-0.0009773399,-1
G053,G018,-0.0009773485,-1
G079,G055,-0.0009791795,-1
G094,G024,-0.0009812817,-1
G067,G066,-0.0009818858,-1
G079,G084,-0.0009832403,-1
G023,G043,-0.0009853424,-1
G073,G025,-0.0009860069,-1
G067,G009,-0.0009861559,-1
G094,G073,-0.000986668,-1
G079,G042,-0.0009903451,-1
G006,G057,-0.0009905954,-1
G073,G027,-0.0009924149,-1
G094,G038,-0.0009928194,-1
G067,G029,-0.0009931987,-1
G073,G019,-0.0009949553,-1
G067,G051,-0.0009959696,-1
G067,G098,-0.0009973514,-1
G079,G099,-0.0009973798,-1
G045,G072,-0.000999829,-1
G067,G074,-0.0010003203,-1
G067,G046,-0.0010007941,-1
G067,G069,-0.0010008967,-1
G049,G024,-0.0010015982,-1
G079,G002,-0.0010016318,-1
G079,G039,-0.0010030565,-1
G079,G007,-0.0010051918,-1
G067,G061,-0.0010052242,-1
G067,G072,-0.0010053539,-1
G006,G037,-0.0010057687,-1
G079,G069,-0.0010064149,-1
G073,G064,-0.0010092341,-1
G036,G038,-0.0010092731,-1
G036,G096,-0.0010139244,-1
G067,G020,-0.0010141144,-1
G076,G045,-0.0010161429,-1
G067,G091,-0.0010170273,-1
G073,G059,-0.0010205752,-1
G073,G087,-0.0010243676,-1
G073,G044,-0.001025196,-1
G063,G064,-0.0010253793,-1
G079,G087,-0.0010258306,-1
G049,G050,-0.0010288554,-1
G079,G068,-0.001029369,-1
G079,G030,-0.0010296407,-1
G073,G074,-0.0010299339,-1
G067,G060,-0.0010315418,-1
G079,G004,-0.0010316141,-1
G079,G097,-0.0010328504,-1
G004,G003,-0.0010355391,-1
G073,G063,-0.0010369044,-1
G012,G011,-0.0010383568,-1
G049,G089,-0.0010408309,-1
G036,G018,-0.0010412056,-1
G079,G026,-0.0010416288,-1
G017,G021,-0.0010420782,-1
G100,G031,-0.0010445773,-1
G094,G075,-0.0010455986,-1
G049,G070,-0.0010462387,-1
G079,G001,-0.0010481464,-1
G036,G076,-0.0010489564,-1
G079,G054,-0.0010492259,-1
G079,G029,-0.001053424,-1
G049,G096,-0.0010543029,-1
G008,G065,-0.0010557893,-1
G094,G067,-0.0010562966,-1
G094,G050,-0.0010574786,-1
G067,G081,-0.0010578067,-1
G008,G079,-0.0010599014,-1
G079,G065,-0.0010599811,-1
G094,G056,-0.001069667,-1
G079,G058,-0.0010716354,-1
G094,G022,-0.0010732382,-1
G036,G024,-0.0010745828,-1
G079,G051,-0.0010746882,-1
G072,G100,-0.001075639,-1
G036,G089,-0.0010762204,-1
G079,G009,-0.0010765644,-1
G006,G065,-0.0010779955,-1
G094,G049,-0.0010783838,-1
G006,G094,-0.0010786413,-1
G079,G020,-0.0010789616,-1
G094,G089,-0.0010793,-1
G073,G021,-0.0010796863,-1
G079,G061,-0.0010812228,-1
G049,G090,-0.0010822114,-1
G010,G073,-0.0010827667,-1
G100,G057,-0.0010838474,-1
G094,G095,-0.0010841822,-1
G094,G090,-0.0010847135,-1
G073,G018,-0.0010869292,-1
G036,G050,-0.0010877403,-1
G079,G091,-0.0010877539,-1
G079,G098,-0.0010880221,-1
G079,G060,-0.0010890751,-1
G079,G033,-0.0010903621,-1
G094,G096,-0.0010928358,-1
G036,G070,-0.0010948479,-1
G079,G081,-0.001096357,-1
G094,G012,-0.001098759,-1
G073,G065,-0.0011002332,-1
G094,G086,-0.0011006328,-1
G049,G075,-0.0011069669,-1
G079,G046,-0.0011087464,-1
G079,G074,-0.0011120414,-1
G038,G072,-0.0011138443,-1
G036,G075,-0.0011192922,-1
G036,G090,-0.0011221431,-1
G049,G086,-0.0011229422,-1
G079,G066,-0.0011234822,-1
G036,G072,-0.0011265794,-1
G067,G035,-0.0011307175,-1
G090,G085,-0.0011329433,-1
G073,G080,-0.0011354631,-1
G049,G040,-0.0011441162,-1
G094,G053,-0.0011450141,-1
G049,G056,-0.0011455567,-1
G067,G025,-0.0011465917,-1
G049,G095,-0.0011526978,-1
G036,G053,-0.0011538451,-1
G079,G022,-0.0011539097,-1
G067,G092,-0.0011544102,-1
G067,G044,-0.0011552647,-1
G049,G093,-0.0011608667,-1
G049,G033,-0.0011614132,-1
G041,G039,-0.0011622503,-1
G067,G027,-0.0011652224,-1
G067,G007,-0.0011652563,-1
G079,G005,-0.0011655096,-1
G036,G056,-0.0011667459,-1
G008,G070,-0.001167127,-1
G049,G007,-0.0011748148,-1
G036,G040,-0.001176898,-1
G094,G042,-0.0011778058,-1
G049,G088,-0.0011825109,-1
G079,G027,-0.0011836139,-1
G094,G047,-0.0011858776,-1
G094,G007,-0.0011896563,-1
G036,G042,-0.0011910144,-1
G008,G080,-0.0011935307,-1
G036,G047,-0.0011952801,-1
G036,G095,-0.0012007859,-1
G049,G034,-0.0012024285,-1
G094,G040,-0.0012026149,-1
G049,G051,-0.0012136609,-1
G094,G084,-0.0012171344,-1
G094,G001,-0.0012188678,-1
G067,G021,-0.0012213563,-1
G036,G086,-0.0012220854,-1
G079,G059,-0.0012241359,-1
G094,G004,-0.0012246689,-1
G073,G079,-0.0012248276,-1
G079,G092,-0.0012285775,-1
G048,G071,-0.0012286851,-1
G036,G034,-0.0012316267,-1
G094,G034,-0.0012323157,-1
G010,G094,-0.0012330705,-1
G049,G001,-0.0012363541,-1
G036,G093,-0.001236612,-1
G036,G088,-0.0012366405,-1
G063,G006,-0.0012366571,-1
G071,G007,-0.0012382542,-1
G094,G077,-0.0012389233,-1
G094,G069,-0.0012433431,-1
G036,G001,-0.0012434967,-1
G049,G099,-0.0012461768,-1
G008,G062,-0.0012463387,-1
G036,G002,-0.0012478122,-1
G049,G077,-0.0012485216,-1
G049,G065,-0.0012507362,-1
G079,G025,-0.0012509516,-1
G049,G069,-0.0012515169,-1
G049,G010,-0.0012525932,-1
G049,G004,-0.0012554919,-1
G094,G009,-0.001256396,-1
G049,G041,-0.0012570452,-1
G036,G058,-0.0012592371,-1
G067,G019,-0.0012654698,-1
G094,G039,-0.0012655477,-1
G100,G037,-0.0012656344,-1
G100,G049,-0.0012698198,-1
G094,G058,-0.0012790179,-1
G049,G029,-0.0012802964,-1
G079,G021,-0.0012809483,-1
G094,G030,-0.001280989,-1
G049,G081,-0.0012813291,-1
G094,G026,-0.0012830852,-1
G094,G029,-0.0012834629,-1
G079,G064,-0.0012853079,-1
G036,G067,-0.001287128,-1
G094,G061,-0.0012874722,-1
G049,G091,-0.0012876907,-1
G036,G099,-0.0012894282,-1
G049,G002,-0.0012898073,-1
G036,G077,-0.0012899084,-1
G076,G008,-0.0012915235,-1
G100,G036,-0.0012922685,-1
G094,G097,-0.0012937977,-1
G094,G074,-0.0012950796,-1
G094,G054,-0.0012953649,-1
G036,G007,-0.001295607,-1
G049,G061,-0.00129649,-1
G049,G058,-0.0012967559,-1
G049,G084,-0.0012980266,-1
G079,G035,-0.0012982994,-1
G067,G059,-0.0012983319,-1
G094,G046,-0.0012986955,-1
G073,G013,-0.001299473,-1
G049,G039,-0.0013000538,-1
G036,G069,-0.0013001604,-1
G094,G098,-0.001300425,-1
G036,G004,-0.0013004438,-1
G006,G073,-0.0013023096,-1
G094,G055,-0.0013039957,-1
G036,G054,-0.0013051536,-1
G073,G011,-0.0013060907,-1
G049,G076,-0.0013101829,-1
G094,G068,-0.0013110201,-1
G094,G093,-0.0013145694,-1
G094,G081,-0.0013187968,-1
G049,G054,-0.0013192832,-1
G049,G055,-0.0013198088,-1
G049,G053,-0.0013224923,-1
G049,G026,-0.0013228169,-1
G049,G030,-0.0013234802,-1
G006,G038,-0.0013261694,-1
G100,G018,-0.0013265694,-1
G094,G051,-0.0013266691,-1
G036,G030,-0.0013270885,-1
G049,G009,-0.0013278186,-1
G049,G046,-0.0013286085,-1
G036,G039,-0.0013287894,-1
G049,G068,-0.001334047,-1
G049,G020,-0.0013348096,-1
G006,G010,-0.0013350388,-1
G036,G009,-0.0013350582,-1
G036,G087,-0.0013359049,-1
G036,G065,-0.0013387387,-1
G060,G085,-0.0013414064,-1
G036,G091,-0.0013420946,-1
G079,G044,-0.0013436216,-1
G036,G084,-0.0013441285,-1
G049,G098,-0.0013458603,-1
G036,G055,-0.0013487563,-1
G036,G022,-0.001350804,-1
G036,G029,-0.0013530359,-1
G049,G066,-0.001353708,-1
G036,G068,-0.0013556557,-1
G048,G008,-0.0013598185,-1
G079,G063,-0.001361378,-1
G008,G041,-0.0013683037,-1
G049,G087,-0.0013693547,-1
G028,G022,-0.0013703172,-1
G100,G038,-0.0013734923,-1
G067,G052,-0.001375326,-1
G049,G064,-0.0013770348,-1
G023,G057,-0.0013790528,-1
G094,G076,-0.0013795409,-1
G036,G026,-0.0013811834,-1
G036,G074,-0.0013824267,-1
G094,G010,-0.0013827292,-1
G049,G097,-0.0013841483,-1
G073,G062,-0.0013842126,-1
G049,G060,-0.0013855308,-1
G067,G058,-0.0013860298,-1
G006,G012,-0.0013860995,-1
G036,G060,-0.0013874503,-1
G094,G066,-0.001388169,-1
G094,G099,-0.0013885956,-1
G076,G100,-0.001390031,-1
G079,G019,-0.0013910304,-1
G094,G060,-0.0013983633,-1
G036,G051,-0.001398888,-1
G094,G020,-0.0014004693,-1
G028,G037,-0.0014011057,-1
G036,G066,-0.001402246,-1
G006,G036,-0.0014123605,-1
G036,G097,-0.001412712,-1
G094,G025,-0.0014131072,-1
G036,G081,-0.0014161217,-1
G073,G083,-0.0014183405,-1
G049,G092,-0.0014183532,-1
G036,G098,-0.0014186015,-1
G006,G096,-0.0014206578,-1
G023,G062,-0.0014225324,-1
G036,G061,-0.001422564,-1
G049,G067,-0.0014290854,-1
G094,G002,-0.001429521,-1
G094,G091,-0.0014295559,-1
G049,G027,-0.0014315841,-1
G049,G047,-0.0014320395,-1
G067,G033,-0.0014349023,-1
G036,G046,-0.0014395851,-1
G073,G017,-0.0014418197,-1
G079,G052,-0.0014430942,-1
G073,G094,-0.0014440723,-1
G006,G042,-0.0014446431,-1
G100,G022,-0.0014486107,-1
G049,G074,-0.0014561124,-1
G094,G092,-0.0014597501,-1
G006,G070,-0.0014651642,-1
G067,G011,-0.0014704596,-1
G036,G027,-0.001473071,-1
G006,G089,-0.0014748814,-1
G094,G027,-0.0014790558,-1
G006,G076,-0.0014810141,-1
G036,G020,-0.001481423,-1
G049,G059,-0.0014843924,-1
G017,G072,-0.0014850198,-1
G028,G045,-0.0014902622,-1
G036,G092,-0.0014928676,-1
G006,G024,-0.0014950217,-1
G036,G059,-0.001498111,-1
G094,G064,-0.0015042429,-1
G094,G059,-0.0015045565,-1
G094,G087,-0.0015058327,-1
G006,G050,-0.0015072046,-1
G006,G086,-0.0015096812,-1
G006,G018,-0.001512992,-1
G049,G025,-0.0015140019,-1
G072,G043,-0.0015171974,-1
G002,G083,-0.0015193082,-1
G022,G067,-0.0015219976,-1
G049,G062,-0.001524792,-1
G100,G042,-0.0015286787,-1
G023,G037,-0.0015289222,-1
G006,G040,-0.0015349984,-1
G006,G056,-0.0015352299,-1
G023,G031,-0.0015367977,-1
G094,G088,-0.001539097,-1
G049,G035,-0.0015400017,-1
G094,G021,-0.0015401018,-1
G094,G044,-0.0015476621,-1
G006,G034,-0.0015502343,-1
G006,G075,-0.0015525419,-1
G094,G035,-0.001554018,-1
G100,G040,-0.0015574032,-1
G006,G090,-0.0015586996,-1
G023,G064,-0.0015620918,-1
G036,G005,-0.0015663947,-1
G010,G100,-0.0015687568,-1
G006,G095,-0.0015768181,-1
G006,G099,-0.0015768508,-1
G100,G050,-0.0015800218,-1
G006,G053,-0.0015828264,-1
G100,G075,-0.0015902714,-1
G079,G011,-0.0015930113,-1
G076,G073,-0.0015978627,-1
G100,G056,-0.0015985448,-1
G094,G023,-0.0016002951,-1
G079,G017,-0.0016003562,-1
G067,G080,-0.0016033513,-1
G079,G062,-0.001605708,-1
G067,G079,-0.0016062753,-1
G036,G044,-0.0016086565,-1
G006,G093,-0.0016104047,-1
G100,G095,-0.001610715,-1
G049,G044,-0.0016131152,-1
G100,G086,-0.0016143408,-1
G100,G024,-0.0016145455,-1
G006,G088,-0.0016147441,-1
G100,G007,-0.001616678,-1
G100,G096,-0.0016203282,-1
G100,G089,-0.0016211771,-1
G094,G005,-0.0016254538,-1
G006,G007,-0.0016263822,-1
G006,G047,-0.0016277677,-1
G100,G090,-0.0016298438,-1
G036,G064,-0.0016300135,-1
G036,G021,-0.0016345405,-1
G035,G072,-0.0016428403,-1
G100,G053,-0.0016433755,-1
G011,G013,-0.0016464432,-1
G100,G012,-0.0016501065,-1
G036,G025,-0.0016531305,-1
G100,G047,-0.0016561798,-1
G029,G012,-0.001657232,-1
G006,G077,-0.0016610922,-1
G049,G063,-0.00166212,-1
G006,G087,-0.0016624167,-1
G094,G019,-0.0016664002,-1
G006,G001,-0.0016713256,-1
G006,G039,-0.0016719536,-1
G067,G084,-0.0016783333,-1
G094,G065,-0.0016822164,-1
G012,G045,-0.0016901821,-1
G094,G052,-0.0016908102,-1
G079,G041,-0.00169749,-1
G006,G068,-0.0016975034,-1
G041,G045,-0.0017058508,-1
G067,G041,-0.0017064296,-1
G006,G004,-0.0017094563,-1
G006,G091,-0.001710244,-1
G006,G051,-0.001712238,-1
G006,G058,-0.0017149096,-1
G005,G048,-0.0017191444,-1
G100,G067,-0.0017205218,-1
G100,G034,-0.0017217065,-1
G100,G081,-0.0017272491,-1
G004,G045,-0.0017309351,-1
G100,G039,-0.001731353,-1
G048,G003,-0.0017326382,-1
G006,G026,-0.0017360336,-1
G006,G097,-0.0017372351,-1
G006,G069,-0.0017390081,-1
G006,G098,-0.0017410994,-1
G036,G063,-0.0017416857,-1
G006,G002,-0.0017418676,-1
G100,G004,-0.0017443486,-1
G006,G029,-0.0017465279,-1
G094,G063,-0.0017505033,-1
G006,G030,-0.0017530454,-1
G006,G066,-0.0017562708,-1
G100,G084,-0.001757527,-1
G006,G054,-0.0017610099,-1
G049,G019,-0.001767091,-1
G100,G001,-0.001768712,-1
G100,G069,-0.0017727505,-1
G100,G029,-0.0017743323,-1
G100,G058,-0.0017765146,-1
G100,G020,-0.0017766547,-1
G100,G077,-0.0017779081,-1
G100,G026,-0.0017800579,-1
G006,G081,-0.0017802899,-1
G006,G060,-0.0017805338,-1
G049,G073,-0.001784573,-1
G006,G046,-0.0017860155,-1
G100,G060,-0.0017921325,-1
G049,G052,-0.0017939968,-1
G006,G074,-0.0017949879,-1
G006,G061,-0.0017954841,-1
G100,G030,-0.0017957623,-1
G100,G046,-0.0017990858,-1
G079,G083,-0.0018016559,-1
G100,G098,-0.0018032535,-1
G072,G076,-0.0018039444,-1
G049,G005,-0.0018040383,-1
G100,G093,-0.0018058277,-1
G100,G051,-0.0018068067,-1
G006,G020,-0.0018069631,-1
G100,G061,-0.0018090395,-1
G100,G009,-0.0018099693,-1
G006,G055,-0.0018105576,-1
G006,G009,-0.0018169103,-1
G073,G033,-0.0018174738,-1
G100,G074,-0.0018248374,-1
G100,G097,-0.0018295015,-1
G036,G019,-0.001833844,-1
G100,G054,-0.0018380873,-1
G100,G099,-0.0018459063,-1
G100,G068,-0.001846666,-1
G100,G055,-0.0018467602,-1
G094,G070,-0.0018544685,-1
G033,G039,-0.0018715851,-1
G100,G066,-0.0018796271,-1
G073,G076,-0.001882106,-1
G100,G010,-0.0018834205,-1
G094,G062,-0.0018871628,-1
G100,G006,-0.0018887287,-1
G100,G091,-0.0018983796,-1
G049,G080,-0.0019053747,-1
G006,G092,-0.0019082103,-1
G100,G002,-0.0019082228,-1
G006,G027,-0.0019123674,-1
G042,G072,-0.001914247,-1
G049,G079,-0.0019169071,-1
G100,G076,-0.0019194672,-1
G094,G079,-0.001925435,-1
G006,G025,-0.0019337746,-1
G100,G073,-0.0019373425,-1
G006,G084,-0.0019387038,-1
G100,G088,-0.0019460453,-1
G100,G092,-0.0019505405,-1
G036,G052,-0.0019527562,-1
G094,G017,-0.0019538216,-1
G100,G059,-0.0019694432,-1
G006,G059,-0.0019742826,-1
G100,G025,-0.0019776288,-1
G100,G087,-0.0019819522,-1
G036,G062,-0.0019819804,-1
G023,G040,-0.0019919116,-1
G036,G079,-0.001992988,-1
G013,G045,-0.0019940666,-1
G036,G011,-0.0019977842,-1
G036,G033,-0.0019998515,-1
G100,G027,-0.00200728,-1
G094,G080,-0.0020245835,-1
G049,G071,-0.0020323382,-1
G036,G017,-0.00203343,-1
G028,G043,-0.0020344201,-1
G007,G072,-0.0020406756,-1
G036,G041,-0.0020595773,-1
G006,G021,-0.0020617764,-1
G049,G011,-0.0020794633,-1
G100,G064,-0.0020836687,-1
G023,G089,-0.0020840405,-1
G023,G096,-0.0020876564,-1
G023,G090,-0.0020900422,-1
G036,G080,-0.0020935456,-1
G023,G050,-0.0020948434,-1
G023,G086,-0.0021071024,-1
G017,G053,-0.0021115695,-1
G028,G057,-0.002114826,-1
G023,G075,-0.0021199554,-1
G100,G065,-0.0021404086,-1
G023,G095,-0.002155482,-1
G094,G033,-0.0021579294,-1
G023,G065,-0.0021602109,-1
G028,G006,-0.0021602332,-1
G023,G007,-0.0021602495,-1
G100,G021,-0.002164931,-1
G023,G056,-0.0021702657,-1
G023,G024,-0.0021779293,-1
G094,G011,-0.0021785274,-1
G023,G012,-0.0021848108,-1
G023,G034,-0.002196526,-1
G067,G063,-0.0022008433,-1
G012,G008,-0.0022168746,-1
G006,G072,-0.0022185596,-1
G006,G033,-0.0022277124,-1
G006,G044,-0.0022285401,-1
G100,G044,-0.0022288666,-1
G023,G053,-0.0022346226,-1
G023,G018,-0.002235643,-1
G023,G039,-0.0022394897,-1
G036,G083,-0.002240882,-1
G022,G048,-0.002258176,-1
G100,G070,-0.0022597327,-1
G006,G005,-0.0022627916,-1
G073,G008,-0.0022640051,-1
G023,G047,-0.0022643579,-1
G023,G001,-0.0022650186,-1
G029,G003,-0.0022699076,-1
G023,G077,-0.0022739253,-1
G023,G093,-0.0022741065,-1
G079,G080,-0.0022756415,-1
G100,G005,-0.002277887,-1
G079,G045,-0.0022813564,-1
G006,G019,-0.0022845431,-1
G023,G058,-0.0022900198,-1
G094,G041,-0.0022944738,-1
G048,G028,-0.0023064394,-1
G006,G063,-0.0023100972,-1
G100,G019,-0.0023168984,-1
G023,G026,-0.0023193804,-1
G023,G054,-0.0023228605,-1
G023,G066,-0.002324466,-1
G023,G068,-0.002325151,-1
G023,G004,-0.0023253907,-1
G023,G069,-0.0023313947,-1
G049,G023,-0.0023402618,-1
G023,G099,-0.0023438218,-1
G023,G030,-0.0023469934,-1
G023,G098,-0.0023476954,-1
G023,G009,-0.0023589921,-1
G023,G061,-0.0023630203,-1
G023,G029,-0.002366357,-1
G100,G063,-0.0023691535,-1
G012,G029,-0.0023721692,-1
G023,G055,-0.0023753594,-1
G100,G023,-0.0023833408,-1
G023,G091,-0.0023861234,-1
G023,G046,-0.002386379,-1
G100,G062,-0.0023870803,-1
G072,G048,-0.002388708,-1
G023,G002,-0.002388871,-1
G023,G060,-0.0024107394,-1
G067,G017,-0.0024117285,-1
G023,G097,-0.0024192224,-1
G023,G010,-0.002419714,-1
G100,G052,-0.0024219363,-1
G011,G012,-0.002422425,-1
G023,G088,-0.0024234464,-1
G023,G038,-0.0024256841,-1
G023,G087,-0.0024302693,-1
G023,G074,-0.002444732,-1
G023,G020,-0.00245207,-1
G006,G052,-0.0024763807,-1
G023,G081,-0.0024799535,-1
G023,G027,-0.002484946,-1
G028,G048,-0.0024853982,-1
G003,G007,-0.0024903023,-1
G023,G084,-0.002493902,-1
G006,G035,-0.0024975545,-1
G023,G092,-0.002507192,-1
G023,G059,-0.002526819,-1
G023,G051,-0.0025337888,-1
G067,G045,-0.0025465114,-1
G023,G070,-0.0025525186,-1
G100,G035,-0.0025549193,-1
G033,G012,-0.0025580025,-1
G028,G005,-0.0025690421,-1
G048,G057,-0.0025751588,-1
G012,G010,-0.0025886346,-1
G023,G042,-0.00258892,-1
G031,G008,-0.0025944554,-1
G023,G008,-0.002594947,-1
G100,G041,-0.002596586,-1
G006,G041,-0.0025987988,-1
G006,G079,-0.0026081216,-1
G023,G076,-0.002609516,-1
G023,G036,-0.002630227,-1
G031,G045,-0.0026489387,-1
G100,G079,-0.0026507056,-1
G006,G011,-0.0026652408,-1
G073,G100,-0.0026670573,-1
G052,G072,-0.0026688527,-1
G023,G025,-0.002669809,-1
G048,G037,-0.0026704636,-1
G048,G043,-0.0026759906,-1
G006,G080,-0.002681457,-1
G100,G017,-0.0027026033,-1
G094,G008,-0.0027370094,-1
G100,G080,-0.002737602,-1
G028,G100,-0.0027565635,-1
G023,G021,-0.0027622862,-1
G010,G008,-0.0027645146,-1
G094,G083,-0.0028086358,-1
G036,G045,-0.0028138314,-1
G100,G008,-0.002815711,-1
G100,G033,-0.00283368,-1
G028,G040,-0.0028342311,-1
G100,G011,-0.002860725,-1
G023,G005,-0.0028626828,-1
G047,G048,-0.002919351,-1
G094,G045,-0.0029199915,-1
G073,G045,-0.0029445558,-1
G023,G041,-0.002988433,-1
G023,G044,-0.0029970598,-1
G048,G072,-0.0030033411,-1
G028,G002,-0.0030305416,-1
G006,G017,-0.0030771743,-1
G048,G100,-0.0030832286,-1
G006,G067,-0.0031041342,-1
G028,G096,-0.0031466645,-1
G049,G018,-0.0031572452,-1
G058,G083,-0.0031747562,-1
G023,G019,-0.0031840638,-1
G028,G086,-0.0031905724,-1
G028,G094,-0.0032004234,-1
G023,G063,-0.003226738,-1
G028,G018,-0.0032390805,-1
G028,G089,-0.0032406587,-1
G028,G075,-0.0032697208,-1
G008,G094,-0.003270151,-1
G028,G050,-0.0032713523,-1
G028,G090,-0.0032785742,-1
G028,G039,-0.003286503,-1
G071,G029,-0.0032905124,-1
G023,G085,-0.0032989937,-1
G028,G093,-0.0033068862,-1
G028,G070,-0.0033165852,-1
G028,G099,-0.003324064,-1
G028,G095,-0.003325119,-1
G028,G001,-0.0033263157,-1
G028,G034,-0.0033411207,-1
G028,G056,-0.003343391,-1
G012,G033,-0.0033463524,-1
G028,G087,-0.0033482462,-1
G023,G073,-0.0033579795,-1
G028,G047,-0.0033732834,-1
G028,G088,-0.0033790194,-1
G023,G079,-0.0033809147,-1
G016,G049,-0.0033914717,-1
G028,G084,-0.0033960524,-1
G028,G053,-0.0034109205,-1
G048,G040,-0.0034233213,-1
G028,G077,-0.0034255409,-1
G028,G058,-0.0034260459,-1
G028,G066,-0.003427201,-1
G048,G094,-0.0034304573,-1
G028,G076,-0.0034453787,-1
G043,G085,-0.003447893,-1
G028,G004,-0.0034485622,-1
G028,G069,-0.003452262,-1
G028,G054,-0.0034550985,-1
G028,G091,-0.0034613444,-1
G023,G052,-0.0034623805,-1
G028,G074,-0.0034646406,-1
G028,G026,-0.0034683805,-1
G028,G098,-0.00347279,-1
G028,G009,-0.0034742206,-1
G028,G068,-0.0034755801,-1
G008,G100,-0.0034870268,-1
G028,G061,-0.0035161872,-1
G028,G046,-0.0035209195,-1
G028,G060,-0.0035227567,-1
G028,G030,-0.0035320234,-1
G028,G097,-0.003548548,-1
G068,G083,-0.0035652183,-1
G028,G023,-0.0035762922,-1
G023,G080,-0.0035776377,-1
G049,G003,-0.0035874262,-1
G028,G065,-0.0035886194,-1
G028,G024,-0.0036012135,-1
G028,G055,-0.0036024712,-1
G013,G049,-0.0036132778,-1
G028,G027,-0.0036276877,-1
G028,G059,-0.0036403392,-1
G028,G081,-0.0036610977,-1
G028,G092,-0.003686013,-1
G100,G045,-0.0037072182,-1
G028,G020,-0.003744808,-1
G028,G010,-0.0037690627,-1
G022,G085,-0.0037698892,-1
G023,G011,-0.003779864,-1
G048,G096,-0.0037943446,-1
G028,G049,-0.0038060083,-1
G048,G086,-0.0038106963,-1
G032,G033,-0.0038476135,-1
G048,G050,-0.0038649065,-1
G003,G029,-0.0038733801,-1
G048,G070,-0.0038738905,-1
G006,G045,-0.0038763706,-1
G048,G018,-0.0038900557,-1
G023,G033,-0.0038958923,-1
G048,G075,-0.0039000642,-1
G048,G010,-0.003905009,-1
G031,G029,-0.0039175516,-1
G048,G089,-0.003922167,-1
G045,G049,-0.003932242,-1
G028,G051,-0.003933985,-1
G048,G056,-0.0039387792,-1
G048,G090,-0.003939573,-1
G048,G093,-0.0039397613,-1
G048,G099,-0.0039424617,-1
G048,G095,-0.0039493185,-1
G028,G064,-0.003961047,-1
G031,G033,-0.0039659715,-1
G048,G088,-0.0039689154,-1
G090,G086,-0.0039752997,-1
G023,G094,-0.003999961,-1
G023,G017,-0.004003916,-1
G048,G001,-0.004003997,-1
G048,G039,-0.004012897,-1
G028,G021,-0.0040289755,-1
G048,G087,-0.0040304293,-1
G048,G022,-0.0040320717,-1
G067,G068,-0.004034288,-1
G048,G034,-0.0040503116,-1
G048,G084,-0.004059993,-1
G048,G076,-0.004070552,-1
G048,G004,-0.0040761135,-1
G023,G035,-0.004078688,-1
G017,G045,-0.004079695,-1
G048,G066,-0.004084566,-1
G028,G073,-0.0040847734,-1
G048,G091,-0.004091559,-1
G048,G069,-0.004092251,-1
G048,G077,-0.0040944056,-1
G048,G007,-0.004102687,-1
G048,G026,-0.0041053263,-1
G048,G053,-0.004112041,-1
G048,G060,-0.004128932,-1
G048,G098,-0.0041320086,-1
G048,G054,-0.004132156,-1
G048,G058,-0.0041326755,-1
G048,G009,-0.004140999,-1
G048,G061,-0.0041448143,-1
G048,G002,-0.0041471743,-1
G028,G038,-0.0041659386,-1
G028,G025,-0.004167623,-1
G048,G030,-0.004169917,-1
G048,G074,-0.004178565,-1
G048,G068,-0.004184821,-1
G048,G046,-0.004194123,-1
G048,G097,-0.0042063333,-1
G048,G059,-0.0042371433,-1
G048,G065,-0.004243745,-1
G028,G062,-0.0042541246,-1
G028,G007,-0.004261407,-1
G048,G027,-0.0042795227,-1
G048,G055,-0.004281368,-1
G048,G081,-0.0042872615,-1
G048,G024,-0.004287971,-1
G023,G100,-0.0043169283,-1
G028,G033,-0.0043274118,-1
G048,G092,-0.004333305,-1
G013,G012,-0.004333794,-1
G016,G014,-0.0043489467,-1
G032,G057,-0.0043536685,-1
G048,G031,-0.004421695,-1
G048,G073,-0.0044332123,-1
G048,G020,-0.004440557,-1
G048,G029,-0.0044489847,-1
G094,G100,-0.0044613495,-1
G028,G036,-0.004468301,-1
G048,G012,-0.004494301,-1
G063,G066,-0.0045027956,-1
G048,G051,-0.0045075244,-1
G028,G042,-0.0045239865,-1
G028,G067,-0.004550041,-1
G028,G044,-0.0045521227,-1
G048,G038,-0.004556214,-1
G100,G083,-0.0045571304,-1
G032,G022,-0.004559008,-1
G048,G047,-0.004582088,-1
G100,G094,-0.0046186144,-1
G002,G085,-0.0046560476,-1
G032,G037,-0.004659042,-1
G048,G064,-0.0046985135,-1
G023,G045,-0.004714624,-1
G028,G072,-0.004737777,-1
G028,G063,-0.0047486825,-1
G048,G025,-0.0048296773,-1
G088,G072,-0.0048476835,-1
G048,G023,-0.0048687863,-1
G048,G021,-0.0048992536,-1
G028,G019,-0.0048997286,-1
G048,G062,-0.0049290997,-1
G029,G071,-0.0049538743,-1
G005,G003,-0.004961347,-1
G043,G072,-0.0050366204,-1
G028,G079,-0.005101574,-1
G071,G033,-0.0051124347,-1
G048,G042,-0.0051323147,-1
G008,G045,-0.005178921,-1
G032,G100,-0.005237019,-1
G048,G044,-0.0052460367,-1
G048,G036,-0.0052935574,-1
G048,G005,-0.005299286,-1
G033,G031,-0.0053417925,-1
G017,G018,-0.005388171,-1
G048,G067,-0.005439185,-1
G028,G080,-0.00544295,-1
G032,G040,-0.00545558,-1
G010,G014,-0.0054819915,-1
G028,G052,-0.005484076,-1
G028,G041,-0.0055046217,-1
G028,G011,-0.00558591,-1
G048,G063,-0.005589589,-1
G032,G031,-0.00559581,-1
G091,G085,-0.0057146423,-1
G032,G043,-0.005724519,-1
G073,G085,-0.0057377303,-1
G048,G041,-0.005757479,-1
G048,G019,-0.0058024153,-1
G064,G067,-0.005809243,-1
G023,G071,-0.0058384193,-1
G032,G094,-0.005855822,-1
G032,G012,-0.005882095,-1
G008,G012,-0.005893541,-1
G028,G017,-0.0059013627,-1
G071,G012,-0.005934666,-1
G048,G079,-0.005942031,-1
G028,G032,-0.0059752557,-1
G023,G067,-0.0060187285,-1
G072,G085,-0.006072219,-1
G048,G006,-0.006177373,-1
G048,G080,-0.0061982013,-1
G032,G086,-0.0063294442,-1
G031,G012,-0.006330963,-1
G048,G052,-0.006411699,-1
G048,G011,-0.0064190268,-1
G032,G088,-0.006456076,-1
G032,G070,-0.0064776796,-1
G032,G066,-0.0064825765,-1
G032,G096,-0.0064911786,-1
G032,G099,-0.0064922683,-1
G028,G083,-0.0064986655,-1
G032,G087,-0.0065428405,-1
G032,G093,-0.006551713,-1
G032,G075,-0.0065527023,-1
G032,G001,-0.006569325,-1
G032,G050,-0.0065703928,-1
G032,G090,-0.0065869344,-1
G032,G091,-0.0065897917,-1
G032,G089,-0.0065975976,-1
G032,G095,-0.0065978444,-1
G032,G039,-0.0066026645,-1
G032,G018,-0.0066233003,-1
G032,G056,-0.006632218,-1
G032,G034,-0.0066399365,-1
G032,G026,-0.006665229,-1
G032,G058,-0.0066671236,-1
G032,G084,-0.006673196,-1
G032,G047,-0.006679447,-1
G032,G002,-0.0066830106,-1
G032,G054,-0.0066862614,-1
G032,G004,-0.0067051747,-1
G032,G046,-0.0067076264,-1
G063,G065,-0.0067115896,-1
G032,G098,-0.006713549,-1
G032,G074,-0.006715338,-1
G032,G069,-0.006729056,-1
G032,G060,-0.0067294836,-1
G032,G077,-0.0067312173,-1
G048,G033,-0.006733661,-1
G032,G061,-0.0067552472,-1
G032,G059,-0.0067650974,-1
G032,G009,-0.0067844517,-1
G032,G027,-0.00678548,-1
G032,G049,-0.0067909793,-1
G032,G048,-0.0067961602,-1
G032,G068,-0.0068155765,-1
G062,G067,-0.006836727,-1
G028,G035,-0.006846834,-1
G032,G076,-0.0068641463,-1
G003,G045,-0.006866684,-1
G032,G065,-0.006927676,-1
G032,G053,-0.0069281873,-1
G032,G097,-0.00692953,-1
G032,G092,-0.00693466,-1
G008,G072,-0.0070515084,-1
G093,G085,-0.0070555247,-1
G032,G055,-0.0070674433,-1
G032,G081,-0.0070725186,-1
G032,G007,-0.007081851,-1
G067,G023,-0.0070981137,-1
G032,G020,-0.0071357214,-1
G028,G008,-0.0071725682,-1
G006,G023,-0.007238957,-1
G032,G010,-0.007281902,-1
G032,G030,-0.0073250784,-1
G029,G031,-0.0073336554,-1
G032,G024,-0.0073375837,-1
G048,G017,-0.007479799,-1
G032,G051,-0.0075486405,-1
G032,G064,-0.0075808023,-1
G082,G078,-0.0076038754,-1
G048,G049,-0.0076187667,-1
G049,G048,-0.0076622693,-1
G032,G062,-0.0077097607,-1
G032,G005,-0.0077576726,-1
G032,G025,-0.007771546,-1
G032,G021,-0.007847648,-1
G048,G035,-0.008098494,-1
G032,G029,-0.008134111,-1
G013,G031,-0.008151754,-1
G019,G020,-0.008302046,-1
G032,G073,-0.008408731,-1
G033,G008,-0.008465734,-1
G032,G038,-0.008626052,-1
G032,G023,-0.008715502,-1
G032,G044,-0.008828674,-1
G078,G082,-0.008884415,-1
G099,G085,-0.00915793,-1
G032,G063,-0.009242828,-1
G070,G072,-0.009247589,-1
G032,G028,-0.00927792,-1
G032,G006,-0.009435463,-1
G033,G071,-0.009476856,-1
G032,G067,-0.009519156,-1
G022,G003,-0.009544229,-1
G032,G019,-0.0095963385,-1
G017,G049,-0.009618921,-1
G032,G042,-0.009634455,-1
G024,G025,-0.009654524,-1
G032,G041,-0.009695218,-1
G032,G079,-0.009868049,-1
G032,G036,-0.009952489,-1
G032,G072,-0.010071503,-1
G028,G013,-0.010086115,-1
G029,G028,-0.010136048,-1
G032,G080,-0.010290004,-1
G012,G003,-0.01030481,-1
G023,G006,-0.010438967,-1
G003,G012,-0.010443074,-1
G096,G085,-0.010545584,-1
G080,G081,-0.010655495,-1
G048,G083,-0.010835475,-1
G032,G052,-0.010842775,-1
G032,G011,-0.010935832,-1
G071,G003,-0.011090031,-1
G008,G031,-0.011141453,-1
G067,G006,-0.011448649,-1
G032,G017,-0.01146661,-1
G087,G085,-0.011830709,-1
G012,G071,-0.012031669,-1
G071,G008,-0.012127763,-1
G012,G013,-0.012130433,-1
G052,G051,-0.012268865,-1
G031,G013,-0.012491878,-1
G072,G073,-0.0126664,-1
G013,G033,-0.013096136,-1
G012,G032,-0.013131951,-1
G072,G071,-0.013358941,-1
G031,G003,-0.013750708,-1
G094,G072,-0.013776714,-1
G031,G032,-0.0139909815,-1
G012,G031,-0.014072971,-1
G013,G008,-0.014408219,-1
G083,G023,-0.014420709,-1
G011,G010,-0.014738232,-1
G013,G071,-0.014820077,-1
G003,G033,-0.0148254065,-1
G032,G035,-0.014891758,-1
G049,G015,-0.015030012,-1
G008,G033,-0.015126595,-1
G078,G072,-0.015277097,-1
G006,G071,-0.015834408,-1
G012,G028,-0.016151441,-1
G010,G085,-0.016291179,-1
G033,G003,-0.017002806,-1
G002,G071,-0.017122805,-1
G039,G040,-0.017444715,-1
G032,G083,-0.017514484,-1
G065,G083,-0.017537693,-1
G065,G085,-0.017697856,-1
G071,G013,-0.017981034,-1
G088,G085,-0.018245788,-1
G031,G071,-0.018495519,-1
G083,G006,-0.019113325,-1
G071,G031,-0.019344972,-1
G076,G085,-0.019624338,-1
G008,G003,-0.019826865,-1
G043,G042,-0.019860798,-1
G032,G045,-0.020129308,-1
G013,G015,-0.020198613,-1
G071,G032,-0.020601079,-1
G033,G038,-0.020624863,-1
G006,G049,-0.020686967,-1
G003,G008,-0.02112177,-1
G071,G028,-0.021751383,-1
G072,G003,-0.02295709,-1
G035,G036,-0.024115775,-1
G003,G028,-0.025050635,-1
G006,G003,-0.025061041,-1
G031,G028,-0.026234716,-1
G037,G085,-0.026839804,-1
G045,G048,-0.027822573,-1
G041,G043,-0.027993532,-1
G013,G003,-0.028011918,-1
G003,G031,-0.02923682,-1
G055,G057,-0.029609594,-1
G079,G078,-0.030437022,-1
G033,G013,-0.031513255,-1
G033,G037,-0.031791456,-1
G033,G085,-0.031797666,-1
G023,G022,-0.035118353,-1
G033,G032,-0.03541428,-1
G070,G085,-0.039079446,-1
G064,G083,-0.04170782,-1
G062,G083,-0.04299456,-1
G011,G024,-0.048245188,-1
G005,G071,-0.048790567,-1
G022,G071,-0.052739725,-1
G041,G072,-0.05837663,-1
G008,G013,-0.058552414,-1
G044,G043,-0.058801934,-1
G003,G013,-0.05896536,-1
G080,G078,-0.06162451,-1
G049,G014,-0.063205324,-1
G013,G032,-0.06397688,-1
G094,G085,-0.06488561,-1
G008,G032,-0.06571846,-1
G003,G032,-0.06631265,-1
G100,G085,-0.06641048,-1
G008,G085,-0.06863176,-1
G079,G082,-0.07946846,-1
G013,G014,-0.08002249,-1
G015,G016,-0.084544905,-1
G014,G015,-0.088842146,-1
