Regulator,Target,Weight,Sign
G009,G017,0.32220268,1
G083,G064,0.20650429,1
G083,G061,0.10307959,1
G041,G044,0.09327121,1
G011,G010,0.084182635,1
G057,G058,0.06567263,1
G009,G085,0.06416621,1
G054,G053,0.063171566,1
G044,G041,0.06277519,1
G083,G062,0.05675171,1
G083,G046,0.054084472,1
G083,G063,0.053276196,1
G040,G085,0.05214949,1
G058,G057,0.048822053,1
G085,G090,0.047003567,1
G073,G077,0.043102995,1
G010,G011,0.04208594,1
G026,G024,0.041269947,1
G017,G009,0.040081967,1
G016,G015,0.037613705,1
G045,G041,0.034695968,1
G055,G047,0.034355383,1
G033,G034,0.03369144,1
G009,G013,0.03330709,1
G021,G071,0.033073578,1
G078,G065,0.02972172,1
G013,G085,0.02892783,1
G061,G059,0.027314983,1
G029,G024,0.026996141,1
G064,G059,0.026287131,1
G053,G054,0.025699344,1
G083,G045,0.025600137,1
G036,G041,0.024702957,1
G071,G078,0.024394557,1
G064,G083,0.024285918,1
G083,G071,0.023076935,1
G027,G026,0.021581471,1
G083,G051,0.019733658,1
G088,G085,0.019708075,1
G021,G009,0.01941249,1
G060,G083,0.018373309,1
G021,G011,0.017855033,1
G003,G083,0.01739065,1
G021,G018,0.016935714,1
G059,G064,0.01683397,1
G038,G047,0.016769268,1
G013,G017,0.016556213,1
G065,G071,0.015099393,1
G052,G047,0.013826235,1
G049,G047,0.01377091,1
G005,G036,0.01296701,1
G062,G061,0.012431381,1
G021,G013,0.012272001,1
G041,G005,0.01187433,1
G066,G067,0.011362595,1
G079,G065,0.011059568,1
G014,G047,0.010844827,1
G085,G044,0.010293652,1
G085,G041,0.009965196,1
G004,G083,0.009098156,1
G085,G010,0.008677094,1
G046,G083,0.008565615,1
G071,G085,0.00855639,1
G003,G047,0.008357543,1
G003,G059,0.0080271885,1
G024,G025,0.007758434,1
G061,G083,0.0072331647,1
G083,G084,0.0068592904,1
G085,G009,0.0068585123,1
G045,G064,0.006858258,1
G022,G023,0.0066585597,1
G083,G055,0.0064722938,1
G085,G073,0.006426042,1
G002,G001,0.0063335975,1
G085,G094,0.0063217347,1
G076,G065,0.0062969374,1
G085,G032,0.006122253,1
G059,G057,0.006068732,1
G078,G079,0.0060265996,1
G085,G095,0.00598818,1
G014,G013,0.0058294036,1
G085,G017,0.0057780566,1
G021,G072,0.0057618404,1
G004,G005,0.0056698825,1
G085,G011,0.005666625,1
G039,G040,0.005500463,1
G009,G005,0.004988064,1
G024,G027,0.004952559,1
G085,G028,0.004886324,1
G085,G077,0.004838743,1
G085,G039,0.004521146,1
G085,G046,0.0045017623,1
G072,G085,0.0042964537,1
G005,G041,0.0042492803,1
G072,G078,0.0042409524,1
G005,G083,0.004203446,1
G016,G012,0.004184106,1
G085,G099,0.0038567286,1
G085,G100,0.003785037,1
G083,G024,0.0037382043,1
G033,G032,0.0037101482,1
G077,G085,0.0036994687,1
G083,G015,0.003668526,1
G004,G047,0.0036161402,1
G004,G059,0.0034144546,1
G083,G038,0.00340984,1
G070,G065,0.0034050918,1
G059,G061,0.0033621732,1
G062,G064,0.0033310296,1
G085,G059,0.0032880625,1
G034,G032,0.0031627668,1
G085,G096,0.0030816058,1
G040,G086,0.0029744022,1
G060,G085,0.00296538,1
G085,G089,0.0027500861,1
G058,G060,0.002746588,1
G063,G064,0.002464083,1
G009,G015,0.0023464616,1
G094,G040,0.002255128,1
G092,G081,0.0022529303,1
G030,G032,0.002184195,1
G092,G087,0.0021759071,1
G071,G092,0.0021413148,1
G064,G085,0.0021040326,1
G061,G057,0.0020411096,1
G092,G027,0.0020369934,1
G045,G061,0.0019491264,1
G092,G076,0.0018968474,1
G070,G085,0.0018960722,1
G072,G021,0.0018390366,1
G083,G041,0.0018193286,1
G084,G064,0.0018025426,1
G092,G014,0.0017901493,1
G043,G074,0.0017702043,1
G012,G016,0.0017471228,1
G051,G064,0.0017468187,1
G082,G066,0.0017322964,1
G095,G040,0.0017285566,1
G085,G047,0.0016602944,1
G082,G079,0.001653424,1
G021,G065,0.0016127672,1
G066,G073,0.0015891237,1
G008,G014,0.0015858301,1
G031,G030,0.0015851489,1
G045,G085,0.0015584884,1
G070,G071,0.0015282402,1
G092,G095,0.0015228487,1
G070,G072,0.001515282,1
G085,G079,0.0015074929,1
G088,G073,0.0014683848,1
G066,G004,0.0014512376,1
G093,G081,0.0014440439,1
G085,G014,0.001438758,1
G083,G068,0.0014102907,1
G092,G028,0.0013712118,1
G085,G025,0.0013664379,1
G065,G041,0.0013257111,1
G001,G097,0.0012541094,1
G029,G025,0.001253808,1
G092,G074,0.0012345066,1
G085,G057,0.0012241498,1
G088,G086,0.0012225192,1
G034,G035,0.0012121396,1
G064,G045,0.0011967634,1
G093,G055,0.0011804425,1
G043,G023,0.0011794891,1
G083,G085,0.0011776604,1
G085,G093,0.001169593,1
G040,G010,0.001167516,1
G085,G074,0.0011616399,1
G097,G014,0.0011606986,1
G092,G011,0.0011510695,1
G008,G049,0.0011460719,1
G064,G060,0.0011184103,1
G083,G086,0.0011141697,1
G097,G077,0.0010994592,1
G066,G020,0.0010953973,1
G063,G081,0.0010949107,1
G045,G046,0.0010923902,1
G091,G007,0.0010890975,1
G067,G073,0.0010625031,1
G085,G080,0.0010516855,1
G061,G045,0.0010345039,1
G088,G039,0.0010321394,1
G040,G032,0.0010277375,1
G056,G014,0.0010277027,1
G008,G064,0.0010261661,1
G088,G094,0.0010252561,1
G074,G014,0.001020479,1
G085,G098,0.0010094544,1
G030,G002,0.0010039067,1
G092,G091,0.0010026151,1
G067,G014,0.0009977182,1
G005,G079,0.0009952814,1
G063,G061,0.0009891365,1
G004,G003,0.0009868098,1
G040,G073,0.0009848941,1
G067,G066,0.0009646974,1
G005,G014,0.0009606755,1
G091,G088,0.00095479283,1
G028,G014,0.000952575,1
G097,G092,0.0009507279,1
G085,G012,0.0009459172,1
G051,G014,0.00094281865,1
G029,G014,0.0009343033,1
G093,G014,0.00092833245,1
G057,G085,0.00092631567,1
G053,G014,0.0009228994,1
G020,G014,0.00089996064,1
G069,G076,0.00089656387,1
G085,G062,0.00089653814,1
G088,G014,0.0008898986,1
G083,G017,0.0008865127,1
G042,G014,0.0008864761,1
G055,G064,0.00088293233,1
G026,G014,0.0008743334,1
G097,G036,0.0008708165,1
G077,G014,0.0008694621,1
G066,G021,0.00086928,1
G084,G014,0.0008683581,1
G073,G092,0.00086374744,1
G048,G014,0.0008617749,1
G043,G054,0.00085658976,1
G027,G018,0.00084879965,1
G092,G013,0.00084867806,1
G001,G014,0.00084522937,1
G001,G098,0.00084262644,1
G027,G014,0.0008414241,1
G008,G098,0.0008409572,1
G018,G014,0.000837031,1
G081,G014,0.00083219097,1
G049,G014,0.0008319664,1
G030,G074,0.00082676753,1
G050,G014,0.0008252404,1
G024,G014,0.0008205166,1
G002,G014,0.0008172279,1
G074,G091,0.00081572495,1
G003,G045,0.0008125812,1
G006,G081,0.00081249664,1
G010,G009,0.00081193884,1
G093,G027,0.0008119097,1
G065,G014,0.00080914045,1
G088,G046,0.00080873276,1
G025,G081,0.0008083355,1
G023,G014,0.0008070736,1
G037,G100,0.0008055194,1
G034,G014,0.000804869,1
G066,G044,0.00080477225,1
G043,G098,0.00080303627,1
G001,G033,0.00079802,1
G067,G076,0.0007958876,1
G063,G014,0.0007911228,1
G016,G076,0.0007869476,1
G035,G081,0.00078362087,1
G035,G014,0.00078314095,1
G099,G014,0.0007781721,1
G092,G056,0.00077574037,1
G014,G098,0.0007752834,1
G042,G076,0.0007751628,1
G057,G099,0.0007748255,1
G020,G081,0.00076856895,1
G019,G014,0.00076543307,1
G082,G073,0.0007651518,1
G085,G081,0.0007634481,1
G038,G081,0.0007624599,1
G085,G042,0.0007568101,1
G045,G014,0.0007531248,1
G033,G014,0.0007528184,1
G066,G081,0.000751129,1
G032,G074,0.00075087714,1
G058,G085,0.0007508163,1
G081,G076,0.00074963813,1
G085,G092,0.0007496308,1
G032,G051,0.00074427424,1
G046,G076,0.00074413687,1
G095,G014,0.0007423921,1
G085,G029,0.0007332353,1
G077,G092,0.0007306327,1
G023,G074,0.00072497,1
G085,G065,0.00071873603,1
G076,G021,0.00071650464,1
G096,G007,0.00071621285,1
G084,G021,0.0007140261,1
G040,G028,0.00070954143,1
G043,G092,0.00070802134,1
G028,G081,0.00070470094,1
G069,G081,0.00070293574,1
G019,G074,0.0007023063,1
G018,G089,0.0006972337,1
G074,G021,0.00069678505,1
G093,G007,0.0006884906,1
G046,G074,0.00068834756,1
G035,G033,0.00068615295,1
G006,G098,0.00068498583,1
G020,G046,0.00068488426,1
G084,G081,0.00068451534,1
G017,G085,0.00068224577,1
G042,G074,0.0006813414,1
G099,G055,0.0006810901,1
G029,G039,0.00068088475,1
G093,G074,0.0006797285,1
G004,G014,0.00067699817,1
G016,G014,0.0006768265,1
G025,G098,0.000673686,1
G036,G098,0.0006703137,1
G085,G052,0.00066982245,1
G082,G076,0.0006650509,1
G033,G076,0.00066494325,1
G029,G001,0.0006646948,1
G086,G085,0.0006645156,1
G013,G073,0.0006628726,1
G039,G074,0.0006624134,1
G050,G076,0.00066086266,1
G095,G001,0.0006593648,1
G001,G012,0.00065900077,1
G004,G078,0.0006588914,1
G024,G006,0.0006579977,1
G085,G076,0.0006573437,1
G059,G042,0.00065692834,1
G085,G091,0.000656509,1
G018,G081,0.00065455236,1
G080,G038,0.0006528065,1
G066,G014,0.00065145554,1
G007,G014,0.00065138657,1
G089,G078,0.00065098057,1
G019,G036,0.0006509269,1
G007,G074,0.0006500734,1
G088,G007,0.0006488831,1
G079,G089,0.0006475406,1
G088,G095,0.00064729823,1
G085,G001,0.00064245146,1
G099,G021,0.00064029655,1
G085,G084,0.0006401037,1
G005,G076,0.0006352401,1
G031,G007,0.00063506985,1
G081,G098,0.00063397805,1
G001,G089,0.0006331976,1
G008,G013,0.0006313246,1
G005,G074,0.0006312367,1
G060,G046,0.00063041726,1
G008,G017,0.00063021557,1
G061,G058,0.0006286489,1
G032,G007,0.0006268837,1
G023,G021,0.0006266683,1
G040,G014,0.0006264392,1
G080,G007,0.00062558614,1
G030,G055,0.0006235783,1
G001,G068,0.00062298967,1
G031,G081,0.00062232243,1
G096,G074,0.0006223064,1
G088,G081,0.00062132644,1
G056,G076,0.00062049564,1
G006,G021,0.00061964296,1
G089,G014,0.00061856525,1
G082,G029,0.000618107,1
G032,G021,0.00061687693,1
G095,G081,0.0006136122,1
G100,G007,0.00061334856,1
G056,G008,0.0006122103,1
G079,G014,0.00061131065,1
G085,G050,0.0006106771,1
G015,G043,0.00060892606,1
G098,G089,0.00060807785,1
G099,G007,0.0006079531,1
G024,G089,0.00060783274,1
G031,G076,0.0006068414,1
G015,G033,0.00060599495,1
G015,G014,0.0006052173,1
G085,G018,0.0006025923,1
G060,G074,0.00060145714,1
G085,G087,0.0006002551,1
G030,G014,0.00059945916,1
G040,G081,0.000595902,1
G063,G036,0.0005949148,1
G092,G001,0.00059058145,1
G032,G098,0.00059010246,1
G038,G021,0.0005900941,1
G069,G020,0.0005899031,1
G082,G021,0.0005869124,1
G030,G098,0.00058553665,1
G084,G076,0.0005855042,1
G006,G074,0.0005853984,1
G087,G046,0.00058531365,1
G056,G073,0.0005851313,1
G059,G092,0.00058376405,1
G049,G046,0.00058023224,1
G018,G007,0.00057867967,1
G091,G062,0.0005777498,1
G081,G007,0.00057593785,1
G019,G089,0.00057559885,1
G098,G021,0.0005748478,1
G079,G038,0.0005742895,1
G048,G098,0.0005730794,1
G074,G054,0.00057301077,1
G005,G046,0.00057193625,1
G097,G058,0.0005714404,1
G035,G046,0.00056921894,1
G092,G055,0.00056916405,1
G097,G085,0.00056901784,1
G054,G014,0.000568724,1
G043,G079,0.000567956,1
G043,G042,0.00056744565,1
G002,G021,0.00056696136,1
G027,G098,0.0005665379,1
G049,G098,0.0005654165,1
G021,G091,0.0005651966,1
G093,G036,0.0005648838,1
G050,G081,0.00056332286,1
G027,G021,0.00056155794,1
G018,G036,0.00056106446,1
G037,G089,0.0005600221,1
G066,G074,0.00055913744,1
G022,G081,0.00055752404,1
G020,G098,0.00055699534,1
G024,G001,0.00055614795,1
G082,G074,0.00055591675,1
G023,G081,0.0005541279,1
G100,G040,0.0005533595,1
G031,G014,0.00054966897,1
G020,G024,0.0005478343,1
G047,G089,0.00054595986,1
G033,G007,0.00054581906,1
G078,G098,0.00054491684,1
G080,G081,0.0005443113,1
G055,G014,0.0005428383,1
G096,G036,0.00054266624,1
G035,G098,0.0005416574,1
G058,G015,0.00054105674,1
G026,G092,0.0005398556,1
G033,G074,0.00053920015,1
G012,G079,0.0005390455,1
G028,G055,0.00053700444,1
G033,G021,0.0005342916,1
G088,G021,0.0005336621,1
G065,G091,0.0005309462,1
G066,G092,0.00053003186,1
G093,G038,0.0005282421,1
G076,G089,0.00052780384,1
G100,G021,0.0005271292,1
G097,G026,0.000526913,1
G069,G074,0.00052671385,1
G002,G098,0.0005264279,1
G088,G079,0.00052554713,1
G003,G021,0.00052042934,1
G093,G092,0.00051992194,1
G041,G017,0.0005195438,1
G077,G074,0.00051738817,1
G035,G008,0.0005159776,1
G039,G076,0.0005155089,1
G075,G074,0.0005154582,1
G069,G007,0.0005144884,1
G080,G089,0.000514214,1
G002,G081,0.00051370217,1
G077,G007,0.00051168527,1
G034,G036,0.00051109615,1
G025,G021,0.0005105548,1
G019,G076,0.00050966034,1
G082,G011,0.00050942553,1
G077,G076,0.00050922314,1
G091,G073,0.0005087022,1
G042,G021,0.0005086772,1
G046,G021,0.0005078947,1
G075,G021,0.0005076569,1
G093,G096,0.00050735613,1
G030,G041,0.0005067562,1
G025,G074,0.0005059902,1
G083,G008,0.000505246,1
G001,G021,0.0005036493,1
G085,G021,0.00049911946,1
G070,G046,0.00049878954,1
G037,G076,0.0004982805,1
G066,G036,0.0004967196,1
G020,G007,0.00049582677,1
G100,G046,0.00049577386,1
G042,G046,0.00049570424,1
G063,G089,0.00049546553,1
G098,G074,0.00049491,1
G005,G073,0.0004946678,1
G026,G095,0.00049442716,1
G068,G081,0.00049399777,1
G066,G078,0.0004936442,1
G097,G054,0.00049259316,1
G052,G046,0.00049250113,1
G030,G076,0.0004905713,1
G022,G074,0.00049007544,1
G007,G046,0.00048703564,1
G060,G014,0.0004869538,1
G022,G098,0.00048637978,1
G097,G056,0.0004862138,1
G094,G036,0.00048604407,1
G014,G017,0.00048498495,1
G031,G066,0.00048444892,1
G056,G007,0.00048306928,1
G038,G014,0.0004828415,1
G030,G073,0.0004826894,1
G082,G049,0.00048250397,1
G048,G089,0.00048202684,1
G088,G089,0.0004816239,1
G022,G046,0.00048030197,1
G077,G089,0.00047823536,1
G066,G017,0.00047780992,1
G074,G070,0.00047697363,1
G094,G074,0.00047644344,1
G023,G089,0.00047583863,1
G038,G098,0.00047573698,1
G074,G036,0.00047342398,1
G019,G021,0.00047264653,1
G026,G025,0.00047222097,1
G069,G092,0.00047146142,1
G056,G081,0.00047033018,1
G035,G074,0.00046882773,1
G026,G089,0.0004677357,1
G077,G046,0.0004670213,1
G087,G089,0.00046627593,1
G089,G081,0.00046593172,1
G020,G091,0.000465823,1
G096,G046,0.0004656155,1
G068,G074,0.00046560256,1
G037,G020,0.0004641755,1
G004,G098,0.00046349023,1
G015,G046,0.0004633543,1
G018,G097,0.00046201778,1
G050,G021,0.00046086387,1
G080,G066,0.0004595557,1
G094,G007,0.00045925798,1
G076,G074,0.00045844595,1
G027,G055,0.00045733235,1
G080,G021,0.0004570231,1
G036,G085,0.00045620408,1
G040,G094,0.00045592114,1
G016,G043,0.00045571834,1
G043,G031,0.00045479374,1
G050,G073,0.00045471537,1
G056,G098,0.0004544018,1
G043,G081,0.00045410683,1
G007,G073,0.00045356978,1
G008,G055,0.0004526002,1
G035,G007,0.00045172952,1
G085,G031,0.0004510194,1
G096,G055,0.0004507468,1
G100,G076,0.0004505026,1
G099,G098,0.0004499633,1
G063,G007,0.00044957167,1
G075,G089,0.00044895103,1
G098,G049,0.00044809224,1
G068,G098,0.0004475383,1
G074,G038,0.00044732288,1
G024,G076,0.0004466322,1
G038,G078,0.00044615977,1
G046,G040,0.0004459369,1
G063,G076,0.0004459117,1
G023,G073,0.0004454213,1
G081,G094,0.00044505787,1
G084,G089,0.00044481005,1
G026,G076,0.00044440047,1
G048,G021,0.000443982,1
G070,G036,0.0004438756,1
G004,G076,0.00044379843,1
G046,G008,0.00044331115,1
G091,G089,0.00044242013,1
G066,G035,0.00044196896,1
G076,G014,0.00044148735,1
G014,G089,0.00044141005,1
G034,G078,0.00043984456,1
G055,G007,0.000437653,1
G087,G014,0.00043763744,1
G012,G098,0.00043742603,1
G051,G021,0.0004373524,1
G004,G046,0.00043724972,1
G043,G046,0.00043721613,1
G062,G081,0.00043718683,1
G030,G086,0.00043585524,1
G042,G081,0.00043519543,1
G089,G074,0.0004340665,1
G085,G020,0.00043346803,1
G069,G098,0.00043345388,1
G023,G098,0.00043214648,1
G079,G081,0.00043168725,1
G035,G089,0.00043111292,1
G003,G014,0.00043105672,1
G006,G089,0.00042983756,1
G100,G098,0.0004297128,1
G005,G092,0.00042894244,1
G065,G007,0.0004283438,1
G001,G080,0.00042826898,1
G073,G038,0.0004280012,1
G039,G089,0.00042776891,1
G075,G001,0.0004263768,1
G093,G029,0.00042495845,1
G076,G068,0.00042493257,1
G039,G081,0.00042323984,1
G007,G098,0.00042295578,1
G028,G007,0.00042266515,1
G091,G018,0.00042194565,1
G079,G007,0.00042135324,1
G015,G049,0.00041964956,1
G099,G076,0.00041807993,1
G055,G074,0.00041714782,1
G069,G036,0.00041593512,1
G048,G075,0.00041567083,1
G023,G076,0.00041565584,1
G024,G039,0.00041560677,1
G055,G089,0.00041495555,1
G075,G080,0.00041487993,1
G031,G052,0.00041454783,1
G039,G098,0.000414038,1
G029,G085,0.00041356985,1
G087,G073,0.000412962,1
G049,G089,0.00041246988,1
G098,G007,0.00041197948,1
G029,G089,0.00041194225,1
G019,G085,0.00041184635,1
G049,G094,0.00041044448,1
G070,G008,0.00040977215,1
G078,G040,0.00040970717,1
G053,G097,0.00040827473,1
G082,G004,0.00040758462,1
G081,G001,0.00040752743,1
G067,G023,0.00040744405,1
G031,G008,0.00040705194,1
G028,G023,0.00040659925,1
G029,G098,0.00040550606,1
G001,G022,0.00040466222,1
G003,G089,0.00040449767,1
G006,G077,0.00040440608,1
G031,G074,0.00040432144,1
G030,G052,0.00040430616,1
G076,G007,0.00040256185,1
G068,G007,0.00040003518,1
G028,G034,0.0004000323,1
G082,G096,0.00039983814,1
G062,G050,0.00039971014,1
G096,G040,0.00039970744,1
G037,G021,0.0003995297,1
G090,G074,0.0003984495,1
G037,G091,0.00039824483,1
G046,G078,0.0003980583,1
G040,G074,0.00039745675,1
G036,G081,0.00039742514,1
G088,G062,0.00039724816,1
G006,G007,0.0003967368,1
G097,G042,0.00039625415,1
G042,G050,0.00039614557,1
G076,G035,0.00039606023,1
G068,G036,0.00039570124,1
G038,G085,0.00039443444,1
G085,G007,0.0003943147,1
G095,G021,0.00039280776,1
G085,G078,0.00039104602,1
G037,G098,0.0003909402,1
G046,G097,0.000390871,1
G007,G036,0.0003890807,1
G066,G076,0.00038820563,1
G020,G074,0.00038677055,1
G060,G073,0.00038640888,1
G042,G036,0.00038565535,1
G079,G098,0.0003855744,1
G097,G029,0.00038373642,1
G069,G089,0.00038372484,1
G052,G098,0.00038340315,1
G031,G073,0.0003827429,1
G024,G055,0.00038273504,1
G036,G039,0.00038237238,1
G008,G007,0.00038162997,1
G042,G041,0.0003809763,1
G085,G036,0.00038054504,1
G037,G074,0.00038021908,1
G022,G018,0.00037890355,1
G038,G004,0.00037874453,1
G021,G040,0.00037758818,1
G032,G040,0.00037470588,1
G085,G035,0.00037462907,1
G040,G017,0.00037441833,1
G048,G091,0.00037406647,1
G091,G076,0.00037395276,1
G094,G098,0.00037385104,1
G021,G081,0.0003734991,1
G024,G073,0.0003728927,1
G062,G055,0.00037286166,1
G028,G040,0.00037170117,1
G088,G024,0.0003714655,1
G046,G026,0.00037145373,1
G096,G081,0.0003713236,1
G005,G089,0.00037127308,1
G099,G046,0.0003712181,1
G066,G098,0.0003711139,1
G084,G040,0.00037029013,1
G011,G015,0.00036966585,1
G073,G040,0.00036961216,1
G033,G022,0.00036938334,1
G080,G098,0.00036887685,1
G069,G049,0.0003687559,1
G036,G038,0.00036829137,1
G006,G046,0.00036747268,1
G081,G055,0.00036646344,1
G089,G022,0.0003657014,1
G066,G015,0.00036553896,1
G014,G010,0.000365093,1
G035,G050,0.00036382108,1
G034,G098,0.00036371246,1
G027,G065,0.00036302212,1
G006,G036,0.00036297305,1
G032,G081,0.00036249918,1
G055,G021,0.00036230253,1
G025,G014,0.0003622575,1
G038,G046,0.0003615625,1
G043,G005,0.0003613851,1
G033,G077,0.00036077417,1
G046,G059,0.00036035027,1
G070,G039,0.00035904255,1
G073,G055,0.0003588301,1
G012,G039,0.00035881696,1
G036,G089,0.00035832182,1
G066,G022,0.00035786588,1
G028,G048,0.00035779894,1
G022,G076,0.00035777115,1
G036,G007,0.0003574677,1
G080,G073,0.00035724844,1
G001,G030,0.00035723243,1
G093,G048,0.0003569336,1
G052,G089,0.0003545339,1
G024,G015,0.00035439606,1
G016,G073,0.0003533458,1
G070,G062,0.00035250993,1
G091,G079,0.00035246368,1
G062,G007,0.00035157747,1
G082,G085,0.00035124045,1
G092,G048,0.0003512307,1
G084,G062,0.00035074007,1
G005,G047,0.00034993223,1
G053,G021,0.00034923144,1
G077,G055,0.00034914716,1
G093,G024,0.0003487989,1
G051,G015,0.00034850676,1
G026,G055,0.00034782887,1
G039,G021,0.00034773292,1
G049,G074,0.0003471102,1
G024,G095,0.0003465614,1
G073,G074,0.00034626428,1
G097,G004,0.00034589495,1
G029,G007,0.0003449028,1
G015,G047,0.0003445194,1
G090,G021,0.00034435705,1
G098,G050,0.00034403015,1
G002,G035,0.00034396353,1
G056,G021,0.00034364383,1
G024,G092,0.00034334778,1
G093,G068,0.00034295436,1
G075,G098,0.0003422771,1
G048,G076,0.00034213808,1
G081,G085,0.00034205779,1
G040,G095,0.000341883,1
G066,G012,0.0003408008,1
G074,G095,0.00034078167,1
G085,G006,0.0003400825,1
G030,G050,0.00033979333,1
G049,G078,0.0003395044,1
G079,G021,0.00033866416,1
G033,G089,0.0003386311,1
G048,G080,0.00033792105,1
G025,G046,0.00033760074,1
G092,G052,0.00033703187,1
G008,G066,0.00033682084,1
G064,G058,0.0003361033,1
G020,G021,0.0003360015,1
G056,G046,0.00033545835,1
G047,G094,0.00033505485,1
G093,G064,0.00033486463,1
G031,G088,0.0003332492,1
G002,G076,0.00033312582,1
G055,G036,0.0003329653,1
G005,G019,0.00033289415,1
G073,G026,0.00033286226,1
G053,G074,0.00033264968,1
G001,G023,0.00033214883,1
G053,G046,0.00033042952,1
G055,G085,0.0003299894,1
G094,G021,0.0003289692,1
G069,G050,0.00032802738,1
G058,G089,0.00032685453,1
G070,G081,0.000326611,1
G011,G081,0.00032633703,1
G093,G072,0.0003262944,1
G029,G047,0.00032611753,1
G045,G081,0.00032610225,1
G057,G089,0.0003259411,1
G007,G066,0.00032574456,1
G067,G098,0.00032534343,1
G088,G036,0.0003240907,1
G031,G089,0.00032375997,1
G019,G008,0.0003236468,1
G074,G073,0.00032240417,1
G075,G096,0.0003219854,1
G030,G089,0.00032189165,1
G027,G046,0.0003199171,1
G047,G084,0.00031873098,1
G025,G007,0.0003184886,1
G008,G099,0.00031780126,1
G075,G036,0.00031772655,1
G034,G055,0.00031771758,1
G035,G056,0.000317594,1
G074,G084,0.0003172388,1
G060,G100,0.00031713746,1
G096,G068,0.00031710556,1
G092,G006,0.0003160419,1
G049,G048,0.00031587225,1
G096,G014,0.00031474343,1
G069,G039,0.0003141128,1
G039,G022,0.0003134228,1
G023,G036,0.0003126275,1
G015,G002,0.00031184067,1
G082,G052,0.00031156983,1
G055,G098,0.00031102286,1
G014,G076,0.00031069142,1
G087,G098,0.00031067227,1
G100,G078,0.00031019008,1
G069,G046,0.00031018615,1
G047,G098,0.00031002995,1
G090,G081,0.0003088874,1
G056,G050,0.00030882593,1
G093,G050,0.00030870803,1
G087,G021,0.00030761067,1
G050,G024,0.00030698007,1
G044,G083,0.00030667742,1
G038,G070,0.00030527715,1
G034,G069,0.00030524415,1
G015,G001,0.00030503864,1
G063,G085,0.000304505,1
G036,G054,0.00030445357,1
G060,G076,0.00030433183,1
G042,G058,0.00030431672,1
G038,G041,0.00030370068,1
G091,G012,0.00030267943,1
G055,G061,0.00030262172,1
G034,G041,0.00030259878,1
G042,G023,0.00030257303,1
G050,G007,0.00030255574,1
G085,G082,0.00030213158,1
G023,G054,0.000301504,1
G001,G073,0.0003009237,1
G019,G052,0.00029813408,1
G077,G094,0.0002978925,1
G016,G055,0.00029765815,1
G078,G007,0.00029728253,1
G073,G064,0.00029715282,1
G011,G005,0.0002970388,1
G100,G050,0.00029668192,1
G066,G089,0.00029514474,1
G075,G018,0.00029466182,1
G047,G069,0.00029374356,1
G042,G055,0.0002936036,1
G060,G039,0.00029334647,1
G008,G089,0.00029292304,1
G034,G021,0.00029220324,1
G089,G040,0.00029145306,1
G048,G015,0.00029080836,1
G096,G049,0.00029055658,1
G024,G041,0.00029039662,1
G092,G009,0.0002901953,1
G003,G076,0.00028968783,1
G027,G085,0.00028840324,1
G030,G004,0.0002883114,1
G030,G018,0.0002882102,1
G082,G046,0.00028805734,1
G056,G080,0.00028799527,1
G023,G007,0.00028754937,1
G043,G049,0.00028744855,1
G092,G019,0.00028669802,1
G080,G034,0.0002865093,1
G036,G008,0.00028616292,1
G063,G073,0.00028613466,1
G026,G007,0.00028556492,1
G070,G095,0.00028545267,1
G091,G026,0.0002851638,1
G066,G002,0.0002851091,1
G063,G098,0.0002846523,1
G004,G081,0.0002845402,1
G091,G074,0.00028431756,1
G046,G044,0.0002837896,1
G031,G095,0.00028354515,1
G022,G016,0.00028351502,1
G085,G015,0.00028335466,1
G057,G094,0.00028316202,1
G021,G014,0.00028248836,1
G035,G076,0.00028210136,1
G077,G086,0.00028173503,1
G082,G007,0.00028149164,1
G024,G096,0.00028137927,1
G030,G085,0.0002810288,1
G066,G091,0.00028092298,1
G097,G020,0.0002803969,1
G036,G058,0.00028009937,1
G071,G086,0.00027962355,1
G075,G076,0.00027925114,1
G088,G050,0.00027924174,1
G085,G048,0.00027919235,1
G085,G002,0.00027890355,1
G081,G029,0.00027869514,1
G051,G068,0.00027806673,1
G046,G067,0.00027753526,1
G021,G064,0.00027732053,1
G068,G062,0.00027697234,1
G019,G073,0.00027680743,1
G026,G021,0.00027635365,1
G030,G100,0.0002762772,1
G008,G050,0.00027620164,1
G076,G097,0.00027616357,1
G056,G068,0.0002750673,1
G079,G054,0.00027482942,1
G091,G023,0.00027476496,1
G005,G068,0.00027465922,1
G021,G067,0.0002742786,1
G069,G068,0.00027412066,1
G082,G070,0.000274038,1
G065,G098,0.00027364262,1
G029,G036,0.00027357548,1
G034,G085,0.0002734699,1
G002,G074,0.00027276043,1
G005,G021,0.0002725423,1
G008,G034,0.00027248202,1
G097,G059,0.000271404,1
G026,G068,0.00027081842,1
G006,G014,0.00027055378,1
G099,G054,0.0002698918,1
G023,G017,0.00026959955,1
G050,G096,0.00026944798,1
G051,G094,0.00026828315,1
G040,G099,0.00026815635,1
G030,G095,0.0002677199,1
G097,G050,0.00026762008,1
G035,G021,0.00026711813,1
G028,G054,0.00026664036,1
G065,G089,0.0002664635,1
G027,G004,0.00026589303,1
G084,G050,0.00026570176,1
G048,G073,0.0002656566,1
G046,G001,0.00026547522,1
G022,G073,0.00026542944,1
G085,G075,0.0002642941,1
G030,G058,0.00026418603,1
G046,G017,0.00026392212,1
G019,G096,0.0002637798,1
G053,G098,0.00026350823,1
G003,G098,0.0002632982,1
G067,G022,0.0002621371,1
G001,G076,0.000261493,1
G014,G022,0.00026146768,1
G004,G074,0.00026143002,1
G005,G081,0.00026098225,1
G094,G076,0.00025985108,1
G078,G041,0.00025981234,1
G030,G043,0.0002594794,1
G090,G076,0.00025943553,1
G038,G094,0.0002593488,1
G079,G074,0.00025901655,1
G008,G025,0.00025856364,1
G012,G073,0.00025777685,1
G076,G041,0.00025722283,1
G043,G009,0.0002572098,1
G042,G087,0.0002570689,1
G078,G050,0.00025676526,1
G084,G054,0.0002564487,1
G008,G078,0.00025639293,1
G088,G054,0.00025632285,1
G070,G100,0.00025615416,1
G061,G060,0.00025583032,1
G067,G018,0.00025486824,1
G039,G023,0.00025426727,1
G043,G008,0.00025394827,1
G012,G037,0.00025380522,1
G075,G050,0.00025292923,1
G038,G022,0.0002527632,1
G099,G015,0.0002527573,1
G045,G098,0.00025259677,1
G076,G020,0.0002515809,1
G062,G073,0.0002514418,1
G091,G040,0.00025130066,1
G035,G036,0.0002504457,1
G089,G097,0.00025010516,1
G005,G030,0.00025008025,1
G087,G081,0.00024964663,1
G034,G087,0.00024963362,1
G056,G055,0.00024934887,1
G054,G021,0.00024839246,1
G069,G073,0.00024828874,1
G053,G023,0.00024790547,1
G078,G022,0.00024787456,1
G100,G049,0.0002476616,1
G099,G097,0.0002474961,1
G037,G045,0.0002471807,1
G037,G007,0.00024706914,1
G057,G021,0.00024691568,1
G048,G081,0.00024678133,1
G077,G021,0.00024620528,1
G027,G074,0.00024485725,1
G029,G049,0.00024404333,1
G037,G046,0.00024389828,1
G022,G052,0.00024389538,1
G051,G036,0.00024367345,1
G094,G022,0.00024355059,1
G067,G092,0.0002422078,1
G043,G078,0.00024165015,1
G028,G100,0.00024154404,1
G055,G050,0.00024142076,1
G097,G039,0.00024121693,1
G005,G098,0.00024088878,1
G076,G029,0.00024081145,1
G042,G099,0.00024061424,1
G026,G006,0.00024036951,1
G063,G075,0.00023985878,1
G075,G039,0.00023915157,1
G091,G092,0.00023896547,1
G055,G001,0.00023867439,1
G079,G022,0.00023836215,1
G050,G036,0.00023820768,1
G084,G061,0.00023816353,1
G051,G098,0.00023793276,1
G019,G098,0.0002369008,1
G063,G021,0.00023670727,1
G080,G022,0.00023657117,1
G014,G004,0.00023646053,1
G020,G073,0.0002358847,1
G088,G080,0.00023584186,1
G052,G073,0.00023559465,1
G052,G074,0.0002351538,1
G056,G089,0.0002351365,1
G033,G075,0.00023481085,1
G046,G058,0.00023476096,1
G023,G085,0.00023416088,1
G099,G068,0.00023390117,1
G075,G085,0.00023291307,1
G002,G062,0.00023266075,1
G047,G046,0.00023258853,1
G074,G081,0.000232397,1
G043,G082,0.00023234249,1
G043,G014,0.00023228071,1
G069,G022,0.0002321072,1
G047,G017,0.00023171012,1
G067,G075,0.00023167858,1
G049,G023,0.000231634,1
G036,G073,0.00023150923,1
G062,G046,0.00023108863,1
G002,G039,0.00023097791,1
G048,G050,0.00023053668,1
G090,G036,0.00023022399,1
G090,G007,0.00022989113,1
G012,G085,0.0002296537,1
G005,G023,0.00022958375,1
G080,G014,0.0002295363,1
G045,G095,0.00022914947,1
G091,G015,0.00022902225,1
G056,G075,0.00022888278,1
G054,G029,0.00022823231,1
G014,G021,0.00022815706,1
G085,G005,0.0002281202,1
G004,G022,0.00022810887,1
G005,G058,0.00022794375,1
G001,G009,0.00022793197,1
G047,G081,0.0002279249,1
G034,G073,0.00022779721,1
G053,G039,0.00022757957,1
G042,G031,0.00022747998,1
G005,G040,0.00022693285,1
G082,G094,0.00022690765,1
G027,G062,0.00022676503,1
G006,G076,0.00022664464,1
G007,G008,0.00022659246,1
G088,G056,0.00022554517,1
G001,G095,0.00022526202,1
G012,G023,0.0002247236,1
G057,G045,0.00022464561,1
G085,G034,0.00022452732,1
G046,G091,0.00022416358,1
G032,G061,0.00022377717,1
G018,G032,0.0002237237,1
G077,G082,0.00022367606,1
G018,G079,0.00022320315,1
G008,G076,0.0002230669,1
G002,G034,0.00022267396,1
G055,G072,0.00022251905,1
G042,G091,0.00022243768,1
G024,G081,0.00022225654,1
G060,G098,0.00022221623,1
G031,G020,0.00022201608,1
G036,G062,0.00022183644,1
G018,G039,0.0002211937,1
G085,G023,0.00022095397,1
G077,G098,0.00022085886,1
G028,G074,0.00022045581,1
G016,G068,0.00022030267,1
G021,G061,0.00021978075,1
G062,G048,0.00021973904,1
G036,G083,0.00021962149,1
G095,G017,0.00021942527,1
G082,G006,0.00021909777,1
G067,G078,0.00021902275,1
G028,G079,0.00021890139,1
G040,G090,0.00021839762,1
G097,G087,0.00021828734,1
G003,G058,0.00021789093,1
G055,G070,0.00021788955,1
G043,G059,0.0002178773,1
G076,G017,0.00021787004,1
G051,G055,0.00021758596,1
G027,G022,0.00021757493,1
G079,G073,0.00021711332,1
G020,G058,0.0002166245,1
G087,G091,0.00021659058,1
G095,G098,0.00021620475,1
G054,G058,0.00021604999,1
G053,G071,0.00021577299,1
G039,G046,0.0002153985,1
G084,G080,0.00021511868,1
G087,G062,0.0002148941,1
G034,G058,0.00021461683,1
G005,G059,0.00021439465,1
G025,G070,0.00021401841,1
G063,G056,0.00021312477,1
G041,G083,0.00021300271,1
G029,G055,0.00021293637,1
G004,G048,0.00021276089,1
G022,G085,0.00021270248,1
G087,G076,0.0002125976,1
G074,G017,0.00021258343,1
G004,G056,0.00021250044,1
G080,G046,0.0002123261,1
G038,G055,0.00021149374,1
G024,G031,0.00021119154,1
G037,G097,0.0002105642,1
G012,G021,0.00021033104,1
G006,G073,0.00021021304,1
G084,G087,0.00021014184,1
G022,G034,0.00021009207,1
G028,G021,0.00020976452,1
G048,G036,0.0002095412,1
G091,G050,0.00020949493,1
G007,G043,0.00020930047,1
G053,G068,0.00020910494,1
G093,G070,0.000208757,1
G003,G007,0.00020866147,1
G067,G074,0.00020849398,1
G019,G050,0.00020827325,1
G021,G007,0.00020809002,1
G078,G036,0.00020795819,1
G084,G078,0.00020728349,1
G043,G066,0.00020727629,1
G020,G036,0.00020708932,1
G065,G062,0.00020686016,1
G048,G078,0.00020681637,1
G015,G017,0.00020674996,1
G019,G058,0.00020614949,1
G051,G061,0.00020609368,1
G068,G055,0.00020580148,1
G095,G002,0.00020565982,1
G008,G015,0.00020557591,1
G016,G089,0.00020492096,1
G097,G044,0.00020477589,1
G097,G066,0.00020456298,1
G008,G044,0.00020447496,1
G005,G022,0.00020437727,1
G091,G031,0.00020413761,1
G036,G037,0.00020410185,1
G040,G096,0.0002035694,1
G053,G015,0.00020354248,1
G026,G066,0.00020316512,1
G080,G048,0.00020276268,1
G012,G029,0.00020262401,1
G042,G094,0.00020244563,1
G073,G017,0.00020228738,1
G051,G020,0.00020217401,1
G096,G076,0.00020197593,1
G048,G095,0.00020186917,1
G078,G021,0.00020132028,1
G074,G015,0.0002011916,1
G027,G039,0.00020108065,1
G025,G026,0.00020103768,1
G069,G087,0.00020100737,1
G016,G017,0.00020098421,1
G004,G036,0.00020086166,1
G044,G058,0.00020049873,1
G037,G055,0.00020036066,1
G052,G100,0.00019984861,1
G038,G074,0.00019920013,1
G097,G003,0.0001989316,1
G060,G050,0.00019891605,1
G015,G050,0.00019879629,1
G074,G007,0.00019823985,1
G052,G079,0.00019806671,1
G039,G015,0.00019801817,1
G019,G055,0.00019760868,1
G077,G032,0.00019738382,1
G020,G017,0.0001972292,1
G026,G080,0.00019719201,1
G092,G020,0.00019682455,1
G085,G043,0.00019679304,1
G011,G058,0.00019668175,1
G067,G034,0.00019654428,1
G048,G070,0.00019649752,1
G088,G010,0.00019643245,1
G049,G007,0.00019612703,1
G070,G089,0.00019594817,1
G029,G069,0.00019584868,1
G082,G023,0.00019574152,1
G055,G004,0.00019573118,1
G062,G029,0.0001955209,1
G032,G002,0.00019542656,1
G040,G059,0.00019539834,1
G011,G097,0.00019495023,1
G052,G094,0.00019489377,1
G083,G073,0.00019471857,1
G040,G071,0.0001945184,1
G034,G015,0.00019443786,1
G030,G023,0.0001938741,1
G030,G062,0.00019372535,1
G053,G059,0.00019366546,1
G067,G087,0.00019333379,1
G012,G089,0.00019332573,1
G067,G052,0.00019332294,1
G040,G015,0.00019260561,1
G002,G073,0.00019240899,1
G033,G069,0.00019223422,1
G087,G015,0.00019201754,1
G028,G080,0.00019198992,1
G007,G076,0.00019135124,1
G026,G001,0.00019093096,1
G044,G059,0.00019079223,1
G006,G017,0.00019077102,1
G089,G021,0.00018991277,1
G047,G050,0.00018936626,1
G093,G076,0.00018935767,1
G028,G036,0.00018913593,1
G053,G080,0.00018892191,1
G027,G082,0.00018853003,1
G042,G100,0.0001883553,1
G025,G085,0.00018791157,1
G075,G083,0.00018788206,1
G007,G085,0.00018771991,1
G052,G018,0.00018718553,1
G088,G096,0.00018713358,1
G013,G044,0.00018710195,1
G002,G046,0.00018695972,1
G091,G070,0.00018690164,1
G034,G081,0.00018678555,1
G065,G074,0.00018664743,1
G024,G022,0.00018661233,1
G092,G008,0.00018655606,1
G027,G006,0.0001863849,1
G018,G073,0.00018568985,1
G087,G022,0.00018516711,1
G076,G081,0.00018465496,1
G023,G050,0.00018463722,1
G021,G044,0.00018458265,1
G084,G022,0.00018452495,1
G018,G070,0.00018434154,1
G048,G077,0.00018422217,1
G035,G058,0.00018416124,1
G096,G023,0.00018386767,1
G047,G023,0.0001834932,1
G032,G064,0.0001831711,1
G003,G087,0.00018285033,1
G053,G062,0.00018279726,1
G056,G062,0.00018257886,1
G030,G006,0.0001824598,1
G029,G076,0.00018216805,1
G081,G049,0.00018171027,1
G097,G033,0.00018144175,1
G012,G007,0.00018102705,1
G062,G023,0.00018086167,1
G095,G058,0.00018064844,1
G046,G093,0.00018058045,1
G079,G039,0.00018010061,1
G085,G063,0.00017961787,1
G062,G098,0.00017915822,1
G026,G039,0.00017913156,1
G047,G048,0.00017904172,1
G003,G017,0.00017895215,1
G022,G089,0.0001788321,1
G088,G043,0.00017875801,1
G051,G023,0.000178647,1
G077,G080,0.00017858842,1
G082,G018,0.00017854286,1
G078,G077,0.0001785276,1
G085,G037,0.00017834341,1
G092,G036,0.00017823512,1
G051,G024,0.00017804524,1
G025,G054,0.00017766813,1
G043,G096,0.00017741347,1
G009,G086,0.00017713805,1
G085,G070,0.00017709976,1
G097,G098,0.00017628729,1
G052,G050,0.00017601844,1
G036,G001,0.00017598845,1
G053,G058,0.00017583735,1
G004,G060,0.0001757705,1
G078,G073,0.00017553789,1
G062,G017,0.00017553606,1
G098,G015,0.00017551922,1
G076,G087,0.00017526894,1
G001,G027,0.00017526295,1
G033,G012,0.00017497754,1
G052,G014,0.00017447003,1
G070,G007,0.00017444382,1
G044,G073,0.00017439395,1
G005,G055,0.00017438928,1
G099,G023,0.00017408925,1
G058,G017,0.00017403034,1
G031,G079,0.0001735039,1
G078,G052,0.00017347718,1
G073,G076,0.00017297822,1
G005,G070,0.00017274979,1
G031,G033,0.00017256748,1
G075,G031,0.00017253753,1
G016,G046,0.00017253181,1
G005,G078,0.00017227554,1
G085,G049,0.00017209724,1
G053,G077,0.00017186288,1
G033,G078,0.00017185707,1
G045,G021,0.00017175562,1
G008,G088,0.00017174188,1
G012,G059,0.00017168929,1
G096,G034,0.00017141573,1
G072,G094,0.00017099123,1
G052,G058,0.00017089695,1
G093,G015,0.00017028689,1
G040,G012,0.000170105,1
G043,G073,0.00016967118,1
G051,G066,0.00016959729,1
G090,G014,0.00016934818,1
G019,G046,0.00016920468,1
G042,G020,0.00016908866,1
G038,G023,0.00016866946,1
G008,G071,0.00016859634,1
G039,G066,0.00016858632,1
G090,G046,0.00016854667,1
G042,G017,0.00016747216,1
G020,G071,0.00016741204,1
G024,G012,0.00016733736,1
G084,G098,0.00016733177,1
G020,G059,0.0001670859,1
G020,G041,0.00016696367,1
G048,G074,0.00016662262,1
G037,G003,0.00016658538,1
G066,G085,0.00016628203,1
G028,G017,0.00016603574,1
G085,G022,0.00016591577,1
G026,G096,0.00016570969,1
G033,G054,0.0001656412,1
G100,G092,0.0001655914,1
G014,G064,0.00016543928,1
G097,G083,0.00016512065,1
G096,G062,0.00016442736,1
G042,G022,0.00016439206,1
G005,G075,0.00016396327,1
G087,G007,0.0001638818,1
G088,G015,0.00016385016,1
G075,G032,0.00016337134,1
G059,G014,0.00016324298,1
G089,G062,0.00016322096,1
G095,G016,0.00016312246,1
G040,G058,0.00016304624,1
G067,G099,0.00016275344,1
G025,G100,0.00016201257,1
G016,G050,0.00016162019,1
G004,G062,0.00016161958,1
G028,G070,0.00016130407,1
G057,G062,0.00016118374,1
G097,G040,0.00016113622,1
G008,G040,0.00016070837,1
G084,G073,0.0001606183,1
G032,G055,0.00015993015,1
G030,G054,0.00015991178,1
G057,G054,0.00015989233,1
G076,G036,0.00015977357,1
G007,G068,0.00015962194,1
G082,G020,0.00015939501,1
G068,G070,0.00015907169,1
G042,G018,0.00015899133,1
G007,G054,0.00015872896,1
G075,G058,0.0001585626,1
G100,G075,0.00015832184,1
G005,G018,0.00015822885,1
G077,G100,0.00015788902,1
G094,G058,0.00015771731,1
G038,G007,0.00015749606,1
G034,G083,0.00015745446,1
G088,G071,0.0001571306,1
G030,G056,0.00015690709,1
G025,G094,0.0001567099,1
G025,G073,0.00015640519,1
G081,G017,0.00015623958,1
G089,G007,0.00015588787,1
G035,G045,0.00015585855,1
G097,G089,0.000155493,1
G067,G015,0.0001551896,1
G035,G052,0.00015513632,1
G057,G023,0.00015502561,1
G087,G096,0.0001549141,1
G023,G001,0.00015464662,1
G094,G045,0.00015454844,1
G066,G058,0.00015394854,1
G024,G018,0.00015390532,1
G087,G038,0.00015385951,1
G078,G074,0.00015385477,1
G068,G013,0.0001537684,1
G074,G022,0.00015372245,1
G056,G034,0.00015368311,1
G035,G078,0.00015328979,1
G030,G039,0.00015325422,1
G082,G036,0.0001531289,1
G049,G041,0.00015306546,1
G005,G063,0.00015299498,1
G055,G071,0.00015296409,1
G051,G050,0.00015295514,1
G084,G070,0.00015292494,1
G042,G066,0.00015280569,1
G091,G048,0.00015273181,1
G060,G080,0.00015270169,1
G036,G026,0.00015266183,1
G076,G088,0.00015253924,1
G020,G039,0.00015253335,1
G014,G068,0.00015234986,1
G075,G069,0.00015226152,1
G048,G085,0.00015179679,1
G076,G061,0.00015171872,1
G061,G093,0.00015169766,1
G015,G036,0.0001512664,1
G051,G100,0.00015108654,1
G068,G040,0.00015071752,1
G049,G084,0.0001506491,1
G039,G073,0.00015053975,1
G016,G032,0.00015051955,1
G062,G085,0.00015050628,1
G029,G009,0.00015001987,1
G070,G021,0.00014997357,1
G016,G078,0.00014994825,1
G096,G006,0.00014993295,1
G040,G089,0.00014983166,1
G070,G076,0.00014980945,1
G069,G001,0.00014970955,1
G005,G029,0.00014964757,1
G099,G056,0.00014961645,1
G063,G086,0.00014954971,1
G051,G078,0.000149357,1
G004,G007,0.00014900918,1
G077,G044,0.00014849706,1
G045,G054,0.00014800316,1
G049,G095,0.00014781131,1
G082,G014,0.00014771287,1
G087,G002,0.00014764161,1
G056,G017,0.00014762257,1
G023,G078,0.00014655215,1
G014,G061,0.00014651557,1
G040,G092,0.0001463963,1
G085,G053,0.0001460768,1
G030,G077,0.00014588925,1
G049,G056,0.0001457537,1
G035,G044,0.00014514726,1
G050,G041,0.00014498751,1
G012,G058,0.00014496714,1
G003,G050,0.00014482417,1
G053,G070,0.00014481971,1
G100,G024,0.00014460541,1
G060,G010,0.00014447785,1
G025,G089,0.00014444905,1
G007,G075,0.00014436367,1
G026,G015,0.00014407162,1
G040,G083,0.00014394734,1
G098,G024,0.00014381354,1
G015,G078,0.00014348322,1
G093,G017,0.00014319422,1
G003,G063,0.00014312482,1
G037,G024,0.00014307087,1
G057,G063,0.00014289701,1
G087,G017,0.00014266594,1
G051,G052,0.00014263795,1
G042,G075,0.00014256088,1
G012,G093,0.0001425167,1
G066,G046,0.00014230274,1
G040,G093,0.00014230204,1
G043,G085,0.00014213983,1
G049,G017,0.00014213887,1
G046,G055,0.00014210018,1
G019,G015,0.00014184814,1
G008,G062,0.00014177454,1
G033,G036,0.00014170131,1
G035,G092,0.00014162314,1
G049,G034,0.0001415707,1
G046,G065,0.00014156928,1
G031,G070,0.00014135933,1
G023,G058,0.00014134045,1
G043,G077,0.00014118275,1
G027,G100,0.00014107782,1
G080,G099,0.00014095599,1
G077,G009,0.00014066014,1
G079,G048,0.00014043966,1
G042,G083,0.00014024359,1
G081,G010,0.00013990002,1
G068,G010,0.00013983954,1
G059,G003,0.00013978952,1
G019,G054,0.00013970151,1
G067,G055,0.00013966089,1
G088,G098,0.00013928836,1
G051,G099,0.00013912894,1
G045,G073,0.00013903665,1
G062,G022,0.00013898846,1
G080,G050,0.00013898696,1
G054,G083,0.00013888777,1
G046,G011,0.00013844734,1
G010,G093,0.00013834207,1
G031,G018,0.00013781115,1
G079,G020,0.00013776064,1
G085,G097,0.00013752775,1
G033,G017,0.0001373585,1
G031,G071,0.00013723598,1
G035,G073,0.00013717065,1
G050,G094,0.00013716705,1
G052,G023,0.00013700138,1
G034,G026,0.00013697751,1
G001,G008,0.00013689218,1
G007,G023,0.00013686591,1
G084,G036,0.00013679033,1
G099,G036,0.0001367589,1
G046,G018,0.00013560911,1
G051,G004,0.00013559921,1
G080,G070,0.00013558909,1
G096,G001,0.00013544878,1
G060,G036,0.00013543323,1
G034,G018,0.00013541908,1
G053,G083,0.0001348776,1
G005,G062,0.00013482853,1
G045,G036,0.00013434271,1
G081,G065,0.0001342516,1
G056,G052,0.00013422774,1
G053,G099,0.0001341571,1
G050,G031,0.00013415032,1
G074,G061,0.00013378552,1
G008,G005,0.00013377215,1
G014,G054,0.00013368877,1
G095,G022,0.00013356694,1
G051,G022,0.00013347287,1
G027,G080,0.00013346486,1
G070,G073,0.00013332817,1
G035,G015,0.00013288608,1
G033,G050,0.00013274411,1
G093,G095,0.00013263815,1
G037,G075,0.00013255386,1
G073,G029,0.00013255162,1
G030,G020,0.00013241654,1
G099,G034,0.00013208088,1
G019,G009,0.00013205837,1
G081,G015,0.00013199766,1
G089,G071,0.00013173236,1
G008,G085,0.00013166125,1
G067,G058,0.00013142978,1
G094,G014,0.00013141948,1
G067,G013,0.00013132046,1
G008,G068,0.00013122785,1
G051,G003,0.00013108342,1
G002,G050,0.00013108151,1
G036,G100,0.00013105801,1
G074,G056,0.00013102921,1
G040,G079,0.0001308546,1
G046,G033,0.00013083841,1
G042,G013,0.00013083011,1
G048,G017,0.00013072029,1
G077,G050,0.00013040993,1
G075,G026,0.00013027492,1
G008,G096,0.0001300841,1
G076,G085,0.0001300803,1
G070,G097,0.00012991975,1
G087,G095,0.00012952047,1
G063,G070,0.00012942374,1
G060,G021,0.00012936386,1
G081,G073,0.00012924768,1
G051,G085,0.00012920653,1
G088,G070,0.00012894445,1
G007,G017,0.00012871236,1
G068,G021,0.00012851508,1
G030,G071,0.00012849868,1
G023,G048,0.00012845658,1
G030,G040,0.0001283589,1
G060,G070,0.000127903,1
G082,G061,0.00012789907,1
G047,G083,0.00012741216,1
G007,G022,0.00012729011,1
G023,G099,0.00012722886,1
G001,G085,0.00012720554,1
G031,G085,0.00012714003,1
G083,G090,0.00012711395,1
G087,G079,0.00012688976,1
G018,G064,0.00012686652,1
G014,G070,0.0001268089,1
G015,G044,0.00012655692,1
G035,G040,0.00012649353,1
G006,G022,0.00012634629,1
G037,G067,0.00012622528,1
G067,G088,0.00012603917,1
G004,G023,0.0001256942,1
G069,G024,0.00012559774,1
G089,G017,0.00012528474,1
G085,G054,0.00012501323,1
G001,G043,0.00012496556,1
G057,G007,0.00012469661,1
G092,G032,0.00012468867,1
G006,G091,0.00012428596,1
G007,G070,0.00012398917,1
G051,G092,0.00012373713,1
G003,G048,0.00012365992,1
G053,G044,0.00012354703,1
G019,G091,0.00012345744,1
G075,G095,0.0001232257,1
G089,G054,0.00012311975,1
G081,G050,0.00012304589,1
G003,G018,0.00012279488,1
G099,G044,0.00012253466,1
G020,G068,0.00012245616,1
G069,G096,0.00012244994,1
G058,G064,0.00012229518,1
G051,G088,0.0001222533,1
G051,G012,0.000121776386,1
G070,G041,0.00012175627,1
G089,G034,0.00012162598,1
G031,G001,0.00012156366,1
G097,G010,0.000121513796,1
G096,G029,0.000121418394,1
G027,G058,0.000121332494,1
G098,G055,0.000121328456,1
G093,G088,0.00012129266,1
G020,G063,0.00012122554,1
G085,G067,0.000121017634,1
G027,G045,0.00012101171,1
G029,G046,0.000120950936,1
G056,G012,0.00012079252,1
G012,G026,0.00012063295,1
G082,G087,0.000120497956,1
G053,G045,0.00012049274,1
G072,G033,0.00012037829,1
G030,G081,0.00012031454,1
G053,G012,0.00012011213,1
G073,G075,0.000120095305,1
G052,G076,0.00011974712,1
G038,G076,0.000119666154,1
G029,G058,0.00011950538,1
G044,G088,0.000119478515,1
G068,G054,0.00011940992,1
G067,G017,0.00011906951,1
G078,G058,0.00011888121,1
G003,G074,0.00011857481,1
G065,G099,0.000118526405,1
G031,G087,0.00011836838,1
G088,G022,0.00011834825,1
G067,G095,0.00011830331,1
G042,G010,0.00011809627,1
G033,G020,0.00011806676,1
G033,G026,0.00011802879,1
G036,G017,0.000118012074,1
G070,G098,0.00011785478,1
G087,G039,0.0001178205,1
G054,G081,0.00011765669,1
G098,G017,0.00011755024,1
G024,G036,0.00011742169,1
G023,G015,0.000117403986,1
G004,G058,0.0001173579,1
G056,G091,0.00011728956,1
G034,G070,0.00011722858,1
G097,G095,0.000117020165,1
G063,G051,0.000116983894,1
G001,G019,0.000116684765,1
G007,G035,0.00011664917,1
G007,G080,0.00011660683,1
G066,G041,0.00011642893,1
G074,G080,0.000116253475,1
G019,G045,0.00011622879,1
G056,G016,0.000116165385,1
G048,G059,0.00011608924,1
G079,G055,0.00011595929,1
G039,G071,0.00011595109,1
G077,G015,0.00011580348,1
G068,G017,0.00011575823,1
G035,G075,0.00011573407,1
G008,G054,0.000115610215,1
G068,G058,0.00011546395,1
G092,G034,0.000115325114,1
G048,G052,0.00011525176,1
G063,G066,0.00011523519,1
G098,G018,0.00011508005,1
G053,G072,0.00011507839,1
G096,G030,0.00011504823,1
G043,G024,0.000114952316,1
G036,G059,0.00011490409,1
G082,G075,0.000114768474,1
G036,G043,0.000114717295,1
G065,G092,0.00011449529,1
G074,G064,0.000114436734,1
G053,G022,0.000114339375,1
G038,G010,0.00011423099,1
G046,G031,0.00011414445,1
G088,G052,0.00011408619,1
G051,G054,0.00011397065,1
G035,G097,0.00011386831,1
G088,G078,0.00011376316,1
G092,G021,0.00011371187,1
G077,G034,0.00011343038,1
G083,G032,0.00011310227,1
G026,G083,0.000113093665,1
G006,G002,0.000113036716,1
G022,G062,0.00011275735,1
G055,G017,0.00011268741,1
G035,G083,0.000112655354,1
G060,G086,0.00011248009,1
G080,G015,0.00011241661,1
G034,G001,0.00011234522,1
G032,G079,0.00011223926,1
G027,G052,0.00011223787,1
G060,G093,0.00011218643,1
G029,G041,0.00011218269,1
G038,G012,0.000111945636,1
G029,G056,0.00011188335,1
G060,G015,0.00011151654,1
G062,G099,0.000111516514,1
G100,G017,0.000111414,1
G021,G058,0.000111021924,1
G085,G008,0.00011094913,1
G069,G012,0.00011084165,1
G043,G034,0.000110742934,1
G079,G046,0.00011068123,1
G014,G037,0.00010949359,1
G066,G034,0.00010947711,1
G032,G016,0.00010925158,1
G030,G078,0.00010903611,1
G050,G006,0.00010893731,1
G076,G026,0.00010890222,1
G090,G098,0.00010860426,1
G087,G058,0.000108516004,1
G020,G089,0.00010848968,1
G087,G012,0.00010837346,1
G100,G020,0.000108329936,1
G068,G014,0.00010828063,1
G091,G045,0.000108268905,1
G043,G010,0.00010823982,1
G026,G073,0.000108039945,1
G091,G058,0.00010762749,1
G006,G085,0.00010753284,1
G060,G045,0.00010746915,1
G100,G044,0.00010732901,1
G063,G018,0.00010732346,1
G085,G004,0.000107163934,1
G063,G046,0.00010712339,1
G070,G094,0.00010695275,1
G020,G048,0.0001067871,1
G092,G086,0.00010661852,1
G052,G062,0.00010659173,1
G031,G010,0.00010657064,1
G077,G078,0.00010651263,1
G006,G059,0.000106437874,1
G051,G089,0.00010616213,1
G039,G063,0.00010594092,1
G034,G054,0.00010591624,1
G016,G086,0.000105857616,1
G031,G041,0.00010581232,1
G048,G012,0.00010574076,1
G006,G058,0.000105721316,1
G030,G017,0.00010555322,1
G089,G065,0.000105552506,1
G018,G008,0.00010553819,1
G012,G022,0.00010504362,1
G046,G034,0.00010493421,1
G006,G067,0.00010491562,1
G002,G077,0.000104874925,1
G078,G001,0.00010477308,1
G019,G038,0.000104445375,1
G087,G052,0.00010436962,1
G028,G083,0.000104293125,1
G003,G039,0.00010425015,1
G028,G045,0.0001042387,1
G069,G015,0.000104193234,1
G072,G097,0.00010411391,1
G006,G083,0.000104044026,1
G037,G010,0.00010368935,1
G017,G088,0.000103663144,1
G040,G046,0.00010364061,1
G100,G084,0.000103544,1
G048,G058,0.000103413746,1
G076,G098,0.00010333276,1
G008,G010,0.00010312527,1
G043,G083,0.00010310224,1
G056,G078,0.00010269337,1
G018,G017,0.00010264808,1
G039,G077,0.00010258317,1
G049,G075,0.00010236865,1
G035,G055,0.00010223225,1
G075,G030,0.00010220318,1
G062,G080,0.0001019594,1
G048,G018,0.00010181411,1
G043,G067,0.000101726415,1
G096,G058,0.000101715756,1
G079,G030,0.00010151992,1
G049,G031,0.00010138641,1
G033,G095,0.00010137607,1
G087,G078,0.00010135351,1
G034,G059,0.000101260484,1
G033,G097,0.00010104207,1
G030,G079,0.000100970035,1
G078,G023,0.00010091688,1
G053,G078,0.00010090357,1
G098,G068,0.00010057625,1
G045,G007,0.000100464116,1
G064,G063,0.000100424564,1
G074,G047,0.000100326426,1
G006,G045,0.00010028652,1
G042,G045,0.00010014874,1
G002,G079,9.999845e-05,1
G022,G050,9.994795e-05,1
G029,G015,9.988756e-05,1
G007,G052,9.9663346e-05,1
G034,G048,9.954626e-05,1
G072,G086,9.9495155e-05,1
G096,G022,9.936673e-05,1
G090,G022,9.926879e-05,1
G098,G077,9.922499e-05,1
G024,G058,9.9216675e-05,1
G074,G029,9.916402e-05,1
G049,G085,9.915629e-05,1
G005,G031,9.915511e-05,1
G049,G038,9.91129e-05,1
G089,G038,9.891253e-05,1
G074,G075,9.8671146e-05,1
G066,G054,9.862453e-05,1
G005,G013,9.8615135e-05,1
G045,G004,9.8492186e-05,1
G075,G029,9.8293305e-05,1
G100,G089,9.828962e-05,1
G090,G064,9.8087155e-05,1
G086,G045,9.8084434e-05,1
G060,G029,9.790516e-05,1
G027,G067,9.789038e-05,1
G050,G022,9.7855205e-05,1
G015,G085,9.781541e-05,1
G028,G052,9.772272e-05,1
G022,G096,9.7668344e-05,1
G029,G048,9.759705e-05,1
G007,G050,9.755247e-05,1
G016,G036,9.754002e-05,1
G037,G015,9.727953e-05,1
G001,G028,9.712712e-05,1
G057,G086,9.7121636e-05,1
G080,G032,9.6977885e-05,1
G100,G088,9.695998e-05,1
G073,G008,9.641609e-05,1
G026,G064,9.634045e-05,1
G079,G056,9.6303076e-05,1
G033,G063,9.602313e-05,1
G006,G041,9.5904725e-05,1
G029,G010,9.5847776e-05,1
G030,G090,9.567183e-05,1
G050,G061,9.5671654e-05,1
G026,G071,9.5583135e-05,1
G075,G079,9.5468924e-05,1
G060,G018,9.534572e-05,1
G080,G058,9.5344054e-05,1
G030,G010,9.533465e-05,1
G040,G080,9.5318006e-05,1
G061,G017,9.502635e-05,1
G048,G054,9.484407e-05,1
G050,G092,9.4772884e-05,1
G003,G044,9.475715e-05,1
G012,G094,9.472307e-05,1
G070,G032,9.463477e-05,1
G033,G039,9.450244e-05,1
G069,G097,9.4486575e-05,1
G069,G066,9.445115e-05,1
G029,G063,9.4449526e-05,1
G008,G061,9.383066e-05,1
G082,G097,9.367734e-05,1
G060,G020,9.367622e-05,1
G089,G004,9.3633585e-05,1
G013,G064,9.347974e-05,1
G053,G001,9.347963e-05,1
G022,G097,9.3390176e-05,1
G091,G093,9.336147e-05,1
G068,G023,9.331837e-05,1
G100,G022,9.316502e-05,1
G080,G013,9.306089e-05,1
G089,G010,9.290299e-05,1
G078,G083,9.287235e-05,1
G052,G029,9.274651e-05,1
G004,G071,9.2620154e-05,1
G098,G076,9.250008e-05,1
G069,G071,9.2498296e-05,1
G062,G011,9.242623e-05,1
G072,G007,9.238035e-05,1
G069,G093,9.230569e-05,1
G100,G023,9.221645e-05,1
G096,G052,9.2181166e-05,1
G027,G063,9.2053575e-05,1
G084,G038,9.201822e-05,1
G053,G081,9.1843474e-05,1
G048,G010,9.180523e-05,1
G052,G080,9.152808e-05,1
G035,G059,9.122292e-05,1
G075,G099,9.1202455e-05,1
G037,G064,9.09674e-05,1
G051,G087,9.092433e-05,1
G079,G076,9.0708476e-05,1
G037,G002,9.061181e-05,1
G052,G059,9.053969e-05,1
G023,G004,9.0524634e-05,1
G068,G019,8.998796e-05,1
G037,G087,8.99573e-05,1
G048,G026,8.991995e-05,1
G063,G017,8.991785e-05,1
G020,G022,8.98453e-05,1
G028,G026,8.9558096e-05,1
G070,G086,8.950641e-05,1
G069,G058,8.9496316e-05,1
G037,G050,8.937342e-05,1
G043,G039,8.936841e-05,1
G072,G081,8.8889174e-05,1
G012,G088,8.886655e-05,1
G001,G010,8.8773624e-05,1
G026,G070,8.858684e-05,1
G068,G049,8.842152e-05,1
G028,G075,8.82318e-05,1
G085,G068,8.8128734e-05,1
G062,G001,8.7953245e-05,1
G019,G070,8.7947534e-05,1
G032,G036,8.782101e-05,1
G027,G086,8.761357e-05,1
G020,G034,8.74439e-05,1
G028,G046,8.71333e-05,1
G043,G063,8.708217e-05,1
G053,G096,8.6929904e-05,1
G027,G017,8.688736e-05,1
G012,G066,8.6601634e-05,1
G089,G006,8.631489e-05,1
G055,G018,8.607626e-05,1
G002,G088,8.6036154e-05,1
G051,G017,8.581064e-05,1
G052,G093,8.570868e-05,1
G004,G037,8.561439e-05,1
G006,G080,8.553717e-05,1
G070,G080,8.5452186e-05,1
G012,G063,8.5369626e-05,1
G019,G029,8.528791e-05,1
G020,G038,8.505149e-05,1
G067,G045,8.4948595e-05,1
G051,G031,8.4938096e-05,1
G082,G009,8.485566e-05,1
G027,G059,8.4781e-05,1
G090,G015,8.455531e-05,1
G011,G045,8.441534e-05,1
G019,G059,8.4381594e-05,1
G005,G093,8.43223e-05,1
G037,G068,8.4132975e-05,1
G098,G057,8.408507e-05,1
G033,G080,8.404476e-05,1
G038,G034,8.4013926e-05,1
G021,G036,8.382267e-05,1
G030,G021,8.381657e-05,1
G031,G017,8.374841e-05,1
G022,G093,8.323261e-05,1
G066,G083,8.322333e-05,1
G031,G058,8.3041865e-05,1
G043,G071,8.289846e-05,1
G019,G080,8.284797e-05,1
G098,G097,8.270998e-05,1
G075,G044,8.262177e-05,1
G018,G052,8.25215e-05,1
G068,G004,8.250573e-05,1
G085,G016,8.245474e-05,1
G062,G054,8.220601e-05,1
G050,G038,8.220477e-05,1
G080,G017,8.2083585e-05,1
G040,G013,8.203673e-05,1
G068,G034,8.20067e-05,1
G043,G002,8.190013e-05,1
G048,G030,8.188293e-05,1
G075,G010,8.1845705e-05,1
G097,G067,8.1814724e-05,1
G043,G028,8.174827e-05,1
G039,G032,8.163204e-05,1
G035,G071,8.157535e-05,1
G038,G013,8.1517566e-05,1
G016,G061,8.136568e-05,1
G043,G058,8.133652e-05,1
G017,G093,8.1204256e-05,1
G063,G072,8.114178e-05,1
G081,G091,8.10024e-05,1
G016,G033,8.090169e-05,1
G077,G081,8.0592225e-05,1
G081,G052,8.051846e-05,1
G079,G075,8.0428326e-05,1
G076,G053,8.030852e-05,1
G033,G004,8.016656e-05,1
G049,G063,8.0165846e-05,1
G067,G044,8.001924e-05,1
G020,G072,7.975057e-05,1
G081,G018,7.9750105e-05,1
G089,G050,7.950197e-05,1
G093,G071,7.9495694e-05,1
G085,G066,7.9393016e-05,1
G029,G083,7.9335645e-05,1
G039,G064,7.930188e-05,1
G075,G068,7.9167316e-05,1
G098,G064,7.913223e-05,1
G060,G094,7.91233e-05,1
G025,G080,7.899719e-05,1
G048,G041,7.895156e-05,1
G004,G052,7.8864345e-05,1
G005,G066,7.875189e-05,1
G057,G081,7.855637e-05,1
G078,G066,7.8144265e-05,1
G069,G023,7.8129946e-05,1
G076,G058,7.7911594e-05,1
G018,G054,7.79097e-05,1
G022,G007,7.787143e-05,1
G033,G062,7.785769e-05,1
G002,G093,7.7793695e-05,1
G069,G017,7.7732824e-05,1
G034,G022,7.7721736e-05,1
G057,G018,7.77211e-05,1
G060,G095,7.767272e-05,1
G001,G015,7.7583165e-05,1
G013,G061,7.7560086e-05,1
G076,G043,7.755402e-05,1
G053,G029,7.7483746e-05,1
G027,G083,7.74753e-05,1
G060,G038,7.746273e-05,1
G074,G052,7.742251e-05,1
G042,G068,7.734008e-05,1
G025,G010,7.732284e-05,1
G042,G085,7.6934295e-05,1
G028,G077,7.6854085e-05,1
G015,G003,7.684972e-05,1
G075,G081,7.682177e-05,1
G012,G096,7.671747e-05,1
G028,G058,7.648077e-05,1
G024,G010,7.646679e-05,1
G047,G018,7.645548e-05,1
G097,G088,7.627777e-05,1
G068,G079,7.617042e-05,1
G087,G023,7.616066e-05,1
G056,G001,7.612114e-05,1
G025,G023,7.604724e-05,1
G085,G056,7.601836e-05,1
G042,G073,7.599116e-05,1
G065,G058,7.5840326e-05,1
G014,G083,7.567367e-05,1
G057,G072,7.5529024e-05,1
G049,G093,7.526087e-05,1
G087,G041,7.518191e-05,1
G080,G052,7.479582e-05,1
G005,G026,7.4715936e-05,1
G024,G078,7.456665e-05,1
G007,G033,7.4520285e-05,1
G070,G099,7.4507436e-05,1
G023,G070,7.434794e-05,1
G053,G075,7.4315525e-05,1
G080,G095,7.430278e-05,1
G082,G024,7.415177e-05,1
G076,G047,7.4119576e-05,1
G002,G083,7.384966e-05,1
G017,G026,7.3831136e-05,1
G003,G026,7.3817464e-05,1
G068,G046,7.377004e-05,1
G055,G022,7.36543e-05,1
G081,G064,7.3381496e-05,1
G090,G073,7.3379706e-05,1
G087,G050,7.329591e-05,1
G018,G074,7.324842e-05,1
G018,G080,7.323636e-05,1
G035,G067,7.323446e-05,1
G096,G063,7.3192314e-05,1
G005,G009,7.318428e-05,1
G063,G092,7.310207e-05,1
G063,G024,7.305666e-05,1
G022,G100,7.298631e-05,1
G005,G034,7.288153e-05,1
G053,G037,7.28612e-05,1
G035,G016,7.285005e-05,1
G070,G078,7.2805604e-05,1
G040,G052,7.277064e-05,1
G073,G003,7.259202e-05,1
G047,G058,7.2396615e-05,1
G048,G046,7.238163e-05,1
G099,G058,7.234378e-05,1
G094,G015,7.233278e-05,1
G033,G098,7.22012e-05,1
G007,G061,7.2053e-05,1
G082,G026,7.205132e-05,1
G016,G085,7.196001e-05,1
G005,G091,7.191058e-05,1
G075,G023,7.155939e-05,1
G068,G027,7.117621e-05,1
G100,G026,7.0819486e-05,1
G025,G075,7.0802496e-05,1
G012,G083,7.038277e-05,1
G082,G044,7.031562e-05,1
G090,G071,7.023094e-05,1
G005,G095,7.02212e-05,1
G018,G044,7.008224e-05,1
G008,G093,7.004646e-05,1
G070,G077,6.998533e-05,1
G011,G043,6.989766e-05,1
G091,G036,6.967269e-05,1
G030,G097,6.960941e-05,1
G051,G046,6.953847e-05,1
G086,G071,6.9457325e-05,1
G036,G021,6.918555e-05,1
G075,G094,6.9015005e-05,1
G091,G033,6.885346e-05,1
G020,G050,6.877806e-05,1
G081,G024,6.876209e-05,1
G020,G080,6.8647205e-05,1
G013,G086,6.854335e-05,1
G089,G030,6.8330155e-05,1
G087,G067,6.825972e-05,1
G055,G091,6.82223e-05,1
G018,G062,6.812271e-05,1
G095,G007,6.8119356e-05,1
G002,G058,6.795966e-05,1
G017,G031,6.7885485e-05,1
G033,G052,6.780835e-05,1
G040,G041,6.779933e-05,1
G004,G008,6.7743444e-05,1
G039,G062,6.7607e-05,1
G004,G063,6.7585046e-05,1
G029,G095,6.7475085e-05,1
G089,G019,6.7214656e-05,1
G098,G040,6.715624e-05,1
G072,G073,6.711054e-05,1
G099,G017,6.7022105e-05,1
G088,G032,6.69511e-05,1
G073,G061,6.690063e-05,1
G031,G072,6.689566e-05,1
G056,G069,6.689042e-05,1
G049,G064,6.680286e-05,1
G033,G027,6.671412e-05,1
G061,G037,6.6676366e-05,1
G033,G055,6.660928e-05,1
G089,G041,6.64998e-05,1
G075,G046,6.6472065e-05,1
G052,G066,6.6404216e-05,1
G088,G059,6.631397e-05,1
G006,G078,6.62999e-05,1
G080,G039,6.622506e-05,1
G051,G002,6.599852e-05,1
G007,G100,6.595908e-05,1
G006,G001,6.592824e-05,1
G070,G004,6.587285e-05,1
G026,G023,6.579599e-05,1
G069,G099,6.5744774e-05,1
G022,G054,6.560684e-05,1
G087,G085,6.556239e-05,1
G045,G003,6.555682e-05,1
G082,G084,6.5408785e-05,1
G091,G047,6.536399e-05,1
G092,G080,6.5316846e-05,1
G022,G080,6.531382e-05,1
G039,G072,6.5046996e-05,1
G059,G055,6.495865e-05,1
G016,G021,6.478297e-05,1
G065,G017,6.474711e-05,1
G072,G044,6.4684005e-05,1
G015,G027,6.4654654e-05,1
G043,G072,6.452418e-05,1
G004,G080,6.446516e-05,1
G055,G094,6.440549e-05,1
G067,G083,6.4311025e-05,1
G065,G096,6.426318e-05,1
G011,G078,6.414074e-05,1
G040,G037,6.403651e-05,1
G054,G077,6.398516e-05,1
G087,G070,6.397627e-05,1
G019,G087,6.392247e-05,1
G090,G050,6.387638e-05,1
G098,G091,6.3759806e-05,1
G078,G092,6.3700674e-05,1
G016,G044,6.356042e-05,1
G067,G050,6.347479e-05,1
G069,G044,6.344304e-05,1
G060,G054,6.330821e-05,1
G005,G006,6.329858e-05,1
G068,G035,6.307681e-05,1
G082,G091,6.294835e-05,1
G082,G058,6.293968e-05,1
G068,G075,6.292622e-05,1
G017,G044,6.277754e-05,1
G019,G023,6.265512e-05,1
G023,G029,6.2239415e-05,1
G087,G064,6.202782e-05,1
G037,G017,6.187687e-05,1
G005,G010,6.1610335e-05,1
G068,G089,6.158932e-05,1
G079,G016,6.13767e-05,1
G087,G026,6.137486e-05,1
G008,G024,6.134373e-05,1
G042,G012,6.132695e-05,1
G062,G044,6.121923e-05,1
G053,G042,6.118535e-05,1
G055,G082,6.118043e-05,1
G091,G024,6.1043356e-05,1
G007,G053,6.0954826e-05,1
G056,G097,6.0917962e-05,1
G081,G097,6.0907463e-05,1
G095,G061,6.0885555e-05,1
G089,G036,6.0782575e-05,1
G071,G005,6.0772672e-05,1
G038,G064,6.0665247e-05,1
G099,G081,6.0614904e-05,1
G032,G087,6.0388942e-05,1
G037,G040,6.032748e-05,1
G025,G061,6.0043098e-05,1
G059,G044,6.0019884e-05,1
G037,G088,6.0000184e-05,1
G085,G055,5.9972666e-05,1
G028,G097,5.9937247e-05,1
G036,G010,5.969048e-05,1
G022,G026,5.9613612e-05,1
G010,G044,5.9503913e-05,1
G060,G067,5.9494403e-05,1
G031,G064,5.9472695e-05,1
G029,G054,5.9419068e-05,1
G017,G058,5.911193e-05,1
G002,G071,5.9106456e-05,1
G089,G067,5.9065685e-05,1
G070,G010,5.902267e-05,1
G029,G087,5.892985e-05,1
G078,G095,5.8928763e-05,1
G020,G052,5.887757e-05,1
G052,G034,5.882072e-05,1
G035,G080,5.880868e-05,1
G049,G090,5.8771686e-05,1
G015,G018,5.8673984e-05,1
G038,G040,5.852598e-05,1
G065,G073,5.8523434e-05,1
G056,G085,5.8476948e-05,1
G096,G050,5.8274287e-05,1
G092,G016,5.8184633e-05,1
G047,G082,5.8174475e-05,1
G018,G058,5.8060403e-05,1
G067,G012,5.8000485e-05,1
G039,G031,5.7818896e-05,1
G019,G092,5.760467e-05,1
G038,G084,5.7593286e-05,1
G049,G073,5.75915e-05,1
G005,G097,5.7514724e-05,1
G091,G032,5.746679e-05,1
G015,G021,5.7460424e-05,1
G008,G063,5.7355966e-05,1
G016,G002,5.7349338e-05,1
G056,G059,5.7297006e-05,1
G039,G058,5.72623e-05,1
G076,G095,5.717303e-05,1
G025,G064,5.712518e-05,1
G072,G065,5.7001078e-05,1
G062,G033,5.69398e-05,1
G049,G087,5.6609882e-05,1
G087,G040,5.659887e-05,1
G012,G100,5.6539833e-05,1
G070,G054,5.6522265e-05,1
G045,G017,5.651277e-05,1
G012,G074,5.6501733e-05,1
G056,G018,5.638582e-05,1
G099,G063,5.6328234e-05,1
G050,G027,5.6246732e-05,1
G069,G021,5.6227145e-05,1
G032,G068,5.6222863e-05,1
G006,G097,5.6195884e-05,1
G004,G054,5.6094257e-05,1
G090,G017,5.6068016e-05,1
G014,G080,5.599548e-05,1
G028,G001,5.594099e-05,1
G100,G081,5.5894645e-05,1
G007,G016,5.587216e-05,1
G053,G036,5.5720684e-05,1
G043,G095,5.554707e-05,1
G005,G007,5.544092e-05,1
G049,G080,5.5365286e-05,1
G084,G034,5.5356075e-05,1
G090,G023,5.5292145e-05,1
G045,G043,5.5187167e-05,1
G026,G078,5.495523e-05,1
G018,G092,5.4911136e-05,1
G039,G017,5.4848777e-05,1
G095,G083,5.47682e-05,1
G092,G090,5.472934e-05,1
G081,G071,5.4698427e-05,1
G059,G006,5.4679047e-05,1
G008,G075,5.4574728e-05,1
G097,G019,5.4489108e-05,1
G037,G049,5.4328455e-05,1
G048,G068,5.432713e-05,1
G025,G052,5.4320557e-05,1
G033,G045,5.430611e-05,1
G052,G071,5.425688e-05,1
G083,G100,5.4237837e-05,1
G051,G095,5.4214106e-05,1
G100,G004,5.4151053e-05,1
G070,G058,5.411903e-05,1
G100,G045,5.3907344e-05,1
G068,G064,5.383326e-05,1
G022,G058,5.3809727e-05,1
G090,G066,5.3729054e-05,1
G099,G012,5.3720414e-05,1
G053,G067,5.367322e-05,1
G060,G078,5.3612814e-05,1
G087,G054,5.341944e-05,1
G089,G002,5.3371048e-05,1
G098,G061,5.3171883e-05,1
G080,G040,5.316878e-05,1
G002,G017,5.311241e-05,1
G067,G010,5.311074e-05,1
G075,G045,5.270642e-05,1
G008,G021,5.2571482e-05,1
G055,G023,5.255587e-05,1
G031,G039,5.244119e-05,1
G049,G086,5.1988416e-05,1
G033,G049,5.1795585e-05,1
G019,G048,5.1536892e-05,1
G019,G012,5.140872e-05,1
G004,G041,5.1285584e-05,1
G019,G026,5.1246676e-05,1
G087,G010,5.118107e-05,1
G096,G054,5.1135696e-05,1
G047,G059,5.1128627e-05,1
G026,G085,5.110885e-05,1
G007,G071,5.0999224e-05,1
G088,G048,5.0902647e-05,1
G054,G044,5.087075e-05,1
G053,G065,5.0861152e-05,1
G078,G071,5.0675873e-05,1
G098,G066,5.067311e-05,1
G056,G013,5.048679e-05,1
G063,G054,5.0432034e-05,1
G028,G018,5.0246745e-05,1
G072,G010,5.020179e-05,1
G037,G044,5.018951e-05,1
G028,G078,5.0162715e-05,1
G005,G100,4.983157e-05,1
G065,G034,4.981197e-05,1
G017,G043,4.9746624e-05,1
G049,G050,4.974316e-05,1
G062,G087,4.9724356e-05,1
G038,G091,4.960136e-05,1
G096,G016,4.9566966e-05,1
G051,G027,4.955967e-05,1
G016,G049,4.947587e-05,1
G062,G078,4.9390612e-05,1
G061,G031,4.9388946e-05,1
G010,G064,4.9265687e-05,1
G028,G059,4.924949e-05,1
G001,G017,4.9243918e-05,1
G033,G010,4.9187547e-05,1
G075,G002,4.9134018e-05,1
G082,G015,4.8600283e-05,1
G038,G052,4.8579986e-05,1
G055,G100,4.8577458e-05,1
G080,G044,4.8544083e-05,1
G084,G023,4.84678e-05,1
G002,G099,4.8351005e-05,1
G007,G051,4.834685e-05,1
G001,G100,4.8296908e-05,1
G100,G015,4.827351e-05,1
G004,G021,4.8203972e-05,1
G042,G063,4.813486e-05,1
G085,G003,4.811738e-05,1
G053,G009,4.8094884e-05,1
G050,G043,4.8023805e-05,1
G072,G028,4.791249e-05,1
G051,G040,4.7887155e-05,1
G054,G022,4.7868973e-05,1
G080,G071,4.7763202e-05,1
G052,G095,4.7753896e-05,1
G014,G073,4.7676942e-05,1
G014,G038,4.7648587e-05,1
G040,G100,4.7634567e-05,1
G062,G021,4.7610734e-05,1
G075,G059,4.7511297e-05,1
G004,G045,4.7445123e-05,1
G094,G078,4.7379377e-05,1
G075,G067,4.7257017e-05,1
G008,G072,4.7193316e-05,1
G006,G016,4.719212e-05,1
G069,G052,4.7190537e-05,1
G016,G054,4.7007397e-05,1
G070,G090,4.6902107e-05,1
G095,G063,4.6896057e-05,1
G076,G004,4.6843154e-05,1
G067,G063,4.6814795e-05,1
G051,G049,4.6665205e-05,1
G049,G002,4.6658388e-05,1
G059,G054,4.657141e-05,1
G019,G071,4.6480207e-05,1
G098,G054,4.6469453e-05,1
G091,G017,4.6450852e-05,1
G034,G063,4.643862e-05,1
G060,G017,4.634864e-05,1
G072,G051,4.609487e-05,1
G023,G016,4.584138e-05,1
G050,G017,4.5803423e-05,1
G005,G045,4.557663e-05,1
G057,G073,4.5568624e-05,1
G044,G033,4.5558492e-05,1
G041,G054,4.552975e-05,1
G070,G033,4.5357086e-05,1
G044,G026,4.5272296e-05,1
G001,G094,4.5234854e-05,1
G052,G015,4.5145258e-05,1
G052,G017,4.5001074e-05,1
G042,G054,4.4683424e-05,1
G045,G080,4.4633915e-05,1
G039,G061,4.4584292e-05,1
G052,G054,4.456431e-05,1
G056,G054,4.4538094e-05,1
G029,G066,4.446425e-05,1
G011,G044,4.4374177e-05,1
G033,G081,4.4344837e-05,1
G010,G058,4.4237193e-05,1
G056,G070,4.4214372e-05,1
G001,G054,4.4213593e-05,1
G037,G038,4.4209395e-05,1
G005,G001,4.4189488e-05,1
G002,G059,4.417927e-05,1
G042,G097,4.4155433e-05,1
G069,G080,4.4139193e-05,1
G045,G010,4.4067772e-05,1
G069,G085,4.389827e-05,1
G035,G079,4.3854598e-05,1
G004,G073,4.3837405e-05,1
G040,G050,4.3828935e-05,1
G092,G007,4.382415e-05,1
G056,G015,4.3751847e-05,1
G053,G063,4.364296e-05,1
G020,G008,4.3577453e-05,1
G044,G016,4.3553126e-05,1
G070,G067,4.332183e-05,1
G083,G013,4.3209624e-05,1
G015,G004,4.315383e-05,1
G073,G004,4.292339e-05,1
G069,G045,4.2871587e-05,1
G054,G009,4.2762378e-05,1
G024,G050,4.268719e-05,1
G099,G091,4.253255e-05,1
G063,G088,4.249153e-05,1
G016,G018,4.2489402e-05,1
G015,G005,4.238527e-05,1
G038,G088,4.237201e-05,1
G024,G020,4.229769e-05,1
G075,G034,4.226827e-05,1
G015,G098,4.2201133e-05,1
G006,G015,4.212836e-05,1
G078,G091,4.2110845e-05,1
G084,G058,4.2088257e-05,1
G012,G080,4.207338e-05,1
G023,G083,4.20727e-05,1
G031,G100,4.1986445e-05,1
G090,G052,4.1946932e-05,1
G004,G017,4.181195e-05,1
G043,G001,4.1783023e-05,1
G076,G038,4.170017e-05,1
G007,G047,4.1635027e-05,1
G020,G061,4.1622756e-05,1
G099,G087,4.152256e-05,1
G050,G070,4.1480387e-05,1
G087,G090,4.140239e-05,1
G010,G081,4.132491e-05,1
G097,G093,4.1225216e-05,1
G058,G071,4.1067575e-05,1
G072,G015,4.09934e-05,1
G022,G099,4.0926818e-05,1
G070,G024,4.0924555e-05,1
G077,G058,4.0817107e-05,1
G060,G066,4.0813742e-05,1
G027,G015,4.0711333e-05,1
G002,G031,4.0665243e-05,1
G078,G061,4.049769e-05,1
G079,G033,4.0433813e-05,1
G002,G097,4.0407256e-05,1
G062,G020,4.0383e-05,1
G055,G087,4.0132352e-05,1
G039,G049,4.013083e-05,1
G031,G021,4.0066647e-05,1
G029,G071,4.0041177e-05,1
G044,G055,3.985551e-05,1
G035,G072,3.9722367e-05,1
G022,G095,3.968575e-05,1
G073,G021,3.9682607e-05,1
G087,G097,3.967376e-05,1
G002,G044,3.966882e-05,1
G031,G022,3.9667186e-05,1
G022,G067,3.9666444e-05,1
G097,G096,3.9602106e-05,1
G006,G096,3.959219e-05,1
G070,G029,3.9591545e-05,1
G007,G019,3.946364e-05,1
G053,G010,3.912136e-05,1
G011,G049,3.91206e-05,1
G034,G097,3.9091585e-05,1
G038,G058,3.9067756e-05,1
G057,G012,3.904122e-05,1
G028,G044,3.9013044e-05,1
G081,G019,3.8987568e-05,1
G056,G010,3.8942842e-05,1
G068,G003,3.8915452e-05,1
G004,G067,3.885058e-05,1
G054,G094,3.8795122e-05,1
G024,G054,3.8748873e-05,1
G016,G070,3.8733884e-05,1
G018,G033,3.8684502e-05,1
G093,G021,3.835571e-05,1
G056,G058,3.832331e-05,1
G037,G061,3.8278107e-05,1
G020,G067,3.820049e-05,1
G028,G071,3.8179824e-05,1
G024,G094,3.8079866e-05,1
G052,G072,3.8073937e-05,1
G081,G062,3.796957e-05,1
G081,G078,3.7933783e-05,1
G035,G054,3.780558e-05,1
G070,G059,3.7793394e-05,1
G020,G005,3.7753805e-05,1
G018,G022,3.7663147e-05,1
G097,G009,3.7341295e-05,1
G068,G020,3.7273396e-05,1
G050,G064,3.704816e-05,1
G037,G093,3.7037553e-05,1
G081,G061,3.703404e-05,1
G098,G062,3.6868038e-05,1
G069,G061,3.684481e-05,1
G037,G013,3.683787e-05,1
G027,G010,3.6837537e-05,1
G045,G005,3.6817997e-05,1
G007,G064,3.6765727e-05,1
G099,G075,3.6756282e-05,1
G066,G077,3.6741993e-05,1
G031,G045,3.673081e-05,1
G002,G072,3.6617388e-05,1
G004,G015,3.6600526e-05,1
G091,G083,3.652334e-05,1
G063,G016,3.63398e-05,1
G021,G016,3.630995e-05,1
G048,G016,3.619166e-05,1
G026,G038,3.6130095e-05,1
G060,G022,3.611384e-05,1
G043,G086,3.6077305e-05,1
G074,G088,3.5993646e-05,1
G024,G085,3.5902085e-05,1
G048,G100,3.5900677e-05,1
G049,G012,3.5835154e-05,1
G051,G033,3.581309e-05,1
G004,G049,3.5720495e-05,1
G081,G021,3.5707548e-05,1
G047,G021,3.542837e-05,1
G059,G075,3.538239e-05,1
G026,G020,3.5321864e-05,1
G047,G013,3.5309844e-05,1
G074,G063,3.5271518e-05,1
G027,G091,3.5269848e-05,1
G072,G004,3.5235156e-05,1
G095,G046,3.503124e-05,1
G033,G066,3.49964e-05,1
G001,G052,3.4994577e-05,1
G034,G088,3.4955323e-05,1
G072,G064,3.4909543e-05,1
G022,G044,3.4833236e-05,1
G060,G090,3.482984e-05,1
G072,G052,3.478625e-05,1
G012,G082,3.476716e-05,1
G078,G031,3.465295e-05,1
G034,G038,3.462669e-05,1
G094,G097,3.457633e-05,1
G045,G082,3.4526747e-05,1
G051,G076,3.4472232e-05,1
G069,G088,3.4424516e-05,1
G082,G064,3.4386663e-05,1
G012,G036,3.423351e-05,1
G002,G037,3.4202676e-05,1
G052,G083,3.414611e-05,1
G051,G070,3.4075856e-05,1
G094,G044,3.398199e-05,1
G099,G061,3.3964607e-05,1
G065,G083,3.3738703e-05,1
G062,G086,3.373725e-05,1
G099,G089,3.3454846e-05,1
G097,G094,3.3421253e-05,1
G095,G070,3.3395252e-05,1
G053,G055,3.3374334e-05,1
G088,G005,3.3243974e-05,1
G040,G077,3.3146207e-05,1
G091,G044,3.3143253e-05,1
G019,G044,3.304998e-05,1
G004,G093,3.291054e-05,1
G019,G010,3.2909604e-05,1
G063,G023,3.2888354e-05,1
G069,G040,3.2795342e-05,1
G052,G008,3.2792377e-05,1
G087,G100,3.2709544e-05,1
G073,G044,3.270236e-05,1
G098,G033,3.2690394e-05,1
G063,G080,3.2513326e-05,1
G026,G022,3.2449996e-05,1
G005,G032,3.2438475e-05,1
G049,G061,3.241047e-05,1
G028,G088,3.2353964e-05,1
G052,G078,3.2316242e-05,1
G025,G084,3.2224594e-05,1
G050,G039,3.2220516e-05,1
G052,G033,3.2195378e-05,1
G043,G044,3.1888343e-05,1
G081,G013,3.181226e-05,1
G081,G044,3.179967e-05,1
G028,G089,3.179013e-05,1
G089,G082,3.1754036e-05,1
G020,G097,3.145075e-05,1
G088,G069,3.1366013e-05,1
G079,G064,3.121717e-05,1
G075,G016,3.1181316e-05,1
G053,G025,3.11613e-05,1
G093,G054,3.1078864e-05,1
G050,G010,3.107363e-05,1
G080,G074,3.098511e-05,1
G030,G093,3.0907966e-05,1
G089,G016,3.0899533e-05,1
G003,G085,3.086272e-05,1
G002,G091,3.0787105e-05,1
G001,G058,3.0730716e-05,1
G100,G039,3.073046e-05,1
G060,G056,3.0721476e-05,1
G084,G074,3.0664316e-05,1
G100,G058,3.055047e-05,1
G077,G061,3.0545834e-05,1
G092,G023,3.0536874e-05,1
G037,G018,3.0514959e-05,1
G060,G075,3.0492278e-05,1
G030,G072,3.0478792e-05,1
G011,G059,3.044873e-05,1
G030,G083,3.037703e-05,1
G005,G099,3.0368008e-05,1
G057,G076,3.0264426e-05,1
G019,G002,3.0205212e-05,1
G030,G003,3.0142166e-05,1
G098,G082,3.0114208e-05,1
G079,G058,3.0108282e-05,1
G095,G044,3.0059475e-05,1
G040,G026,2.993674e-05,1
G022,G015,2.9787987e-05,1
G006,G049,2.9527526e-05,1
G038,G061,2.9505492e-05,1
G007,G001,2.9481333e-05,1
G059,G040,2.9450695e-05,1
G092,G041,2.9350012e-05,1
G020,G093,2.9348608e-05,1
G069,G030,2.9342886e-05,1
G018,G085,2.9304838e-05,1
G012,G041,2.9219853e-05,1
G098,G092,2.9212943e-05,1
G013,G071,2.9204748e-05,1
G053,G032,2.9082967e-05,1
G075,G052,2.907764e-05,1
G037,G073,2.905672e-05,1
G078,G017,2.9012761e-05,1
G076,G078,2.8899993e-05,1
G076,G045,2.880643e-05,1
G082,G072,2.8760029e-05,1
G020,G083,2.8751367e-05,1
G098,G052,2.8663162e-05,1
G085,G058,2.8553248e-05,1
G014,G052,2.8391773e-05,1
G053,G030,2.8339186e-05,1
G024,G063,2.8319402e-05,1
G076,G023,2.8299613e-05,1
G065,G068,2.825785e-05,1
G012,G009,2.8251938e-05,1
G027,G093,2.8230977e-05,1
G028,G064,2.8127464e-05,1
G070,G038,2.8113296e-05,1
G024,G007,2.7962835e-05,1
G025,G017,2.7911288e-05,1
G022,G071,2.7860231e-05,1
G095,G038,2.7809814e-05,1
G005,G071,2.7452925e-05,1
G098,G026,2.7336459e-05,1
G028,G065,2.730197e-05,1
G058,G044,2.7292595e-05,1
G054,G020,2.719944e-05,1
G067,G059,2.7173885e-05,1
G060,G030,2.7173388e-05,1
G005,G051,2.7076956e-05,1
G068,G024,2.7028404e-05,1
G052,G045,2.697101e-05,1
G069,G010,2.6956115e-05,1
G059,G071,2.685015e-05,1
G097,G007,2.6661415e-05,1
G045,G079,2.6607317e-05,1
G088,G090,2.6397836e-05,1
G007,G029,2.631385e-05,1
G072,G059,2.626643e-05,1
G002,G040,2.6241945e-05,1
G072,G090,2.6208192e-05,1
G099,G071,2.6167423e-05,1
G062,G010,2.606568e-05,1
G030,G059,2.6029968e-05,1
G077,G062,2.5963096e-05,1
G097,G074,2.5923746e-05,1
G078,G054,2.5880972e-05,1
G080,G042,2.5779607e-05,1
G059,G022,2.5730436e-05,1
G062,G092,2.563259e-05,1
G034,G017,2.5559146e-05,1
G090,G004,2.5481992e-05,1
G095,G015,2.5427897e-05,1
G043,G091,2.5414534e-05,1
G092,G044,2.533482e-05,1
G096,G088,2.5327387e-05,1
G045,G013,2.528776e-05,1
G085,G071,2.5270869e-05,1
G032,G022,2.5247631e-05,1
G062,G094,2.521845e-05,1
G064,G005,2.5145428e-05,1
G070,G052,2.4915422e-05,1
G096,G064,2.4908762e-05,1
G037,G080,2.4849687e-05,1
G052,G070,2.4827072e-05,1
G091,G071,2.482103e-05,1
G008,G070,2.4805327e-05,1
G077,G071,2.4805155e-05,1
G025,G078,2.4783092e-05,1
G100,G091,2.4781222e-05,1
G078,G070,2.4772822e-05,1
G053,G033,2.4721156e-05,1
G032,G091,2.472069e-05,1
G016,G064,2.464773e-05,1
G030,G038,2.464403e-05,1
G051,G069,2.4582965e-05,1
G099,G043,2.4580471e-05,1
G096,G051,2.4579116e-05,1
G016,G075,2.4510744e-05,1
G027,G053,2.4481837e-05,1
G085,G072,2.4295277e-05,1
G069,G038,2.4282393e-05,1
G074,G001,2.4270983e-05,1
G002,G036,2.423889e-05,1
G099,G022,2.4237374e-05,1
G096,G044,2.4161089e-05,1
G025,G060,2.414179e-05,1
G016,G038,2.409383e-05,1
G067,G057,2.4068228e-05,1
G056,G065,2.4053348e-05,1
G007,G072,2.4022214e-05,1
G070,G016,2.4007586e-05,1
G059,G015,2.4004203e-05,1
G033,G002,2.3997422e-05,1
G054,G085,2.3945133e-05,1
G008,G020,2.3920893e-05,1
G085,G069,2.3920295e-05,1
G045,G092,2.3910077e-05,1
G097,G045,2.3836228e-05,1
G040,G001,2.3814822e-05,1
G054,G063,2.3787008e-05,1
G023,G052,2.3727564e-05,1
G087,G082,2.3568578e-05,1
G004,G095,2.3545239e-05,1
G078,G088,2.3501596e-05,1
G052,G099,2.3488694e-05,1
G025,G076,2.3354034e-05,1
G081,G047,2.3151611e-05,1
G081,G075,2.310591e-05,1
G050,G085,2.3001889e-05,1
G060,G089,2.2925824e-05,1
G066,G037,2.285676e-05,1
G005,G072,2.274931e-05,1
G052,G096,2.26609e-05,1
G022,G045,2.2553715e-05,1
G015,G061,2.2387601e-05,1
G075,G005,2.2363949e-05,1
G100,G001,2.2272583e-05,1
G027,G048,2.2268307e-05,1
G012,G008,2.2196704e-05,1
G098,G041,2.2113096e-05,1
G072,G095,2.2066182e-05,1
G082,G054,2.2059603e-05,1
G064,G071,2.204832e-05,1
G054,G010,2.1963118e-05,1
G045,G024,2.1899921e-05,1
G020,G095,2.186319e-05,1
G058,G043,2.1862697e-05,1
G075,G013,2.1858734e-05,1
G028,G072,2.1854492e-05,1
G050,G015,2.183701e-05,1
G024,G017,2.18294e-05,1
G014,G079,2.1810654e-05,1
G026,G034,2.1715205e-05,1
G015,G064,2.171407e-05,1
G026,G037,2.168068e-05,1
G040,G024,2.1572556e-05,1
G025,G077,2.157198e-05,1
G004,G040,2.1428756e-05,1
G038,G017,2.1377768e-05,1
G079,G061,2.1374599e-05,1
G078,G033,2.132371e-05,1
G066,G025,2.1249436e-05,1
G039,G038,2.1231264e-05,1
G015,G054,2.1231004e-05,1
G085,G026,2.1200776e-05,1
G060,G062,2.1187263e-05,1
G001,G071,2.0976198e-05,1
G064,G062,2.0945818e-05,1
G035,G010,2.0855432e-05,1
G052,G026,2.0682179e-05,1
G057,G017,2.0680056e-05,1
G069,G054,2.062363e-05,1
G061,G024,2.0552226e-05,1
G021,G098,2.0488433e-05,1
G029,G021,2.0441108e-05,1
G080,G082,2.0331574e-05,1
G044,G078,2.0273294e-05,1
G033,G001,2.0122963e-05,1
G045,G052,1.9956411e-05,1
G068,G078,1.9887879e-05,1
G100,G034,1.985638e-05,1
G099,G006,1.9799836e-05,1
G022,G024,1.9783927e-05,1
G084,G088,1.9516361e-05,1
G022,G061,1.9489175e-05,1
G052,G067,1.9431418e-05,1
G022,G033,1.9423698e-05,1
G022,G072,1.9378067e-05,1
G032,G023,1.933041e-05,1
G026,G054,1.9274967e-05,1
G060,G026,1.926643e-05,1
G094,G004,1.9257974e-05,1
G093,G063,1.9094605e-05,1
G033,G071,1.8975828e-05,1
G062,G036,1.892501e-05,1
G006,G095,1.8817467e-05,1
G039,G007,1.8727267e-05,1
G070,G068,1.8692162e-05,1
G033,G041,1.8685463e-05,1
G099,G050,1.8588711e-05,1
G049,G054,1.856895e-05,1
G072,G069,1.8565237e-05,1
G084,G053,1.8509105e-05,1
G021,G049,1.8471694e-05,1
G090,G038,1.837225e-05,1
G080,G029,1.8281748e-05,1
G022,G078,1.814068e-05,1
G012,G011,1.7943985e-05,1
G055,G052,1.7924136e-05,1
G091,G075,1.7907227e-05,1
G018,G043,1.7891636e-05,1
G099,G037,1.7737651e-05,1
G067,G030,1.7707265e-05,1
G060,G051,1.7610293e-05,1
G076,G079,1.759138e-05,1
G033,G016,1.757907e-05,1
G063,G041,1.757638e-05,1
G054,G072,1.7575765e-05,1
G018,G061,1.757333e-05,1
G055,G054,1.7562565e-05,1
G004,G012,1.7513223e-05,1
G096,G017,1.7417811e-05,1
G063,G049,1.7280752e-05,1
G068,G080,1.717048e-05,1
G045,G075,1.7108203e-05,1
G046,G007,1.7074392e-05,1
G082,G019,1.706113e-05,1
G096,G083,1.6983488e-05,1
G047,G091,1.675964e-05,1
G043,G050,1.6739688e-05,1
G052,G024,1.6703289e-05,1
G078,G063,1.6635155e-05,1
G050,G098,1.6607066e-05,1
G057,G095,1.6593556e-05,1
G025,G067,1.6498341e-05,1
G033,G058,1.6424598e-05,1
G027,G061,1.6372893e-05,1
G061,G004,1.6344082e-05,1
G032,G044,1.6327058e-05,1
G022,G017,1.6299697e-05,1
G032,G014,1.6285441e-05,1
G045,G096,1.6161954e-05,1
G049,G010,1.6105196e-05,1
G050,G023,1.6055901e-05,1
G043,G065,1.5998463e-05,1
G100,G062,1.5948486e-05,1
G040,G070,1.5909442e-05,1
G031,G099,1.5861624e-05,1
G098,G069,1.5669586e-05,1
G002,G026,1.5621921e-05,1
G063,G001,1.552376e-05,1
G046,G081,1.535668e-05,1
G041,G059,1.533845e-05,1
G068,G073,1.5280024e-05,1
G090,G034,1.5226802e-05,1
G078,G075,1.51863e-05,1
G015,G068,1.5067825e-05,1
G065,G087,1.5052919e-05,1
G019,G061,1.5019759e-05,1
G062,G016,1.5010406e-05,1
G068,G038,1.50062e-05,1
G080,G010,1.4971216e-05,1
G038,G057,1.4949964e-05,1
G076,G039,1.4831807e-05,1
G091,G020,1.4770839e-05,1
G057,G014,1.467536e-05,1
G080,G033,1.4643593e-05,1
G085,G083,1.4607411e-05,1
G027,G075,1.4561622e-05,1
G044,G060,1.4400223e-05,1
G062,G014,1.43627485e-05,1
G052,G063,1.4330626e-05,1
G081,G054,1.4288996e-05,1
G075,G071,1.4182743e-05,1
G002,G070,1.4150473e-05,1
G061,G054,1.4107939e-05,1
G074,G045,1.4039844e-05,1
G058,G056,1.40306365e-05,1
G059,G089,1.3990637e-05,1
G005,G096,1.3845755e-05,1
G048,G040,1.3818711e-05,1
G005,G052,1.3739476e-05,1
G070,G017,1.3638188e-05,1
G097,G062,1.3603055e-05,1
G100,G068,1.346032e-05,1
G020,G099,1.3412132e-05,1
G097,G078,1.34023885e-05,1
G057,G031,1.3389604e-05,1
G077,G022,1.3352142e-05,1
G029,G032,1.33336835e-05,1
G007,G030,1.3211143e-05,1
G095,G008,1.3210586e-05,1
G052,G048,1.3205134e-05,1
G080,G024,1.3172698e-05,1
G079,G050,1.3134144e-05,1
G076,G080,1.306971e-05,1
G014,G036,1.2896126e-05,1
G022,G082,1.2886988e-05,1
G057,G042,1.2866911e-05,1
G084,G077,1.2838727e-05,1
G006,G013,1.2775706e-05,1
G075,G017,1.27704125e-05,1
G080,G063,1.2642717e-05,1
G096,G020,1.2578762e-05,1
G008,G002,1.2530962e-05,1
G078,G012,1.2530719e-05,1
G070,G003,1.2498429e-05,1
G085,G061,1.24847675e-05,1
G051,G091,1.2398129e-05,1
G067,G093,1.2366529e-05,1
G031,G060,1.2283949e-05,1
G077,G038,1.2229468e-05,1
G012,G065,1.2189811e-05,1
G003,G046,1.2077034e-05,1
G042,G001,1.2072088e-05,1
G027,G025,1.2068671e-05,1
G015,G055,1.2033234e-05,1
G052,G065,1.19338865e-05,1
G091,G009,1.1804737e-05,1
G092,G088,1.1753194e-05,1
G052,G011,1.1743451e-05,1
G033,G085,1.1722891e-05,1
G001,G045,1.1712667e-05,1
G057,G027,1.167879e-05,1
G087,G075,1.1622181e-05,1
G011,G063,1.1571619e-05,1
G005,G082,1.1551021e-05,1
G099,G026,1.1549446e-05,1
G072,G017,1.1547602e-05,1
G026,G088,1.152183e-05,1
G006,G054,1.1493721e-05,1
G007,G092,1.1484769e-05,1
G053,G050,1.14757195e-05,1
G024,G071,1.1469201e-05,1
G024,G002,1.1461746e-05,1
G064,G027,1.1443967e-05,1
G070,G047,1.1426558e-05,1
G078,G059,1.1322416e-05,1
G099,G039,1.1237872e-05,1
G080,G072,1.1171841e-05,1
G082,G043,1.1105222e-05,1
G075,G097,1.1101203e-05,1
G010,G054,1.11005875e-05,1
G003,G054,1.1054999e-05,1
G093,G058,1.0992402e-05,1
G051,G071,1.0984526e-05,1
G043,G041,1.09371595e-05,1
G068,G029,1.0936162e-05,1
G091,G010,1.0865713e-05,1
G002,G061,1.0814506e-05,1
G063,G071,1.0634085e-05,1
G019,G075,1.05012305e-05,1
G035,G038,1.0482134e-05,1
G075,G054,1.0455937e-05,1
G012,G044,1.0448794e-05,1
G051,G065,1.0432442e-05,1
G096,G027,1.0395426e-05,1
G012,G071,1.03862485e-05,1
G026,G043,1.0346789e-05,1
G065,G076,1.0227729e-05,1
G063,G052,1.0119884e-05,1
G053,G020,1.0064627e-05,1
G078,G038,1.0049412e-05,1
G034,G062,1.0041135e-05,1
G016,G024,1.0006764e-05,1
G023,G041,9.985147e-06,1
G095,G029,9.879846e-06,1
G026,G069,9.870799e-06,1
G063,G074,9.702457e-06,1
G030,G048,9.688112e-06,1
G036,G082,9.6644835e-06,1
G020,G100,9.615235e-06,1
G045,G015,9.484148e-06,1
G031,G043,9.446348e-06,1
G068,G097,9.439045e-06,1
G008,G052,9.373801e-06,1
G056,G071,9.344428e-06,1
G053,G088,9.323537e-06,1
G067,G049,9.323248e-06,1
G060,G033,9.246829e-06,1
G002,G055,9.0882195e-06,1
G012,G072,9.0351805e-06,1
G076,G064,9.031467e-06,1
G057,G091,9.025494e-06,1
G016,G071,8.935663e-06,1
G092,G058,8.92345e-06,1
G063,G015,8.865305e-06,1
G077,G054,8.832712e-06,1
G078,G080,8.8308225e-06,1
G047,G079,8.813177e-06,1
G069,G062,8.809895e-06,1
G020,G070,8.808384e-06,1
G062,G004,8.800866e-06,1
G010,G060,8.796298e-06,1
G004,G010,8.679707e-06,1
G095,G036,8.64474e-06,1
G072,G083,8.6246855e-06,1
G046,G054,8.623171e-06,1
G092,G078,8.499908e-06,1
G039,G055,8.450579e-06,1
G059,G024,8.417409e-06,1
G043,G038,8.37324e-06,1
G022,G004,8.328305e-06,1
G025,G044,8.322815e-06,1
G090,G008,8.303501e-06,1
G053,G091,8.246199e-06,1
G056,G022,8.187164e-06,1
G016,G090,8.186706e-06,1
G090,G089,8.17206e-06,1
G099,G093,8.102989e-06,1
G057,G041,8.078299e-06,1
G039,G018,7.993841e-06,1
G031,G056,7.984061e-06,1
G076,G051,7.964384e-06,1
G040,G054,7.933188e-06,1
G014,G058,7.744976e-06,1
G091,G063,7.660155e-06,1
G086,G083,7.468991e-06,1
G069,G031,7.4344216e-06,1
G068,G037,7.3210617e-06,1
G081,G039,7.3197793e-06,1
G043,G033,7.303302e-06,1
G026,G072,7.2760813e-06,1
G067,G040,7.254154e-06,1
G078,G024,7.200214e-06,1
G035,G017,7.170527e-06,1
G090,G031,7.1263516e-06,1
G049,G021,7.117844e-06,1
G053,G040,7.0181563e-06,1
G007,G018,6.870403e-06,1
G018,G010,6.8276604e-06,1
G019,G041,6.784835e-06,1
G012,G042,6.7580704e-06,1
G080,G054,6.7356823e-06,1
G082,G099,6.7344386e-06,1
G007,G040,6.707908e-06,1
G038,G075,6.6747107e-06,1
G054,G062,6.6495513e-06,1
G014,G050,6.550256e-06,1
G062,G058,6.5449094e-06,1
G091,G014,6.383714e-06,1
G090,G078,6.3671146e-06,1
G067,G054,6.2486724e-06,1
G073,G058,6.063395e-06,1
G084,G010,6.0520165e-06,1
G001,G061,6.0453385e-06,1
G039,G065,6.0357074e-06,1
G068,G067,5.9803983e-06,1
G087,G027,5.9635076e-06,1
G090,G010,5.9155923e-06,1
G001,G037,5.890752e-06,1
G053,G087,5.850427e-06,1
G099,G016,5.7935936e-06,1
G050,G058,5.7100947e-06,1
G069,G026,5.693798e-06,1
G092,G057,5.480571e-06,1
G047,G045,5.4685274e-06,1
G053,G082,5.4086117e-06,1
G099,G038,5.386775e-06,1
G094,G037,5.343904e-06,1
G022,G048,5.31622e-06,1
G095,G010,5.2414443e-06,1
G080,G004,5.115361e-06,1
G042,G070,5.027582e-06,1
G037,G078,4.9524306e-06,1
G065,G054,4.92492e-06,1
G047,G072,4.8947863e-06,1
G001,G070,4.893821e-06,1
G034,G031,4.8312786e-06,1
G090,G061,4.7699514e-06,1
G075,G049,4.753978e-06,1
G084,G033,4.751095e-06,1
G019,G077,4.736512e-06,1
G095,G071,4.6826776e-06,1
G063,G026,4.6817213e-06,1
G072,G079,4.6236783e-06,1
G022,G009,4.6201376e-06,1
G075,G092,4.5327856e-06,1
G082,G001,4.506456e-06,1
G060,G049,4.4634085e-06,1
G026,G047,4.4575063e-06,1
G034,G067,4.456217e-06,1
G023,G037,4.4445346e-06,1
G020,G010,4.4386115e-06,1
G052,G010,4.3767755e-06,1
G097,G013,4.3365776e-06,1
G070,G069,4.252324e-06,1
G088,G083,4.1064277e-06,1
G024,G083,3.846633e-06,1
G087,G029,3.8324492e-06,1
G007,G067,3.8222447e-06,1
G020,G019,3.8065245e-06,1
G040,G062,3.8037022e-06,1
G045,G055,3.688117e-06,1
G076,G027,3.5657995e-06,1
G019,G097,3.5505245e-06,1
G008,G032,3.5246092e-06,1
G035,G026,3.4695415e-06,1
G094,G033,3.3323026e-06,1
G078,G002,3.2749308e-06,1
G060,G044,3.0761028e-06,1
G041,G058,3.053791e-06,1
G081,G077,3.0271829e-06,1
G022,G010,3.007344e-06,1
G068,G066,2.918408e-06,1
G023,G059,2.9023188e-06,1
G028,G022,2.8587144e-06,1
G008,G084,2.8091074e-06,1
G012,G045,2.8014035e-06,1
G048,G006,2.7612673e-06,1
G068,G052,2.7417357e-06,1
G090,G026,2.7381948e-06,1
G001,G041,2.718084e-06,1
G092,G037,2.6938324e-06,1
G023,G061,2.6922175e-06,1
G057,G097,2.6573287e-06,1
G089,G058,2.6507782e-06,1
G062,G043,2.6273278e-06,1
G061,G071,2.5712063e-06,1
G022,G042,2.5663123e-06,1
G060,G077,2.4916367e-06,1
G077,G026,2.4884084e-06,1
G034,G052,2.4626465e-06,1
G028,G049,2.414349e-06,1
G082,G045,2.334746e-06,1
G012,G030,2.239532e-06,1
G089,G046,2.185699e-06,1
G030,G063,2.1250228e-06,1
G014,G055,2.0950242e-06,1
G080,G068,2.0608434e-06,1
G070,G006,2.051684e-06,1
G026,G048,1.9415654e-06,1
G079,G004,1.9275078e-06,1
G051,G011,1.919548e-06,1
G070,G061,1.8529599e-06,1
G024,G099,1.781823e-06,1
G090,G039,1.7609902e-06,1
G068,G033,1.7056823e-06,1
G063,G090,1.6686113e-06,1
G096,G079,1.4724351e-06,1
G001,G013,1.4684813e-06,1
G008,G082,1.4591577e-06,1
G097,G065,1.3628234e-06,1
G019,G043,1.3274234e-06,1
G085,G064,1.3100151e-06,1
G077,G052,1.289361e-06,1
G070,G034,1.2645288e-06,1
G029,G080,1.2392132e-06,1
G026,G003,1.2360194e-06,1
G094,G030,1.2228055e-06,1
G088,G067,1.1840127e-06,1
G004,G034,9.195181e-07,1
G046,G098,8.3966535e-07,1
G063,G058,8.3712723e-07,1
G093,G006,8.3252354e-07,1
G037,G034,8.08209e-07,1
G003,G052,7.9377804e-07,1
G100,G054,7.4864454e-07,1
G015,G075,7.3646686e-07,1
G002,G054,7.3078036e-07,1
G030,G022,6.407594e-07,1
G031,G063,6.3072156e-07,1
G022,G049,5.9636534e-07,1
G094,G013,5.8873707e-07,1
G098,G080,4.873133e-07,1
G089,G052,4.1431997e-07,1
G040,G027,3.610679e-07,1
G097,G068,3.0301356e-07,1
G056,G044,2.6497221e-07,1
G090,G044,2.1312326e-07,1
G054,G039,1.8883445e-07,1
G040,G036,1.8569673e-07,1
G059,G009,1.7652533e-07,1
G053,G019,1.5350035e-07,1
G043,G025,7.370103e-08,1
G033,G043,3.936764e-09,1
G037,G047,-3.3209023e-08,-1
G080,G097,-7.908008e-08,-1
G030,G068,-9.907569e-08,-1
G024,G033,-2.0754743e-07,-1
G084,G055,-4.4728802e-07,-1
G027,G013,-4.4998703e-07,-1
G096,G003,-4.6634523e-07,-1
G082,G013,-4.9073265e-07,-1
G002,G033,-6.003242e-07,-1
G095,G054,-6.500041e-07,-1
G044,G077,-7.323357e-07,-1
G070,G096,-7.341385e-07,-1
G027,G044,-7.467293e-07,-1
G018,G078,-7.5393774e-07,-1
G077,G064,-7.7484844e-07,-1
G093,G087,-7.8267766e-07,-1
G060,G069,-8.236797e-07,-1
G042,G040,-9.357154e-07,-1
G100,G043,-1.161172e-06,-1
G056,G011,-1.2352855e-06,-1
G087,G055,-1.3339554e-06,-1
G019,G018,-1.4851894e-06,-1
G030,G045,-1.4857759e-06,-1
G052,G038,-1.5539406e-06,-1
G024,G034,-1.6429327e-06,-1
G059,G091,-1.6544014e-06,-1
G029,G073,-1.6802925e-06,-1
G056,G043,-1.6817785e-06,-1
G067,G003,-1.72558e-06,-1
G001,G090,-1.7277654e-06,-1
G071,G017,-1.74637e-06,-1
G039,G016,-1.7469914e-06,-1
G048,G031,-1.7563478e-06,-1
G062,G041,-1.911668e-06,-1
G002,G023,-1.9148363e-06,-1
G027,G011,-1.9255426e-06,-1
G072,G100,-1.9872507e-06,-1
G070,G031,-2.061313e-06,-1
G087,G072,-2.2576075e-06,-1
G081,G096,-2.282717e-06,-1
G001,G091,-2.3620485e-06,-1
G079,G010,-2.6442438e-06,-1
G087,G068,-2.6612292e-06,-1
G069,G053,-2.67372e-06,-1
G023,G079,-2.729182e-06,-1
G097,G071,-2.7989436e-06,-1
G066,G080,-2.8254995e-06,-1
G042,G052,-2.8384468e-06,-1
G065,G024,-2.8437703e-06,-1
G026,G019,-2.8462691e-06,-1
G031,G003,-2.9863234e-06,-1
G096,G059,-3.0665587e-06,-1
G055,G095,-3.11351e-06,-1
G002,G013,-3.1436866e-06,-1
G020,G045,-3.220093e-06,-1
G078,G055,-3.2351845e-06,-1
G061,G044,-3.2981002e-06,-1
G037,G005,-3.3351876e-06,-1
G083,G042,-3.336775e-06,-1
G031,G082,-3.3632512e-06,-1
G072,G048,-3.368229e-06,-1
G038,G019,-3.4312382e-06,-1
G016,G003,-3.4404952e-06,-1
G037,G029,-3.5512364e-06,-1
G031,G055,-3.6642284e-06,-1
G029,G072,-3.70465e-06,-1
G003,G060,-3.7709278e-06,-1
G018,G004,-3.8668354e-06,-1
G062,G097,-3.926639e-06,-1
G032,G078,-3.9313095e-06,-1
G051,G057,-3.97771e-06,-1
G034,G002,-3.9835427e-06,-1
G057,G044,-3.9955676e-06,-1
G076,G018,-4.060114e-06,-1
G062,G066,-4.077114e-06,-1
G054,G055,-4.1745207e-06,-1
G024,G075,-4.199397e-06,-1
G031,G037,-4.2055117e-06,-1
G060,G084,-4.2177726e-06,-1
G045,G032,-4.2374572e-06,-1
G096,G061,-4.2749784e-06,-1
G052,G009,-4.2794245e-06,-1
G080,G078,-4.3638147e-06,-1
G010,G072,-4.5088123e-06,-1
G051,G010,-4.5242496e-06,-1
G090,G009,-4.5367333e-06,-1
G047,G073,-4.5560914e-06,-1
G099,G070,-4.6271707e-06,-1
G096,G010,-4.634878e-06,-1
G053,G035,-4.63651e-06,-1
G080,G064,-4.676215e-06,-1
G086,G005,-4.737404e-06,-1
G059,G093,-4.823491e-06,-1
G081,G026,-4.8503666e-06,-1
G002,G052,-4.899228e-06,-1
G095,G056,-4.916053e-06,-1
G090,G088,-4.9856308e-06,-1
G096,G070,-5.1048755e-06,-1
G070,G050,-5.1370444e-06,-1
G018,G038,-5.1505713e-06,-1
G026,G050,-5.151339e-06,-1
G039,G078,-5.281468e-06,-1
G024,G072,-5.359508e-06,-1
G012,G054,-5.593669e-06,-1
G073,G071,-5.684389e-06,-1
G059,G065,-5.722047e-06,-1
G065,G051,-5.8276773e-06,-1
G044,G004,-5.8625565e-06,-1
G085,G038,-5.8646615e-06,-1
G043,G032,-5.869999e-06,-1
G026,G017,-5.955711e-06,-1
G080,G031,-6.039312e-06,-1
G004,G100,-6.080272e-06,-1
G094,G091,-6.166597e-06,-1
G029,G016,-6.239121e-06,-1
G085,G060,-6.242565e-06,-1
G064,G015,-6.2921094e-06,-1
G058,G095,-6.359087e-06,-1
G053,G093,-6.3938937e-06,-1
G051,G044,-6.5505014e-06,-1
G053,G084,-6.57394e-06,-1
G033,G083,-6.63443e-06,-1
G069,G025,-6.650782e-06,-1
G040,G033,-6.6597413e-06,-1
G048,G096,-6.67995e-06,-1
G081,G058,-6.747709e-06,-1
G095,G078,-6.7903225e-06,-1
G023,G097,-6.860625e-06,-1
G080,G059,-6.9462685e-06,-1
G048,G022,-6.961429e-06,-1
G100,G080,-6.9822845e-06,-1
G078,G029,-6.986148e-06,-1
G021,G024,-7.0128e-06,-1
G012,G099,-7.094314e-06,-1
G025,G068,-7.1191416e-06,-1
G096,G078,-7.1268087e-06,-1
G072,G058,-7.1429045e-06,-1
G008,G033,-7.1883405e-06,-1
G002,G049,-7.2022567e-06,-1
G002,G019,-7.2122457e-06,-1
G062,G063,-7.2207918e-06,-1
G038,G009,-7.2667203e-06,-1
G018,G019,-7.3732417e-06,-1
G037,G012,-7.5938583e-06,-1
G079,G070,-7.616262e-06,-1
G053,G100,-7.6998e-06,-1
G085,G024,-7.706273e-06,-1
G080,G092,-7.750971e-06,-1
G065,G002,-7.826957e-06,-1
G025,G038,-7.841413e-06,-1
G052,G004,-7.845492e-06,-1
G100,G064,-7.855758e-06,-1
G012,G010,-7.86047e-06,-1
G068,G031,-7.899141e-06,-1
G005,G050,-8.003305e-06,-1
G069,G072,-8.021305e-06,-1
G075,G090,-8.0591635e-06,-1
G050,G075,-8.121579e-06,-1
G034,G016,-8.201328e-06,-1
G038,G087,-8.222561e-06,-1
G095,G048,-8.245147e-06,-1
G077,G037,-8.27228e-06,-1
G005,G090,-8.282593e-06,-1
G052,G039,-8.360778e-06,-1
G068,G084,-8.37345e-06,-1
G093,G040,-8.383043e-06,-1
G012,G013,-8.387827e-06,-1
G043,G026,-8.389962e-06,-1
G038,G079,-8.4098465e-06,-1
G099,G095,-8.463097e-06,-1
G023,G040,-8.466593e-06,-1
G005,G054,-8.483975e-06,-1
G051,G006,-8.514271e-06,-1
G100,G009,-8.568193e-06,-1
G037,G062,-8.592882e-06,-1
G079,G011,-8.672603e-06,-1
G054,G071,-8.682855e-06,-1
G021,G022,-8.721299e-06,-1
G059,G070,-8.766544e-06,-1
G052,G053,-8.770359e-06,-1
G017,G061,-8.772199e-06,-1
G062,G003,-8.820066e-06,-1
G070,G026,-8.823939e-06,-1
G094,G055,-8.909067e-06,-1
G053,G024,-8.956852e-06,-1
G049,G091,-8.984508e-06,-1
G048,G062,-9.006478e-06,-1
G080,G065,-9.127841e-06,-1
G054,G078,-9.130606e-06,-1
G039,G093,-9.1807515e-06,-1
G029,G067,-9.3359e-06,-1
G099,G040,-9.3578665e-06,-1
G024,G032,-9.375016e-06,-1
G003,G049,-9.423609e-06,-1
G029,G027,-9.435493e-06,-1
G048,G061,-9.465386e-06,-1
G047,G006,-9.520897e-06,-1
G082,G063,-9.557283e-06,-1
G091,G053,-9.581558e-06,-1
G032,G031,-9.615705e-06,-1
G008,G003,-9.64402e-06,-1
G093,G019,-9.665096e-06,-1
G085,G019,-9.671748e-06,-1
G095,G045,-9.70755e-06,-1
G082,G047,-9.735972e-06,-1
G025,G037,-9.782443e-06,-1
G005,G048,-9.819192e-06,-1
G005,G035,-9.840914e-06,-1
G099,G096,-9.8486735e-06,-1
G098,G081,-9.913995e-06,-1
G017,G056,-9.915124e-06,-1
G043,G018,-9.925165e-06,-1
G048,G029,-9.9441e-06,-1
G070,G018,-1.01175665e-05,-1
G023,G080,-1.0136876e-05,-1
G092,G029,-1.0141061e-05,-1
G038,G033,-1.0214495e-05,-1
G090,G096,-1.0275707e-05,-1
G004,G013,-1.0280996e-05,-1
G064,G017,-1.0314325e-05,-1
G067,G007,-1.0322501e-05,-1
G082,G088,-1.0387611e-05,-1
G020,G087,-1.0418351e-05,-1
G003,G013,-1.0490507e-05,-1
G016,G004,-1.0574461e-05,-1
G093,G062,-1.0701452e-05,-1
G042,G049,-1.0731399e-05,-1
G032,G097,-1.0737073e-05,-1
G024,G021,-1.0836998e-05,-1
G088,G068,-1.0839536e-05,-1
G019,G083,-1.0848001e-05,-1
G100,G041,-1.08588865e-05,-1
G038,G053,-1.088103e-05,-1
G080,G049,-1.0968023e-05,-1
G022,G013,-1.0986236e-05,-1
G098,G042,-1.103286e-05,-1
G051,G079,-1.1107143e-05,-1
G067,G033,-1.1250158e-05,-1
G056,G038,-1.1293539e-05,-1
G003,G010,-1.1314033e-05,-1
G048,G079,-1.1330452e-05,-1
G003,G043,-1.146568e-05,-1
G054,G098,-1.1536432e-05,-1
G025,G042,-1.1550997e-05,-1
G094,G029,-1.1649726e-05,-1
G088,G016,-1.1684846e-05,-1
G052,G006,-1.1701561e-05,-1
G053,G051,-1.1803311e-05,-1
G026,G058,-1.1850087e-05,-1
G089,G026,-1.1921114e-05,-1
G054,G030,-1.1999559e-05,-1
G067,G004,-1.2006963e-05,-1
G060,G047,-1.2121252e-05,-1
G061,G063,-1.2163741e-05,-1
G040,G044,-1.2203435e-05,-1
G054,G017,-1.2247295e-05,-1
G050,G004,-1.2267978e-05,-1
G054,G064,-1.227211e-05,-1
G053,G069,-1.2285721e-05,-1
G094,G034,-1.233155e-05,-1
G031,G083,-1.2394588e-05,-1
G016,G093,-1.2403936e-05,-1
G060,G028,-1.2458635e-05,-1
G006,G024,-1.2498941e-05,-1
G091,G019,-1.2508618e-05,-1
G042,G078,-1.2546524e-05,-1
G094,G083,-1.2590275e-05,-1
G039,G080,-1.2599255e-05,-1
G057,G024,-1.2777741e-05,-1
G068,G061,-1.279602e-05,-1
G006,G090,-1.2863303e-05,-1
G091,G003,-1.2901027e-05,-1
G039,G070,-1.2990987e-05,-1
G022,G068,-1.3017669e-05,-1
G070,G023,-1.30636745e-05,-1
G029,G013,-1.3088161e-05,-1
G100,G029,-1.31292145e-05,-1
G001,G038,-1.3202404e-05,-1
G020,G085,-1.3226726e-05,-1
G093,G041,-1.3353086e-05,-1
G078,G037,-1.33852045e-05,-1
G016,G072,-1.3462871e-05,-1
G028,G027,-1.35034215e-05,-1
G020,G012,-1.3525451e-05,-1
G070,G022,-1.3599949e-05,-1
G081,G053,-1.3635754e-05,-1
G069,G064,-1.3644894e-05,-1
G049,G052,-1.3697778e-05,-1
G063,G012,-1.3709057e-05,-1
G025,G034,-1.3737102e-05,-1
G059,G036,-1.3764488e-05,-1
G077,G053,-1.3783527e-05,-1
G015,G081,-1.3799997e-05,-1
G093,G026,-1.3859153e-05,-1
G051,G096,-1.3868217e-05,-1
G051,G097,-1.3872785e-05,-1
G007,G010,-1.3948575e-05,-1
G022,G070,-1.4062705e-05,-1
G026,G044,-1.4068612e-05,-1
G018,G050,-1.4079968e-05,-1
G097,G051,-1.41366645e-05,-1
G027,G078,-1.4143723e-05,-1
G045,G086,-1.4153758e-05,-1
G051,G037,-1.4167221e-05,-1
G068,G001,-1.4208632e-05,-1
G074,G040,-1.4213293e-05,-1
G060,G068,-1.4231445e-05,-1
G013,G058,-1.4290957e-05,-1
G045,G067,-1.431929e-05,-1
G029,G074,-1.4325352e-05,-1
G073,G049,-1.4407738e-05,-1
G066,G055,-1.44239575e-05,-1
G095,G037,-1.451185e-05,-1
G048,G072,-1.4528747e-05,-1
G089,G061,-1.4559047e-05,-1
G031,G062,-1.4575174e-05,-1
G063,G022,-1.46035445e-05,-1
G043,G013,-1.4673274e-05,-1
G031,G094,-1.46903685e-05,-1
G055,G002,-1.4714042e-05,-1
G060,G001,-1.4801678e-05,-1
G057,G032,-1.4833383e-05,-1
G059,G060,-1.4867073e-05,-1
G100,G097,-1.4876948e-05,-1
G037,G016,-1.4905215e-05,-1
G002,G022,-1.4965399e-05,-1
G031,G034,-1.49698535e-05,-1
G050,G095,-1.49714815e-05,-1
G060,G063,-1.5000964e-05,-1
G080,G043,-1.5001483e-05,-1
G017,G064,-1.5004862e-05,-1
G060,G096,-1.5005851e-05,-1
G045,G072,-1.5078746e-05,-1
G051,G093,-1.5079075e-05,-1
G079,G013,-1.5102082e-05,-1
G047,G002,-1.5117734e-05,-1
G069,G027,-1.5129407e-05,-1
G052,G084,-1.5132714e-05,-1
G090,G068,-1.5231373e-05,-1
G002,G024,-1.5367366e-05,-1
G094,G018,-1.5444399e-05,-1
G089,G027,-1.549644e-05,-1
G008,G042,-1.5525462e-05,-1
G055,G041,-1.553675e-05,-1
G057,G051,-1.5547828e-05,-1
G065,G006,-1.5615891e-05,-1
G066,G051,-1.5706662e-05,-1
G099,G001,-1.5725102e-05,-1
G022,G001,-1.5792737e-05,-1
G075,G033,-1.5814947e-05,-1
G013,G033,-1.5853351e-05,-1
G082,G060,-1.5876281e-05,-1
G062,G018,-1.58772e-05,-1
G072,G013,-1.5878473e-05,-1
G004,G033,-1.5911111e-05,-1
G062,G040,-1.5914193e-05,-1
G039,G011,-1.592367e-05,-1
G046,G030,-1.598302e-05,-1
G094,G017,-1.6021218e-05,-1
G033,G057,-1.6021291e-05,-1
G082,G051,-1.607232e-05,-1
G015,G070,-1.6079719e-05,-1
G055,G078,-1.6084425e-05,-1
G027,G040,-1.6116106e-05,-1
G029,G082,-1.6189873e-05,-1
G032,G017,-1.6197078e-05,-1
G090,G033,-1.6205218e-05,-1
G087,G063,-1.6220862e-05,-1
G043,G090,-1.6222339e-05,-1
G010,G024,-1.6224943e-05,-1
G099,G004,-1.6225267e-05,-1
G081,G051,-1.6242051e-05,-1
G045,G020,-1.6242082e-05,-1
G088,G099,-1.6286722e-05,-1
G052,G013,-1.6293932e-05,-1
G053,G095,-1.629668e-05,-1
G091,G052,-1.6334208e-05,-1
G018,G026,-1.6390664e-05,-1
G007,G045,-1.6396407e-05,-1
G099,G066,-1.6405422e-05,-1
G006,G099,-1.6415872e-05,-1
G072,G019,-1.6509353e-05,-1
G005,G069,-1.6530825e-05,-1
G090,G058,-1.6631886e-05,-1
G099,G024,-1.6642382e-05,-1
G084,G003,-1.6668833e-05,-1
G005,G025,-1.6724123e-05,-1
G001,G020,-1.673899e-05,-1
G035,G002,-1.6801854e-05,-1
G037,G019,-1.6815813e-05,-1
G074,G099,-1.6831653e-05,-1
G012,G051,-1.6897626e-05,-1
G004,G070,-1.694056e-05,-1
G019,G051,-1.6967666e-05,-1
G056,G004,-1.7052082e-05,-1
G065,G060,-1.7144775e-05,-1
G025,G059,-1.7198792e-05,-1
G016,G047,-1.7296297e-05,-1
G002,G015,-1.7360815e-05,-1
G078,G019,-1.7367021e-05,-1
G039,G013,-1.7415732e-05,-1
G062,G095,-1.7433415e-05,-1
G054,G024,-1.743523e-05,-1
G052,G032,-1.7504346e-05,-1
G076,G055,-1.7535476e-05,-1
G094,G063,-1.7629698e-05,-1
G047,G041,-1.7642857e-05,-1
G093,G065,-1.7687096e-05,-1
G061,G051,-1.7728336e-05,-1
G012,G095,-1.7790779e-05,-1
G040,G082,-1.7909908e-05,-1
G038,G030,-1.7941024e-05,-1
G087,G018,-1.7950364e-05,-1
G044,G075,-1.7958302e-05,-1
G056,G045,-1.798761e-05,-1
G060,G071,-1.8028992e-05,-1
G064,G044,-1.8116853e-05,-1
G064,G091,-1.8194347e-05,-1
G043,G088,-1.8195158e-05,-1
G097,G090,-1.8267408e-05,-1
G003,G071,-1.8400619e-05,-1
G024,G068,-1.8414357e-05,-1
G060,G041,-1.8537867e-05,-1
G093,G078,-1.8561444e-05,-1
G087,G086,-1.8562856e-05,-1
G001,G064,-1.8632456e-05,-1
G024,G049,-1.8643177e-05,-1
G012,G060,-1.872017e-05,-1
G099,G080,-1.8780518e-05,-1
G069,G059,-1.8780622e-05,-1
G002,G007,-1.8811124e-05,-1
G066,G064,-1.8811581e-05,-1
G051,G072,-1.8842069e-05,-1
G063,G009,-1.8865561e-05,-1
G049,G018,-1.8879713e-05,-1
G067,G082,-1.893428e-05,-1
G053,G031,-1.8982219e-05,-1
G057,G009,-1.9013542e-05,-1
G024,G038,-1.9014487e-05,-1
G057,G019,-1.9044459e-05,-1
G072,G056,-1.9055522e-05,-1
G084,G017,-1.9066938e-05,-1
G091,G077,-1.9129162e-05,-1
G099,G078,-1.9130897e-05,-1
G062,G052,-1.9161993e-05,-1
G025,G051,-1.9189121e-05,-1
G022,G003,-1.9197238e-05,-1
G023,G013,-1.9200494e-05,-1
G024,G066,-1.9208377e-05,-1
G058,G022,-1.921122e-05,-1
G078,G004,-1.9220312e-05,-1
G093,G037,-1.9226252e-05,-1
G090,G012,-1.9232488e-05,-1
G063,G043,-1.925389e-05,-1
G003,G066,-1.9279049e-05,-1
G032,G004,-1.9392046e-05,-1
G057,G052,-1.9447434e-05,-1
G080,G006,-1.9450797e-05,-1
G001,G044,-1.9467592e-05,-1
G034,G012,-1.9490353e-05,-1
G084,G009,-1.9561101e-05,-1
G018,G016,-1.9564162e-05,-1
G023,G063,-1.9574565e-05,-1
G006,G065,-1.9700674e-05,-1
G090,G091,-1.9816942e-05,-1
G017,G055,-1.9836696e-05,-1
G094,G026,-1.990557e-05,-1
G063,G053,-1.9909805e-05,-1
G090,G018,-1.9950381e-05,-1
G049,G051,-2.0004403e-05,-1
G050,G037,-2.001488e-05,-1
G024,G090,-2.0036161e-05,-1
G058,G086,-2.0055453e-05,-1
G082,G056,-2.0056423e-05,-1
G065,G086,-2.006112e-05,-1
G027,G073,-2.0074825e-05,-1
G084,G044,-2.0140276e-05,-1
G078,G009,-2.017456e-05,-1
G002,G085,-2.0223399e-05,-1
G073,G045,-2.0319185e-05,-1
G063,G038,-2.0325986e-05,-1
G045,G077,-2.0342575e-05,-1
G084,G024,-2.0387643e-05,-1
G043,G051,-2.0600075e-05,-1
G061,G085,-2.0733107e-05,-1
G012,G017,-2.088527e-05,-1
G006,G053,-2.0891324e-05,-1
G029,G037,-2.0912514e-05,-1
G035,G049,-2.0927908e-05,-1
G067,G006,-2.0928454e-05,-1
G019,G007,-2.093264e-05,-1
G002,G065,-2.0973983e-05,-1
G005,G060,-2.107923e-05,-1
G015,G086,-2.109167e-05,-1
G076,G049,-2.1124642e-05,-1
G040,G016,-2.1125557e-05,-1
G044,G071,-2.1137443e-05,-1
G002,G038,-2.1156142e-05,-1
G035,G037,-2.116828e-05,-1
G008,G097,-2.1177386e-05,-1
G039,G054,-2.1212301e-05,-1
G016,G083,-2.1281552e-05,-1
G016,G095,-2.1327647e-05,-1
G051,G082,-2.1399468e-05,-1
G050,G053,-2.140033e-05,-1
G079,G018,-2.1407908e-05,-1
G055,G034,-2.142637e-05,-1
G026,G049,-2.1436426e-05,-1
G090,G100,-2.1437136e-05,-1
G039,G048,-2.1440947e-05,-1
G095,G006,-2.1447071e-05,-1
G051,G048,-2.1460557e-05,-1
G058,G010,-2.1473628e-05,-1
G050,G012,-2.1563304e-05,-1
G032,G052,-2.1626109e-05,-1
G022,G012,-2.1655422e-05,-1
G031,G006,-2.1670217e-05,-1
G027,G038,-2.1684982e-05,-1
G080,G003,-2.168909e-05,-1
G053,G043,-2.17807e-05,-1
G034,G003,-2.185383e-05,-1
G088,G053,-2.20458e-05,-1
G063,G078,-2.2062412e-05,-1
G080,G069,-2.2176511e-05,-1
G022,G077,-2.2179049e-05,-1
G037,G023,-2.2232161e-05,-1
G034,G096,-2.2306898e-05,-1
G031,G019,-2.2458476e-05,-1
G019,G022,-2.2458524e-05,-1
G034,G023,-2.2557619e-05,-1
G024,G043,-2.2668983e-05,-1
G095,G072,-2.2687773e-05,-1
G058,G061,-2.2689948e-05,-1
G095,G013,-2.2798791e-05,-1
G087,G071,-2.2803773e-05,-1
G095,G039,-2.2856364e-05,-1
G025,G043,-2.2875509e-05,-1
G084,G072,-2.3046066e-05,-1
G067,G069,-2.3046374e-05,-1
G022,G059,-2.3065912e-05,-1
G050,G045,-2.3105355e-05,-1
G024,G048,-2.312676e-05,-1
G008,G012,-2.3136803e-05,-1
G019,G037,-2.3232153e-05,-1
G010,G078,-2.328792e-05,-1
G080,G067,-2.3293445e-05,-1
G066,G010,-2.3428265e-05,-1
G038,G001,-2.3482413e-05,-1
G039,G010,-2.3539793e-05,-1
G066,G059,-2.3557881e-05,-1
G040,G063,-2.3571603e-05,-1
G069,G029,-2.3573293e-05,-1
G081,G046,-2.3583796e-05,-1
G019,G078,-2.35994e-05,-1
G062,G032,-2.3600416e-05,-1
G038,G003,-2.3610934e-05,-1
G002,G029,-2.3657267e-05,-1
G028,G016,-2.368629e-05,-1
G012,G069,-2.3708668e-05,-1
G080,G061,-2.3719736e-05,-1
G006,G040,-2.3731855e-05,-1
G088,G066,-2.3762766e-05,-1
G004,G096,-2.3763054e-05,-1
G100,G003,-2.3801216e-05,-1
G082,G071,-2.3889392e-05,-1
G033,G024,-2.3916407e-05,-1
G045,G078,-2.394011e-05,-1
G036,G022,-2.395274e-05,-1
G067,G005,-2.4024634e-05,-1
G045,G069,-2.4035091e-05,-1
G098,G060,-2.406182e-05,-1
G032,G072,-2.4125056e-05,-1
G093,G051,-2.4156734e-05,-1
G078,G068,-2.4173123e-05,-1
G025,G083,-2.4182114e-05,-1
G080,G053,-2.421684e-05,-1
G078,G093,-2.4320148e-05,-1
G034,G076,-2.4351399e-05,-1
G038,G054,-2.4353485e-05,-1
G038,G029,-2.4364886e-05,-1
G075,G072,-2.4413257e-05,-1
G008,G060,-2.4457555e-05,-1
G023,G033,-2.453066e-05,-1
G094,G001,-2.4598354e-05,-1
G016,G045,-2.4615514e-05,-1
G056,G083,-2.4644998e-05,-1
G079,G041,-2.4654826e-05,-1
G034,G068,-2.4663917e-05,-1
G093,G045,-2.4758716e-05,-1
G050,G049,-2.4762341e-05,-1
G091,G039,-2.4817304e-05,-1
G016,G098,-2.4944407e-05,-1
G052,G025,-2.4958626e-05,-1
G027,G054,-2.499088e-05,-1
G057,G034,-2.5013796e-05,-1
G047,G037,-2.5062114e-05,-1
G069,G100,-2.516881e-05,-1
G094,G060,-2.5226873e-05,-1
G029,G062,-2.525673e-05,-1
G100,G013,-2.5276482e-05,-1
G048,G064,-2.5279363e-05,-1
G042,G093,-2.5311618e-05,-1
G048,G039,-2.5315749e-05,-1
G040,G011,-2.5317333e-05,-1
G038,G072,-2.5333566e-05,-1
G034,G005,-2.54288e-05,-1
G082,G057,-2.5454132e-05,-1
G023,G064,-2.5484645e-05,-1
G058,G003,-2.5512341e-05,-1
G070,G083,-2.5531566e-05,-1
G004,G068,-2.5564872e-05,-1
G096,G038,-2.556853e-05,-1
G097,G061,-2.560263e-05,-1
G053,G038,-2.5652129e-05,-1
G046,G063,-2.5702608e-05,-1
G099,G059,-2.572854e-05,-1
G082,G100,-2.573968e-05,-1
G051,G075,-2.5812978e-05,-1
G038,G097,-2.5818406e-05,-1
G018,G076,-2.5858011e-05,-1
G024,G069,-2.5955844e-05,-1
G005,G033,-2.5965424e-05,-1
G053,G049,-2.5972466e-05,-1
G100,G010,-2.597705e-05,-1
G059,G030,-2.6027437e-05,-1
G056,G064,-2.6054751e-05,-1
G087,G083,-2.6079888e-05,-1
G096,G082,-2.6137039e-05,-1
G012,G006,-2.6149926e-05,-1
G029,G052,-2.616233e-05,-1
G034,G039,-2.6194692e-05,-1
G065,G085,-2.619689e-05,-1
G070,G048,-2.6257592e-05,-1
G099,G010,-2.6284228e-05,-1
G067,G001,-2.6326412e-05,-1
G077,G087,-2.6342179e-05,-1
G035,G031,-2.6414762e-05,-1
G100,G073,-2.6571788e-05,-1
G034,G029,-2.6578542e-05,-1
G096,G002,-2.6632928e-05,-1
G084,G052,-2.6677832e-05,-1
G012,G077,-2.6689e-05,-1
G019,G064,-2.6705551e-05,-1
G059,G017,-2.679567e-05,-1
G026,G061,-2.6835329e-05,-1
G040,G078,-2.6860029e-05,-1
G075,G060,-2.6863487e-05,-1
G089,G083,-2.6879157e-05,-1
G022,G091,-2.6911464e-05,-1
G067,G079,-2.6925863e-05,-1
G062,G030,-2.7038071e-05,-1
G024,G019,-2.7049258e-05,-1
G015,G028,-2.718379e-05,-1
G093,G009,-2.7241202e-05,-1
G098,G003,-2.725779e-05,-1
G004,G075,-2.730633e-05,-1
G074,G041,-2.7348016e-05,-1
G005,G067,-2.735198e-05,-1
G088,G093,-2.736199e-05,-1
G037,G084,-2.74254e-05,-1
G051,G019,-2.7433454e-05,-1
G068,G009,-2.7525479e-05,-1
G006,G052,-2.7530023e-05,-1
G012,G084,-2.7649581e-05,-1
G028,G087,-2.768068e-05,-1
G059,G025,-2.7731889e-05,-1
G022,G075,-2.7752498e-05,-1
G026,G010,-2.7787006e-05,-1
G022,G039,-2.7806856e-05,-1
G039,G033,-2.7888129e-05,-1
G037,G081,-2.7894883e-05,-1
G026,G002,-2.7928798e-05,-1
G050,G054,-2.7945354e-05,-1
G063,G060,-2.7949522e-05,-1
G004,G011,-2.8032442e-05,-1
G095,G031,-2.8051367e-05,-1
G065,G066,-2.811544e-05,-1
G016,G027,-2.8125345e-05,-1
G039,G067,-2.813571e-05,-1
G052,G037,-2.817922e-05,-1
G002,G045,-2.8261253e-05,-1
G036,G067,-2.8301485e-05,-1
G056,G053,-2.8307175e-05,-1
G033,G064,-2.8328734e-05,-1
G027,G072,-2.8428354e-05,-1
G043,G069,-2.8441953e-05,-1
G012,G097,-2.8448303e-05,-1
G057,G035,-2.849154e-05,-1
G027,G041,-2.86513e-05,-1
G087,G044,-2.8772625e-05,-1
G035,G004,-2.877265e-05,-1
G079,G040,-2.8795603e-05,-1
G005,G086,-2.8806677e-05,-1
G087,G065,-2.8817183e-05,-1
G060,G012,-2.8832483e-05,-1
G062,G024,-2.8864253e-05,-1
G072,G061,-2.8873083e-05,-1
G060,G087,-2.8894725e-05,-1
G074,G062,-2.8909162e-05,-1
G032,G037,-2.895673e-05,-1
G100,G012,-2.8993562e-05,-1
G025,G069,-2.9026096e-05,-1
G006,G075,-2.9052058e-05,-1
G034,G079,-2.9101897e-05,-1
G003,G069,-2.9102124e-05,-1
G035,G043,-2.9147554e-05,-1
G068,G045,-2.91643e-05,-1
G043,G035,-2.9165862e-05,-1
G032,G049,-2.919849e-05,-1
G081,G099,-2.9326673e-05,-1
G088,G055,-2.9345443e-05,-1
G079,G053,-2.9370367e-05,-1
G047,G088,-2.9405628e-05,-1
G037,G082,-2.9487679e-05,-1
G051,G080,-2.9513838e-05,-1
G067,G041,-2.9513974e-05,-1
G078,G096,-2.9593652e-05,-1
G069,G063,-2.9595387e-05,-1
G067,G053,-2.9621926e-05,-1
G006,G044,-2.966023e-05,-1
G080,G047,-2.9755829e-05,-1
G069,G083,-2.976701e-05,-1
G031,G011,-2.9831564e-05,-1
G032,G013,-2.9858347e-05,-1
G019,G034,-2.9904613e-05,-1
G012,G053,-2.9916879e-05,-1
G012,G081,-2.9917366e-05,-1
G006,G086,-2.9923003e-05,-1
G038,G100,-2.9962974e-05,-1
G048,G007,-2.9983605e-05,-1
G095,G059,-3.0017183e-05,-1
G049,G003,-3.0022666e-05,-1
G026,G005,-3.0042222e-05,-1
G011,G060,-3.0044675e-05,-1
G069,G002,-3.02287e-05,-1
G088,G065,-3.0233688e-05,-1
G065,G015,-3.0338268e-05,-1
G030,G082,-3.0493893e-05,-1
G057,G011,-3.0511457e-05,-1
G024,G035,-3.056263e-05,-1
G065,G095,-3.0568808e-05,-1
G090,G040,-3.059553e-05,-1
G005,G053,-3.060032e-05,-1
G082,G053,-3.0611678e-05,-1
G020,G029,-3.0706924e-05,-1
G067,G096,-3.0709918e-05,-1
G092,G093,-3.074839e-05,-1
G063,G068,-3.076373e-05,-1
G004,G030,-3.0782776e-05,-1
G049,G055,-3.0786956e-05,-1
G005,G049,-3.080627e-05,-1
G079,G034,-3.082116e-05,-1
G047,G078,-3.0855215e-05,-1
G051,G029,-3.0913616e-05,-1
G018,G049,-3.096931e-05,-1
G066,G061,-3.0977066e-05,-1
G034,G009,-3.106472e-05,-1
G023,G010,-3.1119394e-05,-1
G094,G064,-3.112003e-05,-1
G052,G049,-3.114222e-05,-1
G038,G066,-3.1146512e-05,-1
G054,G059,-3.1194755e-05,-1
G062,G096,-3.1219686e-05,-1
G052,G041,-3.1277486e-05,-1
G045,G068,-3.1355354e-05,-1
G033,G003,-3.1406114e-05,-1
G053,G013,-3.141606e-05,-1
G026,G099,-3.142398e-05,-1
G053,G085,-3.1429503e-05,-1
G085,G051,-3.14653e-05,-1
G050,G078,-3.1486536e-05,-1
G078,G062,-3.1503707e-05,-1
G004,G050,-3.152686e-05,-1
G099,G067,-3.15452e-05,-1
G069,G009,-3.1596144e-05,-1
G097,G086,-3.161984e-05,-1
G050,G082,-3.1641033e-05,-1
G028,G024,-3.169594e-05,-1
G036,G013,-3.1751973e-05,-1
G031,G047,-3.175771e-05,-1
G075,G022,-3.180348e-05,-1
G006,G051,-3.181963e-05,-1
G087,G001,-3.189759e-05,-1
G063,G027,-3.1980748e-05,-1
G080,G087,-3.19892e-05,-1
G048,G024,-3.201477e-05,-1
G082,G055,-3.203039e-05,-1
G099,G052,-3.2044296e-05,-1
G067,G051,-3.211262e-05,-1
G030,G027,-3.219277e-05,-1
G053,G090,-3.23706e-05,-1
G093,G018,-3.2407035e-05,-1
G012,G086,-3.2454405e-05,-1
G043,G068,-3.2471115e-05,-1
G037,G094,-3.256158e-05,-1
G028,G033,-3.2563963e-05,-1
G007,G097,-3.2571672e-05,-1
G008,G094,-3.2711367e-05,-1
G004,G038,-3.2801352e-05,-1
G001,G007,-3.283647e-05,-1
G001,G047,-3.290979e-05,-1
G050,G040,-3.2946158e-05,-1
G050,G059,-3.3051456e-05,-1
G008,G051,-3.3052253e-05,-1
G047,G068,-3.3135828e-05,-1
G036,G052,-3.3225297e-05,-1
G094,G061,-3.3260443e-05,-1
G088,G049,-3.326622e-05,-1
G069,G019,-3.332608e-05,-1
G029,G020,-3.335503e-05,-1
G003,G057,-3.3359545e-05,-1
G015,G024,-3.341886e-05,-1
G016,G020,-3.35013e-05,-1
G065,G004,-3.3508295e-05,-1
G039,G006,-3.3557146e-05,-1
G090,G016,-3.359559e-05,-1
G055,G010,-3.360626e-05,-1
G068,G099,-3.362291e-05,-1
G067,G002,-3.3650267e-05,-1
G040,G049,-3.3663557e-05,-1
G026,G035,-3.3664088e-05,-1
G005,G017,-3.3690627e-05,-1
G024,G079,-3.371069e-05,-1
G060,G004,-3.373463e-05,-1
G070,G027,-3.3741777e-05,-1
G060,G007,-3.374639e-05,-1
G014,G071,-3.3813416e-05,-1
G033,G087,-3.3836357e-05,-1
G032,G054,-3.385253e-05,-1
G037,G011,-3.3885215e-05,-1
G037,G004,-3.3895176e-05,-1
G025,G057,-3.3957156e-05,-1
G089,G053,-3.3989443e-05,-1
G078,G067,-3.3990214e-05,-1
G037,G027,-3.4011973e-05,-1
G100,G051,-3.4025663e-05,-1
G032,G003,-3.4036977e-05,-1
G020,G040,-3.411339e-05,-1
G014,G069,-3.4118817e-05,-1
G063,G033,-3.41417e-05,-1
G023,G051,-3.443835e-05,-1
G052,G082,-3.4444776e-05,-1
G037,G086,-3.4504596e-05,-1
G064,G029,-3.452406e-05,-1
G036,G033,-3.4529374e-05,-1
G022,G038,-3.4701898e-05,-1
G094,G066,-3.4738077e-05,-1
G089,G013,-3.4779823e-05,-1
G022,G031,-3.4829016e-05,-1
G026,G053,-3.484323e-05,-1
G016,G041,-3.4904344e-05,-1
G060,G053,-3.491101e-05,-1
G075,G077,-3.4928165e-05,-1
G006,G056,-3.4962657e-05,-1
G032,G096,-3.4983663e-05,-1
G050,G062,-3.5005083e-05,-1
G001,G087,-3.501514e-05,-1
G080,G084,-3.501687e-05,-1
G080,G036,-3.501864e-05,-1
G020,G016,-3.502097e-05,-1
G072,G099,-3.5077046e-05,-1
G050,G091,-3.5172026e-05,-1
G069,G034,-3.5180707e-05,-1
G091,G016,-3.531447e-05,-1
G053,G026,-3.544263e-05,-1
G022,G032,-3.545961e-05,-1
G025,G033,-3.554078e-05,-1
G038,G024,-3.556894e-05,-1
G079,G080,-3.557328e-05,-1
G031,G069,-3.5578498e-05,-1
G082,G048,-3.5657544e-05,-1
G056,G003,-3.568044e-05,-1
G065,G010,-3.5705976e-05,-1
G024,G086,-3.5712128e-05,-1
G076,G050,-3.5723573e-05,-1
G011,G054,-3.57256e-05,-1
G056,G029,-3.5742378e-05,-1
G080,G091,-3.5893547e-05,-1
G075,G078,-3.5902918e-05,-1
G061,G072,-3.593123e-05,-1
G090,G054,-3.5936653e-05,-1
G039,G004,-3.6040656e-05,-1
G049,G072,-3.6239086e-05,-1
G023,G068,-3.624657e-05,-1
G040,G025,-3.6265334e-05,-1
G079,G017,-3.6284484e-05,-1
G053,G004,-3.6323665e-05,-1
G008,G019,-3.6340014e-05,-1
G042,G071,-3.641679e-05,-1
G003,G072,-3.641686e-05,-1
G092,G062,-3.6487258e-05,-1
G062,G002,-3.657608e-05,-1
G002,G012,-3.6612473e-05,-1
G004,G094,-3.667001e-05,-1
G091,G008,-3.671812e-05,-1
G067,G060,-3.676595e-05,-1
G070,G005,-3.678764e-05,-1
G045,G066,-3.680178e-05,-1
G008,G083,-3.681428e-05,-1
G010,G045,-3.6815574e-05,-1
G061,G033,-3.685522e-05,-1
G034,G010,-3.7061905e-05,-1
G072,G075,-3.7066493e-05,-1
G070,G063,-3.7095484e-05,-1
G026,G067,-3.726781e-05,-1
G031,G026,-3.7273105e-05,-1
G034,G091,-3.7282458e-05,-1
G050,G003,-3.743996e-05,-1
G031,G051,-3.7501402e-05,-1
G087,G092,-3.75299e-05,-1
G028,G031,-3.755859e-05,-1
G005,G011,-3.7566897e-05,-1
G068,G011,-3.7582977e-05,-1
G034,G027,-3.7613907e-05,-1
G033,G037,-3.7625356e-05,-1
G008,G065,-3.7626512e-05,-1
G026,G087,-3.769976e-05,-1
G035,G001,-3.7711437e-05,-1
G005,G042,-3.779218e-05,-1
G030,G049,-3.7845377e-05,-1
G067,G097,-3.7852184e-05,-1
G022,G056,-3.7878646e-05,-1
G075,G028,-3.7882884e-05,-1
G023,G072,-3.7886508e-05,-1
G068,G100,-3.7927384e-05,-1
G098,G004,-3.7998958e-05,-1
G039,G012,-3.8001417e-05,-1
G087,G047,-3.800177e-05,-1
G077,G029,-3.8008737e-05,-1
G029,G051,-3.8014707e-05,-1
G019,G079,-3.8040427e-05,-1
G078,G060,-3.809423e-05,-1
G068,G015,-3.8110044e-05,-1
G003,G015,-3.811118e-05,-1
G040,G076,-3.814049e-05,-1
G042,G053,-3.814339e-05,-1
G008,G023,-3.815282e-05,-1
G033,G070,-3.824383e-05,-1
G075,G051,-3.8264305e-05,-1
G084,G018,-3.8283517e-05,-1
G006,G011,-3.8289403e-05,-1
G060,G065,-3.8327587e-05,-1
G039,G029,-3.8331415e-05,-1
G005,G012,-3.8342107e-05,-1
G088,G058,-3.83446e-05,-1
G065,G030,-3.8431514e-05,-1
G068,G047,-3.843627e-05,-1
G084,G041,-3.844165e-05,-1
G032,G050,-3.8505113e-05,-1
G093,G002,-3.8515853e-05,-1
G034,G060,-3.8520255e-05,-1
G051,G028,-3.866106e-05,-1
G060,G079,-3.867746e-05,-1
G048,G083,-3.871982e-05,-1
G020,G018,-3.8737468e-05,-1
G049,G032,-3.8752016e-05,-1
G005,G016,-3.876049e-05,-1
G080,G096,-3.879101e-05,-1
G075,G093,-3.8801707e-05,-1
G003,G020,-3.8827584e-05,-1
G001,G016,-3.8874965e-05,-1
G094,G008,-3.8893435e-05,-1
G094,G006,-3.890424e-05,-1
G005,G027,-3.890817e-05,-1
G022,G083,-3.894273e-05,-1
G052,G088,-3.9085484e-05,-1
G032,G073,-3.9087412e-05,-1
G052,G085,-3.9140443e-05,-1
G051,G056,-3.9189537e-05,-1
G049,G057,-3.931982e-05,-1
G069,G013,-3.932724e-05,-1
G016,G087,-3.9330145e-05,-1
G007,G084,-3.935187e-05,-1
G030,G092,-3.939712e-05,-1
G048,G033,-3.948097e-05,-1
G068,G087,-3.9517894e-05,-1
G091,G035,-3.953732e-05,-1
G043,G004,-3.9565282e-05,-1
G016,G031,-3.9617164e-05,-1
G095,G003,-3.970504e-05,-1
G038,G015,-3.977652e-05,-1
G017,G069,-3.9782335e-05,-1
G099,G064,-3.9845054e-05,-1
G048,G051,-3.9964565e-05,-1
G042,G039,-4.001028e-05,-1
G026,G041,-4.001526e-05,-1
G019,G063,-4.014128e-05,-1
G014,G082,-4.0194474e-05,-1
G039,G097,-4.0208375e-05,-1
G019,G065,-4.0246796e-05,-1
G006,G066,-4.0271618e-05,-1
G089,G070,-4.0341503e-05,-1
G057,G090,-4.0410523e-05,-1
G070,G056,-4.041152e-05,-1
G012,G056,-4.0531115e-05,-1
G025,G079,-4.054857e-05,-1
G003,G062,-4.0632087e-05,-1
G027,G056,-4.0637115e-05,-1
G082,G005,-4.068938e-05,-1
G007,G002,-4.0694762e-05,-1
G020,G043,-4.0777744e-05,-1
G006,G094,-4.0838528e-05,-1
G069,G048,-4.0861054e-05,-1
G061,G082,-4.089786e-05,-1
G074,G026,-4.0903255e-05,-1
G003,G099,-4.1059262e-05,-1
G037,G079,-4.1060965e-05,-1
G077,G004,-4.1219148e-05,-1
G084,G032,-4.1262898e-05,-1
G057,G046,-4.126741e-05,-1
G004,G039,-4.1379808e-05,-1
G099,G031,-4.1386713e-05,-1
G024,G065,-4.1447307e-05,-1
G039,G041,-4.1485044e-05,-1
G005,G020,-4.1490093e-05,-1
G084,G026,-4.1562696e-05,-1
G025,G004,-4.158218e-05,-1
G079,G059,-4.1593114e-05,-1
G039,G075,-4.1609004e-05,-1
G058,G093,-4.1640793e-05,-1
G007,G011,-4.1660584e-05,-1
G005,G065,-4.1690302e-05,-1
G033,G015,-4.1721916e-05,-1
G048,G038,-4.1733463e-05,-1
G100,G030,-4.175913e-05,-1
G084,G002,-4.177314e-05,-1
G007,G026,-4.184068e-05,-1
G096,G053,-4.1881845e-05,-1
G052,G002,-4.1901785e-05,-1
G049,G026,-4.1930485e-05,-1
G018,G069,-4.1942338e-05,-1
G029,G059,-4.1978394e-05,-1
G094,G071,-4.20358e-05,-1
G069,G067,-4.2049305e-05,-1
G084,G096,-4.209492e-05,-1
G057,G043,-4.2117656e-05,-1
G043,G056,-4.2253258e-05,-1
G022,G019,-4.2282e-05,-1
G039,G026,-4.2286338e-05,-1
G050,G005,-4.228721e-05,-1
G036,G095,-4.2320193e-05,-1
G079,G100,-4.233733e-05,-1
G063,G055,-4.234596e-05,-1
G098,G013,-4.234965e-05,-1
G084,G071,-4.23671e-05,-1
G061,G015,-4.2385687e-05,-1
G089,G042,-4.24286e-05,-1
G023,G055,-4.243275e-05,-1
G032,G009,-4.244988e-05,-1
G003,G088,-4.247464e-05,-1
G089,G064,-4.2516007e-05,-1
G098,G087,-4.2563985e-05,-1
G074,G009,-4.2605825e-05,-1
G054,G004,-4.2695414e-05,-1
G006,G068,-4.2750165e-05,-1
G069,G043,-4.2763517e-05,-1
G077,G097,-4.2766183e-05,-1
G057,G078,-4.2800777e-05,-1
G015,G052,-4.2856427e-05,-1
G003,G001,-4.2873402e-05,-1
G049,G070,-4.291428e-05,-1
G008,G053,-4.2921e-05,-1
G088,G072,-4.2939133e-05,-1
G040,G053,-4.2948395e-05,-1
G040,G003,-4.299812e-05,-1
G046,G036,-4.301683e-05,-1
G070,G009,-4.3100106e-05,-1
G054,G042,-4.3204625e-05,-1
G052,G021,-4.3244938e-05,-1
G098,G002,-4.325008e-05,-1
G068,G077,-4.330226e-05,-1
G027,G042,-4.3369593e-05,-1
G023,G026,-4.3381646e-05,-1
G098,G016,-4.3396347e-05,-1
G045,G034,-4.341723e-05,-1
G035,G024,-4.3459757e-05,-1
G045,G028,-4.352554e-05,-1
G024,G023,-4.3531778e-05,-1
G048,G001,-4.362572e-05,-1
G095,G088,-4.3664768e-05,-1
G075,G041,-4.368695e-05,-1
G087,G069,-4.3693595e-05,-1
G029,G064,-4.3791846e-05,-1
G039,G009,-4.384314e-05,-1
G031,G004,-4.3860517e-05,-1
G028,G011,-4.394917e-05,-1
G045,G009,-4.397525e-05,-1
G010,G059,-4.397596e-05,-1
G023,G071,-4.3981676e-05,-1
G049,G042,-4.399411e-05,-1
G088,G017,-4.403437e-05,-1
G033,G060,-4.4151348e-05,-1
G067,G070,-4.418e-05,-1
G029,G050,-4.4238088e-05,-1
G084,G082,-4.429074e-05,-1
G017,G012,-4.4318636e-05,-1
G023,G045,-4.433322e-05,-1
G015,G074,-4.4337652e-05,-1
G070,G028,-4.4402226e-05,-1
G036,G009,-4.4452358e-05,-1
G039,G083,-4.4487653e-05,-1
G001,G099,-4.45296e-05,-1
G087,G005,-4.4531833e-05,-1
G093,G056,-4.468955e-05,-1
G046,G023,-4.4729844e-05,-1
G049,G082,-4.4741486e-05,-1
G037,G057,-4.485712e-05,-1
G045,G084,-4.4878863e-05,-1
G002,G010,-4.4901306e-05,-1
G067,G086,-4.498267e-05,-1
G055,G057,-4.499503e-05,-1
G070,G037,-4.504097e-05,-1
G015,G071,-4.5057535e-05,-1
G012,G032,-4.507052e-05,-1
G004,G026,-4.508358e-05,-1
G025,G049,-4.518168e-05,-1
G087,G060,-4.522964e-05,-1
G091,G072,-4.532497e-05,-1
G096,G047,-4.535409e-05,-1
G092,G099,-4.5378532e-05,-1
G044,G072,-4.5384488e-05,-1
G087,G013,-4.538789e-05,-1
G060,G097,-4.53899e-05,-1
G043,G053,-4.543433e-05,-1
G100,G005,-4.5440956e-05,-1
G090,G056,-4.5476856e-05,-1
G033,G042,-4.548839e-05,-1
G032,G082,-4.5622364e-05,-1
G032,G029,-4.5736266e-05,-1
G002,G096,-4.582226e-05,-1
G034,G011,-4.5847035e-05,-1
G072,G096,-4.5951103e-05,-1
G057,G048,-4.601293e-05,-1
G042,G067,-4.603042e-05,-1
G084,G051,-4.604088e-05,-1
G096,G067,-4.6084693e-05,-1
G050,G013,-4.609331e-05,-1
G051,G043,-4.6093624e-05,-1
G092,G047,-4.6125235e-05,-1
G031,G084,-4.6191268e-05,-1
G034,G037,-4.621661e-05,-1
G065,G016,-4.6228248e-05,-1
G033,G018,-4.623881e-05,-1
G048,G071,-4.6247762e-05,-1
G064,G042,-4.6377998e-05,-1
G049,G071,-4.6380766e-05,-1
G039,G091,-4.638625e-05,-1
G091,G049,-4.639034e-05,-1
G084,G049,-4.6445257e-05,-1
G026,G011,-4.645056e-05,-1
G022,G043,-4.6480076e-05,-1
G090,G048,-4.6490153e-05,-1
G033,G047,-4.65237e-05,-1
G049,G001,-4.6552042e-05,-1
G054,G012,-4.655382e-05,-1
G081,G086,-4.6577505e-05,-1
G091,G022,-4.6580346e-05,-1
G062,G027,-4.659996e-05,-1
G038,G037,-4.6615794e-05,-1
G087,G094,-4.661914e-05,-1
G047,G075,-4.665571e-05,-1
G054,G080,-4.6693076e-05,-1
G033,G035,-4.670035e-05,-1
G035,G042,-4.6714584e-05,-1
G052,G042,-4.6733294e-05,-1
G043,G052,-4.6740355e-05,-1
G019,G020,-4.675974e-05,-1
G069,G047,-4.6773326e-05,-1
G059,G081,-4.6781257e-05,-1
G096,G043,-4.6793506e-05,-1
G052,G040,-4.6949408e-05,-1
G057,G010,-4.700338e-05,-1
G081,G100,-4.7033947e-05,-1
G058,G028,-4.7035777e-05,-1
G017,G032,-4.7086807e-05,-1
G053,G027,-4.709468e-05,-1
G082,G035,-4.7164107e-05,-1
G050,G067,-4.720821e-05,-1
G025,G086,-4.7272777e-05,-1
G088,G029,-4.734166e-05,-1
G035,G053,-4.735917e-05,-1
G095,G049,-4.7360816e-05,-1
G052,G019,-4.7372956e-05,-1
G098,G010,-4.7418165e-05,-1
G053,G002,-4.7428883e-05,-1
G062,G071,-4.7460955e-05,-1
G078,G035,-4.7585778e-05,-1
G077,G042,-4.7601592e-05,-1
G099,G060,-4.7676727e-05,-1
G057,G093,-4.7682886e-05,-1
G097,G021,-4.770516e-05,-1
G085,G027,-4.7803074e-05,-1
G097,G023,-4.7805657e-05,-1
G077,G045,-4.7995978e-05,-1
G037,G063,-4.8019643e-05,-1
G039,G020,-4.802436e-05,-1
G026,G012,-4.8087815e-05,-1
G079,G026,-4.8091333e-05,-1
G080,G020,-4.8093865e-05,-1
G078,G047,-4.8106594e-05,-1
G043,G029,-4.8137947e-05,-1
G067,G089,-4.8261747e-05,-1
G008,G059,-4.827784e-05,-1
G027,G084,-4.829539e-05,-1
G053,G006,-4.8296406e-05,-1
G026,G086,-4.836223e-05,-1
G006,G012,-4.8422873e-05,-1
G031,G032,-4.8423757e-05,-1
G075,G087,-4.850723e-05,-1
G034,G075,-4.8552734e-05,-1
G007,G027,-4.8556754e-05,-1
G075,G038,-4.8584225e-05,-1
G042,G006,-4.863723e-05,-1
G052,G051,-4.8643233e-05,-1
G057,G016,-4.865594e-05,-1
G003,G068,-4.8661757e-05,-1
G018,G040,-4.86636e-05,-1
G034,G072,-4.8672842e-05,-1
G050,G097,-4.8680915e-05,-1
G018,G037,-4.8767823e-05,-1
G094,G075,-4.8770864e-05,-1
G016,G058,-4.8777933e-05,-1
G016,G053,-4.879442e-05,-1
G100,G099,-4.885283e-05,-1
G003,G077,-4.8868413e-05,-1
G061,G091,-4.8892052e-05,-1
G027,G047,-4.897947e-05,-1
G059,G029,-4.9084912e-05,-1
G031,G049,-4.9129038e-05,-1
G076,G070,-4.9133065e-05,-1
G049,G077,-4.91351e-05,-1
G096,G100,-4.9151346e-05,-1
G063,G008,-4.920585e-05,-1
G015,G031,-4.9217928e-05,-1
G004,G079,-4.921973e-05,-1
G018,G005,-4.9274353e-05,-1
G051,G001,-4.932768e-05,-1
G084,G068,-4.9410875e-05,-1
G077,G059,-4.9519993e-05,-1
G075,G015,-4.9594677e-05,-1
G052,G020,-4.960166e-05,-1
G020,G078,-4.964038e-05,-1
G043,G084,-4.96546e-05,-1
G035,G030,-4.96632e-05,-1
G026,G031,-4.9667633e-05,-1
G048,G082,-4.9676128e-05,-1
G093,G001,-4.970695e-05,-1
G057,G005,-4.9818995e-05,-1
G042,G002,-4.9857463e-05,-1
G040,G022,-4.9879694e-05,-1
G087,G061,-4.9908496e-05,-1
G067,G029,-4.991986e-05,-1
G056,G026,-4.999467e-05,-1
G023,G094,-5.0041064e-05,-1
G012,G048,-5.0079736e-05,-1
G019,G072,-5.016055e-05,-1
G079,G002,-5.0187773e-05,-1
G037,G065,-5.0208615e-05,-1
G035,G062,-5.033705e-05,-1
G040,G069,-5.034329e-05,-1
G022,G030,-5.036196e-05,-1
G031,G078,-5.042973e-05,-1
G027,G099,-5.0436876e-05,-1
G037,G077,-5.047391e-05,-1
G035,G065,-5.050377e-05,-1
G025,G071,-5.051627e-05,-1
G035,G082,-5.0540664e-05,-1
G029,G096,-5.0574534e-05,-1
G004,G085,-5.058878e-05,-1
G043,G097,-5.060754e-05,-1
G084,G067,-5.0618677e-05,-1
G074,G008,-5.067857e-05,-1
G028,G066,-5.075988e-05,-1
G100,G018,-5.0785573e-05,-1
G062,G067,-5.0795083e-05,-1
G024,G059,-5.079612e-05,-1
G036,G014,-5.0824015e-05,-1
G048,G094,-5.0836512e-05,-1
G012,G019,-5.0874834e-05,-1
G048,G084,-5.0879433e-05,-1
G003,G082,-5.0897666e-05,-1
G096,G009,-5.0952574e-05,-1
G100,G082,-5.0984207e-05,-1
G012,G035,-5.100685e-05,-1
G029,G033,-5.1051622e-05,-1
G070,G015,-5.1084484e-05,-1
G051,G038,-5.1104384e-05,-1
G004,G002,-5.1176183e-05,-1
G091,G025,-5.1236428e-05,-1
G016,G099,-5.1284696e-05,-1
G019,G035,-5.1355935e-05,-1
G002,G075,-5.1387102e-05,-1
G044,G082,-5.1402625e-05,-1
G032,G058,-5.1435123e-05,-1
G020,G013,-5.160768e-05,-1
G046,G050,-5.160838e-05,-1
G088,G051,-5.1663625e-05,-1
G037,G071,-5.1686155e-05,-1
G038,G043,-5.170206e-05,-1
G026,G013,-5.170671e-05,-1
G025,G065,-5.1787298e-05,-1
G054,G049,-5.179993e-05,-1
G084,G091,-5.183624e-05,-1
G065,G025,-5.1857158e-05,-1
G028,G008,-5.186051e-05,-1
G016,G010,-5.1864045e-05,-1
G039,G056,-5.1874646e-05,-1
G076,G010,-5.190457e-05,-1
G008,G074,-5.1924017e-05,-1
G037,G039,-5.2000192e-05,-1
G024,G064,-5.2010982e-05,-1
G097,G070,-5.20128e-05,-1
G035,G091,-5.2028394e-05,-1
G037,G030,-5.2040286e-05,-1
G030,G028,-5.204668e-05,-1
G039,G051,-5.2063126e-05,-1
G049,G019,-5.206729e-05,-1
G020,G002,-5.2076615e-05,-1
G034,G082,-5.2134652e-05,-1
G022,G025,-5.2187894e-05,-1
G093,G082,-5.2221818e-05,-1
G045,G091,-5.2236548e-05,-1
G020,G015,-5.2262505e-05,-1
G099,G072,-5.241672e-05,-1
G068,G006,-5.255415e-05,-1
G051,G025,-5.2576477e-05,-1
G032,G028,-5.2654028e-05,-1
G089,G045,-5.266063e-05,-1
G051,G077,-5.266787e-05,-1
G056,G041,-5.282595e-05,-1
G023,G066,-5.2844443e-05,-1
G073,G051,-5.2864732e-05,-1
G035,G070,-5.2995714e-05,-1
G042,G028,-5.3030875e-05,-1
G092,G054,-5.3118045e-05,-1
G032,G053,-5.3132095e-05,-1
G091,G095,-5.319403e-05,-1
G038,G071,-5.3205793e-05,-1
G069,G011,-5.3236054e-05,-1
G053,G092,-5.324907e-05,-1
G096,G037,-5.326123e-05,-1
G030,G087,-5.3312233e-05,-1
G068,G072,-5.331768e-05,-1
G018,G001,-5.333622e-05,-1
G001,G059,-5.340556e-05,-1
G084,G020,-5.34351e-05,-1
G050,G063,-5.3446125e-05,-1
G006,G100,-5.3494576e-05,-1
G018,G024,-5.3524484e-05,-1
G039,G082,-5.3545085e-05,-1
G059,G079,-5.3549506e-05,-1
G015,G045,-5.35504e-05,-1
G020,G094,-5.3612595e-05,-1
G048,G043,-5.3612614e-05,-1
G026,G056,-5.362766e-05,-1
G026,G094,-5.3669948e-05,-1
G020,G065,-5.3679527e-05,-1
G055,G025,-5.3685806e-05,-1
G007,G039,-5.3687047e-05,-1
G030,G013,-5.3733704e-05,-1
G008,G069,-5.374473e-05,-1
G016,G028,-5.3845008e-05,-1
G052,G012,-5.386056e-05,-1
G005,G015,-5.3900578e-05,-1
G052,G044,-5.3918757e-05,-1
G042,G030,-5.393197e-05,-1
G015,G020,-5.3940792e-05,-1
G022,G055,-5.401506e-05,-1
G039,G050,-5.4023803e-05,-1
G010,G092,-5.4081185e-05,-1
G096,G013,-5.410812e-05,-1
G018,G053,-5.4159136e-05,-1
G032,G010,-5.420352e-05,-1
G090,G070,-5.420713e-05,-1
G023,G084,-5.4249515e-05,-1
G056,G024,-5.4287993e-05,-1
G024,G040,-5.4310174e-05,-1
G001,G011,-5.4336e-05,-1
G024,G013,-5.4393236e-05,-1
G064,G024,-5.4416636e-05,-1
G047,G071,-5.4472624e-05,-1
G055,G060,-5.4475135e-05,-1
G079,G062,-5.4536416e-05,-1
G002,G047,-5.458859e-05,-1
G053,G048,-5.4643602e-05,-1
G049,G030,-5.467895e-05,-1
G065,G026,-5.4700373e-05,-1
G067,G024,-5.4850832e-05,-1
G029,G060,-5.492868e-05,-1
G043,G100,-5.4961016e-05,-1
G035,G013,-5.4991688e-05,-1
G067,G091,-5.500507e-05,-1
G062,G074,-5.5049793e-05,-1
G094,G011,-5.5068464e-05,-1
G048,G049,-5.5076383e-05,-1
G098,G099,-5.511236e-05,-1
G056,G067,-5.513442e-05,-1
G096,G097,-5.51644e-05,-1
G006,G027,-5.5246328e-05,-1
G059,G016,-5.5297656e-05,-1
G016,G092,-5.5328594e-05,-1
G100,G072,-5.5334564e-05,-1
G053,G008,-5.5345714e-05,-1
G094,G068,-5.5524964e-05,-1
G051,G047,-5.5626642e-05,-1
G077,G010,-5.5661403e-05,-1
G050,G088,-5.575271e-05,-1
G033,G048,-5.57919e-05,-1
G022,G041,-5.5802877e-05,-1
G099,G069,-5.5871813e-05,-1
G014,G078,-5.591845e-05,-1
G067,G039,-5.5921333e-05,-1
G027,G035,-5.6004574e-05,-1
G075,G091,-5.6007713e-05,-1
G077,G070,-5.6027355e-05,-1
G045,G038,-5.6036148e-05,-1
G041,G010,-5.6045126e-05,-1
G075,G047,-5.6061803e-05,-1
G031,G093,-5.6094374e-05,-1
G096,G045,-5.614376e-05,-1
G025,G031,-5.6201472e-05,-1
G047,G044,-5.6211455e-05,-1
G075,G100,-5.6325614e-05,-1
G074,G068,-5.6377678e-05,-1
G088,G061,-5.6411016e-05,-1
G058,G054,-5.6517496e-05,-1
G079,G068,-5.660405e-05,-1
G063,G045,-5.672176e-05,-1
G034,G004,-5.6729936e-05,-1
G081,G072,-5.673561e-05,-1
G045,G026,-5.67816e-05,-1
G072,G077,-5.6871304e-05,-1
G082,G069,-5.693651e-05,-1
G063,G094,-5.6936886e-05,-1
G022,G047,-5.6957106e-05,-1
G051,G039,-5.696285e-05,-1
G011,G064,-5.7040652e-05,-1
G068,G092,-5.7091125e-05,-1
G050,G079,-5.721492e-05,-1
G037,G085,-5.724323e-05,-1
G081,G034,-5.7246296e-05,-1
G044,G034,-5.7309087e-05,-1
G067,G042,-5.731116e-05,-1
G090,G027,-5.737117e-05,-1
G048,G097,-5.737627e-05,-1
G031,G086,-5.7384248e-05,-1
G025,G096,-5.743057e-05,-1
G049,G053,-5.7470384e-05,-1
G088,G028,-5.749615e-05,-1
G002,G064,-5.7515274e-05,-1
G037,G033,-5.7551286e-05,-1
G045,G099,-5.756661e-05,-1
G012,G070,-5.7605932e-05,-1
G098,G088,-5.7608984e-05,-1
G017,G067,-5.767832e-05,-1
G022,G029,-5.7681555e-05,-1
G039,G019,-5.7715402e-05,-1
G029,G079,-5.7725923e-05,-1
G099,G033,-5.775351e-05,-1
G092,G060,-5.78232e-05,-1
G080,G093,-5.7825477e-05,-1
G084,G075,-5.7934732e-05,-1
G016,G074,-5.793578e-05,-1
G022,G066,-5.8074747e-05,-1
G079,G045,-5.8232315e-05,-1
G007,G055,-5.833959e-05,-1
G026,G018,-5.836471e-05,-1
G067,G019,-5.8491292e-05,-1
G037,G035,-5.8491925e-05,-1
G043,G011,-5.8515132e-05,-1
G037,G092,-5.8525708e-05,-1
G027,G077,-5.8551053e-05,-1
G072,G008,-5.8564605e-05,-1
G035,G068,-5.8573976e-05,-1
G004,G031,-5.8592137e-05,-1
G029,G040,-5.8658898e-05,-1
G015,G072,-5.8747646e-05,-1
G078,G087,-5.879438e-05,-1
G006,G042,-5.8837773e-05,-1
G005,G084,-5.8837843e-05,-1
G052,G077,-5.8851045e-05,-1
G005,G088,-5.888026e-05,-1
G024,G080,-5.8962167e-05,-1
G007,G024,-5.9061706e-05,-1
G048,G034,-5.9133243e-05,-1
G081,G067,-5.915835e-05,-1
G065,G061,-5.9160444e-05,-1
G079,G051,-5.9162227e-05,-1
G061,G080,-5.9178237e-05,-1
G062,G025,-5.9206926e-05,-1
G068,G030,-5.9255446e-05,-1
G063,G050,-5.927624e-05,-1
G055,G086,-5.929613e-05,-1
G087,G051,-5.936278e-05,-1
G065,G090,-5.9399063e-05,-1
G084,G012,-5.943715e-05,-1
G032,G076,-5.946648e-05,-1
G003,G002,-5.9561986e-05,-1
G078,G049,-5.966674e-05,-1
G056,G047,-5.9746922e-05,-1
G057,G029,-5.9837548e-05,-1
G008,G080,-5.9871527e-05,-1
G063,G044,-5.9874787e-05,-1
G012,G034,-5.990086e-05,-1
G026,G004,-5.998082e-05,-1
G057,G068,-5.9994607e-05,-1
G010,G086,-6.0004855e-05,-1
G099,G029,-6.0019727e-05,-1
G099,G030,-6.008089e-05,-1
G029,G068,-6.012583e-05,-1
G026,G042,-6.0156093e-05,-1
G029,G075,-6.016469e-05,-1
G089,G043,-6.022036e-05,-1
G088,G033,-6.0331025e-05,-1
G031,G013,-6.0429837e-05,-1
G024,G047,-6.055239e-05,-1
G087,G033,-6.0569655e-05,-1
G090,G003,-6.08035e-05,-1
G019,G099,-6.0850583e-05,-1
G091,G041,-6.0909933e-05,-1
G034,G024,-6.092866e-05,-1
G089,G099,-6.10061e-05,-1
G033,G091,-6.104172e-05,-1
G007,G009,-6.108077e-05,-1
G054,G045,-6.112116e-05,-1
G019,G031,-6.112382e-05,-1
G029,G090,-6.117509e-05,-1
G066,G019,-6.1188155e-05,-1
G097,G043,-6.1241335e-05,-1
G026,G063,-6.128408e-05,-1
G049,G022,-6.1329476e-05,-1
G087,G030,-6.13777e-05,-1
G032,G069,-6.143167e-05,-1
G036,G016,-6.147329e-05,-1
G028,G037,-6.148941e-05,-1
G004,G029,-6.151765e-05,-1
G033,G073,-6.1607076e-05,-1
G053,G094,-6.165253e-05,-1
G050,G071,-6.168218e-05,-1
G098,G032,-6.170003e-05,-1
G062,G051,-6.1708575e-05,-1
G050,G068,-6.171579e-05,-1
G062,G100,-6.178472e-05,-1
G075,G014,-6.184288e-05,-1
G053,G041,-6.1918756e-05,-1
G030,G064,-6.1923005e-05,-1
G048,G055,-6.202652e-05,-1
G008,G067,-6.212821e-05,-1
G063,G010,-6.21489e-05,-1
G100,G038,-6.215334e-05,-1
G055,G067,-6.216891e-05,-1
G050,G033,-6.216975e-05,-1
G042,G011,-6.219345e-05,-1
G034,G100,-6.225235e-05,-1
G037,G009,-6.2287756e-05,-1
G084,G005,-6.2315696e-05,-1
G090,G045,-6.232056e-05,-1
G087,G004,-6.235861e-05,-1
G076,G100,-6.237692e-05,-1
G051,G060,-6.240124e-05,-1
G057,G056,-6.241066e-05,-1
G004,G001,-6.256642e-05,-1
G032,G084,-6.257204e-05,-1
G065,G009,-6.2572064e-05,-1
G014,G006,-6.2582854e-05,-1
G012,G062,-6.2631385e-05,-1
G095,G075,-6.266111e-05,-1
G059,G097,-6.271072e-05,-1
G049,G059,-6.27625e-05,-1
G004,G055,-6.2812076e-05,-1
G024,G056,-6.28654e-05,-1
G087,G043,-6.288807e-05,-1
G033,G088,-6.289044e-05,-1
G087,G080,-6.293706e-05,-1
G037,G072,-6.295005e-05,-1
G079,G057,-6.2979605e-05,-1
G098,G075,-6.302211e-05,-1
G078,G010,-6.304216e-05,-1
G030,G011,-6.3158615e-05,-1
G024,G087,-6.316802e-05,-1
G017,G052,-6.322551e-05,-1
G026,G060,-6.3310734e-05,-1
G060,G013,-6.3368505e-05,-1
G019,G068,-6.338509e-05,-1
G090,G024,-6.339185e-05,-1
G070,G002,-6.339597e-05,-1
G002,G080,-6.345769e-05,-1
G052,G036,-6.348578e-05,-1
G025,G015,-6.348771e-05,-1
G067,G011,-6.356113e-05,-1
G070,G079,-6.3592524e-05,-1
G079,G083,-6.359728e-05,-1
G031,G057,-6.3724954e-05,-1
G023,G027,-6.3757085e-05,-1
G089,G031,-6.375782e-05,-1
G008,G092,-6.381624e-05,-1
G068,G063,-6.382864e-05,-1
G067,G064,-6.388875e-05,-1
G088,G002,-6.389073e-05,-1
G058,G094,-6.392565e-05,-1
G028,G013,-6.392859e-05,-1
G022,G086,-6.405714e-05,-1
G014,G041,-6.419828e-05,-1
G027,G020,-6.4198786e-05,-1
G089,G005,-6.426166e-05,-1
G079,G049,-6.427612e-05,-1
G099,G045,-6.431785e-05,-1
G090,G082,-6.433903e-05,-1
G006,G071,-6.439303e-05,-1
G051,G035,-6.444754e-05,-1
G070,G091,-6.458442e-05,-1
G037,G056,-6.461723e-05,-1
G094,G070,-6.4619606e-05,-1
G019,G100,-6.47083e-05,-1
G055,G062,-6.472175e-05,-1
G052,G090,-6.477166e-05,-1
G030,G009,-6.47722e-05,-1
G068,G091,-6.478525e-05,-1
G012,G025,-6.480956e-05,-1
G031,G012,-6.483049e-05,-1
G047,G054,-6.483281e-05,-1
G049,G058,-6.4837484e-05,-1
G054,G033,-6.48757e-05,-1
G077,G051,-6.487824e-05,-1
G066,G047,-6.487861e-05,-1
G077,G068,-6.4954416e-05,-1
G075,G070,-6.495523e-05,-1
G022,G036,-6.505792e-05,-1
G096,G075,-6.507829e-05,-1
G043,G019,-6.508491e-05,-1
G001,G077,-6.5097454e-05,-1
G001,G093,-6.510467e-05,-1
G055,G097,-6.51139e-05,-1
G011,G040,-6.514531e-05,-1
G079,G077,-6.515388e-05,-1
G018,G059,-6.516977e-05,-1
G050,G020,-6.519233e-05,-1
G019,G004,-6.522873e-05,-1
G006,G028,-6.5261745e-05,-1
G075,G055,-6.5280314e-05,-1
G040,G047,-6.529348e-05,-1
G079,G067,-6.5315995e-05,-1
G099,G002,-6.5439795e-05,-1
G054,G051,-6.5446875e-05,-1
G015,G095,-6.545253e-05,-1
G004,G024,-6.547879e-05,-1
G056,G100,-6.575823e-05,-1
G020,G053,-6.583658e-05,-1
G099,G079,-6.584934e-05,-1
G007,G058,-6.585048e-05,-1
G094,G049,-6.5898064e-05,-1
G047,G051,-6.5957785e-05,-1
G050,G034,-6.597801e-05,-1
G007,G042,-6.612371e-05,-1
G023,G065,-6.613206e-05,-1
G049,G027,-6.6136075e-05,-1
G048,G035,-6.616447e-05,-1
G074,G100,-6.620629e-05,-1
G037,G058,-6.627091e-05,-1
G002,G067,-6.6350796e-05,-1
G080,G057,-6.637293e-05,-1
G050,G025,-6.639059e-05,-1
G100,G055,-6.6400426e-05,-1
G032,G070,-6.6418055e-05,-1
G033,G006,-6.64253e-05,-1
G099,G018,-6.643243e-05,-1
G031,G054,-6.649576e-05,-1
G087,G059,-6.6502966e-05,-1
G094,G005,-6.654447e-05,-1
G061,G010,-6.655849e-05,-1
G092,G061,-6.65667e-05,-1
G079,G092,-6.6596855e-05,-1
G058,G051,-6.6630266e-05,-1
G004,G069,-6.665012e-05,-1
G091,G011,-6.671482e-05,-1
G070,G042,-6.6761095e-05,-1
G016,G051,-6.6772016e-05,-1
G096,G098,-6.677203e-05,-1
G053,G034,-6.677243e-05,-1
G015,G056,-6.677721e-05,-1
G075,G056,-6.681802e-05,-1
G048,G090,-6.6914974e-05,-1
G062,G031,-6.6953224e-05,-1
G022,G011,-6.6989654e-05,-1
G034,G066,-6.703824e-05,-1
G025,G062,-6.7116656e-05,-1
G093,G035,-6.720569e-05,-1
G030,G067,-6.724423e-05,-1
G063,G013,-6.727788e-05,-1
G098,G051,-6.7387e-05,-1
G020,G001,-6.7388755e-05,-1
G006,G004,-6.739684e-05,-1
G079,G031,-6.742526e-05,-1
G096,G056,-6.747176e-05,-1
G068,G022,-6.7522305e-05,-1
G031,G059,-6.754375e-05,-1
G054,G037,-6.756008e-05,-1
G084,G095,-6.757216e-05,-1
G025,G050,-6.761435e-05,-1
G037,G054,-6.761897e-05,-1
G056,G072,-6.765678e-05,-1
G100,G027,-6.7694455e-05,-1
G075,G020,-6.770179e-05,-1
G096,G033,-6.771941e-05,-1
G062,G038,-6.775698e-05,-1
G052,G092,-6.788046e-05,-1
G016,G100,-6.7889974e-05,-1
G099,G062,-6.796363e-05,-1
G039,G047,-6.798421e-05,-1
G090,G055,-6.803765e-05,-1
G070,G092,-6.804995e-05,-1
G068,G071,-6.8056295e-05,-1
G063,G032,-6.807584e-05,-1
G033,G011,-6.8174886e-05,-1
G065,G022,-6.821147e-05,-1
G055,G099,-6.821842e-05,-1
G005,G080,-6.8243666e-05,-1
G035,G009,-6.8329624e-05,-1
G088,G100,-6.833157e-05,-1
G030,G029,-6.8361194e-05,-1
G016,G084,-6.838547e-05,-1
G030,G026,-6.8445086e-05,-1
G015,G032,-6.845297e-05,-1
G001,G063,-6.8502166e-05,-1
G013,G094,-6.8527654e-05,-1
G055,G043,-6.854245e-05,-1
G074,G087,-6.8556685e-05,-1
G038,G026,-6.8605244e-05,-1
G094,G038,-6.865483e-05,-1
G035,G069,-6.8656555e-05,-1
G056,G061,-6.865786e-05,-1
G080,G079,-6.866581e-05,-1
G026,G079,-6.871645e-05,-1
G063,G047,-6.8841524e-05,-1
G070,G082,-6.896067e-05,-1
G008,G058,-6.899652e-05,-1
G050,G029,-6.901028e-05,-1
G004,G006,-6.902793e-05,-1
G035,G099,-6.904704e-05,-1
G029,G018,-6.9047775e-05,-1
G096,G084,-6.917365e-05,-1
G029,G100,-6.925481e-05,-1
G087,G019,-6.926577e-05,-1
G025,G099,-6.92912e-05,-1
G032,G043,-6.9294976e-05,-1
G047,G087,-6.933564e-05,-1
G029,G086,-6.935282e-05,-1
G078,G064,-6.935526e-05,-1
G066,G079,-6.936674e-05,-1
G057,G026,-6.9440655e-05,-1
G060,G052,-6.946523e-05,-1
G100,G066,-6.949113e-05,-1
G042,G024,-6.953122e-05,-1
G088,G034,-6.9537564e-05,-1
G097,G035,-6.957824e-05,-1
G019,G013,-6.964275e-05,-1
G062,G042,-6.96502e-05,-1
G076,G054,-6.967612e-05,-1
G049,G004,-6.97193e-05,-1
G040,G031,-6.9749236e-05,-1
G015,G025,-6.9750306e-05,-1
G084,G007,-6.975606e-05,-1
G027,G034,-6.97845e-05,-1
G092,G083,-6.98358e-05,-1
G047,G085,-6.98612e-05,-1
G080,G055,-6.9866386e-05,-1
G062,G090,-6.987372e-05,-1
G049,G006,-6.9879454e-05,-1
G093,G004,-6.988825e-05,-1
G033,G072,-7.0055445e-05,-1
G081,G003,-7.013309e-05,-1
G028,G096,-7.0164926e-05,-1
G069,G033,-7.019482e-05,-1
G049,G069,-7.023414e-05,-1
G069,G077,-7.02836e-05,-1
G032,G001,-7.028699e-05,-1
G089,G098,-7.029012e-05,-1
G035,G096,-7.032936e-05,-1
G030,G061,-7.044557e-05,-1
G092,G039,-7.0460315e-05,-1
G025,G013,-7.059832e-05,-1
G016,G094,-7.0643066e-05,-1
G019,G053,-7.0703376e-05,-1
G055,G029,-7.0793285e-05,-1
G065,G040,-7.08144e-05,-1
G079,G029,-7.0834845e-05,-1
G081,G074,-7.088475e-05,-1
G019,G017,-7.0941715e-05,-1
G023,G092,-7.094472e-05,-1
G044,G054,-7.095108e-05,-1
G059,G021,-7.095729e-05,-1
G048,G011,-7.1037626e-05,-1
G100,G087,-7.1044975e-05,-1
G007,G037,-7.1052506e-05,-1
G001,G056,-7.1061484e-05,-1
G004,G082,-7.107774e-05,-1
G015,G041,-7.1078524e-05,-1
G077,G036,-7.108577e-05,-1
G050,G065,-7.11355e-05,-1
G089,G073,-7.125409e-05,-1
G002,G018,-7.128394e-05,-1
G091,G100,-7.140457e-05,-1
G010,G082,-7.141435e-05,-1
G042,G029,-7.141514e-05,-1
G099,G049,-7.144612e-05,-1
G057,G070,-7.14813e-05,-1
G096,G048,-7.151447e-05,-1
G037,G001,-7.151603e-05,-1
G093,G097,-7.1524315e-05,-1
G059,G033,-7.1541566e-05,-1
G036,G047,-7.1610935e-05,-1
G012,G078,-7.1646056e-05,-1
G044,G037,-7.165776e-05,-1
G022,G088,-7.166879e-05,-1
G018,G099,-7.167738e-05,-1
G097,G017,-7.1696355e-05,-1
G026,G030,-7.1719165e-05,-1
G093,G025,-7.1823415e-05,-1
G065,G003,-7.1864335e-05,-1
G050,G016,-7.1879826e-05,-1
G042,G072,-7.1886985e-05,-1
G059,G068,-7.190493e-05,-1
G100,G008,-7.1989176e-05,-1
G022,G002,-7.2048046e-05,-1
G036,G056,-7.205276e-05,-1
G006,G064,-7.207847e-05,-1
G066,G095,-7.208011e-05,-1
G062,G047,-7.215518e-05,-1
G039,G035,-7.221588e-05,-1
G074,G051,-7.226909e-05,-1
G027,G002,-7.229588e-05,-1
G075,G064,-7.23127e-05,-1
G023,G020,-7.242137e-05,-1
G079,G042,-7.243235e-05,-1
G067,G072,-7.245447e-05,-1
G076,G066,-7.247013e-05,-1
G079,G097,-7.2478826e-05,-1
G057,G075,-7.2487484e-05,-1
G044,G040,-7.249129e-05,-1
G001,G039,-7.253256e-05,-1
G010,G083,-7.257506e-05,-1
G055,G015,-7.25787e-05,-1
G033,G013,-7.26053e-05,-1
G060,G032,-7.261507e-05,-1
G049,G045,-7.262009e-05,-1
G006,G070,-7.27533e-05,-1
G070,G084,-7.284359e-05,-1
G084,G069,-7.304801e-05,-1
G060,G006,-7.307827e-05,-1
G091,G029,-7.310551e-05,-1
G047,G012,-7.3136594e-05,-1
G056,G077,-7.31718e-05,-1
G057,G001,-7.317908e-05,-1
G031,G065,-7.318104e-05,-1
G056,G002,-7.3214316e-05,-1
G091,G060,-7.3219795e-05,-1
G068,G043,-7.32572e-05,-1
G075,G003,-7.332789e-05,-1
G020,G077,-7.334815e-05,-1
G068,G048,-7.3370305e-05,-1
G077,G083,-7.3414754e-05,-1
G085,G030,-7.348392e-05,-1
G007,G049,-7.351566e-05,-1
G020,G062,-7.35346e-05,-1
G075,G082,-7.360296e-05,-1
G097,G027,-7.360861e-05,-1
G084,G006,-7.363018e-05,-1
G067,G094,-7.3633266e-05,-1
G093,G030,-7.366665e-05,-1
G051,G045,-7.367256e-05,-1
G001,G082,-7.373363e-05,-1
G025,G045,-7.374395e-05,-1
G047,G040,-7.376093e-05,-1
G082,G028,-7.378568e-05,-1
G027,G001,-7.387384e-05,-1
G084,G031,-7.395102e-05,-1
G079,G071,-7.3952106e-05,-1
G074,G037,-7.395596e-05,-1
G002,G100,-7.3958705e-05,-1
G034,G065,-7.404262e-05,-1
G042,G032,-7.4048614e-05,-1
G035,G100,-7.410597e-05,-1
G047,G020,-7.412698e-05,-1
G078,G020,-7.4143405e-05,-1
G045,G094,-7.414415e-05,-1
G070,G001,-7.417708e-05,-1
G042,G035,-7.43926e-05,-1
G094,G009,-7.440829e-05,-1
G053,G056,-7.446532e-05,-1
G039,G001,-7.451117e-05,-1
G080,G011,-7.4544725e-05,-1
G033,G082,-7.459887e-05,-1
G010,G008,-7.465343e-05,-1
G065,G028,-7.476408e-05,-1
G057,G022,-7.477293e-05,-1
G045,G022,-7.483201e-05,-1
G021,G004,-7.486026e-05,-1
G072,G080,-7.4870506e-05,-1
G032,G100,-7.489425e-05,-1
G056,G037,-7.48946e-05,-1
G037,G069,-7.4920805e-05,-1
G081,G087,-7.513298e-05,-1
G006,G008,-7.5163065e-05,-1
G042,G095,-7.519319e-05,-1
G082,G042,-7.524266e-05,-1
G099,G025,-7.5248565e-05,-1
G036,G032,-7.526144e-05,-1
G028,G082,-7.531672e-05,-1
G097,G015,-7.534264e-05,-1
G019,G027,-7.536645e-05,-1
G042,G051,-7.5431955e-05,-1
G062,G065,-7.550939e-05,-1
G008,G047,-7.557787e-05,-1
G066,G071,-7.5600525e-05,-1
G038,G069,-7.561264e-05,-1
G052,G087,-7.564824e-05,-1
G059,G002,-7.5666525e-05,-1
G028,G069,-7.5690215e-05,-1
G054,G026,-7.573523e-05,-1
G053,G003,-7.5764605e-05,-1
G059,G072,-7.579005e-05,-1
G001,G075,-7.581657e-05,-1
G053,G018,-7.588131e-05,-1
G077,G075,-7.599531e-05,-1
G091,G013,-7.6066106e-05,-1
G002,G053,-7.6179924e-05,-1
G095,G018,-7.6317934e-05,-1
G069,G091,-7.644122e-05,-1
G028,G084,-7.645583e-05,-1
G070,G045,-7.650295e-05,-1
G088,G037,-7.656091e-05,-1
G021,G054,-7.6569755e-05,-1
G081,G060,-7.660819e-05,-1
G087,G031,-7.66242e-05,-1
G048,G099,-7.662888e-05,-1
G058,G099,-7.6678385e-05,-1
G045,G012,-7.668562e-05,-1
G100,G067,-7.675724e-05,-1
G097,G025,-7.678369e-05,-1
G095,G026,-7.688567e-05,-1
G072,G050,-7.691717e-05,-1
G097,G008,-7.696186e-05,-1
G079,G019,-7.697068e-05,-1
G040,G005,-7.701466e-05,-1
G079,G087,-7.7058794e-05,-1
G100,G071,-7.7123594e-05,-1
G077,G020,-7.712621e-05,-1
G089,G051,-7.715604e-05,-1
G014,G002,-7.7156255e-05,-1
G065,G064,-7.720412e-05,-1
G030,G080,-7.725348e-05,-1
G011,G051,-7.728869e-05,-1
G033,G067,-7.738214e-05,-1
G004,G072,-7.738624e-05,-1
G022,G005,-7.743688e-05,-1
G060,G043,-7.7456556e-05,-1
G021,G060,-7.746071e-05,-1
G027,G090,-7.749553e-05,-1
G062,G089,-7.757102e-05,-1
G093,G077,-7.758227e-05,-1
G004,G032,-7.771738e-05,-1
G094,G019,-7.775718e-05,-1
G042,G016,-7.778704e-05,-1
G084,G015,-7.7800854e-05,-1
G091,G082,-7.782258e-05,-1
G066,G087,-7.783573e-05,-1
G075,G009,-7.783938e-05,-1
G037,G043,-7.788293e-05,-1
G097,G084,-7.793315e-05,-1
G008,G057,-7.795285e-05,-1
G016,G081,-7.795729e-05,-1
G004,G042,-7.799236e-05,-1
G056,G086,-7.800648e-05,-1
G080,G083,-7.801833e-05,-1
G075,G011,-7.8025274e-05,-1
G004,G091,-7.805491e-05,-1
G090,G072,-7.8097066e-05,-1
G090,G097,-7.820501e-05,-1
G079,G044,-7.828999e-05,-1
G047,G025,-7.831081e-05,-1
G008,G011,-7.8373945e-05,-1
G027,G050,-7.8407094e-05,-1
G058,G090,-7.8558856e-05,-1
G025,G028,-7.8631485e-05,-1
G045,G029,-7.868284e-05,-1
G052,G035,-7.86857e-05,-1
G034,G013,-7.869343e-05,-1
G008,G079,-7.8722216e-05,-1
G047,G005,-7.876229e-05,-1
G092,G053,-7.878411e-05,-1
G053,G011,-7.883205e-05,-1
G045,G089,-7.883389e-05,-1
G017,G003,-7.883789e-05,-1
G082,G038,-7.8905796e-05,-1
G093,G003,-7.890724e-05,-1
G013,G065,-7.906294e-05,-1
G055,G026,-7.9176665e-05,-1
G057,G053,-7.918526e-05,-1
G034,G099,-7.9282814e-05,-1
G047,G063,-7.934349e-05,-1
G033,G096,-7.936926e-05,-1
G019,G047,-7.944843e-05,-1
G035,G039,-7.945749e-05,-1
G029,G028,-7.9474e-05,-1
G075,G086,-7.951774e-05,-1
G051,G053,-7.952042e-05,-1
G097,G034,-7.954349e-05,-1
G057,G008,-7.9576705e-05,-1
G020,G030,-7.9593934e-05,-1
G084,G066,-7.9627855e-05,-1
G034,G056,-7.9637444e-05,-1
G084,G037,-7.9747275e-05,-1
G006,G031,-7.979394e-05,-1
G051,G067,-7.982748e-05,-1
G056,G005,-7.9839745e-05,-1
G038,G059,-7.984518e-05,-1
G035,G088,-7.996232e-05,-1
G090,G075,-7.9965794e-05,-1
G063,G100,-8.00108e-05,-1
G007,G065,-8.007036e-05,-1
G095,G020,-8.0168305e-05,-1
G099,G035,-8.018011e-05,-1
G034,G028,-8.020838e-05,-1
G050,G030,-8.023717e-05,-1
G048,G013,-8.027839e-05,-1
G006,G039,-8.028471e-05,-1
G036,G064,-8.033619e-05,-1
G050,G009,-8.037646e-05,-1
G056,G031,-8.0474965e-05,-1
G048,G053,-8.0483274e-05,-1
G096,G019,-8.048765e-05,-1
G091,G084,-8.0510785e-05,-1
G081,G041,-8.051628e-05,-1
G038,G005,-8.0532256e-05,-1
G070,G064,-8.055141e-05,-1
G077,G095,-8.056286e-05,-1
G036,G018,-8.061142e-05,-1
G033,G068,-8.0643986e-05,-1
G069,G042,-8.0651735e-05,-1
G046,G024,-8.0678095e-05,-1
G060,G042,-8.071134e-05,-1
G044,G007,-8.071589e-05,-1
G010,G015,-8.07364e-05,-1
G049,G079,-8.076728e-05,-1
G055,G011,-8.0770325e-05,-1
G068,G005,-8.0779486e-05,-1
G049,G067,-8.077993e-05,-1
G055,G051,-8.078912e-05,-1
G052,G043,-8.092978e-05,-1
G096,G091,-8.1000435e-05,-1
G062,G075,-8.102696e-05,-1
G004,G057,-8.10326e-05,-1
G002,G082,-8.109974e-05,-1
G011,G024,-8.1131846e-05,-1
G082,G027,-8.1136975e-05,-1
G029,G092,-8.116387e-05,-1
G050,G083,-8.13085e-05,-1
G051,G034,-8.131219e-05,-1
G052,G003,-8.131796e-05,-1
G025,G029,-8.132461e-05,-1
G083,G082,-8.137198e-05,-1
G070,G087,-8.1376864e-05,-1
G069,G095,-8.140905e-05,-1
G082,G025,-8.146081e-05,-1
G088,G012,-8.164296e-05,-1
G067,G062,-8.175282e-05,-1
G051,G013,-8.1810525e-05,-1
G065,G082,-8.181359e-05,-1
G025,G056,-8.185325e-05,-1
G087,G049,-8.186326e-05,-1
G006,G082,-8.1876016e-05,-1
G047,G070,-8.188296e-05,-1
G033,G059,-8.189109e-05,-1
G007,G044,-8.190204e-05,-1
G032,G062,-8.1943974e-05,-1
G098,G006,-8.1974395e-05,-1
G024,G077,-8.197456e-05,-1
G096,G039,-8.1975806e-05,-1
G021,G068,-8.216001e-05,-1
G050,G047,-8.2176055e-05,-1
G021,G076,-8.217786e-05,-1
G049,G035,-8.219068e-05,-1
G048,G065,-8.222098e-05,-1
G067,G085,-8.226535e-05,-1
G074,G058,-8.232131e-05,-1
G037,G008,-8.2458784e-05,-1
G032,G059,-8.250625e-05,-1
G063,G005,-8.281321e-05,-1
G053,G079,-8.293205e-05,-1
G068,G025,-8.300216e-05,-1
G094,G072,-8.300556e-05,-1
G002,G048,-8.3035775e-05,-1
G004,G028,-8.3142855e-05,-1
G056,G095,-8.317078e-05,-1
G064,G033,-8.325319e-05,-1
G032,G067,-8.3269646e-05,-1
G087,G036,-8.327211e-05,-1
G003,G030,-8.32814e-05,-1
G066,G030,-8.3309096e-05,-1
G006,G010,-8.3335326e-05,-1
G053,G073,-8.338931e-05,-1
G093,G061,-8.345524e-05,-1
G092,G004,-8.349577e-05,-1
G053,G028,-8.370249e-05,-1
G080,G085,-8.3781815e-05,-1
G020,G042,-8.385522e-05,-1
G081,G020,-8.38581e-05,-1
G010,G061,-8.390322e-05,-1
G025,G009,-8.415099e-05,-1
G088,G038,-8.4213716e-05,-1
G034,G007,-8.436228e-05,-1
G049,G062,-8.4436884e-05,-1
G037,G028,-8.4471074e-05,-1
G075,G066,-8.448039e-05,-1
G100,G079,-8.4504674e-05,-1
G082,G017,-8.456769e-05,-1
G034,G080,-8.4706444e-05,-1
G077,G072,-8.4728366e-05,-1
G031,G025,-8.478141e-05,-1
G032,G015,-8.483646e-05,-1
G015,G010,-8.4839696e-05,-1
G050,G066,-8.484575e-05,-1
G042,G009,-8.4858984e-05,-1
G022,G053,-8.49677e-05,-1
G022,G094,-8.4978936e-05,-1
G016,G035,-8.503983e-05,-1
G002,G008,-8.51444e-05,-1
G032,G019,-8.514789e-05,-1
G096,G071,-8.5156054e-05,-1
G079,G001,-8.523543e-05,-1
G088,G077,-8.526803e-05,-1
G050,G002,-8.529336e-05,-1
G031,G029,-8.529785e-05,-1
G052,G097,-8.542148e-05,-1
G055,G040,-8.5442996e-05,-1
G010,G003,-8.5548985e-05,-1
G035,G093,-8.5562184e-05,-1
G095,G055,-8.559883e-05,-1
G018,G029,-8.5601125e-05,-1
G094,G054,-8.563204e-05,-1
G056,G028,-8.564901e-05,-1
G019,G084,-8.565799e-05,-1
G084,G027,-8.575236e-05,-1
G074,G003,-8.576878e-05,-1
G055,G012,-8.577189e-05,-1
G077,G049,-8.579597e-05,-1
G022,G035,-8.5878935e-05,-1
G066,G006,-8.5883e-05,-1
G012,G068,-8.591783e-05,-1
G060,G082,-8.592379e-05,-1
G080,G077,-8.59244e-05,-1
G082,G092,-8.5959444e-05,-1
G032,G042,-8.60274e-05,-1
G037,G090,-8.6075896e-05,-1
G028,G060,-8.607769e-05,-1
G018,G045,-8.6093525e-05,-1
G045,G040,-8.6129716e-05,-1
G067,G061,-8.622203e-05,-1
G095,G079,-8.6258115e-05,-1
G014,G091,-8.6286294e-05,-1
G022,G020,-8.631733e-05,-1
G068,G041,-8.63199e-05,-1
G087,G066,-8.635885e-05,-1
G036,G030,-8.639824e-05,-1
G032,G063,-8.640791e-05,-1
G032,G056,-8.641826e-05,-1
G018,G087,-8.650546e-05,-1
G018,G006,-8.653115e-05,-1
G023,G011,-8.6536806e-05,-1
G004,G077,-8.6569205e-05,-1
G096,G099,-8.663195e-05,-1
G055,G035,-8.665105e-05,-1
G084,G094,-8.668367e-05,-1
G064,G022,-8.67053e-05,-1
G035,G085,-8.6752196e-05,-1
G049,G029,-8.679255e-05,-1
G076,G093,-8.68087e-05,-1
G080,G037,-8.6856395e-05,-1
G044,G027,-8.703112e-05,-1
G079,G024,-8.709819e-05,-1
G026,G033,-8.71793e-05,-1
G088,G091,-8.719661e-05,-1
G003,G079,-8.727516e-05,-1
G048,G060,-8.727644e-05,-1
G015,G038,-8.729431e-05,-1
G054,G046,-8.7319655e-05,-1
G098,G038,-8.733927e-05,-1
G079,G027,-8.737648e-05,-1
G040,G084,-8.739691e-05,-1
G053,G060,-8.740751e-05,-1
G008,G081,-8.746395e-05,-1
G055,G005,-8.751288e-05,-1
G022,G008,-8.751586e-05,-1
G047,G057,-8.780661e-05,-1
G063,G087,-8.7807064e-05,-1
G038,G093,-8.786418e-05,-1
G022,G079,-8.789235e-05,-1
G058,G009,-8.79168e-05,-1
G050,G026,-8.7931934e-05,-1
G047,G061,-8.79914e-05,-1
G098,G078,-8.8055946e-05,-1
G089,G072,-8.8196e-05,-1
G099,G003,-8.823603e-05,-1
G028,G042,-8.829651e-05,-1
G088,G001,-8.8343804e-05,-1
G082,G003,-8.84756e-05,-1
G038,G051,-8.851157e-05,-1
G023,G005,-8.856521e-05,-1
G052,G064,-8.8611974e-05,-1
G051,G009,-8.86203e-05,-1
G056,G082,-8.8746776e-05,-1
G006,G038,-8.8759894e-05,-1
G078,G084,-8.87653e-05,-1
G070,G011,-8.878429e-05,-1
G060,G072,-8.885214e-05,-1
G003,G073,-8.901825e-05,-1
G077,G079,-8.906478e-05,-1
G056,G027,-8.90767e-05,-1
G029,G012,-8.9145826e-05,-1
G062,G057,-8.916722e-05,-1
G054,G002,-8.9168636e-05,-1
G028,G068,-8.92071e-05,-1
G004,G009,-8.923911e-05,-1
G016,G079,-8.924123e-05,-1
G079,G096,-8.924514e-05,-1
G077,G018,-8.9245994e-05,-1
G070,G043,-8.932255e-05,-1
G080,G018,-8.933369e-05,-1
G074,G066,-8.936425e-05,-1
G002,G051,-8.9479945e-05,-1
G038,G096,-8.9488254e-05,-1
G069,G055,-8.9754874e-05,-1
G051,G090,-8.979248e-05,-1
G069,G060,-8.980453e-05,-1
G048,G069,-8.981098e-05,-1
G068,G093,-8.98571e-05,-1
G015,G057,-8.987432e-05,-1
G055,G003,-8.9876645e-05,-1
G034,G061,-8.988096e-05,-1
G081,G016,-8.989645e-05,-1
G058,G049,-8.989994e-05,-1
G048,G066,-9.001762e-05,-1
G035,G029,-9.015561e-05,-1
G063,G096,-9.016945e-05,-1
G042,G019,-9.022201e-05,-1
G100,G031,-9.02755e-05,-1
G033,G025,-9.0323716e-05,-1
G020,G075,-9.03389e-05,-1
G032,G090,-9.035013e-05,-1
G079,G052,-9.040584e-05,-1
G024,G061,-9.0416266e-05,-1
G030,G094,-9.044301e-05,-1
G086,G044,-9.045884e-05,-1
G039,G095,-9.058091e-05,-1
G044,G020,-9.061916e-05,-1
G047,G011,-9.067758e-05,-1
G050,G072,-9.086235e-05,-1
G035,G012,-9.08707e-05,-1
G069,G090,-9.087256e-05,-1
G006,G087,-9.088516e-05,-1
G060,G092,-9.088959e-05,-1
G078,G057,-9.091347e-05,-1
G039,G092,-9.12257e-05,-1
G024,G009,-9.1449845e-05,-1
G068,G088,-9.1467424e-05,-1
G050,G028,-9.147058e-05,-1
G016,G001,-9.147161e-05,-1
G038,G016,-9.153457e-05,-1
G076,G034,-9.154036e-05,-1
G042,G025,-9.161587e-05,-1
G066,G027,-9.1634385e-05,-1
G056,G049,-9.165298e-05,-1
G067,G025,-9.166973e-05,-1
G060,G016,-9.171108e-05,-1
G063,G099,-9.18104e-05,-1
G068,G082,-9.1877715e-05,-1
G006,G019,-9.1939786e-05,-1
G055,G079,-9.199138e-05,-1
G090,G025,-9.2005015e-05,-1
G090,G051,-9.201818e-05,-1
G056,G092,-9.209424e-05,-1
G022,G021,-9.210519e-05,-1
G090,G041,-9.22485e-05,-1
G049,G008,-9.2369075e-05,-1
G100,G053,-9.240823e-05,-1
G037,G095,-9.247303e-05,-1
G020,G027,-9.2527196e-05,-1
G068,G002,-9.255016e-05,-1
G091,G059,-9.256103e-05,-1
G045,G039,-9.2620954e-05,-1
G098,G012,-9.2647926e-05,-1
G080,G062,-9.268617e-05,-1
G003,G086,-9.2908704e-05,-1
G069,G082,-9.294281e-05,-1
G012,G090,-9.30341e-05,-1
G016,G080,-9.3071736e-05,-1
G095,G082,-9.3097595e-05,-1
G091,G042,-9.312624e-05,-1
G096,G021,-9.31305e-05,-1
G074,G012,-9.326119e-05,-1
G071,G044,-9.328194e-05,-1
G023,G095,-9.3285846e-05,-1
G088,G082,-9.329915e-05,-1
G063,G031,-9.3364906e-05,-1
G023,G044,-9.34283e-05,-1
G020,G096,-9.348398e-05,-1
G039,G068,-9.3559574e-05,-1
G035,G005,-9.35743e-05,-1
G032,G047,-9.3585026e-05,-1
G034,G019,-9.370755e-05,-1
G033,G023,-9.385483e-05,-1
G060,G099,-9.385645e-05,-1
G080,G005,-9.386574e-05,-1
G094,G088,-9.3968294e-05,-1
G025,G090,-9.404857e-05,-1
G079,G090,-9.416913e-05,-1
G093,G057,-9.419847e-05,-1
G013,G083,-9.4242874e-05,-1
G077,G043,-9.431763e-05,-1
G023,G087,-9.434691e-05,-1
G018,G083,-9.435435e-05,-1
G044,G015,-9.4369345e-05,-1
G026,G009,-9.4487026e-05,-1
G076,G022,-9.450954e-05,-1
G025,G088,-9.457431e-05,-1
G073,G033,-9.460765e-05,-1
G090,G080,-9.4676674e-05,-1
G028,G030,-9.470411e-05,-1
G069,G041,-9.473358e-05,-1
G084,G092,-9.490788e-05,-1
G088,G013,-9.491792e-05,-1
G054,G027,-9.496762e-05,-1
G033,G061,-9.500879e-05,-1
G045,G006,-9.504535e-05,-1
G004,G053,-9.5064664e-05,-1
G065,G020,-9.521736e-05,-1
G052,G027,-9.52538e-05,-1
G076,G052,-9.5297946e-05,-1
G063,G025,-9.543052e-05,-1
G078,G082,-9.543835e-05,-1
G007,G005,-9.545136e-05,-1
G057,G025,-9.549008e-05,-1
G069,G086,-9.549171e-05,-1
G033,G029,-9.552178e-05,-1
G073,G081,-9.55627e-05,-1
G066,G001,-9.5676245e-05,-1
G032,G080,-9.568629e-05,-1
G008,G077,-9.574276e-05,-1
G031,G024,-9.57469e-05,-1
G091,G069,-9.578424e-05,-1
G024,G062,-9.579259e-05,-1
G033,G019,-9.586735e-05,-1
G073,G070,-9.594088e-05,-1
G047,G042,-9.5992626e-05,-1
G045,G088,-9.5996875e-05,-1
G087,G088,-9.605342e-05,-1
G035,G051,-9.6056174e-05,-1
G002,G095,-9.6063784e-05,-1
G075,G088,-9.6190866e-05,-1
G026,G093,-9.633907e-05,-1
G032,G018,-9.634431e-05,-1
G018,G015,-9.648534e-05,-1
G088,G044,-9.664566e-05,-1
G056,G096,-9.666582e-05,-1
G011,G061,-9.672357e-05,-1
G008,G045,-9.676016e-05,-1
G023,G008,-9.676549e-05,-1
G012,G004,-9.68496e-05,-1
G042,G090,-9.688633e-05,-1
G054,G060,-9.688859e-05,-1
G006,G048,-9.6911645e-05,-1
G039,G008,-9.699652e-05,-1
G055,G031,-9.703521e-05,-1
G029,G044,-9.714567e-05,-1
G055,G080,-9.715273e-05,-1
G090,G067,-9.72276e-05,-1
G094,G003,-9.7230404e-05,-1
G007,G038,-9.723218e-05,-1
G038,G086,-9.7298325e-05,-1
G012,G055,-9.73161e-05,-1
G037,G066,-9.7331955e-05,-1
G025,G092,-9.733698e-05,-1
G094,G023,-9.735659e-05,-1
G096,G005,-9.742911e-05,-1
G074,G078,-9.7535914e-05,-1
G087,G056,-9.756956e-05,-1
G006,G061,-9.758305e-05,-1
G084,G019,-9.7589196e-05,-1
G062,G079,-9.761307e-05,-1
G100,G061,-9.763589e-05,-1
G030,G024,-9.780898e-05,-1
G022,G065,-9.781846e-05,-1
G048,G063,-9.8080636e-05,-1
G032,G026,-9.810793e-05,-1
G088,G076,-9.8309414e-05,-1
G090,G083,-9.833837e-05,-1
G034,G093,-9.8352066e-05,-1
G043,G064,-9.8378136e-05,-1
G051,G086,-9.841495e-05,-1
G029,G004,-9.843051e-05,-1
G100,G094,-9.844444e-05,-1
G080,G056,-9.86497e-05,-1
G087,G099,-9.866876e-05,-1
G029,G038,-9.868119e-05,-1
G079,G035,-9.870043e-05,-1
G001,G050,-9.871556e-05,-1
G050,G055,-9.8745586e-05,-1
G032,G027,-9.874739e-05,-1
G065,G067,-9.875508e-05,-1
G028,G038,-9.8784534e-05,-1
G042,G034,-9.883107e-05,-1
G100,G019,-9.892943e-05,-1
G004,G099,-9.897653e-05,-1
G033,G028,-9.90068e-05,-1
G063,G040,-9.901672e-05,-1
G065,G063,-9.911504e-05,-1
G035,G022,-9.91221e-05,-1
G063,G079,-9.912356e-05,-1
G099,G041,-9.917777e-05,-1
G091,G043,-9.924369e-05,-1
G032,G075,-9.926804e-05,-1
G065,G100,-9.929905e-05,-1
G073,G098,-9.931666e-05,-1
G081,G027,-9.938343e-05,-1
G020,G032,-9.9391924e-05,-1
G061,G003,-9.942146e-05,-1
G006,G026,-9.9570956e-05,-1
G026,G084,-9.96619e-05,-1
G023,G038,-9.973961e-05,-1
G018,G020,-9.9758036e-05,-1
G068,G018,-9.9797224e-05,-1
G090,G092,-9.983421e-05,-1
G018,G060,-9.9837154e-05,-1
G033,G008,-9.9899924e-05,-1
G038,G082,-9.990277e-05,-1
G053,G064,-9.9909026e-05,-1
G028,G019,-9.991423e-05,-1
G018,G027,-9.993576e-05,-1
G075,G063,-9.9961275e-05,-1
G080,G076,-9.996129e-05,-1
G038,G002,-0.000100139056,-1
G082,G059,-0.000100226345,-1
G057,G084,-0.00010026335,-1
G037,G096,-0.000100274236,-1
G019,G011,-0.00010030021,-1
G042,G026,-0.0001003449,-1
G037,G032,-0.000100387035,-1
G033,G093,-0.00010041963,-1
G005,G024,-0.00010041982,-1
G025,G005,-0.00010045636,-1
G047,G010,-0.000100510195,-1
G066,G013,-0.00010052887,-1
G021,G096,-0.00010055628,-1
G056,G094,-0.000100622594,-1
G002,G009,-0.000100672805,-1
G077,G099,-0.00010067766,-1
G042,G015,-0.00010069742,-1
G088,G011,-0.00010070517,-1
G065,G033,-0.00010076692,-1
G094,G002,-0.000100870886,-1
G023,G062,-0.000100941215,-1
G096,G072,-0.00010108472,-1
G063,G069,-0.00010109263,-1
G079,G015,-0.00010111461,-1
G018,G093,-0.00010122224,-1
G031,G080,-0.000101289064,-1
G056,G040,-0.00010136038,-1
G094,G056,-0.00010137131,-1
G043,G087,-0.00010138148,-1
G006,G009,-0.0001014458,-1
G039,G059,-0.000101467325,-1
G075,G024,-0.0001016103,-1
G006,G050,-0.00010168483,-1
G072,G011,-0.0001016994,-1
G038,G039,-0.00010178076,-1
G078,G069,-0.00010189874,-1
G091,G057,-0.00010191031,-1
G024,G046,-0.00010195176,-1
G047,G064,-0.000102054095,-1
G001,G065,-0.00010209787,-1
G038,G080,-0.00010213013,-1
G019,G095,-0.00010224226,-1
G053,G066,-0.000102266495,-1
G077,G035,-0.00010231497,-1
G066,G033,-0.0001024043,-1
G069,G056,-0.000102433514,-1
G035,G018,-0.0001024751,-1
G065,G077,-0.0001024876,-1
G094,G031,-0.00010249985,-1
G084,G047,-0.0001025031,-1
G039,G057,-0.000102503574,-1
G030,G069,-0.00010251434,-1
G029,G099,-0.00010257089,-1
G047,G029,-0.00010258142,-1
G016,G030,-0.00010261445,-1
G042,G047,-0.00010264983,-1
G100,G074,-0.00010267015,-1
G002,G032,-0.00010267615,-1
G077,G027,-0.000102916456,-1
G095,G068,-0.00010303686,-1
G020,G079,-0.00010304487,-1
G063,G037,-0.00010306462,-1
G018,G068,-0.00010315812,-1
G042,G048,-0.00010319939,-1
G091,G087,-0.00010323322,-1
G068,G056,-0.00010335157,-1
G007,G063,-0.00010341426,-1
G062,G013,-0.0001034657,-1
G066,G086,-0.000103705686,-1
G002,G030,-0.000103897364,-1
G007,G003,-0.00010390798,-1
G045,G097,-0.000103970124,-1
G031,G023,-0.0001040068,-1
G060,G091,-0.00010404378,-1
G020,G028,-0.00010405694,-1
G078,G089,-0.000104076586,-1
G031,G009,-0.00010412181,-1
G070,G093,-0.0001041459,-1
G065,G094,-0.000104208,-1
G037,G022,-0.000104254534,-1
G029,G078,-0.000104271174,-1
G096,G066,-0.00010433698,-1
G084,G016,-0.00010434092,-1
G100,G025,-0.00010440417,-1
G015,G087,-0.0001044078,-1
G061,G055,-0.00010443598,-1
G018,G056,-0.0001044896,-1
G022,G057,-0.000104624676,-1
G020,G055,-0.00010467495,-1
G011,G029,-0.000104697814,-1
G015,G084,-0.000104833984,-1
G092,G045,-0.00010483461,-1
G036,G027,-0.000105187624,-1
G040,G060,-0.00010521229,-1
G084,G093,-0.000105270694,-1
G068,G044,-0.00010527271,-1
G077,G003,-0.00010531422,-1
G063,G034,-0.00010570187,-1
G019,G030,-0.00010571063,-1
G044,G017,-0.000105749736,-1
G045,G035,-0.000105806044,-1
G051,G073,-0.00010585493,-1
G033,G084,-0.000105873354,-1
G037,G025,-0.00010591337,-1
G038,G095,-0.000106055166,-1
G018,G012,-0.000106179636,-1
G049,G040,-0.000106279025,-1
G057,G020,-0.00010636138,-1
G077,G047,-0.000106418775,-1
G037,G048,-0.000106425534,-1
G025,G048,-0.000106514424,-1
G089,G095,-0.000106531086,-1
G065,G055,-0.000106629515,-1
G048,G086,-0.00010664252,-1
G099,G074,-0.00010668274,-1
G095,G087,-0.000106721636,-1
G019,G006,-0.00010675927,-1
G006,G034,-0.000106840525,-1
G084,G063,-0.000106872794,-1
G049,G025,-0.00010696439,-1
G055,G006,-0.000107137836,-1
G005,G085,-0.00010722901,-1
G054,G013,-0.00010722949,-1
G095,G084,-0.000107260195,-1
G002,G042,-0.00010728283,-1
G026,G090,-0.00010731942,-1
G070,G057,-0.000107372776,-1
G014,G033,-0.00010745266,-1
G006,G047,-0.00010745446,-1
G053,G086,-0.00010760039,-1
G029,G045,-0.00010780931,-1
G003,G016,-0.00010794121,-1
G098,G058,-0.00010794569,-1
G053,G052,-0.00010796984,-1
G002,G057,-0.00010798096,-1
G024,G074,-0.00010809512,-1
G033,G099,-0.000108198634,-1
G076,G060,-0.00010832777,-1
G077,G067,-0.000108363536,-1
G035,G047,-0.00010847279,-1
G024,G082,-0.00010856203,-1
G063,G042,-0.00010875139,-1
G042,G086,-0.00010881333,-1
G015,G059,-0.00010886779,-1
G021,G062,-0.00010899724,-1
G036,G080,-0.00010899993,-1
G004,G092,-0.00010904806,-1
G037,G052,-0.00010905333,-1
G038,G083,-0.000109095636,-1
G063,G093,-0.0001092036,-1
G078,G076,-0.0001092178,-1
G022,G037,-0.00010931236,-1
G097,G063,-0.000109459994,-1
G081,G033,-0.00010950155,-1
G100,G056,-0.000109535686,-1
G097,G100,-0.00010955635,-1
G054,G001,-0.00010958051,-1
G011,G093,-0.000109679844,-1
G093,G089,-0.00010971112,-1
G075,G004,-0.00010989581,-1
G077,G002,-0.000109897715,-1
G017,G099,-0.00011000737,-1
G052,G060,-0.00011010096,-1
G034,G071,-0.00011011895,-1
G070,G030,-0.000110272085,-1
G077,G096,-0.00011041108,-1
G095,G064,-0.000110541696,-1
G076,G099,-0.00011058478,-1
G055,G073,-0.000110601024,-1
G096,G042,-0.000110615794,-1
G090,G059,-0.00011064075,-1
G069,G028,-0.00011066902,-1
G089,G056,-0.00011067602,-1
G039,G034,-0.000110730936,-1
G074,G069,-0.00011077174,-1
G018,G002,-0.00011077299,-1
G040,G072,-0.00011079417,-1
G056,G036,-0.00011080208,-1
G079,G025,-0.00011082066,-1
G056,G048,-0.00011086783,-1
G047,G067,-0.00011101772,-1
G036,G084,-0.00011112588,-1
G006,G037,-0.00011115324,-1
G082,G039,-0.00011119102,-1
G079,G006,-0.00011119815,-1
G054,G096,-0.000111222085,-1
G004,G025,-0.00011141631,-1
G006,G025,-0.000111426285,-1
G024,G003,-0.00011143871,-1
G055,G048,-0.00011144912,-1
G069,G084,-0.00011146496,-1
G072,G023,-0.00011148049,-1
G050,G046,-0.00011155525,-1
G080,G094,-0.00011159264,-1
G074,G057,-0.000111618974,-1
G031,G077,-0.00011164157,-1
G098,G072,-0.0001116436,-1
G031,G028,-0.000111708985,-1
G084,G001,-0.00011174789,-1
G028,G025,-0.000111840265,-1
G007,G041,-0.000112012836,-1
G007,G059,-0.00011201741,-1
G088,G004,-0.0001121148,-1
G037,G059,-0.000112147834,-1
G058,G055,-0.00011215231,-1
G028,G041,-0.0001122505,-1
G042,G088,-0.00011230478,-1
G034,G074,-0.00011238214,-1
G069,G078,-0.00011252067,-1
G023,G100,-0.00011252862,-1
G027,G030,-0.000112548514,-1
G040,G065,-0.0001125742,-1
G019,G003,-0.00011260443,-1
G050,G051,-0.00011268296,-1
G028,G057,-0.00011271039,-1
G100,G028,-0.00011271691,-1
G007,G034,-0.000112719674,-1
G038,G011,-0.00011281187,-1
G015,G048,-0.0001129332,-1
G093,G060,-0.00011295682,-1
G029,G094,-0.000113035174,-1
G081,G083,-0.00011303578,-1
G048,G044,-0.00011306324,-1
G001,G072,-0.00011323989,-1
G028,G002,-0.000113240465,-1
G005,G037,-0.000113259724,-1
G039,G100,-0.00011326028,-1
G045,G053,-0.00011327627,-1
G062,G076,-0.00011331295,-1
G006,G069,-0.00011333371,-1
G027,G032,-0.00011336061,-1
G054,G075,-0.000113371876,-1
G045,G008,-0.000113425886,-1
G004,G097,-0.00011348611,-1
G070,G053,-0.000113494156,-1
G090,G063,-0.00011349929,-1
G063,G006,-0.000113623326,-1
G069,G094,-0.00011366099,-1
G030,G046,-0.00011379801,-1
G037,G026,-0.00011379971,-1
G026,G057,-0.000113912465,-1
G082,G022,-0.000113916474,-1
G087,G008,-0.00011391806,-1
G093,G100,-0.000114175564,-1
G045,G030,-0.00011425643,-1
G077,G093,-0.00011427849,-1
G098,G067,-0.00011433807,-1
G003,G094,-0.00011448051,-1
G016,G097,-0.000114485476,-1
G076,G096,-0.000114488685,-1
G095,G012,-0.000114517105,-1
G011,G053,-0.00011456159,-1
G068,G095,-0.000114662245,-1
G019,G090,-0.000114728704,-1
G056,G093,-0.00011473349,-1
G018,G066,-0.00011476727,-1
G040,G051,-0.00011479756,-1
G004,G043,-0.000114926224,-1
G014,G016,-0.00011504449,-1
G075,G073,-0.00011507234,-1
G065,G057,-0.000115139126,-1
G012,G075,-0.00011518611,-1
G043,G003,-0.000115217874,-1
G050,G086,-0.00011526023,-1
G035,G084,-0.000115268725,-1
G070,G075,-0.000115298215,-1
G019,G001,-0.00011534783,-1
G063,G003,-0.00011535135,-1
G040,G043,-0.00011545772,-1
G052,G075,-0.00011546385,-1
G012,G064,-0.00011547111,-1
G084,G046,-0.00011549309,-1
G075,G084,-0.00011553128,-1
G064,G078,-0.00011559966,-1
G064,G080,-0.00011581504,-1
G065,G049,-0.000115871655,-1
G098,G028,-0.000115890514,-1
G011,G091,-0.00011606194,-1
G022,G006,-0.000116155294,-1
G088,G063,-0.00011625327,-1
G067,G028,-0.00011638273,-1
G091,G037,-0.00011640765,-1
G099,G011,-0.00011643626,-1
G051,G084,-0.00011644239,-1
G006,G029,-0.0001164544,-1
G062,G034,-0.000116486684,-1
G067,G027,-0.00011649868,-1
G003,G091,-0.000116506395,-1
G081,G080,-0.00011663906,-1
G036,G094,-0.00011665812,-1
G089,G055,-0.0001166736,-1
G078,G027,-0.00011667606,-1
G007,G079,-0.000116776195,-1
G035,G066,-0.0001168753,-1
G087,G028,-0.00011690086,-1
G030,G005,-0.00011694237,-1
G063,G091,-0.00011697305,-1
G060,G023,-0.00011702222,-1
G037,G051,-0.000117030664,-1
G017,G073,-0.000117047144,-1
G027,G003,-0.00011711222,-1
G080,G012,-0.00011718674,-1
G050,G057,-0.00011721463,-1
G039,G005,-0.00011728445,-1
G084,G057,-0.000117368036,-1
G056,G042,-0.00011758169,-1
G054,G015,-0.00011758953,-1
G065,G045,-0.000117649055,-1
G020,G037,-0.00011769329,-1
G035,G006,-0.00011769965,-1
G051,G062,-0.000117709256,-1
G065,G053,-0.00011779222,-1
G039,G088,-0.000117825315,-1
G082,G062,-0.00011790994,-1
G036,G061,-0.00011794356,-1
G087,G037,-0.00011803344,-1
G075,G006,-0.00011815813,-1
G075,G025,-0.00011817406,-1
G063,G002,-0.000118219046,-1
G082,G080,-0.00011827618,-1
G023,G002,-0.00011827629,-1
G089,G015,-0.00011827704,-1
G030,G051,-0.00011829401,-1
G088,G018,-0.00011830754,-1
G090,G062,-0.00011835333,-1
G074,G016,-0.00011837521,-1
G038,G025,-0.00011837803,-1
G076,G048,-0.000118380085,-1
G019,G060,-0.00011843654,-1
G003,G084,-0.000118456854,-1
G040,G075,-0.00011847461,-1
G033,G100,-0.0001185024,-1
G075,G035,-0.00011850536,-1
G039,G030,-0.000118545366,-1
G016,G019,-0.00011854894,-1
G033,G090,-0.000118640324,-1
G065,G056,-0.00011865494,-1
G028,G050,-0.00011880148,-1
G077,G063,-0.0001188464,-1
G063,G077,-0.00011893068,-1
G044,G084,-0.00011900009,-1
G096,G069,-0.00011907326,-1
G040,G055,-0.00011925871,-1
G065,G052,-0.00011938029,-1
G048,G045,-0.0001194402,-1
G036,G077,-0.00011957047,-1
G028,G062,-0.00011967636,-1
G080,G025,-0.0001198476,-1
G061,G028,-0.000119866585,-1
G066,G018,-0.0001198901,-1
G074,G050,-0.00011994076,-1
G095,G100,-0.000120355886,-1
G018,G096,-0.00012039942,-1
G068,G042,-0.00012044979,-1
G007,G004,-0.00012045991,-1
G047,G056,-0.00012051728,-1
G075,G019,-0.000120530785,-1
G012,G003,-0.000120569464,-1
G023,G069,-0.00012057903,-1
G076,G003,-0.00012061585,-1
G075,G037,-0.000120618584,-1
G092,G051,-0.00012066221,-1
G084,G060,-0.00012084101,-1
G068,G051,-0.00012095693,-1
G079,G023,-0.00012097007,-1
G063,G035,-0.0001209716,-1
G005,G087,-0.000120985314,-1
G032,G024,-0.000121046185,-1
G050,G044,-0.000121142206,-1
G098,G053,-0.000121188714,-1
G054,G005,-0.00012119838,-1
G065,G038,-0.00012126189,-1
G007,G060,-0.00012126763,-1
G034,G094,-0.0001213036,-1
G069,G035,-0.0001214001,-1
G016,G066,-0.00012141318,-1
G023,G088,-0.00012145502,-1
G066,G072,-0.00012155042,-1
G095,G027,-0.00012156258,-1
G072,G054,-0.000121684156,-1
G075,G040,-0.00012173118,-1
G020,G035,-0.000121801204,-1
G050,G099,-0.000121837424,-1
G036,G051,-0.00012186638,-1
G049,G028,-0.000121882535,-1
G080,G100,-0.00012189672,-1
G016,G025,-0.00012195139,-1
G040,G061,-0.00012202503,-1
G024,G051,-0.00012210422,-1
G035,G027,-0.00012212242,-1
G080,G041,-0.00012215773,-1
G084,G030,-0.00012216858,-1
G080,G027,-0.00012228436,-1
G006,G033,-0.00012229479,-1
G019,G066,-0.00012231621,-1
G081,G090,-0.0001223517,-1
G090,G030,-0.00012251949,-1
G075,G043,-0.00012278461,-1
G045,G001,-0.00012283197,-1
G090,G035,-0.00012290267,-1
G015,G083,-0.00012302613,-1
G087,G053,-0.00012329892,-1
G026,G075,-0.00012330218,-1
G077,G023,-0.00012335164,-1
G020,G025,-0.00012339519,-1
G049,G097,-0.00012342153,-1
G050,G042,-0.0001234523,-1
G098,G059,-0.00012362166,-1
G093,G084,-0.00012362686,-1
G045,G033,-0.00012374035,-1
G079,G069,-0.00012378015,-1
G065,G001,-0.00012391753,-1
G025,G020,-0.00012397321,-1
G097,G028,-0.00012423749,-1
G003,G025,-0.00012430413,-1
G032,G066,-0.00012436729,-1
G078,G053,-0.0001244191,-1
G094,G024,-0.00012461095,-1
G027,G019,-0.00012463648,-1
G010,G066,-0.00012464002,-1
G055,G019,-0.00012464116,-1
G052,G061,-0.00012467845,-1
G015,G080,-0.00012470182,-1
G070,G044,-0.00012473084,-1
G026,G032,-0.0001247706,-1
G004,G084,-0.00012479803,-1
G007,G021,-0.0001248908,-1
G034,G049,-0.0001249499,-1
G078,G081,-0.0001249539,-1
G081,G043,-0.00012509614,-1
G087,G048,-0.00012510011,-1
G038,G065,-0.00012528534,-1
G038,G099,-0.00012550554,-1
G065,G012,-0.00012557591,-1
G031,G061,-0.00012606589,-1
G020,G009,-0.00012614338,-1
G053,G017,-0.00012614479,-1
G068,G053,-0.00012635253,-1
G051,G058,-0.00012643157,-1
G096,G031,-0.00012645601,-1
G045,G058,-0.00012656242,-1
G030,G016,-0.00012657713,-1
G036,G099,-0.00012657886,-1
G023,G039,-0.00012663385,-1
G027,G023,-0.00012668154,-1
G093,G016,-0.00012669279,-1
G069,G037,-0.00012671076,-1
G098,G073,-0.00012682851,-1
G096,G004,-0.00012688196,-1
G088,G003,-0.00012688628,-1
G023,G067,-0.00012691831,-1
G050,G080,-0.00012695676,-1
G062,G093,-0.00012705235,-1
G076,G091,-0.00012705522,-1
G090,G077,-0.00012710919,-1
G020,G084,-0.00012711641,-1
G020,G064,-0.00012712688,-1
G056,G020,-0.0001272097,-1
G013,G099,-0.00012727643,-1
G080,G086,-0.00012734921,-1
G082,G078,-0.0001274028,-1
G037,G042,-0.00012759867,-1
G024,G088,-0.00012771337,-1
G048,G009,-0.00012772666,-1
G100,G002,-0.00012787938,-1
G034,G053,-0.00012789347,-1
G055,G042,-0.00012790858,-1
G087,G016,-0.00012795774,-1
G023,G006,-0.00012799191,-1
G027,G005,-0.00012803971,-1
G051,G063,-0.00012814238,-1
G038,G068,-0.00012814584,-1
G063,G030,-0.00012823513,-1
G084,G097,-0.00012839185,-1
G076,G059,-0.00012846466,-1
G081,G070,-0.00012860028,-1
G077,G017,-0.00012877311,-1
G072,G060,-0.0001288095,-1
G099,G088,-0.00012902216,-1
G043,G094,-0.00012903598,-1
G095,G030,-0.00012907494,-1
G030,G047,-0.00012913952,-1
G054,G091,-0.00012919278,-1
G046,G075,-0.00012923634,-1
G088,G047,-0.00012929732,-1
G016,G067,-0.00012929838,-1
G096,G065,-0.00012940633,-1
G075,G008,-0.00012944918,-1
G048,G088,-0.00012949549,-1
G037,G006,-0.00012956216,-1
G053,G016,-0.00012957989,-1
G033,G040,-0.00012982164,-1
G036,G072,-0.00012991956,-1
G044,G046,-0.00012997932,-1
G076,G077,-0.0001299926,-1
G035,G087,-0.00013011962,-1
G099,G053,-0.00013028941,-1
G077,G090,-0.0001303991,-1
G094,G043,-0.00013063205,-1
G030,G001,-0.00013091798,-1
G023,G056,-0.00013092998,-1
G074,G067,-0.00013099443,-1
G020,G044,-0.00013100824,-1
G067,G084,-0.00013113307,-1
G090,G043,-0.0001311547,-1
G096,G087,-0.00013118023,-1
G002,G028,-0.00013127574,-1
G066,G094,-0.00013127971,-1
G092,G012,-0.00013128003,-1
G039,G053,-0.00013140176,-1
G051,G005,-0.00013140682,-1
G033,G051,-0.00013149058,-1
G021,G015,-0.00013158591,-1
G048,G032,-0.00013163684,-1
G054,G047,-0.00013170687,-1
G053,G047,-0.00013171505,-1
G067,G032,-0.0001317506,-1
G042,G056,-0.00013175455,-1
G006,G005,-0.00013185246,-1
G053,G089,-0.00013196314,-1
G016,G069,-0.00013197263,-1
G007,G013,-0.00013199249,-1
G100,G011,-0.0001320877,-1
G092,G015,-0.000132189,-1
G055,G033,-0.00013222906,-1
G047,G033,-0.00013232495,-1
G016,G006,-0.00013258414,-1
G056,G099,-0.00013267218,-1
G094,G087,-0.0001329606,-1
G091,G005,-0.0001329746,-1
G087,G035,-0.00013300471,-1
G098,G096,-0.00013308342,-1
G095,G053,-0.00013310973,-1
G044,G005,-0.00013313201,-1
G006,G020,-0.00013320842,-1
G078,G039,-0.00013325777,-1
G080,G002,-0.0001332582,-1
G018,G086,-0.00013336977,-1
G079,G086,-0.00013339176,-1
G061,G043,-0.00013342331,-1
G088,G045,-0.00013347657,-1
G036,G015,-0.00013357964,-1
G034,G040,-0.00013358424,-1
G036,G046,-0.00013361296,-1
G073,G054,-0.00013362932,-1
G023,G049,-0.00013373468,-1
G080,G028,-0.0001337964,-1
G035,G025,-0.0001338275,-1
G049,G037,-0.00013383816,-1
G037,G060,-0.00013390108,-1
G049,G005,-0.00013394449,-1
G023,G093,-0.0001341142,-1
G052,G086,-0.00013415885,-1
G034,G047,-0.00013416912,-1
G029,G019,-0.00013430278,-1
G091,G086,-0.00013439299,-1
G002,G006,-0.00013440991,-1
G073,G053,-0.00013446783,-1
G028,G035,-0.00013446812,-1
G023,G090,-0.00013449197,-1
G050,G087,-0.00013458998,-1
G007,G006,-0.00013478298,-1
G059,G053,-0.00013491404,-1
G030,G088,-0.00013494177,-1
G088,G057,-0.0001349931,-1
G063,G084,-0.00013503939,-1
G069,G070,-0.00013506247,-1
G070,G051,-0.00013508975,-1
G001,G060,-0.00013518833,-1
G098,G044,-0.00013530006,-1
G007,G099,-0.00013531855,-1
G034,G006,-0.00013540554,-1
G099,G048,-0.00013546216,-1
G031,G044,-0.00013549998,-1
G067,G100,-0.00013566046,-1
G017,G092,-0.00013580096,-1
G016,G008,-0.00013583578,-1
G049,G096,-0.00013591928,-1
G029,G003,-0.00013593289,-1
G065,G011,-0.00013598989,-1
G015,G053,-0.00013599351,-1
G066,G040,-0.00013600332,-1
G004,G019,-0.00013604094,-1
G088,G042,-0.000136074,-1
G050,G093,-0.00013610467,-1
G059,G004,-0.00013618171,-1
G047,G097,-0.00013632228,-1
G004,G090,-0.00013638701,-1
G001,G092,-0.00013643272,-1
G038,G073,-0.00013645175,-1
G060,G048,-0.000136455,-1
G020,G086,-0.0001364864,-1
G018,G048,-0.00013662942,-1
G055,G016,-0.00013676111,-1
G049,G099,-0.00013677852,-1
G035,G063,-0.00013696538,-1
G056,G033,-0.00013705132,-1
G099,G083,-0.00013712804,-1
G048,G092,-0.00013718355,-1
G003,G038,-0.0001372836,-1
G047,G043,-0.00013743201,-1
G014,G043,-0.00013752567,-1
G006,G055,-0.0001375314,-1
G040,G066,-0.0001375353,-1
G017,G042,-0.0001375514,-1
G098,G047,-0.00013763481,-1
G026,G040,-0.00013772589,-1
G076,G062,-0.0001377356,-1
G093,G005,-0.00013780191,-1
G068,G016,-0.00013785643,-1
G096,G041,-0.00013792366,-1
G090,G020,-0.00013793197,-1
G036,G011,-0.00013798386,-1
G084,G013,-0.00013802316,-1
G042,G082,-0.0001380819,-1
G056,G079,-0.00013810428,-1
G043,G027,-0.00013811304,-1
G002,G078,-0.000138117,-1
G063,G048,-0.00013816592,-1
G099,G042,-0.00013824455,-1
G049,G009,-0.00013827303,-1
G005,G044,-0.00013832889,-1
G048,G002,-0.00013834062,-1
G016,G059,-0.0001383832,-1
G022,G090,-0.00013842552,-1
G072,G022,-0.0001386782,-1
G072,G043,-0.00013870891,-1
G080,G035,-0.00013902274,-1
G016,G060,-0.00013908549,-1
G090,G037,-0.00013913243,-1
G061,G042,-0.00013917798,-1
G015,G058,-0.00013920918,-1
G089,G076,-0.00013921931,-1
G012,G040,-0.0001392987,-1
G087,G011,-0.00013931113,-1
G023,G003,-0.0001393238,-1
G081,G012,-0.00013938388,-1
G023,G018,-0.0001394474,-1
G088,G075,-0.00013945551,-1
G016,G057,-0.00013950968,-1
G081,G057,-0.00013975939,-1
G054,G087,-0.00013978506,-1
G054,G073,-0.00014012947,-1
G079,G094,-0.00014029074,-1
G100,G048,-0.00014029103,-1
G050,G032,-0.00014041727,-1
G075,G061,-0.00014045501,-1
G060,G088,-0.00014047809,-1
G074,G098,-0.0001404972,-1
G095,G005,-0.00014072728,-1
G023,G032,-0.00014088812,-1
G020,G047,-0.0001411383,-1
G078,G015,-0.00014114394,-1
G078,G045,-0.00014114572,-1
G047,G008,-0.00014119442,-1
G070,G066,-0.00014145629,-1
G074,G083,-0.00014168951,-1
G091,G034,-0.00014179427,-1
G048,G037,-0.00014185351,-1
G078,G013,-0.00014200731,-1
G067,G008,-0.00014203307,-1
G068,G096,-0.00014207458,-1
G093,G028,-0.00014212381,-1
G006,G093,-0.00014214448,-1
G059,G007,-0.00014219324,-1
G029,G002,-0.00014232346,-1
G077,G016,-0.0001423833,-1
G081,G082,-0.00014243105,-1
G090,G028,-0.00014257361,-1
G042,G043,-0.00014258892,-1
G022,G027,-0.00014262454,-1
G028,G061,-0.00014263352,-1
G003,G096,-0.00014268847,-1
G022,G087,-0.00014280611,-1
G056,G035,-0.00014348005,-1
G027,G088,-0.00014351263,-1
G028,G067,-0.00014352752,-1
G041,G004,-0.00014353506,-1
G008,G029,-0.00014365233,-1
G025,G041,-0.00014367764,-1
G045,G062,-0.00014369971,-1
G001,G026,-0.00014403499,-1
G007,G082,-0.0001441269,-1
G008,G056,-0.00014414167,-1
G017,G095,-0.00014415813,-1
G006,G072,-0.00014422176,-1
G035,G003,-0.00014427095,-1
G034,G095,-0.00014433856,-1
G050,G011,-0.00014441907,-1
G003,G023,-0.00014443212,-1
G070,G025,-0.00014446642,-1
G093,G075,-0.00014454185,-1
G100,G096,-0.00014460568,-1
G027,G069,-0.00014462433,-1
G051,G081,-0.00014477025,-1
G064,G013,-0.0001451212,-1
G021,G031,-0.00014512963,-1
G029,G006,-0.00014517634,-1
G004,G088,-0.0001452106,-1
G006,G060,-0.00014526525,-1
G091,G030,-0.00014528104,-1
G014,G024,-0.00014533184,-1
G032,G071,-0.000145337,-1
G014,G075,-0.00014544273,-1
G035,G061,-0.00014548261,-1
G001,G032,-0.0001455641,-1
G026,G074,-0.00014558504,-1
G078,G099,-0.00014558715,-1
G021,G083,-0.00014564804,-1
G028,G091,-0.00014567706,-1
G077,G028,-0.00014574724,-1
G016,G062,-0.00014576467,-1
G055,G093,-0.00014583778,-1
G014,G072,-0.00014584714,-1
G003,G029,-0.00014613202,-1
G091,G006,-0.00014623885,-1
G014,G100,-0.00014623949,-1
G022,G064,-0.0001462907,-1
G029,G017,-0.0001463286,-1
G014,G044,-0.00014638218,-1
G069,G005,-0.00014645471,-1
G065,G032,-0.00014650103,-1
G055,G083,-0.00014652517,-1
G028,G063,-0.00014669036,-1
G044,G081,-0.00014671774,-1
G080,G060,-0.00014677299,-1
G074,G044,-0.00014695607,-1
G003,G032,-0.00014695831,-1
G092,G059,-0.00014700786,-1
G038,G062,-0.00014716471,-1
G088,G064,-0.00014722858,-1
G019,G094,-0.00014723532,-1
G098,G093,-0.00014726211,-1
G094,G081,-0.00014731739,-1
G016,G077,-0.00014748443,-1
G032,G045,-0.00014763352,-1
G082,G093,-0.00014770098,-1
G019,G093,-0.00014777077,-1
G048,G005,-0.0001477825,-1
G045,G093,-0.00014784218,-1
G032,G038,-0.00014789008,-1
G078,G003,-0.00014795475,-1
G055,G038,-0.0001479747,-1
G094,G069,-0.00014799758,-1
G026,G065,-0.0001480232,-1
G029,G035,-0.0001481029,-1
G026,G062,-0.00014815814,-1
G014,G015,-0.00014847041,-1
G040,G006,-0.00014855592,-1
G098,G009,-0.00014873708,-1
G065,G059,-0.00014878616,-1
G002,G066,-0.00014886503,-1
G059,G078,-0.00014895528,-1
G055,G090,-0.0001489773,-1
G015,G051,-0.00014914793,-1
G091,G028,-0.00014925445,-1
G079,G003,-0.00014931557,-1
G050,G019,-0.00014931858,-1
G075,G012,-0.00014950737,-1
G002,G020,-0.0001495675,-1
G006,G092,-0.00014967223,-1
G034,G045,-0.0001499607,-1
G059,G038,-0.00015005002,-1
G030,G025,-0.00015019633,-1
G002,G063,-0.00015022827,-1
G063,G057,-0.00015024115,-1
G044,G023,-0.0001503437,-1
G039,G014,-0.00015048339,-1
G032,G083,-0.0001505922,-1
G093,G073,-0.00015060104,-1
G098,G005,-0.00015073485,-1
G033,G005,-0.00015078028,-1
G060,G025,-0.00015091182,-1
G089,G008,-0.00015094392,-1
G072,G039,-0.0001509502,-1
G004,G020,-0.00015098012,-1
G019,G042,-0.0001510567,-1
G045,G025,-0.00015117945,-1
G090,G057,-0.00015124887,-1
G069,G003,-0.00015125841,-1
G100,G083,-0.00015151124,-1
G063,G097,-0.00015164817,-1
G096,G015,-0.00015200926,-1
G003,G042,-0.00015210017,-1
G091,G004,-0.00015228837,-1
G002,G041,-0.00015238745,-1
G021,G010,-0.00015248828,-1
G018,G090,-0.00015256007,-1
G044,G024,-0.00015288686,-1
G049,G083,-0.00015294433,-1
G019,G062,-0.00015299422,-1
G038,G067,-0.00015299872,-1
G022,G084,-0.00015301284,-1
G035,G064,-0.0001531107,-1
G002,G084,-0.00015320288,-1
G018,G094,-0.00015320524,-1
G056,G084,-0.00015339984,-1
G069,G051,-0.00015340479,-1
G084,G043,-0.00015341032,-1
G031,G092,-0.00015341393,-1
G069,G018,-0.00015342639,-1
G065,G093,-0.00015349181,-1
G047,G035,-0.00015363355,-1
G034,G050,-0.00015364606,-1
G055,G088,-0.00015367653,-1
G052,G016,-0.00015372633,-1
G052,G069,-0.0001537343,-1
G088,G027,-0.00015394368,-1
G066,G060,-0.0001539611,-1
G026,G082,-0.0001540194,-1
G054,G092,-0.00015421456,-1
G098,G039,-0.0001542452,-1
G099,G009,-0.00015425084,-1
G004,G066,-0.00015427971,-1
G026,G029,-0.00015436258,-1
G022,G060,-0.00015441705,-1
G048,G047,-0.00015448309,-1
G067,G090,-0.00015472725,-1
G090,G084,-0.0001548162,-1
G050,G077,-0.0001548451,-1
G049,G011,-0.00015492529,-1
G051,G030,-0.00015492573,-1
G091,G055,-0.00015502897,-1
G044,G003,-0.00015527182,-1
G039,G003,-0.00015535601,-1
G079,G095,-0.00015547597,-1
G023,G096,-0.00015557073,-1
G005,G077,-0.00015564098,-1
G060,G081,-0.00015585325,-1
G003,G040,-0.00015589519,-1
G098,G011,-0.0001560941,-1
G098,G065,-0.00015654656,-1
G001,G048,-0.00015668703,-1
G088,G009,-0.00015672577,-1
G036,G087,-0.0001568814,-1
G097,G005,-0.00015694016,-1
G042,G080,-0.00015708039,-1
G066,G057,-0.00015708491,-1
G042,G038,-0.00015720614,-1
G063,G082,-0.00015731741,-1
G081,G002,-0.00015738969,-1
G035,G077,-0.00015762435,-1
G084,G079,-0.00015771815,-1
G007,G090,-0.00015772026,-1
G075,G057,-0.00015775186,-1
G052,G091,-0.00015784672,-1
G032,G048,-0.00015802291,-1
G094,G027,-0.00015804828,-1
G029,G031,-0.00015806404,-1
G033,G056,-0.00015823737,-1
G006,G035,-0.00015831202,-1
G039,G042,-0.00015834854,-1
G040,G087,-0.00015835495,-1
G084,G056,-0.00015842961,-1
G040,G091,-0.0001584324,-1
G046,G014,-0.00015885477,-1
G008,G004,-0.00015901923,-1
G099,G082,-0.00015907252,-1
G005,G008,-0.00015910843,-1
G029,G088,-0.00015932939,-1
G016,G005,-0.00015936907,-1
G047,G053,-0.0001594715,-1
G074,G035,-0.00015958866,-1
G077,G012,-0.00015960784,-1
G080,G023,-0.00015961177,-1
G006,G088,-0.00015976043,-1
G076,G006,-0.00015976925,-1
G070,G012,-0.00015980237,-1
G081,G040,-0.00015981645,-1
G008,G030,-0.00015982313,-1
G076,G002,-0.00016029096,-1
G007,G057,-0.0001605467,-1
G092,G042,-0.00016067125,-1
G062,G084,-0.00016068247,-1
G093,G034,-0.00016068546,-1
G076,G011,-0.00016072983,-1
G069,G008,-0.0001607857,-1
G005,G028,-0.0001608256,-1
G018,G100,-0.00016089348,-1
G045,G031,-0.00016090607,-1
G089,G049,-0.00016103512,-1
G029,G084,-0.00016104142,-1
G002,G016,-0.0001610796,-1
G038,G006,-0.0001611963,-1
G074,G033,-0.00016124119,-1
G082,G081,-0.00016129373,-1
G094,G067,-0.00016136297,-1
G027,G009,-0.00016141143,-1
G022,G063,-0.00016145258,-1
G018,G035,-0.0001614526,-1
G064,G092,-0.00016159491,-1
G081,G037,-0.00016162539,-1
G087,G077,-0.00016167236,-1
G081,G030,-0.00016169093,-1
G066,G093,-0.00016175612,-1
G094,G051,-0.00016182869,-1
G019,G005,-0.0001618596,-1
G090,G065,-0.00016186324,-1
G034,G077,-0.00016196957,-1
G040,G004,-0.00016204543,-1
G024,G067,-0.00016205707,-1
G020,G051,-0.0001623878,-1
G033,G086,-0.00016239556,-1
G036,G049,-0.00016247567,-1
G095,G011,-0.00016266268,-1
G083,G093,-0.00016271466,-1
G062,G077,-0.00016277787,-1
G033,G044,-0.00016278516,-1
G016,G037,-0.00016278631,-1
G040,G045,-0.00016281086,-1
G048,G093,-0.00016283165,-1
G070,G019,-0.00016287863,-1
G002,G025,-0.0001633041,-1
G019,G082,-0.00016344515,-1
G014,G039,-0.00016352012,-1
G055,G020,-0.00016356922,-1
G015,G007,-0.00016366478,-1
G090,G049,-0.00016369864,-1
G025,G016,-0.00016382219,-1
G022,G092,-0.00016383445,-1
G025,G093,-0.00016387083,-1
G037,G031,-0.00016393144,-1
G019,G088,-0.00016395292,-1
G013,G015,-0.0001642557,-1
G035,G028,-0.00016426927,-1
G084,G065,-0.00016447455,-1
G056,G066,-0.00016448527,-1
G089,G068,-0.00016461947,-1
G017,G004,-0.00016476403,-1
G093,G012,-0.00016477813,-1
G006,G030,-0.0001648877,-1
G018,G025,-0.00016493857,-1
G090,G047,-0.00016544716,-1
G058,G073,-0.00016551538,-1
G072,G018,-0.00016554965,-1
G018,G003,-0.00016556705,-1
G056,G074,-0.00016564156,-1
G034,G090,-0.0001656735,-1
G076,G094,-0.00016584592,-1
G018,G057,-0.00016588985,-1
G018,G047,-0.00016596727,-1
G052,G030,-0.00016597443,-1
G094,G020,-0.00016602296,-1
G003,G022,-0.00016621074,-1
G056,G090,-0.00016625489,-1
G019,G086,-0.00016645475,-1
G014,G096,-0.00016674733,-1
G079,G099,-0.00016693369,-1
G095,G066,-0.00016697374,-1
G007,G088,-0.00016697451,-1
G003,G075,-0.00016709026,-1
G054,G034,-0.00016719516,-1
G089,G012,-0.00016724676,-1
G006,G079,-0.00016738995,-1
G010,G095,-0.00016747219,-1
G072,G030,-0.0001676167,-1
G061,G011,-0.0001676839,-1
G003,G090,-0.00016770104,-1
G068,G060,-0.0001677406,-1
G084,G039,-0.00016774079,-1
G070,G049,-0.00016782158,-1
G094,G052,-0.00016784789,-1
G099,G092,-0.00016792587,-1
G027,G095,-0.00016801983,-1
G098,G023,-0.00016804662,-1
G054,G048,-0.0001680634,-1
G098,G022,-0.00016808255,-1
G049,G088,-0.0001681094,-1
G027,G076,-0.00016814937,-1
G081,G059,-0.00016823645,-1
G023,G077,-0.00016847774,-1
G076,G072,-0.00016859056,-1
G095,G073,-0.00016877754,-1
G034,G057,-0.00016889376,-1
G089,G060,-0.00016934487,-1
G098,G083,-0.00016943016,-1
G044,G047,-0.00016955301,-1
G045,G071,-0.00016961846,-1
G096,G089,-0.00016970224,-1
G076,G057,-0.00016970727,-1
G018,G023,-0.00016972623,-1
G090,G060,-0.00016972909,-1
G032,G012,-0.00016978287,-1
G098,G034,-0.00016981961,-1
G015,G076,-0.00016983143,-1
G081,G006,-0.00016988603,-1
G048,G067,-0.00016997529,-1
G099,G100,-0.00017000607,-1
G087,G045,-0.00017002468,-1
G079,G091,-0.00017009595,-1
G023,G030,-0.00017027548,-1
G034,G046,-0.00017028283,-1
G098,G027,-0.00017030691,-1
G054,G099,-0.00017036396,-1
G081,G022,-0.00017038718,-1
G065,G043,-0.00017047118,-1
G029,G077,-0.00017064567,-1
G073,G015,-0.00017077004,-1
G026,G016,-0.00017087394,-1
G025,G019,-0.0001709078,-1
G099,G065,-0.0001709413,-1
G004,G086,-0.00017104116,-1
G080,G090,-0.00017116821,-1
G025,G032,-0.00017123471,-1
G100,G047,-0.00017141408,-1
G084,G008,-0.00017149444,-1
G080,G088,-0.00017173424,-1
G086,G017,-0.00017194457,-1
G044,G022,-0.00017197563,-1
G072,G038,-0.00017218404,-1
G072,G002,-0.00017228676,-1
G065,G005,-0.00017229642,-1
G006,G043,-0.00017238353,-1
G080,G009,-0.00017238817,-1
G060,G035,-0.00017239676,-1
G097,G073,-0.0001724189,-1
G007,G062,-0.00017246998,-1
G082,G012,-0.00017270399,-1
G019,G028,-0.00017276805,-1
G098,G025,-0.00017280965,-1
G076,G037,-0.000172832,-1
G082,G086,-0.00017288071,-1
G077,G048,-0.00017292658,-1
G089,G096,-0.0001729269,-1
G084,G025,-0.00017313441,-1
G066,G024,-0.0001731554,-1
G027,G094,-0.0001734767,-1
G049,G044,-0.00017351161,-1
G034,G064,-0.00017354857,-1
G096,G012,-0.00017357753,-1
G039,G043,-0.00017357775,-1
G072,G020,-0.00017384469,-1
G004,G018,-0.00017386427,-1
G060,G055,-0.00017411527,-1
G078,G006,-0.00017415898,-1
G068,G012,-0.00017423862,-1
G079,G093,-0.00017428196,-1
G030,G015,-0.0001743865,-1
G016,G013,-0.00017463577,-1
G093,G039,-0.00017489344,-1
G019,G049,-0.00017501967,-1
G074,G011,-0.00017502456,-1
G088,G087,-0.0001750314,-1
G076,G056,-0.00017522139,-1
G089,G032,-0.0001752226,-1
G090,G087,-0.00017525887,-1
G025,G082,-0.00017526012,-1
G057,G039,-0.00017531011,-1
G044,G052,-0.00017531453,-1
G097,G037,-0.00017531998,-1
G090,G019,-0.00017538622,-1
G019,G039,-0.00017541877,-1
G045,G056,-0.00017550639,-1
G081,G079,-0.00017570084,-1
G041,G033,-0.00017581765,-1
G042,G027,-0.00017589946,-1
G013,G004,-0.00017606931,-1
G007,G078,-0.00017616028,-1
G008,G018,-0.00017617305,-1
G019,G032,-0.00017621527,-1
G028,G009,-0.00017621885,-1
G018,G095,-0.00017631361,-1
G032,G057,-0.0001763371,-1
G068,G057,-0.00017634472,-1
G017,G094,-0.00017635514,-1
G018,G051,-0.0001763923,-1
G007,G091,-0.00017691961,-1
G059,G088,-0.00017692689,-1
G095,G034,-0.00017693243,-1
G030,G044,-0.00017700314,-1
G047,G036,-0.00017703968,-1
G099,G008,-0.00017738422,-1
G079,G063,-0.00017742156,-1
G044,G069,-0.0001774998,-1
G031,G097,-0.00017758514,-1
G008,G039,-0.00017766173,-1
G063,G095,-0.00017776906,-1
G065,G080,-0.00017803199,-1
G089,G035,-0.00017805382,-1
G038,G031,-0.00017826135,-1
G011,G020,-0.000178303,-1
G008,G041,-0.0001784141,-1
G015,G099,-0.00017849238,-1
G008,G028,-0.00017849426,-1
G014,G062,-0.00017872856,-1
G010,G004,-0.00017875829,-1
G018,G098,-0.0001787719,-1
G087,G074,-0.0001788029,-1
G052,G022,-0.00017882834,-1
G024,G042,-0.00017898742,-1
G058,G035,-0.0001790844,-1
G062,G005,-0.00017912852,-1
G035,G090,-0.00017926111,-1
G081,G048,-0.00017926765,-1
G045,G002,-0.0001792776,-1
G025,G008,-0.00017929148,-1
G036,G068,-0.00017938469,-1
G044,G074,-0.0001795511,-1
G046,G037,-0.00017957999,-1
G056,G039,-0.00017959713,-1
G030,G066,-0.00017991196,-1
G032,G025,-0.00018006175,-1
G098,G085,-0.00018016719,-1
G045,G016,-0.00018026242,-1
G025,G063,-0.00018031831,-1
G036,G071,-0.00018043115,-1
G087,G020,-0.00018044114,-1
G019,G040,-0.00018049666,-1
G034,G042,-0.00018069435,-1
G098,G045,-0.00018070916,-1
G074,G071,-0.00018073012,-1
G078,G025,-0.00018093857,-1
G025,G011,-0.00018098307,-1
G097,G079,-0.00018103422,-1
G040,G020,-0.0001813001,-1
G049,G068,-0.00018138286,-1
G065,G039,-0.00018145402,-1
G072,G062,-0.00018145419,-1
G035,G060,-0.00018146654,-1
G067,G038,-0.0001814908,-1
G031,G005,-0.00018179227,-1
G065,G027,-0.0001818712,-1
G088,G026,-0.0001818873,-1
G038,G063,-0.0001819154,-1
G035,G019,-0.00018211373,-1
G033,G094,-0.00018226782,-1
G036,G053,-0.0001823172,-1
G090,G002,-0.00018236805,-1
G045,G047,-0.00018238618,-1
G070,G074,-0.00018243806,-1
G036,G050,-0.00018248646,-1
G092,G097,-0.0001825082,-1
G057,G049,-0.0001826014,-1
G023,G086,-0.0001826345,-1
G075,G062,-0.00018283144,-1
G074,G079,-0.00018292494,-1
G100,G014,-0.00018303696,-1
G092,G085,-0.00018305541,-1
G020,G088,-0.00018313072,-1
G096,G092,-0.00018315927,-1
G040,G064,-0.00018329332,-1
G030,G019,-0.00018344921,-1
G054,G070,-0.00018346336,-1
G038,G018,-0.00018350796,-1
G084,G099,-0.00018386934,-1
G091,G027,-0.00018413179,-1
G036,G088,-0.00018417161,-1
G063,G067,-0.00018422458,-1
G019,G033,-0.00018423525,-1
G045,G051,-0.00018426483,-1
G076,G044,-0.00018430626,-1
G065,G088,-0.00018434311,-1
G001,G078,-0.00018443001,-1
G099,G077,-0.000184564,-1
G077,G039,-0.00018475155,-1
G077,G008,-0.00018518954,-1
G037,G070,-0.00018536246,-1
G027,G064,-0.00018549865,-1
G057,G002,-0.00018584747,-1
G055,G024,-0.0001858754,-1
G093,G008,-0.00018604311,-1
G015,G094,-0.00018615442,-1
G034,G092,-0.00018618404,-1
G035,G094,-0.00018655142,-1
G015,G067,-0.00018660157,-1
G074,G031,-0.00018676734,-1
G079,G008,-0.00018683149,-1
G002,G005,-0.00018688844,-1
G019,G056,-0.00018698942,-1
G038,G056,-0.00018711624,-1
G057,G030,-0.00018723778,-1
G049,G060,-0.00018740445,-1
G001,G024,-0.0001875574,-1
G095,G047,-0.00018759548,-1
G043,G093,-0.00018773295,-1
G045,G090,-0.00018782946,-1
G062,G072,-0.00018797447,-1
G039,G037,-0.00018798254,-1
G069,G006,-0.00018798992,-1
G076,G071,-0.00018815117,-1
G024,G004,-0.00018856583,-1
G097,G064,-0.00018870491,-1
G091,G097,-0.00018873296,-1
G027,G033,-0.00018873907,-1
G095,G090,-0.00018901263,-1
G012,G052,-0.00018949107,-1
G061,G073,-0.00018961719,-1
G067,G037,-0.00018970182,-1
G032,G035,-0.000189814,-1
G090,G099,-0.00018981876,-1
G058,G069,-0.00018998866,-1
G094,G092,-0.00019003896,-1
G046,G016,-0.00019032018,-1
G042,G003,-0.00019032451,-1
G007,G095,-0.00019050941,-1
G003,G037,-0.00019059594,-1
G046,G048,-0.00019065804,-1
G001,G034,-0.00019067468,-1
G099,G032,-0.00019086924,-1
G063,G004,-0.00019102507,-1
G024,G005,-0.00019103722,-1
G060,G005,-0.00019105291,-1
G065,G008,-0.00019108891,-1
G024,G053,-0.00019114451,-1
G100,G057,-0.00019126898,-1
G048,G025,-0.00019137499,-1
G007,G015,-0.00019141634,-1
G030,G065,-0.00019145789,-1
G008,G086,-0.0001915755,-1
G078,G100,-0.00019158618,-1
G044,G029,-0.00019191157,-1
G074,G096,-0.00019197291,-1
G023,G024,-0.00019219339,-1
G073,G096,-0.00019248255,-1
G069,G004,-0.00019251536,-1
G001,G083,-0.00019265396,-1
G065,G031,-0.00019266731,-1
G020,G023,-0.00019275428,-1
G055,G068,-0.00019279208,-1
G039,G045,-0.00019281352,-1
G077,G011,-0.00019296468,-1
G062,G060,-0.00019297215,-1
G062,G039,-0.0001929938,-1
G005,G038,-0.00019303114,-1
G051,G032,-0.00019305215,-1
G042,G084,-0.00019313634,-1
G096,G077,-0.00019316722,-1
G080,G019,-0.00019319436,-1
G049,G013,-0.00019321928,-1
G017,G083,-0.00019323335,-1
G060,G027,-0.00019328666,-1
G088,G025,-0.00019335037,-1
G077,G030,-0.00019349903,-1
G036,G091,-0.00019353814,-1
G019,G067,-0.00019357864,-1
G032,G006,-0.00019368101,-1
G063,G019,-0.00019376916,-1
G076,G090,-0.00019388467,-1
G001,G031,-0.0001939365,-1
G054,G025,-0.00019397348,-1
G058,G014,-0.00019400653,-1
G021,G041,-0.0001940997,-1
G027,G036,-0.00019413122,-1
G033,G092,-0.00019414215,-1
G009,G083,-0.00019440417,-1
G048,G027,-0.00019440489,-1
G027,G051,-0.00019456091,-1
G024,G037,-0.00019456285,-1
G091,G038,-0.00019460001,-1
G036,G020,-0.00019477571,-1
G040,G057,-0.00019495774,-1
G081,G032,-0.00019520265,-1
G024,G057,-0.00019538988,-1
G076,G033,-0.0001955442,-1
G087,G032,-0.00019559273,-1
G089,G029,-0.00019561856,-1
G024,G084,-0.00019562412,-1
G099,G051,-0.00019580704,-1
G034,G030,-0.00019581972,-1
G004,G016,-0.00019582067,-1
G039,G028,-0.00019583949,-1
G084,G004,-0.00019593653,-1
G020,G003,-0.0001960471,-1
G023,G009,-0.00019618188,-1
G051,G008,-0.00019644237,-1
G033,G038,-0.00019661897,-1
G074,G049,-0.00019689792,-1
G030,G084,-0.00019716202,-1
G030,G012,-0.00019720328,-1
G021,G080,-0.00019724952,-1
G079,G009,-0.00019744052,-1
G006,G057,-0.0001974611,-1
G006,G084,-0.00019769957,-1
G027,G060,-0.0001978727,-1
G074,G065,-0.00019827798,-1
G082,G098,-0.00019830342,-1
G058,G096,-0.00019842108,-1
G016,G065,-0.0001986603,-1
G077,G057,-0.00019866726,-1
G065,G019,-0.00019867597,-1
G087,G024,-0.00019868996,-1
G022,G040,-0.00019902579,-1
G096,G057,-0.00019921474,-1
G029,G022,-0.00019952895,-1
G063,G028,-0.00019959109,-1
G003,G008,-0.00019983045,-1
G071,G015,-0.00020007559,-1
G050,G069,-0.00020013202,-1
G057,G098,-0.00020035436,-1
G096,G095,-0.00020042226,-1
G036,G086,-0.00020049271,-1
G060,G009,-0.00020063476,-1
G092,G064,-0.0002006724,-1
G077,G091,-0.00020068095,-1
G072,G089,-0.00020068682,-1
G007,G048,-0.00020072868,-1
G089,G092,-0.00020074553,-1
G038,G020,-0.00020082119,-1
G030,G091,-0.00020096533,-1
G080,G016,-0.00020098979,-1
G059,G031,-0.00020100005,-1
G009,G060,-0.0002010931,-1
G036,G079,-0.00020114746,-1
G040,G048,-0.0002011707,-1
G027,G068,-0.00020123117,-1
G046,G010,-0.000201493,-1
G084,G029,-0.00020171063,-1
G043,G070,-0.00020182741,-1
G047,G062,-0.00020210259,-1
G039,G069,-0.00020211402,-1
G013,G090,-0.00020229812,-1
G056,G063,-0.00020231784,-1
G043,G061,-0.00020234198,-1
G025,G055,-0.00020240375,-1
G058,G045,-0.00020245409,-1
G064,G018,-0.00020251144,-1
G073,G097,-0.00020262603,-1
G053,G057,-0.00020270268,-1
G014,G003,-0.0002027632,-1
G012,G031,-0.00020283692,-1
G007,G083,-0.00020291634,-1
G038,G048,-0.00020302308,-1
G059,G066,-0.00020323445,-1
G093,G044,-0.00020356463,-1
G090,G042,-0.00020360871,-1
G090,G011,-0.00020366386,-1
G090,G005,-0.00020373147,-1
G060,G037,-0.00020382735,-1
G021,G093,-0.00020386967,-1
G021,G045,-0.0002039385,-1
G036,G024,-0.00020394397,-1
G067,G021,-0.00020400068,-1
G090,G029,-0.00020401728,-1
G074,G072,-0.00020406206,-1
G035,G032,-0.00020413616,-1
G016,G022,-0.00020416063,-1
G090,G069,-0.00020418201,-1
G058,G021,-0.0002042056,-1
G057,G066,-0.00020424799,-1
G032,G020,-0.0002042694,-1
G083,G009,-0.00020429635,-1
G076,G009,-0.00020455167,-1
G073,G027,-0.00020464764,-1
G069,G057,-0.00020471874,-1
G077,G065,-0.0002048287,-1
G100,G069,-0.00020487967,-1
G047,G099,-0.00020506233,-1
G023,G091,-0.00020508895,-1
G052,G056,-0.00020516907,-1
G018,G091,-0.0002053474,-1
G044,G097,-0.00020541495,-1
G043,G021,-0.00020544635,-1
G081,G045,-0.00020549822,-1
G042,G044,-0.00020555094,-1
G018,G065,-0.00020562907,-1
G012,G038,-0.00020563109,-1
G058,G031,-0.00020569027,-1
G076,G019,-0.00020569976,-1
G001,G096,-0.0002060343,-1
G061,G030,-0.00020604006,-1
G044,G018,-0.00020610636,-1
G010,G002,-0.00020619541,-1
G042,G079,-0.00020627149,-1
G015,G090,-0.00020633759,-1
G005,G057,-0.00020636417,-1
G069,G075,-0.00020637683,-1
G002,G094,-0.00020668269,-1
G055,G044,-0.00020678011,-1
G018,G055,-0.00020679744,-1
G087,G057,-0.00020680788,-1
G060,G019,-0.00020683753,-1
G088,G020,-0.00020704305,-1
G049,G100,-0.00020707014,-1
G055,G069,-0.00020731383,-1
G028,G099,-0.00020739311,-1
G058,G008,-0.00020745546,-1
G036,G002,-0.00020755833,-1
G042,G064,-0.0002078669,-1
G005,G002,-0.00020840194,-1
G049,G016,-0.00020840816,-1
G100,G042,-0.00020856157,-1
G049,G036,-0.0002087704,-1
G034,G086,-0.00020892062,-1
G098,G019,-0.00020895735,-1
G037,G041,-0.00020899247,-1
G100,G059,-0.00020908851,-1
G010,G077,-0.00020941527,-1
G056,G060,-0.00020960002,-1
G001,G018,-0.0002096405,-1
G005,G043,-0.00020977634,-1
G001,G057,-0.00020990746,-1
G040,G002,-0.00021014798,-1
G051,G026,-0.00021050328,-1
G066,G026,-0.00021074791,-1
G018,G063,-0.00021093823,-1
G054,G032,-0.00021095136,-1
G039,G025,-0.00021104561,-1
G097,G030,-0.00021107562,-1
G088,G092,-0.00021110385,-1
G084,G045,-0.00021121865,-1
G068,G076,-0.00021152962,-1
G028,G003,-0.00021168824,-1
G094,G093,-0.00021180758,-1
G002,G004,-0.0002118677,-1
G010,G073,-0.00021191235,-1
G070,G035,-0.00021195055,-1
G098,G100,-0.0002120274,-1
G037,G083,-0.0002124301,-1
G088,G084,-0.00021262225,-1
G077,G084,-0.00021263587,-1
G098,G014,-0.00021281285,-1
G072,G084,-0.000212877,-1
G077,G013,-0.00021293528,-1
G075,G027,-0.00021296195,-1
G048,G057,-0.00021311664,-1
G094,G065,-0.00021330931,-1
G098,G063,-0.0002133107,-1
G065,G050,-0.00021331708,-1
G051,G074,-0.00021352671,-1
G064,G086,-0.0002137355,-1
G091,G054,-0.00021374364,-1
G055,G028,-0.00021382085,-1
G003,G024,-0.00021387893,-1
G076,G086,-0.0002139195,-1
G044,G035,-0.00021393063,-1
G097,G057,-0.0002140633,-1
G077,G031,-0.0002141458,-1
G092,G082,-0.00021417477,-1
G076,G083,-0.00021440999,-1
G020,G033,-0.00021456588,-1
G030,G099,-0.00021472471,-1
G040,G008,-0.00021494899,-1
G026,G059,-0.00021506689,-1
G062,G069,-0.00021513387,-1
G003,G056,-0.00021515171,-1
G077,G060,-0.00021528153,-1
G023,G060,-0.00021535502,-1
G066,G043,-0.00021551104,-1
G053,G061,-0.00021559105,-1
G074,G097,-0.00021588629,-1
G061,G089,-0.00021589937,-1
G011,G050,-0.00021599462,-1
G096,G035,-0.0002160211,-1
G046,G012,-0.00021607445,-1
G055,G013,-0.00021614136,-1
G032,G011,-0.00021628679,-1
G100,G037,-0.00021632567,-1
G044,G013,-0.00021647011,-1
G042,G092,-0.00021652807,-1
G031,G038,-0.0002165806,-1
G040,G098,-0.00021700219,-1
G082,G095,-0.00021703623,-1
G049,G066,-0.00021737667,-1
G079,G037,-0.00021757225,-1
G046,G068,-0.00021770017,-1
G017,G048,-0.00021772318,-1
G011,G014,-0.0002180126,-1
G024,G070,-0.00021829255,-1
G057,G087,-0.00021832772,-1
G083,G001,-0.00021862405,-1
G028,G076,-0.00021873819,-1
G089,G023,-0.0002188187,-1
G087,G003,-0.00021922903,-1
G013,G024,-0.00021926862,-1
G027,G043,-0.00021936958,-1
G098,G020,-0.00021938485,-1
G044,G070,-0.00021963891,-1
G043,G080,-0.00021988664,-1
G048,G042,-0.0002199136,-1
G039,G052,-0.00022016924,-1
G006,G032,-0.00022021224,-1
G018,G041,-0.00022043401,-1
G042,G005,-0.00022064062,-1
G017,G060,-0.00022069554,-1
G003,G100,-0.00022072945,-1
G012,G050,-0.00022125982,-1
G042,G077,-0.0002213828,-1
G066,G009,-0.00022164038,-1
G049,G043,-0.00022183944,-1
G020,G011,-0.00022185789,-1
G044,G010,-0.00022213973,-1
G073,G072,-0.000222151,-1
G002,G011,-0.0002221667,-1
G025,G058,-0.00022235025,-1
G091,G064,-0.00022238928,-1
G015,G100,-0.00022279423,-1
G036,G090,-0.00022289254,-1
G072,G037,-0.00022289844,-1
G003,G011,-0.00022301053,-1
G092,G035,-0.00022304447,-1
G058,G100,-0.00022308038,-1
G098,G029,-0.00022313674,-1
G031,G090,-0.00022316573,-1
G060,G002,-0.00022341813,-1
G091,G078,-0.00022395163,-1
G082,G033,-0.00022396639,-1
G055,G037,-0.00022397086,-1
G004,G044,-0.00022397612,-1
G017,G082,-0.0002239794,-1
G056,G032,-0.00022403631,-1
G032,G093,-0.00022443231,-1
G096,G093,-0.00022466414,-1
G002,G003,-0.00022471412,-1
G066,G053,-0.00022474134,-1
G017,G010,-0.00022496225,-1
G068,G050,-0.00022504857,-1
G006,G023,-0.00022528243,-1
G005,G056,-0.0002253515,-1
G067,G065,-0.00022551807,-1
G044,G008,-0.00022552615,-1
G095,G097,-0.00022558961,-1
G089,G003,-0.00022583238,-1
G095,G043,-0.00022612096,-1
G008,G009,-0.00022618617,-1
G039,G084,-0.00022622015,-1
G058,G027,-0.00022630738,-1
G073,G037,-0.00022631281,-1
G074,G034,-0.00022635254,-1
G015,G008,-0.00022643834,-1
G064,G057,-0.00022655711,-1
G074,G006,-0.00022712296,-1
G020,G054,-0.00022743308,-1
G025,G001,-0.00022748858,-1
G027,G016,-0.00022781345,-1
G075,G042,-0.0002279871,-1
G039,G087,-0.00022807016,-1
G091,G094,-0.00022830396,-1
G014,G026,-0.00022839374,-1
G100,G016,-0.00022857574,-1
G067,G020,-0.00022859959,-1
G038,G008,-0.00022861693,-1
G024,G060,-0.00022877206,-1
G056,G025,-0.000228791,-1
G031,G053,-0.00022882785,-1
G078,G016,-0.00022893088,-1
G001,G069,-0.00022896686,-1
G054,G100,-0.00022924581,-1
G001,G084,-0.00022940268,-1
G023,G082,-0.00022953446,-1
G026,G036,-0.00022956173,-1
G062,G053,-0.00022986083,-1
G100,G093,-0.00022993781,-1
G039,G044,-0.00023007992,-1
G042,G004,-0.00023010503,-1
G043,G099,-0.00023031133,-1
G074,G027,-0.00023043681,-1
G064,G073,-0.00023059004,-1
G020,G092,-0.0002306176,-1
G011,G077,-0.00023079583,-1
G092,G070,-0.00023092177,-1
G042,G089,-0.00023119022,-1
G055,G032,-0.00023127046,-1
G038,G042,-0.00023145053,-1
G039,G024,-0.00023161189,-1
G002,G087,-0.00023167238,-1
G016,G096,-0.00023185066,-1
G084,G042,-0.00023199849,-1
G026,G045,-0.00023220076,-1
G057,G100,-0.00023220255,-1
G002,G056,-0.00023242152,-1
G050,G060,-0.00023245836,-1
G077,G005,-0.00023257328,-1
G081,G068,-0.00023284058,-1
G054,G019,-0.00023294476,-1
G067,G043,-0.00023301296,-1
G089,G080,-0.00023317928,-1
G065,G018,-0.00023330894,-1
G040,G035,-0.00023340392,-1
G089,G084,-0.00023357707,-1
G013,G046,-0.0002336053,-1
G023,G053,-0.0002336382,-1
G060,G003,-0.00023379437,-1
G066,G070,-0.00023394993,-1
G015,G089,-0.00023395874,-1
G036,G057,-0.00023401248,-1
G095,G035,-0.00023402796,-1
G001,G088,-0.0002341499,-1
G051,G041,-0.00023432853,-1
G078,G032,-0.00023446998,-1
G096,G026,-0.00023457312,-1
G058,G032,-0.00023458007,-1
G076,G024,-0.0002347889,-1
G078,G090,-0.00023480032,-1
G100,G070,-0.00023481734,-1
G054,G031,-0.00023491954,-1
G054,G095,-0.0002351092,-1
G058,G004,-0.00023525603,-1
G001,G035,-0.00023563996,-1
G027,G096,-0.00023569627,-1
G096,G008,-0.00023588416,-1
G020,G031,-0.00023594749,-1
G036,G096,-0.00023595085,-1
G089,G091,-0.00023599029,-1
G016,G088,-0.00023608435,-1
G002,G090,-0.00023628888,-1
G061,G070,-0.00023632443,-1
G082,G016,-0.00023645179,-1
G089,G057,-0.00023649912,-1
G057,G055,-0.000236512,-1
G012,G061,-0.0002366216,-1
G040,G068,-0.0002369237,-1
G006,G018,-0.00023697583,-1
G022,G014,-0.00023708322,-1
G005,G094,-0.00023718642,-1
G059,G010,-0.00023725234,-1
G014,G018,-0.00023745565,-1
G035,G095,-0.00023748838,-1
G004,G087,-0.00023780037,-1
G089,G037,-0.00023780417,-1
G091,G066,-0.00023783949,-1
G064,G026,-0.00023791987,-1
G079,G088,-0.00023793493,-1
G054,G086,-0.00023799956,-1
G076,G073,-0.00023800127,-1
G014,G040,-0.00023848143,-1
G092,G084,-0.00023850153,-1
G095,G067,-0.0002386051,-1
G007,G032,-0.00023863926,-1
G096,G060,-0.00023871235,-1
G097,G082,-0.00023875578,-1
G014,G097,-0.00023876557,-1
G069,G032,-0.00023878523,-1
G047,G095,-0.00023880211,-1
G015,G092,-0.00023924626,-1
G028,G043,-0.00023932268,-1
G014,G034,-0.000239545,-1
G073,G068,-0.00023956626,-1
G012,G018,-0.00023966547,-1
G066,G075,-0.00023967773,-1
G023,G046,-0.00023969031,-1
G020,G060,-0.00023978822,-1
G061,G005,-0.00023994135,-1
G033,G009,-0.00024015532,-1
G054,G069,-0.00024025614,-1
G035,G057,-0.00024070477,-1
G091,G099,-0.00024096695,-1
G029,G008,-0.0002410516,-1
G051,G042,-0.0002413249,-1
G044,G019,-0.00024161064,-1
G049,G065,-0.00024185573,-1
G026,G008,-0.00024214401,-1
G018,G082,-0.00024215454,-1
G069,G065,-0.00024271983,-1
G091,G096,-0.0002427815,-1
G043,G037,-0.00024279223,-1
G036,G060,-0.00024288056,-1
G011,G035,-0.0002429997,-1
G089,G025,-0.00024305799,-1
G025,G053,-0.00024322762,-1
G051,G007,-0.00024323048,-1
G074,G059,-0.0002436204,-1
G007,G087,-0.00024363316,-1
G092,G072,-0.00024379125,-1
G048,G003,-0.00024384673,-1
G013,G022,-0.00024393888,-1
G077,G019,-0.00024400903,-1
G095,G050,-0.00024409045,-1
G007,G086,-0.00024410471,-1
G005,G039,-0.00024422185,-1
G023,G034,-0.00024428932,-1
G006,G063,-0.0002443365,-1
G093,G052,-0.0002443399,-1
G007,G025,-0.00024454732,-1
G064,G076,-0.00024482407,-1
G084,G011,-0.00024492686,-1
G029,G061,-0.00024498033,-1
G094,G016,-0.00024499412,-1
G057,G006,-0.00024521287,-1
G060,G011,-0.00024553554,-1
G003,G033,-0.0002455916,-1
G055,G063,-0.00024579364,-1
G080,G075,-0.000245816,-1
G049,G033,-0.00024585793,-1
G040,G034,-0.00024612798,-1
G043,G040,-0.00024623948,-1
G014,G060,-0.0002462485,-1
G008,G100,-0.0002464148,-1
G078,G097,-0.0002464483,-1
G047,G100,-0.00024654946,-1
G095,G062,-0.0002466272,-1
G056,G006,-0.0002466726,-1
G089,G001,-0.00024677327,-1
G061,G019,-0.00024696806,-1
G044,G061,-0.00024702726,-1
G063,G029,-0.0002471866,-1
G053,G005,-0.00024750098,-1
G098,G035,-0.0002475795,-1
G025,G022,-0.00024792785,-1
G035,G086,-0.00024800634,-1
G032,G008,-0.00024811464,-1
G081,G069,-0.00024841123,-1
G008,G090,-0.00024860146,-1
G080,G001,-0.00024867358,-1
G016,G056,-0.00024870527,-1
G055,G039,-0.00024870588,-1
G055,G046,-0.0002488838,-1
G042,G096,-0.00024889407,-1
G082,G041,-0.0002489056,-1
G047,G022,-0.0002490384,-1
G011,G066,-0.00024909212,-1
G055,G084,-0.0002495623,-1
G058,G001,-0.00024958843,-1
G090,G053,-0.00024997166,-1
G100,G065,-0.00025000365,-1
G094,G080,-0.00025004844,-1
G027,G081,-0.0002501223,-1
G098,G079,-0.00025026372,-1
G042,G033,-0.00025041145,-1
G070,G013,-0.0002504498,-1
G059,G100,-0.00025060328,-1
G029,G042,-0.0002506385,-1
G076,G031,-0.00025084143,-1
G028,G004,-0.00025098337,-1
G039,G096,-0.00025120255,-1
G014,G046,-0.00025121984,-1
G066,G052,-0.0002512618,-1
G073,G042,-0.00025151894,-1
G012,G024,-0.0002515257,-1
G073,G002,-0.00025172508,-1
G067,G009,-0.00025189406,-1
G082,G002,-0.00025195844,-1
G034,G089,-0.00025197733,-1
G081,G042,-0.00025215108,-1
G036,G076,-0.00025216994,-1
G052,G031,-0.00025221455,-1
G007,G056,-0.00025259593,-1
G092,G038,-0.00025262585,-1
G044,G031,-0.0002528648,-1
G012,G092,-0.0002529647,-1
G002,G086,-0.00025320175,-1
G042,G061,-0.0002532352,-1
G073,G022,-0.0002533856,-1
G094,G048,-0.0002536376,-1
G015,G030,-0.0002539386,-1
G100,G033,-0.0002539704,-1
G036,G065,-0.0002540118,-1
G061,G029,-0.00025402833,-1
G018,G042,-0.0002540431,-1
G088,G023,-0.00025410583,-1
G088,G019,-0.0002541428,-1
G028,G095,-0.0002542726,-1
G017,G007,-0.0002543472,-1
G014,G012,-0.00025464557,-1
G076,G084,-0.00025477706,-1
G081,G009,-0.00025494723,-1
G041,G003,-0.00025509446,-1
G012,G005,-0.0002551471,-1
G073,G034,-0.0002551979,-1
G043,G075,-0.0002552095,-1
G021,G029,-0.00025521472,-1
G095,G074,-0.0002553242,-1
G073,G078,-0.00025550745,-1
G091,G051,-0.00025563032,-1
G078,G043,-0.0002556809,-1
G069,G014,-0.00025578527,-1
G015,G097,-0.000255848,-1
G048,G028,-0.00025622945,-1
G037,G099,-0.00025644296,-1
G008,G016,-0.0002566112,-1
G093,G069,-0.0002566402,-1
G033,G053,-0.00025664413,-1
G036,G028,-0.00025679966,-1
G031,G046,-0.00025682535,-1
G023,G075,-0.0002569128,-1
G007,G094,-0.00025693057,-1
G096,G032,-0.00025701275,-1
G024,G008,-0.00025707448,-1
G004,G051,-0.0002571983,-1
G095,G009,-0.0002572844,-1
G089,G009,-0.00025736666,-1
G090,G079,-0.00025752207,-1
G081,G056,-0.00025796457,-1
G089,G063,-0.00025804978,-1
G047,G080,-0.0002582292,-1
G061,G026,-0.000258487,-1
G066,G088,-0.00025849804,-1
G036,G006,-0.00025888186,-1
G059,G008,-0.0002589167,-1
G100,G063,-0.00025902956,-1
G078,G026,-0.0002596523,-1
G058,G007,-0.00025974232,-1
G055,G066,-0.0002603275,-1
G012,G027,-0.00026034762,-1
G018,G028,-0.00026040655,-1
G088,G074,-0.00026082498,-1
G089,G028,-0.00026093074,-1
G087,G009,-0.00026125956,-1
G099,G013,-0.00026149626,-1
G045,G070,-0.0002615747,-1
G061,G084,-0.00026197653,-1
G079,G066,-0.0002620097,-1
G081,G088,-0.00026201812,-1
G003,G035,-0.00026240767,-1
G023,G035,-0.00026248183,-1
G036,G034,-0.00026250284,-1
G031,G015,-0.00026265057,-1
G014,G023,-0.00026272933,-1
G099,G027,-0.0002630021,-1
G066,G049,-0.00026306428,-1
G010,G033,-0.0002631882,-1
G018,G046,-0.0002634285,-1
G020,G069,-0.00026367305,-1
G077,G024,-0.0002638471,-1
G047,G015,-0.00026400248,-1
G073,G011,-0.00026450848,-1
G055,G008,-0.00026464,-1
G020,G049,-0.0002646584,-1
G043,G006,-0.00026476185,-1
G028,G047,-0.00026481977,-1
G043,G012,-0.0002649923,-1
G074,G004,-0.00026508374,-1
G072,G040,-0.00026536235,-1
G093,G083,-0.00026539233,-1
G063,G039,-0.00026592234,-1
G062,G088,-0.00026605115,-1
G098,G046,-0.00026608558,-1
G093,G091,-0.00026613215,-1
G046,G051,-0.00026617217,-1
G024,G097,-0.00026619225,-1
G007,G012,-0.0002663323,-1
G077,G001,-0.00026660613,-1
G095,G051,-0.00026693995,-1
G069,G016,-0.00026698102,-1
G025,G095,-0.00026746912,-1
G062,G082,-0.0002676209,-1
G034,G025,-0.00026766045,-1
G046,G071,-0.0002677223,-1
G082,G090,-0.00026777602,-1
G018,G067,-0.000267824,-1
G006,G003,-0.000267906,-1
G046,G072,-0.00026860053,-1
G062,G037,-0.0002686591,-1
G029,G057,-0.00026873196,-1
G091,G061,-0.00026935668,-1
G046,G019,-0.00026950598,-1
G059,G035,-0.00026951812,-1
G047,G077,-0.00026988983,-1
G024,G093,-0.00027017915,-1
G080,G008,-0.00027030025,-1
G052,G057,-0.00027030605,-1
G039,G079,-0.00027031617,-1
G085,G033,-0.00027077916,-1
G043,G048,-0.00027078323,-1
G052,G028,-0.0002708215,-1
G074,G018,-0.00027097712,-1
G006,G062,-0.0002710507,-1
G061,G035,-0.00027168955,-1
G040,G039,-0.00027174014,-1
G076,G042,-0.00027176685,-1
G022,G028,-0.0002718343,-1
G088,G060,-0.0002718912,-1
G011,G075,-0.00027215786,-1
G027,G007,-0.00027216654,-1
G076,G082,-0.00027242803,-1
G025,G047,-0.0002725839,-1
G033,G031,-0.00027263234,-1
G003,G006,-0.00027293433,-1
G023,G043,-0.0002731367,-1
G097,G002,-0.00027316526,-1
G081,G095,-0.00027364897,-1
G014,G032,-0.00027401626,-1
G072,G053,-0.00027437843,-1
G057,G037,-0.0002744545,-1
G065,G075,-0.000274795,-1
G021,G085,-0.00027489982,-1
G001,G040,-0.00027525733,-1
G083,G044,-0.00027532774,-1
G018,G034,-0.00027546275,-1
G079,G060,-0.00027559468,-1
G098,G086,-0.00027570227,-1
G098,G037,-0.00027584322,-1
G091,G067,-0.00027611636,-1
G028,G020,-0.00027623697,-1
G076,G092,-0.00027648968,-1
G079,G085,-0.00027692047,-1
G054,G097,-0.00027705822,-1
G056,G019,-0.00027769888,-1
G007,G028,-0.00027807604,-1
G076,G005,-0.00027821976,-1
G003,G055,-0.00027863213,-1
G076,G012,-0.00027876665,-1
G077,G006,-0.0002789888,-1
G038,G044,-0.0002796068,-1
G028,G010,-0.00028000213,-1
G077,G041,-0.00028009407,-1
G076,G016,-0.00028012556,-1
G080,G030,-0.00028029748,-1
G055,G058,-0.00028035982,-1
G068,G008,-0.0002807533,-1
G003,G080,-0.00028089463,-1
G017,G054,-0.0002812873,-1
G029,G030,-0.00028128788,-1
G011,G002,-0.00028147723,-1
G013,G096,-0.00028162225,-1
G062,G006,-0.00028215421,-1
G018,G088,-0.0002822634,-1
G081,G011,-0.00028271895,-1
G020,G082,-0.00028275012,-1
G081,G008,-0.0002836535,-1
G036,G040,-0.00028377064,-1
G025,G091,-0.00028393193,-1
G074,G082,-0.0002839514,-1
G087,G006,-0.00028418962,-1
G017,G050,-0.00028420961,-1
G099,G005,-0.00028421823,-1
G095,G019,-0.00028461943,-1
G062,G068,-0.00028524228,-1
G026,G052,-0.0002853296,-1
G055,G065,-0.00028535095,-1
G067,G081,-0.000285379,-1
G031,G091,-0.00028542144,-1
G016,G091,-0.00028559958,-1
G010,G020,-0.000285613,-1
G089,G079,-0.0002857287,-1
G074,G048,-0.00028575445,-1
G061,G038,-0.000285778,-1
G015,G073,-0.00028583303,-1
G027,G029,-0.0002859457,-1
G099,G020,-0.0002859574,-1
G055,G096,-0.00028607072,-1
G001,G053,-0.00028623582,-1
G017,G089,-0.0002862582,-1
G039,G099,-0.000286326,-1
G092,G033,-0.0002865015,-1
G027,G057,-0.000286699,-1
G014,G063,-0.0002869674,-1
G028,G012,-0.0002869955,-1
G017,G059,-0.0002871813,-1
G065,G036,-0.00028727172,-1
G059,G034,-0.00028739005,-1
G070,G055,-0.00028752818,-1
G024,G016,-0.0002876113,-1
G092,G003,-0.00028775597,-1
G001,G003,-0.00028845496,-1
G058,G041,-0.00028860068,-1
G023,G012,-0.0002887576,-1
G023,G028,-0.00028912575,-1
G060,G031,-0.00028914638,-1
G076,G040,-0.00028935017,-1
G090,G094,-0.0002895679,-1
G087,G084,-0.00028976426,-1
G023,G047,-0.0002899051,-1
G067,G047,-0.0002902424,-1
G014,G057,-0.00029048702,-1
G047,G009,-0.00029053725,-1
G073,G007,-0.00029066872,-1
G020,G006,-0.00029082212,-1
G049,G020,-0.0002911056,-1
G044,G051,-0.00029138234,-1
G020,G026,-0.00029144454,-1
G014,G049,-0.00029213185,-1
G020,G004,-0.00029242085,-1
G076,G046,-0.00029278448,-1
G090,G006,-0.0002928399,-1
G001,G004,-0.0002929007,-1
G027,G012,-0.00029317586,-1
G034,G051,-0.00029327982,-1
G078,G042,-0.00029365704,-1
G007,G096,-0.0002944217,-1
G054,G003,-0.0002945157,-1
G050,G090,-0.00029459142,-1
G089,G044,-0.0002946306,-1
G003,G092,-0.00029467733,-1
G014,G042,-0.00029495286,-1
G052,G081,-0.00029521462,-1
G014,G088,-0.00029565516,-1
G004,G027,-0.00029574046,-1
G089,G087,-0.0002960845,-1
G042,G008,-0.0002962136,-1
G017,G079,-0.00029638596,-1
G058,G084,-0.00029640095,-1
G012,G014,-0.00029651873,-1
G035,G011,-0.00029665817,-1
G094,G053,-0.00029682924,-1
G043,G055,-0.00029706766,-1
G054,G061,-0.00029780294,-1
G040,G067,-0.00029813516,-1
G058,G072,-0.00029870652,-1
G015,G069,-0.0002992668,-1
G039,G027,-0.00029930755,-1
G081,G028,-0.00029965094,-1
G046,G029,-0.00029967097,-1
G095,G057,-0.000299767,-1
G032,G089,-0.000299858,-1
G044,G021,-0.0003004551,-1
G092,G049,-0.00030074213,-1
G093,G090,-0.00030082554,-1
G032,G060,-0.00030128544,-1
G095,G033,-0.00030137514,-1
G072,G025,-0.00030170172,-1
G095,G091,-0.00030178824,-1
G074,G053,-0.00030184892,-1
G021,G073,-0.00030216126,-1
G088,G035,-0.0003022302,-1
G081,G005,-0.00030223152,-1
G089,G059,-0.00030248504,-1
G073,G036,-0.00030327163,-1
G100,G052,-0.00030358182,-1
G003,G078,-0.0003036651,-1
G092,G017,-0.00030374128,-1
G059,G026,-0.00030402164,-1
G097,G048,-0.0003040601,-1
G082,G032,-0.00030415767,-1
G047,G086,-0.00030432438,-1
G045,G042,-0.0003043941,-1
G059,G013,-0.00030441035,-1
G051,G016,-0.00030453398,-1
G039,G060,-0.00030543463,-1
G014,G027,-0.0003057175,-1
G058,G088,-0.00030600975,-1
G070,G088,-0.00030610547,-1
G031,G036,-0.0003062623,-1
G028,G093,-0.00030658435,-1
G043,G017,-0.0003069496,-1
G040,G023,-0.00030732565,-1
G019,G057,-0.00030749248,-1
G089,G088,-0.0003076624,-1
G062,G045,-0.0003078203,-1
G061,G021,-0.00030783727,-1
G036,G035,-0.00030792397,-1
G008,G026,-0.00030793494,-1
G034,G043,-0.00030822933,-1
G098,G030,-0.00030849097,-1
G057,G050,-0.00030851652,-1
G062,G091,-0.0003086188,-1
G002,G060,-0.00030862377,-1
G092,G002,-0.00030864278,-1
G014,G020,-0.00030912022,-1
G008,G006,-0.0003092208,-1
G036,G075,-0.00030975204,-1
G046,G062,-0.00030982075,-1
G074,G024,-0.00030996453,-1
G100,G090,-0.00031012352,-1
G022,G069,-0.00031047055,-1
G027,G028,-0.00031110566,-1
G014,G030,-0.00031155138,-1
G061,G086,-0.00031205913,-1
G098,G094,-0.00031230962,-1
G051,G018,-0.00031232892,-1
G072,G042,-0.00031236387,-1
G015,G034,-0.00031250055,-1
G078,G008,-0.00031282258,-1
G024,G044,-0.00031287933,-1
G082,G067,-0.00031408883,-1
G038,G092,-0.00031413892,-1
G036,G074,-0.00031428106,-1
G042,G065,-0.00031436703,-1
G054,G068,-0.0003143724,-1
G036,G031,-0.0003144029,-1
G036,G025,-0.00031471794,-1
G050,G056,-0.00031489442,-1
G067,G068,-0.0003149372,-1
G015,G091,-0.0003163354,-1
G021,G097,-0.00031652654,-1
G054,G082,-0.00031676024,-1
G100,G077,-0.0003168399,-1
G036,G069,-0.0003169166,-1
G098,G048,-0.00031697814,-1
G089,G018,-0.00031725972,-1
G021,G047,-0.00031735323,-1
G036,G055,-0.00031837483,-1
G018,G013,-0.000318437,-1
G050,G084,-0.0003190931,-1
G068,G083,-0.00031915182,-1
G081,G036,-0.00031942254,-1
G071,G060,-0.00031952295,-1
G025,G097,-0.00031973378,-1
G067,G056,-0.00031979303,-1
G048,G004,-0.0003199575,-1
G021,G026,-0.00032004254,-1
G076,G001,-0.000320074,-1
G031,G067,-0.0003200781,-1
G012,G057,-0.00032042759,-1
G020,G090,-0.00032049828,-1
G099,G090,-0.00032054144,-1
G016,G029,-0.00032067733,-1
G088,G041,-0.0003207164,-1
G089,G077,-0.00032094368,-1
G011,G033,-0.00032151764,-1
G081,G066,-0.00032152503,-1
G045,G023,-0.0003215769,-1
G028,G056,-0.00032207102,-1
G049,G092,-0.00032308072,-1
G047,G016,-0.00032366114,-1
G021,G055,-0.00032374723,-1
G072,G006,-0.00032383742,-1
G034,G020,-0.0003242275,-1
G088,G031,-0.00032458466,-1
G095,G004,-0.00032465844,-1
G019,G016,-0.0003251613,-1
G062,G008,-0.0003252142,-1
G044,G049,-0.00032535335,-1
G015,G013,-0.00032540484,-1
G021,G033,-0.00032545064,-1
G057,G036,-0.00032569107,-1
G008,G073,-0.0003259283,-1
G054,G028,-0.0003263074,-1
G027,G087,-0.00032671526,-1
G029,G005,-0.00032672106,-1
G096,G025,-0.00032684405,-1
G065,G037,-0.00032689888,-1
G044,G039,-0.00032731006,-1
G055,G009,-0.00032784673,-1
G092,G089,-0.00032814575,-1
G058,G048,-0.00032821417,-1
G076,G032,-0.00032830963,-1
G014,G087,-0.0003285252,-1
G067,G048,-0.0003288127,-1
G019,G069,-0.000329146,-1
G043,G060,-0.00032955324,-1
G081,G025,-0.00032961028,-1
G078,G094,-0.0003296815,-1
G042,G098,-0.00032973112,-1
G018,G077,-0.00032998316,-1
G016,G011,-0.00033008432,-1
G098,G071,-0.00033013066,-1
G017,G087,-0.00033016584,-1
G056,G009,-0.00033028124,-1
G072,G014,-0.00033040898,-1
G054,G035,-0.00033057755,-1
G047,G032,-0.00033108616,-1
G057,G013,-0.00033120127,-1
G078,G086,-0.00033122307,-1
G048,G019,-0.00033162092,-1
G040,G021,-0.0003318636,-1
G048,G020,-0.00033200995,-1
G003,G031,-0.00033241167,-1
G073,G048,-0.0003327381,-1
G098,G043,-0.0003330963,-1
G046,G089,-0.0003331968,-1
G021,G008,-0.0003335509,-1
G014,G019,-0.00033403802,-1
G074,G028,-0.00033405458,-1
G027,G097,-0.00033458148,-1
G044,G006,-0.00033518366,-1
G058,G039,-0.0003352785,-1
G098,G056,-0.00033548448,-1
G004,G035,-0.00033553172,-1
G087,G034,-0.0003356853,-1
G076,G015,-0.00033590285,-1
G076,G025,-0.00033601245,-1
G011,G016,-0.00033640602,-1
G036,G023,-0.00033706415,-1
G065,G042,-0.0003375496,-1
G019,G024,-0.00033848762,-1
G096,G011,-0.00033984287,-1
G011,G088,-0.00034105883,-1
G017,G086,-0.00034114087,-1
G026,G091,-0.00034146014,-1
G068,G026,-0.0003414739,-1
G051,G059,-0.00034147885,-1
G061,G049,-0.0003415181,-1
G003,G051,-0.00034180877,-1
G078,G028,-0.00034349164,-1
G046,G066,-0.00034384205,-1
G064,G010,-0.00034423548,-1
G095,G094,-0.00034440414,-1
G054,G040,-0.00034481697,-1
G023,G031,-0.00034583118,-1
G065,G029,-0.0003458742,-1
G005,G064,-0.00034594547,-1
G073,G016,-0.00034651524,-1
G032,G041,-0.00034683367,-1
G089,G024,-0.00034697124,-1
G031,G027,-0.00034697374,-1
G091,G098,-0.00034703148,-1
G094,G090,-0.00034738862,-1
G047,G074,-0.00034747942,-1
G099,G073,-0.00034751988,-1
G062,G009,-0.0003475843,-1
G026,G028,-0.00034764994,-1
G030,G036,-0.00034778987,-1
G013,G059,-0.00034785998,-1
G036,G003,-0.00034800931,-1
G030,G060,-0.00034804488,-1
G044,G038,-0.00034830437,-1
G036,G066,-0.00034840952,-1
G017,G075,-0.0003487315,-1
G031,G050,-0.0003489767,-1
G076,G067,-0.0003490089,-1
G058,G050,-0.0003491103,-1
G014,G011,-0.00034927722,-1
G078,G051,-0.0003492935,-1
G025,G003,-0.00034954216,-1
G046,G022,-0.00034997717,-1
G040,G018,-0.00035000098,-1
G029,G034,-0.0003502724,-1
G028,G053,-0.00035096268,-1
G021,G089,-0.00035108402,-1
G050,G089,-0.00035125905,-1
G057,G077,-0.00035136932,-1
G047,G024,-0.0003521175,-1
G017,G033,-0.00035214375,-1
G010,G088,-0.00035261532,-1
G068,G094,-0.00035288563,-1
G046,G049,-0.00035326483,-1
G027,G070,-0.00035363904,-1
G066,G050,-0.00035365493,-1
G060,G040,-0.00035369475,-1
G067,G035,-0.0003543705,-1
G024,G052,-0.0003544728,-1
G096,G024,-0.00035456935,-1
G074,G077,-0.00035485992,-1
G097,G060,-0.00035544418,-1
G083,G026,-0.0003557333,-1
G093,G031,-0.00035579852,-1
G084,G048,-0.00035601898,-1
G066,G005,-0.00035603895,-1
G036,G078,-0.0003562795,-1
G055,G056,-0.00035654684,-1
G016,G082,-0.00035673124,-1
G015,G060,-0.00035696776,-1
G017,G096,-0.00035737653,-1
G007,G077,-0.00035797933,-1
G075,G048,-0.0003586686,-1
G003,G027,-0.00035956726,-1
G029,G097,-0.00035959287,-1
G044,G090,-0.00035987308,-1
G061,G068,-0.0003600587,-1
G030,G037,-0.0003603432,-1
G036,G048,-0.00036088953,-1
G023,G019,-0.00036089172,-1
G077,G033,-0.00036112373,-1
G036,G019,-0.00036113584,-1
G073,G057,-0.00036133337,-1
G020,G057,-0.00036137475,-1
G100,G006,-0.0003620977,-1
G040,G019,-0.00036212406,-1
G050,G074,-0.00036216388,-1
G007,G031,-0.00036248297,-1
G064,G021,-0.00036264808,-1
G077,G025,-0.00036321353,-1
G059,G069,-0.0003636214,-1
G017,G039,-0.0003641012,-1
G014,G031,-0.0003641418,-1
G019,G025,-0.00036601714,-1
G058,G018,-0.00036630602,-1
G038,G060,-0.0003664478,-1
G015,G096,-0.00036647948,-1
G010,G029,-0.00036722768,-1
G073,G009,-0.0003675229,-1
G087,G025,-0.00036771558,-1
G095,G041,-0.00036788863,-1
G073,G019,-0.00036839332,-1
G066,G023,-0.00036850094,-1
G015,G026,-0.0003691061,-1
G098,G095,-0.00036950133,-1
G044,G042,-0.00036950878,-1
G077,G056,-0.00036955674,-1
G093,G043,-0.00036966288,-1
G059,G099,-0.00036967604,-1
G001,G067,-0.00037063076,-1
G098,G001,-0.0003706393,-1
G076,G069,-0.00037211902,-1
G003,G053,-0.0003721406,-1
G017,G078,-0.0003721554,-1
G048,G023,-0.00037218133,-1
G018,G031,-0.0003730582,-1
G092,G010,-0.00037306748,-1
G081,G004,-0.00037306998,-1
G023,G042,-0.00037309053,-1
G075,G053,-0.00037345817,-1
G002,G027,-0.00037380343,-1
G089,G086,-0.0003746403,-1
G083,G033,-0.00037471025,-1
G067,G016,-0.0003751855,-1
G029,G011,-0.00037533906,-1
G057,G079,-0.0003754837,-1
G030,G007,-0.00037551194,-1
G074,G043,-0.0003755913,-1
G045,G011,-0.00037579396,-1
G074,G013,-0.00037603988,-1
G033,G079,-0.0003760749,-1
G034,G044,-0.000376395,-1
G067,G026,-0.00037645604,-1
G072,G024,-0.00037695988,-1
G023,G025,-0.000377182,-1
G003,G093,-0.00037786417,-1
G057,G015,-0.00037812072,-1
G064,G030,-0.0003787564,-1
G082,G083,-0.00037945993,-1
G089,G020,-0.00037970883,-1
G083,G094,-0.0003799403,-1
G061,G001,-0.00038000662,-1
G097,G041,-0.00038035327,-1
G068,G028,-0.00038067802,-1
G066,G069,-0.00038119196,-1
G097,G011,-0.00038165358,-1
G056,G051,-0.00038175576,-1
G015,G019,-0.00038202148,-1
G090,G095,-0.00038213716,-1
G032,G065,-0.0003827293,-1
G055,G075,-0.00038273135,-1
G014,G077,-0.00038275524,-1
G008,G001,-0.00038282856,-1
G081,G084,-0.000383128,-1
G021,G063,-0.00038386762,-1
G013,G031,-0.0003842037,-1
G078,G056,-0.00038433762,-1
G017,G002,-0.00038435878,-1
G057,G004,-0.00038445494,-1
G048,G008,-0.00038502135,-1
G060,G034,-0.00038510948,-1
G093,G013,-0.00038522412,-1
G080,G026,-0.0003854982,-1
G003,G081,-0.00038643408,-1
G045,G050,-0.00038701596,-1
G046,G002,-0.0003870902,-1
G045,G049,-0.00038861923,-1
G059,G049,-0.0003892656,-1
G100,G095,-0.000389394,-1
G017,G072,-0.000389452,-1
G021,G057,-0.00038971825,-1
G034,G084,-0.00039046758,-1
G011,G003,-0.0003905402,-1
G061,G056,-0.00039066694,-1
G063,G065,-0.0003906993,-1
G046,G053,-0.00039070807,-1
G064,G054,-0.00039080772,-1
G058,G098,-0.000391118,-1
G061,G088,-0.00039112227,-1
G099,G084,-0.0003912581,-1
G065,G046,-0.00039185432,-1
G012,G028,-0.0003925163,-1
G059,G074,-0.00039300413,-1
G028,G006,-0.00039370725,-1
G047,G060,-0.00039383885,-1
G016,G009,-0.00039384252,-1
G080,G051,-0.00039396828,-1
G015,G009,-0.00039403426,-1
G036,G012,-0.000394047,-1
G014,G048,-0.00039423237,-1
G073,G052,-0.00039493298,-1
G069,G079,-0.00039507568,-1
G017,G080,-0.00039522178,-1
G044,G098,-0.00039560875,-1
G054,G090,-0.0003959503,-1
G075,G007,-0.00039608954,-1
G017,G081,-0.00039644443,-1
G058,G079,-0.00039741021,-1
G033,G046,-0.00039761484,-1
G019,G081,-0.0003980387,-1
G046,G100,-0.00039820795,-1
G059,G005,-0.0003984534,-1
G055,G077,-0.00039855504,-1
G088,G030,-0.00039864448,-1
G011,G036,-0.00039875554,-1
G091,G081,-0.00039880635,-1
G098,G084,-0.00039887786,-1
G018,G075,-0.0003992219,-1
G025,G087,-0.00040029647,-1
G054,G016,-0.0004011722,-1
G049,G076,-0.00040148708,-1
G046,G056,-0.00040209296,-1
G089,G100,-0.00040299573,-1
G002,G092,-0.00040367787,-1
G050,G035,-0.00040370357,-1
G036,G042,-0.00040466143,-1
G045,G048,-0.0004058666,-1
G039,G094,-0.000406713,-1
G073,G084,-0.00040717295,-1
G090,G001,-0.00040820605,-1
G052,G068,-0.00040887343,-1
G002,G068,-0.00040980772,-1
G014,G067,-0.00040981433,-1
G014,G007,-0.00040986226,-1
G068,G069,-0.00041008662,-1
G094,G057,-0.00041019634,-1
G092,G022,-0.00041041637,-1
G016,G026,-0.000410803,-1
G066,G028,-0.0004119511,-1
G066,G099,-0.0004119684,-1
G044,G048,-0.00041250282,-1
G026,G100,-0.0004126098,-1
G079,G084,-0.00041286743,-1
G094,G042,-0.00041305777,-1
G098,G090,-0.00041332725,-1
G055,G059,-0.00041369916,-1
G052,G005,-0.00041498072,-1
G078,G030,-0.0004150498,-1
G017,G024,-0.00041563396,-1
G079,G047,-0.00041580136,-1
G030,G033,-0.00041584618,-1
G045,G065,-0.0004169678,-1
G038,G090,-0.000417324,-1
G010,G005,-0.00041785525,-1
G046,G092,-0.0004183855,-1
G057,G040,-0.00041840423,-1
G014,G025,-0.00041867883,-1
G072,G029,-0.0004188286,-1
G014,G099,-0.00041904007,-1
G082,G068,-0.00041907202,-1
G098,G031,-0.00041971958,-1
G058,G074,-0.00042005038,-1
G015,G006,-0.00042017593,-1
G011,G095,-0.0004202266,-1
G059,G076,-0.00042065978,-1
G095,G025,-0.0004210483,-1
G061,G099,-0.0004212086,-1
G091,G001,-0.0004212293,-1
G044,G079,-0.00042164337,-1
G062,G028,-0.00042169422,-1
G077,G069,-0.0004219576,-1
G001,G006,-0.0004219584,-1
G055,G081,-0.000421973,-1
G014,G094,-0.00042415227,-1
G014,G029,-0.0004247677,-1
G008,G043,-0.00042491764,-1
G050,G018,-0.0004249968,-1
G062,G070,-0.00042526063,-1
G073,G031,-0.00042551366,-1
G072,G003,-0.0004259274,-1
G021,G051,-0.00042603922,-1
G008,G027,-0.00042653657,-1
G093,G066,-0.0004267061,-1
G037,G014,-0.00042690395,-1
G073,G020,-0.00042695174,-1
G030,G053,-0.00042696754,-1
G030,G096,-0.00042754883,-1
G007,G093,-0.00042758512,-1
G076,G063,-0.00042771662,-1
G048,G056,-0.0004281293,-1
G059,G018,-0.00042817913,-1
G062,G012,-0.00042820693,-1
G073,G093,-0.00042877428,-1
G044,G064,-0.00042903982,-1
G099,G047,-0.00043014684,-1
G097,G075,-0.00043015613,-1
G033,G065,-0.00043055805,-1
G054,G074,-0.00043072485,-1
G047,G007,-0.00043096388,-1
G087,G093,-0.0004313679,-1
G017,G025,-0.00043140803,-1
G046,G070,-0.0004321946,-1
G023,G057,-0.00043261188,-1
G057,G080,-0.0004327931,-1
G072,G012,-0.00043305306,-1
G014,G059,-0.00043311133,-1
G021,G077,-0.00043346683,-1
G025,G035,-0.00043406317,-1
G073,G059,-0.00043417892,-1
G046,G027,-0.00043428762,-1
G065,G047,-0.0004345893,-1
G082,G050,-0.00043507534,-1
G014,G005,-0.000435686,-1
G046,G079,-0.00043576682,-1
G016,G048,-0.00043579465,-1
G003,G067,-0.00043589852,-1
G073,G100,-0.0004363294,-1
G064,G070,-0.00043635644,-1
G084,G083,-0.00043717286,-1
G081,G038,-0.00043739556,-1
G014,G090,-0.0004377903,-1
G026,G051,-0.00043823788,-1
G039,G002,-0.00043849967,-1
G044,G014,-0.00043855063,-1
G048,G087,-0.00043859056,-1
G056,G030,-0.0004387545,-1
G057,G096,-0.00044060271,-1
G008,G087,-0.0004408329,-1
G018,G030,-0.00044093205,-1
G010,G087,-0.00044130822,-1
G090,G093,-0.00044144035,-1
G077,G088,-0.00044183826,-1
G070,G060,-0.0004418624,-1
G067,G036,-0.00044208788,-1
G046,G084,-0.00044213643,-1
G042,G062,-0.00044243078,-1
G056,G088,-0.00044248367,-1
G038,G045,-0.00044294773,-1
G015,G040,-0.00044393234,-1
G074,G086,-0.00044576463,-1
G029,G053,-0.00044577004,-1
G062,G035,-0.00044579193,-1
G082,G037,-0.00044583713,-1
G057,G033,-0.00044663018,-1
G046,G004,-0.00044729808,-1
G084,G059,-0.00044758478,-1
G061,G048,-0.00044764872,-1
G045,G019,-0.00044815222,-1
G027,G079,-0.00044837652,-1
G058,G092,-0.0004484348,-1
G080,G045,-0.00044849725,-1
G038,G050,-0.00044849908,-1
G035,G041,-0.0004485554,-1
G039,G090,-0.00044866683,-1
G095,G080,-0.0004496199,-1
G061,G039,-0.00045003553,-1
G044,G056,-0.00045039554,-1
G095,G076,-0.0004506224,-1
G043,G076,-0.00045156287,-1
G021,G050,-0.0004521112,-1
G097,G038,-0.00045215452,-1
G058,G075,-0.0004523148,-1
G030,G057,-0.00045238825,-1
G014,G065,-0.00045296928,-1
G011,G070,-0.00045305182,-1
G078,G018,-0.00045335368,-1
G044,G032,-0.00045341265,-1
G059,G037,-0.0004541475,-1
G054,G038,-0.00045434464,-1
G028,G051,-0.0004543478,-1
G098,G070,-0.0004546426,-1
G043,G022,-0.0004553588,-1
G099,G019,-0.00045537352,-1
G058,G052,-0.00045548525,-1
G039,G086,-0.00045560772,-1
G011,G069,-0.0004558044,-1
G021,G087,-0.00045646285,-1
G015,G062,-0.0004568128,-1
G059,G090,-0.0004568668,-1
G061,G016,-0.00045717656,-1
G021,G059,-0.00045722176,-1
G014,G086,-0.00045738358,-1
G099,G057,-0.00045752132,-1
G082,G089,-0.00045756894,-1
G064,G098,-0.00045787962,-1
G076,G013,-0.0004581914,-1
G046,G052,-0.0004587712,-1
G044,G001,-0.00045884177,-1
G038,G089,-0.00045910059,-1
G075,G065,-0.00045940222,-1
G014,G092,-0.00045965702,-1
G068,G086,-0.00046036625,-1
G042,G007,-0.00046055054,-1
G020,G056,-0.00046070985,-1
G027,G071,-0.0004608034,-1
G079,G028,-0.00046094408,-1
G004,G089,-0.00046132307,-1
G094,G059,-0.00046144458,-1
G061,G008,-0.00046159007,-1
G046,G032,-0.000461796,-1
G084,G086,-0.00046194484,-1
G045,G037,-0.00046234237,-1
G021,G079,-0.00046249732,-1
G044,G093,-0.00046288074,-1
G089,G033,-0.0004630112,-1
G012,G067,-0.00046309206,-1
G012,G076,-0.0004638421,-1
G095,G023,-0.0004641954,-1
G016,G007,-0.00046503707,-1
G095,G089,-0.0004653208,-1
G074,G093,-0.0004655881,-1
G066,G045,-0.0004659799,-1
G010,G007,-0.0004669748,-1
G043,G016,-0.00046856143,-1
G011,G008,-0.00046859056,-1
G024,G030,-0.00046917048,-1
G065,G097,-0.000469483,-1
G054,G084,-0.00046954758,-1
G052,G007,-0.0004706428,-1
G021,G053,-0.00047092908,-1
G046,G080,-0.00047099654,-1
G061,G075,-0.00047099887,-1
G057,G065,-0.00047159518,-1
G008,G095,-0.00047174262,-1
G061,G100,-0.00047198686,-1
G073,G083,-0.00047241035,-1
G078,G014,-0.000472419,-1
G003,G070,-0.00047246076,-1
G064,G088,-0.00047266964,-1
G090,G013,-0.0004730347,-1
G047,G019,-0.00047360154,-1
G059,G045,-0.00047360398,-1
G058,G077,-0.00047435405,-1
G061,G013,-0.00047494363,-1
G028,G090,-0.0004752382,-1
G062,G056,-0.0004754203,-1
G094,G082,-0.00047545932,-1
G064,G056,-0.00047585325,-1
G066,G062,-0.0004759515,-1
G058,G081,-0.00047606547,-1
G045,G100,-0.00047667333,-1
G040,G007,-0.00047668145,-1
G100,G036,-0.0004772576,-1
G046,G082,-0.0004777432,-1
G074,G094,-0.00047795166,-1
G088,G008,-0.0004793034,-1
G021,G003,-0.00047962382,-1
G076,G075,-0.0004797083,-1
G095,G042,-0.0004797714,-1
G010,G040,-0.00048014143,-1
G021,G037,-0.00048065267,-1
G094,G099,-0.00048097415,-1
G033,G030,-0.0004817883,-1
G076,G008,-0.0004827491,-1
G061,G052,-0.0004834214,-1
G025,G072,-0.00048413806,-1
G017,G036,-0.00048444496,-1
G044,G053,-0.00048493015,-1
G001,G046,-0.00048540748,-1
G050,G008,-0.0004855289,-1
G021,G038,-0.00048597335,-1
G066,G029,-0.0004862328,-1
G098,G036,-0.00048701745,-1
G014,G045,-0.00048719908,-1
G021,G034,-0.00048748596,-1
G057,G069,-0.00048762327,-1
G084,G028,-0.00048803084,-1
G082,G040,-0.0004880661,-1
G030,G042,-0.00048820308,-1
G046,G057,-0.00048823346,-1
G011,G025,-0.00048852974,-1
G030,G008,-0.0004886091,-1
G059,G087,-0.0004893742,-1
G038,G049,-0.00048964965,-1
G040,G029,-0.00049146905,-1
G017,G029,-0.0004927899,-1
G059,G056,-0.00049296534,-1
G021,G020,-0.00049327424,-1
G093,G053,-0.00049388956,-1
G024,G011,-0.00049450126,-1
G076,G028,-0.00049509923,-1
G010,G006,-0.0004960142,-1
G065,G084,-0.00049628824,-1
G057,G088,-0.00049639156,-1
G029,G091,-0.0004968137,-1
G042,G060,-0.0004980476,-1
G064,G067,-0.0004991291,-1
G072,G045,-0.0004992013,-1
G025,G036,-0.00050005614,-1
G091,G085,-0.000500671,-1
G097,G081,-0.0005010281,-1
G086,G060,-0.00050103205,-1
G059,G047,-0.00050152565,-1
G089,G011,-0.0005017435,-1
G082,G008,-0.0005027196,-1
G037,G036,-0.00050279463,-1
G068,G090,-0.0005028697,-1
G098,G008,-0.00050293474,-1
G067,G031,-0.0005031943,-1
G094,G089,-0.0005033557,-1
G014,G066,-0.0005036739,-1
G013,G054,-0.00050399813,-1
G032,G088,-0.00050548493,-1
G017,G045,-0.0005059498,-1
G052,G001,-0.0005060461,-1
G067,G077,-0.0005066791,-1
G093,G020,-0.00050766015,-1
G044,G030,-0.00051240274,-1
G026,G098,-0.0005125273,-1
G093,G059,-0.00051255926,-1
G046,G090,-0.0005131459,-1
G093,G094,-0.00051356986,-1
G065,G023,-0.00051361934,-1
G017,G051,-0.00051392167,-1
G088,G006,-0.0005145999,-1
G081,G089,-0.00051495666,-1
G047,G028,-0.00051576336,-1
G065,G070,-0.00051663816,-1
G001,G055,-0.0005173718,-1
G010,G049,-0.00051764003,-1
G017,G084,-0.00051802595,-1
G010,G076,-0.0005184331,-1
G061,G081,-0.0005189266,-1
G054,G093,-0.0005191194,-1
G055,G045,-0.000519185,-1
G084,G035,-0.00051958096,-1
G038,G028,-0.0005196576,-1
G011,G068,-0.0005211027,-1
G059,G001,-0.00052167685,-1
G063,G062,-0.0005216836,-1
G073,G043,-0.0005220495,-1
G073,G012,-0.000522793,-1
G058,G080,-0.0005231318,-1
G066,G063,-0.0005231879,-1
G065,G069,-0.0005232934,-1
G089,G069,-0.0005234014,-1
G021,G043,-0.0005235165,-1
G049,G081,-0.0005235635,-1
G053,G007,-0.0005239892,-1
G030,G034,-0.0005245614,-1
G027,G089,-0.0005247858,-1
G096,G086,-0.000525029,-1
G054,G008,-0.000526102,-1
G021,G035,-0.00052642025,-1
G047,G066,-0.00052658917,-1
G007,G089,-0.0005270661,-1
G020,G076,-0.0005274921,-1
G007,G020,-0.00052855123,-1
G056,G023,-0.00052907434,-1
G096,G094,-0.0005291814,-1
G066,G100,-0.0005298121,-1
G073,G060,-0.0005304572,-1
G045,G018,-0.00053066446,-1
G073,G088,-0.0005329979,-1
G029,G043,-0.00053310173,-1
G078,G011,-0.0005331581,-1
G089,G048,-0.0005333197,-1
G046,G087,-0.0005334525,-1
G062,G049,-0.0005336907,-1
G064,G074,-0.00053388654,-1
G041,G086,-0.00053431524,-1
G087,G042,-0.0005361247,-1
G089,G093,-0.0005364748,-1
G058,G025,-0.00053685147,-1
G020,G066,-0.0005378446,-1
G094,G062,-0.0005381977,-1
G044,G050,-0.0005385308,-1
G096,G018,-0.00053883856,-1
G061,G027,-0.0005388691,-1
G010,G055,-0.00053996686,-1
G072,G036,-0.0005400856,-1
G010,G075,-0.0005401793,-1
G055,G076,-0.00054042914,-1
G089,G075,-0.0005405399,-1
G066,G008,-0.00054058875,-1
G060,G008,-0.00054088136,-1
G011,G089,-0.00054101914,-1
G054,G052,-0.0005418554,-1
G061,G098,-0.0005429842,-1
G014,G085,-0.000543184,-1
G014,G084,-0.00054338516,-1
G013,G030,-0.0005438902,-1
G094,G046,-0.0005439025,-1
G054,G066,-0.0005446152,-1
G021,G052,-0.0005451947,-1
G003,G012,-0.00054543145,-1
G066,G048,-0.00054547185,-1
G043,G057,-0.0005456014,-1
G073,G089,-0.00054571754,-1
G047,G030,-0.00054578844,-1
G049,G039,-0.0005460478,-1
G063,G020,-0.00054605195,-1
G010,G067,-0.0005460558,-1
G064,G049,-0.0005462289,-1
G057,G071,-0.000546373,-1
G029,G065,-0.0005467979,-1
G040,G009,-0.0005471593,-1
G097,G016,-0.0005480009,-1
G094,G035,-0.00054903823,-1
G017,G027,-0.00054968667,-1
G058,G053,-0.0005497486,-1
G058,G024,-0.0005499031,-1
G054,G067,-0.00055204815,-1
G081,G023,-0.0005520768,-1
G058,G016,-0.00055294903,-1
G010,G080,-0.00055367546,-1
G092,G026,-0.0005539368,-1
G031,G040,-0.0005540578,-1
G064,G007,-0.0005546217,-1
G044,G080,-0.00055533287,-1
G046,G038,-0.0005554688,-1
G010,G016,-0.000555556,-1
G066,G097,-0.0005564373,-1
G046,G069,-0.0005576007,-1
G021,G078,-0.00055842556,-1
G047,G093,-0.000558827,-1
G046,G060,-0.00055915344,-1
G049,G015,-0.0005599133,-1
G059,G041,-0.0005599582,-1
G067,G080,-0.0005604453,-1
G073,G087,-0.0005616729,-1
G074,G076,-0.00056256884,-1
G045,G027,-0.0005626334,-1
G072,G016,-0.00056292536,-1
G049,G024,-0.0005629394,-1
G012,G020,-0.00056458527,-1
G094,G041,-0.00056492013,-1
G081,G092,-0.00056547817,-1
G060,G024,-0.0005655118,-1
G017,G049,-0.0005659535,-1
G016,G052,-0.00056629186,-1
G007,G081,-0.000567001,-1
G046,G006,-0.00056739023,-1
G021,G092,-0.000567857,-1
G031,G048,-0.00056794187,-1
G044,G089,-0.0005681353,-1
G001,G079,-0.00056831865,-1
G089,G047,-0.0005688357,-1
G026,G046,-0.00056963967,-1
G017,G019,-0.00056968606,-1
G016,G040,-0.00056985667,-1
G021,G100,-0.0005699583,-1
G073,G010,-0.0005699661,-1
G100,G060,-0.00057001895,-1
G046,G088,-0.00057086797,-1
G014,G053,-0.00057111337,-1
G014,G081,-0.000572208,-1
G038,G077,-0.0005722646,-1
G063,G011,-0.0005723037,-1
G008,G037,-0.000573563,-1
G002,G089,-0.00057367125,-1
G021,G086,-0.00057491835,-1
G053,G076,-0.00057644566,-1
G047,G001,-0.0005769102,-1
G095,G077,-0.00057765906,-1
G084,G090,-0.00057768926,-1
G021,G070,-0.000577763,-1
G038,G027,-0.0005783923,-1
G095,G024,-0.0005788136,-1
G093,G099,-0.0005796166,-1
G074,G005,-0.00058119075,-1
G021,G088,-0.0005816463,-1
G097,G052,-0.0005818661,-1
G089,G094,-0.0005818997,-1
G091,G065,-0.0005819975,-1
G014,G035,-0.0005831802,-1
G073,G006,-0.0005836851,-1
G097,G099,-0.0005843496,-1
G050,G052,-0.00058475963,-1
G043,G047,-0.0005852662,-1
G047,G031,-0.0005855812,-1
G093,G010,-0.00058643834,-1
G100,G035,-0.0005865121,-1
G058,G005,-0.0005868919,-1
G095,G060,-0.00058695395,-1
G061,G014,-0.0005873745,-1
G076,G030,-0.00058751233,-1
G046,G009,-0.0005894999,-1
G044,G065,-0.0005895271,-1
G072,G026,-0.00058959617,-1
G073,G082,-0.00058971846,-1
G007,G069,-0.000589769,-1
G027,G031,-0.0005900228,-1
G073,G050,-0.0005901405,-1
G001,G005,-0.0005906729,-1
G008,G048,-0.00059191807,-1
G093,G080,-0.0005923991,-1
G095,G065,-0.00059257814,-1
G082,G034,-0.0005930477,-1
G014,G095,-0.00059322244,-1
G056,G057,-0.0005932873,-1
G054,G065,-0.000594098,-1
G070,G020,-0.000594331,-1
G026,G077,-0.0005984426,-1
G036,G029,-0.0005990492,-1
G003,G034,-0.0006008002,-1
G031,G098,-0.000601103,-1
G061,G076,-0.00060117786,-1
G038,G032,-0.0006013299,-1
G003,G009,-0.0006018443,-1
G073,G056,-0.0006019501,-1
G073,G069,-0.00060356205,-1
G072,G031,-0.0006045968,-1
G061,G009,-0.0006049146,-1
G068,G059,-0.000606281,-1
G059,G020,-0.0006063773,-1
G097,G047,-0.00060675613,-1
G011,G028,-0.0006067564,-1
G014,G056,-0.00060701097,-1
G021,G030,-0.00060737133,-1
G024,G098,-0.00060781976,-1
G003,G019,-0.00060828245,-1
G093,G011,-0.0006085035,-1
G066,G038,-0.0006090788,-1
G044,G043,-0.0006097885,-1
G079,G043,-0.00061020144,-1
G073,G035,-0.00061108253,-1
G028,G015,-0.0006121291,-1
G002,G069,-0.00061264826,-1
G058,G070,-0.0006131816,-1
G073,G018,-0.0006134943,-1
G024,G028,-0.0006139599,-1
G059,G052,-0.000614024,-1
G050,G048,-0.000614659,-1
G040,G088,-0.0006152633,-1
G035,G023,-0.00061591354,-1
G078,G034,-0.00061610807,-1
G036,G063,-0.000616651,-1
G015,G077,-0.00061679806,-1
G088,G097,-0.00061692536,-1
G079,G036,-0.0006172648,-1
G061,G092,-0.0006179326,-1
G047,G096,-0.0006182821,-1
G010,G048,-0.0006186144,-1
G059,G096,-0.0006188711,-1
G040,G056,-0.00061913935,-1
G056,G087,-0.00061914645,-1
G045,G076,-0.0006193896,-1
G029,G023,-0.0006203315,-1
G100,G032,-0.000620656,-1
G017,G014,-0.00062150374,-1
G021,G032,-0.0006218888,-1
G054,G050,-0.0006220314,-1
G055,G030,-0.0006224156,-1
G073,G013,-0.0006245794,-1
G097,G012,-0.000624787,-1
G052,G055,-0.0006252902,-1
G013,G062,-0.00062549335,-1
G013,G028,-0.00062618544,-1
G012,G087,-0.0006270713,-1
G010,G028,-0.00062720035,-1
G014,G093,-0.0006275977,-1
G050,G100,-0.0006279619,-1
G046,G042,-0.000628781,-1
G003,G028,-0.0006301512,-1
G025,G002,-0.00063041534,-1
G011,G100,-0.00063079863,-1
G072,G035,-0.00063088763,-1
G095,G052,-0.00063106976,-1
G008,G046,-0.00063134264,-1
G064,G001,-0.0006318994,-1
G016,G039,-0.0006319361,-1
G064,G040,-0.0006330167,-1
G058,G020,-0.0006350805,-1
G010,G012,-0.0006352077,-1
G029,G081,-0.0006353318,-1
G002,G043,-0.00063538924,-1
G058,G002,-0.0006363047,-1
G078,G005,-0.00063713815,-1
G032,G095,-0.0006372393,-1
G091,G046,-0.0006374077,-1
G017,G034,-0.00063804165,-1
G044,G092,-0.0006392458,-1
G047,G092,-0.0006400331,-1
G093,G023,-0.00064036483,-1
G025,G030,-0.0006415304,-1
G010,G074,-0.000642337,-1
G058,G033,-0.0006439331,-1
G059,G094,-0.0006440732,-1
G010,G069,-0.00064443407,-1
G081,G035,-0.0006445499,-1
G017,G090,-0.0006448119,-1
G091,G002,-0.00064499595,-1
G011,G027,-0.000646363,-1
G059,G050,-0.0006463968,-1
G014,G028,-0.00064834626,-1
G057,G038,-0.00064866117,-1
G047,G039,-0.00064877234,-1
G066,G056,-0.0006489699,-1
G093,G047,-0.00064909674,-1
G021,G056,-0.000649195,-1
G046,G039,-0.0006499712,-1
G047,G076,-0.0006510675,-1
G032,G005,-0.00065277086,-1
G058,G046,-0.00065293594,-1
G036,G092,-0.00065455236,-1
G093,G042,-0.00065470056,-1
G014,G009,-0.00065699767,-1
G025,G039,-0.00065720314,-1
G068,G039,-0.00065753073,-1
G057,G082,-0.0006576007,-1
G064,G082,-0.0006581326,-1
G008,G022,-0.00065821776,-1
G066,G096,-0.0006602022,-1
G066,G090,-0.00066189386,-1
G021,G046,-0.00066195684,-1
G061,G012,-0.00066271453,-1
G079,G032,-0.0006630932,-1
G015,G035,-0.00066476123,-1
G046,G096,-0.000666652,-1
G008,G091,-0.0006668278,-1
G058,G034,-0.00066724326,-1
G031,G096,-0.0006680316,-1
G046,G005,-0.00066838256,-1
G094,G012,-0.00067040167,-1
G011,G090,-0.0006704262,-1
G064,G066,-0.0006713204,-1
G028,G005,-0.000671736,-1
G034,G008,-0.0006722316,-1
G017,G035,-0.0006728356,-1
G090,G032,-0.00067442295,-1
G046,G025,-0.0006744968,-1
G012,G091,-0.0006748516,-1
G017,G030,-0.0006781085,-1
G008,G038,-0.0006787361,-1
G058,G078,-0.0006789238,-1
G044,G028,-0.0006813515,-1
G095,G096,-0.00068346574,-1
G059,G098,-0.00068381906,-1
G025,G012,-0.00068438554,-1
G072,G032,-0.00068613904,-1
G044,G057,-0.000686344,-1
G010,G035,-0.0006867538,-1
G046,G043,-0.0006874206,-1
G040,G038,-0.0006880298,-1
G073,G080,-0.00068850326,-1
G001,G036,-0.0006887491,-1
G021,G006,-0.00069053273,-1
G059,G073,-0.00069182506,-1
G017,G077,-0.0006929859,-1
G061,G046,-0.0006948718,-1
G017,G053,-0.0006956202,-1
G064,G050,-0.0006967708,-1
G047,G090,-0.00069713854,-1
G077,G066,-0.0006971652,-1
G074,G055,-0.0006975398,-1
G083,G087,-0.0006978565,-1
G059,G019,-0.0006994749,-1
G059,G095,-0.0006997568,-1
G081,G031,-0.00070030725,-1
G028,G098,-0.00070048624,-1
G036,G093,-0.000700986,-1
G084,G100,-0.00070108497,-1
G045,G060,-0.00070113887,-1
G027,G049,-0.00070250087,-1
G079,G005,-0.0007030339,-1
G096,G090,-0.0007037832,-1
G091,G090,-0.0007054025,-1
G003,G041,-0.00070630346,-1
G010,G034,-0.00070776965,-1
G064,G034,-0.000707804,-1
G027,G008,-0.0007082696,-1
G079,G012,-0.0007089884,-1
G050,G001,-0.00070918415,-1
G065,G048,-0.00070985797,-1
G011,G073,-0.0007122978,-1
G044,G068,-0.0007149062,-1
G030,G035,-0.000716859,-1
G057,G074,-0.0007207066,-1
G097,G080,-0.0007207577,-1
G054,G076,-0.0007209141,-1
G054,G006,-0.0007209235,-1
G059,G062,-0.0007222281,-1
G010,G094,-0.0007223716,-1
G044,G095,-0.0007264022,-1
G027,G092,-0.00072667294,-1
G089,G066,-0.00072958635,-1
G073,G001,-0.0007302699,-1
G072,G076,-0.00073170784,-1
G010,G098,-0.00073222996,-1
G021,G074,-0.0007326455,-1
G073,G024,-0.00073307625,-1
G071,G067,-0.00073358393,-1
G095,G069,-0.000734917,-1
G035,G048,-0.000735357,-1
G073,G030,-0.0007362366,-1
G038,G035,-0.0007373859,-1
G011,G067,-0.0007376638,-1
G021,G048,-0.0007383141,-1
G066,G039,-0.00073952466,-1
G058,G091,-0.00073986396,-1
G058,G042,-0.00074026175,-1
G035,G020,-0.0007404543,-1
G031,G068,-0.00074087863,-1
G008,G031,-0.0007410068,-1
G031,G075,-0.00074148807,-1
G021,G025,-0.00074306526,-1
G064,G048,-0.00074591493,-1
G028,G073,-0.0007468163,-1
G074,G019,-0.0007517915,-1
G096,G080,-0.0007527493,-1
G010,G063,-0.0007540224,-1
G046,G013,-0.0007545482,-1
G064,G039,-0.0007569355,-1
G059,G084,-0.00075811584,-1
G059,G051,-0.0007589392,-1
G025,G066,-0.0007595999,-1
G065,G035,-0.0007600189,-1
G045,G074,-0.0007607356,-1
G022,G051,-0.00076086,-1
G011,G007,-0.0007610959,-1
G042,G057,-0.0007615206,-1
G059,G012,-0.0007617162,-1
G064,G089,-0.0007617739,-1
G040,G042,-0.0007618072,-1
G011,G022,-0.00076442835,-1
G058,G023,-0.0007665381,-1
G074,G089,-0.00076660124,-1
G073,G005,-0.0007666443,-1
G078,G046,-0.0007668477,-1
G070,G014,-0.0007669959,-1
G032,G046,-0.0007676097,-1
G073,G091,-0.000767722,-1
G061,G053,-0.00076994835,-1
G046,G035,-0.0007700807,-1
G030,G075,-0.0007714959,-1
G013,G076,-0.00077222945,-1
G054,G056,-0.0007724173,-1
G021,G090,-0.0007727288,-1
G044,G009,-0.0007743431,-1
G024,G045,-0.0007748278,-1
G077,G040,-0.00077557244,-1
G026,G081,-0.0007764231,-1
G061,G034,-0.0007768505,-1
G021,G039,-0.00077735545,-1
G021,G019,-0.00077757594,-1
G062,G015,-0.00077831064,-1
G064,G016,-0.000778361,-1
G094,G032,-0.0007792151,-1
G066,G084,-0.00077987777,-1
G001,G049,-0.0007807951,-1
G064,G043,-0.0007818299,-1
G055,G027,-0.00078464404,-1
G086,G010,-0.0007855908,-1
G043,G089,-0.0007858694,-1
G011,G096,-0.0007877108,-1
G093,G079,-0.0007890454,-1
G094,G079,-0.0007897002,-1
G032,G092,-0.0007898335,-1
G013,G100,-0.00079178414,-1
G093,G033,-0.000794195,-1
G036,G097,-0.00079468114,-1
G029,G070,-0.0007949715,-1
G010,G089,-0.0007972706,-1
G021,G075,-0.00079743,-1
G058,G076,-0.0008004203,-1
G017,G068,-0.0008020899,-1
G073,G065,-0.0008021135,-1
G064,G052,-0.00080366386,-1
G083,G022,-0.0008037236,-1
G074,G010,-0.0008046753,-1
G064,G099,-0.0008047653,-1
G059,G023,-0.0008061575,-1
G064,G100,-0.00080707495,-1
G029,G093,-0.0008075299,-1
G047,G014,-0.0008077685,-1
G013,G087,-0.0008091476,-1
G032,G099,-0.00080942415,-1
G044,G087,-0.0008108046,-1
G055,G092,-0.0008125233,-1
G010,G056,-0.0008137741,-1
G083,G049,-0.0008141301,-1
G064,G035,-0.00081538974,-1
G081,G093,-0.0008166792,-1
G001,G051,-0.0008181137,-1
G061,G040,-0.00081889465,-1
G064,G068,-0.0008193431,-1
G092,G066,-0.0008220358,-1
G054,G089,-0.0008221626,-1
G043,G036,-0.000822631,-1
G061,G074,-0.0008231325,-1
G064,G004,-0.00082471385,-1
G021,G027,-0.0008266541,-1
G011,G084,-0.0008293866,-1
G061,G087,-0.0008304911,-1
G028,G032,-0.000832397,-1
G057,G092,-0.00083386427,-1
G045,G087,-0.00083399075,-1
G044,G091,-0.00083726837,-1
G089,G090,-0.00083828816,-1
G059,G067,-0.00083843624,-1
G094,G084,-0.0008388363,-1
G017,G076,-0.00083982205,-1
G021,G042,-0.0008403306,-1
G058,G036,-0.0008425733,-1
G073,G014,-0.00084519567,-1
G074,G039,-0.0008464881,-1
G047,G034,-0.00084745,-1
G061,G006,-0.0008501754,-1
G045,G063,-0.00085020653,-1
G041,G073,-0.0008511466,-1
G082,G030,-0.00085117714,-1
G094,G025,-0.00085137365,-1
G017,G016,-0.0008532961,-1
G043,G045,-0.0008533492,-1
G021,G002,-0.00085357914,-1
G074,G046,-0.00085389346,-1
G001,G066,-0.0008545535,-1
G054,G088,-0.0008565884,-1
G016,G034,-0.0008593431,-1
G093,G032,-0.00086020585,-1
G044,G096,-0.0008618889,-1
G017,G040,-0.00086197944,-1
G073,G063,-0.00086236704,-1
G044,G063,-0.00086289644,-1
G017,G098,-0.00086587714,-1
G074,G002,-0.0008673205,-1
G011,G030,-0.0008683969,-1
G001,G062,-0.00086949224,-1
G081,G063,-0.0008700423,-1
G010,G039,-0.00087018684,-1
G010,G036,-0.0008713391,-1
G021,G066,-0.00087208307,-1
G078,G048,-0.0008777796,-1
G085,G088,-0.00087910343,-1
G059,G080,-0.0008797469,-1
G074,G060,-0.00088017085,-1
G018,G084,-0.0008806246,-1
G027,G066,-0.0008815764,-1
G014,G008,-0.0008822202,-1
G064,G041,-0.0008823664,-1
G027,G037,-0.0008825333,-1
G100,G086,-0.00088287494,-1
G012,G049,-0.0008831766,-1
G046,G047,-0.00088317704,-1
G021,G005,-0.0008846854,-1
G011,G037,-0.00088519073,-1
G061,G066,-0.00088523334,-1
G017,G070,-0.00088818197,-1
G097,G055,-0.00088947086,-1
G072,G009,-0.0008918017,-1
G097,G006,-0.00089258817,-1
G074,G020,-0.0008931377,-1
G030,G070,-0.00089461874,-1
G083,G096,-0.0008958163,-1
G018,G071,-0.00089712976,-1
G073,G025,-0.00090057496,-1
G073,G090,-0.00090152066,-1
G046,G020,-0.00090628996,-1
G021,G001,-0.00090749614,-1
G001,G074,-0.00090764335,-1
G041,G082,-0.0009086717,-1
G012,G046,-0.00090894604,-1
G073,G047,-0.000909691,-1
G045,G057,-0.00090983894,-1
G064,G069,-0.00091091834,-1
G072,G087,-0.00091096706,-1
G010,G038,-0.0009112297,-1
G054,G036,-0.0009137588,-1
G044,G011,-0.00091428315,-1
G010,G026,-0.0009175807,-1
G072,G041,-0.0009183716,-1
G092,G075,-0.0009194615,-1
G073,G039,-0.00091987645,-1
G099,G028,-0.00092020276,-1
G059,G077,-0.00092024216,-1
G041,G060,-0.0009211294,-1
G073,G046,-0.0009234021,-1
G092,G046,-0.0009240666,-1
G017,G091,-0.00092503865,-1
G061,G077,-0.00092565565,-1
G017,G008,-0.00092699967,-1
G054,G023,-0.000929027,-1
G015,G082,-0.0009305216,-1
G082,G077,-0.0009307671,-1
G091,G080,-0.0009313558,-1
G061,G078,-0.0009319312,-1
G044,G100,-0.00093320134,-1
G043,G007,-0.0009333271,-1
G066,G068,-0.0009357405,-1
G011,G074,-0.00093669404,-1
G059,G046,-0.00093713426,-1
G055,G049,-0.0009418973,-1
G015,G079,-0.00094320986,-1
G026,G097,-0.0009456311,-1
G017,G074,-0.00094626547,-1
G058,G029,-0.00094722555,-1
G008,G036,-0.00094744656,-1
G001,G029,-0.0009481675,-1
G028,G086,-0.0009488666,-1
G036,G070,-0.00095295033,-1
G044,G076,-0.0009529693,-1
G011,G076,-0.0009593056,-1
G061,G036,-0.00095982355,-1
G072,G068,-0.00096091954,-1
G073,G062,-0.0009611551,-1
G047,G065,-0.0009615592,-1
G046,G015,-0.0009636358,-1
G017,G018,-0.0009643974,-1
G010,G014,-0.00096597004,-1
G073,G023,-0.0009674085,-1
G094,G096,-0.00096885103,-1
G042,G037,-0.00096945267,-1
G066,G031,-0.0009711562,-1
G046,G099,-0.0009725081,-1
G091,G068,-0.00097289775,-1
G011,G012,-0.0009775192,-1
G096,G028,-0.0009794584,-1
G072,G055,-0.0009796543,-1
G046,G073,-0.0009825343,-1
G017,G046,-0.0009829246,-1
G047,G027,-0.0009834515,-1
G021,G084,-0.000983648,-1
G010,G027,-0.0009842573,-1
G016,G042,-0.0009856845,-1
G013,G003,-0.0009865222,-1
G041,G071,-0.0009868202,-1
G061,G096,-0.0009884203,-1
G032,G086,-0.0009888619,-1
G016,G063,-0.0009926913,-1
G061,G022,-0.0009950232,-1
G059,G048,-0.0009952333,-1
G015,G065,-0.0009953914,-1
G094,G050,-0.0009960528,-1
G064,G077,-0.0009974616,-1
G031,G035,-0.0009978006,-1
G064,G095,-0.0010021757,-1
G040,G097,-0.0010069788,-1
G043,G020,-0.001008537,-1
G078,G044,-0.0010108234,-1
G064,G075,-0.0010119269,-1
G011,G048,-0.0010119377,-1
G010,G051,-0.0010134326,-1
G017,G022,-0.001015105,-1
G073,G099,-0.0010152557,-1
G024,G091,-0.0010175983,-1
G044,G062,-0.0010177538,-1
G068,G032,-0.0010191754,-1
G061,G023,-0.0010203152,-1
G066,G032,-0.0010210087,-1
G064,G051,-0.0010225984,-1
G059,G032,-0.0010228318,-1
G064,G011,-0.0010241383,-1
G064,G094,-0.0010247761,-1
G011,G038,-0.0010251007,-1
G021,G099,-0.0010261527,-1
G055,G053,-0.0010284919,-1
G093,G046,-0.0010287989,-1
G047,G026,-0.0010309101,-1
G058,G026,-0.0010317245,-1
G064,G055,-0.0010317799,-1
G064,G084,-0.0010344831,-1
G064,G038,-0.0010354149,-1
G061,G069,-0.0010361949,-1
G017,G001,-0.0010401806,-1
G058,G068,-0.001040788,-1
G046,G028,-0.0010431599,-1
G001,G042,-0.0010434465,-1
G028,G094,-0.0010497401,-1
G064,G031,-0.0010498498,-1
G013,G060,-0.0010509826,-1
G046,G003,-0.0010519614,-1
G015,G011,-0.001053576,-1
G096,G073,-0.0010536887,-1
G010,G096,-0.0010539575,-1
G012,G002,-0.0010542118,-1
G014,G001,-0.0010546114,-1
G010,G001,-0.0010565337,-1
G013,G070,-0.0010603484,-1
G082,G031,-0.0010621265,-1
G010,G050,-0.0010621314,-1
G059,G063,-0.0010632187,-1
G013,G079,-0.0010642264,-1
G061,G007,-0.0010651052,-1
G025,G018,-0.0010652578,-1
G042,G059,-0.0010657265,-1
G058,G040,-0.0010674536,-1
G064,G037,-0.0010702,-1
G095,G099,-0.0010714012,-1
G062,G019,-0.0010735444,-1
G011,G083,-0.0010737693,-1
G064,G020,-0.0010747863,-1
G054,G007,-0.0010748131,-1
G028,G039,-0.0010766598,-1
G058,G011,-0.0010772377,-1
G095,G032,-0.0010774477,-1
G072,G082,-0.0010808398,-1
G013,G091,-0.0010815513,-1
G072,G005,-0.0010831249,-1
G059,G039,-0.0010835448,-1
G014,G051,-0.0010841896,-1
G017,G062,-0.001085316,-1
G017,G038,-0.001085838,-1
G072,G074,-0.0010862638,-1
G054,G011,-0.0010871526,-1
G058,G038,-0.0010871997,-1
G058,G062,-0.0010886999,-1
G094,G077,-0.0010899525,-1
G061,G050,-0.0010911593,-1
G061,G041,-0.0010916664,-1
G040,G030,-0.0010916811,-1
G072,G001,-0.001092888,-1
G017,G023,-0.0010933308,-1
G005,G061,-0.001093729,-1
G043,G062,-0.0010941062,-1
G064,G072,-0.0010948088,-1
G092,G069,-0.0010986011,-1
G065,G081,-0.0011013027,-1
G054,G018,-0.0011025319,-1
G017,G041,-0.0011050465,-1
G066,G003,-0.0011088977,-1
G013,G077,-0.0011095847,-1
G028,G029,-0.0011145116,-1
G041,G008,-0.0011160659,-1
G011,G034,-0.0011184496,-1
G021,G069,-0.0011224711,-1
G011,G001,-0.0011229182,-1
G010,G097,-0.0011233034,-1
G061,G094,-0.0011239382,-1
G074,G032,-0.0011262371,-1
G005,G003,-0.0011264846,-1
G021,G082,-0.0011322016,-1
G083,G016,-0.0011324997,-1
G064,G019,-0.0011332965,-1
G024,G100,-0.0011345082,-1
G058,G006,-0.001137345,-1
G058,G087,-0.0011374201,-1
G011,G026,-0.001138705,-1
G066,G042,-0.001140699,-1
G094,G039,-0.0011421919,-1
G042,G069,-0.0011425221,-1
G041,G035,-0.0011437171,-1
G086,G024,-0.0011452374,-1
G044,G067,-0.0011462112,-1
G074,G025,-0.0011493646,-1
G046,G094,-0.0011499029,-1
G093,G098,-0.0011528077,-1
G062,G026,-0.0011529778,-1
G044,G012,-0.0011572253,-1
G071,G045,-0.0011574401,-1
G092,G068,-0.0011612029,-1
G089,G039,-0.001171696,-1
G011,G098,-0.0011757908,-1
G025,G040,-0.0011811422,-1
G058,G030,-0.0011827169,-1
G064,G023,-0.0011847162,-1
G072,G098,-0.0011924824,-1
G013,G019,-0.0011932087,-1
G061,G067,-0.0011974712,-1
G094,G010,-0.0011993584,-1
G010,G043,-0.0011994962,-1
G072,G070,-0.0012000414,-1
G072,G066,-0.0012094368,-1
G011,G039,-0.001209986,-1
G032,G039,-0.0012144176,-1
G058,G013,-0.0012148168,-1
G009,G044,-0.0012189111,-1
G097,G031,-0.0012189307,-1
G061,G018,-0.0012198006,-1
G011,G004,-0.001221427,-1
G017,G097,-0.0012221184,-1
G008,G035,-0.001222625,-1
G001,G025,-0.0012230533,-1
G074,G042,-0.0012239929,-1
G074,G092,-0.0012257245,-1
G059,G027,-0.0012266091,-1
G003,G097,-0.0012283229,-1
G074,G030,-0.0012319986,-1
G061,G079,-0.0012346035,-1
G064,G087,-0.0012349514,-1
G001,G086,-0.0012349854,-1
G010,G084,-0.0012372559,-1
G097,G069,-0.0012394161,-1
G013,G057,-0.0012395503,-1
G058,G066,-0.0012415762,-1
G083,G065,-0.0012419199,-1
G021,G023,-0.0012445315,-1
G094,G095,-0.0012482798,-1
G044,G002,-0.0012494364,-1
G010,G042,-0.0012499387,-1
G044,G025,-0.0012559831,-1
G029,G026,-0.0012561994,-1
G074,G023,-0.0012566021,-1
G072,G049,-0.00125694,-1
G065,G021,-0.001257833,-1
G064,G046,-0.0012589052,-1
G017,G100,-0.0012618804,-1
G013,G052,-0.0012637399,-1
G041,G069,-0.0012663915,-1
G015,G066,-0.0012696828,-1
G061,G002,-0.0012714785,-1
G021,G012,-0.0012721029,-1
G011,G019,-0.0012721902,-1
G093,G049,-0.0012820269,-1
G044,G099,-0.0012820743,-1
G011,G071,-0.0012905749,-1
G017,G028,-0.0012906765,-1
G010,G047,-0.0012908023,-1
G092,G024,-0.0012944875,-1
G041,G022,-0.0013003019,-1
G054,G057,-0.0013028033,-1
G003,G095,-0.0013041461,-1
G031,G042,-0.0013046267,-1
G017,G011,-0.001305839,-1
G013,G089,-0.0013074294,-1
G058,G037,-0.0013122952,-1
G064,G081,-0.0013135743,-1
G015,G023,-0.0013137979,-1
G018,G011,-0.0013173901,-1
G070,G040,-0.001322392,-1
G059,G028,-0.0013288865,-1
G064,G036,-0.0013323564,-1
G093,G067,-0.001334861,-1
G032,G077,-0.001339197,-1
G074,G090,-0.0013401139,-1
G058,G065,-0.0013415115,-1
G013,G080,-0.0013418348,-1
G097,G032,-0.0013426968,-1
G095,G093,-0.0013436028,-1
G037,G053,-0.0013447999,-1
G046,G077,-0.0013457156,-1
G017,G020,-0.0013459917,-1
G017,G037,-0.001346148,-1
G073,G079,-0.0013463249,-1
G010,G032,-0.0013492792,-1
G078,G085,-0.0013498532,-1
G010,G022,-0.0013537344,-1
G092,G040,-0.0013542942,-1
G066,G082,-0.0013602012,-1
G017,G057,-0.0013613102,-1
G031,G016,-0.0013622816,-1
G017,G006,-0.0013624841,-1
G010,G053,-0.0013648354,-1
G083,G039,-0.0013658217,-1
G010,G019,-0.0013664917,-1
G092,G025,-0.0013737456,-1
G031,G002,-0.0013759622,-1
G010,G079,-0.0013769801,-1
G011,G080,-0.0013795467,-1
G010,G070,-0.0013809493,-1
G010,G052,-0.0013817882,-1
G010,G100,-0.0013874093,-1
G041,G067,-0.0013937353,-1
G017,G065,-0.0013956748,-1
G095,G028,-0.0013970776,-1
G041,G066,-0.0014060878,-1
G003,G065,-0.0014070345,-1
G061,G090,-0.0014081909,-1
G015,G093,-0.0014082355,-1
G011,G087,-0.0014088667,-1
G097,G046,-0.0014149342,-1
G015,G039,-0.0014173591,-1
G011,G041,-0.0014220879,-1
G094,G073,-0.0014224855,-1
G064,G014,-0.0014257387,-1
G011,G052,-0.0014290906,-1
G041,G015,-0.0014311222,-1
G097,G022,-0.0014382838,-1
G092,G031,-0.0014428699,-1
G011,G055,-0.0014439023,-1
G043,G015,-0.0014456474,-1
G015,G088,-0.0014466344,-1
G012,G043,-0.0014482174,-1
G097,G018,-0.0014518936,-1
G091,G021,-0.0014563169,-1
G094,G100,-0.0014566004,-1
G097,G049,-0.0014577666,-1
G043,G030,-0.001462742,-1
G013,G006,-0.0014675009,-1
G013,G016,-0.0014680995,-1
G058,G047,-0.001469484,-1
G017,G063,-0.0014702907,-1
G013,G074,-0.0014765547,-1
G013,G007,-0.001485979,-1
G013,G055,-0.0014872665,-1
G013,G056,-0.0014905838,-1
G073,G028,-0.001492707,-1
G064,G028,-0.0014929099,-1
G054,G043,-0.0014946768,-1
G013,G078,-0.0015004035,-1
G064,G012,-0.0015016958,-1
G001,G081,-0.0015048916,-1
G041,G097,-0.0015069023,-1
G082,G065,-0.0015078658,-1
G058,G019,-0.0015114554,-1
G086,G033,-0.0015125179,-1
G059,G043,-0.0015171752,-1
G010,G021,-0.0015241031,-1
G013,G037,-0.0015245803,-1
G013,G023,-0.0015260861,-1
G028,G092,-0.0015273211,-1
G044,G066,-0.0015320757,-1
G064,G006,-0.0015328494,-1
G015,G022,-0.0015340995,-1
G013,G084,-0.0015395762,-1
G013,G093,-0.0015448872,-1
G072,G046,-0.0015477808,-1
G015,G037,-0.0015494435,-1
G010,G030,-0.0015500311,-1
G072,G047,-0.0015559504,-1
G073,G032,-0.0015566573,-1
G013,G032,-0.0015581895,-1
G061,G020,-0.0015605239,-1
G058,G097,-0.0015679748,-1
G064,G002,-0.0015689796,-1
G013,G049,-0.0015690828,-1
G010,G025,-0.0015692064,-1
G044,G094,-0.0015713557,-1
G041,G075,-0.0015775868,-1
G013,G066,-0.0015784837,-1
G066,G011,-0.0015862813,-1
G068,G085,-0.001588951,-1
G015,G029,-0.0015923894,-1
G094,G028,-0.0015981906,-1
G059,G082,-0.0015992167,-1
G059,G011,-0.001604543,-1
G021,G028,-0.0016079411,-1
G013,G039,-0.0016080977,-1
G086,G064,-0.0016126719,-1
G011,G006,-0.0016150944,-1
G011,G046,-0.0016183291,-1
G011,G099,-0.0016220269,-1
G017,G005,-0.0016264752,-1
G064,G009,-0.0016268023,-1
G014,G074,-0.0016269692,-1
G061,G025,-0.0016332739,-1
G046,G095,-0.001633479,-1
G092,G050,-0.0016413301,-1
G092,G073,-0.001642052,-1
G071,G064,-0.001643895,-1
G072,G091,-0.0016486216,-1
G010,G023,-0.0016538076,-1
G064,G093,-0.001658471,-1
G011,G031,-0.0016749381,-1
G032,G094,-0.0016783274,-1
G067,G046,-0.0016797603,-1
G058,G082,-0.001681365,-1
G018,G009,-0.0016813795,-1
G021,G095,-0.0016819279,-1
G013,G038,-0.0016879864,-1
G041,G028,-0.001689256,-1
G010,G091,-0.0016952076,-1
G010,G041,-0.0016956751,-1
G010,G037,-0.0017017146,-1
G066,G016,-0.0017022764,-1
G099,G094,-0.0017049402,-1
G064,G096,-0.0017067753,-1
G010,G018,-0.0017071678,-1
G064,G065,-0.0017093853,-1
G058,G063,-0.0017113587,-1
G072,G034,-0.0017160468,-1
G057,G047,-0.0017235538,-1
G088,G040,-0.0017281219,-1
G010,G057,-0.0017309393,-1
G011,G079,-0.0017337598,-1
G082,G010,-0.0017358714,-1
G091,G056,-0.0017498829,-1
G013,G034,-0.001757938,-1
G025,G006,-0.0017595743,-1
G092,G098,-0.0017736728,-1
G012,G033,-0.0017805839,-1
G072,G063,-0.0017847512,-1
G012,G047,-0.0017855981,-1
G010,G068,-0.0017963017,-1
G013,G082,-0.0018100294,-1
G061,G095,-0.0018109693,-1
G041,G080,-0.0018136174,-1
G054,G041,-0.0018139123,-1
G093,G022,-0.0018146404,-1
G047,G052,-0.0018160782,-1
G015,G063,-0.0018182828,-1
G013,G036,-0.0018202042,-1
G072,G088,-0.0018231741,-1
G054,G079,-0.0018248131,-1
G073,G095,-0.0018274835,-1
G013,G053,-0.0018321084,-1
G061,G065,-0.0018398302,-1
G013,G069,-0.0018403216,-1
G041,G052,-0.0018413716,-1
G092,G063,-0.0018423432,-1
G064,G053,-0.0018564938,-1
G011,G056,-0.0018642133,-1
G036,G045,-0.0018695956,-1
G064,G097,-0.001874258,-1
G017,G047,-0.0018791184,-1
G057,G028,-0.0018827709,-1
G071,G097,-0.0018859935,-1
G017,G013,-0.0018875091,-1
G097,G024,-0.0018883109,-1
G079,G072,-0.0018983713,-1
G073,G041,-0.0019053138,-1
G061,G047,-0.001914482,-1
G073,G067,-0.0019200438,-1
G092,G030,-0.0019206776,-1
G025,G027,-0.0019319238,-1
G015,G042,-0.0019347525,-1
G041,G048,-0.001938815,-1
G065,G013,-0.0019443784,-1
G064,G025,-0.0019473751,-1
G061,G032,-0.0019489838,-1
G064,G079,-0.0019529012,-1
G011,G023,-0.0019539047,-1
G013,G005,-0.0019603972,-1
G013,G098,-0.0019657814,-1
G097,G072,-0.0019658846,-1
G016,G023,-0.001965927,-1
G013,G042,-0.00197189,-1
G011,G042,-0.0019811252,-1
G065,G079,-0.001985342,-1
G021,G094,-0.001991748,-1
G094,G047,-0.002012956,-1
G011,G057,-0.0020174668,-1
G072,G057,-0.0020200757,-1
G058,G067,-0.0020209895,-1
G064,G090,-0.0020336667,-1
G072,G092,-0.002036918,-1
G073,G094,-0.0020417976,-1
G017,G015,-0.0020487865,-1
G013,G002,-0.0020554466,-1
G013,G001,-0.0020612313,-1
G092,G100,-0.0020614758,-1
G010,G046,-0.0020743874,-1
G041,G049,-0.0020779155,-1
G011,G032,-0.0021006118,-1
G003,G036,-0.0021228238,-1
G092,G005,-0.0021268907,-1
G041,G098,-0.0021281305,-1
G041,G043,-0.0021317306,-1
G011,G082,-0.0021355045,-1
G011,G062,-0.0021403937,-1
G041,G037,-0.0021432645,-1
G041,G029,-0.0021496757,-1
G041,G074,-0.0021680633,-1
G099,G086,-0.0021779079,-1
G012,G001,-0.0021892802,-1
G058,G012,-0.002194978,-1
G072,G093,-0.0022118734,-1
G013,G029,-0.0022125237,-1
G083,G052,-0.002215181,-1
G066,G007,-0.0022156104,-1
G057,G067,-0.0022283993,-1
G072,G067,-0.0022494409,-1
G017,G066,-0.002249679,-1
G041,G081,-0.002253256,-1
G013,G075,-0.0022654484,-1
G013,G020,-0.0022869757,-1
G018,G072,-0.002305186,-1
G013,G035,-0.0023121804,-1
G041,G062,-0.0023299279,-1
G064,G008,-0.002355326,-1
G017,G071,-0.0023566163,-1
G086,G054,-0.0023566326,-1
G059,G086,-0.002369862,-1
G085,G040,-0.0023730744,-1
G011,G047,-0.0023797483,-1
G013,G048,-0.0023911814,-1
G073,G066,-0.0023973703,-1
G010,G099,-0.002404645,-1
G083,G080,-0.002408668,-1
G064,G032,-0.002412361,-1
G093,G086,-0.002413737,-1
G095,G092,-0.00241398,-1
G072,G027,-0.0024165332,-1
G041,G077,-0.002430656,-1
G097,G053,-0.0024483276,-1
G066,G065,-0.0024606506,-1
G041,G031,-0.0024615733,-1
G013,G026,-0.002467615,-1
G041,G039,-0.0024769031,-1
G061,G062,-0.0024905682,-1
G083,G075,-0.0025413025,-1
G013,G050,-0.0025489472,-1
G041,G016,-0.0025524101,-1
G073,G086,-0.0025539885,-1
G041,G023,-0.0025659723,-1
G010,G031,-0.0026032096,-1
G083,G095,-0.002606756,-1
G010,G062,-0.0026094797,-1
G092,G094,-0.0026233832,-1
G013,G068,-0.0026353016,-1
G041,G095,-0.0026442737,-1
G009,G033,-0.0026472479,-1
G041,G084,-0.0026721174,-1
G013,G095,-0.0026791028,-1
G011,G094,-0.002693703,-1
G092,G096,-0.0026941118,-1
G041,G034,-0.002710641,-1
G041,G026,-0.0027110586,-1
G041,G051,-0.0027531453,-1
G041,G020,-0.0027580908,-1
G041,G042,-0.0027590063,-1
G013,G051,-0.002764829,-1
G083,G099,-0.0027679778,-1
G001,G002,-0.0027727487,-1
G097,G076,-0.0027799183,-1
G092,G067,-0.0027809213,-1
G013,G009,-0.0027862855,-1
G013,G043,-0.002789362,-1
G085,G045,-0.0028207647,-1
G086,G004,-0.002821343,-1
G067,G071,-0.002823963,-1
G041,G088,-0.0028251978,-1
G083,G081,-0.002842957,-1
G041,G006,-0.0028445297,-1
G041,G091,-0.002849069,-1
G092,G043,-0.0028523728,-1
G097,G001,-0.002866566,-1
G083,G037,-0.0028722836,-1
G010,G090,-0.0029053674,-1
G041,G009,-0.002907123,-1
G041,G096,-0.0029149447,-1
G041,G057,-0.0029354966,-1
G041,G099,-0.0029383237,-1
G041,G100,-0.0029793393,-1
G092,G079,-0.0029819224,-1
G013,G092,-0.0029853315,-1
G068,G065,-0.0029866525,-1
G013,G097,-0.0029887587,-1
G013,G088,-0.0029910658,-1
G065,G044,-0.003020868,-1
G071,G073,-0.003041445,-1
G041,G021,-0.0030442886,-1
G047,G038,-0.003045311,-1
G041,G007,-0.003048448,-1
G013,G067,-0.0030523345,-1
G041,G018,-0.0030760195,-1
G041,G024,-0.0030830787,-1
G083,G076,-0.003084114,-1
G041,G027,-0.0030850617,-1
G085,G013,-0.003098063,-1
G083,G091,-0.0030996646,-1
G044,G086,-0.0031045268,-1
G086,G022,-0.00311422,-1
G041,G092,-0.0031164978,-1
G036,G004,-0.003127912,-1
G041,G050,-0.0031369077,-1
G061,G097,-0.0031406116,-1
G011,G065,-0.003143912,-1
G013,G025,-0.0031638627,-1
G092,G065,-0.0031643691,-1
G041,G046,-0.0031843712,-1
G013,G041,-0.0031927044,-1
G046,G086,-0.0032027164,-1
G086,G097,-0.0032034796,-1
G041,G040,-0.0032056863,-1
G083,G070,-0.003230849,-1
G092,G018,-0.0032335825,-1
G010,G065,-0.0032497616,-1
G010,G071,-0.003253459,-1
G051,G083,-0.0032707306,-1
G038,G036,-0.0032811824,-1
G064,G047,-0.0033240311,-1
G047,G004,-0.0033322438,-1
G071,G034,-0.0033352387,-1
G041,G014,-0.0033427302,-1
G086,G008,-0.0033442061,-1
G041,G053,-0.003357616,-1
G083,G089,-0.0033630254,-1
G011,G092,-0.0033821948,-1
G041,G056,-0.0033861818,-1
G086,G043,-0.003389554,-1
G041,G068,-0.0033988175,-1
G083,G050,-0.0034017386,-1
G041,G019,-0.0034088127,-1
G045,G044,-0.0034102732,-1
G071,G049,-0.003412651,-1
G039,G036,-0.003425502,-1
G041,G002,-0.0034349083,-1
G083,G048,-0.0035238224,-1
G044,G036,-0.0035273458,-1
G083,G018,-0.003531923,-1
G041,G001,-0.0035441564,-1
G097,G091,-0.0035467786,-1
G036,G044,-0.0035509255,-1
G013,G081,-0.0035712316,-1
G013,G063,-0.003586081,-1
G083,G066,-0.0035885493,-1
G011,G086,-0.0035926772,-1
G041,G030,-0.0036086256,-1
G013,G008,-0.0036247275,-1
G041,G094,-0.003626882,-1
G041,G032,-0.0036553056,-1
G071,G004,-0.003664989,-1
G013,G027,-0.0036677537,-1
G086,G082,-0.0036679716,-1
G086,G038,-0.0036684999,-1
G083,G021,-0.0036759914,-1
G071,G061,-0.0036831733,-1
G047,G049,-0.0036847799,-1
G017,G021,-0.0037121768,-1
G086,G093,-0.0037350259,-1
G010,G017,-0.0037360706,-1
G041,G093,-0.0037371914,-1
G086,G020,-0.0037389416,-1
G086,G031,-0.0037529499,-1
G086,G066,-0.0037645092,-1
G086,G034,-0.0037711773,-1
G095,G086,-0.0037751335,-1
G013,G045,-0.0037816123,-1
G063,G059,-0.003790372,-1
G086,G015,-0.0037955996,-1
G086,G068,-0.003795926,-1
G086,G030,-0.0037973723,-1
G083,G077,-0.0038188759,-1
G083,G020,-0.0038314788,-1
G041,G087,-0.0038356204,-1
G086,G056,-0.0038550082,-1
G086,G069,-0.0038808542,-1
G041,G055,-0.0038979237,-1
G086,G001,-0.003909552,-1
G086,G076,-0.0039359713,-1
G086,G002,-0.003940608,-1
G083,G043,-0.003944167,-1
G041,G011,-0.003946923,-1
G086,G036,-0.003956144,-1
G041,G076,-0.00396823,-1
G041,G038,-0.0039894483,-1
G086,G052,-0.0039940947,-1
G086,G080,-0.003995546,-1
G094,G086,-0.004024133,-1
G086,G037,-0.0040343585,-1
G084,G085,-0.0040590633,-1
G086,G048,-0.0040694023,-1
G086,G075,-0.0041074282,-1
G086,G035,-0.0041263136,-1
G086,G098,-0.0041345367,-1
G083,G006,-0.004148994,-1
G083,G069,-0.0041864747,-1
G083,G002,-0.0042180787,-1
G086,G007,-0.0042544263,-1
G083,G007,-0.0042574247,-1
G041,G025,-0.0042604473,-1
G046,G061,-0.0042712935,-1
G086,G061,-0.0042766784,-1
G057,G003,-0.004297569,-1
G013,G012,-0.0043006567,-1
G086,G070,-0.0043227877,-1
G041,G070,-0.004324346,-1
G041,G079,-0.0043512895,-1
G083,G019,-0.0043800906,-1
G083,G029,-0.004388276,-1
G041,G085,-0.004392302,-1
G086,G091,-0.0043947496,-1
G004,G065,-0.004412222,-1
G041,G063,-0.004422921,-1
G086,G029,-0.004433114,-1
G086,G078,-0.004441414,-1
G086,G019,-0.0044482076,-1
G083,G031,-0.0044609685,-1
G092,G077,-0.0044642757,-1
G071,G033,-0.004473111,-1
G086,G081,-0.0044792825,-1
G004,G064,-0.004480753,-1
G086,G099,-0.0044875373,-1
G041,G012,-0.0045190407,-1
G041,G072,-0.004552239,-1
G086,G084,-0.0045637023,-1
G041,G013,-0.0045710043,-1
G086,G067,-0.004605407,-1
G086,G049,-0.004624195,-1
G071,G100,-0.004632783,-1
G086,G087,-0.0046422468,-1
G086,G079,-0.004661266,-1
G071,G091,-0.0047198012,-1
G030,G031,-0.0047403863,-1
G041,G078,-0.0047563314,-1
G083,G074,-0.0047911066,-1
G041,G089,-0.0048016068,-1
G086,G050,-0.0048119137,-1
G065,G078,-0.0048460625,-1
G083,G030,-0.004868398,-1
G009,G030,-0.004881457,-1
G013,G018,-0.0049168216,-1
G083,G014,-0.004924277,-1
G071,G010,-0.0049463776,-1
G071,G036,-0.0049644895,-1
G071,G066,-0.0049986,-1
G086,G100,-0.0050015957,-1
G064,G003,-0.005004559,-1
G086,G074,-0.005008997,-1
G086,G039,-0.005017239,-1
G086,G028,-0.005105387,-1
G086,G051,-0.0051261727,-1
G041,G061,-0.005133007,-1
G083,G035,-0.0051410976,-1
G086,G096,-0.005145884,-1
G086,G042,-0.00515258,-1
G047,G003,-0.005177827,-1
G086,G040,-0.005181544,-1
G083,G098,-0.0051855827,-1
G071,G074,-0.0051967497,-1
G086,G089,-0.005200586,-1
G059,G085,-0.00524223,-1
G044,G045,-0.0052638203,-1
G086,G095,-0.00529235,-1
G057,G064,-0.0053098146,-1
G083,G023,-0.0053268746,-1
G083,G027,-0.005333447,-1
G071,G032,-0.0053402204,-1
G092,G071,-0.0054218476,-1
G086,G053,-0.005436027,-1
G086,G006,-0.005451366,-1
G083,G079,-0.005498283,-1
G086,G014,-0.005506815,-1
G013,G047,-0.005509317,-1
G071,G027,-0.005520616,-1
G086,G023,-0.005565507,-1
G046,G064,-0.0055975956,-1
G086,G003,-0.005606502,-1
G086,G055,-0.005643608,-1
G071,G096,-0.00566962,-1
G071,G082,-0.0056721107,-1
G086,G062,-0.0056737573,-1
G071,G016,-0.005685279,-1
G071,G099,-0.0057127737,-1
G071,G030,-0.0057365163,-1
G086,G088,-0.0057398556,-1
G071,G056,-0.005740472,-1
G071,G006,-0.0057416046,-1
G026,G027,-0.005760148,-1
G086,G018,-0.005796333,-1
G009,G004,-0.0058049913,-1
G086,G026,-0.0058365245,-1
G083,G010,-0.0058554173,-1
G086,G021,-0.005860283,-1
G086,G011,-0.0058813975,-1
G086,G013,-0.0059181736,-1
G086,G027,-0.005945029,-1
G062,G059,-0.00595139,-1
G083,G078,-0.00595757,-1
G083,G092,-0.005984985,-1
G071,G022,-0.006033559,-1
G086,G012,-0.0060869567,-1
G071,G059,-0.0060930406,-1
G071,G068,-0.0061075347,-1
G086,G059,-0.0061127227,-1
G071,G098,-0.0061133425,-1
G013,G040,-0.0061440985,-1
G086,G009,-0.0061484342,-1
G083,G034,-0.0061921314,-1
G086,G063,-0.0062281135,-1
G071,G001,-0.006271695,-1
G071,G083,-0.0062902616,-1
G071,G094,-0.0062905145,-1
G041,G090,-0.0063768835,-1
G071,G084,-0.006377467,-1
G071,G062,-0.0064315796,-1
G083,G058,-0.006482093,-1
G024,G029,-0.0064847535,-1
G041,G064,-0.0064887702,-1
G009,G031,-0.006567993,-1
G083,G056,-0.006570299,-1
G086,G016,-0.006583868,-1
G060,G061,-0.0066019786,-1
G009,G064,-0.006631098,-1
G071,G081,-0.0066900686,-1
G009,G022,-0.0067207445,-1
G071,G025,-0.006720919,-1
G093,G085,-0.0067474516,-1
G071,G042,-0.0067606666,-1
G086,G032,-0.0067610266,-1
G071,G031,-0.006776967,-1
G086,G073,-0.006780774,-1
G083,G025,-0.0067897527,-1
G071,G069,-0.006819438,-1
G041,G047,-0.006827048,-1
G086,G046,-0.006840783,-1
G071,G039,-0.0068756784,-1
G086,G041,-0.0068948185,-1
G071,G048,-0.0069241067,-1
G071,G023,-0.0069638905,-1
G057,G083,-0.006966787,-1
G071,G063,-0.006992326,-1
G071,G075,-0.007021129,-1
G071,G037,-0.0070376797,-1
G013,G072,-0.0070498944,-1
G011,G018,-0.0070883185,-1
G071,G093,-0.0070891376,-1
G071,G076,-0.007095663,-1
G071,G079,-0.0071439263,-1
G011,G017,-0.007176576,-1
G009,G008,-0.0071788714,-1
G024,G026,-0.00718585,-1
G071,G035,-0.007188791,-1
G071,G038,-0.0072046025,-1
G086,G092,-0.0072412114,-1
G071,G028,-0.0072440896,-1
G018,G021,-0.0072669173,-1
G071,G002,-0.0072704856,-1
G071,G080,-0.00728941,-1
G071,G008,-0.0073069115,-1
G071,G089,-0.0073723346,-1
G057,G061,-0.007426441,-1
G009,G089,-0.0074676187,-1
G086,G025,-0.007514397,-1
G083,G088,-0.0075210226,-1
G009,G049,-0.0075497366,-1
G071,G046,-0.0075550973,-1
G011,G009,-0.0075661615,-1
G071,G050,-0.0075749056,-1
G071,G087,-0.007588324,-1
G086,G094,-0.007593476,-1
G009,G079,-0.0076407157,-1
G071,G058,-0.0077490816,-1
G009,G061,-0.0077980226,-1
G071,G020,-0.007847929,-1
G083,G067,-0.00787139,-1
G086,G077,-0.007875985,-1
G032,G034,-0.007950128,-1
G009,G100,-0.007966754,-1
G071,G054,-0.007972038,-1
G044,G085,-0.008096563,-1
G009,G024,-0.008138146,-1
G009,G052,-0.008151153,-1
G013,G014,-0.008315978,-1
G071,G051,-0.008358452,-1
G009,G048,-0.008444802,-1
G083,G028,-0.008461659,-1
G071,G095,-0.0084677255,-1
G071,G007,-0.008499803,-1
G009,G062,-0.008514831,-1
G009,G028,-0.00857796,-1
G071,G014,-0.008620479,-1
G083,G012,-0.008671189,-1
G071,G077,-0.008683107,-1
G009,G099,-0.00875323,-1
G086,G072,-0.008802936,-1
G071,G029,-0.00886529,-1
G071,G055,-0.008937692,-1
G009,G042,-0.009004904,-1
G009,G097,-0.009027,-1
G071,G052,-0.009094428,-1
G009,G076,-0.009131253,-1
G071,G019,-0.009189229,-1
G071,G043,-0.009196433,-1
G071,G003,-0.009217305,-1
G009,G080,-0.009354668,-1
G083,G054,-0.009422166,-1
G009,G096,-0.009481031,-1
G009,G016,-0.009505938,-1
G009,G046,-0.009525235,-1
G071,G024,-0.00956798,-1
G083,G053,-0.009610373,-1
G071,G088,-0.00967072,-1
G009,G039,-0.009746357,-1
G009,G056,-0.009790722,-1
G009,G037,-0.009815383,-1
G074,G085,-0.009836813,-1
G009,G055,-0.009845935,-1
G009,G068,-0.009968898,-1
G083,G011,-0.01001122,-1
G071,G026,-0.010026526,-1
G009,G078,-0.01016102,-1
G071,G041,-0.010199334,-1
G071,G090,-0.010256838,-1
G009,G073,-0.010304325,-1
G009,G087,-0.010315831,-1
G009,G095,-0.010340473,-1
G059,G058,-0.010416647,-1
G009,G023,-0.010526826,-1
G009,G003,-0.010538177,-1
G009,G066,-0.010568363,-1
G009,G020,-0.01060455,-1
G047,G055,-0.010642469,-1
G077,G073,-0.01081916,-1
G009,G069,-0.0108724935,-1
G009,G094,-0.010967574,-1
G009,G014,-0.0110058775,-1
G045,G059,-0.011050487,-1
G009,G036,-0.011125769,-1
G009,G071,-0.011160702,-1
G004,G061,-0.0111673735,-1
G009,G007,-0.011180613,-1
G009,G091,-0.011249903,-1
G009,G084,-0.0113143055,-1
G071,G053,-0.011375942,-1
G086,G065,-0.01137719,-1
G009,G006,-0.0114344,-1
G009,G067,-0.011529579,-1
G086,G047,-0.011540599,-1
G009,G034,-0.01154103,-1
G009,G050,-0.011680031,-1
G009,G035,-0.011760243,-1
G083,G040,-0.0117756,-1
G003,G005,-0.011804813,-1
G009,G038,-0.012055055,-1
G079,G082,-0.01209416,-1
G009,G032,-0.012095645,-1
G009,G098,-0.012161262,-1
G003,G064,-0.012217507,-1
G009,G081,-0.012308345,-1
G009,G070,-0.012342598,-1
G003,G061,-0.012355895,-1
G009,G002,-0.012372731,-1
G011,G072,-0.0124490615,-1
G071,G012,-0.012490483,-1
G071,G040,-0.012516574,-1
G071,G018,-0.012703515,-1
G003,G004,-0.012793083,-1
G009,G027,-0.012856001,-1
G009,G025,-0.012858327,-1
G009,G075,-0.012866465,-1
G009,G058,-0.012900286,-1
G078,G072,-0.012999937,-1
G032,G030,-0.013002095,-1
G009,G074,-0.013079845,-1
G071,G057,-0.013098244,-1
G015,G012,-0.013171182,-1
G083,G060,-0.0133514665,-1
G058,G059,-0.013385158,-1
G009,G093,-0.013590104,-1
G021,G017,-0.013637616,-1
G071,G070,-0.013640935,-1
G009,G019,-0.013722402,-1
G086,G058,-0.014060611,-1
G009,G051,-0.014095121,-1
G009,G045,-0.014221171,-1
G009,G040,-0.0142958565,-1
G009,G059,-0.014317217,-1
G009,G082,-0.014616707,-1
G041,G065,-0.014642913,-1
G009,G029,-0.014709208,-1
G035,G034,-0.014839822,-1
G009,G090,-0.014893205,-1
G009,G043,-0.015017518,-1
G009,G063,-0.015759706,-1
G009,G026,-0.015806638,-1
G009,G088,-0.016370596,-1
G011,G085,-0.01641004,-1
G071,G013,-0.016517606,-1
G060,G064,-0.016673429,-1
G009,G092,-0.016728919,-1
G083,G036,-0.01675067,-1
G009,G018,-0.017057749,-1
G086,G057,-0.017174298,-1
G064,G061,-0.017273746,-1
G083,G097,-0.017291939,-1
G057,G059,-0.017374635,-1
G009,G001,-0.01738949,-1
G010,G085,-0.017836604,-1
G071,G047,-0.017954156,-1
G009,G077,-0.01809268,-1
G009,G054,-0.01820517,-1
G013,G021,-0.01835844,-1
G015,G016,-0.018474668,-1
G060,G059,-0.018698916,-1
G071,G011,-0.018984472,-1
G071,G009,-0.019384284,-1
G032,G033,-0.019626861,-1
G062,G083,-0.019683806,-1
G089,G085,-0.020086788,-1
G046,G041,-0.021018181,-1
G083,G047,-0.021463882,-1
G079,G078,-0.021714365,-1
G060,G057,-0.022165818,-1
G009,G012,-0.022256978,-1
G096,G085,-0.023163714,-1
G009,G041,-0.023247961,-1
G034,G033,-0.023288392,-1
G090,G085,-0.023664389,-1
G027,G024,-0.023701815,-1
G065,G072,-0.02377906,-1
G083,G072,-0.023893807,-1
G063,G083,-0.024447635,-1
G039,G085,-0.024905138,-1
G023,G022,-0.025297968,-1
G009,G057,-0.02541645,-1
G041,G045,-0.02588421,-1
G009,G053,-0.025901007,-1
G011,G021,-0.026065014,-1
G100,G085,-0.026107416,-1
G099,G085,-0.027146978,-1
G083,G003,-0.027298287,-1
G058,G083,-0.02733135,-1
G009,G072,-0.027721725,-1
G009,G047,-0.028667897,-1
G032,G085,-0.028766599,-1
G046,G085,-0.028768452,-1
G009,G065,-0.028971488,-1
G057,G060,-0.029436471,-1
G090,G086,-0.031590927,-1
G028,G085,-0.03222931,-1
G061,G064,-0.032511603,-1
G005,G004,-0.03317951,-1
G045,G083,-0.033357244,-1
G095,G085,-0.033999395,-1
G071,G021,-0.034176603,-1
G041,G036,-0.034975864,-1
G071,G065,-0.037808992,-1
G085,G086,-0.04051921,-1
G073,G085,-0.040851977,-1
G036,G005,-0.04528728,-1
G083,G005,-0.047087647,-1
G060,G058,-0.047214538,-1
G059,G083,-0.04763648,-1
G010,G013,-0.048049916,-1
G083,G004,-0.04899412,-1
G094,G085,-0.05167054,-1
G025,G024,-0.05265619,-1
G046,G045,-0.055331673,-1
G009,G021,-0.058125466,-1
G012,G015,-0.06094905,-1
G083,G057,-0.06169691,-1
G011,G013,-0.061758492,-1
G013,G011,-0.07160909,-1
G072,G071,-0.07190921,-1
G009,G011,-0.073095486,-1
G009,G010,-0.08987668,-1
G013,G010,-0.09952652,-1
G086,G090,-0.09989743,-1
G071,G072,-0.17842683,-1
G083,G059,-0.25884485,-1
