Regulator,Target,Weight,Sign
G090,G075,0.026550613,1
G091,G031,0.022606956,1
G050,G100,0.022552699,1
G096,G094,0.022070758,1
G052,G087,0.022061823,1
G040,G020,0.020276098,1
G086,G035,0.020176185,1
G012,G090,0.019967262,1
G065,G014,0.01965165,1
G056,G090,0.019123232,1
G065,G022,0.01900868,1
G069,G085,0.01891972,1
G092,G067,0.01852444,1
G086,G061,0.018478949,1
G080,G059,0.018303828,1
G073,G099,0.018107658,1
G020,G070,0.017952254,1
G004,G086,0.017910516,1
G021,G070,0.017716195,1
G030,G016,0.017053299,1
G020,G054,0.01682686,1
G092,G005,0.016783912,1
G018,G084,0.016647805,1
G078,G084,0.016591135,1
G011,G003,0.016282156,1
G067,G050,0.016280357,1
G022,G066,0.016204726,1
G015,G075,0.016057212,1
G069,G088,0.0159844,1
G035,G074,0.015797637,1
G085,G076,0.015674021,1
G002,G081,0.015670197,1
G036,G020,0.015594081,1
G057,G082,0.015551172,1
G021,G007,0.015547435,1
G051,G046,0.01537662,1
G011,G034,0.015346043,1
G087,G075,0.015333973,1
G002,G045,0.015269428,1
G073,G070,0.015178034,1
G040,G023,0.01503097,1
G008,G017,0.015019455,1
G065,G072,0.014875299,1
G069,G013,0.0148624005,1
G057,G019,0.014818148,1
G054,G036,0.01481066,1
G006,G063,0.014643146,1
G092,G100,0.014638417,1
G075,G030,0.0145717235,1
G036,G004,0.014560712,1
G013,G096,0.014532719,1
G011,G054,0.0145046385,1
G001,G085,0.014488766,1
G092,G094,0.014448002,1
G058,G041,0.014357393,1
G003,G027,0.0143472515,1
G005,G054,0.014289111,1
G067,G043,0.014242502,1
G038,G089,0.014197478,1
G041,G007,0.014104487,1
G016,G077,0.014101594,1
G024,G090,0.014079497,1
G049,G030,0.0140479775,1
G065,G003,0.013948505,1
G068,G079,0.01390423,1
G036,G037,0.013901937,1
G003,G026,0.0138703445,1
G044,G058,0.01384986,1
G069,G021,0.013847596,1
G002,G084,0.0137677295,1
G046,G060,0.013752564,1
G031,G033,0.013749499,1
G050,G072,0.013705497,1
G061,G018,0.013694321,1
G013,G018,0.013580683,1
G043,G026,0.013567912,1
G087,G084,0.013551319,1
G007,G052,0.013545556,1
G084,G046,0.013540215,1
G045,G075,0.013479595,1
G075,G013,0.013455859,1
G038,G099,0.013438117,1
G037,G059,0.013436561,1
G003,G024,0.013433222,1
G018,G086,0.013381376,1
G034,G077,0.0133750755,1
G092,G036,0.013363037,1
G019,G060,0.013356299,1
G010,G045,0.013345305,1
G056,G057,0.013311968,1
G058,G091,0.013251311,1
G097,G081,0.013220051,1
G009,G007,0.013208867,1
G048,G060,0.013082864,1
G072,G001,0.01304925,1
G042,G011,0.013034704,1
G002,G016,0.013007248,1
G005,G011,0.0129824225,1
G068,G004,0.012951959,1
G071,G011,0.012831651,1
G055,G007,0.012804082,1
G088,G071,0.012788603,1
G003,G020,0.012748533,1
G007,G032,0.012747838,1
G019,G024,0.012726813,1
G055,G042,0.012622248,1
G064,G044,0.012609423,1
G082,G046,0.012602873,1
G062,G055,0.012561812,1
G013,G014,0.012545171,1
G069,G036,0.012518531,1
G079,G054,0.012511818,1
G025,G042,0.012432971,1
G094,G008,0.01240162,1
G083,G043,0.012396608,1
G005,G009,0.012380409,1
G040,G012,0.012370949,1
G057,G100,0.012362195,1
G030,G019,0.012325551,1
G006,G025,0.012302572,1
G086,G041,0.01229427,1
G093,G069,0.012272392,1
G042,G064,0.012263541,1
G037,G045,0.012188295,1
G017,G078,0.012177965,1
G016,G018,0.012159788,1
G075,G037,0.012131106,1
G061,G005,0.012122777,1
G099,G031,0.012090306,1
G010,G002,0.012070649,1
G010,G067,0.012047362,1
G041,G015,0.012018694,1
G034,G022,0.01200822,1
G053,G073,0.0119949505,1
G083,G071,0.011982123,1
G071,G077,0.011981282,1
G041,G030,0.011964414,1
G083,G048,0.01195346,1
G057,G064,0.011951629,1
G041,G014,0.011943213,1
G023,G050,0.011921877,1
G076,G066,0.011917497,1
G075,G010,0.011896875,1
G008,G007,0.011892586,1
G053,G094,0.011887187,1
G068,G064,0.011866026,1
G076,G027,0.0118612405,1
G083,G009,0.01183637,1
G065,G055,0.01178545,1
G017,G036,0.011770136,1
G057,G097,0.0117252385,1
G089,G006,0.011721245,1
G046,G095,0.011711796,1
G090,G034,0.011710353,1
G097,G002,0.011677704,1
G028,G082,0.011647842,1
G022,G017,0.011607533,1
G067,G025,0.01160589,1
G065,G097,0.011574794,1
G073,G057,0.011558761,1
G021,G077,0.011557797,1
G020,G067,0.011551301,1
G029,G065,0.011521771,1
G078,G037,0.0115092015,1
G037,G088,0.011504197,1
G009,G048,0.011502723,1
G086,G038,0.011487526,1
G059,G079,0.011486709,1
G048,G020,0.0114498045,1
G003,G066,0.011428803,1
G034,G035,0.011420942,1
G070,G017,0.01141892,1
G073,G030,0.011395679,1
G027,G010,0.011361668,1
G044,G049,0.011319799,1
G087,G060,0.011314061,1
G006,G009,0.011266647,1
G096,G026,0.011261778,1
G069,G070,0.011254788,1
G012,G017,0.011252303,1
G047,G053,0.011234194,1
G041,G069,0.011229116,1
G005,G050,0.011224168,1
G031,G045,0.011212628,1
G031,G094,0.011210746,1
G059,G097,0.011203384,1
G080,G076,0.011202653,1
G098,G081,0.011200678,1
G037,G051,0.011192523,1
G002,G053,0.0111820875,1
G026,G063,0.011161855,1
G082,G042,0.011147107,1
G011,G029,0.011142444,1
G066,G097,0.011123101,1
G096,G040,0.011111297,1
G092,G093,0.0111048035,1
G100,G016,0.011082889,1
G096,G077,0.011058846,1
G059,G015,0.011023849,1
G075,G080,0.011021082,1
G046,G089,0.010998287,1
G088,G009,0.010977334,1
G076,G097,0.010974789,1
G089,G043,0.0109736435,1
G037,G069,0.0109662,1
G092,G003,0.010958315,1
G086,G050,0.010930688,1
G039,G061,0.01091301,1
G019,G073,0.010909499,1
G092,G050,0.010908922,1
G066,G063,0.010898053,1
G085,G071,0.01088709,1
G058,G068,0.01088531,1
G004,G063,0.010883661,1
G030,G040,0.01087421,1
G046,G086,0.0108699,1
G014,G055,0.010866737,1
G061,G020,0.010858834,1
G083,G045,0.010770848,1
G076,G049,0.010767361,1
G069,G011,0.010741872,1
G089,G023,0.0107342135,1
G061,G008,0.0107196765,1
G074,G027,0.010708439,1
G036,G100,0.010683406,1
G022,G083,0.010682089,1
G087,G083,0.010677522,1
G036,G039,0.010667699,1
G066,G064,0.010660607,1
G040,G073,0.010637499,1
G094,G022,0.010628853,1
G069,G081,0.010628387,1
G089,G075,0.0106155155,1
G085,G009,0.01060403,1
G003,G033,0.010597389,1
G001,G018,0.010587695,1
G041,G052,0.010576782,1
G037,G081,0.010570561,1
G078,G059,0.010566017,1
G091,G096,0.010550216,1
G065,G088,0.010543854,1
G072,G090,0.01054224,1
G017,G006,0.010526789,1
G100,G015,0.010523037,1
G069,G031,0.010493112,1
G096,G079,0.010488154,1
G013,G043,0.010482182,1
G053,G055,0.010476626,1
G075,G002,0.010453834,1
G074,G023,0.010446261,1
G098,G099,0.010440421,1
G025,G005,0.010404748,1
G022,G029,0.010397873,1
G010,G089,0.010391741,1
G016,G078,0.010381141,1
G075,G046,0.010357896,1
G071,G028,0.01033197,1
G029,G009,0.010323286,1
G024,G016,0.010321219,1
G097,G055,0.010314658,1
G003,G046,0.010306197,1
G011,G016,0.010301461,1
G088,G033,0.010291568,1
G045,G035,0.010289626,1
G007,G069,0.010288393,1
G012,G013,0.010264795,1
G050,G051,0.010262021,1
G076,G025,0.010248892,1
G021,G091,0.010239287,1
G074,G058,0.010237978,1
G073,G060,0.01023742,1
G070,G010,0.01021819,1
G063,G082,0.010185826,1
G100,G017,0.01017307,1
G068,G017,0.010169411,1
G074,G018,0.010167219,1
G030,G064,0.010142599,1
G022,G019,0.010139665,1
G001,G019,0.010125067,1
G045,G093,0.010110327,1
G023,G074,0.010101688,1
G062,G034,0.010095116,1
G084,G027,0.010086227,1
G002,G057,0.010079225,1
G019,G012,0.010078971,1
G010,G034,0.010078947,1
G080,G013,0.010056759,1
G072,G096,0.010054252,1
G025,G074,0.010039532,1
G081,G080,0.010021782,1
G089,G042,0.010021769,1
G078,G004,0.010010618,1
G006,G001,0.00997704,1
G055,G051,0.0099658435,1
G079,G002,0.009955544,1
G099,G004,0.009954004,1
G011,G045,0.009947766,1
G015,G081,0.009945595,1
G060,G040,0.009940204,1
G005,G051,0.0098984055,1
G049,G068,0.009884707,1
G056,G065,0.009879951,1
G087,G046,0.009872362,1
G003,G056,0.00982498,1
G020,G075,0.009807164,1
G065,G044,0.009800124,1
G063,G045,0.009787279,1
G099,G019,0.009768001,1
G042,G031,0.009760922,1
G097,G050,0.009739401,1
G012,G100,0.009730947,1
G078,G071,0.009724793,1
G001,G004,0.009712364,1
G015,G060,0.009701788,1
G060,G051,0.009698317,1
G064,G073,0.009683042,1
G032,G061,0.009680742,1
G077,G044,0.009668156,1
G004,G053,0.0096634505,1
G050,G032,0.009642737,1
G049,G048,0.009638084,1
G080,G095,0.009632786,1
G084,G076,0.009632271,1
G021,G074,0.00962766,1
G042,G050,0.009626618,1
G028,G057,0.009620078,1
G084,G010,0.009619735,1
G088,G075,0.009608121,1
G072,G036,0.009606573,1
G043,G019,0.009589626,1
G062,G096,0.009570756,1
G097,G068,0.009568016,1
G084,G070,0.009534249,1
G003,G064,0.00952877,1
G016,G085,0.009516716,1
G063,G035,0.009513266,1
G015,G049,0.0094998125,1
G074,G092,0.009496289,1
G018,G092,0.00948022,1
G055,G086,0.0094747795,1
G007,G024,0.00947378,1
G010,G012,0.009456509,1
G041,G051,0.009455008,1
G053,G008,0.00945138,1
G040,G011,0.00944169,1
G078,G055,0.009429173,1
G011,G058,0.009423498,1
G001,G098,0.009422979,1
G010,G028,0.0094174715,1
G052,G068,0.009408003,1
G055,G063,0.009380069,1
G060,G002,0.009300526,1
G043,G089,0.009289652,1
G061,G083,0.009284126,1
G089,G004,0.0092804115,1
G088,G014,0.009271837,1
G045,G095,0.009257986,1
G077,G052,0.009255259,1
G079,G053,0.009238637,1
G082,G070,0.00922905,1
G007,G045,0.009227359,1
G081,G098,0.009224465,1
G031,G064,0.009220772,1
G100,G082,0.009218491,1
G095,G065,0.009216998,1
G027,G097,0.009215112,1
G088,G032,0.0092144795,1
G010,G044,0.009212217,1
G070,G079,0.009206624,1
G039,G088,0.009195097,1
G060,G067,0.009193667,1
G073,G097,0.00919286,1
G035,G067,0.009175946,1
G078,G090,0.009169667,1
G098,G066,0.009153,1
G082,G029,0.009129678,1
G011,G009,0.009123454,1
G028,G059,0.009118165,1
G001,G083,0.009111808,1
G081,G073,0.009108638,1
G046,G093,0.009105764,1
G018,G024,0.009088156,1
G009,G077,0.009085021,1
G060,G087,0.009082257,1
G032,G058,0.0090750335,1
G075,G025,0.009073381,1
G006,G047,0.009054671,1
G019,G011,0.009050682,1
G059,G087,0.009048129,1
G053,G059,0.00904706,1
G017,G004,0.009043073,1
G039,G063,0.00902589,1
G073,G094,0.009015866,1
G050,G023,0.009013339,1
G004,G024,0.009004892,1
G056,G035,0.00900297,1
G050,G079,0.009000349,1
G017,G063,0.008997384,1
G091,G049,0.00898459,1
G068,G041,0.00897224,1
G079,G061,0.008966452,1
G095,G082,0.00894879,1
G059,G016,0.008929419,1
G071,G015,0.008928433,1
G061,G032,0.00892192,1
G027,G009,0.00892024,1
G050,G042,0.00891037,1
G012,G019,0.008904981,1
G040,G057,0.008903309,1
G061,G007,0.008876537,1
G070,G043,0.008868353,1
G087,G058,0.008861455,1
G087,G055,0.008858622,1
G053,G064,0.008854376,1
G014,G035,0.008850866,1
G007,G096,0.008845651,1
G020,G062,0.0088435775,1
G059,G010,0.00883674,1
G065,G043,0.008832078,1
G051,G058,0.0088214455,1
G032,G021,0.008820081,1
G079,G097,0.00881939,1
G092,G078,0.008811724,1
G047,G017,0.00881134,1
G056,G045,0.008788381,1
G089,G090,0.008787233,1
G084,G080,0.008783421,1
G057,G096,0.008781267,1
G050,G019,0.008773983,1
G001,G016,0.008762983,1
G019,G098,0.00875959,1
G083,G095,0.00875237,1
G020,G001,0.008747642,1
G003,G014,0.008745052,1
G037,G033,0.008733271,1
G024,G020,0.008729072,1
G016,G029,0.008720121,1
G056,G027,0.008717767,1
G035,G099,0.008710595,1
G079,G060,0.008704625,1
G002,G066,0.008694586,1
G076,G001,0.008693751,1
G028,G075,0.008692882,1
G041,G008,0.008687885,1
G068,G055,0.008686544,1
G038,G068,0.008684247,1
G091,G052,0.008678291,1
G003,G068,0.008674531,1
G091,G017,0.008670058,1
G037,G017,0.008659182,1
G080,G058,0.00865672,1
G054,G018,0.008655213,1
G036,G002,0.008647325,1
G032,G012,0.0086469725,1
G084,G052,0.008640709,1
G026,G029,0.008632754,1
G098,G075,0.008625088,1
G091,G029,0.008621976,1
G066,G078,0.008616409,1
G086,G021,0.008615855,1
G096,G069,0.00861461,1
G085,G004,0.008611455,1
G059,G026,0.008607383,1
G029,G003,0.008598248,1
G044,G040,0.008598236,1
G022,G070,0.008595276,1
G096,G085,0.0085947625,1
G014,G086,0.008585054,1
G032,G098,0.008581216,1
G065,G070,0.008578981,1
G097,G033,0.008578241,1
G032,G024,0.008568583,1
G059,G098,0.008556376,1
G041,G035,0.008555222,1
G018,G022,0.00854912,1
G014,G016,0.00854594,1
G043,G062,0.008543783,1
G080,G077,0.00853849,1
G021,G015,0.008535866,1
G057,G050,0.008520545,1
G031,G006,0.008516997,1
G004,G099,0.008513952,1
G061,G058,0.008513803,1
G071,G069,0.008506535,1
G001,G077,0.008498128,1
G021,G003,0.00847666,1
G048,G094,0.008474256,1
G072,G060,0.008457423,1
G092,G023,0.008452258,1
G006,G098,0.008439019,1
G060,G036,0.008435735,1
G020,G088,0.008435012,1
G018,G071,0.008431767,1
G025,G020,0.008428744,1
G081,G021,0.008425789,1
G060,G014,0.008425218,1
G031,G041,0.008424015,1
G010,G081,0.008423528,1
G065,G093,0.008422641,1
G093,G060,0.008416423,1
G049,G006,0.008412969,1
G064,G074,0.008401797,1
G017,G076,0.008401763,1
G030,G059,0.008401685,1
G056,G008,0.008366108,1
G026,G006,0.008352076,1
G081,G067,0.008351392,1
G025,G013,0.008350259,1
G023,G021,0.008343321,1
G053,G042,0.008338304,1
G071,G024,0.008314863,1
G078,G077,0.008308263,1
G045,G012,0.00830509,1
G069,G066,0.0082967365,1
G076,G024,0.008296194,1
G014,G049,0.008293541,1
G005,G002,0.008290223,1
G025,G003,0.008286325,1
G029,G008,0.008283519,1
G027,G092,0.0082833385,1
G057,G009,0.008278783,1
G027,G021,0.008273851,1
G081,G093,0.008238057,1
G044,G055,0.008235209,1
G084,G034,0.00823453,1
G081,G063,0.008224302,1
G019,G003,0.008222373,1
G098,G089,0.008221748,1
G091,G072,0.008213452,1
G040,G087,0.008208072,1
G016,G074,0.00820568,1
G049,G038,0.008200091,1
G094,G011,0.00819011,1
G016,G065,0.008182615,1
G081,G040,0.0081800865,1
G007,G018,0.008176707,1
G079,G005,0.008173053,1
G099,G014,0.008153007,1
G019,G010,0.0081490325,1
G028,G017,0.008132235,1
G063,G099,0.008130558,1
G097,G075,0.008130094,1
G050,G014,0.008127544,1
G040,G035,0.008126925,1
G060,G075,0.008126029,1
G069,G017,0.008121368,1
G037,G023,0.008114904,1
G044,G039,0.008106513,1
G085,G028,0.008102215,1
G026,G040,0.008094547,1
G027,G093,0.008090711,1
G084,G048,0.008076989,1
G045,G027,0.008074218,1
G009,G028,0.008073637,1
G073,G011,0.008072009,1
G039,G025,0.008068056,1
G081,G022,0.008066735,1
G015,G064,0.008061694,1
G099,G058,0.0080532115,1
G098,G027,0.008043863,1
G045,G087,0.008034027,1
G004,G060,0.008030974,1
G032,G011,0.008027608,1
G005,G003,0.008024917,1
G068,G012,0.007999695,1
G025,G022,0.007990751,1
G086,G083,0.007977721,1
G037,G031,0.007975044,1
G098,G008,0.007972508,1
G056,G012,0.007962097,1
G010,G099,0.007956701,1
G045,G086,0.007952266,1
G083,G094,0.007945735,1
G054,G024,0.0079336455,1
G088,G059,0.007929156,1
G030,G072,0.007928165,1
G095,G041,0.007926871,1
G063,G038,0.007926568,1
G078,G042,0.007925451,1
G015,G033,0.007918984,1
G098,G048,0.007915062,1
G026,G097,0.007914897,1
G080,G012,0.00791366,1
G044,G037,0.007909236,1
G016,G008,0.007907388,1
G063,G014,0.007906653,1
G079,G076,0.007898338,1
G076,G058,0.007895855,1
G051,G095,0.0078935055,1
G032,G093,0.007891189,1
G076,G002,0.007887829,1
G039,G093,0.007880455,1
G002,G027,0.007876846,1
G100,G042,0.007867943,1
G010,G076,0.007863302,1
G098,G047,0.007856397,1
G071,G088,0.007850951,1
G088,G095,0.0078460295,1
G065,G076,0.007843788,1
G072,G039,0.007839432,1
G088,G097,0.007839128,1
G011,G098,0.007836983,1
G025,G021,0.007834835,1
G006,G019,0.00783219,1
G026,G064,0.007826853,1
G079,G057,0.007817059,1
G074,G052,0.007816903,1
G015,G011,0.007808802,1
G065,G049,0.007802315,1
G074,G031,0.0077996934,1
G066,G027,0.00778197,1
G020,G012,0.0077686524,1
G065,G053,0.0077670123,1
G072,G066,0.007763977,1
G100,G077,0.0077547375,1
G003,G084,0.0077407686,1
G078,G087,0.007737546,1
G013,G091,0.007730466,1
G066,G009,0.007718739,1
G038,G051,0.0077165253,1
G013,G046,0.0077086966,1
G035,G003,0.0077051707,1
G089,G018,0.0077031837,1
G076,G032,0.0076983348,1
G011,G025,0.0076710843,1
G027,G082,0.0076659783,1
G022,G020,0.0076637194,1
G017,G026,0.0076611144,1
G010,G065,0.007660944,1
G062,G047,0.007658723,1
G033,G008,0.00765617,1
G033,G003,0.007653801,1
G100,G083,0.007653123,1
G035,G085,0.0076477984,1
G089,G099,0.0076472946,1
G089,G079,0.0076453043,1
G050,G010,0.0076406742,1
G001,G025,0.0076368744,1
G070,G077,0.0076362067,1
G065,G010,0.007634216,1
G081,G001,0.0076298197,1
G062,G013,0.0076282024,1
G032,G085,0.007628034,1
G061,G079,0.007625221,1
G023,G022,0.007619296,1
G040,G082,0.007614713,1
G007,G094,0.0076121115,1
G023,G008,0.0075994357,1
G014,G037,0.0075988313,1
G063,G041,0.0075982357,1
G019,G057,0.0075937863,1
G034,G069,0.007588423,1
G049,G020,0.0075863735,1
G037,G036,0.007586176,1
G086,G063,0.007574543,1
G069,G023,0.007573946,1
G057,G089,0.0075688055,1
G009,G010,0.0075682676,1
G081,G023,0.007567306,1
G080,G026,0.0075670476,1
G055,G019,0.0075591556,1
G079,G037,0.0075548943,1
G009,G052,0.0075464314,1
G066,G088,0.007544057,1
G045,G049,0.007538087,1
G034,G033,0.007527533,1
G042,G089,0.0075206324,1
G084,G059,0.007514138,1
G071,G037,0.007513418,1
G010,G071,0.0075128027,1
G041,G031,0.0075118016,1
G088,G078,0.0075099315,1
G071,G093,0.0075092553,1
G043,G002,0.007508495,1
G049,G053,0.0075076874,1
G072,G050,0.007507116,1
G052,G041,0.0075056516,1
G018,G073,0.007503189,1
G019,G028,0.007500014,1
G063,G018,0.007498753,1
G026,G072,0.00749144,1
G098,G084,0.007485619,1
G026,G096,0.007476071,1
G026,G021,0.0074746357,1
G053,G017,0.0074731396,1
G027,G005,0.007472007,1
G049,G065,0.0074699777,1
G034,G070,0.0074644643,1
G065,G060,0.007459616,1
G093,G084,0.0074480884,1
G079,G041,0.0074453712,1
G036,G064,0.0074407835,1
G080,G085,0.0074385917,1
G047,G039,0.0074381647,1
G005,G070,0.0074344617,1
G060,G042,0.0074317274,1
G041,G054,0.0074231937,1
G100,G056,0.007420727,1
G015,G026,0.0074186153,1
G050,G083,0.007418336,1
G076,G068,0.0074169394,1
G091,G077,0.0074067325,1
G028,G076,0.0074040266,1
G088,G023,0.0074013886,1
G045,G063,0.0074006957,1
G022,G002,0.007400601,1
G077,G015,0.0074002836,1
G046,G053,0.0073958775,1
G078,G041,0.0073769954,1
G011,G018,0.007363301,1
G008,G034,0.007362524,1
G034,G080,0.0073618665,1
G057,G037,0.0073585077,1
G080,G015,0.007353451,1
G029,G014,0.00734514,1
G085,G002,0.007342612,1
G063,G042,0.0073380303,1
G040,G080,0.0073378417,1
G068,G049,0.0073364954,1
G042,G084,0.0073357406,1
G089,G030,0.007335422,1
G032,G055,0.0073279617,1
G059,G082,0.007327105,1
G067,G034,0.0073228646,1
G078,G074,0.007316479,1
G011,G097,0.0073055536,1
G039,G077,0.0073030125,1
G067,G029,0.0073010433,1
G023,G096,0.0073004304,1
G066,G038,0.007286065,1
G025,G091,0.0072854417,1
G009,G064,0.0072790394,1
G092,G027,0.0072783385,1
G090,G098,0.0072726007,1
G085,G067,0.0072693676,1
G027,G038,0.0072628,1
G003,G042,0.00726181,1
G033,G056,0.007258124,1
G090,G063,0.0072572404,1
G038,G071,0.007254123,1
G069,G093,0.0072535044,1
G024,G025,0.007251397,1
G041,G039,0.00725005,1
G010,G008,0.0072499686,1
G038,G019,0.007241982,1
G094,G034,0.0072360085,1
G015,G007,0.0072305975,1
G072,G008,0.0072297566,1
G077,G067,0.0072281254,1
G018,G094,0.0072211777,1
G058,G016,0.007218663,1
G066,G003,0.0072136405,1
G048,G025,0.00720964,1
G063,G094,0.0072090547,1
G050,G067,0.007205432,1
G029,G043,0.007204102,1
G092,G097,0.007202337,1
G045,G043,0.007202014,1
G051,G089,0.0071991114,1
G057,G049,0.0071875607,1
G026,G061,0.0071870456,1
G096,G028,0.007184764,1
G079,G006,0.0071842102,1
G016,G026,0.0071746265,1
G074,G024,0.007174054,1
G042,G012,0.0071728835,1
G039,G019,0.0071716313,1
G050,G069,0.0071652266,1
G075,G078,0.007163264,1
G057,G080,0.0071622133,1
G040,G071,0.00716175,1
G071,G047,0.007160868,1
G044,G005,0.007159008,1
G069,G015,0.007137071,1
G099,G095,0.0071343267,1
G016,G051,0.007132345,1
G083,G067,0.0071320534,1
G064,G098,0.0071248612,1
G014,G084,0.007112676,1
G072,G018,0.0071093244,1
G002,G089,0.007104671,1
G019,G017,0.007103052,1
G009,G045,0.0071022147,1
G059,G047,0.0070996326,1
G096,G086,0.0070979083,1
G003,G095,0.00709595,1
G014,G078,0.007095423,1
G077,G062,0.0070865615,1
G059,G019,0.0070832907,1
G062,G057,0.007083135,1
G085,G065,0.0070826765,1
G056,G061,0.007080918,1
G073,G054,0.0070798937,1
G039,G005,0.0070792083,1
G058,G017,0.00706492,1
G056,G084,0.0070638563,1
G005,G049,0.0070630587,1
G026,G022,0.0070628845,1
G050,G086,0.0070576947,1
G014,G081,0.0070560006,1
G098,G031,0.007045261,1
G073,G003,0.0070371716,1
G065,G096,0.0070330934,1
G014,G076,0.0070248004,1
G020,G068,0.007015382,1
G085,G098,0.0070122145,1
G100,G044,0.007006882,1
G017,G029,0.0070028775,1
G069,G071,0.007002489,1
G060,G094,0.006998329,1
G074,G012,0.0069944332,1
G094,G004,0.0069939783,1
G091,G076,0.0069890916,1
G055,G039,0.006982817,1
G083,G076,0.0069723707,1
G056,G010,0.006971424,1
G003,G079,0.0069700754,1
G020,G033,0.0069695953,1
G078,G013,0.006968253,1
G095,G052,0.0069648833,1
G051,G088,0.006963523,1
G044,G051,0.0069568707,1
G020,G073,0.0069562495,1
G072,G020,0.0069504627,1
G082,G080,0.0069492664,1
G038,G046,0.006948678,1
G014,G043,0.0069476543,1
G100,G011,0.0069459863,1
G071,G092,0.006943863,1
G072,G033,0.0069340207,1
G056,G048,0.006932459,1
G049,G002,0.0069298516,1
G081,G041,0.006922683,1
G043,G012,0.006922517,1
G008,G072,0.0069066463,1
G004,G055,0.0069031226,1
G051,G040,0.0068959068,1
G078,G038,0.006895772,1
G020,G057,0.006895691,1
G095,G079,0.006891865,1
G059,G062,0.006891569,1
G040,G037,0.006889315,1
G022,G068,0.006888119,1
G071,G040,0.006885789,1
G060,G021,0.0068725348,1
G037,G024,0.0068665673,1
G001,G037,0.006856732,1
G009,G038,0.0068537025,1
G069,G039,0.0068515977,1
G036,G057,0.0068489844,1
G093,G027,0.0068487152,1
G047,G054,0.006842475,1
G032,G004,0.0068305614,1
G027,G067,0.0068245563,1
G036,G016,0.00679605,1
G084,G041,0.006789957,1
G055,G096,0.0067870575,1
G068,G005,0.0067789014,1
G087,G011,0.006776776,1
G018,G068,0.0067725354,1
G010,G072,0.0067721833,1
G065,G074,0.006766134,1
G100,G068,0.006751749,1
G068,G092,0.0067499205,1
G012,G064,0.006745377,1
G042,G060,0.0067420756,1
G072,G069,0.0067239627,1
G048,G032,0.006719749,1
G060,G029,0.0067147687,1
G014,G061,0.006714451,1
G065,G038,0.006709646,1
G081,G095,0.006707319,1
G016,G069,0.0067045717,1
G012,G092,0.0067036445,1
G099,G088,0.006692788,1
G051,G016,0.0066849454,1
G060,G080,0.0066838088,1
G030,G049,0.0066824323,1
G049,G008,0.006680765,1
G027,G022,0.0066732015,1
G031,G084,0.006672051,1
G039,G046,0.0066701006,1
G028,G074,0.006666361,1
G091,G015,0.0066661914,1
G040,G077,0.0066558574,1
G046,G073,0.006649088,1
G038,G052,0.0066477647,1
G038,G031,0.0066467645,1
G013,G062,0.0066465926,1
G017,G013,0.0066449484,1
G068,G100,0.0066428054,1
G064,G024,0.00664025,1
G029,G066,0.006634199,1
G034,G016,0.006630376,1
G057,G069,0.0066289715,1
G060,G070,0.0066217845,1
G020,G053,0.006612869,1
G057,G074,0.0066013793,1
G013,G002,0.0066003934,1
G016,G031,0.006599519,1
G004,G078,0.00659433,1
G029,G001,0.0065915463,1
G089,G067,0.006588081,1
G039,G047,0.0065849996,1
G022,G056,0.0065848366,1
G024,G061,0.0065836413,1
G007,G053,0.0065821935,1
G007,G093,0.0065758354,1
G025,G068,0.006575087,1
G008,G020,0.0065750508,1
G075,G019,0.0065739104,1
G024,G036,0.0065698046,1
G075,G097,0.00656447,1
G003,G083,0.006559628,1
G014,G034,0.0065557286,1
G036,G052,0.006555236,1
G077,G047,0.0065543833,1
G080,G073,0.006547583,1
G021,G024,0.006546895,1
G098,G024,0.006542,1
G003,G030,0.0065405886,1
G090,G044,0.006534218,1
G033,G060,0.0065296083,1
G074,G048,0.0065265065,1
G021,G078,0.0065172995,1
G054,G072,0.006515714,1
G060,G058,0.0065149055,1
G071,G051,0.0065145916,1
G008,G071,0.0065102843,1
G090,G037,0.0065094186,1
G086,G027,0.006507258,1
G069,G003,0.0065008006,1
G019,G046,0.0064988406,1
G062,G012,0.006494754,1
G082,G016,0.0064938124,1
G002,G020,0.006492904,1
G027,G098,0.0064912825,1
G070,G086,0.006490937,1
G096,G042,0.0064860745,1
G057,G056,0.0064838417,1
G013,G029,0.0064771445,1
G063,G057,0.006470384,1
G084,G004,0.0064627477,1
G090,G021,0.006462713,1
G005,G094,0.006461881,1
G069,G059,0.006455963,1
G058,G081,0.006449533,1
G027,G002,0.0064424924,1
G073,G047,0.0064393366,1
G019,G006,0.006428236,1
G087,G096,0.0064260503,1
G010,G026,0.006425633,1
G047,G052,0.0064231763,1
G065,G004,0.006418322,1
G035,G019,0.006416538,1
G062,G033,0.006412302,1
G030,G076,0.0064093107,1
G006,G004,0.006399603,1
G069,G020,0.006396078,1
G035,G015,0.0063941055,1
G066,G091,0.006393167,1
G011,G044,0.0063912296,1
G065,G036,0.0063831536,1
G046,G001,0.006377402,1
G058,G033,0.0063768164,1
G057,G055,0.006376452,1
G026,G067,0.006369955,1
G070,G089,0.006366646,1
G033,G053,0.0063654874,1
G051,G034,0.006363501,1
G038,G092,0.0063595814,1
G040,G045,0.006352437,1
G001,G015,0.0063498975,1
G099,G068,0.0063494765,1
G093,G086,0.0063441275,1
G006,G069,0.0063404893,1
G087,G069,0.006339662,1
G016,G039,0.0063352445,1
G015,G052,0.006334427,1
G027,G072,0.006330863,1
G015,G041,0.006330669,1
G092,G089,0.0063255425,1
G042,G096,0.006324486,1
G045,G094,0.006322351,1
G079,G085,0.0063130287,1
G012,G099,0.0063006436,1
G039,G036,0.0062972084,1
G077,G088,0.0062869177,1
G076,G008,0.0062854625,1
G081,G005,0.0062822066,1
G088,G006,0.0062797116,1
G063,G037,0.0062751747,1
G075,G003,0.0062705586,1
G017,G060,0.0062703737,1
G033,G090,0.0062667155,1
G063,G028,0.0062665283,1
G099,G048,0.006263572,1
G100,G021,0.0062626945,1
G069,G035,0.0062517948,1
G068,G038,0.0062461966,1
G049,G042,0.0062448317,1
G054,G062,0.006241977,1
G087,G048,0.0062392987,1
G006,G077,0.006236974,1
G031,G055,0.0062364405,1
G002,G032,0.0062283264,1
G100,G096,0.00622025,1
G069,G038,0.00621939,1
G005,G047,0.0062160078,1
G022,G087,0.006215032,1
G019,G083,0.0062131383,1
G063,G021,0.0062079635,1
G100,G092,0.0062071634,1
G041,G088,0.0062029087,1
G069,G091,0.006198179,1
G045,G018,0.006194251,1
G049,G050,0.0061915605,1
G055,G023,0.0061897654,1
G091,G035,0.00618794,1
G054,G001,0.006183396,1
G008,G005,0.006179068,1
G019,G092,0.006173926,1
G032,G031,0.006170768,1
G032,G052,0.0061693424,1
G082,G054,0.0061648935,1
G097,G091,0.00615888,1
G048,G011,0.0061520506,1
G021,G036,0.006150498,1
G008,G013,0.0061459555,1
G046,G045,0.0061457576,1
G043,G083,0.0061454186,1
G061,G072,0.0061407797,1
G061,G023,0.006140451,1
G064,G017,0.0061401334,1
G035,G029,0.0061295317,1
G029,G050,0.0061277514,1
G090,G011,0.0061264066,1
G052,G050,0.0061245263,1
G089,G036,0.00612034,1
G035,G059,0.006115542,1
G089,G007,0.006110346,1
G007,G076,0.006108799,1
G021,G072,0.006103297,1
G099,G061,0.0060861623,1
G042,G079,0.0060845865,1
G074,G090,0.0060843327,1
G096,G034,0.006081854,1
G034,G092,0.0060669924,1
G014,G094,0.006062975,1
G016,G028,0.0060593854,1
G053,G031,0.006059185,1
G100,G094,0.0060585495,1
G014,G032,0.0060510896,1
G040,G059,0.0060505155,1
G064,G078,0.0060470616,1
G004,G018,0.0060429326,1
G071,G016,0.006038247,1
G024,G050,0.006036901,1
G040,G070,0.006036763,1
G057,G039,0.0060314946,1
G086,G071,0.0060312618,1
G100,G095,0.0060295565,1
G041,G090,0.0060181543,1
G011,G064,0.0060113193,1
G081,G004,0.0060100504,1
G086,G031,0.0060066367,1
G094,G019,0.006005786,1
G072,G065,0.006005046,1
G029,G097,0.0060044695,1
G099,G043,0.00599274,1
G032,G044,0.0059927288,1
G019,G023,0.005986831,1
G021,G005,0.0059861955,1
G053,G004,0.005984665,1
G059,G099,0.005980593,1
G002,G019,0.0059801647,1
G036,G015,0.005976635,1
G070,G045,0.0059709568,1
G059,G001,0.0059686154,1
G025,G086,0.005967872,1
G058,G087,0.0059670103,1
G087,G036,0.0059607583,1
G095,G008,0.0059576374,1
G072,G097,0.00595697,1
G004,G080,0.005956349,1
G081,G066,0.005953931,1
G053,G085,0.005952217,1
G020,G056,0.005942074,1
G057,G015,0.005939264,1
G005,G021,0.005938613,1
G095,G022,0.00593389,1
G063,G085,0.005933479,1
G021,G012,0.0059327963,1
G064,G053,0.0059303064,1
G088,G094,0.0059284135,1
G026,G013,0.005925629,1
G004,G087,0.005924545,1
G064,G045,0.0059204176,1
G035,G051,0.0059155766,1
G039,G060,0.005914827,1
G089,G027,0.005912941,1
G023,G006,0.0059105963,1
G067,G098,0.0059077553,1
G070,G059,0.0059056617,1
G096,G027,0.005895221,1
G029,G037,0.0058922633,1
G081,G090,0.0058919657,1
G066,G046,0.005886495,1
G043,G005,0.005882658,1
G086,G040,0.0058805384,1
G062,G011,0.0058798273,1
G025,G095,0.005877545,1
G028,G026,0.005876734,1
G054,G046,0.005875945,1
G095,G026,0.0058691017,1
G047,G092,0.00586819,1
G054,G038,0.005867956,1
G088,G046,0.005866773,1
G029,G090,0.005855515,1
G098,G009,0.00584222,1
G032,G050,0.0058420016,1
G045,G023,0.005836186,1
G046,G090,0.0058343913,1
G001,G056,0.0058276574,1
G070,G014,0.005824301,1
G025,G075,0.0058237575,1
G082,G032,0.005820528,1
G060,G049,0.005819614,1
G016,G043,0.005817596,1
G016,G041,0.0058161477,1
G073,G004,0.005815201,1
G081,G038,0.005809842,1
G012,G008,0.0058070007,1
G093,G048,0.005806437,1
G050,G091,0.0058042663,1
G058,G045,0.0058037145,1
G098,G023,0.005802602,1
G064,G076,0.0058017257,1
G036,G045,0.0057997666,1
G001,G038,0.005794574,1
G054,G045,0.0057918713,1
G015,G048,0.0057898797,1
G059,G006,0.0057866205,1
G011,G084,0.0057847183,1
G037,G012,0.005778277,1
G081,G054,0.005774961,1
G096,G053,0.00576934,1
G089,G047,0.005763548,1
G098,G005,0.005763119,1
G027,G054,0.005755726,1
G013,G035,0.0057554166,1
G023,G095,0.00575345,1
G029,G015,0.0057533267,1
G054,G008,0.0057527046,1
G005,G010,0.0057493392,1
G016,G036,0.005746815,1
G054,G080,0.005745637,1
G048,G018,0.005743778,1
G031,G049,0.0057363226,1
G088,G005,0.005731583,1
G096,G002,0.005722994,1
G029,G053,0.005718788,1
G063,G044,0.00571862,1
G043,G040,0.0057128114,1
G044,G046,0.0057107853,1
G007,G022,0.0057105348,1
G091,G056,0.005706672,1
G050,G066,0.005705761,1
G007,G016,0.005681256,1
G085,G059,0.0056799743,1
G043,G025,0.0056790714,1
G093,G073,0.0056760185,1
G048,G075,0.0056722285,1
G092,G019,0.0056672334,1
G091,G071,0.0056603397,1
G038,G066,0.0056579565,1
G082,G058,0.0056572864,1
G038,G014,0.005656948,1
G022,G076,0.005653466,1
G088,G050,0.005652328,1
G080,G068,0.005651961,1
G065,G016,0.005646213,1
G026,G015,0.0056446386,1
G039,G007,0.005643385,1
G048,G015,0.005641693,1
G092,G012,0.0056375577,1
G039,G018,0.005633057,1
G042,G021,0.005632446,1
G037,G072,0.005632316,1
G076,G069,0.0056302412,1
G005,G072,0.0056263525,1
G089,G046,0.0056235385,1
G081,G033,0.005616045,1
G018,G089,0.0056104646,1
G094,G082,0.0056089303,1
G003,G070,0.005596958,1
G082,G066,0.005593176,1
G029,G033,0.005592626,1
G040,G043,0.005592571,1
G081,G062,0.005588762,1
G086,G074,0.005580183,1
G100,G087,0.0055776294,1
G094,G018,0.0055772136,1
G087,G077,0.0055762217,1
G026,G010,0.0055756452,1
G009,G008,0.005574832,1
G006,G074,0.0055734073,1
G004,G088,0.0055687404,1
G084,G061,0.005564278,1
G020,G016,0.0055587445,1
G035,G030,0.0055550723,1
G049,G005,0.005549167,1
G069,G053,0.005544886,1
G025,G078,0.0055421554,1
G060,G076,0.0055401954,1
G062,G015,0.005539444,1
G023,G077,0.005539157,1
G089,G048,0.005537664,1
G020,G044,0.005531851,1
G100,G071,0.005525926,1
G094,G043,0.005523177,1
G059,G074,0.0055214525,1
G072,G037,0.0055213533,1
G048,G063,0.005515115,1
G010,G098,0.0055057323,1
G066,G051,0.0055056745,1
G035,G009,0.0055030403,1
G092,G058,0.0055007953,1
G039,G013,0.005495828,1
G051,G019,0.0054872073,1
G027,G031,0.005486357,1
G068,G002,0.00548488,1
G008,G003,0.005482399,1
G015,G053,0.0054806834,1
G003,G062,0.0054774117,1
G045,G078,0.0054758056,1
G008,G027,0.00547418,1
G038,G098,0.0054741227,1
G056,G066,0.005469411,1
G010,G091,0.005466262,1
G073,G050,0.00545587,1
G073,G025,0.0054527624,1
G026,G039,0.0054511186,1
G043,G095,0.005436017,1
G079,G009,0.005435582,1
G093,G051,0.0054339333,1
G039,G094,0.0054335087,1
G033,G094,0.005433386,1
G005,G053,0.0054253545,1
G094,G038,0.005423831,1
G061,G050,0.0054218033,1
G068,G089,0.005418156,1
G073,G068,0.0054161893,1
G060,G089,0.0054127444,1
G050,G056,0.005412073,1
G031,G020,0.0054116086,1
G004,G015,0.0054088156,1
G048,G076,0.005404365,1
G068,G056,0.005403308,1
G009,G079,0.0053970953,1
G049,G026,0.0053959712,1
G010,G030,0.0053890087,1
G043,G057,0.005379949,1
G008,G093,0.0053798864,1
G091,G059,0.005372801,1
G049,G022,0.0053726896,1
G005,G098,0.005372266,1
G039,G027,0.005366656,1
G055,G014,0.0053574764,1
G008,G019,0.005350392,1
G012,G085,0.005348521,1
G042,G016,0.0053390632,1
G054,G041,0.0053370814,1
G074,G040,0.005328688,1
G010,G004,0.0053264853,1
G015,G089,0.0053219185,1
G077,G078,0.005318832,1
G050,G073,0.0053160843,1
G068,G075,0.005312316,1
G092,G026,0.0053085596,1
G053,G087,0.0053061317,1
G092,G039,0.005304881,1
G044,G007,0.0053014476,1
G002,G039,0.00529574,1
G055,G080,0.0052933483,1
G060,G025,0.0052918764,1
G059,G083,0.005290512,1
G088,G082,0.005287657,1
G081,G010,0.005278417,1
G069,G007,0.005276689,1
G027,G034,0.0052723614,1
G062,G031,0.005272266,1
G045,G065,0.0052712783,1
G079,G073,0.00526539,1
G026,G027,0.005261925,1
G001,G049,0.0052494393,1
G056,G054,0.0052482598,1
G095,G005,0.0052456507,1
G024,G072,0.0052421438,1
G022,G052,0.0052416148,1
G029,G039,0.0052406425,1
G015,G006,0.0052373214,1
G038,G033,0.005237285,1
G066,G076,0.005236232,1
G030,G073,0.005234757,1
G040,G031,0.0052339174,1
G026,G069,0.005233005,1
G034,G085,0.005229334,1
G084,G020,0.0052263984,1
G002,G055,0.005222236,1
G006,G018,0.0052159815,1
G034,G096,0.0052151377,1
G086,G049,0.005211507,1
G015,G061,0.0052040527,1
G022,G090,0.005202743,1
G100,G051,0.0051978254,1
G001,G100,0.0051963264,1
G049,G081,0.0051949085,1
G061,G080,0.005192538,1
G089,G040,0.0051899436,1
G028,G056,0.0051892386,1
G045,G054,0.005188433,1
G047,G035,0.0051876795,1
G015,G073,0.005187169,1
G060,G004,0.0051865242,1
G084,G026,0.0051825056,1
G035,G097,0.0051822886,1
G006,G093,0.0051766676,1
G005,G076,0.005173699,1
G046,G092,0.005173001,1
G050,G030,0.0051727593,1
G042,G026,0.0051706233,1
G035,G021,0.005169359,1
G038,G067,0.0051645706,1
G018,G099,0.0051617967,1
G052,G023,0.0051598754,1
G066,G074,0.0051596854,1
G069,G014,0.0051577706,1
G073,G063,0.0051537342,1
G013,G044,0.0051510916,1
G031,G067,0.0051508816,1
G053,G079,0.0051491624,1
G055,G070,0.005140651,1
G014,G018,0.00513999,1
G080,G089,0.0051393253,1
G047,G020,0.0051358086,1
G056,G076,0.0051261582,1
G059,G073,0.0051260046,1
G010,G029,0.0051139193,1
G090,G039,0.0051135,1
G009,G093,0.0051077455,1
G014,G056,0.005100884,1
G069,G073,0.005100618,1
G095,G060,0.005099466,1
G043,G045,0.005097944,1
G023,G068,0.005097394,1
G024,G069,0.0050948965,1
G092,G085,0.0050926334,1
G075,G088,0.0050920555,1
G047,G027,0.005080686,1
G099,G062,0.005079191,1
G050,G025,0.00507817,1
G005,G092,0.0050658267,1
G087,G065,0.0050639543,1
G006,G078,0.0050634313,1
G063,G027,0.005063423,1
G045,G047,0.0050524934,1
G004,G092,0.005045726,1
G058,G001,0.005043952,1
G066,G065,0.0050433334,1
G064,G023,0.0050333585,1
G079,G045,0.0050264183,1
G015,G017,0.0050237193,1
G069,G092,0.005020273,1
G004,G013,0.0050197635,1
G052,G017,0.005018297,1
G011,G014,0.005015599,1
G082,G051,0.0050144326,1
G067,G047,0.0050134268,1
G062,G001,0.0050119967,1
G044,G094,0.005011719,1
G095,G017,0.0050046477,1
G035,G022,0.0049999407,1
G020,G045,0.0049939267,1
G057,G036,0.0049916976,1
G092,G041,0.0049870955,1
G038,G049,0.004979103,1
G013,G045,0.004974094,1
G048,G090,0.004972363,1
G051,G018,0.004969543,1
G018,G030,0.0049638595,1
G046,G005,0.0049635465,1
G042,G041,0.0049580187,1
G081,G083,0.00495678,1
G095,G085,0.0049494584,1
G059,G066,0.0049424963,1
G056,G064,0.0049421093,1
G009,G033,0.0049404046,1
G031,G048,0.004938472,1
G028,G025,0.0049381815,1
G038,G034,0.004926395,1
G032,G076,0.004925517,1
G063,G015,0.0049234075,1
G073,G085,0.004923281,1
G016,G019,0.0049227513,1
G068,G084,0.004918116,1
G003,G067,0.0049175676,1
G039,G003,0.00491303,1
G092,G047,0.004911879,1
G088,G051,0.0049107154,1
G085,G047,0.004910534,1
G012,G022,0.0049049035,1
G078,G039,0.004903276,1
G014,G025,0.004899939,1
G072,G035,0.004896484,1
G020,G032,0.0048955237,1
G028,G068,0.004894941,1
G075,G015,0.004889754,1
G075,G064,0.004883322,1
G005,G096,0.0048818807,1
G012,G058,0.004875068,1
G020,G096,0.0048736874,1
G024,G019,0.004872235,1
G092,G030,0.004870042,1
G027,G084,0.0048663653,1
G092,G034,0.0048552393,1
G006,G087,0.0048522144,1
G011,G060,0.00484856,1
G070,G013,0.004848063,1
G004,G048,0.004847307,1
G025,G098,0.0048429566,1
G063,G074,0.004841194,1
G089,G092,0.00484008,1
G074,G046,0.004838803,1
G061,G091,0.004833479,1
G072,G010,0.004832839,1
G087,G047,0.0048271567,1
G081,G047,0.00482323,1
G042,G003,0.0048219967,1
G098,G083,0.0048200907,1
G042,G068,0.0048200334,1
G033,G030,0.0048196847,1
G001,G072,0.0048146076,1
G039,G049,0.0048130425,1
G006,G043,0.004804046,1
G048,G080,0.0047972584,1
G055,G037,0.0047961907,1
G061,G093,0.0047943955,1
G011,G072,0.004793372,1
G046,G019,0.004787523,1
G075,G060,0.0047873156,1
G006,G065,0.0047846483,1
G085,G025,0.0047841407,1
G012,G030,0.004782475,1
G077,G006,0.004781595,1
G099,G070,0.0047814,1
G084,G015,0.004777772,1
G027,G090,0.004775361,1
G050,G064,0.0047752643,1
G002,G004,0.004774934,1
G050,G028,0.0047731274,1
G010,G097,0.004768135,1
G068,G025,0.0047659515,1
G004,G056,0.0047656405,1
G026,G023,0.0047647962,1
G083,G029,0.004764156,1
G074,G037,0.0047612963,1
G021,G061,0.0047607184,1
G018,G088,0.0047603017,1
G090,G002,0.0047564483,1
G001,G052,0.0047540776,1
G021,G001,0.0047484376,1
G095,G032,0.0047468566,1
G051,G059,0.0047445125,1
G082,G076,0.0047432133,1
G058,G007,0.004743018,1
G015,G072,0.0047427495,1
G062,G071,0.00474252,1
G008,G048,0.004733581,1
G062,G005,0.0047306614,1
G092,G029,0.004730302,1
G065,G100,0.0047277207,1
G074,G068,0.004725265,1
G037,G092,0.004723907,1
G049,G067,0.0047222897,1
G094,G033,0.0047172937,1
G047,G007,0.0047144946,1
G024,G084,0.0047122296,1
G037,G001,0.004710636,1
G084,G078,0.004705509,1
G085,G061,0.004697532,1
G060,G069,0.0046943217,1
G046,G028,0.004692134,1
G096,G057,0.0046847346,1
G023,G027,0.0046829944,1
G080,G047,0.0046825563,1
G061,G094,0.0046824333,1
G019,G049,0.004679989,1
G034,G015,0.004677241,1
G027,G029,0.00467429,1
G084,G008,0.00467419,1
G043,G039,0.004673516,1
G006,G031,0.004670947,1
G006,G053,0.004668615,1
G058,G055,0.0046594203,1
G014,G072,0.004657657,1
G027,G007,0.00465585,1
G067,G076,0.0046549444,1
G026,G054,0.0046547777,1
G006,G029,0.0046526236,1
G071,G048,0.0046513025,1
G079,G012,0.004650961,1
G065,G086,0.0046492727,1
G051,G032,0.0046488945,1
G064,G071,0.004644654,1
G093,G034,0.004641162,1
G005,G069,0.004639953,1
G032,G030,0.0046371166,1
G088,G010,0.004636676,1
G093,G010,0.0046345405,1
G070,G018,0.00463299,1
G090,G042,0.004632051,1
G011,G042,0.004631731,1
G078,G072,0.004627878,1
G074,G083,0.0046278653,1
G060,G100,0.0046271663,1
G009,G026,0.0046251477,1
G012,G071,0.0046210582,1
G058,G044,0.004617195,1
G067,G057,0.0046147667,1
G036,G059,0.0046031885,1
G047,G081,0.0046031363,1
G075,G035,0.0045977593,1
G091,G036,0.004594962,1
G057,G081,0.004593567,1
G017,G042,0.004588516,1
G095,G027,0.0045873797,1
G058,G084,0.004581288,1
G020,G077,0.0045794277,1
G007,G080,0.004578425,1
G055,G020,0.004577282,1
G023,G076,0.0045681265,1
G085,G041,0.0045639905,1
G099,G074,0.004556725,1
G082,G026,0.004556605,1
G098,G045,0.004556582,1
G030,G048,0.004556345,1
G031,G060,0.004549026,1
G053,G071,0.004546415,1
G076,G077,0.0045453263,1
G097,G054,0.004544922,1
G077,G091,0.0045419033,1
G048,G072,0.0045412187,1
G039,G058,0.004541175,1
G003,G099,0.004540318,1
G056,G034,0.0045399736,1
G015,G065,0.004533693,1
G063,G058,0.004530201,1
G025,G031,0.00452989,1
G090,G057,0.0045274952,1
G090,G056,0.004525292,1
G065,G090,0.0045239995,1
G025,G029,0.004520613,1
G075,G047,0.0045176838,1
G087,G015,0.0045167482,1
G034,G098,0.0045131026,1
G020,G086,0.004512989,1
G056,G013,0.00450977,1
G016,G075,0.0045096376,1
G011,G062,0.0045055724,1
G098,G053,0.0045036557,1
G034,G057,0.0045011616,1
G037,G091,0.0044956687,1
G056,G007,0.0044916915,1
G063,G093,0.0044891466,1
G100,G062,0.004485362,1
G021,G084,0.004484736,1
G059,G036,0.0044842595,1
G075,G050,0.0044828937,1
G046,G064,0.004482199,1
G039,G075,0.0044792113,1
G060,G092,0.004475634,1
G037,G085,0.0044751237,1
G058,G050,0.0044741905,1
G081,G002,0.004473037,1
G064,G021,0.004471557,1
G015,G023,0.0044713295,1
G090,G018,0.0044691893,1
G062,G084,0.004468331,1
G018,G010,0.004464605,1
G047,G019,0.0044635716,1
G045,G021,0.00446294,1
G086,G018,0.0044618393,1
G023,G041,0.004455756,1
G014,G027,0.004455213,1
G026,G038,0.004449143,1
G017,G066,0.0044459533,1
G017,G096,0.004444453,1
G087,G016,0.0044437214,1
G096,G074,0.004438765,1
G069,G063,0.0044368845,1
G086,G067,0.004434392,1
G051,G055,0.0044342414,1
G066,G021,0.0044317967,1
G098,G056,0.004431236,1
G050,G031,0.004427941,1
G043,G099,0.004425107,1
G069,G009,0.0044234963,1
G015,G067,0.004419373,1
G058,G065,0.0044190483,1
G058,G061,0.0044172937,1
G021,G062,0.0044169584,1
G062,G035,0.0044167223,1
G058,G002,0.0044111144,1
G064,G081,0.0044107414,1
G006,G070,0.0044014347,1
G069,G079,0.0044001318,1
G084,G007,0.0043979394,1
G002,G086,0.0043915217,1
G039,G030,0.0043890458,1
G090,G013,0.004388148,1
G003,G080,0.0043814806,1
G084,G023,0.0043785907,1
G085,G073,0.004377181,1
G050,G046,0.0043709027,1
G046,G002,0.0043679816,1
G097,G089,0.0043650335,1
G025,G028,0.0043644877,1
G040,G065,0.0043626456,1
G059,G070,0.0043611154,1
G063,G012,0.0043587233,1
G026,G004,0.004357953,1
G059,G085,0.0043557845,1
G033,G100,0.0043525454,1
G086,G091,0.0043515293,1
G030,G012,0.004351047,1
G082,G087,0.0043501058,1
G038,G074,0.0043469225,1
G043,G080,0.0043462715,1
G063,G077,0.004345416,1
G073,G076,0.004345243,1
G067,G078,0.004345235,1
G099,G045,0.004333912,1
G045,G091,0.004332959,1
G067,G062,0.004326708,1
G057,G046,0.0043146797,1
G031,G066,0.004312974,1
G037,G032,0.004306672,1
G055,G043,0.0043026023,1
G085,G051,0.004299795,1
G081,G059,0.004294931,1
G076,G007,0.0042933132,1
G044,G087,0.004291626,1
G054,G090,0.0042911083,1
G053,G048,0.0042898906,1
G010,G056,0.0042869546,1
G013,G068,0.0042856373,1
G078,G032,0.004285258,1
G086,G019,0.0042847157,1
G073,G078,0.0042820172,1
G007,G044,0.004279968,1
G001,G047,0.004277666,1
G025,G041,0.0042776326,1
G056,G040,0.0042755394,1
G045,G026,0.004274355,1
G086,G048,0.0042737164,1
G020,G024,0.0042723385,1
G066,G026,0.0042719706,1
G019,G077,0.004269722,1
G047,G076,0.004267695,1
G033,G029,0.004265778,1
G001,G027,0.004263055,1
G020,G059,0.0042606746,1
G024,G003,0.004260187,1
G066,G075,0.0042595672,1
G018,G082,0.0042547225,1
G076,G073,0.0042501376,1
G066,G039,0.0042497413,1
G100,G032,0.0042493553,1
G040,G086,0.00424758,1
G061,G026,0.004239518,1
G063,G016,0.0042389333,1
G024,G081,0.004237602,1
G034,G014,0.0042346786,1
G026,G075,0.004233025,1
G049,G014,0.0042288373,1
G066,G082,0.0042258943,1
G048,G071,0.004225866,1
G096,G001,0.0042254035,1
G094,G016,0.004220695,1
G036,G067,0.0042204894,1
G053,G046,0.004220348,1
G010,G100,0.0042197206,1
G033,G005,0.004219267,1
G033,G014,0.0042169797,1
G021,G034,0.0042132665,1
G100,G099,0.004213184,1
G089,G085,0.00421204,1
G082,G007,0.004208119,1
G051,G054,0.004207757,1
G016,G048,0.0042028283,1
G044,G018,0.004200627,1
G028,G049,0.004197659,1
G090,G005,0.004191636,1
G100,G039,0.00419114,1
G076,G075,0.0041892123,1
G090,G047,0.0041756285,1
G028,G027,0.004174601,1
G001,G003,0.004169431,1
G098,G051,0.0041677034,1
G054,G047,0.0041668075,1
G075,G018,0.004162491,1
G022,G080,0.004159735,1
G084,G087,0.0041558053,1
G044,G047,0.004155571,1
G072,G070,0.0041538193,1
G006,G072,0.004153429,1
G083,G075,0.0041503194,1
G026,G049,0.0041470444,1
G043,G035,0.0041426476,1
G026,G098,0.0041405354,1
G015,G071,0.0041394276,1
G082,G068,0.004137387,1
G043,G034,0.0041364855,1
G002,G093,0.0041354564,1
G006,G056,0.004133844,1
G056,G023,0.0041309414,1
G073,G080,0.0041269506,1
G079,G093,0.0041269264,1
G080,G057,0.004126761,1
G006,G036,0.0041267197,1
G044,G002,0.004125934,1
G064,G091,0.0041224877,1
G071,G085,0.004120435,1
G025,G006,0.0041178726,1
G018,G100,0.0041137617,1
G059,G020,0.0041134404,1
G035,G041,0.0041106013,1
G074,G057,0.0041103708,1
G001,G028,0.004110334,1
G048,G078,0.0041071437,1
G049,G076,0.004102001,1
G099,G001,0.004098801,1
G025,G037,0.004097005,1
G053,G100,0.004096747,1
G098,G091,0.004093465,1
G060,G009,0.0040844176,1
G020,G005,0.0040824874,1
G038,G070,0.0040806993,1
G049,G071,0.0040805675,1
G027,G087,0.0040775198,1
G028,G043,0.00407561,1
G016,G072,0.0040737414,1
G100,G036,0.004068326,1
G089,G051,0.004066838,1
G011,G048,0.0040631806,1
G070,G006,0.004061982,1
G051,G012,0.004059844,1
G075,G096,0.004055377,1
G012,G026,0.004053448,1
G019,G043,0.0040514935,1
G067,G091,0.004047322,1
G097,G095,0.004045505,1
G067,G035,0.004043058,1
G002,G041,0.0040397677,1
G087,G063,0.0040396824,1
G085,G074,0.0040392084,1
G052,G078,0.0040377104,1
G067,G093,0.004037599,1
G078,G096,0.0040309303,1
G064,G092,0.004026621,1
G075,G068,0.004024422,1
G024,G044,0.0040204627,1
G053,G002,0.0040074633,1
G087,G050,0.0040042247,1
G043,G059,0.0040030754,1
G043,G097,0.0040012,1
G037,G062,0.0039960463,1
G010,G087,0.003995784,1
G002,G001,0.003992398,1
G057,G063,0.003988136,1
G086,G064,0.003987728,1
G062,G024,0.0039868425,1
G009,G070,0.0039853677,1
G037,G084,0.003983941,1
G023,G071,0.0039795083,1
G050,G008,0.0039742696,1
G008,G015,0.0039718566,1
G081,G049,0.0039713373,1
G015,G056,0.0039691585,1
G089,G017,0.003967463,1
G077,G075,0.0039666877,1
G042,G020,0.0039653825,1
G074,G067,0.003958056,1
G008,G059,0.003958003,1
G016,G040,0.003957138,1
G065,G079,0.0039551025,1
G048,G044,0.003953832,1
G012,G084,0.0039530816,1
G057,G016,0.0039514033,1
G042,G057,0.0039497185,1
G001,G088,0.0039493246,1
G038,G063,0.003944979,1
G068,G047,0.003941377,1
G084,G098,0.003940891,1
G062,G079,0.0039371955,1
G050,G060,0.0039363257,1
G078,G061,0.00393134,1
G023,G033,0.003930959,1
G055,G093,0.0039308243,1
G020,G071,0.003925434,1
G006,G033,0.0039252513,1
G094,G061,0.003925169,1
G051,G025,0.0039229286,1
G050,G078,0.0039222487,1
G089,G094,0.0039201262,1
G057,G062,0.003918711,1
G020,G028,0.003913823,1
G086,G073,0.00391361,1
G052,G025,0.0039129267,1
G069,G049,0.003912681,1
G028,G002,0.0039097355,1
G006,G050,0.003899691,1
G077,G069,0.0038982518,1
G099,G066,0.0038949312,1
G052,G009,0.003886801,1
G053,G039,0.0038850054,1
G038,G011,0.003883625,1
G098,G039,0.0038833523,1
G033,G026,0.0038785853,1
G073,G039,0.00387691,1
G066,G043,0.0038758302,1
G037,G010,0.0038740772,1
G088,G091,0.0038683184,1
G051,G081,0.0038647843,1
G070,G071,0.003863845,1
G054,G013,0.0038624154,1
G021,G099,0.003862008,1
G029,G051,0.003861121,1
G082,G092,0.003853759,1
G009,G092,0.003840849,1
G057,G005,0.003840383,1
G004,G050,0.0038368304,1
G096,G036,0.0038341344,1
G053,G062,0.003833576,1
G033,G012,0.0038318026,1
G086,G022,0.0038292028,1
G080,G042,0.0038278422,1
G019,G004,0.0038273644,1
G006,G028,0.0038258038,1
G021,G087,0.003824321,1
G021,G045,0.003824245,1
G090,G092,0.0038190398,1
G027,G006,0.0038172577,1
G027,G037,0.003815191,1
G041,G005,0.003809213,1
G071,G058,0.003806504,1
G080,G088,0.0038051398,1
G080,G010,0.0037949274,1
G060,G013,0.0037855965,1
G054,G023,0.0037854768,1
G034,G061,0.0037845362,1
G055,G021,0.0037817445,1
G039,G040,0.0037806462,1
G087,G059,0.0037762502,1
G078,G022,0.003775811,1
G006,G044,0.0037720052,1
G062,G032,0.0037686864,1
G066,G036,0.003768593,1
G095,G054,0.0037647735,1
G075,G094,0.0037625958,1
G017,G023,0.00375334,1
G040,G081,0.0037529059,1
G068,G072,0.0037526824,1
G083,G046,0.003748771,1
G091,G048,0.0037458916,1
G038,G003,0.0037454788,1
G064,G009,0.0037435929,1
G043,G074,0.003742528,1
G078,G068,0.0037410946,1
G097,G041,0.0037406879,1
G067,G074,0.003738474,1
G004,G076,0.0037351681,1
G064,G097,0.0037307497,1
G075,G073,0.0037302456,1
G053,G009,0.003729232,1
G051,G061,0.0037285346,1
G092,G090,0.0037210025,1
G050,G090,0.003715137,1
G012,G006,0.0037145717,1
G013,G064,0.0037140981,1
G024,G046,0.0037121938,1
G052,G035,0.0037110301,1
G027,G051,0.0037103947,1
G095,G034,0.0037060792,1
G071,G041,0.0036994629,1
G059,G075,0.0036972002,1
G031,G021,0.0036964784,1
G091,G053,0.003692867,1
G027,G026,0.0036916547,1
G059,G081,0.0036914556,1
G020,G006,0.0036912395,1
G086,G057,0.003688592,1
G059,G090,0.0036883524,1
G004,G001,0.0036878865,1
G004,G026,0.0036875461,1
G071,G025,0.0036870632,1
G088,G062,0.0036831421,1
G008,G001,0.0036815149,1
G011,G068,0.003681201,1
G061,G001,0.0036724475,1
G068,G044,0.0036688368,1
G053,G035,0.003667467,1
G054,G029,0.0036646195,1
G092,G074,0.0036631108,1
G060,G082,0.0036621925,1
G060,G008,0.0036595631,1
G077,G041,0.003657143,1
G066,G011,0.003653725,1
G043,G070,0.003650691,1
G013,G097,0.0036444182,1
G067,G028,0.003644354,1
G005,G040,0.0036434284,1
G074,G026,0.003640216,1
G049,G051,0.0036378677,1
G076,G023,0.0036354235,1
G036,G089,0.0036324349,1
G057,G076,0.0036304505,1
G024,G065,0.0036298425,1
G030,G024,0.0036296363,1
G076,G064,0.0036286581,1
G025,G004,0.003626539,1
G074,G030,0.0036252502,1
G085,G015,0.0036236243,1
G100,G031,0.0036198574,1
G073,G024,0.0036185586,1
G002,G052,0.0036174685,1
G029,G082,0.0036150352,1
G068,G031,0.0036146748,1
G092,G017,0.003609111,1
G040,G093,0.0036084985,1
G061,G075,0.003608074,1
G063,G079,0.0036079625,1
G004,G089,0.0036071215,1
G030,G041,0.0036042386,1
G072,G046,0.003602983,1
G004,G070,0.0035989168,1
G039,G035,0.0035979545,1
G070,G082,0.0035965,1
G066,G025,0.0035905114,1
G037,G035,0.003590371,1
G025,G061,0.0035903319,1
G099,G053,0.0035876047,1
G057,G029,0.0035870124,1
G037,G029,0.003586415,1
G023,G070,0.003585695,1
G002,G011,0.0035842182,1
G089,G025,0.0035822846,1
G092,G055,0.0035821146,1
G023,G063,0.0035817022,1
G062,G009,0.0035793672,1
G018,G050,0.0035786873,1
G056,G001,0.003578432,1
G053,G007,0.0035770289,1
G076,G083,0.0035744181,1
G084,G029,0.0035704372,1
G091,G030,0.0035700768,1
G068,G001,0.0035690821,1
G041,G021,0.0035610266,1
G052,G006,0.0035567286,1
G010,G022,0.0035551593,1
G092,G059,0.003550265,1
G069,G004,0.0035463152,1
G090,G031,0.003546293,1
G093,G095,0.003538674,1
G087,G005,0.0035377261,1
G031,G079,0.0035356868,1
G047,G042,0.0035355117,1
G092,G043,0.0035330288,1
G019,G038,0.003529015,1
G035,G086,0.003528301,1
G031,G012,0.0035273933,1
G071,G007,0.003526125,1
G027,G050,0.0035250343,1
G025,G071,0.0035249402,1
G055,G090,0.0035248245,1
G094,G046,0.0035231526,1
G055,G091,0.0035187034,1
G066,G085,0.0035185793,1
G041,G082,0.0035154507,1
G031,G008,0.003513941,1
G031,G076,0.003513817,1
G100,G049,0.0035103976,1
G028,G036,0.003509594,1
G094,G091,0.0035093296,1
G070,G068,0.0035079338,1
G063,G076,0.0035018288,1
G064,G068,0.0034991282,1
G076,G052,0.003499108,1
G041,G053,0.0034976816,1
G006,G064,0.0034963372,1
G047,G100,0.0034954087,1
G045,G046,0.0034950264,1
G081,G052,0.0034938555,1
G009,G058,0.0034895514,1
G055,G049,0.0034876429,1
G071,G026,0.0034845152,1
G082,G085,0.0034822377,1
G025,G033,0.0034820915,1
G001,G006,0.0034767308,1
G018,G044,0.0034766109,1
G006,G061,0.0034727135,1
G008,G042,0.0034704325,1
G001,G099,0.003467934,1
G016,G081,0.0034658457,1
G061,G097,0.003459409,1
G086,G090,0.0034592992,1
G071,G066,0.0034510596,1
G038,G069,0.0034497185,1
G013,G004,0.0034495012,1
G038,G020,0.0034482493,1
G072,G058,0.003448194,1
G032,G027,0.0034473587,1
G047,G029,0.003446982,1
G058,G030,0.0034430854,1
G097,G043,0.0034407496,1
G032,G038,0.0034383372,1
G028,G091,0.0034380092,1
G085,G024,0.0034373947,1
G077,G020,0.0034318662,1
G025,G036,0.0034266566,1
G012,G080,0.0034259032,1
G002,G083,0.0034246861,1
G060,G019,0.0034213082,1
G004,G091,0.0034209676,1
G084,G095,0.0034209217,1
G016,G092,0.0034197348,1
G099,G079,0.0034165662,1
G054,G028,0.003414246,1
G084,G088,0.0034130246,1
G035,G083,0.0034056634,1
G092,G013,0.0034039167,1
G096,G095,0.0034008108,1
G060,G041,0.0033991009,1
G069,G078,0.0033985083,1
G087,G021,0.0033983008,1
G058,G099,0.0033933904,1
G033,G049,0.0033913017,1
G043,G021,0.003390323,1
G063,G088,0.0033889455,1
G010,G066,0.0033883534,1
G089,G045,0.0033850886,1
G013,G040,0.003384063,1
G006,G013,0.0033811152,1
G004,G066,0.0033801564,1
G020,G046,0.0033741323,1
G011,G038,0.003373408,1
G033,G070,0.0033703444,1
G060,G063,0.0033647956,1
G026,G011,0.0033618081,1
G008,G032,0.0033552516,1
G022,G082,0.0033552172,1
G026,G044,0.0033529694,1
G067,G046,0.0033495182,1
G097,G022,0.0033469812,1
G017,G014,0.0033464816,1
G069,G099,0.00334455,1
G018,G057,0.003344458,1
G076,G035,0.0033442448,1
G006,G058,0.003336188,1
G001,G060,0.0033361858,1
G089,G035,0.0033357223,1
G032,G059,0.0033332964,1
G090,G008,0.003332838,1
G059,G088,0.0033296556,1
G058,G078,0.0033255424,1
G088,G092,0.0033179703,1
G050,G099,0.0033171447,1
G096,G066,0.0033141593,1
G084,G037,0.0033134448,1
G090,G010,0.0033127393,1
G056,G051,0.003311129,1
G019,G062,0.0033031567,1
G016,G024,0.0033004773,1
G090,G025,0.003299947,1
G016,G083,0.0032972395,1
G066,G054,0.0032936633,1
G019,G044,0.0032924688,1
G093,G067,0.0032916344,1
G038,G007,0.0032905038,1
G010,G040,0.0032902155,1
G029,G031,0.0032847724,1
G002,G029,0.0032846313,1
G095,G053,0.0032827344,1
G046,G052,0.0032802173,1
G028,G045,0.0032789893,1
G059,G051,0.0032753176,1
G014,G009,0.0032738305,1
G066,G017,0.0032727586,1
G078,G073,0.0032723008,1
G042,G061,0.0032713318,1
G091,G063,0.0032683865,1
G044,G066,0.0032674763,1
G091,G026,0.0032674053,1
G002,G006,0.0032661017,1
G008,G099,0.0032659902,1
G066,G052,0.0032623175,1
G002,G038,0.0032605913,1
G055,G073,0.0032553105,1
G077,G053,0.0032486932,1
G010,G023,0.0032482282,1
G024,G066,0.003247141,1
G056,G004,0.0032455027,1
G069,G061,0.0032415623,1
G058,G049,0.003240552,1
G066,G057,0.003240393,1
G017,G064,0.003233484,1
G062,G058,0.003230511,1
G007,G034,0.0032295987,1
G007,G072,0.003226243,1
G011,G055,0.0032234772,1
G094,G010,0.0032208615,1
G032,G013,0.003219179,1
G061,G042,0.003218464,1
G088,G054,0.003216808,1
G010,G079,0.0032166608,1
G007,G031,0.0032160103,1
G012,G063,0.0032112373,1
G081,G012,0.0032099748,1
G024,G089,0.0032097835,1
G086,G056,0.0032091816,1
G077,G024,0.0032079418,1
G079,G015,0.0032072712,1
G064,G030,0.0032072621,1
G094,G005,0.0032057967,1
G074,G070,0.0032049161,1
G087,G074,0.0032022912,1
G002,G071,0.0032011701,1
G062,G018,0.0032001054,1
G082,G049,0.0031996316,1
G077,G046,0.0031982195,1
G085,G082,0.0031963014,1
G049,G069,0.003192343,1
G095,G021,0.0031917905,1
G083,G044,0.003191551,1
G023,G018,0.0031873719,1
G041,G022,0.00318588,1
G042,G078,0.0031820247,1
G029,G059,0.0031800172,1
G011,G035,0.0031771392,1
G048,G043,0.0031769397,1
G043,G086,0.0031735152,1
G012,G098,0.003173507,1
G032,G029,0.003172775,1
G052,G014,0.0031708428,1
G082,G061,0.0031616455,1
G064,G080,0.003161221,1
G010,G035,0.0031604571,1
G081,G048,0.0031603551,1
G072,G080,0.003160039,1
G085,G036,0.0031588806,1
G086,G036,0.0031552652,1
G082,G022,0.0031516536,1
G018,G011,0.003148029,1
G089,G091,0.0031453238,1
G018,G052,0.0031449266,1
G027,G077,0.003142644,1
G040,G091,0.0031403531,1
G071,G029,0.003138869,1
G049,G079,0.0031385054,1
G034,G037,0.0031384833,1
G009,G039,0.0031349522,1
G033,G019,0.003134469,1
G051,G024,0.0031313128,1
G002,G092,0.0031300471,1
G008,G060,0.0031295412,1
G008,G004,0.0031263053,1
G046,G057,0.0031256645,1
G072,G059,0.003125252,1
G014,G067,0.003121335,1
G098,G010,0.0031195218,1
G012,G034,0.0031185395,1
G020,G049,0.0031151632,1
G079,G044,0.0031131553,1
G054,G052,0.0031130027,1
G043,G006,0.0031065948,1
G026,G037,0.0031038178,1
G079,G034,0.0031027382,1
G077,G068,0.003098988,1
G028,G060,0.0030978501,1
G033,G013,0.0030978066,1
G003,G041,0.0030960178,1
G041,G023,0.003093494,1
G083,G013,0.0030916147,1
G015,G051,0.003091375,1
G084,G044,0.0030899425,1
G055,G083,0.0030859609,1
G057,G042,0.003072331,1
G008,G064,0.0030710439,1
G066,G005,0.0030694734,1
G015,G068,0.0030694345,1
G066,G059,0.0030640017,1
G055,G052,0.0030636727,1
G078,G016,0.0030635605,1
G015,G029,0.0030615223,1
G004,G067,0.0030603637,1
G060,G095,0.0030601053,1
G023,G056,0.0030599358,1
G023,G007,0.003057203,1
G023,G032,0.0030486598,1
G052,G015,0.0030467731,1
G054,G066,0.0030445827,1
G018,G009,0.0030438951,1
G016,G032,0.0030358562,1
G002,G017,0.003032458,1
G013,G020,0.0030279746,1
G072,G063,0.0030183953,1
G079,G099,0.0030140874,1
G082,G088,0.0030130574,1
G043,G066,0.0030127286,1
G098,G088,0.003012691,1
G050,G075,0.00300592,1
G013,G072,0.0030052604,1
G016,G054,0.0030037633,1
G047,G089,0.0030024536,1
G004,G098,0.0030018853,1
G078,G066,0.0029989532,1
G094,G069,0.0029964559,1
G053,G023,0.0029947113,1
G041,G042,0.0029917988,1
G046,G091,0.0029888116,1
G100,G003,0.0029857082,1
G025,G009,0.0029838516,1
G016,G033,0.0029830404,1
G064,G013,0.0029795475,1
G045,G092,0.002976051,1
G067,G090,0.0029756262,1
G090,G004,0.0029730496,1
G086,G052,0.00297276,1
G041,G098,0.0029704752,1
G029,G069,0.0029689067,1
G043,G041,0.002962791,1
G021,G094,0.0029616512,1
G073,G038,0.0029606405,1
G001,G095,0.0029580798,1
G076,G061,0.0029542176,1
G045,G090,0.0029537363,1
G084,G011,0.0029537363,1
G003,G031,0.0029534881,1
G025,G065,0.0029524479,1
G035,G001,0.0029450383,1
G002,G061,0.0029447617,1
G055,G057,0.0029423144,1
G080,G083,0.0029423062,1
G059,G007,0.0029385758,1
G087,G038,0.0029371819,1
G058,G005,0.002934258,1
G035,G077,0.0029321432,1
G019,G097,0.0029320498,1
G021,G086,0.0029314882,1
G040,G038,0.002931382,1
G088,G003,0.002926019,1
G059,G063,0.0029246642,1
G071,G089,0.0029240358,1
G085,G080,0.0029235226,1
G029,G091,0.0029226053,1
G041,G010,0.0029199661,1
G066,G023,0.0029189263,1
G030,G088,0.002916914,1
G043,G067,0.002916439,1
G031,G059,0.0029154795,1
G055,G075,0.002915412,1
G034,G043,0.0029150096,1
G015,G070,0.0029147794,1
G016,G006,0.0029146876,1
G097,G063,0.0029122378,1
G040,G079,0.0029110217,1
G075,G092,0.0029027008,1
G031,G069,0.002900453,1
G005,G057,0.0028993175,1
G012,G042,0.0028933887,1
G046,G066,0.0028898863,1
G100,G001,0.0028895205,1
G033,G092,0.0028850955,1
G032,G037,0.0028845554,1
G025,G077,0.0028786643,1
G093,G007,0.0028776752,1
G039,G042,0.0028771919,1
G005,G013,0.0028769288,1
G068,G082,0.0028738854,1
G053,G021,0.0028720843,1
G053,G037,0.002871768,1
G093,G099,0.0028704598,1
G100,G006,0.002869332,1
G063,G036,0.0028686437,1
G013,G039,0.002866222,1
G001,G053,0.002865491,1
G026,G055,0.0028642777,1
G096,G078,0.0028639773,1
G093,G075,0.0028624916,1
G064,G054,0.0028619098,1
G100,G040,0.0028618816,1
G041,G096,0.0028597882,1
G031,G016,0.0028589857,1
G007,G028,0.0028580148,1
G053,G072,0.002855594,1
G047,G016,0.0028525675,1
G092,G091,0.002847194,1
G080,G002,0.0028446065,1
G035,G006,0.0028444936,1
G015,G012,0.0028420442,1
G091,G073,0.0028411865,1
G048,G045,0.0028357673,1
G014,G093,0.002833014,1
G023,G090,0.0028319773,1
G047,G010,0.0028304742,1
G083,G031,0.002830472,1
G001,G061,0.002829796,1
G035,G045,0.0028287745,1
G073,G016,0.0028252194,1
G042,G065,0.0028250008,1
G075,G034,0.0028222546,1
G075,G072,0.0028208108,1
G087,G082,0.0028179914,1
G024,G086,0.0028151113,1
G030,G083,0.0028148312,1
G062,G040,0.0028142778,1
G099,G002,0.0028112077,1
G084,G083,0.0028055722,1
G052,G040,0.0028054968,1
G023,G025,0.002804448,1
G019,G032,0.0028036041,1
G091,G051,0.0027979983,1
G045,G074,0.0027975119,1
G051,G007,0.002793907,1
G020,G042,0.002791432,1
G065,G031,0.0027881453,1
G064,G067,0.002785337,1
G007,G097,0.002785094,1
G060,G059,0.0027824151,1
G008,G049,0.0027818421,1
G015,G057,0.0027809474,1
G065,G061,0.0027676066,1
G089,G057,0.002766461,1
G066,G084,0.002763568,1
G010,G069,0.0027632306,1
G028,G022,0.002762975,1
G039,G084,0.0027627505,1
G091,G021,0.0027612373,1
G031,G027,0.002759951,1
G035,G040,0.0027586871,1
G010,G048,0.0027577986,1
G074,G011,0.002757208,1
G017,G067,0.0027571032,1
G031,G003,0.0027562955,1
G070,G011,0.0027530375,1
G078,G058,0.0027529632,1
G071,G012,0.0027523297,1
G080,G044,0.0027503513,1
G086,G075,0.0027490428,1
G089,G096,0.0027483474,1
G060,G052,0.0027457953,1
G066,G068,0.0027457713,1
G046,G016,0.0027421764,1
G071,G096,0.0027415329,1
G049,G082,0.0027406258,1
G071,G020,0.0027405038,1
G051,G080,0.0027401226,1
G023,G089,0.002739521,1
G058,G069,0.0027380786,1
G064,G032,0.0027319202,1
G080,G052,0.0027262336,1
G079,G022,0.0027260843,1
G010,G015,0.002721658,1
G070,G001,0.0027204808,1
G012,G040,0.0027188058,1
G090,G082,0.0027176468,1
G017,G011,0.002716064,1
G047,G087,0.0027135538,1
G083,G011,0.0027128307,1
G063,G089,0.0027122214,1
G073,G035,0.002710102,1
G049,G086,0.0027092455,1
G054,G091,0.0027064127,1
G049,G059,0.0027014273,1
G083,G062,0.002697402,1
G029,G085,0.0026864149,1
G067,G049,0.0026828297,1
G072,G009,0.002681373,1
G016,G044,0.0026792635,1
G030,G095,0.0026755242,1
G071,G079,0.0026736667,1
G095,G007,0.0026731708,1
G048,G046,0.0026721675,1
G049,G062,0.0026705153,1
G032,G036,0.002669466,1
G091,G016,0.0026692569,1
G039,G076,0.0026664792,1
G039,G001,0.002664368,1
G092,G011,0.0026639665,1
G021,G002,0.0026632082,1
G034,G093,0.0026625884,1
G015,G093,0.0026615518,1
G054,G043,0.002658118,1
G037,G078,0.0026570836,1
G082,G030,0.0026568647,1
G039,G052,0.0026547844,1
G039,G069,0.002654593,1
G086,G065,0.002654303,1
G030,G054,0.0026479426,1
G063,G073,0.0026467256,1
G089,G044,0.0026457773,1
G062,G036,0.0026451093,1
G080,G032,0.002645065,1
G003,G002,0.002642773,1
G039,G056,0.0026400776,1
G055,G071,0.002638539,1
G035,G092,0.0026371204,1
G054,G011,0.002635273,1
G007,G043,0.0026342103,1
G048,G096,0.0026333516,1
G065,G030,0.0026333495,1
G096,G089,0.0026265443,1
G096,G010,0.002624133,1
G096,G024,0.0026138516,1
G076,G009,0.0026091707,1
G042,G005,0.00260681,1
G032,G035,0.0026055207,1
G013,G027,0.0026037185,1
G053,G082,0.002603409,1
G076,G044,0.0025984696,1
G050,G007,0.0025976687,1
G055,G067,0.0025972105,1
G087,G033,0.0025964335,1
G099,G039,0.002594438,1
G032,G001,0.0025940826,1
G042,G067,0.0025887936,1
G095,G077,0.0025884141,1
G020,G082,0.0025857554,1
G028,G100,0.0025846243,1
G035,G080,0.0025802406,1
G072,G043,0.0025798832,1
G075,G028,0.0025750045,1
G053,G047,0.00257404,1
G001,G070,0.0025732657,1
G051,G075,0.002571726,1
G100,G098,0.002567598,1
G074,G015,0.0025608353,1
G069,G040,0.002560087,1
G093,G087,0.00256003,1
G071,G080,0.0025583857,1
G076,G086,0.002556876,1
G033,G047,0.0025567997,1
G030,G006,0.0025564884,1
G062,G100,0.0025536106,1
G003,G035,0.002550211,1
G027,G003,0.0025500648,1
G002,G099,0.002546697,1
G049,G074,0.002546026,1
G052,G093,0.0025413285,1
G044,G027,0.0025386908,1
G088,G038,0.0025355374,1
G025,G064,0.002534557,1
G051,G090,0.0025336074,1
G053,G003,0.0025271825,1
G070,G083,0.0025261042,1
G012,G093,0.002525525,1
G025,G094,0.0025222355,1
G077,G012,0.0025201594,1
G092,G035,0.002519427,1
G008,G010,0.0025192527,1
G062,G082,0.0025161237,1
G021,G053,0.0025128503,1
G093,G020,0.0025124075,1
G016,G086,0.0025119334,1
G012,G047,0.002510528,1
G037,G025,0.0025104124,1
G054,G040,0.0025094338,1
G095,G048,0.0025085674,1
G089,G009,0.0025068354,1
G096,G030,0.0025045823,1
G076,G088,0.0025034074,1
G007,G100,0.0025025653,1
G066,G047,0.0024983278,1
G005,G016,0.002490886,1
G066,G020,0.0024845721,1
G079,G087,0.002483947,1
G068,G007,0.002483848,1
G044,G033,0.0024827404,1
G086,G084,0.0024815125,1
G022,G061,0.0024798354,1
G067,G070,0.0024795097,1
G019,G074,0.0024789432,1
G014,G100,0.0024746207,1
G003,G007,0.002470614,1
G024,G097,0.0024704698,1
G085,G087,0.0024698202,1
G071,G064,0.0024686258,1
G030,G009,0.002468275,1
G071,G063,0.0024672328,1
G029,G084,0.0024659943,1
G071,G022,0.0024647203,1
G007,G054,0.002461718,1
G058,G080,0.0024564264,1
G024,G070,0.0024545963,1
G027,G001,0.0024545928,1
G075,G042,0.0024530727,1
G021,G027,0.0024529935,1
G012,G025,0.0024525644,1
G044,G072,0.0024483318,1
G061,G077,0.0024467541,1
G042,G063,0.0024455797,1
G003,G013,0.0024407697,1
G021,G082,0.0024368593,1
G050,G012,0.002434218,1
G085,G077,0.0024320744,1
G064,G085,0.0024315526,1
G080,G001,0.0024310532,1
G006,G054,0.0024299624,1
G067,G060,0.002429683,1
G097,G019,0.002429207,1
G005,G063,0.002425337,1
G009,G091,0.0024202594,1
G071,G049,0.0024193549,1
G077,G035,0.0024186177,1
G079,G036,0.0024153881,1
G025,G087,0.0024144955,1
G043,G053,0.0024038153,1
G045,G017,0.0023994693,1
G091,G014,0.0023992911,1
G060,G090,0.0023985629,1
G045,G052,0.002388537,1
G064,G084,0.0023872752,1
G095,G004,0.0023864077,1
G020,G087,0.0023836885,1
G048,G017,0.0023696176,1
G089,G033,0.0023688932,1
G064,G089,0.0023684804,1
G026,G053,0.002368261,1
G083,G074,0.0023674811,1
G092,G020,0.0023673198,1
G093,G026,0.0023668967,1
G039,G085,0.0023653528,1
G067,G088,0.0023640203,1
G034,G088,0.002363536,1
G017,G058,0.0023610445,1
G004,G062,0.0023564,1
G042,G022,0.0023562536,1
G082,G040,0.0023462304,1
G066,G095,0.002343882,1
G067,G018,0.0023403864,1
G047,G073,0.0023382092,1
G002,G091,0.0023359726,1
G053,G043,0.0023357798,1
G090,G095,0.0023353861,1
G076,G082,0.002335361,1
G088,G066,0.0023346832,1
G072,G047,0.0023337621,1
G041,G066,0.0023260587,1
G044,G048,0.0023219967,1
G018,G069,0.0023215376,1
G014,G015,0.0023196763,1
G010,G094,0.0023185296,1
G072,G082,0.0023167802,1
G043,G010,0.002309019,1
G079,G017,0.0023056886,1
G039,G068,0.0022979847,1
G064,G010,0.002292652,1
G025,G048,0.002292526,1
G093,G032,0.0022921832,1
G007,G013,0.0022909883,1
G099,G037,0.0022899737,1
G007,G004,0.0022887865,1
G042,G018,0.0022878966,1
G093,G096,0.0022869434,1
G009,G001,0.002286057,1
G033,G027,0.0022812968,1
G082,G052,0.0022804155,1
G055,G062,0.002279386,1
G052,G036,0.0022772711,1
G031,G088,0.0022715246,1
G096,G014,0.00226905,1
G009,G054,0.0022689141,1
G011,G099,0.0022679493,1
G068,G093,0.0022676266,1
G035,G090,0.0022669323,1
G018,G005,0.0022658408,1
G051,G030,0.0022634615,1
G061,G062,0.0022617367,1
G086,G001,0.0022590437,1
G080,G018,0.0022586025,1
G038,G076,0.002257961,1
G096,G090,0.0022579073,1
G028,G089,0.002251094,1
G058,G071,0.0022471969,1
G022,G032,0.0022432473,1
G063,G090,0.0022431286,1
G044,G092,0.002240469,1
G011,G047,0.0022362717,1
G070,G025,0.0022307222,1
G048,G089,0.002226288,1
G051,G042,0.0022253005,1
G086,G099,0.0022240137,1
G054,G089,0.0022205599,1
G040,G025,0.0022185515,1
G004,G020,0.0022159077,1
G062,G069,0.0022150248,1
G078,G047,0.002214674,1
G066,G048,0.0022140003,1
G072,G057,0.002213766,1
G083,G005,0.0022134276,1
G043,G048,0.0022129298,1
G073,G019,0.0022106557,1
G046,G062,0.0022100308,1
G080,G003,0.002209847,1
G034,G091,0.0022087006,1
G039,G059,0.0022078322,1
G038,G041,0.0022064548,1
G007,G038,0.0022041055,1
G028,G064,0.0022028477,1
G016,G063,0.0022026098,1
G049,G043,0.0021970354,1
G039,G092,0.0021965536,1
G016,G027,0.002195292,1
G086,G044,0.002192857,1
G012,G096,0.0021923517,1
G041,G062,0.0021914328,1
G093,G005,0.002185454,1
G080,G092,0.0021817298,1
G085,G050,0.0021795637,1
G089,G010,0.0021779258,1
G088,G065,0.002176746,1
G089,G066,0.0021732934,1
G053,G015,0.0021707283,1
G061,G070,0.002170441,1
G092,G087,0.0021702957,1
G001,G013,0.002167981,1
G018,G074,0.0021670023,1
G042,G013,0.002166984,1
G093,G063,0.0021662337,1
G034,G029,0.0021651522,1
G015,G084,0.0021635375,1
G028,G052,0.002161392,1
G044,G074,0.00215868,1
G044,G088,0.0021582376,1
G059,G028,0.002158154,1
G038,G100,0.0021575107,1
G007,G070,0.0021479765,1
G084,G063,0.0021470236,1
G035,G005,0.0021467172,1
G064,G075,0.0021457074,1
G096,G003,0.0021432657,1
G075,G020,0.0021412058,1
G055,G077,0.0021366384,1
G014,G029,0.0021366228,1
G097,G086,0.0021362975,1
G015,G054,0.00213022,1
G079,G069,0.002128106,1
G016,G067,0.0021265796,1
G034,G064,0.0021244164,1
G037,G087,0.0021218767,1
G079,G096,0.0021209614,1
G099,G057,0.0021196066,1
G093,G065,0.0021195542,1
G083,G014,0.002115952,1
G018,G059,0.0021139495,1
G082,G072,0.0021121833,1
G001,G023,0.0021117504,1
G046,G038,0.0021089423,1
G073,G096,0.0021070647,1
G083,G068,0.0021050572,1
G001,G091,0.0021047357,1
G017,G065,0.0021045129,1
G095,G018,0.0021036863,1
G005,G004,0.0021006023,1
G010,G046,0.0020999012,1
G088,G030,0.0020993773,1
G096,G025,0.0020975482,1
G034,G038,0.002096007,1
G017,G034,0.0020959252,1
G069,G064,0.002092438,1
G087,G040,0.0020905996,1
G047,G090,0.002089889,1
G078,G009,0.002086243,1
G041,G018,0.0020859132,1
G040,G028,0.0020835602,1
G069,G048,0.0020773099,1
G011,G027,0.0020760086,1
G049,G007,0.0020757401,1
G095,G013,0.002073275,1
G048,G047,0.0020730146,1
G059,G044,0.002072953,1
G083,G007,0.0020724868,1
G087,G056,0.0020700304,1
G026,G012,0.0020645827,1
G012,G024,0.0020645442,1
G045,G013,0.002063455,1
G021,G014,0.0020627375,1
G060,G001,0.0020568292,1
G004,G045,0.0020549672,1
G093,G053,0.0020514962,1
G075,G081,0.0020480664,1
G007,G095,0.0020454545,1
G085,G038,0.002044957,1
G009,G065,0.0020408256,1
G056,G014,0.0020381315,1
G084,G053,0.0020377077,1
G019,G042,0.002036042,1
G048,G095,0.0020344076,1
G057,G066,0.0020327512,1
G029,G063,0.002031458,1
G041,G034,0.0020310127,1
G007,G001,0.0020292457,1
G069,G074,0.0020266697,1
G001,G075,0.0020236357,1
G016,G017,0.0020228366,1
G091,G066,0.0020205928,1
G096,G012,0.0020179632,1
G090,G087,0.0020167897,1
G039,G009,0.0020128435,1
G056,G055,0.0020117965,1
G007,G083,0.0020112435,1
G049,G098,0.002009558,1
G009,G073,0.002009306,1
G035,G053,0.0020070034,1
G017,G091,0.0020068302,1
G056,G081,0.0020028332,1
G061,G099,0.002002489,1
G097,G017,0.0020022276,1
G058,G034,0.0019985181,1
G099,G054,0.001998466,1
G085,G013,0.0019975398,1
G028,G080,0.001995745,1
G049,G064,0.0019947612,1
G051,G048,0.0019947374,1
G085,G053,0.0019873732,1
G026,G031,0.0019857327,1
G026,G060,0.0019802682,1
G062,G025,0.0019793687,1
G024,G032,0.0019792127,1
G054,G088,0.0019788474,1
G036,G093,0.0019786372,1
G090,G028,0.0019785743,1
G083,G047,0.001977621,1
G064,G083,0.001967799,1
G020,G004,0.0019654757,1
G040,G064,0.001964417,1
G015,G044,0.0019635477,1
G033,G001,0.0019616839,1
G043,G044,0.0019589483,1
G094,G062,0.0019557835,1
G003,G087,0.0019551408,1
G075,G045,0.0019521697,1
G030,G028,0.00194939,1
G031,G085,0.0019411261,1
G052,G033,0.0019361031,1
G046,G061,0.0019347499,1
G030,G027,0.0019312743,1
G071,G031,0.0019308506,1
G040,G100,0.0019295557,1
G001,G094,0.0019291854,1
G053,G014,0.0019270643,1
G067,G080,0.0019268155,1
G063,G029,0.0019255236,1
G013,G099,0.0019253629,1
G014,G088,0.0019245804,1
G050,G081,0.00192401,1
G031,G039,0.0019234648,1
G052,G053,0.0019197083,1
G068,G096,0.0019182778,1
G069,G056,0.0019133663,1
G089,G028,0.0019122715,1
G018,G016,0.0019120477,1
G061,G100,0.001909815,1
G022,G096,0.0019089814,1
G016,G009,0.0019072073,1
G067,G053,0.0019071758,1
G072,G038,0.00190606,1
G014,G039,0.0019055965,1
G005,G035,0.0019044386,1
G098,G078,0.0019044221,1
G060,G026,0.0019011861,1
G017,G093,0.0019009612,1
G028,G030,0.0018994188,1
G016,G099,0.0018984925,1
G062,G073,0.0018973694,1
G026,G002,0.0018964356,1
G031,G095,0.0018962767,1
G019,G096,0.0018953189,1
G016,G097,0.0018941448,1
G026,G068,0.0018914079,1
G064,G028,0.0018903365,1
G008,G014,0.0018892352,1
G020,G025,0.0018879174,1
G053,G068,0.0018858024,1
G062,G028,0.0018857962,1
G090,G030,0.0018821156,1
G008,G075,0.0018820456,1
G056,G032,0.0018815584,1
G011,G036,0.0018809977,1
G064,G082,0.0018808611,1
G097,G074,0.0018769025,1
G086,G085,0.0018735778,1
G015,G083,0.0018722665,1
G017,G005,0.0018709986,1
G003,G075,0.001865321,1
G050,G037,0.0018643369,1
G001,G026,0.0018639258,1
G070,G063,0.0018633886,1
G038,G048,0.0018618327,1
G060,G007,0.0018600621,1
G090,G022,0.0018598139,1
G039,G065,0.0018532249,1
G085,G054,0.0018468923,1
G068,G065,0.0018416861,1
G050,G021,0.0018413039,1
G081,G043,0.0018397942,1
G020,G081,0.0018385985,1
G009,G031,0.0018374416,1
G050,G047,0.001837242,1
G039,G071,0.0018351047,1
G076,G012,0.0018332867,1
G066,G089,0.0018323517,1
G088,G016,0.0018316614,1
G025,G066,0.0018290512,1
G007,G002,0.0018279714,1
G053,G019,0.0018270586,1
G062,G076,0.001824685,1
G044,G008,0.0018238797,1
G051,G084,0.0018151776,1
G037,G055,0.0018151555,1
G028,G042,0.0018145115,1
G028,G006,0.0018140543,1
G036,G032,0.0018132818,1
G038,G002,0.0018124592,1
G079,G065,0.0018120116,1
G092,G054,0.0018117961,1
G028,G093,0.001808655,1
G007,G023,0.0018073736,1
G043,G069,0.001804896,1
G086,G080,0.0018040099,1
G009,G027,0.0018021172,1
G002,G024,0.0018009134,1
G089,G086,0.0017981154,1
G085,G011,0.0017978061,1
G036,G017,0.0017924967,1
G037,G007,0.0017924439,1
G088,G061,0.0017902121,1
G026,G082,0.0017899761,1
G021,G020,0.0017838627,1
G013,G077,0.001783042,1
G005,G034,0.0017803333,1
G064,G077,0.0017763287,1
G028,G077,0.0017658777,1
G062,G037,0.0017643621,1
G055,G010,0.0017629603,1
G094,G031,0.0017580638,1
G058,G012,0.0017551929,1
G087,G014,0.0017508566,1
G092,G008,0.0017485988,1
G097,G032,0.0017468029,1
G005,G078,0.0017463791,1
G031,G093,0.0017426908,1
G062,G065,0.0017417377,1
G023,G099,0.0017394731,1
G046,G069,0.0017379915,1
G050,G074,0.0017370826,1
G083,G085,0.0017357013,1
G082,G002,0.0017301451,1
G070,G005,0.001725971,1
G009,G069,0.0017252858,1
G060,G081,0.0017232057,1
G064,G033,0.0017226108,1
G047,G021,0.0017225057,1
G029,G081,0.0017203584,1
G086,G069,0.0017199522,1
G012,G043,0.0017184379,1
G006,G026,0.0017171374,1
G087,G098,0.0017164161,1
G060,G079,0.0017158235,1
G077,G095,0.0017139855,1
G050,G095,0.0017110711,1
G078,G011,0.0017100654,1
G029,G044,0.0017096754,1
G065,G080,0.0017095244,1
G019,G054,0.0017071944,1
G008,G031,0.0017045604,1
G013,G080,0.0017040527,1
G070,G015,0.001702274,1
G036,G043,0.0017013163,1
G092,G066,0.0017008086,1
G023,G026,0.0016975957,1
G019,G086,0.0016969343,1
G068,G028,0.0016967515,1
G046,G033,0.0016963974,1
G083,G061,0.0016949067,1
G083,G055,0.0016947842,1
G045,G085,0.001693566,1
G034,G028,0.0016930163,1
G076,G036,0.0016913379,1
G012,G005,0.0016899819,1
G005,G028,0.0016897006,1
G063,G083,0.001687679,1
G055,G015,0.0016871066,1
G010,G019,0.0016858988,1
G026,G041,0.0016847153,1
G016,G062,0.0016829991,1
G006,G079,0.0016828596,1
G072,G092,0.0016825754,1
G005,G074,0.0016768356,1
G077,G031,0.0016759187,1
G042,G092,0.001675912,1
G090,G014,0.0016754472,1
G085,G030,0.0016742024,1
G069,G010,0.0016715778,1
G060,G038,0.0016714064,1
G088,G063,0.0016713222,1
G071,G076,0.0016694426,1
G044,G083,0.0016686106,1
G090,G081,0.0016685106,1
G075,G062,0.0016669714,1
G088,G026,0.0016664492,1
G007,G003,0.0016644297,1
G073,G072,0.0016616612,1
G030,G014,0.001659905,1
G065,G009,0.0016577276,1
G065,G039,0.0016519242,1
G080,G082,0.0016510187,1
G034,G095,0.0016505898,1
G089,G019,0.0016492226,1
G031,G051,0.0016487864,1
G040,G056,0.0016470216,1
G016,G047,0.0016442271,1
G006,G060,0.0016417222,1
G066,G081,0.0016396726,1
G022,G047,0.001638629,1
G034,G009,0.0016370477,1
G048,G074,0.0016352774,1
G023,G035,0.0016339779,1
G049,G004,0.0016323671,1
G092,G024,0.0016317611,1
G088,G002,0.0016299753,1
G086,G087,0.0016279361,1
G040,G036,0.0016224487,1
G003,G090,0.0016183995,1
G045,G081,0.0016180177,1
G082,G041,0.0016168699,1
G090,G051,0.0016166128,1
G087,G062,0.001616141,1
G027,G044,0.0016152592,1
G001,G011,0.0016123683,1
G002,G088,0.0016083245,1
G074,G038,0.0016080303,1
G013,G060,0.001606223,1
G057,G091,0.001602253,1
G065,G089,0.0015993929,1
G015,G009,0.001598086,1
G037,G057,0.0015964558,1
G051,G021,0.0015953532,1
G074,G086,0.001594119,1
G088,G099,0.0015941112,1
G081,G087,0.0015928664,1
G077,G048,0.0015906821,1
G012,G067,0.0015905021,1
G099,G005,0.0015869675,1
G020,G078,0.0015867699,1
G067,G038,0.0015834623,1
G090,G003,0.0015814503,1
G002,G080,0.0015786173,1
G085,G057,0.0015785752,1
G056,G067,0.0015721833,1
G075,G032,0.001570907,1
G071,G014,0.0015689054,1
G071,G032,0.0015685423,1
G032,G014,0.0015670068,1
G049,G036,0.001565384,1
G079,G094,0.0015635962,1
G027,G068,0.0015635691,1
G050,G048,0.0015635549,1
G008,G062,0.0015623508,1
G094,G056,0.0015590782,1
G019,G035,0.0015575315,1
G050,G033,0.0015547096,1
G071,G074,0.001554301,1
G022,G031,0.0015528046,1
G009,G057,0.0015522181,1
G084,G089,0.001552164,1
G033,G075,0.0015516662,1
G043,G064,0.0015511387,1
G029,G041,0.00154974,1
G014,G070,0.0015454141,1
G037,G089,0.0015417559,1
G032,G075,0.0015417148,1
G071,G030,0.0015404657,1
G080,G079,0.0015401967,1
G072,G099,0.001538141,1
G016,G070,0.001536136,1
G049,G019,0.0015261373,1
G058,G015,0.0015206386,1
G064,G055,0.0015197169,1
G012,G021,0.0015192953,1
G093,G033,0.0015173802,1
G091,G011,0.0015161705,1
G053,G001,0.0015157379,1
G013,G041,0.0015134742,1
G037,G046,0.0015125421,1
G042,G049,0.0015114195,1
G094,G032,0.0015090555,1
G076,G011,0.0015050186,1
G009,G041,0.0015007823,1
G032,G005,0.0014970944,1
G081,G008,0.0014965163,1
G091,G006,0.0014945312,1
G015,G037,0.0014872197,1
G082,G089,0.0014868325,1
G074,G039,0.001486827,1
G016,G056,0.0014849461,1
G095,G057,0.0014828619,1
G044,G053,0.0014811114,1
G076,G006,0.0014806434,1
G014,G003,0.0014798681,1
G073,G089,0.001473567,1
G072,G098,0.0014730761,1
G064,G061,0.001470027,1
G024,G093,0.001467672,1
G099,G094,0.0014675336,1
G039,G072,0.0014653668,1
G063,G046,0.0014650517,1
G012,G052,0.0014629966,1
G053,G028,0.0014625819,1
G076,G043,0.0014624654,1
G071,G099,0.0014611263,1
G004,G047,0.0014592,1
G021,G059,0.0014577056,1
G061,G074,0.0014575792,1
G016,G014,0.001454177,1
G023,G065,0.0014521775,1
G089,G015,0.0014509811,1
G058,G064,0.0014482778,1
G066,G033,0.0014481121,1
G008,G061,0.0014465571,1
G100,G053,0.0014444025,1
G095,G078,0.0014428541,1
G091,G038,0.0014423365,1
G097,G036,0.0014419503,1
G033,G076,0.0014396161,1
G070,G057,0.0014384983,1
G040,G084,0.001438478,1
G033,G079,0.0014384165,1
G037,G038,0.0014351354,1
G050,G041,0.0014336136,1
G034,G010,0.0014280564,1
G072,G016,0.0014277026,1
G036,G065,0.0014275535,1
G097,G079,0.0014246099,1
G073,G021,0.0014231303,1
G093,G008,0.0014213244,1
G030,G044,0.0014212428,1
G038,G065,0.0014169748,1
G023,G087,0.001416726,1
G061,G066,0.0014141483,1
G050,G005,0.0014133666,1
G007,G087,0.001411355,1
G014,G074,0.0014087204,1
G073,G071,0.0014083711,1
G085,G042,0.0014072731,1
G079,G056,0.0014072488,1
G028,G037,0.0014065529,1
G009,G019,0.001404225,1
G014,G083,0.0014039126,1
G028,G051,0.0014016682,1
G065,G075,0.0014008284,1
G014,G099,0.0013904843,1
G093,G100,0.0013904305,1
G010,G042,0.0013893247,1
G075,G007,0.0013835828,1
G052,G045,0.0013829215,1
G054,G084,0.0013784133,1
G052,G038,0.0013753385,1
G041,G044,0.0013714832,1
G070,G055,0.0013697819,1
G047,G033,0.001369048,1
G052,G021,0.001368478,1
G015,G059,0.0013676934,1
G086,G002,0.0013660988,1
G085,G069,0.0013655369,1
G047,G034,0.0013649686,1
G048,G098,0.0013609342,1
G060,G045,0.0013605708,1
G083,G049,0.0013584411,1
G007,G061,0.0013574408,1
G054,G071,0.0013566785,1
G075,G079,0.0013559238,1
G043,G077,0.0013555523,1
G065,G095,0.0013547168,1
G004,G042,0.001354361,1
G069,G019,0.0013511423,1
G092,G071,0.0013484218,1
G003,G037,0.001347252,1
G045,G058,0.0013449383,1
G001,G067,0.0013441325,1
G038,G083,0.0013433602,1
G052,G072,0.0013427114,1
G091,G079,0.0013402208,1
G006,G039,0.0013371789,1
G006,G100,0.0013369053,1
G026,G009,0.0013362746,1
G027,G064,0.0013356385,1
G079,G091,0.001331168,1
G062,G099,0.0013291329,1
G029,G075,0.001324295,1
G088,G035,0.001323977,1
G006,G076,0.0013221569,1
G067,G052,0.0013212584,1
G024,G041,0.0013198429,1
G039,G045,0.0013195897,1
G039,G054,0.0013171667,1
G051,G073,0.0013142662,1
G074,G059,0.0013136112,1
G013,G032,0.0013129475,1
G082,G004,0.0013119802,1
G002,G048,0.0013107635,1
G093,G054,0.0013103257,1
G051,G027,0.001308012,1
G056,G003,0.0013074807,1
G094,G017,0.0012956096,1
G027,G080,0.0012953787,1
G079,G071,0.0012942523,1
G086,G058,0.0012923019,1
G096,G088,0.001289246,1
G059,G041,0.0012886112,1
G095,G046,0.001287601,1
G064,G011,0.0012863941,1
G053,G040,0.0012859179,1
G043,G078,0.0012807975,1
G062,G004,0.0012776564,1
G058,G088,0.0012740559,1
G083,G052,0.0012738192,1
G013,G019,0.0012722882,1
G004,G068,0.0012713738,1
G055,G006,0.0012706768,1
G082,G094,0.0012690866,1
G090,G059,0.0012669301,1
G013,G042,0.0012668996,1
G003,G091,0.0012661528,1
G090,G029,0.001264211,1
G055,G047,0.0012640455,1
G015,G086,0.0012593382,1
G054,G012,0.0012517219,1
G027,G056,0.0012491617,1
G084,G082,0.0012450536,1
G073,G018,0.0012445821,1
G013,G037,0.0012436484,1
G016,G005,0.0012398098,1
G092,G088,0.0012397735,1
G082,G045,0.0012373215,1
G070,G007,0.0012359278,1
G029,G096,0.0012356843,1
G027,G041,0.0012336775,1
G075,G041,0.0012330122,1
G011,G041,0.0012325255,1
G059,G048,0.0012320431,1
G064,G096,0.0012320261,1
G086,G054,0.0012314777,1
G043,G023,0.0012300401,1
G028,G007,0.0012292045,1
G077,G036,0.0012275674,1
G075,G099,0.0012265587,1
G012,G051,0.0012260749,1
G019,G079,0.0012246752,1
G005,G079,0.0012236935,1
G089,G095,0.0012197389,1
G022,G043,0.0012181115,1
G024,G087,0.0012167199,1
G044,G080,0.0012162589,1
G013,G049,0.0012148855,1
G094,G090,0.0012109501,1
G067,G097,0.0012084728,1
G100,G084,0.0012062447,1
G028,G061,0.00120562,1
G048,G037,0.001200833,1
G010,G001,0.0012005242,1
G046,G032,0.0011997048,1
G068,G015,0.0011973229,1
G060,G056,0.0011949613,1
G047,G001,0.0011938617,1
G022,G092,0.0011931062,1
G046,G100,0.0011930846,1
G033,G088,0.0011923739,1
G053,G034,0.0011923662,1
G039,G006,0.0011906364,1
G098,G025,0.0011817209,1
G078,G034,0.0011811518,1
G013,G028,0.0011798119,1
G072,G034,0.001179026,1
G097,G053,0.0011764944,1
G022,G046,0.0011751554,1
G016,G089,0.0011741464,1
G053,G058,0.0011736269,1
G058,G035,0.0011736212,1
G094,G083,0.0011728785,1
G086,G068,0.0011725366,1
G040,G061,0.0011719081,1
G065,G001,0.0011688488,1
G032,G002,0.0011684212,1
G061,G038,0.001167149,1
G097,G034,0.00116557,1
G036,G098,0.0011627609,1
G018,G091,0.0011626928,1
G001,G058,0.001161902,1
G082,G078,0.0011604106,1
G095,G086,0.0011602989,1
G095,G009,0.0011582493,1
G086,G043,0.0011571152,1
G012,G075,0.0011568061,1
G033,G051,0.0011562388,1
G046,G067,0.0011552554,1
G056,G094,0.0011534705,1
G072,G041,0.0011534187,1
G056,G060,0.0011508657,1
G040,G053,0.0011506155,1
G033,G098,0.0011497346,1
G096,G046,0.0011496121,1
G022,G007,0.0011478113,1
G057,G007,0.0011452328,1
G009,G087,0.0011449212,1
G012,G072,0.0011448575,1
G044,G045,0.0011435932,1
G037,G043,0.001143256,1
G043,G061,0.0011419411,1
G016,G012,0.0011408123,1
G019,G030,0.0011399878,1
G063,G092,0.0011309828,1
G020,G035,0.0011306752,1
G038,G060,0.0011288475,1
G021,G075,0.0011260761,1
G063,G002,0.0011255408,1
G099,G041,0.0011231153,1
G100,G088,0.00112112,1
G014,G020,0.0011198139,1
G010,G021,0.0011179211,1
G074,G081,0.0011150314,1
G019,G058,0.0011109711,1
G050,G057,0.0011071869,1
G013,G100,0.0011069996,1
G045,G062,0.0011067755,1
G088,G087,0.0011060981,1
G013,G057,0.0011054976,1
G094,G067,0.0010958087,1
G074,G069,0.0010949402,1
G042,G062,0.0010931584,1
G047,G091,0.0010926633,1
G063,G078,0.0010910655,1
G064,G087,0.0010904291,1
G061,G057,0.0010900723,1
G010,G039,0.0010896212,1
G035,G007,0.0010895005,1
G001,G097,0.0010889033,1
G058,G020,0.001088648,1
G014,G041,0.0010883728,1
G094,G064,0.0010872203,1
G087,G034,0.0010868201,1
G069,G098,0.0010859336,1
G001,G020,0.0010851609,1
G010,G020,0.0010851207,1
G065,G023,0.0010848037,1
G036,G025,0.0010834597,1
G028,G086,0.0010790182,1
G003,G077,0.0010784469,1
G038,G044,0.0010783589,1
G005,G071,0.0010742365,1
G050,G003,0.001073318,1
G088,G069,0.0010710979,1
G072,G086,0.0010696163,1
G056,G071,0.0010616747,1
G044,G078,0.0010559611,1
G036,G005,0.0010537456,1
G051,G067,0.0010535234,1
G023,G058,0.0010516619,1
G097,G065,0.0010488497,1
G085,G010,0.0010481012,1
G077,G056,0.0010439067,1
G023,G015,0.0010415586,1
G059,G100,0.0010348884,1
G005,G084,0.0010333586,1
G041,G002,0.0010331625,1
G086,G094,0.0010331463,1
G091,G054,0.0010305478,1
G063,G048,0.001029416,1
G049,G078,0.0010284294,1
G074,G043,0.0010270448,1
G072,G061,0.0010267008,1
G073,G065,0.0010263701,1
G024,G060,0.0010257361,1
G015,G010,0.0010237392,1
G073,G037,0.0010222177,1
G045,G073,0.0010188657,1
G072,G076,0.0010147769,1
G096,G064,0.0010134331,1
G004,G039,0.0010043866,1
G066,G069,0.0010008124,1
G084,G014,0.0010004562,1
G029,G057,0.0010000992,1
G052,G034,0.0009974438,1
G016,G038,0.0009951046,1
G054,G100,0.0009941735,1
G041,G097,0.0009938093,1
G021,G023,0.0009935664,1
G082,G008,0.000993513,1
G088,G042,0.0009911826,1
G039,G081,0.0009905735,1
G094,G065,0.0009875825,1
G038,G037,0.0009867857,1
G034,G053,0.0009866336,1
G085,G018,0.0009847033,1
G056,G042,0.0009825215,1
G078,G095,0.000980793,1
G042,G046,0.0009806958,1
G007,G050,0.0009790136,1
G087,G054,0.0009784964,1
G034,G076,0.0009758185,1
G013,G050,0.0009756557,1
G081,G035,0.0009727359,1
G075,G065,0.00097111,1
G061,G016,0.00096885563,1
G040,G019,0.00096812507,1
G084,G064,0.00096799695,1
G086,G039,0.0009678189,1
G090,G016,0.00096603925,1
G027,G079,0.0009657174,1
G033,G078,0.0009651986,1
G095,G035,0.0009638047,1
G041,G081,0.0009632053,1
G085,G066,0.0009626749,1
G030,G004,0.00096123683,1
G007,G037,0.0009539533,1
G087,G004,0.0009531172,1
G080,G033,0.0009494407,1
G033,G018,0.00094774895,1
G004,G016,0.0009474383,1
G050,G098,0.0009429002,1
G048,G064,0.0009369346,1
G085,G029,0.0009338725,1
G062,G091,0.0009331477,1
G083,G036,0.0009308185,1
G033,G052,0.0009305405,1
G007,G086,0.000926829,1
G027,G030,0.00092546374,1
G011,G030,0.00092017034,1
G045,G089,0.00091985695,1
G003,G047,0.00091827195,1
G003,G004,0.0009173769,1
G055,G050,0.0009156921,1
G090,G032,0.0009122497,1
G056,G063,0.0009086828,1
G031,G022,0.00090523105,1
G082,G039,0.00089950796,1
G069,G018,0.00089878053,1
G033,G061,0.0008987802,1
G026,G045,0.0008979645,1
G064,G042,0.0008969941,1
G035,G020,0.0008964787,1
G012,G003,0.00089622446,1
G093,G066,0.00089516497,1
G001,G082,0.0008943534,1
G024,G018,0.0008924649,1
G083,G050,0.0008896223,1
G036,G022,0.0008859688,1
G032,G071,0.0008853775,1
G057,G079,0.0008840418,1
G061,G028,0.0008819607,1
G042,G088,0.000879265,1
G006,G011,0.0008791706,1
G055,G029,0.00087528693,1
G054,G051,0.00087206723,1
G100,G023,0.00087108556,1
G051,G065,0.00086918124,1
G040,G099,0.0008659691,1
G017,G053,0.0008648564,1
G079,G052,0.00086461403,1
G014,G053,0.0008642838,1
G064,G018,0.00086287607,1
G032,G056,0.0008625134,1
G095,G010,0.00086146104,1
G001,G030,0.00086126255,1
G061,G095,0.0008609465,1
G004,G034,0.0008602593,1
G084,G075,0.0008591764,1
G037,G027,0.0008589728,1
G093,G085,0.0008578829,1
G086,G017,0.0008564812,1
G097,G010,0.0008549363,1
G023,G012,0.000854855,1
G099,G021,0.0008517573,1
G032,G087,0.00085169746,1
G040,G097,0.0008497938,1
G093,G029,0.0008484553,1
G046,G043,0.0008474332,1
G011,G028,0.0008442468,1
G077,G029,0.00084037764,1
G084,G022,0.00083741295,1
G006,G012,0.0008364455,1
G011,G006,0.0008346824,1
G031,G004,0.00083466724,1
G034,G007,0.0008313967,1
G044,G020,0.0008282704,1
G071,G038,0.0008281956,1
G025,G017,0.00082424143,1
G031,G080,0.0008239773,1
G072,G068,0.00082373654,1
G057,G071,0.0008229349,1
G060,G084,0.0008223407,1
G025,G002,0.00082171935,1
G004,G090,0.00081923784,1
G094,G027,0.00081901054,1
G052,G013,0.0008174115,1
G014,G026,0.00081500027,1
G075,G086,0.0008130787,1
G082,G084,0.0008128988,1
G036,G051,0.00081190595,1
G057,G078,0.00081148196,1
G066,G018,0.00081052375,1
G018,G055,0.00080930704,1
G080,G023,0.00080757466,1
G084,G036,0.00080568116,1
G051,G083,0.0008053877,1
G051,G037,0.00080346206,1
G047,G014,0.00080313394,1
G029,G073,0.0008016343,1
G093,G025,0.0007981116,1
G086,G096,0.0007946216,1
G099,G081,0.0007935124,1
G017,G057,0.0007932063,1
G057,G087,0.00079276366,1
G089,G061,0.0007891931,1
G043,G003,0.0007871016,1
G030,G063,0.0007863749,1
G043,G013,0.0007843164,1
G022,G039,0.0007792369,1
G044,G034,0.0007743283,1
G014,G057,0.00077339547,1
G028,G018,0.0007714803,1
G080,G091,0.0007703144,1
G052,G030,0.0007699881,1
G066,G071,0.0007624087,1
G073,G023,0.00076039106,1
G081,G079,0.0007555088,1
G068,G094,0.00075438217,1
G001,G008,0.0007522859,1
G007,G085,0.00074878224,1
G029,G023,0.0007486897,1
G095,G030,0.00074693887,1
G009,G017,0.0007469301,1
G036,G008,0.0007444263,1
G094,G051,0.0007442627,1
G085,G056,0.000743754,1
G028,G031,0.0007411261,1
G059,G094,0.000740033,1
G053,G006,0.00073333876,1
G083,G079,0.0007313125,1
G027,G018,0.00073040806,1
G069,G026,0.00072997104,1
G093,G058,0.0007261579,1
G010,G033,0.00072601414,1
G028,G041,0.00072261406,1
G099,G034,0.00072121527,1
G024,G040,0.00072086195,1
G022,G054,0.0007203234,1
G031,G086,0.0007196288,1
G033,G017,0.0007178292,1
G008,G053,0.0007168849,1
G026,G030,0.00071428553,1
G011,G091,0.000713609,1
G042,G051,0.0007112486,1
G049,G021,0.00071071886,1
G003,G044,0.00070963945,1
G062,G074,0.0007095772,1
G033,G073,0.0007088606,1
G068,G027,0.0007078883,1
G022,G013,0.0007044545,1
G099,G033,0.0007030318,1
G073,G082,0.00070247514,1
G002,G003,0.00070239796,1
G082,G006,0.000700248,1
G080,G096,0.00070023636,1
G045,G024,0.0007001703,1
G021,G048,0.0006976966,1
G098,G028,0.0006947079,1
G005,G023,0.0006942618,1
G069,G057,0.0006937078,1
G009,G074,0.0006929024,1
G048,G087,0.0006891665,1
G072,G100,0.00068892987,1
G075,G006,0.00068532524,1
G017,G003,0.0006845507,1
G018,G035,0.0006839692,1
G024,G012,0.00068389525,1
G040,G090,0.00067811704,1
G046,G007,0.00067125034,1
G002,G075,0.0006709272,1
G016,G073,0.00066973915,1
G076,G060,0.0006694542,1
G080,G007,0.00066943694,1
G079,G067,0.00066738925,1
G007,G006,0.0006626625,1
G024,G028,0.00065855554,1
G015,G024,0.0006572911,1
G086,G004,0.0006546476,1
G027,G083,0.0006530705,1
G006,G052,0.00065279444,1
G031,G042,0.0006527125,1
G088,G098,0.00065267406,1
G043,G049,0.0006512654,1
G076,G091,0.0006511593,1
G017,G049,0.00064183393,1
G030,G043,0.00064181193,1
G035,G084,0.00063990284,1
G012,G078,0.0006375059,1
G041,G017,0.00063352025,1
G072,G078,0.00063319097,1
G027,G048,0.0006312456,1
G001,G029,0.0006311957,1
G089,G064,0.00063077465,1
G051,G070,0.0006301973,1
G076,G040,0.0006279657,1
G031,G073,0.00062781636,1
G033,G024,0.00062683533,1
G046,G034,0.00062528416,1
G015,G036,0.00062255043,1
G050,G034,0.00062215916,1
G031,G081,0.0006215659,1
G094,G080,0.0006210855,1
G004,G097,0.0006202643,1
G023,G100,0.0006191927,1
G100,G018,0.0006189367,1
G093,G059,0.00061550335,1
G030,G061,0.0006113127,1
G024,G055,0.00061044213,1
G010,G055,0.0006070983,1
G035,G033,0.00060566515,1
G074,G062,0.00060553185,1
G046,G072,0.00060197513,1
G056,G095,0.0006016365,1
G020,G083,0.00060057215,1
G019,G034,0.00059978507,1
G011,G093,0.0005970857,1
G051,G079,0.00059673004,1
G080,G034,0.0005953683,1
G020,G009,0.00059437996,1
G031,G013,0.00059055013,1
G072,G055,0.00059054594,1
G093,G011,0.00058957294,1
G043,G004,0.00058860256,1
G008,G024,0.00058839505,1
G008,G036,0.0005873891,1
G063,G001,0.0005873743,1
G020,G084,0.00058626995,1
G048,G058,0.00058519724,1
G092,G014,0.00058334146,1
G042,G073,0.00058306014,1
G002,G028,0.0005820649,1
G055,G025,0.0005802735,1
G061,G031,0.00057995203,1
G012,G089,0.0005789381,1
G097,G061,0.00057625957,1
G100,G079,0.00057399296,1
G078,G014,0.0005722806,1
G047,G094,0.0005706436,1
G024,G045,0.0005695148,1
G015,G019,0.00056228176,1
G090,G020,0.0005594393,1
G007,G005,0.00055638514,1
G003,G022,0.0005553672,1
G048,G038,0.00055432704,1
G072,G071,0.0005517845,1
G033,G040,0.0005514526,1
G068,G043,0.00054810784,1
G063,G005,0.0005456081,1
G096,G073,0.0005454205,1
G099,G059,0.0005426942,1
G022,G015,0.00054060627,1
G016,G082,0.0005390198,1
G008,G077,0.00053900864,1
G047,G095,0.00053844537,1
G038,G084,0.000536036,1
G035,G060,0.0005352001,1
G012,G097,0.00053396716,1
G078,G027,0.000533598,1
G047,G055,0.00053294224,1
G028,G001,0.0005310879,1
G044,G042,0.00053099834,1
G030,G065,0.0005305614,1
G033,G057,0.0005295754,1
G042,G076,0.00052880245,1
G061,G024,0.0005280753,1
G028,G011,0.00052690227,1
G037,G086,0.00052609027,1
G033,G054,0.00052560674,1
G046,G058,0.00052485615,1
G083,G040,0.0005218561,1
G041,G009,0.0005186231,1
G011,G088,0.0005168513,1
G071,G090,0.0005153144,1
G046,G011,0.0005144414,1
G012,G011,0.0005141464,1
G092,G056,0.0005112029,1
G095,G063,0.0005105083,1
G045,G006,0.0005103143,1
G061,G069,0.0005090195,1
G023,G037,0.0005085846,1
G013,G026,0.0005084083,1
G046,G029,0.0005074441,1
G087,G099,0.000506163,1
G073,G079,0.00050396967,1
G048,G023,0.0005033146,1
G043,G024,0.0005023196,1
G052,G037,0.0005019167,1
G062,G092,0.00050152536,1
G096,G097,0.0005012895,1
G022,G008,0.00049750216,1
G093,G030,0.00049638114,1
G087,G042,0.0004963808,1
G043,G094,0.0004894798,1
G021,G093,0.0004891697,1
G021,G032,0.0004887822,1
G087,G045,0.00048749128,1
G026,G052,0.0004846387,1
G030,G086,0.00048436862,1
G054,G021,0.00048268912,1
G087,G035,0.00048212832,1
G088,G096,0.0004784841,1
G078,G006,0.00047730276,1
G017,G050,0.0004756352,1
G092,G022,0.0004746613,1
G086,G088,0.00047453,1
G052,G062,0.00047450225,1
G054,G032,0.00047306964,1
G008,G067,0.00047283608,1
G048,G082,0.0004724634,1
G087,G089,0.00046951097,1
G085,G017,0.00046736802,1
G083,G086,0.00046555453,1
G095,G016,0.00046445706,1
G050,G068,0.0004643801,1
G083,G003,0.0004631732,1
G048,G022,0.00046172828,1
G058,G067,0.00046116742,1
G027,G032,0.00046076492,1
G006,G007,0.00046036977,1
G034,G065,0.00045750686,1
G043,G051,0.000457273,1
G029,G035,0.00045574014,1
G049,G037,0.00045403154,1
G096,G054,0.0004537646,1
G009,G081,0.00045306902,1
G066,G077,0.00044875577,1
G040,G052,0.0004484209,1
G088,G034,0.00044559376,1
G098,G082,0.00044455263,1
G097,G085,0.0004445503,1
G025,G070,0.00044296257,1
G017,G030,0.00044106325,1
G071,G087,0.00044039823,1
G062,G026,0.00043917279,1
G056,G088,0.0004387575,1
G096,G063,0.00043851638,1
G046,G098,0.00043388363,1
G004,G094,0.00043330053,1
G017,G062,0.00043257137,1
G100,G080,0.00043138338,1
G059,G052,0.00043118326,1
G064,G002,0.00043098663,1
G037,G003,0.0004306649,1
G069,G034,0.00043006905,1
G013,G074,0.00043006663,1
G042,G059,0.00043005784,1
G092,G033,0.00043005202,1
G004,G044,0.0004295556,1
G097,G028,0.00042814092,1
G048,G033,0.00042721373,1
G012,G037,0.0004259476,1
G015,G087,0.00042537856,1
G037,G065,0.00042399103,1
G095,G056,0.00042321096,1
G047,G031,0.00042139957,1
G092,G051,0.0004209934,1
G049,G089,0.0004207646,1
G094,G055,0.0004185374,1
G013,G065,0.0004181424,1
G091,G050,0.00041779582,1
G005,G012,0.00041773132,1
G087,G037,0.0004161745,1
G062,G014,0.00041523832,1
G057,G010,0.00041504198,1
G014,G005,0.00041485194,1
G046,G010,0.00041470813,1
G061,G078,0.00041448078,1
G075,G026,0.0004132698,1
G021,G065,0.00041142938,1
G054,G039,0.00040701003,1
G052,G099,0.00040673342,1
G015,G099,0.0004024983,1
G032,G097,0.0004006347,1
G042,G097,0.00040053163,1
G083,G100,0.00039968189,1
G075,G048,0.00039925607,1
G056,G091,0.00039780847,1
G026,G074,0.00039565953,1
G011,G065,0.0003955665,1
G037,G056,0.00039496287,1
G046,G012,0.0003944987,1
G073,G052,0.00039419165,1
G043,G007,0.0003939568,1
G008,G043,0.00039254327,1
G091,G055,0.00038827187,1
G030,G087,0.0003872864,1
G068,G024,0.00038707524,1
G098,G012,0.00038601088,1
G098,G060,0.00038545777,1
G035,G061,0.0003853286,1
G011,G020,0.0003850151,1
G049,G025,0.00038498818,1
G015,G046,0.00038435234,1
G070,G097,0.00038407373,1
G040,G054,0.0003839358,1
G068,G033,0.00038302812,1
G091,G061,0.00038127828,1
G049,G024,0.00038100235,1
G008,G018,0.0003807741,1
G072,G073,0.00037841202,1
G039,G050,0.00037819802,1
G083,G064,0.0003779476,1
G082,G093,0.00037714516,1
G076,G070,0.0003761134,1
G046,G006,0.00037128112,1
G026,G058,0.0003712558,1
G051,G045,0.00037061676,1
G010,G054,0.0003673992,1
G022,G053,0.0003668015,1
G033,G023,0.00036475417,1
G088,G037,0.00036376034,1
G020,G063,0.00036344992,1
G070,G074,0.00036259476,1
G036,G071,0.0003624341,1
G038,G001,0.00036236458,1
G075,G009,0.0003620944,1
G067,G051,0.00036178107,1
G039,G008,0.00035975577,1
G069,G046,0.00035962643,1
G099,G044,0.00035944776,1
G049,G056,0.00035888716,1
G029,G018,0.0003580526,1
G079,G039,0.00035788654,1
G037,G079,0.00035779126,1
G013,G061,0.0003572417,1
G048,G092,0.00035650318,1
G057,G040,0.0003561113,1
G023,G014,0.000355633,1
G098,G018,0.00035538664,1
G097,G039,0.00035512363,1
G083,G022,0.00035415508,1
G026,G081,0.0003527478,1
G067,G027,0.00035183257,1
G075,G085,0.00035148338,1
G014,G095,0.00035125873,1
G005,G060,0.0003509574,1
G014,G036,0.00035059275,1
G087,G041,0.0003505622,1
G002,G076,0.00035037973,1
G040,G046,0.00035006765,1
G005,G039,0.00034978462,1
G059,G095,0.00034965074,1
G056,G029,0.0003490446,1
G050,G029,0.00034649658,1
G099,G006,0.00034595857,1
G080,G067,0.0003443642,1
G080,G030,0.0003440762,1
G046,G026,0.00034384735,1
G027,G071,0.0003435596,1
G026,G034,0.00034298238,1
G071,G062,0.00034264568,1
G095,G087,0.00034243395,1
G054,G097,0.00034195758,1
G096,G044,0.0003405377,1
G020,G060,0.00033998926,1
G014,G096,0.00033917205,1
G021,G098,0.000339164,1
G038,G036,0.00033879932,1
G042,G009,0.00033861128,1
G041,G011,0.00033679052,1
G059,G024,0.00033610556,1
G047,G038,0.00033609336,1
G076,G026,0.00033568867,1
G051,G096,0.0003341728,1
G023,G062,0.00033352769,1
G044,G081,0.00033296476,1
G027,G081,0.00033293752,1
G067,G011,0.00033227276,1
G025,G088,0.00033095523,1
G013,G012,0.0003301638,1
G054,G049,0.0003299734,1
G085,G046,0.0003299444,1
G095,G019,0.00032962507,1
G009,G049,0.0003290992,1
G072,G006,0.00032883295,1
G018,G017,0.00032838428,1
G011,G002,0.000328001,1
G034,G081,0.00032557547,1
G015,G005,0.00032517296,1
G023,G040,0.00032484805,1
G054,G079,0.0003247607,1
G044,G023,0.00032382764,1
G015,G031,0.00032294722,1
G077,G097,0.00032270933,1
G031,G057,0.0003226466,1
G051,G038,0.00032259492,1
G012,G057,0.00032247737,1
G009,G095,0.0003222528,1
G006,G020,0.00032172728,1
G061,G012,0.00032103393,1
G058,G021,0.00032071114,1
G024,G049,0.00031954364,1
G004,G009,0.00031814864,1
G020,G069,0.0003176594,1
G011,G008,0.00031706772,1
G044,G060,0.0003162576,1
G043,G087,0.00031582377,1
G088,G001,0.00031530194,1
G044,G095,0.00031500452,1
G018,G015,0.0003149409,1
G013,G006,0.00031360862,1
G031,G028,0.00031351618,1
G044,G043,0.00031283434,1
G067,G085,0.00031260608,1
G073,G083,0.000311831,1
G027,G015,0.00031176014,1
G021,G010,0.00031109675,1
G073,G086,0.00031108627,1
G062,G038,0.0003110275,1
G046,G088,0.00031047288,1
G097,G080,0.00031033525,1
G037,G063,0.00030989436,1
G025,G053,0.0003098928,1
G009,G056,0.0003096745,1
G044,G011,0.0003092228,1
G035,G028,0.00030900002,1
G082,G048,0.00030858075,1
G044,G022,0.00030750773,1
G079,G020,0.00030671872,1
G033,G020,0.0003060831,1
G056,G085,0.00030598062,1
G036,G013,0.00030585076,1
G013,G007,0.00030535826,1
G007,G088,0.0003046861,1
G093,G082,0.00030462627,1
G041,G043,0.00030452,1
G075,G029,0.0003041056,1
G065,G082,0.00030381663,1
G090,G015,0.00030321238,1
G019,G020,0.00030303694,1
G026,G028,0.00030291805,1
G008,G100,0.00030237442,1
G093,G057,0.000301465,1
G045,G072,0.00030129036,1
G046,G022,0.0003009208,1
G093,G062,0.00029969073,1
G018,G026,0.00029963444,1
G060,G071,0.0002993467,1
G072,G021,0.00029892678,1
G033,G010,0.00029828303,1
G087,G071,0.00029820396,1
G014,G097,0.00029786842,1
G018,G014,0.00029783856,1
G073,G008,0.00029685858,1
G093,G052,0.0002966828,1
G078,G043,0.00029656233,1
G077,G025,0.0002962272,1
G061,G041,0.00029589096,1
G041,G086,0.00029539896,1
G049,G096,0.00029532815,1
G066,G032,0.00029520615,1
G089,G055,0.0002948842,1
G093,G022,0.00029436997,1
G078,G028,0.0002937278,1
G035,G023,0.0002937241,1
G086,G028,0.0002916824,1
G007,G099,0.0002915057,1
G079,G019,0.0002894798,1
G066,G008,0.00028863628,1
G053,G081,0.00028781962,1
G099,G086,0.00028780155,1
G097,G062,0.00028762926,1
G022,G024,0.00028689933,1
G045,G067,0.00028688513,1
G002,G074,0.00028555802,1
G005,G001,0.00028509155,1
G033,G080,0.00028443596,1
G072,G031,0.0002834664,1
G068,G039,0.0002833565,1
G055,G031,0.00028254034,1
G041,G092,0.0002825178,1
G068,G014,0.00028196722,1
G075,G082,0.00028166224,1
G059,G002,0.00028153387,1
G082,G075,0.00028146952,1
G001,G096,0.0002796231,1
G084,G069,0.0002795036,1
G005,G017,0.00027936825,1
G092,G052,0.00027906318,1
G007,G026,0.00027703648,1
G052,G067,0.00027672946,1
G050,G077,0.00027588793,1
G041,G093,0.00027552384,1
G080,G065,0.00027534078,1
G049,G003,0.0002748148,1
G100,G009,0.00027459668,1
G051,G068,0.0002742998,1
G027,G017,0.0002740836,1
G056,G017,0.00027332027,1
G023,G060,0.00027284847,1
G079,G047,0.0002717323,1
G098,G035,0.0002716388,1
G005,G081,0.00027141112,1
G098,G064,0.00027059845,1
G071,G033,0.0002701352,1
G063,G040,0.00027000354,1
G052,G097,0.00026980494,1
G094,G037,0.00026972758,1
G098,G036,0.00026968247,1
G045,G030,0.000269313,1
G022,G026,0.00026880842,1
G021,G022,0.00026825818,1
G100,G028,0.00026815446,1
G090,G054,0.00026696146,1
G072,G004,0.00026614356,1
G004,G049,0.00026593546,1
G076,G042,0.00026591757,1
G047,G062,0.00026571695,1
G052,G080,0.0002654831,1
G088,G011,0.0002643758,1
G095,G006,0.00026424925,1
G087,G076,0.0002637664,1
G013,G052,0.0002634483,1
G064,G093,0.00026317794,1
G089,G059,0.0002626691,1
G067,G012,0.0002621538,1
G004,G037,0.00026163948,1
G025,G080,0.0002615413,1
G029,G004,0.000260403,1
G079,G077,0.00026017625,1
G030,G042,0.00026016295,1
G032,G020,0.00025958297,1
G085,G020,0.00025853416,1
G061,G044,0.00025828314,1
G041,G003,0.00025821078,1
G027,G043,0.00025759081,1
G016,G080,0.00025738464,1
G080,G021,0.00025641327,1
G040,G029,0.00025617477,1
G029,G064,0.00025597616,1
G069,G058,0.00025584604,1
G075,G043,0.0002554363,1
G070,G096,0.000254799,1
G070,G087,0.00025397795,1
G028,G087,0.00025387615,1
G019,G018,0.0002527311,1
G048,G013,0.0002515532,1
G014,G028,0.00025149266,1
G065,G069,0.00025102956,1
G068,G030,0.0002510108,1
G068,G074,0.0002501477,1
G093,G049,0.00024919005,1
G016,G087,0.0002481259,1
G026,G079,0.00024777817,1
G065,G042,0.00024759778,1
G039,G031,0.00024702342,1
G006,G066,0.00024692615,1
G002,G090,0.00024687563,1
G058,G082,0.00024642574,1
G053,G032,0.00024457628,1
G021,G013,0.00024415617,1
G015,G090,0.0002441489,1
G008,G078,0.00024407603,1
G062,G072,0.0002428407,1
G002,G078,0.0002421817,1
G058,G039,0.00024138809,1
G006,G094,0.00024114132,1
G087,G097,0.00024088274,1
G008,G041,0.0002397184,1
G071,G018,0.00023956948,1
G084,G040,0.00023930107,1
G100,G013,0.00023868619,1
G032,G022,0.00023865483,1
G034,G060,0.00023863066,1
G003,G006,0.00023846762,1
G017,G040,0.00023834218,1
G098,G086,0.00023753876,1
G055,G085,0.00023714281,1
G056,G075,0.00023575306,1
G093,G094,0.00023475545,1
G059,G037,0.00023468699,1
G042,G054,0.00023460743,1
G002,G073,0.00023423429,1
G016,G002,0.00023346923,1
G077,G085,0.00023127625,1
G062,G063,0.00023088571,1
G015,G094,0.00022913999,1
G081,G013,0.00022901146,1
G027,G099,0.00022760834,1
G093,G068,0.00022671706,1
G085,G001,0.00022625926,1
G061,G009,0.00022540196,1
G002,G100,0.00022527527,1
G042,G077,0.00022441147,1
G075,G098,0.00022362951,1
G003,G081,0.00022152027,1
G017,G086,0.000221509,1
G046,G041,0.00022084141,1
G049,G091,0.0002197214,1
G018,G025,0.00021900846,1
G019,G014,0.00021892713,1
G092,G006,0.00021890395,1
G028,G094,0.00021841127,1
G084,G001,0.00021826767,1
G019,G085,0.00021823811,1
G092,G065,0.00021782135,1
G080,G036,0.00021778388,1
G062,G023,0.00021776723,1
G053,G036,0.00021689557,1
G036,G007,0.00021678518,1
G080,G049,0.00021591285,1
G061,G039,0.00021521408,1
G018,G042,0.0002147411,1
G091,G083,0.0002134491,1
G074,G063,0.00021298761,1
G011,G079,0.00021260142,1
G029,G028,0.00021229371,1
G098,G033,0.00021222612,1
G089,G053,0.00021124435,1
G035,G064,0.00020995247,1
G061,G033,0.0002098246,1
G069,G016,0.00020924954,1
G045,G001,0.0002091668,1
G009,G055,0.0002089806,1
G050,G002,0.00020859695,1
G056,G022,0.00020848932,1
G079,G033,0.000207537,1
G071,G094,0.00020721358,1
G086,G016,0.00020659792,1
G075,G039,0.00020655074,1
G083,G004,0.00020647416,1
G058,G092,0.00020591379,1
G069,G095,0.00020571836,1
G099,G060,0.00020568415,1
G020,G051,0.00020563797,1
G037,G008,0.0002053001,1
G040,G075,0.0002052959,1
G006,G092,0.00020394321,1
G021,G018,0.00020336307,1
G068,G009,0.00020328247,1
G007,G017,0.00020297112,1
G045,G032,0.00020276482,1
G077,G004,0.00020258216,1
G050,G054,0.00020243974,1
G015,G039,0.00020234514,1
G028,G078,0.00020131387,1
G062,G002,0.0002004298,1
G058,G070,0.00020019406,1
G040,G003,0.0001998033,1
G100,G059,0.00019975424,1
G026,G086,0.00019908675,1
G059,G030,0.00019864556,1
G010,G038,0.00019809317,1
G081,G096,0.00019808732,1
G016,G068,0.00019803186,1
G091,G040,0.00019725588,1
G098,G016,0.00019721175,1
G049,G092,0.00019699165,1
G063,G022,0.00019694233,1
G090,G089,0.00019685716,1
G032,G054,0.00019685458,1
G096,G099,0.00019609962,1
G075,G058,0.00019506318,1
G058,G051,0.00019504994,1
G071,G043,0.00019494143,1
G079,G078,0.00019485096,1
G067,G095,0.00019434514,1
G097,G051,0.00019276133,1
G062,G010,0.00019238892,1
G030,G033,0.00019147103,1
G070,G047,0.00019142995,1
G008,G081,0.00019140699,1
G044,G086,0.00019135422,1
G064,G029,0.00019034103,1
G034,G074,0.00019022635,1
G087,G081,0.0001893284,1
G015,G100,0.00018923865,1
G029,G078,0.00018896989,1
G008,G084,0.00018694975,1
G082,G090,0.00018683258,1
G019,G095,0.000186818,1
G089,G039,0.00018637667,1
G032,G066,0.00018562686,1
G076,G018,0.00018536141,1
G059,G056,0.00018455688,1
G093,G028,0.0001844789,1
G081,G086,0.00018403083,1
G087,G022,0.00018400254,1
G052,G055,0.00018321723,1
G064,G095,0.00018300964,1
G095,G062,0.00018245325,1
G033,G046,0.00018220374,1
G009,G004,0.00018170991,1
G023,G004,0.0001810284,1
G062,G075,0.00018101813,1
G040,G096,0.00018080104,1
G067,G023,0.00018062654,1
G036,G056,0.00018043791,1
G043,G090,0.00018020802,1
G054,G026,0.00018013036,1
G063,G033,0.00017985683,1
G060,G031,0.00017879462,1
G065,G052,0.00017879288,1
G060,G039,0.00017871233,1
G095,G055,0.000178366,1
G036,G069,0.00017816931,1
G087,G067,0.0001780639,1
G015,G042,0.00017790374,1
G060,G062,0.0001767733,1
G017,G088,0.00017658796,1
G062,G090,0.00017651175,1
G023,G044,0.00017627906,1
G061,G052,0.00017595786,1
G035,G062,0.00017564604,1
G091,G043,0.00017497504,1
G049,G015,0.00017484349,1
G018,G013,0.00017472229,1
G059,G011,0.00017415234,1
G006,G027,0.00017329397,1
G052,G029,0.00017307552,1
G050,G088,0.0001729259,1
G078,G052,0.00017179566,1
G082,G063,0.00017107767,1
G072,G083,0.00017005186,1
G022,G035,0.00016985394,1
G090,G050,0.00016955593,1
G037,G011,0.0001690092,1
G062,G059,0.0001688804,1
G019,G091,0.0001687306,1
G085,G100,0.00016866565,1
G085,G055,0.0001686625,1
G048,G097,0.00016850693,1
G041,G033,0.0001681707,1
G029,G089,0.00016789722,1
G049,G032,0.00016724183,1
G030,G022,0.0001664772,1
G086,G066,0.00016616154,1
G053,G029,0.00016568294,1
G059,G032,0.00016461329,1
G053,G051,0.00016460025,1
G055,G082,0.00016453443,1
G001,G084,0.00016442299,1
G026,G059,0.00016421649,1
G003,G001,0.00016406098,1
G009,G096,0.00016404346,1
G086,G034,0.00016350955,1
G007,G092,0.00016331383,1
G008,G058,0.00016312124,1
G085,G022,0.00016303796,1
G063,G013,0.00016296904,1
G046,G047,0.00016293896,1
G059,G022,0.00016226321,1
G082,G011,0.00016185897,1
G003,G073,0.0001617068,1
G058,G047,0.00016169588,1
G021,G079,0.0001614718,1
G087,G024,0.00016111443,1
G003,G071,0.00016061014,1
G064,G072,0.00016035615,1
G056,G019,0.00016028542,1
G076,G014,0.00016021692,1
G076,G078,0.00016020126,1
G097,G088,0.00015927046,1
G074,G079,0.00015922866,1
G046,G021,0.00015921611,1
G059,G029,0.00015920911,1
G030,G079,0.00015868989,1
G005,G006,0.00015842287,1
G099,G084,0.00015814655,1
G052,G005,0.00015698932,1
G027,G057,0.00015669632,1
G049,G085,0.00015659815,1
G044,G096,0.00015619273,1
G027,G016,0.00015603185,1
G094,G084,0.00015533941,1
G073,G009,0.00015448673,1
G071,G046,0.0001543479,1
G068,G011,0.0001542707,1
G006,G032,0.00015378803,1
G044,G032,0.0001526149,1
G014,G019,0.00015258134,1
G027,G095,0.00015249175,1
G053,G093,0.00015248814,1
G075,G083,0.00015234754,1
G043,G046,0.00015226753,1
G017,G033,0.00015170462,1
G012,G053,0.00015167744,1
G065,G078,0.00015088996,1
G017,G024,0.000150826,1
G034,G046,0.00015050163,1
G022,G027,0.00015034089,1
G009,G071,0.00014972585,1
G025,G019,0.00014949388,1
G062,G070,0.00014902724,1
G054,G076,0.00014873008,1
G026,G100,0.00014866576,1
G045,G061,0.00014853041,1
G035,G046,0.00014738682,1
G064,G040,0.00014717854,1
G073,G013,0.00014702679,1
G092,G086,0.00014653275,1
G016,G058,0.00014599109,1
G004,G093,0.00014579359,1
G041,G040,0.00014528904,1
G029,G042,0.00014497788,1
G054,G085,0.00014455894,1
G097,G090,0.0001445441,1
G034,G042,0.00014443604,1
G082,G050,0.00014429682,1
G071,G017,0.00014401312,1
G003,G051,0.00014376339,1
G051,G005,0.00014348915,1
G073,G042,0.00014347541,1
G073,G048,0.00014329967,1
G018,G007,0.00014310329,1
G099,G056,0.00014302741,1
G035,G072,0.00014292661,1
G075,G040,0.000142856,1
G074,G064,0.00014272216,1
G022,G040,0.00014264535,1
G080,G098,0.00014261426,1
G069,G012,0.00014240276,1
G005,G075,0.00014198158,1
G093,G016,0.00014114061,1
G045,G042,0.00014107447,1
G083,G012,0.00014105561,1
G094,G007,0.00014042639,1
G016,G084,0.00014012463,1
G062,G064,0.00014009826,1
G011,G100,0.00014002724,1
G041,G064,0.00013900931,1
G055,G088,0.00013883667,1
G007,G064,0.0001382583,1
G092,G072,0.00013714307,1
G007,G082,0.00013671296,1
G001,G089,0.00013644843,1
G031,G062,0.000136338,1
G003,G016,0.00013617409,1
G003,G012,0.00013608576,1
G075,G005,0.00013592314,1
G071,G009,0.00013592107,1
G046,G070,0.00013582488,1
G005,G033,0.00013542704,1
G094,G028,0.00013517971,1
G091,G100,0.00013473963,1
G048,G069,0.00013469964,1
G067,G017,0.00013443982,1
G065,G083,0.00013395603,1
G095,G040,0.00013390763,1
G021,G076,0.00013386953,1
G038,G035,0.00013357692,1
G059,G054,0.00013249577,1
G055,G003,0.00013219155,1
G077,G057,0.00013207152,1
G066,G067,0.00013199996,1
G029,G012,0.00013132935,1
G011,G095,0.00013073794,1
G063,G043,0.00013040523,1
G089,G008,0.00012958303,1
G021,G011,0.00012954728,1
G051,G087,0.00012930649,1
G025,G058,0.00012928635,1
G060,G074,0.00012844778,1
G071,G072,0.00012831707,1
G058,G052,0.00012826307,1
G021,G008,0.00012825866,1
G007,G071,0.00012769485,1
G090,G027,0.00012619724,1
G042,G100,0.0001259478,1
G009,G099,0.00012592334,1
G048,G056,0.00012574607,1
G011,G050,0.0001257157,1
G088,G004,0.00012524425,1
G019,G051,0.00012503754,1
G094,G070,0.00012463791,1
G038,G075,0.00012338921,1
G076,G100,0.00012316147,1
G065,G024,0.00012311945,1
G007,G015,0.00012310609,1
G077,G022,0.00012307639,1
G069,G050,0.00012306424,1
G044,G064,0.00012285744,1
G011,G059,0.00012268392,1
G074,G010,0.0001224411,1
G022,G049,0.00012243047,1
G094,G079,0.00012190249,1
G004,G054,0.00012100779,1
G061,G056,0.00012080211,1
G051,G099,0.000120759396,1
G070,G081,0.00011975012,1
G025,G073,0.00011972684,1
G048,G006,0.00011948439,1
G019,G087,0.00011893382,1
G057,G026,0.00011884397,1
G088,G044,0.000118659154,1
G083,G023,0.00011835123,1
G045,G055,0.00011819569,1
G012,G028,0.00011789619,1
G018,G080,0.00011724693,1
G047,G056,0.00011664448,1
G051,G017,0.000116184434,1
G038,G078,0.00011616142,1
G007,G062,0.00011615658,1
G064,G015,0.000115606184,1
G076,G048,0.00011549169,1
G081,G029,0.00011491959,1
G091,G020,0.000114693226,1
G078,G025,0.00011458783,1
G026,G025,0.00011454411,1
G082,G077,0.00011447505,1
G029,G040,0.00011406448,1
G024,G030,0.00011362435,1
G080,G004,0.00011340129,1
G081,G036,0.00011339069,1
G037,G090,0.00011331709,1
G070,G076,0.000112717215,1
G041,G070,0.00011269553,1
G014,G075,0.00011254401,1
G060,G098,0.000112340684,1
G013,G053,0.000111633395,1
G084,G039,0.00011135785,1
G018,G090,0.00011104172,1
G049,G044,0.00011084414,1
G099,G050,0.00011070162,1
G045,G033,0.00010979553,1
G030,G021,0.00010951641,1
G016,G059,0.000109415516,1
G036,G081,0.000109237575,1
G097,G020,0.000108814515,1
G058,G031,0.00010805822,1
G057,G031,0.00010773761,1
G063,G052,0.000107266045,1
G100,G024,0.000107197564,1
G007,G077,0.00010717451,1
G063,G009,0.00010678598,1
G084,G079,0.00010668822,1
G045,G025,0.00010614133,1
G095,G039,0.000106091036,1
G091,G003,0.00010563454,1
G060,G020,0.000105608626,1
G032,G010,0.00010549774,1
G037,G013,0.00010538665,1
G047,G099,0.00010506996,1
G076,G038,0.0001048544,1
G010,G031,0.000104827224,1
G036,G028,0.00010478646,1
G056,G089,0.00010465579,1
G097,G056,0.00010457715,1
G067,G081,0.000104171246,1
G067,G079,0.00010390424,1
G065,G064,0.00010347582,1
G038,G006,0.000103470076,1
G028,G033,0.00010325126,1
G008,G076,0.000102949125,1
G030,G025,0.00010235314,1
G016,G023,0.00010215602,1
G003,G085,0.00010205256,1
G042,G039,0.00010197205,1
G001,G087,0.00010195453,1
G072,G081,0.00010194477,1
G099,G051,0.00010175762,1
G019,G008,0.00010135765,1
G012,G073,0.000101185484,1
G093,G097,0.00010106442,1
G052,G022,0.00010073969,1
G057,G060,0.00010072902,1
G074,G054,0.00010071835,1
G015,G077,0.000100434394,1
G073,G022,0.000100240075,1
G090,G019,0.00010012142,1
G036,G044,0.00010009456,1
G059,G031,9.992567e-05,1
G066,G080,9.987607e-05,1
G093,G009,9.9829726e-05,1
G057,G034,9.897147e-05,1
G083,G027,9.863064e-05,1
G098,G013,9.85893e-05,1
G017,G079,9.856351e-05,1
G022,G095,9.853534e-05,1
G069,G047,9.8382996e-05,1
G084,G012,9.82943e-05,1
G030,G066,9.8173776e-05,1
G009,G100,9.808109e-05,1
G003,G039,9.803521e-05,1
G064,G099,9.763193e-05,1
G067,G084,9.761771e-05,1
G098,G076,9.7460885e-05,1
G044,G073,9.676706e-05,1
G051,G072,9.667459e-05,1
G066,G055,9.616362e-05,1
G074,G001,9.605114e-05,1
G100,G004,9.592119e-05,1
G031,G098,9.59049e-05,1
G095,G070,9.5813666e-05,1
G065,G054,9.568812e-05,1
G078,G069,9.551091e-05,1
G078,G033,9.503138e-05,1
G071,G095,9.500877e-05,1
G076,G010,9.420411e-05,1
G007,G051,9.4092306e-05,1
G037,G080,9.4056515e-05,1
G050,G016,9.374494e-05,1
G026,G032,9.354547e-05,1
G074,G100,9.3418064e-05,1
G039,G067,9.31525e-05,1
G051,G023,9.273992e-05,1
G018,G002,9.255927e-05,1
G014,G024,9.249201e-05,1
G007,G084,9.2410024e-05,1
G083,G069,9.159201e-05,1
G017,G022,9.1510796e-05,1
G097,G099,9.147961e-05,1
G035,G032,9.135532e-05,1
G021,G041,9.1347014e-05,1
G071,G003,9.1214846e-05,1
G051,G069,9.100228e-05,1
G043,G058,9.080072e-05,1
G059,G021,9.073964e-05,1
G093,G091,9.0271285e-05,1
G050,G049,9.016561e-05,1
G054,G059,9.01616e-05,1
G023,G081,8.961857e-05,1
G021,G006,8.947912e-05,1
G086,G053,8.886773e-05,1
G034,G024,8.838063e-05,1
G038,G027,8.8314955e-05,1
G022,G034,8.830283e-05,1
G042,G037,8.8252935e-05,1
G069,G006,8.8007095e-05,1
G080,G016,8.7860615e-05,1
G005,G037,8.7403176e-05,1
G032,G045,8.725762e-05,1
G035,G016,8.72246e-05,1
G081,G058,8.712011e-05,1
G074,G060,8.622663e-05,1
G053,G097,8.612738e-05,1
G026,G017,8.61017e-05,1
G031,G050,8.6097534e-05,1
G094,G059,8.602091e-05,1
G014,G048,8.5995875e-05,1
G039,G098,8.596862e-05,1
G019,G015,8.554676e-05,1
G025,G035,8.5378604e-05,1
G020,G017,8.523397e-05,1
G026,G033,8.502006e-05,1
G004,G065,8.495141e-05,1
G064,G001,8.466204e-05,1
G016,G037,8.427549e-05,1
G016,G049,8.324353e-05,1
G098,G020,8.30824e-05,1
G040,G095,8.2582024e-05,1
G053,G018,8.2049046e-05,1
G009,G030,8.1750586e-05,1
G029,G060,8.1510334e-05,1
G014,G071,8.107967e-05,1
G093,G036,8.072926e-05,1
G090,G072,8.051754e-05,1
G063,G053,8.046998e-05,1
G036,G096,8.036411e-05,1
G037,G074,8.008884e-05,1
G069,G080,8.002421e-05,1
G043,G100,7.979134e-05,1
G024,G083,7.975795e-05,1
G004,G012,7.964177e-05,1
G026,G001,7.961746e-05,1
G017,G055,7.942791e-05,1
G042,G055,7.926562e-05,1
G040,G055,7.922381e-05,1
G023,G045,7.916577e-05,1
G024,G038,7.902306e-05,1
G030,G005,7.900514e-05,1
G036,G082,7.894847e-05,1
G077,G099,7.8839315e-05,1
G022,G033,7.8583595e-05,1
G021,G028,7.8327335e-05,1
G095,G073,7.7518656e-05,1
G028,G032,7.721987e-05,1
G045,G082,7.710994e-05,1
G055,G084,7.67026e-05,1
G052,G098,7.65009e-05,1
G064,G038,7.6487864e-05,1
G067,G094,7.623459e-05,1
G008,G098,7.604637e-05,1
G033,G072,7.592348e-05,1
G066,G073,7.529256e-05,1
G024,G057,7.5071024e-05,1
G095,G045,7.491339e-05,1
G083,G026,7.475115e-05,1
G022,G099,7.468931e-05,1
G096,G051,7.465324e-05,1
G045,G051,7.418149e-05,1
G078,G057,7.3893374e-05,1
G099,G012,7.3778116e-05,1
G076,G059,7.263638e-05,1
G088,G029,7.247676e-05,1
G037,G060,7.18637e-05,1
G091,G078,7.1749506e-05,1
G005,G055,7.108895e-05,1
G099,G040,7.064451e-05,1
G014,G089,7.059154e-05,1
G045,G060,7.048772e-05,1
G019,G067,7.038721e-05,1
G051,G052,6.9804504e-05,1
G020,G030,6.975191e-05,1
G024,G039,6.958158e-05,1
G016,G021,6.9455586e-05,1
G025,G063,6.930214e-05,1
G044,G028,6.887337e-05,1
G084,G025,6.797464e-05,1
G095,G023,6.776981e-05,1
G038,G059,6.755999e-05,1
G039,G024,6.7332294e-05,1
G064,G020,6.700126e-05,1
G055,G033,6.682357e-05,1
G031,G047,6.666022e-05,1
G073,G064,6.65534e-05,1
G007,G067,6.6400105e-05,1
G031,G024,6.621846e-05,1
G066,G042,6.5913155e-05,1
G057,G014,6.515765e-05,1
G089,G020,6.512447e-05,1
G018,G020,6.5070526e-05,1
G020,G080,6.501562e-05,1
G051,G011,6.451332e-05,1
G035,G008,6.447243e-05,1
G003,G058,6.4389955e-05,1
G036,G035,6.4364634e-05,1
G047,G026,6.401448e-05,1
G013,G017,6.39221e-05,1
G004,G022,6.3405685e-05,1
G012,G048,6.311921e-05,1
G065,G066,6.289883e-05,1
G048,G083,6.282737e-05,1
G054,G035,6.279536e-05,1
G074,G051,6.278642e-05,1
G026,G084,6.228742e-05,1
G060,G057,6.220115e-05,1
G025,G072,6.2185725e-05,1
G070,G028,6.210048e-05,1
G020,G100,6.2037405e-05,1
G022,G048,6.203632e-05,1
G031,G072,6.203387e-05,1
G061,G046,6.178424e-05,1
G025,G062,6.173434e-05,1
G033,G034,6.171875e-05,1
G083,G035,6.151345e-05,1
G017,G051,6.0949507e-05,1
G008,G082,6.0879513e-05,1
G009,G098,6.0852395e-05,1
G094,G068,6.0778257e-05,1
G033,G064,6.073974e-05,1
G005,G052,6.0549075e-05,1
G099,G027,6.0320166e-05,1
G099,G090,6.0310515e-05,1
G079,G018,6.0073606e-05,1
G081,G031,6.0026654e-05,1
G056,G039,6.000325e-05,1
G092,G045,5.9970105e-05,1
G068,G081,5.9610193e-05,1
G078,G083,5.9479396e-05,1
G094,G095,5.9407408e-05,1
G060,G032,5.9301685e-05,1
G030,G060,5.920342e-05,1
G068,G022,5.9175632e-05,1
G046,G044,5.8615962e-05,1
G081,G044,5.8606878e-05,1
G017,G099,5.842176e-05,1
G057,G025,5.791681e-05,1
G076,G079,5.6934565e-05,1
G017,G046,5.6694564e-05,1
G023,G072,5.663192e-05,1
G075,G056,5.610545e-05,1
G017,G019,5.5907392e-05,1
G049,G033,5.5781242e-05,1
G047,G097,5.5595683e-05,1
G062,G053,5.5226e-05,1
G091,G090,5.4784497e-05,1
G100,G050,5.473716e-05,1
G077,G007,5.4723656e-05,1
G025,G038,5.4557637e-05,1
G086,G026,5.416476e-05,1
G098,G059,5.3705404e-05,1
G010,G005,5.3666998e-05,1
G092,G077,5.3641295e-05,1
G022,G044,5.3403346e-05,1
G012,G059,5.297839e-05,1
G090,G073,5.2759395e-05,1
G041,G036,5.2697083e-05,1
G070,G029,5.2371757e-05,1
G100,G086,5.1742096e-05,1
G058,G077,5.142179e-05,1
G033,G037,5.1213097e-05,1
G068,G066,5.1176157e-05,1
G064,G014,5.1007057e-05,1
G081,G037,5.0551556e-05,1
G098,G044,5.0443858e-05,1
G084,G028,5.0334867e-05,1
G012,G036,5.0317212e-05,1
G059,G057,5.020639e-05,1
G076,G046,5.0188202e-05,1
G005,G082,4.9669503e-05,1
G098,G057,4.9305392e-05,1
G048,G002,4.9204296e-05,1
G073,G010,4.917448e-05,1
G040,G024,4.8895286e-05,1
G060,G068,4.8353162e-05,1
G057,G017,4.7655594e-05,1
G080,G040,4.7504527e-05,1
G048,G001,4.7088528e-05,1
G057,G085,4.6591536e-05,1
G085,G014,4.6465404e-05,1
G065,G092,4.6378846e-05,1
G091,G088,4.6349072e-05,1
G040,G021,4.6228997e-05,1
G099,G030,4.6103523e-05,1
G041,G019,4.607486e-05,1
G085,G027,4.535158e-05,1
G051,G008,4.5298937e-05,1
G005,G059,4.5172248e-05,1
G005,G090,4.5025557e-05,1
G044,G070,4.479391e-05,1
G097,G059,4.4748092e-05,1
G034,G013,4.427207e-05,1
G007,G073,4.404021e-05,1
G024,G029,4.3785833e-05,1
G036,G001,4.355522e-05,1
G070,G090,4.3428325e-05,1
G040,G051,4.34233e-05,1
G055,G066,4.3403274e-05,1
G080,G031,4.3126318e-05,1
G032,G088,4.276433e-05,1
G001,G002,4.1993793e-05,1
G012,G018,4.1462685e-05,1
G017,G082,4.0270847e-05,1
G070,G048,4.0123163e-05,1
G034,G049,3.9320697e-05,1
G045,G080,3.9118368e-05,1
G044,G050,3.9106482e-05,1
G071,G053,3.8942348e-05,1
G057,G018,3.8704427e-05,1
G057,G048,3.8499733e-05,1
G047,G046,3.8396513e-05,1
G004,G046,3.837394e-05,1
G097,G003,3.8332986e-05,1
G088,G083,3.8120543e-05,1
G053,G025,3.8094397e-05,1
G035,G100,3.808043e-05,1
G090,G036,3.7757054e-05,1
G071,G091,3.7666006e-05,1
G067,G055,3.7292124e-05,1
G053,G041,3.7059566e-05,1
G011,G024,3.6848178e-05,1
G094,G100,3.682241e-05,1
G005,G019,3.646116e-05,1
G079,G089,3.5589997e-05,1
G074,G075,3.5195393e-05,1
G052,G088,3.5126184e-05,1
G077,G082,3.5072106e-05,1
G050,G015,3.4978693e-05,1
G062,G051,3.494523e-05,1
G077,G092,3.4606244e-05,1
G092,G096,3.4478075e-05,1
G050,G063,3.4454042e-05,1
G052,G028,3.409243e-05,1
G097,G013,3.370188e-05,1
G045,G044,3.369053e-05,1
G054,G095,3.3488755e-05,1
G060,G085,3.3485943e-05,1
G099,G020,3.312656e-05,1
G021,G030,3.282432e-05,1
G098,G040,3.239532e-05,1
G055,G099,3.212538e-05,1
G055,G016,3.1964148e-05,1
G040,G058,3.182876e-05,1
G056,G099,3.174822e-05,1
G009,G062,3.1315565e-05,1
G021,G066,3.126483e-05,1
G054,G086,3.107379e-05,1
G100,G085,3.0926756e-05,1
G001,G066,3.0911135e-05,1
G049,G097,3.0361554e-05,1
G001,G062,3.0247229e-05,1
G063,G055,2.984059e-05,1
G047,G004,2.9821453e-05,1
G058,G022,2.9809236e-05,1
G006,G085,2.9751829e-05,1
G049,G012,2.9749466e-05,1
G064,G037,2.9665567e-05,1
G007,G074,2.95739e-05,1
G082,G031,2.9451301e-05,1
G057,G098,2.9214576e-05,1
G078,G003,2.893222e-05,1
G081,G061,2.8627002e-05,1
G025,G096,2.8458198e-05,1
G041,G065,2.826982e-05,1
G052,G079,2.8257797e-05,1
G071,G061,2.8253415e-05,1
G074,G025,2.824418e-05,1
G012,G007,2.8091756e-05,1
G024,G094,2.7800887e-05,1
G076,G080,2.7704202e-05,1
G012,G056,2.7461712e-05,1
G078,G065,2.7137708e-05,1
G100,G065,2.7068561e-05,1
G087,G088,2.6743504e-05,1
G058,G097,2.6739275e-05,1
G066,G019,2.653748e-05,1
G032,G073,2.6520544e-05,1
G041,G071,2.6438518e-05,1
G077,G032,2.5661579e-05,1
G068,G021,2.5504574e-05,1
G056,G020,2.52787e-05,1
G010,G084,2.5174157e-05,1
G047,G037,2.5045745e-05,1
G032,G042,2.4827343e-05,1
G076,G039,2.464254e-05,1
G080,G069,2.4546793e-05,1
G077,G038,2.4489502e-05,1
G071,G056,2.4373174e-05,1
G083,G073,2.3983972e-05,1
G060,G022,2.3899305e-05,1
G038,G082,2.3657596e-05,1
G014,G085,2.3647463e-05,1
G086,G076,2.356821e-05,1
G069,G089,2.3438704e-05,1
G002,G023,2.2958844e-05,1
G038,G040,2.2937096e-05,1
G025,G046,2.2683316e-05,1
G020,G091,2.2662924e-05,1
G010,G018,2.261966e-05,1
G034,G054,2.2233413e-05,1
G063,G019,2.2189795e-05,1
G066,G030,2.1718231e-05,1
G073,G095,2.1508546e-05,1
G099,G078,2.1487329e-05,1
G006,G002,2.1251144e-05,1
G032,G046,2.1053598e-05,1
G047,G093,2.0762456e-05,1
G024,G099,2.0427295e-05,1
G022,G100,2.033771e-05,1
G075,G055,2.0206022e-05,1
G068,G035,2.0199757e-05,1
G015,G038,2.0147074e-05,1
G096,G092,1.9428422e-05,1
G095,G051,1.9256699e-05,1
G091,G097,1.9234003e-05,1
G037,G009,1.9159537e-05,1
G021,G088,1.8976058e-05,1
G025,G044,1.8682802e-05,1
G085,G045,1.8170074e-05,1
G093,G013,1.8105684e-05,1
G014,G042,1.8053977e-05,1
G081,G032,1.8032499e-05,1
G004,G075,1.7787403e-05,1
G049,G017,1.754063e-05,1
G008,G097,1.7392966e-05,1
G008,G066,1.7092943e-05,1
G071,G013,1.70445e-05,1
G003,G096,1.6580692e-05,1
G053,G052,1.6576623e-05,1
G082,G091,1.6549006e-05,1
G048,G062,1.6501597e-05,1
G039,G002,1.643965e-05,1
G084,G005,1.6350283e-05,1
G043,G009,1.6243752e-05,1
G048,G026,1.6039554e-05,1
G095,G064,1.6027598e-05,1
G016,G052,1.5712596e-05,1
G030,G051,1.5560729e-05,1
G020,G043,1.5394286e-05,1
G045,G100,1.5387739e-05,1
G073,G034,1.5200703e-05,1
G083,G015,1.51975655e-05,1
G049,G035,1.5176614e-05,1
G067,G100,1.5105239e-05,1
G018,G053,1.4991322e-05,1
G074,G091,1.3970559e-05,1
G001,G076,1.3816575e-05,1
G029,G087,1.3812828e-05,1
G078,G081,1.3448623e-05,1
G061,G054,1.31481365e-05,1
G030,G053,1.3129891e-05,1
G071,G082,1.3108116e-05,1
G046,G082,1.3010858e-05,1
G057,G024,1.2500298e-05,1
G069,G043,1.23634845e-05,1
G005,G091,1.2194529e-05,1
G049,G084,1.2047348e-05,1
G039,G022,1.1886269e-05,1
G085,G033,1.18687685e-05,1
G003,G040,1.1868274e-05,1
G035,G011,1.17451145e-05,1
G061,G096,1.1257332e-05,1
G010,G073,1.1171798e-05,1
G042,G087,1.0881959e-05,1
G064,G062,1.06380985e-05,1
G057,G093,1.0514134e-05,1
G076,G028,1.0380939e-05,1
G004,G082,1.0025142e-05,1
G011,G092,9.91723e-06,1
G089,G016,9.435165e-06,1
G028,G062,9.418348e-06,1
G066,G041,9.189635e-06,1
G067,G064,8.938728e-06,1
G091,G080,8.622018e-06,1
G054,G030,8.590525e-06,1
G045,G004,7.538366e-06,1
G052,G018,7.3974543e-06,1
G083,G087,7.1819454e-06,1
G066,G006,7.179661e-06,1
G064,G066,6.7888163e-06,1
G014,G098,6.6958273e-06,1
G004,G019,6.5415547e-06,1
G097,G060,6.4152914e-06,1
G098,G068,6.2891972e-06,1
G078,G062,6.2176396e-06,1
G098,G026,6.1957044e-06,1
G070,G012,6.1466485e-06,1
G009,G067,5.5360347e-06,1
G023,G043,5.5034575e-06,1
G068,G036,5.4202856e-06,1
G034,G006,4.2105244e-06,1
G024,G015,4.0839495e-06,1
G059,G050,3.8720545e-06,1
G042,G007,3.6442239e-06,1
G069,G032,3.5124494e-06,1
G064,G060,3.0275253e-06,1
G094,G097,2.9344974e-06,1
G043,G042,2.8674917e-06,1
G078,G008,2.4902834e-06,1
G093,G044,2.4441827e-06,1
G078,G044,2.284073e-06,1
G019,G009,2.2499696e-06,1
G074,G078,1.92081e-06,1
G076,G090,1.4770089e-06,1
G021,G037,1.3803161e-06,1
G022,G045,1.3444223e-06,1
G046,G008,1.3236616e-06,1
G045,G014,1.2507172e-06,1
G097,G078,7.851372e-07,1
G084,G094,3.004403e-07,1
G052,G044,2.520868e-07,1
G002,G050,8.751031e-08,1
G031,G030,5.8382764e-08,1
G086,G093,-1.992599e-08,-1
G009,G050,-3.0499876e-07,-1
G087,G100,-5.439993e-07,-1
G041,G068,-5.719122e-07,-1
G055,G092,-5.8827874e-07,-1
G009,G086,-9.867956e-07,-1
G014,G031,-1.0807244e-06,-1
G049,G057,-1.3056609e-06,-1
G077,G060,-1.456079e-06,-1
G076,G057,-1.8577852e-06,-1
G079,G083,-1.9172671e-06,-1
G018,G033,-2.277227e-06,-1
G027,G062,-2.2881836e-06,-1
G089,G050,-2.5606732e-06,-1
G040,G092,-3.0314475e-06,-1
G067,G087,-3.1042248e-06,-1
G053,G016,-3.5114494e-06,-1
G037,G052,-3.512887e-06,-1
G081,G068,-4.0875484e-06,-1
G064,G012,-4.3390314e-06,-1
G008,G086,-4.8945994e-06,-1
G055,G038,-5.2127266e-06,-1
G099,G082,-5.272288e-06,-1
G074,G008,-5.330929e-06,-1
G066,G044,-5.7481125e-06,-1
G057,G094,-5.7874718e-06,-1
G023,G020,-6.003197e-06,-1
G079,G027,-6.275939e-06,-1
G055,G041,-6.423471e-06,-1
G077,G061,-6.5260665e-06,-1
G076,G085,-6.6329417e-06,-1
G065,G062,-6.8010163e-06,-1
G065,G087,-6.8026375e-06,-1
G003,G076,-6.8682693e-06,-1
G045,G010,-6.9006737e-06,-1
G099,G032,-7.1009767e-06,-1
G073,G056,-7.1806044e-06,-1
G095,G094,-7.5634694e-06,-1
G073,G092,-7.865177e-06,-1
G052,G016,-7.897412e-06,-1
G027,G049,-8.01213e-06,-1
G082,G064,-8.226289e-06,-1
G058,G063,-8.271201e-06,-1
G011,G053,-8.3875875e-06,-1
G070,G058,-8.701887e-06,-1
G012,G066,-8.759831e-06,-1
G078,G098,-8.982535e-06,-1
G038,G094,-9.007462e-06,-1
G005,G020,-9.1489355e-06,-1
G090,G038,-9.202027e-06,-1
G041,G055,-9.5675205e-06,-1
G020,G038,-9.62404e-06,-1
G029,G022,-9.87586e-06,-1
G080,G071,-9.885492e-06,-1
G052,G019,-9.951549e-06,-1
G090,G033,-1.0020538e-05,-1
G085,G097,-1.0067761e-05,-1
G066,G092,-1.0108506e-05,-1
G039,G028,-1.0873515e-05,-1
G019,G052,-1.0887673e-05,-1
G074,G098,-1.1315941e-05,-1
G013,G066,-1.1343701e-05,-1
G069,G090,-1.1512605e-05,-1
G091,G028,-1.1656534e-05,-1
G018,G058,-1.2056768e-05,-1
G014,G077,-1.2141302e-05,-1
G018,G047,-1.222304e-05,-1
G075,G036,-1.2242187e-05,-1
G043,G001,-1.2395178e-05,-1
G001,G012,-1.2441392e-05,-1
G031,G032,-1.2613474e-05,-1
G010,G062,-1.2639865e-05,-1
G052,G084,-1.2641589e-05,-1
G081,G085,-1.2700445e-05,-1
G079,G084,-1.2822675e-05,-1
G044,G056,-1.2857386e-05,-1
G020,G093,-1.2938348e-05,-1
G046,G039,-1.3530361e-05,-1
G015,G008,-1.3854068e-05,-1
G015,G074,-1.389338e-05,-1
G031,G046,-1.3961043e-05,-1
G073,G028,-1.4100511e-05,-1
G095,G024,-1.423021e-05,-1
G002,G021,-1.43792195e-05,-1
G088,G013,-1.4484614e-05,-1
G092,G060,-1.4513225e-05,-1
G032,G065,-1.45400545e-05,-1
G059,G096,-1.4608987e-05,-1
G072,G007,-1.4630289e-05,-1
G091,G022,-1.4950425e-05,-1
G002,G063,-1.5321177e-05,-1
G015,G080,-1.5350348e-05,-1
G041,G100,-1.5632275e-05,-1
G080,G094,-1.5887905e-05,-1
G015,G003,-1.6394702e-05,-1
G084,G013,-1.6475367e-05,-1
G017,G073,-1.64867e-05,-1
G052,G020,-1.6504668e-05,-1
G090,G068,-1.661098e-05,-1
G089,G077,-1.6939865e-05,-1
G080,G055,-1.6958424e-05,-1
G050,G035,-1.7453243e-05,-1
G064,G052,-1.7648234e-05,-1
G027,G060,-1.7665363e-05,-1
G062,G022,-1.7996572e-05,-1
G028,G013,-1.819184e-05,-1
G075,G017,-1.8252014e-05,-1
G076,G062,-1.828119e-05,-1
G043,G098,-1.8434468e-05,-1
G079,G042,-1.8648376e-05,-1
G068,G080,-1.8699793e-05,-1
G074,G032,-1.8891775e-05,-1
G034,G094,-1.9380566e-05,-1
G030,G015,-1.9529523e-05,-1
G072,G012,-1.968536e-05,-1
G097,G093,-1.973989e-05,-1
G089,G100,-1.9753334e-05,-1
G035,G065,-1.9761874e-05,-1
G044,G035,-2.0274878e-05,-1
G043,G022,-2.0749174e-05,-1
G096,G013,-2.1317082e-05,-1
G055,G008,-2.1510927e-05,-1
G081,G017,-2.228739e-05,-1
G090,G069,-2.243572e-05,-1
G010,G077,-2.2471342e-05,-1
G036,G040,-2.2558856e-05,-1
G082,G003,-2.27235e-05,-1
G011,G037,-2.27819e-05,-1
G041,G063,-2.2907921e-05,-1
G002,G008,-2.29884e-05,-1
G051,G063,-2.3074463e-05,-1
G049,G052,-2.3146304e-05,-1
G059,G060,-2.316318e-05,-1
G039,G026,-2.3207836e-05,-1
G054,G073,-2.3448674e-05,-1
G065,G067,-2.3714927e-05,-1
G062,G003,-2.3799805e-05,-1
G079,G074,-2.4363155e-05,-1
G047,G028,-2.4443436e-05,-1
G003,G052,-2.5723213e-05,-1
G027,G046,-2.5776866e-05,-1
G044,G025,-2.6168578e-05,-1
G074,G044,-2.6280553e-05,-1
G028,G023,-2.631066e-05,-1
G030,G096,-2.6468451e-05,-1
G004,G085,-2.6651795e-05,-1
G089,G001,-2.707934e-05,-1
G018,G032,-2.7490458e-05,-1
G078,G030,-2.7614076e-05,-1
G097,G023,-2.812854e-05,-1
G058,G009,-2.8542936e-05,-1
G087,G080,-2.9022405e-05,-1
G080,G041,-2.9034494e-05,-1
G082,G071,-2.9083258e-05,-1
G017,G085,-2.9284483e-05,-1
G048,G040,-2.930336e-05,-1
G028,G092,-2.964154e-05,-1
G027,G036,-2.9660232e-05,-1
G002,G067,-2.9751118e-05,-1
G016,G076,-3.0077907e-05,-1
G059,G076,-3.0243746e-05,-1
G077,G098,-3.0281468e-05,-1
G022,G025,-3.0453886e-05,-1
G050,G052,-3.0494872e-05,-1
G013,G051,-3.0500256e-05,-1
G053,G070,-3.0858107e-05,-1
G038,G093,-3.1072268e-05,-1
G057,G052,-3.1351632e-05,-1
G082,G065,-3.153923e-05,-1
G003,G050,-3.1718795e-05,-1
G055,G009,-3.1902677e-05,-1
G011,G069,-3.2120563e-05,-1
G086,G029,-3.2196123e-05,-1
G049,G058,-3.2198568e-05,-1
G066,G060,-3.232183e-05,-1
G096,G029,-3.233372e-05,-1
G046,G037,-3.25839e-05,-1
G080,G086,-3.259608e-05,-1
G070,G035,-3.2821164e-05,-1
G010,G050,-3.2962533e-05,-1
G063,G056,-3.3058725e-05,-1
G036,G087,-3.308532e-05,-1
G077,G023,-3.3100354e-05,-1
G030,G077,-3.3449014e-05,-1
G060,G086,-3.3481436e-05,-1
G045,G096,-3.3807166e-05,-1
G032,G068,-3.3945023e-05,-1
G082,G062,-3.4338227e-05,-1
G064,G043,-3.4351553e-05,-1
G078,G015,-3.4448043e-05,-1
G034,G020,-3.4607743e-05,-1
G029,G095,-3.4881446e-05,-1
G055,G064,-3.511765e-05,-1
G036,G055,-3.5466986e-05,-1
G014,G082,-3.5606605e-05,-1
G011,G043,-3.5671095e-05,-1
G055,G022,-3.5689547e-05,-1
G095,G047,-3.590389e-05,-1
G067,G059,-3.62136e-05,-1
G006,G038,-3.716441e-05,-1
G028,G054,-3.7848193e-05,-1
G077,G008,-3.785658e-05,-1
G025,G032,-3.832906e-05,-1
G055,G098,-3.8656686e-05,-1
G047,G064,-3.8677044e-05,-1
G087,G091,-3.885852e-05,-1
G055,G060,-3.88687e-05,-1
G010,G006,-3.892325e-05,-1
G007,G081,-3.8949347e-05,-1
G019,G021,-3.9037615e-05,-1
G052,G026,-3.9212704e-05,-1
G091,G019,-3.942653e-05,-1
G029,G048,-3.9537917e-05,-1
G043,G079,-3.9923736e-05,-1
G035,G010,-4.0330477e-05,-1
G044,G041,-4.043673e-05,-1
G002,G034,-4.083976e-05,-1
G080,G025,-4.143184e-05,-1
G068,G040,-4.1512547e-05,-1
G054,G068,-4.166661e-05,-1
G087,G086,-4.2025455e-05,-1
G005,G088,-4.203763e-05,-1
G026,G083,-4.2207907e-05,-1
G063,G039,-4.2349242e-05,-1
G077,G028,-4.2626434e-05,-1
G030,G100,-4.2744763e-05,-1
G093,G081,-4.27647e-05,-1
G011,G022,-4.3252185e-05,-1
G045,G005,-4.3252825e-05,-1
G089,G021,-4.337169e-05,-1
G039,G083,-4.3498094e-05,-1
G051,G082,-4.358968e-05,-1
G079,G075,-4.393747e-05,-1
G027,G088,-4.415924e-05,-1
G022,G012,-4.453245e-05,-1
G046,G063,-4.4668934e-05,-1
G045,G059,-4.5086243e-05,-1
G092,G061,-4.5557634e-05,-1
G084,G093,-4.5628476e-05,-1
G020,G047,-4.5782544e-05,-1
G036,G088,-4.5820383e-05,-1
G089,G072,-4.5964305e-05,-1
G068,G054,-4.5965557e-05,-1
G008,G065,-4.6207748e-05,-1
G096,G080,-4.635219e-05,-1
G100,G045,-4.659361e-05,-1
G095,G066,-4.6740875e-05,-1
G099,G072,-4.6971265e-05,-1
G096,G011,-4.7288013e-05,-1
G037,G076,-4.76224e-05,-1
G049,G054,-4.768303e-05,-1
G005,G066,-4.7730136e-05,-1
G020,G061,-4.7851114e-05,-1
G010,G036,-4.8007132e-05,-1
G079,G008,-4.894452e-05,-1
G076,G050,-4.8999875e-05,-1
G030,G007,-4.9014547e-05,-1
G095,G031,-4.9160444e-05,-1
G076,G087,-4.94968e-05,-1
G067,G032,-4.978753e-05,-1
G019,G001,-4.9817492e-05,-1
G051,G097,-5.0051618e-05,-1
G064,G094,-5.0415005e-05,-1
G025,G084,-5.0551906e-05,-1
G035,G089,-5.065542e-05,-1
G006,G055,-5.110217e-05,-1
G012,G041,-5.1820385e-05,-1
G001,G078,-5.1945648e-05,-1
G078,G021,-5.2056326e-05,-1
G008,G095,-5.250005e-05,-1
G086,G092,-5.2627267e-05,-1
G041,G056,-5.3004296e-05,-1
G044,G091,-5.3339707e-05,-1
G022,G078,-5.347e-05,-1
G078,G079,-5.359997e-05,-1
G043,G072,-5.393275e-05,-1
G074,G016,-5.4143136e-05,-1
G018,G085,-5.4455053e-05,-1
G016,G025,-5.4576773e-05,-1
G053,G045,-5.4691795e-05,-1
G076,G067,-5.502229e-05,-1
G039,G021,-5.5251254e-05,-1
G087,G030,-5.5791472e-05,-1
G030,G055,-5.5903005e-05,-1
G010,G047,-5.600579e-05,-1
G067,G002,-5.6056408e-05,-1
G001,G034,-5.606516e-05,-1
G050,G024,-5.607847e-05,-1
G083,G078,-5.6164055e-05,-1
G059,G018,-5.6547728e-05,-1
G081,G046,-5.662399e-05,-1
G066,G086,-5.6629055e-05,-1
G068,G070,-5.6657715e-05,-1
G099,G091,-5.698726e-05,-1
G074,G096,-5.6995264e-05,-1
G096,G068,-5.7072913e-05,-1
G053,G038,-5.748062e-05,-1
G040,G013,-5.752269e-05,-1
G026,G047,-5.7652873e-05,-1
G061,G003,-5.766951e-05,-1
G055,G054,-5.7776113e-05,-1
G026,G088,-5.7875837e-05,-1
G069,G029,-5.7948542e-05,-1
G019,G081,-5.7985857e-05,-1
G095,G093,-5.831947e-05,-1
G030,G097,-5.8685786e-05,-1
G034,G058,-5.881531e-05,-1
G070,G039,-5.9007165e-05,-1
G094,G086,-5.9390095e-05,-1
G054,G034,-5.973115e-05,-1
G053,G066,-5.9873375e-05,-1
G077,G050,-6.008376e-05,-1
G062,G045,-6.0126757e-05,-1
G083,G024,-6.0373928e-05,-1
G041,G047,-6.0657076e-05,-1
G097,G011,-6.100428e-05,-1
G049,G023,-6.125829e-05,-1
G070,G091,-6.128467e-05,-1
G018,G006,-6.1298844e-05,-1
G044,G014,-6.1538456e-05,-1
G089,G011,-6.160705e-05,-1
G039,G048,-6.17084e-05,-1
G022,G077,-6.199375e-05,-1
G064,G034,-6.212196e-05,-1
G096,G076,-6.314687e-05,-1
G059,G072,-6.317029e-05,-1
G100,G027,-6.3346655e-05,-1
G056,G024,-6.386134e-05,-1
G095,G058,-6.400966e-05,-1
G023,G088,-6.414214e-05,-1
G092,G040,-6.422723e-05,-1
G058,G018,-6.427771e-05,-1
G092,G015,-6.4456e-05,-1
G010,G086,-6.4552325e-05,-1
G005,G025,-6.464392e-05,-1
G059,G084,-6.521365e-05,-1
G043,G073,-6.54431e-05,-1
G080,G056,-6.551201e-05,-1
G094,G057,-6.5895e-05,-1
G056,G044,-6.6752684e-05,-1
G001,G040,-6.6970715e-05,-1
G034,G036,-6.724792e-05,-1
G015,G085,-6.743924e-05,-1
G094,G023,-6.7484005e-05,-1
G045,G079,-6.77862e-05,-1
G019,G061,-6.8094545e-05,-1
G019,G047,-6.8227346e-05,-1
G048,G014,-6.827824e-05,-1
G046,G014,-6.855311e-05,-1
G008,G088,-6.876975e-05,-1
G069,G028,-6.8971574e-05,-1
G001,G093,-6.898582e-05,-1
G065,G059,-6.921182e-05,-1
G078,G054,-6.925857e-05,-1
G069,G054,-6.934706e-05,-1
G099,G017,-6.937184e-05,-1
G059,G035,-6.943069e-05,-1
G078,G080,-6.943173e-05,-1
G096,G007,-6.945067e-05,-1
G017,G090,-6.971649e-05,-1
G002,G068,-6.980901e-05,-1
G007,G033,-6.989594e-05,-1
G014,G046,-7.0334376e-05,-1
G082,G013,-7.034072e-05,-1
G071,G055,-7.037478e-05,-1
G071,G019,-7.049161e-05,-1
G060,G011,-7.0747825e-05,-1
G014,G047,-7.100261e-05,-1
G010,G068,-7.103661e-05,-1
G061,G004,-7.1493254e-05,-1
G096,G062,-7.157671e-05,-1
G092,G098,-7.195701e-05,-1
G051,G066,-7.202022e-05,-1
G033,G044,-7.207415e-05,-1
G014,G050,-7.2293406e-05,-1
G090,G085,-7.230454e-05,-1
G051,G076,-7.2338655e-05,-1
G037,G030,-7.257242e-05,-1
G092,G044,-7.299768e-05,-1
G031,G023,-7.3238836e-05,-1
G002,G009,-7.3364456e-05,-1
G012,G029,-7.3374606e-05,-1
G024,G062,-7.337557e-05,-1
G095,G014,-7.3562434e-05,-1
G012,G086,-7.3646996e-05,-1
G083,G030,-7.4030395e-05,-1
G001,G005,-7.433736e-05,-1
G060,G078,-7.441253e-05,-1
G093,G037,-7.4422656e-05,-1
G003,G028,-7.471663e-05,-1
G094,G072,-7.52464e-05,-1
G011,G085,-7.630202e-05,-1
G038,G043,-7.63286e-05,-1
G025,G083,-7.683779e-05,-1
G005,G041,-7.692566e-05,-1
G061,G047,-7.722289e-05,-1
G060,G072,-7.7406636e-05,-1
G071,G068,-7.752918e-05,-1
G044,G010,-7.7554345e-05,-1
G043,G075,-7.776014e-05,-1
G054,G065,-7.7864286e-05,-1
G031,G082,-7.81528e-05,-1
G052,G074,-7.9085214e-05,-1
G038,G030,-7.937846e-05,-1
G028,G066,-7.953755e-05,-1
G016,G066,-7.9862824e-05,-1
G018,G021,-8.0102516e-05,-1
G084,G050,-8.021218e-05,-1
G054,G075,-8.073532e-05,-1
G016,G064,-8.096864e-05,-1
G030,G062,-8.1217724e-05,-1
G050,G004,-8.131648e-05,-1
G046,G056,-8.139674e-05,-1
G094,G081,-8.1479135e-05,-1
G018,G066,-8.1622864e-05,-1
G040,G068,-8.248105e-05,-1
G095,G012,-8.292304e-05,-1
G029,G025,-8.323803e-05,-1
G004,G064,-8.344093e-05,-1
G078,G035,-8.344115e-05,-1
G074,G045,-8.3458355e-05,-1
G097,G018,-8.383182e-05,-1
G024,G017,-8.391459e-05,-1
G056,G043,-8.401292e-05,-1
G075,G027,-8.435553e-05,-1
G045,G003,-8.4937936e-05,-1
G025,G040,-8.538055e-05,-1
G002,G040,-8.555968e-05,-1
G014,G002,-8.5655396e-05,-1
G069,G002,-8.5818014e-05,-1
G078,G088,-8.621772e-05,-1
G056,G073,-8.652019e-05,-1
G096,G039,-8.702185e-05,-1
G024,G051,-8.714787e-05,-1
G062,G050,-8.717924e-05,-1
G026,G007,-8.7225e-05,-1
G025,G045,-8.733298e-05,-1
G008,G002,-8.7440785e-05,-1
G058,G011,-8.753214e-05,-1
G029,G005,-8.848346e-05,-1
G079,G066,-8.849795e-05,-1
G040,G008,-8.850778e-05,-1
G044,G093,-8.8604225e-05,-1
G046,G083,-8.889648e-05,-1
G072,G023,-8.9281915e-05,-1
G004,G041,-8.9284156e-05,-1
G017,G084,-8.931947e-05,-1
G025,G081,-8.9349225e-05,-1
G040,G072,-8.9354646e-05,-1
G036,G083,-8.967865e-05,-1
G067,G069,-8.997556e-05,-1
G085,G021,-9.030848e-05,-1
G007,G042,-9.0494745e-05,-1
G001,G080,-9.060962e-05,-1
G053,G091,-9.105082e-05,-1
G067,G020,-9.163566e-05,-1
G099,G096,-9.227072e-05,-1
G012,G016,-9.258832e-05,-1
G051,G035,-9.260941e-05,-1
G068,G083,-9.271773e-05,-1
G018,G098,-9.273005e-05,-1
G094,G049,-9.2798764e-05,-1
G066,G061,-9.280232e-05,-1
G026,G092,-9.287314e-05,-1
G080,G054,-9.29722e-05,-1
G060,G030,-9.301139e-05,-1
G063,G054,-9.341344e-05,-1
G087,G061,-9.443846e-05,-1
G063,G032,-9.537691e-05,-1
G023,G048,-9.555824e-05,-1
G041,G012,-9.569892e-05,-1
G077,G003,-9.592008e-05,-1
G002,G064,-9.596473e-05,-1
G058,G089,-9.609675e-05,-1
G083,G042,-9.6186195e-05,-1
G015,G045,-9.621141e-05,-1
G029,G021,-9.62579e-05,-1
G028,G058,-9.6277334e-05,-1
G058,G043,-9.630458e-05,-1
G015,G032,-9.687885e-05,-1
G045,G071,-9.7532546e-05,-1
G100,G057,-9.779001e-05,-1
G087,G068,-9.828876e-05,-1
G036,G054,-9.837404e-05,-1
G074,G073,-9.866847e-05,-1
G073,G081,-9.868941e-05,-1
G005,G027,-9.902337e-05,-1
G046,G059,-9.909199e-05,-1
G068,G026,-9.936467e-05,-1
G017,G012,-9.953124e-05,-1
G095,G074,-9.992122e-05,-1
G009,G011,-0.00010021607,-1
G029,G034,-0.00010076975,-1
G030,G089,-0.00010115262,-1
G011,G081,-0.00010135698,-1
G027,G076,-0.000101400925,-1
G092,G076,-0.00010142071,-1
G013,G075,-0.00010205401,-1
G081,G078,-0.00010229367,-1
G013,G034,-0.00010252943,-1
G051,G033,-0.00010253491,-1
G063,G051,-0.000102623235,-1
G003,G010,-0.00010281019,-1
G008,G039,-0.000103057406,-1
G058,G094,-0.00010362185,-1
G020,G018,-0.00010387706,-1
G099,G007,-0.00010388128,-1
G096,G038,-0.00010449154,-1
G022,G098,-0.0001050832,-1
G047,G006,-0.00010513621,-1
G040,G014,-0.00010513825,-1
G055,G058,-0.00010517538,-1
G022,G014,-0.00010522128,-1
G057,G032,-0.000105424595,-1
G026,G020,-0.000105631916,-1
G081,G071,-0.00010590157,-1
G071,G052,-0.00010608743,-1
G090,G093,-0.00010705444,-1
G010,G095,-0.00010750469,-1
G070,G032,-0.000107855776,-1
G056,G053,-0.00010790763,-1
G040,G049,-0.00010798457,-1
G013,G021,-0.00010819639,-1
G022,G028,-0.00010872768,-1
G001,G081,-0.000108838256,-1
G033,G084,-0.00010888723,-1
G019,G088,-0.00010919699,-1
G036,G024,-0.000109650166,-1
G021,G056,-0.000110109475,-1
G002,G015,-0.000110411755,-1
G093,G001,-0.00011063814,-1
G039,G011,-0.00011092631,-1
G099,G100,-0.00011128999,-1
G024,G080,-0.0001116226,-1
G049,G011,-0.00011163287,-1
G012,G039,-0.000112182766,-1
G020,G097,-0.00011244717,-1
G087,G085,-0.00011279869,-1
G018,G072,-0.00011361402,-1
G095,G084,-0.00011364917,-1
G075,G054,-0.00011387575,-1
G085,G031,-0.00011514775,-1
G061,G015,-0.00011528292,-1
G078,G100,-0.000115294286,-1
G088,G012,-0.000115490766,-1
G069,G094,-0.000116013725,-1
G064,G056,-0.00011612211,-1
G042,G002,-0.000117398165,-1
G030,G037,-0.000117420095,-1
G008,G092,-0.0001176908,-1
G024,G067,-0.000117769705,-1
G010,G003,-0.00011778406,-1
G074,G042,-0.000118995,-1
G036,G049,-0.00011922397,-1
G023,G046,-0.00011986653,-1
G017,G039,-0.0001198708,-1
G052,G064,-0.000119926706,-1
G082,G056,-0.00012007892,-1
G015,G047,-0.000120247176,-1
G018,G001,-0.000120770725,-1
G021,G068,-0.000121432175,-1
G053,G026,-0.000121446654,-1
G075,G061,-0.00012177386,-1
G038,G018,-0.00012183486,-1
G062,G006,-0.00012223018,-1
G057,G084,-0.00012237448,-1
G097,G047,-0.00012262346,-1
G079,G100,-0.00012275281,-1
G077,G011,-0.00012278164,-1
G076,G033,-0.0001232059,-1
G010,G053,-0.00012433923,-1
G006,G097,-0.00012461406,-1
G026,G087,-0.00012490859,-1
G091,G098,-0.0001254371,-1
G087,G032,-0.00012550475,-1
G039,G051,-0.00012561369,-1
G043,G091,-0.00012581026,-1
G033,G058,-0.00012583469,-1
G095,G049,-0.00012639225,-1
G034,G066,-0.0001269638,-1
G096,G048,-0.00012705075,-1
G049,G010,-0.00012710376,-1
G005,G045,-0.00012730667,-1
G050,G094,-0.0001276877,-1
G033,G083,-0.00012783501,-1
G011,G051,-0.00012787122,-1
G025,G092,-0.00012793146,-1
G081,G055,-0.00012818872,-1
G002,G072,-0.00012853794,-1
G026,G093,-0.00012894026,-1
G041,G001,-0.00012971407,-1
G017,G045,-0.00012978438,-1
G053,G076,-0.00013014405,-1
G068,G052,-0.00013035387,-1
G011,G010,-0.0001305884,-1
G078,G064,-0.00013084883,-1
G054,G015,-0.000131743,-1
G049,G099,-0.00013178315,-1
G012,G095,-0.00013184026,-1
G016,G020,-0.0001322704,-1
G075,G074,-0.00013227334,-1
G001,G071,-0.00013236146,-1
G045,G066,-0.0001325832,-1
G049,G094,-0.00013264385,-1
G024,G031,-0.00013264685,-1
G099,G092,-0.00013269586,-1
G022,G055,-0.00013280191,-1
G055,G048,-0.00013287443,-1
G009,G042,-0.00013315181,-1
G049,G083,-0.00013337466,-1
G067,G026,-0.0001337373,-1
G036,G066,-0.00013382711,-1
G075,G057,-0.00013412168,-1
G091,G087,-0.00013475513,-1
G088,G079,-0.00013505093,-1
G065,G047,-0.00013511609,-1
G032,G008,-0.00013520166,-1
G008,G023,-0.0001357818,-1
G033,G011,-0.00013720656,-1
G031,G052,-0.00013737279,-1
G053,G088,-0.0001380175,-1
G035,G038,-0.00013823055,-1
G023,G016,-0.0001384128,-1
G037,G040,-0.00013872646,-1
G025,G015,-0.00013876661,-1
G063,G023,-0.00013942619,-1
G007,G027,-0.00013985786,-1
G030,G092,-0.00013986831,-1
G023,G039,-0.00014016348,-1
G040,G002,-0.00014054886,-1
G014,G054,-0.0001407679,-1
G022,G018,-0.000141135,-1
G094,G054,-0.00014121248,-1
G004,G031,-0.00014160044,-1
G074,G066,-0.0001417881,-1
G098,G100,-0.00014194111,-1
G076,G055,-0.0001422869,-1
G054,G057,-0.0001427068,-1
G035,G036,-0.00014275001,-1
G004,G014,-0.00014305953,-1
G086,G060,-0.00014317308,-1
G074,G036,-0.00014332222,-1
G060,G003,-0.00014401408,-1
G017,G098,-0.00014469969,-1
G025,G076,-0.00014493243,-1
G072,G030,-0.00014520784,-1
G099,G024,-0.00014529694,-1
G001,G055,-0.00014571667,-1
G055,G028,-0.00014607396,-1
G037,G100,-0.00014615043,-1
G051,G100,-0.000146551,-1
G062,G086,-0.00014680372,-1
G043,G052,-0.00014686573,-1
G052,G070,-0.00014695134,-1
G009,G005,-0.00014754872,-1
G098,G007,-0.00014779193,-1
G017,G083,-0.00014807707,-1
G030,G010,-0.00014872458,-1
G029,G070,-0.0001496398,-1
G009,G094,-0.00014967627,-1
G032,G006,-0.00014974357,-1
G070,G085,-0.00014993064,-1
G037,G021,-0.00015019088,-1
G039,G073,-0.00015033246,-1
G010,G090,-0.00015118964,-1
G046,G031,-0.00015127454,-1
G034,G083,-0.00015165952,-1
G038,G080,-0.00015217661,-1
G069,G065,-0.00015289236,-1
G023,G047,-0.0001530416,-1
G033,G048,-0.00015324145,-1
G018,G063,-0.00015347307,-1
G035,G078,-0.00015382389,-1
G026,G070,-0.00015410902,-1
G012,G088,-0.00015493114,-1
G087,G066,-0.00015589397,-1
G086,G010,-0.00015705885,-1
G024,G033,-0.00015718424,-1
G028,G021,-0.0001583497,-1
G097,G027,-0.00015835342,-1
G093,G019,-0.00015916995,-1
G094,G085,-0.00015968244,-1
G087,G072,-0.00016070722,-1
G077,G096,-0.00016077673,-1
G037,G093,-0.0001618928,-1
G080,G005,-0.00016275929,-1
G047,G003,-0.00016370692,-1
G093,G077,-0.00016505619,-1
G098,G021,-0.0001661051,-1
G020,G021,-0.00016695584,-1
G075,G023,-0.0001674855,-1
G004,G083,-0.00016771776,-1
G090,G001,-0.00016857416,-1
G080,G061,-0.00016861457,-1
G042,G025,-0.00016870254,-1
G032,G095,-0.00016893205,-1
G030,G034,-0.00016896444,-1
G074,G053,-0.00016953862,-1
G073,G100,-0.00016976272,-1
G023,G085,-0.00017123982,-1
G085,G070,-0.00017127578,-1
G074,G082,-0.00017162325,-1
G072,G089,-0.00017222212,-1
G047,G063,-0.0001722379,-1
G022,G097,-0.00017254938,-1
G096,G020,-0.0001726756,-1
G049,G039,-0.00017355387,-1
G033,G089,-0.00017370764,-1
G057,G086,-0.0001740152,-1
G074,G019,-0.00017423843,-1
G057,G075,-0.00017487702,-1
G003,G060,-0.0001752766,-1
G052,G032,-0.00017583062,-1
G068,G003,-0.0001760197,-1
G088,G067,-0.00017624395,-1
G029,G074,-0.00017637425,-1
G003,G036,-0.00017641611,-1
G088,G100,-0.00017663701,-1
G085,G078,-0.00017668339,-1
G024,G009,-0.00017786412,-1
G058,G036,-0.00017800502,-1
G073,G033,-0.00017813501,-1
G039,G095,-0.00017867623,-1
G008,G037,-0.00017912324,-1
G056,G021,-0.00017993955,-1
G017,G018,-0.00018034832,-1
G086,G095,-0.00018040377,-1
G039,G016,-0.00018073712,-1
G080,G074,-0.00018079643,-1
G070,G037,-0.00018084548,-1
G094,G006,-0.0001812829,-1
G024,G079,-0.00018161742,-1
G076,G065,-0.00018181046,-1
G025,G008,-0.00018183385,-1
G039,G089,-0.00018323606,-1
G028,G014,-0.00018431578,-1
G036,G078,-0.00018450012,-1
G073,G059,-0.00018457089,-1
G072,G054,-0.00018549638,-1
G082,G018,-0.00018567851,-1
G028,G039,-0.00018596191,-1
G080,G087,-0.00018598653,-1
G025,G060,-0.00018732979,-1
G014,G066,-0.00018745364,-1
G038,G077,-0.00018778162,-1
G033,G028,-0.00018786339,-1
G006,G034,-0.00018827016,-1
G054,G094,-0.00018832923,-1
G026,G050,-0.00018855107,-1
G082,G096,-0.00018865497,-1
G028,G009,-0.00018912223,-1
G043,G033,-0.00018930226,-1
G001,G090,-0.00018984436,-1
G068,G029,-0.00019030058,-1
G086,G037,-0.00019035838,-1
G032,G019,-0.00019098133,-1
G065,G006,-0.00019100078,-1
G014,G012,-0.00019112002,-1
G091,G046,-0.00019208353,-1
G094,G048,-0.00019211958,-1
G020,G013,-0.00019238732,-1
G084,G009,-0.0001924279,-1
G068,G057,-0.00019258923,-1
G047,G096,-0.00019262763,-1
G092,G083,-0.00019316592,-1
G054,G003,-0.00019317406,-1
G055,G061,-0.0001934083,-1
G060,G048,-0.00019362956,-1
G027,G086,-0.00019467919,-1
G044,G026,-0.00019470585,-1
G067,G061,-0.00019533769,-1
G062,G049,-0.0001953386,-1
G039,G017,-0.00019549378,-1
G010,G078,-0.00019554542,-1
G083,G033,-0.00019578672,-1
G027,G100,-0.00019691302,-1
G099,G064,-0.00019691708,-1
G068,G061,-0.00019789218,-1
G031,G061,-0.00019900956,-1
G052,G024,-0.00019926793,-1
G020,G092,-0.00019953556,-1
G041,G075,-0.00019958786,-1
G003,G072,-0.00019959321,-1
G032,G062,-0.00019965222,-1
G025,G016,-0.00019969727,-1
G018,G038,-0.00020034052,-1
G043,G071,-0.00020058751,-1
G030,G023,-0.00020108561,-1
G009,G075,-0.00020109018,-1
G018,G019,-0.00020176992,-1
G042,G048,-0.00020194208,-1
G085,G058,-0.0002025421,-1
G034,G063,-0.00020262868,-1
G051,G022,-0.00020318708,-1
G015,G025,-0.00020324899,-1
G069,G033,-0.0002040282,-1
G028,G055,-0.00020503416,-1
G083,G019,-0.00020512092,-1
G079,G090,-0.00020522333,-1
G013,G010,-0.0002053856,-1
G013,G016,-0.00020541278,-1
G034,G090,-0.00020568195,-1
G018,G083,-0.00020572256,-1
G017,G056,-0.0002058433,-1
G100,G091,-0.00020594842,-1
G062,G029,-0.00020657649,-1
G023,G057,-0.0002068809,-1
G009,G080,-0.00020736747,-1
G100,G012,-0.00020923556,-1
G069,G024,-0.00020924173,-1
G064,G049,-0.00020974659,-1
G084,G030,-0.0002097555,-1
G041,G046,-0.0002100282,-1
G049,G063,-0.0002102134,-1
G067,G030,-0.0002102884,-1
G061,G063,-0.00021031701,-1
G089,G070,-0.00021081697,-1
G008,G052,-0.00021121354,-1
G077,G081,-0.0002114236,-1
G085,G083,-0.00021210346,-1
G013,G059,-0.00021244059,-1
G045,G053,-0.00021258439,-1
G070,G067,-0.0002126334,-1
G020,G031,-0.00021284849,-1
G011,G090,-0.00021296625,-1
G087,G090,-0.00021311657,-1
G040,G042,-0.0002131225,-1
G023,G001,-0.00021320846,-1
G022,G011,-0.00021371074,-1
G096,G071,-0.00021463787,-1
G017,G074,-0.00021524123,-1
G098,G096,-0.00021537555,-1
G012,G070,-0.0002156758,-1
G057,G041,-0.00021680204,-1
G060,G099,-0.00021688525,-1
G032,G053,-0.00021763328,-1
G078,G029,-0.00021788012,-1
G042,G085,-0.00021863796,-1
G061,G013,-0.0002189841,-1
G093,G083,-0.0002198283,-1
G039,G023,-0.00022030699,-1
G043,G081,-0.0002214011,-1
G026,G043,-0.00022173386,-1
G028,G065,-0.0002217757,-1
G078,G085,-0.00022231518,-1
G075,G011,-0.00022235335,-1
G026,G035,-0.00022259037,-1
G063,G049,-0.00022291811,-1
G069,G027,-0.00022297667,-1
G015,G002,-0.0002230673,-1
G002,G030,-0.00022328601,-1
G066,G053,-0.00022351695,-1
G031,G037,-0.00022365469,-1
G091,G034,-0.00022379462,-1
G044,G015,-0.00022381074,-1
G035,G088,-0.00022384785,-1
G029,G088,-0.0002255084,-1
G015,G040,-0.00022552819,-1
G023,G084,-0.00022672683,-1
G032,G049,-0.00022695606,-1
G081,G007,-0.00022742483,-1
G017,G008,-0.0002281513,-1
G008,G050,-0.00022842018,-1
G017,G092,-0.00022974893,-1
G098,G095,-0.00023089777,-1
G022,G071,-0.00023140754,-1
G091,G024,-0.00023153763,-1
G053,G086,-0.00023185035,-1
G023,G075,-0.0002320736,-1
G010,G032,-0.00023210386,-1
G070,G075,-0.00023326285,-1
G095,G002,-0.00023342886,-1
G084,G099,-0.0002337188,-1
G074,G099,-0.00023414662,-1
G007,G089,-0.00023520908,-1
G091,G062,-0.00023532186,-1
G086,G059,-0.00023643365,-1
G038,G087,-0.0002367528,-1
G018,G062,-0.00023723638,-1
G085,G064,-0.00023785619,-1
G069,G045,-0.00023790105,-1
G052,G043,-0.00023798452,-1
G003,G094,-0.00023889133,-1
G099,G028,-0.00023932345,-1
G097,G040,-0.00023975589,-1
G001,G032,-0.00024005509,-1
G092,G073,-0.00024016872,-1
G003,G069,-0.00024023114,-1
G059,G078,-0.00024092046,-1
G039,G096,-0.00024114856,-1
G085,G096,-0.00024163697,-1
G054,G058,-0.0002434261,-1
G049,G027,-0.00024428737,-1
G041,G038,-0.00024449438,-1
G041,G084,-0.0002445633,-1
G072,G032,-0.00024466112,-1
G051,G039,-0.00024477715,-1
G033,G099,-0.00024506942,-1
G052,G031,-0.0002453886,-1
G084,G051,-0.00024591683,-1
G032,G080,-0.00024730695,-1
G036,G010,-0.00024824138,-1
G075,G100,-0.00024909846,-1
G049,G077,-0.00024960635,-1
G034,G048,-0.00024974646,-1
G047,G005,-0.00025078663,-1
G090,G094,-0.0002510859,-1
G085,G095,-0.0002512501,-1
G021,G042,-0.00025138893,-1
G068,G077,-0.00025147424,-1
G099,G069,-0.00025158777,-1
G037,G098,-0.00025376744,-1
G059,G068,-0.00025414617,-1
G043,G015,-0.0002557534,-1
G050,G020,-0.00025592046,-1
G099,G025,-0.0002560919,-1
G054,G063,-0.00025619767,-1
G024,G068,-0.00025628778,-1
G057,G002,-0.00025667404,-1
G078,G051,-0.000257309,-1
G071,G027,-0.0002588018,-1
G036,G090,-0.0002594618,-1
G003,G055,-0.00025981414,-1
G006,G042,-0.00026049587,-1
G001,G031,-0.0002610802,-1
G044,G097,-0.00026122795,-1
G092,G042,-0.00026179402,-1
G073,G067,-0.00026250648,-1
G008,G074,-0.0002630082,-1
G064,G090,-0.00026330346,-1
G057,G058,-0.00026383006,-1
G028,G083,-0.0002642342,-1
G024,G071,-0.0002643226,-1
G046,G024,-0.00026494413,-1
G019,G022,-0.00026588206,-1
G076,G092,-0.0002670758,-1
G053,G044,-0.0002675983,-1
G089,G034,-0.00026812553,-1
G021,G055,-0.00026879337,-1
G061,G043,-0.00026907012,-1
G002,G025,-0.0002698199,-1
G012,G074,-0.00027154983,-1
G036,G097,-0.00027179427,-1
G011,G023,-0.00027267824,-1
G027,G020,-0.00027358776,-1
G100,G069,-0.0002736368,-1
G075,G069,-0.00027417266,-1
G021,G038,-0.0002753315,-1
G040,G047,-0.0002753647,-1
G067,G083,-0.00027574092,-1
G024,G007,-0.00027581185,-1
G006,G081,-0.00027583458,-1
G014,G069,-0.00027724908,-1
G082,G047,-0.00027879214,-1
G020,G010,-0.0002789435,-1
G025,G082,-0.0002791148,-1
G024,G077,-0.00027989128,-1
G084,G021,-0.0002799645,-1
G044,G063,-0.0002800956,-1
G005,G086,-0.00028044204,-1
G074,G097,-0.0002805166,-1
G057,G061,-0.00028090115,-1
G085,G043,-0.00028106468,-1
G091,G025,-0.00028129775,-1
G084,G086,-0.00028174074,-1
G048,G100,-0.00028198466,-1
G036,G072,-0.00028210072,-1
G012,G076,-0.00028323513,-1
G003,G093,-0.0002840812,-1
G037,G039,-0.00028440883,-1
G037,G082,-0.00028487327,-1
G020,G095,-0.00028498063,-1
G072,G003,-0.0002852319,-1
G074,G028,-0.00028568172,-1
G056,G050,-0.00028578378,-1
G002,G082,-0.00028596178,-1
G059,G093,-0.00028638917,-1
G023,G093,-0.00028671676,-1
G097,G084,-0.00028675067,-1
G100,G046,-0.00028690574,-1
G054,G055,-0.00028722742,-1
G046,G074,-0.00028797027,-1
G044,G100,-0.00028799125,-1
G009,G024,-0.00028906928,-1
G077,G040,-0.00029086423,-1
G003,G015,-0.00029088368,-1
G010,G064,-0.00029369773,-1
G072,G029,-0.00029412005,-1
G013,G083,-0.0002951807,-1
G042,G052,-0.00029617627,-1
G046,G030,-0.0002986505,-1
G100,G035,-0.0002987848,-1
G027,G091,-0.00029933054,-1
G089,G060,-0.00030059984,-1
G028,G047,-0.000301436,-1
G062,G041,-0.00030147415,-1
G001,G057,-0.00030238376,-1
G013,G095,-0.00030277454,-1
G080,G014,-0.00030291712,-1
G085,G099,-0.00030444813,-1
G033,G009,-0.0003050458,-1
G058,G025,-0.00030514403,-1
G008,G046,-0.00030626263,-1
G002,G095,-0.00030760362,-1
G082,G044,-0.00030869574,-1
G081,G050,-0.00030893122,-1
G084,G006,-0.00031034948,-1
G038,G017,-0.0003105268,-1
G082,G027,-0.00031091055,-1
G023,G034,-0.0003110324,-1
G099,G071,-0.0003118687,-1
G014,G021,-0.00031187598,-1
G048,G035,-0.00031209204,-1
G073,G069,-0.00031221544,-1
G055,G072,-0.00031276155,-1
G067,G045,-0.00031481552,-1
G093,G090,-0.00031496186,-1
G072,G042,-0.0003150308,-1
G023,G094,-0.00031598163,-1
G052,G066,-0.00031660628,-1
G041,G060,-0.00031700486,-1
G044,G089,-0.00031773682,-1
G016,G050,-0.00031860865,-1
G076,G037,-0.00031863595,-1
G048,G086,-0.00031877527,-1
G075,G024,-0.00031892408,-1
G099,G022,-0.00031898188,-1
G081,G028,-0.0003189997,-1
G013,G047,-0.00031938803,-1
G070,G040,-0.00031947705,-1
G059,G091,-0.00032076435,-1
G098,G065,-0.0003209368,-1
G033,G093,-0.00032174488,-1
G004,G058,-0.00032274943,-1
G080,G070,-0.0003230105,-1
G053,G080,-0.00032334361,-1
G027,G012,-0.00032369653,-1
G054,G098,-0.00032380348,-1
G026,G090,-0.00032391632,-1
G057,G033,-0.000324098,-1
G026,G065,-0.00032486682,-1
G024,G043,-0.00032523586,-1
G091,G013,-0.00032554325,-1
G072,G077,-0.0003255928,-1
G020,G036,-0.0003262511,-1
G082,G069,-0.00032632024,-1
G086,G013,-0.00032643002,-1
G059,G055,-0.00032776242,-1
G081,G009,-0.00032811533,-1
G042,G083,-0.00033056232,-1
G041,G058,-0.00033061253,-1
G033,G002,-0.00033112033,-1
G090,G058,-0.00033180538,-1
G098,G069,-0.00033253242,-1
G040,G076,-0.00033254968,-1
G070,G051,-0.00033263784,-1
G018,G043,-0.00033371622,-1
G040,G078,-0.00033373185,-1
G003,G025,-0.0003339866,-1
G017,G054,-0.00033763374,-1
G066,G024,-0.0003379096,-1
G055,G095,-0.0003381689,-1
G086,G081,-0.00033844585,-1
G088,G040,-0.00033850622,-1
G034,G059,-0.00033879498,-1
G017,G007,-0.00034080318,-1
G006,G003,-0.00034090242,-1
G060,G028,-0.00034204114,-1
G006,G073,-0.00034280054,-1
G059,G004,-0.0003428319,-1
G088,G048,-0.00034510333,-1
G056,G098,-0.00034527222,-1
G023,G003,-0.00034557265,-1
G064,G050,-0.00034582792,-1
G007,G035,-0.00034613273,-1
G022,G058,-0.0003464072,-1
G065,G034,-0.00034664304,-1
G063,G070,-0.0003473406,-1
G017,G081,-0.00034769258,-1
G082,G043,-0.000349484,-1
G035,G054,-0.00034987257,-1
G084,G067,-0.0003504309,-1
G029,G067,-0.00035149485,-1
G012,G020,-0.00035258653,-1
G081,G077,-0.00035299888,-1
G019,G039,-0.00035349833,-1
G094,G025,-0.00035366832,-1
G032,G057,-0.0003536963,-1
G068,G085,-0.0003540053,-1
G043,G036,-0.00035521737,-1
G037,G083,-0.00035524074,-1
G046,G079,-0.00035529322,-1
G081,G016,-0.00035600012,-1
G065,G035,-0.0003579939,-1
G099,G011,-0.00035947567,-1
G042,G027,-0.00036005446,-1
G056,G093,-0.0003621104,-1
G097,G016,-0.00036220805,-1
G044,G099,-0.0003642391,-1
G032,G096,-0.00036488322,-1
G065,G025,-0.0003650963,-1
G099,G080,-0.00036615474,-1
G056,G074,-0.00036650896,-1
G041,G074,-0.000366666,-1
G079,G048,-0.00036669054,-1
G100,G072,-0.00036906294,-1
G100,G073,-0.00036989426,-1
G029,G016,-0.000371193,-1
G080,G050,-0.00037321929,-1
G012,G010,-0.0003737424,-1
G029,G100,-0.00037430142,-1
G079,G058,-0.00037461583,-1
G089,G014,-0.0003746357,-1
G044,G031,-0.00037537667,-1
G035,G056,-0.00037590117,-1
G005,G064,-0.0003765264,-1
G042,G004,-0.00037775806,-1
G050,G038,-0.00037895414,-1
G046,G071,-0.000379637,-1
G097,G071,-0.0003797505,-1
G039,G070,-0.0003802156,-1
G052,G091,-0.00038024347,-1
G094,G039,-0.0003829054,-1
G095,G038,-0.00038420758,-1
G056,G030,-0.00038556042,-1
G097,G092,-0.000386125,-1
G037,G049,-0.00038676182,-1
G088,G017,-0.00038935945,-1
G074,G006,-0.00039190718,-1
G073,G032,-0.00039193608,-1
G003,G008,-0.00039251664,-1
G048,G042,-0.00039327412,-1
G014,G063,-0.0003942028,-1
G083,G039,-0.00039560758,-1
G013,G079,-0.00039564166,-1
G100,G093,-0.0003977838,-1
G065,G048,-0.00040014778,-1
G050,G084,-0.00040072072,-1
G077,G084,-0.00040088178,-1
G054,G019,-0.00040094397,-1
G021,G083,-0.0004015441,-1
G066,G012,-0.0004044672,-1
G016,G094,-0.00040461036,-1
G087,G094,-0.00040514133,-1
G018,G051,-0.0004063941,-1
G045,G029,-0.0004070496,-1
G043,G060,-0.00040985632,-1
G078,G091,-0.00041011866,-1
G040,G063,-0.00041089716,-1
G004,G038,-0.00041113462,-1
G045,G048,-0.00041120817,-1
G032,G086,-0.00041237118,-1
G037,G071,-0.0004128163,-1
G014,G044,-0.00041363382,-1
G054,G010,-0.00041491076,-1
G018,G056,-0.00041521058,-1
G093,G014,-0.0004163171,-1
G078,G020,-0.00042054235,-1
G063,G080,-0.00042292385,-1
G011,G089,-0.0004236996,-1
G089,G032,-0.0004241788,-1
G072,G052,-0.00042603738,-1
G018,G093,-0.00042710104,-1
G040,G060,-0.0004282761,-1
G064,G088,-0.00042852727,-1
G024,G100,-0.00042905504,-1
G082,G067,-0.00042982027,-1
G064,G039,-0.00043008957,-1
G083,G008,-0.0004306311,-1
G001,G022,-0.0004311795,-1
G073,G026,-0.00043119665,-1
G083,G006,-0.0004316486,-1
G006,G088,-0.00043176697,-1
G035,G047,-0.000431929,-1
G075,G031,-0.00043193545,-1
G056,G082,-0.0004343913,-1
G035,G094,-0.0004350551,-1
G089,G003,-0.00043536577,-1
G019,G025,-0.0004364026,-1
G013,G063,-0.000436427,-1
G006,G091,-0.00044021817,-1
G091,G085,-0.0004402606,-1
G087,G028,-0.00044058464,-1
G069,G008,-0.00044071765,-1
G048,G067,-0.0004460352,-1
G070,G004,-0.00044698405,-1
G037,G068,-0.00044914472,-1
G013,G009,-0.00045180926,-1
G002,G056,-0.00045313226,-1
G071,G004,-0.00045313835,-1
G011,G056,-0.00045451775,-1
G033,G042,-0.00045510696,-1
G084,G062,-0.00045517663,-1
G031,G054,-0.0004559916,-1
G051,G056,-0.00045646643,-1
G012,G009,-0.00045785343,-1
G090,G040,-0.00045921787,-1
G060,G035,-0.00046224578,-1
G044,G030,-0.00046341636,-1
G021,G090,-0.0004643645,-1
G067,G054,-0.00046445068,-1
G034,G056,-0.00046515392,-1
G057,G020,-0.0004654178,-1
G041,G091,-0.00046628524,-1
G021,G060,-0.0004686541,-1
G090,G041,-0.0004687405,-1
G054,G002,-0.00047217458,-1
G031,G005,-0.00047309522,-1
G099,G055,-0.00047349127,-1
G029,G007,-0.00047372337,-1
G032,G094,-0.00047582085,-1
G096,G060,-0.0004759977,-1
G078,G031,-0.000476256,-1
G048,G021,-0.00047677028,-1
G030,G078,-0.00048089252,-1
G008,G055,-0.0004851442,-1
G070,G016,-0.00048650353,-1
G038,G086,-0.0004873395,-1
G044,G082,-0.00048946246,-1
G048,G009,-0.00049066613,-1
G097,G008,-0.0004913897,-1
G015,G078,-0.0004922392,-1
G042,G040,-0.0004929733,-1
G063,G086,-0.0004957054,-1
G035,G066,-0.00049640064,-1
G089,G049,-0.0004966196,-1
G070,G044,-0.0004978289,-1
G006,G059,-0.00050092244,-1
G039,G033,-0.00050240743,-1
G004,G059,-0.00050676975,-1
G015,G097,-0.0005078529,-1
G041,G013,-0.00050858926,-1
G048,G073,-0.0005128587,-1
G094,G041,-0.0005164475,-1
G085,G012,-0.0005167864,-1
G003,G023,-0.0005181413,-1
G074,G004,-0.00052027585,-1
G030,G003,-0.00052123825,-1
G094,G092,-0.0005219834,-1
G094,G098,-0.00052241393,-1
G042,G072,-0.0005227419,-1
G055,G026,-0.0005232078,-1
G063,G026,-0.00052585016,-1
G064,G063,-0.000527123,-1
G050,G087,-0.00052720285,-1
G097,G029,-0.00052903924,-1
G081,G015,-0.0005292118,-1
G019,G013,-0.00053085416,-1
G051,G047,-0.00053563603,-1
G017,G087,-0.0005363378,-1
G014,G030,-0.00053702574,-1
G038,G072,-0.00053804356,-1
G035,G013,-0.00054070086,-1
G001,G073,-0.0005413456,-1
G047,G070,-0.00054273865,-1
G014,G080,-0.00054488215,-1
G002,G094,-0.00054626685,-1
G005,G062,-0.0005470511,-1
G012,G082,-0.00054726936,-1
G048,G005,-0.0005482794,-1
G089,G054,-0.0005493206,-1
G052,G095,-0.00054973364,-1
G093,G047,-0.00055046886,-1
G005,G014,-0.00055061694,-1
G031,G017,-0.0005534073,-1
G089,G037,-0.00055538455,-1
G061,G065,-0.0005596607,-1
G045,G077,-0.00056065636,-1
G032,G009,-0.0005608475,-1
G089,G063,-0.00056181574,-1
G068,G034,-0.0005618219,-1
G061,G019,-0.0005648055,-1
G031,G074,-0.0005661977,-1
G008,G057,-0.000570308,-1
G034,G100,-0.0005708568,-1
G015,G027,-0.0005711557,-1
G097,G037,-0.0005720961,-1
G076,G020,-0.0005732459,-1
G082,G055,-0.00057344494,-1
G040,G067,-0.0005759732,-1
G062,G021,-0.00057620474,-1
G099,G098,-0.0005780156,-1
G057,G073,-0.00058096676,-1
G067,G099,-0.0005816329,-1
G022,G010,-0.00058248977,-1
G059,G058,-0.00058693043,-1
G029,G062,-0.0005909531,-1
G098,G055,-0.0005926468,-1
G077,G079,-0.0005955091,-1
G049,G045,-0.00059772143,-1
G053,G096,-0.0006006635,-1
G038,G058,-0.0006021659,-1
G056,G097,-0.0006021726,-1
G053,G084,-0.00060524285,-1
G033,G038,-0.00060544367,-1
G066,G096,-0.00060723984,-1
G073,G084,-0.0006077423,-1
G051,G098,-0.00060984516,-1
G039,G029,-0.00061032997,-1
G082,G081,-0.0006104442,-1
G008,G056,-0.00061054464,-1
G047,G061,-0.00061167724,-1
G072,G019,-0.0006117149,-1
G093,G023,-0.00061487796,-1
G058,G072,-0.0006191412,-1
G024,G063,-0.00061957294,-1
G014,G006,-0.00062679104,-1
G004,G079,-0.00062754244,-1
G090,G078,-0.00062776176,-1
G005,G083,-0.0006301761,-1
G067,G010,-0.00063031627,-1
G081,G091,-0.0006315863,-1
G081,G084,-0.00063180825,-1
G009,G023,-0.0006339544,-1
G099,G042,-0.00063627976,-1
G036,G009,-0.0006384674,-1
G059,G017,-0.00064297195,-1
G033,G006,-0.0006448798,-1
G053,G089,-0.00064870383,-1
G085,G089,-0.0006529964,-1
G014,G064,-0.0006546791,-1
G086,G077,-0.0006563087,-1
G069,G072,-0.0006579473,-1
G036,G060,-0.0006603028,-1
G020,G098,-0.00066136627,-1
G008,G073,-0.0006618955,-1
G025,G050,-0.0006633585,-1
G097,G021,-0.00066451344,-1
G042,G081,-0.0006653229,-1
G091,G044,-0.000666015,-1
G095,G098,-0.000667057,-1
G009,G036,-0.0006687461,-1
G072,G094,-0.0006693391,-1
G036,G094,-0.00067148416,-1
G013,G082,-0.00067256583,-1
G036,G070,-0.0006744232,-1
G031,G097,-0.0006751723,-1
G042,G098,-0.0006772564,-1
G025,G023,-0.000680269,-1
G056,G077,-0.0006814025,-1
G027,G073,-0.0006828274,-1
G008,G026,-0.0006836679,-1
G071,G083,-0.00068396673,-1
G090,G076,-0.0006857712,-1
G062,G068,-0.0006889429,-1
G096,G084,-0.0006901575,-1
G083,G060,-0.0006909067,-1
G083,G080,-0.00069335895,-1
G001,G079,-0.00069694157,-1
G003,G100,-0.0006969563,-1
G080,G045,-0.00069898285,-1
G020,G072,-0.0007046282,-1
G084,G016,-0.0007059283,-1
G036,G018,-0.00071230764,-1
G082,G035,-0.0007144498,-1
G044,G036,-0.0007146238,-1
G098,G061,-0.0007155805,-1
G091,G018,-0.0007175309,-1
G029,G049,-0.0007183924,-1
G004,G023,-0.00071900716,-1
G017,G025,-0.00071917975,-1
G012,G079,-0.0007194546,-1
G054,G022,-0.00072168815,-1
G085,G079,-0.0007222721,-1
G020,G048,-0.0007226933,-1
G096,G005,-0.00072482583,-1
G051,G049,-0.00072495145,-1
G051,G057,-0.0007258645,-1
G073,G001,-0.00072673586,-1
G079,G072,-0.00072706235,-1
G100,G010,-0.0007272556,-1
G040,G001,-0.00072945043,-1
G079,G013,-0.0007295581,-1
G025,G026,-0.000730088,-1
G029,G030,-0.00073036365,-1
G023,G078,-0.0007322038,-1
G080,G081,-0.00073221314,-1
G031,G026,-0.0007329199,-1
G073,G051,-0.0007335755,-1
G007,G059,-0.000736089,-1
G084,G017,-0.00073664315,-1
G061,G088,-0.00073968177,-1
G060,G017,-0.0007411563,-1
G004,G029,-0.0007422937,-1
G090,G009,-0.0007467155,-1
G006,G096,-0.0007478961,-1
G030,G069,-0.00074876123,-1
G025,G030,-0.00074927503,-1
G087,G010,-0.00075065554,-1
G089,G084,-0.00075154135,-1
G076,G034,-0.0007531117,-1
G023,G079,-0.0007562573,-1
G085,G035,-0.0007569721,-1
G091,G065,-0.0007607003,-1
G066,G028,-0.0007612605,-1
G071,G098,-0.0007614707,-1
G046,G049,-0.0007639239,-1
G038,G055,-0.0007642046,-1
G052,G011,-0.00077283947,-1
G077,G043,-0.00077576656,-1
G027,G058,-0.000777415,-1
G070,G095,-0.00077761366,-1
G100,G078,-0.00077766774,-1
G022,G050,-0.0007786685,-1
G064,G070,-0.000779088,-1
G022,G073,-0.0007793254,-1
G053,G050,-0.0007798362,-1
G070,G099,-0.0007821329,-1
G002,G065,-0.00078277604,-1
G066,G013,-0.0007861431,-1
G033,G071,-0.0007879519,-1
G006,G046,-0.0007894797,-1
G009,G016,-0.0007910473,-1
G027,G065,-0.0007913917,-1
G069,G097,-0.0007915978,-1
G007,G019,-0.0007934663,-1
G032,G043,-0.0007935863,-1
G004,G010,-0.0008004947,-1
G073,G090,-0.00080103346,-1
G008,G090,-0.0008037505,-1
G017,G070,-0.0008047188,-1
G013,G025,-0.0008051617,-1
G015,G022,-0.000806102,-1
G062,G097,-0.0008061736,-1
G056,G072,-0.0008066459,-1
G042,G036,-0.0008071909,-1
G047,G043,-0.0008077035,-1
G094,G076,-0.0008089197,-1
G043,G092,-0.0008102562,-1
G078,G075,-0.0008109979,-1
G031,G063,-0.00081295014,-1
G053,G077,-0.0008151321,-1
G066,G079,-0.0008160425,-1
G036,G080,-0.0008236082,-1
G032,G074,-0.00082415843,-1
G079,G098,-0.00082461163,-1
G052,G073,-0.00082656345,-1
G076,G022,-0.0008284947,-1
G098,G006,-0.00082877686,-1
G032,G026,-0.000829373,-1
G080,G090,-0.0008294875,-1
G013,G093,-0.0008295153,-1
G069,G075,-0.0008318342,-1
G069,G044,-0.000831951,-1
G021,G080,-0.00083204167,-1
G023,G042,-0.00083432335,-1
G095,G091,-0.00083629676,-1
G030,G081,-0.0008369457,-1
G091,G032,-0.00083702925,-1
G089,G024,-0.0008399966,-1
G059,G014,-0.0008405112,-1
G052,G059,-0.00084053515,-1
G025,G089,-0.0008418919,-1
G051,G002,-0.000844768,-1
G083,G090,-0.00084693386,-1
G069,G022,-0.00084738695,-1
G003,G098,-0.000847557,-1
G078,G040,-0.0008479725,-1
G092,G002,-0.00085188256,-1
G032,G083,-0.00085262675,-1
G068,G069,-0.0008530895,-1
G063,G008,-0.0008532363,-1
G095,G100,-0.0008542979,-1
G038,G095,-0.0008595187,-1
G035,G055,-0.0008604749,-1
G080,G063,-0.00086231856,-1
G014,G022,-0.00086369284,-1
G067,G044,-0.0008638614,-1
G012,G032,-0.0008648038,-1
G035,G096,-0.00086523045,-1
G089,G098,-0.00086928497,-1
G030,G008,-0.0008705343,-1
G089,G087,-0.0008718446,-1
G033,G041,-0.00087194145,-1
G028,G053,-0.00087201037,-1
G034,G087,-0.0008774483,-1
G029,G032,-0.00087957946,-1
G023,G052,-0.00088589126,-1
G053,G012,-0.0008861222,-1
G007,G066,-0.0008870753,-1
G095,G067,-0.0008870921,-1
G097,G049,-0.0008882365,-1
G003,G011,-0.0008890072,-1
G015,G014,-0.00089023734,-1
G067,G077,-0.0008905181,-1
G038,G079,-0.0008924476,-1
G058,G008,-0.0008936377,-1
G056,G070,-0.0008982961,-1
G001,G054,-0.00089965935,-1
G022,G072,-0.00089988636,-1
G061,G092,-0.00090194534,-1
G053,G098,-0.00090422883,-1
G021,G057,-0.00090521784,-1
G091,G012,-0.00090707757,-1
G022,G023,-0.0009079832,-1
G010,G016,-0.0009083527,-1
G061,G086,-0.00091366237,-1
G087,G057,-0.0009156072,-1
G030,G020,-0.00092669675,-1
G011,G086,-0.0009267326,-1
G074,G047,-0.0009268787,-1
G007,G012,-0.00092776923,-1
G082,G025,-0.00092820864,-1
G041,G024,-0.0009295565,-1
G008,G016,-0.00093320117,-1
G033,G082,-0.00093616126,-1
G066,G045,-0.00093849184,-1
G043,G050,-0.0009410685,-1
G038,G010,-0.0009414509,-1
G067,G089,-0.000942094,-1
G085,G060,-0.0009434769,-1
G051,G036,-0.000943608,-1
G055,G036,-0.0009439066,-1
G013,G098,-0.0009452334,-1
G076,G063,-0.000948341,-1
G079,G050,-0.000951773,-1
G057,G001,-0.0009518095,-1
G017,G068,-0.0009579732,-1
G005,G029,-0.0009601489,-1
G030,G056,-0.0009608158,-1
G010,G025,-0.0009613375,-1
G092,G075,-0.00096322375,-1
G022,G041,-0.0009645329,-1
G031,G010,-0.0009662571,-1
G070,G092,-0.00096941,-1
G019,G036,-0.0009706902,-1
G049,G072,-0.000971083,-1
G014,G068,-0.0009802087,-1
G012,G033,-0.0009804551,-1
G077,G002,-0.0009846302,-1
G099,G046,-0.0009864387,-1
G049,G093,-0.0009868039,-1
G052,G042,-0.0009886957,-1
G043,G085,-0.0009902229,-1
G025,G043,-0.0009928142,-1
G072,G053,-0.0009932638,-1
G075,G021,-0.0009934974,-1
G020,G055,-0.0009946022,-1
G040,G005,-0.0009959907,-1
G031,G071,-0.0009991569,-1
G032,G028,-0.0009997434,-1
G043,G088,-0.001000521,-1
G093,G071,-0.001001975,-1
G026,G003,-0.0010025692,-1
G088,G045,-0.0010039901,-1
G030,G098,-0.0010054698,-1
G016,G042,-0.0010062177,-1
G099,G035,-0.00100653,-1
G047,G086,-0.0010075156,-1
G063,G098,-0.001014533,-1
G088,G008,-0.0010187838,-1
G061,G040,-0.0010221513,-1
G006,G021,-0.0010236895,-1
G073,G006,-0.0010246943,-1
G066,G049,-0.0010263156,-1
G030,G075,-0.0010278317,-1
G093,G015,-0.0010292707,-1
G095,G068,-0.0010297964,-1
G017,G016,-0.001030877,-1
G042,G058,-0.0010364278,-1
G068,G095,-0.0010375072,-1
G057,G095,-0.001038068,-1
G069,G077,-0.0010381954,-1
G072,G062,-0.0010396005,-1
G073,G046,-0.0010401779,-1
G001,G051,-0.0010436748,-1
G030,G047,-0.0010452153,-1
G009,G025,-0.0010468271,-1
G084,G045,-0.0010499717,-1
G093,G004,-0.0010513457,-1
G059,G092,-0.0010534211,-1
G053,G022,-0.00105511,-1
G034,G055,-0.0010554,-1
G071,G097,-0.0010583691,-1
G016,G007,-0.0010591456,-1
G074,G049,-0.0010609028,-1
G093,G031,-0.0010648861,-1
G011,G083,-0.001067764,-1
G076,G047,-0.0010715357,-1
G073,G055,-0.0010720859,-1
G097,G048,-0.0010730526,-1
G006,G080,-0.0010732308,-1
G007,G075,-0.0010766507,-1
G040,G017,-0.0010768924,-1
G095,G083,-0.0010797014,-1
G059,G067,-0.0010806572,-1
G011,G012,-0.0010813806,-1
G053,G010,-0.0010826761,-1
G061,G035,-0.001085601,-1
G041,G067,-0.0010858285,-1
G007,G049,-0.001086818,-1
G100,G002,-0.0010869898,-1
G073,G020,-0.0010916061,-1
G022,G037,-0.0010917262,-1
G058,G073,-0.0010927214,-1
G035,G063,-0.0010949097,-1
G062,G060,-0.00109496,-1
G067,G022,-0.0010963879,-1
G058,G059,-0.0010971354,-1
G082,G024,-0.0010974467,-1
G025,G018,-0.0010980498,-1
G085,G072,-0.0010996022,-1
G058,G060,-0.0011026831,-1
G014,G017,-0.0011044608,-1
G012,G069,-0.0011049967,-1
G098,G052,-0.0011051559,-1
G094,G096,-0.0011064891,-1
G019,G027,-0.0011075577,-1
G087,G044,-0.0011086239,-1
G049,G070,-0.0011100951,-1
G060,G016,-0.0011116527,-1
G083,G096,-0.0011119097,-1
G096,G043,-0.0011179299,-1
G077,G033,-0.0011181677,-1
G049,G090,-0.0011210394,-1
G033,G081,-0.0011231267,-1
G042,G034,-0.0011239394,-1
G084,G068,-0.0011251298,-1
G096,G052,-0.0011257088,-1
G066,G094,-0.0011279657,-1
G091,G075,-0.0011281385,-1
G007,G065,-0.0011285372,-1
G093,G045,-0.0011287626,-1
G030,G031,-0.0011300955,-1
G004,G072,-0.0011301554,-1
G100,G005,-0.0011302918,-1
G052,G007,-0.0011323238,-1
G062,G008,-0.0011333422,-1
G001,G050,-0.0011390581,-1
G025,G012,-0.0011413272,-1
G006,G095,-0.0011428454,-1
G041,G078,-0.0011452113,-1
G093,G006,-0.0011463569,-1
G032,G003,-0.0011500709,-1
G070,G046,-0.0011508829,-1
G034,G072,-0.0011509102,-1
G074,G050,-0.00115131,-1
G048,G049,-0.0011514612,-1
G046,G035,-0.0011529105,-1
G035,G012,-0.0011548756,-1
G071,G008,-0.0011549499,-1
G004,G030,-0.001155393,-1
G041,G025,-0.0011581867,-1
G037,G050,-0.001158448,-1
G038,G045,-0.0011586489,-1
G008,G025,-0.0011590567,-1
G063,G010,-0.0011607859,-1
G005,G089,-0.0011613828,-1
G098,G093,-0.0011635644,-1
G046,G068,-0.001164695,-1
G006,G084,-0.0011655807,-1
G055,G100,-0.0011663714,-1
G048,G068,-0.0011746695,-1
G067,G037,-0.0011774612,-1
G094,G089,-0.0011774963,-1
G055,G059,-0.0011790261,-1
G021,G019,-0.0011805042,-1
G028,G010,-0.0011824529,-1
G068,G090,-0.0011846076,-1
G055,G030,-0.0011858575,-1
G079,G029,-0.001189967,-1
G081,G045,-0.0011906561,-1
G082,G095,-0.0011914466,-1
G022,G085,-0.0011934803,-1
G032,G048,-0.0011940147,-1
G032,G051,-0.0011945779,-1
G087,G031,-0.0011957348,-1
G064,G004,-0.0011968534,-1
G031,G034,-0.0012000547,-1
G047,G075,-0.0012007232,-1
G031,G058,-0.001202226,-1
G045,G008,-0.001203638,-1
G050,G065,-0.0012045772,-1
G032,G081,-0.0012055553,-1
G087,G003,-0.0012057908,-1
G036,G068,-0.0012087356,-1
G036,G086,-0.0012102491,-1
G077,G037,-0.0012117056,-1
G007,G056,-0.0012130596,-1
G031,G091,-0.0012132946,-1
G088,G089,-0.001213488,-1
G086,G014,-0.0012136954,-1
G072,G026,-0.0012140688,-1
G083,G010,-0.0012161398,-1
G098,G058,-0.0012196908,-1
G076,G004,-0.001222868,-1
G083,G099,-0.0012229645,-1
G014,G059,-0.0012233575,-1
G018,G096,-0.0012241402,-1
G087,G027,-0.0012256199,-1
G042,G028,-0.0012271018,-1
G044,G001,-0.0012315877,-1
G078,G018,-0.0012322481,-1
G072,G051,-0.0012323842,-1
G071,G065,-0.001236705,-1
G020,G014,-0.0012368053,-1
G074,G009,-0.0012377779,-1
G090,G097,-0.001239094,-1
G079,G080,-0.0012391893,-1
G057,G065,-0.0012405906,-1
G001,G033,-0.0012415476,-1
G051,G015,-0.0012447403,-1
G063,G075,-0.0012524115,-1
G059,G077,-0.001257383,-1
G026,G057,-0.0012577111,-1
G037,G042,-0.0012578627,-1
G040,G006,-0.0012603366,-1
G067,G004,-0.001260382,-1
G068,G008,-0.0012610286,-1
G056,G037,-0.0012623036,-1
G056,G092,-0.0012625474,-1
G061,G025,-0.0012630018,-1
G087,G013,-0.0012644504,-1
G064,G100,-0.0012659496,-1
G043,G038,-0.0012717773,-1
G100,G043,-0.001275171,-1
G047,G011,-0.0012751995,-1
G077,G021,-0.001275686,-1
G018,G023,-0.0012768991,-1
G070,G093,-0.0012780464,-1
G096,G008,-0.0012786046,-1
G052,G049,-0.0012788107,-1
G027,G024,-0.0012820895,-1
G080,G046,-0.001284517,-1
G007,G058,-0.001286659,-1
G027,G053,-0.0012886481,-1
G008,G047,-0.0012901289,-1
G079,G095,-0.0012942111,-1
G027,G019,-0.0012964474,-1
G066,G010,-0.0012983178,-1
G016,G035,-0.0012992255,-1
G080,G053,-0.0013001742,-1
G002,G069,-0.001301153,-1
G047,G072,-0.0013054057,-1
G020,G099,-0.0013076011,-1
G081,G042,-0.0013093655,-1
G031,G070,-0.0013093911,-1
G030,G068,-0.0013118271,-1
G055,G001,-0.0013167784,-1
G059,G086,-0.0013172433,-1
G079,G040,-0.0013190961,-1
G038,G097,-0.0013196707,-1
G024,G078,-0.0013203678,-1
G016,G100,-0.0013250588,-1
G087,G043,-0.0013259355,-1
G065,G073,-0.0013270802,-1
G100,G063,-0.0013274979,-1
G083,G070,-0.0013280967,-1
G024,G092,-0.0013309087,-1
G074,G084,-0.0013315377,-1
G079,G049,-0.0013322793,-1
G070,G056,-0.0013323348,-1
G048,G079,-0.0013349772,-1
G005,G058,-0.0013378371,-1
G068,G098,-0.001338215,-1
G042,G086,-0.0013409952,-1
G001,G035,-0.0013415983,-1
G100,G054,-0.0013449091,-1
G056,G038,-0.0013472737,-1
G054,G092,-0.0013493798,-1
G025,G047,-0.0013499043,-1
G076,G094,-0.0013511186,-1
G095,G092,-0.0013519528,-1
G081,G027,-0.0013525704,-1
G013,G090,-0.0013527549,-1
G061,G085,-0.0013552293,-1
G063,G030,-0.0013553714,-1
G099,G029,-0.0013562094,-1
G076,G071,-0.0013571479,-1
G045,G007,-0.0013583688,-1
G059,G003,-0.0013595187,-1
G002,G007,-0.0013636383,-1
G087,G053,-0.00136407,-1
G033,G085,-0.0013641895,-1
G070,G064,-0.0013650226,-1
G057,G006,-0.001366668,-1
G011,G019,-0.0013702402,-1
G038,G009,-0.0013711229,-1
G015,G013,-0.001371346,-1
G023,G038,-0.0013753205,-1
G042,G015,-0.0013767615,-1
G027,G040,-0.0013773349,-1
G084,G058,-0.0013848646,-1
G045,G076,-0.0013849804,-1
G024,G096,-0.0013864447,-1
G039,G074,-0.0013901643,-1
G036,G003,-0.0013933852,-1
G007,G025,-0.0013977428,-1
G096,G037,-0.0013981289,-1
G015,G091,-0.0013985583,-1
G023,G092,-0.0013987311,-1
G004,G051,-0.0013998246,-1
G089,G073,-0.0013999065,-1
G053,G083,-0.001400904,-1
G037,G002,-0.0014025812,-1
G026,G085,-0.00140367,-1
G099,G087,-0.0014038422,-1
G056,G033,-0.0014109729,-1
G038,G012,-0.0014118617,-1
G090,G091,-0.0014125381,-1
G067,G042,-0.0014125482,-1
G091,G058,-0.0014135685,-1
G029,G054,-0.0014167072,-1
G086,G070,-0.001420161,-1
G042,G030,-0.0014229261,-1
G072,G005,-0.0014239787,-1
G032,G064,-0.0014247173,-1
G030,G080,-0.0014248437,-1
G013,G015,-0.0014256565,-1
G049,G001,-0.0014269565,-1
G061,G036,-0.0014281031,-1
G004,G095,-0.0014367447,-1
G062,G027,-0.0014373516,-1
G062,G087,-0.0014395397,-1
G094,G050,-0.0014397895,-1
G014,G008,-0.0014404579,-1
G063,G072,-0.0014425173,-1
G042,G099,-0.00144387,-1
G073,G007,-0.0014457989,-1
G083,G089,-0.0014475991,-1
G071,G045,-0.0014484581,-1
G021,G039,-0.0014491847,-1
G069,G001,-0.0014517459,-1
G040,G041,-0.0014528307,-1
G056,G059,-0.0014538704,-1
G034,G052,-0.0014542256,-1
G057,G022,-0.0014542638,-1
G035,G076,-0.0014545929,-1
G066,G022,-0.0014578801,-1
G036,G053,-0.0014597664,-1
G053,G011,-0.0014610492,-1
G099,G093,-0.0014631448,-1
G082,G036,-0.0014634476,-1
G060,G077,-0.0014648559,-1
G003,G021,-0.0014648979,-1
G082,G079,-0.0014650676,-1
G096,G058,-0.0014688744,-1
G006,G057,-0.0014737418,-1
G075,G004,-0.001480588,-1
G013,G087,-0.0014806441,-1
G099,G089,-0.0014846006,-1
G082,G074,-0.0014891773,-1
G030,G093,-0.0014916174,-1
G072,G040,-0.0014921048,-1
G061,G090,-0.0014926422,-1
G039,G097,-0.0014933138,-1
G059,G049,-0.0014940389,-1
G084,G071,-0.0014959803,-1
G077,G017,-0.0014969598,-1
G065,G032,-0.0015014476,-1
G069,G100,-0.0015034704,-1
G030,G001,-0.0015051193,-1
G077,G090,-0.0015053573,-1
G024,G010,-0.0015077913,-1
G095,G081,-0.0015080079,-1
G061,G064,-0.0015093979,-1
G021,G092,-0.0015154575,-1
G002,G077,-0.0015158774,-1
G031,G009,-0.0015170596,-1
G082,G028,-0.0015173347,-1
G052,G027,-0.001518879,-1
G094,G035,-0.0015203872,-1
G022,G038,-0.0015209111,-1
G006,G045,-0.0015233372,-1
G083,G088,-0.0015233377,-1
G072,G017,-0.0015256894,-1
G038,G026,-0.0015257499,-1
G036,G041,-0.0015289341,-1
G018,G031,-0.0015323171,-1
G035,G034,-0.0015327476,-1
G044,G085,-0.0015342088,-1
G038,G004,-0.0015345331,-1
G069,G055,-0.0015360626,-1
G003,G009,-0.0015365856,-1
G070,G080,-0.0015373054,-1
G089,G022,-0.0015383597,-1
G009,G053,-0.001538967,-1
G081,G057,-0.0015447675,-1
G013,G008,-0.0015450778,-1
G076,G041,-0.0015463929,-1
G054,G048,-0.001546589,-1
G042,G035,-0.0015492787,-1
G035,G095,-0.0015498676,-1
G066,G035,-0.0015512772,-1
G020,G027,-0.0015515148,-1
G096,G017,-0.001553564,-1
G045,G056,-0.0015553277,-1
G039,G044,-0.0015567823,-1
G084,G091,-0.0015570555,-1
G015,G058,-0.0015614525,-1
G049,G046,-0.0015619693,-1
G099,G063,-0.0015640147,-1
G081,G024,-0.0015647587,-1
G075,G066,-0.0015651502,-1
G021,G081,-0.0015652279,-1
G098,G043,-0.0015662158,-1
G051,G093,-0.0015674053,-1
G090,G067,-0.0015693307,-1
G047,G066,-0.0015705727,-1
G003,G018,-0.0015735272,-1
G021,G095,-0.0015738553,-1
G058,G095,-0.0015744708,-1
G016,G004,-0.0015769948,-1
G093,G076,-0.0015789864,-1
G099,G052,-0.0015791056,-1
G086,G005,-0.0015791125,-1
G099,G036,-0.0015793436,-1
G048,G003,-0.00157946,-1
G073,G017,-0.0015833086,-1
G011,G015,-0.0015850373,-1
G016,G045,-0.0015861625,-1
G046,G009,-0.0015864382,-1
G091,G093,-0.001590872,-1
G023,G066,-0.0015927646,-1
G089,G052,-0.0015931749,-1
G058,G014,-0.0015974462,-1
G046,G084,-0.0015981011,-1
G038,G013,-0.0015982572,-1
G053,G069,-0.001604168,-1
G060,G034,-0.0016056732,-1
G001,G024,-0.0016066808,-1
G055,G005,-0.0016080757,-1
G009,G051,-0.0016089963,-1
G085,G044,-0.001612187,-1
G097,G006,-0.0016136925,-1
G039,G015,-0.0016149868,-1
G099,G067,-0.0016172513,-1
G060,G073,-0.0016173377,-1
G001,G010,-0.0016190028,-1
G048,G070,-0.0016219834,-1
G013,G089,-0.0016253685,-1
G092,G031,-0.001626464,-1
G098,G032,-0.0016271375,-1
G085,G026,-0.0016284795,-1
G037,G019,-0.001628985,-1
G038,G061,-0.0016330152,-1
G067,G096,-0.0016333589,-1
G023,G005,-0.0016357669,-1
G037,G094,-0.0016361434,-1
G059,G008,-0.0016376103,-1
G090,G046,-0.0016405032,-1
G014,G001,-0.0016411322,-1
G003,G038,-0.0016415193,-1
G080,G019,-0.0016424708,-1
G034,G099,-0.001642784,-1
G082,G083,-0.0016437894,-1
G022,G089,-0.0016473765,-1
G073,G029,-0.0016492186,-1
G098,G071,-0.0016512123,-1
G032,G091,-0.0016513515,-1
G097,G044,-0.0016533545,-1
G089,G058,-0.0016541925,-1
G022,G063,-0.0016555242,-1
G021,G029,-0.0016562339,-1
G008,G070,-0.0016578594,-1
G063,G065,-0.0016582467,-1
G039,G041,-0.0016596197,-1
G051,G077,-0.0016606088,-1
G093,G040,-0.0016613993,-1
G036,G063,-0.0016614973,-1
G091,G008,-0.0016615841,-1
G064,G051,-0.0016616567,-1
G023,G013,-0.0016622472,-1
G072,G045,-0.0016625639,-1
G009,G084,-0.0016637195,-1
G006,G062,-0.0016640254,-1
G019,G037,-0.0016660732,-1
G096,G015,-0.0016678162,-1
G088,G076,-0.001669882,-1
G094,G014,-0.0016702411,-1
G038,G047,-0.0016704687,-1
G005,G024,-0.0016727883,-1
G057,G054,-0.0016742072,-1
G028,G099,-0.0016745134,-1
G084,G100,-0.0016785343,-1
G036,G074,-0.0016787195,-1
G065,G046,-0.0016790605,-1
G017,G061,-0.001681965,-1
G037,G047,-0.0016844175,-1
G070,G088,-0.0016867487,-1
G065,G026,-0.0016875033,-1
G013,G078,-0.0016876623,-1
G038,G050,-0.001687724,-1
G073,G036,-0.0016879789,-1
G031,G011,-0.0016895124,-1
G025,G024,-0.0016934841,-1
G070,G002,-0.0016944082,-1
G051,G078,-0.0016948464,-1
G017,G041,-0.0017000563,-1
G059,G043,-0.0017015147,-1
G048,G081,-0.0017015932,-1
G079,G001,-0.0017027105,-1
G044,G062,-0.0017028311,-1
G093,G089,-0.0017040288,-1
G032,G041,-0.0017058087,-1
G014,G065,-0.0017091813,-1
G021,G085,-0.0017163787,-1
G002,G079,-0.0017184007,-1
G067,G075,-0.0017189569,-1
G043,G030,-0.0017189715,-1
G096,G098,-0.0017197597,-1
G061,G060,-0.0017200732,-1
G100,G052,-0.0017215055,-1
G052,G085,-0.0017221245,-1
G074,G002,-0.0017228182,-1
G073,G040,-0.0017231242,-1
G052,G082,-0.0017234184,-1
G069,G067,-0.0017245441,-1
G089,G082,-0.0017252929,-1
G007,G068,-0.0017254528,-1
G063,G047,-0.0017261846,-1
G047,G045,-0.0017290033,-1
G034,G068,-0.0017323132,-1
G020,G052,-0.0017331997,-1
G062,G067,-0.0017373034,-1
G088,G064,-0.0017397188,-1
G009,G060,-0.0017402328,-1
G008,G079,-0.0017412028,-1
G092,G032,-0.0017426867,-1
G024,G002,-0.0017452546,-1
G070,G030,-0.0017521057,-1
G060,G065,-0.0017550875,-1
G028,G024,-0.0017630211,-1
G042,G033,-0.0017675291,-1
G033,G067,-0.001770394,-1
G070,G062,-0.0017713578,-1
G081,G076,-0.0017743881,-1
G057,G067,-0.0017747754,-1
G005,G015,-0.0017760481,-1
G069,G084,-0.0017778554,-1
G045,G022,-0.0017865084,-1
G041,G004,-0.0017958246,-1
G050,G001,-0.0017966413,-1
G064,G079,-0.0017971902,-1
G036,G014,-0.0017974129,-1
G037,G061,-0.0017992952,-1
G072,G049,-0.0018005613,-1
G052,G004,-0.0018019062,-1
G008,G040,-0.0018083957,-1
G070,G034,-0.0018088339,-1
G083,G053,-0.0018111888,-1
G063,G060,-0.0018126917,-1
G100,G089,-0.001814899,-1
G029,G024,-0.0018154472,-1
G041,G057,-0.0018164613,-1
G032,G092,-0.0018199479,-1
G065,G029,-0.0018202107,-1
G036,G077,-0.001821155,-1
G033,G045,-0.0018229624,-1
G052,G076,-0.0018237702,-1
G048,G099,-0.0018259902,-1
G009,G021,-0.0018262874,-1
G048,G008,-0.001830056,-1
G062,G046,-0.0018306326,-1
G064,G058,-0.0018345941,-1
G089,G071,-0.0018372601,-1
G061,G027,-0.0018372913,-1
G034,G003,-0.0018384262,-1
G077,G093,-0.0018403518,-1
G090,G006,-0.0018406728,-1
G091,G047,-0.0018416782,-1
G074,G088,-0.001843468,-1
G070,G022,-0.0018441607,-1
G081,G100,-0.0018490708,-1
G010,G080,-0.0018548196,-1
G085,G048,-0.0018553666,-1
G089,G056,-0.001855515,-1
G021,G073,-0.0018563761,-1
G062,G019,-0.00185845,-1
G003,G065,-0.0018598569,-1
G077,G055,-0.0018645512,-1
G083,G057,-0.0018653881,-1
G062,G061,-0.0018668999,-1
G083,G063,-0.0018677922,-1
G070,G073,-0.0018686577,-1
G024,G095,-0.0018706862,-1
G032,G067,-0.0018738738,-1
G010,G092,-0.0018749937,-1
G017,G031,-0.0018766882,-1
G020,G058,-0.0018770024,-1
G025,G052,-0.001877525,-1
G087,G001,-0.0018777163,-1
G010,G059,-0.0018786021,-1
G088,G073,-0.0018848013,-1
G067,G016,-0.0018858596,-1
G074,G021,-0.001887084,-1
G093,G055,-0.0018874162,-1
G064,G065,-0.0018903436,-1
G055,G024,-0.0018928027,-1
G056,G100,-0.0018932909,-1
G045,G037,-0.0018948936,-1
G026,G014,-0.0018953359,-1
G098,G019,-0.001901116,-1
G018,G003,-0.0019064585,-1
G014,G010,-0.0019066394,-1
G031,G078,-0.0019089667,-1
G065,G012,-0.0019095682,-1
G081,G051,-0.0019099278,-1
G047,G025,-0.0019111566,-1
G088,G039,-0.0019229929,-1
G029,G006,-0.0019259822,-1
G002,G044,-0.0019275321,-1
G071,G010,-0.0019293786,-1
G078,G092,-0.0019298943,-1
G018,G067,-0.0019323265,-1
G060,G091,-0.0019347277,-1
G046,G097,-0.0019353216,-1
G071,G039,-0.0019358803,-1
G052,G094,-0.0019380559,-1
G056,G069,-0.0019387646,-1
G019,G089,-0.0019415136,-1
G074,G071,-0.0019416637,-1
G079,G025,-0.001943196,-1
G086,G020,-0.0019440636,-1
G017,G080,-0.0019445946,-1
G081,G006,-0.0019461708,-1
G088,G072,-0.0019463626,-1
G042,G095,-0.0019468183,-1
G079,G007,-0.0019502174,-1
G068,G032,-0.0019508015,-1
G015,G095,-0.0019555218,-1
G088,G027,-0.0019556095,-1
G063,G067,-0.0019572198,-1
G039,G012,-0.0019572228,-1
G091,G009,-0.0019587341,-1
G070,G003,-0.0019605078,-1
G067,G063,-0.0019618666,-1
G017,G009,-0.00196302,-1
G004,G008,-0.001970198,-1
G050,G013,-0.0019710155,-1
G078,G048,-0.001979198,-1
G006,G035,-0.0019796554,-1
G047,G044,-0.0019844805,-1
G085,G086,-0.0019850517,-1
G063,G091,-0.0019872794,-1
G013,G024,-0.0019909812,-1
G019,G002,-0.001992447,-1
G018,G081,-0.002000025,-1
G030,G070,-0.0020051918,-1
G062,G007,-0.0020078553,-1
G029,G083,-0.0020085482,-1
G097,G052,-0.0020089431,-1
G089,G065,-0.0020111534,-1
G090,G086,-0.0020114977,-1
G068,G087,-0.0020118656,-1
G091,G099,-0.002013609,-1
G053,G099,-0.0020183385,-1
G072,G027,-0.002019332,-1
G043,G082,-0.0020213893,-1
G014,G004,-0.0020237311,-1
G050,G085,-0.0020349505,-1
G020,G065,-0.0020372297,-1
G079,G068,-0.0020405948,-1
G075,G022,-0.0020459946,-1
G047,G041,-0.002048548,-1
G044,G059,-0.0020496647,-1
G095,G011,-0.0020499236,-1
G083,G091,-0.0020500075,-1
G044,G024,-0.0020535665,-1
G099,G065,-0.0020580506,-1
G001,G046,-0.0020581305,-1
G061,G068,-0.0020598264,-1
G031,G038,-0.0020615505,-1
G025,G007,-0.0020616085,-1
G047,G059,-0.002063951,-1
G035,G039,-0.002064177,-1
G051,G094,-0.0020646711,-1
G052,G058,-0.002064777,-1
G092,G001,-0.0020659145,-1
G017,G027,-0.0020662432,-1
G084,G038,-0.0020672462,-1
G058,G053,-0.0020702952,-1
G079,G086,-0.002073222,-1
G072,G011,-0.0020735953,-1
G091,G033,-0.002073901,-1
G006,G024,-0.002073997,-1
G032,G033,-0.0020760319,-1
G066,G087,-0.0020774736,-1
G033,G036,-0.0020798994,-1
G047,G068,-0.0020810263,-1
G027,G070,-0.002081561,-1
G078,G017,-0.0020817134,-1
G026,G056,-0.002083385,-1
G078,G005,-0.0020834298,-1
G095,G075,-0.002086752,-1
G004,G074,-0.0020895505,-1
G055,G079,-0.0020916816,-1
G041,G087,-0.002092837,-1
G027,G061,-0.0020936013,-1
G032,G099,-0.0020945037,-1
G007,G060,-0.0020945696,-1
G089,G005,-0.0020986027,-1
G058,G079,-0.0021011946,-1
G086,G051,-0.0021069504,-1
G058,G026,-0.0021072964,-1
G005,G038,-0.0021088333,-1
G039,G004,-0.0021106703,-1
G034,G002,-0.0021119285,-1
G059,G046,-0.0021121937,-1
G008,G030,-0.0021133428,-1
G016,G034,-0.0021188376,-1
G045,G068,-0.0021191712,-1
G040,G018,-0.0021211356,-1
G045,G083,-0.0021231947,-1
G055,G056,-0.0021321184,-1
G047,G049,-0.0021358493,-1
G091,G027,-0.0021386244,-1
G045,G069,-0.0021400196,-1
G068,G073,-0.0021407304,-1
G086,G033,-0.0021431712,-1
G066,G090,-0.002145033,-1
G065,G058,-0.0021488592,-1
G066,G072,-0.0021496813,-1
G019,G069,-0.0021500334,-1
G065,G085,-0.0021505244,-1
G088,G031,-0.0021539903,-1
G041,G032,-0.002155499,-1
G069,G076,-0.002157519,-1
G009,G082,-0.002159608,-1
G009,G047,-0.0021674219,-1
G032,G079,-0.0021710026,-1
G059,G064,-0.0021712587,-1
G049,G088,-0.0021713155,-1
G083,G018,-0.00217146,-1
G074,G017,-0.0021734321,-1
G067,G013,-0.0021781418,-1
G076,G084,-0.0021794476,-1
G070,G027,-0.0021810008,-1
G087,G007,-0.00218231,-1
G061,G055,-0.0021827132,-1
G091,G004,-0.002188076,-1
G097,G067,-0.0021890209,-1
G086,G072,-0.0021901566,-1
G062,G066,-0.002190617,-1
G044,G003,-0.002190824,-1
G096,G072,-0.0021928006,-1
G029,G047,-0.0021928486,-1
G067,G024,-0.0021959068,-1
G083,G056,-0.0022019127,-1
G089,G093,-0.0022107135,-1
G076,G019,-0.0022117672,-1
G017,G028,-0.0022130655,-1
G093,G064,-0.0022141037,-1
G070,G054,-0.0022157044,-1
G014,G052,-0.002216056,-1
G040,G048,-0.0022184548,-1
G070,G041,-0.0022186644,-1
G082,G021,-0.0022198397,-1
G012,G062,-0.002220666,-1
G027,G023,-0.00222382,-1
G094,G020,-0.0022331288,-1
G026,G073,-0.0022341595,-1
G033,G016,-0.0022351597,-1
G066,G015,-0.002235285,-1
G009,G046,-0.0022354147,-1
G096,G035,-0.002238695,-1
G035,G044,-0.002242087,-1
G093,G072,-0.0022423537,-1
G056,G028,-0.002244548,-1
G043,G032,-0.002246656,-1
G040,G083,-0.0022466988,-1
G058,G042,-0.0022516116,-1
G038,G053,-0.0022517403,-1
G024,G085,-0.002253092,-1
G042,G091,-0.0022539461,-1
G005,G061,-0.0022541624,-1
G047,G050,-0.002254322,-1
G066,G001,-0.002254749,-1
G029,G071,-0.0022586426,-1
G011,G052,-0.0022589813,-1
G036,G099,-0.0022592735,-1
G086,G047,-0.0022616342,-1
G023,G097,-0.0022636242,-1
G005,G007,-0.0022663723,-1
G034,G017,-0.00226672,-1
G071,G005,-0.0022667716,-1
G094,G063,-0.0022685642,-1
G026,G066,-0.002268592,-1
G056,G086,-0.0022742192,-1
G005,G093,-0.0022766308,-1
G082,G097,-0.0022809808,-1
G007,G008,-0.0022828816,-1
G033,G077,-0.0022862775,-1
G002,G031,-0.0022932095,-1
G021,G016,-0.0022935641,-1
G069,G041,-0.0022959579,-1
G063,G007,-0.0022967078,-1
G094,G029,-0.0022981877,-1
G100,G064,-0.0022995728,-1
G040,G094,-0.0023014145,-1
G034,G040,-0.002305363,-1
G097,G098,-0.0023059815,-1
G089,G013,-0.0023059845,-1
G092,G070,-0.0023101121,-1
G005,G087,-0.0023125475,-1
G094,G075,-0.0023216323,-1
G043,G093,-0.0023243711,-1
G057,G053,-0.002325682,-1
G051,G009,-0.0023294513,-1
G023,G029,-0.0023296191,-1
G097,G083,-0.0023299602,-1
G093,G018,-0.0023300988,-1
G050,G018,-0.0023305134,-1
G085,G075,-0.0023326986,-1
G038,G029,-0.0023350674,-1
G091,G084,-0.002335555,-1
G032,G017,-0.0023405205,-1
G070,G023,-0.0023430078,-1
G068,G018,-0.002346424,-1
G034,G089,-0.002347566,-1
G094,G053,-0.002347818,-1
G061,G073,-0.002347889,-1
G013,G069,-0.002350658,-1
G060,G053,-0.0023546626,-1
G091,G069,-0.002355839,-1
G077,G045,-0.0023582235,-1
G004,G077,-0.002359618,-1
G016,G001,-0.0023596212,-1
G081,G014,-0.0023611137,-1
G097,G030,-0.002367106,-1
G078,G019,-0.002368041,-1
G030,G067,-0.0023686104,-1
G033,G021,-0.002375991,-1
G038,G032,-0.0023796353,-1
G012,G035,-0.002379679,-1
G005,G085,-0.0023799408,-1
G030,G035,-0.0023818254,-1
G090,G043,-0.0023830486,-1
G009,G085,-0.002385477,-1
G035,G098,-0.0023868661,-1
G025,G010,-0.0023878918,-1
G031,G018,-0.002392702,-1
G054,G050,-0.002393573,-1
G007,G030,-0.002396305,-1
G012,G002,-0.0023967447,-1
G054,G014,-0.0023971256,-1
G062,G056,-0.0023987468,-1
G022,G009,-0.00240074,-1
G052,G065,-0.0024019796,-1
G063,G020,-0.002407305,-1
G048,G036,-0.0024075487,-1
G056,G009,-0.0024095858,-1
G037,G014,-0.0024103455,-1
G036,G026,-0.0024118975,-1
G089,G080,-0.0024123664,-1
G057,G077,-0.0024131227,-1
G005,G026,-0.0024146202,-1
G022,G051,-0.0024151532,-1
G091,G068,-0.0024164526,-1
G056,G011,-0.002418538,-1
G077,G030,-0.002419501,-1
G030,G099,-0.002420049,-1
G013,G038,-0.002422396,-1
G085,G008,-0.0024240036,-1
G081,G025,-0.002425593,-1
G009,G014,-0.002426079,-1
G044,G021,-0.0024310364,-1
G031,G015,-0.0024322614,-1
G092,G080,-0.0024324097,-1
G043,G056,-0.002432809,-1
G004,G057,-0.0024332185,-1
G056,G068,-0.0024335359,-1
G077,G070,-0.0024364155,-1
G022,G081,-0.0024377608,-1
G046,G050,-0.0024387199,-1
G062,G043,-0.002439211,-1
G060,G061,-0.002439458,-1
G048,G088,-0.00244216,-1
G048,G085,-0.0024465078,-1
G098,G062,-0.0024476135,-1
G082,G086,-0.0024477257,-1
G048,G012,-0.0024481472,-1
G026,G018,-0.002451937,-1
G018,G060,-0.0024547174,-1
G097,G058,-0.002455504,-1
G061,G022,-0.0024577614,-1
G075,G001,-0.0024609526,-1
G036,G062,-0.0024611065,-1
G052,G075,-0.0024616262,-1
G062,G048,-0.0024626432,-1
G020,G074,-0.0024638085,-1
G065,G040,-0.002465839,-1
G075,G044,-0.002468575,-1
G074,G089,-0.0024687767,-1
G056,G036,-0.0024723732,-1
G077,G066,-0.0024760203,-1
G030,G013,-0.0024777297,-1
G052,G051,-0.0024780345,-1
G059,G013,-0.0024808405,-1
G081,G088,-0.0024820128,-1
G059,G023,-0.0024826736,-1
G002,G018,-0.002482906,-1
G036,G011,-0.002482952,-1
G068,G088,-0.0024834885,-1
G027,G033,-0.0024839407,-1
G011,G076,-0.0024846513,-1
G026,G016,-0.0024865,-1
G081,G089,-0.0024865558,-1
G088,G074,-0.0024874578,-1
G048,G065,-0.002489825,-1
G014,G060,-0.0024904935,-1
G024,G058,-0.0024918143,-1
G094,G099,-0.0024918946,-1
G048,G031,-0.0024942642,-1
G077,G089,-0.0024951096,-1
G094,G013,-0.0024956127,-1
G016,G098,-0.0024964937,-1
G056,G031,-0.0024975725,-1
G008,G068,-0.002499528,-1
G001,G043,-0.0025050805,-1
G028,G029,-0.0025066007,-1
G024,G059,-0.002506717,-1
G011,G004,-0.002506729,-1
G049,G061,-0.0025081271,-1
G092,G004,-0.002510495,-1
G008,G085,-0.0025193163,-1
G076,G093,-0.0025219312,-1
G060,G055,-0.0025260458,-1
G087,G008,-0.0025261852,-1
G088,G028,-0.0025273503,-1
G011,G094,-0.0025280053,-1
G041,G094,-0.0025350817,-1
G091,G092,-0.0025358973,-1
G044,G006,-0.0025359553,-1
G030,G002,-0.0025370037,-1
G061,G067,-0.0025387246,-1
G051,G071,-0.002539327,-1
G093,G046,-0.0025417837,-1
G077,G074,-0.002543425,-1
G082,G019,-0.0025465658,-1
G012,G087,-0.0025511126,-1
G059,G025,-0.0025518867,-1
G007,G048,-0.0025535983,-1
G026,G046,-0.0025570947,-1
G050,G082,-0.0025576132,-1
G036,G038,-0.002558998,-1
G049,G087,-0.0025617364,-1
G065,G099,-0.0025619539,-1
G081,G060,-0.0025629706,-1
G063,G024,-0.00256608,-1
G074,G094,-0.0025691022,-1
G042,G093,-0.002570519,-1
G028,G097,-0.0025718408,-1
G075,G014,-0.0025768226,-1
G084,G096,-0.0025777495,-1
G098,G077,-0.0025785007,-1
G003,G089,-0.0025793377,-1
G073,G077,-0.0025804294,-1
G045,G009,-0.0025807645,-1
G091,G005,-0.0025822064,-1
G073,G074,-0.0025833594,-1
G093,G079,-0.0025836923,-1
G013,G036,-0.0025843226,-1
G086,G003,-0.002584764,-1
G022,G060,-0.0025864958,-1
G020,G003,-0.00258976,-1
G096,G067,-0.002591341,-1
G047,G002,-0.0025921462,-1
G028,G048,-0.002592542,-1
G028,G073,-0.0025938756,-1
G010,G085,-0.002596544,-1
G069,G083,-0.0025972484,-1
G045,G016,-0.0026009164,-1
G014,G091,-0.0026009846,-1
G063,G084,-0.00260128,-1
G047,G085,-0.0026026412,-1
G047,G009,-0.0026031337,-1
G028,G081,-0.0026033183,-1
G034,G071,-0.0026034177,-1
G060,G006,-0.0026054252,-1
G033,G069,-0.0026070909,-1
G066,G014,-0.0026092103,-1
G095,G097,-0.002609544,-1
G018,G040,-0.0026118648,-1
G053,G092,-0.0026119596,-1
G056,G058,-0.0026125263,-1
G015,G016,-0.0026197135,-1
G003,G005,-0.0026200141,-1
G095,G050,-0.002621565,-1
G067,G031,-0.002623145,-1
G033,G015,-0.0026251345,-1
G029,G002,-0.0026263378,-1
G007,G021,-0.0026300137,-1
G021,G071,-0.0026336308,-1
G014,G062,-0.0026381167,-1
G018,G065,-0.002639498,-1
G043,G084,-0.0026413715,-1
G085,G092,-0.0026423787,-1
G096,G056,-0.0026447752,-1
G087,G073,-0.0026529676,-1
G039,G099,-0.0026536132,-1
G086,G100,-0.002654136,-1
G012,G083,-0.0026582372,-1
G073,G049,-0.0026583557,-1
G063,G061,-0.0026585462,-1
G066,G040,-0.0026603676,-1
G042,G053,-0.002662101,-1
G056,G002,-0.002662961,-1
G045,G019,-0.0026646033,-1
G044,G038,-0.0026647751,-1
G026,G008,-0.0026649295,-1
G035,G048,-0.0026678864,-1
G095,G089,-0.0026679358,-1
G061,G076,-0.0026695258,-1
G085,G040,-0.0026720273,-1
G087,G018,-0.00267307,-1
G007,G063,-0.002675283,-1
G020,G089,-0.0026764385,-1
G037,G077,-0.0026778348,-1
G073,G091,-0.002682585,-1
G060,G043,-0.002683018,-1
G042,G080,-0.002686003,-1
G058,G006,-0.0026917546,-1
G047,G065,-0.0026918831,-1
G096,G031,-0.0026963637,-1
G016,G046,-0.0026965742,-1
G098,G067,-0.0026973563,-1
G051,G010,-0.0026981037,-1
G018,G079,-0.002700947,-1
G081,G074,-0.0027015079,-1
G065,G017,-0.002704987,-1
G057,G099,-0.0027076546,-1
G078,G023,-0.0027097233,-1
G028,G003,-0.002709759,-1
G011,G031,-0.0027106595,-1
G064,G086,-0.0027132833,-1
G054,G009,-0.002713923,-1
G037,G005,-0.0027160642,-1
G025,G051,-0.002719274,-1
G043,G014,-0.0027230356,-1
G081,G034,-0.0027247283,-1
G054,G037,-0.0027248932,-1
G051,G029,-0.0027249728,-1
G061,G082,-0.002727589,-1
G072,G079,-0.0027286548,-1
G073,G027,-0.0027333442,-1
G064,G022,-0.0027333985,-1
G013,G055,-0.00273387,-1
G017,G043,-0.0027356176,-1
G081,G039,-0.0027366988,-1
G065,G098,-0.0027373228,-1
G094,G042,-0.0027387636,-1
G049,G016,-0.0027389994,-1
G008,G044,-0.002744067,-1
G016,G079,-0.0027474312,-1
G100,G097,-0.0027530042,-1
G016,G093,-0.0027531097,-1
G043,G027,-0.002753186,-1
G044,G029,-0.002754054,-1
G077,G080,-0.0027568734,-1
G064,G019,-0.0027593265,-1
G033,G059,-0.0027605055,-1
G060,G037,-0.0027615828,-1
G024,G048,-0.0027623542,-1
G062,G016,-0.002762614,-1
G085,G062,-0.0027640173,-1
G036,G076,-0.0027671969,-1
G045,G041,-0.0027695962,-1
G097,G012,-0.0027704714,-1
G062,G044,-0.002772262,-1
G038,G008,-0.0027733787,-1
G051,G086,-0.002774022,-1
G065,G051,-0.0027762037,-1
G026,G024,-0.0027762444,-1
G079,G023,-0.0027785467,-1
G038,G054,-0.0027798961,-1
G038,G085,-0.002779915,-1
G050,G044,-0.002781393,-1
G062,G089,-0.0027817274,-1
G024,G091,-0.0027819443,-1
G098,G063,-0.0027861681,-1
G021,G052,-0.0027893702,-1
G061,G002,-0.0027928313,-1
G087,G079,-0.0027962714,-1
G097,G094,-0.002799211,-1
G058,G096,-0.002799428,-1
G077,G042,-0.002799447,-1
G011,G071,-0.0027995317,-1
G034,G027,-0.0028009787,-1
G051,G006,-0.0028046407,-1
G060,G088,-0.002807095,-1
G087,G023,-0.0028077532,-1
G002,G059,-0.002812046,-1
G011,G080,-0.0028190436,-1
G084,G066,-0.0028210802,-1
G083,G098,-0.0028254616,-1
G030,G029,-0.002827221,-1
G065,G045,-0.002829727,-1
G096,G061,-0.0028338695,-1
G076,G003,-0.0028345122,-1
G019,G007,-0.0028369112,-1
G061,G045,-0.0028371494,-1
G057,G011,-0.0028412037,-1
G028,G085,-0.0028428158,-1
G054,G064,-0.0028464512,-1
G045,G036,-0.002849609,-1
G076,G098,-0.0028559132,-1
G062,G078,-0.002856772,-1
G032,G040,-0.0028576625,-1
G071,G100,-0.0028577966,-1
G071,G021,-0.0028646316,-1
G027,G004,-0.00286505,-1
G045,G099,-0.0028732598,-1
G086,G007,-0.0028750324,-1
G035,G068,-0.0028755004,-1
G090,G079,-0.0028777053,-1
G053,G020,-0.002878264,-1
G012,G049,-0.0028788329,-1
G088,G090,-0.0028801735,-1
G013,G001,-0.0028803986,-1
G010,G027,-0.0028808697,-1
G092,G081,-0.0028877584,-1
G092,G016,-0.002890267,-1
G072,G067,-0.002893159,-1
G040,G034,-0.0028941892,-1
G096,G100,-0.0028965808,-1
G078,G046,-0.0028991115,-1
G006,G090,-0.0028996998,-1
G096,G083,-0.0029001054,-1
G029,G061,-0.002903531,-1
G040,G066,-0.0029059562,-1
G058,G085,-0.0029062303,-1
G100,G055,-0.0029067986,-1
G049,G041,-0.0029078785,-1
G090,G023,-0.0029079532,-1
G073,G053,-0.0029089937,-1
G090,G074,-0.0029103232,-1
G010,G075,-0.0029103693,-1
G041,G079,-0.0029107232,-1
G008,G045,-0.0029133991,-1
G070,G065,-0.0029136736,-1
G081,G064,-0.002914923,-1
G001,G039,-0.002918393,-1
G021,G049,-0.0029217983,-1
G078,G089,-0.002921844,-1
G083,G093,-0.0029225657,-1
G079,G043,-0.0029254635,-1
G034,G050,-0.0029266062,-1
G077,G076,-0.0029267834,-1
G065,G021,-0.0029277436,-1
G056,G049,-0.0029295404,-1
G044,G076,-0.0029302007,-1
G033,G039,-0.0029372126,-1
G005,G056,-0.002938352,-1
G086,G025,-0.0029395274,-1
G017,G097,-0.0029398166,-1
G002,G051,-0.002941257,-1
G009,G061,-0.0029419018,-1
G096,G041,-0.002945208,-1
G090,G061,-0.0029470057,-1
G032,G063,-0.002947751,-1
G019,G050,-0.0029495654,-1
G002,G042,-0.002950692,-1
G060,G010,-0.0029524006,-1
G056,G026,-0.0029612246,-1
G067,G008,-0.0029688072,-1
G067,G009,-0.0029705386,-1
G075,G008,-0.0029711572,-1
G076,G095,-0.0029736534,-1
G084,G049,-0.002974734,-1
G071,G078,-0.0029756841,-1
G024,G005,-0.0029800802,-1
G025,G069,-0.0029804483,-1
G063,G087,-0.002983432,-1
G006,G067,-0.00298571,-1
G079,G082,-0.0029875506,-1
G024,G023,-0.0029893504,-1
G097,G004,-0.0029896256,-1
G083,G059,-0.002990807,-1
G013,G086,-0.0029913138,-1
G082,G010,-0.0029916228,-1
G079,G032,-0.0029949981,-1
G014,G045,-0.0029980603,-1
G033,G007,-0.0029981807,-1
G011,G066,-0.0029989684,-1
G036,G029,-0.0030052653,-1
G085,G007,-0.003005958,-1
G041,G083,-0.0030068299,-1
G060,G047,-0.0030079987,-1
G035,G079,-0.0030107698,-1
G034,G030,-0.0030108066,-1
G032,G047,-0.0030123591,-1
G065,G091,-0.0030125866,-1
G033,G022,-0.0030162823,-1
G098,G001,-0.003017506,-1
G047,G077,-0.0030192921,-1
G080,G051,-0.0030214433,-1
G014,G079,-0.0030243045,-1
G035,G049,-0.0030316333,-1
G098,G003,-0.0030320303,-1
G038,G023,-0.0030359458,-1
G019,G076,-0.0030388506,-1
G003,G049,-0.0030420555,-1
G092,G064,-0.003046308,-1
G010,G009,-0.003048977,-1
G031,G014,-0.0030496581,-1
G076,G096,-0.00305076,-1
G016,G096,-0.0030531464,-1
G080,G072,-0.0030604226,-1
G048,G024,-0.0030665658,-1
G041,G085,-0.0030689111,-1
G086,G011,-0.0030706713,-1
G071,G035,-0.003071623,-1
G053,G056,-0.0030752372,-1
G021,G069,-0.0030790144,-1
G058,G038,-0.003079923,-1
G032,G025,-0.0030818945,-1
G059,G039,-0.0030821487,-1
G043,G018,-0.0030833615,-1
G012,G061,-0.0030894077,-1
G069,G062,-0.0030922382,-1
G053,G057,-0.003092524,-1
G085,G091,-0.0030936608,-1
G009,G035,-0.003096613,-1
G096,G016,-0.003098102,-1
G037,G097,-0.003099317,-1
G056,G096,-0.0031004741,-1
G062,G083,-0.0031008492,-1
G024,G001,-0.0031036206,-1
G022,G074,-0.0031080667,-1
G027,G055,-0.003109488,-1
G016,G055,-0.003110496,-1
G020,G037,-0.0031122055,-1
G028,G046,-0.003114049,-1
G098,G070,-0.0031155578,-1
G018,G039,-0.0031177392,-1
G062,G030,-0.003117746,-1
G086,G012,-0.0031189823,-1
G078,G026,-0.003120223,-1
G020,G094,-0.0031203113,-1
G078,G010,-0.0031203504,-1
G081,G003,-0.003120608,-1
G042,G082,-0.0031213902,-1
G050,G058,-0.0031235043,-1
G093,G098,-0.003124595,-1
G003,G032,-0.0031262208,-1
G066,G100,-0.0031273502,-1
G008,G054,-0.003128648,-1
G098,G014,-0.0031347706,-1
G081,G019,-0.0031431778,-1
G056,G047,-0.00314339,-1
G014,G051,-0.0031457099,-1
G019,G093,-0.0031464912,-1
G051,G026,-0.003146627,-1
G057,G038,-0.00314921,-1
G076,G015,-0.003149884,-1
G029,G098,-0.0031524396,-1
G028,G016,-0.0031578934,-1
G068,G053,-0.0031610562,-1
G098,G037,-0.0031675696,-1
G081,G053,-0.00316895,-1
G061,G059,-0.003171772,-1
G068,G010,-0.003172919,-1
G065,G013,-0.0031743862,-1
G083,G016,-0.003176701,-1
G087,G017,-0.0031770235,-1
G074,G087,-0.0031802391,-1
G083,G001,-0.0031806112,-1
G023,G067,-0.0031823164,-1
G086,G082,-0.0031833998,-1
G054,G077,-0.003188468,-1
G077,G034,-0.0031908348,-1
G054,G031,-0.003192461,-1
G070,G061,-0.0031943992,-1
G009,G020,-0.003197289,-1
G010,G058,-0.0032020987,-1
G098,G072,-0.0032058118,-1
G004,G005,-0.0032104289,-1
G018,G036,-0.0032107774,-1
G004,G071,-0.0032127958,-1
G080,G064,-0.0032228946,-1
G020,G090,-0.0032230027,-1
G031,G083,-0.0032266225,-1
G049,G013,-0.0032266397,-1
G021,G043,-0.0032273966,-1
G030,G085,-0.003233961,-1
G100,G041,-0.0032346577,-1
G048,G059,-0.0032351352,-1
G062,G054,-0.0032351408,-1
G078,G067,-0.0032390712,-1
G075,G063,-0.0032399069,-1
G077,G009,-0.0032408717,-1
G034,G039,-0.0032422845,-1
G067,G071,-0.0032428552,-1
G005,G097,-0.0032437495,-1
G023,G002,-0.0032478946,-1
G047,G078,-0.0032480145,-1
G030,G045,-0.0032494753,-1
G006,G083,-0.0032517991,-1
G100,G038,-0.0032553012,-1
G041,G073,-0.0032560057,-1
G096,G049,-0.003256886,-1
G036,G048,-0.0032599054,-1
G031,G068,-0.0032609901,-1
G096,G082,-0.0032654924,-1
G020,G050,-0.0032660458,-1
G046,G076,-0.0032730557,-1
G046,G087,-0.003273506,-1
G019,G071,-0.0032793214,-1
G070,G033,-0.0032816583,-1
G081,G030,-0.0032853098,-1
G059,G012,-0.0032853368,-1
G066,G034,-0.003285446,-1
G054,G027,-0.0032856148,-1
G042,G045,-0.0032878388,-1
G100,G019,-0.0032878642,-1
G078,G050,-0.0032920174,-1
G081,G082,-0.0032940453,-1
G089,G069,-0.0032951278,-1
G080,G028,-0.0032961601,-1
G023,G030,-0.003297078,-1
G084,G024,-0.0032989907,-1
G035,G082,-0.0033004335,-1
G042,G038,-0.0033038096,-1
G035,G014,-0.0033041204,-1
G004,G032,-0.003304332,-1
G098,G092,-0.0033059395,-1
G042,G023,-0.003308966,-1
G082,G034,-0.003309005,-1
G008,G080,-0.003309498,-1
G098,G085,-0.0033101426,-1
G065,G027,-0.0033158597,-1
G027,G025,-0.0033171566,-1
G036,G073,-0.0033187286,-1
G076,G056,-0.0033194916,-1
G077,G071,-0.003319515,-1
G098,G049,-0.0033195792,-1
G082,G033,-0.0033209554,-1
G068,G060,-0.003322535,-1
G081,G026,-0.0033245462,-1
G095,G088,-0.0033280908,-1
G068,G063,-0.0033288035,-1
G041,G076,-0.003329552,-1
G028,G071,-0.0033314815,-1
G068,G078,-0.003332826,-1
G021,G067,-0.0033341919,-1
G095,G029,-0.0033357905,-1
G048,G016,-0.0033411952,-1
G049,G073,-0.0033421495,-1
G042,G047,-0.0033441414,-1
G046,G048,-0.0033442602,-1
G045,G050,-0.003345138,-1
G076,G089,-0.0033574114,-1
G090,G055,-0.003358134,-1
G092,G099,-0.0033582256,-1
G074,G080,-0.0033653171,-1
G035,G058,-0.0033661502,-1
G024,G014,-0.0033662196,-1
G021,G009,-0.0033682901,-1
G084,G056,-0.003369989,-1
G072,G091,-0.0033715328,-1
G070,G024,-0.0033758902,-1
G066,G062,-0.003375941,-1
G046,G004,-0.0033766693,-1
G013,G030,-0.00337711,-1
G001,G021,-0.0033797119,-1
G077,G049,-0.0033825557,-1
G093,G043,-0.003383356,-1
G027,G096,-0.0033836106,-1
G067,G082,-0.0033841196,-1
G020,G008,-0.0033851792,-1
G081,G011,-0.0033863233,-1
G085,G005,-0.003390811,-1
G077,G018,-0.0033925083,-1
G010,G052,-0.0033942333,-1
G029,G027,-0.0033946156,-1
G055,G078,-0.0033951993,-1
G031,G092,-0.0033982852,-1
G072,G087,-0.00339849,-1
G068,G050,-0.0034021605,-1
G035,G093,-0.0034023984,-1
G064,G036,-0.0034041856,-1
G028,G035,-0.0034078725,-1
G021,G044,-0.0034082418,-1
G024,G004,-0.0034090672,-1
G014,G058,-0.003413701,-1
G065,G028,-0.0034137135,-1
G042,G024,-0.0034169594,-1
G023,G083,-0.0034199979,-1
G024,G006,-0.003421032,-1
G005,G042,-0.0034267483,-1
G052,G002,-0.0034301807,-1
G005,G095,-0.0034332878,-1
G074,G061,-0.0034382048,-1
G094,G088,-0.0034407766,-1
G062,G052,-0.0034435387,-1
G052,G071,-0.0034443734,-1
G005,G044,-0.003445873,-1
G037,G053,-0.003448159,-1
G009,G029,-0.0034519678,-1
G015,G050,-0.003455709,-1
G055,G076,-0.0034612499,-1
G018,G095,-0.0034641635,-1
G054,G033,-0.0034659032,-1
G075,G067,-0.00346687,-1
G018,G097,-0.003469552,-1
G099,G013,-0.003469817,-1
G022,G069,-0.0034698453,-1
G089,G074,-0.0034718823,-1
G094,G044,-0.0034726195,-1
G050,G093,-0.0034729082,-1
G073,G005,-0.00347679,-1
G074,G065,-0.0034774388,-1
G023,G055,-0.0034776684,-1
G043,G068,-0.00348025,-1
G087,G093,-0.003481965,-1
G006,G041,-0.0034830722,-1
G051,G013,-0.0034850691,-1
G077,G072,-0.0034851308,-1
G019,G031,-0.0034867793,-1
G079,G046,-0.0034875325,-1
G050,G089,-0.0034934036,-1
G048,G034,-0.0035024944,-1
G011,G096,-0.003506572,-1
G002,G005,-0.0035095837,-1
G026,G095,-0.0035120067,-1
G054,G025,-0.0035135017,-1
G004,G021,-0.0035142344,-1
G079,G024,-0.0035142899,-1
G089,G078,-0.003519677,-1
G047,G030,-0.003520201,-1
G042,G029,-0.0035207479,-1
G087,G002,-0.0035243006,-1
G069,G030,-0.0035254199,-1
G011,G067,-0.0035258476,-1
G093,G042,-0.0035282986,-1
G028,G034,-0.0035286015,-1
G016,G015,-0.0035291007,-1
G025,G090,-0.003530669,-1
G096,G004,-0.0035335182,-1
G002,G085,-0.0035339028,-1
G050,G026,-0.0035387147,-1
G077,G001,-0.003539134,-1
G013,G088,-0.0035396854,-1
G091,G041,-0.0035438274,-1
G051,G028,-0.003543997,-1
G064,G046,-0.0035460708,-1
G038,G073,-0.003546285,-1
G038,G028,-0.003547387,-1
G016,G013,-0.0035510364,-1
G017,G095,-0.0035527786,-1
G019,G029,-0.0035533055,-1
G095,G028,-0.003555341,-1
G066,G058,-0.003555835,-1
G031,G044,-0.0035587642,-1
G037,G004,-0.003560458,-1
G090,G065,-0.0035680477,-1
G013,G056,-0.003568157,-1
G072,G048,-0.0035723452,-1
G039,G037,-0.0035737907,-1
G036,G030,-0.0035786503,-1
G097,G001,-0.0035790626,-1
G096,G050,-0.0035817116,-1
G015,G079,-0.0035849197,-1
G092,G038,-0.0035851786,-1
G071,G081,-0.0035871477,-1
G086,G089,-0.0035893458,-1
G100,G066,-0.003598864,-1
G064,G006,-0.0036002109,-1
G001,G017,-0.0036005904,-1
G050,G040,-0.0036084137,-1
G075,G070,-0.003610036,-1
G011,G033,-0.0036112156,-1
G037,G073,-0.0036113223,-1
G015,G092,-0.0036134168,-1
G051,G020,-0.003619588,-1
G022,G084,-0.0036275291,-1
G077,G054,-0.0036292674,-1
G055,G065,-0.0036296884,-1
G061,G051,-0.0036307662,-1
G082,G014,-0.0036314067,-1
G083,G038,-0.003635361,-1
G024,G013,-0.0036423039,-1
G078,G093,-0.0036514925,-1
G017,G021,-0.0036532439,-1
G065,G007,-0.0036543894,-1
G003,G092,-0.0036545095,-1
G022,G021,-0.0036575233,-1
G088,G081,-0.0036578157,-1
G043,G055,-0.0036583925,-1
G091,G067,-0.0036584346,-1
G087,G064,-0.0036691837,-1
G002,G047,-0.0036708524,-1
G015,G034,-0.0036718135,-1
G060,G033,-0.0036766462,-1
G008,G063,-0.0036783104,-1
G093,G078,-0.0036791114,-1
G039,G034,-0.0036818618,-1
G014,G013,-0.0036839694,-1
G041,G095,-0.0036855538,-1
G067,G066,-0.0036857594,-1
G003,G063,-0.0036866022,-1
G079,G003,-0.0036893028,-1
G082,G099,-0.0036929604,-1
G002,G087,-0.0036938828,-1
G014,G090,-0.0037042436,-1
G044,G065,-0.0037063567,-1
G075,G084,-0.003706816,-1
G072,G044,-0.0037070473,-1
G022,G030,-0.0037077544,-1
G034,G062,-0.0037124474,-1
G023,G010,-0.0037146464,-1
G057,G027,-0.0037148455,-1
G067,G019,-0.0037263534,-1
G086,G062,-0.003727441,-1
G070,G038,-0.0037277685,-1
G045,G098,-0.0037295062,-1
G010,G093,-0.0037341616,-1
G009,G088,-0.0037344033,-1
G017,G001,-0.0037350508,-1
G053,G013,-0.003735341,-1
G074,G055,-0.0037353984,-1
G058,G024,-0.0037365092,-1
G040,G026,-0.0037381316,-1
G030,G082,-0.0037388885,-1
G005,G030,-0.0037398897,-1
G079,G055,-0.0037405984,-1
G036,G034,-0.0037416115,-1
G056,G083,-0.0037436995,-1
G017,G094,-0.0037460495,-1
G040,G030,-0.0037516684,-1
G050,G097,-0.0037610207,-1
G058,G019,-0.003761251,-1
G042,G066,-0.0037637562,-1
G069,G025,-0.0037660613,-1
G047,G083,-0.0037680995,-1
G096,G047,-0.0037682084,-1
G085,G037,-0.0037685635,-1
G099,G083,-0.0037701607,-1
G012,G054,-0.003773936,-1
G067,G040,-0.0037746066,-1
G004,G017,-0.0037751505,-1
G062,G095,-0.0037754574,-1
G020,G022,-0.0037778933,-1
G093,G041,-0.0037813364,-1
G034,G004,-0.0037830106,-1
G042,G056,-0.0037852183,-1
G001,G086,-0.0037879185,-1
G029,G080,-0.0037910894,-1
G072,G056,-0.0037914894,-1
G032,G090,-0.0037928645,-1
G024,G026,-0.0037948983,-1
G092,G095,-0.003799016,-1
G045,G084,-0.003800771,-1
G057,G045,-0.0038026916,-1
G070,G052,-0.0038067165,-1
G024,G056,-0.0038111971,-1
G061,G014,-0.0038131399,-1
G012,G014,-0.0038169753,-1
G047,G080,-0.003819613,-1
G072,G002,-0.0038199062,-1
G012,G091,-0.0038202365,-1
G090,G080,-0.0038207606,-1
G089,G012,-0.0038261614,-1
G007,G040,-0.0038265581,-1
G095,G020,-0.00382773,-1
G032,G007,-0.0038284187,-1
G099,G038,-0.0038287996,-1
G087,G009,-0.0038313887,-1
G047,G084,-0.0038340387,-1
G063,G017,-0.0038351943,-1
G055,G069,-0.0038413452,-1
G085,G068,-0.0038470724,-1
G006,G030,-0.0038500342,-1
G061,G017,-0.003852271,-1
G045,G038,-0.0038534557,-1
G051,G062,-0.0038553425,-1
G047,G082,-0.0038564731,-1
G092,G007,-0.0038692055,-1
G084,G073,-0.003869986,-1
G084,G074,-0.0038717669,-1
G025,G059,-0.0038739156,-1
G088,G084,-0.003876064,-1
G017,G071,-0.0038803595,-1
G058,G003,-0.0038825301,-1
G028,G038,-0.0038836014,-1
G069,G087,-0.0038905966,-1
G072,G025,-0.0038916613,-1
G028,G070,-0.0038918455,-1
G004,G100,-0.0038941463,-1
G063,G011,-0.0038986462,-1
G088,G036,-0.0038998416,-1
G060,G012,-0.0039012986,-1
G050,G045,-0.0039018046,-1
G095,G059,-0.0039027336,-1
G070,G066,-0.0039029971,-1
G049,G075,-0.003904415,-1
G067,G056,-0.003908242,-1
G096,G018,-0.0039106105,-1
G091,G010,-0.003915117,-1
G060,G024,-0.003916542,-1
G045,G015,-0.003916675,-1
G032,G039,-0.003918782,-1
G091,G042,-0.003919218,-1
G030,G011,-0.0039212685,-1
G017,G048,-0.0039275535,-1
G078,G056,-0.0039308644,-1
G001,G014,-0.0039335284,-1
G083,G077,-0.0039380803,-1
G034,G026,-0.0039383625,-1
G057,G047,-0.0039393175,-1
G099,G026,-0.003939735,-1
G087,G070,-0.003940101,-1
G030,G071,-0.0039462033,-1
G058,G075,-0.0039466806,-1
G049,G047,-0.0039479,-1
G025,G085,-0.003954347,-1
G063,G004,-0.0039552674,-1
G088,G020,-0.0039583053,-1
G031,G075,-0.003963142,-1
G016,G010,-0.0039632423,-1
G031,G096,-0.0039718435,-1
G058,G032,-0.003972044,-1
G042,G069,-0.0039721653,-1
G047,G036,-0.0039751926,-1
G010,G051,-0.003977363,-1
G010,G088,-0.003980854,-1
G071,G060,-0.0039809756,-1
G037,G096,-0.0039818976,-1
G029,G038,-0.0039877095,-1
G080,G093,-0.0039909626,-1
G083,G065,-0.0039921184,-1
G006,G040,-0.003993693,-1
G082,G060,-0.003996968,-1
G095,G042,-0.0039982083,-1
G068,G076,-0.003998246,-1
G088,G080,-0.003999518,-1
G006,G022,-0.0040020016,-1
G085,G081,-0.004006814,-1
G090,G048,-0.00400685,-1
G094,G009,-0.004008076,-1
G052,G056,-0.0040095076,-1
G065,G002,-0.004009699,-1
G045,G002,-0.0040119914,-1
G056,G015,-0.004015836,-1
G020,G029,-0.0040171114,-1
G035,G002,-0.0040180283,-1
G091,G081,-0.0040200506,-1
G041,G050,-0.0040210844,-1
G097,G066,-0.004023158,-1
G037,G064,-0.0040280665,-1
G027,G008,-0.004034534,-1
G097,G087,-0.00403952,-1
G089,G076,-0.0040397975,-1
G023,G064,-0.0040409015,-1
G021,G026,-0.0040431083,-1
G094,G040,-0.004043216,-1
G063,G062,-0.004044604,-1
G094,G045,-0.004045525,-1
G010,G070,-0.0040479894,-1
G040,G089,-0.004052858,-1
G075,G077,-0.0040558707,-1
G044,G084,-0.004058163,-1
G063,G064,-0.0040604635,-1
G034,G084,-0.0040619452,-1
G092,G046,-0.004063555,-1
G027,G039,-0.00406465,-1
G061,G030,-0.004069302,-1
G013,G031,-0.0040718843,-1
G058,G010,-0.004075202,-1
G073,G045,-0.0040764604,-1
G066,G007,-0.004080131,-1
G094,G036,-0.0040807193,-1
G020,G039,-0.004083418,-1
G094,G047,-0.004083711,-1
G025,G057,-0.0040941425,-1
G055,G094,-0.0040973155,-1
G034,G044,-0.0040980666,-1
G091,G007,-0.004103935,-1
G084,G077,-0.0041053984,-1
G075,G090,-0.0041080364,-1
G044,G090,-0.0041080792,-1
G073,G062,-0.0041086525,-1
G048,G029,-0.004109806,-1
G039,G038,-0.0041108793,-1
G098,G038,-0.004112846,-1
G015,G004,-0.004113,-1
G030,G038,-0.004117465,-1
G013,G092,-0.004120469,-1
G097,G096,-0.0041243327,-1
G060,G018,-0.004124489,-1
G044,G079,-0.0041268906,-1
G046,G042,-0.004129547,-1
G057,G083,-0.0041297195,-1
G052,G048,-0.004133233,-1
G080,G029,-0.0041363304,-1
G085,G049,-0.004136337,-1
G043,G065,-0.004139036,-1
G035,G004,-0.004142887,-1
G096,G091,-0.004143606,-1
G005,G031,-0.004144969,-1
G003,G053,-0.004147525,-1
G046,G078,-0.0041489736,-1
G022,G079,-0.004153314,-1
G017,G077,-0.0041542226,-1
G044,G054,-0.0041569523,-1
G058,G029,-0.0041570365,-1
G047,G060,-0.004158264,-1
G021,G047,-0.0041607847,-1
G015,G062,-0.004161093,-1
G066,G093,-0.0041680485,-1
G027,G089,-0.0041681253,-1
G006,G082,-0.0041682143,-1
G040,G033,-0.0041694376,-1
G010,G017,-0.0041718464,-1
G003,G074,-0.004173433,-1
G014,G073,-0.004179575,-1
G030,G058,-0.0041803825,-1
G051,G064,-0.0041853203,-1
G013,G005,-0.004189927,-1
G078,G012,-0.0041919807,-1
G013,G084,-0.0041937707,-1
G010,G043,-0.0041980487,-1
G089,G097,-0.0042033875,-1
G071,G054,-0.0042042807,-1
G018,G061,-0.0042045936,-1
G092,G037,-0.0042084083,-1
G084,G097,-0.004210031,-1
G088,G058,-0.00421455,-1
G002,G010,-0.0042209467,-1
G023,G031,-0.004223519,-1
G089,G062,-0.004230189,-1
G046,G054,-0.004231601,-1
G022,G088,-0.004231776,-1
G058,G062,-0.004233877,-1
G095,G003,-0.0042347447,-1
G063,G050,-0.004236099,-1
G027,G028,-0.0042408626,-1
G011,G074,-0.004248042,-1
G015,G096,-0.0042547504,-1
G067,G005,-0.0042548976,-1
G065,G020,-0.0042561293,-1
G059,G045,-0.004260821,-1
G076,G013,-0.00426092,-1
G071,G057,-0.004263936,-1
G066,G031,-0.004265712,-1
G068,G046,-0.0042696577,-1
G059,G009,-0.004271665,-1
G032,G070,-0.004272194,-1
G034,G021,-0.0042722365,-1
G013,G058,-0.004274831,-1
G075,G016,-0.0042762067,-1
G095,G037,-0.004279388,-1
G094,G071,-0.004279625,-1
G077,G065,-0.0042800037,-1
G013,G094,-0.004283218,-1
G090,G070,-0.0042838403,-1
G050,G011,-0.0042868466,-1
G028,G008,-0.004289255,-1
G074,G014,-0.004289733,-1
G008,G087,-0.00429639,-1
G096,G055,-0.0042986595,-1
G091,G060,-0.0043006605,-1
G052,G063,-0.0043007447,-1
G043,G031,-0.004301265,-1
G086,G046,-0.0043036216,-1
G022,G006,-0.0043057683,-1
G082,G038,-0.004308812,-1
G048,G050,-0.00432072,-1
G100,G060,-0.0043215784,-1
G064,G059,-0.0043231617,-1
G048,G041,-0.004325714,-1
G022,G005,-0.004328482,-1
G038,G062,-0.004330576,-1
G049,G100,-0.0043313242,-1
G065,G063,-0.004331515,-1
G081,G020,-0.0043320404,-1
G009,G002,-0.0043324674,-1
G012,G081,-0.0043332726,-1
G055,G017,-0.0043349816,-1
G079,G028,-0.0043349825,-1
G002,G049,-0.0043372842,-1
G058,G037,-0.0043421714,-1
G054,G020,-0.004344412,-1
G090,G017,-0.004345789,-1
G080,G027,-0.0043482664,-1
G051,G031,-0.004349496,-1
G060,G023,-0.0043499717,-1
G037,G099,-0.0043511232,-1
G027,G075,-0.004355401,-1
G020,G019,-0.0043570767,-1
G015,G063,-0.004357449,-1
G064,G069,-0.004357575,-1
G019,G005,-0.0043582004,-1
G008,G022,-0.0043621766,-1
G015,G028,-0.004365526,-1
G009,G072,-0.004365923,-1
G075,G059,-0.0043661715,-1
G045,G020,-0.004366182,-1
G067,G006,-0.004367771,-1
G052,G081,-0.0043702503,-1
G050,G092,-0.0043707886,-1
G057,G030,-0.0043715728,-1
G053,G074,-0.0043725898,-1
G034,G031,-0.004375669,-1
G031,G090,-0.0043793656,-1
G009,G040,-0.004380752,-1
G100,G033,-0.0043828376,-1
G053,G005,-0.004386424,-1
G051,G053,-0.0043907445,-1
G004,G027,-0.0043936335,-1
G011,G001,-0.004394778,-1
G080,G048,-0.004402692,-1
G047,G088,-0.004403578,-1
G078,G063,-0.004403794,-1
G074,G022,-0.0044072513,-1
G053,G095,-0.0044073183,-1
G097,G009,-0.0044107004,-1
G056,G006,-0.004411314,-1
G070,G026,-0.0044115665,-1
G077,G063,-0.0044133416,-1
G037,G095,-0.00441556,-1
G038,G015,-0.0044167195,-1
G005,G018,-0.0044183275,-1
G008,G029,-0.0044207294,-1
G100,G090,-0.004423342,-1
G050,G017,-0.0044264668,-1
G100,G070,-0.004430102,-1
G074,G035,-0.004436958,-1
G090,G099,-0.0044394988,-1
G088,G043,-0.004440588,-1
G010,G049,-0.004440592,-1
G037,G016,-0.004442146,-1
G083,G021,-0.004445551,-1
G074,G005,-0.0044506975,-1
G012,G065,-0.004452058,-1
G074,G034,-0.0044537946,-1
G007,G011,-0.0044592116,-1
G046,G023,-0.0044766264,-1
G074,G056,-0.00447806,-1
G096,G022,-0.0044784127,-1
G041,G059,-0.004484037,-1
G041,G061,-0.004484398,-1
G098,G080,-0.00448441,-1
G017,G020,-0.004493514,-1
G021,G031,-0.0044946256,-1
G012,G077,-0.004502214,-1
G042,G019,-0.004508664,-1
G034,G051,-0.0045128004,-1
G039,G053,-0.004516712,-1
G068,G037,-0.004517284,-1
G012,G060,-0.0045217173,-1
G093,G039,-0.004531081,-1
G056,G080,-0.004540213,-1
G047,G012,-0.0045444337,-1
G037,G020,-0.0045450795,-1
G029,G010,-0.0045521855,-1
G019,G075,-0.0045527876,-1
G055,G053,-0.0045534787,-1
G010,G024,-0.0045541,-1
G095,G036,-0.0045547,-1
G076,G029,-0.0045582186,-1
G086,G078,-0.004560577,-1
G068,G020,-0.004563253,-1
G020,G040,-0.0045688804,-1
G012,G015,-0.0045691794,-1
G024,G074,-0.0045726732,-1
G067,G041,-0.0045821206,-1
G025,G034,-0.004583321,-1
G059,G027,-0.004584577,-1
G032,G015,-0.0045864284,-1
G054,G007,-0.004592179,-1
G050,G022,-0.0045954506,-1
G052,G100,-0.0046011875,-1
G057,G070,-0.0046068323,-1
G038,G057,-0.0046068914,-1
G087,G078,-0.0046075634,-1
G091,G002,-0.0046084137,-1
G046,G077,-0.004612002,-1
G063,G100,-0.004616211,-1
G042,G014,-0.00461754,-1
G053,G060,-0.004631473,-1
G090,G024,-0.0046358276,-1
G009,G013,-0.0046377564,-1
G061,G053,-0.004639422,-1
G079,G038,-0.004639479,-1
G039,G062,-0.0046409033,-1
G009,G083,-0.004645901,-1
G086,G097,-0.0046530603,-1
G011,G026,-0.004656573,-1
G065,G081,-0.0046568234,-1
G048,G010,-0.0046568303,-1
G065,G011,-0.0046569635,-1
G035,G037,-0.00466211,-1
G090,G100,-0.0046627615,-1
G072,G093,-0.0046638777,-1
G087,G029,-0.0046640583,-1
G002,G033,-0.0046648374,-1
G010,G007,-0.0046655196,-1
G084,G065,-0.004665743,-1
G078,G049,-0.004667926,-1
G065,G037,-0.004675201,-1
G078,G094,-0.004677358,-1
G082,G023,-0.0046781893,-1
G047,G057,-0.00468072,-1
G023,G098,-0.0046846536,-1
G047,G040,-0.0046861717,-1
G040,G016,-0.0046924073,-1
G040,G032,-0.0046946416,-1
G007,G047,-0.004695657,-1
G027,G042,-0.0046969806,-1
G094,G087,-0.0046992474,-1
G048,G019,-0.004699961,-1
G052,G008,-0.004702228,-1
G061,G034,-0.0047063744,-1
G002,G070,-0.004706426,-1
G094,G073,-0.004712232,-1
G088,G057,-0.004713939,-1
G007,G091,-0.004714899,-1
G036,G075,-0.0047182217,-1
G008,G006,-0.0047193314,-1
G030,G017,-0.004730445,-1
G061,G006,-0.004732007,-1
G019,G053,-0.0047439868,-1
G088,G015,-0.004746399,-1
G081,G099,-0.0047478327,-1
G092,G062,-0.0047487402,-1
G093,G003,-0.004763474,-1
G043,G020,-0.004770796,-1
G059,G042,-0.0047717956,-1
G048,G053,-0.004772275,-1
G017,G100,-0.004774889,-1
G068,G048,-0.004775761,-1
G049,G055,-0.0047765905,-1
G008,G033,-0.004776807,-1
G089,G041,-0.004777571,-1
G010,G082,-0.0047780476,-1
G032,G060,-0.004778409,-1
G019,G048,-0.00477849,-1
G004,G069,-0.004780422,-1
G079,G064,-0.004784748,-1
G080,G084,-0.004785844,-1
G079,G035,-0.0047858967,-1
G023,G069,-0.0047868565,-1
G040,G062,-0.0047886423,-1
G003,G057,-0.0047915056,-1
G025,G014,-0.004793358,-1
G019,G056,-0.0047941194,-1
G036,G079,-0.0047941636,-1
G099,G076,-0.0047945683,-1
G034,G073,-0.004797584,-1
G029,G020,-0.004798403,-1
G023,G080,-0.0048012948,-1
G088,G068,-0.0048049134,-1
G082,G001,-0.004805367,-1
G042,G094,-0.004809253,-1
G073,G002,-0.004814995,-1
G033,G065,-0.0048173456,-1
G083,G097,-0.0048175147,-1
G021,G064,-0.004818771,-1
G063,G097,-0.0048276028,-1
G046,G013,-0.004834328,-1
G055,G044,-0.004835224,-1
G045,G034,-0.004836035,-1
G036,G046,-0.0048409845,-1
G038,G039,-0.004842101,-1
G084,G003,-0.0048470935,-1
G077,G014,-0.004847195,-1
G015,G098,-0.0048519634,-1
G023,G073,-0.0048530526,-1
G084,G019,-0.004856068,-1
G018,G008,-0.0048577962,-1
G011,G063,-0.0048602307,-1
G093,G092,-0.004862773,-1
G075,G093,-0.004863277,-1
G024,G027,-0.0048653185,-1
G024,G035,-0.0048655653,-1
G054,G042,-0.004866692,-1
G071,G086,-0.004869818,-1
G056,G078,-0.0048726886,-1
G035,G057,-0.004874771,-1
G032,G089,-0.0048783165,-1
G068,G051,-0.0048842337,-1
G082,G009,-0.004888655,-1
G058,G098,-0.004895805,-1
G004,G061,-0.004898973,-1
G082,G017,-0.0048991237,-1
G074,G077,-0.004901349,-1
G088,G085,-0.0049032476,-1
G008,G035,-0.004904051,-1
G083,G034,-0.004904934,-1
G063,G069,-0.0049080886,-1
G088,G025,-0.0049105156,-1
G003,G045,-0.0049167457,-1
G047,G069,-0.00491864,-1
G071,G070,-0.0049227565,-1
G071,G073,-0.0049233614,-1
G054,G078,-0.004925576,-1
G088,G055,-0.0049288934,-1
G011,G040,-0.004929014,-1
G033,G087,-0.0049313293,-1
G011,G070,-0.0049325847,-1
G062,G094,-0.0049386243,-1
G068,G097,-0.0049392935,-1
G012,G038,-0.0049488544,-1
G043,G076,-0.004949254,-1
G001,G074,-0.0049518966,-1
G037,G044,-0.004953688,-1
G050,G053,-0.0049645617,-1
G031,G065,-0.004966818,-1
G089,G002,-0.0049673277,-1
G077,G064,-0.0049708798,-1
G007,G009,-0.004973472,-1
G047,G015,-0.004979596,-1
G028,G090,-0.0049797096,-1
G011,G017,-0.00498014,-1
G015,G066,-0.0049809245,-1
G009,G078,-0.0049857055,-1
G094,G026,-0.004996134,-1
G019,G065,-0.004996993,-1
G007,G098,-0.0050098966,-1
G088,G041,-0.0050099837,-1
G017,G069,-0.005010787,-1
G021,G050,-0.005015278,-1
G089,G088,-0.0050156694,-1
G033,G074,-0.00501757,-1
G066,G037,-0.0050201085,-1
G023,G019,-0.00502062,-1
G052,G083,-0.0050226813,-1
G074,G093,-0.005023297,-1
G004,G002,-0.0050239647,-1
G095,G015,-0.005025435,-1
G069,G005,-0.005027325,-1
G056,G025,-0.0050278683,-1
G034,G005,-0.005028433,-1
G029,G093,-0.0050311256,-1
G083,G066,-0.005032114,-1
G067,G073,-0.005033536,-1
G019,G084,-0.005035891,-1
G071,G001,-0.005035921,-1
G082,G100,-0.0050360807,-1
G083,G058,-0.0050406414,-1
G081,G075,-0.005044526,-1
G096,G065,-0.0050477916,-1
G088,G052,-0.0050508166,-1
G025,G093,-0.005051599,-1
G096,G087,-0.005052619,-1
G036,G031,-0.005054934,-1
G045,G057,-0.005056303,-1
G046,G025,-0.0050582313,-1
G098,G011,-0.00505928,-1
G094,G078,-0.0050656917,-1
G038,G056,-0.005067555,-1
G076,G031,-0.005068208,-1
G100,G020,-0.005070858,-1
G037,G067,-0.0050720163,-1
G031,G029,-0.0050724223,-1
G034,G018,-0.005074007,-1
G085,G094,-0.0050760233,-1
G023,G086,-0.0050806864,-1
G005,G032,-0.005082685,-1
G001,G045,-0.005089502,-1
G065,G005,-0.0050899056,-1
G058,G028,-0.005094592,-1
G058,G100,-0.00509637,-1
G019,G072,-0.0050972956,-1
G024,G073,-0.00509782,-1
G071,G002,-0.0050984807,-1
G031,G089,-0.0050990772,-1
G042,G075,-0.0050998614,-1
G031,G099,-0.005101596,-1
G064,G016,-0.005102034,-1
G019,G094,-0.0051027685,-1
G026,G099,-0.0051065716,-1
G017,G044,-0.005107575,-1
G053,G049,-0.0051098485,-1
G036,G058,-0.005110309,-1
G078,G070,-0.005111528,-1
G028,G012,-0.005115948,-1
G046,G075,-0.0051220637,-1
G091,G074,-0.0051228786,-1
G070,G060,-0.0051343567,-1
G047,G098,-0.005142473,-1
G068,G023,-0.0051502017,-1
G041,G048,-0.005152887,-1
G094,G003,-0.0051583294,-1
G090,G053,-0.005159195,-1
G078,G045,-0.0051611117,-1
G035,G026,-0.005161947,-1
G009,G097,-0.0051626745,-1
G009,G022,-0.0051639955,-1
G048,G061,-0.005166023,-1
G041,G028,-0.00517211,-1
G075,G049,-0.0051751053,-1
G088,G056,-0.0051773577,-1
G015,G082,-0.005180226,-1
G029,G055,-0.005183568,-1
G095,G025,-0.005187291,-1
G038,G096,-0.005189839,-1
G020,G015,-0.005192451,-1
G063,G006,-0.0051941187,-1
G079,G026,-0.005198008,-1
G026,G091,-0.0051988885,-1
G036,G021,-0.005207001,-1
G064,G057,-0.005207109,-1
G084,G042,-0.0052098576,-1
G083,G025,-0.005211308,-1
G015,G021,-0.005218498,-1
G067,G086,-0.005219049,-1
G020,G034,-0.005219423,-1
G070,G042,-0.0052212086,-1
G055,G074,-0.005221865,-1
G098,G097,-0.005224353,-1
G070,G098,-0.005224959,-1
G079,G088,-0.005230034,-1
G014,G033,-0.005230455,-1
G054,G070,-0.0052325977,-1
G052,G012,-0.0052341144,-1
G031,G040,-0.0052351286,-1
G044,G057,-0.0052371714,-1
G055,G068,-0.0052396697,-1
G040,G088,-0.005241904,-1
G019,G070,-0.005243922,-1
G075,G076,-0.005244274,-1
G072,G015,-0.005244364,-1
G054,G061,-0.0052456907,-1
G021,G046,-0.0052470965,-1
G044,G069,-0.0052472916,-1
G009,G032,-0.005255051,-1
G049,G009,-0.0052577383,-1
G035,G050,-0.005258363,-1
G092,G084,-0.0052615283,-1
G096,G059,-0.005261769,-1
G071,G006,-0.0052618785,-1
G087,G026,-0.0052670115,-1
G028,G069,-0.005272244,-1
G006,G089,-0.005274436,-1
G099,G077,-0.0052810167,-1
G051,G004,-0.005281255,-1
G034,G011,-0.0052833767,-1
G018,G046,-0.0052874614,-1
G097,G100,-0.005292812,-1
G057,G028,-0.0052968278,-1
G076,G054,-0.0052997186,-1
G077,G010,-0.0053083086,-1
G081,G069,-0.0053122113,-1
G063,G095,-0.0053126276,-1
G058,G083,-0.0053126714,-1
G009,G006,-0.0053141518,-1
G100,G030,-0.0053142165,-1
G021,G096,-0.0053162547,-1
G092,G048,-0.005319063,-1
G064,G003,-0.005319764,-1
G091,G023,-0.0053277467,-1
G030,G074,-0.005331217,-1
G096,G081,-0.0053323344,-1
G073,G088,-0.0053339307,-1
G088,G093,-0.0053349426,-1
G063,G003,-0.0053375023,-1
G001,G041,-0.005337581,-1
G035,G042,-0.0053384514,-1
G072,G088,-0.0053393207,-1
G045,G040,-0.0053430013,-1
G051,G091,-0.0053437916,-1
G100,G029,-0.0053446824,-1
G059,G034,-0.0053477394,-1
G024,G042,-0.0053510247,-1
G023,G017,-0.005352108,-1
G054,G056,-0.005353623,-1
G087,G092,-0.005354115,-1
G047,G071,-0.005358839,-1
G024,G053,-0.00535999,-1
G017,G059,-0.005360872,-1
G050,G096,-0.005361278,-1
G057,G008,-0.005371434,-1
G085,G052,-0.0053729163,-1
G024,G022,-0.005374454,-1
G083,G072,-0.005374744,-1
G092,G082,-0.0053775893,-1
G056,G046,-0.005377995,-1
G024,G011,-0.005378961,-1
G020,G085,-0.005380235,-1
G073,G066,-0.0053828345,-1
G011,G073,-0.0053838277,-1
G028,G095,-0.0053865546,-1
G084,G081,-0.0053904103,-1
G099,G085,-0.005394283,-1
G062,G039,-0.005413285,-1
G018,G029,-0.005415483,-1
G079,G059,-0.005415947,-1
G072,G095,-0.0054227733,-1
G027,G011,-0.0054234015,-1
G050,G061,-0.0054276655,-1
G045,G039,-0.0054279617,-1
G067,G068,-0.005429403,-1
G032,G016,-0.0054325005,-1
G042,G074,-0.0054356437,-1
G070,G100,-0.0054412372,-1
G032,G023,-0.005441406,-1
G100,G034,-0.005441611,-1
G039,G087,-0.0054471986,-1
G034,G075,-0.005447979,-1
G035,G073,-0.0054543223,-1
G040,G050,-0.005457977,-1
G095,G072,-0.005458127,-1
G015,G035,-0.0054594893,-1
G070,G036,-0.0054675885,-1
G018,G028,-0.0054689464,-1
G065,G094,-0.005470438,-1
G039,G057,-0.0054707937,-1
G093,G038,-0.005478988,-1
G082,G015,-0.0054838564,-1
G074,G041,-0.005491207,-1
G029,G036,-0.0054966267,-1
G014,G040,-0.0054973206,-1
G040,G069,-0.0055041453,-1
G048,G007,-0.005510929,-1
G067,G033,-0.005511123,-1
G017,G037,-0.005511517,-1
G077,G083,-0.0055117407,-1
G085,G084,-0.0055136043,-1
G030,G091,-0.0055150483,-1
G084,G018,-0.005515354,-1
G025,G056,-0.0055159335,-1
G007,G010,-0.00551726,-1
G062,G093,-0.005517562,-1
G039,G100,-0.005518697,-1
G066,G002,-0.00552367,-1
G015,G088,-0.0055238903,-1
G018,G004,-0.005525652,-1
G091,G095,-0.0055288672,-1
G096,G032,-0.005534339,-1
G013,G048,-0.0055349916,-1
G050,G059,-0.00554027,-1
G094,G052,-0.005542013,-1
G087,G020,-0.005544891,-1
G046,G065,-0.0055473046,-1
G041,G099,-0.005549268,-1
G022,G057,-0.0055515477,-1
G012,G027,-0.0055521564,-1
G075,G038,-0.0055695786,-1
G006,G099,-0.005573582,-1
G077,G039,-0.005577746,-1
G011,G082,-0.005578125,-1
G006,G086,-0.005582836,-1
G036,G027,-0.005583473,-1
G086,G042,-0.0055848192,-1
G029,G019,-0.00559051,-1
G083,G082,-0.0055929567,-1
G078,G001,-0.005594372,-1
G074,G033,-0.005596174,-1
G008,G096,-0.005600667,-1
G059,G061,-0.0056033023,-1
G006,G075,-0.005605948,-1
G001,G048,-0.0056099826,-1
G048,G004,-0.005611755,-1
G085,G090,-0.0056214365,-1
G001,G059,-0.005623737,-1
G060,G044,-0.0056250435,-1
G022,G016,-0.005625689,-1
G002,G014,-0.005627521,-1
G076,G051,-0.005628048,-1
G021,G040,-0.005631479,-1
G093,G035,-0.0056324555,-1
G100,G047,-0.0056361672,-1
G077,G100,-0.0056368136,-1
G005,G077,-0.0056369933,-1
G062,G098,-0.005638231,-1
G045,G064,-0.0056396243,-1
G068,G006,-0.0056428146,-1
G064,G026,-0.0056460444,-1
G038,G021,-0.005652005,-1
G050,G009,-0.005656839,-1
G073,G044,-0.0056578754,-1
G070,G008,-0.0056585018,-1
G039,G043,-0.005659974,-1
G040,G009,-0.0056645614,-1
G067,G048,-0.005666725,-1
G049,G028,-0.0056685423,-1
G054,G069,-0.0056731547,-1
G052,G001,-0.0056738686,-1
G046,G040,-0.005675961,-1
G004,G006,-0.00567767,-1
G033,G004,-0.00569607,-1
G088,G024,-0.0057057296,-1
G050,G080,-0.005707291,-1
G053,G075,-0.005709463,-1
G025,G055,-0.0057129734,-1
G019,G080,-0.005717932,-1
G098,G022,-0.0057281847,-1
G084,G057,-0.0057296613,-1
G015,G055,-0.0057308585,-1
G009,G043,-0.005730918,-1
G099,G073,-0.005731812,-1
G046,G036,-0.005732824,-1
G010,G096,-0.005739001,-1
G028,G005,-0.0057404223,-1
G027,G074,-0.0057449965,-1
G011,G077,-0.0057454184,-1
G050,G071,-0.0057521295,-1
G001,G064,-0.0057582115,-1
G054,G016,-0.005758884,-1
G062,G077,-0.0057628863,-1
G072,G074,-0.0057649165,-1
G036,G061,-0.0057673096,-1
G096,G070,-0.005767517,-1
G006,G008,-0.0057678535,-1
G030,G084,-0.0057681757,-1
G044,G071,-0.0057683005,-1
G079,G051,-0.0057688216,-1
G055,G081,-0.005769102,-1
G061,G098,-0.0057715797,-1
G090,G007,-0.0057730204,-1
G029,G058,-0.005780289,-1
G018,G027,-0.0057821902,-1
G011,G061,-0.005783913,-1
G014,G007,-0.0057899505,-1
G004,G028,-0.0057912124,-1
G061,G021,-0.005793018,-1
G052,G089,-0.005798549,-1
G091,G070,-0.0057998523,-1
G079,G030,-0.005802381,-1
G048,G055,-0.005805695,-1
G038,G064,-0.005806796,-1
G025,G011,-0.0058109383,-1
G041,G089,-0.005814257,-1
G073,G015,-0.0058169723,-1
G012,G094,-0.0058197537,-1
G081,G097,-0.005822924,-1
G082,G012,-0.0058262264,-1
G048,G066,-0.005827038,-1
G035,G069,-0.0058273664,-1
G077,G016,-0.005830961,-1
G024,G052,-0.005831419,-1
G097,G070,-0.0058319443,-1
G070,G084,-0.005836644,-1
G033,G031,-0.005839833,-1
G041,G077,-0.005840001,-1
G092,G018,-0.005847508,-1
G046,G020,-0.0058500203,-1
G028,G004,-0.00585118,-1
G013,G076,-0.0058512203,-1
G013,G070,-0.0058521456,-1
G049,G018,-0.0058636772,-1
G090,G062,-0.0058669713,-1
G022,G001,-0.005868135,-1
G025,G097,-0.005871528,-1
G042,G070,-0.005874565,-1
G080,G035,-0.0058757802,-1
G017,G010,-0.0058783893,-1
G044,G004,-0.005878695,-1
G073,G043,-0.0058815633,-1
G079,G016,-0.0058860774,-1
G018,G037,-0.005890625,-1
G066,G099,-0.0058948244,-1
G018,G077,-0.0058986153,-1
G090,G077,-0.005898934,-1
G025,G027,-0.005900357,-1
G069,G082,-0.0059027756,-1
G033,G063,-0.0059031094,-1
G083,G037,-0.005907114,-1
G038,G025,-0.0059079695,-1
G082,G098,-0.005917724,-1
G037,G018,-0.0059180018,-1
G045,G028,-0.0059230337,-1
G021,G100,-0.005923088,-1
G052,G057,-0.0059256693,-1
G072,G064,-0.0059379996,-1
G035,G031,-0.0059383065,-1
G034,G025,-0.005942004,-1
G077,G073,-0.0059547853,-1
G049,G040,-0.005956023,-1
G075,G091,-0.005956111,-1
G025,G001,-0.0059578833,-1
G070,G031,-0.005963779,-1
G022,G036,-0.0059644333,-1
G083,G017,-0.005964818,-1
G013,G071,-0.0059672557,-1
G093,G021,-0.005968214,-1
G052,G003,-0.0059696767,-1
G010,G013,-0.0059708976,-1
G030,G052,-0.0059812944,-1
G022,G042,-0.005981814,-1
G098,G015,-0.005987823,-1
G057,G013,-0.005989983,-1
G067,G001,-0.005990524,-1
G003,G017,-0.0059919343,-1
G078,G097,-0.0059948536,-1
G090,G012,-0.0059982687,-1
G004,G011,-0.00599864,-1
G027,G063,-0.0060008066,-1
G077,G027,-0.006000927,-1
G079,G014,-0.006001262,-1
G015,G069,-0.0060019363,-1
G065,G033,-0.006004919,-1
G073,G058,-0.0060051996,-1
G091,G057,-0.006009464,-1
G034,G008,-0.006009505,-1
G088,G022,-0.006009768,-1
G016,G060,-0.00601041,-1
G023,G082,-0.006014558,-1
G100,G008,-0.006020335,-1
G085,G016,-0.0060333023,-1
G100,G014,-0.0060335826,-1
G086,G006,-0.0060367715,-1
G050,G036,-0.006043619,-1
G075,G087,-0.006043681,-1
G063,G034,-0.006050606,-1
G097,G057,-0.00605715,-1
G043,G029,-0.0060652033,-1
G092,G053,-0.0060704323,-1
G002,G037,-0.0060768756,-1
G068,G016,-0.0060771033,-1
G053,G024,-0.006078976,-1
G070,G050,-0.006079152,-1
G071,G036,-0.0060822153,-1
G019,G066,-0.006085176,-1
G002,G035,-0.0061040167,-1
G039,G079,-0.006109876,-1
G066,G050,-0.00611347,-1
G050,G027,-0.0061160447,-1
G004,G033,-0.006120454,-1
G054,G099,-0.0061205965,-1
G078,G086,-0.0061253575,-1
G019,G045,-0.0061274483,-1
G045,G097,-0.006129713,-1
G057,G051,-0.006131164,-1
G089,G031,-0.006133302,-1
G084,G002,-0.0061350474,-1
G038,G088,-0.006139918,-1
G028,G067,-0.0061438247,-1
G013,G022,-0.0061465143,-1
G063,G068,-0.0061466796,-1
G047,G058,-0.0061477404,-1
G026,G036,-0.006148361,-1
G039,G091,-0.0061512636,-1
G079,G021,-0.00615389,-1
G040,G044,-0.006154904,-1
G097,G007,-0.0061561405,-1
G073,G087,-0.006156756,-1
G046,G081,-0.006158573,-1
G069,G051,-0.0061593205,-1
G057,G068,-0.006159344,-1
G016,G022,-0.006165798,-1
G055,G034,-0.0061719297,-1
G087,G012,-0.006177996,-1
G044,G017,-0.006179913,-1
G078,G060,-0.006190241,-1
G004,G073,-0.006192506,-1
G089,G038,-0.006194779,-1
G024,G076,-0.0061955247,-1
G078,G082,-0.006196882,-1
G026,G089,-0.006197581,-1
G029,G094,-0.0061977245,-1
G072,G084,-0.006199957,-1
G031,G019,-0.006204826,-1
G060,G005,-0.0062144063,-1
G020,G011,-0.006216686,-1
G004,G081,-0.0062185936,-1
G006,G017,-0.0062192003,-1
G005,G008,-0.00622073,-1
G059,G069,-0.006223092,-1
G004,G043,-0.0062232893,-1
G048,G091,-0.0062297364,-1
G100,G061,-0.0062392186,-1
G066,G004,-0.0062415386,-1
G036,G047,-0.0062444084,-1
G056,G052,-0.006259674,-1
G008,G021,-0.0062661846,-1
G048,G039,-0.0062683574,-1
G032,G078,-0.006270101,-1
G083,G041,-0.0062787337,-1
G076,G053,-0.006282652,-1
G051,G003,-0.0062882924,-1
G010,G074,-0.0062958044,-1
G081,G092,-0.006301781,-1
G087,G039,-0.0063034347,-1
G060,G027,-0.006304245,-1
G026,G048,-0.006307542,-1
G080,G075,-0.0063084313,-1
G042,G008,-0.006316817,-1
G078,G099,-0.0063169114,-1
G063,G025,-0.006318046,-1
G038,G090,-0.0063238097,-1
G083,G028,-0.0063278805,-1
G054,G067,-0.006330043,-1
G002,G096,-0.006337896,-1
G051,G001,-0.0063382685,-1
G050,G039,-0.006342686,-1
G030,G036,-0.0063431645,-1
G011,G007,-0.0063604917,-1
G072,G022,-0.00636126,-1
G089,G026,-0.0063615483,-1
G020,G041,-0.0063692788,-1
G009,G044,-0.0063702366,-1
G077,G019,-0.0063782805,-1
G016,G003,-0.006380928,-1
G091,G094,-0.006383125,-1
G031,G002,-0.0063897045,-1
G092,G068,-0.0063940664,-1
G042,G032,-0.0063952133,-1
G078,G024,-0.0063984585,-1
G061,G071,-0.0064097783,-1
G040,G027,-0.006410617,-1
G019,G063,-0.006411767,-1
G036,G006,-0.006412848,-1
G073,G061,-0.0064198803,-1
G006,G015,-0.006420317,-1
G035,G018,-0.0064221825,-1
G074,G076,-0.0064250994,-1
G079,G062,-0.006426168,-1
G018,G054,-0.0064337407,-1
G009,G090,-0.006434194,-1
G100,G081,-0.0064353226,-1
G005,G046,-0.00643821,-1
G100,G074,-0.0064388122,-1
G018,G048,-0.006439988,-1
G028,G088,-0.0064488705,-1
G041,G016,-0.006452104,-1
G007,G057,-0.006453567,-1
G053,G027,-0.006455102,-1
G043,G037,-0.006466441,-1
G032,G072,-0.0064676153,-1
G056,G005,-0.0064699305,-1
G043,G047,-0.006481424,-1
G027,G069,-0.006484069,-1
G084,G090,-0.006489842,-1
G066,G070,-0.006502597,-1
G067,G021,-0.0065026577,-1
G034,G047,-0.006510196,-1
G021,G058,-0.0065105124,-1
G008,G012,-0.0065125306,-1
G060,G066,-0.0065168277,-1
G065,G008,-0.0065254886,-1
G064,G048,-0.00652666,-1
G044,G061,-0.006527901,-1
G097,G046,-0.006530877,-1
G039,G014,-0.0065334872,-1
G010,G041,-0.0065384023,-1
G048,G084,-0.0065392945,-1
G008,G011,-0.006540053,-1
G097,G024,-0.006541926,-1
G080,G038,-0.0065427283,-1
G028,G096,-0.0065489803,-1
G033,G068,-0.006549406,-1
G059,G033,-0.0065494166,-1
G029,G099,-0.006553256,-1
G029,G076,-0.0065573505,-1
G069,G052,-0.006561306,-1
G070,G078,-0.006561327,-1
G026,G071,-0.006564161,-1
G080,G006,-0.0065644407,-1
G009,G015,-0.0065665995,-1
G005,G043,-0.0065667033,-1
G067,G058,-0.0065763984,-1
G018,G087,-0.0065845847,-1
G073,G093,-0.0065858173,-1
G047,G032,-0.0065909205,-1
G042,G043,-0.0065939296,-1
G062,G085,-0.0066002966,-1
G044,G075,-0.0066053667,-1
G089,G068,-0.0066114534,-1
G047,G048,-0.006611855,-1
G065,G056,-0.006613546,-1
G097,G005,-0.006613729,-1
G019,G040,-0.0066143656,-1
G012,G004,-0.0066172476,-1
G055,G087,-0.00661778,-1
G021,G089,-0.0066221147,-1
G001,G068,-0.006637693,-1
G093,G056,-0.0066383225,-1
G100,G025,-0.0066392417,-1
G094,G058,-0.006640776,-1
G053,G067,-0.006644761,-1
G100,G048,-0.0066448087,-1
G011,G078,-0.006645078,-1
G048,G027,-0.006649272,-1
G095,G090,-0.006649649,-1
G038,G022,-0.00665178,-1
G001,G007,-0.0066557936,-1
G070,G049,-0.0066579217,-1
G081,G056,-0.0066601383,-1
G040,G085,-0.0066606654,-1
G033,G055,-0.0066630747,-1
G053,G090,-0.0066676284,-1
G006,G014,-0.0066682445,-1
G007,G078,-0.0066703754,-1
G078,G053,-0.006675252,-1
G007,G039,-0.006675302,-1
G029,G046,-0.006685086,-1
G024,G008,-0.0066876197,-1
G026,G042,-0.0066901376,-1
G065,G057,-0.00669178,-1
G035,G025,-0.006692132,-1
G046,G099,-0.0066931555,-1
G037,G070,-0.0066939937,-1
G049,G029,-0.0066982233,-1
G043,G008,-0.006700912,-1
G004,G025,-0.006701886,-1
G032,G034,-0.0067032143,-1
G028,G019,-0.0067034387,-1
G012,G055,-0.006705063,-1
G074,G095,-0.0067158556,-1
G099,G097,-0.006723089,-1
G068,G062,-0.006726776,-1
G057,G059,-0.0067279804,-1
G011,G005,-0.0067315856,-1
G048,G030,-0.006738793,-1
G029,G052,-0.0067388993,-1
G054,G082,-0.0067436686,-1
G097,G045,-0.0067492044,-1
G039,G010,-0.0067516943,-1
G036,G042,-0.00675554,-1
G003,G097,-0.0067560943,-1
G050,G006,-0.0067708674,-1
G063,G081,-0.0067716967,-1
G036,G050,-0.006773766,-1
G056,G018,-0.006777573,-1
G050,G055,-0.0067843855,-1
G036,G085,-0.006784614,-1
G084,G072,-0.0067865653,-1
G055,G012,-0.0067887115,-1
G068,G086,-0.0067946264,-1
G051,G060,-0.0068041156,-1
G005,G068,-0.006808659,-1
G046,G055,-0.00680938,-1
G007,G046,-0.006809409,-1
G062,G081,-0.0068096635,-1
G044,G067,-0.006814142,-1
G028,G079,-0.006818076,-1
G090,G026,-0.006819741,-1
G040,G098,-0.006822778,-1
G048,G052,-0.0068244915,-1
G058,G054,-0.0068327226,-1
G010,G061,-0.006836678,-1
G059,G040,-0.0068412963,-1
G008,G051,-0.006842245,-1
G054,G081,-0.0068679866,-1
G085,G039,-0.0068681934,-1
G014,G087,-0.006868561,-1
G049,G095,-0.00688034,-1
G003,G029,-0.006886521,-1
G055,G097,-0.0068916315,-1
G013,G073,-0.006892965,-1
G054,G087,-0.0068929796,-1
G051,G074,-0.006895597,-1
G067,G003,-0.0068984265,-1
G090,G049,-0.0069091637,-1
G092,G063,-0.006912164,-1
G082,G037,-0.00691226,-1
G056,G079,-0.0069145234,-1
G028,G072,-0.006917412,-1
G088,G070,-0.006922599,-1
G085,G034,-0.006923772,-1
G011,G032,-0.006926577,-1
G019,G078,-0.006931818,-1
G087,G019,-0.006934261,-1
G032,G069,-0.006935844,-1
G099,G015,-0.0069360244,-1
G047,G013,-0.006940846,-1
G046,G017,-0.0069439695,-1
G034,G045,-0.006944501,-1
G085,G093,-0.0069486178,-1
G037,G048,-0.0069532283,-1
G094,G030,-0.006958991,-1
G057,G012,-0.0069602123,-1
G058,G023,-0.0069602276,-1
G065,G018,-0.0069612246,-1
G009,G066,-0.0069667767,-1
G038,G024,-0.0069763428,-1
G019,G016,-0.0069780527,-1
G023,G011,-0.006981954,-1
G046,G018,-0.0069847987,-1
G019,G099,-0.006991717,-1
G040,G039,-0.0069927652,-1
G047,G008,-0.006993144,-1
G066,G098,-0.0069937804,-1
G010,G063,-0.006996146,-1
G071,G042,-0.006996711,-1
G034,G086,-0.006997085,-1
G076,G072,-0.0070013884,-1
G055,G032,-0.007002223,-1
G093,G024,-0.0070124473,-1
G084,G047,-0.007013025,-1
G085,G006,-0.007016146,-1
G024,G082,-0.0070247906,-1
G034,G023,-0.007028226,-1
G035,G024,-0.0070291553,-1
G033,G097,-0.0070311124,-1
G028,G084,-0.007032377,-1
G084,G060,-0.007034145,-1
G054,G060,-0.0070352084,-1
G067,G092,-0.0070387064,-1
G058,G076,-0.007039185,-1
G083,G084,-0.0070410674,-1
G040,G015,-0.007044619,-1
G001,G063,-0.007049529,-1
G008,G083,-0.007053592,-1
G033,G032,-0.007060603,-1
G006,G068,-0.0070748716,-1
G070,G069,-0.007082635,-1
G094,G066,-0.0070855175,-1
G038,G081,-0.007089583,-1
G013,G023,-0.0071007367,-1
G002,G062,-0.007101446,-1
G089,G081,-0.007109401,-1
G067,G065,-0.0071094213,-1
G071,G075,-0.007110076,-1
G025,G067,-0.0071108695,-1
G076,G045,-0.0071217353,-1
G020,G023,-0.0071248603,-1
G005,G080,-0.007124931,-1
G031,G100,-0.0071250573,-1
G042,G017,-0.007125429,-1
G060,G054,-0.0071299034,-1
G097,G014,-0.007130758,-1
G012,G050,-0.0071342974,-1
G067,G039,-0.0071382793,-1
G042,G090,-0.0071394993,-1
G087,G049,-0.0071406467,-1
G064,G047,-0.0071436022,-1
G070,G009,-0.0071449797,-1
G057,G021,-0.0071462,-1
G054,G004,-0.0071507343,-1
G008,G091,-0.007155551,-1
G026,G019,-0.007159507,-1
G025,G079,-0.00716727,-1
G040,G004,-0.0071678758,-1
G093,G050,-0.0071701724,-1
G041,G020,-0.0071807303,-1
G071,G059,-0.0071881837,-1
G098,G079,-0.007188839,-1
G073,G075,-0.0071906233,-1
G095,G061,-0.007190949,-1
G003,G048,-0.0071940487,-1
G074,G020,-0.007195931,-1
G100,G026,-0.0071989633,-1
G037,G054,-0.0072000786,-1
G031,G077,-0.007203155,-1
G067,G072,-0.0072032735,-1
G094,G077,-0.0072072097,-1
G027,G035,-0.007212886,-1
G001,G044,-0.0072152806,-1
G065,G050,-0.007217476,-1
G100,G067,-0.0072175204,-1
G057,G088,-0.00721792,-1
G011,G075,-0.007222443,-1
G055,G013,-0.0072296443,-1
G035,G087,-0.007237863,-1
G047,G067,-0.007243628,-1
G097,G069,-0.007247449,-1
G091,G037,-0.00724991,-1
G088,G019,-0.0072504436,-1
G065,G077,-0.0072517917,-1
G033,G096,-0.0072538625,-1
G006,G037,-0.007260662,-1
G002,G060,-0.007260806,-1
G088,G007,-0.007262823,-1
G081,G094,-0.007263283,-1
G046,G085,-0.0072635366,-1
G043,G011,-0.007268472,-1
G080,G037,-0.0072688046,-1
G037,G026,-0.007275563,-1
G071,G084,-0.007275803,-1
G070,G021,-0.0072766817,-1
G039,G020,-0.0072769397,-1
G076,G021,-0.007277069,-1
G080,G039,-0.007286132,-1
G086,G008,-0.007289729,-1
G099,G049,-0.007294045,-1
G009,G068,-0.007295709,-1
G071,G050,-0.0072958507,-1
G039,G066,-0.0073055374,-1
G072,G028,-0.0073095234,-1
G023,G054,-0.0073125437,-1
G041,G029,-0.0073127765,-1
G059,G005,-0.0073127816,-1
G044,G013,-0.0073145675,-1
G080,G043,-0.0073186015,-1
G003,G088,-0.0073254686,-1
G004,G036,-0.0073274565,-1
G097,G015,-0.00733257,-1
G083,G054,-0.0073362985,-1
G013,G054,-0.0073395604,-1
G009,G089,-0.007343573,-1
G080,G024,-0.0073453817,-1
G094,G015,-0.0073459037,-1
G088,G077,-0.0073504574,-1
G063,G096,-0.007354215,-1
G064,G035,-0.007357089,-1
G046,G096,-0.007365057,-1
G024,G098,-0.0073679746,-1
G086,G079,-0.0073680254,-1
G090,G096,-0.007381199,-1
G064,G025,-0.0073844157,-1
G061,G011,-0.007386833,-1
G083,G081,-0.0074025504,-1
G097,G035,-0.007404519,-1
G028,G044,-0.0074068424,-1
G053,G061,-0.0074070897,-1
G053,G065,-0.0074137407,-1
G081,G065,-0.007425863,-1
G050,G043,-0.007430793,-1
G016,G011,-0.0074311174,-1
G037,G022,-0.007431619,-1
G084,G054,-0.007433633,-1
G029,G086,-0.0074375262,-1
G060,G050,-0.007442043,-1
G012,G023,-0.0074445624,-1
G084,G033,-0.007445863,-1
G006,G048,-0.0074461736,-1
G094,G024,-0.0074606347,-1
G038,G091,-0.0074639656,-1
G028,G063,-0.0074664266,-1
G096,G045,-0.0074669733,-1
G043,G017,-0.0074691717,-1
G023,G051,-0.0074715824,-1
G054,G096,-0.007474642,-1
G095,G001,-0.007484131,-1
G088,G018,-0.007485,-1
G086,G015,-0.0074871304,-1
G002,G036,-0.007488169,-1
G100,G037,-0.007506858,-1
G080,G011,-0.007516955,-1
G082,G005,-0.0075178896,-1
G058,G086,-0.0075200126,-1
G030,G046,-0.00752982,-1
G084,G043,-0.007531841,-1
G026,G077,-0.0075347987,-1
G082,G020,-0.007535608,-1
G045,G088,-0.0075371726,-1
G009,G063,-0.0075415317,-1
G046,G003,-0.007547066,-1
G063,G071,-0.0075600347,-1
G059,G053,-0.007563534,-1
G054,G006,-0.007566695,-1
G001,G009,-0.007566989,-1
G016,G061,-0.0075772004,-1
G040,G022,-0.0075819744,-1
G001,G065,-0.007582046,-1
G088,G047,-0.0075823204,-1
G013,G011,-0.0075842612,-1
G030,G018,-0.0075869206,-1
G056,G041,-0.007587462,-1
G005,G022,-0.0076020337,-1
G032,G084,-0.007631761,-1
G018,G012,-0.0076348726,-1
G019,G041,-0.00765203,-1
G031,G053,-0.0076579824,-1
G013,G081,-0.007662291,-1
G058,G090,-0.007668368,-1
G075,G071,-0.007669073,-1
G010,G037,-0.0076797423,-1
G020,G026,-0.007702367,-1
G084,G092,-0.0077065364,-1
G099,G075,-0.0077177756,-1
G055,G035,-0.0077225515,-1
G076,G099,-0.007735003,-1
G052,G061,-0.0077398047,-1
G077,G026,-0.007742862,-1
G030,G090,-0.0077457353,-1
G048,G028,-0.007749102,-1
G086,G032,-0.0077493675,-1
G031,G043,-0.007749942,-1
G080,G017,-0.007757153,-1
G091,G045,-0.0077590225,-1
G059,G065,-0.007778817,-1
G022,G003,-0.0077813403,-1
G028,G050,-0.0077880733,-1
G027,G085,-0.007791932,-1
G030,G057,-0.0077976515,-1
G015,G001,-0.0078000696,-1
G015,G076,-0.007803236,-1
G077,G058,-0.007819776,-1
G058,G013,-0.007821259,-1
G014,G023,-0.007821261,-1
G088,G053,-0.007823122,-1
G080,G078,-0.007826942,-1
G012,G001,-0.00782695,-1
G029,G079,-0.00782714,-1
G072,G085,-0.007830546,-1
G028,G098,-0.007839081,-1
G035,G043,-0.007845605,-1
G061,G084,-0.007846902,-1
G008,G069,-0.007849477,-1
G079,G081,-0.007859948,-1
G076,G016,-0.007862017,-1
G027,G078,-0.007862316,-1
G092,G057,-0.007876808,-1
G018,G070,-0.007877955,-1
G091,G039,-0.007878432,-1
G076,G081,-0.007879292,-1
G069,G086,-0.007883634,-1
G041,G026,-0.007885593,-1
G022,G059,-0.007889094,-1
G099,G018,-0.00789589,-1
G039,G078,-0.00789911,-1
G094,G093,-0.007907144,-1
G027,G059,-0.007912705,-1
G090,G052,-0.007919805,-1
G064,G008,-0.007921809,-1
G061,G048,-0.007922616,-1
G080,G100,-0.007922892,-1
G011,G057,-0.007923965,-1
G078,G007,-0.007930615,-1
G024,G034,-0.007931924,-1
G049,G066,-0.0079352865,-1
G043,G096,-0.00793546,-1
G023,G061,-0.007938094,-1
G002,G012,-0.007939881,-1
G033,G066,-0.007940588,-1
G051,G050,-0.007947383,-1
G024,G037,-0.007958886,-1
G049,G080,-0.007959159,-1
G088,G049,-0.007966401,-1
G055,G002,-0.007966481,-1
G066,G016,-0.007969466,-1
G022,G065,-0.007975425,-1
G026,G080,-0.007989225,-1
G002,G013,-0.007991889,-1
G043,G054,-0.00799244,-1
G053,G063,-0.007992902,-1
G020,G002,-0.007995091,-1
G012,G031,-0.008013578,-1
G020,G064,-0.008016724,-1
G039,G090,-0.00802845,-1
G051,G085,-0.008032141,-1
G065,G071,-0.008035401,-1
G015,G030,-0.008038593,-1
G006,G005,-0.008045534,-1
G033,G062,-0.008057051,-1
G069,G060,-0.008057532,-1
G061,G081,-0.008059398,-1
G091,G086,-0.008063729,-1
G069,G042,-0.008070554,-1
G097,G042,-0.008082211,-1
G100,G022,-0.008087697,-1
G034,G012,-0.008087812,-1
G043,G063,-0.0081023285,-1
G017,G038,-0.008104372,-1
G017,G089,-0.008106798,-1
G062,G020,-0.008114004,-1
G003,G019,-0.008115182,-1
G092,G079,-0.00813639,-1
G092,G021,-0.008154844,-1
G022,G064,-0.008155206,-1
G085,G032,-0.00815552,-1
G074,G003,-0.008168067,-1
G016,G095,-0.008169546,-1
G065,G019,-0.008170161,-1
G058,G046,-0.0081732115,-1
G019,G068,-0.008185904,-1
G057,G003,-0.008193267,-1
G089,G029,-0.008193588,-1
G041,G072,-0.008209853,-1
G094,G021,-0.008214257,-1
G065,G084,-0.008215668,-1
G073,G098,-0.008224206,-1
G061,G029,-0.008227712,-1
G098,G029,-0.008230393,-1
G007,G041,-0.008247887,-1
G091,G082,-0.00825054,-1
G002,G097,-0.008263646,-1
G049,G034,-0.008274069,-1
G004,G003,-0.008279689,-1
G034,G001,-0.008284348,-1
G090,G045,-0.008288165,-1
G077,G086,-0.008289463,-1
G048,G093,-0.008290957,-1
G042,G044,-0.008303536,-1
G071,G044,-0.008305455,-1
G064,G041,-0.008306911,-1
G053,G030,-0.008309379,-1
G096,G006,-0.008310409,-1
G052,G086,-0.008339396,-1
G066,G029,-0.00834749,-1
G012,G044,-0.00835615,-1
G021,G033,-0.008357036,-1
G044,G077,-0.008358536,-1
G048,G051,-0.008360794,-1
G013,G085,-0.008374536,-1
G058,G027,-0.008375503,-1
G037,G058,-0.00838697,-1
G023,G059,-0.008390272,-1
G025,G039,-0.008391102,-1
G006,G049,-0.008407836,-1
G090,G060,-0.0084096985,-1
G093,G017,-0.008414703,-1
G095,G099,-0.008417683,-1
G052,G046,-0.008429093,-1
G099,G010,-0.008433194,-1
G073,G031,-0.008436369,-1
G057,G090,-0.008447987,-1
G040,G074,-0.008453165,-1
G058,G004,-0.008467296,-1
G052,G090,-0.008469776,-1
G033,G091,-0.008482116,-1
G004,G035,-0.00849691,-1
G079,G092,-0.008504445,-1
G094,G001,-0.00850519,-1
G078,G002,-0.008508299,-1
G059,G089,-0.008508916,-1
G052,G096,-0.008510646,-1
G022,G075,-0.008535645,-1
G003,G086,-0.008538665,-1
G039,G055,-0.008545182,-1
G026,G051,-0.00854803,-1
G051,G014,-0.008556181,-1
G075,G051,-0.008567236,-1
G010,G057,-0.008580492,-1
G019,G033,-0.008588832,-1
G046,G080,-0.00859353,-1
G023,G028,-0.008602071,-1
G066,G083,-0.008603174,-1
G055,G027,-0.008605559,-1
G082,G059,-0.008607095,-1
G034,G078,-0.008616376,-1
G070,G094,-0.0086168265,-1
G093,G012,-0.008619265,-1
G070,G072,-0.008630564,-1
G044,G052,-0.0086368965,-1
G095,G044,-0.00864993,-1
G077,G013,-0.00865744,-1
G055,G011,-0.008664068,-1
G083,G051,-0.008670193,-1
G002,G026,-0.00867815,-1
G045,G011,-0.008681149,-1
G099,G016,-0.008686515,-1
G098,G087,-0.0086941235,-1
G005,G067,-0.0086957915,-1
G019,G055,-0.008699929,-1
G084,G055,-0.008703841,-1
G022,G093,-0.008720553,-1
G055,G040,-0.008728616,-1
G081,G018,-0.008731928,-1
G087,G025,-0.008732495,-1
G099,G003,-0.008733799,-1
G024,G064,-0.008743368,-1
G005,G100,-0.008753642,-1
G023,G053,-0.00875874,-1
G032,G082,-0.008760135,-1
G052,G054,-0.008765992,-1
G047,G023,-0.008780226,-1
G016,G091,-0.008784712,-1
G060,G097,-0.008789158,-1
G093,G070,-0.008805984,-1
G047,G074,-0.0088072065,-1
G098,G054,-0.008821473,-1
G092,G028,-0.008847821,-1
G096,G019,-0.008848371,-1
G054,G005,-0.008850274,-1
G023,G049,-0.008853265,-1
G086,G009,-0.008853954,-1
G043,G016,-0.008859555,-1
G087,G006,-0.008863231,-1
G058,G056,-0.008879116,-1
G058,G066,-0.00888182,-1
G068,G013,-0.008892652,-1
G068,G045,-0.008901322,-1
G016,G090,-0.008902275,-1
G013,G033,-0.008911756,-1
G048,G054,-0.008922892,-1
G011,G013,-0.008926156,-1
G005,G065,-0.008927851,-1
G033,G086,-0.0089284405,-1
G077,G087,-0.008932082,-1
G082,G057,-0.008940487,-1
G029,G072,-0.008942836,-1
G067,G007,-0.008948783,-1
G085,G023,-0.008956183,-1
G021,G035,-0.008974521,-1
G069,G096,-0.008998587,-1
G036,G012,-0.008999823,-1
G026,G078,-0.009006562,-1
G055,G045,-0.0090118935,-1
G029,G068,-0.009013376,-1
G022,G086,-0.009016117,-1
G056,G062,-0.009040634,-1
G080,G060,-0.00904436,-1
G031,G035,-0.00904685,-1
G097,G031,-0.009054351,-1
G095,G076,-0.0090584885,-1
G091,G001,-0.0090592075,-1
G100,G075,-0.009059459,-1
G017,G002,-0.009062391,-1
G003,G043,-0.009071543,-1
G055,G004,-0.009073807,-1
G030,G032,-0.009075794,-1
G057,G072,-0.009082683,-1
G097,G077,-0.009089643,-1
G013,G067,-0.009102507,-1
G090,G083,-0.009104146,-1
G099,G023,-0.00911513,-1
G036,G091,-0.009121824,-1
G093,G074,-0.0091236755,-1
G035,G017,-0.0091393525,-1
G020,G066,-0.00914043,-1
G098,G041,-0.009150853,-1
G027,G094,-0.00916213,-1
G016,G088,-0.009165748,-1
G096,G033,-0.009170084,-1
G052,G069,-0.009172074,-1
G100,G058,-0.009184873,-1
G011,G049,-0.009188948,-1
G002,G058,-0.009189179,-1
G095,G069,-0.009195917,-1
G041,G080,-0.009199439,-1
G068,G019,-0.009214985,-1
G027,G052,-0.009221626,-1
G039,G082,-0.009241613,-1
G035,G075,-0.009247535,-1
G077,G051,-0.009255314,-1
G098,G030,-0.009258836,-1
G050,G062,-0.00926072,-1
G084,G031,-0.00926644,-1
G057,G023,-0.009266692,-1
G074,G072,-0.0092770755,-1
G006,G071,-0.009277558,-1
G058,G074,-0.0092880055,-1
G067,G014,-0.009301992,-1
G061,G049,-0.009305895,-1
G009,G003,-0.0093100965,-1
G090,G066,-0.0093349535,-1
G021,G017,-0.009339872,-1
G018,G049,-0.009360883,-1
G089,G083,-0.00936479,-1
G077,G059,-0.009368676,-1
G024,G047,-0.00937045,-1
G058,G048,-0.009381104,-1
G096,G021,-0.009383879,-1
G091,G064,-0.009387794,-1
G024,G075,-0.009388899,-1
G068,G042,-0.009422444,-1
G092,G010,-0.009436186,-1
G094,G060,-0.009437472,-1
G036,G033,-0.009439249,-1
G047,G022,-0.009449018,-1
G079,G063,-0.009449389,-1
G014,G092,-0.009450454,-1
G030,G039,-0.009456844,-1
G034,G082,-0.009475224,-1
G003,G078,-0.009484874,-1
G083,G002,-0.009487557,-1
G097,G073,-0.009507652,-1
G099,G047,-0.009509154,-1
G045,G031,-0.009510988,-1
G068,G071,-0.009514839,-1
G017,G015,-0.009517754,-1
G016,G071,-0.009522066,-1
G086,G055,-0.009530875,-1
G002,G046,-0.0095355585,-1
G073,G012,-0.009538717,-1
G026,G005,-0.009543853,-1
G034,G079,-0.009546923,-1
G093,G080,-0.009548396,-1
G035,G081,-0.009571422,-1
G031,G087,-0.009580225,-1
G056,G087,-0.009587159,-1
G054,G017,-0.009619552,-1
G025,G054,-0.009623113,-1
G033,G050,-0.009626676,-1
G007,G014,-0.009628835,-1
G044,G012,-0.009641199,-1
G025,G100,-0.0096457405,-1
G003,G054,-0.009647332,-1
G029,G013,-0.009648422,-1
G017,G047,-0.00965022,-1
G084,G085,-0.009652807,-1
G051,G044,-0.009654049,-1
G050,G076,-0.009663099,-1
G010,G011,-0.009679467,-1
G094,G012,-0.009681003,-1
G080,G008,-0.009687162,-1
G024,G054,-0.009698429,-1
G001,G069,-0.009699924,-1
G039,G086,-0.009716057,-1
G098,G002,-0.009716426,-1
G042,G071,-0.009748823,-1
G021,G051,-0.009762046,-1
G067,G015,-0.009766677,-1
G023,G024,-0.009770838,-1
G076,G005,-0.0097823795,-1
G090,G084,-0.009796033,-1
G080,G099,-0.009815539,-1
G054,G083,-0.009827408,-1
G026,G094,-0.009832521,-1
G052,G077,-0.0098360665,-1
G014,G038,-0.009839769,-1
G100,G007,-0.009843357,-1
G021,G054,-0.009844087,-1
G021,G063,-0.009846927,-1
G030,G050,-0.009847524,-1
G097,G076,-0.009848399,-1
G090,G071,-0.009869975,-1
G072,G014,-0.0098772235,-1
G054,G053,-0.0098875165,-1
G022,G062,-0.009905458,-1
G044,G098,-0.009906037,-1
G081,G072,-0.00991285,-1
G079,G031,-0.009921804,-1
G057,G035,-0.0099295685,-1
G060,G015,-0.009947776,-1
G053,G054,-0.009954272,-1
G022,G067,-0.009956166,-1
G095,G080,-0.009981801,-1
G057,G004,-0.009995314,-1
G029,G017,-0.010000922,-1
G080,G062,-0.010009749,-1
G058,G040,-0.010015704,-1
G083,G020,-0.010024995,-1
G065,G015,-0.010044251,-1
G088,G021,-0.010058171,-1
G096,G093,-0.0100587,-1
G017,G052,-0.010066484,-1
G092,G025,-0.010072431,-1
G096,G009,-0.010074227,-1
G015,G043,-0.010075772,-1
G025,G049,-0.010077497,-1
G005,G099,-0.010093091,-1
G041,G006,-0.010093331,-1
G083,G092,-0.010094487,-1
G031,G056,-0.0101007605,-1
G041,G027,-0.010105388,-1
G057,G092,-0.010127517,-1
G008,G089,-0.010137998,-1
G095,G071,-0.010146884,-1
G033,G035,-0.0101613635,-1
G036,G095,-0.010178538,-1
G075,G012,-0.010179483,-1
G063,G031,-0.010193935,-1
G062,G080,-0.01020401,-1
G072,G075,-0.010206815,-1
G062,G017,-0.010248571,-1
G072,G024,-0.010255071,-1
G075,G053,-0.0102658905,-1
G036,G092,-0.010274494,-1
G052,G039,-0.01027543,-1
G030,G026,-0.0103487745,-1
G009,G059,-0.010357985,-1
G009,G037,-0.010380298,-1
G003,G061,-0.0103833545,-1
G006,G051,-0.010387425,-1
G055,G018,-0.010387461,-1
G008,G009,-0.010390648,-1
G029,G045,-0.010415749,-1
G060,G083,-0.010425543,-1
G098,G074,-0.010430787,-1
G084,G035,-0.01043199,-1
G071,G023,-0.010434052,-1
G009,G034,-0.010442941,-1
G068,G099,-0.010454628,-1
G061,G037,-0.010460109,-1
G048,G077,-0.010466062,-1
G007,G079,-0.01046671,-1
G087,G051,-0.010482025,-1
G050,G070,-0.0104882885,-1
G016,G053,-0.010492391,-1
G082,G073,-0.010506786,-1
G092,G009,-0.010532768,-1
G087,G095,-0.010534465,-1
G029,G092,-0.010555669,-1
G028,G020,-0.010567724,-1
G017,G032,-0.010575137,-1
G019,G026,-0.010594326,-1
G034,G032,-0.010606206,-1
G026,G062,-0.010610554,-1
G098,G073,-0.01061329,-1
G052,G092,-0.010615551,-1
G051,G041,-0.010644085,-1
G051,G092,-0.010665414,-1
G047,G079,-0.010674975,-1
G081,G070,-0.010690544,-1
G017,G035,-0.0107217925,-1
G038,G042,-0.010725394,-1
G021,G025,-0.010728866,-1
G067,G036,-0.0107358,-1
G037,G006,-0.010742268,-1
G082,G053,-0.010748109,-1
G031,G001,-0.010765153,-1
G061,G089,-0.010772288,-1
G001,G036,-0.010792542,-1
G019,G082,-0.01082066,-1
G015,G018,-0.010839115,-1
G011,G039,-0.010849988,-1
G052,G047,-0.010857045,-1
G060,G093,-0.010857487,-1
G055,G046,-0.010873948,-1
G063,G059,-0.010876376,-1
G058,G057,-0.0108856745,-1
G096,G023,-0.010893717,-1
G079,G004,-0.01089431,-1
G005,G036,-0.0109194275,-1
G098,G050,-0.010931306,-1
G006,G010,-0.0109482175,-1
G094,G074,-0.010962462,-1
G039,G080,-0.010977604,-1
G062,G042,-0.010998669,-1
G080,G009,-0.011008485,-1
G100,G076,-0.011027989,-1
G086,G045,-0.011036432,-1
G075,G033,-0.011040533,-1
G035,G052,-0.01110699,-1
G036,G023,-0.011130489,-1
G086,G030,-0.011134268,-1
G049,G060,-0.011157384,-1
G092,G069,-0.01116124,-1
G044,G019,-0.011180072,-1
G045,G070,-0.011180687,-1
G098,G017,-0.011199672,-1
G070,G019,-0.011204558,-1
G002,G022,-0.011207098,-1
G060,G064,-0.011233282,-1
G032,G100,-0.011274797,-1
G064,G007,-0.011289147,-1
G029,G026,-0.01129712,-1
G046,G027,-0.01130031,-1
G027,G014,-0.011316404,-1
G074,G013,-0.011323364,-1
G006,G023,-0.011363158,-1
G097,G038,-0.011410239,-1
G070,G020,-0.011410598,-1
G040,G007,-0.011427451,-1
G007,G029,-0.011428187,-1
G088,G060,-0.011441016,-1
G029,G056,-0.011461715,-1
G012,G046,-0.011518353,-1
G046,G015,-0.011532081,-1
G099,G009,-0.011540152,-1
G011,G021,-0.011557534,-1
G037,G034,-0.011576599,-1
G072,G013,-0.0115872845,-1
G059,G071,-0.011608213,-1
G066,G056,-0.011641273,-1
G004,G007,-0.011652197,-1
G005,G073,-0.011682668,-1
G048,G057,-0.011698625,-1
G057,G044,-0.011712728,-1
G018,G064,-0.011714544,-1
G060,G046,-0.011730364,-1
G090,G088,-0.011735718,-1
G032,G077,-0.011752494,-1
G098,G004,-0.011765861,-1
G097,G026,-0.011784016,-1
G020,G007,-0.011784982,-1
G068,G059,-0.011785996,-1
G069,G068,-0.011807292,-1
G097,G072,-0.011810998,-1
G027,G045,-0.011827608,-1
G022,G094,-0.011833803,-1
G077,G094,-0.011842997,-1
G080,G020,-0.011864955,-1
G034,G097,-0.011866877,-1
G054,G074,-0.011872681,-1
G003,G059,-0.01187569,-1
G064,G027,-0.011905961,-1
G019,G100,-0.011907733,-1
G018,G075,-0.011913283,-1
G090,G064,-0.011922654,-1
G007,G020,-0.011925262,-1
G019,G090,-0.011929388,-1
G076,G074,-0.011946526,-1
G030,G094,-0.011953691,-1
G058,G093,-0.01197374,-1
G079,G070,-0.012000494,-1
G008,G094,-0.0120019065,-1
G046,G094,-0.012006023,-1
G093,G002,-0.012011721,-1
G042,G001,-0.012019039,-1
G054,G044,-0.012043792,-1
G036,G019,-0.012080057,-1
G031,G036,-0.012088559,-1
G056,G016,-0.012090983,-1
G091,G089,-0.012097232,-1
G003,G082,-0.01211786,-1
G095,G033,-0.012134549,-1
G023,G091,-0.012152826,-1
G073,G041,-0.012162772,-1
G051,G043,-0.012176632,-1
G071,G034,-0.012180823,-1
G037,G015,-0.012182004,-1
G099,G008,-0.012199995,-1
G084,G032,-0.01220508,-1
G007,G036,-0.012257266,-1
G086,G098,-0.012258858,-1
G005,G048,-0.012288631,-1
G052,G010,-0.012295539,-1
G001,G092,-0.012318584,-1
G008,G038,-0.0123310415,-1
G094,G002,-0.012353354,-1
G076,G030,-0.012382603,-1
G085,G019,-0.01238486,-1
G016,G057,-0.012384877,-1
G057,G043,-0.012409,-1
G085,G003,-0.012410745,-1
G039,G032,-0.0124145895,-1
G024,G021,-0.012419978,-1
G065,G041,-0.012426044,-1
G010,G014,-0.012458834,-1
G064,G031,-0.0124727925,-1
G059,G038,-0.01248342,-1
G078,G036,-0.012540349,-1
G021,G097,-0.012546978,-1
G039,G064,-0.01257192,-1
G022,G004,-0.012582719,-1
G028,G040,-0.012587233,-1
G004,G040,-0.012613199,-1
G053,G078,-0.012623359,-1
G086,G023,-0.01264936,-1
G074,G085,-0.012651413,-1
G014,G011,-0.012713524,-1
G085,G088,-0.01271471,-1
G043,G028,-0.012732636,-1
G053,G033,-0.012787124,-1
G061,G010,-0.012805117,-1
G031,G025,-0.0128174545,-1
G023,G009,-0.012865192,-1
G055,G089,-0.01288689,-1
G077,G005,-0.012889119,-1
G079,G010,-0.012897902,-1
G093,G088,-0.012924262,-1
G001,G042,-0.012940606,-1
G068,G067,-0.012947896,-1
G065,G068,-0.012949025,-1
G012,G045,-0.012955784,-1
G023,G036,-0.01296564,-1
G035,G070,-0.01299158,-1
G003,G034,-0.013016499,-1
G071,G067,-0.013030199,-1
G004,G052,-0.013038315,-1
G016,G030,-0.013054035,-1
G041,G049,-0.013073255,-1
G033,G043,-0.013081976,-1
G095,G043,-0.013118987,-1
G069,G037,-0.01314949,-1
G036,G084,-0.01315894,-1
G098,G034,-0.013166436,-1
G002,G054,-0.0132124685,-1
G083,G032,-0.013228572,-1
G068,G091,-0.013235747,-1
G009,G012,-0.013236843,-1
G010,G083,-0.013251959,-1
G020,G076,-0.013292916,-1
G041,G037,-0.013338925,-1
G047,G018,-0.013339263,-1
G015,G020,-0.013347311,-1
G018,G076,-0.013349436,-1
G040,G010,-0.013352598,-1
G044,G016,-0.01345468,-1
G042,G010,-0.013541937,-1
G024,G088,-0.013559471,-1
G080,G097,-0.013580685,-1
G086,G024,-0.013597169,-1
G075,G052,-0.013695756,-1
G097,G082,-0.013732231,-1
G012,G068,-0.013751466,-1
G060,G096,-0.0137788495,-1
G027,G066,-0.013844376,-1
G047,G024,-0.013860622,-1
G078,G076,-0.013871067,-1
G027,G013,-0.013875405,-1
G075,G089,-0.01388466,-1
G004,G084,-0.01393449,-1
G010,G060,-0.013940927,-1
G038,G005,-0.013975371,-1
G074,G029,-0.013994512,-1
G098,G090,-0.014081865,-1
G054,G093,-0.014095467,-1
G047,G051,-0.0141042,-1
G007,G055,-0.014163557,-1
G028,G015,-0.014178456,-1
G093,G061,-0.0141915325,-1
G044,G009,-0.014193732,-1
G037,G066,-0.014194887,-1
G080,G022,-0.014209861,-1
G033,G025,-0.014237154,-1
G038,G016,-0.014253799,-1
G007,G090,-0.014301125,-1
G096,G075,-0.014306401,-1
G008,G028,-0.014409026,-1
G035,G027,-0.0144168865,-1
G042,G006,-0.014435092,-1
G076,G017,-0.014444769,-1
G088,G086,-0.014463019,-1
G041,G045,-0.014541606,-1
G002,G043,-0.014590288,-1
G022,G091,-0.014591023,-1
G061,G087,-0.014594679,-1
G068,G058,-0.014648609,-1
G018,G034,-0.014705706,-1
G037,G041,-0.014720917,-1
G059,G080,-0.0149380565,-1
G037,G075,-0.014940348,-1
G019,G064,-0.014949935,-1
G029,G077,-0.014961902,-1
G073,G014,-0.01506271,-1
G070,G053,-0.0150698675,-1
G037,G028,-0.015169536,-1
G074,G007,-0.015191236,-1
G098,G042,-0.015248328,-1
G018,G041,-0.015288257,-1
G062,G088,-0.015296242,-1
G064,G005,-0.015338052,-1
G087,G052,-0.015353265,-1
G004,G096,-0.015354404,-1
G009,G018,-0.015375033,-1
G080,G066,-0.015421678,-1
G031,G007,-0.015502269,-1
G011,G046,-0.015524524,-1
G098,G046,-0.015707772,-1
G018,G078,-0.015728872,-1
G029,G011,-0.015879404,-1
G063,G066,-0.016114008,-1
G013,G003,-0.01617352,-1
G035,G091,-0.016184637,-1
G018,G045,-0.016569028,-1
G017,G072,-0.016591659,-1
G085,G063,-0.016921248,-1
G079,G011,-0.016968753,-1
G095,G096,-0.01712658,-1
G020,G079,-0.017221458,-1
G092,G049,-0.017222017,-1
G019,G059,-0.017311292,-1
G034,G041,-0.017312614,-1
G035,G071,-0.017618772,-1
G097,G064,-0.017694224,-1
G046,G051,-0.017893508,-1
G006,G016,-0.017939156,-1
G090,G035,-0.017971942,-1
G052,G060,-0.018225089,-1
G049,G031,-0.018251417,-1
G002,G098,-0.0182779,-1
G017,G075,-0.018286936,-1
G097,G025,-0.018307189,-1
G011,G087,-0.01849161,-1
G009,G076,-0.018874945,-1
G098,G094,-0.01940412,-1
G021,G004,-0.019554466,-1
G075,G095,-0.019581813,-1
G027,G047,-0.019870996,-1
G025,G099,-0.020367626,-1
G033,G095,-0.020628726,-1
G034,G019,-0.021167884,-1
G026,G076,-0.02371185,-1
G032,G018,-0.024327667,-1
G034,G067,-0.026242325,-1
G044,G068,-0.027788455,-1
